checkInstrument =  BSE:SENSEX-INDEX
sensexExpDate =  26806
BNFut (Sensex futures auto) = BSE:SENSEX26AUGFUT
 -- not entered waiting for time--- 9 : 14
 -- not entered waiting for time--- 9 : 14
 -- not entered waiting for time--- 9 : 14
 -- not entered waiting for time--- 9 : 14
 -- not entered waiting for time--- 9 : 14
 -- not entered waiting for time--- 9 : 14
 -- not entered waiting for time--- 9 : 14
 -- not entered waiting for time--- 9 : 14
 -- not entered waiting for time--- 9 : 14
 -- not entered waiting for time--- 9 : 14
 -- not entered waiting for time--- 9 : 14
 -- not entered waiting for time--- 9 : 14
 -- not entered waiting for time--- 9 : 14
 -- not entered waiting for time--- 9 : 14
 -- not entered waiting for time--- 9 : 14
 -- not entered waiting for time--- 9 : 14
 -- not entered waiting for time--- 9 : 14
 -- not entered waiting for time--- 9 : 14
 -- not entered waiting for time--- 9 : 14
 -- not entered waiting for time--- 9 : 14
 -- not entered waiting for time--- 9 : 14
 -- not entered waiting for time--- 9 : 14
 -- not entered waiting for time--- 9 : 14
 -- not entered waiting for time--- 9 : 14
 -- not entered waiting for time--- 9 : 14
 -- not entered waiting for time--- 9 : 14
 -- not entered waiting for time--- 9 : 14
 -- not entered waiting for time--- 9 : 14
 -- not entered waiting for time--- 9 : 14
 -- not entered waiting for time--- 9 : 14
 -- not entered waiting for time--- 9 : 14
 -- not entered waiting for time--- 9 : 14
 -- not entered waiting for time--- 9 : 14
 -- not entered waiting for time--- 9 : 14
 -- not entered waiting for time--- 9 : 14
 -- not entered waiting for time--- 9 : 15
 -- not entered waiting for time--- 9 : 15
 -- not entered waiting for time--- 9 : 15
 -- not entered waiting for time--- 9 : 15
 -- not entered waiting for time--- 9 : 15
 -- not entered waiting for time--- 9 : 15
 -- not entered waiting for time--- 9 : 15
 -- not entered waiting for time--- 9 : 15
 -- not entered waiting for time--- 9 : 15
 -- not entered waiting for time--- 9 : 15
 -- not entered waiting for time--- 9 : 15
 -- not entered waiting for time--- 9 : 15
 -- not entered waiting for time--- 9 : 15
 -- not entered waiting for time--- 9 : 15
 -- not entered waiting for time--- 9 : 15
 -- not entered waiting for time--- 9 : 15
 -- not entered waiting for time--- 9 : 15
 -- not entered waiting for time--- 9 : 15
 -- not entered waiting for time--- 9 : 15
 -- not entered waiting for time--- 9 : 15
 -- not entered waiting for time--- 9 : 15
 -- not entered waiting for time--- 9 : 15
 -- not entered waiting for time--- 9 : 15
 -- not entered waiting for time--- 9 : 15
 -- not entered waiting for time--- 9 : 15
 -- not entered waiting for time--- 9 : 15
 -- not entered waiting for time--- 9 : 15
 -- not entered waiting for time--- 9 : 15
 -- not entered waiting for time--- 9 : 15
 -- not entered waiting for time--- 9 : 15
 -- not entered waiting for time--- 9 : 15
 -- not entered waiting for time--- 9 : 15
 -- not entered waiting for time--- 9 : 15
 -- not entered waiting for time--- 9 : 15
 -- not entered waiting for time--- 9 : 15
 -- not entered waiting for time--- 9 : 15
 -- not entered waiting for time--- 9 : 15
 -- not entered waiting for time--- 9 : 15
 -- not entered waiting for time--- 9 : 15
 -- not entered waiting for time--- 9 : 15
 -- not entered waiting for time--- 9 : 15
 -- not entered waiting for time--- 9 : 15
 -- not entered waiting for time--- 9 : 15
 -- not entered waiting for time--- 9 : 15
 -- not entered waiting for time--- 9 : 15
 -- not entered waiting for time--- 9 : 15
 -- not entered waiting for time--- 9 : 15
 -- not entered waiting for time--- 9 : 15
 -- not entered waiting for time--- 9 : 15
 -- not entered waiting for time--- 9 : 15
 -- not entered waiting for time--- 9 : 15
 -- not entered waiting for time--- 9 : 15
 -- not entered waiting for time--- 9 : 15
 -- not entered waiting for time--- 9 : 15
 -- not entered waiting for time--- 9 : 15
 -- not entered waiting for time--- 9 : 15
 -- not entered waiting for time--- 9 : 15
 -- not entered waiting for time--- 9 : 15
 -- not entered waiting for time--- 9 : 15
 -- not entered waiting for time--- 9 : 15
 -- not entered waiting for time--- 9 : 16
 -- not entered waiting for time--- 9 : 16
 -- not entered waiting for time--- 9 : 16
 -- not entered waiting for time--- 9 : 16
 -- not entered waiting for time--- 9 : 16
 -- not entered waiting for time--- 9 : 16
 -- not entered waiting for time--- 9 : 16
 -- not entered waiting for time--- 9 : 16
 -- not entered waiting for time--- 9 : 16
 -- not entered waiting for time--- 9 : 16
 -- not entered waiting for time--- 9 : 16
 -- not entered waiting for time--- 9 : 16
 -- not entered waiting for time--- 9 : 16
 -- not entered waiting for time--- 9 : 16
 -- not entered waiting for time--- 9 : 16
 -- not entered waiting for time--- 9 : 16
 -- not entered waiting for time--- 9 : 16
 -- not entered waiting for time--- 9 : 16
 -- not entered waiting for time--- 9 : 16
 -- not entered waiting for time--- 9 : 16
 -- not entered waiting for time--- 9 : 16
 -- not entered waiting for time--- 9 : 16
 -- not entered waiting for time--- 9 : 16
 -- not entered waiting for time--- 9 : 16
 -- not entered waiting for time--- 9 : 16
 -- not entered waiting for time--- 9 : 16
 -- not entered waiting for time--- 9 : 16
 -- not entered waiting for time--- 9 : 16
 -- not entered waiting for time--- 9 : 16
 -- not entered waiting for time--- 9 : 16
 -- not entered waiting for time--- 9 : 16
 -- not entered waiting for time--- 9 : 16
 -- not entered waiting for time--- 9 : 16
 -- not entered waiting for time--- 9 : 16
 -- not entered waiting for time--- 9 : 16
 -- not entered waiting for time--- 9 : 16
 -- not entered waiting for time--- 9 : 16
 -- not entered waiting for time--- 9 : 16
 -- not entered waiting for time--- 9 : 16
 -- not entered waiting for time--- 9 : 16
 -- not entered waiting for time--- 9 : 16
 -- not entered waiting for time--- 9 : 16
 -- not entered waiting for time--- 9 : 16
 -- not entered waiting for time--- 9 : 16
 -- not entered waiting for time--- 9 : 16
 -- not entered waiting for time--- 9 : 16
 -- not entered waiting for time--- 9 : 16
 -- not entered waiting for time--- 9 : 16
 -- not entered waiting for time--- 9 : 16
 -- not entered waiting for time--- 9 : 16
 -- not entered waiting for time--- 9 : 16
 -- not entered waiting for time--- 9 : 16
 -- not entered waiting for time--- 9 : 16
 -- not entered waiting for time--- 9 : 16
 -- not entered waiting for time--- 9 : 16
 -- not entered waiting for time--- 9 : 16
 -- not entered waiting for time--- 9 : 16
 -- not entered waiting for time--- 9 : 16
 -- not entered waiting for time--- 9 : 16
 -- not entered waiting for time--- 9 : 16
Waiting for first candle to form. Current Second ==  0    2
Waiting for first candle to form. Current Second ==  1    2
Waiting for first candle to form. Current Second ==  2    2
Waiting for first candle to form. Current Second ==  3    2
Waiting for first candle to form. Current Second ==  4    2
Waiting for first candle to form. Current Second ==  5    2
Waiting for first candle to form. Current Second ==  6    2
Waiting for first candle to form. Current Second ==  7    2
Waiting for first candle to form. Current Second ==  8    2
Waiting for first candle to form. Current Second ==  9    2
Waiting for first candle to form. Current Second ==  10    2
Waiting for first candle to form. Current Second ==  11    2
Waiting for first candle to form. Current Second ==  12    2
Waiting for first candle to form. Current Second ==  13    2
Waiting for first candle to form. Current Second ==  14    2
Waiting for first candle to form. Current Second ==  15    2
Waiting for first candle to form. Current Second ==  16    2
Waiting for first candle to form. Current Second ==  17    2
Waiting for first candle to form. Current Second ==  18    2
Waiting for first candle to form. Current Second ==  19    2
Waiting for first candle to form. Current Second ==  20    2
Waiting for first candle to form. Current Second ==  21    2
Waiting for first candle to form. Current Second ==  22    2
Waiting for first candle to form. Current Second ==  23    2
Waiting for first candle to form. Current Second ==  24    2
Waiting for first candle to form. Current Second ==  25    2
Waiting for first candle to form. Current Second ==  26    2
Waiting for first candle to form. Current Second ==  27    2
Waiting for first candle to form. Current Second ==  28    2
Waiting for first candle to form. Current Second ==  29    2
Waiting for first candle to form. Current Second ==  30    2
Waiting for first candle to form. Current Second ==  31    2
Waiting for first candle to form. Current Second ==  32    2
Waiting for first candle to form. Current Second ==  33    2
Waiting for first candle to form. Current Second ==  34    2
Waiting for first candle to form. Current Second ==  35    2
Waiting for first candle to form. Current Second ==  36    2
Waiting for first candle to form. Current Second ==  37    2
Waiting for first candle to form. Current Second ==  38    2
Waiting for first candle to form. Current Second ==  39    2
Waiting for first candle to form. Current Second ==  40    2
Waiting for first candle to form. Current Second ==  41    2
Waiting for first candle to form. Current Second ==  42    2
Waiting for first candle to form. Current Second ==  43    2
Waiting for first candle to form. Current Second ==  44    2
Waiting for first candle to form. Current Second ==  45    2
Waiting for first candle to form. Current Second ==  46    2
Waiting for first candle to form. Current Second ==  47    2
Waiting for first candle to form. Current Second ==  48    2
Waiting for first candle to form. Current Second ==  49    2
Waiting for first candle to form. Current Second ==  50    2
Waiting for first candle to form. Current Second ==  51    2
Waiting for first candle to form. Current Second ==  52    2
Waiting for first candle to form. Current Second ==  53    2
Waiting for first candle to form. Current Second ==  54    2
Waiting for first candle to form. Current Second ==  55    2
Waiting for first candle to form. Current Second ==  56    2
Waiting for first candle to form. Current Second ==  57    2
Waiting for first candle to form. Current Second ==  58    2
Waiting for first candle to form. Current Second ==  59    2
India VIX = 11.87  Spot Price = 78625.28
VIX_PERCENTILES_FETCHED: P25= 12.33  P50= 12.9  P75= 13.31  Min= 11.76  Max= 14.54
IV Regime = LOW (ADAPTIVE: P25= 12.33  P50= 12.9  P75= 13.31 ) | DailyRange = 1333.3 | 3minCandleRange = 70.2 (theoretical= 116.9 ) | ATMoptionMove = 31.6 | SL = 111 | Target = 111 | TrailTrigger = 32 | Spread = 300 | Buffer = 28
IV Params refreshed: {'vix': 11.87, 'bn_price': 78625.28, 'regime': 'LOW', 'regime_thresholds': 'P25=12.33 P50=12.9 P75=13.31', 'daily_range': 1333.3, 'candle_range': 70.2, 'atm_option_move': 31.6, 'sl_point': 111, 'target_point': 111, 'sl_pct_of_premium': 0.1, 'trail_trigger': 32, 'spread_width': 300, 'support_resistance_buffer': 28}
IV_RANK_DATA: VIX_30d_High= 14.54  VIX_30d_Low= 11.76  Current= 11.81  IV_Rank= 0.02
BSE:SENSEX-INDEX  strikecount= 8   fyers <fyers_apiv3.fyersModel.FyersModel object at 0x74252d4f1d30>
===
====after 3 min ochain==== 2026-08-03 09:18:00.975493
/home/ubuntu/trading-bot/Strategy_Sensex_May_2026.py:997: RuntimeWarning: divide by zero encountered in scalar divide
  option_type[index1] == 'PE' else round(oich[index2] / oich[index1], 2)
                                    oipcr   choipcr   totalOI
pcr1 =  BSE:SENSEX2680679400CE   0.04   0.57 CALL added 2740   PUT added 1560  OI= 89980
pcr2 =  BSE:SENSEX2680679300CE   0.05   -0.74 CALL unwind -1700   PUT added 1260  OI= 96360
pcr3 =  BSE:SENSEX2680679200CE   0.05   0.67 CALL added 2140   PUT added 1440  OI= 129120
pcr4 =  BSE:SENSEX2680679100CE   0.05   0.17 CALL added 12280   PUT added 2040  OI= 98080
pcr5 =  BSE:SENSEX2680679000CE   0.06   0.0 CALL added 60120   PUT unwind 0  OI= 634860
pcr6 =  BSE:SENSEX2680678900CE   0.37    0.72 CALL added 34380   PUT added 24920  OI= 105760
pcr7 =  BSE:SENSEX2680678800CE   0.24   0.66 CALL added 38660   PUT added 25680  OI= 174880
pcr8 =  BSE:SENSEX2680678700PE   0.46   1.41 CALL added 38420   PUT added 54260  OI= 72980
pcr9 =  BSE:SENSEX2680678600PE   0.06   0.0 CALL added 32860   PUT unwind 0  OI= 18280
pcr10 =  BSE:SENSEX2680678500CE   0.46   7.37 CALL added 15940   PUT added 117460  OI= 514160
pcr11 =  BSE:SENSEX2680678400CE   0.46   -1.01 CALL unwind -25440   PUT added 25780  OI= 190140
pcr12 =  BSE:SENSEX2680678300PE   0.47   inf CALL unwind 0   PUT added 33960  OI= 159780
pcr13 =  BSE:SENSEX2680678200CE   1.03   0.57 CALL unwind -50760   PUT unwind -28840  OI= 271500
pcr14 =  BSE:SENSEX2680678100CE   0.94   -0.32 CALL unwind -43660   PUT added 13900  OI= 291520
pcr15 =  BSE:SENSEX2680678000CE   1.54   -0.23 CALL unwind -122200   PUT added 27680  OI= 508100
pcr16 =  BSE:SENSEX2680677900CE   2.7   -0.9 CALL unwind -17340   PUT added 15540  OI= 144300
pcr17 =  BSE:SENSEX2680677800PE   2.71   2.75 CALL unwind -1980   PUT unwind -5440  OI= 304340
pcrSummation= 1.8  result =  ['BSE:SENSEX2680679300CE', 'BSE:SENSEX2680679200CE', 'BSE:SENSEX2680679100CE', 'BSE:SENSEX2680679000CE', 'BSE:SENSEX2680678900CE', 'BSE:SENSEX2680678800CE', 'BSE:SENSEX2680678700PE', 'BSE:SENSEX2680678600PE', 'BSE:SENSEX2680678500CE']
PCRSUM== 11.69
pcrSummation== 1.8
VOLPCRSUM== 2.35
spotLTP =  78630.05  ATM_STRIKE =  78600
IS_ATM_STRIKE_SHIFT = False  mapStrike = {78600: 78600}
avgOiPcrList2 = [np.float64(0.69)] atmStrikeNotShiftedCount= 1
False   1   1
SUPP_RES=== 79000  Buffer= 28
CEoich val =  60120.0  PEoich val =  0.0 , CE > PE by 100.0%
SUPP_RES TOTAL OI: CE= 634860  PE= 40020 , CE > PE by 93.7%
IS_MORNING_WINDOW= True  (active 9:15-9:48 IST)
CHOI_UNWIND: PE side unwinding at SUPP_RES (PEchoi=0.0) - CHOI-based logic skipped this cycle
================================================
==== signal check time ==== 2026-08-03 09:18:03.024673
IS_CHOI_DIFF_GT_25PERC== False
MAIN_LOOP_DATA_FETCH_FAILED: 6 columns passed, passed data had 7 columns — skipping this candle, will retry next cycle
India VIX = 11.85  Spot Price = 78568.87
IV Regime = LOW (ADAPTIVE: P25= 12.33  P50= 12.9  P75= 13.31 ) | DailyRange = 1330.1 | 3minCandleRange = 70.0 (theoretical= 116.7 ) | ATMoptionMove = 31.5 | SL = 110 | Target = 110 | TrailTrigger = 31 | Spread = 300 | Buffer = 28
IV Params refreshed: {'vix': 11.85, 'bn_price': 78568.87, 'regime': 'LOW', 'regime_thresholds': 'P25=12.33 P50=12.9 P75=13.31', 'daily_range': 1330.1, 'candle_range': 70.0, 'atm_option_move': 31.5, 'sl_point': 110, 'target_point': 110, 'sl_pct_of_premium': 0.1, 'trail_trigger': 31, 'spread_width': 300, 'support_resistance_buffer': 28}
BSE:SENSEX-INDEX  strikecount= 8   fyers <fyers_apiv3.fyersModel.FyersModel object at 0x74252d4f1d30>
===
====after 3 min ochain==== 2026-08-03 09:21:00.000586
                                    oipcr   choipcr   totalOI
pcr1 =  BSE:SENSEX2680679400CE   0.05   0.26 CALL added 11760   PUT added 3080  OI= 99000
pcr2 =  BSE:SENSEX2680679300CE   0.05   0.14 CALL added 18060   PUT added 2580  OI= 116120
pcr3 =  BSE:SENSEX2680679200CE   0.06   0.16 CALL added 26460   PUT added 4320  OI= 153440
pcr4 =  BSE:SENSEX2680679100CE   0.08   0.19 CALL added 36660   PUT added 6960  OI= 122460
pcr5 =  BSE:SENSEX2680679000CE   0.21   0.6 CALL added 204480   PUT added 122400  OI= 779220
pcr6 =  BSE:SENSEX2680678900CE   0.31    0.37 CALL added 118880   PUT added 44340  OI= 190260
pcr7 =  BSE:SENSEX2680678800CE   0.32   0.56 CALL added 109000   PUT added 60960  OI= 245220
pcr8 =  BSE:SENSEX2680678700PE   0.58   0.92 CALL added 154380   PUT added 141340  OI= 160060
pcr9 =  BSE:SENSEX2680678600PE   0.7   3.12 CALL added 70400   PUT added 219680  OI= 237960
pcr10 =  BSE:SENSEX2680678500CE   0.53   5.52 CALL added 28960   PUT added 159940  OI= 527180
pcr11 =  BSE:SENSEX2680678400CE   0.84   -1.07 CALL unwind -62560   PUT added 67020  OI= 153020
pcr12 =  BSE:SENSEX2680678300PE   0.78   -0.61 CALL unwind -100020   PUT added 60760  OI= 186580
pcr13 =  BSE:SENSEX2680678200CE   1.67   -0.38 CALL unwind -112200   PUT added 42120  OI= 210060
pcr14 =  BSE:SENSEX2680678100CE   1.2   -0.35 CALL unwind -91660   PUT added 31680  OI= 243520
pcr15 =  BSE:SENSEX2680678000CE   1.8   -0.61 CALL unwind -158980   PUT added 97460  OI= 471320
pcr16 =  BSE:SENSEX2680677900CE   2.85   -0.32 CALL unwind -27580   PUT added 8700  OI= 134060
pcr17 =  BSE:SENSEX2680677800PE   2.51   7.62 CALL unwind -4540   PUT unwind -34580  OI= 275200
pcrSummation= 2.84  result =  ['BSE:SENSEX2680679300CE', 'BSE:SENSEX2680679200CE', 'BSE:SENSEX2680679100CE', 'BSE:SENSEX2680679000CE', 'BSE:SENSEX2680678900CE', 'BSE:SENSEX2680678800CE', 'BSE:SENSEX2680678700PE', 'BSE:SENSEX2680678600PE', 'BSE:SENSEX2680678500CE']
PCRSUM== 14.54
pcrSummation== 2.84
VOLPCRSUM== 2.5700000000000003
spotLTP =  78567.85  ATM_STRIKE =  78600
IS_ATM_STRIKE_SHIFT = False  mapStrike = {78600: 78600}
avgOiPcrList2 = [np.float64(0.69), np.float64(0.86)] atmStrikeNotShiftedCount= 2
False   2   2
SUPP_RES=== 79000  Buffer= 28
CEoich val =  204480.0  PEoich val =  122400.0 , CE > PE by 40.1%
SUPP_RES TOTAL OI: CE= 779220  PE= 162420 , CE > PE by 79.2%
IS_MORNING_WINDOW= True  (active 9:15-9:48 IST)
================================================
==== signal check time ==== 2026-08-03 09:21:01.367506
IS_CHOI_DIFF_GT_25PERC== True
MAIN_LOOP_DATA_FETCH_FAILED: 6 columns passed, passed data had 7 columns — skipping this candle, will retry next cycle
India VIX = 11.84  Spot Price = 78541.77
IV Regime = LOW (ADAPTIVE: P25= 12.33  P50= 12.9  P75= 13.31 ) | DailyRange = 1328.5 | 3minCandleRange = 69.9 (theoretical= 116.5 ) | ATMoptionMove = 31.5 | SL = 110 | Target = 110 | TrailTrigger = 31 | Spread = 300 | Buffer = 28
IV Params refreshed: {'vix': 11.84, 'bn_price': 78541.77, 'regime': 'LOW', 'regime_thresholds': 'P25=12.33 P50=12.9 P75=13.31', 'daily_range': 1328.5, 'candle_range': 69.9, 'atm_option_move': 31.5, 'sl_point': 110, 'target_point': 110, 'sl_pct_of_premium': 0.1, 'trail_trigger': 31, 'spread_width': 300, 'support_resistance_buffer': 28}
BSE:SENSEX-INDEX  strikecount= 8   fyers <fyers_apiv3.fyersModel.FyersModel object at 0x74252d4f1d30>
===
====after 3 min ochain==== 2026-08-03 09:24:00.000004
                                    oipcr   choipcr   totalOI
pcr1 =  BSE:SENSEX2680679300CE   0.05   0.13 CALL added 24340   PUT added 3180  OI= 122400
pcr2 =  BSE:SENSEX2680679200CE   0.05   0.06 CALL added 75980   PUT added 4680  OI= 202960
pcr3 =  BSE:SENSEX2680679100CE   0.08   0.14 CALL added 53400   PUT added 7680  OI= 139200
pcr4 =  BSE:SENSEX2680679000CE   0.18   0.41 CALL added 293240   PUT added 119220  OI= 867980
pcr5 =  BSE:SENSEX2680678900CE   0.33   0.39 CALL added 150320   PUT added 58600  OI= 221700
pcr6 =  BSE:SENSEX2680678800CE   0.38    0.6 CALL added 160320   PUT added 96580  OI= 296540
pcr7 =  BSE:SENSEX2680678700PE   0.64   0.9 CALL added 222560   PUT added 200140  OI= 218860
pcr8 =  BSE:SENSEX2680678600PE   0.75   2.28 CALL added 118700   PUT added 270480  OI= 288760
pcr9 =  BSE:SENSEX2680678500CE   0.55   2.24 CALL added 91440   PUT added 204940  OI= 589660
pcr10 =  BSE:SENSEX2680678400CE   1.08   -1.62 CALL unwind -63200   PUT added 102340  OI= 152380
pcr11 =  BSE:SENSEX2680678300PE   1.06   -0.5 CALL unwind -150460   PUT added 75120  OI= 200940
pcr12 =  BSE:SENSEX2680678200CE   2.04   -0.67 CALL unwind -128440   PUT added 86200  OI= 193820
pcr13 =  BSE:SENSEX2680678100CE   1.59   -0.2 CALL unwind -151560   PUT added 30840  OI= 183620
pcr14 =  BSE:SENSEX2680678000CE   1.87   -0.87 CALL unwind -154540   PUT added 134700  OI= 475760
pcr15 =  BSE:SENSEX2680677900CE   2.71   0.62 CALL unwind -30820   PUT unwind -19160  OI= 130820
pcr16 =  BSE:SENSEX2680677800PE   2.68   3.29 CALL unwind -6080   PUT unwind -20020  OI= 289760
pcr17 =  BSE:SENSEX2680677700PE   3.48   5.21 CALL unwind -3080   PUT unwind -16060  OI= 283880
pcrSummation= 4.04  result =  ['BSE:SENSEX2680679200CE', 'BSE:SENSEX2680679100CE', 'BSE:SENSEX2680679000CE', 'BSE:SENSEX2680678900CE', 'BSE:SENSEX2680678800CE', 'BSE:SENSEX2680678700PE', 'BSE:SENSEX2680678600PE', 'BSE:SENSEX2680678500CE', 'BSE:SENSEX2680678400CE']
PCRSUM== 19.52
pcrSummation== 4.04
VOLPCRSUM== 3.59
spotLTP =  78542.73  ATM_STRIKE =  78500
IS_ATM_STRIKE_SHIFT = True  mapStrike = {78500: 78500}
avgOiPcrList2 = [np.float64(1.15)] atmStrikeNotShiftedCount= 1
True   1   1
SUPP_RES=== 79000  Buffer= 28
CEoich val =  293240.0  PEoich val =  119220.0 , CE > PE by 59.3%
SUPP_RES TOTAL OI: CE= 867980  PE= 159240 , CE > PE by 81.7%
IS_MORNING_WINDOW= True  (active 9:15-9:48 IST)
================================================
==== signal check time ==== 2026-08-03 09:24:01.361157
IS_CHOI_DIFF_GT_25PERC== True
MAIN_LOOP_DATA_FETCH_FAILED: 6 columns passed, passed data had 7 columns — skipping this candle, will retry next cycle
India VIX = 11.9  Spot Price = 78578.81
IV Regime = LOW (ADAPTIVE: P25= 12.33  P50= 12.9  P75= 13.31 ) | DailyRange = 1335.8 | 3minCandleRange = 70.3 (theoretical= 117.2 ) | ATMoptionMove = 31.6 | SL = 111 | Target = 111 | TrailTrigger = 32 | Spread = 300 | Buffer = 28
IV Params refreshed: {'vix': 11.9, 'bn_price': 78578.81, 'regime': 'LOW', 'regime_thresholds': 'P25=12.33 P50=12.9 P75=13.31', 'daily_range': 1335.8, 'candle_range': 70.3, 'atm_option_move': 31.6, 'sl_point': 111, 'target_point': 111, 'sl_pct_of_premium': 0.1, 'trail_trigger': 32, 'spread_width': 300, 'support_resistance_buffer': 28}
BSE:SENSEX-INDEX  strikecount= 8   fyers <fyers_apiv3.fyersModel.FyersModel object at 0x74252d4f1d30>
===
====after 3 min ochain==== 2026-08-03 09:27:00.000004
                                    oipcr   choipcr   totalOI
pcr1 =  BSE:SENSEX2680679400CE   0.05   0.1 CALL added 34500   PUT added 3420  OI= 121740
pcr2 =  BSE:SENSEX2680679300CE   0.05   0.13 CALL added 29000   PUT added 3640  OI= 127060
pcr3 =  BSE:SENSEX2680679200CE   0.06   0.08 CALL added 86180   PUT added 7300  OI= 213160
pcr4 =  BSE:SENSEX2680679100CE   0.07   0.12 CALL added 71480   PUT added 8260  OI= 157280
pcr5 =  BSE:SENSEX2680679000CE   0.18   0.39 CALL added 312340   PUT added 121280  OI= 887080
pcr6 =  BSE:SENSEX2680678900CE   0.3    0.34 CALL added 174040   PUT added 59480  OI= 245420
pcr7 =  BSE:SENSEX2680678800CE   0.37   0.54 CALL added 203680   PUT added 109260  OI= 339900
pcr8 =  BSE:SENSEX2680678700PE   0.59   0.79 CALL added 271000   PUT added 213600  OI= 232320
pcr9 =  BSE:SENSEX2680678600PE   0.72   1.57 CALL added 207080   PUT added 324840  OI= 343120
pcr10 =  BSE:SENSEX2680678500CE   0.6   1.67 CALL added 167760   PUT added 280520  OI= 665980
pcr11 =  BSE:SENSEX2680678400CE   1.18   -2.67 CALL unwind -50120   PUT added 133620  OI= 165460
pcr12 =  BSE:SENSEX2680678300PE   1.32   -0.59 CALL unwind -168600   PUT added 99160  OI= 224980
pcr13 =  BSE:SENSEX2680678200CE   2.07   -0.61 CALL unwind -133640   PUT added 81780  OI= 188620
pcr14 =  BSE:SENSEX2680678100CE   1.91   -0.2 CALL unwind -180380   PUT added 35420  OI= 154800
pcr15 =  BSE:SENSEX2680678000CE   1.91   -0.98 CALL unwind -155980   PUT added 153000  OI= 474320
pcr16 =  BSE:SENSEX2680677900CE   2.84   0.4 CALL unwind -34940   PUT unwind -13880  OI= 126700
pcr17 =  BSE:SENSEX2680677800PE   2.81   1.49 CALL unwind -8500   PUT unwind -12640  OI= 297140
pcrSummation= 2.94  result =  ['BSE:SENSEX2680679300CE', 'BSE:SENSEX2680679200CE', 'BSE:SENSEX2680679100CE', 'BSE:SENSEX2680679000CE', 'BSE:SENSEX2680678900CE', 'BSE:SENSEX2680678800CE', 'BSE:SENSEX2680678700PE', 'BSE:SENSEX2680678600PE', 'BSE:SENSEX2680678500CE']
PCRSUM== 17.03
pcrSummation== 2.94
VOLPCRSUM== 2.8
spotLTP =  78582.25  ATM_STRIKE =  78600
IS_ATM_STRIKE_SHIFT = True  mapStrike = {78600: 78600}
avgOiPcrList2 = [np.float64(1.0)] atmStrikeNotShiftedCount= 1
True   1   1
SUPP_RES=== 79000  Buffer= 28
CEoich val =  312340.0  PEoich val =  121280.0 , CE > PE by 61.2%
SUPP_RES TOTAL OI: CE= 887080  PE= 161300 , CE > PE by 81.8%
IS_MORNING_WINDOW= True  (active 9:15-9:48 IST)
================================================
==== signal check time ==== 2026-08-03 09:27:01.363671
IS_CHOI_DIFF_GT_25PERC== True
MAIN_LOOP_DATA_FETCH_FAILED: 6 columns passed, passed data had 7 columns — skipping this candle, will retry next cycle
India VIX = 11.83  Spot Price = 78638.48
IV Regime = LOW (ADAPTIVE: P25= 12.33  P50= 12.9  P75= 13.31 ) | DailyRange = 1329.0 | 3minCandleRange = 69.9 (theoretical= 116.6 ) | ATMoptionMove = 31.5 | SL = 110 | Target = 110 | TrailTrigger = 31 | Spread = 300 | Buffer = 28
IV Params refreshed: {'vix': 11.83, 'bn_price': 78638.48, 'regime': 'LOW', 'regime_thresholds': 'P25=12.33 P50=12.9 P75=13.31', 'daily_range': 1329.0, 'candle_range': 69.9, 'atm_option_move': 31.5, 'sl_point': 110, 'target_point': 110, 'sl_pct_of_premium': 0.1, 'trail_trigger': 31, 'spread_width': 300, 'support_resistance_buffer': 28}
BSE:SENSEX-INDEX  strikecount= 8   fyers <fyers_apiv3.fyersModel.FyersModel object at 0x74252d4f1d30>
===
====after 3 min ochain==== 2026-08-03 09:30:00.000002
                                    oipcr   choipcr   totalOI
pcr1 =  BSE:SENSEX2680679400CE   0.08   0.16 CALL added 60220   PUT added 9620  OI= 147460
pcr2 =  BSE:SENSEX2680679300CE   0.05   0.09 CALL added 46140   PUT added 4200  OI= 144200
pcr3 =  BSE:SENSEX2680679200CE   0.06   0.09 CALL added 83880   PUT added 7480  OI= 210860
pcr4 =  BSE:SENSEX2680679100CE   0.08   0.12 CALL added 89560   PUT added 10500  OI= 175360
pcr5 =  BSE:SENSEX2680679000CE   0.19   0.39 CALL added 339800   PUT added 133840  OI= 914540
pcr6 =  BSE:SENSEX2680678900CE   0.28    0.31 CALL added 188860   PUT added 59200  OI= 260240
pcr7 =  BSE:SENSEX2680678800CE   0.34   0.46 CALL added 251160   PUT added 116260  OI= 387380
pcr8 =  BSE:SENSEX2680678700PE   0.53   0.67 CALL added 326340   PUT added 217140  OI= 235860
pcr9 =  BSE:SENSEX2680678600PE   0.7   1.27 CALL added 298940   PUT added 380620  OI= 398900
pcr10 =  BSE:SENSEX2680678500CE   0.66   1.67 CALL added 205360   PUT added 342760  OI= 703580
pcr11 =  BSE:SENSEX2680678400CE   1.34   -3.44 CALL unwind -47500   PUT added 163520  OI= 168080
pcr12 =  BSE:SENSEX2680678300PE   1.39   -0.57 CALL unwind -176780   PUT added 101200  OI= 227020
pcr13 =  BSE:SENSEX2680678200CE   2.32   -0.76 CALL unwind -141820   PUT added 108440  OI= 180440
pcr14 =  BSE:SENSEX2680678100CE   2.05   -0.21 CALL unwind -189000   PUT added 39800  OI= 146180
pcr15 =  BSE:SENSEX2680678000CE   1.95   -1.01 CALL unwind -160420   PUT added 162460  OI= 469880
pcr16 =  BSE:SENSEX2680677900CE   2.96   0.31 CALL unwind -39660   PUT unwind -12360  OI= 121980
pcr17 =  BSE:SENSEX2680677800PE   2.85   1.12 CALL unwind -9180   PUT unwind -10280  OI= 299500
pcrSummation= 2.89  result =  ['BSE:SENSEX2680679300CE', 'BSE:SENSEX2680679200CE', 'BSE:SENSEX2680679100CE', 'BSE:SENSEX2680679000CE', 'BSE:SENSEX2680678900CE', 'BSE:SENSEX2680678800CE', 'BSE:SENSEX2680678700PE', 'BSE:SENSEX2680678600PE', 'BSE:SENSEX2680678500CE']
PCRSUM== 17.83
pcrSummation== 2.89
VOLPCRSUM== 2.7300000000000004
spotLTP =  78637.91  ATM_STRIKE =  78600
IS_ATM_STRIKE_SHIFT = False  mapStrike = {78600: 78600}
avgOiPcrList2 = [np.float64(1.0), np.float64(1.05)] atmStrikeNotShiftedCount= 2
False   2   2
SUPP_RES=== 79000  Buffer= 28
CEoich val =  339800.0  PEoich val =  133840.0 , CE > PE by 60.6%
SUPP_RES TOTAL OI: CE= 914540  PE= 173860 , CE > PE by 81.0%
IS_MORNING_WINDOW= True  (active 9:15-9:48 IST)
================================================
==== signal check time ==== 2026-08-03 09:30:01.484485
IS_CHOI_DIFF_GT_25PERC== True
MAIN_LOOP_DATA_FETCH_FAILED: 6 columns passed, passed data had 7 columns — skipping this candle, will retry next cycle
India VIX = 11.73  Spot Price = 78617.81
IV Regime = LOW (ADAPTIVE: P25= 12.33  P50= 12.9  P75= 13.31 ) | DailyRange = 1317.4 | 3minCandleRange = 69.3 (theoretical= 115.5 ) | ATMoptionMove = 31.2 | SL = 109 | Target = 109 | TrailTrigger = 31 | Spread = 300 | Buffer = 28
IV Params refreshed: {'vix': 11.73, 'bn_price': 78617.81, 'regime': 'LOW', 'regime_thresholds': 'P25=12.33 P50=12.9 P75=13.31', 'daily_range': 1317.4, 'candle_range': 69.3, 'atm_option_move': 31.2, 'sl_point': 109, 'target_point': 109, 'sl_pct_of_premium': 0.1, 'trail_trigger': 31, 'spread_width': 300, 'support_resistance_buffer': 28}
BSE:SENSEX-INDEX  strikecount= 8   fyers <fyers_apiv3.fyersModel.FyersModel object at 0x74252d4f1d30>
===
====after 3 min ochain==== 2026-08-03 09:33:00.000001
                                    oipcr   choipcr   totalOI
pcr1 =  BSE:SENSEX2680679400CE   0.08   0.14 CALL added 70540   PUT added 9880  OI= 157780
pcr2 =  BSE:SENSEX2680679300CE   0.06   0.12 CALL added 46560   PUT added 5560  OI= 144620
pcr3 =  BSE:SENSEX2680679200CE   0.06   0.08 CALL added 105620   PUT added 8960  OI= 232600
pcr4 =  BSE:SENSEX2680679100CE   0.08   0.11 CALL added 104000   PUT added 11360  OI= 189800
pcr5 =  BSE:SENSEX2680679000CE   0.21   0.44 CALL added 341020   PUT added 150740  OI= 915760
pcr6 =  BSE:SENSEX2680678900CE   0.31    0.36 CALL added 185660   PUT added 66960  OI= 257040
pcr7 =  BSE:SENSEX2680678800CE   0.38   0.51 CALL added 261120   PUT added 133840  OI= 397340
pcr8 =  BSE:SENSEX2680678700PE   0.53   0.65 CALL added 366000   PUT added 238760  OI= 257480
pcr9 =  BSE:SENSEX2680678600PE   0.76   1.32 CALL added 326080   PUT added 430920  OI= 449200
pcr10 =  BSE:SENSEX2680678500CE   0.73   2.06 CALL added 179800   PUT added 370320  OI= 678020
pcr11 =  BSE:SENSEX2680678400CE   1.51   -3.12 CALL unwind -56980   PUT added 177800  OI= 158600
pcr12 =  BSE:SENSEX2680678300PE   1.48   -0.63 CALL unwind -178380   PUT added 113160  OI= 238980
pcr13 =  BSE:SENSEX2680678200CE   2.39   -0.75 CALL unwind -146980   PUT added 109880  OI= 175280
pcr14 =  BSE:SENSEX2680678100CE   2.1   -0.18 CALL unwind -194820   PUT added 34540  OI= 140360
pcr15 =  BSE:SENSEX2680678000CE   1.99   -1.05 CALL unwind -164600   PUT added 173620  OI= 465700
pcr16 =  BSE:SENSEX2680677900CE   3.18   0.06 CALL unwind -44900   PUT unwind -2840  OI= 116740
pcr17 =  BSE:SENSEX2680677800PE   2.91   0.54 CALL unwind -9780   PUT unwind -5240  OI= 304540
pcrSummation= 3.12  result =  ['BSE:SENSEX2680679300CE', 'BSE:SENSEX2680679200CE', 'BSE:SENSEX2680679100CE', 'BSE:SENSEX2680679000CE', 'BSE:SENSEX2680678900CE', 'BSE:SENSEX2680678800CE', 'BSE:SENSEX2680678700PE', 'BSE:SENSEX2680678600PE', 'BSE:SENSEX2680678500CE']
PCRSUM== 18.76
pcrSummation== 3.12
VOLPCRSUM== 2.69
spotLTP =  78617.81  ATM_STRIKE =  78600
IS_ATM_STRIKE_SHIFT = False  mapStrike = {78600: 78600}
avgOiPcrList2 = [np.float64(1.0), np.float64(1.05), np.float64(1.1)] atmStrikeNotShiftedCount= 3
False   3   3
SUPP_RES=== 79000  Buffer= 28
CEoich val =  341020.0  PEoich val =  150740.0 , CE > PE by 55.8%
SUPP_RES TOTAL OI: CE= 915760  PE= 190760 , CE > PE by 79.2%
IS_MORNING_WINDOW= True  (active 9:15-9:48 IST)
================================================
==== signal check time ==== 2026-08-03 09:33:01.421972
IS_CHOI_DIFF_GT_25PERC== True
MAIN_LOOP_DATA_FETCH_FAILED: 6 columns passed, passed data had 7 columns — skipping this candle, will retry next cycle
India VIX = 11.73  Spot Price = 78624.81
IV Regime = LOW (ADAPTIVE: P25= 12.33  P50= 12.9  P75= 13.31 ) | DailyRange = 1317.5 | 3minCandleRange = 69.3 (theoretical= 115.6 ) | ATMoptionMove = 31.2 | SL = 109 | Target = 109 | TrailTrigger = 31 | Spread = 300 | Buffer = 28
IV Params refreshed: {'vix': 11.73, 'bn_price': 78624.81, 'regime': 'LOW', 'regime_thresholds': 'P25=12.33 P50=12.9 P75=13.31', 'daily_range': 1317.5, 'candle_range': 69.3, 'atm_option_move': 31.2, 'sl_point': 109, 'target_point': 109, 'sl_pct_of_premium': 0.1, 'trail_trigger': 31, 'spread_width': 300, 'support_resistance_buffer': 28}
BSE:SENSEX-INDEX  strikecount= 8   fyers <fyers_apiv3.fyersModel.FyersModel object at 0x74252d4f1d30>
===
====after 3 min ochain==== 2026-08-03 09:36:00.000002
                                    oipcr   choipcr   totalOI
pcr1 =  BSE:SENSEX2680679400CE   0.08   0.14 CALL added 73800   PUT added 10180  OI= 161040
pcr2 =  BSE:SENSEX2680679300CE   0.06   0.13 CALL added 47380   PUT added 6040  OI= 145440
pcr3 =  BSE:SENSEX2680679200CE   0.06   0.09 CALL added 114220   PUT added 10120  OI= 241200
pcr4 =  BSE:SENSEX2680679100CE   0.08   0.12 CALL added 95260   PUT added 11480  OI= 181060
pcr5 =  BSE:SENSEX2680679000CE   0.22   0.47 CALL added 347160   PUT added 161580  OI= 921900
pcr6 =  BSE:SENSEX2680678900CE   0.34    0.39 CALL added 189980   PUT added 74740  OI= 261360
pcr7 =  BSE:SENSEX2680678800CE   0.38   0.51 CALL added 267700   PUT added 137240  OI= 403920
pcr8 =  BSE:SENSEX2680678700PE   0.57   0.7 CALL added 381220   PUT added 268060  OI= 286780
pcr9 =  BSE:SENSEX2680678600PE   0.81   1.42 CALL added 331700   PUT added 469660  OI= 487940
pcr10 =  BSE:SENSEX2680678500CE   0.76   2.26 CALL added 172120   PUT added 388980  OI= 670340
pcr11 =  BSE:SENSEX2680678400CE   1.55   -3.12 CALL unwind -58320   PUT added 182160  OI= 157260
pcr12 =  BSE:SENSEX2680678300PE   1.56   -0.65 CALL unwind -182540   PUT added 119100  OI= 244920
pcr13 =  BSE:SENSEX2680678200CE   2.45   -0.79 CALL unwind -147880   PUT added 117460  OI= 174380
pcr14 =  BSE:SENSEX2680678100CE   2.1   -0.15 CALL unwind -197320   PUT added 29140  OI= 137860
pcr15 =  BSE:SENSEX2680678000CE   2.02   -1.06 CALL unwind -168300   PUT added 178400  OI= 462000
pcr16 =  BSE:SENSEX2680677900CE   3.17   0.18 CALL unwind -46380   PUT unwind -8440  OI= 115260
pcr17 =  BSE:SENSEX2680677800PE   2.9   0.72 CALL unwind -9940   PUT unwind -7120  OI= 302660
pcrSummation= 3.2800000000000002  result =  ['BSE:SENSEX2680679300CE', 'BSE:SENSEX2680679200CE', 'BSE:SENSEX2680679100CE', 'BSE:SENSEX2680679000CE', 'BSE:SENSEX2680678900CE', 'BSE:SENSEX2680678800CE', 'BSE:SENSEX2680678700PE', 'BSE:SENSEX2680678600PE', 'BSE:SENSEX2680678500CE']
PCRSUM== 19.11
pcrSummation== 3.28
VOLPCRSUM== 2.6900000000000004
spotLTP =  78627.55  ATM_STRIKE =  78600
IS_ATM_STRIKE_SHIFT = False  mapStrike = {78600: 78600}
avgOiPcrList2 = [np.float64(1.0), np.float64(1.05), np.float64(1.1), np.float64(1.12)] atmStrikeNotShiftedCount= 4
False   4   4
SUPP_RES=== 79000  Buffer= 28
CEoich val =  347160.0  PEoich val =  161580.0 , CE > PE by 53.5%
SUPP_RES TOTAL OI: CE= 921900  PE= 201600 , CE > PE by 78.1%
IS_MORNING_WINDOW= True  (active 9:15-9:48 IST)
================================================
==== signal check time ==== 2026-08-03 09:36:01.348299
IS_CHOI_DIFF_GT_25PERC== True
MAIN_LOOP_DATA_FETCH_FAILED: 6 columns passed, passed data had 7 columns — skipping this candle, will retry next cycle
India VIX = 11.71  Spot Price = 78620.79
IV Regime = LOW (ADAPTIVE: P25= 12.33  P50= 12.9  P75= 13.31 ) | DailyRange = 1315.2 | 3minCandleRange = 69.2 (theoretical= 115.4 ) | ATMoptionMove = 31.1 | SL = 109 | Target = 109 | TrailTrigger = 31 | Spread = 300 | Buffer = 28
IV Params refreshed: {'vix': 11.71, 'bn_price': 78620.79, 'regime': 'LOW', 'regime_thresholds': 'P25=12.33 P50=12.9 P75=13.31', 'daily_range': 1315.2, 'candle_range': 69.2, 'atm_option_move': 31.1, 'sl_point': 109, 'target_point': 109, 'sl_pct_of_premium': 0.1, 'trail_trigger': 31, 'spread_width': 300, 'support_resistance_buffer': 28}
BSE:SENSEX-INDEX  strikecount= 8   fyers <fyers_apiv3.fyersModel.FyersModel object at 0x74252d4f1d30>
===
====after 3 min ochain==== 2026-08-03 09:39:00.000002
                                    oipcr   choipcr   totalOI
pcr1 =  BSE:SENSEX2680679400CE   0.08   0.14 CALL added 75460   PUT added 10200  OI= 162700
pcr2 =  BSE:SENSEX2680679300CE   0.07   0.14 CALL added 49140   PUT added 6680  OI= 147200
pcr3 =  BSE:SENSEX2680679200CE   0.06   0.09 CALL added 122820   PUT added 10640  OI= 249800
pcr4 =  BSE:SENSEX2680679100CE   0.13   0.21 CALL added 101860   PUT added 21080  OI= 187660
pcr5 =  BSE:SENSEX2680679000CE   0.23   0.48 CALL added 350220   PUT added 169020  OI= 924960
pcr6 =  BSE:SENSEX2680678900CE   0.35    0.41 CALL added 194200   PUT added 78700  OI= 265580
pcr7 =  BSE:SENSEX2680678800CE   0.39   0.53 CALL added 273520   PUT added 145280  OI= 409740
pcr8 =  BSE:SENSEX2680678700PE   0.61   0.76 CALL added 382880   PUT added 290380  OI= 309100
pcr9 =  BSE:SENSEX2680678600PE   0.86   1.49 CALL added 333240   PUT added 496320  OI= 514600
pcr10 =  BSE:SENSEX2680678500CE   0.8   2.41 CALL added 170400   PUT added 410920  OI= 668620
pcr11 =  BSE:SENSEX2680678400CE   1.55   -3.26 CALL unwind -56540   PUT added 184420  OI= 159040
pcr12 =  BSE:SENSEX2680678300PE   1.64   -0.7 CALL unwind -184640   PUT added 128640  OI= 254460
pcr13 =  BSE:SENSEX2680678200CE   2.51   -0.79 CALL unwind -151760   PUT added 119340  OI= 170500
pcr14 =  BSE:SENSEX2680678100CE   2.08   -0.15 CALL unwind -195880   PUT added 29700  OI= 139300
pcr15 =  BSE:SENSEX2680678000CE   2.05   -1.09 CALL unwind -171460   PUT added 186040  OI= 458840
pcr16 =  BSE:SENSEX2680677900CE   3.19   0.13 CALL unwind -46380   PUT unwind -6080  OI= 115260
pcr17 =  BSE:SENSEX2680677800PE   2.9   0.72 CALL unwind -9960   PUT unwind -7160  OI= 302620
pcrSummation= 3.5  result =  ['BSE:SENSEX2680679300CE', 'BSE:SENSEX2680679200CE', 'BSE:SENSEX2680679100CE', 'BSE:SENSEX2680679000CE', 'BSE:SENSEX2680678900CE', 'BSE:SENSEX2680678800CE', 'BSE:SENSEX2680678700PE', 'BSE:SENSEX2680678600PE', 'BSE:SENSEX2680678500CE']
PCRSUM== 19.5
pcrSummation== 3.5
VOLPCRSUM== 2.74
spotLTP =  78621.36  ATM_STRIKE =  78600
IS_ATM_STRIKE_SHIFT = False  mapStrike = {78600: 78600}
avgOiPcrList2 = [np.float64(1.0), np.float64(1.05), np.float64(1.1), np.float64(1.12), np.float64(1.15)] atmStrikeNotShiftedCount= 5
False   5   5
SUPP_RES=== 79000  Buffer= 28
CEoich val =  350220.0  PEoich val =  169020.0 , CE > PE by 51.7%
SUPP_RES TOTAL OI: CE= 924960  PE= 209040 , CE > PE by 77.4%
IS_MORNING_WINDOW= True  (active 9:15-9:48 IST)
================================================
==== signal check time ==== 2026-08-03 09:39:01.361965
IS_CHOI_DIFF_GT_25PERC== True
MAIN_LOOP_DATA_FETCH_FAILED: 6 columns passed, passed data had 7 columns — skipping this candle, will retry next cycle
India VIX = 11.73  Spot Price = 78642.67
IV Regime = LOW (ADAPTIVE: P25= 12.33  P50= 12.9  P75= 13.31 ) | DailyRange = 1317.8 | 3minCandleRange = 69.3 (theoretical= 115.6 ) | ATMoptionMove = 31.2 | SL = 109 | Target = 109 | TrailTrigger = 31 | Spread = 300 | Buffer = 28
IV Params refreshed: {'vix': 11.73, 'bn_price': 78642.67, 'regime': 'LOW', 'regime_thresholds': 'P25=12.33 P50=12.9 P75=13.31', 'daily_range': 1317.8, 'candle_range': 69.3, 'atm_option_move': 31.2, 'sl_point': 109, 'target_point': 109, 'sl_pct_of_premium': 0.1, 'trail_trigger': 31, 'spread_width': 300, 'support_resistance_buffer': 28}
BSE:SENSEX-INDEX  strikecount= 8   fyers <fyers_apiv3.fyersModel.FyersModel object at 0x74252d4f1d30>
===
====after 3 min ochain==== 2026-08-03 09:42:00.000003
                                    oipcr   choipcr   totalOI
pcr1 =  BSE:SENSEX2680679400CE   0.08   0.13 CALL added 77520   PUT added 10260  OI= 164760
pcr2 =  BSE:SENSEX2680679300CE   0.07   0.13 CALL added 50900   PUT added 6740  OI= 148960
pcr3 =  BSE:SENSEX2680679200CE   0.06   0.09 CALL added 129580   PUT added 11340  OI= 256560
pcr4 =  BSE:SENSEX2680679100CE   0.25   0.42 CALL added 101460   PUT added 42760  OI= 187260
pcr5 =  BSE:SENSEX2680679000CE   0.23   0.48 CALL added 366460   PUT added 177140  OI= 941200
pcr6 =  BSE:SENSEX2680678900CE   0.34    0.4 CALL added 200040   PUT added 79820  OI= 271420
pcr7 =  BSE:SENSEX2680678800CE   0.4   0.55 CALL added 273660   PUT added 149600  OI= 409880
pcr8 =  BSE:SENSEX2680678700PE   0.65   0.8 CALL added 401720   PUT added 322280  OI= 341000
pcr9 =  BSE:SENSEX2680678600PE   0.88   1.51 CALL added 344740   PUT added 520680  OI= 538960
pcr10 =  BSE:SENSEX2680678500CE   0.84   2.65 CALL added 163940   PUT added 433860  OI= 662160
pcr11 =  BSE:SENSEX2680678400CE   1.57   -3.32 CALL unwind -56680   PUT added 188120  OI= 158900
pcr12 =  BSE:SENSEX2680678300PE   1.64   -0.68 CALL unwind -185380   PUT added 126720  OI= 252540
pcr13 =  BSE:SENSEX2680678200CE   2.55   -0.8 CALL unwind -152940   PUT added 122280  OI= 169320
pcr14 =  BSE:SENSEX2680678100CE   2.05   -0.11 CALL unwind -197420   PUT added 21460  OI= 137760
pcr15 =  BSE:SENSEX2680678000CE   2.09   -1.13 CALL unwind -175580   PUT added 197540  OI= 454720
pcr16 =  BSE:SENSEX2680677900CE   3.17   0.2 CALL unwind -46560   PUT unwind -9380  OI= 115080
pcr17 =  BSE:SENSEX2680677800PE   2.9   0.67 CALL unwind -9900   PUT unwind -6600  OI= 303180
pcrSummation= 2.96  result =  ['BSE:SENSEX2680679400CE', 'BSE:SENSEX2680679300CE', 'BSE:SENSEX2680679200CE', 'BSE:SENSEX2680679100CE', 'BSE:SENSEX2680679000CE', 'BSE:SENSEX2680678900CE', 'BSE:SENSEX2680678800CE', 'BSE:SENSEX2680678700PE', 'BSE:SENSEX2680678600PE']
PCRSUM== 19.77
pcrSummation== 2.96
VOLPCRSUM== 2.8
spotLTP =  78645.02  ATM_STRIKE =  78600
IS_ATM_STRIKE_SHIFT = False  mapStrike = {78600: 78600}
avgOiPcrList2 = [np.float64(1.0), np.float64(1.05), np.float64(1.1), np.float64(1.12), np.float64(1.15), np.float64(1.16)] atmStrikeNotShiftedCount= 6
False   6   6
SUPP_RES=== 79000  Buffer= 28
CEoich val =  366460.0  PEoich val =  177140.0 , CE > PE by 51.7%
SUPP_RES TOTAL OI: CE= 941200  PE= 217160 , CE > PE by 76.9%
IS_MORNING_WINDOW= True  (active 9:15-9:48 IST)
================================================
==== signal check time ==== 2026-08-03 09:42:01.401113
IS_CHOI_DIFF_GT_25PERC== True
MAIN_LOOP_DATA_FETCH_FAILED: 6 columns passed, passed data had 7 columns — skipping this candle, will retry next cycle
India VIX = 11.77  Spot Price = 78641.82
IV Regime = LOW (ADAPTIVE: P25= 12.33  P50= 12.9  P75= 13.31 ) | DailyRange = 1322.3 | 3minCandleRange = 69.6 (theoretical= 116.0 ) | ATMoptionMove = 31.3 | SL = 110 | Target = 110 | TrailTrigger = 31 | Spread = 300 | Buffer = 28
IV Params refreshed: {'vix': 11.77, 'bn_price': 78641.82, 'regime': 'LOW', 'regime_thresholds': 'P25=12.33 P50=12.9 P75=13.31', 'daily_range': 1322.3, 'candle_range': 69.6, 'atm_option_move': 31.3, 'sl_point': 110, 'target_point': 110, 'sl_pct_of_premium': 0.1, 'trail_trigger': 31, 'spread_width': 300, 'support_resistance_buffer': 28}
BSE:SENSEX-INDEX  strikecount= 8   fyers <fyers_apiv3.fyersModel.FyersModel object at 0x74252d4f1d30>
===
====after 3 min ochain==== 2026-08-03 09:45:00.000002
                                    oipcr   choipcr   totalOI
pcr1 =  BSE:SENSEX2680679400CE   0.08   0.13 CALL added 78060   PUT added 10500  OI= 165300
pcr2 =  BSE:SENSEX2680679300CE   0.07   0.15 CALL added 50140   PUT added 7360  OI= 148200
pcr3 =  BSE:SENSEX2680679200CE   0.06   0.09 CALL added 130940   PUT added 11200  OI= 257920
pcr4 =  BSE:SENSEX2680679100CE   0.28   0.47 CALL added 111700   PUT added 51960  OI= 197500
pcr5 =  BSE:SENSEX2680679000CE   0.23   0.48 CALL added 377480   PUT added 181800  OI= 952220
pcr6 =  BSE:SENSEX2680678900CE   0.34    0.39 CALL added 208440   PUT added 80300  OI= 279820
pcr7 =  BSE:SENSEX2680678800CE   0.41   0.56 CALL added 273560   PUT added 152860  OI= 409780
pcr8 =  BSE:SENSEX2680678700PE   0.65   0.79 CALL added 414800   PUT added 328100  OI= 346820
pcr9 =  BSE:SENSEX2680678600PE   0.93   1.6 CALL added 345400   PUT added 553260  OI= 571540
pcr10 =  BSE:SENSEX2680678500CE   0.91   3.27 CALL added 140320   PUT added 459540  OI= 638540
pcr11 =  BSE:SENSEX2680678400CE   1.62   -3.06 CALL unwind -61620   PUT added 188440  OI= 153960
pcr12 =  BSE:SENSEX2680678300PE   1.69   -0.72 CALL unwind -185500   PUT added 134420  OI= 260240
pcr13 =  BSE:SENSEX2680678200CE   2.62   -0.84 CALL unwind -154580   PUT added 130400  OI= 167680
pcr14 =  BSE:SENSEX2680678100CE   2.15   -0.14 CALL unwind -200840   PUT added 27620  OI= 134340
pcr15 =  BSE:SENSEX2680678000CE   2.17   -1.17 CALL unwind -183760   PUT added 214380  OI= 446540
pcr16 =  BSE:SENSEX2680677900CE   3.28   -0.05 CALL unwind -46920   PUT added 2300  OI= 114720
pcr17 =  BSE:SENSEX2680677800PE   2.92   0.46 CALL unwind -9900   PUT unwind -4540  OI= 305240
pcrSummation= 3.8800000000000003  result =  ['BSE:SENSEX2680679300CE', 'BSE:SENSEX2680679200CE', 'BSE:SENSEX2680679100CE', 'BSE:SENSEX2680679000CE', 'BSE:SENSEX2680678900CE', 'BSE:SENSEX2680678800CE', 'BSE:SENSEX2680678700PE', 'BSE:SENSEX2680678600PE', 'BSE:SENSEX2680678500CE']
PCRSUM== 20.41
pcrSummation== 3.88
VOLPCRSUM== 2.79
spotLTP =  78640.69  ATM_STRIKE =  78600
IS_ATM_STRIKE_SHIFT = False  mapStrike = {78600: 78600}
avgOiPcrList2 = [np.float64(1.0), np.float64(1.05), np.float64(1.1), np.float64(1.12), np.float64(1.15), np.float64(1.16), np.float64(1.2)] atmStrikeNotShiftedCount= 7
False   7   7
SUPP_RES=== 79000  Buffer= 28
CEoich val =  377480.0  PEoich val =  181800.0 , CE > PE by 51.8%
SUPP_RES TOTAL OI: CE= 952220  PE= 221820 , CE > PE by 76.7%
IS_MORNING_WINDOW= True  (active 9:15-9:48 IST)
================================================
==== signal check time ==== 2026-08-03 09:45:01.384091
IS_CHOI_DIFF_GT_25PERC== True
MAIN_LOOP_DATA_FETCH_FAILED: 6 columns passed, passed data had 7 columns — skipping this candle, will retry next cycle
India VIX = 11.8  Spot Price = 78618.88
IV Regime = LOW (ADAPTIVE: P25= 12.33  P50= 12.9  P75= 13.31 ) | DailyRange = 1325.3 | 3minCandleRange = 69.7 (theoretical= 116.2 ) | ATMoptionMove = 31.4 | SL = 110 | Target = 110 | TrailTrigger = 31 | Spread = 300 | Buffer = 28
IV Params refreshed: {'vix': 11.8, 'bn_price': 78618.88, 'regime': 'LOW', 'regime_thresholds': 'P25=12.33 P50=12.9 P75=13.31', 'daily_range': 1325.3, 'candle_range': 69.7, 'atm_option_move': 31.4, 'sl_point': 110, 'target_point': 110, 'sl_pct_of_premium': 0.1, 'trail_trigger': 31, 'spread_width': 300, 'support_resistance_buffer': 28}
BSE:SENSEX-INDEX  strikecount= 8   fyers <fyers_apiv3.fyersModel.FyersModel object at 0x74252d4f1d30>
===
====after 3 min ochain==== 2026-08-03 09:48:00.000141
                                    oipcr   choipcr   totalOI
pcr1 =  BSE:SENSEX2680679400CE   0.08   0.13 CALL added 81280   PUT added 10520  OI= 168520
pcr2 =  BSE:SENSEX2680679300CE   0.07   0.14 CALL added 54440   PUT added 7680  OI= 152500
pcr3 =  BSE:SENSEX2680679200CE   0.07   0.09 CALL added 133980   PUT added 12300  OI= 260960
pcr4 =  BSE:SENSEX2680679100CE   0.31   0.51 CALL added 113500   PUT added 58220  OI= 199300
pcr5 =  BSE:SENSEX2680679000CE   0.23   0.48 CALL added 381100   PUT added 184200  OI= 955840
pcr6 =  BSE:SENSEX2680678900CE   0.34    0.39 CALL added 211600   PUT added 82200  OI= 282980
pcr7 =  BSE:SENSEX2680678800CE   0.42   0.57 CALL added 278680   PUT added 159440  OI= 414900
pcr8 =  BSE:SENSEX2680678700PE   0.66   0.81 CALL added 420080   PUT added 340240  OI= 358960
pcr9 =  BSE:SENSEX2680678600PE   0.98   1.65 CALL added 359240   PUT added 593340  OI= 611620
pcr10 =  BSE:SENSEX2680678500CE   0.94   3.39 CALL added 142040   PUT added 481620  OI= 640260
pcr11 =  BSE:SENSEX2680678400CE   1.68   -3.32 CALL unwind -59940   PUT added 199140  OI= 155640
pcr12 =  BSE:SENSEX2680678300PE   1.76   -0.76 CALL unwind -187660   PUT added 142200  OI= 268020
pcr13 =  BSE:SENSEX2680678200CE   2.65   -0.86 CALL unwind -155520   PUT added 133020  OI= 166740
pcr14 =  BSE:SENSEX2680678100CE   2.22   -0.16 CALL unwind -202840   PUT added 33040  OI= 132340
pcr15 =  BSE:SENSEX2680678000CE   2.17   -1.16 CALL unwind -184540   PUT added 213300  OI= 445760
pcr16 =  BSE:SENSEX2680677900CE   3.34   -0.21 CALL unwind -46960   PUT added 9720  OI= 114680
pcr17 =  BSE:SENSEX2680677800PE   2.94   0.28 CALL unwind -9940   PUT unwind -2800  OI= 306980
pcrSummation= 4.02  result =  ['BSE:SENSEX2680679300CE', 'BSE:SENSEX2680679200CE', 'BSE:SENSEX2680679100CE', 'BSE:SENSEX2680679000CE', 'BSE:SENSEX2680678900CE', 'BSE:SENSEX2680678800CE', 'BSE:SENSEX2680678700PE', 'BSE:SENSEX2680678600PE', 'BSE:SENSEX2680678500CE']
PCRSUM== 20.86
pcrSummation== 4.02
VOLPCRSUM== 2.8200000000000003
spotLTP =  78615.19  ATM_STRIKE =  78600
IS_ATM_STRIKE_SHIFT = False  mapStrike = {78600: 78600}
avgOiPcrList2 = [np.float64(1.0), np.float64(1.05), np.float64(1.1), np.float64(1.12), np.float64(1.15), np.float64(1.16), np.float64(1.2), np.float64(1.23)] atmStrikeNotShiftedCount= 8
False   8   8
SUPP_RES=== 79000  Buffer= 28
CEoich val =  381100.0  PEoich val =  184200.0 , CE > PE by 51.7%
SUPP_RES TOTAL OI: CE= 955840  PE= 224220 , CE > PE by 76.5%
IS_MORNING_WINDOW= False  (active 9:15-9:48 IST)
================================================
==== signal check time ==== 2026-08-03 09:48:01.471197
IS_CHOI_DIFF_GT_25PERC== True
MAIN_LOOP_DATA_FETCH_FAILED: 6 columns passed, passed data had 7 columns — skipping this candle, will retry next cycle
India VIX = 11.77  Spot Price = 78620.23
IV Regime = LOW (ADAPTIVE: P25= 12.33  P50= 12.9  P75= 13.31 ) | DailyRange = 1321.9 | 3minCandleRange = 69.6 (theoretical= 115.9 ) | ATMoptionMove = 31.3 | SL = 110 | Target = 110 | TrailTrigger = 31 | Spread = 300 | Buffer = 28
IV Params refreshed: {'vix': 11.77, 'bn_price': 78620.23, 'regime': 'LOW', 'regime_thresholds': 'P25=12.33 P50=12.9 P75=13.31', 'daily_range': 1321.9, 'candle_range': 69.6, 'atm_option_move': 31.3, 'sl_point': 110, 'target_point': 110, 'sl_pct_of_premium': 0.1, 'trail_trigger': 31, 'spread_width': 300, 'support_resistance_buffer': 28}
BSE:SENSEX-INDEX  strikecount= 8   fyers <fyers_apiv3.fyersModel.FyersModel object at 0x74252d4f1d30>
===
====after 3 min ochain==== 2026-08-03 09:51:00.022708
                                    oipcr   choipcr   totalOI
pcr1 =  BSE:SENSEX2680679400CE   0.08   0.13 CALL added 80940   PUT added 10880  OI= 168180
pcr2 =  BSE:SENSEX2680679300CE   0.07   0.12 CALL added 62680   PUT added 7600  OI= 160740
pcr3 =  BSE:SENSEX2680679200CE   0.06   0.09 CALL added 137100   PUT added 12100  OI= 264080
pcr4 =  BSE:SENSEX2680679100CE   0.3   0.49 CALL added 116080   PUT added 57060  OI= 201880
pcr5 =  BSE:SENSEX2680679000CE   0.23   0.47 CALL added 387000   PUT added 182600  OI= 961740
pcr6 =  BSE:SENSEX2680678900CE   0.44    0.52 CALL added 221220   PUT added 115780  OI= 292600
pcr7 =  BSE:SENSEX2680678800CE   0.43   0.58 CALL added 292060   PUT added 169900  OI= 428280
pcr8 =  BSE:SENSEX2680678700PE   0.68   0.83 CALL added 435600   PUT added 359440  OI= 378160
pcr9 =  BSE:SENSEX2680678600PE   0.98   1.63 CALL added 375520   PUT added 611880  OI= 630160
pcr10 =  BSE:SENSEX2680678500CE   0.95   3.46 CALL added 141260   PUT added 488280  OI= 639480
pcr11 =  BSE:SENSEX2680678400CE   1.75   -3.28 CALL unwind -62680   PUT added 205420  OI= 152900
pcr12 =  BSE:SENSEX2680678300PE   1.77   -0.76 CALL unwind -187560   PUT added 143480  OI= 269300
pcr13 =  BSE:SENSEX2680678200CE   2.74   -0.91 CALL unwind -157180   PUT added 143760  OI= 165080
pcr14 =  BSE:SENSEX2680678100CE   2.22   -0.16 CALL unwind -203100   PUT added 32960  OI= 132080
pcr15 =  BSE:SENSEX2680678000CE   2.17   -1.17 CALL unwind -184180   PUT added 215960  OI= 446120
pcr16 =  BSE:SENSEX2680677900CE   3.22   0.02 CALL unwind -45880   PUT unwind -800  OI= 115760
pcr17 =  BSE:SENSEX2680677800PE   2.97   0.05 CALL unwind -10080   PUT unwind -520  OI= 309260
pcrSummation= 3.27  result =  ['BSE:SENSEX2680679400CE', 'BSE:SENSEX2680679300CE', 'BSE:SENSEX2680679200CE', 'BSE:SENSEX2680679100CE', 'BSE:SENSEX2680679000CE', 'BSE:SENSEX2680678900CE', 'BSE:SENSEX2680678800CE', 'BSE:SENSEX2680678700PE', 'BSE:SENSEX2680678600PE']
PCRSUM== 21.06
pcrSummation== 3.27
VOLPCRSUM== 2.91
spotLTP =  78620.23  ATM_STRIKE =  78600
IS_ATM_STRIKE_SHIFT = False  mapStrike = {78600: 78600}
avgOiPcrList2 = [np.float64(1.0), np.float64(1.05), np.float64(1.1), np.float64(1.12), np.float64(1.15), np.float64(1.16), np.float64(1.2), np.float64(1.23), np.float64(1.24)] atmStrikeNotShiftedCount= 9
False   9   9
SUPP_RES=== 79000  Buffer= 28
CEoich val =  387000.0  PEoich val =  182600.0 , CE > PE by 52.8%
SUPP_RES TOTAL OI: CE= 961740  PE= 222620 , CE > PE by 76.9%
IS_MORNING_WINDOW= False  (active 9:15-9:48 IST)
================================================
==== signal check time ==== 2026-08-03 09:51:01.462697
IS_CHOI_DIFF_GT_25PERC== True
MAIN_LOOP_DATA_FETCH_FAILED: 6 columns passed, passed data had 7 columns — skipping this candle, will retry next cycle
India VIX = 11.76  Spot Price = 78639.41
IV Regime = LOW (ADAPTIVE: P25= 12.33  P50= 12.9  P75= 13.31 ) | DailyRange = 1321.1 | 3minCandleRange = 69.5 (theoretical= 115.9 ) | ATMoptionMove = 31.3 | SL = 109 | Target = 109 | TrailTrigger = 31 | Spread = 300 | Buffer = 28
IV Params refreshed: {'vix': 11.76, 'bn_price': 78639.41, 'regime': 'LOW', 'regime_thresholds': 'P25=12.33 P50=12.9 P75=13.31', 'daily_range': 1321.1, 'candle_range': 69.5, 'atm_option_move': 31.3, 'sl_point': 109, 'target_point': 109, 'sl_pct_of_premium': 0.1, 'trail_trigger': 31, 'spread_width': 300, 'support_resistance_buffer': 28}
BSE:SENSEX-INDEX  strikecount= 8   fyers <fyers_apiv3.fyersModel.FyersModel object at 0x74252d4f1d30>
===
====after 3 min ochain==== 2026-08-03 09:54:00.017161
                                    oipcr   choipcr   totalOI
pcr1 =  BSE:SENSEX2680679400CE   0.08   0.14 CALL added 80620   PUT added 11060  OI= 167860
pcr2 =  BSE:SENSEX2680679300CE   0.07   0.13 CALL added 62360   PUT added 7900  OI= 160420
pcr3 =  BSE:SENSEX2680679200CE   0.07   0.09 CALL added 139760   PUT added 13140  OI= 266740
pcr4 =  BSE:SENSEX2680679100CE   0.32   0.53 CALL added 116780   PUT added 61640  OI= 202580
pcr5 =  BSE:SENSEX2680679000CE   0.24   0.48 CALL added 388080   PUT added 187240  OI= 962820
pcr6 =  BSE:SENSEX2680678900CE   0.47    0.55 CALL added 224400   PUT added 124540  OI= 295780
pcr7 =  BSE:SENSEX2680678800CE   0.46   0.61 CALL added 288880   PUT added 177280  OI= 425100
pcr8 =  BSE:SENSEX2680678700PE   0.69   0.85 CALL added 432900   PUT added 366660  OI= 385380
pcr9 =  BSE:SENSEX2680678600PE   1.01   1.69 CALL added 375500   PUT added 633200  OI= 651480
pcr10 =  BSE:SENSEX2680678500CE   0.97   3.48 CALL added 142880   PUT added 497420  OI= 641100
pcr11 =  BSE:SENSEX2680678400CE   1.78   -3.29 CALL unwind -63620   PUT added 209340  OI= 151960
pcr12 =  BSE:SENSEX2680678300PE   1.82   -0.8 CALL unwind -188000   PUT added 150480  OI= 276300
pcr13 =  BSE:SENSEX2680678200CE   2.79   -0.93 CALL unwind -158420   PUT added 147740  OI= 163840
pcr14 =  BSE:SENSEX2680678100CE   2.23   -0.16 CALL unwind -203560   PUT added 33360  OI= 131620
pcr15 =  BSE:SENSEX2680678000CE   2.2   -1.22 CALL unwind -184800   PUT added 225120  OI= 445500
pcr16 =  BSE:SENSEX2680677900CE   3.17   0.16 CALL unwind -46160   PUT unwind -7180  OI= 115480
pcr17 =  BSE:SENSEX2680677800PE   3.01   -0.27 CALL unwind -10580   PUT added 2840  OI= 312620
pcrSummation= 3.41  result =  ['BSE:SENSEX2680679400CE', 'BSE:SENSEX2680679300CE', 'BSE:SENSEX2680679200CE', 'BSE:SENSEX2680679100CE', 'BSE:SENSEX2680679000CE', 'BSE:SENSEX2680678900CE', 'BSE:SENSEX2680678800CE', 'BSE:SENSEX2680678700PE', 'BSE:SENSEX2680678600PE']
PCRSUM== 21.38
pcrSummation== 3.41
VOLPCRSUM== 2.9400000000000004
spotLTP =  78639.41  ATM_STRIKE =  78600
IS_ATM_STRIKE_SHIFT = False  mapStrike = {78600: 78600}
avgOiPcrList2 = [np.float64(1.0), np.float64(1.05), np.float64(1.1), np.float64(1.12), np.float64(1.15), np.float64(1.16), np.float64(1.2), np.float64(1.23), np.float64(1.24), np.float64(1.26)] atmStrikeNotShiftedCount= 10
False   10   10
SUPP_RES=== 79000  Buffer= 28
CEoich val =  388080.0  PEoich val =  187240.0 , CE > PE by 51.8%
SUPP_RES TOTAL OI: CE= 962820  PE= 227260 , CE > PE by 76.4%
IS_MORNING_WINDOW= False  (active 9:15-9:48 IST)
================================================
==== signal check time ==== 2026-08-03 09:54:01.546362
IS_CHOI_DIFF_GT_25PERC== True
MAIN_LOOP_DATA_FETCH_FAILED: 6 columns passed, passed data had 7 columns — skipping this candle, will retry next cycle
India VIX = 11.77  Spot Price = 78672.52
IV Regime = LOW (ADAPTIVE: P25= 12.33  P50= 12.9  P75= 13.31 ) | DailyRange = 1322.8 | 3minCandleRange = 69.6 (theoretical= 116.0 ) | ATMoptionMove = 31.3 | SL = 110 | Target = 110 | TrailTrigger = 31 | Spread = 300 | Buffer = 28
IV Params refreshed: {'vix': 11.77, 'bn_price': 78672.52, 'regime': 'LOW', 'regime_thresholds': 'P25=12.33 P50=12.9 P75=13.31', 'daily_range': 1322.8, 'candle_range': 69.6, 'atm_option_move': 31.3, 'sl_point': 110, 'target_point': 110, 'sl_pct_of_premium': 0.1, 'trail_trigger': 31, 'spread_width': 300, 'support_resistance_buffer': 28}
BSE:SENSEX-INDEX  strikecount= 8   fyers <fyers_apiv3.fyersModel.FyersModel object at 0x74252d4f1d30>
===
====after 3 min ochain==== 2026-08-03 09:57:00.015646
                                    oipcr   choipcr   totalOI
pcr1 =  BSE:SENSEX2680679500PE   0.05   0.11 CALL added 161340   PUT added 17280  OI= 25420
pcr2 =  BSE:SENSEX2680679400CE   0.08   0.15 CALL added 77960   PUT added 11400  OI= 165200
pcr3 =  BSE:SENSEX2680679300CE   0.08   0.15 CALL added 61660   PUT added 9360  OI= 159720
pcr4 =  BSE:SENSEX2680679200CE   0.08   0.13 CALL added 124000   PUT added 16260  OI= 250980
pcr5 =  BSE:SENSEX2680679100CE   0.52   0.87 CALL added 116980   PUT added 102020  OI= 202780
pcr6 =  BSE:SENSEX2680679000CE   0.26    0.53 CALL added 388540   PUT added 205740  OI= 963280
pcr7 =  BSE:SENSEX2680678900CE   0.49   0.59 CALL added 214200   PUT added 127060  OI= 285580
pcr8 =  BSE:SENSEX2680678800CE   0.49   0.67 CALL added 275360   PUT added 184780  OI= 411580
pcr9 =  BSE:SENSEX2680678700PE   0.74   0.92 CALL added 413440   PUT added 379620  OI= 398340
pcr10 =  BSE:SENSEX2680678600PE   1.1   1.91 CALL added 339480   PUT added 649500  OI= 667780
pcr11 =  BSE:SENSEX2680678500CE   1.04   4.57 CALL added 112300   PUT added 513680  OI= 610520
pcr12 =  BSE:SENSEX2680678400CE   1.9   -2.91 CALL unwind -72280   PUT added 210660  OI= 143300
pcr13 =  BSE:SENSEX2680678300PE   1.95   -0.82 CALL unwind -193600   PUT added 159440  OI= 285260
pcr14 =  BSE:SENSEX2680678200CE   2.98   -1.0 CALL unwind -163600   PUT added 163460  OI= 158660
pcr15 =  BSE:SENSEX2680678100CE   2.3   -0.18 CALL unwind -205840   PUT added 36320  OI= 129340
pcr16 =  BSE:SENSEX2680678000CE   2.24   -1.22 CALL unwind -190440   PUT added 231760  OI= 439860
pcr17 =  BSE:SENSEX2680677900CE   3.19   0.16 CALL unwind -46640   PUT unwind -7300  OI= 115000
pcrSummation= 3.8400000000000003  result =  ['BSE:SENSEX2680679400CE', 'BSE:SENSEX2680679300CE', 'BSE:SENSEX2680679200CE', 'BSE:SENSEX2680679100CE', 'BSE:SENSEX2680679000CE', 'BSE:SENSEX2680678900CE', 'BSE:SENSEX2680678800CE', 'BSE:SENSEX2680678700PE', 'BSE:SENSEX2680678600PE']
PCRSUM== 19.49
pcrSummation== 3.84
VOLPCRSUM== 2.2399999999999998
spotLTP =  78672.52  ATM_STRIKE =  78700
IS_ATM_STRIKE_SHIFT = True  mapStrike = {78700: 78700}
avgOiPcrList2 = [np.float64(1.15)] atmStrikeNotShiftedCount= 1
True   1   1
SUPP_RES=== 79000  Buffer= 28
CEoich val =  388540.0  PEoich val =  205740.0 , CE > PE by 47.0%
SUPP_RES TOTAL OI: CE= 963280  PE= 245760 , CE > PE by 74.5%
IS_MORNING_WINDOW= False  (active 9:15-9:48 IST)
================================================
==== signal check time ==== 2026-08-03 09:57:01.652552
IS_CHOI_DIFF_GT_25PERC== True
MAIN_LOOP_DATA_FETCH_FAILED: 6 columns passed, passed data had 7 columns — skipping this candle, will retry next cycle
India VIX = 11.84  Spot Price = 78661.24
IV Regime = LOW (ADAPTIVE: P25= 12.33  P50= 12.9  P75= 13.31 ) | DailyRange = 1330.5 | 3minCandleRange = 70.0 (theoretical= 116.7 ) | ATMoptionMove = 31.5 | SL = 110 | Target = 110 | TrailTrigger = 32 | Spread = 300 | Buffer = 28
IV Params refreshed: {'vix': 11.84, 'bn_price': 78661.24, 'regime': 'LOW', 'regime_thresholds': 'P25=12.33 P50=12.9 P75=13.31', 'daily_range': 1330.5, 'candle_range': 70.0, 'atm_option_move': 31.5, 'sl_point': 110, 'target_point': 110, 'sl_pct_of_premium': 0.1, 'trail_trigger': 32, 'spread_width': 300, 'support_resistance_buffer': 28}
BSE:SENSEX-INDEX  strikecount= 8   fyers <fyers_apiv3.fyersModel.FyersModel object at 0x74252d4f1d30>
===
====after 3 min ochain==== 2026-08-03 10:00:00.017694
                                    oipcr   choipcr   totalOI
pcr1 =  BSE:SENSEX2680679500PE   0.05   0.12 CALL added 156060   PUT added 18540  OI= 26680
pcr2 =  BSE:SENSEX2680679400CE   0.09   0.16 CALL added 78120   PUT added 12440  OI= 165360
pcr3 =  BSE:SENSEX2680679300CE   0.1   0.2 CALL added 58420   PUT added 11660  OI= 156480
pcr4 =  BSE:SENSEX2680679200CE   0.09   0.15 CALL added 118140   PUT added 18240  OI= 245120
pcr5 =  BSE:SENSEX2680679100CE   0.58   0.98 CALL added 116980   PUT added 115200  OI= 202780
pcr6 =  BSE:SENSEX2680679000CE   0.27    0.58 CALL added 383040   PUT added 222960  OI= 957780
pcr7 =  BSE:SENSEX2680678900CE   0.49   0.6 CALL added 212800   PUT added 126660  OI= 284180
pcr8 =  BSE:SENSEX2680678800CE   0.5   0.69 CALL added 281900   PUT added 194300  OI= 418120
pcr9 =  BSE:SENSEX2680678700PE   0.77   0.95 CALL added 415940   PUT added 397160  OI= 415880
pcr10 =  BSE:SENSEX2680678600PE   1.19   2.15 CALL added 308640   PUT added 664620  OI= 682900
pcr11 =  BSE:SENSEX2680678500CE   1.07   5.71 CALL added 89300   PUT added 509540  OI= 587520
pcr12 =  BSE:SENSEX2680678400CE   2.0   -2.77 CALL unwind -77540   PUT added 214800  OI= 138040
pcr13 =  BSE:SENSEX2680678300PE   1.96   -0.83 CALL unwind -192960   PUT added 160760  OI= 286580
pcr14 =  BSE:SENSEX2680678200CE   3.0   -0.96 CALL unwind -165900   PUT added 159700  OI= 156360
pcr15 =  BSE:SENSEX2680678100CE   2.35   -0.15 CALL unwind -210660   PUT added 32480  OI= 124520
pcr16 =  BSE:SENSEX2680678000CE   2.26   -1.22 CALL unwind -192820   PUT added 234280  OI= 437480
pcr17 =  BSE:SENSEX2680677900CE   3.26   0.11 CALL unwind -48640   PUT unwind -5220  OI= 113000
pcrSummation= 4.08  result =  ['BSE:SENSEX2680679400CE', 'BSE:SENSEX2680679300CE', 'BSE:SENSEX2680679200CE', 'BSE:SENSEX2680679100CE', 'BSE:SENSEX2680679000CE', 'BSE:SENSEX2680678900CE', 'BSE:SENSEX2680678800CE', 'BSE:SENSEX2680678700PE', 'BSE:SENSEX2680678600PE']
PCRSUM== 20.03
pcrSummation== 4.08
VOLPCRSUM== 2.25
spotLTP =  78660.75  ATM_STRIKE =  78700
IS_ATM_STRIKE_SHIFT = False  mapStrike = {78700: 78700}
avgOiPcrList2 = [np.float64(1.15), np.float64(1.18)] atmStrikeNotShiftedCount= 2
False   2   2
SUPP_RES=== 79000  Buffer= 28
CEoich val =  383040.0  PEoich val =  222960.0 , CE > PE by 41.8%
SUPP_RES TOTAL OI: CE= 957780  PE= 262980 , CE > PE by 72.5%
IS_MORNING_WINDOW= False  (active 9:15-9:48 IST)
================================================
==== signal check time ==== 2026-08-03 10:00:01.652967
IS_CHOI_DIFF_GT_25PERC== True
MAIN_LOOP_DATA_FETCH_FAILED: 6 columns passed, passed data had 7 columns — skipping this candle, will retry next cycle
India VIX = 11.84  Spot Price = 78665.56
IV Regime = LOW (ADAPTIVE: P25= 12.33  P50= 12.9  P75= 13.31 ) | DailyRange = 1330.6 | 3minCandleRange = 70.0 (theoretical= 116.7 ) | ATMoptionMove = 31.5 | SL = 110 | Target = 110 | TrailTrigger = 32 | Spread = 300 | Buffer = 28
IV Params refreshed: {'vix': 11.84, 'bn_price': 78665.56, 'regime': 'LOW', 'regime_thresholds': 'P25=12.33 P50=12.9 P75=13.31', 'daily_range': 1330.6, 'candle_range': 70.0, 'atm_option_move': 31.5, 'sl_point': 110, 'target_point': 110, 'sl_pct_of_premium': 0.1, 'trail_trigger': 32, 'spread_width': 300, 'support_resistance_buffer': 28}
BSE:SENSEX-INDEX  strikecount= 8   fyers <fyers_apiv3.fyersModel.FyersModel object at 0x74252d4f1d30>
===
====after 3 min ochain==== 2026-08-03 10:03:00.019584
                                    oipcr   choipcr   totalOI
pcr1 =  BSE:SENSEX2680679500PE   0.05   0.13 CALL added 155400   PUT added 19780  OI= 27920
pcr2 =  BSE:SENSEX2680679400CE   0.1   0.18 CALL added 74740   PUT added 13440  OI= 161980
pcr3 =  BSE:SENSEX2680679300CE   0.1   0.22 CALL added 57620   PUT added 12540  OI= 155680
pcr4 =  BSE:SENSEX2680679200CE   0.1   0.16 CALL added 119740   PUT added 19100  OI= 246720
pcr5 =  BSE:SENSEX2680679100CE   0.62   1.02 CALL added 121780   PUT added 124560  OI= 207580
pcr6 =  BSE:SENSEX2680679000CE   0.3    0.64 CALL added 383700   PUT added 247300  OI= 958440
pcr7 =  BSE:SENSEX2680678900CE   0.52   0.63 CALL added 215720   PUT added 135480  OI= 287100
pcr8 =  BSE:SENSEX2680678800CE   0.51   0.69 CALL added 293380   PUT added 203460  OI= 429600
pcr9 =  BSE:SENSEX2680678700PE   0.78   0.95 CALL added 430120   PUT added 409540  OI= 428260
pcr10 =  BSE:SENSEX2680678600PE   1.2   2.18 CALL added 312340   PUT added 679940  OI= 698220
pcr11 =  BSE:SENSEX2680678500CE   1.09   6.62 CALL added 75940   PUT added 503080  OI= 574160
pcr12 =  BSE:SENSEX2680678400CE   2.06   -2.78 CALL unwind -79120   PUT added 219600  OI= 136460
pcr13 =  BSE:SENSEX2680678300PE   2.01   -0.83 CALL unwind -195780   PUT added 162760  OI= 288580
pcr14 =  BSE:SENSEX2680678200CE   3.04   -0.96 CALL unwind -167540   PUT added 160520  OI= 154720
pcr15 =  BSE:SENSEX2680678100CE   2.39   -0.16 CALL unwind -212280   PUT added 33340  OI= 122900
pcr16 =  BSE:SENSEX2680678000CE   2.27   -1.24 CALL unwind -192600   PUT added 239280  OI= 437700
pcr17 =  BSE:SENSEX2680677900CE   3.28   0.06 CALL unwind -48660   PUT unwind -3060  OI= 112980
pcrSummation= 4.23  result =  ['BSE:SENSEX2680679400CE', 'BSE:SENSEX2680679300CE', 'BSE:SENSEX2680679200CE', 'BSE:SENSEX2680679100CE', 'BSE:SENSEX2680679000CE', 'BSE:SENSEX2680678900CE', 'BSE:SENSEX2680678800CE', 'BSE:SENSEX2680678700PE', 'BSE:SENSEX2680678600PE']
PCRSUM== 20.42
pcrSummation== 4.23
VOLPCRSUM== 2.27
spotLTP =  78660.31  ATM_STRIKE =  78700
IS_ATM_STRIKE_SHIFT = False  mapStrike = {78700: 78700}
avgOiPcrList2 = [np.float64(1.15), np.float64(1.18), np.float64(1.2)] atmStrikeNotShiftedCount= 3
False   3   3
SUPP_RES=== 79000  Buffer= 28
CEoich val =  383700.0  PEoich val =  247300.0 , CE > PE by 35.5%
SUPP_RES TOTAL OI: CE= 958440  PE= 287320 , CE > PE by 70.0%
IS_MORNING_WINDOW= False  (active 9:15-9:48 IST)
================================================
==== signal check time ==== 2026-08-03 10:03:02.696363
IS_CHOI_DIFF_GT_25PERC== True
MAIN_LOOP_DATA_FETCH_FAILED: 6 columns passed, passed data had 7 columns — skipping this candle, will retry next cycle
India VIX = 11.84  Spot Price = 78685.33
IV Regime = LOW (ADAPTIVE: P25= 12.33  P50= 12.9  P75= 13.31 ) | DailyRange = 1330.9 | 3minCandleRange = 70.0 (theoretical= 116.7 ) | ATMoptionMove = 31.5 | SL = 110 | Target = 110 | TrailTrigger = 32 | Spread = 300 | Buffer = 28
IV Params refreshed: {'vix': 11.84, 'bn_price': 78685.33, 'regime': 'LOW', 'regime_thresholds': 'P25=12.33 P50=12.9 P75=13.31', 'daily_range': 1330.9, 'candle_range': 70.0, 'atm_option_move': 31.5, 'sl_point': 110, 'target_point': 110, 'sl_pct_of_premium': 0.1, 'trail_trigger': 32, 'spread_width': 300, 'support_resistance_buffer': 28}
BSE:SENSEX-INDEX  strikecount= 8   fyers <fyers_apiv3.fyersModel.FyersModel object at 0x74252d4f1d30>
===
====after 3 min ochain==== 2026-08-03 10:06:00.015537
                                    oipcr   choipcr   totalOI
pcr1 =  BSE:SENSEX2680679500PE   0.05   0.12 CALL added 159340   PUT added 19820  OI= 27960
pcr2 =  BSE:SENSEX2680679400CE   0.1   0.18 CALL added 74440   PUT added 13360  OI= 161680
pcr3 =  BSE:SENSEX2680679300CE   0.1   0.23 CALL added 54860   PUT added 12380  OI= 152920
pcr4 =  BSE:SENSEX2680679200CE   0.1   0.17 CALL added 115220   PUT added 19720  OI= 242200
pcr5 =  BSE:SENSEX2680679100CE   0.62   1.03 CALL added 121380   PUT added 125040  OI= 207180
pcr6 =  BSE:SENSEX2680679000CE   0.31    0.65 CALL added 391100   PUT added 255820  OI= 965840
pcr7 =  BSE:SENSEX2680678900CE   0.52   0.62 CALL added 223260   PUT added 139220  OI= 294640
pcr8 =  BSE:SENSEX2680678800CE   0.5   0.67 CALL added 304500   PUT added 204440  OI= 440720
pcr9 =  BSE:SENSEX2680678700PE   0.81   0.99 CALL added 440980   PUT added 435140  OI= 453860
pcr10 =  BSE:SENSEX2680678600PE   1.23   2.21 CALL added 313880   PUT added 694860  OI= 713140
pcr11 =  BSE:SENSEX2680678500CE   1.11   6.66 CALL added 77540   PUT added 516640  OI= 575760
pcr12 =  BSE:SENSEX2680678400CE   2.09   -2.78 CALL unwind -79880   PUT added 221780  OI= 135700
pcr13 =  BSE:SENSEX2680678300PE   2.08   -0.81 CALL unwind -200640   PUT added 163320  OI= 289140
pcr14 =  BSE:SENSEX2680678200CE   3.12   -0.97 CALL unwind -170200   PUT added 165340  OI= 152060
pcr15 =  BSE:SENSEX2680678100CE   2.44   -0.17 CALL unwind -213760   PUT added 35820  OI= 121420
pcr16 =  BSE:SENSEX2680678000CE   2.32   -1.34 CALL unwind -193660   PUT added 258820  OI= 436640
pcr17 =  BSE:SENSEX2680677900CE   3.3   0.06 CALL unwind -49060   PUT unwind -2740  OI= 112580
pcrSummation= 4.29  result =  ['BSE:SENSEX2680679400CE', 'BSE:SENSEX2680679300CE', 'BSE:SENSEX2680679200CE', 'BSE:SENSEX2680679100CE', 'BSE:SENSEX2680679000CE', 'BSE:SENSEX2680678900CE', 'BSE:SENSEX2680678800CE', 'BSE:SENSEX2680678700PE', 'BSE:SENSEX2680678600PE']
PCRSUM== 20.8
pcrSummation== 4.29
VOLPCRSUM== 2.26
spotLTP =  78688.66  ATM_STRIKE =  78700
IS_ATM_STRIKE_SHIFT = False  mapStrike = {78700: 78700}
avgOiPcrList2 = [np.float64(1.15), np.float64(1.18), np.float64(1.2), np.float64(1.22)] atmStrikeNotShiftedCount= 4
False   4   4
SUPP_RES=== 79000  Buffer= 28
CEoich val =  391100.0  PEoich val =  255820.0 , CE > PE by 34.6%
SUPP_RES TOTAL OI: CE= 965840  PE= 295840 , CE > PE by 69.4%
IS_MORNING_WINDOW= False  (active 9:15-9:48 IST)
================================================
==== signal check time ==== 2026-08-03 10:06:01.434867
IS_CHOI_DIFF_GT_25PERC== True
MAIN_LOOP_DATA_FETCH_FAILED: 6 columns passed, passed data had 7 columns — skipping this candle, will retry next cycle
India VIX = 11.82  Spot Price = 78654.05
IV Regime = LOW (ADAPTIVE: P25= 12.33  P50= 12.9  P75= 13.31 ) | DailyRange = 1328.1 | 3minCandleRange = 69.9 (theoretical= 116.5 ) | ATMoptionMove = 31.5 | SL = 110 | Target = 110 | TrailTrigger = 31 | Spread = 300 | Buffer = 28
IV Params refreshed: {'vix': 11.82, 'bn_price': 78654.05, 'regime': 'LOW', 'regime_thresholds': 'P25=12.33 P50=12.9 P75=13.31', 'daily_range': 1328.1, 'candle_range': 69.9, 'atm_option_move': 31.5, 'sl_point': 110, 'target_point': 110, 'sl_pct_of_premium': 0.1, 'trail_trigger': 31, 'spread_width': 300, 'support_resistance_buffer': 28}
BSE:SENSEX-INDEX  strikecount= 8   fyers <fyers_apiv3.fyersModel.FyersModel object at 0x74252d4f1d30>
===
====after 3 min ochain==== 2026-08-03 10:09:00.015599
                                    oipcr   choipcr   totalOI
pcr1 =  BSE:SENSEX2680679500PE   0.05   0.12 CALL added 159300   PUT added 19720  OI= 27860
pcr2 =  BSE:SENSEX2680679400CE   0.1   0.18 CALL added 74160   PUT added 13420  OI= 161400
pcr3 =  BSE:SENSEX2680679300CE   0.11   0.24 CALL added 51840   PUT added 12440  OI= 149900
pcr4 =  BSE:SENSEX2680679200CE   0.11   0.19 CALL added 110840   PUT added 21480  OI= 237820
pcr5 =  BSE:SENSEX2680679100CE   0.66   1.1 CALL added 119880   PUT added 131460  OI= 205680
pcr6 =  BSE:SENSEX2680679000CE   0.32    0.67 CALL added 399160   PUT added 269080  OI= 973900
pcr7 =  BSE:SENSEX2680678900CE   0.54   0.65 CALL added 227360   PUT added 148320  OI= 298740
pcr8 =  BSE:SENSEX2680678800CE   0.51   0.68 CALL added 306640   PUT added 209660  OI= 442860
pcr9 =  BSE:SENSEX2680678700PE   0.82   1.0 CALL added 447380   PUT added 448480  OI= 467200
pcr10 =  BSE:SENSEX2680678600PE   1.31   2.47 CALL added 286880   PUT added 708260  OI= 726540
pcr11 =  BSE:SENSEX2680678500CE   1.14   7.01 CALL added 76200   PUT added 533820  OI= 574420
pcr12 =  BSE:SENSEX2680678400CE   2.12   -2.9 CALL unwind -78740   PUT added 228180  OI= 136840
pcr13 =  BSE:SENSEX2680678300PE   2.08   -0.83 CALL unwind -199400   PUT added 165880  OI= 291700
pcr14 =  BSE:SENSEX2680678200CE   3.14   -0.95 CALL unwind -171920   PUT added 162980  OI= 150340
pcr15 =  BSE:SENSEX2680678100CE   2.44   -0.17 CALL unwind -213960   PUT added 35760  OI= 121220
pcr16 =  BSE:SENSEX2680678000CE   2.33   -1.38 CALL unwind -193240   PUT added 266900  OI= 437060
pcr17 =  BSE:SENSEX2680677900CE   3.29   0.06 CALL unwind -48880   PUT unwind -2760  OI= 112760
pcrSummation= 4.48  result =  ['BSE:SENSEX2680679400CE', 'BSE:SENSEX2680679300CE', 'BSE:SENSEX2680679200CE', 'BSE:SENSEX2680679100CE', 'BSE:SENSEX2680679000CE', 'BSE:SENSEX2680678900CE', 'BSE:SENSEX2680678800CE', 'BSE:SENSEX2680678700PE', 'BSE:SENSEX2680678600PE']
PCRSUM== 21.07
pcrSummation== 4.48
VOLPCRSUM== 2.29
spotLTP =  78654.05  ATM_STRIKE =  78700
IS_ATM_STRIKE_SHIFT = False  mapStrike = {78700: 78700}
avgOiPcrList2 = [np.float64(1.15), np.float64(1.18), np.float64(1.2), np.float64(1.22), np.float64(1.24)] atmStrikeNotShiftedCount= 5
False   5   5
SUPP_RES=== 79000  Buffer= 28
CEoich val =  399160.0  PEoich val =  269080.0 , CE > PE by 32.6%
SUPP_RES TOTAL OI: CE= 973900  PE= 309100 , CE > PE by 68.3%
IS_MORNING_WINDOW= False  (active 9:15-9:48 IST)
================================================
==== signal check time ==== 2026-08-03 10:09:01.417200
IS_CHOI_DIFF_GT_25PERC== True
MAIN_LOOP_DATA_FETCH_FAILED: 6 columns passed, passed data had 7 columns — skipping this candle, will retry next cycle
India VIX = 11.82  Spot Price = 78672.84
IV Regime = LOW (ADAPTIVE: P25= 12.33  P50= 12.9  P75= 13.31 ) | DailyRange = 1328.4 | 3minCandleRange = 69.9 (theoretical= 116.5 ) | ATMoptionMove = 31.5 | SL = 110 | Target = 110 | TrailTrigger = 31 | Spread = 300 | Buffer = 28
IV Params refreshed: {'vix': 11.82, 'bn_price': 78672.84, 'regime': 'LOW', 'regime_thresholds': 'P25=12.33 P50=12.9 P75=13.31', 'daily_range': 1328.4, 'candle_range': 69.9, 'atm_option_move': 31.5, 'sl_point': 110, 'target_point': 110, 'sl_pct_of_premium': 0.1, 'trail_trigger': 31, 'spread_width': 300, 'support_resistance_buffer': 28}
BSE:SENSEX-INDEX  strikecount= 8   fyers <fyers_apiv3.fyersModel.FyersModel object at 0x74252d4f1d30>
===
====after 3 min ochain==== 2026-08-03 10:12:00.015508
                                    oipcr   choipcr   totalOI
pcr1 =  BSE:SENSEX2680679500PE   0.05   0.12 CALL added 168000   PUT added 20320  OI= 28460
pcr2 =  BSE:SENSEX2680679400CE   0.1   0.17 CALL added 77520   PUT added 13400  OI= 164760
pcr3 =  BSE:SENSEX2680679300CE   0.1   0.23 CALL added 53240   PUT added 12440  OI= 151300
pcr4 =  BSE:SENSEX2680679200CE   0.11   0.19 CALL added 112660   PUT added 21120  OI= 239640
pcr5 =  BSE:SENSEX2680679100CE   0.66   1.09 CALL added 123220   PUT added 134660  OI= 209020
pcr6 =  BSE:SENSEX2680679000CE   0.32    0.68 CALL added 405060   PUT added 274700  OI= 979800
pcr7 =  BSE:SENSEX2680678900CE   0.54   0.65 CALL added 228300   PUT added 147760  OI= 299680
pcr8 =  BSE:SENSEX2680678800CE   0.51   0.67 CALL added 310800   PUT added 209600  OI= 447020
pcr9 =  BSE:SENSEX2680678700PE   0.84   1.02 CALL added 461460   PUT added 469020  OI= 487740
pcr10 =  BSE:SENSEX2680678600PE   1.28   2.35 CALL added 306360   PUT added 718920  OI= 737200
pcr11 =  BSE:SENSEX2680678500CE   1.13   6.66 CALL added 80260   PUT added 534180  OI= 578480
pcr12 =  BSE:SENSEX2680678400CE   2.06   -2.95 CALL unwind -76440   PUT added 225560  OI= 139140
pcr13 =  BSE:SENSEX2680678300PE   2.08   -0.84 CALL unwind -199020   PUT added 166740  OI= 292560
pcr14 =  BSE:SENSEX2680678200CE   3.16   -0.93 CALL unwind -173280   PUT added 160800  OI= 148980
pcr15 =  BSE:SENSEX2680678100CE   2.48   -0.17 CALL unwind -215020   PUT added 37080  OI= 120160
pcr16 =  BSE:SENSEX2680678000CE   2.33   -1.36 CALL unwind -193380   PUT added 263300  OI= 436920
pcr17 =  BSE:SENSEX2680677900CE   3.29   0.06 CALL unwind -49020   PUT unwind -2720  OI= 112620
pcrSummation= 4.46  result =  ['BSE:SENSEX2680679400CE', 'BSE:SENSEX2680679300CE', 'BSE:SENSEX2680679200CE', 'BSE:SENSEX2680679100CE', 'BSE:SENSEX2680679000CE', 'BSE:SENSEX2680678900CE', 'BSE:SENSEX2680678800CE', 'BSE:SENSEX2680678700PE', 'BSE:SENSEX2680678600PE']
PCRSUM== 21.04
pcrSummation== 4.46
VOLPCRSUM== 2.3
spotLTP =  78672.84  ATM_STRIKE =  78700
IS_ATM_STRIKE_SHIFT = False  mapStrike = {78700: 78700}
avgOiPcrList2 = [np.float64(1.15), np.float64(1.18), np.float64(1.2), np.float64(1.22), np.float64(1.24), np.float64(1.24)] atmStrikeNotShiftedCount= 6
False   6   6
SUPP_RES=== 79000  Buffer= 28
CEoich val =  405060.0  PEoich val =  274700.0 , CE > PE by 32.2%
SUPP_RES TOTAL OI: CE= 979800  PE= 314720 , CE > PE by 67.9%
IS_MORNING_WINDOW= False  (active 9:15-9:48 IST)
================================================
==== signal check time ==== 2026-08-03 10:12:01.533827
IS_CHOI_DIFF_GT_25PERC== True
MAIN_LOOP_DATA_FETCH_FAILED: 6 columns passed, passed data had 7 columns — skipping this candle, will retry next cycle
India VIX = 11.84  Spot Price = 78711.72
IV Regime = LOW (ADAPTIVE: P25= 12.33  P50= 12.9  P75= 13.31 ) | DailyRange = 1331.4 | 3minCandleRange = 70.1 (theoretical= 116.8 ) | ATMoptionMove = 31.5 | SL = 110 | Target = 110 | TrailTrigger = 32 | Spread = 300 | Buffer = 28
IV Params refreshed: {'vix': 11.84, 'bn_price': 78711.72, 'regime': 'LOW', 'regime_thresholds': 'P25=12.33 P50=12.9 P75=13.31', 'daily_range': 1331.4, 'candle_range': 70.1, 'atm_option_move': 31.5, 'sl_point': 110, 'target_point': 110, 'sl_pct_of_premium': 0.1, 'trail_trigger': 32, 'spread_width': 300, 'support_resistance_buffer': 28}
BSE:SENSEX-INDEX  strikecount= 8   fyers <fyers_apiv3.fyersModel.FyersModel object at 0x74252d4f1d30>
===
====after 3 min ochain==== 2026-08-03 10:15:00.020556
                                    oipcr   choipcr   totalOI
pcr1 =  BSE:SENSEX2680679500PE   0.05   0.12 CALL added 175060   PUT added 20740  OI= 28880
pcr2 =  BSE:SENSEX2680679400CE   0.09   0.17 CALL added 79500   PUT added 13480  OI= 166740
pcr3 =  BSE:SENSEX2680679300CE   0.1   0.24 CALL added 52460   PUT added 12440  OI= 150520
pcr4 =  BSE:SENSEX2680679200CE   0.11   0.2 CALL added 110880   PUT added 21900  OI= 237860
pcr5 =  BSE:SENSEX2680679100CE   0.68   1.14 CALL added 121820   PUT added 138380  OI= 207620
pcr6 =  BSE:SENSEX2680679000CE   0.32    0.68 CALL added 408000   PUT added 277020  OI= 982740
pcr7 =  BSE:SENSEX2680678900CE   0.55   0.66 CALL added 227240   PUT added 149620  OI= 298620
pcr8 =  BSE:SENSEX2680678800CE   0.51   0.68 CALL added 316520   PUT added 216500  OI= 452740
pcr9 =  BSE:SENSEX2680678700PE   0.84   1.02 CALL added 473140   PUT added 483560  OI= 502280
pcr10 =  BSE:SENSEX2680678600PE   1.31   2.41 CALL added 303940   PUT added 732980  OI= 751260
pcr11 =  BSE:SENSEX2680678500CE   1.13   6.28 CALL added 85620   PUT added 537500  OI= 583840
pcr12 =  BSE:SENSEX2680678400CE   2.18   -2.81 CALL unwind -81720   PUT added 229680  OI= 133860
pcr13 =  BSE:SENSEX2680678300PE   2.1   -0.87 CALL unwind -198060   PUT added 171600  OI= 297420
pcr14 =  BSE:SENSEX2680678200CE   3.22   -0.96 CALL unwind -174380   PUT added 166880  OI= 147880
pcr15 =  BSE:SENSEX2680678100CE   2.54   -0.19 CALL unwind -216560   PUT added 41240  OI= 118620
pcr16 =  BSE:SENSEX2680678000CE   2.31   -1.5 CALL unwind -184540   PUT added 276340  OI= 445760
pcr17 =  BSE:SENSEX2680677900CE   3.33   -0.04 CALL unwind -49000   PUT added 1860  OI= 112640
pcrSummation= 4.51  result =  ['BSE:SENSEX2680679400CE', 'BSE:SENSEX2680679300CE', 'BSE:SENSEX2680679200CE', 'BSE:SENSEX2680679100CE', 'BSE:SENSEX2680679000CE', 'BSE:SENSEX2680678900CE', 'BSE:SENSEX2680678800CE', 'BSE:SENSEX2680678700PE', 'BSE:SENSEX2680678600PE']
PCRSUM== 21.37
pcrSummation== 4.51
VOLPCRSUM== 2.33
spotLTP =  78711.72  ATM_STRIKE =  78700
IS_ATM_STRIKE_SHIFT = False  mapStrike = {78700: 78700}
avgOiPcrList2 = [np.float64(1.15), np.float64(1.18), np.float64(1.2), np.float64(1.22), np.float64(1.24), np.float64(1.24), np.float64(1.26)] atmStrikeNotShiftedCount= 7
False   7   7
SUPP_RES=== 79000  Buffer= 28
CEoich val =  408000.0  PEoich val =  277020.0 , CE > PE by 32.1%
SUPP_RES TOTAL OI: CE= 982740  PE= 317040 , CE > PE by 67.7%
IS_MORNING_WINDOW= False  (active 9:15-9:48 IST)
================================================
==== signal check time ==== 2026-08-03 10:15:01.535651
IS_CHOI_DIFF_GT_25PERC== True
MAIN_LOOP_DATA_FETCH_FAILED: 6 columns passed, passed data had 7 columns — skipping this candle, will retry next cycle
India VIX = 11.78  Spot Price = 78749.6
IV Regime = LOW (ADAPTIVE: P25= 12.33  P50= 12.9  P75= 13.31 ) | DailyRange = 1325.2 | 3minCandleRange = 69.7 (theoretical= 116.2 ) | ATMoptionMove = 31.4 | SL = 110 | Target = 110 | TrailTrigger = 31 | Spread = 300 | Buffer = 28
IV Params refreshed: {'vix': 11.78, 'bn_price': 78749.6, 'regime': 'LOW', 'regime_thresholds': 'P25=12.33 P50=12.9 P75=13.31', 'daily_range': 1325.2, 'candle_range': 69.7, 'atm_option_move': 31.4, 'sl_point': 110, 'target_point': 110, 'sl_pct_of_premium': 0.1, 'trail_trigger': 31, 'spread_width': 300, 'support_resistance_buffer': 28}
BSE:SENSEX-INDEX  strikecount= 8   fyers <fyers_apiv3.fyersModel.FyersModel object at 0x74252d4f1d30>
===
====after 3 min ochain==== 2026-08-03 10:18:00.023249
                                    oipcr   choipcr   totalOI
pcr1 =  BSE:SENSEX2680679500PE   0.06   0.14 CALL added 169260   PUT added 23360  OI= 31500
pcr2 =  BSE:SENSEX2680679400CE   0.1   0.18 CALL added 79060   PUT added 14300  OI= 166300
pcr3 =  BSE:SENSEX2680679300CE   0.11   0.25 CALL added 50300   PUT added 12460  OI= 148360
pcr4 =  BSE:SENSEX2680679200CE   0.13   0.24 CALL added 104200   PUT added 24760  OI= 231180
pcr5 =  BSE:SENSEX2680679100CE   0.72   1.23 CALL added 114320   PUT added 140940  OI= 200120
pcr6 =  BSE:SENSEX2680679000CE   0.34    0.74 CALL added 378560   PUT added 279540  OI= 953300
pcr7 =  BSE:SENSEX2680678900CE   0.57   0.68 CALL added 229160   PUT added 156840  OI= 300540
pcr8 =  BSE:SENSEX2680678800CE   0.62   0.84 CALL added 303200   PUT added 256000  OI= 439420
pcr9 =  BSE:SENSEX2680678700PE   0.94   1.15 CALL added 449240   PUT added 516700  OI= 535420
pcr10 =  BSE:SENSEX2680678600PE   1.42   2.76 CALL added 272320   PUT added 750820  OI= 769100
pcr11 =  BSE:SENSEX2680678500CE   1.29   24.26 CALL added 22640   PUT added 549320  OI= 520860
pcr12 =  BSE:SENSEX2680678400CE   2.32   -2.82 CALL unwind -85300   PUT added 240360  OI= 130280
pcr13 =  BSE:SENSEX2680678300PE   2.27   -0.85 CALL unwind -206740   PUT added 176160  OI= 301980
pcr14 =  BSE:SENSEX2680678200CE   3.31   -0.96 CALL unwind -177240   PUT added 170620  OI= 145020
pcr15 =  BSE:SENSEX2680678100CE   2.59   -0.21 CALL unwind -216820   PUT added 46020  OI= 118360
pcr16 =  BSE:SENSEX2680678000CE   2.38   -1.56 CALL unwind -190020   PUT added 296020  OI= 440280
pcr17 =  BSE:SENSEX2680677900CE   3.37   -0.08 CALL unwind -49600   PUT added 3980  OI= 112040
pcrSummation= 4.95  result =  ['BSE:SENSEX2680679400CE', 'BSE:SENSEX2680679300CE', 'BSE:SENSEX2680679200CE', 'BSE:SENSEX2680679100CE', 'BSE:SENSEX2680679000CE', 'BSE:SENSEX2680678900CE', 'BSE:SENSEX2680678800CE', 'BSE:SENSEX2680678700PE', 'BSE:SENSEX2680678600PE']
PCRSUM== 22.54
pcrSummation== 4.95
VOLPCRSUM== 2.31
spotLTP =  78747.19  ATM_STRIKE =  78700
IS_ATM_STRIKE_SHIFT = False  mapStrike = {78700: 78700}
avgOiPcrList2 = [np.float64(1.15), np.float64(1.18), np.float64(1.2), np.float64(1.22), np.float64(1.24), np.float64(1.24), np.float64(1.26), np.float64(1.33)] atmStrikeNotShiftedCount= 8
False   8   8
SUPP_RES=== 79000  Buffer= 28
CEoich val =  378560.0  PEoich val =  279540.0 , CE > PE by 26.2%
SUPP_RES TOTAL OI: CE= 953300  PE= 319560 , CE > PE by 66.5%
IS_MORNING_WINDOW= False  (active 9:15-9:48 IST)
================================================
==== signal check time ==== 2026-08-03 10:18:01.526807
IS_CHOI_DIFF_GT_25PERC== True
MAIN_LOOP_DATA_FETCH_FAILED: 6 columns passed, passed data had 7 columns — skipping this candle, will retry next cycle
India VIX = 11.83  Spot Price = 78731.73
IV Regime = LOW (ADAPTIVE: P25= 12.33  P50= 12.9  P75= 13.31 ) | DailyRange = 1330.6 | 3minCandleRange = 70.0 (theoretical= 116.7 ) | ATMoptionMove = 31.5 | SL = 110 | Target = 110 | TrailTrigger = 32 | Spread = 300 | Buffer = 28
IV Params refreshed: {'vix': 11.83, 'bn_price': 78731.73, 'regime': 'LOW', 'regime_thresholds': 'P25=12.33 P50=12.9 P75=13.31', 'daily_range': 1330.6, 'candle_range': 70.0, 'atm_option_move': 31.5, 'sl_point': 110, 'target_point': 110, 'sl_pct_of_premium': 0.1, 'trail_trigger': 32, 'spread_width': 300, 'support_resistance_buffer': 28}
BSE:SENSEX-INDEX  strikecount= 8   fyers <fyers_apiv3.fyersModel.FyersModel object at 0x74252d4f1d30>
===
====after 3 min ochain==== 2026-08-03 10:21:00.017672
                                    oipcr   choipcr   totalOI
pcr1 =  BSE:SENSEX2680679500PE   0.06   0.17 CALL added 154520   PUT added 25820  OI= 33960
pcr2 =  BSE:SENSEX2680679400CE   0.11   0.2 CALL added 75540   PUT added 15240  OI= 162780
pcr3 =  BSE:SENSEX2680679300CE   0.12   0.29 CALL added 48960   PUT added 14140  OI= 147020
pcr4 =  BSE:SENSEX2680679200CE   0.16   0.32 CALL added 95100   PUT added 30740  OI= 222080
pcr5 =  BSE:SENSEX2680679100CE   0.76   1.35 CALL added 105820   PUT added 143000  OI= 191620
pcr6 =  BSE:SENSEX2680679000CE   0.36    0.82 CALL added 368100   PUT added 300680  OI= 942840
pcr7 =  BSE:SENSEX2680678900CE   0.59   0.72 CALL added 229160   PUT added 164480  OI= 300540
pcr8 =  BSE:SENSEX2680678800CE   0.63   0.85 CALL added 323160   PUT added 273600  OI= 459380
pcr9 =  BSE:SENSEX2680678700PE   1.01   1.25 CALL added 442160   PUT added 553080  OI= 571800
pcr10 =  BSE:SENSEX2680678600PE   1.52   3.11 CALL added 245200   PUT added 761740  OI= 780020
pcr11 =  BSE:SENSEX2680678500CE   1.37   47.09 CALL added 12280   PUT added 578320  OI= 510500
pcr12 =  BSE:SENSEX2680678400CE   2.5   -2.67 CALL unwind -92320   PUT added 246440  OI= 123260
pcr13 =  BSE:SENSEX2680678300PE   2.53   -0.78 CALL unwind -221860   PUT added 172160  OI= 297980
pcr14 =  BSE:SENSEX2680678200CE   3.4   -0.94 CALL unwind -181240   PUT added 170280  OI= 141020
pcr15 =  BSE:SENSEX2680678100CE   2.69   -0.21 CALL unwind -220640   PUT added 47280  OI= 114540
pcr16 =  BSE:SENSEX2680678000CE   2.4   -1.55 CALL unwind -192500   PUT added 298080  OI= 437800
pcr17 =  BSE:SENSEX2680677900CE   3.43   -0.16 CALL unwind -50200   PUT added 8200  OI= 111440
pcrSummation= 5.26  result =  ['BSE:SENSEX2680679400CE', 'BSE:SENSEX2680679300CE', 'BSE:SENSEX2680679200CE', 'BSE:SENSEX2680679100CE', 'BSE:SENSEX2680679000CE', 'BSE:SENSEX2680678900CE', 'BSE:SENSEX2680678800CE', 'BSE:SENSEX2680678700PE', 'BSE:SENSEX2680678600PE']
PCRSUM== 23.64
pcrSummation== 5.26
VOLPCRSUM== 2.31
spotLTP =  78732.42  ATM_STRIKE =  78700
IS_ATM_STRIKE_SHIFT = False  mapStrike = {78700: 78700}
avgOiPcrList2 = [np.float64(1.15), np.float64(1.18), np.float64(1.2), np.float64(1.22), np.float64(1.24), np.float64(1.24), np.float64(1.26), np.float64(1.33), np.float64(1.39)] atmStrikeNotShiftedCount= 9
False   9   9
SUPP_RES=== 79000  Buffer= 28
CEoich val =  368100.0  PEoich val =  300680.0 , CE > PE by 18.3%
SUPP_RES TOTAL OI: CE= 942840  PE= 340700 , CE > PE by 63.9%
IS_MORNING_WINDOW= False  (active 9:15-9:48 IST)
================================================
==== signal check time ==== 2026-08-03 10:21:01.431952
IS_CHOI_DIFF_GT_25PERC== False
MAIN_LOOP_DATA_FETCH_FAILED: 6 columns passed, passed data had 7 columns — skipping this candle, will retry next cycle
India VIX = 11.82  Spot Price = 78689.74
IV Regime = LOW (ADAPTIVE: P25= 12.33  P50= 12.9  P75= 13.31 ) | DailyRange = 1328.7 | 3minCandleRange = 69.9 (theoretical= 116.5 ) | ATMoptionMove = 31.5 | SL = 110 | Target = 110 | TrailTrigger = 31 | Spread = 300 | Buffer = 28
IV Params refreshed: {'vix': 11.82, 'bn_price': 78689.74, 'regime': 'LOW', 'regime_thresholds': 'P25=12.33 P50=12.9 P75=13.31', 'daily_range': 1328.7, 'candle_range': 69.9, 'atm_option_move': 31.5, 'sl_point': 110, 'target_point': 110, 'sl_pct_of_premium': 0.1, 'trail_trigger': 31, 'spread_width': 300, 'support_resistance_buffer': 28}
BSE:SENSEX-INDEX  strikecount= 8   fyers <fyers_apiv3.fyersModel.FyersModel object at 0x74252d4f1d30>
===
====after 3 min ochain==== 2026-08-03 10:24:00.016185
                                    oipcr   choipcr   totalOI
pcr1 =  BSE:SENSEX2680679500PE   0.06   0.17 CALL added 159980   PUT added 26660  OI= 34800
pcr2 =  BSE:SENSEX2680679400CE   0.11   0.21 CALL added 70640   PUT added 15120  OI= 157880
pcr3 =  BSE:SENSEX2680679300CE   0.11   0.27 CALL added 50400   PUT added 13580  OI= 148460
pcr4 =  BSE:SENSEX2680679200CE   0.15   0.27 CALL added 108920   PUT added 29600  OI= 235900
pcr5 =  BSE:SENSEX2680679100CE   0.86   1.56 CALL added 101640   PUT added 158060  OI= 187440
pcr6 =  BSE:SENSEX2680679000CE   0.38    0.86 CALL added 381680   PUT added 327300  OI= 956420
pcr7 =  BSE:SENSEX2680678900CE   0.62   0.75 CALL added 244140   PUT added 182540  OI= 315520
pcr8 =  BSE:SENSEX2680678800CE   0.61   0.79 CALL added 371780   PUT added 292920  OI= 508000
pcr9 =  BSE:SENSEX2680678700PE   1.07   1.32 CALL added 444780   PUT added 585460  OI= 604180
pcr10 =  BSE:SENSEX2680678600PE   1.31   2.33 CALL added 327300   PUT added 761320  OI= 779600
pcr11 =  BSE:SENSEX2680678500CE   1.5   -40.98 CALL unwind -14720   PUT added 603160  OI= 483500
pcr12 =  BSE:SENSEX2680678400CE   2.59   -2.85 CALL unwind -91400   PUT added 260180  OI= 124180
pcr13 =  BSE:SENSEX2680678300PE   2.63   -0.74 CALL unwind -227580   PUT added 168240  OI= 294060
pcr14 =  BSE:SENSEX2680678200CE   3.46   -0.9 CALL unwind -184700   PUT added 166700  OI= 137560
pcr15 =  BSE:SENSEX2680678100CE   2.76   -0.23 CALL unwind -222680   PUT added 50200  OI= 112500
pcr16 =  BSE:SENSEX2680678000CE   2.43   -1.59 CALL unwind -193780   PUT added 308240  OI= 436520
pcr17 =  BSE:SENSEX2680677900CE   3.4   -0.03 CALL unwind -51140   PUT added 1460  OI= 110500
pcrSummation= 5.220000000000001  result =  ['BSE:SENSEX2680679400CE', 'BSE:SENSEX2680679300CE', 'BSE:SENSEX2680679200CE', 'BSE:SENSEX2680679100CE', 'BSE:SENSEX2680679000CE', 'BSE:SENSEX2680678900CE', 'BSE:SENSEX2680678800CE', 'BSE:SENSEX2680678700PE', 'BSE:SENSEX2680678600PE']
PCRSUM== 24.05
pcrSummation== 5.22
VOLPCRSUM== 2.33
spotLTP =  78692.69  ATM_STRIKE =  78700
IS_ATM_STRIKE_SHIFT = False  mapStrike = {78700: 78700}
avgOiPcrList2 = [np.float64(1.15), np.float64(1.18), np.float64(1.2), np.float64(1.22), np.float64(1.24), np.float64(1.24), np.float64(1.26), np.float64(1.33), np.float64(1.39), np.float64(1.41)] atmStrikeNotShiftedCount= 10
False   10   10
SUPP_RES=== 79000  Buffer= 28
CEoich val =  381680.0  PEoich val =  327300.0 , CE > PE by 14.2%
SUPP_RES TOTAL OI: CE= 956420  PE= 367320 , CE > PE by 61.6%
IS_MORNING_WINDOW= False  (active 9:15-9:48 IST)
================================================
==== signal check time ==== 2026-08-03 10:24:01.440662
IS_CHOI_DIFF_GT_25PERC== False
MAIN_LOOP_DATA_FETCH_FAILED: 6 columns passed, passed data had 7 columns — skipping this candle, will retry next cycle
India VIX = 11.84  Spot Price = 78713.58
IV Regime = LOW (ADAPTIVE: P25= 12.33  P50= 12.9  P75= 13.31 ) | DailyRange = 1331.4 | 3minCandleRange = 70.1 (theoretical= 116.8 ) | ATMoptionMove = 31.5 | SL = 110 | Target = 110 | TrailTrigger = 32 | Spread = 300 | Buffer = 28
IV Params refreshed: {'vix': 11.84, 'bn_price': 78713.58, 'regime': 'LOW', 'regime_thresholds': 'P25=12.33 P50=12.9 P75=13.31', 'daily_range': 1331.4, 'candle_range': 70.1, 'atm_option_move': 31.5, 'sl_point': 110, 'target_point': 110, 'sl_pct_of_premium': 0.1, 'trail_trigger': 32, 'spread_width': 300, 'support_resistance_buffer': 28}
BSE:SENSEX-INDEX  strikecount= 8   fyers <fyers_apiv3.fyersModel.FyersModel object at 0x74252d4f1d30>
===
====after 3 min ochain==== 2026-08-03 10:27:00.017796
                                    oipcr   choipcr   totalOI
pcr1 =  BSE:SENSEX2680679500PE   0.06   0.16 CALL added 162540   PUT added 26720  OI= 34860
pcr2 =  BSE:SENSEX2680679400CE   0.11   0.2 CALL added 75960   PUT added 15120  OI= 163200
pcr3 =  BSE:SENSEX2680679300CE   0.11   0.25 CALL added 53360   PUT added 13080  OI= 151420
pcr4 =  BSE:SENSEX2680679200CE   0.14   0.25 CALL added 109440   PUT added 27740  OI= 236420
pcr5 =  BSE:SENSEX2680679100CE   0.86   1.53 CALL added 104620   PUT added 160480  OI= 190420
pcr6 =  BSE:SENSEX2680679000CE   0.4    0.88 CALL added 392880   PUT added 344180  OI= 967620
pcr7 =  BSE:SENSEX2680678900CE   0.61   0.72 CALL added 254460   PUT added 184380  OI= 325840
pcr8 =  BSE:SENSEX2680678800CE   0.6   0.77 CALL added 384300   PUT added 296420  OI= 520520
pcr9 =  BSE:SENSEX2680678700PE   1.05   1.29 CALL added 460720   PUT added 593840  OI= 612560
pcr10 =  BSE:SENSEX2680678600PE   1.25   2.12 CALL added 359700   PUT added 762860  OI= 781140
pcr11 =  BSE:SENSEX2680678500CE   1.51   -42.08 CALL unwind -14500   PUT added 610200  OI= 483720
pcr12 =  BSE:SENSEX2680678400CE   2.61   -2.85 CALL unwind -91880   PUT added 261700  OI= 123700
pcr13 =  BSE:SENSEX2680678300PE   2.64   -0.74 CALL unwind -228000   PUT added 168680  OI= 294500
pcr14 =  BSE:SENSEX2680678200CE   3.48   -0.91 CALL unwind -185140   PUT added 168120  OI= 137120
pcr15 =  BSE:SENSEX2680678100CE   2.81   -0.23 CALL unwind -224180   PUT added 50920  OI= 111000
pcr16 =  BSE:SENSEX2680678000CE   2.44   -1.61 CALL unwind -194260   PUT added 312860  OI= 436040
pcr17 =  BSE:SENSEX2680677900CE   3.41   -0.06 CALL unwind -51300   PUT added 2840  OI= 110340
pcrSummation= 5.13  result =  ['BSE:SENSEX2680679400CE', 'BSE:SENSEX2680679300CE', 'BSE:SENSEX2680679200CE', 'BSE:SENSEX2680679100CE', 'BSE:SENSEX2680679000CE', 'BSE:SENSEX2680678900CE', 'BSE:SENSEX2680678800CE', 'BSE:SENSEX2680678700PE', 'BSE:SENSEX2680678600PE']
PCRSUM== 24.09
pcrSummation== 5.13
VOLPCRSUM== 2.34
spotLTP =  78713.58  ATM_STRIKE =  78700
IS_ATM_STRIKE_SHIFT = False  mapStrike = {78700: 78700}
avgOiPcrList2 = [np.float64(1.15), np.float64(1.18), np.float64(1.2), np.float64(1.22), np.float64(1.24), np.float64(1.24), np.float64(1.26), np.float64(1.33), np.float64(1.39), np.float64(1.41), np.float64(1.42)] atmStrikeNotShiftedCount= 11
False   11   11
SUPP_RES=== 79000  Buffer= 28
CEoich val =  392880.0  PEoich val =  344180.0 , CE > PE by 12.4%
SUPP_RES TOTAL OI: CE= 967620  PE= 384200 , CE > PE by 60.3%
IS_MORNING_WINDOW= False  (active 9:15-9:48 IST)
================================================
==== signal check time ==== 2026-08-03 10:27:01.419056
IS_CHOI_DIFF_GT_25PERC== False
MAIN_LOOP_DATA_FETCH_FAILED: 6 columns passed, passed data had 7 columns — skipping this candle, will retry next cycle
India VIX = 11.89  Spot Price = 78707.81
IV Regime = LOW (ADAPTIVE: P25= 12.33  P50= 12.9  P75= 13.31 ) | DailyRange = 1336.9 | 3minCandleRange = 70.4 (theoretical= 117.3 ) | ATMoptionMove = 31.7 | SL = 111 | Target = 111 | TrailTrigger = 32 | Spread = 300 | Buffer = 28
IV Params refreshed: {'vix': 11.89, 'bn_price': 78707.81, 'regime': 'LOW', 'regime_thresholds': 'P25=12.33 P50=12.9 P75=13.31', 'daily_range': 1336.9, 'candle_range': 70.4, 'atm_option_move': 31.7, 'sl_point': 111, 'target_point': 111, 'sl_pct_of_premium': 0.1, 'trail_trigger': 32, 'spread_width': 300, 'support_resistance_buffer': 28}
BSE:SENSEX-INDEX  strikecount= 8   fyers <fyers_apiv3.fyersModel.FyersModel object at 0x74252d4f1d30>
===
====after 3 min ochain==== 2026-08-03 10:30:00.017732
                                    oipcr   choipcr   totalOI
pcr1 =  BSE:SENSEX2680679500PE   0.06   0.17 CALL added 166700   PUT added 27560  OI= 35700
pcr2 =  BSE:SENSEX2680679400CE   0.11   0.22 CALL added 75720   PUT added 16300  OI= 162960
pcr3 =  BSE:SENSEX2680679300CE   0.11   0.25 CALL added 54160   PUT added 13280  OI= 152220
pcr4 =  BSE:SENSEX2680679200CE   0.14   0.26 CALL added 113220   PUT added 29640  OI= 240200
pcr5 =  BSE:SENSEX2680679100CE   0.88   1.57 CALL added 104720   PUT added 164500  OI= 190520
pcr6 =  BSE:SENSEX2680679000CE   0.4    0.88 CALL added 395040   PUT added 348900  OI= 969780
pcr7 =  BSE:SENSEX2680678900CE   0.62   0.74 CALL added 259720   PUT added 191800  OI= 331100
pcr8 =  BSE:SENSEX2680678800CE   0.63   0.81 CALL added 383680   PUT added 310720  OI= 519900
pcr9 =  BSE:SENSEX2680678700PE   1.08   1.33 CALL added 462060   PUT added 613240  OI= 631960
pcr10 =  BSE:SENSEX2680678600PE   1.26   2.15 CALL added 358400   PUT added 772000  OI= 790280
pcr11 =  BSE:SENSEX2680678500CE   1.53   -39.86 CALL unwind -15500   PUT added 617840  OI= 482720
pcr12 =  BSE:SENSEX2680678400CE   2.68   -2.91 CALL unwind -92300   PUT added 268700  OI= 123280
pcr13 =  BSE:SENSEX2680678300PE   2.65   -0.74 CALL unwind -228100   PUT added 169020  OI= 294840
pcr14 =  BSE:SENSEX2680678200CE   3.5   -0.91 CALL unwind -185680   PUT added 168360  OI= 136580
pcr15 =  BSE:SENSEX2680678100CE   2.81   -0.22 CALL unwind -225180   PUT added 48780  OI= 110000
pcr16 =  BSE:SENSEX2680678000CE   2.45   -1.61 CALL unwind -194860   PUT added 313180  OI= 435440
pcr17 =  BSE:SENSEX2680677900CE   3.46   -0.15 CALL unwind -51300   PUT added 7760  OI= 110340
pcrSummation= 5.23  result =  ['BSE:SENSEX2680679400CE', 'BSE:SENSEX2680679300CE', 'BSE:SENSEX2680679200CE', 'BSE:SENSEX2680679100CE', 'BSE:SENSEX2680679000CE', 'BSE:SENSEX2680678900CE', 'BSE:SENSEX2680678800CE', 'BSE:SENSEX2680678700PE', 'BSE:SENSEX2680678600PE']
PCRSUM== 24.37
pcrSummation== 5.23
VOLPCRSUM== 2.34
spotLTP =  78710.88  ATM_STRIKE =  78700
IS_ATM_STRIKE_SHIFT = False  mapStrike = {78700: 78700}
avgOiPcrList2 = [np.float64(1.15), np.float64(1.18), np.float64(1.2), np.float64(1.22), np.float64(1.24), np.float64(1.24), np.float64(1.26), np.float64(1.33), np.float64(1.39), np.float64(1.41), np.float64(1.42), np.float64(1.43)] atmStrikeNotShiftedCount= 12
False   12   12
SUPP_RES=== 79000  Buffer= 28
CEoich val =  395040.0  PEoich val =  348900.0 , CE > PE by 11.7%
SUPP_RES TOTAL OI: CE= 969780  PE= 388920 , CE > PE by 59.9%
IS_MORNING_WINDOW= False  (active 9:15-9:48 IST)
================================================
==== signal check time ==== 2026-08-03 10:30:01.652936
IS_CHOI_DIFF_GT_25PERC== False
MAIN_LOOP_DATA_FETCH_FAILED: 6 columns passed, passed data had 7 columns — skipping this candle, will retry next cycle
India VIX = 11.86  Spot Price = 78692.84
IV Regime = LOW (ADAPTIVE: P25= 12.33  P50= 12.9  P75= 13.31 ) | DailyRange = 1333.3 | 3minCandleRange = 70.2 (theoretical= 116.9 ) | ATMoptionMove = 31.6 | SL = 111 | Target = 111 | TrailTrigger = 32 | Spread = 300 | Buffer = 28
IV Params refreshed: {'vix': 11.86, 'bn_price': 78692.84, 'regime': 'LOW', 'regime_thresholds': 'P25=12.33 P50=12.9 P75=13.31', 'daily_range': 1333.3, 'candle_range': 70.2, 'atm_option_move': 31.6, 'sl_point': 111, 'target_point': 111, 'sl_pct_of_premium': 0.1, 'trail_trigger': 32, 'spread_width': 300, 'support_resistance_buffer': 28}
BSE:SENSEX-INDEX  strikecount= 8   fyers <fyers_apiv3.fyersModel.FyersModel object at 0x74252d4f1d30>
===
====after 3 min ochain==== 2026-08-03 10:33:00.021547
                                    oipcr   choipcr   totalOI
pcr1 =  BSE:SENSEX2680679500PE   0.06   0.17 CALL added 169800   PUT added 28200  OI= 36340
pcr2 =  BSE:SENSEX2680679400CE   0.11   0.22 CALL added 74700   PUT added 16180  OI= 161940
pcr3 =  BSE:SENSEX2680679300CE   0.11   0.26 CALL added 54300   PUT added 13940  OI= 152360
pcr4 =  BSE:SENSEX2680679200CE   0.14   0.26 CALL added 115520   PUT added 29520  OI= 242500
pcr5 =  BSE:SENSEX2680679100CE   0.86   1.51 CALL added 109740   PUT added 165580  OI= 195540
pcr6 =  BSE:SENSEX2680679000CE   0.4    0.85 CALL added 415360   PUT added 354880  OI= 990100
pcr7 =  BSE:SENSEX2680678900CE   0.61   0.72 CALL added 268780   PUT added 193340  OI= 340160
pcr8 =  BSE:SENSEX2680678800CE   0.63   0.8 CALL added 405300   PUT added 322620  OI= 541520
pcr9 =  BSE:SENSEX2680678700PE   1.06   1.28 CALL added 483040   PUT added 620620  OI= 639340
pcr10 =  BSE:SENSEX2680678600PE   1.26   2.11 CALL added 373500   PUT added 788540  OI= 806820
pcr11 =  BSE:SENSEX2680678500CE   1.56   -45.28 CALL unwind -13960   PUT added 632060  OI= 484260
pcr12 =  BSE:SENSEX2680678400CE   2.62   -3.07 CALL unwind -88500   PUT added 271320  OI= 127080
pcr13 =  BSE:SENSEX2680678300PE   2.62   -0.76 CALL unwind -225640   PUT added 172500  OI= 298320
pcr14 =  BSE:SENSEX2680678200CE   3.53   -0.92 CALL unwind -185940   PUT added 171360  OI= 136320
pcr15 =  BSE:SENSEX2680678100CE   2.85   -0.23 CALL unwind -225740   PUT added 51400  OI= 109440
pcr16 =  BSE:SENSEX2680678000CE   2.46   -1.61 CALL unwind -195520   PUT added 315660  OI= 434780
pcr17 =  BSE:SENSEX2680677900CE   3.48   -0.22 CALL unwind -51120   PUT added 11140  OI= 110520
pcrSummation= 5.18  result =  ['BSE:SENSEX2680679400CE', 'BSE:SENSEX2680679300CE', 'BSE:SENSEX2680679200CE', 'BSE:SENSEX2680679100CE', 'BSE:SENSEX2680679000CE', 'BSE:SENSEX2680678900CE', 'BSE:SENSEX2680678800CE', 'BSE:SENSEX2680678700PE', 'BSE:SENSEX2680678600PE']
PCRSUM== 24.36
pcrSummation== 5.18
VOLPCRSUM== 2.34
spotLTP =  78692.84  ATM_STRIKE =  78700
IS_ATM_STRIKE_SHIFT = False  mapStrike = {78700: 78700}
avgOiPcrList2 = [np.float64(1.15), np.float64(1.18), np.float64(1.2), np.float64(1.22), np.float64(1.24), np.float64(1.24), np.float64(1.26), np.float64(1.33), np.float64(1.39), np.float64(1.41), np.float64(1.42), np.float64(1.43), np.float64(1.43)] atmStrikeNotShiftedCount= 13
False   13   13
SUPP_RES=== 79000  Buffer= 28
CEoich val =  415360.0  PEoich val =  354880.0 , CE > PE by 14.6%
SUPP_RES TOTAL OI: CE= 990100  PE= 394900 , CE > PE by 60.1%
IS_MORNING_WINDOW= False  (active 9:15-9:48 IST)
================================================
==== signal check time ==== 2026-08-03 10:33:01.492012
IS_CHOI_DIFF_GT_25PERC== False
MAIN_LOOP_DATA_FETCH_FAILED: 6 columns passed, passed data had 7 columns — skipping this candle, will retry next cycle
India VIX = 11.83  Spot Price = 78651.6
IV Regime = LOW (ADAPTIVE: P25= 12.33  P50= 12.9  P75= 13.31 ) | DailyRange = 1329.2 | 3minCandleRange = 69.9 (theoretical= 116.6 ) | ATMoptionMove = 31.5 | SL = 110 | Target = 110 | TrailTrigger = 31 | Spread = 300 | Buffer = 28
IV Params refreshed: {'vix': 11.83, 'bn_price': 78651.6, 'regime': 'LOW', 'regime_thresholds': 'P25=12.33 P50=12.9 P75=13.31', 'daily_range': 1329.2, 'candle_range': 69.9, 'atm_option_move': 31.5, 'sl_point': 110, 'target_point': 110, 'sl_pct_of_premium': 0.1, 'trail_trigger': 31, 'spread_width': 300, 'support_resistance_buffer': 28}
BSE:SENSEX-INDEX  strikecount= 8   fyers <fyers_apiv3.fyersModel.FyersModel object at 0x74252d4f1d30>
===
====after 3 min ochain==== 2026-08-03 10:36:00.028898
                                    oipcr   choipcr   totalOI
pcr1 =  BSE:SENSEX2680679500PE   0.06   0.17 CALL added 169540   PUT added 28140  OI= 36280
pcr2 =  BSE:SENSEX2680679400CE   0.11   0.2 CALL added 77520   PUT added 15380  OI= 164760
pcr3 =  BSE:SENSEX2680679300CE   0.11   0.22 CALL added 63740   PUT added 13900  OI= 161800
pcr4 =  BSE:SENSEX2680679200CE   0.13   0.23 CALL added 119820   PUT added 27840  OI= 246800
pcr5 =  BSE:SENSEX2680679100CE   0.86   1.49 CALL added 110720   PUT added 165300  OI= 196520
pcr6 =  BSE:SENSEX2680679000CE   0.4    0.86 CALL added 419900   PUT added 359920  OI= 994640
pcr7 =  BSE:SENSEX2680678900CE   0.59   0.7 CALL added 274560   PUT added 190980  OI= 345940
pcr8 =  BSE:SENSEX2680678800CE   0.64   0.81 CALL added 400780   PUT added 325360  OI= 537000
pcr9 =  BSE:SENSEX2680678700PE   1.06   1.29 CALL added 489980   PUT added 630720  OI= 649440
pcr10 =  BSE:SENSEX2680678600PE   1.24   2.05 CALL added 385840   PUT added 791820  OI= 810100
pcr11 =  BSE:SENSEX2680678500CE   1.56   -44.06 CALL unwind -14400   PUT added 634520  OI= 483820
pcr12 =  BSE:SENSEX2680678400CE   2.66   -3.12 CALL unwind -88660   PUT added 276440  OI= 126920
pcr13 =  BSE:SENSEX2680678300PE   2.57   -0.77 CALL unwind -223660   PUT added 172220  OI= 298040
pcr14 =  BSE:SENSEX2680678200CE   3.55   -0.91 CALL unwind -187220   PUT added 170520  OI= 135040
pcr15 =  BSE:SENSEX2680678100CE   2.84   -0.22 CALL unwind -226300   PUT added 48660  OI= 108880
pcr16 =  BSE:SENSEX2680678000CE   2.45   -1.58 CALL unwind -196140   PUT added 309820  OI= 434160
pcr17 =  BSE:SENSEX2680677900CE   3.45   -0.16 CALL unwind -51020   PUT added 8260  OI= 110620
pcrSummation= 5.14  result =  ['BSE:SENSEX2680679400CE', 'BSE:SENSEX2680679300CE', 'BSE:SENSEX2680679200CE', 'BSE:SENSEX2680679100CE', 'BSE:SENSEX2680679000CE', 'BSE:SENSEX2680678900CE', 'BSE:SENSEX2680678800CE', 'BSE:SENSEX2680678700PE', 'BSE:SENSEX2680678600PE']
PCRSUM== 24.28
pcrSummation== 5.14
VOLPCRSUM== 2.41
spotLTP =  78652.19  ATM_STRIKE =  78700
IS_ATM_STRIKE_SHIFT = False  mapStrike = {78700: 78700}
avgOiPcrList2 = [np.float64(1.15), np.float64(1.18), np.float64(1.2), np.float64(1.22), np.float64(1.24), np.float64(1.24), np.float64(1.26), np.float64(1.33), np.float64(1.39), np.float64(1.41), np.float64(1.42), np.float64(1.43), np.float64(1.43), np.float64(1.43)] atmStrikeNotShiftedCount= 14
False   14   14
SUPP_RES=== 79000  Buffer= 28
CEoich val =  419900.0  PEoich val =  359920.0 , CE > PE by 14.3%
SUPP_RES TOTAL OI: CE= 994640  PE= 399940 , CE > PE by 59.8%
IS_MORNING_WINDOW= False  (active 9:15-9:48 IST)
================================================
==== signal check time ==== 2026-08-03 10:36:01.596412
IS_CHOI_DIFF_GT_25PERC== False
MAIN_LOOP_DATA_FETCH_FAILED: 6 columns passed, passed data had 7 columns — skipping this candle, will retry next cycle
India VIX = 11.83  Spot Price = 78703.32
IV Regime = LOW (ADAPTIVE: P25= 12.33  P50= 12.9  P75= 13.31 ) | DailyRange = 1330.1 | 3minCandleRange = 70.0 (theoretical= 116.7 ) | ATMoptionMove = 31.5 | SL = 110 | Target = 110 | TrailTrigger = 31 | Spread = 300 | Buffer = 28
IV Params refreshed: {'vix': 11.83, 'bn_price': 78703.32, 'regime': 'LOW', 'regime_thresholds': 'P25=12.33 P50=12.9 P75=13.31', 'daily_range': 1330.1, 'candle_range': 70.0, 'atm_option_move': 31.5, 'sl_point': 110, 'target_point': 110, 'sl_pct_of_premium': 0.1, 'trail_trigger': 31, 'spread_width': 300, 'support_resistance_buffer': 28}
BSE:SENSEX-INDEX  strikecount= 8   fyers <fyers_apiv3.fyersModel.FyersModel object at 0x74252d4f1d30>
===
====after 3 min ochain==== 2026-08-03 10:39:00.020009
                                    oipcr   choipcr   totalOI
pcr1 =  BSE:SENSEX2680679500PE   0.06   0.16 CALL added 172660   PUT added 27640  OI= 35780
pcr2 =  BSE:SENSEX2680679400CE   0.11   0.22 CALL added 72260   PUT added 15540  OI= 159500
pcr3 =  BSE:SENSEX2680679300CE   0.11   0.22 CALL added 65820   PUT added 14280  OI= 163880
pcr4 =  BSE:SENSEX2680679200CE   0.13   0.23 CALL added 121900   PUT added 27440  OI= 248880
pcr5 =  BSE:SENSEX2680679100CE   0.85   1.49 CALL added 108780   PUT added 162020  OI= 194580
pcr6 =  BSE:SENSEX2680679000CE   0.41    0.87 CALL added 423160   PUT added 369680  OI= 997900
pcr7 =  BSE:SENSEX2680678900CE   0.59   0.69 CALL added 270600   PUT added 186820  OI= 341980
pcr8 =  BSE:SENSEX2680678800CE   0.64   0.82 CALL added 401080   PUT added 329060  OI= 537300
pcr9 =  BSE:SENSEX2680678700PE   1.02   1.23 CALL added 501220   PUT added 616920  OI= 635640
pcr10 =  BSE:SENSEX2680678600PE   1.39   2.51 CALL added 314840   PUT added 791420  OI= 809700
pcr11 =  BSE:SENSEX2680678500CE   1.55   -58.25 CALL unwind -10920   PUT added 636060  OI= 487300
pcr12 =  BSE:SENSEX2680678400CE   2.73   -3.19 CALL unwind -88940   PUT added 283560  OI= 126640
pcr13 =  BSE:SENSEX2680678300PE   2.62   -0.78 CALL unwind -224680   PUT added 175220  OI= 301040
pcr14 =  BSE:SENSEX2680678200CE   3.5   -0.9 CALL unwind -186360   PUT added 166800  OI= 135900
pcr15 =  BSE:SENSEX2680678100CE   2.87   -0.21 CALL unwind -227680   PUT added 47840  OI= 107500
pcr16 =  BSE:SENSEX2680678000CE   2.49   -1.64 CALL unwind -197420   PUT added 323240  OI= 432880
pcr17 =  BSE:SENSEX2680677900CE   3.47   -0.17 CALL unwind -51460   PUT added 8660  OI= 110180
pcrSummation= 5.25  result =  ['BSE:SENSEX2680679400CE', 'BSE:SENSEX2680679300CE', 'BSE:SENSEX2680679200CE', 'BSE:SENSEX2680679100CE', 'BSE:SENSEX2680679000CE', 'BSE:SENSEX2680678900CE', 'BSE:SENSEX2680678800CE', 'BSE:SENSEX2680678700PE', 'BSE:SENSEX2680678600PE']
PCRSUM== 24.54
pcrSummation== 5.25
VOLPCRSUM== 2.41
spotLTP =  78704.43  ATM_STRIKE =  78700
IS_ATM_STRIKE_SHIFT = False  mapStrike = {78700: 78700}
avgOiPcrList2 = [np.float64(1.15), np.float64(1.18), np.float64(1.2), np.float64(1.22), np.float64(1.24), np.float64(1.24), np.float64(1.26), np.float64(1.33), np.float64(1.39), np.float64(1.41), np.float64(1.42), np.float64(1.43), np.float64(1.43), np.float64(1.43), np.float64(1.44)] atmStrikeNotShiftedCount= 15
False   15   15
SUPP_RES=== 79000  Buffer= 28
CEoich val =  423160.0  PEoich val =  369680.0 , CE > PE by 12.6%
SUPP_RES TOTAL OI: CE= 997900  PE= 409700 , CE > PE by 58.9%
IS_MORNING_WINDOW= False  (active 9:15-9:48 IST)
================================================
==== signal check time ==== 2026-08-03 10:39:01.435939
IS_CHOI_DIFF_GT_25PERC== False
MAIN_LOOP_DATA_FETCH_FAILED: 6 columns passed, passed data had 7 columns — skipping this candle, will retry next cycle
India VIX = 11.85  Spot Price = 78701.74
IV Regime = LOW (ADAPTIVE: P25= 12.33  P50= 12.9  P75= 13.31 ) | DailyRange = 1332.3 | 3minCandleRange = 70.1 (theoretical= 116.9 ) | ATMoptionMove = 31.5 | SL = 110 | Target = 110 | TrailTrigger = 32 | Spread = 300 | Buffer = 28
IV Params refreshed: {'vix': 11.85, 'bn_price': 78701.74, 'regime': 'LOW', 'regime_thresholds': 'P25=12.33 P50=12.9 P75=13.31', 'daily_range': 1332.3, 'candle_range': 70.1, 'atm_option_move': 31.5, 'sl_point': 110, 'target_point': 110, 'sl_pct_of_premium': 0.1, 'trail_trigger': 32, 'spread_width': 300, 'support_resistance_buffer': 28}
BSE:SENSEX-INDEX  strikecount= 8   fyers <fyers_apiv3.fyersModel.FyersModel object at 0x74252d4f1d30>
===
====after 3 min ochain==== 2026-08-03 10:42:00.000003
                                    oipcr   choipcr   totalOI
pcr1 =  BSE:SENSEX2680679500PE   0.06   0.16 CALL added 181000   PUT added 28200  OI= 36340
pcr2 =  BSE:SENSEX2680679400CE   0.11   0.2 CALL added 74740   PUT added 15040  OI= 161980
pcr3 =  BSE:SENSEX2680679300CE   0.1   0.2 CALL added 68380   PUT added 13920  OI= 166440
pcr4 =  BSE:SENSEX2680679200CE   0.13   0.22 CALL added 130580   PUT added 28520  OI= 257560
pcr5 =  BSE:SENSEX2680679100CE   0.78   1.3 CALL added 123560   PUT added 160480  OI= 209360
pcr6 =  BSE:SENSEX2680679000CE   0.41    0.85 CALL added 438440   PUT added 371980  OI= 1013180
pcr7 =  BSE:SENSEX2680678900CE   0.57   0.67 CALL added 276180   PUT added 184520  OI= 347560
pcr8 =  BSE:SENSEX2680678800CE   0.64   0.81 CALL added 406860   PUT added 329260  OI= 543080
pcr9 =  BSE:SENSEX2680678700PE   1.03   1.24 CALL added 496480   PUT added 616840  OI= 635560
pcr10 =  BSE:SENSEX2680678600PE   1.33   2.33 CALL added 335760   PUT added 783120  OI= 801400
pcr11 =  BSE:SENSEX2680678500CE   1.57   -58.93 CALL unwind -10880   PUT added 641140  OI= 487340
pcr12 =  BSE:SENSEX2680678400CE   2.68   -3.37 CALL unwind -85260   PUT added 287520  OI= 130320
pcr13 =  BSE:SENSEX2680678300PE   2.62   -0.75 CALL unwind -226180   PUT added 170720  OI= 296540
pcr14 =  BSE:SENSEX2680678200CE   3.56   -0.88 CALL unwind -188760   PUT added 165860  OI= 133500
pcr15 =  BSE:SENSEX2680678100CE   2.87   -0.21 CALL unwind -227860   PUT added 46920  OI= 107320
pcr16 =  BSE:SENSEX2680678000CE   2.47   -1.66 CALL unwind -194940   PUT added 323640  OI= 435360
pcr17 =  BSE:SENSEX2680677900CE   3.45   -0.11 CALL unwind -51600   PUT added 5680  OI= 110040
pcrSummation= 5.1000000000000005  result =  ['BSE:SENSEX2680679400CE', 'BSE:SENSEX2680679300CE', 'BSE:SENSEX2680679200CE', 'BSE:SENSEX2680679100CE', 'BSE:SENSEX2680679000CE', 'BSE:SENSEX2680678900CE', 'BSE:SENSEX2680678800CE', 'BSE:SENSEX2680678700PE', 'BSE:SENSEX2680678600PE']
PCRSUM== 24.38
pcrSummation== 5.1
VOLPCRSUM== 2.41
spotLTP =  78703.83  ATM_STRIKE =  78700
IS_ATM_STRIKE_SHIFT = False  mapStrike = {78700: 78700}
avgOiPcrList2 = [np.float64(1.15), np.float64(1.18), np.float64(1.2), np.float64(1.22), np.float64(1.24), np.float64(1.24), np.float64(1.26), np.float64(1.33), np.float64(1.39), np.float64(1.41), np.float64(1.42), np.float64(1.43), np.float64(1.43), np.float64(1.43), np.float64(1.44), np.float64(1.43)] atmStrikeNotShiftedCount= 16
False   16   16
SUPP_RES=== 79000  Buffer= 28
CEoich val =  438440.0  PEoich val =  371980.0 , CE > PE by 15.2%
SUPP_RES TOTAL OI: CE= 1013180  PE= 412000 , CE > PE by 59.3%
IS_MORNING_WINDOW= False  (active 9:15-9:48 IST)
================================================
==== signal check time ==== 2026-08-03 10:42:01.558921
IS_CHOI_DIFF_GT_25PERC== False
RSI_VAL1== 63.54
RSI_VAL2== 63.54
FUT_3m_OHLC O= 79000.0  H= 79000.0  L= 79000.0  C= 79000.0  Range= 0.0
CHART_PATTERN_DETECTED: DOUBLE_TOP_FORMING
  PATTERN_CONTEXT: Body= 0.0  Range= 0.0  ExpectedRange= 70.1  RangeRatio= 0.0  O= 79000.0  H= 79000.0  L= 79000.0  C= 79000.0
newSynthFut =  79000
ATMStrike =  78700
AVG_OIPCR= 0.57
avgoiPCROld=  1.43
SUPP_RES = 79000
FUT LTP = 79000.0
CEchoi  PechOi = 438440.0    371980.0
====================================
totalOIPCR = 1.34
AVG_VOLPCR= 0.27
atmPCR= 0.78  belowATM  0.41
atmVolPCR= 0.29  belowATM  0.3
False   79000.0   79000   False   False   63.54
Traceback (most recent call last):
  File "/home/ubuntu/trading-bot/venv/lib/python3.12/site-packages/pandas/core/internals/construction.py", line 939, in _finalize_columns_and_data
    columns = _validate_or_indexify_columns(contents, columns)
              ^^^^^^^^^^^^^^^^^^^^^^^^^^^^^^^^^^^^^^^^^^^^^^^^
  File "/home/ubuntu/trading-bot/venv/lib/python3.12/site-packages/pandas/core/internals/construction.py", line 986, in _validate_or_indexify_columns
    raise AssertionError(
AssertionError: 6 columns passed, passed data had 7 columns

The above exception was the direct cause of the following exception:

Traceback (most recent call last):
  File "/home/ubuntu/trading-bot/Strategy_Sensex_May_2026.py", line 2428, in <module>
    order_id = checkCriteriaAndTakeTrade()
               ^^^^^^^^^^^^^^^^^^^^^^^^^^^
  File "/home/ubuntu/trading-bot/Strategy_Sensex_May_2026.py", line 1556, in checkCriteriaAndTakeTrade
    currOptiondataCE = helper.getHistorical(currCEStrike, timeFrame, 3, fyers)
                       ^^^^^^^^^^^^^^^^^^^^^^^^^^^^^^^^^^^^^^^^^^^^^^^^^^^^^^^
  File "/home/ubuntu/trading-bot/helper_fyers.py", line 564, in getHistorical
    df = pd.DataFrame(response, columns=columns)
         ^^^^^^^^^^^^^^^^^^^^^^^^^^^^^^^^^^^^^^^
  File "/home/ubuntu/trading-bot/venv/lib/python3.12/site-packages/pandas/core/frame.py", line 855, in __init__
    arrays, columns, index = nested_data_to_arrays(
                             ^^^^^^^^^^^^^^^^^^^^^^
  File "/home/ubuntu/trading-bot/venv/lib/python3.12/site-packages/pandas/core/internals/construction.py", line 520, in nested_data_to_arrays
    arrays, columns = to_arrays(data, columns, dtype=dtype)
                      ^^^^^^^^^^^^^^^^^^^^^^^^^^^^^^^^^^^^^
  File "/home/ubuntu/trading-bot/venv/lib/python3.12/site-packages/pandas/core/internals/construction.py", line 845, in to_arrays
    content, columns = _finalize_columns_and_data(arr, columns, dtype)
                       ^^^^^^^^^^^^^^^^^^^^^^^^^^^^^^^^^^^^^^^^^^^^^^^
  File "/home/ubuntu/trading-bot/venv/lib/python3.12/site-packages/pandas/core/internals/construction.py", line 942, in _finalize_columns_and_data
    raise ValueError(err) from err
ValueError: 6 columns passed, passed data had 7 columns
