checkInstrument =  BSE:SENSEX-INDEX
sensexExpDate =  26910
BNFut (Sensex futures auto) = BSE:SENSEX26SEPFUT
 -- not entered waiting for time--- 9 : 14
 -- not entered waiting for time--- 9 : 14
 -- not entered waiting for time--- 9 : 14
 -- not entered waiting for time--- 9 : 14
 -- not entered waiting for time--- 9 : 14
 -- not entered waiting for time--- 9 : 14
 -- not entered waiting for time--- 9 : 14
 -- not entered waiting for time--- 9 : 14
 -- not entered waiting for time--- 9 : 14
 -- not entered waiting for time--- 9 : 14
 -- not entered waiting for time--- 9 : 14
 -- not entered waiting for time--- 9 : 14
 -- not entered waiting for time--- 9 : 14
 -- not entered waiting for time--- 9 : 14
 -- not entered waiting for time--- 9 : 14
 -- not entered waiting for time--- 9 : 14
 -- not entered waiting for time--- 9 : 14
 -- not entered waiting for time--- 9 : 14
 -- not entered waiting for time--- 9 : 14
 -- not entered waiting for time--- 9 : 14
 -- not entered waiting for time--- 9 : 14
 -- not entered waiting for time--- 9 : 14
 -- not entered waiting for time--- 9 : 14
 -- not entered waiting for time--- 9 : 14
 -- not entered waiting for time--- 9 : 14
 -- not entered waiting for time--- 9 : 14
 -- not entered waiting for time--- 9 : 14
 -- not entered waiting for time--- 9 : 14
 -- not entered waiting for time--- 9 : 14
 -- not entered waiting for time--- 9 : 14
 -- not entered waiting for time--- 9 : 14
 -- not entered waiting for time--- 9 : 14
 -- not entered waiting for time--- 9 : 14
 -- not entered waiting for time--- 9 : 14
 -- not entered waiting for time--- 9 : 14
 -- not entered waiting for time--- 9 : 14
 -- not entered waiting for time--- 9 : 14
 -- not entered waiting for time--- 9 : 14
 -- not entered waiting for time--- 9 : 15
 -- not entered waiting for time--- 9 : 15
 -- not entered waiting for time--- 9 : 15
 -- not entered waiting for time--- 9 : 15
 -- not entered waiting for time--- 9 : 15
 -- not entered waiting for time--- 9 : 15
 -- not entered waiting for time--- 9 : 15
 -- not entered waiting for time--- 9 : 15
 -- not entered waiting for time--- 9 : 15
 -- not entered waiting for time--- 9 : 15
 -- not entered waiting for time--- 9 : 15
 -- not entered waiting for time--- 9 : 15
 -- not entered waiting for time--- 9 : 15
 -- not entered waiting for time--- 9 : 15
 -- not entered waiting for time--- 9 : 15
 -- not entered waiting for time--- 9 : 15
 -- not entered waiting for time--- 9 : 15
 -- not entered waiting for time--- 9 : 15
 -- not entered waiting for time--- 9 : 15
 -- not entered waiting for time--- 9 : 15
 -- not entered waiting for time--- 9 : 15
 -- not entered waiting for time--- 9 : 15
 -- not entered waiting for time--- 9 : 15
 -- not entered waiting for time--- 9 : 15
 -- not entered waiting for time--- 9 : 15
 -- not entered waiting for time--- 9 : 15
 -- not entered waiting for time--- 9 : 15
 -- not entered waiting for time--- 9 : 15
 -- not entered waiting for time--- 9 : 15
 -- not entered waiting for time--- 9 : 15
 -- not entered waiting for time--- 9 : 15
 -- not entered waiting for time--- 9 : 15
 -- not entered waiting for time--- 9 : 15
 -- not entered waiting for time--- 9 : 15
 -- not entered waiting for time--- 9 : 15
 -- not entered waiting for time--- 9 : 15
 -- not entered waiting for time--- 9 : 15
 -- not entered waiting for time--- 9 : 15
 -- not entered waiting for time--- 9 : 15
 -- not entered waiting for time--- 9 : 15
 -- not entered waiting for time--- 9 : 15
 -- not entered waiting for time--- 9 : 15
 -- not entered waiting for time--- 9 : 15
 -- not entered waiting for time--- 9 : 15
 -- not entered waiting for time--- 9 : 15
 -- not entered waiting for time--- 9 : 15
 -- not entered waiting for time--- 9 : 15
 -- not entered waiting for time--- 9 : 15
 -- not entered waiting for time--- 9 : 15
 -- not entered waiting for time--- 9 : 15
 -- not entered waiting for time--- 9 : 15
 -- not entered waiting for time--- 9 : 15
 -- not entered waiting for time--- 9 : 15
 -- not entered waiting for time--- 9 : 15
 -- not entered waiting for time--- 9 : 15
 -- not entered waiting for time--- 9 : 15
 -- not entered waiting for time--- 9 : 15
 -- not entered waiting for time--- 9 : 15
 -- not entered waiting for time--- 9 : 15
 -- not entered waiting for time--- 9 : 15
 -- not entered waiting for time--- 9 : 16
 -- not entered waiting for time--- 9 : 16
 -- not entered waiting for time--- 9 : 16
 -- not entered waiting for time--- 9 : 16
 -- not entered waiting for time--- 9 : 16
 -- not entered waiting for time--- 9 : 16
 -- not entered waiting for time--- 9 : 16
 -- not entered waiting for time--- 9 : 16
 -- not entered waiting for time--- 9 : 16
 -- not entered waiting for time--- 9 : 16
 -- not entered waiting for time--- 9 : 16
 -- not entered waiting for time--- 9 : 16
 -- not entered waiting for time--- 9 : 16
 -- not entered waiting for time--- 9 : 16
 -- not entered waiting for time--- 9 : 16
 -- not entered waiting for time--- 9 : 16
 -- not entered waiting for time--- 9 : 16
 -- not entered waiting for time--- 9 : 16
 -- not entered waiting for time--- 9 : 16
 -- not entered waiting for time--- 9 : 16
 -- not entered waiting for time--- 9 : 16
 -- not entered waiting for time--- 9 : 16
 -- not entered waiting for time--- 9 : 16
 -- not entered waiting for time--- 9 : 16
 -- not entered waiting for time--- 9 : 16
 -- not entered waiting for time--- 9 : 16
 -- not entered waiting for time--- 9 : 16
 -- not entered waiting for time--- 9 : 16
 -- not entered waiting for time--- 9 : 16
 -- not entered waiting for time--- 9 : 16
 -- not entered waiting for time--- 9 : 16
 -- not entered waiting for time--- 9 : 16
 -- not entered waiting for time--- 9 : 16
 -- not entered waiting for time--- 9 : 16
 -- not entered waiting for time--- 9 : 16
 -- not entered waiting for time--- 9 : 16
 -- not entered waiting for time--- 9 : 16
 -- not entered waiting for time--- 9 : 16
 -- not entered waiting for time--- 9 : 16
 -- not entered waiting for time--- 9 : 16
 -- not entered waiting for time--- 9 : 16
 -- not entered waiting for time--- 9 : 16
 -- not entered waiting for time--- 9 : 16
 -- not entered waiting for time--- 9 : 16
 -- not entered waiting for time--- 9 : 16
 -- not entered waiting for time--- 9 : 16
 -- not entered waiting for time--- 9 : 16
 -- not entered waiting for time--- 9 : 16
 -- not entered waiting for time--- 9 : 16
 -- not entered waiting for time--- 9 : 16
 -- not entered waiting for time--- 9 : 16
 -- not entered waiting for time--- 9 : 16
 -- not entered waiting for time--- 9 : 16
 -- not entered waiting for time--- 9 : 16
 -- not entered waiting for time--- 9 : 16
 -- not entered waiting for time--- 9 : 16
 -- not entered waiting for time--- 9 : 16
 -- not entered waiting for time--- 9 : 16
 -- not entered waiting for time--- 9 : 16
 -- not entered waiting for time--- 9 : 16
Waiting for first candle to form. Current Second ==  0    2
Waiting for first candle to form. Current Second ==  1    2
Waiting for first candle to form. Current Second ==  2    2
Waiting for first candle to form. Current Second ==  3    2
Waiting for first candle to form. Current Second ==  4    2
Waiting for first candle to form. Current Second ==  5    2
Waiting for first candle to form. Current Second ==  6    2
Waiting for first candle to form. Current Second ==  7    2
Waiting for first candle to form. Current Second ==  8    2
Waiting for first candle to form. Current Second ==  9    2
Waiting for first candle to form. Current Second ==  10    2
Waiting for first candle to form. Current Second ==  11    2
Waiting for first candle to form. Current Second ==  12    2
Waiting for first candle to form. Current Second ==  13    2
Waiting for first candle to form. Current Second ==  14    2
Waiting for first candle to form. Current Second ==  15    2
Waiting for first candle to form. Current Second ==  16    2
Waiting for first candle to form. Current Second ==  17    2
Waiting for first candle to form. Current Second ==  18    2
Waiting for first candle to form. Current Second ==  19    2
Waiting for first candle to form. Current Second ==  20    2
Waiting for first candle to form. Current Second ==  21    2
Waiting for first candle to form. Current Second ==  22    2
Waiting for first candle to form. Current Second ==  23    2
Waiting for first candle to form. Current Second ==  24    2
Waiting for first candle to form. Current Second ==  25    2
Waiting for first candle to form. Current Second ==  26    2
Waiting for first candle to form. Current Second ==  27    2
Waiting for first candle to form. Current Second ==  28    2
Waiting for first candle to form. Current Second ==  29    2
Waiting for first candle to form. Current Second ==  30    2
Waiting for first candle to form. Current Second ==  31    2
Waiting for first candle to form. Current Second ==  32    2
Waiting for first candle to form. Current Second ==  33    2
Waiting for first candle to form. Current Second ==  34    2
Waiting for first candle to form. Current Second ==  35    2
Waiting for first candle to form. Current Second ==  36    2
Waiting for first candle to form. Current Second ==  37    2
Waiting for first candle to form. Current Second ==  38    2
Waiting for first candle to form. Current Second ==  39    2
Waiting for first candle to form. Current Second ==  40    2
Waiting for first candle to form. Current Second ==  41    2
Waiting for first candle to form. Current Second ==  42    2
Waiting for first candle to form. Current Second ==  43    2
Waiting for first candle to form. Current Second ==  44    2
Waiting for first candle to form. Current Second ==  45    2
Waiting for first candle to form. Current Second ==  46    2
Waiting for first candle to form. Current Second ==  47    2
Waiting for first candle to form. Current Second ==  48    2
Waiting for first candle to form. Current Second ==  49    2
Waiting for first candle to form. Current Second ==  50    2
Waiting for first candle to form. Current Second ==  51    2
Waiting for first candle to form. Current Second ==  52    2
Waiting for first candle to form. Current Second ==  53    2
Waiting for first candle to form. Current Second ==  54    2
Waiting for first candle to form. Current Second ==  55    2
Waiting for first candle to form. Current Second ==  56    2
Waiting for first candle to form. Current Second ==  57    2
Waiting for first candle to form. Current Second ==  58    2
Waiting for first candle to form. Current Second ==  59    2
India VIX = 10.85  Spot Price = 76346.28
VIX_PERCENTILES_FETCHED: P25= 11.03  P50= 11.29  P75= 11.38  Min= 10.48  Max= 12.21
IV Regime = LOW (ADAPTIVE: P25= 11.03  P50= 11.29  P75= 11.38 ) | DailyRange = 1183.4 | 3minCandleRange = 62.3 (theoretical= 103.8 ) | ATMoptionMove = 28.0 | SL = 98 | Target = 98 | TrailTrigger = 28 | Spread = 300 | Buffer = 25
IV Params refreshed: {'vix': 10.85, 'bn_price': 76346.28, 'regime': 'LOW', 'regime_thresholds': 'P25=11.03 P50=11.29 P75=11.38', 'daily_range': 1183.4, 'candle_range': 62.3, 'atm_option_move': 28.0, 'sl_point': 98, 'target_point': 98, 'sl_pct_of_premium': 0.1, 'trail_trigger': 28, 'spread_width': 300, 'support_resistance_buffer': 25}
IV_RANK_DATA: VIX_30d_High= 12.21  VIX_30d_Low= 10.48  Current= 10.85  IV_Rank= 0.21
===
====after 3 min ochain==== 2026-09-07 09:18:00.525920
                                    oipcr   choipcr   CE_OI / PE_OI (same strike)
pcr1 =  BSE:SENSEX2691077200PE   0.15   0.03 CALL added 15160   PUT added 460  CE_OI=252860 PE_OI=38320
pcr2 =  BSE:SENSEX2691077100CE   0.24   -0.17 CALL added 8960   PUT unwind -1480  CE_OI=190520 PE_OI=44820
pcr3 =  BSE:SENSEX2691077000CE   0.57   -0.16 CALL added 61900   PUT unwind -9960  CE_OI=798800 PE_OI=454020
pcr4 =  BSE:SENSEX2691076900PE   0.5   -1.77 CALL added 10600   PUT unwind -18740  CE_OI=262760 PE_OI=130980
pcr5 =  BSE:SENSEX2691076800PE   0.64   -1.21 CALL added 22040   PUT unwind -26600  CE_OI=328040 PE_OI=208920
pcr6 =  BSE:SENSEX2691076700CE   0.59    -2.38 CALL added 37940   PUT unwind -90240  CE_OI=468440 PE_OI=277120
pcr7 =  BSE:SENSEX2691076600CE   0.79   -0.65 CALL added 67720   PUT unwind -44200  CE_OI=436420 PE_OI=345800
pcr8 =  BSE:SENSEX2691076500CE   1.2   0.02 CALL added 155180   PUT added 3120  CE_OI=482540 PE_OI=577860
pcr9 =  BSE:SENSEX2691076400PE   1.78   0.56 CALL added 80020   PUT added 44840  CE_OI=130560 PE_OI=231880
pcr10 =  BSE:SENSEX2691076300CE   2.95   -0.29 CALL added 34420   PUT unwind -9820  CE_OI=72000 PE_OI=212220
pcr11 =  BSE:SENSEX2691076200PE   7.63   0.83 CALL added 12480   PUT added 10340  CE_OI=44120 PE_OI=336680
pcr12 =  BSE:SENSEX2691076100PE   7.19   4.54 CALL added 5080   PUT added 23060  CE_OI=24560 PE_OI=176620
pcr13 =  BSE:SENSEX2691076000PE   5.46   -0.23 CALL added 19440   PUT unwind -4400  CE_OI=85420 PE_OI=466420
pcr14 =  BSE:SENSEX2691075900PE   11.41   5.45 CALL added 1840   PUT added 10020  CE_OI=9260 PE_OI=105680
pcr15 =  BSE:SENSEX2691075800PE   14.69   2.7 CALL added 3620   PUT added 9780  CE_OI=8160 PE_OI=119840
pcr16 =  BSE:SENSEX2691075700CE   25.77   32.41 CALL added 440   PUT added 14260  CE_OI=3880 PE_OI=99980
pcr17 =  BSE:SENSEX2691075600CE   33.54   34.41 CALL added 440   PUT added 15140  CE_OI=4280 PE_OI=143560
PCRSUM== 115.1
pcrSummation== 6.46
VOLPCRSUM== 7.9
spotLTP =  76353.52  ATM_STRIKE =  76400
IS_ATM_STRIKE_SHIFT = False  mapStrike = {76400: 76400}
avgOiPcrList2 = [np.float64(6.77)] atmStrikeNotShiftedCount= 1
False   1   1
SUPP_RES=== 77000  Buffer= 25
ANCHOR_COMPARE: spot=76353.52 fut=76758.05 basis(fut-spot)=404.53 | SR_future=77000 SR_spot=76500 SR_diff=500 | PCRwin_future=76800 PCRwin_spot=76400
CEoich val =  61900.0  PEoich val =  -9960.0 , CE > PE by 116.1%
SUPP_RES TOTAL OI: CE= 798800  PE= 454020 , CE > PE by 43.2%
SPOT_SUPP_RES=== 76500  Buffer= 25
SPOT CEoich val =  155180.0  PEoich val =  3120.0 , CE > PE by 98.0%
SPOT_SUPP_RES TOTAL OI: CE= 482540  PE= 577860 , CE < PE by 16.5%
OI_SUPP_RES: spot=76353.52 ATM=76400 (ATM_CE_OI=130560 ATM_PE_OI=231880) | SUPPORT=76500PE OI=577860 (dist=100) | RESISTANCE=77000CE OI=798800 (dist=600)
OI_SUPPORT=== 76500
OI_SUPPORT CEoich val = 155180.0  PEoich val = 3120.0 , CE > PE by 98.0%
OI_SUPPORT TOTAL OI: CE= 482540  PE= 577860 , CE < PE by 16.5%
OI_RESISTANCE=== 77000
OI_RESISTANCE CEoich val = 61900.0  PEoich val = -9960.0 , CE > PE by 116.1%
OI_RESISTANCE TOTAL OI: CE= 798800  PE= 454020 , CE > PE by 43.2%
IS_MORNING_WINDOW= True  (active 9:15-9:48 IST)
CHOI_UNWIND: PE side unwinding at SUPP_RES (PEchoi=-9960.0) - CHOI-based logic skipped this cycle
================================================
==== signal check time ==== 2026-09-07 09:18:01.721711
IS_CHOI_DIFF_GT_25PERC== False
RSI_VAL1== 21.01
RSI_VAL2== 21.01
FUT_3m_OHLC O= 77050.0  H= 77050.0  L= 76655.6  C= 76758.0  Range= 394.4
CHART_PATTERN_DETECTED: STRONG_MOMENTUM_BEAR
  PATTERN_CONTEXT: Body= -291.9  Range= 394.4  ExpectedRange= 62.3  RangeRatio= 6.33  O= 77050.0  H= 77050.0  L= 76655.6  C= 76758.0
newSynthFut =  76800
ATMStrike =  76400
AVG_OIPCR= 0.72
avgoiPCROld=  6.77
SUPP_RES = 77000
FUT LTP = 76758.05
CEchoi  PechOi = 61900.0    -9960.0
====================================
AVG_VOLPCR= 0.88
atmPCR= 0.64  belowATM  0.59
atmVolPCR= 0.9  belowATM  1.4
False   76758.05   77000   False   False   21.01
India VIX = 10.86  Spot Price = 76385.82
IV Regime = LOW (ADAPTIVE: P25= 11.03  P50= 11.29  P75= 11.38 ) | DailyRange = 1185.1 | 3minCandleRange = 62.4 (theoretical= 103.9 ) | ATMoptionMove = 28.1 | SL = 98 | Target = 98 | TrailTrigger = 28 | Spread = 300 | Buffer = 25
IV Params refreshed: {'vix': 10.86, 'bn_price': 76385.82, 'regime': 'LOW', 'regime_thresholds': 'P25=11.03 P50=11.29 P75=11.38', 'daily_range': 1185.1, 'candle_range': 62.4, 'atm_option_move': 28.1, 'sl_point': 98, 'target_point': 98, 'sl_pct_of_premium': 0.1, 'trail_trigger': 28, 'spread_width': 300, 'support_resistance_buffer': 25}
===
====after 3 min ochain==== 2026-09-07 09:21:00.000001
                                    oipcr   choipcr   CE_OI / PE_OI (same strike)
pcr1 =  BSE:SENSEX2691077200PE   0.16   0.13 CALL added 9300   PUT added 1220  CE_OI=247000 PE_OI=39080
pcr2 =  BSE:SENSEX2691077100CE   0.2   -0.09 CALL added 33680   PUT unwind -2900  CE_OI=215240 PE_OI=43400
pcr3 =  BSE:SENSEX2691077000CE   0.54   -0.1 CALL added 107300   PUT unwind -10920  CE_OI=844200 PE_OI=453060
pcr4 =  BSE:SENSEX2691076900PE   0.45   -1.21 CALL added 21880   PUT unwind -26420  CE_OI=274040 PE_OI=123300
pcr5 =  BSE:SENSEX2691076800PE   0.54   -0.53 CALL added 64720   PUT unwind -34180  CE_OI=370720 PE_OI=201340
pcr6 =  BSE:SENSEX2691076700CE   0.53    -1.75 CALL added 60660   PUT unwind -106420  CE_OI=491160 PE_OI=260940
pcr7 =  BSE:SENSEX2691076600CE   0.59   -1.12 CALL added 100960   PUT unwind -112800  CE_OI=469660 PE_OI=277200
pcr8 =  BSE:SENSEX2691076500CE   0.95   -0.04 CALL added 266500   PUT unwind -9400  CE_OI=593860 PE_OI=565340
pcr9 =  BSE:SENSEX2691076400PE   1.33   0.73 CALL added 199060   PUT added 144540  CE_OI=249600 PE_OI=331580
pcr10 =  BSE:SENSEX2691076300CE   2.48   1.37 CALL added 115980   PUT added 158980  CE_OI=153560 PE_OI=381020
pcr11 =  BSE:SENSEX2691076200PE   5.11   0.15 CALL added 33120   PUT added 4860  CE_OI=64760 PE_OI=331200
pcr12 =  BSE:SENSEX2691076100PE   5.55   2.94 CALL added 17360   PUT added 51080  CE_OI=36840 PE_OI=204640
pcr13 =  BSE:SENSEX2691076000PE   5.22   2.34 CALL added 43740   PUT added 102240  CE_OI=109720 PE_OI=573060
pcr14 =  BSE:SENSEX2691075900PE   12.05   9.9 CALL added 2920   PUT added 28920  CE_OI=10340 PE_OI=124580
pcr15 =  BSE:SENSEX2691075800PE   14.02   5.57 CALL added 5500   PUT added 30660  CE_OI=10040 PE_OI=140720
pcr16 =  BSE:SENSEX2691075700CE   25.37   27.42 CALL added 760   PUT added 20840  CE_OI=4200 PE_OI=106560
pcr17 =  BSE:SENSEX2691075600CE   38.86   76.0 CALL added 560   PUT added 42560  CE_OI=4400 PE_OI=170980
PCRSUM== 113.95
pcrSummation== 5.29
VOLPCRSUM== 6.93
spotLTP =  76378.11  ATM_STRIKE =  76400
IS_ATM_STRIKE_SHIFT = False  mapStrike = {76400: 76400}
avgOiPcrList2 = [np.float64(6.77), np.float64(6.7)] atmStrikeNotShiftedCount= 2
False   2   2
SUPP_RES=== 77000  Buffer= 25
ANCHOR_COMPARE: spot=76378.11 fut=76760.0 basis(fut-spot)=381.89 | SR_future=77000 SR_spot=76500 SR_diff=500 | PCRwin_future=76800 PCRwin_spot=76400
CEoich val =  107300.0  PEoich val =  -10920.0 , CE > PE by 110.2%
SUPP_RES TOTAL OI: CE= 844200  PE= 453060 , CE > PE by 46.3%
SPOT_SUPP_RES=== 76500  Buffer= 25
SPOT CEoich val =  266500.0  PEoich val =  -9400.0 , CE > PE by 103.5%
SPOT_SUPP_RES TOTAL OI: CE= 593860  PE= 565340 , CE > PE by 4.8%
OI_SUPP_RES: spot=76378.11 ATM=76400 (ATM_CE_OI=249600 ATM_PE_OI=331580) | SUPPORT=76000PE OI=573060 (dist=-400) | RESISTANCE=77000CE OI=844200 (dist=600)
OI_SUPPORT=== 76000
OI_SUPPORT CEoich val = 43740.0  PEoich val = 102240.0 , CE < PE by 57.2%
OI_SUPPORT TOTAL OI: CE= 109720  PE= 573060 , CE < PE by 80.9%
OI_RESISTANCE=== 77000
OI_RESISTANCE CEoich val = 107300.0  PEoich val = -10920.0 , CE > PE by 110.2%
OI_RESISTANCE TOTAL OI: CE= 844200  PE= 453060 , CE > PE by 46.3%
IS_MORNING_WINDOW= True  (active 9:15-9:48 IST)
CHOI_UNWIND: PE side unwinding at SUPP_RES (PEchoi=-10920.0) - CHOI-based logic skipped this cycle
================================================
==== signal check time ==== 2026-09-07 09:21:00.786457
IS_CHOI_DIFF_GT_25PERC== False
RSI_VAL1== 21.31
RSI_VAL2== 21.31
FUT_3m_OHLC O= 76750.0  H= 76770.0  L= 76728.7  C= 76760.0  Range= 41.3
CHART_PATTERN_DETECTED: INSIDE_BAR
  PATTERN_CONTEXT: Body= 10.0  Range= 41.3  ExpectedRange= 62.4  RangeRatio= 0.66  O= 76750.0  H= 76770.0  L= 76728.7  C= 76760.0
newSynthFut =  76800
ATMStrike =  76400
AVG_OIPCR= 0.59
avgoiPCROld=  6.7
SUPP_RES = 77000
FUT LTP = 76760.0
CEchoi  PechOi = 107300.0    -10920.0
====================================
AVG_VOLPCR= 0.77
atmPCR= 0.54  belowATM  0.53
atmVolPCR= 0.69  belowATM  1.27
False   76760.0   77000   False   False   21.31
India VIX = 10.9  Spot Price = 76380.88
IV Regime = LOW (ADAPTIVE: P25= 11.03  P50= 11.29  P75= 11.38 ) | DailyRange = 1189.4 | 3minCandleRange = 62.6 (theoretical= 104.3 ) | ATMoptionMove = 28.2 | SL = 99 | Target = 99 | TrailTrigger = 28 | Spread = 300 | Buffer = 25
IV Params refreshed: {'vix': 10.9, 'bn_price': 76380.88, 'regime': 'LOW', 'regime_thresholds': 'P25=11.03 P50=11.29 P75=11.38', 'daily_range': 1189.4, 'candle_range': 62.6, 'atm_option_move': 28.2, 'sl_point': 99, 'target_point': 99, 'sl_pct_of_premium': 0.1, 'trail_trigger': 28, 'spread_width': 300, 'support_resistance_buffer': 25}
===
====after 3 min ochain==== 2026-09-07 09:24:00.000003
                                    oipcr   choipcr   CE_OI / PE_OI (same strike)
pcr1 =  BSE:SENSEX2691077200PE   0.16   0.22 CALL added 16540   PUT added 3680  CE_OI=254240 PE_OI=41540
pcr2 =  BSE:SENSEX2691077100CE   0.21   0.02 CALL added 39720   PUT added 700  CE_OI=221280 PE_OI=47000
pcr3 =  BSE:SENSEX2691077000CE   0.5   -0.09 CALL added 163180   PUT unwind -15180  CE_OI=900080 PE_OI=448800
pcr4 =  BSE:SENSEX2691076900PE   0.42   -0.52 CALL added 48120   PUT unwind -25020  CE_OI=300280 PE_OI=124700
pcr5 =  BSE:SENSEX2691076800PE   0.52   -0.62 CALL added 68720   PUT unwind -42380  CE_OI=374720 PE_OI=193140
pcr6 =  BSE:SENSEX2691076700CE   0.52    -1.73 CALL added 63360   PUT unwind -109620  CE_OI=493860 PE_OI=257740
pcr7 =  BSE:SENSEX2691076600CE   0.49   -0.88 CALL added 151420   PUT unwind -132780  CE_OI=520120 PE_OI=257220
pcr8 =  BSE:SENSEX2691076500CE   0.89   0.13 CALL added 370360   PUT added 46360  CE_OI=697720 PE_OI=621100
pcr9 =  BSE:SENSEX2691076400PE   1.39   0.97 CALL added 279720   PUT added 271800  CE_OI=330260 PE_OI=458840
pcr10 =  BSE:SENSEX2691076300CE   2.23   1.32 CALL added 153000   PUT added 202560  CE_OI=190580 PE_OI=424600
pcr11 =  BSE:SENSEX2691076200PE   4.6   0.44 CALL added 43520   PUT added 19160  CE_OI=75160 PE_OI=345500
pcr12 =  BSE:SENSEX2691076100PE   3.65   1.61 CALL added 40460   PUT added 65160  CE_OI=59940 PE_OI=218720
pcr13 =  BSE:SENSEX2691076000PE   5.74   3.68 CALL added 44420   PUT added 163300  CE_OI=110400 PE_OI=634120
pcr14 =  BSE:SENSEX2691075900PE   14.45   18.37 CALL added 2940   PUT added 54020  CE_OI=10360 PE_OI=149680
pcr15 =  BSE:SENSEX2691075800PE   15.13   7.45 CALL added 5380   PUT added 40060  CE_OI=9920 PE_OI=150120
pcr16 =  BSE:SENSEX2691075700CE   27.5   39.49 CALL added 740   PUT added 29220  CE_OI=4180 PE_OI=114940
pcr17 =  BSE:SENSEX2691075600CE   33.91   34.81 CALL added 1980   PUT added 68920  CE_OI=5820 PE_OI=197340
PCRSUM== 112.31
pcrSummation== 5.1
VOLPCRSUM== 6.5600000000000005
spotLTP =  76380.88  ATM_STRIKE =  76400
IS_ATM_STRIKE_SHIFT = False  mapStrike = {76400: 76400}
avgOiPcrList2 = [np.float64(6.77), np.float64(6.7), np.float64(6.61)] atmStrikeNotShiftedCount= 3
False   3   3
SUPP_RES=== 77000  Buffer= 25
ANCHOR_COMPARE: spot=76380.88 fut=76782.0 basis(fut-spot)=401.12 | SR_future=77000 SR_spot=76500 SR_diff=500 | PCRwin_future=76800 PCRwin_spot=76400
CEoich val =  163180.0  PEoich val =  -15180.0 , CE > PE by 109.3%
SUPP_RES TOTAL OI: CE= 900080  PE= 448800 , CE > PE by 50.1%
SPOT_SUPP_RES=== 76500  Buffer= 25
SPOT CEoich val =  370360.0  PEoich val =  46360.0 , CE > PE by 87.5%
SPOT_SUPP_RES TOTAL OI: CE= 697720  PE= 621100 , CE > PE by 11.0%
OI_SUPP_RES: spot=76380.88 ATM=76400 (ATM_CE_OI=330260 ATM_PE_OI=458840) | SUPPORT=76000PE OI=634120 (dist=-400) | RESISTANCE=77000CE OI=900080 (dist=600)
OI_SUPPORT=== 76000
OI_SUPPORT CEoich val = 44420.0  PEoich val = 163300.0 , CE < PE by 72.8%
OI_SUPPORT TOTAL OI: CE= 110400  PE= 634120 , CE < PE by 82.6%
OI_RESISTANCE=== 77000
OI_RESISTANCE CEoich val = 163180.0  PEoich val = -15180.0 , CE > PE by 109.3%
OI_RESISTANCE TOTAL OI: CE= 900080  PE= 448800 , CE > PE by 50.1%
IS_MORNING_WINDOW= True  (active 9:15-9:48 IST)
CHOI_UNWIND: PE side unwinding at SUPP_RES (PEchoi=-15180.0) - CHOI-based logic skipped this cycle
================================================
==== signal check time ==== 2026-09-07 09:24:00.609470
IS_CHOI_DIFF_GT_25PERC== False
RSI_VAL1== 24.7
RSI_VAL2== 24.7
FUT_3m_OHLC O= 76735.0  H= 76782.8  L= 76735.0  C= 76782.0  Range= 47.9
CHART_PATTERN_DETECTED: MORNING_STAR
  PATTERN_CONTEXT: Body= 47.0  Range= 47.9  ExpectedRange= 62.6  RangeRatio= 0.77  O= 76735.0  H= 76782.8  L= 76735.0  C= 76782.0
isPcrDecr = True
newSynthFut =  76800
ATMStrike =  76400
AVG_OIPCR= 0.57
avgoiPCROld=  6.61
SUPP_RES = 77000
FUT LTP = 76782.0
CEchoi  PechOi = 163180.0    -15180.0
====================================
AVG_VOLPCR= 0.73
atmPCR= 0.52  belowATM  0.52
atmVolPCR= 0.66  belowATM  1.12
False   76782.0   77000   False   True   24.7
no trade yet = [np.float64(6.77), np.float64(6.7), np.float64(6.61)]
India VIX = 10.92  Spot Price = 76331.64
IV Regime = LOW (ADAPTIVE: P25= 11.03  P50= 11.29  P75= 11.38 ) | DailyRange = 1190.8 | 3minCandleRange = 62.7 (theoretical= 104.4 ) | ATMoptionMove = 28.2 | SL = 99 | Target = 99 | TrailTrigger = 28 | Spread = 300 | Buffer = 25
IV Params refreshed: {'vix': 10.92, 'bn_price': 76331.64, 'regime': 'LOW', 'regime_thresholds': 'P25=11.03 P50=11.29 P75=11.38', 'daily_range': 1190.8, 'candle_range': 62.7, 'atm_option_move': 28.2, 'sl_point': 99, 'target_point': 99, 'sl_pct_of_premium': 0.1, 'trail_trigger': 28, 'spread_width': 300, 'support_resistance_buffer': 25}
===
====after 3 min ochain==== 2026-09-07 09:27:00.000003
                                    oipcr   choipcr   CE_OI / PE_OI (same strike)
pcr1 =  BSE:SENSEX2691077100CE   0.21   0.04 CALL added 42860   PUT added 1540  CE_OI=224420 PE_OI=47840
pcr2 =  BSE:SENSEX2691077000CE   0.49   -0.07 CALL added 182300   PUT unwind -13080  CE_OI=919200 PE_OI=450900
pcr3 =  BSE:SENSEX2691076900PE   0.42   -0.47 CALL added 51120   PUT unwind -23780  CE_OI=303280 PE_OI=125940
pcr4 =  BSE:SENSEX2691076800PE   0.49   -0.51 CALL added 85920   PUT unwind -44120  CE_OI=391920 PE_OI=191400
pcr5 =  BSE:SENSEX2691076700CE   0.52   -1.09 CALL added 87380   PUT unwind -95640  CE_OI=517880 PE_OI=271720
pcr6 =  BSE:SENSEX2691076600CE   0.51    -0.81 CALL added 151540   PUT unwind -122400  CE_OI=520240 PE_OI=267600
pcr7 =  BSE:SENSEX2691076500CE   0.91   0.19 CALL added 389140   PUT added 75120  CE_OI=716500 PE_OI=649860
pcr8 =  BSE:SENSEX2691076400PE   1.4   1.02 CALL added 309880   PUT added 317580  CE_OI=360420 PE_OI=504620
pcr9 =  BSE:SENSEX2691076300CE   2.38   1.54 CALL added 159240   PUT added 245820  CE_OI=196820 PE_OI=467860
pcr10 =  BSE:SENSEX2691076200PE   4.66   0.65 CALL added 44640   PUT added 28880  CE_OI=76280 PE_OI=355220
pcr11 =  BSE:SENSEX2691076100PE   3.51   1.71 CALL added 47180   PUT added 80680  CE_OI=66660 PE_OI=234240
pcr12 =  BSE:SENSEX2691076000PE   5.77   4.07 CALL added 53220   PUT added 216640  CE_OI=119200 PE_OI=687460
pcr13 =  BSE:SENSEX2691075900PE   13.43   14.47 CALL added 3840   PUT added 55580  CE_OI=11260 PE_OI=151240
pcr14 =  BSE:SENSEX2691075800PE   16.18   8.77 CALL added 4940   PUT added 43320  CE_OI=9480 PE_OI=153380
pcr15 =  BSE:SENSEX2691075700CE   29.47   63.48 CALL added 460   PUT added 29200  CE_OI=3900 PE_OI=114920
pcr16 =  BSE:SENSEX2691075600CE   37.09   44.71 CALL added 1840   PUT added 82260  CE_OI=5680 PE_OI=210680
pcr17 =  BSE:SENSEX2691075500CE   14.54   13.38 CALL added 7100   PUT added 95000  CE_OI=32720 PE_OI=475740
PCRSUM== 131.98
pcrSummation== 7.33
VOLPCRSUM== 8.73
spotLTP =  76331.64  ATM_STRIKE =  76300
IS_ATM_STRIKE_SHIFT = True  mapStrike = {76300: 76300}
avgOiPcrList2 = [np.float64(7.76)] atmStrikeNotShiftedCount= 1
True   1   1
SUPP_RES=== 76500  Buffer= 25
ANCHOR_COMPARE: spot=76331.64 fut=76730.8 basis(fut-spot)=399.16 | SR_future=76500 SR_spot=76500 SR_diff=0 | PCRwin_future=76700 PCRwin_spot=76300
CEoich val =  389140.0  PEoich val =  75120.0 , CE > PE by 80.7%
SUPP_RES TOTAL OI: CE= 716500  PE= 649860 , CE > PE by 9.3%
SPOT_SUPP_RES=== 76500  Buffer= 25
SPOT CEoich val =  389140.0  PEoich val =  75120.0 , CE > PE by 80.7%
SPOT_SUPP_RES TOTAL OI: CE= 716500  PE= 649860 , CE > PE by 9.3%
OI_SUPP_RES: spot=76331.64 ATM=76300 (ATM_CE_OI=196820 ATM_PE_OI=467860) | SUPPORT=76000PE OI=687460 (dist=-300) | RESISTANCE=77000CE OI=919200 (dist=700)
OI_SUPPORT=== 76000
OI_SUPPORT CEoich val = 53220.0  PEoich val = 216640.0 , CE < PE by 75.4%
OI_SUPPORT TOTAL OI: CE= 119200  PE= 687460 , CE < PE by 82.7%
OI_RESISTANCE=== 77000
OI_RESISTANCE CEoich val = 182300.0  PEoich val = -13080.0 , CE > PE by 107.2%
OI_RESISTANCE TOTAL OI: CE= 919200  PE= 450900 , CE > PE by 50.9%
IS_MORNING_WINDOW= True  (active 9:15-9:48 IST)
================================================
==== signal check time ==== 2026-09-07 09:27:00.695543
IS_CHOI_DIFF_GT_25PERC== True
RSI_VAL1== 22.29
RSI_VAL2== 22.29
FUT_3m_OHLC O= 76735.0  H= 76735.0  L= 76700.0  C= 76730.8  Range= 35.0
CHART_PATTERN_DETECTED: HAMMER
  PATTERN_CONTEXT: Body= -4.2  Range= 35.0  ExpectedRange= 62.7  RangeRatio= 0.56  O= 76735.0  H= 76735.0  L= 76700.0  C= 76730.8
newSynthFut =  76700
ATMStrike =  76300
AVG_OIPCR= 0.81
avgoiPCROld=  7.76
SUPP_RES = 76500
FUT LTP = 76730.8
CEchoi  PechOi = 389140.0    75120.0
====================================
AVG_VOLPCR= 0.97
atmPCR= 0.52  belowATM  0.51
atmVolPCR= 1.01  belowATM  1.0
True   76730.8   76500   False   False   22.29
India VIX = 10.99  Spot Price = 76310.68
IV Regime = LOW (ADAPTIVE: P25= 11.03  P50= 11.29  P75= 11.38 ) | DailyRange = 1198.1 | 3minCandleRange = 63.0 (theoretical= 105.1 ) | ATMoptionMove = 28.4 | SL = 99 | Target = 99 | TrailTrigger = 28 | Spread = 300 | Buffer = 25
IV Params refreshed: {'vix': 10.99, 'bn_price': 76310.68, 'regime': 'LOW', 'regime_thresholds': 'P25=11.03 P50=11.29 P75=11.38', 'daily_range': 1198.1, 'candle_range': 63.0, 'atm_option_move': 28.4, 'sl_point': 99, 'target_point': 99, 'sl_pct_of_premium': 0.1, 'trail_trigger': 28, 'spread_width': 300, 'support_resistance_buffer': 25}
===
====after 3 min ochain==== 2026-09-07 09:30:00.000662
                                    oipcr   choipcr   CE_OI / PE_OI (same strike)
pcr1 =  BSE:SENSEX2691077100CE   0.2   0.01 CALL added 47720   PUT added 300  CE_OI=229280 PE_OI=46600
pcr2 =  BSE:SENSEX2691077000CE   0.47   -0.06 CALL added 229760   PUT unwind -13280  CE_OI=966660 PE_OI=450700
pcr3 =  BSE:SENSEX2691076900PE   0.36   -0.38 CALL added 81860   PUT unwind -30920  CE_OI=334020 PE_OI=118800
pcr4 =  BSE:SENSEX2691076800PE   0.42   -0.49 CALL added 118940   PUT unwind -58740  CE_OI=424940 PE_OI=176780
pcr5 =  BSE:SENSEX2691076700CE   0.45   -1.0 CALL added 118740   PUT unwind -118860  CE_OI=549240 PE_OI=248500
pcr6 =  BSE:SENSEX2691076600CE   0.44    -0.8 CALL added 182760   PUT unwind -146460  CE_OI=551460 PE_OI=243540
pcr7 =  BSE:SENSEX2691076500CE   0.74   0.06 CALL added 487020   PUT added 31640  CE_OI=814380 PE_OI=606380
pcr8 =  BSE:SENSEX2691076400PE   0.96   0.64 CALL added 441600   PUT added 283440  CE_OI=492140 PE_OI=470480
pcr9 =  BSE:SENSEX2691076300CE   1.63   0.96 CALL added 239380   PUT added 230260  CE_OI=276960 PE_OI=452300
pcr10 =  BSE:SENSEX2691076200PE   2.66   0.25 CALL added 100500   PUT added 24680  CE_OI=132140 PE_OI=351020
pcr11 =  BSE:SENSEX2691076100PE   2.27   0.93 CALL added 81560   PUT added 76200  CE_OI=101040 PE_OI=229760
pcr12 =  BSE:SENSEX2691076000PE   4.24   1.84 CALL added 79280   PUT added 145620  CE_OI=145260 PE_OI=616440
pcr13 =  BSE:SENSEX2691075900PE   12.09   11.13 CALL added 6160   PUT added 68540  CE_OI=13580 PE_OI=164200
pcr14 =  BSE:SENSEX2691075800PE   14.5   6.98 CALL added 5880   PUT added 41040  CE_OI=10420 PE_OI=151100
pcr15 =  BSE:SENSEX2691075700CE   26.75   34.41 CALL added 820   PUT added 28220  CE_OI=4260 PE_OI=113940
pcr16 =  BSE:SENSEX2691075600CE   26.74   19.12 CALL added 3380   PUT added 64620  CE_OI=7220 PE_OI=193040
pcr17 =  BSE:SENSEX2691075500CE   15.47   17.73 CALL added 6900   PUT added 122360  CE_OI=32520 PE_OI=503100
PCRSUM== 110.39
pcrSummation== 4.04
VOLPCRSUM== 8.75
spotLTP =  76310.68  ATM_STRIKE =  76300
IS_ATM_STRIKE_SHIFT = False  mapStrike = {76300: 76300}
avgOiPcrList2 = [np.float64(7.76), np.float64(6.49)] atmStrikeNotShiftedCount= 2
False   2   2
SUPP_RES=== 77000  Buffer= 25
ANCHOR_COMPARE: spot=76310.68 fut=76760.5 basis(fut-spot)=449.82 | SR_future=77000 SR_spot=76500 SR_diff=500 | PCRwin_future=76800 PCRwin_spot=76300
CEoich val =  229760.0  PEoich val =  -13280.0 , CE > PE by 105.8%
SUPP_RES TOTAL OI: CE= 966660  PE= 450700 , CE > PE by 53.4%
SPOT_SUPP_RES=== 76500  Buffer= 25
SPOT CEoich val =  487020.0  PEoich val =  31640.0 , CE > PE by 93.5%
SPOT_SUPP_RES TOTAL OI: CE= 814380  PE= 606380 , CE > PE by 25.5%
OI_SUPP_RES: spot=76310.68 ATM=76300 (ATM_CE_OI=276960 ATM_PE_OI=452300) | SUPPORT=76000PE OI=616440 (dist=-300) | RESISTANCE=77000CE OI=966660 (dist=700)
OI_SUPPORT=== 76000
OI_SUPPORT CEoich val = 79280.0  PEoich val = 145620.0 , CE < PE by 45.6%
OI_SUPPORT TOTAL OI: CE= 145260  PE= 616440 , CE < PE by 76.4%
OI_RESISTANCE=== 77000
OI_RESISTANCE CEoich val = 229760.0  PEoich val = -13280.0 , CE > PE by 105.8%
OI_RESISTANCE TOTAL OI: CE= 966660  PE= 450700 , CE > PE by 53.4%
IS_MORNING_WINDOW= True  (active 9:15-9:48 IST)
CHOI_UNWIND: PE side unwinding at SUPP_RES (PEchoi=-13280.0) - CHOI-based logic skipped this cycle
================================================
==== signal check time ==== 2026-09-07 09:30:00.925943
IS_CHOI_DIFF_GT_25PERC== False
RSI_VAL1== 26.76
RSI_VAL2== 26.76
FUT_3m_OHLC O= 76727.4  H= 76760.5  L= 76711.6  C= 76760.5  Range= 48.9
CHART_PATTERN_DETECTED: BULLISH_ENGULFING
  PATTERN_CONTEXT: Body= 33.1  Range= 48.9  ExpectedRange= 63.0  RangeRatio= 0.78  O= 76727.4  H= 76760.5  L= 76711.6  C= 76760.5
newSynthFut =  76800
ATMStrike =  76300
AVG_OIPCR= 0.45
avgoiPCROld=  6.49
SUPP_RES = 77000
FUT LTP = 76760.5
CEchoi  PechOi = 229760.0    -13280.0
====================================
AVG_VOLPCR= 0.97
atmPCR= 0.45  belowATM  0.44
atmVolPCR= 0.97  belowATM  1.01
False   76760.5   77000   False   False   26.76
India VIX = 10.88  Spot Price = 76326.79
IV Regime = LOW (ADAPTIVE: P25= 11.03  P50= 11.29  P75= 11.38 ) | DailyRange = 1186.3 | 3minCandleRange = 62.4 (theoretical= 104.0 ) | ATMoptionMove = 28.1 | SL = 98 | Target = 98 | TrailTrigger = 28 | Spread = 300 | Buffer = 25
IV Params refreshed: {'vix': 10.88, 'bn_price': 76326.79, 'regime': 'LOW', 'regime_thresholds': 'P25=11.03 P50=11.29 P75=11.38', 'daily_range': 1186.3, 'candle_range': 62.4, 'atm_option_move': 28.1, 'sl_point': 98, 'target_point': 98, 'sl_pct_of_premium': 0.1, 'trail_trigger': 28, 'spread_width': 300, 'support_resistance_buffer': 25}
===
====after 3 min ochain==== 2026-09-07 09:33:00.000003
                                    oipcr   choipcr   CE_OI / PE_OI (same strike)
pcr1 =  BSE:SENSEX2691077100CE   0.2   -0.01 CALL added 53580   PUT unwind -280  CE_OI=235140 PE_OI=46020
pcr2 =  BSE:SENSEX2691077000CE   0.45   -0.05 CALL added 259740   PUT unwind -13940  CE_OI=996640 PE_OI=450040
pcr3 =  BSE:SENSEX2691076900PE   0.32   -0.29 CALL added 110280   PUT unwind -32500  CE_OI=362440 PE_OI=117220
pcr4 =  BSE:SENSEX2691076800PE   0.4   -0.45 CALL added 132520   PUT unwind -59760  CE_OI=438520 PE_OI=175760
pcr5 =  BSE:SENSEX2691076700CE   0.43   -0.94 CALL added 132680   PUT unwind -124180  CE_OI=563180 PE_OI=243180
pcr6 =  BSE:SENSEX2691076600CE   0.44    -0.71 CALL added 198380   PUT unwind -140620  CE_OI=567080 PE_OI=249380
pcr7 =  BSE:SENSEX2691076500CE   0.69   0.05 CALL added 543620   PUT added 27240  CE_OI=870980 PE_OI=601980
pcr8 =  BSE:SENSEX2691076400PE   0.9   0.62 CALL added 513300   PUT added 320240  CE_OI=563840 PE_OI=507280
pcr9 =  BSE:SENSEX2691076300CE   1.52   0.95 CALL added 288820   PUT added 274480  CE_OI=326400 PE_OI=496520
pcr10 =  BSE:SENSEX2691076200PE   2.44   0.24 CALL added 113260   PUT added 27080  CE_OI=144900 PE_OI=353420
pcr11 =  BSE:SENSEX2691076100PE   1.94   0.7 CALL added 92780   PUT added 64560  CE_OI=112260 PE_OI=218120
pcr12 =  BSE:SENSEX2691076000PE   4.15   1.88 CALL added 86520   PUT added 162720  CE_OI=152500 PE_OI=633540
pcr13 =  BSE:SENSEX2691075900PE   11.79   10.63 CALL added 7120   PUT added 75700  CE_OI=14540 PE_OI=171360
pcr14 =  BSE:SENSEX2691075800PE   15.53   8.55 CALL added 5660   PUT added 48380  CE_OI=10200 PE_OI=158440
pcr15 =  BSE:SENSEX2691075700CE   25.77   28.5 CALL added 1080   PUT added 30780  CE_OI=4520 PE_OI=116500
pcr16 =  BSE:SENSEX2691075600CE   27.9   21.3 CALL added 3220   PUT added 68580  CE_OI=7060 PE_OI=197000
pcr17 =  BSE:SENSEX2691075500CE   15.51   17.86 CALL added 7040   PUT added 125720  CE_OI=32660 PE_OI=506460
PCRSUM== 110.38
pcrSummation== 5.35
VOLPCRSUM== 8.51
spotLTP =  76326.79  ATM_STRIKE =  76300
IS_ATM_STRIKE_SHIFT = False  mapStrike = {76300: 76300}
avgOiPcrList2 = [np.float64(7.76), np.float64(6.49), np.float64(6.49)] atmStrikeNotShiftedCount= 3
False   3   3
SUPP_RES=== 76500  Buffer= 25
ANCHOR_COMPARE: spot=76326.79 fut=76683.0 basis(fut-spot)=356.21 | SR_future=76500 SR_spot=76500 SR_diff=0 | PCRwin_future=76700 PCRwin_spot=76300
CEoich val =  543620.0  PEoich val =  27240.0 , CE > PE by 95.0%
SUPP_RES TOTAL OI: CE= 870980  PE= 601980 , CE > PE by 30.9%
SPOT_SUPP_RES=== 76500  Buffer= 25
SPOT CEoich val =  543620.0  PEoich val =  27240.0 , CE > PE by 95.0%
SPOT_SUPP_RES TOTAL OI: CE= 870980  PE= 601980 , CE > PE by 30.9%
OI_SUPP_RES: spot=76326.79 ATM=76300 (ATM_CE_OI=326400 ATM_PE_OI=496520) | SUPPORT=76000PE OI=633540 (dist=-300) | RESISTANCE=77000CE OI=996640 (dist=700)
OI_SUPPORT=== 76000
OI_SUPPORT CEoich val = 86520.0  PEoich val = 162720.0 , CE < PE by 46.8%
OI_SUPPORT TOTAL OI: CE= 152500  PE= 633540 , CE < PE by 75.9%
OI_RESISTANCE=== 77000
OI_RESISTANCE CEoich val = 259740.0  PEoich val = -13940.0 , CE > PE by 105.4%
OI_RESISTANCE TOTAL OI: CE= 996640  PE= 450040 , CE > PE by 54.8%
IS_MORNING_WINDOW= True  (active 9:15-9:48 IST)
================================================
==== signal check time ==== 2026-09-07 09:33:00.659962
IS_CHOI_DIFF_GT_25PERC== True
RSI_VAL1== 23.04
RSI_VAL2== 23.04
FUT_3m_OHLC O= 76760.5  H= 76760.5  L= 76675.2  C= 76683.0  Range= 85.4
CHART_PATTERN_DETECTED: BEARISH_ENGULFING | STRONG_MOMENTUM_BEAR
  PATTERN_CONTEXT: Body= -77.5  Range= 85.4  ExpectedRange= 62.4  RangeRatio= 1.37  O= 76760.5  H= 76760.5  L= 76675.2  C= 76683.0
neither = [np.float64(6.49)]
newSynthFut =  76700
ATMStrike =  76300
AVG_OIPCR= 0.59
avgoiPCROld=  6.49
SUPP_RES = 76500
FUT LTP = 76683.0
CEchoi  PechOi = 543620.0    27240.0
====================================
AVG_VOLPCR= 0.95
atmPCR= 0.43  belowATM  0.44
atmVolPCR= 0.96  belowATM  0.97
True   76683.0   76500   False   False   23.04
India VIX = 10.88  Spot Price = 76322.57
IV Regime = LOW (ADAPTIVE: P25= 11.03  P50= 11.29  P75= 11.38 ) | DailyRange = 1186.3 | 3minCandleRange = 62.4 (theoretical= 104.0 ) | ATMoptionMove = 28.1 | SL = 98 | Target = 98 | TrailTrigger = 28 | Spread = 300 | Buffer = 25
IV Params refreshed: {'vix': 10.88, 'bn_price': 76322.57, 'regime': 'LOW', 'regime_thresholds': 'P25=11.03 P50=11.29 P75=11.38', 'daily_range': 1186.3, 'candle_range': 62.4, 'atm_option_move': 28.1, 'sl_point': 98, 'target_point': 98, 'sl_pct_of_premium': 0.1, 'trail_trigger': 28, 'spread_width': 300, 'support_resistance_buffer': 25}
===
====after 3 min ochain==== 2026-09-07 09:36:00.000020
                                    oipcr   choipcr   CE_OI / PE_OI (same strike)
pcr1 =  BSE:SENSEX2691077100CE   0.2   0.01 CALL added 52200   PUT added 780  CE_OI=233760 PE_OI=47080
pcr2 =  BSE:SENSEX2691077000CE   0.44   -0.04 CALL added 284900   PUT unwind -11840  CE_OI=1021800 PE_OI=452140
pcr3 =  BSE:SENSEX2691076900PE   0.32   -0.28 CALL added 114540   PUT unwind -32040  CE_OI=366700 PE_OI=117680
pcr4 =  BSE:SENSEX2691076800PE   0.4   -0.4 CALL added 139660   PUT unwind -55860  CE_OI=445660 PE_OI=179660
pcr5 =  BSE:SENSEX2691076700CE   0.42   -0.92 CALL added 138040   PUT unwind -127320  CE_OI=568540 PE_OI=240040
pcr6 =  BSE:SENSEX2691076600CE   0.46    -0.68 CALL added 192460   PUT unwind -131660  CE_OI=561160 PE_OI=258340
pcr7 =  BSE:SENSEX2691076500CE   0.68   0.06 CALL added 573540   PUT added 34940  CE_OI=900900 PE_OI=609680
pcr8 =  BSE:SENSEX2691076400PE   0.88   0.62 CALL added 539500   PUT added 333820  CE_OI=590040 PE_OI=520860
pcr9 =  BSE:SENSEX2691076300CE   1.54   1.0 CALL added 306640   PUT added 306500  CE_OI=344220 PE_OI=528540
pcr10 =  BSE:SENSEX2691076200PE   2.49   0.42 CALL added 119420   PUT added 49800  CE_OI=151060 PE_OI=376140
pcr11 =  BSE:SENSEX2691076100PE   1.97   0.77 CALL added 95900   PUT added 73540  CE_OI=115380 PE_OI=227100
pcr12 =  BSE:SENSEX2691076000PE   4.05   1.94 CALL added 96340   PUT added 186900  CE_OI=162320 PE_OI=657720
pcr13 =  BSE:SENSEX2691075900PE   11.49   10.19 CALL added 8060   PUT added 82140  CE_OI=15480 PE_OI=177800
pcr14 =  BSE:SENSEX2691075800PE   14.38   7.45 CALL added 6460   PUT added 48120  CE_OI=11000 PE_OI=158180
pcr15 =  BSE:SENSEX2691075700CE   24.52   23.53 CALL added 1400   PUT added 32940  CE_OI=4840 PE_OI=118660
pcr16 =  BSE:SENSEX2691075600CE   27.78   21.53 CALL added 3480   PUT added 74940  CE_OI=7320 PE_OI=203360
pcr17 =  BSE:SENSEX2691075500CE   15.76   18.9 CALL added 7280   PUT added 137620  CE_OI=32900 PE_OI=518360
PCRSUM== 107.78
pcrSummation== 5.34
VOLPCRSUM== 8.37
spotLTP =  76326.39  ATM_STRIKE =  76300
IS_ATM_STRIKE_SHIFT = False  mapStrike = {76300: 76300}
avgOiPcrList2 = [np.float64(6.49), np.float64(6.34)] atmStrikeNotShiftedCount= 4
False   4   2
SUPP_RES=== 76500  Buffer= 25
ANCHOR_COMPARE: spot=76326.39 fut=76700.0 basis(fut-spot)=373.61 | SR_future=76500 SR_spot=76500 SR_diff=0 | PCRwin_future=76700 PCRwin_spot=76300
CEoich val =  573540.0  PEoich val =  34940.0 , CE > PE by 93.9%
SUPP_RES TOTAL OI: CE= 900900  PE= 609680 , CE > PE by 32.3%
SPOT_SUPP_RES=== 76500  Buffer= 25
SPOT CEoich val =  573540.0  PEoich val =  34940.0 , CE > PE by 93.9%
SPOT_SUPP_RES TOTAL OI: CE= 900900  PE= 609680 , CE > PE by 32.3%
OI_SUPP_RES: spot=76326.39 ATM=76300 (ATM_CE_OI=344220 ATM_PE_OI=528540) | SUPPORT=76000PE OI=657720 (dist=-300) | RESISTANCE=77000CE OI=1021800 (dist=700)
OI_SUPPORT=== 76000
OI_SUPPORT CEoich val = 96340.0  PEoich val = 186900.0 , CE < PE by 48.5%
OI_SUPPORT TOTAL OI: CE= 162320  PE= 657720 , CE < PE by 75.3%
OI_RESISTANCE=== 77000
OI_RESISTANCE CEoich val = 284900.0  PEoich val = -11840.0 , CE > PE by 104.2%
OI_RESISTANCE TOTAL OI: CE= 1021800  PE= 452140 , CE > PE by 55.8%
IS_MORNING_WINDOW= True  (active 9:15-9:48 IST)
================================================
==== signal check time ==== 2026-09-07 09:36:00.672634
IS_CHOI_DIFF_GT_25PERC== True
RSI_VAL1== 25.49
RSI_VAL2== 25.49
FUT_3m_OHLC O= 76683.0  H= 76700.0  L= 76683.0  C= 76700.0  Range= 17.0
CHART_PATTERN_DETECTED: INSIDE_BAR
  PATTERN_CONTEXT: Body= 17.0  Range= 17.0  ExpectedRange= 62.4  RangeRatio= 0.27  O= 76683.0  H= 76700.0  L= 76683.0  C= 76700.0
newSynthFut =  76700
ATMStrike =  76300
AVG_OIPCR= 0.59
avgoiPCROld=  6.34
SUPP_RES = 76500
FUT LTP = 76700.0
CEchoi  PechOi = 573540.0    34940.0
====================================
AVG_VOLPCR= 0.93
atmPCR= 0.42  belowATM  0.46
atmVolPCR= 0.94  belowATM  0.97
True   76700.0   76500   False   False   25.49
India VIX = 10.81  Spot Price = 76332.4
IV Regime = LOW (ADAPTIVE: P25= 11.03  P50= 11.29  P75= 11.38 ) | DailyRange = 1178.8 | 3minCandleRange = 62.0 (theoretical= 103.4 ) | ATMoptionMove = 27.9 | SL = 98 | Target = 98 | TrailTrigger = 28 | Spread = 300 | Buffer = 25
IV Params refreshed: {'vix': 10.81, 'bn_price': 76332.4, 'regime': 'LOW', 'regime_thresholds': 'P25=11.03 P50=11.29 P75=11.38', 'daily_range': 1178.8, 'candle_range': 62.0, 'atm_option_move': 27.9, 'sl_point': 98, 'target_point': 98, 'sl_pct_of_premium': 0.1, 'trail_trigger': 28, 'spread_width': 300, 'support_resistance_buffer': 25}
===
====after 3 min ochain==== 2026-09-07 09:39:00.000309
                                    oipcr   choipcr   CE_OI / PE_OI (same strike)
pcr1 =  BSE:SENSEX2691077100CE   0.2   0.02 CALL added 53980   PUT added 1220  CE_OI=235540 PE_OI=47520
pcr2 =  BSE:SENSEX2691077000CE   0.44   -0.03 CALL added 288820   PUT unwind -8880  CE_OI=1025720 PE_OI=455100
pcr3 =  BSE:SENSEX2691076900PE   0.3   -0.26 CALL added 132380   PUT unwind -33760  CE_OI=384540 PE_OI=115960
pcr4 =  BSE:SENSEX2691076800PE   0.41   -0.35 CALL added 146180   PUT unwind -50780  CE_OI=452180 PE_OI=184740
pcr5 =  BSE:SENSEX2691076700CE   0.42   -0.92 CALL added 140860   PUT unwind -128960  CE_OI=571360 PE_OI=238400
pcr6 =  BSE:SENSEX2691076600CE   0.45    -0.66 CALL added 203120   PUT unwind -134360  CE_OI=571820 PE_OI=255640
pcr7 =  BSE:SENSEX2691076500CE   0.66   0.06 CALL added 600080   PUT added 34660  CE_OI=927440 PE_OI=609400
pcr8 =  BSE:SENSEX2691076400PE   0.86   0.61 CALL added 575620   PUT added 351960  CE_OI=626160 PE_OI=539000
pcr9 =  BSE:SENSEX2691076300CE   1.45   0.97 CALL added 349820   PUT added 338720  CE_OI=387400 PE_OI=560760
pcr10 =  BSE:SENSEX2691076200PE   2.52   0.46 CALL added 119600   PUT added 54780  CE_OI=151240 PE_OI=381120
pcr11 =  BSE:SENSEX2691076100PE   2.0   0.83 CALL added 98080   PUT added 81540  CE_OI=117560 PE_OI=235100
pcr12 =  BSE:SENSEX2691076000PE   4.2   2.21 CALL added 96980   PUT added 214240  CE_OI=162960 PE_OI=685060
pcr13 =  BSE:SENSEX2691075900PE   11.57   10.39 CALL added 8260   PUT added 85820  CE_OI=15680 PE_OI=181480
pcr14 =  BSE:SENSEX2691075800PE   11.6   5.3 CALL added 9120   PUT added 48380  CE_OI=13660 PE_OI=158440
pcr15 =  BSE:SENSEX2691075700CE   24.41   23.26 CALL added 1520   PUT added 35360  CE_OI=4960 PE_OI=121080
pcr16 =  BSE:SENSEX2691075600CE   26.55   19.12 CALL added 3560   PUT added 68080  CE_OI=7400 PE_OI=196500
pcr17 =  BSE:SENSEX2691075500CE   15.66   18.45 CALL added 7340   PUT added 135400  CE_OI=32960 PE_OI=516140
PCRSUM== 103.7
pcrSummation== 3.74
VOLPCRSUM== 8.12
spotLTP =  76334.59  ATM_STRIKE =  76300
IS_ATM_STRIKE_SHIFT = False  mapStrike = {76300: 76300}
avgOiPcrList2 = [np.float64(6.49), np.float64(6.34), np.float64(6.1)] atmStrikeNotShiftedCount= 5
False   5   3
SUPP_RES=== 77000  Buffer= 25
ANCHOR_COMPARE: spot=76334.59 fut=76750.85 basis(fut-spot)=416.26 | SR_future=77000 SR_spot=76500 SR_diff=500 | PCRwin_future=76800 PCRwin_spot=76300
CEoich val =  288820.0  PEoich val =  -8880.0 , CE > PE by 103.1%
SUPP_RES TOTAL OI: CE= 1025720  PE= 455100 , CE > PE by 55.6%
SPOT_SUPP_RES=== 76500  Buffer= 25
SPOT CEoich val =  600080.0  PEoich val =  34660.0 , CE > PE by 94.2%
SPOT_SUPP_RES TOTAL OI: CE= 927440  PE= 609400 , CE > PE by 34.3%
OI_SUPP_RES: spot=76334.59 ATM=76300 (ATM_CE_OI=387400 ATM_PE_OI=560760) | SUPPORT=76000PE OI=685060 (dist=-300) | RESISTANCE=77000CE OI=1025720 (dist=700)
OI_SUPPORT=== 76000
OI_SUPPORT CEoich val = 96980.0  PEoich val = 214240.0 , CE < PE by 54.7%
OI_SUPPORT TOTAL OI: CE= 162960  PE= 685060 , CE < PE by 76.2%
OI_RESISTANCE=== 77000
OI_RESISTANCE CEoich val = 288820.0  PEoich val = -8880.0 , CE > PE by 103.1%
OI_RESISTANCE TOTAL OI: CE= 1025720  PE= 455100 , CE > PE by 55.6%
IS_MORNING_WINDOW= True  (active 9:15-9:48 IST)
CHOI_UNWIND: PE side unwinding at SUPP_RES (PEchoi=-8880.0) - CHOI-based logic skipped this cycle
================================================
==== signal check time ==== 2026-09-07 09:39:00.693445
IS_CHOI_DIFF_GT_25PERC== False
RSI_VAL1== 32.41
RSI_VAL2== 32.41
FUT_3m_OHLC O= 76734.8  H= 76760.4  L= 76704.8  C= 76750.8  Range= 55.6
CHART_PATTERN_DETECTED: DOUBLE_TOP_FORMING
  PATTERN_CONTEXT: Body= 16.1  Range= 55.6  ExpectedRange= 62.0  RangeRatio= 0.9  O= 76734.8  H= 76760.4  L= 76704.8  C= 76750.8
isPcrDecr = True
newSynthFut =  76800
ATMStrike =  76300
AVG_OIPCR= 0.42
avgoiPCROld=  6.1
SUPP_RES = 77000
FUT LTP = 76750.85
CEchoi  PechOi = 288820.0    -8880.0
====================================
AVG_VOLPCR= 0.9
atmPCR= 0.42  belowATM  0.45
atmVolPCR= 0.91  belowATM  0.96
False   76750.85   77000   False   True   32.41
no trade yet = [np.float64(6.49), np.float64(6.34), np.float64(6.1)]
India VIX = 10.83  Spot Price = 76333.37
IV Regime = LOW (ADAPTIVE: P25= 11.03  P50= 11.29  P75= 11.38 ) | DailyRange = 1181.0 | 3minCandleRange = 62.1 (theoretical= 103.6 ) | ATMoptionMove = 28.0 | SL = 98 | Target = 98 | TrailTrigger = 28 | Spread = 300 | Buffer = 25
IV Params refreshed: {'vix': 10.83, 'bn_price': 76333.37, 'regime': 'LOW', 'regime_thresholds': 'P25=11.03 P50=11.29 P75=11.38', 'daily_range': 1181.0, 'candle_range': 62.1, 'atm_option_move': 28.0, 'sl_point': 98, 'target_point': 98, 'sl_pct_of_premium': 0.1, 'trail_trigger': 28, 'spread_width': 300, 'support_resistance_buffer': 25}
===
====after 3 min ochain==== 2026-09-07 09:42:00.024825
                                    oipcr   choipcr   CE_OI / PE_OI (same strike)
pcr1 =  BSE:SENSEX2691077100CE   0.2   0.03 CALL added 54600   PUT added 1760  CE_OI=236160 PE_OI=48060
pcr2 =  BSE:SENSEX2691077000CE   0.44   -0.03 CALL added 292140   PUT unwind -8160  CE_OI=1029040 PE_OI=455820
pcr3 =  BSE:SENSEX2691076900PE   0.29   -0.25 CALL added 142440   PUT unwind -34940  CE_OI=394600 PE_OI=114780
pcr4 =  BSE:SENSEX2691076800PE   0.4   -0.32 CALL added 154980   PUT unwind -48980  CE_OI=460980 PE_OI=186540
pcr5 =  BSE:SENSEX2691076700CE   0.42   -0.88 CALL added 143640   PUT unwind -126620  CE_OI=574140 PE_OI=240740
pcr6 =  BSE:SENSEX2691076600CE   0.45    -0.65 CALL added 201980   PUT unwind -130420  CE_OI=570680 PE_OI=259580
pcr7 =  BSE:SENSEX2691076500CE   0.66   0.08 CALL added 611640   PUT added 49260  CE_OI=939000 PE_OI=624000
pcr8 =  BSE:SENSEX2691076400PE   0.89   0.65 CALL added 584360   PUT added 380420  CE_OI=634900 PE_OI=567460
pcr9 =  BSE:SENSEX2691076300CE   1.44   0.99 CALL added 369300   PUT added 365380  CE_OI=406880 PE_OI=587420
pcr10 =  BSE:SENSEX2691076200PE   2.64   0.64 CALL added 121460   PUT added 77200  CE_OI=153100 PE_OI=403540
pcr11 =  BSE:SENSEX2691076100PE   1.97   0.85 CALL added 102760   PUT added 87220  CE_OI=122240 PE_OI=240780
pcr12 =  BSE:SENSEX2691076000PE   4.29   2.38 CALL added 98360   PUT added 234260  CE_OI=164340 PE_OI=705080
pcr13 =  BSE:SENSEX2691075900PE   11.24   9.87 CALL added 8980   PUT added 88660  CE_OI=16400 PE_OI=184320
pcr14 =  BSE:SENSEX2691075800PE   12.15   5.95 CALL added 8860   PUT added 52760  CE_OI=13400 PE_OI=162820
pcr15 =  BSE:SENSEX2691075700CE   23.18   19.98 CALL added 1860   PUT added 37160  CE_OI=5300 PE_OI=122880
pcr16 =  BSE:SENSEX2691075600CE   28.06   22.02 CALL added 3420   PUT added 75320  CE_OI=7260 PE_OI=203740
pcr17 =  BSE:SENSEX2691075500CE   15.63   18.14 CALL added 7880   PUT added 142960  CE_OI=33500 PE_OI=523700
PCRSUM== 104.35
pcrSummation== 3.75
VOLPCRSUM== 7.969999999999999
spotLTP =  76332.94  ATM_STRIKE =  76300
IS_ATM_STRIKE_SHIFT = False  mapStrike = {76300: 76300}
avgOiPcrList2 = [np.float64(6.34), np.float64(6.1), np.float64(6.14)] atmStrikeNotShiftedCount= 6
False   6   3
SUPP_RES=== 77000  Buffer= 25
ANCHOR_COMPARE: spot=76332.94 fut=76766.1 basis(fut-spot)=433.16 | SR_future=77000 SR_spot=76500 SR_diff=500 | PCRwin_future=76800 PCRwin_spot=76300
CEoich val =  292140.0  PEoich val =  -8160.0 , CE > PE by 102.8%
SUPP_RES TOTAL OI: CE= 1029040  PE= 455820 , CE > PE by 55.7%
SPOT_SUPP_RES=== 76500  Buffer= 25
SPOT CEoich val =  611640.0  PEoich val =  49260.0 , CE > PE by 91.9%
SPOT_SUPP_RES TOTAL OI: CE= 939000  PE= 624000 , CE > PE by 33.5%
OI_SUPP_RES: spot=76332.94 ATM=76300 (ATM_CE_OI=406880 ATM_PE_OI=587420) | SUPPORT=76000PE OI=705080 (dist=-300) | RESISTANCE=77000CE OI=1029040 (dist=700)
OI_SUPPORT=== 76000
OI_SUPPORT CEoich val = 98360.0  PEoich val = 234260.0 , CE < PE by 58.0%
OI_SUPPORT TOTAL OI: CE= 164340  PE= 705080 , CE < PE by 76.7%
OI_RESISTANCE=== 77000
OI_RESISTANCE CEoich val = 292140.0  PEoich val = -8160.0 , CE > PE by 102.8%
OI_RESISTANCE TOTAL OI: CE= 1029040  PE= 455820 , CE > PE by 55.7%
IS_MORNING_WINDOW= True  (active 9:15-9:48 IST)
CHOI_UNWIND: PE side unwinding at SUPP_RES (PEchoi=-8160.0) - CHOI-based logic skipped this cycle
================================================
==== signal check time ==== 2026-09-07 09:42:00.790270
IS_CHOI_DIFF_GT_25PERC== False
RSI_VAL1== 34.38
RSI_VAL2== 34.38
FUT_3m_OHLC O= 76710.0  H= 76766.1  L= 76710.0  C= 76766.1  Range= 56.1
CHART_PATTERN_DETECTED: THREE_WHITE_SOLDIERS | DOUBLE_TOP_FORMING | STRONG_MOMENTUM_BULL
  PATTERN_CONTEXT: Body= 56.1  Range= 56.1  ExpectedRange= 62.1  RangeRatio= 0.9  O= 76710.0  H= 76766.1  L= 76710.0  C= 76766.1
recent two = [np.float64(6.1), np.float64(6.14)]
newSynthFut =  76800
ATMStrike =  76300
AVG_OIPCR= 0.42
avgoiPCROld=  6.14
SUPP_RES = 77000
FUT LTP = 76766.1
CEchoi  PechOi = 292140.0    -8160.0
====================================
AVG_VOLPCR= 0.89
atmPCR= 0.42  belowATM  0.45
atmVolPCR= 0.9  belowATM  0.95
False   76766.1   77000   False   False   34.38
India VIX = 10.83  Spot Price = 76321.52
IV Regime = LOW (ADAPTIVE: P25= 11.03  P50= 11.29  P75= 11.38 ) | DailyRange = 1180.8 | 3minCandleRange = 62.1 (theoretical= 103.6 ) | ATMoptionMove = 28.0 | SL = 98 | Target = 98 | TrailTrigger = 28 | Spread = 300 | Buffer = 25
IV Params refreshed: {'vix': 10.83, 'bn_price': 76321.52, 'regime': 'LOW', 'regime_thresholds': 'P25=11.03 P50=11.29 P75=11.38', 'daily_range': 1180.8, 'candle_range': 62.1, 'atm_option_move': 28.0, 'sl_point': 98, 'target_point': 98, 'sl_pct_of_premium': 0.1, 'trail_trigger': 28, 'spread_width': 300, 'support_resistance_buffer': 25}
===
====after 3 min ochain==== 2026-09-07 09:45:00.025419
                                    oipcr   choipcr   CE_OI / PE_OI (same strike)
pcr1 =  BSE:SENSEX2691077100CE   0.2   0.03 CALL added 55140   PUT added 1440  CE_OI=236700 PE_OI=47740
pcr2 =  BSE:SENSEX2691077000CE   0.44   -0.03 CALL added 294660   PUT unwind -8360  CE_OI=1031560 PE_OI=455620
pcr3 =  BSE:SENSEX2691076900PE   0.29   -0.25 CALL added 144440   PUT unwind -35440  CE_OI=396600 PE_OI=114280
pcr4 =  BSE:SENSEX2691076800PE   0.4   -0.3 CALL added 162000   PUT unwind -48800  CE_OI=468000 PE_OI=186720
pcr5 =  BSE:SENSEX2691076700CE   0.42   -0.81 CALL added 151040   PUT unwind -122140  CE_OI=581540 PE_OI=245220
pcr6 =  BSE:SENSEX2691076600CE   0.5    -0.5 CALL added 205780   PUT unwind -102660  CE_OI=574480 PE_OI=287340
pcr7 =  BSE:SENSEX2691076500CE   0.68   0.11 CALL added 612060   PUT added 66660  CE_OI=939420 PE_OI=641400
pcr8 =  BSE:SENSEX2691076400PE   0.92   0.67 CALL added 579240   PUT added 389740  CE_OI=629780 PE_OI=576780
pcr9 =  BSE:SENSEX2691076300CE   1.52   1.08 CALL added 378300   PUT added 409380  CE_OI=415880 PE_OI=631420
pcr10 =  BSE:SENSEX2691076200PE   2.79   0.81 CALL added 120040   PUT added 97380  CE_OI=151680 PE_OI=423720
pcr11 =  BSE:SENSEX2691076100PE   1.91   0.85 CALL added 109640   PUT added 93500  CE_OI=129120 PE_OI=247060
pcr12 =  BSE:SENSEX2691076000PE   4.43   2.59 CALL added 96800   PUT added 250860  CE_OI=162780 PE_OI=721680
pcr13 =  BSE:SENSEX2691075900PE   10.79   9.25 CALL added 10180   PUT added 94200  CE_OI=17600 PE_OI=189860
pcr14 =  BSE:SENSEX2691075800PE   12.49   6.97 CALL added 9660   PUT added 67360  CE_OI=14200 PE_OI=177420
pcr15 =  BSE:SENSEX2691075700CE   22.36   18.32 CALL added 2180   PUT added 39940  CE_OI=5620 PE_OI=125660
pcr16 =  BSE:SENSEX2691075600CE   28.96   23.81 CALL added 3340   PUT added 79520  CE_OI=7180 PE_OI=207940
pcr17 =  BSE:SENSEX2691075500CE   15.91   19.63 CALL added 7240   PUT added 142120  CE_OI=32860 PE_OI=522860
PCRSUM== 105.01
pcrSummation== 3.85
VOLPCRSUM== 7.7299999999999995
spotLTP =  76321.52  ATM_STRIKE =  76300
IS_ATM_STRIKE_SHIFT = False  mapStrike = {76300: 76300}
avgOiPcrList2 = [np.float64(6.1), np.float64(6.14), np.float64(6.18)] atmStrikeNotShiftedCount= 7
False   7   3
SUPP_RES=== 77000  Buffer= 25
ANCHOR_COMPARE: spot=76321.52 fut=76769.95 basis(fut-spot)=448.43 | SR_future=77000 SR_spot=76500 SR_diff=500 | PCRwin_future=76800 PCRwin_spot=76300
CEoich val =  294660.0  PEoich val =  -8360.0 , CE > PE by 102.8%
SUPP_RES TOTAL OI: CE= 1031560  PE= 455620 , CE > PE by 55.8%
SPOT_SUPP_RES=== 76500  Buffer= 25
SPOT CEoich val =  612060.0  PEoich val =  66660.0 , CE > PE by 89.1%
SPOT_SUPP_RES TOTAL OI: CE= 939420  PE= 641400 , CE > PE by 31.7%
OI_SUPP_RES: spot=76321.52 ATM=76300 (ATM_CE_OI=415880 ATM_PE_OI=631420) | SUPPORT=76000PE OI=721680 (dist=-300) | RESISTANCE=77000CE OI=1031560 (dist=700)
OI_SUPPORT=== 76000
OI_SUPPORT CEoich val = 96800.0  PEoich val = 250860.0 , CE < PE by 61.4%
OI_SUPPORT TOTAL OI: CE= 162780  PE= 721680 , CE < PE by 77.4%
OI_RESISTANCE=== 77000
OI_RESISTANCE CEoich val = 294660.0  PEoich val = -8360.0 , CE > PE by 102.8%
OI_RESISTANCE TOTAL OI: CE= 1031560  PE= 455620 , CE > PE by 55.8%
IS_MORNING_WINDOW= True  (active 9:15-9:48 IST)
CHOI_UNWIND: PE side unwinding at SUPP_RES (PEchoi=-8360.0) - CHOI-based logic skipped this cycle
================================================
==== signal check time ==== 2026-09-07 09:45:00.814412
IS_CHOI_DIFF_GT_25PERC== False
RSI_VAL1== 34.9
RSI_VAL2== 34.9
FUT_3m_OHLC O= 76753.0  H= 76770.0  L= 76707.3  C= 76770.0  Range= 62.6
CHART_PATTERN_DETECTED: THREE_WHITE_SOLDIERS | HAMMER | OUTSIDE_BAR | DOUBLE_TOP_FORMING
  PATTERN_CONTEXT: Body= 17.0  Range= 62.6  ExpectedRange= 62.1  RangeRatio= 1.01  O= 76753.0  H= 76770.0  L= 76707.3  C= 76770.0
isPcrInc = True
newSynthFut =  76800
ATMStrike =  76300
AVG_OIPCR= 0.43
avgoiPCROld=  6.18
SUPP_RES = 77000
FUT LTP = 76769.95
CEchoi  PechOi = 294660.0    -8360.0
====================================
AVG_VOLPCR= 0.86
atmPCR= 0.42  belowATM  0.5
atmVolPCR= 0.81  belowATM  0.98
False   76769.95   77000   True   False   34.9
no trade yet = [np.float64(6.1), np.float64(6.14), np.float64(6.18)]
India VIX = 11.19  Spot Price = 76315.45
IV Regime = NORMAL (ADAPTIVE: P25= 11.03  P50= 11.29  P75= 11.38 ) | DailyRange = 1220.0 | 3minCandleRange = 64.2 (theoretical= 107.0 ) | ATMoptionMove = 28.9 | SL = 101 | Target = 101 | TrailTrigger = 29 | Spread = 300 | Buffer = 32
IV Params refreshed: {'vix': 11.19, 'bn_price': 76315.45, 'regime': 'NORMAL', 'regime_thresholds': 'P25=11.03 P50=11.29 P75=11.38', 'daily_range': 1220.0, 'candle_range': 64.2, 'atm_option_move': 28.9, 'sl_point': 101, 'target_point': 101, 'sl_pct_of_premium': 0.1, 'trail_trigger': 29, 'spread_width': 300, 'support_resistance_buffer': 32}
===
====after 3 min ochain==== 2026-09-07 09:48:00.025697
                                    oipcr   choipcr   CE_OI / PE_OI (same strike)
pcr1 =  BSE:SENSEX2691077100CE   0.21   0.04 CALL added 54740   PUT added 2180  CE_OI=236300 PE_OI=48480
pcr2 =  BSE:SENSEX2691077000CE   0.44   -0.02 CALL added 303440   PUT unwind -6960  CE_OI=1040340 PE_OI=457020
pcr3 =  BSE:SENSEX2691076900PE   0.29   -0.26 CALL added 141380   PUT unwind -36780  CE_OI=393540 PE_OI=112940
pcr4 =  BSE:SENSEX2691076800PE   0.4   -0.28 CALL added 168060   PUT unwind -47080  CE_OI=474060 PE_OI=188440
pcr5 =  BSE:SENSEX2691076700CE   0.37   -0.54 CALL added 225820   PUT unwind -122940  CE_OI=656320 PE_OI=244420
pcr6 =  BSE:SENSEX2691076600CE   0.45    -0.6 CALL added 215140   PUT unwind -129240  CE_OI=583840 PE_OI=260760
pcr7 =  BSE:SENSEX2691076500CE   0.67   0.11 CALL added 643500   PUT added 71740  CE_OI=970860 PE_OI=646480
pcr8 =  BSE:SENSEX2691076400PE   0.89   0.66 CALL added 598780   PUT added 393360  CE_OI=649320 PE_OI=580400
pcr9 =  BSE:SENSEX2691076300CE   1.34   0.97 CALL added 468760   PUT added 456480  CE_OI=506340 PE_OI=678520
pcr10 =  BSE:SENSEX2691076200PE   2.82   0.87 CALL added 121780   PUT added 106380  CE_OI=153420 PE_OI=432720
pcr11 =  BSE:SENSEX2691076100PE   1.87   0.87 CALL added 117200   PUT added 101860  CE_OI=136680 PE_OI=255420
pcr12 =  BSE:SENSEX2691076000PE   4.38   2.54 CALL added 98940   PUT added 251000  CE_OI=164920 PE_OI=721820
pcr13 =  BSE:SENSEX2691075900PE   15.4   17.22 CALL added 10280   PUT added 177000  CE_OI=17700 PE_OI=272660
pcr14 =  BSE:SENSEX2691075800PE   12.09   6.97 CALL added 10780   PUT added 75120  CE_OI=15320 PE_OI=185180
pcr15 =  BSE:SENSEX2691075700CE   21.63   16.68 CALL added 2280   PUT added 38020  CE_OI=5720 PE_OI=123740
pcr16 =  BSE:SENSEX2691075600CE   27.77   21.89 CALL added 3700   PUT added 81000  CE_OI=7540 PE_OI=209420
pcr17 =  BSE:SENSEX2691075500CE   15.88   19.33 CALL added 7560   PUT added 146100  CE_OI=33180 PE_OI=526840
PCRSUM== 106.9
pcrSummation== 3.72
VOLPCRSUM== 7.65
spotLTP =  76315.45  ATM_STRIKE =  76300
IS_ATM_STRIKE_SHIFT = False  mapStrike = {76300: 76300}
avgOiPcrList2 = [np.float64(6.14), np.float64(6.18), np.float64(6.29)] atmStrikeNotShiftedCount= 8
False   8   3
SUPP_RES=== 77000  Buffer= 32
ANCHOR_COMPARE: spot=76315.45 fut=76757.5 basis(fut-spot)=442.05 | SR_future=77000 SR_spot=76500 SR_diff=500 | PCRwin_future=76800 PCRwin_spot=76300
CEoich val =  303440.0  PEoich val =  -6960.0 , CE > PE by 102.3%
SUPP_RES TOTAL OI: CE= 1040340  PE= 457020 , CE > PE by 56.1%
SPOT_SUPP_RES=== 76500  Buffer= 32
SPOT CEoich val =  643500.0  PEoich val =  71740.0 , CE > PE by 88.9%
SPOT_SUPP_RES TOTAL OI: CE= 970860  PE= 646480 , CE > PE by 33.4%
OI_SUPP_RES: spot=76315.45 ATM=76300 (ATM_CE_OI=506340 ATM_PE_OI=678520) | SUPPORT=76000PE OI=721820 (dist=-300) | RESISTANCE=77000CE OI=1040340 (dist=700)
OI_SUPPORT=== 76000
OI_SUPPORT CEoich val = 98940.0  PEoich val = 251000.0 , CE < PE by 60.6%
OI_SUPPORT TOTAL OI: CE= 164920  PE= 721820 , CE < PE by 77.2%
OI_RESISTANCE=== 77000
OI_RESISTANCE CEoich val = 303440.0  PEoich val = -6960.0 , CE > PE by 102.3%
OI_RESISTANCE TOTAL OI: CE= 1040340  PE= 457020 , CE > PE by 56.1%
IS_MORNING_WINDOW= False  (active 9:15-9:48 IST)
CHOI_UNWIND: PE side unwinding at SUPP_RES (PEchoi=-6960.0) - CHOI-based logic skipped this cycle
================================================
==== signal check time ==== 2026-09-07 09:48:00.715468
IS_CHOI_DIFF_GT_25PERC== False
RSI_VAL1== 33.97
RSI_VAL2== 33.97
FUT_3m_OHLC O= 76770.0  H= 76770.0  L= 76757.5  C= 76757.5  Range= 12.4
CHART_PATTERN_DETECTED: INSIDE_BAR | DOUBLE_TOP_FORMING | DOUBLE_BOTTOM_FORMING
  PATTERN_CONTEXT: Body= -12.4  Range= 12.4  ExpectedRange= 64.2  RangeRatio= 0.19  O= 76770.0  H= 76770.0  L= 76757.5  C= 76757.5
isPcrInc = True
newSynthFut =  76800
ATMStrike =  76300
AVG_OIPCR= 0.41
avgoiPCROld=  6.29
SUPP_RES = 77000
FUT LTP = 76757.5
CEchoi  PechOi = 303440.0    -6960.0
====================================
AVG_VOLPCR= 0.85
atmPCR= 0.37  belowATM  0.45
atmVolPCR= 0.8  belowATM  0.98
False   76757.5   77000   True   False   33.97
no trade yet = [np.float64(6.14), np.float64(6.18), np.float64(6.29)]
India VIX = 11.22  Spot Price = 76287.72
IV Regime = NORMAL (ADAPTIVE: P25= 11.03  P50= 11.29  P75= 11.38 ) | DailyRange = 1222.8 | 3minCandleRange = 64.3 (theoretical= 107.2 ) | ATMoptionMove = 29.0 | SL = 101 | Target = 101 | TrailTrigger = 29 | Spread = 300 | Buffer = 32
IV Params refreshed: {'vix': 11.22, 'bn_price': 76287.72, 'regime': 'NORMAL', 'regime_thresholds': 'P25=11.03 P50=11.29 P75=11.38', 'daily_range': 1222.8, 'candle_range': 64.3, 'atm_option_move': 29.0, 'sl_point': 101, 'target_point': 101, 'sl_pct_of_premium': 0.1, 'trail_trigger': 29, 'spread_width': 300, 'support_resistance_buffer': 32}
===
====after 3 min ochain==== 2026-09-07 09:51:00.029997
                                    oipcr   choipcr   CE_OI / PE_OI (same strike)
pcr1 =  BSE:SENSEX2691077100CE   0.2   0.04 CALL added 54580   PUT added 2100  CE_OI=236140 PE_OI=48400
pcr2 =  BSE:SENSEX2691077000CE   0.43   -0.03 CALL added 318400   PUT unwind -10860  CE_OI=1055300 PE_OI=453120
pcr3 =  BSE:SENSEX2691076900PE   0.28   -0.26 CALL added 146020   PUT unwind -37680  CE_OI=398180 PE_OI=112040
pcr4 =  BSE:SENSEX2691076800PE   0.39   -0.28 CALL added 173580   PUT unwind -48560  CE_OI=479580 PE_OI=186960
pcr5 =  BSE:SENSEX2691076700CE   0.37   -0.53 CALL added 232160   PUT unwind -122800  CE_OI=662660 PE_OI=244560
pcr6 =  BSE:SENSEX2691076600CE   0.43    -0.59 CALL added 224900   PUT unwind -131820  CE_OI=593600 PE_OI=258180
pcr7 =  BSE:SENSEX2691076500CE   0.66   0.11 CALL added 650680   PUT added 74700  CE_OI=978040 PE_OI=649440
pcr8 =  BSE:SENSEX2691076400PE   0.88   0.65 CALL added 618880   PUT added 402620  CE_OI=669420 PE_OI=589660
pcr9 =  BSE:SENSEX2691076300CE   1.28   0.93 CALL added 498480   PUT added 461560  CE_OI=536060 PE_OI=683600
pcr10 =  BSE:SENSEX2691076200PE   2.76   0.86 CALL added 125740   PUT added 108560  CE_OI=157380 PE_OI=434900
pcr11 =  BSE:SENSEX2691076100PE   1.79   0.82 CALL added 123100   PUT added 101260  CE_OI=142580 PE_OI=254820
pcr12 =  BSE:SENSEX2691076000PE   4.13   2.3 CALL added 108460   PUT added 249580  CE_OI=174440 PE_OI=720400
pcr13 =  BSE:SENSEX2691075900PE   14.86   16.18 CALL added 10980   PUT added 177700  CE_OI=18400 PE_OI=273360
pcr14 =  BSE:SENSEX2691075800PE   10.86   5.61 CALL added 11580   PUT added 64940  CE_OI=16120 PE_OI=175000
pcr15 =  BSE:SENSEX2691075700CE   20.19   13.98 CALL added 2620   PUT added 36620  CE_OI=6060 PE_OI=122340
pcr16 =  BSE:SENSEX2691075600CE   27.65   21.4 CALL added 3560   PUT added 76200  CE_OI=7400 PE_OI=204620
pcr17 =  BSE:SENSEX2691075500CE   15.67   18.34 CALL added 7800   PUT added 143060  CE_OI=33420 PE_OI=523800
PCRSUM== 102.83
pcrSummation== 4.92
VOLPCRSUM== 7.6499999999999995
spotLTP =  76287.72  ATM_STRIKE =  76300
IS_ATM_STRIKE_SHIFT = False  mapStrike = {76300: 76300}
avgOiPcrList2 = [np.float64(6.18), np.float64(6.29), np.float64(6.05)] atmStrikeNotShiftedCount= 9
False   9   3
SUPP_RES=== 76500  Buffer= 32
ANCHOR_COMPARE: spot=76287.72 fut=76720.0 basis(fut-spot)=432.28 | SR_future=76500 SR_spot=76500 SR_diff=0 | PCRwin_future=76700 PCRwin_spot=76300
CEoich val =  650680.0  PEoich val =  74700.0 , CE > PE by 88.5%
SUPP_RES TOTAL OI: CE= 978040  PE= 649440 , CE > PE by 33.6%
SPOT_SUPP_RES=== 76500  Buffer= 32
SPOT CEoich val =  650680.0  PEoich val =  74700.0 , CE > PE by 88.5%
SPOT_SUPP_RES TOTAL OI: CE= 978040  PE= 649440 , CE > PE by 33.6%
OI_SUPP_RES: spot=76287.72 ATM=76300 (ATM_CE_OI=536060 ATM_PE_OI=683600) | SUPPORT=76000PE OI=720400 (dist=-300) | RESISTANCE=77000CE OI=1055300 (dist=700)
OI_SUPPORT=== 76000
OI_SUPPORT CEoich val = 108460.0  PEoich val = 249580.0 , CE < PE by 56.5%
OI_SUPPORT TOTAL OI: CE= 174440  PE= 720400 , CE < PE by 75.8%
OI_RESISTANCE=== 77000
OI_RESISTANCE CEoich val = 318400.0  PEoich val = -10860.0 , CE > PE by 103.4%
OI_RESISTANCE TOTAL OI: CE= 1055300  PE= 453120 , CE > PE by 57.1%
IS_MORNING_WINDOW= False  (active 9:15-9:48 IST)
================================================
==== signal check time ==== 2026-09-07 09:51:00.722414
IS_CHOI_DIFF_GT_25PERC== True
RSI_VAL1== 31.26
RSI_VAL2== 31.26
FUT_3m_OHLC O= 76757.5  H= 76757.5  L= 76720.0  C= 76720.0  Range= 37.5
CHART_PATTERN_DETECTED: DOUBLE_TOP_FORMING | DOUBLE_BOTTOM_FORMING
  PATTERN_CONTEXT: Body= -37.5  Range= 37.5  ExpectedRange= 64.3  RangeRatio= 0.58  O= 76757.5  H= 76757.5  L= 76720.0  C= 76720.0
recent two = [np.float64(6.29), np.float64(6.05)]
newSynthFut =  76700
ATMStrike =  76300
AVG_OIPCR= 0.55
avgoiPCROld=  6.05
SUPP_RES = 76500
FUT LTP = 76720.0
CEchoi  PechOi = 650680.0    74700.0
====================================
AVG_VOLPCR= 0.85
atmPCR= 0.37  belowATM  0.43
atmVolPCR= 0.79  belowATM  0.98
True   76720.0   76500   False   False   31.26
India VIX = 11.16  Spot Price = 76279.8
IV Regime = NORMAL (ADAPTIVE: P25= 11.03  P50= 11.29  P75= 11.38 ) | DailyRange = 1216.1 | 3minCandleRange = 64.0 (theoretical= 106.7 ) | ATMoptionMove = 28.8 | SL = 101 | Target = 101 | TrailTrigger = 29 | Spread = 300 | Buffer = 32
IV Params refreshed: {'vix': 11.16, 'bn_price': 76279.8, 'regime': 'NORMAL', 'regime_thresholds': 'P25=11.03 P50=11.29 P75=11.38', 'daily_range': 1216.1, 'candle_range': 64.0, 'atm_option_move': 28.8, 'sl_point': 101, 'target_point': 101, 'sl_pct_of_premium': 0.1, 'trail_trigger': 29, 'spread_width': 300, 'support_resistance_buffer': 32}
===
====after 3 min ochain==== 2026-09-07 09:54:00.024551
                                    oipcr   choipcr   CE_OI / PE_OI (same strike)
pcr1 =  BSE:SENSEX2691077100CE   0.2   0.04 CALL added 58520   PUT added 2140  CE_OI=240080 PE_OI=48440
pcr2 =  BSE:SENSEX2691077000CE   0.42   -0.03 CALL added 334960   PUT unwind -9520  CE_OI=1071860 PE_OI=454460
pcr3 =  BSE:SENSEX2691076900PE   0.28   -0.26 CALL added 146100   PUT unwind -38040  CE_OI=398260 PE_OI=111680
pcr4 =  BSE:SENSEX2691076800PE   0.38   -0.3 CALL added 178400   PUT unwind -53860  CE_OI=484400 PE_OI=181660
pcr5 =  BSE:SENSEX2691076700CE   0.36   -0.54 CALL added 237180   PUT unwind -128320  CE_OI=667680 PE_OI=239040
pcr6 =  BSE:SENSEX2691076600CE   0.43    -0.55 CALL added 234180   PUT unwind -129360  CE_OI=602880 PE_OI=260640
pcr7 =  BSE:SENSEX2691076500CE   0.66   0.13 CALL added 672540   PUT added 88460  CE_OI=999900 PE_OI=663200
pcr8 =  BSE:SENSEX2691076400PE   0.86   0.64 CALL added 635560   PUT added 405680  CE_OI=686100 PE_OI=592720
pcr9 =  BSE:SENSEX2691076300CE   1.2   0.87 CALL added 532060   PUT added 460840  CE_OI=569640 PE_OI=682880
pcr10 =  BSE:SENSEX2691076200PE   2.68   0.91 CALL added 136280   PUT added 123480  CE_OI=167920 PE_OI=449820
pcr11 =  BSE:SENSEX2691076100PE   1.76   0.83 CALL added 128020   PUT added 105840  CE_OI=147500 PE_OI=259400
pcr12 =  BSE:SENSEX2691076000PE   4.0   2.23 CALL added 116400   PUT added 259400  CE_OI=182380 PE_OI=730220
pcr13 =  BSE:SENSEX2691075900PE   14.7   15.92 CALL added 11020   PUT added 175440  CE_OI=18440 PE_OI=271100
pcr14 =  BSE:SENSEX2691075800PE   12.1   7.52 CALL added 12040   PUT added 90600  CE_OI=16580 PE_OI=200660
pcr15 =  BSE:SENSEX2691075700CE   21.26   16.49 CALL added 2640   PUT added 43540  CE_OI=6080 PE_OI=129260
pcr16 =  BSE:SENSEX2691075600CE   27.76   21.59 CALL added 3540   PUT added 76440  CE_OI=7380 PE_OI=204860
pcr17 =  BSE:SENSEX2691075500CE   15.81   18.85 CALL added 7960   PUT added 150080  CE_OI=33580 PE_OI=530820
PCRSUM== 104.86
pcrSummation== 4.79
VOLPCRSUM== 7.68
spotLTP =  76278.92  ATM_STRIKE =  76300
IS_ATM_STRIKE_SHIFT = False  mapStrike = {76300: 76300}
avgOiPcrList2 = [np.float64(6.29), np.float64(6.05), np.float64(6.17)] atmStrikeNotShiftedCount= 10
False   10   3
SUPP_RES=== 76500  Buffer= 32
ANCHOR_COMPARE: spot=76278.92 fut=76730.75 basis(fut-spot)=451.83 | SR_future=76500 SR_spot=76500 SR_diff=0 | PCRwin_future=76700 PCRwin_spot=76300
CEoich val =  672540.0  PEoich val =  88460.0 , CE > PE by 86.8%
SUPP_RES TOTAL OI: CE= 999900  PE= 663200 , CE > PE by 33.7%
SPOT_SUPP_RES=== 76500  Buffer= 32
SPOT CEoich val =  672540.0  PEoich val =  88460.0 , CE > PE by 86.8%
SPOT_SUPP_RES TOTAL OI: CE= 999900  PE= 663200 , CE > PE by 33.7%
OI_SUPP_RES: spot=76278.92 ATM=76300 (ATM_CE_OI=569640 ATM_PE_OI=682880) | SUPPORT=76000PE OI=730220 (dist=-300) | RESISTANCE=77000CE OI=1071860 (dist=700)
OI_SUPPORT=== 76000
OI_SUPPORT CEoich val = 116400.0  PEoich val = 259400.0 , CE < PE by 55.1%
OI_SUPPORT TOTAL OI: CE= 182380  PE= 730220 , CE < PE by 75.0%
OI_RESISTANCE=== 77000
OI_RESISTANCE CEoich val = 334960.0  PEoich val = -9520.0 , CE > PE by 102.8%
OI_RESISTANCE TOTAL OI: CE= 1071860  PE= 454460 , CE > PE by 57.6%
IS_MORNING_WINDOW= False  (active 9:15-9:48 IST)
================================================
==== signal check time ==== 2026-09-07 09:54:00.712457
IS_CHOI_DIFF_GT_25PERC== True
RSI_VAL1== 32.91
RSI_VAL2== 32.91
FUT_3m_OHLC O= 76720.0  H= 76730.8  L= 76720.0  C= 76730.8  Range= 10.8
CHART_PATTERN_DETECTED: INSIDE_BAR | DOUBLE_TOP_FORMING | DOUBLE_BOTTOM_FORMING
  PATTERN_CONTEXT: Body= 10.8  Range= 10.8  ExpectedRange= 64.0  RangeRatio= 0.17  O= 76720.0  H= 76730.8  L= 76720.0  C= 76730.8
recent two = [np.float64(6.05), np.float64(6.17)]
newSynthFut =  76700
ATMStrike =  76300
AVG_OIPCR= 0.53
avgoiPCROld=  6.17
SUPP_RES = 76500
FUT LTP = 76730.75
CEchoi  PechOi = 672540.0    88460.0
====================================
AVG_VOLPCR= 0.85
atmPCR= 0.36  belowATM  0.43
atmVolPCR= 0.79  belowATM  0.97
True   76730.75   76500   False   False   32.91
India VIX = 11.05  Spot Price = 76276.55
IV Regime = NORMAL (ADAPTIVE: P25= 11.03  P50= 11.29  P75= 11.38 ) | DailyRange = 1204.1 | 3minCandleRange = 63.4 (theoretical= 105.6 ) | ATMoptionMove = 28.5 | SL = 100 | Target = 100 | TrailTrigger = 29 | Spread = 300 | Buffer = 32
IV Params refreshed: {'vix': 11.05, 'bn_price': 76276.55, 'regime': 'NORMAL', 'regime_thresholds': 'P25=11.03 P50=11.29 P75=11.38', 'daily_range': 1204.1, 'candle_range': 63.4, 'atm_option_move': 28.5, 'sl_point': 100, 'target_point': 100, 'sl_pct_of_premium': 0.1, 'trail_trigger': 29, 'spread_width': 300, 'support_resistance_buffer': 32}
===
====after 3 min ochain==== 2026-09-07 09:57:00.027527
                                    oipcr   choipcr   CE_OI / PE_OI (same strike)
pcr1 =  BSE:SENSEX2691077100CE   0.19   0.02 CALL added 65280   PUT added 1400  CE_OI=246840 PE_OI=47700
pcr2 =  BSE:SENSEX2691077000CE   0.41   -0.03 CALL added 382780   PUT unwind -9920  CE_OI=1119680 PE_OI=454060
pcr3 =  BSE:SENSEX2691076900PE   0.27   -0.29 CALL added 147220   PUT unwind -43040  CE_OI=399380 PE_OI=106680
pcr4 =  BSE:SENSEX2691076800PE   0.33   -0.4 CALL added 187080   PUT unwind -74240  CE_OI=493080 PE_OI=161280
pcr5 =  BSE:SENSEX2691076700CE   0.32   -0.56 CALL added 260980   PUT unwind -145960  CE_OI=691480 PE_OI=221400
pcr6 =  BSE:SENSEX2691076600CE   0.4    -0.58 CALL added 244400   PUT unwind -141700  CE_OI=613100 PE_OI=248300
pcr7 =  BSE:SENSEX2691076500CE   0.62   0.1 CALL added 713640   PUT added 70920  CE_OI=1041000 PE_OI=645660
pcr8 =  BSE:SENSEX2691076400PE   0.71   0.48 CALL added 659660   PUT added 313740  CE_OI=710200 PE_OI=500780
pcr9 =  BSE:SENSEX2691076300CE   1.01   0.71 CALL added 602380   PUT added 426000  CE_OI=639960 PE_OI=648040
pcr10 =  BSE:SENSEX2691076200PE   2.47   0.94 CALL added 161720   PUT added 151480  CE_OI=193360 PE_OI=477820
pcr11 =  BSE:SENSEX2691076100PE   1.72   0.87 CALL added 141580   PUT added 123760  CE_OI=161060 PE_OI=277320
pcr12 =  BSE:SENSEX2691076000PE   3.43   1.65 CALL added 137480   PUT added 226200  CE_OI=203460 PE_OI=697020
pcr13 =  BSE:SENSEX2691075900PE   12.03   11.58 CALL added 14320   PUT added 165880  CE_OI=21740 PE_OI=261540
pcr14 =  BSE:SENSEX2691075800PE   10.25   6.14 CALL added 15460   PUT added 94900  CE_OI=20000 PE_OI=204960
pcr15 =  BSE:SENSEX2691075700CE   19.03   12.62 CALL added 3160   PUT added 39880  CE_OI=6600 PE_OI=125600
pcr16 =  BSE:SENSEX2691075600CE   21.74   12.02 CALL added 4620   PUT added 55540  CE_OI=8460 PE_OI=183960
pcr17 =  BSE:SENSEX2691075500CE   14.02   12.27 CALL added 12280   PUT added 150660  CE_OI=37900 PE_OI=531400
PCRSUM== 88.95
pcrSummation== 4.26
VOLPCRSUM== 7.81
spotLTP =  76277.56  ATM_STRIKE =  76300
IS_ATM_STRIKE_SHIFT = False  mapStrike = {76300: 76300}
avgOiPcrList2 = [np.float64(6.05), np.float64(6.17), np.float64(5.23)] atmStrikeNotShiftedCount= 11
False   11   3
SUPP_RES=== 76500  Buffer= 32
ANCHOR_COMPARE: spot=76277.56 fut=76709.6 basis(fut-spot)=432.04 | SR_future=76500 SR_spot=76500 SR_diff=0 | PCRwin_future=76700 PCRwin_spot=76300
CEoich val =  713640.0  PEoich val =  70920.0 , CE > PE by 90.1%
SUPP_RES TOTAL OI: CE= 1041000  PE= 645660 , CE > PE by 38.0%
SPOT_SUPP_RES=== 76500  Buffer= 32
SPOT CEoich val =  713640.0  PEoich val =  70920.0 , CE > PE by 90.1%
SPOT_SUPP_RES TOTAL OI: CE= 1041000  PE= 645660 , CE > PE by 38.0%
OI_SUPP_RES: spot=76277.56 ATM=76300 (ATM_CE_OI=639960 ATM_PE_OI=648040) | SUPPORT=76000PE OI=697020 (dist=-300) | RESISTANCE=77000CE OI=1119680 (dist=700)
OI_SUPPORT=== 76000
OI_SUPPORT CEoich val = 137480.0  PEoich val = 226200.0 , CE < PE by 39.2%
OI_SUPPORT TOTAL OI: CE= 203460  PE= 697020 , CE < PE by 70.8%
OI_RESISTANCE=== 77000
OI_RESISTANCE CEoich val = 382780.0  PEoich val = -9920.0 , CE > PE by 102.6%
OI_RESISTANCE TOTAL OI: CE= 1119680  PE= 454060 , CE > PE by 59.4%
IS_MORNING_WINDOW= False  (active 9:15-9:48 IST)
================================================
==== signal check time ==== 2026-09-07 09:57:00.718409
IS_CHOI_DIFF_GT_25PERC== True
RSI_VAL1== 28.54
RSI_VAL2== 31.32
FUT_3m_OHLC O= 76730.8  H= 76730.8  L= 76700.0  C= 76709.6  Range= 30.8
CHART_PATTERN_DETECTED: BEARISH_ENGULFING
  PATTERN_CONTEXT: Body= -21.1  Range= 30.8  ExpectedRange= 63.4  RangeRatio= 0.49  O= 76730.8  H= 76730.8  L= 76700.0  C= 76709.6
recent two = [np.float64(6.17), np.float64(5.23)]
newSynthFut =  76700
ATMStrike =  76300
AVG_OIPCR= 0.47
avgoiPCROld=  5.23
SUPP_RES = 76500
FUT LTP = 76709.6
CEchoi  PechOi = 713640.0    70920.0
====================================
AVG_VOLPCR= 0.87
atmPCR= 0.32  belowATM  0.4
atmVolPCR= 0.78  belowATM  0.98
True   76709.6   76500   False   False   31.32
India VIX = 11.14  Spot Price = 76255.73
IV Regime = NORMAL (ADAPTIVE: P25= 11.03  P50= 11.29  P75= 11.38 ) | DailyRange = 1213.6 | 3minCandleRange = 63.9 (theoretical= 106.4 ) | ATMoptionMove = 28.7 | SL = 101 | Target = 101 | TrailTrigger = 29 | Spread = 300 | Buffer = 32
IV Params refreshed: {'vix': 11.14, 'bn_price': 76255.73, 'regime': 'NORMAL', 'regime_thresholds': 'P25=11.03 P50=11.29 P75=11.38', 'daily_range': 1213.6, 'candle_range': 63.9, 'atm_option_move': 28.7, 'sl_point': 101, 'target_point': 101, 'sl_pct_of_premium': 0.1, 'trail_trigger': 29, 'spread_width': 300, 'support_resistance_buffer': 32}
===
====after 3 min ochain==== 2026-09-07 10:00:00.025778
                                    oipcr   choipcr   CE_OI / PE_OI (same strike)
pcr1 =  BSE:SENSEX2691077100CE   0.19   0.02 CALL added 64360   PUT added 1600  CE_OI=245920 PE_OI=47900
pcr2 =  BSE:SENSEX2691077000CE   0.41   -0.01 CALL added 393640   PUT unwind -5560  CE_OI=1130540 PE_OI=458420
pcr3 =  BSE:SENSEX2691076900PE   0.26   -0.28 CALL added 151760   PUT unwind -42880  CE_OI=403920 PE_OI=106840
pcr4 =  BSE:SENSEX2691076800PE   0.32   -0.39 CALL added 196880   PUT unwind -76340  CE_OI=502880 PE_OI=159180
pcr5 =  BSE:SENSEX2691076700CE   0.32   -0.56 CALL added 259420   PUT unwind -145340  CE_OI=689920 PE_OI=222020
pcr6 =  BSE:SENSEX2691076600CE   0.39    -0.53 CALL added 267140   PUT unwind -140740  CE_OI=635840 PE_OI=249260
pcr7 =  BSE:SENSEX2691076500CE   0.59   0.07 CALL added 737940   PUT added 50800  CE_OI=1065300 PE_OI=625540
pcr8 =  BSE:SENSEX2691076400PE   0.71   0.48 CALL added 673860   PUT added 323860  CE_OI=724400 PE_OI=510900
pcr9 =  BSE:SENSEX2691076300CE   0.97   0.68 CALL added 641260   PUT added 435920  CE_OI=678840 PE_OI=657960
pcr10 =  BSE:SENSEX2691076200PE   2.43   1.03 CALL added 177240   PUT added 181980  CE_OI=208880 PE_OI=508320
pcr11 =  BSE:SENSEX2691076100PE   1.71   0.88 CALL added 144820   PUT added 127820  CE_OI=164300 PE_OI=281380
pcr12 =  BSE:SENSEX2691076000PE   3.37   1.64 CALL added 144280   PUT added 237020  CE_OI=210260 PE_OI=707840
pcr13 =  BSE:SENSEX2691075900PE   10.76   9.83 CALL added 17000   PUT added 167140  CE_OI=24420 PE_OI=262800
pcr14 =  BSE:SENSEX2691075800PE   10.0   5.9 CALL added 15780   PUT added 93160  CE_OI=20320 PE_OI=203220
pcr15 =  BSE:SENSEX2691075700CE   18.23   11.61 CALL added 3480   PUT added 40420  CE_OI=6920 PE_OI=126140
pcr16 =  BSE:SENSEX2691075600CE   20.72   10.55 CALL added 4800   PUT added 50620  CE_OI=8640 PE_OI=179040
pcr17 =  BSE:SENSEX2691075500CE   13.78   11.61 CALL added 12720   PUT added 147620  CE_OI=38340 PE_OI=528360
PCRSUM== 85.16
pcrSummation== 4.16
VOLPCRSUM== 7.8100000000000005
spotLTP =  76254.83  ATM_STRIKE =  76300
IS_ATM_STRIKE_SHIFT = False  mapStrike = {76300: 76300}
avgOiPcrList2 = [np.float64(6.17), np.float64(5.23), np.float64(5.01)] atmStrikeNotShiftedCount= 12
False   12   3
SUPP_RES=== 76500  Buffer= 32
ANCHOR_COMPARE: spot=76254.83 fut=76670.0 basis(fut-spot)=415.17 | SR_future=76500 SR_spot=76500 SR_diff=0 | PCRwin_future=76700 PCRwin_spot=76300
CEoich val =  737940.0  PEoich val =  50800.0 , CE > PE by 93.1%
SUPP_RES TOTAL OI: CE= 1065300  PE= 625540 , CE > PE by 41.3%
SPOT_SUPP_RES=== 76500  Buffer= 32
SPOT CEoich val =  737940.0  PEoich val =  50800.0 , CE > PE by 93.1%
SPOT_SUPP_RES TOTAL OI: CE= 1065300  PE= 625540 , CE > PE by 41.3%
OI_SUPP_RES: spot=76254.83 ATM=76300 (ATM_CE_OI=678840 ATM_PE_OI=657960) | SUPPORT=76000PE OI=707840 (dist=-300) | RESISTANCE=77000CE OI=1130540 (dist=700)
OI_SUPPORT=== 76000
OI_SUPPORT CEoich val = 144280.0  PEoich val = 237020.0 , CE < PE by 39.1%
OI_SUPPORT TOTAL OI: CE= 210260  PE= 707840 , CE < PE by 70.3%
OI_RESISTANCE=== 77000
OI_RESISTANCE CEoich val = 393640.0  PEoich val = -5560.0 , CE > PE by 101.4%
OI_RESISTANCE TOTAL OI: CE= 1130540  PE= 458420 , CE > PE by 59.5%
IS_MORNING_WINDOW= False  (active 9:15-9:48 IST)
================================================
==== signal check time ==== 2026-09-07 10:00:00.874167
IS_CHOI_DIFF_GT_25PERC== True
RSI_VAL1== 28.54
RSI_VAL2== 28.54
FUT_3m_OHLC O= 76670.0  H= 76670.0  L= 76670.0  C= 76670.0  Range= 0.0
CHART_PATTERN: None
isPcrDecr = True
newSynthFut =  76700
ATMStrike =  76300
AVG_OIPCR= 0.46
avgoiPCROld=  5.01
SUPP_RES = 76500
FUT LTP = 76670.0
CEchoi  PechOi = 737940.0    50800.0
====================================
AVG_VOLPCR= 0.87
atmPCR= 0.32  belowATM  0.39
atmVolPCR= 0.77  belowATM  0.96
True   76670.0   76500   False   True   28.54
no trade yet = [np.float64(6.17), np.float64(5.23), np.float64(5.01)]
India VIX = 11.13  Spot Price = 76258.99
IV Regime = NORMAL (ADAPTIVE: P25= 11.03  P50= 11.29  P75= 11.38 ) | DailyRange = 1212.5 | 3minCandleRange = 63.8 (theoretical= 106.3 ) | ATMoptionMove = 28.7 | SL = 100 | Target = 100 | TrailTrigger = 29 | Spread = 300 | Buffer = 32
IV Params refreshed: {'vix': 11.13, 'bn_price': 76258.99, 'regime': 'NORMAL', 'regime_thresholds': 'P25=11.03 P50=11.29 P75=11.38', 'daily_range': 1212.5, 'candle_range': 63.8, 'atm_option_move': 28.7, 'sl_point': 100, 'target_point': 100, 'sl_pct_of_premium': 0.1, 'trail_trigger': 29, 'spread_width': 300, 'support_resistance_buffer': 32}
===
====after 3 min ochain==== 2026-09-07 10:03:00.029519
                                    oipcr   choipcr   CE_OI / PE_OI (same strike)
pcr1 =  BSE:SENSEX2691077100CE   0.19   0.02 CALL added 66060   PUT added 1480  CE_OI=247620 PE_OI=47780
pcr2 =  BSE:SENSEX2691077000CE   0.4   -0.01 CALL added 401740   PUT unwind -4820  CE_OI=1138640 PE_OI=459160
pcr3 =  BSE:SENSEX2691076900PE   0.26   -0.27 CALL added 158180   PUT unwind -43360  CE_OI=410340 PE_OI=106360
pcr4 =  BSE:SENSEX2691076800PE   0.31   -0.37 CALL added 203420   PUT unwind -75540  CE_OI=509420 PE_OI=159980
pcr5 =  BSE:SENSEX2691076700CE   0.32   -0.54 CALL added 266840   PUT unwind -145080  CE_OI=697340 PE_OI=222280
pcr6 =  BSE:SENSEX2691076600CE   0.39    -0.5 CALL added 277220   PUT unwind -139900  CE_OI=645920 PE_OI=250100
pcr7 =  BSE:SENSEX2691076500CE   0.57   0.07 CALL added 764800   PUT added 51880  CE_OI=1092160 PE_OI=626620
pcr8 =  BSE:SENSEX2691076400PE   0.68   0.46 CALL added 687520   PUT added 312900  CE_OI=738060 PE_OI=499940
pcr9 =  BSE:SENSEX2691076300CE   0.97   0.69 CALL added 671120   PUT added 464840  CE_OI=708700 PE_OI=686880
pcr10 =  BSE:SENSEX2691076200PE   2.4   1.06 CALL added 187520   PUT added 198800  CE_OI=219160 PE_OI=525140
pcr11 =  BSE:SENSEX2691076100PE   1.74   0.92 CALL added 147240   PUT added 136040  CE_OI=166720 PE_OI=289600
pcr12 =  BSE:SENSEX2691076000PE   3.35   1.69 CALL added 149960   PUT added 253540  CE_OI=215940 PE_OI=724360
pcr13 =  BSE:SENSEX2691075900PE   10.82   9.92 CALL added 17140   PUT added 170100  CE_OI=24560 PE_OI=265760
pcr14 =  BSE:SENSEX2691075800PE   9.87   5.86 CALL added 16300   PUT added 95540  CE_OI=20840 PE_OI=205600
pcr15 =  BSE:SENSEX2691075700CE   17.91   11.4 CALL added 3700   PUT added 42180  CE_OI=7140 PE_OI=127900
pcr16 =  BSE:SENSEX2691075600CE   21.76   11.84 CALL added 4520   PUT added 53520  CE_OI=8360 PE_OI=181940
pcr17 =  BSE:SENSEX2691075500CE   13.56   11.05 CALL added 13240   PUT added 146300  CE_OI=38860 PE_OI=527040
PCRSUM== 85.5
pcrSummation== 4.09
VOLPCRSUM== 7.789999999999999
spotLTP =  76258.99  ATM_STRIKE =  76300
IS_ATM_STRIKE_SHIFT = False  mapStrike = {76300: 76300}
avgOiPcrList2 = [np.float64(5.23), np.float64(5.01), np.float64(5.03)] atmStrikeNotShiftedCount= 13
False   13   3
SUPP_RES=== 76500  Buffer= 32
ANCHOR_COMPARE: spot=76258.99 fut=76712.6 basis(fut-spot)=453.61 | SR_future=76500 SR_spot=76500 SR_diff=0 | PCRwin_future=76700 PCRwin_spot=76300
CEoich val =  764800.0  PEoich val =  51880.0 , CE > PE by 93.2%
SUPP_RES TOTAL OI: CE= 1092160  PE= 626620 , CE > PE by 42.6%
SPOT_SUPP_RES=== 76500  Buffer= 32
SPOT CEoich val =  764800.0  PEoich val =  51880.0 , CE > PE by 93.2%
SPOT_SUPP_RES TOTAL OI: CE= 1092160  PE= 626620 , CE > PE by 42.6%
OI_SUPP_RES: spot=76258.99 ATM=76300 (ATM_CE_OI=708700 ATM_PE_OI=686880) | SUPPORT=76000PE OI=724360 (dist=-300) | RESISTANCE=77000CE OI=1138640 (dist=700)
OI_SUPPORT=== 76000
OI_SUPPORT CEoich val = 149960.0  PEoich val = 253540.0 , CE < PE by 40.9%
OI_SUPPORT TOTAL OI: CE= 215940  PE= 724360 , CE < PE by 70.2%
OI_RESISTANCE=== 77000
OI_RESISTANCE CEoich val = 401740.0  PEoich val = -4820.0 , CE > PE by 101.2%
OI_RESISTANCE TOTAL OI: CE= 1138640  PE= 459160 , CE > PE by 59.7%
IS_MORNING_WINDOW= False  (active 9:15-9:48 IST)
================================================
==== signal check time ==== 2026-09-07 10:03:00.699241
IS_CHOI_DIFF_GT_25PERC== True
RSI_VAL1== 35.21
RSI_VAL2== 35.21
FUT_3m_OHLC O= 76670.0  H= 76721.2  L= 76670.0  C= 76712.6  Range= 51.1
CHART_PATTERN_DETECTED: DOUBLE_TOP_FORMING | STRONG_MOMENTUM_BULL
  PATTERN_CONTEXT: Body= 42.6  Range= 51.1  ExpectedRange= 63.8  RangeRatio= 0.8  O= 76670.0  H= 76721.2  L= 76670.0  C= 76712.6
recent two = [np.float64(5.01), np.float64(5.03)]
newSynthFut =  76700
ATMStrike =  76300
AVG_OIPCR= 0.45
avgoiPCROld=  5.03
SUPP_RES = 76500
FUT LTP = 76712.6
CEchoi  PechOi = 764800.0    51880.0
====================================
AVG_VOLPCR= 0.87
atmPCR= 0.32  belowATM  0.39
atmVolPCR= 0.76  belowATM  0.96
True   76712.6   76500   False   False   35.21
India VIX = 11.15  Spot Price = 76249.58
IV Regime = NORMAL (ADAPTIVE: P25= 11.03  P50= 11.29  P75= 11.38 ) | DailyRange = 1214.5 | 3minCandleRange = 63.9 (theoretical= 106.5 ) | ATMoptionMove = 28.8 | SL = 101 | Target = 101 | TrailTrigger = 29 | Spread = 300 | Buffer = 32
IV Params refreshed: {'vix': 11.15, 'bn_price': 76249.58, 'regime': 'NORMAL', 'regime_thresholds': 'P25=11.03 P50=11.29 P75=11.38', 'daily_range': 1214.5, 'candle_range': 63.9, 'atm_option_move': 28.8, 'sl_point': 101, 'target_point': 101, 'sl_pct_of_premium': 0.1, 'trail_trigger': 29, 'spread_width': 300, 'support_resistance_buffer': 32}
===
====after 3 min ochain==== 2026-09-07 10:06:00.024607
                                    oipcr   choipcr   CE_OI / PE_OI (same strike)
pcr1 =  BSE:SENSEX2691077000CE   0.4   -0.01 CALL added 411480   PUT unwind -3980  CE_OI=1148380 PE_OI=460000
pcr2 =  BSE:SENSEX2691076900PE   0.26   -0.27 CALL added 160580   PUT unwind -43700  CE_OI=412740 PE_OI=106020
pcr3 =  BSE:SENSEX2691076800PE   0.31   -0.37 CALL added 207980   PUT unwind -77640  CE_OI=513980 PE_OI=157880
pcr4 =  BSE:SENSEX2691076700CE   0.31   -0.54 CALL added 272840   PUT unwind -146740  CE_OI=703340 PE_OI=220620
pcr5 =  BSE:SENSEX2691076600CE   0.39   -0.5 CALL added 279200   PUT unwind -138800  CE_OI=647900 PE_OI=251200
pcr6 =  BSE:SENSEX2691076500CE   0.57    0.07 CALL added 774200   PUT added 51600  CE_OI=1101560 PE_OI=626340
pcr7 =  BSE:SENSEX2691076400PE   0.66   0.45 CALL added 704080   PUT added 314000  CE_OI=754620 PE_OI=501040
pcr8 =  BSE:SENSEX2691076300CE   0.95   0.69 CALL added 695880   PUT added 478220  CE_OI=733460 PE_OI=700260
pcr9 =  BSE:SENSEX2691076200PE   2.27   0.99 CALL added 199620   PUT added 198360  CE_OI=231260 PE_OI=524700
pcr10 =  BSE:SENSEX2691076100PE   1.71   0.93 CALL added 153660   PUT added 142620  CE_OI=173140 PE_OI=296180
pcr11 =  BSE:SENSEX2691076000PE   3.36   1.71 CALL added 150860   PUT added 257880  CE_OI=216840 PE_OI=728700
pcr12 =  BSE:SENSEX2691075900PE   10.39   9.36 CALL added 18100   PUT added 169380  CE_OI=25520 PE_OI=265040
pcr13 =  BSE:SENSEX2691075800PE   8.87   4.8 CALL added 17120   PUT added 82160  CE_OI=21660 PE_OI=192220
pcr14 =  BSE:SENSEX2691075700CE   17.72   11.34 CALL added 3880   PUT added 44000  CE_OI=7320 PE_OI=129720
pcr15 =  BSE:SENSEX2691075600CE   21.42   11.64 CALL added 4720   PUT added 54960  CE_OI=8560 PE_OI=183380
pcr16 =  BSE:SENSEX2691075500CE   13.47   10.81 CALL added 13380   PUT added 144580  CE_OI=39000 PE_OI=525320
pcr17 =  BSE:SENSEX2691075400CE   62.42   68.46 CALL added 2620   PUT added 179360  CE_OI=4960 PE_OI=309600
PCRSUM== 145.48
pcrSummation== 3.85
VOLPCRSUM== 11.469999999999999
spotLTP =  76249.58  ATM_STRIKE =  76200
IS_ATM_STRIKE_SHIFT = True  mapStrike = {76200: 76200}
avgOiPcrList2 = [np.float64(8.56)] atmStrikeNotShiftedCount= 1
True   1   1
SUPP_RES=== 76500  Buffer= 32
ANCHOR_COMPARE: spot=76249.58 fut=76717.05 basis(fut-spot)=467.47 | SR_future=76500 SR_spot=76000 SR_diff=500 | PCRwin_future=76700 PCRwin_spot=76200
CEoich val =  774200.0  PEoich val =  51600.0 , CE > PE by 93.3%
SUPP_RES TOTAL OI: CE= 1101560  PE= 626340 , CE > PE by 43.1%
SPOT_SUPP_RES=== 76000  Buffer= 32
SPOT CEoich val =  150860.0  PEoich val =  257880.0 , CE < PE by 41.5%
SPOT_SUPP_RES TOTAL OI: CE= 216840  PE= 728700 , CE < PE by 70.2%
OI_SUPP_RES: spot=76249.58 ATM=76200 (ATM_CE_OI=231260 ATM_PE_OI=524700) | SUPPORT=76000PE OI=728700 (dist=-200) | RESISTANCE=77000CE OI=1148380 (dist=800)
OI_SUPPORT=== 76000
OI_SUPPORT CEoich val = 150860.0  PEoich val = 257880.0 , CE < PE by 41.5%
OI_SUPPORT TOTAL OI: CE= 216840  PE= 728700 , CE < PE by 70.2%
OI_RESISTANCE=== 77000
OI_RESISTANCE CEoich val = 411480.0  PEoich val = -3980.0 , CE > PE by 101.0%
OI_RESISTANCE TOTAL OI: CE= 1148380  PE= 460000 , CE > PE by 59.9%
IS_MORNING_WINDOW= False  (active 9:15-9:48 IST)
================================================
==== signal check time ==== 2026-09-07 10:06:00.727572
IS_CHOI_DIFF_GT_25PERC== True
RSI_VAL1== 35.88
RSI_VAL2== 35.88
FUT_3m_OHLC O= 76720.6  H= 76720.6  L= 76712.6  C= 76717.0  Range= 8.0
CHART_PATTERN_DETECTED: INSIDE_BAR | DOUBLE_TOP_FORMING
  PATTERN_CONTEXT: Body= -3.6  Range= 8.0  ExpectedRange= 63.9  RangeRatio= 0.13  O= 76720.6  H= 76720.6  L= 76712.6  C= 76717.0
newSynthFut =  76700
ATMStrike =  76200
AVG_OIPCR= 0.43
avgoiPCROld=  8.56
SUPP_RES = 76500
FUT LTP = 76717.05
CEchoi  PechOi = 774200.0    51600.0
====================================
AVG_VOLPCR= 1.27
atmPCR= 0.39  belowATM  0.57
atmVolPCR= 0.95  belowATM  1.31
True   76717.05   76500   False   False   35.88
India VIX = 11.15  Spot Price = 76262.95
IV Regime = NORMAL (ADAPTIVE: P25= 11.03  P50= 11.29  P75= 11.38 ) | DailyRange = 1214.8 | 3minCandleRange = 63.9 (theoretical= 106.5 ) | ATMoptionMove = 28.8 | SL = 101 | Target = 101 | TrailTrigger = 29 | Spread = 300 | Buffer = 32
IV Params refreshed: {'vix': 11.15, 'bn_price': 76262.95, 'regime': 'NORMAL', 'regime_thresholds': 'P25=11.03 P50=11.29 P75=11.38', 'daily_range': 1214.8, 'candle_range': 63.9, 'atm_option_move': 28.8, 'sl_point': 101, 'target_point': 101, 'sl_pct_of_premium': 0.1, 'trail_trigger': 29, 'spread_width': 300, 'support_resistance_buffer': 32}
===
====after 3 min ochain==== 2026-09-07 10:09:00.027618
                                    oipcr   choipcr   CE_OI / PE_OI (same strike)
pcr1 =  BSE:SENSEX2691077100CE   0.19   0.02 CALL added 68280   PUT added 1280  CE_OI=249840 PE_OI=47580
pcr2 =  BSE:SENSEX2691077000CE   0.4   -0.01 CALL added 424460   PUT unwind -4260  CE_OI=1161360 PE_OI=459720
pcr3 =  BSE:SENSEX2691076900PE   0.25   -0.27 CALL added 163880   PUT unwind -44340  CE_OI=416040 PE_OI=105380
pcr4 =  BSE:SENSEX2691076800PE   0.3   -0.36 CALL added 213960   PUT unwind -77620  CE_OI=519960 PE_OI=157900
pcr5 =  BSE:SENSEX2691076700CE   0.31   -0.53 CALL added 279520   PUT unwind -146780  CE_OI=710020 PE_OI=220580
pcr6 =  BSE:SENSEX2691076600CE   0.38    -0.49 CALL added 284720   PUT unwind -138560  CE_OI=653420 PE_OI=251440
pcr7 =  BSE:SENSEX2691076500CE   0.56   0.07 CALL added 810200   PUT added 60600  CE_OI=1137560 PE_OI=635340
pcr8 =  BSE:SENSEX2691076400PE   0.65   0.44 CALL added 723420   PUT added 319300  CE_OI=773960 PE_OI=506340
pcr9 =  BSE:SENSEX2691076300CE   0.92   0.66 CALL added 721620   PUT added 478820  CE_OI=759200 PE_OI=700860
pcr10 =  BSE:SENSEX2691076200PE   2.19   0.98 CALL added 212760   PUT added 209480  CE_OI=244400 PE_OI=535820
pcr11 =  BSE:SENSEX2691076100PE   1.7   0.94 CALL added 159600   PUT added 150200  CE_OI=179080 PE_OI=303760
pcr12 =  BSE:SENSEX2691076000PE   3.26   1.62 CALL added 155700   PUT added 252040  CE_OI=221680 PE_OI=722860
pcr13 =  BSE:SENSEX2691075900PE   9.96   8.84 CALL added 19540   PUT added 172800  CE_OI=26960 PE_OI=268460
pcr14 =  BSE:SENSEX2691075800PE   9.35   5.46 CALL added 17420   PUT added 95180  CE_OI=21960 PE_OI=205240
pcr15 =  BSE:SENSEX2691075700CE   17.97   11.93 CALL added 3960   PUT added 47240  CE_OI=7400 PE_OI=132960
pcr16 =  BSE:SENSEX2691075600CE   21.81   12.38 CALL added 4740   PUT added 58700  CE_OI=8580 PE_OI=187120
pcr17 =  BSE:SENSEX2691075500CE   13.23   10.18 CALL added 13720   PUT added 139620  CE_OI=39340 PE_OI=520360
PCRSUM== 83.43
pcrSummation== 3.96
VOLPCRSUM== 7.720000000000001
spotLTP =  76265.25  ATM_STRIKE =  76300
IS_ATM_STRIKE_SHIFT = True  mapStrike = {76300: 76300}
avgOiPcrList2 = [np.float64(4.91)] atmStrikeNotShiftedCount= 1
True   1   1
SUPP_RES=== 76500  Buffer= 32
ANCHOR_COMPARE: spot=76265.25 fut=76716.3 basis(fut-spot)=451.05 | SR_future=76500 SR_spot=76500 SR_diff=0 | PCRwin_future=76700 PCRwin_spot=76300
CEoich val =  810200.0  PEoich val =  60600.0 , CE > PE by 92.5%
SUPP_RES TOTAL OI: CE= 1137560  PE= 635340 , CE > PE by 44.1%
SPOT_SUPP_RES=== 76500  Buffer= 32
SPOT CEoich val =  810200.0  PEoich val =  60600.0 , CE > PE by 92.5%
SPOT_SUPP_RES TOTAL OI: CE= 1137560  PE= 635340 , CE > PE by 44.1%
OI_SUPP_RES: spot=76265.25 ATM=76300 (ATM_CE_OI=759200 ATM_PE_OI=700860) | SUPPORT=76000PE OI=722860 (dist=-300) | RESISTANCE=77000CE OI=1161360 (dist=700)
OI_SUPPORT=== 76000
OI_SUPPORT CEoich val = 155700.0  PEoich val = 252040.0 , CE < PE by 38.2%
OI_SUPPORT TOTAL OI: CE= 221680  PE= 722860 , CE < PE by 69.3%
OI_RESISTANCE=== 77000
OI_RESISTANCE CEoich val = 424460.0  PEoich val = -4260.0 , CE > PE by 101.0%
OI_RESISTANCE TOTAL OI: CE= 1161360  PE= 459720 , CE > PE by 60.4%
IS_MORNING_WINDOW= False  (active 9:15-9:48 IST)
================================================
==== signal check time ==== 2026-09-07 10:09:02.087261
IS_CHOI_DIFF_GT_25PERC== True
RSI_VAL1== 35.81
RSI_VAL2== 35.81
FUT_3m_OHLC O= 76716.3  H= 76716.3  L= 76716.3  C= 76716.3  Range= 0.0
CHART_PATTERN_DETECTED: INSIDE_BAR | DOUBLE_TOP_FORMING
  PATTERN_CONTEXT: Body= 0.0  Range= 0.0  ExpectedRange= 63.9  RangeRatio= 0.0  O= 76716.3  H= 76716.3  L= 76716.3  C= 76716.3
newSynthFut =  76700
ATMStrike =  76300
AVG_OIPCR= 0.44
avgoiPCROld=  4.91
SUPP_RES = 76500
FUT LTP = 76716.3
CEchoi  PechOi = 810200.0    60600.0
====================================
AVG_VOLPCR= 0.86
atmPCR= 0.31  belowATM  0.38
atmVolPCR= 0.74  belowATM  0.95
True   76716.3   76500   False   False   35.81
India VIX = 11.17  Spot Price = 76255.08
IV Regime = NORMAL (ADAPTIVE: P25= 11.03  P50= 11.29  P75= 11.38 ) | DailyRange = 1216.8 | 3minCandleRange = 64.0 (theoretical= 106.7 ) | ATMoptionMove = 28.8 | SL = 101 | Target = 101 | TrailTrigger = 29 | Spread = 300 | Buffer = 32
IV Params refreshed: {'vix': 11.17, 'bn_price': 76255.08, 'regime': 'NORMAL', 'regime_thresholds': 'P25=11.03 P50=11.29 P75=11.38', 'daily_range': 1216.8, 'candle_range': 64.0, 'atm_option_move': 28.8, 'sl_point': 101, 'target_point': 101, 'sl_pct_of_premium': 0.1, 'trail_trigger': 29, 'spread_width': 300, 'support_resistance_buffer': 32}
===
====after 3 min ochain==== 2026-09-07 10:12:00.045702
                                    oipcr   choipcr   CE_OI / PE_OI (same strike)
pcr1 =  BSE:SENSEX2691077100CE   0.19   0.02 CALL added 69860   PUT added 1280  CE_OI=251420 PE_OI=47580
pcr2 =  BSE:SENSEX2691077000CE   0.39   -0.01 CALL added 432100   PUT unwind -4460  CE_OI=1169000 PE_OI=459520
pcr3 =  BSE:SENSEX2691076900PE   0.25   -0.27 CALL added 163660   PUT unwind -44500  CE_OI=415820 PE_OI=105220
pcr4 =  BSE:SENSEX2691076800PE   0.31   -0.36 CALL added 213660   PUT unwind -76720  CE_OI=519660 PE_OI=158800
pcr5 =  BSE:SENSEX2691076700CE   0.31   -0.53 CALL added 277660   PUT unwind -147100  CE_OI=708160 PE_OI=220260
pcr6 =  BSE:SENSEX2691076600CE   0.38    -0.47 CALL added 290900   PUT unwind -136800  CE_OI=659600 PE_OI=253200
pcr7 =  BSE:SENSEX2691076500CE   0.55   0.07 CALL added 826420   PUT added 58860  CE_OI=1153780 PE_OI=633600
pcr8 =  BSE:SENSEX2691076400PE   0.66   0.45 CALL added 723900   PUT added 323400  CE_OI=774440 PE_OI=510440
pcr9 =  BSE:SENSEX2691076300CE   0.93   0.68 CALL added 736800   PUT added 498560  CE_OI=774380 PE_OI=720600
pcr10 =  BSE:SENSEX2691076200PE   2.28   1.11 CALL added 217080   PUT added 241360  CE_OI=248720 PE_OI=567700
pcr11 =  BSE:SENSEX2691076100PE   1.7   0.97 CALL added 164240   PUT added 159400  CE_OI=183720 PE_OI=312960
pcr12 =  BSE:SENSEX2691076000PE   3.21   1.58 CALL added 158640   PUT added 250780  CE_OI=224620 PE_OI=721600
pcr13 =  BSE:SENSEX2691075900PE   10.17   9.09 CALL added 18800   PUT added 170940  CE_OI=26220 PE_OI=266600
pcr14 =  BSE:SENSEX2691075800PE   9.47   5.63 CALL added 17480   PUT added 98440  CE_OI=22020 PE_OI=208500
pcr15 =  BSE:SENSEX2691075700CE   18.91   13.69 CALL added 3960   PUT added 54220  CE_OI=7400 PE_OI=139940
pcr16 =  BSE:SENSEX2691075600CE   21.89   12.84 CALL added 4900   PUT added 62920  CE_OI=8740 PE_OI=191340
pcr17 =  BSE:SENSEX2691075500CE   13.07   10.02 CALL added 15080   PUT added 151120  CE_OI=40700 PE_OI=531860
PCRSUM== 84.67
pcrSummation== 3.97
VOLPCRSUM== 7.67
spotLTP =  76257.48  ATM_STRIKE =  76300
IS_ATM_STRIKE_SHIFT = False  mapStrike = {76300: 76300}
avgOiPcrList2 = [np.float64(4.91), np.float64(4.98)] atmStrikeNotShiftedCount= 2
False   2   2
SUPP_RES=== 76500  Buffer= 32
ANCHOR_COMPARE: spot=76257.48 fut=76718.8 basis(fut-spot)=461.32 | SR_future=76500 SR_spot=76500 SR_diff=0 | PCRwin_future=76700 PCRwin_spot=76300
CEoich val =  826420.0  PEoich val =  58860.0 , CE > PE by 92.9%
SUPP_RES TOTAL OI: CE= 1153780  PE= 633600 , CE > PE by 45.1%
SPOT_SUPP_RES=== 76500  Buffer= 32
SPOT CEoich val =  826420.0  PEoich val =  58860.0 , CE > PE by 92.9%
SPOT_SUPP_RES TOTAL OI: CE= 1153780  PE= 633600 , CE > PE by 45.1%
OI_SUPP_RES: spot=76257.48 ATM=76300 (ATM_CE_OI=774380 ATM_PE_OI=720600) | SUPPORT=76000PE OI=721600 (dist=-300) | RESISTANCE=77000CE OI=1169000 (dist=700)
OI_SUPPORT=== 76000
OI_SUPPORT CEoich val = 158640.0  PEoich val = 250780.0 , CE < PE by 36.7%
OI_SUPPORT TOTAL OI: CE= 224620  PE= 721600 , CE < PE by 68.9%
OI_RESISTANCE=== 77000
OI_RESISTANCE CEoich val = 432100.0  PEoich val = -4460.0 , CE > PE by 101.0%
OI_RESISTANCE TOTAL OI: CE= 1169000  PE= 459520 , CE > PE by 60.7%
IS_MORNING_WINDOW= False  (active 9:15-9:48 IST)
================================================
==== signal check time ==== 2026-09-07 10:12:00.738463
IS_CHOI_DIFF_GT_25PERC== True
RSI_VAL1== 36.24
RSI_VAL2== 36.24
FUT_3m_OHLC O= 76729.0  H= 76729.0  L= 76690.0  C= 76718.8  Range= 39.0
CHART_PATTERN_DETECTED: HAMMER | OUTSIDE_BAR | DOUBLE_TOP_FORMING | DOUBLE_BOTTOM_FORMING
  PATTERN_CONTEXT: Body= -10.2  Range= 39.0  ExpectedRange= 64.0  RangeRatio= 0.61  O= 76729.0  H= 76729.0  L= 76690.0  C= 76718.8
newSynthFut =  76700
ATMStrike =  76300
AVG_OIPCR= 0.44
avgoiPCROld=  4.98
SUPP_RES = 76500
FUT LTP = 76718.8
CEchoi  PechOi = 826420.0    58860.0
====================================
AVG_VOLPCR= 0.85
atmPCR= 0.31  belowATM  0.38
atmVolPCR= 0.74  belowATM  0.94
True   76718.8   76500   False   False   36.24
India VIX = 11.19  Spot Price = 76216.62
IV Regime = NORMAL (ADAPTIVE: P25= 11.03  P50= 11.29  P75= 11.38 ) | DailyRange = 1218.4 | 3minCandleRange = 64.1 (theoretical= 106.9 ) | ATMoptionMove = 28.9 | SL = 101 | Target = 101 | TrailTrigger = 29 | Spread = 300 | Buffer = 32
IV Params refreshed: {'vix': 11.19, 'bn_price': 76216.62, 'regime': 'NORMAL', 'regime_thresholds': 'P25=11.03 P50=11.29 P75=11.38', 'daily_range': 1218.4, 'candle_range': 64.1, 'atm_option_move': 28.9, 'sl_point': 101, 'target_point': 101, 'sl_pct_of_premium': 0.1, 'trail_trigger': 29, 'spread_width': 300, 'support_resistance_buffer': 32}
===
====after 3 min ochain==== 2026-09-07 10:15:00.025211
                                    oipcr   choipcr   CE_OI / PE_OI (same strike)
pcr1 =  BSE:SENSEX2691077000CE   0.39   -0.01 CALL added 435300   PUT unwind -4900  CE_OI=1172200 PE_OI=459080
pcr2 =  BSE:SENSEX2691076900PE   0.25   -0.26 CALL added 168380   PUT unwind -44220  CE_OI=420540 PE_OI=105500
pcr3 =  BSE:SENSEX2691076800PE   0.3   -0.36 CALL added 216820   PUT unwind -78760  CE_OI=522820 PE_OI=156760
pcr4 =  BSE:SENSEX2691076700CE   0.31   -0.53 CALL added 280040   PUT unwind -147040  CE_OI=710540 PE_OI=220320
pcr5 =  BSE:SENSEX2691076600CE   0.38   -0.47 CALL added 292500   PUT unwind -136340  CE_OI=661200 PE_OI=253660
pcr6 =  BSE:SENSEX2691076500CE   0.54    0.07 CALL added 844200   PUT added 61960  CE_OI=1171560 PE_OI=636700
pcr7 =  BSE:SENSEX2691076400PE   0.65   0.44 CALL added 730820   PUT added 324100  CE_OI=781360 PE_OI=511140
pcr8 =  BSE:SENSEX2691076300CE   0.93   0.68 CALL added 749740   PUT added 507360  CE_OI=787320 PE_OI=729400
pcr9 =  BSE:SENSEX2691076200PE   2.15   1.03 CALL added 230000   PUT added 237140  CE_OI=261640 PE_OI=563480
pcr10 =  BSE:SENSEX2691076100PE   1.69   0.97 CALL added 167580   PUT added 162840  CE_OI=187060 PE_OI=316400
pcr11 =  BSE:SENSEX2691076000PE   3.02   1.46 CALL added 173940   PUT added 254300  CE_OI=239920 PE_OI=725120
pcr12 =  BSE:SENSEX2691075900PE   10.3   9.29 CALL added 18980   PUT added 176240  CE_OI=26400 PE_OI=271900
pcr13 =  BSE:SENSEX2691075800PE   9.3   5.6 CALL added 18340   PUT added 102720  CE_OI=22880 PE_OI=212780
pcr14 =  BSE:SENSEX2691075700CE   17.06   11.44 CALL added 4820   PUT added 55160  CE_OI=8260 PE_OI=140880
pcr15 =  BSE:SENSEX2691075600CE   21.3   11.91 CALL added 4960   PUT added 59060  CE_OI=8800 PE_OI=187480
pcr16 =  BSE:SENSEX2691075500CE   12.97   9.85 CALL added 15480   PUT added 152480  CE_OI=41100 PE_OI=533220
pcr17 =  BSE:SENSEX2691075400CE   62.86   69.34 CALL added 2600   PUT added 180280  CE_OI=4940 PE_OI=310520
PCRSUM== 144.4
pcrSummation== 3.75
VOLPCRSUM== 11.27
spotLTP =  76221.52  ATM_STRIKE =  76200
IS_ATM_STRIKE_SHIFT = True  mapStrike = {76200: 76200}
avgOiPcrList2 = [np.float64(8.49)] atmStrikeNotShiftedCount= 1
True   1   1
SUPP_RES=== 76500  Buffer= 32
ANCHOR_COMPARE: spot=76221.52 fut=76685.0 basis(fut-spot)=463.48 | SR_future=76500 SR_spot=76000 SR_diff=500 | PCRwin_future=76700 PCRwin_spot=76200
CEoich val =  844200.0  PEoich val =  61960.0 , CE > PE by 92.7%
SUPP_RES TOTAL OI: CE= 1171560  PE= 636700 , CE > PE by 45.7%
SPOT_SUPP_RES=== 76000  Buffer= 32
SPOT CEoich val =  173940.0  PEoich val =  254300.0 , CE < PE by 31.6%
SPOT_SUPP_RES TOTAL OI: CE= 239920  PE= 725120 , CE < PE by 66.9%
OI_SUPP_RES: spot=76221.52 ATM=76200 (ATM_CE_OI=261640 ATM_PE_OI=563480) | SUPPORT=76300PE OI=729400 (dist=100) | RESISTANCE=77000CE OI=1172200 (dist=800)
OI_SUPPORT=== 76300
OI_SUPPORT CEoich val = 749740.0  PEoich val = 507360.0 , CE > PE by 32.3%
OI_SUPPORT TOTAL OI: CE= 787320  PE= 729400 , CE > PE by 7.4%
OI_RESISTANCE=== 77000
OI_RESISTANCE CEoich val = 435300.0  PEoich val = -4900.0 , CE > PE by 101.1%
OI_RESISTANCE TOTAL OI: CE= 1172200  PE= 459080 , CE > PE by 60.8%
IS_MORNING_WINDOW= False  (active 9:15-9:48 IST)
================================================
==== signal check time ==== 2026-09-07 10:15:00.726863
IS_CHOI_DIFF_GT_25PERC== True
RSI_VAL1== 33.02
RSI_VAL2== 33.02
FUT_3m_OHLC O= 76685.0  H= 76685.0  L= 76685.0  C= 76685.0  Range= 0.0
CHART_PATTERN_DETECTED: DOUBLE_TOP_FORMING | DOUBLE_BOTTOM_FORMING
  PATTERN_CONTEXT: Body= 0.0  Range= 0.0  ExpectedRange= 64.1  RangeRatio= 0.0  O= 76685.0  H= 76685.0  L= 76685.0  C= 76685.0
newSynthFut =  76700
ATMStrike =  76200
AVG_OIPCR= 0.42
avgoiPCROld=  8.49
SUPP_RES = 76500
FUT LTP = 76685.0
CEchoi  PechOi = 844200.0    61960.0
====================================
AVG_VOLPCR= 1.25
atmPCR= 0.38  belowATM  0.54
atmVolPCR= 0.93  belowATM  1.29
True   76685.0   76500   False   False   33.02
India VIX = 11.24  Spot Price = 76173.32
IV Regime = NORMAL (ADAPTIVE: P25= 11.03  P50= 11.29  P75= 11.38 ) | DailyRange = 1223.1 | 3minCandleRange = 64.4 (theoretical= 107.3 ) | ATMoptionMove = 29.0 | SL = 101 | Target = 101 | TrailTrigger = 29 | Spread = 300 | Buffer = 32
IV Params refreshed: {'vix': 11.24, 'bn_price': 76173.32, 'regime': 'NORMAL', 'regime_thresholds': 'P25=11.03 P50=11.29 P75=11.38', 'daily_range': 1223.1, 'candle_range': 64.4, 'atm_option_move': 29.0, 'sl_point': 101, 'target_point': 101, 'sl_pct_of_premium': 0.1, 'trail_trigger': 29, 'spread_width': 300, 'support_resistance_buffer': 32}
===
====after 3 min ochain==== 2026-09-07 10:18:00.024500
                                    oipcr   choipcr   CE_OI / PE_OI (same strike)
pcr1 =  BSE:SENSEX2691077000CE   0.39   -0.01 CALL added 445940   PUT unwind -4500  CE_OI=1182840 PE_OI=459480
pcr2 =  BSE:SENSEX2691076900PE   0.26   -0.32 CALL added 145580   PUT unwind -47060  CE_OI=397740 PE_OI=102660
pcr3 =  BSE:SENSEX2691076800PE   0.29   -0.35 CALL added 231420   PUT unwind -80840  CE_OI=537420 PE_OI=154680
pcr4 =  BSE:SENSEX2691076700CE   0.3   -0.53 CALL added 284340   PUT unwind -149780  CE_OI=714840 PE_OI=217580
pcr5 =  BSE:SENSEX2691076600CE   0.37   -0.47 CALL added 300480   PUT unwind -140820  CE_OI=669180 PE_OI=249180
pcr6 =  BSE:SENSEX2691076500CE   0.54    0.07 CALL added 835920   PUT added 56320  CE_OI=1163280 PE_OI=631060
pcr7 =  BSE:SENSEX2691076400PE   0.64   0.43 CALL added 737880   PUT added 316260  CE_OI=788420 PE_OI=503300
pcr8 =  BSE:SENSEX2691076300CE   0.87   0.63 CALL added 777840   PUT added 490640  CE_OI=815420 PE_OI=712680
pcr9 =  BSE:SENSEX2691076200PE   2.04   0.98 CALL added 246420   PUT added 242200  CE_OI=278060 PE_OI=568540
pcr10 =  BSE:SENSEX2691076100PE   1.55   0.83 CALL added 171520   PUT added 141640  CE_OI=191000 PE_OI=295200
pcr11 =  BSE:SENSEX2691076000PE   2.79   1.26 CALL added 188800   PUT added 238760  CE_OI=254780 PE_OI=709580
pcr12 =  BSE:SENSEX2691075900PE   9.52   8.31 CALL added 20620   PUT added 171420  CE_OI=28040 PE_OI=267080
pcr13 =  BSE:SENSEX2691075800PE   8.3   4.69 CALL added 20060   PUT added 94100  CE_OI=24600 PE_OI=204160
pcr14 =  BSE:SENSEX2691075700CE   16.55   10.74 CALL added 4960   PUT added 53280  CE_OI=8400 PE_OI=139000
pcr15 =  BSE:SENSEX2691075600CE   21.2   12.2 CALL added 5220   PUT added 63660  CE_OI=9060 PE_OI=192080
pcr16 =  BSE:SENSEX2691075500CE   12.89   9.71 CALL added 15900   PUT added 154440  CE_OI=41520 PE_OI=535180
pcr17 =  BSE:SENSEX2691075400CE   62.72   69.08 CALL added 2600   PUT added 179620  CE_OI=4940 PE_OI=309860
PCRSUM== 141.22
pcrSummation== 5.7
VOLPCRSUM== 11.120000000000001
spotLTP =  76173.32  ATM_STRIKE =  76200
IS_ATM_STRIKE_SHIFT = False  mapStrike = {76200: 76200}
avgOiPcrList2 = [np.float64(8.49), np.float64(8.31)] atmStrikeNotShiftedCount= 2
False   2   2
SUPP_RES=== 76500  Buffer= 32
ANCHOR_COMPARE: spot=76173.32 fut=76650.0 basis(fut-spot)=476.68 | SR_future=76500 SR_spot=76000 SR_diff=500 | PCRwin_future=76600 PCRwin_spot=76200
CEoich val =  835920.0  PEoich val =  56320.0 , CE > PE by 93.3%
SUPP_RES TOTAL OI: CE= 1163280  PE= 631060 , CE > PE by 45.8%
SPOT_SUPP_RES=== 76000  Buffer= 32
SPOT CEoich val =  188800.0  PEoich val =  238760.0 , CE < PE by 20.9%
SPOT_SUPP_RES TOTAL OI: CE= 254780  PE= 709580 , CE < PE by 64.1%
OI_SUPP_RES: spot=76173.32 ATM=76200 (ATM_CE_OI=278060 ATM_PE_OI=568540) | SUPPORT=76300PE OI=712680 (dist=100) | RESISTANCE=77000CE OI=1182840 (dist=800)
OI_SUPPORT=== 76300
OI_SUPPORT CEoich val = 777840.0  PEoich val = 490640.0 , CE > PE by 36.9%
OI_SUPPORT TOTAL OI: CE= 815420  PE= 712680 , CE > PE by 12.6%
OI_RESISTANCE=== 77000
OI_RESISTANCE CEoich val = 445940.0  PEoich val = -4500.0 , CE > PE by 101.0%
OI_RESISTANCE TOTAL OI: CE= 1182840  PE= 459480 , CE > PE by 61.2%
IS_MORNING_WINDOW= False  (active 9:15-9:48 IST)
================================================
==== signal check time ==== 2026-09-07 10:18:00.707298
IS_CHOI_DIFF_GT_25PERC== True
RSI_VAL1== 30.04
RSI_VAL2== 30.04
FUT_3m_OHLC O= 76690.0  H= 76690.0  L= 76650.0  C= 76650.0  Range= 40.0
CHART_PATTERN_DETECTED: OUTSIDE_BAR
  PATTERN_CONTEXT: Body= -40.0  Range= 40.0  ExpectedRange= 64.4  RangeRatio= 0.62  O= 76690.0  H= 76690.0  L= 76650.0  C= 76650.0
newSynthFut =  76600
ATMStrike =  76200
AVG_OIPCR= 0.63
avgoiPCROld=  8.31
SUPP_RES = 76500
FUT LTP = 76650.0
CEchoi  PechOi = 835920.0    56320.0
====================================
AVG_VOLPCR= 1.24
atmPCR= 0.37  belowATM  0.54
atmVolPCR= 0.92  belowATM  1.28
True   76650.0   76500   False   False   30.04
India VIX = 11.01  Spot Price = 76190.11
IV Regime = LOW (ADAPTIVE: P25= 11.03  P50= 11.29  P75= 11.38 ) | DailyRange = 1198.4 | 3minCandleRange = 63.1 (theoretical= 105.1 ) | ATMoptionMove = 28.4 | SL = 99 | Target = 99 | TrailTrigger = 28 | Spread = 300 | Buffer = 25
IV Params refreshed: {'vix': 11.01, 'bn_price': 76190.11, 'regime': 'LOW', 'regime_thresholds': 'P25=11.03 P50=11.29 P75=11.38', 'daily_range': 1198.4, 'candle_range': 63.1, 'atm_option_move': 28.4, 'sl_point': 99, 'target_point': 99, 'sl_pct_of_premium': 0.1, 'trail_trigger': 28, 'spread_width': 300, 'support_resistance_buffer': 25}
===
====after 3 min ochain==== 2026-09-07 10:21:00.028935
                                    oipcr   choipcr   CE_OI / PE_OI (same strike)
pcr1 =  BSE:SENSEX2691077000CE   0.37   -0.02 CALL added 476200   PUT unwind -9240  CE_OI=1213100 PE_OI=454740
pcr2 =  BSE:SENSEX2691076900PE   0.25   -0.32 CALL added 149120   PUT unwind -47520  CE_OI=401280 PE_OI=102200
pcr3 =  BSE:SENSEX2691076800PE   0.28   -0.33 CALL added 244760   PUT unwind -81240  CE_OI=550760 PE_OI=154280
pcr4 =  BSE:SENSEX2691076700CE   0.29   -0.53 CALL added 290880   PUT unwind -155180  CE_OI=721380 PE_OI=212180
pcr5 =  BSE:SENSEX2691076600CE   0.35   -0.54 CALL added 292500   PUT unwind -156960  CE_OI=661200 PE_OI=233040
pcr6 =  BSE:SENSEX2691076500CE   0.53    0.06 CALL added 865460   PUT added 56040  CE_OI=1192820 PE_OI=630780
pcr7 =  BSE:SENSEX2691076400PE   0.6   0.39 CALL added 744940   PUT added 289860  CE_OI=795480 PE_OI=476900
pcr8 =  BSE:SENSEX2691076300CE   0.79   0.56 CALL added 818080   PUT added 455560  CE_OI=855660 PE_OI=677600
pcr9 =  BSE:SENSEX2691076200PE   1.74   0.8 CALL added 290060   PUT added 233480  CE_OI=321700 PE_OI=559820
pcr10 =  BSE:SENSEX2691076100PE   1.59   0.92 CALL added 184500   PUT added 170280  CE_OI=203980 PE_OI=323840
pcr11 =  BSE:SENSEX2691076000PE   2.37   0.97 CALL added 223080   PUT added 215480  CE_OI=289060 PE_OI=686300
pcr12 =  BSE:SENSEX2691075900PE   8.27   6.88 CALL added 24800   PUT added 170700  CE_OI=32220 PE_OI=266360
pcr13 =  BSE:SENSEX2691075800PE   6.28   3.18 CALL added 26300   PUT added 83680  CE_OI=30840 PE_OI=193740
pcr14 =  BSE:SENSEX2691075700CE   13.02   7.1 CALL added 6920   PUT added 49160  CE_OI=10360 PE_OI=134880
pcr15 =  BSE:SENSEX2691075600CE   16.59   7.37 CALL added 7020   PUT added 51740  CE_OI=10860 PE_OI=180160
pcr16 =  BSE:SENSEX2691075500CE   12.0   8.23 CALL added 19400   PUT added 159640  CE_OI=45020 PE_OI=540380
pcr17 =  BSE:SENSEX2691075400CE   60.43   64.73 CALL added 2600   PUT added 168300  CE_OI=4940 PE_OI=298540
PCRSUM== 125.75
pcrSummation== 3.46
VOLPCRSUM== 10.98
spotLTP =  76190.11  ATM_STRIKE =  76200
IS_ATM_STRIKE_SHIFT = False  mapStrike = {76200: 76200}
avgOiPcrList2 = [np.float64(8.49), np.float64(8.31), np.float64(7.4)] atmStrikeNotShiftedCount= 3
False   3   3
SUPP_RES=== 76500  Buffer= 25
ANCHOR_COMPARE: spot=76190.11 fut=76678.8 basis(fut-spot)=488.69 | SR_future=76500 SR_spot=76000 SR_diff=500 | PCRwin_future=76700 PCRwin_spot=76200
CEoich val =  865460.0  PEoich val =  56040.0 , CE > PE by 93.5%
SUPP_RES TOTAL OI: CE= 1192820  PE= 630780 , CE > PE by 47.1%
SPOT_SUPP_RES=== 76000  Buffer= 25
SPOT CEoich val =  223080.0  PEoich val =  215480.0 , CE > PE by 3.4%
SPOT_SUPP_RES TOTAL OI: CE= 289060  PE= 686300 , CE < PE by 57.9%
OI_SUPP_RES: spot=76190.11 ATM=76200 (ATM_CE_OI=321700 ATM_PE_OI=559820) | SUPPORT=76000PE OI=686300 (dist=-200) | RESISTANCE=77000CE OI=1213100 (dist=800)
OI_SUPPORT=== 76000
OI_SUPPORT CEoich val = 223080.0  PEoich val = 215480.0 , CE > PE by 3.4%
OI_SUPPORT TOTAL OI: CE= 289060  PE= 686300 , CE < PE by 57.9%
OI_RESISTANCE=== 77000
OI_RESISTANCE CEoich val = 476200.0  PEoich val = -9240.0 , CE > PE by 101.9%
OI_RESISTANCE TOTAL OI: CE= 1213100  PE= 454740 , CE > PE by 62.5%
IS_MORNING_WINDOW= False  (active 9:15-9:48 IST)
================================================
==== signal check time ==== 2026-09-07 10:21:00.762103
IS_CHOI_DIFF_GT_25PERC== True
RSI_VAL1== 35.22
RSI_VAL2== 35.22
FUT_3m_OHLC O= 76650.0  H= 76678.8  L= 76650.0  C= 76678.8  Range= 28.8
CHART_PATTERN_DETECTED: INSIDE_BAR
  PATTERN_CONTEXT: Body= 28.8  Range= 28.8  ExpectedRange= 63.1  RangeRatio= 0.46  O= 76650.0  H= 76678.8  L= 76650.0  C= 76678.8
isPcrDecr = True
newSynthFut =  76700
ATMStrike =  76200
AVG_OIPCR= 0.38
avgoiPCROld=  7.4
SUPP_RES = 76500
FUT LTP = 76678.8
CEchoi  PechOi = 865460.0    56040.0
====================================
AVG_VOLPCR= 1.22
atmPCR= 0.35  belowATM  0.53
atmVolPCR= 0.92  belowATM  1.26
True   76678.8   76500   False   True   35.22
no trade yet = [np.float64(8.49), np.float64(8.31), np.float64(7.4)]
India VIX = 11.01  Spot Price = 76211.88
IV Regime = LOW (ADAPTIVE: P25= 11.03  P50= 11.29  P75= 11.38 ) | DailyRange = 1198.7 | 3minCandleRange = 63.1 (theoretical= 105.1 ) | ATMoptionMove = 28.4 | SL = 99 | Target = 99 | TrailTrigger = 28 | Spread = 300 | Buffer = 25
IV Params refreshed: {'vix': 11.01, 'bn_price': 76211.88, 'regime': 'LOW', 'regime_thresholds': 'P25=11.03 P50=11.29 P75=11.38', 'daily_range': 1198.7, 'candle_range': 63.1, 'atm_option_move': 28.4, 'sl_point': 99, 'target_point': 99, 'sl_pct_of_premium': 0.1, 'trail_trigger': 28, 'spread_width': 300, 'support_resistance_buffer': 25}
===
====after 3 min ochain==== 2026-09-07 10:24:00.026146
                                    oipcr   choipcr   CE_OI / PE_OI (same strike)
pcr1 =  BSE:SENSEX2691077000CE   0.37   -0.02 CALL added 486020   PUT unwind -9100  CE_OI=1222920 PE_OI=454880
pcr2 =  BSE:SENSEX2691076900PE   0.25   -0.3 CALL added 157280   PUT unwind -47620  CE_OI=409440 PE_OI=102100
pcr3 =  BSE:SENSEX2691076800PE   0.28   -0.34 CALL added 241420   PUT unwind -82160  CE_OI=547420 PE_OI=153360
pcr4 =  BSE:SENSEX2691076700CE   0.29   -0.52 CALL added 299160   PUT unwind -156100  CE_OI=729660 PE_OI=211260
pcr5 =  BSE:SENSEX2691076600CE   0.34   -0.52 CALL added 305820   PUT unwind -158220  CE_OI=674520 PE_OI=231780
pcr6 =  BSE:SENSEX2691076500CE   0.55    0.12 CALL added 936260   PUT added 114120  CE_OI=1263620 PE_OI=688860
pcr7 =  BSE:SENSEX2691076400PE   0.6   0.39 CALL added 756520   PUT added 295140  CE_OI=807060 PE_OI=482180
pcr8 =  BSE:SENSEX2691076300CE   0.78   0.55 CALL added 850720   PUT added 466600  CE_OI=888300 PE_OI=688640
pcr9 =  BSE:SENSEX2691076200PE   1.63   0.78 CALL added 324660   PUT added 253660  CE_OI=356300 PE_OI=580000
pcr10 =  BSE:SENSEX2691076100PE   1.6   1.0 CALL added 202160   PUT added 201540  CE_OI=221640 PE_OI=355100
pcr11 =  BSE:SENSEX2691076000PE   2.34   1.0 CALL added 236500   PUT added 237280  CE_OI=302480 PE_OI=708100
pcr12 =  BSE:SENSEX2691075900PE   8.52   7.29 CALL added 26460   PUT added 192980  CE_OI=33880 PE_OI=288640
pcr13 =  BSE:SENSEX2691075800PE   5.66   2.97 CALL added 31360   PUT added 93120  CE_OI=35900 PE_OI=203180
pcr14 =  BSE:SENSEX2691075700CE   12.69   7.24 CALL added 7720   PUT added 55900  CE_OI=11160 PE_OI=141620
pcr15 =  BSE:SENSEX2691075600CE   16.52   7.72 CALL added 7380   PUT added 56980  CE_OI=11220 PE_OI=185400
pcr16 =  BSE:SENSEX2691075500CE   13.14   10.81 CALL added 18940   PUT added 204760  CE_OI=44560 PE_OI=585500
pcr17 =  BSE:SENSEX2691075400CE   57.01   58.17 CALL added 2740   PUT added 159380  CE_OI=5080 PE_OI=289620
PCRSUM== 122.57
pcrSummation== 3.46
VOLPCRSUM== 10.850000000000001
spotLTP =  76211.88  ATM_STRIKE =  76200
IS_ATM_STRIKE_SHIFT = False  mapStrike = {76200: 76200}
avgOiPcrList2 = [np.float64(8.31), np.float64(7.4), np.float64(7.21)] atmStrikeNotShiftedCount= 4
False   4   3
SUPP_RES=== 76500  Buffer= 25
ANCHOR_COMPARE: spot=76211.88 fut=76670.0 basis(fut-spot)=458.12 | SR_future=76500 SR_spot=76000 SR_diff=500 | PCRwin_future=76700 PCRwin_spot=76200
CEoich val =  936260.0  PEoich val =  114120.0 , CE > PE by 87.8%
SUPP_RES TOTAL OI: CE= 1263620  PE= 688860 , CE > PE by 45.5%
SPOT_SUPP_RES=== 76000  Buffer= 25
SPOT CEoich val =  236500.0  PEoich val =  237280.0 , CE < PE by 0.3%
SPOT_SUPP_RES TOTAL OI: CE= 302480  PE= 708100 , CE < PE by 57.3%
OI_SUPP_RES: spot=76211.88 ATM=76200 (ATM_CE_OI=356300 ATM_PE_OI=580000) | SUPPORT=76000PE OI=708100 (dist=-200) | RESISTANCE=76500CE OI=1263620 (dist=300)
OI_SUPPORT=== 76000
OI_SUPPORT CEoich val = 236500.0  PEoich val = 237280.0 , CE < PE by 0.3%
OI_SUPPORT TOTAL OI: CE= 302480  PE= 708100 , CE < PE by 57.3%
OI_RESISTANCE=== 76500
OI_RESISTANCE CEoich val = 936260.0  PEoich val = 114120.0 , CE > PE by 87.8%
OI_RESISTANCE TOTAL OI: CE= 1263620  PE= 688860 , CE > PE by 45.5%
IS_MORNING_WINDOW= False  (active 9:15-9:48 IST)
================================================
==== signal check time ==== 2026-09-07 10:24:00.742924
IS_CHOI_DIFF_GT_25PERC== True
RSI_VAL1== 34.38
RSI_VAL2== 34.38
FUT_3m_OHLC O= 76670.0  H= 76670.0  L= 76641.4  C= 76670.0  Range= 28.6
CHART_PATTERN_DETECTED: DOUBLE_TOP_FORMING | DOUBLE_BOTTOM_FORMING
  PATTERN_CONTEXT: Body= 0.0  Range= 28.6  ExpectedRange= 63.1  RangeRatio= 0.45  O= 76670.0  H= 76670.0  L= 76641.4  C= 76670.0
isPcrDecr = True
newSynthFut =  76700
ATMStrike =  76200
AVG_OIPCR= 0.38
avgoiPCROld=  7.21
SUPP_RES = 76500
FUT LTP = 76670.0
CEchoi  PechOi = 936260.0    114120.0
====================================
AVG_VOLPCR= 1.21
atmPCR= 0.34  belowATM  0.55
atmVolPCR= 0.92  belowATM  1.26
True   76670.0   76500   False   True   34.38
no trade yet = [np.float64(8.31), np.float64(7.4), np.float64(7.21)]
India VIX = 11.05  Spot Price = 76213.15
IV Regime = NORMAL (ADAPTIVE: P25= 11.03  P50= 11.29  P75= 11.38 ) | DailyRange = 1203.1 | 3minCandleRange = 63.3 (theoretical= 105.5 ) | ATMoptionMove = 28.5 | SL = 100 | Target = 100 | TrailTrigger = 28 | Spread = 300 | Buffer = 32
IV Params refreshed: {'vix': 11.05, 'bn_price': 76213.15, 'regime': 'NORMAL', 'regime_thresholds': 'P25=11.03 P50=11.29 P75=11.38', 'daily_range': 1203.1, 'candle_range': 63.3, 'atm_option_move': 28.5, 'sl_point': 100, 'target_point': 100, 'sl_pct_of_premium': 0.1, 'trail_trigger': 28, 'spread_width': 300, 'support_resistance_buffer': 32}
===
====after 3 min ochain==== 2026-09-07 10:27:00.025600
                                    oipcr   choipcr   CE_OI / PE_OI (same strike)
pcr1 =  BSE:SENSEX2691077000CE   0.37   -0.02 CALL added 495900   PUT unwind -9860  CE_OI=1232800 PE_OI=454120
pcr2 =  BSE:SENSEX2691076900PE   0.25   -0.3 CALL added 158100   PUT unwind -47060  CE_OI=410260 PE_OI=102660
pcr3 =  BSE:SENSEX2691076800PE   0.28   -0.33 CALL added 250100   PUT unwind -81680  CE_OI=556100 PE_OI=153840
pcr4 =  BSE:SENSEX2691076700CE   0.29   -0.51 CALL added 305240   PUT unwind -157120  CE_OI=735740 PE_OI=210240
pcr5 =  BSE:SENSEX2691076600CE   0.34   -0.5 CALL added 311100   PUT unwind -157100  CE_OI=679800 PE_OI=232900
pcr6 =  BSE:SENSEX2691076500CE   0.55    0.13 CALL added 961440   PUT added 128080  CE_OI=1288800 PE_OI=702820
pcr7 =  BSE:SENSEX2691076400PE   0.6   0.39 CALL added 762700   PUT added 300200  CE_OI=813240 PE_OI=487240
pcr8 =  BSE:SENSEX2691076300CE   0.77   0.55 CALL added 864280   PUT added 474360  CE_OI=901860 PE_OI=696400
pcr9 =  BSE:SENSEX2691076200PE   1.6   0.79 CALL added 340580   PUT added 268280  CE_OI=372220 PE_OI=594620
pcr10 =  BSE:SENSEX2691076100PE   1.6   1.01 CALL added 206560   PUT added 209220  CE_OI=226040 PE_OI=362780
pcr11 =  BSE:SENSEX2691076000PE   2.32   1.01 CALL added 242260   PUT added 245560  CE_OI=308240 PE_OI=716380
pcr12 =  BSE:SENSEX2691075900PE   8.57   7.39 CALL added 27180   PUT added 200960  CE_OI=34600 PE_OI=296620
pcr13 =  BSE:SENSEX2691075800PE   5.43   2.88 CALL added 33500   PUT added 96520  CE_OI=38040 PE_OI=206580
pcr14 =  BSE:SENSEX2691075700CE   13.36   8.25 CALL added 7780   PUT added 64160  CE_OI=11220 PE_OI=149880
pcr15 =  BSE:SENSEX2691075600CE   16.7   8.1 CALL added 7480   PUT added 60620  CE_OI=11320 PE_OI=189040
pcr16 =  BSE:SENSEX2691075500CE   12.75   9.98 CALL added 19460   PUT added 194180  CE_OI=45080 PE_OI=574920
pcr17 =  BSE:SENSEX2691075400CE   54.67   53.87 CALL added 2880   PUT added 155140  CE_OI=5220 PE_OI=285380
PCRSUM== 120.45
pcrSummation== 3.45
VOLPCRSUM== 10.74
spotLTP =  76213.15  ATM_STRIKE =  76200
IS_ATM_STRIKE_SHIFT = False  mapStrike = {76200: 76200}
avgOiPcrList2 = [np.float64(7.4), np.float64(7.21), np.float64(7.09)] atmStrikeNotShiftedCount= 5
False   5   3
SUPP_RES=== 76500  Buffer= 32
ANCHOR_COMPARE: spot=76213.15 fut=76690.1 basis(fut-spot)=476.95 | SR_future=76500 SR_spot=76000 SR_diff=500 | PCRwin_future=76700 PCRwin_spot=76200
CEoich val =  961440.0  PEoich val =  128080.0 , CE > PE by 86.7%
SUPP_RES TOTAL OI: CE= 1288800  PE= 702820 , CE > PE by 45.5%
SPOT_SUPP_RES=== 76000  Buffer= 32
SPOT CEoich val =  242260.0  PEoich val =  245560.0 , CE < PE by 1.3%
SPOT_SUPP_RES TOTAL OI: CE= 308240  PE= 716380 , CE < PE by 57.0%
OI_SUPP_RES: spot=76213.15 ATM=76200 (ATM_CE_OI=372220 ATM_PE_OI=594620) | SUPPORT=76000PE OI=716380 (dist=-200) | RESISTANCE=76500CE OI=1288800 (dist=300)
OI_SUPPORT=== 76000
OI_SUPPORT CEoich val = 242260.0  PEoich val = 245560.0 , CE < PE by 1.3%
OI_SUPPORT TOTAL OI: CE= 308240  PE= 716380 , CE < PE by 57.0%
OI_RESISTANCE=== 76500
OI_RESISTANCE CEoich val = 961440.0  PEoich val = 128080.0 , CE > PE by 86.7%
OI_RESISTANCE TOTAL OI: CE= 1288800  PE= 702820 , CE > PE by 45.5%
IS_MORNING_WINDOW= False  (active 9:15-9:48 IST)
================================================
==== signal check time ==== 2026-09-07 10:27:00.727412
IS_CHOI_DIFF_GT_25PERC== True
RSI_VAL1== 38.01
RSI_VAL2== 38.01
FUT_3m_OHLC O= 76670.0  H= 76690.1  L= 76670.0  C= 76690.1  Range= 20.1
CHART_PATTERN_DETECTED: DOUBLE_TOP_FORMING | DOUBLE_BOTTOM_FORMING
  PATTERN_CONTEXT: Body= 20.1  Range= 20.1  ExpectedRange= 63.3  RangeRatio= 0.32  O= 76670.0  H= 76690.1  L= 76670.0  C= 76690.1
isPcrDecr = True
newSynthFut =  76700
ATMStrike =  76200
AVG_OIPCR= 0.38
avgoiPCROld=  7.09
SUPP_RES = 76500
FUT LTP = 76690.1
CEchoi  PechOi = 961440.0    128080.0
====================================
AVG_VOLPCR= 1.19
atmPCR= 0.34  belowATM  0.55
atmVolPCR= 0.91  belowATM  1.25
True   76690.1   76500   False   True   38.01
no trade yet = [np.float64(7.4), np.float64(7.21), np.float64(7.09)]
India VIX = 11.03  Spot Price = 76206.57
IV Regime = LOW (ADAPTIVE: P25= 11.03  P50= 11.29  P75= 11.38 ) | DailyRange = 1200.8 | 3minCandleRange = 63.2 (theoretical= 105.3 ) | ATMoptionMove = 28.4 | SL = 100 | Target = 100 | TrailTrigger = 28 | Spread = 300 | Buffer = 25
IV Params refreshed: {'vix': 11.03, 'bn_price': 76206.57, 'regime': 'LOW', 'regime_thresholds': 'P25=11.03 P50=11.29 P75=11.38', 'daily_range': 1200.8, 'candle_range': 63.2, 'atm_option_move': 28.4, 'sl_point': 100, 'target_point': 100, 'sl_pct_of_premium': 0.1, 'trail_trigger': 28, 'spread_width': 300, 'support_resistance_buffer': 25}
===
====after 3 min ochain==== 2026-09-07 10:30:00.025444
                                    oipcr   choipcr   CE_OI / PE_OI (same strike)
pcr1 =  BSE:SENSEX2691077000CE   0.36   -0.02 CALL added 524380   PUT unwind -9140  CE_OI=1261280 PE_OI=454840
pcr2 =  BSE:SENSEX2691076900PE   0.24   -0.32 CALL added 158900   PUT unwind -50500  CE_OI=411060 PE_OI=99220
pcr3 =  BSE:SENSEX2691076800PE   0.27   -0.31 CALL added 258900   PUT unwind -81180  CE_OI=564900 PE_OI=154340
pcr4 =  BSE:SENSEX2691076700CE   0.28   -0.49 CALL added 317340   PUT unwind -156700  CE_OI=747840 PE_OI=210660
pcr5 =  BSE:SENSEX2691076600CE   0.35   -0.51 CALL added 304680   PUT unwind -156600  CE_OI=673380 PE_OI=233400
pcr6 =  BSE:SENSEX2691076500CE   0.54    0.13 CALL added 966240   PUT added 126820  CE_OI=1293600 PE_OI=701560
pcr7 =  BSE:SENSEX2691076400PE   0.61   0.41 CALL added 778680   PUT added 319700  CE_OI=829220 PE_OI=506740
pcr8 =  BSE:SENSEX2691076300CE   0.79   0.57 CALL added 873800   PUT added 496280  CE_OI=911380 PE_OI=718320
pcr9 =  BSE:SENSEX2691076200PE   1.62   0.86 CALL added 363780   PUT added 314160  CE_OI=395420 PE_OI=640500
pcr10 =  BSE:SENSEX2691076100PE   1.6   1.03 CALL added 213000   PUT added 218840  CE_OI=232480 PE_OI=372400
pcr11 =  BSE:SENSEX2691076000PE   2.37   1.1 CALL added 247080   PUT added 272600  CE_OI=313060 PE_OI=743420
pcr12 =  BSE:SENSEX2691075900PE   8.77   7.69 CALL added 28240   PUT added 217120  CE_OI=35660 PE_OI=312780
pcr13 =  BSE:SENSEX2691075800PE   5.49   2.98 CALL added 34020   PUT added 101540  CE_OI=38560 PE_OI=211600
pcr14 =  BSE:SENSEX2691075700CE   13.53   8.57 CALL added 7900   PUT added 67700  CE_OI=11340 PE_OI=153420
pcr15 =  BSE:SENSEX2691075600CE   17.4   9.27 CALL added 7580   PUT added 70260  CE_OI=11420 PE_OI=198680
pcr16 =  BSE:SENSEX2691075500CE   12.66   9.79 CALL added 19620   PUT added 192040  CE_OI=45240 PE_OI=572780
pcr17 =  BSE:SENSEX2691075400CE   54.02   52.71 CALL added 2940   PUT added 154960  CE_OI=5280 PE_OI=285200
PCRSUM== 120.9
pcrSummation== 3.44
VOLPCRSUM== 10.59
spotLTP =  76206.57  ATM_STRIKE =  76200
IS_ATM_STRIKE_SHIFT = False  mapStrike = {76200: 76200}
avgOiPcrList2 = [np.float64(7.21), np.float64(7.09), np.float64(7.11)] atmStrikeNotShiftedCount= 6
False   6   3
SUPP_RES=== 76500  Buffer= 25
ANCHOR_COMPARE: spot=76206.57 fut=76695.95 basis(fut-spot)=489.38 | SR_future=76500 SR_spot=76000 SR_diff=500 | PCRwin_future=76700 PCRwin_spot=76200
CEoich val =  966240.0  PEoich val =  126820.0 , CE > PE by 86.9%
SUPP_RES TOTAL OI: CE= 1293600  PE= 701560 , CE > PE by 45.8%
SPOT_SUPP_RES=== 76000  Buffer= 25
SPOT CEoich val =  247080.0  PEoich val =  272600.0 , CE < PE by 9.4%
SPOT_SUPP_RES TOTAL OI: CE= 313060  PE= 743420 , CE < PE by 57.9%
OI_SUPP_RES: spot=76206.57 ATM=76200 (ATM_CE_OI=395420 ATM_PE_OI=640500) | SUPPORT=76000PE OI=743420 (dist=-200) | RESISTANCE=76500CE OI=1293600 (dist=300)
OI_SUPPORT=== 76000
OI_SUPPORT CEoich val = 247080.0  PEoich val = 272600.0 , CE < PE by 9.4%
OI_SUPPORT TOTAL OI: CE= 313060  PE= 743420 , CE < PE by 57.9%
OI_RESISTANCE=== 76500
OI_RESISTANCE CEoich val = 966240.0  PEoich val = 126820.0 , CE > PE by 86.9%
OI_RESISTANCE TOTAL OI: CE= 1293600  PE= 701560 , CE > PE by 45.8%
IS_MORNING_WINDOW= False  (active 9:15-9:48 IST)
================================================
==== signal check time ==== 2026-09-07 10:30:00.919057
IS_CHOI_DIFF_GT_25PERC== True
RSI_VAL1== 39.06
RSI_VAL2== 39.06
FUT_3m_OHLC O= 76690.1  H= 76696.0  L= 76640.0  C= 76696.0  Range= 55.9
CHART_PATTERN_DETECTED: HAMMER | OUTSIDE_BAR | DOUBLE_TOP_FORMING | DOUBLE_BOTTOM_FORMING
  PATTERN_CONTEXT: Body= 5.8  Range= 55.9  ExpectedRange= 63.2  RangeRatio= 0.88  O= 76690.1  H= 76696.0  L= 76640.0  C= 76696.0
recent two = [np.float64(7.09), np.float64(7.11)]
newSynthFut =  76700
ATMStrike =  76200
AVG_OIPCR= 0.38
avgoiPCROld=  7.11
SUPP_RES = 76500
FUT LTP = 76695.95
CEchoi  PechOi = 966240.0    126820.0
====================================
AVG_VOLPCR= 1.18
atmPCR= 0.35  belowATM  0.54
atmVolPCR= 0.89  belowATM  1.24
True   76695.95   76500   False   False   39.06
India VIX = 11.25  Spot Price = 76211.96
IV Regime = NORMAL (ADAPTIVE: P25= 11.03  P50= 11.29  P75= 11.38 ) | DailyRange = 1224.8 | 3minCandleRange = 64.5 (theoretical= 107.4 ) | ATMoptionMove = 29.0 | SL = 102 | Target = 102 | TrailTrigger = 29 | Spread = 300 | Buffer = 32
IV Params refreshed: {'vix': 11.25, 'bn_price': 76211.96, 'regime': 'NORMAL', 'regime_thresholds': 'P25=11.03 P50=11.29 P75=11.38', 'daily_range': 1224.8, 'candle_range': 64.5, 'atm_option_move': 29.0, 'sl_point': 102, 'target_point': 102, 'sl_pct_of_premium': 0.1, 'trail_trigger': 29, 'spread_width': 300, 'support_resistance_buffer': 32}
===
====after 3 min ochain==== 2026-09-07 10:33:00.027245
                                    oipcr   choipcr   CE_OI / PE_OI (same strike)
pcr1 =  BSE:SENSEX2691077000CE   0.36   -0.02 CALL added 521080   PUT unwind -9320  CE_OI=1257980 PE_OI=454660
pcr2 =  BSE:SENSEX2691076900PE   0.24   -0.31 CALL added 160520   PUT unwind -50180  CE_OI=412680 PE_OI=99540
pcr3 =  BSE:SENSEX2691076800PE   0.27   -0.31 CALL added 265620   PUT unwind -81140  CE_OI=571620 PE_OI=154380
pcr4 =  BSE:SENSEX2691076700CE   0.28   -0.49 CALL added 318280   PUT unwind -154920  CE_OI=748780 PE_OI=212440
pcr5 =  BSE:SENSEX2691076600CE   0.35   -0.51 CALL added 305040   PUT unwind -155080  CE_OI=673740 PE_OI=234920
pcr6 =  BSE:SENSEX2691076500CE   0.55    0.14 CALL added 978700   PUT added 140700  CE_OI=1306060 PE_OI=715440
pcr7 =  BSE:SENSEX2691076400PE   0.62   0.42 CALL added 782040   PUT added 328300  CE_OI=832580 PE_OI=515340
pcr8 =  BSE:SENSEX2691076300CE   0.79   0.57 CALL added 881920   PUT added 503060  CE_OI=919500 PE_OI=725100
pcr9 =  BSE:SENSEX2691076200PE   1.65   0.9 CALL added 367380   PUT added 332260  CE_OI=399020 PE_OI=658600
pcr10 =  BSE:SENSEX2691076100PE   1.64   1.07 CALL added 212100   PUT added 226920  CE_OI=231580 PE_OI=380480
pcr11 =  BSE:SENSEX2691076000PE   2.54   1.31 CALL added 244880   PUT added 319820  CE_OI=310860 PE_OI=790640
pcr12 =  BSE:SENSEX2691075900PE   8.74   7.66 CALL added 28540   PUT added 218500  CE_OI=35960 PE_OI=314160
pcr13 =  BSE:SENSEX2691075800PE   5.39   2.92 CALL added 34700   PUT added 101360  CE_OI=39240 PE_OI=211420
pcr14 =  BSE:SENSEX2691075700CE   13.31   8.39 CALL added 8120   PUT added 68160  CE_OI=11560 PE_OI=153880
pcr15 =  BSE:SENSEX2691075600CE   17.14   9.14 CALL added 7820   PUT added 71480  CE_OI=11660 PE_OI=199900
pcr16 =  BSE:SENSEX2691075500CE   12.69   9.9 CALL added 19900   PUT added 197040  CE_OI=45520 PE_OI=577780
pcr17 =  BSE:SENSEX2691075400CE   53.59   51.98 CALL added 3000   PUT added 155940  CE_OI=5340 PE_OI=286180
PCRSUM== 120.15
pcrSummation== 3.46
VOLPCRSUM== 10.49
spotLTP =  76213.01  ATM_STRIKE =  76200
IS_ATM_STRIKE_SHIFT = False  mapStrike = {76200: 76200}
avgOiPcrList2 = [np.float64(7.09), np.float64(7.11), np.float64(7.07)] atmStrikeNotShiftedCount= 7
False   7   3
SUPP_RES=== 76500  Buffer= 32
ANCHOR_COMPARE: spot=76213.01 fut=76695.95 basis(fut-spot)=482.94 | SR_future=76500 SR_spot=76000 SR_diff=500 | PCRwin_future=76700 PCRwin_spot=76200
CEoich val =  978700.0  PEoich val =  140700.0 , CE > PE by 85.6%
SUPP_RES TOTAL OI: CE= 1306060  PE= 715440 , CE > PE by 45.2%
SPOT_SUPP_RES=== 76000  Buffer= 32
SPOT CEoich val =  244880.0  PEoich val =  319820.0 , CE < PE by 23.4%
SPOT_SUPP_RES TOTAL OI: CE= 310860  PE= 790640 , CE < PE by 60.7%
OI_SUPP_RES: spot=76213.01 ATM=76200 (ATM_CE_OI=399020 ATM_PE_OI=658600) | SUPPORT=76000PE OI=790640 (dist=-200) | RESISTANCE=76500CE OI=1306060 (dist=300)
OI_SUPPORT=== 76000
OI_SUPPORT CEoich val = 244880.0  PEoich val = 319820.0 , CE < PE by 23.4%
OI_SUPPORT TOTAL OI: CE= 310860  PE= 790640 , CE < PE by 60.7%
OI_RESISTANCE=== 76500
OI_RESISTANCE CEoich val = 978700.0  PEoich val = 140700.0 , CE > PE by 85.6%
OI_RESISTANCE TOTAL OI: CE= 1306060  PE= 715440 , CE > PE by 45.2%
IS_MORNING_WINDOW= False  (active 9:15-9:48 IST)
================================================
==== signal check time ==== 2026-09-07 10:33:00.721596
IS_CHOI_DIFF_GT_25PERC== True
RSI_VAL1== 39.06
RSI_VAL2== 39.06
FUT_3m_OHLC O= 76696.0  H= 76696.0  L= 76696.0  C= 76696.0  Range= 0.0
CHART_PATTERN_DETECTED: INSIDE_BAR | DOUBLE_TOP_FORMING | DOUBLE_BOTTOM_FORMING
  PATTERN_CONTEXT: Body= 0.0  Range= 0.0  ExpectedRange= 64.5  RangeRatio= 0.0  O= 76696.0  H= 76696.0  L= 76696.0  C= 76696.0
recent two = [np.float64(7.11), np.float64(7.07)]
newSynthFut =  76700
ATMStrike =  76200
AVG_OIPCR= 0.38
avgoiPCROld=  7.07
SUPP_RES = 76500
FUT LTP = 76695.95
CEchoi  PechOi = 978700.0    140700.0
====================================
AVG_VOLPCR= 1.17
atmPCR= 0.35  belowATM  0.55
atmVolPCR= 0.89  belowATM  1.23
True   76695.95   76500   False   False   39.06
India VIX = 11.26  Spot Price = 76201.69
IV Regime = NORMAL (ADAPTIVE: P25= 11.03  P50= 11.29  P75= 11.38 ) | DailyRange = 1225.8 | 3minCandleRange = 64.5 (theoretical= 107.5 ) | ATMoptionMove = 29.0 | SL = 102 | Target = 102 | TrailTrigger = 29 | Spread = 300 | Buffer = 32
IV Params refreshed: {'vix': 11.26, 'bn_price': 76201.69, 'regime': 'NORMAL', 'regime_thresholds': 'P25=11.03 P50=11.29 P75=11.38', 'daily_range': 1225.8, 'candle_range': 64.5, 'atm_option_move': 29.0, 'sl_point': 102, 'target_point': 102, 'sl_pct_of_premium': 0.1, 'trail_trigger': 29, 'spread_width': 300, 'support_resistance_buffer': 32}
===
====after 3 min ochain==== 2026-09-07 10:36:00.032016
                                    oipcr   choipcr   CE_OI / PE_OI (same strike)
pcr1 =  BSE:SENSEX2691077000CE   0.36   -0.02 CALL added 521240   PUT unwind -9340  CE_OI=1258140 PE_OI=454640
pcr2 =  BSE:SENSEX2691076900PE   0.24   -0.31 CALL added 161300   PUT unwind -50180  CE_OI=413460 PE_OI=99540
pcr3 =  BSE:SENSEX2691076800PE   0.27   -0.3 CALL added 270400   PUT unwind -80860  CE_OI=576400 PE_OI=154660
pcr4 =  BSE:SENSEX2691076700CE   0.28   -0.48 CALL added 321620   PUT unwind -154820  CE_OI=752120 PE_OI=212540
pcr5 =  BSE:SENSEX2691076600CE   0.35   -0.5 CALL added 307700   PUT unwind -154720  CE_OI=676400 PE_OI=235280
pcr6 =  BSE:SENSEX2691076500CE   0.54    0.14 CALL added 995220   PUT added 141540  CE_OI=1322580 PE_OI=716280
pcr7 =  BSE:SENSEX2691076400PE   0.62   0.42 CALL added 783280   PUT added 327080  CE_OI=833820 PE_OI=514120
pcr8 =  BSE:SENSEX2691076300CE   0.8   0.59 CALL added 887800   PUT added 520660  CE_OI=925380 PE_OI=742700
pcr9 =  BSE:SENSEX2691076200PE   1.69   0.96 CALL added 374140   PUT added 357860  CE_OI=405780 PE_OI=684200
pcr10 =  BSE:SENSEX2691076100PE   1.61   1.05 CALL added 218880   PUT added 229540  CE_OI=238360 PE_OI=383100
pcr11 =  BSE:SENSEX2691076000PE   2.6   1.39 CALL added 247740   PUT added 343960  CE_OI=313720 PE_OI=814780
pcr12 =  BSE:SENSEX2691075900PE   8.67   7.6 CALL added 29160   PUT added 221540  CE_OI=36580 PE_OI=317200
pcr13 =  BSE:SENSEX2691075800PE   5.53   3.09 CALL added 34800   PUT added 107360  CE_OI=39340 PE_OI=217420
pcr14 =  BSE:SENSEX2691075700CE   13.59   8.84 CALL added 8220   PUT added 72700  CE_OI=11660 PE_OI=158420
pcr15 =  BSE:SENSEX2691075600CE   17.07   9.13 CALL added 7920   PUT added 72320  CE_OI=11760 PE_OI=200740
pcr16 =  BSE:SENSEX2691075500CE   12.57   9.68 CALL added 20260   PUT added 196040  CE_OI=45880 PE_OI=576780
pcr17 =  BSE:SENSEX2691075400CE   52.8   50.61 CALL added 3060   PUT added 154880  CE_OI=5400 PE_OI=285120
PCRSUM== 119.59
pcrSummation== 3.46
VOLPCRSUM== 10.47
spotLTP =  76201.69  ATM_STRIKE =  76200
IS_ATM_STRIKE_SHIFT = False  mapStrike = {76200: 76200}
avgOiPcrList2 = [np.float64(7.11), np.float64(7.07), np.float64(7.03)] atmStrikeNotShiftedCount= 8
False   8   3
SUPP_RES=== 76500  Buffer= 32
ANCHOR_COMPARE: spot=76201.69 fut=76695.95 basis(fut-spot)=494.26 | SR_future=76500 SR_spot=76000 SR_diff=500 | PCRwin_future=76700 PCRwin_spot=76200
CEoich val =  995220.0  PEoich val =  141540.0 , CE > PE by 85.8%
SUPP_RES TOTAL OI: CE= 1322580  PE= 716280 , CE > PE by 45.8%
SPOT_SUPP_RES=== 76000  Buffer= 32
SPOT CEoich val =  247740.0  PEoich val =  343960.0 , CE < PE by 28.0%
SPOT_SUPP_RES TOTAL OI: CE= 313720  PE= 814780 , CE < PE by 61.5%
OI_SUPP_RES: spot=76201.69 ATM=76200 (ATM_CE_OI=405780 ATM_PE_OI=684200) | SUPPORT=76000PE OI=814780 (dist=-200) | RESISTANCE=76500CE OI=1322580 (dist=300)
OI_SUPPORT=== 76000
OI_SUPPORT CEoich val = 247740.0  PEoich val = 343960.0 , CE < PE by 28.0%
OI_SUPPORT TOTAL OI: CE= 313720  PE= 814780 , CE < PE by 61.5%
OI_RESISTANCE=== 76500
OI_RESISTANCE CEoich val = 995220.0  PEoich val = 141540.0 , CE > PE by 85.8%
OI_RESISTANCE TOTAL OI: CE= 1322580  PE= 716280 , CE > PE by 45.8%
IS_MORNING_WINDOW= False  (active 9:15-9:48 IST)
================================================
==== signal check time ==== 2026-09-07 10:36:00.706596
IS_CHOI_DIFF_GT_25PERC== True
RSI_VAL1== 39.06
RSI_VAL2== 39.06
FUT_3m_OHLC O= 76696.0  H= 76696.0  L= 76696.0  C= 76696.0  Range= 0.0
CHART_PATTERN_DETECTED: INSIDE_BAR | DOUBLE_TOP_FORMING
  PATTERN_CONTEXT: Body= 0.0  Range= 0.0  ExpectedRange= 64.5  RangeRatio= 0.0  O= 76696.0  H= 76696.0  L= 76696.0  C= 76696.0
isPcrDecr = True
newSynthFut =  76700
ATMStrike =  76200
AVG_OIPCR= 0.38
avgoiPCROld=  7.03
SUPP_RES = 76500
FUT LTP = 76695.95
CEchoi  PechOi = 995220.0    141540.0
====================================
AVG_VOLPCR= 1.16
atmPCR= 0.35  belowATM  0.54
atmVolPCR= 0.89  belowATM  1.23
True   76695.95   76500   False   True   39.06
no trade yet = [np.float64(7.11), np.float64(7.07), np.float64(7.03)]
India VIX = 11.24  Spot Price = 76213.98
IV Regime = NORMAL (ADAPTIVE: P25= 11.03  P50= 11.29  P75= 11.38 ) | DailyRange = 1223.8 | 3minCandleRange = 64.4 (theoretical= 107.3 ) | ATMoptionMove = 29.0 | SL = 101 | Target = 101 | TrailTrigger = 29 | Spread = 300 | Buffer = 32
IV Params refreshed: {'vix': 11.24, 'bn_price': 76213.98, 'regime': 'NORMAL', 'regime_thresholds': 'P25=11.03 P50=11.29 P75=11.38', 'daily_range': 1223.8, 'candle_range': 64.4, 'atm_option_move': 29.0, 'sl_point': 101, 'target_point': 101, 'sl_pct_of_premium': 0.1, 'trail_trigger': 29, 'spread_width': 300, 'support_resistance_buffer': 32}
===
====after 3 min ochain==== 2026-09-07 10:39:00.039827
                                    oipcr   choipcr   CE_OI / PE_OI (same strike)
pcr1 =  BSE:SENSEX2691077000CE   0.36   -0.02 CALL added 533440   PUT unwind -10280  CE_OI=1270340 PE_OI=453700
pcr2 =  BSE:SENSEX2691076900PE   0.25   -0.33 CALL added 154000   PUT unwind -50100  CE_OI=406160 PE_OI=99620
pcr3 =  BSE:SENSEX2691076800PE   0.27   -0.3 CALL added 269120   PUT unwind -81320  CE_OI=575120 PE_OI=154200
pcr4 =  BSE:SENSEX2691076700CE   0.28   -0.48 CALL added 321660   PUT unwind -153980  CE_OI=752160 PE_OI=213380
pcr5 =  BSE:SENSEX2691076600CE   0.35   -0.5 CALL added 308580   PUT unwind -153280  CE_OI=677280 PE_OI=236720
pcr6 =  BSE:SENSEX2691076500CE   0.55    0.15 CALL added 1000000   PUT added 152880  CE_OI=1327360 PE_OI=727620
pcr7 =  BSE:SENSEX2691076400PE   0.61   0.41 CALL added 779880   PUT added 321160  CE_OI=830420 PE_OI=508200
pcr8 =  BSE:SENSEX2691076300CE   0.8   0.58 CALL added 879600   PUT added 508380  CE_OI=917180 PE_OI=730420
pcr9 =  BSE:SENSEX2691076200PE   1.64   0.92 CALL added 379340   PUT added 349000  CE_OI=410980 PE_OI=675340
pcr10 =  BSE:SENSEX2691076100PE   1.63   1.08 CALL added 221060   PUT added 238580  CE_OI=240540 PE_OI=392140
pcr11 =  BSE:SENSEX2691076000PE   2.55   1.35 CALL added 251040   PUT added 339080  CE_OI=317020 PE_OI=809900
pcr12 =  BSE:SENSEX2691075900PE   8.69   7.62 CALL added 29060   PUT added 221380  CE_OI=36480 PE_OI=317040
pcr13 =  BSE:SENSEX2691075800PE   5.57   3.08 CALL added 34000   PUT added 104600  CE_OI=38540 PE_OI=214660
pcr14 =  BSE:SENSEX2691075700CE   13.74   9.16 CALL added 8400   PUT added 76940  CE_OI=11840 PE_OI=162660
pcr15 =  BSE:SENSEX2691075600CE   16.71   8.74 CALL added 8060   PUT added 70480  CE_OI=11900 PE_OI=198900
pcr16 =  BSE:SENSEX2691075500CE   12.43   9.41 CALL added 20580   PUT added 193600  CE_OI=46200 PE_OI=574340
pcr17 =  BSE:SENSEX2691075400CE   52.43   49.96 CALL added 3060   PUT added 152880  CE_OI=5400 PE_OI=283120
PCRSUM== 118.86
pcrSummation== 3.47
VOLPCRSUM== 10.34
spotLTP =  76213.98  ATM_STRIKE =  76200
IS_ATM_STRIKE_SHIFT = False  mapStrike = {76200: 76200}
avgOiPcrList2 = [np.float64(7.07), np.float64(7.03), np.float64(6.99)] atmStrikeNotShiftedCount= 9
False   9   3
SUPP_RES=== 76500  Buffer= 32
ANCHOR_COMPARE: spot=76213.98 fut=76705.0 basis(fut-spot)=491.02 | SR_future=76500 SR_spot=76000 SR_diff=500 | PCRwin_future=76700 PCRwin_spot=76200
CEoich val =  1000000.0  PEoich val =  152880.0 , CE > PE by 84.7%
SUPP_RES TOTAL OI: CE= 1327360  PE= 727620 , CE > PE by 45.2%
SPOT_SUPP_RES=== 76000  Buffer= 32
SPOT CEoich val =  251040.0  PEoich val =  339080.0 , CE < PE by 26.0%
SPOT_SUPP_RES TOTAL OI: CE= 317020  PE= 809900 , CE < PE by 60.9%
OI_SUPP_RES: spot=76213.98 ATM=76200 (ATM_CE_OI=410980 ATM_PE_OI=675340) | SUPPORT=76000PE OI=809900 (dist=-200) | RESISTANCE=76500CE OI=1327360 (dist=300)
OI_SUPPORT=== 76000
OI_SUPPORT CEoich val = 251040.0  PEoich val = 339080.0 , CE < PE by 26.0%
OI_SUPPORT TOTAL OI: CE= 317020  PE= 809900 , CE < PE by 60.9%
OI_RESISTANCE=== 76500
OI_RESISTANCE CEoich val = 1000000.0  PEoich val = 152880.0 , CE > PE by 84.7%
OI_RESISTANCE TOTAL OI: CE= 1327360  PE= 727620 , CE > PE by 45.2%
IS_MORNING_WINDOW= False  (active 9:15-9:48 IST)
================================================
==== signal check time ==== 2026-09-07 10:39:00.742532
IS_CHOI_DIFF_GT_25PERC== True
RSI_VAL1== 41.01
RSI_VAL2== 41.01
FUT_3m_OHLC O= 76700.0  H= 76705.0  L= 76700.0  C= 76705.0  Range= 5.0
CHART_PATTERN_DETECTED: DOUBLE_TOP_FORMING
  PATTERN_CONTEXT: Body= 5.0  Range= 5.0  ExpectedRange= 64.4  RangeRatio= 0.08  O= 76700.0  H= 76705.0  L= 76700.0  C= 76705.0
isPcrDecr = True
newSynthFut =  76700
ATMStrike =  76200
AVG_OIPCR= 0.39
avgoiPCROld=  6.99
SUPP_RES = 76500
FUT LTP = 76705.0
CEchoi  PechOi = 1000000.0    152880.0
====================================
AVG_VOLPCR= 1.15
atmPCR= 0.35  belowATM  0.55
atmVolPCR= 0.89  belowATM  1.22
True   76705.0   76500   False   True   41.01
no trade yet = [np.float64(7.07), np.float64(7.03), np.float64(6.99)]
India VIX = 11.24  Spot Price = 76199.95
IV Regime = NORMAL (ADAPTIVE: P25= 11.03  P50= 11.29  P75= 11.38 ) | DailyRange = 1223.6 | 3minCandleRange = 64.4 (theoretical= 107.3 ) | ATMoptionMove = 29.0 | SL = 101 | Target = 101 | TrailTrigger = 29 | Spread = 300 | Buffer = 32
IV Params refreshed: {'vix': 11.24, 'bn_price': 76199.95, 'regime': 'NORMAL', 'regime_thresholds': 'P25=11.03 P50=11.29 P75=11.38', 'daily_range': 1223.6, 'candle_range': 64.4, 'atm_option_move': 29.0, 'sl_point': 101, 'target_point': 101, 'sl_pct_of_premium': 0.1, 'trail_trigger': 29, 'spread_width': 300, 'support_resistance_buffer': 32}
===
====after 3 min ochain==== 2026-09-07 10:42:00.027818
                                    oipcr   choipcr   CE_OI / PE_OI (same strike)
pcr1 =  BSE:SENSEX2691077000CE   0.36   -0.02 CALL added 537360   PUT unwind -10620  CE_OI=1274260 PE_OI=453360
pcr2 =  BSE:SENSEX2691076900PE   0.25   -0.32 CALL added 154280   PUT unwind -50100  CE_OI=406440 PE_OI=99620
pcr3 =  BSE:SENSEX2691076800PE   0.27   -0.3 CALL added 269580   PUT unwind -81480  CE_OI=575580 PE_OI=154040
pcr4 =  BSE:SENSEX2691076700CE   0.28   -0.48 CALL added 323400   PUT unwind -153680  CE_OI=753900 PE_OI=213680
pcr5 =  BSE:SENSEX2691076600CE   0.35   -0.49 CALL added 310700   PUT unwind -153080  CE_OI=679400 PE_OI=236920
pcr6 =  BSE:SENSEX2691076500CE   0.54    0.15 CALL added 1008000   PUT added 149820  CE_OI=1335360 PE_OI=724560
pcr7 =  BSE:SENSEX2691076400PE   0.63   0.43 CALL added 773760   PUT added 331000  CE_OI=824300 PE_OI=518040
pcr8 =  BSE:SENSEX2691076300CE   0.81   0.6 CALL added 875020   PUT added 521480  CE_OI=912600 PE_OI=743520
pcr9 =  BSE:SENSEX2691076200PE   1.69   0.96 CALL added 378000   PUT added 364320  CE_OI=409640 PE_OI=690660
pcr10 =  BSE:SENSEX2691076100PE   1.68   1.12 CALL added 218280   PUT added 245340  CE_OI=237760 PE_OI=398900
pcr11 =  BSE:SENSEX2691076000PE   2.62   1.43 CALL added 249980   PUT added 357340  CE_OI=315960 PE_OI=828160
pcr12 =  BSE:SENSEX2691075900PE   8.84   7.81 CALL added 29100   PUT added 227220  CE_OI=36520 PE_OI=322880
pcr13 =  BSE:SENSEX2691075800PE   5.77   3.27 CALL added 33620   PUT added 110060  CE_OI=38160 PE_OI=220120
pcr14 =  BSE:SENSEX2691075700CE   13.91   9.33 CALL added 8260   PUT added 77060  CE_OI=11700 PE_OI=162780
pcr15 =  BSE:SENSEX2691075600CE   16.83   8.94 CALL added 8080   PUT added 72200  CE_OI=11920 PE_OI=200620
pcr16 =  BSE:SENSEX2691075500CE   12.46   9.47 CALL added 20540   PUT added 194540  CE_OI=46160 PE_OI=575280
pcr17 =  BSE:SENSEX2691075400CE   51.91   49.05 CALL added 3060   PUT added 150080  CE_OI=5400 PE_OI=280320
PCRSUM== 119.2
pcrSummation== 3.49
VOLPCRSUM== 10.26
spotLTP =  76199.95  ATM_STRIKE =  76200
IS_ATM_STRIKE_SHIFT = False  mapStrike = {76200: 76200}
avgOiPcrList2 = [np.float64(7.03), np.float64(6.99), np.float64(7.01)] atmStrikeNotShiftedCount= 10
False   10   3
SUPP_RES=== 76500  Buffer= 32
ANCHOR_COMPARE: spot=76199.95 fut=76705.0 basis(fut-spot)=505.05 | SR_future=76500 SR_spot=76000 SR_diff=500 | PCRwin_future=76700 PCRwin_spot=76200
CEoich val =  1008000.0  PEoich val =  149820.0 , CE > PE by 85.1%
SUPP_RES TOTAL OI: CE= 1335360  PE= 724560 , CE > PE by 45.7%
SPOT_SUPP_RES=== 76000  Buffer= 32
SPOT CEoich val =  249980.0  PEoich val =  357340.0 , CE < PE by 30.0%
SPOT_SUPP_RES TOTAL OI: CE= 315960  PE= 828160 , CE < PE by 61.8%
OI_SUPP_RES: spot=76199.95 ATM=76200 (ATM_CE_OI=409640 ATM_PE_OI=690660) | SUPPORT=76000PE OI=828160 (dist=-200) | RESISTANCE=76500CE OI=1335360 (dist=300)
OI_SUPPORT=== 76000
OI_SUPPORT CEoich val = 249980.0  PEoich val = 357340.0 , CE < PE by 30.0%
OI_SUPPORT TOTAL OI: CE= 315960  PE= 828160 , CE < PE by 61.8%
OI_RESISTANCE=== 76500
OI_RESISTANCE CEoich val = 1008000.0  PEoich val = 149820.0 , CE > PE by 85.1%
OI_RESISTANCE TOTAL OI: CE= 1335360  PE= 724560 , CE > PE by 45.7%
IS_MORNING_WINDOW= False  (active 9:15-9:48 IST)
================================================
==== signal check time ==== 2026-09-07 10:42:00.759373
IS_CHOI_DIFF_GT_25PERC== True
RSI_VAL1== 41.01
RSI_VAL2== 41.01
FUT_3m_OHLC O= 76705.0  H= 76705.0  L= 76705.0  C= 76705.0  Range= 0.0
CHART_PATTERN_DETECTED: INSIDE_BAR | DOUBLE_TOP_FORMING | DOUBLE_BOTTOM_FORMING
  PATTERN_CONTEXT: Body= 0.0  Range= 0.0  ExpectedRange= 64.4  RangeRatio= 0.0  O= 76705.0  H= 76705.0  L= 76705.0  C= 76705.0
recent two = [np.float64(6.99), np.float64(7.01)]
newSynthFut =  76700
ATMStrike =  76200
AVG_OIPCR= 0.39
avgoiPCROld=  7.01
SUPP_RES = 76500
FUT LTP = 76705.0
CEchoi  PechOi = 1008000.0    149820.0
====================================
AVG_VOLPCR= 1.14
atmPCR= 0.35  belowATM  0.54
atmVolPCR= 0.88  belowATM  1.21
True   76705.0   76500   False   False   41.01
India VIX = 11.23  Spot Price = 76212.1
IV Regime = NORMAL (ADAPTIVE: P25= 11.03  P50= 11.29  P75= 11.38 ) | DailyRange = 1222.7 | 3minCandleRange = 64.3 (theoretical= 107.2 ) | ATMoptionMove = 29.0 | SL = 101 | Target = 101 | TrailTrigger = 29 | Spread = 300 | Buffer = 32
IV Params refreshed: {'vix': 11.23, 'bn_price': 76212.1, 'regime': 'NORMAL', 'regime_thresholds': 'P25=11.03 P50=11.29 P75=11.38', 'daily_range': 1222.7, 'candle_range': 64.3, 'atm_option_move': 29.0, 'sl_point': 101, 'target_point': 101, 'sl_pct_of_premium': 0.1, 'trail_trigger': 29, 'spread_width': 300, 'support_resistance_buffer': 32}
===
====after 3 min ochain==== 2026-09-07 10:45:00.028997
                                    oipcr   choipcr   CE_OI / PE_OI (same strike)
pcr1 =  BSE:SENSEX2691077000CE   0.36   -0.02 CALL added 535120   PUT unwind -11420  CE_OI=1272020 PE_OI=452560
pcr2 =  BSE:SENSEX2691076900PE   0.24   -0.32 CALL added 157260   PUT unwind -49880  CE_OI=409420 PE_OI=99840
pcr3 =  BSE:SENSEX2691076800PE   0.27   -0.3 CALL added 268640   PUT unwind -81380  CE_OI=574640 PE_OI=154140
pcr4 =  BSE:SENSEX2691076700CE   0.28   -0.47 CALL added 322900   PUT unwind -153100  CE_OI=753400 PE_OI=214260
pcr5 =  BSE:SENSEX2691076600CE   0.35   -0.49 CALL added 311220   PUT unwind -153160  CE_OI=679920 PE_OI=236840
pcr6 =  BSE:SENSEX2691076500CE   0.55    0.16 CALL added 1020880   PUT added 161780  CE_OI=1348240 PE_OI=736520
pcr7 =  BSE:SENSEX2691076400PE   0.62   0.42 CALL added 774380   PUT added 325480  CE_OI=824920 PE_OI=512520
pcr8 =  BSE:SENSEX2691076300CE   0.82   0.61 CALL added 875140   PUT added 529980  CE_OI=912720 PE_OI=752020
pcr9 =  BSE:SENSEX2691076200PE   1.69   0.97 CALL added 380760   PUT added 368640  CE_OI=412400 PE_OI=694980
pcr10 =  BSE:SENSEX2691076100PE   1.62   1.09 CALL added 228980   PUT added 249980  CE_OI=248460 PE_OI=403540
pcr11 =  BSE:SENSEX2691076000PE   2.68   1.48 CALL added 246060   PUT added 364580  CE_OI=312040 PE_OI=835400
pcr12 =  BSE:SENSEX2691075900PE   8.8   7.77 CALL added 29440   PUT added 228760  CE_OI=36860 PE_OI=324420
pcr13 =  BSE:SENSEX2691075800PE   5.58   3.07 CALL added 33780   PUT added 103840  CE_OI=38320 PE_OI=213900
pcr14 =  BSE:SENSEX2691075700CE   13.34   8.85 CALL added 8860   PUT added 78380  CE_OI=12300 PE_OI=164100
pcr15 =  BSE:SENSEX2691075600CE   16.69   9.0 CALL added 8360   PUT added 75200  CE_OI=12200 PE_OI=203620
pcr16 =  BSE:SENSEX2691075500CE   12.56   9.69 CALL added 20560   PUT added 199300  CE_OI=46180 PE_OI=580040
pcr17 =  BSE:SENSEX2691075400CE   49.56   45.18 CALL added 3260   PUT added 147300  CE_OI=5600 PE_OI=277540
PCRSUM== 116.01
pcrSummation== 3.49
VOLPCRSUM== 10.17
spotLTP =  76212.1  ATM_STRIKE =  76200
IS_ATM_STRIKE_SHIFT = False  mapStrike = {76200: 76200}
avgOiPcrList2 = [np.float64(6.99), np.float64(7.01), np.float64(6.82)] atmStrikeNotShiftedCount= 11
False   11   3
SUPP_RES=== 76500  Buffer= 32
ANCHOR_COMPARE: spot=76212.1 fut=76705.0 basis(fut-spot)=492.9 | SR_future=76500 SR_spot=76000 SR_diff=500 | PCRwin_future=76700 PCRwin_spot=76200
CEoich val =  1020880.0  PEoich val =  161780.0 , CE > PE by 84.2%
SUPP_RES TOTAL OI: CE= 1348240  PE= 736520 , CE > PE by 45.4%
SPOT_SUPP_RES=== 76000  Buffer= 32
SPOT CEoich val =  246060.0  PEoich val =  364580.0 , CE < PE by 32.5%
SPOT_SUPP_RES TOTAL OI: CE= 312040  PE= 835400 , CE < PE by 62.6%
OI_SUPP_RES: spot=76212.1 ATM=76200 (ATM_CE_OI=412400 ATM_PE_OI=694980) | SUPPORT=76000PE OI=835400 (dist=-200) | RESISTANCE=76500CE OI=1348240 (dist=300)
OI_SUPPORT=== 76000
OI_SUPPORT CEoich val = 246060.0  PEoich val = 364580.0 , CE < PE by 32.5%
OI_SUPPORT TOTAL OI: CE= 312040  PE= 835400 , CE < PE by 62.6%
OI_RESISTANCE=== 76500
OI_RESISTANCE CEoich val = 1020880.0  PEoich val = 161780.0 , CE > PE by 84.2%
OI_RESISTANCE TOTAL OI: CE= 1348240  PE= 736520 , CE > PE by 45.4%
IS_MORNING_WINDOW= False  (active 9:15-9:48 IST)
================================================
==== signal check time ==== 2026-09-07 10:45:00.788569
IS_CHOI_DIFF_GT_25PERC== True
RSI_VAL1== 40.63
RSI_VAL2== 41.01
FUT_3m_OHLC O= 76705.0  H= 76705.0  L= 76705.0  C= 76705.0  Range= 0.0
CHART_PATTERN_DETECTED: INSIDE_BAR | DOUBLE_TOP_FORMING | DOUBLE_BOTTOM_FORMING
  PATTERN_CONTEXT: Body= 0.0  Range= 0.0  ExpectedRange= 64.3  RangeRatio= 0.0  O= 76705.0  H= 76705.0  L= 76705.0  C= 76705.0
recent two = [np.float64(7.01), np.float64(6.82)]
newSynthFut =  76700
ATMStrike =  76200
AVG_OIPCR= 0.39
avgoiPCROld=  6.82
SUPP_RES = 76500
FUT LTP = 76705.0
CEchoi  PechOi = 1020880.0    161780.0
====================================
AVG_VOLPCR= 1.13
atmPCR= 0.35  belowATM  0.55
atmVolPCR= 0.88  belowATM  1.2
True   76705.0   76500   False   False   41.01
India VIX = 11.18  Spot Price = 76205.68
IV Regime = NORMAL (ADAPTIVE: P25= 11.03  P50= 11.29  P75= 11.38 ) | DailyRange = 1217.1 | 3minCandleRange = 64.0 (theoretical= 106.7 ) | ATMoptionMove = 28.8 | SL = 101 | Target = 101 | TrailTrigger = 29 | Spread = 300 | Buffer = 32
IV Params refreshed: {'vix': 11.18, 'bn_price': 76205.68, 'regime': 'NORMAL', 'regime_thresholds': 'P25=11.03 P50=11.29 P75=11.38', 'daily_range': 1217.1, 'candle_range': 64.0, 'atm_option_move': 28.8, 'sl_point': 101, 'target_point': 101, 'sl_pct_of_premium': 0.1, 'trail_trigger': 29, 'spread_width': 300, 'support_resistance_buffer': 32}
===
====after 3 min ochain==== 2026-09-07 10:48:00.028113
                                    oipcr   choipcr   CE_OI / PE_OI (same strike)
pcr1 =  BSE:SENSEX2691077000CE   0.35   -0.02 CALL added 540280   PUT unwind -11560  CE_OI=1277180 PE_OI=452420
pcr2 =  BSE:SENSEX2691076900PE   0.24   -0.31 CALL added 160160   PUT unwind -49760  CE_OI=412320 PE_OI=99960
pcr3 =  BSE:SENSEX2691076800PE   0.27   -0.3 CALL added 268680   PUT unwind -81000  CE_OI=574680 PE_OI=154520
pcr4 =  BSE:SENSEX2691076700CE   0.28   -0.47 CALL added 325880   PUT unwind -154340  CE_OI=756380 PE_OI=213020
pcr5 =  BSE:SENSEX2691076600CE   0.35   -0.5 CALL added 309580   PUT unwind -153620  CE_OI=678280 PE_OI=236380
pcr6 =  BSE:SENSEX2691076500CE   0.54    0.16 CALL added 1032380   PUT added 162520  CE_OI=1359740 PE_OI=737260
pcr7 =  BSE:SENSEX2691076400PE   0.63   0.42 CALL added 770700   PUT added 327440  CE_OI=821240 PE_OI=514480
pcr8 =  BSE:SENSEX2691076300CE   0.83   0.61 CALL added 870320   PUT added 529820  CE_OI=907900 PE_OI=751860
pcr9 =  BSE:SENSEX2691076200PE   1.69   0.99 CALL added 389800   PUT added 387780  CE_OI=421440 PE_OI=714120
pcr10 =  BSE:SENSEX2691076100PE   1.66   1.12 CALL added 226240   PUT added 253380  CE_OI=245720 PE_OI=406940
pcr11 =  BSE:SENSEX2691076000PE   2.66   1.47 CALL added 248620   PUT added 365180  CE_OI=314600 PE_OI=836000
pcr12 =  BSE:SENSEX2691075900PE   9.27   8.36 CALL added 29400   PUT added 245640  CE_OI=36820 PE_OI=341300
pcr13 =  BSE:SENSEX2691075800PE   5.72   3.17 CALL added 33000   PUT added 104580  CE_OI=37540 PE_OI=214640
pcr14 =  BSE:SENSEX2691075700CE   13.51   9.0 CALL added 8700   PUT added 78340  CE_OI=12140 PE_OI=164060
pcr15 =  BSE:SENSEX2691075600CE   16.56   8.72 CALL added 8260   PUT added 72000  CE_OI=12100 PE_OI=200420
pcr16 =  BSE:SENSEX2691075500CE   12.61   9.81 CALL added 20660   PUT added 202620  CE_OI=46280 PE_OI=583360
pcr17 =  BSE:SENSEX2691075400CE   49.91   45.77 CALL added 3240   PUT added 148280  CE_OI=5580 PE_OI=278520
PCRSUM== 117.08
pcrSummation== 3.49
VOLPCRSUM== 10.12
spotLTP =  76205.68  ATM_STRIKE =  76200
IS_ATM_STRIKE_SHIFT = False  mapStrike = {76200: 76200}
avgOiPcrList2 = [np.float64(7.01), np.float64(6.82), np.float64(6.89)] atmStrikeNotShiftedCount= 12
False   12   3
SUPP_RES=== 76500  Buffer= 32
ANCHOR_COMPARE: spot=76205.68 fut=76702.9 basis(fut-spot)=497.22 | SR_future=76500 SR_spot=76000 SR_diff=500 | PCRwin_future=76700 PCRwin_spot=76200
CEoich val =  1032380.0  PEoich val =  162520.0 , CE > PE by 84.3%
SUPP_RES TOTAL OI: CE= 1359740  PE= 737260 , CE > PE by 45.8%
SPOT_SUPP_RES=== 76000  Buffer= 32
SPOT CEoich val =  248620.0  PEoich val =  365180.0 , CE < PE by 31.9%
SPOT_SUPP_RES TOTAL OI: CE= 314600  PE= 836000 , CE < PE by 62.4%
OI_SUPP_RES: spot=76205.68 ATM=76200 (ATM_CE_OI=421440 ATM_PE_OI=714120) | SUPPORT=76000PE OI=836000 (dist=-200) | RESISTANCE=76500CE OI=1359740 (dist=300)
OI_SUPPORT=== 76000
OI_SUPPORT CEoich val = 248620.0  PEoich val = 365180.0 , CE < PE by 31.9%
OI_SUPPORT TOTAL OI: CE= 314600  PE= 836000 , CE < PE by 62.4%
OI_RESISTANCE=== 76500
OI_RESISTANCE CEoich val = 1032380.0  PEoich val = 162520.0 , CE > PE by 84.3%
OI_RESISTANCE TOTAL OI: CE= 1359740  PE= 737260 , CE > PE by 45.8%
IS_MORNING_WINDOW= False  (active 9:15-9:48 IST)
================================================
==== signal check time ==== 2026-09-07 10:48:00.771527
IS_CHOI_DIFF_GT_25PERC== True
RSI_VAL1== 40.63
RSI_VAL2== 40.63
FUT_3m_OHLC O= 76702.9  H= 76702.9  L= 76702.9  C= 76702.9  Range= 0.0
CHART_PATTERN_DETECTED: DOUBLE_TOP_FORMING | DOUBLE_BOTTOM_FORMING
  PATTERN_CONTEXT: Body= 0.0  Range= 0.0  ExpectedRange= 64.0  RangeRatio= 0.0  O= 76702.9  H= 76702.9  L= 76702.9  C= 76702.9
recent two = [np.float64(6.82), np.float64(6.89)]
newSynthFut =  76700
ATMStrike =  76200
AVG_OIPCR= 0.39
avgoiPCROld=  6.89
SUPP_RES = 76500
FUT LTP = 76702.9
CEchoi  PechOi = 1032380.0    162520.0
====================================
AVG_VOLPCR= 1.12
atmPCR= 0.35  belowATM  0.54
atmVolPCR= 0.88  belowATM  1.19
True   76702.9   76500   False   False   40.63
India VIX = 11.25  Spot Price = 76192.64
IV Regime = NORMAL (ADAPTIVE: P25= 11.03  P50= 11.29  P75= 11.38 ) | DailyRange = 1224.5 | 3minCandleRange = 64.4 (theoretical= 107.4 ) | ATMoptionMove = 29.0 | SL = 101 | Target = 101 | TrailTrigger = 29 | Spread = 300 | Buffer = 32
IV Params refreshed: {'vix': 11.25, 'bn_price': 76192.64, 'regime': 'NORMAL', 'regime_thresholds': 'P25=11.03 P50=11.29 P75=11.38', 'daily_range': 1224.5, 'candle_range': 64.4, 'atm_option_move': 29.0, 'sl_point': 101, 'target_point': 101, 'sl_pct_of_premium': 0.1, 'trail_trigger': 29, 'spread_width': 300, 'support_resistance_buffer': 32}
===
====after 3 min ochain==== 2026-09-07 10:51:00.024723
                                    oipcr   choipcr   CE_OI / PE_OI (same strike)
pcr1 =  BSE:SENSEX2691077000CE   0.35   -0.02 CALL added 540760   PUT unwind -11500  CE_OI=1277660 PE_OI=452480
pcr2 =  BSE:SENSEX2691076900PE   0.24   -0.32 CALL added 158240   PUT unwind -50460  CE_OI=410400 PE_OI=99260
pcr3 =  BSE:SENSEX2691076800PE   0.27   -0.3 CALL added 269200   PUT unwind -80940  CE_OI=575200 PE_OI=154580
pcr4 =  BSE:SENSEX2691076700CE   0.28   -0.48 CALL added 323600   PUT unwind -155820  CE_OI=754100 PE_OI=211540
pcr5 =  BSE:SENSEX2691076600CE   0.34   -0.5 CALL added 314280   PUT unwind -158480  CE_OI=682980 PE_OI=231520
pcr6 =  BSE:SENSEX2691076500CE   0.54    0.16 CALL added 1047620   PUT added 166440  CE_OI=1374980 PE_OI=741180
pcr7 =  BSE:SENSEX2691076400PE   0.62   0.42 CALL added 778580   PUT added 330640  CE_OI=829120 PE_OI=517680
pcr8 =  BSE:SENSEX2691076300CE   0.8   0.58 CALL added 873320   PUT added 504640  CE_OI=910900 PE_OI=726680
pcr9 =  BSE:SENSEX2691076200PE   1.59   0.92 CALL added 416220   PUT added 384360  CE_OI=447860 PE_OI=710700
pcr10 =  BSE:SENSEX2691076100PE   1.58   1.05 CALL added 229840   PUT added 240280  CE_OI=249320 PE_OI=393840
pcr11 =  BSE:SENSEX2691076000PE   2.5   1.3 CALL added 255600   PUT added 332720  CE_OI=321580 PE_OI=803540
pcr12 =  BSE:SENSEX2691075900PE   8.47   7.4 CALL added 30940   PUT added 229060  CE_OI=38360 PE_OI=324720
pcr13 =  BSE:SENSEX2691075800PE   5.38   2.84 CALL added 33600   PUT added 95320  CE_OI=38140 PE_OI=205380
pcr14 =  BSE:SENSEX2691075700CE   13.28   8.85 CALL added 9040   PUT added 80020  CE_OI=12480 PE_OI=165740
pcr15 =  BSE:SENSEX2691075600CE   15.86   8.1 CALL added 8700   PUT added 70500  CE_OI=12540 PE_OI=198920
pcr16 =  BSE:SENSEX2691075500CE   12.3   9.19 CALL added 21120   PUT added 194080  CE_OI=46740 PE_OI=574820
pcr17 =  BSE:SENSEX2691075400CE   46.93   41.22 CALL added 3580   PUT added 147580  CE_OI=5920 PE_OI=277820
PCRSUM== 111.33
pcrSummation== 3.44
VOLPCRSUM== 10.07
spotLTP =  76194.07  ATM_STRIKE =  76200
IS_ATM_STRIKE_SHIFT = False  mapStrike = {76200: 76200}
avgOiPcrList2 = [np.float64(6.82), np.float64(6.89), np.float64(6.55)] atmStrikeNotShiftedCount= 13
False   13   3
SUPP_RES=== 76500  Buffer= 32
ANCHOR_COMPARE: spot=76194.07 fut=76655.0 basis(fut-spot)=460.93 | SR_future=76500 SR_spot=76000 SR_diff=500 | PCRwin_future=76700 PCRwin_spot=76200
CEoich val =  1047620.0  PEoich val =  166440.0 , CE > PE by 84.1%
SUPP_RES TOTAL OI: CE= 1374980  PE= 741180 , CE > PE by 46.1%
SPOT_SUPP_RES=== 76000  Buffer= 32
SPOT CEoich val =  255600.0  PEoich val =  332720.0 , CE < PE by 23.2%
SPOT_SUPP_RES TOTAL OI: CE= 321580  PE= 803540 , CE < PE by 60.0%
OI_SUPP_RES: spot=76194.07 ATM=76200 (ATM_CE_OI=447860 ATM_PE_OI=710700) | SUPPORT=76000PE OI=803540 (dist=-200) | RESISTANCE=76500CE OI=1374980 (dist=300)
OI_SUPPORT=== 76000
OI_SUPPORT CEoich val = 255600.0  PEoich val = 332720.0 , CE < PE by 23.2%
OI_SUPPORT TOTAL OI: CE= 321580  PE= 803540 , CE < PE by 60.0%
OI_RESISTANCE=== 76500
OI_RESISTANCE CEoich val = 1047620.0  PEoich val = 166440.0 , CE > PE by 84.1%
OI_RESISTANCE TOTAL OI: CE= 1374980  PE= 741180 , CE > PE by 46.1%
IS_MORNING_WINDOW= False  (active 9:15-9:48 IST)
================================================
==== signal check time ==== 2026-09-07 10:51:00.714991
IS_CHOI_DIFF_GT_25PERC== True
RSI_VAL1== 33.17
RSI_VAL2== 33.17
FUT_3m_OHLC O= 76670.0  H= 76670.0  L= 76655.0  C= 76655.0  Range= 15.0
CHART_PATTERN_DETECTED: DOUBLE_TOP_FORMING
  PATTERN_CONTEXT: Body= -15.0  Range= 15.0  ExpectedRange= 64.4  RangeRatio= 0.23  O= 76670.0  H= 76670.0  L= 76655.0  C= 76655.0
recent two = [np.float64(6.89), np.float64(6.55)]
newSynthFut =  76700
ATMStrike =  76200
AVG_OIPCR= 0.38
avgoiPCROld=  6.55
SUPP_RES = 76500
FUT LTP = 76655.0
CEchoi  PechOi = 1047620.0    166440.0
====================================
AVG_VOLPCR= 1.12
atmPCR= 0.34  belowATM  0.54
atmVolPCR= 0.88  belowATM  1.19
True   76655.0   76500   False   False   33.17
India VIX = 11.22  Spot Price = 76178.48
IV Regime = NORMAL (ADAPTIVE: P25= 11.03  P50= 11.29  P75= 11.38 ) | DailyRange = 1221.0 | 3minCandleRange = 64.3 (theoretical= 107.1 ) | ATMoptionMove = 28.9 | SL = 101 | Target = 101 | TrailTrigger = 29 | Spread = 300 | Buffer = 32
IV Params refreshed: {'vix': 11.22, 'bn_price': 76178.48, 'regime': 'NORMAL', 'regime_thresholds': 'P25=11.03 P50=11.29 P75=11.38', 'daily_range': 1221.0, 'candle_range': 64.3, 'atm_option_move': 28.9, 'sl_point': 101, 'target_point': 101, 'sl_pct_of_premium': 0.1, 'trail_trigger': 29, 'spread_width': 300, 'support_resistance_buffer': 32}
===
====after 3 min ochain==== 2026-09-07 10:54:00.024932
                                    oipcr   choipcr   CE_OI / PE_OI (same strike)
pcr1 =  BSE:SENSEX2691077000CE   0.35   -0.02 CALL added 540540   PUT unwind -12420  CE_OI=1277440 PE_OI=451560
pcr2 =  BSE:SENSEX2691076900PE   0.24   -0.32 CALL added 157900   PUT unwind -50280  CE_OI=410060 PE_OI=99440
pcr3 =  BSE:SENSEX2691076800PE   0.27   -0.3 CALL added 268740   PUT unwind -81140  CE_OI=574740 PE_OI=154380
pcr4 =  BSE:SENSEX2691076700CE   0.28   -0.48 CALL added 322660   PUT unwind -154960  CE_OI=753160 PE_OI=212400
pcr5 =  BSE:SENSEX2691076600CE   0.33   -0.52 CALL added 313980   PUT unwind -162720  CE_OI=682680 PE_OI=227280
pcr6 =  BSE:SENSEX2691076500CE   0.53    0.15 CALL added 1064220   PUT added 163140  CE_OI=1391580 PE_OI=737880
pcr7 =  BSE:SENSEX2691076400PE   0.61   0.42 CALL added 785360   PUT added 326160  CE_OI=835900 PE_OI=513200
pcr8 =  BSE:SENSEX2691076300CE   0.79   0.57 CALL added 872580   PUT added 500040  CE_OI=910160 PE_OI=722080
pcr9 =  BSE:SENSEX2691076200PE   1.53   0.88 CALL added 428780   PUT added 376940  CE_OI=460420 PE_OI=703280
pcr10 =  BSE:SENSEX2691076100PE   1.57   1.04 CALL added 233960   PUT added 244480  CE_OI=253440 PE_OI=398040
pcr11 =  BSE:SENSEX2691076000PE   2.44   1.25 CALL added 258600   PUT added 322720  CE_OI=324580 PE_OI=793540
pcr12 =  BSE:SENSEX2691075900PE   8.42   7.35 CALL added 31080   PUT added 228420  CE_OI=38500 PE_OI=324080
pcr13 =  BSE:SENSEX2691075800PE   5.36   2.85 CALL added 34200   PUT added 97520  CE_OI=38740 PE_OI=207580
pcr14 =  BSE:SENSEX2691075700CE   12.78   8.37 CALL added 9460   PUT added 79200  CE_OI=12900 PE_OI=164920
pcr15 =  BSE:SENSEX2691075600CE   15.61   7.76 CALL added 8720   PUT added 67660  CE_OI=12560 PE_OI=196080
pcr16 =  BSE:SENSEX2691075500CE   12.26   9.13 CALL added 21320   PUT added 194700  CE_OI=46940 PE_OI=575440
pcr17 =  BSE:SENSEX2691075400CE   46.21   40.2 CALL added 3680   PUT added 147920  CE_OI=6020 PE_OI=278160
PCRSUM== 109.58
pcrSummation== 3.4
VOLPCRSUM== 10.07
spotLTP =  76178.48  ATM_STRIKE =  76200
IS_ATM_STRIKE_SHIFT = False  mapStrike = {76200: 76200}
avgOiPcrList2 = [np.float64(6.89), np.float64(6.55), np.float64(6.45)] atmStrikeNotShiftedCount= 14
False   14   3
SUPP_RES=== 76500  Buffer= 32
ANCHOR_COMPARE: spot=76178.48 fut=76650.1 basis(fut-spot)=471.62 | SR_future=76500 SR_spot=76000 SR_diff=500 | PCRwin_future=76700 PCRwin_spot=76200
CEoich val =  1064220.0  PEoich val =  163140.0 , CE > PE by 84.7%
SUPP_RES TOTAL OI: CE= 1391580  PE= 737880 , CE > PE by 47.0%
SPOT_SUPP_RES=== 76000  Buffer= 32
SPOT CEoich val =  258600.0  PEoich val =  322720.0 , CE < PE by 19.9%
SPOT_SUPP_RES TOTAL OI: CE= 324580  PE= 793540 , CE < PE by 59.1%
OI_SUPP_RES: spot=76178.48 ATM=76200 (ATM_CE_OI=460420 ATM_PE_OI=703280) | SUPPORT=76000PE OI=793540 (dist=-200) | RESISTANCE=76500CE OI=1391580 (dist=300)
OI_SUPPORT=== 76000
OI_SUPPORT CEoich val = 258600.0  PEoich val = 322720.0 , CE < PE by 19.9%
OI_SUPPORT TOTAL OI: CE= 324580  PE= 793540 , CE < PE by 59.1%
OI_RESISTANCE=== 76500
OI_RESISTANCE CEoich val = 1064220.0  PEoich val = 163140.0 , CE > PE by 84.7%
OI_RESISTANCE TOTAL OI: CE= 1391580  PE= 737880 , CE > PE by 47.0%
IS_MORNING_WINDOW= False  (active 9:15-9:48 IST)
================================================
==== signal check time ==== 2026-09-07 10:54:00.712013
IS_CHOI_DIFF_GT_25PERC== True
RSI_VAL1== 32.52
RSI_VAL2== 32.52
FUT_3m_OHLC O= 76673.1  H= 76673.1  L= 76650.1  C= 76650.1  Range= 23.0
CHART_PATTERN_DETECTED: OUTSIDE_BAR | DOUBLE_BOTTOM_FORMING
  PATTERN_CONTEXT: Body= -23.0  Range= 23.0  ExpectedRange= 64.3  RangeRatio= 0.36  O= 76673.1  H= 76673.1  L= 76650.1  C= 76650.1
isPcrDecr = True
newSynthFut =  76700
ATMStrike =  76200
AVG_OIPCR= 0.38
avgoiPCROld=  6.45
SUPP_RES = 76500
FUT LTP = 76650.1
CEchoi  PechOi = 1064220.0    163140.0
====================================
AVG_VOLPCR= 1.12
atmPCR= 0.33  belowATM  0.53
atmVolPCR= 0.88  belowATM  1.18
True   76650.1   76500   False   True   32.52
no trade yet = [np.float64(6.89), np.float64(6.55), np.float64(6.45)]
India VIX = 11.21  Spot Price = 76179.46
IV Regime = NORMAL (ADAPTIVE: P25= 11.03  P50= 11.29  P75= 11.38 ) | DailyRange = 1220.0 | 3minCandleRange = 64.2 (theoretical= 107.0 ) | ATMoptionMove = 28.9 | SL = 101 | Target = 101 | TrailTrigger = 29 | Spread = 300 | Buffer = 32
IV Params refreshed: {'vix': 11.21, 'bn_price': 76179.46, 'regime': 'NORMAL', 'regime_thresholds': 'P25=11.03 P50=11.29 P75=11.38', 'daily_range': 1220.0, 'candle_range': 64.2, 'atm_option_move': 28.9, 'sl_point': 101, 'target_point': 101, 'sl_pct_of_premium': 0.1, 'trail_trigger': 29, 'spread_width': 300, 'support_resistance_buffer': 32}
===
====after 3 min ochain==== 2026-09-07 10:57:00.026828
                                    oipcr   choipcr   CE_OI / PE_OI (same strike)
pcr1 =  BSE:SENSEX2691077000CE   0.35   -0.03 CALL added 541700   PUT unwind -14900  CE_OI=1278600 PE_OI=449080
pcr2 =  BSE:SENSEX2691076900PE   0.24   -0.32 CALL added 161040   PUT unwind -50740  CE_OI=413200 PE_OI=98980
pcr3 =  BSE:SENSEX2691076800PE   0.27   -0.3 CALL added 270860   PUT unwind -81920  CE_OI=576860 PE_OI=153600
pcr4 =  BSE:SENSEX2691076700CE   0.28   -0.49 CALL added 327340   PUT unwind -158760  CE_OI=757840 PE_OI=208600
pcr5 =  BSE:SENSEX2691076600CE   0.33   -0.51 CALL added 318880   PUT unwind -163080  CE_OI=687580 PE_OI=226920
pcr6 =  BSE:SENSEX2691076500CE   0.51    0.14 CALL added 1083960   PUT added 149880  CE_OI=1411320 PE_OI=724620
pcr7 =  BSE:SENSEX2691076400PE   0.61   0.41 CALL added 784300   PUT added 321520  CE_OI=834840 PE_OI=508560
pcr8 =  BSE:SENSEX2691076300CE   0.76   0.54 CALL added 887760   PUT added 478060  CE_OI=925340 PE_OI=700100
pcr9 =  BSE:SENSEX2691076200PE   1.45   0.82 CALL added 446740   PUT added 368480  CE_OI=478380 PE_OI=694820
pcr10 =  BSE:SENSEX2691076100PE   1.48   0.97 CALL added 243240   PUT added 236440  CE_OI=262720 PE_OI=390000
pcr11 =  BSE:SENSEX2691076000PE   2.41   1.23 CALL added 265060   PUT added 326060  CE_OI=331040 PE_OI=796880
pcr12 =  BSE:SENSEX2691075900PE   8.01   6.88 CALL added 31920   PUT added 219520  CE_OI=39340 PE_OI=315180
pcr13 =  BSE:SENSEX2691075800PE   4.93   2.49 CALL added 35880   PUT added 89280  CE_OI=40420 PE_OI=199340
pcr14 =  BSE:SENSEX2691075700CE   12.2   7.82 CALL added 10000   PUT added 78240  CE_OI=13440 PE_OI=163960
pcr15 =  BSE:SENSEX2691075600CE   14.52   6.29 CALL added 8820   PUT added 55440  CE_OI=12660 PE_OI=183860
pcr16 =  BSE:SENSEX2691075500CE   12.13   8.91 CALL added 21700   PUT added 193400  CE_OI=47320 PE_OI=574140
pcr17 =  BSE:SENSEX2691075400CE   44.53   37.53 CALL added 3720   PUT added 139620  CE_OI=6060 PE_OI=269860
PCRSUM== 105.01
pcrSummation== 4.8
VOLPCRSUM== 10.009999999999998
spotLTP =  76179.46  ATM_STRIKE =  76200
IS_ATM_STRIKE_SHIFT = False  mapStrike = {76200: 76200}
avgOiPcrList2 = [np.float64(6.55), np.float64(6.45), np.float64(6.18)] atmStrikeNotShiftedCount= 15
False   15   3
SUPP_RES=== 76500  Buffer= 32
ANCHOR_COMPARE: spot=76179.46 fut=76650.0 basis(fut-spot)=470.54 | SR_future=76500 SR_spot=76000 SR_diff=500 | PCRwin_future=76600 PCRwin_spot=76200
CEoich val =  1083960.0  PEoich val =  149880.0 , CE > PE by 86.2%
SUPP_RES TOTAL OI: CE= 1411320  PE= 724620 , CE > PE by 48.7%
SPOT_SUPP_RES=== 76000  Buffer= 32
SPOT CEoich val =  265060.0  PEoich val =  326060.0 , CE < PE by 18.7%
SPOT_SUPP_RES TOTAL OI: CE= 331040  PE= 796880 , CE < PE by 58.5%
OI_SUPP_RES: spot=76179.46 ATM=76200 (ATM_CE_OI=478380 ATM_PE_OI=694820) | SUPPORT=76000PE OI=796880 (dist=-200) | RESISTANCE=76500CE OI=1411320 (dist=300)
OI_SUPPORT=== 76000
OI_SUPPORT CEoich val = 265060.0  PEoich val = 326060.0 , CE < PE by 18.7%
OI_SUPPORT TOTAL OI: CE= 331040  PE= 796880 , CE < PE by 58.5%
OI_RESISTANCE=== 76500
OI_RESISTANCE CEoich val = 1083960.0  PEoich val = 149880.0 , CE > PE by 86.2%
OI_RESISTANCE TOTAL OI: CE= 1411320  PE= 724620 , CE > PE by 48.7%
IS_MORNING_WINDOW= False  (active 9:15-9:48 IST)
================================================
==== signal check time ==== 2026-09-07 10:57:00.753371
IS_CHOI_DIFF_GT_25PERC== True
RSI_VAL1== 32.5
RSI_VAL2== 32.5
FUT_3m_OHLC O= 76650.0  H= 76650.0  L= 76650.0  C= 76650.0  Range= 0.0
CHART_PATTERN_DETECTED: DOUBLE_BOTTOM_FORMING
  PATTERN_CONTEXT: Body= 0.0  Range= 0.0  ExpectedRange= 64.2  RangeRatio= 0.0  O= 76650.0  H= 76650.0  L= 76650.0  C= 76650.0
isPcrDecr = True
newSynthFut =  76600
ATMStrike =  76200
AVG_OIPCR= 0.53
avgoiPCROld=  6.18
SUPP_RES = 76500
FUT LTP = 76650.0
CEchoi  PechOi = 1083960.0    149880.0
====================================
AVG_VOLPCR= 1.11
atmPCR= 0.33  belowATM  0.51
atmVolPCR= 0.88  belowATM  1.18
True   76650.0   76500   False   True   32.5
no trade yet = [np.float64(6.55), np.float64(6.45), np.float64(6.18)]
India VIX = 11.19  Spot Price = 76161.58
IV Regime = NORMAL (ADAPTIVE: P25= 11.03  P50= 11.29  P75= 11.38 ) | DailyRange = 1217.5 | 3minCandleRange = 64.1 (theoretical= 106.8 ) | ATMoptionMove = 28.8 | SL = 101 | Target = 101 | TrailTrigger = 29 | Spread = 300 | Buffer = 32
IV Params refreshed: {'vix': 11.19, 'bn_price': 76161.58, 'regime': 'NORMAL', 'regime_thresholds': 'P25=11.03 P50=11.29 P75=11.38', 'daily_range': 1217.5, 'candle_range': 64.1, 'atm_option_move': 28.8, 'sl_point': 101, 'target_point': 101, 'sl_pct_of_premium': 0.1, 'trail_trigger': 29, 'spread_width': 300, 'support_resistance_buffer': 32}
===
====after 3 min ochain==== 2026-09-07 11:00:00.037878
                                    oipcr   choipcr   CE_OI / PE_OI (same strike)
pcr1 =  BSE:SENSEX2691077000CE   0.35   -0.03 CALL added 549380   PUT unwind -14840  CE_OI=1286280 PE_OI=449140
pcr2 =  BSE:SENSEX2691076900PE   0.24   -0.31 CALL added 161320   PUT unwind -50200  CE_OI=413480 PE_OI=99520
pcr3 =  BSE:SENSEX2691076800PE   0.27   -0.3 CALL added 269940   PUT unwind -81320  CE_OI=575940 PE_OI=154200
pcr4 =  BSE:SENSEX2691076700CE   0.28   -0.48 CALL added 328480   PUT unwind -158260  CE_OI=758980 PE_OI=209100
pcr5 =  BSE:SENSEX2691076600CE   0.33   -0.51 CALL added 320580   PUT unwind -162720  CE_OI=689280 PE_OI=227280
pcr6 =  BSE:SENSEX2691076500CE   0.51    0.14 CALL added 1092900   PUT added 148060  CE_OI=1420260 PE_OI=722800
pcr7 =  BSE:SENSEX2691076400PE   0.61   0.41 CALL added 789020   PUT added 325020  CE_OI=839560 PE_OI=512060
pcr8 =  BSE:SENSEX2691076300CE   0.75   0.54 CALL added 899440   PUT added 481320  CE_OI=937020 PE_OI=703360
pcr9 =  BSE:SENSEX2691076200PE   1.46   0.85 CALL added 459420   PUT added 388400  CE_OI=491060 PE_OI=714740
pcr10 =  BSE:SENSEX2691076100PE   1.51   1.01 CALL added 248960   PUT added 250660  CE_OI=268440 PE_OI=404220
pcr11 =  BSE:SENSEX2691076000PE   2.3   1.14 CALL added 276140   PUT added 315660  CE_OI=342120 PE_OI=786480
pcr12 =  BSE:SENSEX2691075900PE   7.75   6.61 CALL added 33420   PUT added 221020  CE_OI=40840 PE_OI=316680
pcr13 =  BSE:SENSEX2691075800PE   4.89   2.5 CALL added 36660   PUT added 91480  CE_OI=41200 PE_OI=201540
pcr14 =  BSE:SENSEX2691075700CE   12.44   8.17 CALL added 10060   PUT added 82160  CE_OI=13500 PE_OI=167880
pcr15 =  BSE:SENSEX2691075600CE   14.93   7.1 CALL added 9080   PUT added 64440  CE_OI=12920 PE_OI=192860
pcr16 =  BSE:SENSEX2691075500CE   12.22   9.11 CALL added 21760   PUT added 198200  CE_OI=47380 PE_OI=578940
pcr17 =  BSE:SENSEX2691075400CE   44.44   37.38 CALL added 3720   PUT added 139040  CE_OI=6060 PE_OI=269280
PCRSUM== 105.28
pcrSummation== 4.8
VOLPCRSUM== 9.969999999999999
spotLTP =  76161.58  ATM_STRIKE =  76200
IS_ATM_STRIKE_SHIFT = False  mapStrike = {76200: 76200}
avgOiPcrList2 = [np.float64(6.45), np.float64(6.18), np.float64(6.19)] atmStrikeNotShiftedCount= 16
False   16   3
SUPP_RES=== 76500  Buffer= 32
ANCHOR_COMPARE: spot=76161.58 fut=76650.0 basis(fut-spot)=488.42 | SR_future=76500 SR_spot=76000 SR_diff=500 | PCRwin_future=76600 PCRwin_spot=76200
CEoich val =  1092900.0  PEoich val =  148060.0 , CE > PE by 86.5%
SUPP_RES TOTAL OI: CE= 1420260  PE= 722800 , CE > PE by 49.1%
SPOT_SUPP_RES=== 76000  Buffer= 32
SPOT CEoich val =  276140.0  PEoich val =  315660.0 , CE < PE by 12.5%
SPOT_SUPP_RES TOTAL OI: CE= 342120  PE= 786480 , CE < PE by 56.5%
OI_SUPP_RES: spot=76161.58 ATM=76200 (ATM_CE_OI=491060 ATM_PE_OI=714740) | SUPPORT=76000PE OI=786480 (dist=-200) | RESISTANCE=76500CE OI=1420260 (dist=300)
OI_SUPPORT=== 76000
OI_SUPPORT CEoich val = 276140.0  PEoich val = 315660.0 , CE < PE by 12.5%
OI_SUPPORT TOTAL OI: CE= 342120  PE= 786480 , CE < PE by 56.5%
OI_RESISTANCE=== 76500
OI_RESISTANCE CEoich val = 1092900.0  PEoich val = 148060.0 , CE > PE by 86.5%
OI_RESISTANCE TOTAL OI: CE= 1420260  PE= 722800 , CE > PE by 49.1%
IS_MORNING_WINDOW= False  (active 9:15-9:48 IST)
================================================
==== signal check time ==== 2026-09-07 11:00:00.846293
IS_CHOI_DIFF_GT_25PERC== True
RSI_VAL1== 32.5
RSI_VAL2== 32.5
FUT_3m_OHLC O= 76650.0  H= 76650.0  L= 76650.0  C= 76650.0  Range= 0.0
CHART_PATTERN_DETECTED: INSIDE_BAR | DOUBLE_BOTTOM_FORMING
  PATTERN_CONTEXT: Body= 0.0  Range= 0.0  ExpectedRange= 64.1  RangeRatio= 0.0  O= 76650.0  H= 76650.0  L= 76650.0  C= 76650.0
recent two = [np.float64(6.18), np.float64(6.19)]
newSynthFut =  76600
ATMStrike =  76200
AVG_OIPCR= 0.53
avgoiPCROld=  6.19
SUPP_RES = 76500
FUT LTP = 76650.0
CEchoi  PechOi = 1092900.0    148060.0
====================================
AVG_VOLPCR= 1.11
atmPCR= 0.33  belowATM  0.51
atmVolPCR= 0.88  belowATM  1.17
True   76650.0   76500   False   False   32.5
India VIX = 11.2  Spot Price = 76145.16
IV Regime = NORMAL (ADAPTIVE: P25= 11.03  P50= 11.29  P75= 11.38 ) | DailyRange = 1218.3 | 3minCandleRange = 64.1 (theoretical= 106.9 ) | ATMoptionMove = 28.9 | SL = 101 | Target = 101 | TrailTrigger = 29 | Spread = 300 | Buffer = 32
IV Params refreshed: {'vix': 11.2, 'bn_price': 76145.16, 'regime': 'NORMAL', 'regime_thresholds': 'P25=11.03 P50=11.29 P75=11.38', 'daily_range': 1218.3, 'candle_range': 64.1, 'atm_option_move': 28.9, 'sl_point': 101, 'target_point': 101, 'sl_pct_of_premium': 0.1, 'trail_trigger': 29, 'spread_width': 300, 'support_resistance_buffer': 32}
===
====after 3 min ochain==== 2026-09-07 11:03:00.031835
                                    oipcr   choipcr   CE_OI / PE_OI (same strike)
pcr1 =  BSE:SENSEX2691076900PE   0.24   -0.31 CALL added 163300   PUT unwind -50440  CE_OI=415460 PE_OI=99280
pcr2 =  BSE:SENSEX2691076800PE   0.27   -0.3 CALL added 272660   PUT unwind -81360  CE_OI=578660 PE_OI=154160
pcr3 =  BSE:SENSEX2691076700CE   0.27   -0.48 CALL added 330420   PUT unwind -158840  CE_OI=760920 PE_OI=208520
pcr4 =  BSE:SENSEX2691076600CE   0.33   -0.51 CALL added 321640   PUT unwind -163140  CE_OI=690340 PE_OI=226860
pcr5 =  BSE:SENSEX2691076500CE   0.5   0.12 CALL added 1097960   PUT added 133700  CE_OI=1425320 PE_OI=708440
pcr6 =  BSE:SENSEX2691076400PE   0.6    0.41 CALL added 795900   PUT added 323400  CE_OI=846440 PE_OI=510440
pcr7 =  BSE:SENSEX2691076300CE   0.76   0.55 CALL added 904460   PUT added 493220  CE_OI=942040 PE_OI=715260
pcr8 =  BSE:SENSEX2691076200PE   1.46   0.86 CALL added 469480   PUT added 404180  CE_OI=501120 PE_OI=730520
pcr9 =  BSE:SENSEX2691076100PE   1.49   1.01 CALL added 256700   PUT added 258840  CE_OI=276180 PE_OI=412400
pcr10 =  BSE:SENSEX2691076000PE   2.34   1.19 CALL added 274520   PUT added 326040  CE_OI=340500 PE_OI=796860
pcr11 =  BSE:SENSEX2691075900PE   7.08   5.93 CALL added 37660   PUT added 223460  CE_OI=45080 PE_OI=319120
pcr12 =  BSE:SENSEX2691075800PE   4.89   2.52 CALL added 37040   PUT added 93320  CE_OI=41580 PE_OI=203380
pcr13 =  BSE:SENSEX2691075700CE   12.3   7.99 CALL added 10080   PUT added 80560  CE_OI=13520 PE_OI=166280
pcr14 =  BSE:SENSEX2691075600CE   14.01   5.97 CALL added 9280   PUT added 55420  CE_OI=13120 PE_OI=183840
pcr15 =  BSE:SENSEX2691075500CE   12.37   9.4 CALL added 21580   PUT added 202920  CE_OI=47200 PE_OI=583660
pcr16 =  BSE:SENSEX2691075400CE   44.47   37.44 CALL added 3720   PUT added 139260  CE_OI=6060 PE_OI=269500
pcr17 =  BSE:SENSEX2691075300PE   37.64   5.88 CALL added 1920   PUT added 11280  CE_OI=4820 PE_OI=181420
PCRSUM== 141.02
pcrSummation== 4.43
VOLPCRSUM== 13.13
spotLTP =  76145.16  ATM_STRIKE =  76100
IS_ATM_STRIKE_SHIFT = True  mapStrike = {76100: 76100}
avgOiPcrList2 = [np.float64(8.3)] atmStrikeNotShiftedCount= 1
True   1   1
SUPP_RES=== 76500  Buffer= 32
ANCHOR_COMPARE: spot=76145.16 fut=76650.0 basis(fut-spot)=504.84 | SR_future=76500 SR_spot=76000 SR_diff=500 | PCRwin_future=76600 PCRwin_spot=76100
CEoich val =  1097960.0  PEoich val =  133700.0 , CE > PE by 87.8%
SUPP_RES TOTAL OI: CE= 1425320  PE= 708440 , CE > PE by 50.3%
SPOT_SUPP_RES=== 76000  Buffer= 32
SPOT CEoich val =  274520.0  PEoich val =  326040.0 , CE < PE by 15.8%
SPOT_SUPP_RES TOTAL OI: CE= 340500  PE= 796860 , CE < PE by 57.3%
OI_SUPP_RES: spot=76145.16 ATM=76100 (ATM_CE_OI=276180 ATM_PE_OI=412400) | SUPPORT=76000PE OI=796860 (dist=-100) | RESISTANCE=76500CE OI=1425320 (dist=400)
OI_SUPPORT=== 76000
OI_SUPPORT CEoich val = 274520.0  PEoich val = 326040.0 , CE < PE by 15.8%
OI_SUPPORT TOTAL OI: CE= 340500  PE= 796860 , CE < PE by 57.3%
OI_RESISTANCE=== 76500
OI_RESISTANCE CEoich val = 1097960.0  PEoich val = 133700.0 , CE > PE by 87.8%
OI_RESISTANCE TOTAL OI: CE= 1425320  PE= 708440 , CE > PE by 50.3%
IS_MORNING_WINDOW= False  (active 9:15-9:48 IST)
================================================
==== signal check time ==== 2026-09-07 11:03:00.713306
IS_CHOI_DIFF_GT_25PERC== True
RSI_VAL1== 32.5
RSI_VAL2== 32.5
FUT_3m_OHLC O= 76650.0  H= 76650.0  L= 76650.0  C= 76650.0  Range= 0.0
CHART_PATTERN_DETECTED: INSIDE_BAR | DOUBLE_BOTTOM_FORMING
  PATTERN_CONTEXT: Body= 0.0  Range= 0.0  ExpectedRange= 64.1  RangeRatio= 0.0  O= 76650.0  H= 76650.0  L= 76650.0  C= 76650.0
newSynthFut =  76600
ATMStrike =  76100
AVG_OIPCR= 0.49
avgoiPCROld=  8.3
SUPP_RES = 76500
FUT LTP = 76650.0
CEchoi  PechOi = 1097960.0    133700.0
====================================
AVG_VOLPCR= 1.46
atmPCR= 0.5  belowATM  0.6
atmVolPCR= 1.16  belowATM  1.47
True   76650.0   76500   False   False   32.5
India VIX = 11.29  Spot Price = 76134.16
IV Regime = NORMAL (ADAPTIVE: P25= 11.03  P50= 11.29  P75= 11.38 ) | DailyRange = 1227.9 | 3minCandleRange = 64.6 (theoretical= 107.7 ) | ATMoptionMove = 29.1 | SL = 102 | Target = 102 | TrailTrigger = 29 | Spread = 300 | Buffer = 32
IV Params refreshed: {'vix': 11.29, 'bn_price': 76134.16, 'regime': 'NORMAL', 'regime_thresholds': 'P25=11.03 P50=11.29 P75=11.38', 'daily_range': 1227.9, 'candle_range': 64.6, 'atm_option_move': 29.1, 'sl_point': 102, 'target_point': 102, 'sl_pct_of_premium': 0.1, 'trail_trigger': 29, 'spread_width': 300, 'support_resistance_buffer': 32}
===
====after 3 min ochain==== 2026-09-07 11:06:00.024499
                                    oipcr   choipcr   CE_OI / PE_OI (same strike)
pcr1 =  BSE:SENSEX2691076900PE   0.24   -0.32 CALL added 160700   PUT unwind -51460  CE_OI=412860 PE_OI=98260
pcr2 =  BSE:SENSEX2691076800PE   0.26   -0.3 CALL added 276040   PUT unwind -82860  CE_OI=582040 PE_OI=152660
pcr3 =  BSE:SENSEX2691076700CE   0.27   -0.47 CALL added 340020   PUT unwind -160820  CE_OI=770520 PE_OI=206540
pcr4 =  BSE:SENSEX2691076600CE   0.32   -0.53 CALL added 317300   PUT unwind -167500  CE_OI=686000 PE_OI=222500
pcr5 =  BSE:SENSEX2691076500CE   0.49   0.11 CALL added 1096640   PUT added 122680  CE_OI=1424000 PE_OI=697420
pcr6 =  BSE:SENSEX2691076400PE   0.59    0.39 CALL added 800180   PUT added 312040  CE_OI=850720 PE_OI=499080
pcr7 =  BSE:SENSEX2691076300CE   0.74   0.53 CALL added 907920   PUT added 478280  CE_OI=945500 PE_OI=700320
pcr8 =  BSE:SENSEX2691076200PE   1.36   0.76 CALL added 477080   PUT added 363640  CE_OI=508720 PE_OI=689980
pcr9 =  BSE:SENSEX2691076100PE   1.34   0.87 CALL added 267420   PUT added 232080  CE_OI=286900 PE_OI=385640
pcr10 =  BSE:SENSEX2691076000PE   2.14   0.99 CALL added 285920   PUT added 282700  CE_OI=351900 PE_OI=753520
pcr11 =  BSE:SENSEX2691075900PE   6.72   5.54 CALL added 38700   PUT added 214240  CE_OI=46120 PE_OI=309900
pcr12 =  BSE:SENSEX2691075800PE   4.54   2.23 CALL added 38780   PUT added 86540  CE_OI=43320 PE_OI=196600
pcr13 =  BSE:SENSEX2691075700CE   11.97   7.73 CALL added 10500   PUT added 81180  CE_OI=13940 PE_OI=166900
pcr14 =  BSE:SENSEX2691075600CE   12.86   5.03 CALL added 10100   PUT added 50780  CE_OI=13940 PE_OI=179200
pcr15 =  BSE:SENSEX2691075500CE   12.11   8.98 CALL added 22480   PUT added 201960  CE_OI=48100 PE_OI=582700
pcr16 =  BSE:SENSEX2691075400CE   43.89   36.48 CALL added 3720   PUT added 135720  CE_OI=6060 PE_OI=265960
pcr17 =  BSE:SENSEX2691075300PE   30.63   3.71 CALL added 3020   PUT added 11200  CE_OI=5920 PE_OI=181340
PCRSUM== 130.47
pcrSummation== 4.27
VOLPCRSUM== 13.110000000000001
spotLTP =  76137.11  ATM_STRIKE =  76100
IS_ATM_STRIKE_SHIFT = False  mapStrike = {76100: 76100}
avgOiPcrList2 = [np.float64(8.3), np.float64(7.67)] atmStrikeNotShiftedCount= 2
False   2   2
SUPP_RES=== 76500  Buffer= 32
ANCHOR_COMPARE: spot=76137.11 fut=76620.0 basis(fut-spot)=482.89 | SR_future=76500 SR_spot=76000 SR_diff=500 | PCRwin_future=76600 PCRwin_spot=76100
CEoich val =  1096640.0  PEoich val =  122680.0 , CE > PE by 88.8%
SUPP_RES TOTAL OI: CE= 1424000  PE= 697420 , CE > PE by 51.0%
SPOT_SUPP_RES=== 76000  Buffer= 32
SPOT CEoich val =  285920.0  PEoich val =  282700.0 , CE > PE by 1.1%
SPOT_SUPP_RES TOTAL OI: CE= 351900  PE= 753520 , CE < PE by 53.3%
OI_SUPP_RES: spot=76137.11 ATM=76100 (ATM_CE_OI=286900 ATM_PE_OI=385640) | SUPPORT=76000PE OI=753520 (dist=-100) | RESISTANCE=76500CE OI=1424000 (dist=400)
OI_SUPPORT=== 76000
OI_SUPPORT CEoich val = 285920.0  PEoich val = 282700.0 , CE > PE by 1.1%
OI_SUPPORT TOTAL OI: CE= 351900  PE= 753520 , CE < PE by 53.3%
OI_RESISTANCE=== 76500
OI_RESISTANCE CEoich val = 1096640.0  PEoich val = 122680.0 , CE > PE by 88.8%
OI_RESISTANCE TOTAL OI: CE= 1424000  PE= 697420 , CE > PE by 51.0%
IS_MORNING_WINDOW= False  (active 9:15-9:48 IST)
================================================
==== signal check time ==== 2026-09-07 11:06:00.749711
IS_CHOI_DIFF_GT_25PERC== True
RSI_VAL1== 27.94
RSI_VAL2== 27.94
FUT_3m_OHLC O= 76630.0  H= 76630.0  L= 76620.0  C= 76620.0  Range= 10.0
CHART_PATTERN_DETECTED: DOUBLE_TOP_FORMING
  PATTERN_CONTEXT: Body= -10.0  Range= 10.0  ExpectedRange= 64.6  RangeRatio= 0.15  O= 76630.0  H= 76630.0  L= 76620.0  C= 76620.0
newSynthFut =  76600
ATMStrike =  76100
AVG_OIPCR= 0.47
avgoiPCROld=  7.67
SUPP_RES = 76500
FUT LTP = 76620.0
CEchoi  PechOi = 1096640.0    122680.0
====================================
AVG_VOLPCR= 1.46
atmPCR= 0.49  belowATM  0.59
atmVolPCR= 1.16  belowATM  1.48
True   76620.0   76500   False   False   27.94
India VIX = 11.29  Spot Price = 76113.25
IV Regime = NORMAL (ADAPTIVE: P25= 11.03  P50= 11.29  P75= 11.38 ) | DailyRange = 1227.6 | 3minCandleRange = 64.6 (theoretical= 107.7 ) | ATMoptionMove = 29.1 | SL = 102 | Target = 102 | TrailTrigger = 29 | Spread = 300 | Buffer = 32
IV Params refreshed: {'vix': 11.29, 'bn_price': 76113.25, 'regime': 'NORMAL', 'regime_thresholds': 'P25=11.03 P50=11.29 P75=11.38', 'daily_range': 1227.6, 'candle_range': 64.6, 'atm_option_move': 29.1, 'sl_point': 102, 'target_point': 102, 'sl_pct_of_premium': 0.1, 'trail_trigger': 29, 'spread_width': 300, 'support_resistance_buffer': 32}
===
====after 3 min ochain==== 2026-09-07 11:09:00.025256
                                    oipcr   choipcr   CE_OI / PE_OI (same strike)
pcr1 =  BSE:SENSEX2691076900PE   0.24   -0.32 CALL added 159780   PUT unwind -50940  CE_OI=411940 PE_OI=98780
pcr2 =  BSE:SENSEX2691076800PE   0.26   -0.3 CALL added 276800   PUT unwind -83480  CE_OI=582800 PE_OI=152040
pcr3 =  BSE:SENSEX2691076700CE   0.27   -0.48 CALL added 337500   PUT unwind -161900  CE_OI=768000 PE_OI=205460
pcr4 =  BSE:SENSEX2691076600CE   0.32   -0.54 CALL added 315620   PUT unwind -170520  CE_OI=684320 PE_OI=219480
pcr5 =  BSE:SENSEX2691076500CE   0.48   0.1 CALL added 1109260   PUT added 113480  CE_OI=1436620 PE_OI=688220
pcr6 =  BSE:SENSEX2691076400PE   0.57    0.37 CALL added 804420   PUT added 297120  CE_OI=854960 PE_OI=484160
pcr7 =  BSE:SENSEX2691076300CE   0.7   0.49 CALL added 920680   PUT added 449560  CE_OI=958260 PE_OI=671600
pcr8 =  BSE:SENSEX2691076200PE   1.29   0.72 CALL added 498760   PUT added 358640  CE_OI=530400 PE_OI=684980
pcr9 =  BSE:SENSEX2691076100PE   1.29   0.84 CALL added 282920   PUT added 236940  CE_OI=302400 PE_OI=390500
pcr10 =  BSE:SENSEX2691076000PE   2.02   0.91 CALL added 304500   PUT added 277240  CE_OI=370480 PE_OI=748060
pcr11 =  BSE:SENSEX2691075900PE   6.55   5.41 CALL added 41400   PUT added 224100  CE_OI=48820 PE_OI=319760
pcr12 =  BSE:SENSEX2691075800PE   4.45   2.28 CALL added 41340   PUT added 94180  CE_OI=45880 PE_OI=204240
pcr13 =  BSE:SENSEX2691075700CE   10.6   6.17 CALL added 11120   PUT added 68600  CE_OI=14560 PE_OI=154320
pcr14 =  BSE:SENSEX2691075600CE   12.49   4.84 CALL added 10520   PUT added 50880  CE_OI=14360 PE_OI=179300
pcr15 =  BSE:SENSEX2691075500CE   11.54   7.87 CALL added 23240   PUT added 183000  CE_OI=48860 PE_OI=563740
pcr16 =  BSE:SENSEX2691075400CE   42.71   34.94 CALL added 3900   PUT added 136260  CE_OI=6240 PE_OI=266500
pcr17 =  BSE:SENSEX2691075300PE   28.75   2.77 CALL added 3340   PUT added 9260  CE_OI=6240 PE_OI=179400
PCRSUM== 124.53
pcrSummation== 4.13
VOLPCRSUM== 13.21
spotLTP =  76113.43  ATM_STRIKE =  76100
IS_ATM_STRIKE_SHIFT = False  mapStrike = {76100: 76100}
avgOiPcrList2 = [np.float64(8.3), np.float64(7.67), np.float64(7.33)] atmStrikeNotShiftedCount= 3
False   3   3
SUPP_RES=== 76500  Buffer= 32
ANCHOR_COMPARE: spot=76113.43 fut=76608.0 basis(fut-spot)=494.57 | SR_future=76500 SR_spot=76000 SR_diff=500 | PCRwin_future=76600 PCRwin_spot=76100
CEoich val =  1109260.0  PEoich val =  113480.0 , CE > PE by 89.8%
SUPP_RES TOTAL OI: CE= 1436620  PE= 688220 , CE > PE by 52.1%
SPOT_SUPP_RES=== 76000  Buffer= 32
SPOT CEoich val =  304500.0  PEoich val =  277240.0 , CE > PE by 9.0%
SPOT_SUPP_RES TOTAL OI: CE= 370480  PE= 748060 , CE < PE by 50.5%
OI_SUPP_RES: spot=76113.43 ATM=76100 (ATM_CE_OI=302400 ATM_PE_OI=390500) | SUPPORT=76000PE OI=748060 (dist=-100) | RESISTANCE=76500CE OI=1436620 (dist=400)
OI_SUPPORT=== 76000
OI_SUPPORT CEoich val = 304500.0  PEoich val = 277240.0 , CE > PE by 9.0%
OI_SUPPORT TOTAL OI: CE= 370480  PE= 748060 , CE < PE by 50.5%
OI_RESISTANCE=== 76500
OI_RESISTANCE CEoich val = 1109260.0  PEoich val = 113480.0 , CE > PE by 89.8%
OI_RESISTANCE TOTAL OI: CE= 1436620  PE= 688220 , CE > PE by 52.1%
IS_MORNING_WINDOW= False  (active 9:15-9:48 IST)
================================================
==== signal check time ==== 2026-09-07 11:09:00.694404
IS_CHOI_DIFF_GT_25PERC== True
RSI_VAL1== 26.35
RSI_VAL2== 26.35
FUT_3m_OHLC O= 76620.0  H= 76620.0  L= 76608.0  C= 76608.0  Range= 12.0
CHART_PATTERN_DETECTED: DOUBLE_TOP_FORMING | DOUBLE_BOTTOM_FORMING
  PATTERN_CONTEXT: Body= -12.0  Range= 12.0  ExpectedRange= 64.6  RangeRatio= 0.19  O= 76620.0  H= 76620.0  L= 76608.0  C= 76608.0
isPcrDecr = True
newSynthFut =  76600
ATMStrike =  76100
AVG_OIPCR= 0.46
avgoiPCROld=  7.33
SUPP_RES = 76500
FUT LTP = 76608.0
CEchoi  PechOi = 1109260.0    113480.0
====================================
AVG_VOLPCR= 1.47
atmPCR= 0.48  belowATM  0.57
atmVolPCR= 1.16  belowATM  1.49
True   76608.0   76500   False   True   26.35
no trade yet = [np.float64(8.3), np.float64(7.67), np.float64(7.33)]
India VIX = 11.3  Spot Price = 76106.69
IV Regime = ELEVATED (ADAPTIVE: P25= 11.03  P50= 11.29  P75= 11.38 ) | DailyRange = 1228.6 | 3minCandleRange = 64.7 (theoretical= 107.8 ) | ATMoptionMove = 29.1 | SL = 102 | Target = 102 | TrailTrigger = 29 | Spread = 300 | Buffer = 42
IV Params refreshed: {'vix': 11.3, 'bn_price': 76106.69, 'regime': 'ELEVATED', 'regime_thresholds': 'P25=11.03 P50=11.29 P75=11.38', 'daily_range': 1228.6, 'candle_range': 64.7, 'atm_option_move': 29.1, 'sl_point': 102, 'target_point': 102, 'sl_pct_of_premium': 0.1, 'trail_trigger': 29, 'spread_width': 300, 'support_resistance_buffer': 42}
===
====after 3 min ochain==== 2026-09-07 11:12:00.030292
                                    oipcr   choipcr   CE_OI / PE_OI (same strike)
pcr1 =  BSE:SENSEX2691076900PE   0.24   -0.32 CALL added 160900   PUT unwind -51520  CE_OI=413060 PE_OI=98200
pcr2 =  BSE:SENSEX2691076800PE   0.26   -0.3 CALL added 279160   PUT unwind -82900  CE_OI=585160 PE_OI=152620
pcr3 =  BSE:SENSEX2691076700CE   0.27   -0.48 CALL added 340040   PUT unwind -161640  CE_OI=770540 PE_OI=205720
pcr4 =  BSE:SENSEX2691076600CE   0.32   -0.55 CALL added 315100   PUT unwind -173460  CE_OI=683800 PE_OI=216540
pcr5 =  BSE:SENSEX2691076500CE   0.47   0.1 CALL added 1119140   PUT added 109340  CE_OI=1446500 PE_OI=684080
pcr6 =  BSE:SENSEX2691076400PE   0.56    0.37 CALL added 812040   PUT added 297160  CE_OI=862580 PE_OI=484200
pcr7 =  BSE:SENSEX2691076300CE   0.7   0.49 CALL added 930500   PUT added 452280  CE_OI=968080 PE_OI=674320
pcr8 =  BSE:SENSEX2691076200PE   1.22   0.67 CALL added 517020   PUT added 343880  CE_OI=548660 PE_OI=670220
pcr9 =  BSE:SENSEX2691076100PE   1.26   0.83 CALL added 295300   PUT added 243680  CE_OI=314780 PE_OI=397240
pcr10 =  BSE:SENSEX2691076000PE   1.93   0.88 CALL added 327240   PUT added 288280  CE_OI=393220 PE_OI=759100
pcr11 =  BSE:SENSEX2691075900PE   6.06   4.88 CALL added 42760   PUT added 208680  CE_OI=50180 PE_OI=304340
pcr12 =  BSE:SENSEX2691075800PE   4.57   2.49 CALL added 42900   PUT added 106900  CE_OI=47440 PE_OI=216960
pcr13 =  BSE:SENSEX2691075700CE   10.68   6.36 CALL added 11340   PUT added 72100  CE_OI=14780 PE_OI=157820
pcr14 =  BSE:SENSEX2691075600CE   12.8   5.46 CALL added 10800   PUT added 58920  CE_OI=14640 PE_OI=187340
pcr15 =  BSE:SENSEX2691075500CE   11.06   7.34 CALL added 26240   PUT added 192720  CE_OI=51860 PE_OI=573460
pcr16 =  BSE:SENSEX2691075400CE   42.23   34.26 CALL added 3940   PUT added 134980  CE_OI=6280 PE_OI=265220
pcr17 =  BSE:SENSEX2691075300PE   28.29   2.37 CALL added 3400   PUT added 8060  CE_OI=6300 PE_OI=178200
PCRSUM== 122.92
pcrSummation== 4.04
VOLPCRSUM== 13.200000000000001
spotLTP =  76106.57  ATM_STRIKE =  76100
IS_ATM_STRIKE_SHIFT = False  mapStrike = {76100: 76100}
avgOiPcrList2 = [np.float64(7.67), np.float64(7.33), np.float64(7.23)] atmStrikeNotShiftedCount= 4
False   4   3
SUPP_RES=== 76500  Buffer= 42
ANCHOR_COMPARE: spot=76106.57 fut=76608.0 basis(fut-spot)=501.43 | SR_future=76500 SR_spot=76000 SR_diff=500 | PCRwin_future=76600 PCRwin_spot=76100
CEoich val =  1119140.0  PEoich val =  109340.0 , CE > PE by 90.2%
SUPP_RES TOTAL OI: CE= 1446500  PE= 684080 , CE > PE by 52.7%
SPOT_SUPP_RES=== 76000  Buffer= 42
SPOT CEoich val =  327240.0  PEoich val =  288280.0 , CE > PE by 11.9%
SPOT_SUPP_RES TOTAL OI: CE= 393220  PE= 759100 , CE < PE by 48.2%
OI_SUPP_RES: spot=76106.57 ATM=76100 (ATM_CE_OI=314780 ATM_PE_OI=397240) | SUPPORT=76000PE OI=759100 (dist=-100) | RESISTANCE=76500CE OI=1446500 (dist=400)
OI_SUPPORT=== 76000
OI_SUPPORT CEoich val = 327240.0  PEoich val = 288280.0 , CE > PE by 11.9%
OI_SUPPORT TOTAL OI: CE= 393220  PE= 759100 , CE < PE by 48.2%
OI_RESISTANCE=== 76500
OI_RESISTANCE CEoich val = 1119140.0  PEoich val = 109340.0 , CE > PE by 90.2%
OI_RESISTANCE TOTAL OI: CE= 1446500  PE= 684080 , CE > PE by 52.7%
IS_MORNING_WINDOW= False  (active 9:15-9:48 IST)
================================================
==== signal check time ==== 2026-09-07 11:12:00.736486
IS_CHOI_DIFF_GT_25PERC== True
RSI_VAL1== 26.35
RSI_VAL2== 26.35
FUT_3m_OHLC O= 76608.0  H= 76608.0  L= 76608.0  C= 76608.0  Range= 0.0
CHART_PATTERN_DETECTED: INSIDE_BAR | DOUBLE_BOTTOM_FORMING
  PATTERN_CONTEXT: Body= 0.0  Range= 0.0  ExpectedRange= 64.7  RangeRatio= 0.0  O= 76608.0  H= 76608.0  L= 76608.0  C= 76608.0
isPcrDecr = True
newSynthFut =  76600
ATMStrike =  76100
AVG_OIPCR= 0.45
avgoiPCROld=  7.23
SUPP_RES = 76500
FUT LTP = 76608.0
CEchoi  PechOi = 1119140.0    109340.0
====================================
AVG_VOLPCR= 1.47
atmPCR= 0.47  belowATM  0.56
atmVolPCR= 1.16  belowATM  1.49
True   76608.0   76500   False   True   26.35
no trade yet = [np.float64(7.67), np.float64(7.33), np.float64(7.23)]
India VIX = 11.29  Spot Price = 76098.61
IV Regime = NORMAL (ADAPTIVE: P25= 11.03  P50= 11.29  P75= 11.38 ) | DailyRange = 1227.4 | 3minCandleRange = 64.6 (theoretical= 107.6 ) | ATMoptionMove = 29.1 | SL = 102 | Target = 102 | TrailTrigger = 29 | Spread = 300 | Buffer = 32
IV Params refreshed: {'vix': 11.29, 'bn_price': 76098.61, 'regime': 'NORMAL', 'regime_thresholds': 'P25=11.03 P50=11.29 P75=11.38', 'daily_range': 1227.4, 'candle_range': 64.6, 'atm_option_move': 29.1, 'sl_point': 102, 'target_point': 102, 'sl_pct_of_premium': 0.1, 'trail_trigger': 29, 'spread_width': 300, 'support_resistance_buffer': 32}
===
====after 3 min ochain==== 2026-09-07 11:15:00.026686
                                    oipcr   choipcr   CE_OI / PE_OI (same strike)
pcr1 =  BSE:SENSEX2691076900PE   0.24   -0.32 CALL added 162840   PUT unwind -51520  CE_OI=415000 PE_OI=98200
pcr2 =  BSE:SENSEX2691076800PE   0.26   -0.3 CALL added 278100   PUT unwind -83880  CE_OI=584100 PE_OI=151640
pcr3 =  BSE:SENSEX2691076700CE   0.27   -0.48 CALL added 338360   PUT unwind -162460  CE_OI=768860 PE_OI=204900
pcr4 =  BSE:SENSEX2691076600CE   0.31   -0.56 CALL added 315300   PUT unwind -175220  CE_OI=684000 PE_OI=214780
pcr5 =  BSE:SENSEX2691076500CE   0.47   0.09 CALL added 1124560   PUT added 101520  CE_OI=1451920 PE_OI=676260
pcr6 =  BSE:SENSEX2691076400PE   0.56    0.36 CALL added 810460   PUT added 291460  CE_OI=861000 PE_OI=478500
pcr7 =  BSE:SENSEX2691076300CE   0.69   0.48 CALL added 941420   PUT added 451620  CE_OI=979000 PE_OI=673660
pcr8 =  BSE:SENSEX2691076200PE   1.22   0.68 CALL added 531080   PUT added 358760  CE_OI=562720 PE_OI=685100
pcr9 =  BSE:SENSEX2691076100PE   1.28   0.86 CALL added 305660   PUT added 261940  CE_OI=325140 PE_OI=415500
pcr10 =  BSE:SENSEX2691076000PE   1.98   0.96 CALL added 333220   PUT added 318580  CE_OI=399200 PE_OI=789400
pcr11 =  BSE:SENSEX2691075900PE   5.91   4.76 CALL added 44920   PUT added 213840  CE_OI=52340 PE_OI=309500
pcr12 =  BSE:SENSEX2691075800PE   4.56   2.48 CALL added 43080   PUT added 107000  CE_OI=47620 PE_OI=217060
pcr13 =  BSE:SENSEX2691075700CE   10.65   6.54 CALL added 11920   PUT added 77920  CE_OI=15360 PE_OI=163640
pcr14 =  BSE:SENSEX2691075600CE   12.58   5.26 CALL added 10960   PUT added 57700  CE_OI=14800 PE_OI=186120
pcr15 =  BSE:SENSEX2691075500CE   11.01   7.36 CALL added 27020   PUT added 199000  CE_OI=52640 PE_OI=579740
pcr16 =  BSE:SENSEX2691075400CE   41.94   33.88 CALL added 3980   PUT added 134840  CE_OI=6320 PE_OI=265080
pcr17 =  BSE:SENSEX2691075300PE   27.03   3.38 CALL added 3880   PUT added 13100  CE_OI=6780 PE_OI=183240
PCRSUM== 120.96
pcrSummation== 4.02
VOLPCRSUM== 13.040000000000001
spotLTP =  76098.61  ATM_STRIKE =  76100
IS_ATM_STRIKE_SHIFT = False  mapStrike = {76100: 76100}
avgOiPcrList2 = [np.float64(7.33), np.float64(7.23), np.float64(7.12)] atmStrikeNotShiftedCount= 5
False   5   3
SUPP_RES=== 76500  Buffer= 32
ANCHOR_COMPARE: spot=76098.61 fut=76575.75 basis(fut-spot)=477.14 | SR_future=76500 SR_spot=76000 SR_diff=500 | PCRwin_future=76600 PCRwin_spot=76100
CEoich val =  1124560.0  PEoich val =  101520.0 , CE > PE by 91.0%
SUPP_RES TOTAL OI: CE= 1451920  PE= 676260 , CE > PE by 53.4%
SPOT_SUPP_RES=== 76000  Buffer= 32
SPOT CEoich val =  333220.0  PEoich val =  318580.0 , CE > PE by 4.4%
SPOT_SUPP_RES TOTAL OI: CE= 399200  PE= 789400 , CE < PE by 49.4%
OI_SUPP_RES: spot=76098.61 ATM=76100 (ATM_CE_OI=325140 ATM_PE_OI=415500) | SUPPORT=76000PE OI=789400 (dist=-100) | RESISTANCE=76500CE OI=1451920 (dist=400)
OI_SUPPORT=== 76000
OI_SUPPORT CEoich val = 333220.0  PEoich val = 318580.0 , CE > PE by 4.4%
OI_SUPPORT TOTAL OI: CE= 399200  PE= 789400 , CE < PE by 49.4%
OI_RESISTANCE=== 76500
OI_RESISTANCE CEoich val = 1124560.0  PEoich val = 101520.0 , CE > PE by 91.0%
OI_RESISTANCE TOTAL OI: CE= 1451920  PE= 676260 , CE > PE by 53.4%
IS_MORNING_WINDOW= False  (active 9:15-9:48 IST)
================================================
==== signal check time ==== 2026-09-07 11:15:00.783823
IS_CHOI_DIFF_GT_25PERC== True
RSI_VAL1== 22.38
RSI_VAL2== 22.38
FUT_3m_OHLC O= 76608.0  H= 76608.0  L= 76575.8  C= 76575.8  Range= 32.2
CHART_PATTERN: None
isPcrDecr = True
newSynthFut =  76600
ATMStrike =  76100
AVG_OIPCR= 0.45
avgoiPCROld=  7.12
SUPP_RES = 76500
FUT LTP = 76575.75
CEchoi  PechOi = 1124560.0    101520.0
====================================
AVG_VOLPCR= 1.45
atmPCR= 0.47  belowATM  0.56
atmVolPCR= 1.15  belowATM  1.48
True   76575.75   76500   False   True   22.38
no trade yet = [np.float64(7.33), np.float64(7.23), np.float64(7.12)]
India VIX = 11.3  Spot Price = 76106.04
IV Regime = ELEVATED (ADAPTIVE: P25= 11.03  P50= 11.29  P75= 11.38 ) | DailyRange = 1228.6 | 3minCandleRange = 64.7 (theoretical= 107.8 ) | ATMoptionMove = 29.1 | SL = 102 | Target = 102 | TrailTrigger = 29 | Spread = 300 | Buffer = 42
IV Params refreshed: {'vix': 11.3, 'bn_price': 76106.04, 'regime': 'ELEVATED', 'regime_thresholds': 'P25=11.03 P50=11.29 P75=11.38', 'daily_range': 1228.6, 'candle_range': 64.7, 'atm_option_move': 29.1, 'sl_point': 102, 'target_point': 102, 'sl_pct_of_premium': 0.1, 'trail_trigger': 29, 'spread_width': 300, 'support_resistance_buffer': 42}
===
====after 3 min ochain==== 2026-09-07 11:18:00.041160
                                    oipcr   choipcr   CE_OI / PE_OI (same strike)
pcr1 =  BSE:SENSEX2691076900PE   0.24   -0.32 CALL added 161820   PUT unwind -51960  CE_OI=413980 PE_OI=97760
pcr2 =  BSE:SENSEX2691076800PE   0.26   -0.3 CALL added 283640   PUT unwind -84540  CE_OI=589640 PE_OI=150980
pcr3 =  BSE:SENSEX2691076700CE   0.26   -0.49 CALL added 343760   PUT unwind -168700  CE_OI=774260 PE_OI=198660
pcr4 =  BSE:SENSEX2691076600CE   0.31   -0.55 CALL added 317660   PUT unwind -175840  CE_OI=686360 PE_OI=214160
pcr5 =  BSE:SENSEX2691076500CE   0.44   0.08 CALL added 1189060   PUT added 93680  CE_OI=1516420 PE_OI=668420
pcr6 =  BSE:SENSEX2691076400PE   0.5    0.31 CALL added 861640   PUT added 267800  CE_OI=912180 PE_OI=454840
pcr7 =  BSE:SENSEX2691076300CE   0.67   0.47 CALL added 974960   PUT added 454740  CE_OI=1012540 PE_OI=676780
pcr8 =  BSE:SENSEX2691076200PE   1.07   0.57 CALL added 581440   PUT added 331920  CE_OI=613080 PE_OI=658260
pcr9 =  BSE:SENSEX2691076100PE   1.17   0.81 CALL added 363660   PUT added 295580  CE_OI=383140 PE_OI=449140
pcr10 =  BSE:SENSEX2691076000PE   1.97   1.06 CALL added 372320   PUT added 393460  CE_OI=438300 PE_OI=864280
pcr11 =  BSE:SENSEX2691075900PE   5.39   4.34 CALL added 52740   PUT added 228740  CE_OI=60160 PE_OI=324400
pcr12 =  BSE:SENSEX2691075800PE   4.33   2.42 CALL added 47280   PUT added 114460  CE_OI=51820 PE_OI=224520
pcr13 =  BSE:SENSEX2691075700CE   10.18   6.38 CALL added 13340   PUT added 85080  CE_OI=16780 PE_OI=170800
pcr14 =  BSE:SENSEX2691075600CE   11.97   5.75 CALL added 13260   PUT added 76240  CE_OI=17100 PE_OI=204660
pcr15 =  BSE:SENSEX2691075500CE   10.59   6.71 CALL added 28220   PUT added 189360  CE_OI=53840 PE_OI=570100
pcr16 =  BSE:SENSEX2691075400CE   41.02   32.7 CALL added 4120   PUT added 134740  CE_OI=6460 PE_OI=264980
pcr17 =  BSE:SENSEX2691075300PE   26.52   3.67 CALL added 4080   PUT added 14960  CE_OI=6980 PE_OI=185100
PCRSUM== 116.89
pcrSummation== 3.75
VOLPCRSUM== 12.95
spotLTP =  76106.04  ATM_STRIKE =  76100
IS_ATM_STRIKE_SHIFT = False  mapStrike = {76100: 76100}
avgOiPcrList2 = [np.float64(7.23), np.float64(7.12), np.float64(6.88)] atmStrikeNotShiftedCount= 6
False   6   3
SUPP_RES=== 76500  Buffer= 42
ANCHOR_COMPARE: spot=76106.04 fut=76605.85 basis(fut-spot)=499.81 | SR_future=76500 SR_spot=76000 SR_diff=500 | PCRwin_future=76600 PCRwin_spot=76100
CEoich val =  1189060.0  PEoich val =  93680.0 , CE > PE by 92.1%
SUPP_RES TOTAL OI: CE= 1516420  PE= 668420 , CE > PE by 55.9%
SPOT_SUPP_RES=== 76000  Buffer= 42
SPOT CEoich val =  372320.0  PEoich val =  393460.0 , CE < PE by 5.4%
SPOT_SUPP_RES TOTAL OI: CE= 438300  PE= 864280 , CE < PE by 49.3%
OI_SUPP_RES: spot=76106.04 ATM=76100 (ATM_CE_OI=383140 ATM_PE_OI=449140) | SUPPORT=76000PE OI=864280 (dist=-100) | RESISTANCE=76500CE OI=1516420 (dist=400)
OI_SUPPORT=== 76000
OI_SUPPORT CEoich val = 372320.0  PEoich val = 393460.0 , CE < PE by 5.4%
OI_SUPPORT TOTAL OI: CE= 438300  PE= 864280 , CE < PE by 49.3%
OI_RESISTANCE=== 76500
OI_RESISTANCE CEoich val = 1189060.0  PEoich val = 93680.0 , CE > PE by 92.1%
OI_RESISTANCE TOTAL OI: CE= 1516420  PE= 668420 , CE > PE by 55.9%
IS_MORNING_WINDOW= False  (active 9:15-9:48 IST)
================================================
==== signal check time ==== 2026-09-07 11:18:00.707098
IS_CHOI_DIFF_GT_25PERC== True
RSI_VAL1== 32.6
RSI_VAL2== 32.6
FUT_3m_OHLC O= 76615.6  H= 76615.6  L= 76605.8  C= 76605.8  Range= 9.8
CHART_PATTERN_DETECTED: DOUBLE_TOP_FORMING
  PATTERN_CONTEXT: Body= -9.8  Range= 9.8  ExpectedRange= 64.7  RangeRatio= 0.15  O= 76615.6  H= 76615.6  L= 76605.8  C= 76605.8
isPcrDecr = True
newSynthFut =  76600
ATMStrike =  76100
AVG_OIPCR= 0.42
avgoiPCROld=  6.88
SUPP_RES = 76500
FUT LTP = 76605.85
CEchoi  PechOi = 1189060.0    93680.0
====================================
AVG_VOLPCR= 1.44
atmPCR= 0.44  belowATM  0.5
atmVolPCR= 1.14  belowATM  1.47
True   76605.85   76500   False   True   32.6
no trade yet = [np.float64(7.23), np.float64(7.12), np.float64(6.88)]
India VIX = 11.28  Spot Price = 76113.98
IV Regime = NORMAL (ADAPTIVE: P25= 11.03  P50= 11.29  P75= 11.38 ) | DailyRange = 1226.5 | 3minCandleRange = 64.5 (theoretical= 107.6 ) | ATMoptionMove = 29.0 | SL = 102 | Target = 102 | TrailTrigger = 29 | Spread = 300 | Buffer = 32
IV Params refreshed: {'vix': 11.28, 'bn_price': 76113.98, 'regime': 'NORMAL', 'regime_thresholds': 'P25=11.03 P50=11.29 P75=11.38', 'daily_range': 1226.5, 'candle_range': 64.5, 'atm_option_move': 29.0, 'sl_point': 102, 'target_point': 102, 'sl_pct_of_premium': 0.1, 'trail_trigger': 29, 'spread_width': 300, 'support_resistance_buffer': 32}
===
====after 3 min ochain==== 2026-09-07 11:21:00.025939
                                    oipcr   choipcr   CE_OI / PE_OI (same strike)
pcr1 =  BSE:SENSEX2691076900PE   0.24   -0.32 CALL added 162140   PUT unwind -51920  CE_OI=414300 PE_OI=97800
pcr2 =  BSE:SENSEX2691076800PE   0.26   -0.3 CALL added 277820   PUT unwind -84520  CE_OI=583820 PE_OI=151000
pcr3 =  BSE:SENSEX2691076700CE   0.26   -0.49 CALL added 342980   PUT unwind -169420  CE_OI=773480 PE_OI=197940
pcr4 =  BSE:SENSEX2691076600CE   0.31   -0.55 CALL added 323180   PUT unwind -176160  CE_OI=691880 PE_OI=213840
pcr5 =  BSE:SENSEX2691076500CE   0.44   0.07 CALL added 1197200   PUT added 89540  CE_OI=1524560 PE_OI=664280
pcr6 =  BSE:SENSEX2691076400PE   0.48    0.29 CALL added 866640   PUT added 252760  CE_OI=917180 PE_OI=439800
pcr7 =  BSE:SENSEX2691076300CE   0.67   0.47 CALL added 985140   PUT added 462260  CE_OI=1022720 PE_OI=684300
pcr8 =  BSE:SENSEX2691076200PE   1.07   0.57 CALL added 585380   PUT added 331680  CE_OI=617020 PE_OI=658020
pcr9 =  BSE:SENSEX2691076100PE   1.18   0.83 CALL added 373520   PUT added 308900  CE_OI=393000 PE_OI=462460
pcr10 =  BSE:SENSEX2691076000PE   1.96   1.06 CALL added 377720   PUT added 398500  CE_OI=443700 PE_OI=869320
pcr11 =  BSE:SENSEX2691075900PE   5.24   4.2 CALL added 54720   PUT added 229880  CE_OI=62140 PE_OI=325540
pcr12 =  BSE:SENSEX2691075800PE   4.49   2.58 CALL added 46900   PUT added 120820  CE_OI=51440 PE_OI=230880
pcr13 =  BSE:SENSEX2691075700CE   10.16   6.38 CALL added 13420   PUT added 85640  CE_OI=16860 PE_OI=171360
pcr14 =  BSE:SENSEX2691075600CE   11.23   4.85 CALL added 13380   PUT added 64880  CE_OI=17220 PE_OI=193300
pcr15 =  BSE:SENSEX2691075500CE   10.16   6.19 CALL added 30280   PUT added 187340  CE_OI=55900 PE_OI=568080
pcr16 =  BSE:SENSEX2691075400CE   40.56   32.02 CALL added 4140   PUT added 132580  CE_OI=6480 PE_OI=262820
pcr17 =  BSE:SENSEX2691075300PE   26.61   3.71 CALL added 4060   PUT added 15080  CE_OI=6960 PE_OI=185220
PCRSUM== 115.32
pcrSummation== 3.73
VOLPCRSUM== 12.82
spotLTP =  76113.98  ATM_STRIKE =  76100
IS_ATM_STRIKE_SHIFT = False  mapStrike = {76100: 76100}
avgOiPcrList2 = [np.float64(7.12), np.float64(6.88), np.float64(6.78)] atmStrikeNotShiftedCount= 7
False   7   3
SUPP_RES=== 76500  Buffer= 32
ANCHOR_COMPARE: spot=76113.98 fut=76605.85 basis(fut-spot)=491.87 | SR_future=76500 SR_spot=76000 SR_diff=500 | PCRwin_future=76600 PCRwin_spot=76100
CEoich val =  1197200.0  PEoich val =  89540.0 , CE > PE by 92.5%
SUPP_RES TOTAL OI: CE= 1524560  PE= 664280 , CE > PE by 56.4%
SPOT_SUPP_RES=== 76000  Buffer= 32
SPOT CEoich val =  377720.0  PEoich val =  398500.0 , CE < PE by 5.2%
SPOT_SUPP_RES TOTAL OI: CE= 443700  PE= 869320 , CE < PE by 49.0%
OI_SUPP_RES: spot=76113.98 ATM=76100 (ATM_CE_OI=393000 ATM_PE_OI=462460) | SUPPORT=76000PE OI=869320 (dist=-100) | RESISTANCE=76500CE OI=1524560 (dist=400)
OI_SUPPORT=== 76000
OI_SUPPORT CEoich val = 377720.0  PEoich val = 398500.0 , CE < PE by 5.2%
OI_SUPPORT TOTAL OI: CE= 443700  PE= 869320 , CE < PE by 49.0%
OI_RESISTANCE=== 76500
OI_RESISTANCE CEoich val = 1197200.0  PEoich val = 89540.0 , CE > PE by 92.5%
OI_RESISTANCE TOTAL OI: CE= 1524560  PE= 664280 , CE > PE by 56.4%
IS_MORNING_WINDOW= False  (active 9:15-9:48 IST)
================================================
==== signal check time ==== 2026-09-07 11:21:00.713852
IS_CHOI_DIFF_GT_25PERC== True
RSI_VAL1== 32.6
RSI_VAL2== 32.6
FUT_3m_OHLC O= 76627.6  H= 76627.6  L= 76605.8  C= 76605.8  Range= 21.7
CHART_PATTERN_DETECTED: DOUBLE_TOP_FORMING
  PATTERN_CONTEXT: Body= -21.7  Range= 21.7  ExpectedRange= 64.5  RangeRatio= 0.34  O= 76627.6  H= 76627.6  L= 76605.8  C= 76605.8
isPcrDecr = True
newSynthFut =  76600
ATMStrike =  76100
AVG_OIPCR= 0.41
avgoiPCROld=  6.78
SUPP_RES = 76500
FUT LTP = 76605.85
CEchoi  PechOi = 1197200.0    89540.0
====================================
AVG_VOLPCR= 1.42
atmPCR= 0.44  belowATM  0.48
atmVolPCR= 1.13  belowATM  1.47
True   76605.85   76500   False   True   32.6
no trade yet = [np.float64(7.12), np.float64(6.88), np.float64(6.78)]
India VIX = 11.26  Spot Price = 76117.82
IV Regime = NORMAL (ADAPTIVE: P25= 11.03  P50= 11.29  P75= 11.38 ) | DailyRange = 1224.4 | 3minCandleRange = 64.4 (theoretical= 107.4 ) | ATMoptionMove = 29.0 | SL = 101 | Target = 101 | TrailTrigger = 29 | Spread = 300 | Buffer = 32
IV Params refreshed: {'vix': 11.26, 'bn_price': 76117.82, 'regime': 'NORMAL', 'regime_thresholds': 'P25=11.03 P50=11.29 P75=11.38', 'daily_range': 1224.4, 'candle_range': 64.4, 'atm_option_move': 29.0, 'sl_point': 101, 'target_point': 101, 'sl_pct_of_premium': 0.1, 'trail_trigger': 29, 'spread_width': 300, 'support_resistance_buffer': 32}
===
====after 3 min ochain==== 2026-09-07 11:24:00.027944
                                    oipcr   choipcr   CE_OI / PE_OI (same strike)
pcr1 =  BSE:SENSEX2691076900PE   0.23   -0.31 CALL added 166080   PUT unwind -52160  CE_OI=418240 PE_OI=97560
pcr2 =  BSE:SENSEX2691076800PE   0.26   -0.31 CALL added 276540   PUT unwind -86440  CE_OI=582540 PE_OI=149080
pcr3 =  BSE:SENSEX2691076700CE   0.25   -0.49 CALL added 349140   PUT unwind -169460  CE_OI=779640 PE_OI=197900
pcr4 =  BSE:SENSEX2691076600CE   0.31   -0.55 CALL added 325900   PUT unwind -177720  CE_OI=694600 PE_OI=212280
pcr5 =  BSE:SENSEX2691076500CE   0.43   0.07 CALL added 1200540   PUT added 82540  CE_OI=1527900 PE_OI=657280
pcr6 =  BSE:SENSEX2691076400PE   0.47    0.28 CALL added 876120   PUT added 247780  CE_OI=926660 PE_OI=434820
pcr7 =  BSE:SENSEX2691076300CE   0.66   0.46 CALL added 997320   PUT added 461420  CE_OI=1034900 PE_OI=683460
pcr8 =  BSE:SENSEX2691076200PE   1.1   0.59 CALL added 570200   PUT added 336480  CE_OI=601840 PE_OI=662820
pcr9 =  BSE:SENSEX2691076100PE   1.19   0.84 CALL added 371300   PUT added 313020  CE_OI=390780 PE_OI=466580
pcr10 =  BSE:SENSEX2691076000PE   1.97   1.07 CALL added 379640   PUT added 406420  CE_OI=445620 PE_OI=877240
pcr11 =  BSE:SENSEX2691075900PE   5.02   4.01 CALL added 58000   PUT added 232660  CE_OI=65420 PE_OI=328320
pcr12 =  BSE:SENSEX2691075800PE   4.57   2.65 CALL added 46460   PUT added 123120  CE_OI=51000 PE_OI=233180
pcr13 =  BSE:SENSEX2691075700CE   9.87   6.09 CALL added 13680   PUT added 83320  CE_OI=17120 PE_OI=169040
pcr14 =  BSE:SENSEX2691075600CE   11.52   5.22 CALL added 13360   PUT added 69760  CE_OI=17200 PE_OI=198180
pcr15 =  BSE:SENSEX2691075500CE   10.27   6.4 CALL added 30340   PUT added 194080  CE_OI=55960 PE_OI=574820
pcr16 =  BSE:SENSEX2691075400CE   40.29   31.65 CALL added 4160   PUT added 131660  CE_OI=6500 PE_OI=261900
pcr17 =  BSE:SENSEX2691075300PE   27.08   3.7 CALL added 3920   PUT added 14520  CE_OI=6820 PE_OI=184660
PCRSUM== 115.49
pcrSummation== 3.71
VOLPCRSUM== 12.66
spotLTP =  76117.82  ATM_STRIKE =  76100
IS_ATM_STRIKE_SHIFT = False  mapStrike = {76100: 76100}
avgOiPcrList2 = [np.float64(6.88), np.float64(6.78), np.float64(6.79)] atmStrikeNotShiftedCount= 8
False   8   3
SUPP_RES=== 76500  Buffer= 32
ANCHOR_COMPARE: spot=76117.82 fut=76609.9 basis(fut-spot)=492.08 | SR_future=76500 SR_spot=76000 SR_diff=500 | PCRwin_future=76600 PCRwin_spot=76100
CEoich val =  1200540.0  PEoich val =  82540.0 , CE > PE by 93.1%
SUPP_RES TOTAL OI: CE= 1527900  PE= 657280 , CE > PE by 57.0%
SPOT_SUPP_RES=== 76000  Buffer= 32
SPOT CEoich val =  379640.0  PEoich val =  406420.0 , CE < PE by 6.6%
SPOT_SUPP_RES TOTAL OI: CE= 445620  PE= 877240 , CE < PE by 49.2%
OI_SUPP_RES: spot=76117.82 ATM=76100 (ATM_CE_OI=390780 ATM_PE_OI=466580) | SUPPORT=76000PE OI=877240 (dist=-100) | RESISTANCE=76500CE OI=1527900 (dist=400)
OI_SUPPORT=== 76000
OI_SUPPORT CEoich val = 379640.0  PEoich val = 406420.0 , CE < PE by 6.6%
OI_SUPPORT TOTAL OI: CE= 445620  PE= 877240 , CE < PE by 49.2%
OI_RESISTANCE=== 76500
OI_RESISTANCE CEoich val = 1200540.0  PEoich val = 82540.0 , CE > PE by 93.1%
OI_RESISTANCE TOTAL OI: CE= 1527900  PE= 657280 , CE > PE by 57.0%
IS_MORNING_WINDOW= False  (active 9:15-9:48 IST)
================================================
==== signal check time ==== 2026-09-07 11:24:00.750818
IS_CHOI_DIFF_GT_25PERC== True
RSI_VAL1== 33.95
RSI_VAL2== 33.95
FUT_3m_OHLC O= 76635.3  H= 76635.3  L= 76609.9  C= 76609.9  Range= 25.4
CHART_PATTERN_DETECTED: DOUBLE_TOP_FORMING
  PATTERN_CONTEXT: Body= -25.4  Range= 25.4  ExpectedRange= 64.4  RangeRatio= 0.39  O= 76635.3  H= 76635.3  L= 76609.9  C= 76609.9
recent two = [np.float64(6.78), np.float64(6.79)]
newSynthFut =  76600
ATMStrike =  76100
AVG_OIPCR= 0.41
avgoiPCROld=  6.79
SUPP_RES = 76500
FUT LTP = 76609.9
CEchoi  PechOi = 1200540.0    82540.0
====================================
AVG_VOLPCR= 1.41
atmPCR= 0.43  belowATM  0.47
atmVolPCR= 1.12  belowATM  1.46
True   76609.9   76500   False   False   33.95
India VIX = 11.29  Spot Price = 76088.03
IV Regime = NORMAL (ADAPTIVE: P25= 11.03  P50= 11.29  P75= 11.38 ) | DailyRange = 1227.2 | 3minCandleRange = 64.6 (theoretical= 107.6 ) | ATMoptionMove = 29.1 | SL = 102 | Target = 102 | TrailTrigger = 29 | Spread = 300 | Buffer = 32
IV Params refreshed: {'vix': 11.29, 'bn_price': 76088.03, 'regime': 'NORMAL', 'regime_thresholds': 'P25=11.03 P50=11.29 P75=11.38', 'daily_range': 1227.2, 'candle_range': 64.6, 'atm_option_move': 29.1, 'sl_point': 102, 'target_point': 102, 'sl_pct_of_premium': 0.1, 'trail_trigger': 29, 'spread_width': 300, 'support_resistance_buffer': 32}
===
====after 3 min ochain==== 2026-09-07 11:27:00.024942
                                    oipcr   choipcr   CE_OI / PE_OI (same strike)
pcr1 =  BSE:SENSEX2691076900PE   0.23   -0.31 CALL added 166860   PUT unwind -52520  CE_OI=419020 PE_OI=97200
pcr2 =  BSE:SENSEX2691076800PE   0.26   -0.31 CALL added 278660   PUT unwind -86340  CE_OI=584660 PE_OI=149180
pcr3 =  BSE:SENSEX2691076700CE   0.25   -0.48 CALL added 351580   PUT unwind -170240  CE_OI=782080 PE_OI=197120
pcr4 =  BSE:SENSEX2691076600CE   0.3   -0.55 CALL added 330800   PUT unwind -182640  CE_OI=699500 PE_OI=207360
pcr5 =  BSE:SENSEX2691076500CE   0.43   0.07 CALL added 1190520   PUT added 82080  CE_OI=1517880 PE_OI=656820
pcr6 =  BSE:SENSEX2691076400PE   0.46    0.28 CALL added 888440   PUT added 248620  CE_OI=938980 PE_OI=435660
pcr7 =  BSE:SENSEX2691076300CE   0.66   0.46 CALL added 1014020   PUT added 470540  CE_OI=1051600 PE_OI=692580
pcr8 =  BSE:SENSEX2691076200PE   1.08   0.58 CALL added 590780   PUT added 343960  CE_OI=622420 PE_OI=670300
pcr9 =  BSE:SENSEX2691076100PE   1.15   0.81 CALL added 384220   PUT added 311160  CE_OI=403700 PE_OI=464720
pcr10 =  BSE:SENSEX2691076000PE   1.95   1.05 CALL added 383840   PUT added 404300  CE_OI=449820 PE_OI=875120
pcr11 =  BSE:SENSEX2691075900PE   4.97   3.99 CALL added 60140   PUT added 240100  CE_OI=67560 PE_OI=335760
pcr12 =  BSE:SENSEX2691075800PE   4.36   2.48 CALL added 48100   PUT added 119280  CE_OI=52640 PE_OI=229340
pcr13 =  BSE:SENSEX2691075700CE   9.74   5.95 CALL added 13780   PUT added 82040  CE_OI=17220 PE_OI=167760
pcr14 =  BSE:SENSEX2691075600CE   11.75   5.5 CALL added 13340   PUT added 73380  CE_OI=17180 PE_OI=201800
pcr15 =  BSE:SENSEX2691075500CE   10.17   6.31 CALL added 31140   PUT added 196540  CE_OI=56760 PE_OI=577280
pcr16 =  BSE:SENSEX2691075400CE   39.6   30.56 CALL added 4160   PUT added 127140  CE_OI=6500 PE_OI=257380
pcr17 =  BSE:SENSEX2691075300PE   27.08   3.7 CALL added 3920   PUT added 14520  CE_OI=6820 PE_OI=184660
PCRSUM== 114.44
pcrSummation== 3.67
VOLPCRSUM== 12.530000000000001
spotLTP =  76092.17  ATM_STRIKE =  76100
IS_ATM_STRIKE_SHIFT = False  mapStrike = {76100: 76100}
avgOiPcrList2 = [np.float64(6.78), np.float64(6.79), np.float64(6.73)] atmStrikeNotShiftedCount= 9
False   9   3
SUPP_RES=== 76500  Buffer= 32
ANCHOR_COMPARE: spot=76092.17 fut=76619.7 basis(fut-spot)=527.53 | SR_future=76500 SR_spot=76000 SR_diff=500 | PCRwin_future=76600 PCRwin_spot=76100
CEoich val =  1190520.0  PEoich val =  82080.0 , CE > PE by 93.1%
SUPP_RES TOTAL OI: CE= 1517880  PE= 656820 , CE > PE by 56.7%
SPOT_SUPP_RES=== 76000  Buffer= 32
SPOT CEoich val =  383840.0  PEoich val =  404300.0 , CE < PE by 5.1%
SPOT_SUPP_RES TOTAL OI: CE= 449820  PE= 875120 , CE < PE by 48.6%
OI_SUPP_RES: spot=76092.17 ATM=76100 (ATM_CE_OI=403700 ATM_PE_OI=464720) | SUPPORT=76000PE OI=875120 (dist=-100) | RESISTANCE=76500CE OI=1517880 (dist=400)
OI_SUPPORT=== 76000
OI_SUPPORT CEoich val = 383840.0  PEoich val = 404300.0 , CE < PE by 5.1%
OI_SUPPORT TOTAL OI: CE= 449820  PE= 875120 , CE < PE by 48.6%
OI_RESISTANCE=== 76500
OI_RESISTANCE CEoich val = 1190520.0  PEoich val = 82080.0 , CE > PE by 93.1%
OI_RESISTANCE TOTAL OI: CE= 1517880  PE= 656820 , CE > PE by 56.7%
IS_MORNING_WINDOW= False  (active 9:15-9:48 IST)
================================================
==== signal check time ==== 2026-09-07 11:27:00.762565
IS_CHOI_DIFF_GT_25PERC== True
RSI_VAL1== 37.24
RSI_VAL2== 37.24
FUT_3m_OHLC O= 76609.9  H= 76619.7  L= 76609.9  C= 76619.7  Range= 9.8
CHART_PATTERN_DETECTED: INSIDE_BAR | DOUBLE_TOP_FORMING | DOUBLE_BOTTOM_FORMING
  PATTERN_CONTEXT: Body= 9.8  Range= 9.8  ExpectedRange= 64.6  RangeRatio= 0.15  O= 76609.9  H= 76619.7  L= 76609.9  C= 76619.7
recent two = [np.float64(6.79), np.float64(6.73)]
newSynthFut =  76600
ATMStrike =  76100
AVG_OIPCR= 0.41
avgoiPCROld=  6.73
SUPP_RES = 76500
FUT LTP = 76619.7
CEchoi  PechOi = 1190520.0    82080.0
====================================
AVG_VOLPCR= 1.39
atmPCR= 0.43  belowATM  0.46
atmVolPCR= 1.11  belowATM  1.45
True   76619.7   76500   False   False   37.24
India VIX = 11.29  Spot Price = 76086.79
IV Regime = NORMAL (ADAPTIVE: P25= 11.03  P50= 11.29  P75= 11.38 ) | DailyRange = 1227.2 | 3minCandleRange = 64.6 (theoretical= 107.6 ) | ATMoptionMove = 29.1 | SL = 102 | Target = 102 | TrailTrigger = 29 | Spread = 300 | Buffer = 32
IV Params refreshed: {'vix': 11.29, 'bn_price': 76086.79, 'regime': 'NORMAL', 'regime_thresholds': 'P25=11.03 P50=11.29 P75=11.38', 'daily_range': 1227.2, 'candle_range': 64.6, 'atm_option_move': 29.1, 'sl_point': 102, 'target_point': 102, 'sl_pct_of_premium': 0.1, 'trail_trigger': 29, 'spread_width': 300, 'support_resistance_buffer': 32}
===
====after 3 min ochain==== 2026-09-07 11:30:00.037313
                                    oipcr   choipcr   CE_OI / PE_OI (same strike)
pcr1 =  BSE:SENSEX2691076900PE   0.23   -0.3 CALL added 172040   PUT unwind -52380  CE_OI=424200 PE_OI=97340
pcr2 =  BSE:SENSEX2691076800PE   0.25   -0.3 CALL added 283380   PUT unwind -86340  CE_OI=589380 PE_OI=149180
pcr3 =  BSE:SENSEX2691076700CE   0.25   -0.49 CALL added 355440   PUT unwind -172640  CE_OI=785940 PE_OI=194720
pcr4 =  BSE:SENSEX2691076600CE   0.3   -0.55 CALL added 330440   PUT unwind -182020  CE_OI=699140 PE_OI=207980
pcr5 =  BSE:SENSEX2691076500CE   0.43   0.07 CALL added 1203700   PUT added 78980  CE_OI=1531060 PE_OI=653720
pcr6 =  BSE:SENSEX2691076400PE   0.46    0.28 CALL added 895040   PUT added 247940  CE_OI=945580 PE_OI=434980
pcr7 =  BSE:SENSEX2691076300CE   0.66   0.46 CALL added 1021000   PUT added 471960  CE_OI=1058580 PE_OI=694000
pcr8 =  BSE:SENSEX2691076200PE   1.05   0.57 CALL added 609100   PUT added 345320  CE_OI=640740 PE_OI=671660
pcr9 =  BSE:SENSEX2691076100PE   1.13   0.79 CALL added 393200   PUT added 312340  CE_OI=412680 PE_OI=465900
pcr10 =  BSE:SENSEX2691076000PE   1.86   1.02 CALL added 413760   PUT added 420840  CE_OI=479740 PE_OI=891660
pcr11 =  BSE:SENSEX2691075900PE   5.01   4.06 CALL added 61440   PUT added 249660  CE_OI=68860 PE_OI=345320
pcr12 =  BSE:SENSEX2691075800PE   4.14   2.35 CALL added 51000   PUT added 119740  CE_OI=55540 PE_OI=229800
pcr13 =  BSE:SENSEX2691075700CE   9.77   6.14 CALL added 14360   PUT added 88120  CE_OI=17800 PE_OI=173840
pcr14 =  BSE:SENSEX2691075600CE   12.57   6.58 CALL added 13380   PUT added 88060  CE_OI=17220 PE_OI=216480
pcr15 =  BSE:SENSEX2691075500CE   9.92   6.07 CALL added 32820   PUT added 199180  CE_OI=58440 PE_OI=579920
pcr16 =  BSE:SENSEX2691075400CE   39.95   31.02 CALL added 4120   PUT added 127820  CE_OI=6460 PE_OI=258060
pcr17 =  BSE:SENSEX2691075300PE   27.46   4.6 CALL added 3960   PUT added 18220  CE_OI=6860 PE_OI=188360
PCRSUM== 115.44
pcrSummation== 3.63
VOLPCRSUM== 12.46
spotLTP =  76088.14  ATM_STRIKE =  76100
IS_ATM_STRIKE_SHIFT = False  mapStrike = {76100: 76100}
avgOiPcrList2 = [np.float64(6.79), np.float64(6.73), np.float64(6.79)] atmStrikeNotShiftedCount= 10
False   10   3
SUPP_RES=== 76500  Buffer= 32
ANCHOR_COMPARE: spot=76088.14 fut=76625.1 basis(fut-spot)=536.96 | SR_future=76500 SR_spot=76000 SR_diff=500 | PCRwin_future=76600 PCRwin_spot=76100
CEoich val =  1203700.0  PEoich val =  78980.0 , CE > PE by 93.4%
SUPP_RES TOTAL OI: CE= 1531060  PE= 653720 , CE > PE by 57.3%
SPOT_SUPP_RES=== 76000  Buffer= 32
SPOT CEoich val =  413760.0  PEoich val =  420840.0 , CE < PE by 1.7%
SPOT_SUPP_RES TOTAL OI: CE= 479740  PE= 891660 , CE < PE by 46.2%
OI_SUPP_RES: spot=76088.14 ATM=76100 (ATM_CE_OI=412680 ATM_PE_OI=465900) | SUPPORT=76000PE OI=891660 (dist=-100) | RESISTANCE=76500CE OI=1531060 (dist=400)
OI_SUPPORT=== 76000
OI_SUPPORT CEoich val = 413760.0  PEoich val = 420840.0 , CE < PE by 1.7%
OI_SUPPORT TOTAL OI: CE= 479740  PE= 891660 , CE < PE by 46.2%
OI_RESISTANCE=== 76500
OI_RESISTANCE CEoich val = 1203700.0  PEoich val = 78980.0 , CE > PE by 93.4%
OI_RESISTANCE TOTAL OI: CE= 1531060  PE= 653720 , CE > PE by 57.3%
IS_MORNING_WINDOW= False  (active 9:15-9:48 IST)
================================================
==== signal check time ==== 2026-09-07 11:30:00.922323
IS_CHOI_DIFF_GT_25PERC== True
RSI_VAL1== 39.05
RSI_VAL2== 39.05
FUT_3m_OHLC O= 76619.7  H= 76625.1  L= 76605.8  C= 76625.1  Range= 19.2
CHART_PATTERN_DETECTED: HAMMER | OUTSIDE_BAR | DOUBLE_TOP_FORMING | DOUBLE_BOTTOM_FORMING
  PATTERN_CONTEXT: Body= 5.4  Range= 19.2  ExpectedRange= 64.6  RangeRatio= 0.3  O= 76619.7  H= 76625.1  L= 76605.8  C= 76625.1
recent two = [np.float64(6.73), np.float64(6.79)]
newSynthFut =  76600
ATMStrike =  76100
AVG_OIPCR= 0.4
avgoiPCROld=  6.79
SUPP_RES = 76500
FUT LTP = 76625.1
CEchoi  PechOi = 1203700.0    78980.0
====================================
AVG_VOLPCR= 1.38
atmPCR= 0.43  belowATM  0.46
atmVolPCR= 1.11  belowATM  1.45
True   76625.1   76500   False   False   39.05
India VIX = 11.29  Spot Price = 76097.26
IV Regime = NORMAL (ADAPTIVE: P25= 11.03  P50= 11.29  P75= 11.38 ) | DailyRange = 1227.3 | 3minCandleRange = 64.6 (theoretical= 107.6 ) | ATMoptionMove = 29.1 | SL = 102 | Target = 102 | TrailTrigger = 29 | Spread = 300 | Buffer = 32
IV Params refreshed: {'vix': 11.29, 'bn_price': 76097.26, 'regime': 'NORMAL', 'regime_thresholds': 'P25=11.03 P50=11.29 P75=11.38', 'daily_range': 1227.3, 'candle_range': 64.6, 'atm_option_move': 29.1, 'sl_point': 102, 'target_point': 102, 'sl_pct_of_premium': 0.1, 'trail_trigger': 29, 'spread_width': 300, 'support_resistance_buffer': 32}
===
====after 3 min ochain==== 2026-09-07 11:33:00.032811
                                    oipcr   choipcr   CE_OI / PE_OI (same strike)
pcr1 =  BSE:SENSEX2691076900PE   0.23   -0.3 CALL added 171200   PUT unwind -51660  CE_OI=423360 PE_OI=98060
pcr2 =  BSE:SENSEX2691076800PE   0.25   -0.3 CALL added 288180   PUT unwind -86180  CE_OI=594180 PE_OI=149340
pcr3 =  BSE:SENSEX2691076700CE   0.25   -0.48 CALL added 358360   PUT unwind -172700  CE_OI=788860 PE_OI=194660
pcr4 =  BSE:SENSEX2691076600CE   0.3   -0.55 CALL added 333660   PUT unwind -181980  CE_OI=702360 PE_OI=208020
pcr5 =  BSE:SENSEX2691076500CE   0.42   0.06 CALL added 1206220   PUT added 74000  CE_OI=1533580 PE_OI=648740
pcr6 =  BSE:SENSEX2691076400PE   0.46    0.28 CALL added 900200   PUT added 248060  CE_OI=950740 PE_OI=435100
pcr7 =  BSE:SENSEX2691076300CE   0.65   0.46 CALL added 1026040   PUT added 472100  CE_OI=1063620 PE_OI=694140
pcr8 =  BSE:SENSEX2691076200PE   1.03   0.56 CALL added 619720   PUT added 346820  CE_OI=651360 PE_OI=673160
pcr9 =  BSE:SENSEX2691076100PE   1.12   0.79 CALL added 404920   PUT added 320640  CE_OI=424400 PE_OI=474200
pcr10 =  BSE:SENSEX2691076000PE   1.85   1.02 CALL added 421420   PUT added 430000  CE_OI=487400 PE_OI=900820
pcr11 =  BSE:SENSEX2691075900PE   4.94   3.99 CALL added 62240   PUT added 248160  CE_OI=69660 PE_OI=343820
pcr12 =  BSE:SENSEX2691075800PE   4.08   2.31 CALL added 51820   PUT added 119760  CE_OI=56360 PE_OI=229820
pcr13 =  BSE:SENSEX2691075700CE   9.43   5.84 CALL added 14860   PUT added 86780  CE_OI=18300 PE_OI=172500
pcr14 =  BSE:SENSEX2691075600CE   12.81   6.96 CALL added 13520   PUT added 94040  CE_OI=17360 PE_OI=222460
pcr15 =  BSE:SENSEX2691075500CE   9.85   5.93 CALL added 32820   PUT added 194700  CE_OI=58440 PE_OI=575440
pcr16 =  BSE:SENSEX2691075400CE   39.76   30.78 CALL added 4140   PUT added 127420  CE_OI=6480 PE_OI=257660
pcr17 =  BSE:SENSEX2691075300PE   27.31   4.35 CALL added 3960   PUT added 17240  CE_OI=6860 PE_OI=187380
PCRSUM== 114.74
pcrSummation== 3.59
VOLPCRSUM== 12.41
spotLTP =  76100.05  ATM_STRIKE =  76100
IS_ATM_STRIKE_SHIFT = False  mapStrike = {76100: 76100}
avgOiPcrList2 = [np.float64(6.73), np.float64(6.79), np.float64(6.75)] atmStrikeNotShiftedCount= 11
False   11   3
SUPP_RES=== 76500  Buffer= 32
ANCHOR_COMPARE: spot=76100.05 fut=76613.9 basis(fut-spot)=513.85 | SR_future=76500 SR_spot=76000 SR_diff=500 | PCRwin_future=76600 PCRwin_spot=76100
CEoich val =  1206220.0  PEoich val =  74000.0 , CE > PE by 93.9%
SUPP_RES TOTAL OI: CE= 1533580  PE= 648740 , CE > PE by 57.7%
SPOT_SUPP_RES=== 76000  Buffer= 32
SPOT CEoich val =  421420.0  PEoich val =  430000.0 , CE < PE by 2.0%
SPOT_SUPP_RES TOTAL OI: CE= 487400  PE= 900820 , CE < PE by 45.9%
OI_SUPP_RES: spot=76100.05 ATM=76100 (ATM_CE_OI=424400 ATM_PE_OI=474200) | SUPPORT=76000PE OI=900820 (dist=-100) | RESISTANCE=76500CE OI=1533580 (dist=400)
OI_SUPPORT=== 76000
OI_SUPPORT CEoich val = 421420.0  PEoich val = 430000.0 , CE < PE by 2.0%
OI_SUPPORT TOTAL OI: CE= 487400  PE= 900820 , CE < PE by 45.9%
OI_RESISTANCE=== 76500
OI_RESISTANCE CEoich val = 1206220.0  PEoich val = 74000.0 , CE > PE by 93.9%
OI_RESISTANCE TOTAL OI: CE= 1533580  PE= 648740 , CE > PE by 57.7%
IS_MORNING_WINDOW= False  (active 9:15-9:48 IST)
================================================
==== signal check time ==== 2026-09-07 11:33:02.123383
IS_CHOI_DIFF_GT_25PERC== True
RSI_VAL1== 36.69
RSI_VAL2== 36.69
FUT_3m_OHLC O= 76613.9  H= 76613.9  L= 76613.9  C= 76613.9  Range= 0.0
CHART_PATTERN_DETECTED: INSIDE_BAR | DOUBLE_TOP_FORMING | DOUBLE_BOTTOM_FORMING
  PATTERN_CONTEXT: Body= 0.0  Range= 0.0  ExpectedRange= 64.6  RangeRatio= 0.0  O= 76613.9  H= 76613.9  L= 76613.9  C= 76613.9
recent two = [np.float64(6.79), np.float64(6.75)]
newSynthFut =  76600
ATMStrike =  76100
AVG_OIPCR= 0.4
avgoiPCROld=  6.75
SUPP_RES = 76500
FUT LTP = 76613.9
CEchoi  PechOi = 1206220.0    74000.0
====================================
AVG_VOLPCR= 1.38
atmPCR= 0.42  belowATM  0.46
atmVolPCR= 1.1  belowATM  1.44
True   76613.9   76500   False   False   36.69
India VIX = 11.27  Spot Price = 76093.93
IV Regime = NORMAL (ADAPTIVE: P25= 11.03  P50= 11.29  P75= 11.38 ) | DailyRange = 1225.1 | 3minCandleRange = 64.5 (theoretical= 107.4 ) | ATMoptionMove = 29.0 | SL = 102 | Target = 102 | TrailTrigger = 29 | Spread = 300 | Buffer = 32
IV Params refreshed: {'vix': 11.27, 'bn_price': 76093.93, 'regime': 'NORMAL', 'regime_thresholds': 'P25=11.03 P50=11.29 P75=11.38', 'daily_range': 1225.1, 'candle_range': 64.5, 'atm_option_move': 29.0, 'sl_point': 102, 'target_point': 102, 'sl_pct_of_premium': 0.1, 'trail_trigger': 29, 'spread_width': 300, 'support_resistance_buffer': 32}
===
====after 3 min ochain==== 2026-09-07 11:36:00.027733
                                    oipcr   choipcr   CE_OI / PE_OI (same strike)
pcr1 =  BSE:SENSEX2691076900PE   0.23   -0.3 CALL added 171940   PUT unwind -51600  CE_OI=424100 PE_OI=98120
pcr2 =  BSE:SENSEX2691076800PE   0.25   -0.31 CALL added 283060   PUT unwind -86600  CE_OI=589060 PE_OI=148920
pcr3 =  BSE:SENSEX2691076700CE   0.24   -0.48 CALL added 360800   PUT unwind -173520  CE_OI=791300 PE_OI=193840
pcr4 =  BSE:SENSEX2691076600CE   0.3   -0.54 CALL added 334180   PUT unwind -182060  CE_OI=702880 PE_OI=207940
pcr5 =  BSE:SENSEX2691076500CE   0.42   0.06 CALL added 1211900   PUT added 72820  CE_OI=1539260 PE_OI=647560
pcr6 =  BSE:SENSEX2691076400PE   0.46    0.27 CALL added 902900   PUT added 247100  CE_OI=953440 PE_OI=434140
pcr7 =  BSE:SENSEX2691076300CE   0.65   0.46 CALL added 1028420   PUT added 472080  CE_OI=1066000 PE_OI=694120
pcr8 =  BSE:SENSEX2691076200PE   1.03   0.56 CALL added 622120   PUT added 347720  CE_OI=653760 PE_OI=674060
pcr9 =  BSE:SENSEX2691076100PE   1.15   0.83 CALL added 412120   PUT added 342500  CE_OI=431600 PE_OI=496060
pcr10 =  BSE:SENSEX2691076000PE   1.87   1.05 CALL added 424100   PUT added 445300  CE_OI=490080 PE_OI=916120
pcr11 =  BSE:SENSEX2691075900PE   4.97   4.02 CALL added 62400   PUT added 251040  CE_OI=69820 PE_OI=346700
pcr12 =  BSE:SENSEX2691075800PE   4.06   2.3 CALL added 52160   PUT added 120200  CE_OI=56700 PE_OI=230260
pcr13 =  BSE:SENSEX2691075700CE   9.32   5.75 CALL added 15020   PUT added 86360  CE_OI=18460 PE_OI=172080
pcr14 =  BSE:SENSEX2691075600CE   11.97   5.97 CALL added 13740   PUT added 82020  CE_OI=17580 PE_OI=210440
pcr15 =  BSE:SENSEX2691075500CE   9.98   6.17 CALL added 32760   PUT added 201980  CE_OI=58380 PE_OI=582720
pcr16 =  BSE:SENSEX2691075400CE   40.08   31.27 CALL added 4140   PUT added 129460  CE_OI=6480 PE_OI=259700
pcr17 =  BSE:SENSEX2691075300PE   27.29   4.31 CALL added 3960   PUT added 17080  CE_OI=6860 PE_OI=187220
PCRSUM== 114.27
pcrSummation== 3.58
VOLPCRSUM== 12.349999999999998
spotLTP =  76093.93  ATM_STRIKE =  76100
IS_ATM_STRIKE_SHIFT = False  mapStrike = {76100: 76100}
avgOiPcrList2 = [np.float64(6.79), np.float64(6.75), np.float64(6.72)] atmStrikeNotShiftedCount= 12
False   12   3
SUPP_RES=== 76500  Buffer= 32
ANCHOR_COMPARE: spot=76093.93 fut=76628.25 basis(fut-spot)=534.32 | SR_future=76500 SR_spot=76000 SR_diff=500 | PCRwin_future=76600 PCRwin_spot=76100
CEoich val =  1211900.0  PEoich val =  72820.0 , CE > PE by 94.0%
SUPP_RES TOTAL OI: CE= 1539260  PE= 647560 , CE > PE by 57.9%
SPOT_SUPP_RES=== 76000  Buffer= 32
SPOT CEoich val =  424100.0  PEoich val =  445300.0 , CE < PE by 4.8%
SPOT_SUPP_RES TOTAL OI: CE= 490080  PE= 916120 , CE < PE by 46.5%
OI_SUPP_RES: spot=76093.93 ATM=76100 (ATM_CE_OI=431600 ATM_PE_OI=496060) | SUPPORT=76000PE OI=916120 (dist=-100) | RESISTANCE=76500CE OI=1539260 (dist=400)
OI_SUPPORT=== 76000
OI_SUPPORT CEoich val = 424100.0  PEoich val = 445300.0 , CE < PE by 4.8%
OI_SUPPORT TOTAL OI: CE= 490080  PE= 916120 , CE < PE by 46.5%
OI_RESISTANCE=== 76500
OI_RESISTANCE CEoich val = 1211900.0  PEoich val = 72820.0 , CE > PE by 94.0%
OI_RESISTANCE TOTAL OI: CE= 1539260  PE= 647560 , CE > PE by 57.9%
IS_MORNING_WINDOW= False  (active 9:15-9:48 IST)
================================================
==== signal check time ==== 2026-09-07 11:36:00.793542
IS_CHOI_DIFF_GT_25PERC== True
RSI_VAL1== 41.55
RSI_VAL2== 41.55
FUT_3m_OHLC O= 76628.2  H= 76628.2  L= 76628.2  C= 76628.2  Range= 0.0
CHART_PATTERN_DETECTED: DOUBLE_TOP_FORMING | DOUBLE_BOTTOM_FORMING
  PATTERN_CONTEXT: Body= 0.0  Range= 0.0  ExpectedRange= 64.5  RangeRatio= 0.0  O= 76628.2  H= 76628.2  L= 76628.2  C= 76628.2
isPcrDecr = True
newSynthFut =  76600
ATMStrike =  76100
AVG_OIPCR= 0.4
avgoiPCROld=  6.72
SUPP_RES = 76500
FUT LTP = 76628.25
CEchoi  PechOi = 1211900.0    72820.0
====================================
AVG_VOLPCR= 1.37
atmPCR= 0.42  belowATM  0.46
atmVolPCR= 1.1  belowATM  1.44
True   76628.25   76500   False   True   41.55
no trade yet = [np.float64(6.79), np.float64(6.75), np.float64(6.72)]
India VIX = 11.28  Spot Price = 76084.26
IV Regime = NORMAL (ADAPTIVE: P25= 11.03  P50= 11.29  P75= 11.38 ) | DailyRange = 1226.0 | 3minCandleRange = 64.5 (theoretical= 107.5 ) | ATMoptionMove = 29.0 | SL = 102 | Target = 102 | TrailTrigger = 29 | Spread = 300 | Buffer = 32
IV Params refreshed: {'vix': 11.28, 'bn_price': 76084.26, 'regime': 'NORMAL', 'regime_thresholds': 'P25=11.03 P50=11.29 P75=11.38', 'daily_range': 1226.0, 'candle_range': 64.5, 'atm_option_move': 29.0, 'sl_point': 102, 'target_point': 102, 'sl_pct_of_premium': 0.1, 'trail_trigger': 29, 'spread_width': 300, 'support_resistance_buffer': 32}
===
====after 3 min ochain==== 2026-09-07 11:39:00.026562
                                    oipcr   choipcr   CE_OI / PE_OI (same strike)
pcr1 =  BSE:SENSEX2691076900PE   0.23   -0.3 CALL added 172740   PUT unwind -51700  CE_OI=424900 PE_OI=98020
pcr2 =  BSE:SENSEX2691076800PE   0.25   -0.31 CALL added 281200   PUT unwind -86620  CE_OI=587200 PE_OI=148900
pcr3 =  BSE:SENSEX2691076700CE   0.25   -0.48 CALL added 363360   PUT unwind -172760  CE_OI=793860 PE_OI=194600
pcr4 =  BSE:SENSEX2691076600CE   0.29   -0.55 CALL added 334240   PUT unwind -184020  CE_OI=702940 PE_OI=205980
pcr5 =  BSE:SENSEX2691076500CE   0.41   0.06 CALL added 1221260   PUT added 67880  CE_OI=1548620 PE_OI=642620
pcr6 =  BSE:SENSEX2691076400PE   0.45    0.27 CALL added 905600   PUT added 245440  CE_OI=956140 PE_OI=432480
pcr7 =  BSE:SENSEX2691076300CE   0.64   0.45 CALL added 1035140   PUT added 467360  CE_OI=1072720 PE_OI=689400
pcr8 =  BSE:SENSEX2691076200PE   1.01   0.54 CALL added 624960   PUT added 335580  CE_OI=656600 PE_OI=661920
pcr9 =  BSE:SENSEX2691076100PE   1.11   0.8 CALL added 421980   PUT added 337440  CE_OI=441460 PE_OI=491000
pcr10 =  BSE:SENSEX2691076000PE   1.82   1.0 CALL added 430760   PUT added 431680  CE_OI=496740 PE_OI=902500
pcr11 =  BSE:SENSEX2691075900PE   4.88   3.94 CALL added 63740   PUT added 251400  CE_OI=71160 PE_OI=347060
pcr12 =  BSE:SENSEX2691075800PE   4.0   2.27 CALL added 52920   PUT added 119960  CE_OI=57460 PE_OI=230020
pcr13 =  BSE:SENSEX2691075700CE   9.04   5.5 CALL added 15420   PUT added 84820  CE_OI=18860 PE_OI=170540
pcr14 =  BSE:SENSEX2691075600CE   11.13   5.3 CALL added 14700   PUT added 77980  CE_OI=18540 PE_OI=206400
pcr15 =  BSE:SENSEX2691075500CE   9.89   6.01 CALL added 32800   PUT added 197220  CE_OI=58420 PE_OI=577960
pcr16 =  BSE:SENSEX2691075400CE   39.53   30.46 CALL added 4160   PUT added 126700  CE_OI=6500 PE_OI=256940
pcr17 =  BSE:SENSEX2691075300PE   27.03   4.53 CALL added 4080   PUT added 18500  CE_OI=6980 PE_OI=188640
PCRSUM== 111.96
pcrSummation== 3.53
VOLPCRSUM== 12.349999999999998
spotLTP =  76084.26  ATM_STRIKE =  76100
IS_ATM_STRIKE_SHIFT = False  mapStrike = {76100: 76100}
avgOiPcrList2 = [np.float64(6.75), np.float64(6.72), np.float64(6.59)] atmStrikeNotShiftedCount= 13
False   13   3
SUPP_RES=== 76500  Buffer= 32
ANCHOR_COMPARE: spot=76084.26 fut=76612.0 basis(fut-spot)=527.74 | SR_future=76500 SR_spot=76000 SR_diff=500 | PCRwin_future=76600 PCRwin_spot=76100
CEoich val =  1221260.0  PEoich val =  67880.0 , CE > PE by 94.4%
SUPP_RES TOTAL OI: CE= 1548620  PE= 642620 , CE > PE by 58.5%
SPOT_SUPP_RES=== 76000  Buffer= 32
SPOT CEoich val =  430760.0  PEoich val =  431680.0 , CE < PE by 0.2%
SPOT_SUPP_RES TOTAL OI: CE= 496740  PE= 902500 , CE < PE by 45.0%
OI_SUPP_RES: spot=76084.26 ATM=76100 (ATM_CE_OI=441460 ATM_PE_OI=491000) | SUPPORT=76000PE OI=902500 (dist=-100) | RESISTANCE=76500CE OI=1548620 (dist=400)
OI_SUPPORT=== 76000
OI_SUPPORT CEoich val = 430760.0  PEoich val = 431680.0 , CE < PE by 0.2%
OI_SUPPORT TOTAL OI: CE= 496740  PE= 902500 , CE < PE by 45.0%
OI_RESISTANCE=== 76500
OI_RESISTANCE CEoich val = 1221260.0  PEoich val = 67880.0 , CE > PE by 94.4%
OI_RESISTANCE TOTAL OI: CE= 1548620  PE= 642620 , CE > PE by 58.5%
IS_MORNING_WINDOW= False  (active 9:15-9:48 IST)
================================================
==== signal check time ==== 2026-09-07 11:39:00.731252
IS_CHOI_DIFF_GT_25PERC== True
RSI_VAL1== 38.0
RSI_VAL2== 38.0
FUT_3m_OHLC O= 76628.2  H= 76628.2  L= 76612.0  C= 76612.0  Range= 16.2
CHART_PATTERN_DETECTED: DOUBLE_TOP_FORMING | DOUBLE_BOTTOM_FORMING
  PATTERN_CONTEXT: Body= -16.2  Range= 16.2  ExpectedRange= 64.5  RangeRatio= 0.25  O= 76628.2  H= 76628.2  L= 76612.0  C= 76612.0
isPcrDecr = True
newSynthFut =  76600
ATMStrike =  76100
AVG_OIPCR= 0.39
avgoiPCROld=  6.59
SUPP_RES = 76500
FUT LTP = 76612.0
CEchoi  PechOi = 1221260.0    67880.0
====================================
AVG_VOLPCR= 1.37
atmPCR= 0.41  belowATM  0.45
atmVolPCR= 1.1  belowATM  1.44
True   76612.0   76500   False   True   38.0
no trade yet = [np.float64(6.75), np.float64(6.72), np.float64(6.59)]
India VIX = 11.33  Spot Price = 76083.02
IV Regime = ELEVATED (ADAPTIVE: P25= 11.03  P50= 11.29  P75= 11.38 ) | DailyRange = 1231.5 | 3minCandleRange = 64.8 (theoretical= 108.0 ) | ATMoptionMove = 29.2 | SL = 102 | Target = 102 | TrailTrigger = 29 | Spread = 300 | Buffer = 42
IV Params refreshed: {'vix': 11.33, 'bn_price': 76083.02, 'regime': 'ELEVATED', 'regime_thresholds': 'P25=11.03 P50=11.29 P75=11.38', 'daily_range': 1231.5, 'candle_range': 64.8, 'atm_option_move': 29.2, 'sl_point': 102, 'target_point': 102, 'sl_pct_of_premium': 0.1, 'trail_trigger': 29, 'spread_width': 300, 'support_resistance_buffer': 42}
===
====after 3 min ochain==== 2026-09-07 11:42:00.029466
                                    oipcr   choipcr   CE_OI / PE_OI (same strike)
pcr1 =  BSE:SENSEX2691076900PE   0.23   -0.3 CALL added 176680   PUT unwind -52320  CE_OI=428840 PE_OI=97400
pcr2 =  BSE:SENSEX2691076800PE   0.25   -0.32 CALL added 280320   PUT unwind -88700  CE_OI=586320 PE_OI=146820
pcr3 =  BSE:SENSEX2691076700CE   0.24   -0.47 CALL added 367860   PUT unwind -173220  CE_OI=798360 PE_OI=194140
pcr4 =  BSE:SENSEX2691076600CE   0.29   -0.56 CALL added 332720   PUT unwind -186760  CE_OI=701420 PE_OI=203240
pcr5 =  BSE:SENSEX2691076500CE   0.41   0.05 CALL added 1223240   PUT added 64280  CE_OI=1550600 PE_OI=639020
pcr6 =  BSE:SENSEX2691076400PE   0.44    0.26 CALL added 909660   PUT added 239620  CE_OI=960200 PE_OI=426660
pcr7 =  BSE:SENSEX2691076300CE   0.63   0.44 CALL added 1045800   PUT added 462380  CE_OI=1083380 PE_OI=684420
pcr8 =  BSE:SENSEX2691076200PE   0.99   0.52 CALL added 634620   PUT added 330140  CE_OI=666260 PE_OI=656480
pcr9 =  BSE:SENSEX2691076100PE   1.04   0.73 CALL added 436000   PUT added 320360  CE_OI=455480 PE_OI=473920
pcr10 =  BSE:SENSEX2691076000PE   1.8   0.98 CALL added 433860   PUT added 427080  CE_OI=499840 PE_OI=897900
pcr11 =  BSE:SENSEX2691075900PE   4.75   3.83 CALL added 65780   PUT added 251980  CE_OI=73200 PE_OI=347640
pcr12 =  BSE:SENSEX2691075800PE   3.95   2.21 CALL added 52980   PUT added 117180  CE_OI=57520 PE_OI=227240
pcr13 =  BSE:SENSEX2691075700CE   8.98   5.46 CALL added 15580   PUT added 85060  CE_OI=19020 PE_OI=170780
pcr14 =  BSE:SENSEX2691075600CE   11.76   6.19 CALL added 14960   PUT added 92620  CE_OI=18800 PE_OI=221040
pcr15 =  BSE:SENSEX2691075500CE   9.62   5.54 CALL added 32880   PUT added 182080  CE_OI=58500 PE_OI=562820
pcr16 =  BSE:SENSEX2691075400CE   38.39   28.68 CALL added 4160   PUT added 119320  CE_OI=6500 PE_OI=249560
pcr17 =  BSE:SENSEX2691075300PE   24.71   3.84 CALL added 4720   PUT added 18140  CE_OI=7620 PE_OI=188280
PCRSUM== 108.48
pcrSummation== 3.48
VOLPCRSUM== 12.32
spotLTP =  76083.02  ATM_STRIKE =  76100
IS_ATM_STRIKE_SHIFT = False  mapStrike = {76100: 76100}
avgOiPcrList2 = [np.float64(6.72), np.float64(6.59), np.float64(6.38)] atmStrikeNotShiftedCount= 14
False   14   3
SUPP_RES=== 76500  Buffer= 42
ANCHOR_COMPARE: spot=76083.02 fut=76600.0 basis(fut-spot)=516.98 | SR_future=76500 SR_spot=76000 SR_diff=500 | PCRwin_future=76600 PCRwin_spot=76100
CEoich val =  1223240.0  PEoich val =  64280.0 , CE > PE by 94.7%
SUPP_RES TOTAL OI: CE= 1550600  PE= 639020 , CE > PE by 58.8%
SPOT_SUPP_RES=== 76000  Buffer= 42
SPOT CEoich val =  433860.0  PEoich val =  427080.0 , CE > PE by 1.6%
SPOT_SUPP_RES TOTAL OI: CE= 499840  PE= 897900 , CE < PE by 44.3%
OI_SUPP_RES: spot=76083.02 ATM=76100 (ATM_CE_OI=455480 ATM_PE_OI=473920) | SUPPORT=76000PE OI=897900 (dist=-100) | RESISTANCE=76500CE OI=1550600 (dist=400)
OI_SUPPORT=== 76000
OI_SUPPORT CEoich val = 433860.0  PEoich val = 427080.0 , CE > PE by 1.6%
OI_SUPPORT TOTAL OI: CE= 499840  PE= 897900 , CE < PE by 44.3%
OI_RESISTANCE=== 76500
OI_RESISTANCE CEoich val = 1223240.0  PEoich val = 64280.0 , CE > PE by 94.7%
OI_RESISTANCE TOTAL OI: CE= 1550600  PE= 639020 , CE > PE by 58.8%
IS_MORNING_WINDOW= False  (active 9:15-9:48 IST)
================================================
==== signal check time ==== 2026-09-07 11:42:00.723449
IS_CHOI_DIFF_GT_25PERC== True
RSI_VAL1== 35.57
RSI_VAL2== 35.57
FUT_3m_OHLC O= 76610.0  H= 76612.0  L= 76600.0  C= 76600.0  Range= 12.0
CHART_PATTERN_DETECTED: DOUBLE_TOP_FORMING | DOUBLE_BOTTOM_FORMING
  PATTERN_CONTEXT: Body= -10.0  Range= 12.0  ExpectedRange= 64.8  RangeRatio= 0.19  O= 76610.0  H= 76612.0  L= 76600.0  C= 76600.0
isPcrDecr = True
newSynthFut =  76600
ATMStrike =  76100
AVG_OIPCR= 0.39
avgoiPCROld=  6.38
SUPP_RES = 76500
FUT LTP = 76600.0
CEchoi  PechOi = 1223240.0    64280.0
====================================
AVG_VOLPCR= 1.37
atmPCR= 0.41  belowATM  0.44
atmVolPCR= 1.09  belowATM  1.44
True   76600.0   76500   False   True   35.57
no trade yet = [np.float64(6.72), np.float64(6.59), np.float64(6.38)]
India VIX = 11.29  Spot Price = 76111.83
IV Regime = NORMAL (ADAPTIVE: P25= 11.03  P50= 11.29  P75= 11.38 ) | DailyRange = 1227.6 | 3minCandleRange = 64.6 (theoretical= 107.7 ) | ATMoptionMove = 29.1 | SL = 102 | Target = 102 | TrailTrigger = 29 | Spread = 300 | Buffer = 32
IV Params refreshed: {'vix': 11.29, 'bn_price': 76111.83, 'regime': 'NORMAL', 'regime_thresholds': 'P25=11.03 P50=11.29 P75=11.38', 'daily_range': 1227.6, 'candle_range': 64.6, 'atm_option_move': 29.1, 'sl_point': 102, 'target_point': 102, 'sl_pct_of_premium': 0.1, 'trail_trigger': 29, 'spread_width': 300, 'support_resistance_buffer': 32}
===
====after 3 min ochain==== 2026-09-07 11:45:00.029670
                                    oipcr   choipcr   CE_OI / PE_OI (same strike)
pcr1 =  BSE:SENSEX2691076900PE   0.23   -0.3 CALL added 175740   PUT unwind -52600  CE_OI=427900 PE_OI=97120
pcr2 =  BSE:SENSEX2691076800PE   0.25   -0.32 CALL added 277900   PUT unwind -90160  CE_OI=583900 PE_OI=145360
pcr3 =  BSE:SENSEX2691076700CE   0.24   -0.48 CALL added 367760   PUT unwind -175480  CE_OI=798260 PE_OI=191880
pcr4 =  BSE:SENSEX2691076600CE   0.29   -0.55 CALL added 338180   PUT unwind -187400  CE_OI=706880 PE_OI=202600
pcr5 =  BSE:SENSEX2691076500CE   0.4   0.04 CALL added 1226280   PUT added 47340  CE_OI=1553640 PE_OI=622080
pcr6 =  BSE:SENSEX2691076400PE   0.44    0.26 CALL added 919620   PUT added 240120  CE_OI=970160 PE_OI=427160
pcr7 =  BSE:SENSEX2691076300CE   0.62   0.43 CALL added 1047000   PUT added 446440  CE_OI=1084580 PE_OI=668480
pcr8 =  BSE:SENSEX2691076200PE   1.02   0.55 CALL added 628080   PUT added 348380  CE_OI=659720 PE_OI=674720
pcr9 =  BSE:SENSEX2691076100PE   1.02   0.73 CALL added 447540   PUT added 324700  CE_OI=467020 PE_OI=478260
pcr10 =  BSE:SENSEX2691076000PE   1.76   0.96 CALL added 446500   PUT added 429860  CE_OI=512480 PE_OI=900680
pcr11 =  BSE:SENSEX2691075900PE   4.63   3.73 CALL added 68380   PUT added 255180  CE_OI=75800 PE_OI=350840
pcr12 =  BSE:SENSEX2691075800PE   4.02   2.29 CALL added 53060   PUT added 121700  CE_OI=57600 PE_OI=231760
pcr13 =  BSE:SENSEX2691075700CE   8.28   5.06 CALL added 17800   PUT added 90080  CE_OI=21240 PE_OI=175800
pcr14 =  BSE:SENSEX2691075600CE   10.49   5.0 CALL added 16060   PUT added 80380  CE_OI=19900 PE_OI=208800
pcr15 =  BSE:SENSEX2691075500CE   9.27   5.06 CALL added 34060   PUT added 172300  CE_OI=59680 PE_OI=553040
pcr16 =  BSE:SENSEX2691075400CE   38.13   28.55 CALL added 4280   PUT added 122200  CE_OI=6620 PE_OI=252440
pcr17 =  BSE:SENSEX2691075300PE   27.28   4.87 CALL added 4060   PUT added 19760  CE_OI=6960 PE_OI=189900
PCRSUM== 108.37
pcrSummation== 3.49
VOLPCRSUM== 12.209999999999999
spotLTP =  76114.37  ATM_STRIKE =  76100
IS_ATM_STRIKE_SHIFT = False  mapStrike = {76100: 76100}
avgOiPcrList2 = [np.float64(6.59), np.float64(6.38), np.float64(6.37)] atmStrikeNotShiftedCount= 15
False   15   3
SUPP_RES=== 76500  Buffer= 32
ANCHOR_COMPARE: spot=76114.37 fut=76600.0 basis(fut-spot)=485.63 | SR_future=76500 SR_spot=76000 SR_diff=500 | PCRwin_future=76600 PCRwin_spot=76100
CEoich val =  1226280.0  PEoich val =  47340.0 , CE > PE by 96.1%
SUPP_RES TOTAL OI: CE= 1553640  PE= 622080 , CE > PE by 60.0%
SPOT_SUPP_RES=== 76000  Buffer= 32
SPOT CEoich val =  446500.0  PEoich val =  429860.0 , CE > PE by 3.7%
SPOT_SUPP_RES TOTAL OI: CE= 512480  PE= 900680 , CE < PE by 43.1%
OI_SUPP_RES: spot=76114.37 ATM=76100 (ATM_CE_OI=467020 ATM_PE_OI=478260) | SUPPORT=76000PE OI=900680 (dist=-100) | RESISTANCE=76500CE OI=1553640 (dist=400)
OI_SUPPORT=== 76000
OI_SUPPORT CEoich val = 446500.0  PEoich val = 429860.0 , CE > PE by 3.7%
OI_SUPPORT TOTAL OI: CE= 512480  PE= 900680 , CE < PE by 43.1%
OI_RESISTANCE=== 76500
OI_RESISTANCE CEoich val = 1226280.0  PEoich val = 47340.0 , CE > PE by 96.1%
OI_RESISTANCE TOTAL OI: CE= 1553640  PE= 622080 , CE > PE by 60.0%
IS_MORNING_WINDOW= False  (active 9:15-9:48 IST)
================================================
==== signal check time ==== 2026-09-07 11:45:00.820842
IS_CHOI_DIFF_GT_25PERC== True
RSI_VAL1== 35.57
RSI_VAL2== 35.57
FUT_3m_OHLC O= 76600.0  H= 76600.0  L= 76600.0  C= 76600.0  Range= 0.0
CHART_PATTERN_DETECTED: INSIDE_BAR | DOUBLE_TOP_FORMING | DOUBLE_BOTTOM_FORMING
  PATTERN_CONTEXT: Body= 0.0  Range= 0.0  ExpectedRange= 64.6  RangeRatio= 0.0  O= 76600.0  H= 76600.0  L= 76600.0  C= 76600.0
isPcrDecr = True
newSynthFut =  76600
ATMStrike =  76100
AVG_OIPCR= 0.39
avgoiPCROld=  6.37
SUPP_RES = 76500
FUT LTP = 76600.0
CEchoi  PechOi = 1226280.0    47340.0
====================================
AVG_VOLPCR= 1.36
atmPCR= 0.4  belowATM  0.44
atmVolPCR= 1.08  belowATM  1.43
True   76600.0   76500   False   True   35.57
no trade yet = [np.float64(6.59), np.float64(6.38), np.float64(6.37)]
India VIX = 11.31  Spot Price = 76109.65
IV Regime = ELEVATED (ADAPTIVE: P25= 11.03  P50= 11.29  P75= 11.38 ) | DailyRange = 1229.7 | 3minCandleRange = 64.7 (theoretical= 107.9 ) | ATMoptionMove = 29.1 | SL = 102 | Target = 102 | TrailTrigger = 29 | Spread = 300 | Buffer = 42
IV Params refreshed: {'vix': 11.31, 'bn_price': 76109.65, 'regime': 'ELEVATED', 'regime_thresholds': 'P25=11.03 P50=11.29 P75=11.38', 'daily_range': 1229.7, 'candle_range': 64.7, 'atm_option_move': 29.1, 'sl_point': 102, 'target_point': 102, 'sl_pct_of_premium': 0.1, 'trail_trigger': 29, 'spread_width': 300, 'support_resistance_buffer': 42}
===
====after 3 min ochain==== 2026-09-07 11:48:00.024473
                                    oipcr   choipcr   CE_OI / PE_OI (same strike)
pcr1 =  BSE:SENSEX2691076900PE   0.23   -0.3 CALL added 171920   PUT unwind -52300  CE_OI=424080 PE_OI=97420
pcr2 =  BSE:SENSEX2691076800PE   0.25   -0.32 CALL added 281320   PUT unwind -90840  CE_OI=587320 PE_OI=144680
pcr3 =  BSE:SENSEX2691076700CE   0.24   -0.49 CALL added 369200   PUT unwind -179320  CE_OI=799700 PE_OI=188040
pcr4 =  BSE:SENSEX2691076600CE   0.28   -0.55 CALL added 341480   PUT unwind -187820  CE_OI=710180 PE_OI=202180
pcr5 =  BSE:SENSEX2691076500CE   0.4   0.04 CALL added 1221960   PUT added 48420  CE_OI=1549320 PE_OI=623160
pcr6 =  BSE:SENSEX2691076400PE   0.44    0.26 CALL added 925080   PUT added 244540  CE_OI=975620 PE_OI=431580
pcr7 =  BSE:SENSEX2691076300CE   0.62   0.43 CALL added 1060900   PUT added 455280  CE_OI=1098480 PE_OI=677320
pcr8 =  BSE:SENSEX2691076200PE   1.03   0.56 CALL added 632880   PUT added 357080  CE_OI=664520 PE_OI=683420
pcr9 =  BSE:SENSEX2691076100PE   1.03   0.74 CALL added 454580   PUT added 334860  CE_OI=474060 PE_OI=488420
pcr10 =  BSE:SENSEX2691076000PE   1.8   1.0 CALL added 435820   PUT added 434020  CE_OI=501800 PE_OI=904840
pcr11 =  BSE:SENSEX2691075900PE   4.72   3.83 CALL added 67920   PUT added 259940  CE_OI=75340 PE_OI=355600
pcr12 =  BSE:SENSEX2691075800PE   4.06   2.35 CALL added 53700   PUT added 126340  CE_OI=58240 PE_OI=236400
pcr13 =  BSE:SENSEX2691075700CE   8.0   4.87 CALL added 18640   PUT added 90840  CE_OI=22080 PE_OI=176560
pcr14 =  BSE:SENSEX2691075600CE   10.5   5.02 CALL added 16080   PUT added 80760  CE_OI=19920 PE_OI=209180
pcr15 =  BSE:SENSEX2691075500CE   9.26   5.08 CALL added 34280   PUT added 174200  CE_OI=59900 PE_OI=554940
pcr16 =  BSE:SENSEX2691075400CE   37.37   27.6 CALL added 4380   PUT added 120900  CE_OI=6720 PE_OI=251140
pcr17 =  BSE:SENSEX2691075300PE   27.6   5.51 CALL added 4080   PUT added 22500  CE_OI=6980 PE_OI=192640
PCRSUM== 107.83
pcrSummation== 3.49
VOLPCRSUM== 12.069999999999999
spotLTP =  76111.8  ATM_STRIKE =  76100
IS_ATM_STRIKE_SHIFT = False  mapStrike = {76100: 76100}
avgOiPcrList2 = [np.float64(6.38), np.float64(6.37), np.float64(6.34)] atmStrikeNotShiftedCount= 16
False   16   3
SUPP_RES=== 76500  Buffer= 42
ANCHOR_COMPARE: spot=76111.8 fut=76604.35 basis(fut-spot)=492.55 | SR_future=76500 SR_spot=76000 SR_diff=500 | PCRwin_future=76600 PCRwin_spot=76100
CEoich val =  1221960.0  PEoich val =  48420.0 , CE > PE by 96.0%
SUPP_RES TOTAL OI: CE= 1549320  PE= 623160 , CE > PE by 59.8%
SPOT_SUPP_RES=== 76000  Buffer= 42
SPOT CEoich val =  435820.0  PEoich val =  434020.0 , CE > PE by 0.4%
SPOT_SUPP_RES TOTAL OI: CE= 501800  PE= 904840 , CE < PE by 44.5%
OI_SUPP_RES: spot=76111.8 ATM=76100 (ATM_CE_OI=474060 ATM_PE_OI=488420) | SUPPORT=76000PE OI=904840 (dist=-100) | RESISTANCE=76500CE OI=1549320 (dist=400)
OI_SUPPORT=== 76000
OI_SUPPORT CEoich val = 435820.0  PEoich val = 434020.0 , CE > PE by 0.4%
OI_SUPPORT TOTAL OI: CE= 501800  PE= 904840 , CE < PE by 44.5%
OI_RESISTANCE=== 76500
OI_RESISTANCE CEoich val = 1221960.0  PEoich val = 48420.0 , CE > PE by 96.0%
OI_RESISTANCE TOTAL OI: CE= 1549320  PE= 623160 , CE > PE by 59.8%
IS_MORNING_WINDOW= False  (active 9:15-9:48 IST)
================================================
==== signal check time ==== 2026-09-07 11:48:00.707298
IS_CHOI_DIFF_GT_25PERC== True
RSI_VAL1== 37.25
RSI_VAL2== 37.25
FUT_3m_OHLC O= 76603.5  H= 76604.4  L= 76603.5  C= 76604.4  Range= 0.9
CHART_PATTERN_DETECTED: DOUBLE_BOTTOM_FORMING
  PATTERN_CONTEXT: Body= 0.9  Range= 0.9  ExpectedRange= 64.7  RangeRatio= 0.01  O= 76603.5  H= 76604.4  L= 76603.5  C= 76604.4
isPcrDecr = True
newSynthFut =  76600
ATMStrike =  76100
AVG_OIPCR= 0.39
avgoiPCROld=  6.34
SUPP_RES = 76500
FUT LTP = 76604.35
CEchoi  PechOi = 1221960.0    48420.0
====================================
AVG_VOLPCR= 1.34
atmPCR= 0.4  belowATM  0.44
atmVolPCR= 1.08  belowATM  1.42
True   76604.35   76500   False   True   37.25
no trade yet = [np.float64(6.38), np.float64(6.37), np.float64(6.34)]
India VIX = 11.32  Spot Price = 76096.39
IV Regime = ELEVATED (ADAPTIVE: P25= 11.03  P50= 11.29  P75= 11.38 ) | DailyRange = 1230.6 | 3minCandleRange = 64.8 (theoretical= 107.9 ) | ATMoptionMove = 29.1 | SL = 102 | Target = 102 | TrailTrigger = 29 | Spread = 300 | Buffer = 42
IV Params refreshed: {'vix': 11.32, 'bn_price': 76096.39, 'regime': 'ELEVATED', 'regime_thresholds': 'P25=11.03 P50=11.29 P75=11.38', 'daily_range': 1230.6, 'candle_range': 64.8, 'atm_option_move': 29.1, 'sl_point': 102, 'target_point': 102, 'sl_pct_of_premium': 0.1, 'trail_trigger': 29, 'spread_width': 300, 'support_resistance_buffer': 42}
===
====after 3 min ochain==== 2026-09-07 11:51:00.033174
                                    oipcr   choipcr   CE_OI / PE_OI (same strike)
pcr1 =  BSE:SENSEX2691076900PE   0.23   -0.3 CALL added 173300   PUT unwind -52780  CE_OI=425460 PE_OI=96940
pcr2 =  BSE:SENSEX2691076800PE   0.24   -0.32 CALL added 287560   PUT unwind -91680  CE_OI=593560 PE_OI=143840
pcr3 =  BSE:SENSEX2691076700CE   0.24   -0.49 CALL added 367200   PUT unwind -179240  CE_OI=797700 PE_OI=188120
pcr4 =  BSE:SENSEX2691076600CE   0.28   -0.54 CALL added 348220   PUT unwind -189160  CE_OI=716920 PE_OI=200840
pcr5 =  BSE:SENSEX2691076500CE   0.4   0.04 CALL added 1236320   PUT added 52700  CE_OI=1563680 PE_OI=627440
pcr6 =  BSE:SENSEX2691076400PE   0.44    0.26 CALL added 931300   PUT added 246200  CE_OI=981840 PE_OI=433240
pcr7 =  BSE:SENSEX2691076300CE   0.61   0.42 CALL added 1066520   PUT added 452460  CE_OI=1104100 PE_OI=674500
pcr8 =  BSE:SENSEX2691076200PE   1.01   0.56 CALL added 651680   PUT added 363420  CE_OI=683320 PE_OI=689760
pcr9 =  BSE:SENSEX2691076100PE   1.02   0.73 CALL added 464020   PUT added 337600  CE_OI=483500 PE_OI=491160
pcr10 =  BSE:SENSEX2691076000PE   1.8   1.0 CALL added 440400   PUT added 438920  CE_OI=506380 PE_OI=909740
pcr11 =  BSE:SENSEX2691075900PE   4.91   4.0 CALL added 65260   PUT added 261300  CE_OI=72680 PE_OI=356960
pcr12 =  BSE:SENSEX2691075800PE   3.98   2.26 CALL added 53400   PUT added 120800  CE_OI=57940 PE_OI=230860
pcr13 =  BSE:SENSEX2691075700CE   7.84   4.75 CALL added 19020   PUT added 90380  CE_OI=22460 PE_OI=176100
pcr14 =  BSE:SENSEX2691075600CE   10.39   4.96 CALL added 16320   PUT added 80980  CE_OI=20160 PE_OI=209400
pcr15 =  BSE:SENSEX2691075500CE   9.31   5.14 CALL added 34060   PUT added 174960  CE_OI=59680 PE_OI=555700
pcr16 =  BSE:SENSEX2691075400CE   37.35   27.58 CALL added 4380   PUT added 120780  CE_OI=6720 PE_OI=251020
pcr17 =  BSE:SENSEX2691075300PE   27.6   5.52 CALL added 4080   PUT added 22520  CE_OI=6980 PE_OI=192660
PCRSUM== 107.65
pcrSummation== 3.45
VOLPCRSUM== 12.02
spotLTP =  76096.39  ATM_STRIKE =  76100
IS_ATM_STRIKE_SHIFT = False  mapStrike = {76100: 76100}
avgOiPcrList2 = [np.float64(6.37), np.float64(6.34), np.float64(6.33)] atmStrikeNotShiftedCount= 17
False   17   3
SUPP_RES=== 76500  Buffer= 42
ANCHOR_COMPARE: spot=76096.39 fut=76604.35 basis(fut-spot)=507.96 | SR_future=76500 SR_spot=76000 SR_diff=500 | PCRwin_future=76600 PCRwin_spot=76100
CEoich val =  1236320.0  PEoich val =  52700.0 , CE > PE by 95.7%
SUPP_RES TOTAL OI: CE= 1563680  PE= 627440 , CE > PE by 59.9%
SPOT_SUPP_RES=== 76000  Buffer= 42
SPOT CEoich val =  440400.0  PEoich val =  438920.0 , CE > PE by 0.3%
SPOT_SUPP_RES TOTAL OI: CE= 506380  PE= 909740 , CE < PE by 44.3%
OI_SUPP_RES: spot=76096.39 ATM=76100 (ATM_CE_OI=483500 ATM_PE_OI=491160) | SUPPORT=76000PE OI=909740 (dist=-100) | RESISTANCE=76500CE OI=1563680 (dist=400)
OI_SUPPORT=== 76000
OI_SUPPORT CEoich val = 440400.0  PEoich val = 438920.0 , CE > PE by 0.3%
OI_SUPPORT TOTAL OI: CE= 506380  PE= 909740 , CE < PE by 44.3%
OI_RESISTANCE=== 76500
OI_RESISTANCE CEoich val = 1236320.0  PEoich val = 52700.0 , CE > PE by 95.7%
OI_RESISTANCE TOTAL OI: CE= 1563680  PE= 627440 , CE > PE by 59.9%
IS_MORNING_WINDOW= False  (active 9:15-9:48 IST)
================================================
==== signal check time ==== 2026-09-07 11:51:00.715623
IS_CHOI_DIFF_GT_25PERC== True
RSI_VAL1== 37.25
RSI_VAL2== 37.25
FUT_3m_OHLC O= 76604.4  H= 76604.4  L= 76604.4  C= 76604.4  Range= 0.0
CHART_PATTERN_DETECTED: INSIDE_BAR | DOUBLE_TOP_FORMING | DOUBLE_BOTTOM_FORMING
  PATTERN_CONTEXT: Body= 0.0  Range= 0.0  ExpectedRange= 64.8  RangeRatio= 0.0  O= 76604.4  H= 76604.4  L= 76604.4  C= 76604.4
isPcrDecr = True
newSynthFut =  76600
ATMStrike =  76100
AVG_OIPCR= 0.38
avgoiPCROld=  6.33
SUPP_RES = 76500
FUT LTP = 76604.35
CEchoi  PechOi = 1236320.0    52700.0
====================================
AVG_VOLPCR= 1.34
atmPCR= 0.4  belowATM  0.44
atmVolPCR= 1.07  belowATM  1.42
True   76604.35   76500   False   True   37.25
no trade yet = [np.float64(6.37), np.float64(6.34), np.float64(6.33)]
India VIX = 11.28  Spot Price = 76105.28
IV Regime = NORMAL (ADAPTIVE: P25= 11.03  P50= 11.29  P75= 11.38 ) | DailyRange = 1226.4 | 3minCandleRange = 64.5 (theoretical= 107.6 ) | ATMoptionMove = 29.0 | SL = 102 | Target = 102 | TrailTrigger = 29 | Spread = 300 | Buffer = 32
IV Params refreshed: {'vix': 11.28, 'bn_price': 76105.28, 'regime': 'NORMAL', 'regime_thresholds': 'P25=11.03 P50=11.29 P75=11.38', 'daily_range': 1226.4, 'candle_range': 64.5, 'atm_option_move': 29.0, 'sl_point': 102, 'target_point': 102, 'sl_pct_of_premium': 0.1, 'trail_trigger': 29, 'spread_width': 300, 'support_resistance_buffer': 32}
===
====after 3 min ochain==== 2026-09-07 11:54:00.026297
                                    oipcr   choipcr   CE_OI / PE_OI (same strike)
pcr1 =  BSE:SENSEX2691076900PE   0.23   -0.3 CALL added 174840   PUT unwind -52440  CE_OI=427000 PE_OI=97280
pcr2 =  BSE:SENSEX2691076800PE   0.24   -0.31 CALL added 291320   PUT unwind -91480  CE_OI=597320 PE_OI=144040
pcr3 =  BSE:SENSEX2691076700CE   0.24   -0.49 CALL added 369120   PUT unwind -179060  CE_OI=799620 PE_OI=188300
pcr4 =  BSE:SENSEX2691076600CE   0.28   -0.55 CALL added 346740   PUT unwind -189680  CE_OI=715440 PE_OI=200320
pcr5 =  BSE:SENSEX2691076500CE   0.4   0.05 CALL added 1239540   PUT added 59620  CE_OI=1566900 PE_OI=634360
pcr6 =  BSE:SENSEX2691076400PE   0.44    0.26 CALL added 930360   PUT added 244100  CE_OI=980900 PE_OI=431140
pcr7 =  BSE:SENSEX2691076300CE   0.61   0.43 CALL added 1067880   PUT added 455640  CE_OI=1105460 PE_OI=677680
pcr8 =  BSE:SENSEX2691076200PE   1.03   0.58 CALL added 645360   PUT added 372000  CE_OI=677000 PE_OI=698340
pcr9 =  BSE:SENSEX2691076100PE   1.04   0.75 CALL added 462400   PUT added 347300  CE_OI=481880 PE_OI=500860
pcr10 =  BSE:SENSEX2691076000PE   1.82   1.02 CALL added 437680   PUT added 445840  CE_OI=503660 PE_OI=916660
pcr11 =  BSE:SENSEX2691075900PE   4.92   4.02 CALL added 65820   PUT added 264340  CE_OI=73240 PE_OI=360000
pcr12 =  BSE:SENSEX2691075800PE   3.96   2.25 CALL added 54080   PUT added 121800  CE_OI=58620 PE_OI=231860
pcr13 =  BSE:SENSEX2691075700CE   7.62   4.58 CALL added 19580   PUT added 89700  CE_OI=23020 PE_OI=175420
pcr14 =  BSE:SENSEX2691075600CE   10.37   4.99 CALL added 16460   PUT added 82160  CE_OI=20300 PE_OI=210580
pcr15 =  BSE:SENSEX2691075500CE   9.31   5.13 CALL added 34040   PUT added 174560  CE_OI=59660 PE_OI=555300
pcr16 =  BSE:SENSEX2691075400CE   37.23   27.43 CALL added 4400   PUT added 120700  CE_OI=6740 PE_OI=250940
pcr17 =  BSE:SENSEX2691075300PE   27.18   5.65 CALL added 4240   PUT added 23960  CE_OI=7140 PE_OI=194100
PCRSUM== 106.92
pcrSummation== 3.47
VOLPCRSUM== 11.940000000000001
spotLTP =  76105.28  ATM_STRIKE =  76100
IS_ATM_STRIKE_SHIFT = False  mapStrike = {76100: 76100}
avgOiPcrList2 = [np.float64(6.34), np.float64(6.33), np.float64(6.29)] atmStrikeNotShiftedCount= 18
False   18   3
SUPP_RES=== 76500  Buffer= 32
ANCHOR_COMPARE: spot=76105.28 fut=76604.35 basis(fut-spot)=499.07 | SR_future=76500 SR_spot=76000 SR_diff=500 | PCRwin_future=76600 PCRwin_spot=76100
CEoich val =  1239540.0  PEoich val =  59620.0 , CE > PE by 95.2%
SUPP_RES TOTAL OI: CE= 1566900  PE= 634360 , CE > PE by 59.5%
SPOT_SUPP_RES=== 76000  Buffer= 32
SPOT CEoich val =  437680.0  PEoich val =  445840.0 , CE < PE by 1.8%
SPOT_SUPP_RES TOTAL OI: CE= 503660  PE= 916660 , CE < PE by 45.1%
OI_SUPP_RES: spot=76105.28 ATM=76100 (ATM_CE_OI=481880 ATM_PE_OI=500860) | SUPPORT=76000PE OI=916660 (dist=-100) | RESISTANCE=76500CE OI=1566900 (dist=400)
OI_SUPPORT=== 76000
OI_SUPPORT CEoich val = 437680.0  PEoich val = 445840.0 , CE < PE by 1.8%
OI_SUPPORT TOTAL OI: CE= 503660  PE= 916660 , CE < PE by 45.1%
OI_RESISTANCE=== 76500
OI_RESISTANCE CEoich val = 1239540.0  PEoich val = 59620.0 , CE > PE by 95.2%
OI_RESISTANCE TOTAL OI: CE= 1566900  PE= 634360 , CE > PE by 59.5%
IS_MORNING_WINDOW= False  (active 9:15-9:48 IST)
================================================
==== signal check time ==== 2026-09-07 11:54:00.812705
IS_CHOI_DIFF_GT_25PERC== True
RSI_VAL1== 37.25
RSI_VAL2== 37.25
FUT_3m_OHLC O= 76604.4  H= 76604.4  L= 76604.4  C= 76604.4  Range= 0.0
CHART_PATTERN_DETECTED: INSIDE_BAR | DOUBLE_TOP_FORMING | DOUBLE_BOTTOM_FORMING
  PATTERN_CONTEXT: Body= 0.0  Range= 0.0  ExpectedRange= 64.5  RangeRatio= 0.0  O= 76604.4  H= 76604.4  L= 76604.4  C= 76604.4
isPcrDecr = True
newSynthFut =  76600
ATMStrike =  76100
AVG_OIPCR= 0.39
avgoiPCROld=  6.29
SUPP_RES = 76500
FUT LTP = 76604.35
CEchoi  PechOi = 1239540.0    59620.0
====================================
AVG_VOLPCR= 1.33
atmPCR= 0.4  belowATM  0.44
atmVolPCR= 1.07  belowATM  1.42
True   76604.35   76500   False   True   37.25
no trade yet = [np.float64(6.34), np.float64(6.33), np.float64(6.29)]
India VIX = 11.29  Spot Price = 76089.12
IV Regime = NORMAL (ADAPTIVE: P25= 11.03  P50= 11.29  P75= 11.38 ) | DailyRange = 1227.2 | 3minCandleRange = 64.6 (theoretical= 107.6 ) | ATMoptionMove = 29.1 | SL = 102 | Target = 102 | TrailTrigger = 29 | Spread = 300 | Buffer = 32
IV Params refreshed: {'vix': 11.29, 'bn_price': 76089.12, 'regime': 'NORMAL', 'regime_thresholds': 'P25=11.03 P50=11.29 P75=11.38', 'daily_range': 1227.2, 'candle_range': 64.6, 'atm_option_move': 29.1, 'sl_point': 102, 'target_point': 102, 'sl_pct_of_premium': 0.1, 'trail_trigger': 29, 'spread_width': 300, 'support_resistance_buffer': 32}
===
====after 3 min ochain==== 2026-09-07 11:57:00.047947
                                    oipcr   choipcr   CE_OI / PE_OI (same strike)
pcr1 =  BSE:SENSEX2691076900PE   0.23   -0.31 CALL added 171580   PUT unwind -52820  CE_OI=423740 PE_OI=96900
pcr2 =  BSE:SENSEX2691076800PE   0.24   -0.32 CALL added 290640   PUT unwind -91880  CE_OI=596640 PE_OI=143640
pcr3 =  BSE:SENSEX2691076700CE   0.23   -0.48 CALL added 373780   PUT unwind -180240  CE_OI=804280 PE_OI=187120
pcr4 =  BSE:SENSEX2691076600CE   0.28   -0.55 CALL added 343140   PUT unwind -188900  CE_OI=711840 PE_OI=201100
pcr5 =  BSE:SENSEX2691076500CE   0.4   0.05 CALL added 1234600   PUT added 56560  CE_OI=1561960 PE_OI=631300
pcr6 =  BSE:SENSEX2691076400PE   0.43    0.26 CALL added 930560   PUT added 238220  CE_OI=981100 PE_OI=425260
pcr7 =  BSE:SENSEX2691076300CE   0.61   0.42 CALL added 1073040   PUT added 454520  CE_OI=1110620 PE_OI=676560
pcr8 =  BSE:SENSEX2691076200PE   1.02   0.57 CALL added 655420   PUT added 376300  CE_OI=687060 PE_OI=702640
pcr9 =  BSE:SENSEX2691076100PE   1.05   0.77 CALL added 477480   PUT added 367940  CE_OI=496960 PE_OI=521500
pcr10 =  BSE:SENSEX2691076000PE   1.83   1.03 CALL added 434400   PUT added 445520  CE_OI=500380 PE_OI=916340
pcr11 =  BSE:SENSEX2691075900PE   5.0   4.07 CALL added 63600   PUT added 259120  CE_OI=71020 PE_OI=354780
pcr12 =  BSE:SENSEX2691075800PE   3.97   2.27 CALL added 54020   PUT added 122400  CE_OI=58560 PE_OI=232460
pcr13 =  BSE:SENSEX2691075700CE   7.61   4.56 CALL added 19520   PUT added 88940  CE_OI=22960 PE_OI=174660
pcr14 =  BSE:SENSEX2691075600CE   10.38   5.03 CALL added 16560   PUT added 83280  CE_OI=20400 PE_OI=211700
pcr15 =  BSE:SENSEX2691075500CE   9.34   5.16 CALL added 33920   PUT added 175080  CE_OI=59540 PE_OI=555820
pcr16 =  BSE:SENSEX2691075400CE   37.35   27.7 CALL added 4440   PUT added 123000  CE_OI=6780 PE_OI=253240
pcr17 =  BSE:SENSEX2691075300PE   27.23   5.62 CALL added 4220   PUT added 23720  CE_OI=7120 PE_OI=193860
PCRSUM== 107.2
pcrSummation== 3.44
VOLPCRSUM== 11.8
spotLTP =  76089.12  ATM_STRIKE =  76100
IS_ATM_STRIKE_SHIFT = False  mapStrike = {76100: 76100}
avgOiPcrList2 = [np.float64(6.33), np.float64(6.29), np.float64(6.31)] atmStrikeNotShiftedCount= 19
False   19   3
SUPP_RES=== 76500  Buffer= 32
ANCHOR_COMPARE: spot=76089.12 fut=76604.35 basis(fut-spot)=515.23 | SR_future=76500 SR_spot=76000 SR_diff=500 | PCRwin_future=76600 PCRwin_spot=76100
CEoich val =  1234600.0  PEoich val =  56560.0 , CE > PE by 95.4%
SUPP_RES TOTAL OI: CE= 1561960  PE= 631300 , CE > PE by 59.6%
SPOT_SUPP_RES=== 76000  Buffer= 32
SPOT CEoich val =  434400.0  PEoich val =  445520.0 , CE < PE by 2.5%
SPOT_SUPP_RES TOTAL OI: CE= 500380  PE= 916340 , CE < PE by 45.4%
OI_SUPP_RES: spot=76089.12 ATM=76100 (ATM_CE_OI=496960 ATM_PE_OI=521500) | SUPPORT=76000PE OI=916340 (dist=-100) | RESISTANCE=76500CE OI=1561960 (dist=400)
OI_SUPPORT=== 76000
OI_SUPPORT CEoich val = 434400.0  PEoich val = 445520.0 , CE < PE by 2.5%
OI_SUPPORT TOTAL OI: CE= 500380  PE= 916340 , CE < PE by 45.4%
OI_RESISTANCE=== 76500
OI_RESISTANCE CEoich val = 1234600.0  PEoich val = 56560.0 , CE > PE by 95.4%
OI_RESISTANCE TOTAL OI: CE= 1561960  PE= 631300 , CE > PE by 59.6%
IS_MORNING_WINDOW= False  (active 9:15-9:48 IST)
================================================
==== signal check time ==== 2026-09-07 11:57:00.811286
IS_CHOI_DIFF_GT_25PERC== True
RSI_VAL1== 37.25
RSI_VAL2== 37.25
FUT_3m_OHLC O= 76604.4  H= 76604.4  L= 76604.4  C= 76604.4  Range= 0.0
CHART_PATTERN_DETECTED: INSIDE_BAR | DOUBLE_TOP_FORMING | DOUBLE_BOTTOM_FORMING
  PATTERN_CONTEXT: Body= 0.0  Range= 0.0  ExpectedRange= 64.6  RangeRatio= 0.0  O= 76604.4  H= 76604.4  L= 76604.4  C= 76604.4
recent two = [np.float64(6.29), np.float64(6.31)]
newSynthFut =  76600
ATMStrike =  76100
AVG_OIPCR= 0.38
avgoiPCROld=  6.31
SUPP_RES = 76500
FUT LTP = 76604.35
CEchoi  PechOi = 1234600.0    56560.0
====================================
AVG_VOLPCR= 1.31
atmPCR= 0.4  belowATM  0.43
atmVolPCR= 1.06  belowATM  1.41
True   76604.35   76500   False   False   37.25
India VIX = 11.29  Spot Price = 76106.26
IV Regime = NORMAL (ADAPTIVE: P25= 11.03  P50= 11.29  P75= 11.38 ) | DailyRange = 1227.5 | 3minCandleRange = 64.6 (theoretical= 107.7 ) | ATMoptionMove = 29.1 | SL = 102 | Target = 102 | TrailTrigger = 29 | Spread = 300 | Buffer = 32
IV Params refreshed: {'vix': 11.29, 'bn_price': 76106.26, 'regime': 'NORMAL', 'regime_thresholds': 'P25=11.03 P50=11.29 P75=11.38', 'daily_range': 1227.5, 'candle_range': 64.6, 'atm_option_move': 29.1, 'sl_point': 102, 'target_point': 102, 'sl_pct_of_premium': 0.1, 'trail_trigger': 29, 'spread_width': 300, 'support_resistance_buffer': 32}
===
====after 3 min ochain==== 2026-09-07 12:00:00.025016
                                    oipcr   choipcr   CE_OI / PE_OI (same strike)
pcr1 =  BSE:SENSEX2691076900PE   0.23   -0.31 CALL added 172260   PUT unwind -52860  CE_OI=424420 PE_OI=96860
pcr2 =  BSE:SENSEX2691076800PE   0.24   -0.32 CALL added 293320   PUT unwind -93700  CE_OI=599320 PE_OI=141820
pcr3 =  BSE:SENSEX2691076700CE   0.23   -0.48 CALL added 380160   PUT unwind -180680  CE_OI=810660 PE_OI=186680
pcr4 =  BSE:SENSEX2691076600CE   0.28   -0.55 CALL added 345740   PUT unwind -190520  CE_OI=714440 PE_OI=199480
pcr5 =  BSE:SENSEX2691076500CE   0.4   0.04 CALL added 1238540   PUT added 53720  CE_OI=1565900 PE_OI=628460
pcr6 =  BSE:SENSEX2691076400PE   0.43    0.25 CALL added 936740   PUT added 236340  CE_OI=987280 PE_OI=423380
pcr7 =  BSE:SENSEX2691076300CE   0.61   0.43 CALL added 1075240   PUT added 457400  CE_OI=1112820 PE_OI=679440
pcr8 =  BSE:SENSEX2691076200PE   1.01   0.57 CALL added 662720   PUT added 376860  CE_OI=694360 PE_OI=703200
pcr9 =  BSE:SENSEX2691076100PE   1.01   0.73 CALL added 486480   PUT added 356320  CE_OI=505960 PE_OI=509880
pcr10 =  BSE:SENSEX2691076000PE   1.84   1.03 CALL added 430620   PUT added 442600  CE_OI=496600 PE_OI=913420
pcr11 =  BSE:SENSEX2691075900PE   4.99   4.07 CALL added 63400   PUT added 257820  CE_OI=70820 PE_OI=353480
pcr12 =  BSE:SENSEX2691075800PE   3.89   2.18 CALL added 54060   PUT added 117880  CE_OI=58600 PE_OI=227940
pcr13 =  BSE:SENSEX2691075700CE   7.78   4.73 CALL added 19320   PUT added 91320  CE_OI=22760 PE_OI=177040
pcr14 =  BSE:SENSEX2691075600CE   10.47   5.13 CALL added 16520   PUT added 84760  CE_OI=20360 PE_OI=213180
pcr15 =  BSE:SENSEX2691075500CE   9.41   5.3 CALL added 34000   PUT added 180040  CE_OI=59620 PE_OI=560780
pcr16 =  BSE:SENSEX2691075400CE   38.49   29.44 CALL added 4440   PUT added 130720  CE_OI=6780 PE_OI=260960
pcr17 =  BSE:SENSEX2691075300PE   27.58   5.81 CALL added 4140   PUT added 24040  CE_OI=7040 PE_OI=194180
PCRSUM== 108.89
pcrSummation== 3.43
VOLPCRSUM== 11.77
spotLTP =  76106.26  ATM_STRIKE =  76100
IS_ATM_STRIKE_SHIFT = False  mapStrike = {76100: 76100}
avgOiPcrList2 = [np.float64(6.29), np.float64(6.31), np.float64(6.41)] atmStrikeNotShiftedCount= 20
False   20   3
SUPP_RES=== 76500  Buffer= 32
ANCHOR_COMPARE: spot=76106.26 fut=76604.35 basis(fut-spot)=498.09 | SR_future=76500 SR_spot=76000 SR_diff=500 | PCRwin_future=76600 PCRwin_spot=76100
CEoich val =  1238540.0  PEoich val =  53720.0 , CE > PE by 95.7%
SUPP_RES TOTAL OI: CE= 1565900  PE= 628460 , CE > PE by 59.9%
SPOT_SUPP_RES=== 76000  Buffer= 32
SPOT CEoich val =  430620.0  PEoich val =  442600.0 , CE < PE by 2.7%
SPOT_SUPP_RES TOTAL OI: CE= 496600  PE= 913420 , CE < PE by 45.6%
OI_SUPP_RES: spot=76106.26 ATM=76100 (ATM_CE_OI=505960 ATM_PE_OI=509880) | SUPPORT=76000PE OI=913420 (dist=-100) | RESISTANCE=76500CE OI=1565900 (dist=400)
OI_SUPPORT=== 76000
OI_SUPPORT CEoich val = 430620.0  PEoich val = 442600.0 , CE < PE by 2.7%
OI_SUPPORT TOTAL OI: CE= 496600  PE= 913420 , CE < PE by 45.6%
OI_RESISTANCE=== 76500
OI_RESISTANCE CEoich val = 1238540.0  PEoich val = 53720.0 , CE > PE by 95.7%
OI_RESISTANCE TOTAL OI: CE= 1565900  PE= 628460 , CE > PE by 59.9%
IS_MORNING_WINDOW= False  (active 9:15-9:48 IST)
================================================
==== signal check time ==== 2026-09-07 12:00:00.846118
IS_CHOI_DIFF_GT_25PERC== True
RSI_VAL1== 37.25
RSI_VAL2== 37.25
FUT_3m_OHLC O= 76604.4  H= 76604.4  L= 76604.4  C= 76604.4  Range= 0.0
CHART_PATTERN_DETECTED: INSIDE_BAR | DOUBLE_TOP_FORMING | DOUBLE_BOTTOM_FORMING
  PATTERN_CONTEXT: Body= 0.0  Range= 0.0  ExpectedRange= 64.6  RangeRatio= 0.0  O= 76604.4  H= 76604.4  L= 76604.4  C= 76604.4
isPcrInc = True
newSynthFut =  76600
ATMStrike =  76100
AVG_OIPCR= 0.38
avgoiPCROld=  6.41
SUPP_RES = 76500
FUT LTP = 76604.35
CEchoi  PechOi = 1238540.0    53720.0
====================================
AVG_VOLPCR= 1.31
atmPCR= 0.4  belowATM  0.43
atmVolPCR= 1.06  belowATM  1.41
True   76604.35   76500   True   False   37.25
In Bull trade, slCount =  0  (mode= LOGIC3_CHOI_15PCT )
============================================================
LOGIC3_OBSERVE: WOULD_HAVE_ENTERED BULL (no real order — LOGIC3 is observation-only)
  FUT=76604.35 SUPP_RES=76500 CEchoi=1238540.0 PEchoi=53720.0
============================================================
India VIX = 11.27  Spot Price = 76096.44
IV Regime = NORMAL (ADAPTIVE: P25= 11.03  P50= 11.29  P75= 11.38 ) | DailyRange = 1225.2 | 3minCandleRange = 64.5 (theoretical= 107.5 ) | ATMoptionMove = 29.0 | SL = 102 | Target = 102 | TrailTrigger = 29 | Spread = 300 | Buffer = 32
IV Params refreshed: {'vix': 11.27, 'bn_price': 76096.44, 'regime': 'NORMAL', 'regime_thresholds': 'P25=11.03 P50=11.29 P75=11.38', 'daily_range': 1225.2, 'candle_range': 64.5, 'atm_option_move': 29.0, 'sl_point': 102, 'target_point': 102, 'sl_pct_of_premium': 0.1, 'trail_trigger': 29, 'spread_width': 300, 'support_resistance_buffer': 32}
===
====after 3 min ochain==== 2026-09-07 12:03:00.028118
                                    oipcr   choipcr   CE_OI / PE_OI (same strike)
pcr1 =  BSE:SENSEX2691076900PE   0.23   -0.3 CALL added 173640   PUT unwind -52920  CE_OI=425800 PE_OI=96800
pcr2 =  BSE:SENSEX2691076800PE   0.23   -0.32 CALL added 296520   PUT unwind -94880  CE_OI=602520 PE_OI=140640
pcr3 =  BSE:SENSEX2691076700CE   0.23   -0.48 CALL added 381260   PUT unwind -182320  CE_OI=811760 PE_OI=185040
pcr4 =  BSE:SENSEX2691076600CE   0.28   -0.55 CALL added 346880   PUT unwind -192380  CE_OI=715580 PE_OI=197620
pcr5 =  BSE:SENSEX2691076500CE   0.4   0.04 CALL added 1245320   PUT added 51680  CE_OI=1572680 PE_OI=626420
pcr6 =  BSE:SENSEX2691076400PE   0.41    0.24 CALL added 951980   PUT added 226780  CE_OI=1002520 PE_OI=413820
pcr7 =  BSE:SENSEX2691076300CE   0.59   0.41 CALL added 1085240   PUT added 443220  CE_OI=1122820 PE_OI=665260
pcr8 =  BSE:SENSEX2691076200PE   0.99   0.55 CALL added 670480   PUT added 371620  CE_OI=702120 PE_OI=697960
pcr9 =  BSE:SENSEX2691076100PE   0.98   0.71 CALL added 492480   PUT added 347460  CE_OI=511960 PE_OI=501020
pcr10 =  BSE:SENSEX2691076000PE   1.8   1.0 CALL added 437920   PUT added 437480  CE_OI=503900 PE_OI=908300
pcr11 =  BSE:SENSEX2691075900PE   4.86   3.93 CALL added 63740   PUT added 250440  CE_OI=71160 PE_OI=346100
pcr12 =  BSE:SENSEX2691075800PE   3.85   2.15 CALL added 54180   PUT added 116260  CE_OI=58720 PE_OI=226320
pcr13 =  BSE:SENSEX2691075700CE   7.63   4.59 CALL added 19540   PUT added 89600  CE_OI=22980 PE_OI=175320
pcr14 =  BSE:SENSEX2691075600CE   10.78   5.59 CALL added 16760   PUT added 93660  CE_OI=20600 PE_OI=222080
pcr15 =  BSE:SENSEX2691075500CE   9.23   5.01 CALL added 34220   PUT added 171600  CE_OI=59840 PE_OI=552340
pcr16 =  BSE:SENSEX2691075400CE   37.77   28.62 CALL added 4580   PUT added 131100  CE_OI=6920 PE_OI=261340
pcr17 =  BSE:SENSEX2691075300PE   29.38   6.79 CALL added 3760   PUT added 25520  CE_OI=6660 PE_OI=195660
PCRSUM== 109.64
pcrSummation== 3.36
VOLPCRSUM== 11.67
spotLTP =  76097.09  ATM_STRIKE =  76100
IS_ATM_STRIKE_SHIFT = False  mapStrike = {76100: 76100}
avgOiPcrList2 = [np.float64(6.31), np.float64(6.41), np.float64(6.45)] atmStrikeNotShiftedCount= 21
False   21   3
SUPP_RES=== 76500  Buffer= 32
ANCHOR_COMPARE: spot=76097.09 fut=76604.35 basis(fut-spot)=507.26 | SR_future=76500 SR_spot=76000 SR_diff=500 | PCRwin_future=76600 PCRwin_spot=76100
CEoich val =  1245320.0  PEoich val =  51680.0 , CE > PE by 95.9%
SUPP_RES TOTAL OI: CE= 1572680  PE= 626420 , CE > PE by 60.2%
SPOT_SUPP_RES=== 76000  Buffer= 32
SPOT CEoich val =  437920.0  PEoich val =  437480.0 , CE > PE by 0.1%
SPOT_SUPP_RES TOTAL OI: CE= 503900  PE= 908300 , CE < PE by 44.5%
OI_SUPP_RES: spot=76097.09 ATM=76100 (ATM_CE_OI=511960 ATM_PE_OI=501020) | SUPPORT=76000PE OI=908300 (dist=-100) | RESISTANCE=76500CE OI=1572680 (dist=400)
OI_SUPPORT=== 76000
OI_SUPPORT CEoich val = 437920.0  PEoich val = 437480.0 , CE > PE by 0.1%
OI_SUPPORT TOTAL OI: CE= 503900  PE= 908300 , CE < PE by 44.5%
OI_RESISTANCE=== 76500
OI_RESISTANCE CEoich val = 1245320.0  PEoich val = 51680.0 , CE > PE by 95.9%
OI_RESISTANCE TOTAL OI: CE= 1572680  PE= 626420 , CE > PE by 60.2%
IS_MORNING_WINDOW= False  (active 9:15-9:48 IST)
================================================
==== signal check time ==== 2026-09-07 12:03:00.761712
IS_CHOI_DIFF_GT_25PERC== True
RSI_VAL1== 37.25
RSI_VAL2== 37.25
FUT_3m_OHLC O= 76604.4  H= 76604.4  L= 76604.4  C= 76604.4  Range= 0.0
CHART_PATTERN_DETECTED: INSIDE_BAR | DOUBLE_TOP_FORMING | DOUBLE_BOTTOM_FORMING
  PATTERN_CONTEXT: Body= 0.0  Range= 0.0  ExpectedRange= 64.5  RangeRatio= 0.0  O= 76604.4  H= 76604.4  L= 76604.4  C= 76604.4
isPcrInc = True
newSynthFut =  76600
ATMStrike =  76100
AVG_OIPCR= 0.37
avgoiPCROld=  6.45
SUPP_RES = 76500
FUT LTP = 76604.35
CEchoi  PechOi = 1245320.0    51680.0
====================================
AVG_VOLPCR= 1.3
atmPCR= 0.4  belowATM  0.41
atmVolPCR= 1.05  belowATM  1.4
True   76604.35   76500   True   False   37.25
In Bull trade, slCount =  0  (mode= LOGIC3_CHOI_15PCT )
============================================================
LOGIC3_OBSERVE: WOULD_HAVE_ENTERED BULL (no real order — LOGIC3 is observation-only)
  FUT=76604.35 SUPP_RES=76500 CEchoi=1245320.0 PEchoi=51680.0
============================================================
India VIX = 11.28  Spot Price = 76085.98
IV Regime = NORMAL (ADAPTIVE: P25= 11.03  P50= 11.29  P75= 11.38 ) | DailyRange = 1226.1 | 3minCandleRange = 64.5 (theoretical= 107.5 ) | ATMoptionMove = 29.0 | SL = 102 | Target = 102 | TrailTrigger = 29 | Spread = 300 | Buffer = 32
IV Params refreshed: {'vix': 11.28, 'bn_price': 76085.98, 'regime': 'NORMAL', 'regime_thresholds': 'P25=11.03 P50=11.29 P75=11.38', 'daily_range': 1226.1, 'candle_range': 64.5, 'atm_option_move': 29.0, 'sl_point': 102, 'target_point': 102, 'sl_pct_of_premium': 0.1, 'trail_trigger': 29, 'spread_width': 300, 'support_resistance_buffer': 32}
===
====after 3 min ochain==== 2026-09-07 12:06:00.026899
                                    oipcr   choipcr   CE_OI / PE_OI (same strike)
pcr1 =  BSE:SENSEX2691076900PE   0.23   -0.3 CALL added 175900   PUT unwind -52440  CE_OI=428060 PE_OI=97280
pcr2 =  BSE:SENSEX2691076800PE   0.23   -0.32 CALL added 294800   PUT unwind -95720  CE_OI=600800 PE_OI=139800
pcr3 =  BSE:SENSEX2691076700CE   0.23   -0.48 CALL added 380340   PUT unwind -183200  CE_OI=810840 PE_OI=184160
pcr4 =  BSE:SENSEX2691076600CE   0.28   -0.56 CALL added 346960   PUT unwind -192940  CE_OI=715660 PE_OI=197060
pcr5 =  BSE:SENSEX2691076500CE   0.4   0.04 CALL added 1245700   PUT added 48140  CE_OI=1573060 PE_OI=622880
pcr6 =  BSE:SENSEX2691076400PE   0.4    0.23 CALL added 958400   PUT added 220800  CE_OI=1008940 PE_OI=407840
pcr7 =  BSE:SENSEX2691076300CE   0.58   0.4 CALL added 1091760   PUT added 437480  CE_OI=1129340 PE_OI=659520
pcr8 =  BSE:SENSEX2691076200PE   0.98   0.55 CALL added 675620   PUT added 370140  CE_OI=707260 PE_OI=696480
pcr9 =  BSE:SENSEX2691076100PE   1.0   0.73 CALL added 495500   PUT added 360940  CE_OI=514980 PE_OI=514500
pcr10 =  BSE:SENSEX2691076000PE   1.78   0.99 CALL added 446740   PUT added 444020  CE_OI=512720 PE_OI=914840
pcr11 =  BSE:SENSEX2691075900PE   4.95   4.01 CALL added 63000   PUT added 252820  CE_OI=70420 PE_OI=348480
pcr12 =  BSE:SENSEX2691075800PE   3.83   2.13 CALL added 54720   PUT added 116700  CE_OI=59260 PE_OI=226760
pcr13 =  BSE:SENSEX2691075700CE   7.51   4.47 CALL added 19660   PUT added 87860  CE_OI=23100 PE_OI=173580
pcr14 =  BSE:SENSEX2691075600CE   10.73   5.57 CALL added 16880   PUT added 94000  CE_OI=20720 PE_OI=222420
pcr15 =  BSE:SENSEX2691075500CE   9.28   5.08 CALL added 34080   PUT added 173160  CE_OI=59700 PE_OI=553900
pcr16 =  BSE:SENSEX2691075400CE   38.15   29.21 CALL added 4580   PUT added 133760  CE_OI=6920 PE_OI=264000
pcr17 =  BSE:SENSEX2691075300PE   29.65   6.66 CALL added 3660   PUT added 24380  CE_OI=6560 PE_OI=194520
PCRSUM== 110.21
pcrSummation== 3.33
VOLPCRSUM== 11.620000000000001
spotLTP =  76092.48  ATM_STRIKE =  76100
IS_ATM_STRIKE_SHIFT = False  mapStrike = {76100: 76100}
avgOiPcrList2 = [np.float64(6.41), np.float64(6.45), np.float64(6.48)] atmStrikeNotShiftedCount= 22
False   22   3
SUPP_RES=== 76500  Buffer= 32
ANCHOR_COMPARE: spot=76092.48 fut=76618.7 basis(fut-spot)=526.22 | SR_future=76500 SR_spot=76000 SR_diff=500 | PCRwin_future=76600 PCRwin_spot=76100
CEoich val =  1245700.0  PEoich val =  48140.0 , CE > PE by 96.1%
SUPP_RES TOTAL OI: CE= 1573060  PE= 622880 , CE > PE by 60.4%
SPOT_SUPP_RES=== 76000  Buffer= 32
SPOT CEoich val =  446740.0  PEoich val =  444020.0 , CE > PE by 0.6%
SPOT_SUPP_RES TOTAL OI: CE= 512720  PE= 914840 , CE < PE by 44.0%
OI_SUPP_RES: spot=76092.48 ATM=76100 (ATM_CE_OI=514980 ATM_PE_OI=514500) | SUPPORT=76000PE OI=914840 (dist=-100) | RESISTANCE=76500CE OI=1573060 (dist=400)
OI_SUPPORT=== 76000
OI_SUPPORT CEoich val = 446740.0  PEoich val = 444020.0 , CE > PE by 0.6%
OI_SUPPORT TOTAL OI: CE= 512720  PE= 914840 , CE < PE by 44.0%
OI_RESISTANCE=== 76500
OI_RESISTANCE CEoich val = 1245700.0  PEoich val = 48140.0 , CE > PE by 96.1%
OI_RESISTANCE TOTAL OI: CE= 1573060  PE= 622880 , CE > PE by 60.4%
IS_MORNING_WINDOW= False  (active 9:15-9:48 IST)
================================================
==== signal check time ==== 2026-09-07 12:06:00.745826
IS_CHOI_DIFF_GT_25PERC== True
RSI_VAL1== 44.69
RSI_VAL2== 44.69
FUT_3m_OHLC O= 76604.4  H= 76625.0  L= 76604.4  C= 76618.7  Range= 20.6
CHART_PATTERN_DETECTED: DOUBLE_BOTTOM_FORMING
  PATTERN_CONTEXT: Body= 14.3  Range= 20.6  ExpectedRange= 64.5  RangeRatio= 0.32  O= 76604.4  H= 76625.0  L= 76604.4  C= 76618.7
isPcrInc = True
newSynthFut =  76600
ATMStrike =  76100
AVG_OIPCR= 0.37
avgoiPCROld=  6.48
SUPP_RES = 76500
FUT LTP = 76618.7
CEchoi  PechOi = 1245700.0    48140.0
====================================
AVG_VOLPCR= 1.29
atmPCR= 0.4  belowATM  0.4
atmVolPCR= 1.05  belowATM  1.4
True   76618.7   76500   True   False   44.69
In Bull trade, slCount =  0  (mode= LOGIC3_CHOI_15PCT )
============================================================
LOGIC3_OBSERVE: WOULD_HAVE_ENTERED BULL (no real order — LOGIC3 is observation-only)
  FUT=76618.7 SUPP_RES=76500 CEchoi=1245700.0 PEchoi=48140.0
============================================================
India VIX = 11.27  Spot Price = 76123.33
IV Regime = NORMAL (ADAPTIVE: P25= 11.03  P50= 11.29  P75= 11.38 ) | DailyRange = 1225.6 | 3minCandleRange = 64.5 (theoretical= 107.5 ) | ATMoptionMove = 29.0 | SL = 102 | Target = 102 | TrailTrigger = 29 | Spread = 300 | Buffer = 32
IV Params refreshed: {'vix': 11.27, 'bn_price': 76123.33, 'regime': 'NORMAL', 'regime_thresholds': 'P25=11.03 P50=11.29 P75=11.38', 'daily_range': 1225.6, 'candle_range': 64.5, 'atm_option_move': 29.0, 'sl_point': 102, 'target_point': 102, 'sl_pct_of_premium': 0.1, 'trail_trigger': 29, 'spread_width': 300, 'support_resistance_buffer': 32}
===
====after 3 min ochain==== 2026-09-07 12:09:00.008176
                                    oipcr   choipcr   CE_OI / PE_OI (same strike)
pcr1 =  BSE:SENSEX2691076900PE   0.23   -0.29 CALL added 179100   PUT unwind -52380  CE_OI=431260 PE_OI=97340
pcr2 =  BSE:SENSEX2691076800PE   0.23   -0.32 CALL added 300200   PUT unwind -95800  CE_OI=606200 PE_OI=139720
pcr3 =  BSE:SENSEX2691076700CE   0.23   -0.49 CALL added 380500   PUT unwind -184680  CE_OI=811000 PE_OI=182680
pcr4 =  BSE:SENSEX2691076600CE   0.28   -0.53 CALL added 349880   PUT unwind -185660  CE_OI=718580 PE_OI=204340
pcr5 =  BSE:SENSEX2691076500CE   0.39   0.04 CALL added 1250980   PUT added 47760  CE_OI=1578340 PE_OI=622500
pcr6 =  BSE:SENSEX2691076400PE   0.4    0.23 CALL added 966960   PUT added 221800  CE_OI=1017500 PE_OI=408840
pcr7 =  BSE:SENSEX2691076300CE   0.58   0.4 CALL added 1094520   PUT added 437560  CE_OI=1132100 PE_OI=659600
pcr8 =  BSE:SENSEX2691076200PE   0.94   0.51 CALL added 691100   PUT added 349580  CE_OI=722740 PE_OI=675920
pcr9 =  BSE:SENSEX2691076100PE   0.99   0.72 CALL added 499540   PUT added 357780  CE_OI=519020 PE_OI=511340
pcr10 =  BSE:SENSEX2691076000PE   1.74   0.96 CALL added 457640   PUT added 440960  CE_OI=523620 PE_OI=911780
pcr11 =  BSE:SENSEX2691075900PE   4.72   3.77 CALL added 63780   PUT added 240540  CE_OI=71200 PE_OI=336200
pcr12 =  BSE:SENSEX2691075800PE   3.83   2.14 CALL added 55040   PUT added 118000  CE_OI=59580 PE_OI=228060
pcr13 =  BSE:SENSEX2691075700CE   7.62   4.58 CALL added 19540   PUT added 89480  CE_OI=22980 PE_OI=175200
pcr14 =  BSE:SENSEX2691075600CE   10.61   5.52 CALL added 17240   PUT added 95140  CE_OI=21080 PE_OI=223560
pcr15 =  BSE:SENSEX2691075500CE   9.21   4.97 CALL added 34200   PUT added 170040  CE_OI=59820 PE_OI=550780
pcr16 =  BSE:SENSEX2691075400CE   38.47   29.69 CALL added 4580   PUT added 135980  CE_OI=6920 PE_OI=266220
pcr17 =  BSE:SENSEX2691075300PE   29.69   6.98 CALL added 3700   PUT added 25820  CE_OI=6600 PE_OI=195960
PCRSUM== 110.16
pcrSummation== 3.28
VOLPCRSUM== 11.52
spotLTP =  76123.02  ATM_STRIKE =  76100
IS_ATM_STRIKE_SHIFT = False  mapStrike = {76100: 76100}
avgOiPcrList2 = [np.float64(6.45), np.float64(6.48), np.float64(6.48)] atmStrikeNotShiftedCount= 23
False   23   3
SUPP_RES=== 76500  Buffer= 32
ANCHOR_COMPARE: spot=76123.02 fut=76618.0 basis(fut-spot)=494.98 | SR_future=76500 SR_spot=76000 SR_diff=500 | PCRwin_future=76600 PCRwin_spot=76100
CEoich val =  1250980.0  PEoich val =  47760.0 , CE > PE by 96.2%
SUPP_RES TOTAL OI: CE= 1578340  PE= 622500 , CE > PE by 60.6%
SPOT_SUPP_RES=== 76000  Buffer= 32
SPOT CEoich val =  457640.0  PEoich val =  440960.0 , CE > PE by 3.6%
SPOT_SUPP_RES TOTAL OI: CE= 523620  PE= 911780 , CE < PE by 42.6%
OI_SUPP_RES: spot=76123.02 ATM=76100 (ATM_CE_OI=519020 ATM_PE_OI=511340) | SUPPORT=76000PE OI=911780 (dist=-100) | RESISTANCE=76500CE OI=1578340 (dist=400)
OI_SUPPORT=== 76000
OI_SUPPORT CEoich val = 457640.0  PEoich val = 440960.0 , CE > PE by 3.6%
OI_SUPPORT TOTAL OI: CE= 523620  PE= 911780 , CE < PE by 42.6%
OI_RESISTANCE=== 76500
OI_RESISTANCE CEoich val = 1250980.0  PEoich val = 47760.0 , CE > PE by 96.2%
OI_RESISTANCE TOTAL OI: CE= 1578340  PE= 622500 , CE > PE by 60.6%
IS_MORNING_WINDOW= False  (active 9:15-9:48 IST)
================================================
==== signal check time ==== 2026-09-07 12:09:00.763589
IS_CHOI_DIFF_GT_25PERC== True
RSI_VAL1== 44.41
RSI_VAL2== 44.41
FUT_3m_OHLC O= 76618.7  H= 76618.7  L= 76618.0  C= 76618.0  Range= 0.7
CHART_PATTERN_DETECTED: INSIDE_BAR | DOUBLE_TOP_FORMING | DOUBLE_BOTTOM_FORMING
  PATTERN_CONTEXT: Body= -0.7  Range= 0.7  ExpectedRange= 64.5  RangeRatio= 0.01  O= 76618.7  H= 76618.7  L= 76618.0  C= 76618.0
neither = [np.float64(6.48)]
newSynthFut =  76600
ATMStrike =  76100
AVG_OIPCR= 0.36
avgoiPCROld=  6.48
SUPP_RES = 76500
FUT LTP = 76618.0
CEchoi  PechOi = 1250980.0    47760.0
====================================
AVG_VOLPCR= 1.28
atmPCR= 0.39  belowATM  0.4
atmVolPCR= 1.04  belowATM  1.39
True   76618.0   76500   False   False   44.41
India VIX = 11.25  Spot Price = 76117.71
IV Regime = NORMAL (ADAPTIVE: P25= 11.03  P50= 11.29  P75= 11.38 ) | DailyRange = 1223.3 | 3minCandleRange = 64.4 (theoretical= 107.3 ) | ATMoptionMove = 29.0 | SL = 101 | Target = 101 | TrailTrigger = 29 | Spread = 300 | Buffer = 32
IV Params refreshed: {'vix': 11.25, 'bn_price': 76117.71, 'regime': 'NORMAL', 'regime_thresholds': 'P25=11.03 P50=11.29 P75=11.38', 'daily_range': 1223.3, 'candle_range': 64.4, 'atm_option_move': 29.0, 'sl_point': 101, 'target_point': 101, 'sl_pct_of_premium': 0.1, 'trail_trigger': 29, 'spread_width': 300, 'support_resistance_buffer': 32}
===
====after 3 min ochain==== 2026-09-07 12:12:00.026523
                                    oipcr   choipcr   CE_OI / PE_OI (same strike)
pcr1 =  BSE:SENSEX2691076900PE   0.22   -0.28 CALL added 189180   PUT unwind -53240  CE_OI=441340 PE_OI=96480
pcr2 =  BSE:SENSEX2691076800PE   0.23   -0.32 CALL added 307240   PUT unwind -97300  CE_OI=613240 PE_OI=138220
pcr3 =  BSE:SENSEX2691076700CE   0.22   -0.48 CALL added 387200   PUT unwind -186780  CE_OI=817700 PE_OI=180580
pcr4 =  BSE:SENSEX2691076600CE   0.31   -0.47 CALL added 356620   PUT unwind -167700  CE_OI=725320 PE_OI=222300
pcr5 =  BSE:SENSEX2691076500CE   0.4   0.05 CALL added 1281120   PUT added 62080  CE_OI=1608480 PE_OI=636820
pcr6 =  BSE:SENSEX2691076400PE   0.4    0.23 CALL added 971840   PUT added 221640  CE_OI=1022380 PE_OI=408680
pcr7 =  BSE:SENSEX2691076300CE   0.57   0.39 CALL added 1108680   PUT added 431740  CE_OI=1146260 PE_OI=653780
pcr8 =  BSE:SENSEX2691076200PE   0.93   0.52 CALL added 719360   PUT added 370800  CE_OI=751000 PE_OI=697140
pcr9 =  BSE:SENSEX2691076100PE   0.97   0.7 CALL added 512080   PUT added 360000  CE_OI=531560 PE_OI=513560
pcr10 =  BSE:SENSEX2691076000PE   1.8   1.03 CALL added 454440   PUT added 467160  CE_OI=520420 PE_OI=937980
pcr11 =  BSE:SENSEX2691075900PE   4.67   3.75 CALL added 65900   PUT added 246860  CE_OI=73320 PE_OI=342520
pcr12 =  BSE:SENSEX2691075800PE   3.91   2.28 CALL added 56580   PUT added 129040  CE_OI=61120 PE_OI=239100
pcr13 =  BSE:SENSEX2691075700CE   7.63   4.62 CALL added 19820   PUT added 91660  CE_OI=23260 PE_OI=177380
pcr14 =  BSE:SENSEX2691075600CE   10.01   4.77 CALL added 17180   PUT added 81920  CE_OI=21020 PE_OI=210340
pcr15 =  BSE:SENSEX2691075500CE   9.38   5.3 CALL added 34380   PUT added 182300  CE_OI=60000 PE_OI=563040
pcr16 =  BSE:SENSEX2691075400CE   39.74   31.54 CALL added 4540   PUT added 143200  CE_OI=6880 PE_OI=273440
pcr17 =  BSE:SENSEX2691075300PE   29.33   7.3 CALL added 3860   PUT added 28160  CE_OI=6760 PE_OI=198300
PCRSUM== 110.72
pcrSummation== 3.28
VOLPCRSUM== 11.36
spotLTP =  76117.71  ATM_STRIKE =  76100
IS_ATM_STRIKE_SHIFT = False  mapStrike = {76100: 76100}
avgOiPcrList2 = [np.float64(6.48), np.float64(6.51)] atmStrikeNotShiftedCount= 24
False   24   2
SUPP_RES=== 76500  Buffer= 32
ANCHOR_COMPARE: spot=76117.71 fut=76618.0 basis(fut-spot)=500.29 | SR_future=76500 SR_spot=76000 SR_diff=500 | PCRwin_future=76600 PCRwin_spot=76100
CEoich val =  1281120.0  PEoich val =  62080.0 , CE > PE by 95.2%
SUPP_RES TOTAL OI: CE= 1608480  PE= 636820 , CE > PE by 60.4%
SPOT_SUPP_RES=== 76000  Buffer= 32
SPOT CEoich val =  454440.0  PEoich val =  467160.0 , CE < PE by 2.7%
SPOT_SUPP_RES TOTAL OI: CE= 520420  PE= 937980 , CE < PE by 44.5%
OI_SUPP_RES: spot=76117.71 ATM=76100 (ATM_CE_OI=531560 ATM_PE_OI=513560) | SUPPORT=76000PE OI=937980 (dist=-100) | RESISTANCE=76500CE OI=1608480 (dist=400)
OI_SUPPORT=== 76000
OI_SUPPORT CEoich val = 454440.0  PEoich val = 467160.0 , CE < PE by 2.7%
OI_SUPPORT TOTAL OI: CE= 520420  PE= 937980 , CE < PE by 44.5%
OI_RESISTANCE=== 76500
OI_RESISTANCE CEoich val = 1281120.0  PEoich val = 62080.0 , CE > PE by 95.2%
OI_RESISTANCE TOTAL OI: CE= 1608480  PE= 636820 , CE > PE by 60.4%
IS_MORNING_WINDOW= False  (active 9:15-9:48 IST)
================================================
==== signal check time ==== 2026-09-07 12:12:00.784635
IS_CHOI_DIFF_GT_25PERC== True
RSI_VAL1== 44.41
RSI_VAL2== 44.41
FUT_3m_OHLC O= 76618.0  H= 76618.0  L= 76618.0  C= 76618.0  Range= 0.0
CHART_PATTERN_DETECTED: INSIDE_BAR | DOUBLE_TOP_FORMING | DOUBLE_BOTTOM_FORMING
  PATTERN_CONTEXT: Body= 0.0  Range= 0.0  ExpectedRange= 64.4  RangeRatio= 0.0  O= 76618.0  H= 76618.0  L= 76618.0  C= 76618.0
newSynthFut =  76600
ATMStrike =  76100
AVG_OIPCR= 0.36
avgoiPCROld=  6.51
SUPP_RES = 76500
FUT LTP = 76618.0
CEchoi  PechOi = 1281120.0    62080.0
====================================
AVG_VOLPCR= 1.26
atmPCR= 0.4  belowATM  0.4
atmVolPCR= 1.04  belowATM  1.38
True   76618.0   76500   False   False   44.41
India VIX = 11.22  Spot Price = 76134.16
IV Regime = NORMAL (ADAPTIVE: P25= 11.03  P50= 11.29  P75= 11.38 ) | DailyRange = 1220.3 | 3minCandleRange = 64.2 (theoretical= 107.0 ) | ATMoptionMove = 28.9 | SL = 101 | Target = 101 | TrailTrigger = 29 | Spread = 300 | Buffer = 32
IV Params refreshed: {'vix': 11.22, 'bn_price': 76134.16, 'regime': 'NORMAL', 'regime_thresholds': 'P25=11.03 P50=11.29 P75=11.38', 'daily_range': 1220.3, 'candle_range': 64.2, 'atm_option_move': 28.9, 'sl_point': 101, 'target_point': 101, 'sl_pct_of_premium': 0.1, 'trail_trigger': 29, 'spread_width': 300, 'support_resistance_buffer': 32}
===
====after 3 min ochain==== 2026-09-07 12:15:00.028817
                                    oipcr   choipcr   CE_OI / PE_OI (same strike)
pcr1 =  BSE:SENSEX2691076900PE   0.22   -0.28 CALL added 190300   PUT unwind -53720  CE_OI=442460 PE_OI=96000
pcr2 =  BSE:SENSEX2691076800PE   0.22   -0.31 CALL added 312860   PUT unwind -98000  CE_OI=618860 PE_OI=137520
pcr3 =  BSE:SENSEX2691076700CE   0.22   -0.48 CALL added 390200   PUT unwind -187900  CE_OI=820700 PE_OI=179460
pcr4 =  BSE:SENSEX2691076600CE   0.3   -0.48 CALL added 357220   PUT unwind -170000  CE_OI=725920 PE_OI=220000
pcr5 =  BSE:SENSEX2691076500CE   0.39   0.05 CALL added 1285840   PUT added 62340  CE_OI=1613200 PE_OI=637080
pcr6 =  BSE:SENSEX2691076400PE   0.4    0.22 CALL added 970220   PUT added 218140  CE_OI=1020760 PE_OI=405180
pcr7 =  BSE:SENSEX2691076300CE   0.57   0.39 CALL added 1110680   PUT added 438120  CE_OI=1148260 PE_OI=660160
pcr8 =  BSE:SENSEX2691076200PE   0.94   0.51 CALL added 694520   PUT added 355440  CE_OI=726160 PE_OI=681780
pcr9 =  BSE:SENSEX2691076100PE   0.94   0.69 CALL added 529400   PUT added 364040  CE_OI=548880 PE_OI=517600
pcr10 =  BSE:SENSEX2691076000PE   1.82   1.04 CALL added 448360   PUT added 466340  CE_OI=514340 PE_OI=937160
pcr11 =  BSE:SENSEX2691075900PE   4.7   3.77 CALL added 64820   PUT added 244100  CE_OI=72240 PE_OI=339760
pcr12 =  BSE:SENSEX2691075800PE   3.9   2.26 CALL added 56460   PUT added 127600  CE_OI=61000 PE_OI=237660
pcr13 =  BSE:SENSEX2691075700CE   7.67   4.66 CALL added 19680   PUT added 91640  CE_OI=23120 PE_OI=177360
pcr14 =  BSE:SENSEX2691075600CE   8.79   3.68 CALL added 18540   PUT added 68220  CE_OI=22380 PE_OI=196640
pcr15 =  BSE:SENSEX2691075500CE   9.37   5.28 CALL added 34420   PUT added 181680  CE_OI=60040 PE_OI=562420
pcr16 =  BSE:SENSEX2691075400CE   38.91   30.32 CALL added 4560   PUT added 138260  CE_OI=6900 PE_OI=268500
pcr17 =  BSE:SENSEX2691075300PE   29.71   7.72 CALL added 3820   PUT added 29480  CE_OI=6720 PE_OI=199620
PCRSUM== 109.07
pcrSummation== 3.26
VOLPCRSUM== 11.2
spotLTP =  76134.16  ATM_STRIKE =  76100
IS_ATM_STRIKE_SHIFT = False  mapStrike = {76100: 76100}
avgOiPcrList2 = [np.float64(6.48), np.float64(6.51), np.float64(6.42)] atmStrikeNotShiftedCount= 25
False   25   3
SUPP_RES=== 76500  Buffer= 32
ANCHOR_COMPARE: spot=76134.16 fut=76650.0 basis(fut-spot)=515.84 | SR_future=76500 SR_spot=76000 SR_diff=500 | PCRwin_future=76600 PCRwin_spot=76100
CEoich val =  1285840.0  PEoich val =  62340.0 , CE > PE by 95.2%
SUPP_RES TOTAL OI: CE= 1613200  PE= 637080 , CE > PE by 60.5%
SPOT_SUPP_RES=== 76000  Buffer= 32
SPOT CEoich val =  448360.0  PEoich val =  466340.0 , CE < PE by 3.9%
SPOT_SUPP_RES TOTAL OI: CE= 514340  PE= 937160 , CE < PE by 45.1%
OI_SUPP_RES: spot=76134.16 ATM=76100 (ATM_CE_OI=548880 ATM_PE_OI=517600) | SUPPORT=76000PE OI=937160 (dist=-100) | RESISTANCE=76500CE OI=1613200 (dist=400)
OI_SUPPORT=== 76000
OI_SUPPORT CEoich val = 448360.0  PEoich val = 466340.0 , CE < PE by 3.9%
OI_SUPPORT TOTAL OI: CE= 514340  PE= 937160 , CE < PE by 45.1%
OI_RESISTANCE=== 76500
OI_RESISTANCE CEoich val = 1285840.0  PEoich val = 62340.0 , CE > PE by 95.2%
OI_RESISTANCE TOTAL OI: CE= 1613200  PE= 637080 , CE > PE by 60.5%
IS_MORNING_WINDOW= False  (active 9:15-9:48 IST)
================================================
==== signal check time ==== 2026-09-07 12:15:00.755783
IS_CHOI_DIFF_GT_25PERC== True
RSI_VAL1== 58.13
RSI_VAL2== 58.13
FUT_3m_OHLC O= 76618.0  H= 76650.0  L= 76618.0  C= 76650.0  Range= 32.0
CHART_PATTERN_DETECTED: DOUBLE_BOTTOM_FORMING
  PATTERN_CONTEXT: Body= 32.0  Range= 32.0  ExpectedRange= 64.2  RangeRatio= 0.5  O= 76618.0  H= 76650.0  L= 76618.0  C= 76650.0
recent two = [np.float64(6.51), np.float64(6.42)]
newSynthFut =  76600
ATMStrike =  76100
AVG_OIPCR= 0.36
avgoiPCROld=  6.42
SUPP_RES = 76500
FUT LTP = 76650.0
CEchoi  PechOi = 1285840.0    62340.0
====================================
AVG_VOLPCR= 1.24
atmPCR= 0.39  belowATM  0.4
atmVolPCR= 1.03  belowATM  1.38
True   76650.0   76500   False   False   58.13
India VIX = 11.23  Spot Price = 76109.63
IV Regime = NORMAL (ADAPTIVE: P25= 11.03  P50= 11.29  P75= 11.38 ) | DailyRange = 1221.0 | 3minCandleRange = 64.3 (theoretical= 107.1 ) | ATMoptionMove = 28.9 | SL = 101 | Target = 101 | TrailTrigger = 29 | Spread = 300 | Buffer = 32
IV Params refreshed: {'vix': 11.23, 'bn_price': 76109.63, 'regime': 'NORMAL', 'regime_thresholds': 'P25=11.03 P50=11.29 P75=11.38', 'daily_range': 1221.0, 'candle_range': 64.3, 'atm_option_move': 28.9, 'sl_point': 101, 'target_point': 101, 'sl_pct_of_premium': 0.1, 'trail_trigger': 29, 'spread_width': 300, 'support_resistance_buffer': 32}
===
====after 3 min ochain==== 2026-09-07 12:18:00.000004
                                    oipcr   choipcr   CE_OI / PE_OI (same strike)
pcr1 =  BSE:SENSEX2691076900PE   0.22   -0.28 CALL added 189640   PUT unwind -53960  CE_OI=441800 PE_OI=95760
pcr2 =  BSE:SENSEX2691076800PE   0.22   -0.31 CALL added 313620   PUT unwind -98020  CE_OI=619620 PE_OI=137500
pcr3 =  BSE:SENSEX2691076700CE   0.22   -0.48 CALL added 394680   PUT unwind -189140  CE_OI=825180 PE_OI=178220
pcr4 =  BSE:SENSEX2691076600CE   0.3   -0.47 CALL added 364220   PUT unwind -170460  CE_OI=732920 PE_OI=219540
pcr5 =  BSE:SENSEX2691076500CE   0.39   0.05 CALL added 1286100   PUT added 60600  CE_OI=1613460 PE_OI=635340
pcr6 =  BSE:SENSEX2691076400PE   0.39    0.22 CALL added 964920   PUT added 213640  CE_OI=1015460 PE_OI=400680
pcr7 =  BSE:SENSEX2691076300CE   0.58   0.4 CALL added 1111560   PUT added 439860  CE_OI=1149140 PE_OI=661900
pcr8 =  BSE:SENSEX2691076200PE   0.94   0.51 CALL added 689380   PUT added 350120  CE_OI=721020 PE_OI=676460
pcr9 =  BSE:SENSEX2691076100PE   0.94   0.69 CALL added 533560   PUT added 368120  CE_OI=553040 PE_OI=521680
pcr10 =  BSE:SENSEX2691076000PE   1.86   1.06 CALL added 437560   PUT added 464680  CE_OI=503540 PE_OI=935500
pcr11 =  BSE:SENSEX2691075900PE   4.81   3.86 CALL added 63120   PUT added 243680  CE_OI=70540 PE_OI=339340
pcr12 =  BSE:SENSEX2691075800PE   3.87   2.24 CALL added 56640   PUT added 126740  CE_OI=61180 PE_OI=236800
pcr13 =  BSE:SENSEX2691075700CE   7.74   4.74 CALL added 19660   PUT added 93160  CE_OI=23100 PE_OI=178880
pcr14 =  BSE:SENSEX2691075600CE   8.98   3.86 CALL added 18360   PUT added 70940  CE_OI=22200 PE_OI=199360
pcr15 =  BSE:SENSEX2691075500CE   9.68   5.61 CALL added 32600   PUT added 182960  CE_OI=58220 PE_OI=563700
pcr16 =  BSE:SENSEX2691075400CE   39.92   31.62 CALL added 4440   PUT added 140400  CE_OI=6780 PE_OI=270640
pcr17 =  BSE:SENSEX2691075300PE   29.59   7.52 CALL added 3820   PUT added 28720  CE_OI=6720 PE_OI=198860
PCRSUM== 110.65
pcrSummation== 2.32
VOLPCRSUM== 11.110000000000001
spotLTP =  76109.63  ATM_STRIKE =  76100
IS_ATM_STRIKE_SHIFT = False  mapStrike = {76100: 76100}
avgOiPcrList2 = [np.float64(6.51), np.float64(6.42), np.float64(6.51)] atmStrikeNotShiftedCount= 26
False   26   3
SUPP_RES=== 76500  Buffer= 32
ANCHOR_COMPARE: spot=76109.63 fut=76660.0 basis(fut-spot)=550.37 | SR_future=76500 SR_spot=76000 SR_diff=500 | PCRwin_future=76700 PCRwin_spot=76100
CEoich val =  1286100.0  PEoich val =  60600.0 , CE > PE by 95.3%
SUPP_RES TOTAL OI: CE= 1613460  PE= 635340 , CE > PE by 60.6%
SPOT_SUPP_RES=== 76000  Buffer= 32
SPOT CEoich val =  437560.0  PEoich val =  464680.0 , CE < PE by 5.8%
SPOT_SUPP_RES TOTAL OI: CE= 503540  PE= 935500 , CE < PE by 46.2%
OI_SUPP_RES: spot=76109.63 ATM=76100 (ATM_CE_OI=553040 ATM_PE_OI=521680) | SUPPORT=76000PE OI=935500 (dist=-100) | RESISTANCE=76500CE OI=1613460 (dist=400)
OI_SUPPORT=== 76000
OI_SUPPORT CEoich val = 437560.0  PEoich val = 464680.0 , CE < PE by 5.8%
OI_SUPPORT TOTAL OI: CE= 503540  PE= 935500 , CE < PE by 46.2%
OI_RESISTANCE=== 76500
OI_RESISTANCE CEoich val = 1286100.0  PEoich val = 60600.0 , CE > PE by 95.3%
OI_RESISTANCE TOTAL OI: CE= 1613460  PE= 635340 , CE > PE by 60.6%
IS_MORNING_WINDOW= False  (active 9:15-9:48 IST)
================================================
==== signal check time ==== 2026-09-07 12:18:00.776615
IS_CHOI_DIFF_GT_25PERC== True
RSI_VAL1== 61.34
RSI_VAL2== 61.34
FUT_3m_OHLC O= 76650.0  H= 76660.0  L= 76650.0  C= 76660.0  Range= 10.0
CHART_PATTERN_DETECTED: DOUBLE_TOP_FORMING | DOUBLE_BOTTOM_FORMING
  PATTERN_CONTEXT: Body= 10.0  Range= 10.0  ExpectedRange= 64.3  RangeRatio= 0.16  O= 76650.0  H= 76660.0  L= 76650.0  C= 76660.0
recent two = [np.float64(6.42), np.float64(6.51)]
newSynthFut =  76700
ATMStrike =  76100
AVG_OIPCR= 0.26
avgoiPCROld=  6.51
SUPP_RES = 76500
FUT LTP = 76660.0
CEchoi  PechOi = 1286100.0    60600.0
====================================
AVG_VOLPCR= 1.23
atmPCR= 0.39  belowATM  0.39
atmVolPCR= 1.03  belowATM  1.37
True   76660.0   76500   False   False   61.34
India VIX = 11.25  Spot Price = 76084.12
IV Regime = NORMAL (ADAPTIVE: P25= 11.03  P50= 11.29  P75= 11.38 ) | DailyRange = 1222.8 | 3minCandleRange = 64.3 (theoretical= 107.2 ) | ATMoptionMove = 29.0 | SL = 101 | Target = 101 | TrailTrigger = 29 | Spread = 300 | Buffer = 32
IV Params refreshed: {'vix': 11.25, 'bn_price': 76084.12, 'regime': 'NORMAL', 'regime_thresholds': 'P25=11.03 P50=11.29 P75=11.38', 'daily_range': 1222.8, 'candle_range': 64.3, 'atm_option_move': 29.0, 'sl_point': 101, 'target_point': 101, 'sl_pct_of_premium': 0.1, 'trail_trigger': 29, 'spread_width': 300, 'support_resistance_buffer': 32}
===
====after 3 min ochain==== 2026-09-07 12:21:00.026648
                                    oipcr   choipcr   CE_OI / PE_OI (same strike)
pcr1 =  BSE:SENSEX2691076900PE   0.22   -0.29 CALL added 185280   PUT unwind -53920  CE_OI=437440 PE_OI=95800
pcr2 =  BSE:SENSEX2691076800PE   0.22   -0.3 CALL added 324460   PUT unwind -98600  CE_OI=630460 PE_OI=136920
pcr3 =  BSE:SENSEX2691076700CE   0.22   -0.48 CALL added 396220   PUT unwind -189600  CE_OI=826720 PE_OI=177760
pcr4 =  BSE:SENSEX2691076600CE   0.29   -0.47 CALL added 366220   PUT unwind -173200  CE_OI=734920 PE_OI=216800
pcr5 =  BSE:SENSEX2691076500CE   0.39   0.05 CALL added 1290580   PUT added 61340  CE_OI=1617940 PE_OI=636080
pcr6 =  BSE:SENSEX2691076400PE   0.39    0.21 CALL added 967780   PUT added 205940  CE_OI=1018320 PE_OI=392980
pcr7 =  BSE:SENSEX2691076300CE   0.57   0.39 CALL added 1124480   PUT added 436820  CE_OI=1162060 PE_OI=658860
pcr8 =  BSE:SENSEX2691076200PE   0.94   0.52 CALL added 699600   PUT added 360500  CE_OI=731240 PE_OI=686840
pcr9 =  BSE:SENSEX2691076100PE   0.93   0.68 CALL added 541660   PUT added 367280  CE_OI=561140 PE_OI=520840
pcr10 =  BSE:SENSEX2691076000PE   1.86   1.07 CALL added 440580   PUT added 473560  CE_OI=506560 PE_OI=944380
pcr11 =  BSE:SENSEX2691075900PE   4.86   3.92 CALL added 63760   PUT added 249980  CE_OI=71180 PE_OI=345640
pcr12 =  BSE:SENSEX2691075800PE   4.07   2.36 CALL added 53680   PUT added 126800  CE_OI=58220 PE_OI=236860
pcr13 =  BSE:SENSEX2691075700CE   7.96   4.99 CALL added 19600   PUT added 97740  CE_OI=23040 PE_OI=183460
pcr14 =  BSE:SENSEX2691075600CE   9.58   4.16 CALL added 16900   PUT added 70220  CE_OI=20740 PE_OI=198640
pcr15 =  BSE:SENSEX2691075500CE   9.73   5.69 CALL added 32540   PUT added 185220  CE_OI=58160 PE_OI=565960
pcr16 =  BSE:SENSEX2691075400CE   41.72   34.56 CALL added 4560   PUT added 157600  CE_OI=6900 PE_OI=287840
pcr17 =  BSE:SENSEX2691075300PE   29.79   7.75 CALL added 3800   PUT added 29440  CE_OI=6700 PE_OI=199580
PCRSUM== 113.74
pcrSummation== 3.24
VOLPCRSUM== 10.91
spotLTP =  76084.12  ATM_STRIKE =  76100
IS_ATM_STRIKE_SHIFT = False  mapStrike = {76100: 76100}
avgOiPcrList2 = [np.float64(6.42), np.float64(6.51), np.float64(6.69)] atmStrikeNotShiftedCount= 27
False   27   3
SUPP_RES=== 76500  Buffer= 32
ANCHOR_COMPARE: spot=76084.12 fut=76625.0 basis(fut-spot)=540.88 | SR_future=76500 SR_spot=76000 SR_diff=500 | PCRwin_future=76600 PCRwin_spot=76100
CEoich val =  1290580.0  PEoich val =  61340.0 , CE > PE by 95.2%
SUPP_RES TOTAL OI: CE= 1617940  PE= 636080 , CE > PE by 60.7%
SPOT_SUPP_RES=== 76000  Buffer= 32
SPOT CEoich val =  440580.0  PEoich val =  473560.0 , CE < PE by 7.0%
SPOT_SUPP_RES TOTAL OI: CE= 506560  PE= 944380 , CE < PE by 46.4%
OI_SUPP_RES: spot=76084.12 ATM=76100 (ATM_CE_OI=561140 ATM_PE_OI=520840) | SUPPORT=76000PE OI=944380 (dist=-100) | RESISTANCE=76500CE OI=1617940 (dist=400)
OI_SUPPORT=== 76000
OI_SUPPORT CEoich val = 440580.0  PEoich val = 473560.0 , CE < PE by 7.0%
OI_SUPPORT TOTAL OI: CE= 506560  PE= 944380 , CE < PE by 46.4%
OI_RESISTANCE=== 76500
OI_RESISTANCE CEoich val = 1290580.0  PEoich val = 61340.0 , CE > PE by 95.2%
OI_RESISTANCE TOTAL OI: CE= 1617940  PE= 636080 , CE > PE by 60.7%
IS_MORNING_WINDOW= False  (active 9:15-9:48 IST)
================================================
==== signal check time ==== 2026-09-07 12:21:00.756080
IS_CHOI_DIFF_GT_25PERC== True
RSI_VAL1== 47.59
RSI_VAL2== 47.59
FUT_3m_OHLC O= 76660.0  H= 76660.0  L= 76625.0  C= 76625.0  Range= 35.0
CHART_PATTERN_DETECTED: BEARISH_ENGULFING | EVENING_STAR | DOUBLE_TOP_FORMING | DOUBLE_BOTTOM_FORMING
  PATTERN_CONTEXT: Body= -35.0  Range= 35.0  ExpectedRange= 64.3  RangeRatio= 0.54  O= 76660.0  H= 76660.0  L= 76625.0  C= 76625.0
isPcrInc = True
newSynthFut =  76600
ATMStrike =  76100
AVG_OIPCR= 0.36
avgoiPCROld=  6.69
SUPP_RES = 76500
FUT LTP = 76625.0
CEchoi  PechOi = 1290580.0    61340.0
====================================
AVG_VOLPCR= 1.21
atmPCR= 0.39  belowATM  0.39
atmVolPCR= 1.02  belowATM  1.36
True   76625.0   76500   True   False   47.59
In Bull trade, slCount =  0  (mode= LOGIC3_CHOI_15PCT )
============================================================
LOGIC3_OBSERVE: WOULD_HAVE_ENTERED BULL (no real order — LOGIC3 is observation-only)
  FUT=76625.0 SUPP_RES=76500 CEchoi=1290580.0 PEchoi=61340.0
============================================================
India VIX = 11.27  Spot Price = 76061.18
IV Regime = NORMAL (ADAPTIVE: P25= 11.03  P50= 11.29  P75= 11.38 ) | DailyRange = 1224.6 | 3minCandleRange = 64.4 (theoretical= 107.4 ) | ATMoptionMove = 29.0 | SL = 101 | Target = 101 | TrailTrigger = 29 | Spread = 300 | Buffer = 32
IV Params refreshed: {'vix': 11.27, 'bn_price': 76061.18, 'regime': 'NORMAL', 'regime_thresholds': 'P25=11.03 P50=11.29 P75=11.38', 'daily_range': 1224.6, 'candle_range': 64.4, 'atm_option_move': 29.0, 'sl_point': 101, 'target_point': 101, 'sl_pct_of_premium': 0.1, 'trail_trigger': 29, 'spread_width': 300, 'support_resistance_buffer': 32}
===
====after 3 min ochain==== 2026-09-07 12:24:00.031939
                                    oipcr   choipcr   CE_OI / PE_OI (same strike)
pcr1 =  BSE:SENSEX2691076900PE   0.23   -0.32 CALL added 171540   PUT unwind -54040  CE_OI=423700 PE_OI=95680
pcr2 =  BSE:SENSEX2691076800PE   0.22   -0.3 CALL added 325840   PUT unwind -99120  CE_OI=631840 PE_OI=136400
pcr3 =  BSE:SENSEX2691076700CE   0.21   -0.48 CALL added 400180   PUT unwind -193840  CE_OI=830680 PE_OI=173520
pcr4 =  BSE:SENSEX2691076600CE   0.27   -0.52 CALL added 366240   PUT unwind -188660  CE_OI=734940 PE_OI=201340
pcr5 =  BSE:SENSEX2691076500CE   0.39   0.04 CALL added 1301060   PUT added 56760  CE_OI=1628420 PE_OI=631500
pcr6 =  BSE:SENSEX2691076400PE   0.39    0.22 CALL added 959980   PUT added 206780  CE_OI=1010520 PE_OI=393820
pcr7 =  BSE:SENSEX2691076300CE   0.57   0.39 CALL added 1115520   PUT added 431380  CE_OI=1153100 PE_OI=653420
pcr8 =  BSE:SENSEX2691076200PE   0.95   0.53 CALL added 712020   PUT added 376820  CE_OI=743660 PE_OI=703160
pcr9 =  BSE:SENSEX2691076100PE   0.96   0.72 CALL added 554280   PUT added 399560  CE_OI=573760 PE_OI=553120
pcr10 =  BSE:SENSEX2691076000PE   1.83   1.06 CALL added 454820   PUT added 483720  CE_OI=520800 PE_OI=954540
pcr11 =  BSE:SENSEX2691075900PE   4.94   4.01 CALL added 64020   PUT added 256940  CE_OI=71440 PE_OI=352600
pcr12 =  BSE:SENSEX2691075800PE   4.06   2.36 CALL added 53880   PUT added 126960  CE_OI=58420 PE_OI=237020
pcr13 =  BSE:SENSEX2691075700CE   7.91   5.05 CALL added 20500   PUT added 103560  CE_OI=23940 PE_OI=189280
pcr14 =  BSE:SENSEX2691075600CE   10.28   5.22 CALL added 17580   PUT added 91760  CE_OI=21420 PE_OI=220180
pcr15 =  BSE:SENSEX2691075500CE   9.69   5.69 CALL added 33180   PUT added 188840  CE_OI=58800 PE_OI=569580
pcr16 =  BSE:SENSEX2691075400CE   41.12   33.69 CALL added 4580   PUT added 154280  CE_OI=6920 PE_OI=284520
pcr17 =  BSE:SENSEX2691075300PE   29.23   8.5 CALL added 4120   PUT added 35020  CE_OI=7020 PE_OI=205160
PCRSUM== 113.25
pcrSummation== 3.23
VOLPCRSUM== 10.77
spotLTP =  76061.18  ATM_STRIKE =  76100
IS_ATM_STRIKE_SHIFT = False  mapStrike = {76100: 76100}
avgOiPcrList2 = [np.float64(6.51), np.float64(6.69), np.float64(6.66)] atmStrikeNotShiftedCount= 28
False   28   3
SUPP_RES=== 76500  Buffer= 32
ANCHOR_COMPARE: spot=76061.18 fut=76604.35 basis(fut-spot)=543.17 | SR_future=76500 SR_spot=76000 SR_diff=500 | PCRwin_future=76600 PCRwin_spot=76100
CEoich val =  1301060.0  PEoich val =  56760.0 , CE > PE by 95.6%
SUPP_RES TOTAL OI: CE= 1628420  PE= 631500 , CE > PE by 61.2%
SPOT_SUPP_RES=== 76000  Buffer= 32
SPOT CEoich val =  454820.0  PEoich val =  483720.0 , CE < PE by 6.0%
SPOT_SUPP_RES TOTAL OI: CE= 520800  PE= 954540 , CE < PE by 45.4%
OI_SUPP_RES: spot=76061.18 ATM=76100 (ATM_CE_OI=573760 ATM_PE_OI=553120) | SUPPORT=76000PE OI=954540 (dist=-100) | RESISTANCE=76500CE OI=1628420 (dist=400)
OI_SUPPORT=== 76000
OI_SUPPORT CEoich val = 454820.0  PEoich val = 483720.0 , CE < PE by 6.0%
OI_SUPPORT TOTAL OI: CE= 520800  PE= 954540 , CE < PE by 45.4%
OI_RESISTANCE=== 76500
OI_RESISTANCE CEoich val = 1301060.0  PEoich val = 56760.0 , CE > PE by 95.6%
OI_RESISTANCE TOTAL OI: CE= 1628420  PE= 631500 , CE > PE by 61.2%
IS_MORNING_WINDOW= False  (active 9:15-9:48 IST)
================================================
==== signal check time ==== 2026-09-07 12:24:00.699141
IS_CHOI_DIFF_GT_25PERC== True
RSI_VAL1== 41.65
RSI_VAL2== 41.65
FUT_3m_OHLC O= 76625.0  H= 76625.0  L= 76604.4  C= 76604.4  Range= 20.6
CHART_PATTERN_DETECTED: DOUBLE_TOP_FORMING | DOUBLE_BOTTOM_FORMING
  PATTERN_CONTEXT: Body= -20.6  Range= 20.6  ExpectedRange= 64.4  RangeRatio= 0.32  O= 76625.0  H= 76625.0  L= 76604.4  C= 76604.4
recent two = [np.float64(6.69), np.float64(6.66)]
newSynthFut =  76600
ATMStrike =  76100
AVG_OIPCR= 0.36
avgoiPCROld=  6.66
SUPP_RES = 76500
FUT LTP = 76604.35
CEchoi  PechOi = 1301060.0    56760.0
====================================
AVG_VOLPCR= 1.2
atmPCR= 0.39  belowATM  0.39
atmVolPCR= 1.01  belowATM  1.34
True   76604.35   76500   False   False   41.65
India VIX = 11.27  Spot Price = 76068.52
IV Regime = NORMAL (ADAPTIVE: P25= 11.03  P50= 11.29  P75= 11.38 ) | DailyRange = 1224.7 | 3minCandleRange = 64.4 (theoretical= 107.4 ) | ATMoptionMove = 29.0 | SL = 102 | Target = 102 | TrailTrigger = 29 | Spread = 300 | Buffer = 32
IV Params refreshed: {'vix': 11.27, 'bn_price': 76068.52, 'regime': 'NORMAL', 'regime_thresholds': 'P25=11.03 P50=11.29 P75=11.38', 'daily_range': 1224.7, 'candle_range': 64.4, 'atm_option_move': 29.0, 'sl_point': 102, 'target_point': 102, 'sl_pct_of_premium': 0.1, 'trail_trigger': 29, 'spread_width': 300, 'support_resistance_buffer': 32}
===
====after 3 min ochain==== 2026-09-07 12:27:00.027727
                                    oipcr   choipcr   CE_OI / PE_OI (same strike)
pcr1 =  BSE:SENSEX2691076900PE   0.23   -0.31 CALL added 171800   PUT unwind -53960  CE_OI=423960 PE_OI=95760
pcr2 =  BSE:SENSEX2691076800PE   0.22   -0.31 CALL added 322840   PUT unwind -99160  CE_OI=628840 PE_OI=136360
pcr3 =  BSE:SENSEX2691076700CE   0.21   -0.49 CALL added 399540   PUT unwind -195240  CE_OI=830040 PE_OI=172120
pcr4 =  BSE:SENSEX2691076600CE   0.27   -0.51 CALL added 371860   PUT unwind -190800  CE_OI=740560 PE_OI=199200
pcr5 =  BSE:SENSEX2691076500CE   0.38   0.04 CALL added 1308460   PUT added 54840  CE_OI=1635820 PE_OI=629580
pcr6 =  BSE:SENSEX2691076400PE   0.39    0.22 CALL added 959980   PUT added 207160  CE_OI=1010520 PE_OI=394200
pcr7 =  BSE:SENSEX2691076300CE   0.56   0.38 CALL added 1119740   PUT added 428900  CE_OI=1157320 PE_OI=650940
pcr8 =  BSE:SENSEX2691076200PE   0.95   0.53 CALL added 717100   PUT added 381620  CE_OI=748740 PE_OI=707960
pcr9 =  BSE:SENSEX2691076100PE   1.04   0.79 CALL added 540060   PUT added 426300  CE_OI=559540 PE_OI=579860
pcr10 =  BSE:SENSEX2691076000PE   1.79   1.07 CALL added 490080   PUT added 525340  CE_OI=556060 PE_OI=996160
pcr11 =  BSE:SENSEX2691075900PE   4.81   3.9 CALL added 66280   PUT added 258500  CE_OI=73700 PE_OI=354160
pcr12 =  BSE:SENSEX2691075800PE   4.02   2.37 CALL added 55660   PUT added 131720  CE_OI=60200 PE_OI=241780
pcr13 =  BSE:SENSEX2691075700CE   8.04   5.28 CALL added 21020   PUT added 111040  CE_OI=24460 PE_OI=196760
pcr14 =  BSE:SENSEX2691075600CE   10.33   5.25 CALL added 17460   PUT added 91600  CE_OI=21300 PE_OI=220020
pcr15 =  BSE:SENSEX2691075500CE   9.83   5.98 CALL added 33520   PUT added 200460  CE_OI=59140 PE_OI=581200
pcr16 =  BSE:SENSEX2691075400CE   39.97   32.02 CALL added 4620   PUT added 147920  CE_OI=6960 PE_OI=278160
pcr17 =  BSE:SENSEX2691075300PE   29.1   9.16 CALL added 4300   PUT added 39400  CE_OI=7200 PE_OI=209540
PCRSUM== 112.14
pcrSummation== 3.21
VOLPCRSUM== 10.68
spotLTP =  76065.3  ATM_STRIKE =  76100
IS_ATM_STRIKE_SHIFT = False  mapStrike = {76100: 76100}
avgOiPcrList2 = [np.float64(6.69), np.float64(6.66), np.float64(6.6)] atmStrikeNotShiftedCount= 29
False   29   3
SUPP_RES=== 76500  Buffer= 32
ANCHOR_COMPARE: spot=76065.3 fut=76617.35 basis(fut-spot)=552.05 | SR_future=76500 SR_spot=76000 SR_diff=500 | PCRwin_future=76600 PCRwin_spot=76100
CEoich val =  1308460.0  PEoich val =  54840.0 , CE > PE by 95.8%
SUPP_RES TOTAL OI: CE= 1635820  PE= 629580 , CE > PE by 61.5%
SPOT_SUPP_RES=== 76000  Buffer= 32
SPOT CEoich val =  490080.0  PEoich val =  525340.0 , CE < PE by 6.7%
SPOT_SUPP_RES TOTAL OI: CE= 556060  PE= 996160 , CE < PE by 44.2%
OI_SUPP_RES: spot=76065.3 ATM=76100 (ATM_CE_OI=559540 ATM_PE_OI=579860) | SUPPORT=76000PE OI=996160 (dist=-100) | RESISTANCE=76500CE OI=1635820 (dist=400)
OI_SUPPORT=== 76000
OI_SUPPORT CEoich val = 490080.0  PEoich val = 525340.0 , CE < PE by 6.7%
OI_SUPPORT TOTAL OI: CE= 556060  PE= 996160 , CE < PE by 44.2%
OI_RESISTANCE=== 76500
OI_RESISTANCE CEoich val = 1308460.0  PEoich val = 54840.0 , CE > PE by 95.8%
OI_RESISTANCE TOTAL OI: CE= 1635820  PE= 629580 , CE > PE by 61.5%
IS_MORNING_WINDOW= False  (active 9:15-9:48 IST)
================================================
==== signal check time ==== 2026-09-07 12:27:00.748112
IS_CHOI_DIFF_GT_25PERC== True
RSI_VAL1== 46.2
RSI_VAL2== 46.2
FUT_3m_OHLC O= 76604.4  H= 76617.4  L= 76604.4  C= 76617.4  Range= 13.0
CHART_PATTERN_DETECTED: INSIDE_BAR | DOUBLE_BOTTOM_FORMING
  PATTERN_CONTEXT: Body= 13.0  Range= 13.0  ExpectedRange= 64.4  RangeRatio= 0.2  O= 76604.4  H= 76617.4  L= 76604.4  C= 76617.4
isPcrDecr = True
newSynthFut =  76600
ATMStrike =  76100
AVG_OIPCR= 0.36
avgoiPCROld=  6.6
SUPP_RES = 76500
FUT LTP = 76617.35
CEchoi  PechOi = 1308460.0    54840.0
====================================
AVG_VOLPCR= 1.19
atmPCR= 0.38  belowATM  0.39
atmVolPCR= 1.0  belowATM  1.33
True   76617.35   76500   False   True   46.2
no trade yet = [np.float64(6.69), np.float64(6.66), np.float64(6.6)]
India VIX = 11.28  Spot Price = 76042.29
IV Regime = NORMAL (ADAPTIVE: P25= 11.03  P50= 11.29  P75= 11.38 ) | DailyRange = 1225.4 | 3minCandleRange = 64.5 (theoretical= 107.5 ) | ATMoptionMove = 29.0 | SL = 102 | Target = 102 | TrailTrigger = 29 | Spread = 300 | Buffer = 32
IV Params refreshed: {'vix': 11.28, 'bn_price': 76042.29, 'regime': 'NORMAL', 'regime_thresholds': 'P25=11.03 P50=11.29 P75=11.38', 'daily_range': 1225.4, 'candle_range': 64.5, 'atm_option_move': 29.0, 'sl_point': 102, 'target_point': 102, 'sl_pct_of_premium': 0.1, 'trail_trigger': 29, 'spread_width': 300, 'support_resistance_buffer': 32}
===
====after 3 min ochain==== 2026-09-07 12:30:00.027385
                                    oipcr   choipcr   CE_OI / PE_OI (same strike)
pcr1 =  BSE:SENSEX2691076800PE   0.22   -0.31 CALL added 322840   PUT unwind -99240  CE_OI=628840 PE_OI=136280
pcr2 =  BSE:SENSEX2691076700CE   0.21   -0.49 CALL added 398500   PUT unwind -196400  CE_OI=829000 PE_OI=170960
pcr3 =  BSE:SENSEX2691076600CE   0.27   -0.51 CALL added 375000   PUT unwind -191700  CE_OI=743700 PE_OI=198300
pcr4 =  BSE:SENSEX2691076500CE   0.38   0.04 CALL added 1317120   PUT added 54240  CE_OI=1644480 PE_OI=628980
pcr5 =  BSE:SENSEX2691076400PE   0.39   0.21 CALL added 963120   PUT added 206120  CE_OI=1013660 PE_OI=393160
pcr6 =  BSE:SENSEX2691076300CE   0.56    0.38 CALL added 1126480   PUT added 427740  CE_OI=1164060 PE_OI=649780
pcr7 =  BSE:SENSEX2691076200PE   0.91   0.5 CALL added 732260   PUT added 367800  CE_OI=763900 PE_OI=694140
pcr8 =  BSE:SENSEX2691076100PE   1.03   0.79 CALL added 550200   PUT added 433440  CE_OI=569680 PE_OI=587000
pcr9 =  BSE:SENSEX2691076000PE   1.76   1.07 CALL added 513640   PUT added 551920  CE_OI=579620 PE_OI=1022740
pcr10 =  BSE:SENSEX2691075900PE   4.77   3.88 CALL added 67200   PUT added 260500  CE_OI=74620 PE_OI=356160
pcr11 =  BSE:SENSEX2691075800PE   4.09   2.46 CALL added 56220   PUT added 138180  CE_OI=60760 PE_OI=248240
pcr12 =  BSE:SENSEX2691075700CE   7.86   5.16 CALL added 21660   PUT added 111680  CE_OI=25100 PE_OI=197400
pcr13 =  BSE:SENSEX2691075600CE   10.17   5.12 CALL added 17700   PUT added 90540  CE_OI=21540 PE_OI=218960
pcr14 =  BSE:SENSEX2691075500CE   9.77   5.97 CALL added 34320   PUT added 205000  CE_OI=59940 PE_OI=585740
pcr15 =  BSE:SENSEX2691075400CE   39.96   32.04 CALL added 4640   PUT added 148680  CE_OI=6980 PE_OI=278920
pcr16 =  BSE:SENSEX2691075300PE   27.26   7.2 CALL added 4540   PUT added 32700  CE_OI=7440 PE_OI=202840
pcr17 =  BSE:SENSEX2691075200PE   117.65   40.93 CALL added 1960   PUT added 80220  CE_OI=2180 PE_OI=256480
PCRSUM== 227.26
pcrSummation== 2.94
VOLPCRSUM== 14.28
spotLTP =  76047.6  ATM_STRIKE =  76000
IS_ATM_STRIKE_SHIFT = True  mapStrike = {76000: 76000}
avgOiPcrList2 = [np.float64(13.37)] atmStrikeNotShiftedCount= 1
True   1   1
SUPP_RES=== 76500  Buffer= 32
ANCHOR_COMPARE: spot=76047.6 fut=76600.0 basis(fut-spot)=552.4 | SR_future=76500 SR_spot=76000 SR_diff=500 | PCRwin_future=76600 PCRwin_spot=76000
CEoich val =  1317120.0  PEoich val =  54240.0 , CE > PE by 95.9%
SUPP_RES TOTAL OI: CE= 1644480  PE= 628980 , CE > PE by 61.8%
SPOT_SUPP_RES=== 76000  Buffer= 32
SPOT CEoich val =  513640.0  PEoich val =  551920.0 , CE < PE by 6.9%
SPOT_SUPP_RES TOTAL OI: CE= 579620  PE= 1022740 , CE < PE by 43.3%
OI_SUPP_RES: spot=76047.6 ATM=76000 (ATM_CE_OI=579620 ATM_PE_OI=1022740) | SUPPORT=76000PE OI=1022740 (dist=0) | RESISTANCE=76500CE OI=1644480 (dist=500)
OI_SUPPORT=== 76000
OI_SUPPORT CEoich val = 513640.0  PEoich val = 551920.0 , CE < PE by 6.9%
OI_SUPPORT TOTAL OI: CE= 579620  PE= 1022740 , CE < PE by 43.3%
OI_RESISTANCE=== 76500
OI_RESISTANCE CEoich val = 1317120.0  PEoich val = 54240.0 , CE > PE by 95.9%
OI_RESISTANCE TOTAL OI: CE= 1644480  PE= 628980 , CE > PE by 61.8%
IS_MORNING_WINDOW= False  (active 9:15-9:48 IST)
================================================
==== signal check time ==== 2026-09-07 12:30:00.880544
IS_CHOI_DIFF_GT_25PERC== True
RSI_VAL1== 41.54
RSI_VAL2== 41.54
FUT_3m_OHLC O= 76613.2  H= 76613.2  L= 76600.0  C= 76600.0  Range= 13.2
CHART_PATTERN_DETECTED: DOUBLE_BOTTOM_FORMING
  PATTERN_CONTEXT: Body= -13.2  Range= 13.2  ExpectedRange= 64.5  RangeRatio= 0.2  O= 76613.2  H= 76613.2  L= 76600.0  C= 76600.0
newSynthFut =  76600
ATMStrike =  76000
AVG_OIPCR= 0.33
avgoiPCROld=  13.37
SUPP_RES = 76500
FUT LTP = 76600.0
CEchoi  PechOi = 1317120.0    54240.0
====================================
AVG_VOLPCR= 1.59
atmPCR= 0.39  belowATM  0.56
atmVolPCR= 1.33  belowATM  1.7
True   76600.0   76500   False   False   41.54
India VIX = 11.29  Spot Price = 76052.67
IV Regime = NORMAL (ADAPTIVE: P25= 11.03  P50= 11.29  P75= 11.38 ) | DailyRange = 1226.6 | 3minCandleRange = 64.5 (theoretical= 107.6 ) | ATMoptionMove = 29.0 | SL = 102 | Target = 102 | TrailTrigger = 29 | Spread = 300 | Buffer = 32
IV Params refreshed: {'vix': 11.29, 'bn_price': 76052.67, 'regime': 'NORMAL', 'regime_thresholds': 'P25=11.03 P50=11.29 P75=11.38', 'daily_range': 1226.6, 'candle_range': 64.5, 'atm_option_move': 29.0, 'sl_point': 102, 'target_point': 102, 'sl_pct_of_premium': 0.1, 'trail_trigger': 29, 'spread_width': 300, 'support_resistance_buffer': 32}
===
====after 3 min ochain==== 2026-09-07 12:33:00.028699
                                    oipcr   choipcr   CE_OI / PE_OI (same strike)
pcr1 =  BSE:SENSEX2691076900PE   0.22   -0.3 CALL added 178540   PUT unwind -54180  CE_OI=430700 PE_OI=95540
pcr2 =  BSE:SENSEX2691076800PE   0.21   -0.31 CALL added 324300   PUT unwind -101600  CE_OI=630300 PE_OI=133920
pcr3 =  BSE:SENSEX2691076700CE   0.2   -0.5 CALL added 397800   PUT unwind -199240  CE_OI=828300 PE_OI=168120
pcr4 =  BSE:SENSEX2691076600CE   0.27   -0.52 CALL added 366840   PUT unwind -190900  CE_OI=735540 PE_OI=199100
pcr5 =  BSE:SENSEX2691076500CE   0.38   0.04 CALL added 1329180   PUT added 47260  CE_OI=1656540 PE_OI=622000
pcr6 =  BSE:SENSEX2691076400PE   0.38    0.21 CALL added 977300   PUT added 201840  CE_OI=1027840 PE_OI=388880
pcr7 =  BSE:SENSEX2691076300CE   0.55   0.37 CALL added 1130560   PUT added 417240  CE_OI=1168140 PE_OI=639280
pcr8 =  BSE:SENSEX2691076200PE   0.85   0.47 CALL added 776400   PUT added 363440  CE_OI=808040 PE_OI=689780
pcr9 =  BSE:SENSEX2691076100PE   1.02   0.78 CALL added 560340   PUT added 435640  CE_OI=579820 PE_OI=589200
pcr10 =  BSE:SENSEX2691076000PE   1.6   0.93 CALL added 544880   PUT added 504200  CE_OI=610860 PE_OI=975020
pcr11 =  BSE:SENSEX2691075900PE   4.51   3.63 CALL added 70840   PUT added 256940  CE_OI=78260 PE_OI=352600
pcr12 =  BSE:SENSEX2691075800PE   3.73   2.14 CALL added 58600   PUT added 125680  CE_OI=63140 PE_OI=235740
pcr13 =  BSE:SENSEX2691075700CE   7.75   5.04 CALL added 21840   PUT added 110180  CE_OI=25280 PE_OI=195900
pcr14 =  BSE:SENSEX2691075600CE   10.29   4.94 CALL added 16640   PUT added 82220  CE_OI=20480 PE_OI=210640
pcr15 =  BSE:SENSEX2691075500CE   9.27   5.33 CALL added 36320   PUT added 193680  CE_OI=61940 PE_OI=574420
pcr16 =  BSE:SENSEX2691075400CE   37.3   28.63 CALL added 4960   PUT added 142020  CE_OI=7300 PE_OI=272260
pcr17 =  BSE:SENSEX2691075300PE   24.7   6.86 CALL added 5520   PUT added 37860  CE_OI=8420 PE_OI=208000
PCRSUM== 103.23
pcrSummation== 3.06
VOLPCRSUM== 10.5
spotLTP =  76052.67  ATM_STRIKE =  76100
IS_ATM_STRIKE_SHIFT = True  mapStrike = {76100: 76100}
avgOiPcrList2 = [np.float64(6.07)] atmStrikeNotShiftedCount= 1
True   1   1
SUPP_RES=== 76500  Buffer= 32
ANCHOR_COMPARE: spot=76052.67 fut=76580.0 basis(fut-spot)=527.33 | SR_future=76500 SR_spot=76000 SR_diff=500 | PCRwin_future=76600 PCRwin_spot=76100
CEoich val =  1329180.0  PEoich val =  47260.0 , CE > PE by 96.4%
SUPP_RES TOTAL OI: CE= 1656540  PE= 622000 , CE > PE by 62.5%
SPOT_SUPP_RES=== 76000  Buffer= 32
SPOT CEoich val =  544880.0  PEoich val =  504200.0 , CE > PE by 7.5%
SPOT_SUPP_RES TOTAL OI: CE= 610860  PE= 975020 , CE < PE by 37.3%
OI_SUPP_RES: spot=76052.67 ATM=76100 (ATM_CE_OI=579820 ATM_PE_OI=589200) | SUPPORT=76000PE OI=975020 (dist=-100) | RESISTANCE=76500CE OI=1656540 (dist=400)
OI_SUPPORT=== 76000
OI_SUPPORT CEoich val = 544880.0  PEoich val = 504200.0 , CE > PE by 7.5%
OI_SUPPORT TOTAL OI: CE= 610860  PE= 975020 , CE < PE by 37.3%
OI_RESISTANCE=== 76500
OI_RESISTANCE CEoich val = 1329180.0  PEoich val = 47260.0 , CE > PE by 96.4%
OI_RESISTANCE TOTAL OI: CE= 1656540  PE= 622000 , CE > PE by 62.5%
IS_MORNING_WINDOW= False  (active 9:15-9:48 IST)
================================================
==== signal check time ==== 2026-09-07 12:33:00.774413
IS_CHOI_DIFF_GT_25PERC== True
RSI_VAL1== 36.92
RSI_VAL2== 36.92
FUT_3m_OHLC O= 76588.8  H= 76592.2  L= 76580.0  C= 76580.0  Range= 12.2
CHART_PATTERN_DETECTED: DOUBLE_TOP_FORMING | DOUBLE_BOTTOM_FORMING
  PATTERN_CONTEXT: Body= -8.8  Range= 12.2  ExpectedRange= 64.5  RangeRatio= 0.19  O= 76588.8  H= 76592.2  L= 76580.0  C= 76580.0
newSynthFut =  76600
ATMStrike =  76100
AVG_OIPCR= 0.34
avgoiPCROld=  6.07
SUPP_RES = 76500
FUT LTP = 76580.0
CEchoi  PechOi = 1329180.0    47260.0
====================================
AVG_VOLPCR= 1.17
atmPCR= 0.38  belowATM  0.38
atmVolPCR= 0.99  belowATM  1.32
True   76580.0   76500   False   False   36.92
India VIX = 11.27  Spot Price = 76030.09
IV Regime = NORMAL (ADAPTIVE: P25= 11.03  P50= 11.29  P75= 11.38 ) | DailyRange = 1224.1 | 3minCandleRange = 64.4 (theoretical= 107.4 ) | ATMoptionMove = 29.0 | SL = 101 | Target = 101 | TrailTrigger = 29 | Spread = 300 | Buffer = 32
IV Params refreshed: {'vix': 11.27, 'bn_price': 76030.09, 'regime': 'NORMAL', 'regime_thresholds': 'P25=11.03 P50=11.29 P75=11.38', 'daily_range': 1224.1, 'candle_range': 64.4, 'atm_option_move': 29.0, 'sl_point': 101, 'target_point': 101, 'sl_pct_of_premium': 0.1, 'trail_trigger': 29, 'spread_width': 300, 'support_resistance_buffer': 32}
===
====after 3 min ochain==== 2026-09-07 12:36:00.027879
                                    oipcr   choipcr   CE_OI / PE_OI (same strike)
pcr1 =  BSE:SENSEX2691076800PE   0.21   -0.32 CALL added 327760   PUT unwind -103440  CE_OI=633760 PE_OI=132080
pcr2 =  BSE:SENSEX2691076700CE   0.2   -0.51 CALL added 397520   PUT unwind -204640  CE_OI=828020 PE_OI=162720
pcr3 =  BSE:SENSEX2691076600CE   0.27   -0.52 CALL added 369200   PUT unwind -191680  CE_OI=737900 PE_OI=198320
pcr4 =  BSE:SENSEX2691076500CE   0.37   0.03 CALL added 1329380   PUT added 38060  CE_OI=1656740 PE_OI=612800
pcr5 =  BSE:SENSEX2691076400PE   0.38   0.2 CALL added 970400   PUT added 197060  CE_OI=1020940 PE_OI=384100
pcr6 =  BSE:SENSEX2691076300CE   0.55    0.37 CALL added 1131560   PUT added 418480  CE_OI=1169140 PE_OI=640520
pcr7 =  BSE:SENSEX2691076200PE   0.86   0.45 CALL added 733660   PUT added 333140  CE_OI=765300 PE_OI=659480
pcr8 =  BSE:SENSEX2691076100PE   1.01   0.77 CALL added 573320   PUT added 442560  CE_OI=592800 PE_OI=596120
pcr9 =  BSE:SENSEX2691076000PE   1.57   0.93 CALL added 575320   PUT added 534540  CE_OI=641300 PE_OI=1005360
pcr10 =  BSE:SENSEX2691075900PE   4.31   3.46 CALL added 75480   PUT added 261360  CE_OI=82900 PE_OI=357020
pcr11 =  BSE:SENSEX2691075800PE   3.87   2.34 CALL added 60500   PUT added 141540  CE_OI=65040 PE_OI=251600
pcr12 =  BSE:SENSEX2691075700CE   8.05   5.42 CALL added 22040   PUT added 119360  CE_OI=25480 PE_OI=205080
pcr13 =  BSE:SENSEX2691075600CE   9.95   4.82 CALL added 17580   PUT added 84760  CE_OI=21420 PE_OI=213180
pcr14 =  BSE:SENSEX2691075500CE   9.43   5.6 CALL added 36280   PUT added 203100  CE_OI=61900 PE_OI=583840
pcr15 =  BSE:SENSEX2691075400CE   37.45   28.73 CALL added 4880   PUT added 140180  CE_OI=7220 PE_OI=270420
pcr16 =  BSE:SENSEX2691075300PE   24.69   7.03 CALL added 5580   PUT added 39220  CE_OI=8480 PE_OI=209360
pcr17 =  BSE:SENSEX2691075200PE   107.06   38.27 CALL added 2220   PUT added 84960  CE_OI=2440 PE_OI=261220
PCRSUM== 210.23
pcrSummation== 2.84
VOLPCRSUM== 13.879999999999999
spotLTP =  76030.09  ATM_STRIKE =  76000
IS_ATM_STRIKE_SHIFT = True  mapStrike = {76000: 76000}
avgOiPcrList2 = [np.float64(12.37)] atmStrikeNotShiftedCount= 1
True   1   1
SUPP_RES=== 76500  Buffer= 32
ANCHOR_COMPARE: spot=76030.09 fut=76580.0 basis(fut-spot)=549.91 | SR_future=76500 SR_spot=76000 SR_diff=500 | PCRwin_future=76600 PCRwin_spot=76000
CEoich val =  1329380.0  PEoich val =  38060.0 , CE > PE by 97.1%
SUPP_RES TOTAL OI: CE= 1656740  PE= 612800 , CE > PE by 63.0%
SPOT_SUPP_RES=== 76000  Buffer= 32
SPOT CEoich val =  575320.0  PEoich val =  534540.0 , CE > PE by 7.1%
SPOT_SUPP_RES TOTAL OI: CE= 641300  PE= 1005360 , CE < PE by 36.2%
OI_SUPP_RES: spot=76030.09 ATM=76000 (ATM_CE_OI=641300 ATM_PE_OI=1005360) | SUPPORT=76000PE OI=1005360 (dist=0) | RESISTANCE=76500CE OI=1656740 (dist=500)
OI_SUPPORT=== 76000
OI_SUPPORT CEoich val = 575320.0  PEoich val = 534540.0 , CE > PE by 7.1%
OI_SUPPORT TOTAL OI: CE= 641300  PE= 1005360 , CE < PE by 36.2%
OI_RESISTANCE=== 76500
OI_RESISTANCE CEoich val = 1329380.0  PEoich val = 38060.0 , CE > PE by 97.1%
OI_RESISTANCE TOTAL OI: CE= 1656740  PE= 612800 , CE > PE by 63.0%
IS_MORNING_WINDOW= False  (active 9:15-9:48 IST)
================================================
==== signal check time ==== 2026-09-07 12:36:00.700254
IS_CHOI_DIFF_GT_25PERC== True
RSI_VAL1== 36.92
RSI_VAL2== 36.92
FUT_3m_OHLC O= 76580.0  H= 76608.2  L= 76580.0  C= 76580.0  Range= 28.1
CHART_PATTERN_DETECTED: DOUBLE_TOP_FORMING | DOUBLE_BOTTOM_FORMING
  PATTERN_CONTEXT: Body= 0.0  Range= 28.1  ExpectedRange= 64.4  RangeRatio= 0.44  O= 76580.0  H= 76608.2  L= 76580.0  C= 76580.0
newSynthFut =  76600
ATMStrike =  76000
AVG_OIPCR= 0.32
avgoiPCROld=  12.37
SUPP_RES = 76500
FUT LTP = 76580.0
CEchoi  PechOi = 1329380.0    38060.0
====================================
AVG_VOLPCR= 1.54
atmPCR= 0.38  belowATM  0.55
atmVolPCR= 1.31  belowATM  1.68
True   76580.0   76500   False   False   36.92
India VIX = 11.2  Spot Price = 76061.9
IV Regime = NORMAL (ADAPTIVE: P25= 11.03  P50= 11.29  P75= 11.38 ) | DailyRange = 1217.0 | 3minCandleRange = 64.0 (theoretical= 106.7 ) | ATMoptionMove = 28.8 | SL = 101 | Target = 101 | TrailTrigger = 29 | Spread = 300 | Buffer = 32
IV Params refreshed: {'vix': 11.2, 'bn_price': 76061.9, 'regime': 'NORMAL', 'regime_thresholds': 'P25=11.03 P50=11.29 P75=11.38', 'daily_range': 1217.0, 'candle_range': 64.0, 'atm_option_move': 28.8, 'sl_point': 101, 'target_point': 101, 'sl_pct_of_premium': 0.1, 'trail_trigger': 29, 'spread_width': 300, 'support_resistance_buffer': 32}
===
====after 3 min ochain==== 2026-09-07 12:39:00.025557
                                    oipcr   choipcr   CE_OI / PE_OI (same strike)
pcr1 =  BSE:SENSEX2691076900PE   0.22   -0.29 CALL added 183580   PUT unwind -53940  CE_OI=435740 PE_OI=95780
pcr2 =  BSE:SENSEX2691076800PE   0.21   -0.32 CALL added 325600   PUT unwind -104080  CE_OI=631600 PE_OI=131440
pcr3 =  BSE:SENSEX2691076700CE   0.19   -0.51 CALL added 403180   PUT unwind -206660  CE_OI=833680 PE_OI=160700
pcr4 =  BSE:SENSEX2691076600CE   0.27   -0.52 CALL added 370060   PUT unwind -192080  CE_OI=738760 PE_OI=197920
pcr5 =  BSE:SENSEX2691076500CE   0.37   0.03 CALL added 1338120   PUT added 36960  CE_OI=1665480 PE_OI=611700
pcr6 =  BSE:SENSEX2691076400PE   0.37    0.2 CALL added 980060   PUT added 192040  CE_OI=1030600 PE_OI=379080
pcr7 =  BSE:SENSEX2691076300CE   0.54   0.36 CALL added 1143520   PUT added 417320  CE_OI=1181100 PE_OI=639360
pcr8 =  BSE:SENSEX2691076200PE   0.87   0.47 CALL added 751240   PUT added 356000  CE_OI=782880 PE_OI=682340
pcr9 =  BSE:SENSEX2691076100PE   1.01   0.78 CALL added 572620   PUT added 446060  CE_OI=592100 PE_OI=599620
pcr10 =  BSE:SENSEX2691076000PE   1.57   0.93 CALL added 582040   PUT added 543460  CE_OI=648020 PE_OI=1014280
pcr11 =  BSE:SENSEX2691075900PE   4.46   3.61 CALL added 73820   PUT added 266480  CE_OI=81240 PE_OI=362140
pcr12 =  BSE:SENSEX2691075800PE   3.93   2.4 CALL added 60360   PUT added 145040  CE_OI=64900 PE_OI=255100
pcr13 =  BSE:SENSEX2691075700CE   7.84   5.29 CALL added 23060   PUT added 122040  CE_OI=26500 PE_OI=207760
pcr14 =  BSE:SENSEX2691075600CE   10.03   5.02 CALL added 17940   PUT added 90080  CE_OI=21780 PE_OI=218500
pcr15 =  BSE:SENSEX2691075500CE   9.45   5.68 CALL added 36680   PUT added 208160  CE_OI=62300 PE_OI=588900
pcr16 =  BSE:SENSEX2691075400CE   35.7   26.78 CALL added 5240   PUT added 140340  CE_OI=7580 PE_OI=270580
pcr17 =  BSE:SENSEX2691075300PE   25.11   7.47 CALL added 5520   PUT added 41260  CE_OI=8420 PE_OI=211400
PCRSUM== 102.14
pcrSummation== 3.04
VOLPCRSUM== 10.379999999999999
spotLTP =  76061.9  ATM_STRIKE =  76100
IS_ATM_STRIKE_SHIFT = True  mapStrike = {76100: 76100}
avgOiPcrList2 = [np.float64(6.01)] atmStrikeNotShiftedCount= 1
True   1   1
SUPP_RES=== 76500  Buffer= 32
ANCHOR_COMPARE: spot=76061.9 fut=76605.0 basis(fut-spot)=543.1 | SR_future=76500 SR_spot=76000 SR_diff=500 | PCRwin_future=76600 PCRwin_spot=76100
CEoich val =  1338120.0  PEoich val =  36960.0 , CE > PE by 97.2%
SUPP_RES TOTAL OI: CE= 1665480  PE= 611700 , CE > PE by 63.3%
SPOT_SUPP_RES=== 76000  Buffer= 32
SPOT CEoich val =  582040.0  PEoich val =  543460.0 , CE > PE by 6.6%
SPOT_SUPP_RES TOTAL OI: CE= 648020  PE= 1014280 , CE < PE by 36.1%
OI_SUPP_RES: spot=76061.9 ATM=76100 (ATM_CE_OI=592100 ATM_PE_OI=599620) | SUPPORT=76000PE OI=1014280 (dist=-100) | RESISTANCE=76500CE OI=1665480 (dist=400)
OI_SUPPORT=== 76000
OI_SUPPORT CEoich val = 582040.0  PEoich val = 543460.0 , CE > PE by 6.6%
OI_SUPPORT TOTAL OI: CE= 648020  PE= 1014280 , CE < PE by 36.1%
OI_RESISTANCE=== 76500
OI_RESISTANCE CEoich val = 1338120.0  PEoich val = 36960.0 , CE > PE by 97.2%
OI_RESISTANCE TOTAL OI: CE= 1665480  PE= 611700 , CE > PE by 63.3%
IS_MORNING_WINDOW= False  (active 9:15-9:48 IST)
================================================
==== signal check time ==== 2026-09-07 12:39:00.706392
IS_CHOI_DIFF_GT_25PERC== True
RSI_VAL1== 45.68
RSI_VAL2== 45.68
FUT_3m_OHLC O= 76580.0  H= 76605.0  L= 76580.0  C= 76605.0  Range= 25.0
CHART_PATTERN_DETECTED: INSIDE_BAR | DOUBLE_TOP_FORMING | DOUBLE_BOTTOM_FORMING
  PATTERN_CONTEXT: Body= 25.0  Range= 25.0  ExpectedRange= 64.0  RangeRatio= 0.39  O= 76580.0  H= 76605.0  L= 76580.0  C= 76605.0
newSynthFut =  76600
ATMStrike =  76100
AVG_OIPCR= 0.34
avgoiPCROld=  6.01
SUPP_RES = 76500
FUT LTP = 76605.0
CEchoi  PechOi = 1338120.0    36960.0
====================================
AVG_VOLPCR= 1.15
atmPCR= 0.37  belowATM  0.37
atmVolPCR= 0.98  belowATM  1.31
True   76605.0   76500   False   False   45.68
India VIX = 11.19  Spot Price = 76057.99
IV Regime = NORMAL (ADAPTIVE: P25= 11.03  P50= 11.29  P75= 11.38 ) | DailyRange = 1215.8 | 3minCandleRange = 64.0 (theoretical= 106.6 ) | ATMoptionMove = 28.8 | SL = 101 | Target = 101 | TrailTrigger = 29 | Spread = 300 | Buffer = 32
IV Params refreshed: {'vix': 11.19, 'bn_price': 76057.99, 'regime': 'NORMAL', 'regime_thresholds': 'P25=11.03 P50=11.29 P75=11.38', 'daily_range': 1215.8, 'candle_range': 64.0, 'atm_option_move': 28.8, 'sl_point': 101, 'target_point': 101, 'sl_pct_of_premium': 0.1, 'trail_trigger': 29, 'spread_width': 300, 'support_resistance_buffer': 32}
===
====after 3 min ochain==== 2026-09-07 12:42:00.025532
                                    oipcr   choipcr   CE_OI / PE_OI (same strike)
pcr1 =  BSE:SENSEX2691076900PE   0.22   -0.3 CALL added 181280   PUT unwind -53840  CE_OI=433440 PE_OI=95880
pcr2 =  BSE:SENSEX2691076800PE   0.21   -0.31 CALL added 330300   PUT unwind -103800  CE_OI=636300 PE_OI=131720
pcr3 =  BSE:SENSEX2691076700CE   0.19   -0.51 CALL added 402720   PUT unwind -206720  CE_OI=833220 PE_OI=160640
pcr4 =  BSE:SENSEX2691076600CE   0.27   -0.51 CALL added 376460   PUT unwind -191840  CE_OI=745160 PE_OI=198160
pcr5 =  BSE:SENSEX2691076500CE   0.36   0.03 CALL added 1345380   PUT added 34840  CE_OI=1672740 PE_OI=609580
pcr6 =  BSE:SENSEX2691076400PE   0.37    0.19 CALL added 984080   PUT added 190880  CE_OI=1034620 PE_OI=377920
pcr7 =  BSE:SENSEX2691076300CE   0.54   0.36 CALL added 1151400   PUT added 415440  CE_OI=1188980 PE_OI=637480
pcr8 =  BSE:SENSEX2691076200PE   0.86   0.46 CALL added 759540   PUT added 352140  CE_OI=791180 PE_OI=678480
pcr9 =  BSE:SENSEX2691076100PE   1.01   0.78 CALL added 578000   PUT added 451140  CE_OI=597480 PE_OI=604700
pcr10 =  BSE:SENSEX2691076000PE   1.54   0.92 CALL added 597300   PUT added 550060  CE_OI=663280 PE_OI=1020880
pcr11 =  BSE:SENSEX2691075900PE   4.35   3.5 CALL added 74860   PUT added 261940  CE_OI=82280 PE_OI=357600
pcr12 =  BSE:SENSEX2691075800PE   3.88   2.36 CALL added 60980   PUT added 144040  CE_OI=65520 PE_OI=254100
pcr13 =  BSE:SENSEX2691075700CE   7.69   5.16 CALL added 23440   PUT added 121000  CE_OI=26880 PE_OI=206720
pcr14 =  BSE:SENSEX2691075600CE   9.55   4.75 CALL added 19080   PUT added 90580  CE_OI=22920 PE_OI=219000
pcr15 =  BSE:SENSEX2691075500CE   9.34   5.54 CALL added 37220   PUT added 206080  CE_OI=62840 PE_OI=586820
pcr16 =  BSE:SENSEX2691075400CE   35.78   26.9 CALL added 5240   PUT added 140940  CE_OI=7580 PE_OI=271180
pcr17 =  BSE:SENSEX2691075300PE   25.06   7.41 CALL added 5520   PUT added 40880  CE_OI=8420 PE_OI=211020
PCRSUM== 101.22
pcrSummation== 3.02
VOLPCRSUM== 10.33
spotLTP =  76057.99  ATM_STRIKE =  76100
IS_ATM_STRIKE_SHIFT = False  mapStrike = {76100: 76100}
avgOiPcrList2 = [np.float64(6.01), np.float64(5.95)] atmStrikeNotShiftedCount= 2
False   2   2
SUPP_RES=== 76500  Buffer= 32
ANCHOR_COMPARE: spot=76057.99 fut=76581.0 basis(fut-spot)=523.01 | SR_future=76500 SR_spot=76000 SR_diff=500 | PCRwin_future=76600 PCRwin_spot=76100
CEoich val =  1345380.0  PEoich val =  34840.0 , CE > PE by 97.4%
SUPP_RES TOTAL OI: CE= 1672740  PE= 609580 , CE > PE by 63.6%
SPOT_SUPP_RES=== 76000  Buffer= 32
SPOT CEoich val =  597300.0  PEoich val =  550060.0 , CE > PE by 7.9%
SPOT_SUPP_RES TOTAL OI: CE= 663280  PE= 1020880 , CE < PE by 35.0%
OI_SUPP_RES: spot=76057.99 ATM=76100 (ATM_CE_OI=597480 ATM_PE_OI=604700) | SUPPORT=76000PE OI=1020880 (dist=-100) | RESISTANCE=76500CE OI=1672740 (dist=400)
OI_SUPPORT=== 76000
OI_SUPPORT CEoich val = 597300.0  PEoich val = 550060.0 , CE > PE by 7.9%
OI_SUPPORT TOTAL OI: CE= 663280  PE= 1020880 , CE < PE by 35.0%
OI_RESISTANCE=== 76500
OI_RESISTANCE CEoich val = 1345380.0  PEoich val = 34840.0 , CE > PE by 97.4%
OI_RESISTANCE TOTAL OI: CE= 1672740  PE= 609580 , CE > PE by 63.6%
IS_MORNING_WINDOW= False  (active 9:15-9:48 IST)
================================================
==== signal check time ==== 2026-09-07 12:42:00.753821
IS_CHOI_DIFF_GT_25PERC== True
RSI_VAL1== 39.95
RSI_VAL2== 39.95
FUT_3m_OHLC O= 76600.1  H= 76600.1  L= 76581.0  C= 76581.0  Range= 19.1
CHART_PATTERN_DETECTED: INSIDE_BAR | DOUBLE_TOP_FORMING | DOUBLE_BOTTOM_FORMING
  PATTERN_CONTEXT: Body= -19.1  Range= 19.1  ExpectedRange= 64.0  RangeRatio= 0.3  O= 76600.1  H= 76600.1  L= 76581.0  C= 76581.0
newSynthFut =  76600
ATMStrike =  76100
AVG_OIPCR= 0.34
avgoiPCROld=  5.95
SUPP_RES = 76500
FUT LTP = 76581.0
CEchoi  PechOi = 1345380.0    34840.0
====================================
AVG_VOLPCR= 1.15
atmPCR= 0.36  belowATM  0.37
atmVolPCR= 0.98  belowATM  1.3
True   76581.0   76500   False   False   39.95
India VIX = 11.19  Spot Price = 76049.8
IV Regime = NORMAL (ADAPTIVE: P25= 11.03  P50= 11.29  P75= 11.38 ) | DailyRange = 1215.7 | 3minCandleRange = 64.0 (theoretical= 106.6 ) | ATMoptionMove = 28.8 | SL = 101 | Target = 101 | TrailTrigger = 29 | Spread = 300 | Buffer = 32
IV Params refreshed: {'vix': 11.19, 'bn_price': 76049.8, 'regime': 'NORMAL', 'regime_thresholds': 'P25=11.03 P50=11.29 P75=11.38', 'daily_range': 1215.7, 'candle_range': 64.0, 'atm_option_move': 28.8, 'sl_point': 101, 'target_point': 101, 'sl_pct_of_premium': 0.1, 'trail_trigger': 29, 'spread_width': 300, 'support_resistance_buffer': 32}
===
====after 3 min ochain==== 2026-09-07 12:45:00.035864
                                    oipcr   choipcr   CE_OI / PE_OI (same strike)
pcr1 =  BSE:SENSEX2691076800PE   0.21   -0.31 CALL added 331420   PUT unwind -103380  CE_OI=637420 PE_OI=132140
pcr2 =  BSE:SENSEX2691076700CE   0.19   -0.52 CALL added 400540   PUT unwind -206960  CE_OI=831040 PE_OI=160400
pcr3 =  BSE:SENSEX2691076600CE   0.27   -0.51 CALL added 374820   PUT unwind -190580  CE_OI=743520 PE_OI=199420
pcr4 =  BSE:SENSEX2691076500CE   0.37   0.03 CALL added 1343800   PUT added 35800  CE_OI=1671160 PE_OI=610540
pcr5 =  BSE:SENSEX2691076400PE   0.37   0.2 CALL added 984940   PUT added 193240  CE_OI=1035480 PE_OI=380280
pcr6 =  BSE:SENSEX2691076300CE   0.54    0.36 CALL added 1154240   PUT added 421120  CE_OI=1191820 PE_OI=643160
pcr7 =  BSE:SENSEX2691076200PE   0.87   0.47 CALL added 758880   PUT added 358400  CE_OI=790520 PE_OI=684740
pcr8 =  BSE:SENSEX2691076100PE   1.05   0.82 CALL added 574540   PUT added 468800  CE_OI=594020 PE_OI=622360
pcr9 =  BSE:SENSEX2691076000PE   1.55   0.93 CALL added 603040   PUT added 563440  CE_OI=669020 PE_OI=1034260
pcr10 =  BSE:SENSEX2691075900PE   4.37   3.53 CALL added 74860   PUT added 264020  CE_OI=82280 PE_OI=359680
pcr11 =  BSE:SENSEX2691075800PE   3.89   2.39 CALL added 61700   PUT added 147720  CE_OI=66240 PE_OI=257780
pcr12 =  BSE:SENSEX2691075700CE   7.71   5.2 CALL added 23600   PUT added 122820  CE_OI=27040 PE_OI=208540
pcr13 =  BSE:SENSEX2691075600CE   9.67   4.87 CALL added 19020   PUT added 92560  CE_OI=22860 PE_OI=220980
pcr14 =  BSE:SENSEX2691075500CE   9.34   5.56 CALL added 37460   PUT added 208400  CE_OI=63080 PE_OI=589140
pcr15 =  BSE:SENSEX2691075400CE   36.59   28.11 CALL added 5260   PUT added 147860  CE_OI=7600 PE_OI=278100
pcr16 =  BSE:SENSEX2691075300PE   25.44   7.85 CALL added 5480   PUT added 43020  CE_OI=8380 PE_OI=213160
pcr17 =  BSE:SENSEX2691075200PE   97.37   35.93 CALL added 2520   PUT added 90540  CE_OI=2740 PE_OI=266800
PCRSUM== 199.8
pcrSummation== 2.82
VOLPCRSUM== 13.67
spotLTP =  76050.11  ATM_STRIKE =  76100
IS_ATM_STRIKE_SHIFT = False  mapStrike = {76100: 76100}
avgOiPcrList2 = [np.float64(6.01), np.float64(5.95), np.float64(11.75)] atmStrikeNotShiftedCount= 3
False   3   3
SUPP_RES=== 76500  Buffer= 32
ANCHOR_COMPARE: spot=76050.11 fut=76608.1 basis(fut-spot)=557.99 | SR_future=76500 SR_spot=76000 SR_diff=500 | PCRwin_future=76600 PCRwin_spot=76100
CEoich val =  1343800.0  PEoich val =  35800.0 , CE > PE by 97.3%
SUPP_RES TOTAL OI: CE= 1671160  PE= 610540 , CE > PE by 63.5%
SPOT_SUPP_RES=== 76000  Buffer= 32
SPOT CEoich val =  603040.0  PEoich val =  563440.0 , CE > PE by 6.6%
SPOT_SUPP_RES TOTAL OI: CE= 669020  PE= 1034260 , CE < PE by 35.3%
OI_SUPP_RES: spot=76050.11 ATM=76100 (ATM_CE_OI=594020 ATM_PE_OI=622360) | SUPPORT=76000PE OI=1034260 (dist=-100) | RESISTANCE=76500CE OI=1671160 (dist=400)
OI_SUPPORT=== 76000
OI_SUPPORT CEoich val = 603040.0  PEoich val = 563440.0 , CE > PE by 6.6%
OI_SUPPORT TOTAL OI: CE= 669020  PE= 1034260 , CE < PE by 35.3%
OI_RESISTANCE=== 76500
OI_RESISTANCE CEoich val = 1343800.0  PEoich val = 35800.0 , CE > PE by 97.3%
OI_RESISTANCE TOTAL OI: CE= 1671160  PE= 610540 , CE > PE by 63.5%
IS_MORNING_WINDOW= False  (active 9:15-9:48 IST)
================================================
==== signal check time ==== 2026-09-07 12:45:00.812953
IS_CHOI_DIFF_GT_25PERC== True
RSI_VAL1== 47.9
RSI_VAL2== 47.9
FUT_3m_OHLC O= 76581.0  H= 76608.1  L= 76580.0  C= 76608.1  Range= 28.1
CHART_PATTERN_DETECTED: BULLISH_ENGULFING | OUTSIDE_BAR | DOUBLE_TOP_FORMING | DOUBLE_BOTTOM_FORMING
  PATTERN_CONTEXT: Body= 27.1  Range= 28.1  ExpectedRange= 64.0  RangeRatio= 0.44  O= 76581.0  H= 76608.1  L= 76580.0  C= 76608.1
recent two = [np.float64(5.95), np.float64(11.75)]
newSynthFut =  76600
ATMStrike =  76100
AVG_OIPCR= 0.31
avgoiPCROld=  11.75
SUPP_RES = 76500
FUT LTP = 76608.1
CEchoi  PechOi = 1343800.0    35800.0
====================================
AVG_VOLPCR= 1.52
atmPCR= 0.37  belowATM  0.54
atmVolPCR= 1.3  belowATM  1.66
True   76608.1   76500   False   False   47.9
India VIX = 11.22  Spot Price = 76027.64
IV Regime = NORMAL (ADAPTIVE: P25= 11.03  P50= 11.29  P75= 11.38 ) | DailyRange = 1218.6 | 3minCandleRange = 64.1 (theoretical= 106.9 ) | ATMoptionMove = 28.9 | SL = 101 | Target = 101 | TrailTrigger = 29 | Spread = 300 | Buffer = 32
IV Params refreshed: {'vix': 11.22, 'bn_price': 76027.64, 'regime': 'NORMAL', 'regime_thresholds': 'P25=11.03 P50=11.29 P75=11.38', 'daily_range': 1218.6, 'candle_range': 64.1, 'atm_option_move': 28.9, 'sl_point': 101, 'target_point': 101, 'sl_pct_of_premium': 0.1, 'trail_trigger': 29, 'spread_width': 300, 'support_resistance_buffer': 32}
===
====after 3 min ochain==== 2026-09-07 12:48:00.024988
                                    oipcr   choipcr   CE_OI / PE_OI (same strike)
pcr1 =  BSE:SENSEX2691076800PE   0.21   -0.31 CALL added 333520   PUT unwind -102880  CE_OI=639520 PE_OI=132640
pcr2 =  BSE:SENSEX2691076700CE   0.19   -0.52 CALL added 402100   PUT unwind -207180  CE_OI=832600 PE_OI=160180
pcr3 =  BSE:SENSEX2691076600CE   0.27   -0.5 CALL added 377800   PUT unwind -190140  CE_OI=746500 PE_OI=199860
pcr4 =  BSE:SENSEX2691076500CE   0.37   0.03 CALL added 1341980   PUT added 35940  CE_OI=1669340 PE_OI=610680
pcr5 =  BSE:SENSEX2691076400PE   0.36   0.19 CALL added 989100   PUT added 190320  CE_OI=1039640 PE_OI=377360
pcr6 =  BSE:SENSEX2691076300CE   0.53    0.36 CALL added 1156160   PUT added 416300  CE_OI=1193740 PE_OI=638340
pcr7 =  BSE:SENSEX2691076200PE   0.86   0.46 CALL added 759580   PUT added 351500  CE_OI=791220 PE_OI=677840
pcr8 =  BSE:SENSEX2691076100PE   1.03   0.8 CALL added 580760   PUT added 466020  CE_OI=600240 PE_OI=619580
pcr9 =  BSE:SENSEX2691076000PE   1.54   0.93 CALL added 611680   PUT added 571560  CE_OI=677660 PE_OI=1042380
pcr10 =  BSE:SENSEX2691075900PE   4.29   3.46 CALL added 76640   PUT added 265180  CE_OI=84060 PE_OI=360840
pcr11 =  BSE:SENSEX2691075800PE   3.9   2.42 CALL added 62280   PUT added 150540  CE_OI=66820 PE_OI=260600
pcr12 =  BSE:SENSEX2691075700CE   7.63   5.15 CALL added 24020   PUT added 123800  CE_OI=27460 PE_OI=209520
pcr13 =  BSE:SENSEX2691075600CE   9.48   4.73 CALL added 19380   PUT added 91600  CE_OI=23220 PE_OI=220020
pcr14 =  BSE:SENSEX2691075500CE   9.32   5.58 CALL added 37880   PUT added 211320  CE_OI=63500 PE_OI=592060
pcr15 =  BSE:SENSEX2691075400CE   35.4   26.52 CALL added 5340   PUT added 141640  CE_OI=7680 PE_OI=271880
pcr16 =  BSE:SENSEX2691075300PE   25.64   7.91 CALL added 5400   PUT added 42700  CE_OI=8300 PE_OI=212840
pcr17 =  BSE:SENSEX2691075200PE   103.2   38.68 CALL added 2380   PUT added 92060  CE_OI=2600 PE_OI=268320
PCRSUM== 204.22
pcrSummation== 2.79
VOLPCRSUM== 13.620000000000001
spotLTP =  76027.64  ATM_STRIKE =  76000
IS_ATM_STRIKE_SHIFT = True  mapStrike = {76000: 76000}
avgOiPcrList2 = [np.float64(12.01)] atmStrikeNotShiftedCount= 1
True   1   1
SUPP_RES=== 76500  Buffer= 32
ANCHOR_COMPARE: spot=76027.64 fut=76597.1 basis(fut-spot)=569.46 | SR_future=76500 SR_spot=76000 SR_diff=500 | PCRwin_future=76600 PCRwin_spot=76000
CEoich val =  1341980.0  PEoich val =  35940.0 , CE > PE by 97.3%
SUPP_RES TOTAL OI: CE= 1669340  PE= 610680 , CE > PE by 63.4%
SPOT_SUPP_RES=== 76000  Buffer= 32
SPOT CEoich val =  611680.0  PEoich val =  571560.0 , CE > PE by 6.6%
SPOT_SUPP_RES TOTAL OI: CE= 677660  PE= 1042380 , CE < PE by 35.0%
OI_SUPP_RES: spot=76027.64 ATM=76000 (ATM_CE_OI=677660 ATM_PE_OI=1042380) | SUPPORT=76000PE OI=1042380 (dist=0) | RESISTANCE=76500CE OI=1669340 (dist=500)
OI_SUPPORT=== 76000
OI_SUPPORT CEoich val = 611680.0  PEoich val = 571560.0 , CE > PE by 6.6%
OI_SUPPORT TOTAL OI: CE= 677660  PE= 1042380 , CE < PE by 35.0%
OI_RESISTANCE=== 76500
OI_RESISTANCE CEoich val = 1341980.0  PEoich val = 35940.0 , CE > PE by 97.3%
OI_RESISTANCE TOTAL OI: CE= 1669340  PE= 610680 , CE > PE by 63.4%
IS_MORNING_WINDOW= False  (active 9:15-9:48 IST)
================================================
==== signal check time ==== 2026-09-07 12:48:00.714931
IS_CHOI_DIFF_GT_25PERC== True
RSI_VAL1== 45.28
RSI_VAL2== 45.28
FUT_3m_OHLC O= 76580.0  H= 76598.8  L= 76580.0  C= 76597.1  Range= 18.8
CHART_PATTERN_DETECTED: DOUBLE_TOP_FORMING | DOUBLE_BOTTOM_FORMING
  PATTERN_CONTEXT: Body= 17.1  Range= 18.8  ExpectedRange= 64.1  RangeRatio= 0.29  O= 76580.0  H= 76598.8  L= 76580.0  C= 76597.1
newSynthFut =  76600
ATMStrike =  76000
AVG_OIPCR= 0.31
avgoiPCROld=  12.01
SUPP_RES = 76500
FUT LTP = 76597.1
CEchoi  PechOi = 1341980.0    35940.0
====================================
AVG_VOLPCR= 1.51
atmPCR= 0.36  belowATM  0.53
atmVolPCR= 1.3  belowATM  1.66
True   76597.1   76500   False   False   45.28
India VIX = 11.28  Spot Price = 76008.11
IV Regime = NORMAL (ADAPTIVE: P25= 11.03  P50= 11.29  P75= 11.38 ) | DailyRange = 1224.8 | 3minCandleRange = 64.5 (theoretical= 107.4 ) | ATMoptionMove = 29.0 | SL = 102 | Target = 102 | TrailTrigger = 29 | Spread = 300 | Buffer = 32
IV Params refreshed: {'vix': 11.28, 'bn_price': 76008.11, 'regime': 'NORMAL', 'regime_thresholds': 'P25=11.03 P50=11.29 P75=11.38', 'daily_range': 1224.8, 'candle_range': 64.5, 'atm_option_move': 29.0, 'sl_point': 102, 'target_point': 102, 'sl_pct_of_premium': 0.1, 'trail_trigger': 29, 'spread_width': 300, 'support_resistance_buffer': 32}
===
====after 3 min ochain==== 2026-09-07 12:51:00.032526
                                    oipcr   choipcr   CE_OI / PE_OI (same strike)
pcr1 =  BSE:SENSEX2691076800PE   0.21   -0.31 CALL added 333820   PUT unwind -103560  CE_OI=639820 PE_OI=131960
pcr2 =  BSE:SENSEX2691076700CE   0.19   -0.51 CALL added 405180   PUT unwind -207140  CE_OI=835680 PE_OI=160220
pcr3 =  BSE:SENSEX2691076600CE   0.27   -0.51 CALL added 378120   PUT unwind -191240  CE_OI=746820 PE_OI=198760
pcr4 =  BSE:SENSEX2691076500CE   0.36   0.03 CALL added 1348540   PUT added 34480  CE_OI=1675900 PE_OI=609220
pcr5 =  BSE:SENSEX2691076400PE   0.36   0.19 CALL added 994940   PUT added 191180  CE_OI=1045480 PE_OI=378220
pcr6 =  BSE:SENSEX2691076300CE   0.53    0.36 CALL added 1160080   PUT added 415920  CE_OI=1197660 PE_OI=637960
pcr7 =  BSE:SENSEX2691076200PE   0.84   0.45 CALL added 756880   PUT added 337540  CE_OI=788520 PE_OI=663880
pcr8 =  BSE:SENSEX2691076100PE   1.0   0.78 CALL added 588200   PUT added 456460  CE_OI=607680 PE_OI=610020
pcr9 =  BSE:SENSEX2691076000PE   1.49   0.9 CALL added 628480   PUT added 566680  CE_OI=694460 PE_OI=1037500
pcr10 =  BSE:SENSEX2691075900PE   4.11   3.3 CALL added 80020   PUT added 263980  CE_OI=87440 PE_OI=359640
pcr11 =  BSE:SENSEX2691075800PE   3.84   2.37 CALL added 63160   PUT added 149600  CE_OI=67700 PE_OI=259660
pcr12 =  BSE:SENSEX2691075700CE   7.53   5.06 CALL added 24320   PUT added 123180  CE_OI=27760 PE_OI=208900
pcr13 =  BSE:SENSEX2691075600CE   8.81   4.3 CALL added 21020   PUT added 90480  CE_OI=24860 PE_OI=218900
pcr14 =  BSE:SENSEX2691075500CE   9.1   5.37 CALL added 39460   PUT added 211780  CE_OI=65080 PE_OI=592520
pcr15 =  BSE:SENSEX2691075400CE   34.67   25.51 CALL added 5360   PUT added 136720  CE_OI=7700 PE_OI=266960
pcr16 =  BSE:SENSEX2691075300PE   25.86   8.17 CALL added 5380   PUT added 43940  CE_OI=8280 PE_OI=214080
pcr17 =  BSE:SENSEX2691075200PE   104.89   39.43 CALL added 2340   PUT added 92260  CE_OI=2560 PE_OI=268520
PCRSUM== 204.06
pcrSummation== 2.76
VOLPCRSUM== 13.549999999999999
spotLTP =  76008.11  ATM_STRIKE =  76000
IS_ATM_STRIKE_SHIFT = False  mapStrike = {76000: 76000}
avgOiPcrList2 = [np.float64(12.01), np.float64(12.0)] atmStrikeNotShiftedCount= 2
False   2   2
SUPP_RES=== 76500  Buffer= 32
ANCHOR_COMPARE: spot=76008.11 fut=76560.0 basis(fut-spot)=551.89 | SR_future=76500 SR_spot=76000 SR_diff=500 | PCRwin_future=76600 PCRwin_spot=76000
CEoich val =  1348540.0  PEoich val =  34480.0 , CE > PE by 97.4%
SUPP_RES TOTAL OI: CE= 1675900  PE= 609220 , CE > PE by 63.6%
SPOT_SUPP_RES=== 76000  Buffer= 32
SPOT CEoich val =  628480.0  PEoich val =  566680.0 , CE > PE by 9.8%
SPOT_SUPP_RES TOTAL OI: CE= 694460  PE= 1037500 , CE < PE by 33.1%
OI_SUPP_RES: spot=76008.11 ATM=76000 (ATM_CE_OI=694460 ATM_PE_OI=1037500) | SUPPORT=76000PE OI=1037500 (dist=0) | RESISTANCE=76500CE OI=1675900 (dist=500)
OI_SUPPORT=== 76000
OI_SUPPORT CEoich val = 628480.0  PEoich val = 566680.0 , CE > PE by 9.8%
OI_SUPPORT TOTAL OI: CE= 694460  PE= 1037500 , CE < PE by 33.1%
OI_RESISTANCE=== 76500
OI_RESISTANCE CEoich val = 1348540.0  PEoich val = 34480.0 , CE > PE by 97.4%
OI_RESISTANCE TOTAL OI: CE= 1675900  PE= 609220 , CE > PE by 63.6%
IS_MORNING_WINDOW= False  (active 9:15-9:48 IST)
================================================
==== signal check time ==== 2026-09-07 12:51:00.783931
IS_CHOI_DIFF_GT_25PERC== True
RSI_VAL1== 37.77
RSI_VAL2== 37.77
FUT_3m_OHLC O= 76575.0  H= 76575.0  L= 76560.0  C= 76560.0  Range= 15.0
CHART_PATTERN_DETECTED: DOUBLE_TOP_FORMING | DOUBLE_BOTTOM_FORMING
  PATTERN_CONTEXT: Body= -15.0  Range= 15.0  ExpectedRange= 64.5  RangeRatio= 0.23  O= 76575.0  H= 76575.0  L= 76560.0  C= 76560.0
newSynthFut =  76600
ATMStrike =  76000
AVG_OIPCR= 0.31
avgoiPCROld=  12.0
SUPP_RES = 76500
FUT LTP = 76560.0
CEchoi  PechOi = 1348540.0    34480.0
====================================
AVG_VOLPCR= 1.51
atmPCR= 0.36  belowATM  0.53
atmVolPCR= 1.3  belowATM  1.66
True   76560.0   76500   False   False   37.77
India VIX = 11.27  Spot Price = 75996.71
IV Regime = NORMAL (ADAPTIVE: P25= 11.03  P50= 11.29  P75= 11.38 ) | DailyRange = 1223.5 | 3minCandleRange = 64.4 (theoretical= 107.3 ) | ATMoptionMove = 29.0 | SL = 101 | Target = 101 | TrailTrigger = 29 | Spread = 300 | Buffer = 32
IV Params refreshed: {'vix': 11.27, 'bn_price': 75996.71, 'regime': 'NORMAL', 'regime_thresholds': 'P25=11.03 P50=11.29 P75=11.38', 'daily_range': 1223.5, 'candle_range': 64.4, 'atm_option_move': 29.0, 'sl_point': 101, 'target_point': 101, 'sl_pct_of_premium': 0.1, 'trail_trigger': 29, 'spread_width': 300, 'support_resistance_buffer': 32}
===
====after 3 min ochain==== 2026-09-07 12:54:00.025824
                                    oipcr   choipcr   CE_OI / PE_OI (same strike)
pcr1 =  BSE:SENSEX2691076800PE   0.21   -0.31 CALL added 335440   PUT unwind -103080  CE_OI=641440 PE_OI=132440
pcr2 =  BSE:SENSEX2691076700CE   0.19   -0.51 CALL added 407900   PUT unwind -209420  CE_OI=838400 PE_OI=157940
pcr3 =  BSE:SENSEX2691076600CE   0.26   -0.51 CALL added 383720   PUT unwind -195640  CE_OI=752420 PE_OI=194360
pcr4 =  BSE:SENSEX2691076500CE   0.36   0.02 CALL added 1354460   PUT added 23160  CE_OI=1681820 PE_OI=597900
pcr5 =  BSE:SENSEX2691076400PE   0.35   0.19 CALL added 1004080   PUT added 187300  CE_OI=1054620 PE_OI=374340
pcr6 =  BSE:SENSEX2691076300CE   0.52    0.35 CALL added 1161360   PUT added 404660  CE_OI=1198940 PE_OI=626700
pcr7 =  BSE:SENSEX2691076200PE   0.8   0.41 CALL added 773860   PUT added 319680  CE_OI=805500 PE_OI=646020
pcr8 =  BSE:SENSEX2691076100PE   0.95   0.73 CALL added 601680   PUT added 436400  CE_OI=621160 PE_OI=589960
pcr9 =  BSE:SENSEX2691076000PE   1.44   0.86 CALL added 645140   PUT added 555240  CE_OI=711120 PE_OI=1026060
pcr10 =  BSE:SENSEX2691075900PE   3.75   2.97 CALL added 86460   PUT added 256580  CE_OI=93880 PE_OI=352240
pcr11 =  BSE:SENSEX2691075800PE   3.81   2.38 CALL added 64700   PUT added 154080  CE_OI=69240 PE_OI=264140
pcr12 =  BSE:SENSEX2691075700CE   5.96   3.79 CALL added 30120   PUT added 114240  CE_OI=33560 PE_OI=199960
pcr13 =  BSE:SENSEX2691075600CE   8.12   3.69 CALL added 21940   PUT added 81000  CE_OI=25780 PE_OI=209420
pcr14 =  BSE:SENSEX2691075500CE   8.66   4.91 CALL added 42360   PUT added 207840  CE_OI=67980 PE_OI=588580
pcr15 =  BSE:SENSEX2691075400CE   34.43   25.23 CALL added 5400   PUT added 136260  CE_OI=7740 PE_OI=266500
pcr16 =  BSE:SENSEX2691075300PE   27.65   8.67 CALL added 4740   PUT added 41100  CE_OI=7640 PE_OI=211240
pcr17 =  BSE:SENSEX2691075200PE   102.29   37.69 CALL added 2380   PUT added 89700  CE_OI=2600 PE_OI=265960
PCRSUM== 199.75
pcrSummation== 2.69
VOLPCRSUM== 13.49
spotLTP =  75996.71  ATM_STRIKE =  76000
IS_ATM_STRIKE_SHIFT = False  mapStrike = {76000: 76000}
avgOiPcrList2 = [np.float64(12.01), np.float64(12.0), np.float64(11.75)] atmStrikeNotShiftedCount= 3
False   3   3
SUPP_RES=== 76500  Buffer= 32
ANCHOR_COMPARE: spot=75996.71 fut=76560.45 basis(fut-spot)=563.74 | SR_future=76500 SR_spot=76000 SR_diff=500 | PCRwin_future=76600 PCRwin_spot=76000
CEoich val =  1354460.0  PEoich val =  23160.0 , CE > PE by 98.3%
SUPP_RES TOTAL OI: CE= 1681820  PE= 597900 , CE > PE by 64.4%
SPOT_SUPP_RES=== 76000  Buffer= 32
SPOT CEoich val =  645140.0  PEoich val =  555240.0 , CE > PE by 13.9%
SPOT_SUPP_RES TOTAL OI: CE= 711120  PE= 1026060 , CE < PE by 30.7%
OI_SUPP_RES: spot=75996.71 ATM=76000 (ATM_CE_OI=711120 ATM_PE_OI=1026060) | SUPPORT=76000PE OI=1026060 (dist=0) | RESISTANCE=76500CE OI=1681820 (dist=500)
OI_SUPPORT=== 76000
OI_SUPPORT CEoich val = 645140.0  PEoich val = 555240.0 , CE > PE by 13.9%
OI_SUPPORT TOTAL OI: CE= 711120  PE= 1026060 , CE < PE by 30.7%
OI_RESISTANCE=== 76500
OI_RESISTANCE CEoich val = 1354460.0  PEoich val = 23160.0 , CE > PE by 98.3%
OI_RESISTANCE TOTAL OI: CE= 1681820  PE= 597900 , CE > PE by 64.4%
IS_MORNING_WINDOW= False  (active 9:15-9:48 IST)
================================================
==== signal check time ==== 2026-09-07 12:54:00.732733
IS_CHOI_DIFF_GT_25PERC== True
RSI_VAL1== 37.91
RSI_VAL2== 37.91
FUT_3m_OHLC O= 76569.2  H= 76569.2  L= 76555.0  C= 76560.4  Range= 14.2
CHART_PATTERN_DETECTED: DOUBLE_BOTTOM_FORMING
  PATTERN_CONTEXT: Body= -8.8  Range= 14.2  ExpectedRange= 64.4  RangeRatio= 0.22  O= 76569.2  H= 76569.2  L= 76555.0  C= 76560.4
isPcrDecr = True
newSynthFut =  76600
ATMStrike =  76000
AVG_OIPCR= 0.3
avgoiPCROld=  11.75
SUPP_RES = 76500
FUT LTP = 76560.45
CEchoi  PechOi = 1354460.0    23160.0
====================================
AVG_VOLPCR= 1.5
atmPCR= 0.35  belowATM  0.52
atmVolPCR= 1.29  belowATM  1.65
True   76560.45   76500   False   True   37.91
no trade yet = [np.float64(12.01), np.float64(12.0), np.float64(11.75)]
India VIX = 11.28  Spot Price = 75993.07
IV Regime = NORMAL (ADAPTIVE: P25= 11.03  P50= 11.29  P75= 11.38 ) | DailyRange = 1224.6 | 3minCandleRange = 64.4 (theoretical= 107.4 ) | ATMoptionMove = 29.0 | SL = 101 | Target = 101 | TrailTrigger = 29 | Spread = 300 | Buffer = 32
IV Params refreshed: {'vix': 11.28, 'bn_price': 75993.07, 'regime': 'NORMAL', 'regime_thresholds': 'P25=11.03 P50=11.29 P75=11.38', 'daily_range': 1224.6, 'candle_range': 64.4, 'atm_option_move': 29.0, 'sl_point': 101, 'target_point': 101, 'sl_pct_of_premium': 0.1, 'trail_trigger': 29, 'spread_width': 300, 'support_resistance_buffer': 32}
===
====after 3 min ochain==== 2026-09-07 12:57:00.027578
                                    oipcr   choipcr   CE_OI / PE_OI (same strike)
pcr1 =  BSE:SENSEX2691076800PE   0.21   -0.32 CALL added 326260   PUT unwind -105260  CE_OI=632260 PE_OI=130260
pcr2 =  BSE:SENSEX2691076700CE   0.18   -0.51 CALL added 413820   PUT unwind -211260  CE_OI=844320 PE_OI=156100
pcr3 =  BSE:SENSEX2691076600CE   0.25   -0.52 CALL added 387820   PUT unwind -203580  CE_OI=756520 PE_OI=186420
pcr4 =  BSE:SENSEX2691076500CE   0.35   0.01 CALL added 1375460   PUT added 18500  CE_OI=1702820 PE_OI=593240
pcr5 =  BSE:SENSEX2691076400PE   0.34   0.18 CALL added 1013580   PUT added 179780  CE_OI=1064120 PE_OI=366820
pcr6 =  BSE:SENSEX2691076300CE   0.5    0.33 CALL added 1161300   PUT added 381440  CE_OI=1198880 PE_OI=603480
pcr7 =  BSE:SENSEX2691076200PE   0.75   0.37 CALL added 786780   PUT added 291300  CE_OI=818420 PE_OI=617640
pcr8 =  BSE:SENSEX2691076100PE   0.89   0.67 CALL added 619220   PUT added 416280  CE_OI=638700 PE_OI=569840
pcr9 =  BSE:SENSEX2691076000PE   1.32   0.74 CALL added 669700   PUT added 497340  CE_OI=735680 PE_OI=968160
pcr10 =  BSE:SENSEX2691075900PE   3.32   2.62 CALL added 101340   PUT added 265220  CE_OI=108760 PE_OI=360880
pcr11 =  BSE:SENSEX2691075800PE   3.76   2.39 CALL added 67960   PUT added 162320  CE_OI=72500 PE_OI=272380
pcr12 =  BSE:SENSEX2691075700CE   5.76   3.6 CALL added 30640   PUT added 110440  CE_OI=34080 PE_OI=196160
pcr13 =  BSE:SENSEX2691075600CE   7.48   3.26 CALL added 23600   PUT added 76820  CE_OI=27440 PE_OI=205240
pcr14 =  BSE:SENSEX2691075500CE   8.57   4.83 CALL added 43200   PUT added 208780  CE_OI=68820 PE_OI=589520
pcr15 =  BSE:SENSEX2691075400CE   29.95   19.95 CALL added 6020   PUT added 120120  CE_OI=8360 PE_OI=250360
pcr16 =  BSE:SENSEX2691075300PE   27.01   8.8 CALL added 5040   PUT added 44340  CE_OI=7940 PE_OI=214480
pcr17 =  BSE:SENSEX2691075200PE   96.63   35.61 CALL added 2540   PUT added 90440  CE_OI=2760 PE_OI=266700
PCRSUM== 187.27
pcrSummation== 2.58
VOLPCRSUM== 13.379999999999999
spotLTP =  75993.07  ATM_STRIKE =  76000
IS_ATM_STRIKE_SHIFT = False  mapStrike = {76000: 76000}
avgOiPcrList2 = [np.float64(12.0), np.float64(11.75), np.float64(11.02)] atmStrikeNotShiftedCount= 4
False   4   3
SUPP_RES=== 76500  Buffer= 32
ANCHOR_COMPARE: spot=75993.07 fut=76560.45 basis(fut-spot)=567.38 | SR_future=76500 SR_spot=76000 SR_diff=500 | PCRwin_future=76600 PCRwin_spot=76000
CEoich val =  1375460.0  PEoich val =  18500.0 , CE > PE by 98.7%
SUPP_RES TOTAL OI: CE= 1702820  PE= 593240 , CE > PE by 65.2%
SPOT_SUPP_RES=== 76000  Buffer= 32
SPOT CEoich val =  669700.0  PEoich val =  497340.0 , CE > PE by 25.7%
SPOT_SUPP_RES TOTAL OI: CE= 735680  PE= 968160 , CE < PE by 24.0%
OI_SUPP_RES: spot=75993.07 ATM=76000 (ATM_CE_OI=735680 ATM_PE_OI=968160) | SUPPORT=76000PE OI=968160 (dist=0) | RESISTANCE=76500CE OI=1702820 (dist=500)
OI_SUPPORT=== 76000
OI_SUPPORT CEoich val = 669700.0  PEoich val = 497340.0 , CE > PE by 25.7%
OI_SUPPORT TOTAL OI: CE= 735680  PE= 968160 , CE < PE by 24.0%
OI_RESISTANCE=== 76500
OI_RESISTANCE CEoich val = 1375460.0  PEoich val = 18500.0 , CE > PE by 98.7%
OI_RESISTANCE TOTAL OI: CE= 1702820  PE= 593240 , CE > PE by 65.2%
IS_MORNING_WINDOW= False  (active 9:15-9:48 IST)
================================================
==== signal check time ==== 2026-09-07 12:57:00.706855
IS_CHOI_DIFF_GT_25PERC== True
RSI_VAL1== 37.91
RSI_VAL2== 37.91
FUT_3m_OHLC O= 76560.4  H= 76560.4  L= 76560.4  C= 76560.4  Range= 0.0
CHART_PATTERN_DETECTED: INSIDE_BAR | DOUBLE_BOTTOM_FORMING
  PATTERN_CONTEXT: Body= 0.0  Range= 0.0  ExpectedRange= 64.4  RangeRatio= 0.0  O= 76560.4  H= 76560.4  L= 76560.4  C= 76560.4
isPcrDecr = True
newSynthFut =  76600
ATMStrike =  76000
AVG_OIPCR= 0.29
avgoiPCROld=  11.02
SUPP_RES = 76500
FUT LTP = 76560.45
CEchoi  PechOi = 1375460.0    18500.0
====================================
AVG_VOLPCR= 1.49
atmPCR= 0.34  belowATM  0.5
atmVolPCR= 1.28  belowATM  1.65
True   76560.45   76500   False   True   37.91
no trade yet = [np.float64(12.0), np.float64(11.75), np.float64(11.02)]
India VIX = 11.28  Spot Price = 76002.03
IV Regime = NORMAL (ADAPTIVE: P25= 11.03  P50= 11.29  P75= 11.38 ) | DailyRange = 1224.7 | 3minCandleRange = 64.4 (theoretical= 107.4 ) | ATMoptionMove = 29.0 | SL = 102 | Target = 102 | TrailTrigger = 29 | Spread = 300 | Buffer = 32
IV Params refreshed: {'vix': 11.28, 'bn_price': 76002.03, 'regime': 'NORMAL', 'regime_thresholds': 'P25=11.03 P50=11.29 P75=11.38', 'daily_range': 1224.7, 'candle_range': 64.4, 'atm_option_move': 29.0, 'sl_point': 102, 'target_point': 102, 'sl_pct_of_premium': 0.1, 'trail_trigger': 29, 'spread_width': 300, 'support_resistance_buffer': 32}
===
====after 3 min ochain==== 2026-09-07 13:00:00.027377
                                    oipcr   choipcr   CE_OI / PE_OI (same strike)
pcr1 =  BSE:SENSEX2691076800PE   0.21   -0.32 CALL added 328980   PUT unwind -104080  CE_OI=634980 PE_OI=131440
pcr2 =  BSE:SENSEX2691076700CE   0.18   -0.52 CALL added 409720   PUT unwind -212080  CE_OI=840220 PE_OI=155280
pcr3 =  BSE:SENSEX2691076600CE   0.24   -0.52 CALL added 391940   PUT unwind -205500  CE_OI=760640 PE_OI=184500
pcr4 =  BSE:SENSEX2691076500CE   0.35   0.02 CALL added 1368900   PUT added 22920  CE_OI=1696260 PE_OI=597660
pcr5 =  BSE:SENSEX2691076400PE   0.34   0.17 CALL added 1021640   PUT added 177240  CE_OI=1072180 PE_OI=364280
pcr6 =  BSE:SENSEX2691076300CE   0.5    0.33 CALL added 1168640   PUT added 381240  CE_OI=1206220 PE_OI=603280
pcr7 =  BSE:SENSEX2691076200PE   0.73   0.36 CALL added 802640   PUT added 285460  CE_OI=834280 PE_OI=611800
pcr8 =  BSE:SENSEX2691076100PE   0.88   0.66 CALL added 628400   PUT added 417600  CE_OI=647880 PE_OI=571160
pcr9 =  BSE:SENSEX2691076000PE   1.31   0.75 CALL added 697800   PUT added 526180  CE_OI=763780 PE_OI=997000
pcr10 =  BSE:SENSEX2691075900PE   3.16   2.51 CALL added 110100   PUT added 276140  CE_OI=117520 PE_OI=371800
pcr11 =  BSE:SENSEX2691075800PE   3.75   2.44 CALL added 71240   PUT added 174140  CE_OI=75780 PE_OI=284200
pcr12 =  BSE:SENSEX2691075700CE   6.06   3.99 CALL added 31340   PUT added 125020  CE_OI=34780 PE_OI=210740
pcr13 =  BSE:SENSEX2691075600CE   7.06   3.09 CALL added 25560   PUT added 79060  CE_OI=29400 PE_OI=207480
pcr14 =  BSE:SENSEX2691075500CE   8.05   4.22 CALL added 45500   PUT added 192120  CE_OI=71120 PE_OI=572860
pcr15 =  BSE:SENSEX2691075400CE   28.37   18.17 CALL added 6260   PUT added 113720  CE_OI=8600 PE_OI=243960
pcr16 =  BSE:SENSEX2691075300PE   25.9   7.56 CALL added 5180   PUT added 39140  CE_OI=8080 PE_OI=209280
pcr17 =  BSE:SENSEX2691075200PE   93.65   33.78 CALL added 2600   PUT added 87840  CE_OI=2820 PE_OI=264100
PCRSUM== 180.74
pcrSummation== 2.55
VOLPCRSUM== 13.330000000000002
spotLTP =  76002.03  ATM_STRIKE =  76000
IS_ATM_STRIKE_SHIFT = False  mapStrike = {76000: 76000}
avgOiPcrList2 = [np.float64(11.75), np.float64(11.02), np.float64(10.63)] atmStrikeNotShiftedCount= 5
False   5   3
SUPP_RES=== 76500  Buffer= 32
ANCHOR_COMPARE: spot=76002.03 fut=76550.0 basis(fut-spot)=547.97 | SR_future=76500 SR_spot=76000 SR_diff=500 | PCRwin_future=76600 PCRwin_spot=76000
CEoich val =  1368900.0  PEoich val =  22920.0 , CE > PE by 98.3%
SUPP_RES TOTAL OI: CE= 1696260  PE= 597660 , CE > PE by 64.8%
SPOT_SUPP_RES=== 76000  Buffer= 32
SPOT CEoich val =  697800.0  PEoich val =  526180.0 , CE > PE by 24.6%
SPOT_SUPP_RES TOTAL OI: CE= 763780  PE= 997000 , CE < PE by 23.4%
OI_SUPP_RES: spot=76002.03 ATM=76000 (ATM_CE_OI=763780 ATM_PE_OI=997000) | SUPPORT=76000PE OI=997000 (dist=0) | RESISTANCE=76500CE OI=1696260 (dist=500)
OI_SUPPORT=== 76000
OI_SUPPORT CEoich val = 697800.0  PEoich val = 526180.0 , CE > PE by 24.6%
OI_SUPPORT TOTAL OI: CE= 763780  PE= 997000 , CE < PE by 23.4%
OI_RESISTANCE=== 76500
OI_RESISTANCE CEoich val = 1368900.0  PEoich val = 22920.0 , CE > PE by 98.3%
OI_RESISTANCE TOTAL OI: CE= 1696260  PE= 597660 , CE > PE by 64.8%
IS_MORNING_WINDOW= False  (active 9:15-9:48 IST)
================================================
==== signal check time ==== 2026-09-07 13:00:00.844821
IS_CHOI_DIFF_GT_25PERC== True
RSI_VAL1== 35.82
RSI_VAL2== 35.82
FUT_3m_OHLC O= 76560.4  H= 76560.4  L= 76550.0  C= 76550.0  Range= 10.4
CHART_PATTERN_DETECTED: DOUBLE_TOP_FORMING | DOUBLE_BOTTOM_FORMING
  PATTERN_CONTEXT: Body= -10.4  Range= 10.4  ExpectedRange= 64.4  RangeRatio= 0.16  O= 76560.4  H= 76560.4  L= 76550.0  C= 76550.0
isPcrDecr = True
newSynthFut =  76600
ATMStrike =  76000
AVG_OIPCR= 0.28
avgoiPCROld=  10.63
SUPP_RES = 76500
FUT LTP = 76550.0
CEchoi  PechOi = 1368900.0    22920.0
====================================
AVG_VOLPCR= 1.48
atmPCR= 0.34  belowATM  0.5
atmVolPCR= 1.28  belowATM  1.64
True   76550.0   76500   False   True   35.82
no trade yet = [np.float64(11.75), np.float64(11.02), np.float64(10.63)]
India VIX = 11.27  Spot Price = 76006.71
IV Regime = NORMAL (ADAPTIVE: P25= 11.03  P50= 11.29  P75= 11.38 ) | DailyRange = 1223.7 | 3minCandleRange = 64.4 (theoretical= 107.3 ) | ATMoptionMove = 29.0 | SL = 101 | Target = 101 | TrailTrigger = 29 | Spread = 300 | Buffer = 32
IV Params refreshed: {'vix': 11.27, 'bn_price': 76006.71, 'regime': 'NORMAL', 'regime_thresholds': 'P25=11.03 P50=11.29 P75=11.38', 'daily_range': 1223.7, 'candle_range': 64.4, 'atm_option_move': 29.0, 'sl_point': 101, 'target_point': 101, 'sl_pct_of_premium': 0.1, 'trail_trigger': 29, 'spread_width': 300, 'support_resistance_buffer': 32}
===
====after 3 min ochain==== 2026-09-07 13:03:00.044175
                                    oipcr   choipcr   CE_OI / PE_OI (same strike)
pcr1 =  BSE:SENSEX2691076800PE   0.21   -0.32 CALL added 327740   PUT unwind -104540  CE_OI=633740 PE_OI=130980
pcr2 =  BSE:SENSEX2691076700CE   0.18   -0.52 CALL added 411000   PUT unwind -212180  CE_OI=841500 PE_OI=155180
pcr3 =  BSE:SENSEX2691076600CE   0.24   -0.52 CALL added 393580   PUT unwind -205200  CE_OI=762280 PE_OI=184800
pcr4 =  BSE:SENSEX2691076500CE   0.35   0.02 CALL added 1366760   PUT added 21680  CE_OI=1694120 PE_OI=596420
pcr5 =  BSE:SENSEX2691076400PE   0.33   0.17 CALL added 1038860   PUT added 175520  CE_OI=1089400 PE_OI=362560
pcr6 =  BSE:SENSEX2691076300CE   0.5    0.33 CALL added 1170880   PUT added 386420  CE_OI=1208460 PE_OI=608460
pcr7 =  BSE:SENSEX2691076200PE   0.73   0.36 CALL added 807340   PUT added 287740  CE_OI=838980 PE_OI=614080
pcr8 =  BSE:SENSEX2691076100PE   0.86   0.65 CALL added 631360   PUT added 408320  CE_OI=650840 PE_OI=561880
pcr9 =  BSE:SENSEX2691076000PE   1.3   0.76 CALL added 713820   PUT added 543920  CE_OI=779800 PE_OI=1014740
pcr10 =  BSE:SENSEX2691075900PE   3.19   2.54 CALL added 111840   PUT added 284420  CE_OI=119260 PE_OI=380080
pcr11 =  BSE:SENSEX2691075800PE   3.99   2.73 CALL added 72800   PUT added 198660  CE_OI=77340 PE_OI=308720
pcr12 =  BSE:SENSEX2691075700CE   5.93   3.87 CALL added 31840   PUT added 123360  CE_OI=35280 PE_OI=209080
pcr13 =  BSE:SENSEX2691075600CE   7.31   3.38 CALL added 25500   PUT added 86140  CE_OI=29340 PE_OI=214560
pcr14 =  BSE:SENSEX2691075500CE   7.74   3.89 CALL added 47420   PUT added 184280  CE_OI=73040 PE_OI=565020
pcr15 =  BSE:SENSEX2691075400CE   27.88   17.7 CALL added 6380   PUT added 112900  CE_OI=8720 PE_OI=243140
pcr16 =  BSE:SENSEX2691075300PE   26.52   8.16 CALL added 5080   PUT added 41460  CE_OI=7980 PE_OI=211600
pcr17 =  BSE:SENSEX2691075200PE   93.4   33.52 CALL added 2600   PUT added 87140  CE_OI=2820 PE_OI=263400
PCRSUM== 180.66
pcrSummation== 2.54
VOLPCRSUM== 13.260000000000002
spotLTP =  76005.47  ATM_STRIKE =  76000
IS_ATM_STRIKE_SHIFT = False  mapStrike = {76000: 76000}
avgOiPcrList2 = [np.float64(11.02), np.float64(10.63), np.float64(10.63)] atmStrikeNotShiftedCount= 6
False   6   3
SUPP_RES=== 76500  Buffer= 32
ANCHOR_COMPARE: spot=76005.47 fut=76565.0 basis(fut-spot)=559.53 | SR_future=76500 SR_spot=76000 SR_diff=500 | PCRwin_future=76600 PCRwin_spot=76000
CEoich val =  1366760.0  PEoich val =  21680.0 , CE > PE by 98.4%
SUPP_RES TOTAL OI: CE= 1694120  PE= 596420 , CE > PE by 64.8%
SPOT_SUPP_RES=== 76000  Buffer= 32
SPOT CEoich val =  713820.0  PEoich val =  543920.0 , CE > PE by 23.8%
SPOT_SUPP_RES TOTAL OI: CE= 779800  PE= 1014740 , CE < PE by 23.2%
OI_SUPP_RES: spot=76005.47 ATM=76000 (ATM_CE_OI=779800 ATM_PE_OI=1014740) | SUPPORT=76000PE OI=1014740 (dist=0) | RESISTANCE=76500CE OI=1694120 (dist=500)
OI_SUPPORT=== 76000
OI_SUPPORT CEoich val = 713820.0  PEoich val = 543920.0 , CE > PE by 23.8%
OI_SUPPORT TOTAL OI: CE= 779800  PE= 1014740 , CE < PE by 23.2%
OI_RESISTANCE=== 76500
OI_RESISTANCE CEoich val = 1366760.0  PEoich val = 21680.0 , CE > PE by 98.4%
OI_RESISTANCE TOTAL OI: CE= 1694120  PE= 596420 , CE > PE by 64.8%
IS_MORNING_WINDOW= False  (active 9:15-9:48 IST)
================================================
==== signal check time ==== 2026-09-07 13:03:00.768486
IS_CHOI_DIFF_GT_25PERC== True
RSI_VAL1== 40.85
RSI_VAL2== 40.85
FUT_3m_OHLC O= 76550.0  H= 76565.0  L= 76550.0  C= 76565.0  Range= 15.0
CHART_PATTERN_DETECTED: BULLISH_ENGULFING | DOUBLE_TOP_FORMING | DOUBLE_BOTTOM_FORMING
  PATTERN_CONTEXT: Body= 15.0  Range= 15.0  ExpectedRange= 64.4  RangeRatio= 0.23  O= 76550.0  H= 76565.0  L= 76550.0  C= 76565.0
neither = [np.float64(10.63)]
newSynthFut =  76600
ATMStrike =  76000
AVG_OIPCR= 0.28
avgoiPCROld=  10.63
SUPP_RES = 76500
FUT LTP = 76565.0
CEchoi  PechOi = 1366760.0    21680.0
====================================
AVG_VOLPCR= 1.47
atmPCR= 0.33  belowATM  0.5
atmVolPCR= 1.27  belowATM  1.64
True   76565.0   76500   False   False   40.85
India VIX = 11.26  Spot Price = 76007.47
IV Regime = NORMAL (ADAPTIVE: P25= 11.03  P50= 11.29  P75= 11.38 ) | DailyRange = 1222.6 | 3minCandleRange = 64.3 (theoretical= 107.2 ) | ATMoptionMove = 29.0 | SL = 101 | Target = 101 | TrailTrigger = 29 | Spread = 300 | Buffer = 32
IV Params refreshed: {'vix': 11.26, 'bn_price': 76007.47, 'regime': 'NORMAL', 'regime_thresholds': 'P25=11.03 P50=11.29 P75=11.38', 'daily_range': 1222.6, 'candle_range': 64.3, 'atm_option_move': 29.0, 'sl_point': 101, 'target_point': 101, 'sl_pct_of_premium': 0.1, 'trail_trigger': 29, 'spread_width': 300, 'support_resistance_buffer': 32}
===
====after 3 min ochain==== 2026-09-07 13:06:00.033406
                                    oipcr   choipcr   CE_OI / PE_OI (same strike)
pcr1 =  BSE:SENSEX2691076800PE   0.21   -0.32 CALL added 331120   PUT unwind -104380  CE_OI=637120 PE_OI=131140
pcr2 =  BSE:SENSEX2691076700CE   0.18   -0.52 CALL added 413240   PUT unwind -213800  CE_OI=843740 PE_OI=153560
pcr3 =  BSE:SENSEX2691076600CE   0.24   -0.51 CALL added 398940   PUT unwind -205280  CE_OI=767640 PE_OI=184720
pcr4 =  BSE:SENSEX2691076500CE   0.35   0.02 CALL added 1371160   PUT added 26380  CE_OI=1698520 PE_OI=601120
pcr5 =  BSE:SENSEX2691076400PE   0.33   0.16 CALL added 1040220   PUT added 169860  CE_OI=1090760 PE_OI=356900
pcr6 =  BSE:SENSEX2691076300CE   0.5    0.33 CALL added 1170980   PUT added 382780  CE_OI=1208560 PE_OI=604820
pcr7 =  BSE:SENSEX2691076200PE   0.71   0.34 CALL added 813200   PUT added 273100  CE_OI=844840 PE_OI=599440
pcr8 =  BSE:SENSEX2691076100PE   0.84   0.63 CALL added 638320   PUT added 400760  CE_OI=657800 PE_OI=554320
pcr9 =  BSE:SENSEX2691076000PE   1.31   0.78 CALL added 714660   PUT added 555100  CE_OI=780640 PE_OI=1025920
pcr10 =  BSE:SENSEX2691075900PE   3.26   2.63 CALL added 113700   PUT added 299060  CE_OI=121120 PE_OI=394720
pcr11 =  BSE:SENSEX2691075800PE   3.88   2.66 CALL added 76000   PUT added 202400  CE_OI=80540 PE_OI=312460
pcr12 =  BSE:SENSEX2691075700CE   5.85   3.79 CALL added 31820   PUT added 120520  CE_OI=35260 PE_OI=206240
pcr13 =  BSE:SENSEX2691075600CE   7.31   3.29 CALL added 25000   PUT added 82360  CE_OI=28840 PE_OI=210780
pcr14 =  BSE:SENSEX2691075500CE   7.96   3.97 CALL added 44400   PUT added 176400  CE_OI=70020 PE_OI=557140
pcr15 =  BSE:SENSEX2691075400CE   27.51   17.38 CALL added 6500   PUT added 112960  CE_OI=8840 PE_OI=243200
pcr16 =  BSE:SENSEX2691075300PE   26.53   8.11 CALL added 5060   PUT added 41040  CE_OI=7960 PE_OI=211180
pcr17 =  BSE:SENSEX2691075200PE   95.11   34.9 CALL added 2580   PUT added 90040  CE_OI=2800 PE_OI=266300
PCRSUM== 182.08
pcrSummation== 2.52
VOLPCRSUM== 13.229999999999999
spotLTP =  76007.46  ATM_STRIKE =  76000
IS_ATM_STRIKE_SHIFT = False  mapStrike = {76000: 76000}
avgOiPcrList2 = [np.float64(10.63), np.float64(10.71)] atmStrikeNotShiftedCount= 7
False   7   2
SUPP_RES=== 76500  Buffer= 32
ANCHOR_COMPARE: spot=76007.46 fut=76565.0 basis(fut-spot)=557.54 | SR_future=76500 SR_spot=76000 SR_diff=500 | PCRwin_future=76600 PCRwin_spot=76000
CEoich val =  1371160.0  PEoich val =  26380.0 , CE > PE by 98.1%
SUPP_RES TOTAL OI: CE= 1698520  PE= 601120 , CE > PE by 64.6%
SPOT_SUPP_RES=== 76000  Buffer= 32
SPOT CEoich val =  714660.0  PEoich val =  555100.0 , CE > PE by 22.3%
SPOT_SUPP_RES TOTAL OI: CE= 780640  PE= 1025920 , CE < PE by 23.9%
OI_SUPP_RES: spot=76007.46 ATM=76000 (ATM_CE_OI=780640 ATM_PE_OI=1025920) | SUPPORT=76000PE OI=1025920 (dist=0) | RESISTANCE=76500CE OI=1698520 (dist=500)
OI_SUPPORT=== 76000
OI_SUPPORT CEoich val = 714660.0  PEoich val = 555100.0 , CE > PE by 22.3%
OI_SUPPORT TOTAL OI: CE= 780640  PE= 1025920 , CE < PE by 23.9%
OI_RESISTANCE=== 76500
OI_RESISTANCE CEoich val = 1371160.0  PEoich val = 26380.0 , CE > PE by 98.1%
OI_RESISTANCE TOTAL OI: CE= 1698520  PE= 601120 , CE > PE by 64.6%
IS_MORNING_WINDOW= False  (active 9:15-9:48 IST)
================================================
==== signal check time ==== 2026-09-07 13:06:00.751219
IS_CHOI_DIFF_GT_25PERC== True
RSI_VAL1== 40.85
RSI_VAL2== 40.85
FUT_3m_OHLC O= 76565.0  H= 76565.0  L= 76565.0  C= 76565.0  Range= 0.0
CHART_PATTERN_DETECTED: INSIDE_BAR | DOUBLE_TOP_FORMING | DOUBLE_BOTTOM_FORMING
  PATTERN_CONTEXT: Body= 0.0  Range= 0.0  ExpectedRange= 64.3  RangeRatio= 0.0  O= 76565.0  H= 76565.0  L= 76565.0  C= 76565.0
newSynthFut =  76600
ATMStrike =  76000
AVG_OIPCR= 0.28
avgoiPCROld=  10.71
SUPP_RES = 76500
FUT LTP = 76565.0
CEchoi  PechOi = 1371160.0    26380.0
====================================
AVG_VOLPCR= 1.47
atmPCR= 0.33  belowATM  0.5
atmVolPCR= 1.26  belowATM  1.64
True   76565.0   76500   False   False   40.85
India VIX = 11.25  Spot Price = 76024.64
IV Regime = NORMAL (ADAPTIVE: P25= 11.03  P50= 11.29  P75= 11.38 ) | DailyRange = 1221.8 | 3minCandleRange = 64.3 (theoretical= 107.2 ) | ATMoptionMove = 28.9 | SL = 101 | Target = 101 | TrailTrigger = 29 | Spread = 300 | Buffer = 32
IV Params refreshed: {'vix': 11.25, 'bn_price': 76024.64, 'regime': 'NORMAL', 'regime_thresholds': 'P25=11.03 P50=11.29 P75=11.38', 'daily_range': 1221.8, 'candle_range': 64.3, 'atm_option_move': 28.9, 'sl_point': 101, 'target_point': 101, 'sl_pct_of_premium': 0.1, 'trail_trigger': 29, 'spread_width': 300, 'support_resistance_buffer': 32}
===
====after 3 min ochain==== 2026-09-07 13:09:00.037525
                                    oipcr   choipcr   CE_OI / PE_OI (same strike)
pcr1 =  BSE:SENSEX2691076800PE   0.21   -0.31 CALL added 330120   PUT unwind -103480  CE_OI=636120 PE_OI=132040
pcr2 =  BSE:SENSEX2691076700CE   0.18   -0.51 CALL added 419420   PUT unwind -214260  CE_OI=849920 PE_OI=153100
pcr3 =  BSE:SENSEX2691076600CE   0.24   -0.51 CALL added 405240   PUT unwind -206720  CE_OI=773940 PE_OI=183280
pcr4 =  BSE:SENSEX2691076500CE   0.35   0.02 CALL added 1375980   PUT added 27920  CE_OI=1703340 PE_OI=602660
pcr5 =  BSE:SENSEX2691076400PE   0.33   0.16 CALL added 1040160   PUT added 170260  CE_OI=1090700 PE_OI=357300
pcr6 =  BSE:SENSEX2691076300CE   0.5    0.33 CALL added 1166040   PUT added 380900  CE_OI=1203620 PE_OI=602940
pcr7 =  BSE:SENSEX2691076200PE   0.72   0.34 CALL added 809220   PUT added 277920  CE_OI=840860 PE_OI=604260
pcr8 =  BSE:SENSEX2691076100PE   0.82   0.61 CALL added 633920   PUT added 384840  CE_OI=653400 PE_OI=538400
pcr9 =  BSE:SENSEX2691076000PE   1.33   0.79 CALL added 702280   PUT added 553160  CE_OI=768260 PE_OI=1023980
pcr10 =  BSE:SENSEX2691075900PE   3.25   2.6 CALL added 110460   PUT added 286900  CE_OI=117880 PE_OI=382560
pcr11 =  BSE:SENSEX2691075800PE   4.02   2.78 CALL added 74060   PUT added 205600  CE_OI=78600 PE_OI=315660
pcr12 =  BSE:SENSEX2691075700CE   5.99   3.94 CALL added 31780   PUT added 125340  CE_OI=35220 PE_OI=211060
pcr13 =  BSE:SENSEX2691075600CE   7.47   3.39 CALL added 24460   PUT added 82840  CE_OI=28300 PE_OI=211260
pcr14 =  BSE:SENSEX2691075500CE   8.17   4.17 CALL added 42820   PUT added 178440  CE_OI=68440 PE_OI=559180
pcr15 =  BSE:SENSEX2691075400CE   28.43   18.29 CALL added 6280   PUT added 114840  CE_OI=8620 PE_OI=245080
pcr16 =  BSE:SENSEX2691075300PE   27.11   8.58 CALL added 4940   PUT added 42380  CE_OI=7840 PE_OI=212520
pcr17 =  BSE:SENSEX2691075200PE   95.26   35.07 CALL added 2580   PUT added 90480  CE_OI=2800 PE_OI=266740
PCRSUM== 184.38
pcrSummation== 2.53
VOLPCRSUM== 13.149999999999999
spotLTP =  76024.64  ATM_STRIKE =  76000
IS_ATM_STRIKE_SHIFT = False  mapStrike = {76000: 76000}
avgOiPcrList2 = [np.float64(10.63), np.float64(10.71), np.float64(10.85)] atmStrikeNotShiftedCount= 8
False   8   3
SUPP_RES=== 76500  Buffer= 32
ANCHOR_COMPARE: spot=76024.64 fut=76601.95 basis(fut-spot)=577.31 | SR_future=76500 SR_spot=76000 SR_diff=500 | PCRwin_future=76600 PCRwin_spot=76000
CEoich val =  1375980.0  PEoich val =  27920.0 , CE > PE by 98.0%
SUPP_RES TOTAL OI: CE= 1703340  PE= 602660 , CE > PE by 64.6%
SPOT_SUPP_RES=== 76000  Buffer= 32
SPOT CEoich val =  702280.0  PEoich val =  553160.0 , CE > PE by 21.2%
SPOT_SUPP_RES TOTAL OI: CE= 768260  PE= 1023980 , CE < PE by 25.0%
OI_SUPP_RES: spot=76024.64 ATM=76000 (ATM_CE_OI=768260 ATM_PE_OI=1023980) | SUPPORT=76000PE OI=1023980 (dist=0) | RESISTANCE=76500CE OI=1703340 (dist=500)
OI_SUPPORT=== 76000
OI_SUPPORT CEoich val = 702280.0  PEoich val = 553160.0 , CE > PE by 21.2%
OI_SUPPORT TOTAL OI: CE= 768260  PE= 1023980 , CE < PE by 25.0%
OI_RESISTANCE=== 76500
OI_RESISTANCE CEoich val = 1375980.0  PEoich val = 27920.0 , CE > PE by 98.0%
OI_RESISTANCE TOTAL OI: CE= 1703340  PE= 602660 , CE > PE by 64.6%
IS_MORNING_WINDOW= False  (active 9:15-9:48 IST)
================================================
==== signal check time ==== 2026-09-07 13:09:00.749466
IS_CHOI_DIFF_GT_25PERC== True
RSI_VAL1== 51.67
RSI_VAL2== 51.67
FUT_3m_OHLC O= 76599.8  H= 76602.0  L= 76599.8  C= 76602.0  Range= 2.2
CHART_PATTERN_DETECTED: DOUBLE_BOTTOM_FORMING
  PATTERN_CONTEXT: Body= 2.2  Range= 2.2  ExpectedRange= 64.3  RangeRatio= 0.03  O= 76599.8  H= 76602.0  L= 76599.8  C= 76602.0
isPcrInc = True
newSynthFut =  76600
ATMStrike =  76000
AVG_OIPCR= 0.28
avgoiPCROld=  10.85
SUPP_RES = 76500
FUT LTP = 76601.95
CEchoi  PechOi = 1375980.0    27920.0
====================================
AVG_VOLPCR= 1.46
atmPCR= 0.33  belowATM  0.5
atmVolPCR= 1.26  belowATM  1.63
True   76601.95   76500   True   False   51.67
In Bull trade, slCount =  0  (mode= LOGIC3_CHOI_15PCT )
============================================================
LOGIC3_OBSERVE: WOULD_HAVE_ENTERED BULL (no real order — LOGIC3 is observation-only)
  FUT=76601.95 SUPP_RES=76500 CEchoi=1375980.0 PEchoi=27920.0
============================================================
India VIX = 11.28  Spot Price = 76018.7
IV Regime = NORMAL (ADAPTIVE: P25= 11.03  P50= 11.29  P75= 11.38 ) | DailyRange = 1225.0 | 3minCandleRange = 64.5 (theoretical= 107.4 ) | ATMoptionMove = 29.0 | SL = 102 | Target = 102 | TrailTrigger = 29 | Spread = 300 | Buffer = 32
IV Params refreshed: {'vix': 11.28, 'bn_price': 76018.7, 'regime': 'NORMAL', 'regime_thresholds': 'P25=11.03 P50=11.29 P75=11.38', 'daily_range': 1225.0, 'candle_range': 64.5, 'atm_option_move': 29.0, 'sl_point': 102, 'target_point': 102, 'sl_pct_of_premium': 0.1, 'trail_trigger': 29, 'spread_width': 300, 'support_resistance_buffer': 32}
===
====after 3 min ochain==== 2026-09-07 13:12:00.027856
                                    oipcr   choipcr   CE_OI / PE_OI (same strike)
pcr1 =  BSE:SENSEX2691076800PE   0.21   -0.31 CALL added 329860   PUT unwind -103560  CE_OI=635860 PE_OI=131960
pcr2 =  BSE:SENSEX2691076700CE   0.18   -0.51 CALL added 417620   PUT unwind -214200  CE_OI=848120 PE_OI=153160
pcr3 =  BSE:SENSEX2691076600CE   0.24   -0.52 CALL added 400080   PUT unwind -206620  CE_OI=768780 PE_OI=183380
pcr4 =  BSE:SENSEX2691076500CE   0.35   0.02 CALL added 1375580   PUT added 28000  CE_OI=1702940 PE_OI=602740
pcr5 =  BSE:SENSEX2691076400PE   0.33   0.16 CALL added 1039980   PUT added 170760  CE_OI=1090520 PE_OI=357800
pcr6 =  BSE:SENSEX2691076300CE   0.5    0.33 CALL added 1166900   PUT added 379980  CE_OI=1204480 PE_OI=602020
pcr7 =  BSE:SENSEX2691076200PE   0.72   0.34 CALL added 809640   PUT added 276400  CE_OI=841280 PE_OI=602740
pcr8 =  BSE:SENSEX2691076100PE   0.83   0.62 CALL added 638440   PUT added 393220  CE_OI=657920 PE_OI=546780
pcr9 =  BSE:SENSEX2691076000PE   1.33   0.79 CALL added 715320   PUT added 567600  CE_OI=781300 PE_OI=1038420
pcr10 =  BSE:SENSEX2691075900PE   3.28   2.63 CALL added 109760   PUT added 288240  CE_OI=117180 PE_OI=383900
pcr11 =  BSE:SENSEX2691075800PE   4.06   2.82 CALL added 73960   PUT added 208600  CE_OI=78500 PE_OI=318660
pcr12 =  BSE:SENSEX2691075700CE   6.01   3.98 CALL added 32080   PUT added 127620  CE_OI=35520 PE_OI=213340
pcr13 =  BSE:SENSEX2691075600CE   7.49   3.41 CALL added 24420   PUT added 83160  CE_OI=28260 PE_OI=211580
pcr14 =  BSE:SENSEX2691075500CE   8.28   4.26 CALL added 42000   PUT added 178840  CE_OI=67620 PE_OI=559580
pcr15 =  BSE:SENSEX2691075400CE   28.41   18.25 CALL added 6280   PUT added 114640  CE_OI=8620 PE_OI=244880
pcr16 =  BSE:SENSEX2691075300PE   26.78   8.42 CALL added 5040   PUT added 42460  CE_OI=7940 PE_OI=212600
pcr17 =  BSE:SENSEX2691075200PE   94.49   35.15 CALL added 2620   PUT added 92080  CE_OI=2840 PE_OI=268340
PCRSUM== 183.49
pcrSummation== 2.53
VOLPCRSUM== 13.1
spotLTP =  76018.7  ATM_STRIKE =  76000
IS_ATM_STRIKE_SHIFT = False  mapStrike = {76000: 76000}
avgOiPcrList2 = [np.float64(10.71), np.float64(10.85), np.float64(10.79)] atmStrikeNotShiftedCount= 9
False   9   3
SUPP_RES=== 76500  Buffer= 32
ANCHOR_COMPARE: spot=76018.7 fut=76589.55 basis(fut-spot)=570.85 | SR_future=76500 SR_spot=76000 SR_diff=500 | PCRwin_future=76600 PCRwin_spot=76000
CEoich val =  1375580.0  PEoich val =  28000.0 , CE > PE by 98.0%
SUPP_RES TOTAL OI: CE= 1702940  PE= 602740 , CE > PE by 64.6%
SPOT_SUPP_RES=== 76000  Buffer= 32
SPOT CEoich val =  715320.0  PEoich val =  567600.0 , CE > PE by 20.7%
SPOT_SUPP_RES TOTAL OI: CE= 781300  PE= 1038420 , CE < PE by 24.8%
OI_SUPP_RES: spot=76018.7 ATM=76000 (ATM_CE_OI=781300 ATM_PE_OI=1038420) | SUPPORT=76000PE OI=1038420 (dist=0) | RESISTANCE=76500CE OI=1702940 (dist=500)
OI_SUPPORT=== 76000
OI_SUPPORT CEoich val = 715320.0  PEoich val = 567600.0 , CE > PE by 20.7%
OI_SUPPORT TOTAL OI: CE= 781300  PE= 1038420 , CE < PE by 24.8%
OI_RESISTANCE=== 76500
OI_RESISTANCE CEoich val = 1375580.0  PEoich val = 28000.0 , CE > PE by 98.0%
OI_RESISTANCE TOTAL OI: CE= 1702940  PE= 602740 , CE > PE by 64.6%
IS_MORNING_WINDOW= False  (active 9:15-9:48 IST)
================================================
==== signal check time ==== 2026-09-07 13:12:00.776514
IS_CHOI_DIFF_GT_25PERC== True
RSI_VAL1== 48.47
RSI_VAL2== 48.47
FUT_3m_OHLC O= 76565.0  H= 76589.6  L= 76565.0  C= 76589.6  Range= 24.6
CHART_PATTERN_DETECTED: DOUBLE_TOP_FORMING | DOUBLE_BOTTOM_FORMING
  PATTERN_CONTEXT: Body= 24.6  Range= 24.6  ExpectedRange= 64.5  RangeRatio= 0.38  O= 76565.0  H= 76589.6  L= 76565.0  C= 76589.6
recent two = [np.float64(10.85), np.float64(10.79)]
newSynthFut =  76600
ATMStrike =  76000
AVG_OIPCR= 0.28
avgoiPCROld=  10.79
SUPP_RES = 76500
FUT LTP = 76589.55
CEchoi  PechOi = 1375580.0    28000.0
====================================
AVG_VOLPCR= 1.46
atmPCR= 0.33  belowATM  0.5
atmVolPCR= 1.26  belowATM  1.63
True   76589.55   76500   False   False   48.47
India VIX = 11.25  Spot Price = 76027.12
IV Regime = NORMAL (ADAPTIVE: P25= 11.03  P50= 11.29  P75= 11.38 ) | DailyRange = 1221.9 | 3minCandleRange = 64.3 (theoretical= 107.2 ) | ATMoptionMove = 28.9 | SL = 101 | Target = 101 | TrailTrigger = 29 | Spread = 300 | Buffer = 32
IV Params refreshed: {'vix': 11.25, 'bn_price': 76027.12, 'regime': 'NORMAL', 'regime_thresholds': 'P25=11.03 P50=11.29 P75=11.38', 'daily_range': 1221.9, 'candle_range': 64.3, 'atm_option_move': 28.9, 'sl_point': 101, 'target_point': 101, 'sl_pct_of_premium': 0.1, 'trail_trigger': 29, 'spread_width': 300, 'support_resistance_buffer': 32}
===
====after 3 min ochain==== 2026-09-07 13:15:00.024619
                                    oipcr   choipcr   CE_OI / PE_OI (same strike)
pcr1 =  BSE:SENSEX2691076800PE   0.21   -0.31 CALL added 328500   PUT unwind -103240  CE_OI=634500 PE_OI=132280
pcr2 =  BSE:SENSEX2691076700CE   0.18   -0.51 CALL added 418640   PUT unwind -213860  CE_OI=849140 PE_OI=153500
pcr3 =  BSE:SENSEX2691076600CE   0.24   -0.52 CALL added 398460   PUT unwind -205680  CE_OI=767160 PE_OI=184320
pcr4 =  BSE:SENSEX2691076500CE   0.35   0.02 CALL added 1373520   PUT added 28360  CE_OI=1700880 PE_OI=603100
pcr5 =  BSE:SENSEX2691076400PE   0.33   0.16 CALL added 1037420   PUT added 166960  CE_OI=1087960 PE_OI=354000
pcr6 =  BSE:SENSEX2691076300CE   0.5    0.32 CALL added 1161680   PUT added 377180  CE_OI=1199260 PE_OI=599220
pcr7 =  BSE:SENSEX2691076200PE   0.72   0.35 CALL added 815900   PUT added 282860  CE_OI=847540 PE_OI=609200
pcr8 =  BSE:SENSEX2691076100PE   0.85   0.63 CALL added 638520   PUT added 402580  CE_OI=658000 PE_OI=556140
pcr9 =  BSE:SENSEX2691076000PE   1.35   0.82 CALL added 719000   PUT added 587140  CE_OI=784980 PE_OI=1057960
pcr10 =  BSE:SENSEX2691075900PE   3.32   2.67 CALL added 109300   PUT added 291800  CE_OI=116720 PE_OI=387460
pcr11 =  BSE:SENSEX2691075800PE   4.11   2.87 CALL added 73920   PUT added 212400  CE_OI=78460 PE_OI=322460
pcr12 =  BSE:SENSEX2691075700CE   5.79   3.81 CALL added 33140   PUT added 126200  CE_OI=36580 PE_OI=211920
pcr13 =  BSE:SENSEX2691075600CE   7.56   3.49 CALL added 24380   PUT added 85020  CE_OI=28220 PE_OI=213440
pcr14 =  BSE:SENSEX2691075500CE   8.34   4.37 CALL added 42120   PUT added 183900  CE_OI=67740 PE_OI=564640
pcr15 =  BSE:SENSEX2691075400CE   28.57   18.44 CALL added 6260   PUT added 115420  CE_OI=8600 PE_OI=245660
pcr16 =  BSE:SENSEX2691075300PE   27.01   8.71 CALL added 5020   PUT added 43740  CE_OI=7920 PE_OI=213880
pcr17 =  BSE:SENSEX2691075200PE   100.63   37.47 CALL added 2440   PUT added 91420  CE_OI=2660 PE_OI=267680
PCRSUM== 190.06
pcrSummation== 2.53
VOLPCRSUM== 13.04
spotLTP =  76027.12  ATM_STRIKE =  76000
IS_ATM_STRIKE_SHIFT = False  mapStrike = {76000: 76000}
avgOiPcrList2 = [np.float64(10.85), np.float64(10.79), np.float64(11.18)] atmStrikeNotShiftedCount= 10
False   10   3
SUPP_RES=== 76500  Buffer= 32
ANCHOR_COMPARE: spot=76027.12 fut=76599.9 basis(fut-spot)=572.78 | SR_future=76500 SR_spot=76000 SR_diff=500 | PCRwin_future=76600 PCRwin_spot=76000
CEoich val =  1373520.0  PEoich val =  28360.0 , CE > PE by 97.9%
SUPP_RES TOTAL OI: CE= 1700880  PE= 603100 , CE > PE by 64.5%
SPOT_SUPP_RES=== 76000  Buffer= 32
SPOT CEoich val =  719000.0  PEoich val =  587140.0 , CE > PE by 18.3%
SPOT_SUPP_RES TOTAL OI: CE= 784980  PE= 1057960 , CE < PE by 25.8%
OI_SUPP_RES: spot=76027.12 ATM=76000 (ATM_CE_OI=784980 ATM_PE_OI=1057960) | SUPPORT=76000PE OI=1057960 (dist=0) | RESISTANCE=76500CE OI=1700880 (dist=500)
OI_SUPPORT=== 76000
OI_SUPPORT CEoich val = 719000.0  PEoich val = 587140.0 , CE > PE by 18.3%
OI_SUPPORT TOTAL OI: CE= 784980  PE= 1057960 , CE < PE by 25.8%
OI_RESISTANCE=== 76500
OI_RESISTANCE CEoich val = 1373520.0  PEoich val = 28360.0 , CE > PE by 97.9%
OI_RESISTANCE TOTAL OI: CE= 1700880  PE= 603100 , CE > PE by 64.5%
IS_MORNING_WINDOW= False  (active 9:15-9:48 IST)
================================================
==== signal check time ==== 2026-09-07 13:15:00.832694
IS_CHOI_DIFF_GT_25PERC== True
RSI_VAL1== 51.19
RSI_VAL2== 51.19
FUT_3m_OHLC O= 76589.6  H= 76599.9  L= 76589.6  C= 76599.9  Range= 10.3
CHART_PATTERN_DETECTED: DOUBLE_TOP_FORMING | DOUBLE_BOTTOM_FORMING
  PATTERN_CONTEXT: Body= 10.3  Range= 10.3  ExpectedRange= 64.3  RangeRatio= 0.16  O= 76589.6  H= 76599.9  L= 76589.6  C= 76599.9
recent two = [np.float64(10.79), np.float64(11.18)]
newSynthFut =  76600
ATMStrike =  76000
AVG_OIPCR= 0.28
avgoiPCROld=  11.18
SUPP_RES = 76500
FUT LTP = 76599.9
CEchoi  PechOi = 1373520.0    28360.0
====================================
AVG_VOLPCR= 1.45
atmPCR= 0.33  belowATM  0.5
atmVolPCR= 1.25  belowATM  1.63
True   76599.9   76500   False   False   51.19
India VIX = 11.27  Spot Price = 76025.46
IV Regime = NORMAL (ADAPTIVE: P25= 11.03  P50= 11.29  P75= 11.38 ) | DailyRange = 1224.0 | 3minCandleRange = 64.4 (theoretical= 107.4 ) | ATMoptionMove = 29.0 | SL = 101 | Target = 101 | TrailTrigger = 29 | Spread = 300 | Buffer = 32
IV Params refreshed: {'vix': 11.27, 'bn_price': 76025.46, 'regime': 'NORMAL', 'regime_thresholds': 'P25=11.03 P50=11.29 P75=11.38', 'daily_range': 1224.0, 'candle_range': 64.4, 'atm_option_move': 29.0, 'sl_point': 101, 'target_point': 101, 'sl_pct_of_premium': 0.1, 'trail_trigger': 29, 'spread_width': 300, 'support_resistance_buffer': 32}
===
====after 3 min ochain==== 2026-09-07 13:18:00.029483
                                    oipcr   choipcr   CE_OI / PE_OI (same strike)
pcr1 =  BSE:SENSEX2691076800PE   0.21   -0.32 CALL added 326200   PUT unwind -103020  CE_OI=632200 PE_OI=132500
pcr2 =  BSE:SENSEX2691076700CE   0.18   -0.51 CALL added 418820   PUT unwind -214020  CE_OI=849320 PE_OI=153340
pcr3 =  BSE:SENSEX2691076600CE   0.24   -0.52 CALL added 398500   PUT unwind -205840  CE_OI=767200 PE_OI=184160
pcr4 =  BSE:SENSEX2691076500CE   0.35   0.02 CALL added 1374480   PUT added 28920  CE_OI=1701840 PE_OI=603660
pcr5 =  BSE:SENSEX2691076400PE   0.32   0.16 CALL added 1036000   PUT added 165780  CE_OI=1086540 PE_OI=352820
pcr6 =  BSE:SENSEX2691076300CE   0.5    0.33 CALL added 1164340   PUT added 378500  CE_OI=1201920 PE_OI=600540
pcr7 =  BSE:SENSEX2691076200PE   0.74   0.37 CALL added 807660   PUT added 296180  CE_OI=839300 PE_OI=622520
pcr8 =  BSE:SENSEX2691076100PE   0.87   0.66 CALL added 635640   PUT added 419100  CE_OI=655120 PE_OI=572660
pcr9 =  BSE:SENSEX2691076000PE   1.39   0.86 CALL added 708340   PUT added 607280  CE_OI=774320 PE_OI=1078100
pcr10 =  BSE:SENSEX2691075900PE   3.33   2.69 CALL added 110240   PUT added 296680  CE_OI=117660 PE_OI=392340
pcr11 =  BSE:SENSEX2691075800PE   4.13   2.9 CALL added 74180   PUT added 215380  CE_OI=78720 PE_OI=325440
pcr12 =  BSE:SENSEX2691075700CE   5.83   3.85 CALL added 33200   PUT added 127900  CE_OI=36640 PE_OI=213620
pcr13 =  BSE:SENSEX2691075600CE   7.54   3.47 CALL added 24420   PUT added 84740  CE_OI=28260 PE_OI=213160
pcr14 =  BSE:SENSEX2691075500CE   8.4   4.46 CALL added 42000   PUT added 187340  CE_OI=67620 PE_OI=568080
pcr15 =  BSE:SENSEX2691075400CE   28.87   18.86 CALL added 6260   PUT added 118080  CE_OI=8600 PE_OI=248320
pcr16 =  BSE:SENSEX2691075300PE   27.2   9.03 CALL added 5020   PUT added 45320  CE_OI=7920 PE_OI=215460
pcr17 =  BSE:SENSEX2691075200PE   103.24   38.72 CALL added 2380   PUT added 92160  CE_OI=2600 PE_OI=268420
PCRSUM== 193.34
pcrSummation== 2.54
VOLPCRSUM== 13.01
spotLTP =  76025.46  ATM_STRIKE =  76000
IS_ATM_STRIKE_SHIFT = False  mapStrike = {76000: 76000}
avgOiPcrList2 = [np.float64(10.79), np.float64(11.18), np.float64(11.37)] atmStrikeNotShiftedCount= 11
False   11   3
SUPP_RES=== 76500  Buffer= 32
ANCHOR_COMPARE: spot=76025.46 fut=76599.0 basis(fut-spot)=573.54 | SR_future=76500 SR_spot=76000 SR_diff=500 | PCRwin_future=76600 PCRwin_spot=76000
CEoich val =  1374480.0  PEoich val =  28920.0 , CE > PE by 97.9%
SUPP_RES TOTAL OI: CE= 1701840  PE= 603660 , CE > PE by 64.5%
SPOT_SUPP_RES=== 76000  Buffer= 32
SPOT CEoich val =  708340.0  PEoich val =  607280.0 , CE > PE by 14.3%
SPOT_SUPP_RES TOTAL OI: CE= 774320  PE= 1078100 , CE < PE by 28.2%
OI_SUPP_RES: spot=76025.46 ATM=76000 (ATM_CE_OI=774320 ATM_PE_OI=1078100) | SUPPORT=76000PE OI=1078100 (dist=0) | RESISTANCE=76500CE OI=1701840 (dist=500)
OI_SUPPORT=== 76000
OI_SUPPORT CEoich val = 708340.0  PEoich val = 607280.0 , CE > PE by 14.3%
OI_SUPPORT TOTAL OI: CE= 774320  PE= 1078100 , CE < PE by 28.2%
OI_RESISTANCE=== 76500
OI_RESISTANCE CEoich val = 1374480.0  PEoich val = 28920.0 , CE > PE by 97.9%
OI_RESISTANCE TOTAL OI: CE= 1701840  PE= 603660 , CE > PE by 64.5%
IS_MORNING_WINDOW= False  (active 9:15-9:48 IST)
================================================
==== signal check time ==== 2026-09-07 13:18:00.718244
IS_CHOI_DIFF_GT_25PERC== True
RSI_VAL1== 50.93
RSI_VAL2== 50.93
FUT_3m_OHLC O= 76599.0  H= 76599.0  L= 76599.0  C= 76599.0  Range= 0.1
CHART_PATTERN_DETECTED: INSIDE_BAR | DOUBLE_TOP_FORMING
  PATTERN_CONTEXT: Body= 0.1  Range= 0.1  ExpectedRange= 64.4  RangeRatio= 0.0  O= 76599.0  H= 76599.0  L= 76599.0  C= 76599.0
isPcrInc = True
newSynthFut =  76600
ATMStrike =  76000
AVG_OIPCR= 0.28
avgoiPCROld=  11.37
SUPP_RES = 76500
FUT LTP = 76599.0
CEchoi  PechOi = 1374480.0    28920.0
====================================
AVG_VOLPCR= 1.45
atmPCR= 0.32  belowATM  0.5
atmVolPCR= 1.25  belowATM  1.63
True   76599.0   76500   True   False   50.93
In Bull trade, slCount =  0  (mode= LOGIC3_CHOI_15PCT )
============================================================
LOGIC3_OBSERVE: WOULD_HAVE_ENTERED BULL (no real order — LOGIC3 is observation-only)
  FUT=76599.0 SUPP_RES=76500 CEchoi=1374480.0 PEchoi=28920.0
============================================================
India VIX = 11.27  Spot Price = 76038.44
IV Regime = NORMAL (ADAPTIVE: P25= 11.03  P50= 11.29  P75= 11.38 ) | DailyRange = 1224.2 | 3minCandleRange = 64.4 (theoretical= 107.4 ) | ATMoptionMove = 29.0 | SL = 101 | Target = 101 | TrailTrigger = 29 | Spread = 300 | Buffer = 32
IV Params refreshed: {'vix': 11.27, 'bn_price': 76038.44, 'regime': 'NORMAL', 'regime_thresholds': 'P25=11.03 P50=11.29 P75=11.38', 'daily_range': 1224.2, 'candle_range': 64.4, 'atm_option_move': 29.0, 'sl_point': 101, 'target_point': 101, 'sl_pct_of_premium': 0.1, 'trail_trigger': 29, 'spread_width': 300, 'support_resistance_buffer': 32}
===
====after 3 min ochain==== 2026-09-07 13:21:00.027812
                                    oipcr   choipcr   CE_OI / PE_OI (same strike)
pcr1 =  BSE:SENSEX2691076800PE   0.21   -0.32 CALL added 325840   PUT unwind -103360  CE_OI=631840 PE_OI=132160
pcr2 =  BSE:SENSEX2691076700CE   0.18   -0.51 CALL added 422720   PUT unwind -214140  CE_OI=853220 PE_OI=153220
pcr3 =  BSE:SENSEX2691076600CE   0.24   -0.52 CALL added 398080   PUT unwind -207600  CE_OI=766780 PE_OI=182400
pcr4 =  BSE:SENSEX2691076500CE   0.36   0.02 CALL added 1374080   PUT added 29620  CE_OI=1701440 PE_OI=604360
pcr5 =  BSE:SENSEX2691076400PE   0.32   0.16 CALL added 1034840   PUT added 163360  CE_OI=1085380 PE_OI=350400
pcr6 =  BSE:SENSEX2691076300CE   0.5    0.33 CALL added 1164160   PUT added 378780  CE_OI=1201740 PE_OI=600820
pcr7 =  BSE:SENSEX2691076200PE   0.74   0.37 CALL added 810600   PUT added 297200  CE_OI=842240 PE_OI=623540
pcr8 =  BSE:SENSEX2691076100PE   0.89   0.67 CALL added 633900   PUT added 424920  CE_OI=653380 PE_OI=578480
pcr9 =  BSE:SENSEX2691076000PE   1.39   0.86 CALL added 714020   PUT added 615020  CE_OI=780000 PE_OI=1085840
pcr10 =  BSE:SENSEX2691075900PE   3.31   2.66 CALL added 110040   PUT added 293060  CE_OI=117460 PE_OI=388720
pcr11 =  BSE:SENSEX2691075800PE   4.04   2.82 CALL added 75060   PUT added 211480  CE_OI=79600 PE_OI=321540
pcr12 =  BSE:SENSEX2691075700CE   5.72   3.72 CALL added 33100   PUT added 123280  CE_OI=36540 PE_OI=209000
pcr13 =  BSE:SENSEX2691075600CE   7.47   3.39 CALL added 24420   PUT added 82800  CE_OI=28260 PE_OI=211220
pcr14 =  BSE:SENSEX2691075500CE   8.41   4.48 CALL added 41960   PUT added 187780  CE_OI=67580 PE_OI=568520
pcr15 =  BSE:SENSEX2691075400CE   28.66   18.6 CALL added 6280   PUT added 116800  CE_OI=8620 PE_OI=247040
pcr16 =  BSE:SENSEX2691075300PE   27.07   8.82 CALL added 5020   PUT added 44260  CE_OI=7920 PE_OI=214400
pcr17 =  BSE:SENSEX2691075200PE   104.23   39.26 CALL added 2360   PUT added 92660  CE_OI=2580 PE_OI=268920
PCRSUM== 193.74
pcrSummation== 2.55
VOLPCRSUM== 12.969999999999999
spotLTP =  76038.44  ATM_STRIKE =  76000
IS_ATM_STRIKE_SHIFT = False  mapStrike = {76000: 76000}
avgOiPcrList2 = [np.float64(11.18), np.float64(11.37), np.float64(11.4)] atmStrikeNotShiftedCount= 12
False   12   3
SUPP_RES=== 76500  Buffer= 32
ANCHOR_COMPARE: spot=76038.44 fut=76590.9 basis(fut-spot)=552.46 | SR_future=76500 SR_spot=76000 SR_diff=500 | PCRwin_future=76600 PCRwin_spot=76000
CEoich val =  1374080.0  PEoich val =  29620.0 , CE > PE by 97.8%
SUPP_RES TOTAL OI: CE= 1701440  PE= 604360 , CE > PE by 64.5%
SPOT_SUPP_RES=== 76000  Buffer= 32
SPOT CEoich val =  714020.0  PEoich val =  615020.0 , CE > PE by 13.9%
SPOT_SUPP_RES TOTAL OI: CE= 780000  PE= 1085840 , CE < PE by 28.2%
OI_SUPP_RES: spot=76038.44 ATM=76000 (ATM_CE_OI=780000 ATM_PE_OI=1085840) | SUPPORT=76000PE OI=1085840 (dist=0) | RESISTANCE=76500CE OI=1701440 (dist=500)
OI_SUPPORT=== 76000
OI_SUPPORT CEoich val = 714020.0  PEoich val = 615020.0 , CE > PE by 13.9%
OI_SUPPORT TOTAL OI: CE= 780000  PE= 1085840 , CE < PE by 28.2%
OI_RESISTANCE=== 76500
OI_RESISTANCE CEoich val = 1374080.0  PEoich val = 29620.0 , CE > PE by 97.8%
OI_RESISTANCE TOTAL OI: CE= 1701440  PE= 604360 , CE > PE by 64.5%
IS_MORNING_WINDOW= False  (active 9:15-9:48 IST)
================================================
==== signal check time ==== 2026-09-07 13:21:00.787242
IS_CHOI_DIFF_GT_25PERC== True
RSI_VAL1== 48.62
RSI_VAL2== 48.62
FUT_3m_OHLC O= 76599.0  H= 76599.0  L= 76590.9  C= 76590.9  Range= 8.1
CHART_PATTERN_DETECTED: BEARISH_ENGULFING | DOUBLE_TOP_FORMING
  PATTERN_CONTEXT: Body= -8.1  Range= 8.1  ExpectedRange= 64.4  RangeRatio= 0.13  O= 76599.0  H= 76599.0  L= 76590.9  C= 76590.9
isPcrInc = True
newSynthFut =  76600
ATMStrike =  76000
AVG_OIPCR= 0.28
avgoiPCROld=  11.4
SUPP_RES = 76500
FUT LTP = 76590.9
CEchoi  PechOi = 1374080.0    29620.0
====================================
AVG_VOLPCR= 1.44
atmPCR= 0.32  belowATM  0.5
atmVolPCR= 1.25  belowATM  1.63
True   76590.9   76500   True   False   48.62
In Bull trade, slCount =  0  (mode= LOGIC3_CHOI_15PCT )
============================================================
LOGIC3_OBSERVE: WOULD_HAVE_ENTERED BULL (no real order — LOGIC3 is observation-only)
  FUT=76590.9 SUPP_RES=76500 CEchoi=1374080.0 PEchoi=29620.0
============================================================
India VIX = 11.28  Spot Price = 76041.29
IV Regime = NORMAL (ADAPTIVE: P25= 11.03  P50= 11.29  P75= 11.38 ) | DailyRange = 1225.4 | 3minCandleRange = 64.5 (theoretical= 107.5 ) | ATMoptionMove = 29.0 | SL = 102 | Target = 102 | TrailTrigger = 29 | Spread = 300 | Buffer = 32
IV Params refreshed: {'vix': 11.28, 'bn_price': 76041.29, 'regime': 'NORMAL', 'regime_thresholds': 'P25=11.03 P50=11.29 P75=11.38', 'daily_range': 1225.4, 'candle_range': 64.5, 'atm_option_move': 29.0, 'sl_point': 102, 'target_point': 102, 'sl_pct_of_premium': 0.1, 'trail_trigger': 29, 'spread_width': 300, 'support_resistance_buffer': 32}
===
====after 3 min ochain==== 2026-09-07 13:24:00.003974
                                    oipcr   choipcr   CE_OI / PE_OI (same strike)
pcr1 =  BSE:SENSEX2691076800PE   0.21   -0.31 CALL added 329840   PUT unwind -103360  CE_OI=635840 PE_OI=132160
pcr2 =  BSE:SENSEX2691076700CE   0.18   -0.51 CALL added 422120   PUT unwind -214000  CE_OI=852620 PE_OI=153360
pcr3 =  BSE:SENSEX2691076600CE   0.24   -0.52 CALL added 396840   PUT unwind -207500  CE_OI=765540 PE_OI=182500
pcr4 =  BSE:SENSEX2691076500CE   0.35   0.02 CALL added 1376700   PUT added 28020  CE_OI=1704060 PE_OI=602760
pcr5 =  BSE:SENSEX2691076400PE   0.32   0.16 CALL added 1033020   PUT added 162120  CE_OI=1083560 PE_OI=349160
pcr6 =  BSE:SENSEX2691076300CE   0.5    0.32 CALL added 1164180   PUT added 377340  CE_OI=1201760 PE_OI=599380
pcr7 =  BSE:SENSEX2691076200PE   0.75   0.37 CALL added 802720   PUT added 298800  CE_OI=834360 PE_OI=625140
pcr8 =  BSE:SENSEX2691076100PE   0.9   0.68 CALL added 631000   PUT added 429880  CE_OI=650480 PE_OI=583440
pcr9 =  BSE:SENSEX2691076000PE   1.41   0.88 CALL added 711500   PUT added 626040  CE_OI=777480 PE_OI=1096860
pcr10 =  BSE:SENSEX2691075900PE   3.49   2.82 CALL added 104800   PUT added 295660  CE_OI=112220 PE_OI=391320
pcr11 =  BSE:SENSEX2691075800PE   4.04   2.78 CALL added 73300   PUT added 204100  CE_OI=77840 PE_OI=314160
pcr12 =  BSE:SENSEX2691075700CE   5.73   3.75 CALL added 33260   PUT added 124660  CE_OI=36700 PE_OI=210380
pcr13 =  BSE:SENSEX2691075600CE   7.77   3.54 CALL added 23320   PUT added 82480  CE_OI=27160 PE_OI=210900
pcr14 =  BSE:SENSEX2691075500CE   8.46   4.53 CALL added 41820   PUT added 189540  CE_OI=67440 PE_OI=570280
pcr15 =  BSE:SENSEX2691075400CE   27.69   17.74 CALL added 6580   PUT added 116720  CE_OI=8920 PE_OI=246960
pcr16 =  BSE:SENSEX2691075300PE   27.52   9.0 CALL added 4880   PUT added 43940  CE_OI=7780 PE_OI=214080
pcr17 =  BSE:SENSEX2691075200PE   107.68   40.17 CALL added 2260   PUT added 90780  CE_OI=2480 PE_OI=267040
PCRSUM== 197.24
pcrSummation== 2.55
VOLPCRSUM== 12.89
spotLTP =  76041.68  ATM_STRIKE =  76000
IS_ATM_STRIKE_SHIFT = False  mapStrike = {76000: 76000}
avgOiPcrList2 = [np.float64(11.37), np.float64(11.4), np.float64(11.6)] atmStrikeNotShiftedCount= 13
False   13   3
SUPP_RES=== 76500  Buffer= 32
ANCHOR_COMPARE: spot=76041.68 fut=76616.0 basis(fut-spot)=574.32 | SR_future=76500 SR_spot=76000 SR_diff=500 | PCRwin_future=76600 PCRwin_spot=76000
CEoich val =  1376700.0  PEoich val =  28020.0 , CE > PE by 98.0%
SUPP_RES TOTAL OI: CE= 1704060  PE= 602760 , CE > PE by 64.6%
SPOT_SUPP_RES=== 76000  Buffer= 32
SPOT CEoich val =  711500.0  PEoich val =  626040.0 , CE > PE by 12.0%
SPOT_SUPP_RES TOTAL OI: CE= 777480  PE= 1096860 , CE < PE by 29.1%
OI_SUPP_RES: spot=76041.68 ATM=76000 (ATM_CE_OI=777480 ATM_PE_OI=1096860) | SUPPORT=76000PE OI=1096860 (dist=0) | RESISTANCE=76500CE OI=1704060 (dist=500)
OI_SUPPORT=== 76000
OI_SUPPORT CEoich val = 711500.0  PEoich val = 626040.0 , CE > PE by 12.0%
OI_SUPPORT TOTAL OI: CE= 777480  PE= 1096860 , CE < PE by 29.1%
OI_RESISTANCE=== 76500
OI_RESISTANCE CEoich val = 1376700.0  PEoich val = 28020.0 , CE > PE by 98.0%
OI_RESISTANCE TOTAL OI: CE= 1704060  PE= 602760 , CE > PE by 64.6%
IS_MORNING_WINDOW= False  (active 9:15-9:48 IST)
================================================
==== signal check time ==== 2026-09-07 13:24:00.705907
IS_CHOI_DIFF_GT_25PERC== True
RSI_VAL1== 55.39
RSI_VAL2== 55.39
FUT_3m_OHLC O= 76590.9  H= 76616.0  L= 76590.9  C= 76616.0  Range= 25.1
CHART_PATTERN_DETECTED: BULLISH_ENGULFING | DOUBLE_TOP_FORMING | DOUBLE_BOTTOM_FORMING
  PATTERN_CONTEXT: Body= 25.1  Range= 25.1  ExpectedRange= 64.5  RangeRatio= 0.39  O= 76590.9  H= 76616.0  L= 76590.9  C= 76616.0
isPcrInc = True
newSynthFut =  76600
ATMStrike =  76000
AVG_OIPCR= 0.28
avgoiPCROld=  11.6
SUPP_RES = 76500
FUT LTP = 76616.0
CEchoi  PechOi = 1376700.0    28020.0
====================================
AVG_VOLPCR= 1.43
atmPCR= 0.32  belowATM  0.5
atmVolPCR= 1.24  belowATM  1.62
True   76616.0   76500   True   False   55.39
In Bull trade, slCount =  0  (mode= LOGIC3_CHOI_15PCT )
============================================================
LOGIC3_OBSERVE: WOULD_HAVE_ENTERED BULL (no real order — LOGIC3 is observation-only)
  FUT=76616.0 SUPP_RES=76500 CEchoi=1376700.0 PEchoi=28020.0
============================================================
India VIX = 11.21  Spot Price = 76052.7
IV Regime = NORMAL (ADAPTIVE: P25= 11.03  P50= 11.29  P75= 11.38 ) | DailyRange = 1217.9 | 3minCandleRange = 64.1 (theoretical= 106.8 ) | ATMoptionMove = 28.8 | SL = 101 | Target = 101 | TrailTrigger = 29 | Spread = 300 | Buffer = 32
IV Params refreshed: {'vix': 11.21, 'bn_price': 76052.7, 'regime': 'NORMAL', 'regime_thresholds': 'P25=11.03 P50=11.29 P75=11.38', 'daily_range': 1217.9, 'candle_range': 64.1, 'atm_option_move': 28.8, 'sl_point': 101, 'target_point': 101, 'sl_pct_of_premium': 0.1, 'trail_trigger': 29, 'spread_width': 300, 'support_resistance_buffer': 32}
===
====after 3 min ochain==== 2026-09-07 13:27:00.053348
                                    oipcr   choipcr   CE_OI / PE_OI (same strike)
pcr1 =  BSE:SENSEX2691076900PE   0.22   -0.27 CALL added 193860   PUT unwind -52640  CE_OI=446020 PE_OI=97080
pcr2 =  BSE:SENSEX2691076800PE   0.21   -0.31 CALL added 330760   PUT unwind -103240  CE_OI=636760 PE_OI=132280
pcr3 =  BSE:SENSEX2691076700CE   0.18   -0.5 CALL added 428680   PUT unwind -214360  CE_OI=859180 PE_OI=153000
pcr4 =  BSE:SENSEX2691076600CE   0.24   -0.52 CALL added 396740   PUT unwind -207100  CE_OI=765440 PE_OI=182900
pcr5 =  BSE:SENSEX2691076500CE   0.35   0.02 CALL added 1372940   PUT added 27260  CE_OI=1700300 PE_OI=602000
pcr6 =  BSE:SENSEX2691076400PE   0.32    0.16 CALL added 1029040   PUT added 161840  CE_OI=1079580 PE_OI=348880
pcr7 =  BSE:SENSEX2691076300CE   0.49   0.32 CALL added 1163640   PUT added 371540  CE_OI=1201220 PE_OI=593580
pcr8 =  BSE:SENSEX2691076200PE   0.76   0.38 CALL added 805420   PUT added 306980  CE_OI=837060 PE_OI=633320
pcr9 =  BSE:SENSEX2691076100PE   0.87   0.66 CALL added 639380   PUT added 422600  CE_OI=658860 PE_OI=576160
pcr10 =  BSE:SENSEX2691076000PE   1.43   0.9 CALL added 706660   PUT added 636440  CE_OI=772640 PE_OI=1107260
pcr11 =  BSE:SENSEX2691075900PE   3.49   2.83 CALL added 104920   PUT added 296500  CE_OI=112340 PE_OI=392160
pcr12 =  BSE:SENSEX2691075800PE   3.97   2.76 CALL added 75940   PUT added 209400  CE_OI=80480 PE_OI=319460
pcr13 =  BSE:SENSEX2691075700CE   5.8   3.81 CALL added 33040   PUT added 125940  CE_OI=36480 PE_OI=211660
pcr14 =  BSE:SENSEX2691075600CE   7.62   3.45 CALL added 23800   PUT added 82220  CE_OI=27640 PE_OI=210640
pcr15 =  BSE:SENSEX2691075500CE   8.42   4.46 CALL added 41660   PUT added 186000  CE_OI=67280 PE_OI=566740
pcr16 =  BSE:SENSEX2691075400CE   27.73   17.77 CALL added 6560   PUT added 116560  CE_OI=8900 PE_OI=246800
pcr17 =  BSE:SENSEX2691075300PE   27.24   8.8 CALL added 4940   PUT added 43460  CE_OI=7840 PE_OI=213600
PCRSUM== 89.34
pcrSummation== 2.77
VOLPCRSUM== 9.870000000000001
spotLTP =  76052.7  ATM_STRIKE =  76100
IS_ATM_STRIKE_SHIFT = True  mapStrike = {76100: 76100}
avgOiPcrList2 = [np.float64(5.26)] atmStrikeNotShiftedCount= 1
True   1   1
SUPP_RES=== 76500  Buffer= 32
ANCHOR_COMPARE: spot=76052.7 fut=76620.0 basis(fut-spot)=567.3 | SR_future=76500 SR_spot=76000 SR_diff=500 | PCRwin_future=76600 PCRwin_spot=76100
CEoich val =  1372940.0  PEoich val =  27260.0 , CE > PE by 98.0%
SUPP_RES TOTAL OI: CE= 1700300  PE= 602000 , CE > PE by 64.6%
SPOT_SUPP_RES=== 76000  Buffer= 32
SPOT CEoich val =  706660.0  PEoich val =  636440.0 , CE > PE by 9.9%
SPOT_SUPP_RES TOTAL OI: CE= 772640  PE= 1107260 , CE < PE by 30.2%
OI_SUPP_RES: spot=76052.7 ATM=76100 (ATM_CE_OI=658860 ATM_PE_OI=576160) | SUPPORT=76000PE OI=1107260 (dist=-100) | RESISTANCE=76500CE OI=1700300 (dist=400)
OI_SUPPORT=== 76000
OI_SUPPORT CEoich val = 706660.0  PEoich val = 636440.0 , CE > PE by 9.9%
OI_SUPPORT TOTAL OI: CE= 772640  PE= 1107260 , CE < PE by 30.2%
OI_RESISTANCE=== 76500
OI_RESISTANCE CEoich val = 1372940.0  PEoich val = 27260.0 , CE > PE by 98.0%
OI_RESISTANCE TOTAL OI: CE= 1700300  PE= 602000 , CE > PE by 64.6%
IS_MORNING_WINDOW= False  (active 9:15-9:48 IST)
================================================
==== signal check time ==== 2026-09-07 13:27:00.769150
IS_CHOI_DIFF_GT_25PERC== True
RSI_VAL1== 56.38
RSI_VAL2== 56.38
FUT_3m_OHLC O= 76616.0  H= 76620.0  L= 76612.1  C= 76620.0  Range= 7.9
CHART_PATTERN_DETECTED: DOUBLE_TOP_FORMING | DOUBLE_BOTTOM_FORMING
  PATTERN_CONTEXT: Body= 4.0  Range= 7.9  ExpectedRange= 64.1  RangeRatio= 0.12  O= 76616.0  H= 76620.0  L= 76612.1  C= 76620.0
newSynthFut =  76600
ATMStrike =  76100
AVG_OIPCR= 0.31
avgoiPCROld=  5.26
SUPP_RES = 76500
FUT LTP = 76620.0
CEchoi  PechOi = 1372940.0    27260.0
====================================
AVG_VOLPCR= 1.1
atmPCR= 0.35  belowATM  0.32
atmVolPCR= 0.93  belowATM  1.24
True   76620.0   76500   False   False   56.38
India VIX = 11.27  Spot Price = 76035.03
IV Regime = NORMAL (ADAPTIVE: P25= 11.03  P50= 11.29  P75= 11.38 ) | DailyRange = 1224.2 | 3minCandleRange = 64.4 (theoretical= 107.4 ) | ATMoptionMove = 29.0 | SL = 101 | Target = 101 | TrailTrigger = 29 | Spread = 300 | Buffer = 32
IV Params refreshed: {'vix': 11.27, 'bn_price': 76035.03, 'regime': 'NORMAL', 'regime_thresholds': 'P25=11.03 P50=11.29 P75=11.38', 'daily_range': 1224.2, 'candle_range': 64.4, 'atm_option_move': 29.0, 'sl_point': 101, 'target_point': 101, 'sl_pct_of_premium': 0.1, 'trail_trigger': 29, 'spread_width': 300, 'support_resistance_buffer': 32}
===
====after 3 min ochain==== 2026-09-07 13:30:00.038516
                                    oipcr   choipcr   CE_OI / PE_OI (same strike)
pcr1 =  BSE:SENSEX2691076800PE   0.21   -0.31 CALL added 331600   PUT unwind -102880  CE_OI=637600 PE_OI=132640
pcr2 =  BSE:SENSEX2691076700CE   0.18   -0.51 CALL added 423200   PUT unwind -214160  CE_OI=853700 PE_OI=153200
pcr3 =  BSE:SENSEX2691076600CE   0.24   -0.53 CALL added 394660   PUT unwind -207560  CE_OI=763360 PE_OI=182440
pcr4 =  BSE:SENSEX2691076500CE   0.35   0.02 CALL added 1379580   PUT added 29580  CE_OI=1706940 PE_OI=604320
pcr5 =  BSE:SENSEX2691076400PE   0.33   0.16 CALL added 1022060   PUT added 164640  CE_OI=1072600 PE_OI=351680
pcr6 =  BSE:SENSEX2691076300CE   0.5    0.32 CALL added 1147440   PUT added 372340  CE_OI=1185020 PE_OI=594380
pcr7 =  BSE:SENSEX2691076200PE   0.79   0.41 CALL added 789460   PUT added 325160  CE_OI=821100 PE_OI=651500
pcr8 =  BSE:SENSEX2691076100PE   0.91   0.69 CALL added 614900   PUT added 424040  CE_OI=634380 PE_OI=577600
pcr9 =  BSE:SENSEX2691076000PE   1.48   0.95 CALL added 695440   PUT added 659700  CE_OI=761420 PE_OI=1130520
pcr10 =  BSE:SENSEX2691075900PE   3.67   3.0 CALL added 101080   PUT added 303060  CE_OI=108500 PE_OI=398720
pcr11 =  BSE:SENSEX2691075800PE   4.06   2.82 CALL added 74400   PUT added 210120  CE_OI=78940 PE_OI=320180
pcr12 =  BSE:SENSEX2691075700CE   5.97   3.96 CALL added 32360   PUT added 128140  CE_OI=35800 PE_OI=213860
pcr13 =  BSE:SENSEX2691075600CE   7.96   3.7 CALL added 22920   PUT added 84720  CE_OI=26760 PE_OI=213140
pcr14 =  BSE:SENSEX2691075500CE   8.72   4.88 CALL added 40960   PUT added 200020  CE_OI=66580 PE_OI=580760
pcr15 =  BSE:SENSEX2691075400CE   27.52   17.36 CALL added 6480   PUT added 112500  CE_OI=8820 PE_OI=242740
pcr16 =  BSE:SENSEX2691075300PE   28.9   9.88 CALL added 4540   PUT added 44840  CE_OI=7440 PE_OI=214980
pcr17 =  BSE:SENSEX2691075200PE   108.14   39.46 CALL added 2220   PUT added 87600  CE_OI=2440 PE_OI=263860
PCRSUM== 199.93
pcrSummation== 2.6
VOLPCRSUM== 12.72
spotLTP =  76035.03  ATM_STRIKE =  76000
IS_ATM_STRIKE_SHIFT = True  mapStrike = {76000: 76000}
avgOiPcrList2 = [np.float64(11.76)] atmStrikeNotShiftedCount= 1
True   1   1
SUPP_RES=== 76500  Buffer= 32
ANCHOR_COMPARE: spot=76035.03 fut=76620.0 basis(fut-spot)=584.97 | SR_future=76500 SR_spot=76000 SR_diff=500 | PCRwin_future=76600 PCRwin_spot=76000
CEoich val =  1379580.0  PEoich val =  29580.0 , CE > PE by 97.9%
SUPP_RES TOTAL OI: CE= 1706940  PE= 604320 , CE > PE by 64.6%
SPOT_SUPP_RES=== 76000  Buffer= 32
SPOT CEoich val =  695440.0  PEoich val =  659700.0 , CE > PE by 5.1%
SPOT_SUPP_RES TOTAL OI: CE= 761420  PE= 1130520 , CE < PE by 32.6%
OI_SUPP_RES: spot=76035.03 ATM=76000 (ATM_CE_OI=761420 ATM_PE_OI=1130520) | SUPPORT=76000PE OI=1130520 (dist=0) | RESISTANCE=76500CE OI=1706940 (dist=500)
OI_SUPPORT=== 76000
OI_SUPPORT CEoich val = 695440.0  PEoich val = 659700.0 , CE > PE by 5.1%
OI_SUPPORT TOTAL OI: CE= 761420  PE= 1130520 , CE < PE by 32.6%
OI_RESISTANCE=== 76500
OI_RESISTANCE CEoich val = 1379580.0  PEoich val = 29580.0 , CE > PE by 97.9%
OI_RESISTANCE TOTAL OI: CE= 1706940  PE= 604320 , CE > PE by 64.6%
IS_MORNING_WINDOW= False  (active 9:15-9:48 IST)
================================================
==== signal check time ==== 2026-09-07 13:30:00.842159
IS_CHOI_DIFF_GT_25PERC== True
RSI_VAL1== 56.38
RSI_VAL2== 56.38
FUT_3m_OHLC O= 76620.0  H= 76620.0  L= 76620.0  C= 76620.0  Range= 0.0
CHART_PATTERN_DETECTED: INSIDE_BAR | DOUBLE_TOP_FORMING
  PATTERN_CONTEXT: Body= 0.0  Range= 0.0  ExpectedRange= 64.4  RangeRatio= 0.0  O= 76620.0  H= 76620.0  L= 76620.0  C= 76620.0
newSynthFut =  76600
ATMStrike =  76000
AVG_OIPCR= 0.29
avgoiPCROld=  11.76
SUPP_RES = 76500
FUT LTP = 76620.0
CEchoi  PechOi = 1379580.0    29580.0
====================================
AVG_VOLPCR= 1.41
atmPCR= 0.33  belowATM  0.5
atmVolPCR= 1.23  belowATM  1.61
True   76620.0   76500   False   False   56.38
India VIX = 11.3  Spot Price = 76021.87
IV Regime = ELEVATED (ADAPTIVE: P25= 11.03  P50= 11.29  P75= 11.38 ) | DailyRange = 1227.2 | 3minCandleRange = 64.6 (theoretical= 107.6 ) | ATMoptionMove = 29.1 | SL = 102 | Target = 102 | TrailTrigger = 29 | Spread = 300 | Buffer = 42
IV Params refreshed: {'vix': 11.3, 'bn_price': 76021.87, 'regime': 'ELEVATED', 'regime_thresholds': 'P25=11.03 P50=11.29 P75=11.38', 'daily_range': 1227.2, 'candle_range': 64.6, 'atm_option_move': 29.1, 'sl_point': 102, 'target_point': 102, 'sl_pct_of_premium': 0.1, 'trail_trigger': 29, 'spread_width': 300, 'support_resistance_buffer': 42}
===
====after 3 min ochain==== 2026-09-07 13:33:00.031247
                                    oipcr   choipcr   CE_OI / PE_OI (same strike)
pcr1 =  BSE:SENSEX2691076800PE   0.21   -0.31 CALL added 331540   PUT unwind -103180  CE_OI=637540 PE_OI=132340
pcr2 =  BSE:SENSEX2691076700CE   0.18   -0.5 CALL added 427020   PUT unwind -212500  CE_OI=857520 PE_OI=154860
pcr3 =  BSE:SENSEX2691076600CE   0.24   -0.53 CALL added 391780   PUT unwind -207760  CE_OI=760480 PE_OI=182240
pcr4 =  BSE:SENSEX2691076500CE   0.35   0.02 CALL added 1396660   PUT added 25840  CE_OI=1724020 PE_OI=600580
pcr5 =  BSE:SENSEX2691076400PE   0.33   0.16 CALL added 1021660   PUT added 161680  CE_OI=1072200 PE_OI=348720
pcr6 =  BSE:SENSEX2691076300CE   0.5    0.32 CALL added 1147140   PUT added 367460  CE_OI=1184720 PE_OI=589500
pcr7 =  BSE:SENSEX2691076200PE   0.79   0.41 CALL added 792920   PUT added 324200  CE_OI=824560 PE_OI=650540
pcr8 =  BSE:SENSEX2691076100PE   0.93   0.71 CALL added 610600   PUT added 431660  CE_OI=630080 PE_OI=585220
pcr9 =  BSE:SENSEX2691076000PE   1.46   0.93 CALL added 707200   PUT added 658180  CE_OI=773180 PE_OI=1129000
pcr10 =  BSE:SENSEX2691075900PE   3.61   2.94 CALL added 103320   PUT added 304000  CE_OI=110740 PE_OI=399660
pcr11 =  BSE:SENSEX2691075800PE   3.96   2.73 CALL added 75440   PUT added 206320  CE_OI=79980 PE_OI=316380
pcr12 =  BSE:SENSEX2691075700CE   6.12   4.11 CALL added 32100   PUT added 131940  CE_OI=35540 PE_OI=217660
pcr13 =  BSE:SENSEX2691075600CE   7.92   3.85 CALL added 24100   PUT added 92780  CE_OI=27940 PE_OI=221200
pcr14 =  BSE:SENSEX2691075500CE   9.07   5.44 CALL added 40880   PUT added 222200  CE_OI=66500 PE_OI=602940
pcr15 =  BSE:SENSEX2691075400CE   27.58   17.56 CALL added 6560   PUT added 115180  CE_OI=8900 PE_OI=245420
pcr16 =  BSE:SENSEX2691075300PE   28.14   9.7 CALL added 4800   PUT added 46540  CE_OI=7700 PE_OI=216680
pcr17 =  BSE:SENSEX2691075200PE   106.53   39.5 CALL added 2280   PUT added 90060  CE_OI=2500 PE_OI=266320
PCRSUM== 197.92
pcrSummation== 2.6
VOLPCRSUM== 12.680000000000001
spotLTP =  76021.87  ATM_STRIKE =  76000
IS_ATM_STRIKE_SHIFT = False  mapStrike = {76000: 76000}
avgOiPcrList2 = [np.float64(11.76), np.float64(11.64)] atmStrikeNotShiftedCount= 2
False   2   2
SUPP_RES=== 76500  Buffer= 42
ANCHOR_COMPARE: spot=76021.87 fut=76620.0 basis(fut-spot)=598.13 | SR_future=76500 SR_spot=76000 SR_diff=500 | PCRwin_future=76600 PCRwin_spot=76000
CEoich val =  1396660.0  PEoich val =  25840.0 , CE > PE by 98.1%
SUPP_RES TOTAL OI: CE= 1724020  PE= 600580 , CE > PE by 65.2%
SPOT_SUPP_RES=== 76000  Buffer= 42
SPOT CEoich val =  707200.0  PEoich val =  658180.0 , CE > PE by 6.9%
SPOT_SUPP_RES TOTAL OI: CE= 773180  PE= 1129000 , CE < PE by 31.5%
OI_SUPP_RES: spot=76021.87 ATM=76000 (ATM_CE_OI=773180 ATM_PE_OI=1129000) | SUPPORT=76000PE OI=1129000 (dist=0) | RESISTANCE=76500CE OI=1724020 (dist=500)
OI_SUPPORT=== 76000
OI_SUPPORT CEoich val = 707200.0  PEoich val = 658180.0 , CE > PE by 6.9%
OI_SUPPORT TOTAL OI: CE= 773180  PE= 1129000 , CE < PE by 31.5%
OI_RESISTANCE=== 76500
OI_RESISTANCE CEoich val = 1396660.0  PEoich val = 25840.0 , CE > PE by 98.1%
OI_RESISTANCE TOTAL OI: CE= 1724020  PE= 600580 , CE > PE by 65.2%
IS_MORNING_WINDOW= False  (active 9:15-9:48 IST)
================================================
==== signal check time ==== 2026-09-07 13:33:00.749827
IS_CHOI_DIFF_GT_25PERC== True
RSI_VAL1== 56.38
RSI_VAL2== 56.38
FUT_3m_OHLC O= 76620.0  H= 76620.0  L= 76620.0  C= 76620.0  Range= 0.0
CHART_PATTERN_DETECTED: INSIDE_BAR | DOUBLE_TOP_FORMING
  PATTERN_CONTEXT: Body= 0.0  Range= 0.0  ExpectedRange= 64.6  RangeRatio= 0.0  O= 76620.0  H= 76620.0  L= 76620.0  C= 76620.0
newSynthFut =  76600
ATMStrike =  76000
AVG_OIPCR= 0.29
avgoiPCROld=  11.64
SUPP_RES = 76500
FUT LTP = 76620.0
CEchoi  PechOi = 1396660.0    25840.0
====================================
AVG_VOLPCR= 1.41
atmPCR= 0.33  belowATM  0.5
atmVolPCR= 1.23  belowATM  1.61
True   76620.0   76500   False   False   56.38
India VIX = 11.27  Spot Price = 76025.11
IV Regime = NORMAL (ADAPTIVE: P25= 11.03  P50= 11.29  P75= 11.38 ) | DailyRange = 1224.0 | 3minCandleRange = 64.4 (theoretical= 107.4 ) | ATMoptionMove = 29.0 | SL = 101 | Target = 101 | TrailTrigger = 29 | Spread = 300 | Buffer = 32
IV Params refreshed: {'vix': 11.27, 'bn_price': 76025.11, 'regime': 'NORMAL', 'regime_thresholds': 'P25=11.03 P50=11.29 P75=11.38', 'daily_range': 1224.0, 'candle_range': 64.4, 'atm_option_move': 29.0, 'sl_point': 101, 'target_point': 101, 'sl_pct_of_premium': 0.1, 'trail_trigger': 29, 'spread_width': 300, 'support_resistance_buffer': 32}
===
====after 3 min ochain==== 2026-09-07 13:36:00.024732
                                    oipcr   choipcr   CE_OI / PE_OI (same strike)
pcr1 =  BSE:SENSEX2691076800PE   0.21   -0.31 CALL added 330160   PUT unwind -102780  CE_OI=636160 PE_OI=132740
pcr2 =  BSE:SENSEX2691076700CE   0.18   -0.5 CALL added 428020   PUT unwind -212580  CE_OI=858520 PE_OI=154780
pcr3 =  BSE:SENSEX2691076600CE   0.24   -0.53 CALL added 394340   PUT unwind -207680  CE_OI=763040 PE_OI=182320
pcr4 =  BSE:SENSEX2691076500CE   0.35   0.02 CALL added 1402280   PUT added 25400  CE_OI=1729640 PE_OI=600140
pcr5 =  BSE:SENSEX2691076400PE   0.33   0.16 CALL added 1017360   PUT added 163560  CE_OI=1067900 PE_OI=350600
pcr6 =  BSE:SENSEX2691076300CE   0.5    0.32 CALL added 1147360   PUT added 368760  CE_OI=1184940 PE_OI=590800
pcr7 =  BSE:SENSEX2691076200PE   0.8   0.42 CALL added 798240   PUT added 335480  CE_OI=829880 PE_OI=661820
pcr8 =  BSE:SENSEX2691076100PE   0.95   0.73 CALL added 611020   PUT added 445960  CE_OI=630500 PE_OI=599520
pcr9 =  BSE:SENSEX2691076000PE   1.47   0.95 CALL added 716440   PUT added 683200  CE_OI=782420 PE_OI=1154020
pcr10 =  BSE:SENSEX2691075900PE   3.74   3.07 CALL added 102140   PUT added 313920  CE_OI=109560 PE_OI=409580
pcr11 =  BSE:SENSEX2691075800PE   4.08   2.85 CALL added 74360   PUT added 211760  CE_OI=78900 PE_OI=321820
pcr12 =  BSE:SENSEX2691075700CE   6.17   4.17 CALL added 32180   PUT added 134160  CE_OI=35620 PE_OI=219880
pcr13 =  BSE:SENSEX2691075600CE   8.0   3.88 CALL added 23720   PUT added 91980  CE_OI=27560 PE_OI=220400
pcr14 =  BSE:SENSEX2691075500CE   9.13   5.53 CALL added 40760   PUT added 225300  CE_OI=66380 PE_OI=606040
pcr15 =  BSE:SENSEX2691075400CE   28.18   18.41 CALL added 6580   PUT added 121120  CE_OI=8920 PE_OI=251360
pcr16 =  BSE:SENSEX2691075300PE   28.16   9.73 CALL added 4800   PUT added 46720  CE_OI=7700 PE_OI=216860
pcr17 =  BSE:SENSEX2691075200PE   107.63   40.71 CALL added 2280   PUT added 92820  CE_OI=2500 PE_OI=269080
PCRSUM== 200.12
pcrSummation== 2.61
VOLPCRSUM== 12.630000000000003
spotLTP =  76025.11  ATM_STRIKE =  76000
IS_ATM_STRIKE_SHIFT = False  mapStrike = {76000: 76000}
avgOiPcrList2 = [np.float64(11.76), np.float64(11.64), np.float64(11.77)] atmStrikeNotShiftedCount= 3
False   3   3
SUPP_RES=== 76500  Buffer= 32
ANCHOR_COMPARE: spot=76025.11 fut=76620.0 basis(fut-spot)=594.89 | SR_future=76500 SR_spot=76000 SR_diff=500 | PCRwin_future=76600 PCRwin_spot=76000
CEoich val =  1402280.0  PEoich val =  25400.0 , CE > PE by 98.2%
SUPP_RES TOTAL OI: CE= 1729640  PE= 600140 , CE > PE by 65.3%
SPOT_SUPP_RES=== 76000  Buffer= 32
SPOT CEoich val =  716440.0  PEoich val =  683200.0 , CE > PE by 4.6%
SPOT_SUPP_RES TOTAL OI: CE= 782420  PE= 1154020 , CE < PE by 32.2%
OI_SUPP_RES: spot=76025.11 ATM=76000 (ATM_CE_OI=782420 ATM_PE_OI=1154020) | SUPPORT=76000PE OI=1154020 (dist=0) | RESISTANCE=76500CE OI=1729640 (dist=500)
OI_SUPPORT=== 76000
OI_SUPPORT CEoich val = 716440.0  PEoich val = 683200.0 , CE > PE by 4.6%
OI_SUPPORT TOTAL OI: CE= 782420  PE= 1154020 , CE < PE by 32.2%
OI_RESISTANCE=== 76500
OI_RESISTANCE CEoich val = 1402280.0  PEoich val = 25400.0 , CE > PE by 98.2%
OI_RESISTANCE TOTAL OI: CE= 1729640  PE= 600140 , CE > PE by 65.3%
IS_MORNING_WINDOW= False  (active 9:15-9:48 IST)
================================================
==== signal check time ==== 2026-09-07 13:36:00.686708
IS_CHOI_DIFF_GT_25PERC== True
RSI_VAL1== 56.38
RSI_VAL2== 56.38
FUT_3m_OHLC O= 76620.0  H= 76620.0  L= 76620.0  C= 76620.0  Range= 0.0
CHART_PATTERN_DETECTED: INSIDE_BAR | DOUBLE_TOP_FORMING | DOUBLE_BOTTOM_FORMING
  PATTERN_CONTEXT: Body= 0.0  Range= 0.0  ExpectedRange= 64.4  RangeRatio= 0.0  O= 76620.0  H= 76620.0  L= 76620.0  C= 76620.0
recent two = [np.float64(11.64), np.float64(11.77)]
newSynthFut =  76600
ATMStrike =  76000
AVG_OIPCR= 0.29
avgoiPCROld=  11.77
SUPP_RES = 76500
FUT LTP = 76620.0
CEchoi  PechOi = 1402280.0    25400.0
====================================
AVG_VOLPCR= 1.4
atmPCR= 0.33  belowATM  0.5
atmVolPCR= 1.22  belowATM  1.6
True   76620.0   76500   False   False   56.38
India VIX = 11.25  Spot Price = 76055.61
IV Regime = NORMAL (ADAPTIVE: P25= 11.03  P50= 11.29  P75= 11.38 ) | DailyRange = 1222.3 | 3minCandleRange = 64.3 (theoretical= 107.2 ) | ATMoptionMove = 28.9 | SL = 101 | Target = 101 | TrailTrigger = 29 | Spread = 300 | Buffer = 32
IV Params refreshed: {'vix': 11.25, 'bn_price': 76055.61, 'regime': 'NORMAL', 'regime_thresholds': 'P25=11.03 P50=11.29 P75=11.38', 'daily_range': 1222.3, 'candle_range': 64.3, 'atm_option_move': 28.9, 'sl_point': 101, 'target_point': 101, 'sl_pct_of_premium': 0.1, 'trail_trigger': 29, 'spread_width': 300, 'support_resistance_buffer': 32}
===
====after 3 min ochain==== 2026-09-07 13:39:00.027786
                                    oipcr   choipcr   CE_OI / PE_OI (same strike)
pcr1 =  BSE:SENSEX2691076900PE   0.22   -0.28 CALL added 190440   PUT unwind -53300  CE_OI=442600 PE_OI=96420
pcr2 =  BSE:SENSEX2691076800PE   0.21   -0.31 CALL added 328740   PUT unwind -102560  CE_OI=634740 PE_OI=132960
pcr3 =  BSE:SENSEX2691076700CE   0.18   -0.53 CALL added 406720   PUT unwind -213680  CE_OI=837220 PE_OI=153680
pcr4 =  BSE:SENSEX2691076600CE   0.24   -0.54 CALL added 387860   PUT unwind -209380  CE_OI=756560 PE_OI=180620
pcr5 =  BSE:SENSEX2691076500CE   0.35   0.02 CALL added 1375480   PUT added 27620  CE_OI=1702840 PE_OI=602360
pcr6 =  BSE:SENSEX2691076400PE   0.33    0.16 CALL added 1015600   PUT added 164660  CE_OI=1066140 PE_OI=351700
pcr7 =  BSE:SENSEX2691076300CE   0.5   0.33 CALL added 1142420   PUT added 373020  CE_OI=1180000 PE_OI=595060
pcr8 =  BSE:SENSEX2691076200PE   0.81   0.43 CALL added 786040   PUT added 339260  CE_OI=817680 PE_OI=665600
pcr9 =  BSE:SENSEX2691076100PE   0.99   0.76 CALL added 599240   PUT added 456400  CE_OI=618720 PE_OI=609960
pcr10 =  BSE:SENSEX2691076000PE   1.51   0.98 CALL added 695380   PUT added 678080  CE_OI=761360 PE_OI=1148900
pcr11 =  BSE:SENSEX2691075900PE   3.79   3.12 CALL added 101120   PUT added 315960  CE_OI=108540 PE_OI=411620
pcr12 =  BSE:SENSEX2691075800PE   4.15   2.91 CALL added 73940   PUT added 215260  CE_OI=78480 PE_OI=325320
pcr13 =  BSE:SENSEX2691075700CE   6.13   4.12 CALL added 32140   PUT added 132340  CE_OI=35580 PE_OI=218060
pcr14 =  BSE:SENSEX2691075600CE   7.98   3.88 CALL added 23840   PUT added 92400  CE_OI=27680 PE_OI=220820
pcr15 =  BSE:SENSEX2691075500CE   9.15   5.55 CALL added 40700   PUT added 225900  CE_OI=66320 PE_OI=606640
pcr16 =  BSE:SENSEX2691075400CE   28.39   18.69 CALL added 6580   PUT added 123000  CE_OI=8920 PE_OI=253240
pcr17 =  BSE:SENSEX2691075300PE   28.45   9.88 CALL added 4720   PUT added 46620  CE_OI=7620 PE_OI=216760
PCRSUM== 93.38
pcrSummation== 2.84
VOLPCRSUM== 9.75
spotLTP =  76055.61  ATM_STRIKE =  76100
IS_ATM_STRIKE_SHIFT = True  mapStrike = {76100: 76100}
avgOiPcrList2 = [np.float64(5.49)] atmStrikeNotShiftedCount= 1
True   1   1
SUPP_RES=== 76500  Buffer= 32
ANCHOR_COMPARE: spot=76055.61 fut=76620.0 basis(fut-spot)=564.39 | SR_future=76500 SR_spot=76000 SR_diff=500 | PCRwin_future=76600 PCRwin_spot=76100
CEoich val =  1375480.0  PEoich val =  27620.0 , CE > PE by 98.0%
SUPP_RES TOTAL OI: CE= 1702840  PE= 602360 , CE > PE by 64.6%
SPOT_SUPP_RES=== 76000  Buffer= 32
SPOT CEoich val =  695380.0  PEoich val =  678080.0 , CE > PE by 2.5%
SPOT_SUPP_RES TOTAL OI: CE= 761360  PE= 1148900 , CE < PE by 33.7%
OI_SUPP_RES: spot=76055.61 ATM=76100 (ATM_CE_OI=618720 ATM_PE_OI=609960) | SUPPORT=76000PE OI=1148900 (dist=-100) | RESISTANCE=76500CE OI=1702840 (dist=400)
OI_SUPPORT=== 76000
OI_SUPPORT CEoich val = 695380.0  PEoich val = 678080.0 , CE > PE by 2.5%
OI_SUPPORT TOTAL OI: CE= 761360  PE= 1148900 , CE < PE by 33.7%
OI_RESISTANCE=== 76500
OI_RESISTANCE CEoich val = 1375480.0  PEoich val = 27620.0 , CE > PE by 98.0%
OI_RESISTANCE TOTAL OI: CE= 1702840  PE= 602360 , CE > PE by 64.6%
IS_MORNING_WINDOW= False  (active 9:15-9:48 IST)
================================================
==== signal check time ==== 2026-09-07 13:39:00.740908
IS_CHOI_DIFF_GT_25PERC== True
RSI_VAL1== 56.38
RSI_VAL2== 56.38
FUT_3m_OHLC O= 76620.0  H= 76620.0  L= 76620.0  C= 76620.0  Range= 0.0
CHART_PATTERN_DETECTED: INSIDE_BAR | DOUBLE_TOP_FORMING | DOUBLE_BOTTOM_FORMING
  PATTERN_CONTEXT: Body= 0.0  Range= 0.0  ExpectedRange= 64.3  RangeRatio= 0.0  O= 76620.0  H= 76620.0  L= 76620.0  C= 76620.0
newSynthFut =  76600
ATMStrike =  76100
AVG_OIPCR= 0.32
avgoiPCROld=  5.49
SUPP_RES = 76500
FUT LTP = 76620.0
CEchoi  PechOi = 1375480.0    27620.0
====================================
AVG_VOLPCR= 1.08
atmPCR= 0.35  belowATM  0.33
atmVolPCR= 0.92  belowATM  1.22
True   76620.0   76500   False   False   56.38
India VIX = 11.27  Spot Price = 76050.91
IV Regime = NORMAL (ADAPTIVE: P25= 11.03  P50= 11.29  P75= 11.38 ) | DailyRange = 1224.4 | 3minCandleRange = 64.4 (theoretical= 107.4 ) | ATMoptionMove = 29.0 | SL = 101 | Target = 101 | TrailTrigger = 29 | Spread = 300 | Buffer = 32
IV Params refreshed: {'vix': 11.27, 'bn_price': 76050.91, 'regime': 'NORMAL', 'regime_thresholds': 'P25=11.03 P50=11.29 P75=11.38', 'daily_range': 1224.4, 'candle_range': 64.4, 'atm_option_move': 29.0, 'sl_point': 101, 'target_point': 101, 'sl_pct_of_premium': 0.1, 'trail_trigger': 29, 'spread_width': 300, 'support_resistance_buffer': 32}
===
====after 3 min ochain==== 2026-09-07 13:42:00.026873
                                    oipcr   choipcr   CE_OI / PE_OI (same strike)
pcr1 =  BSE:SENSEX2691076900PE   0.21   -0.27 CALL added 196840   PUT unwind -53440  CE_OI=449000 PE_OI=96280
pcr2 =  BSE:SENSEX2691076800PE   0.21   -0.31 CALL added 329680   PUT unwind -102300  CE_OI=635680 PE_OI=133220
pcr3 =  BSE:SENSEX2691076700CE   0.18   -0.52 CALL added 409260   PUT unwind -213820  CE_OI=839760 PE_OI=153540
pcr4 =  BSE:SENSEX2691076600CE   0.24   -0.54 CALL added 388320   PUT unwind -209660  CE_OI=757020 PE_OI=180340
pcr5 =  BSE:SENSEX2691076500CE   0.35   0.02 CALL added 1383400   PUT added 27760  CE_OI=1710760 PE_OI=602500
pcr6 =  BSE:SENSEX2691076400PE   0.33    0.16 CALL added 1012100   PUT added 165460  CE_OI=1062640 PE_OI=352500
pcr7 =  BSE:SENSEX2691076300CE   0.5   0.32 CALL added 1148580   PUT added 371540  CE_OI=1186160 PE_OI=593580
pcr8 =  BSE:SENSEX2691076200PE   0.81   0.43 CALL added 791120   PUT added 336780  CE_OI=822760 PE_OI=663120
pcr9 =  BSE:SENSEX2691076100PE   0.96   0.74 CALL added 610600   PUT added 450240  CE_OI=630080 PE_OI=603800
pcr10 =  BSE:SENSEX2691076000PE   1.48   0.96 CALL added 709240   PUT added 679700  CE_OI=775220 PE_OI=1150520
pcr11 =  BSE:SENSEX2691075900PE   3.72   3.06 CALL added 102380   PUT added 312800  CE_OI=109800 PE_OI=408460
pcr12 =  BSE:SENSEX2691075800PE   4.3   3.04 CALL added 71900   PUT added 218840  CE_OI=76440 PE_OI=328900
pcr13 =  BSE:SENSEX2691075700CE   6.16   4.15 CALL added 32160   PUT added 133560  CE_OI=35600 PE_OI=219280
pcr14 =  BSE:SENSEX2691075600CE   8.27   4.05 CALL added 22920   PUT added 92780  CE_OI=26760 PE_OI=221200
pcr15 =  BSE:SENSEX2691075500CE   9.11   5.46 CALL added 40460   PUT added 221060  CE_OI=66080 PE_OI=601800
pcr16 =  BSE:SENSEX2691075400CE   27.99   18.09 CALL added 6540   PUT added 118320  CE_OI=8880 PE_OI=248560
pcr17 =  BSE:SENSEX2691075300PE   27.6   8.51 CALL added 4720   PUT added 40180  CE_OI=7620 PE_OI=210320
PCRSUM== 92.42
pcrSummation== 2.83
VOLPCRSUM== 9.709999999999999
spotLTP =  76050.11  ATM_STRIKE =  76100
IS_ATM_STRIKE_SHIFT = False  mapStrike = {76100: 76100}
avgOiPcrList2 = [np.float64(5.49), np.float64(5.44)] atmStrikeNotShiftedCount= 2
False   2   2
SUPP_RES=== 76500  Buffer= 32
ANCHOR_COMPARE: spot=76050.11 fut=76600.0 basis(fut-spot)=549.89 | SR_future=76500 SR_spot=76000 SR_diff=500 | PCRwin_future=76600 PCRwin_spot=76100
CEoich val =  1383400.0  PEoich val =  27760.0 , CE > PE by 98.0%
SUPP_RES TOTAL OI: CE= 1710760  PE= 602500 , CE > PE by 64.8%
SPOT_SUPP_RES=== 76000  Buffer= 32
SPOT CEoich val =  709240.0  PEoich val =  679700.0 , CE > PE by 4.2%
SPOT_SUPP_RES TOTAL OI: CE= 775220  PE= 1150520 , CE < PE by 32.6%
OI_SUPP_RES: spot=76050.11 ATM=76100 (ATM_CE_OI=630080 ATM_PE_OI=603800) | SUPPORT=76000PE OI=1150520 (dist=-100) | RESISTANCE=76500CE OI=1710760 (dist=400)
OI_SUPPORT=== 76000
OI_SUPPORT CEoich val = 709240.0  PEoich val = 679700.0 , CE > PE by 4.2%
OI_SUPPORT TOTAL OI: CE= 775220  PE= 1150520 , CE < PE by 32.6%
OI_RESISTANCE=== 76500
OI_RESISTANCE CEoich val = 1383400.0  PEoich val = 27760.0 , CE > PE by 98.0%
OI_RESISTANCE TOTAL OI: CE= 1710760  PE= 602500 , CE > PE by 64.8%
IS_MORNING_WINDOW= False  (active 9:15-9:48 IST)
================================================
==== signal check time ==== 2026-09-07 13:42:00.713968
IS_CHOI_DIFF_GT_25PERC== True
RSI_VAL1== 48.59
RSI_VAL2== 48.59
FUT_3m_OHLC O= 76620.0  H= 76620.0  L= 76600.0  C= 76600.0  Range= 20.0
CHART_PATTERN_DETECTED: DOUBLE_TOP_FORMING | DOUBLE_BOTTOM_FORMING
  PATTERN_CONTEXT: Body= -20.0  Range= 20.0  ExpectedRange= 64.4  RangeRatio= 0.31  O= 76620.0  H= 76620.0  L= 76600.0  C= 76600.0
newSynthFut =  76600
ATMStrike =  76100
AVG_OIPCR= 0.31
avgoiPCROld=  5.44
SUPP_RES = 76500
FUT LTP = 76600.0
CEchoi  PechOi = 1383400.0    27760.0
====================================
AVG_VOLPCR= 1.08
atmPCR= 0.35  belowATM  0.33
atmVolPCR= 0.91  belowATM  1.22
True   76600.0   76500   False   False   48.59
India VIX = 11.28  Spot Price = 76050.36
IV Regime = NORMAL (ADAPTIVE: P25= 11.03  P50= 11.29  P75= 11.38 ) | DailyRange = 1225.5 | 3minCandleRange = 64.5 (theoretical= 107.5 ) | ATMoptionMove = 29.0 | SL = 102 | Target = 102 | TrailTrigger = 29 | Spread = 300 | Buffer = 32
IV Params refreshed: {'vix': 11.28, 'bn_price': 76050.36, 'regime': 'NORMAL', 'regime_thresholds': 'P25=11.03 P50=11.29 P75=11.38', 'daily_range': 1225.5, 'candle_range': 64.5, 'atm_option_move': 29.0, 'sl_point': 102, 'target_point': 102, 'sl_pct_of_premium': 0.1, 'trail_trigger': 29, 'spread_width': 300, 'support_resistance_buffer': 32}
===
====after 3 min ochain==== 2026-09-07 13:45:00.045057
                                    oipcr   choipcr   CE_OI / PE_OI (same strike)
pcr1 =  BSE:SENSEX2691076900PE   0.21   -0.27 CALL added 195420   PUT unwind -53660  CE_OI=447580 PE_OI=96060
pcr2 =  BSE:SENSEX2691076800PE   0.21   -0.31 CALL added 332360   PUT unwind -102020  CE_OI=638360 PE_OI=133500
pcr3 =  BSE:SENSEX2691076700CE   0.18   -0.52 CALL added 409160   PUT unwind -213900  CE_OI=839660 PE_OI=153460
pcr4 =  BSE:SENSEX2691076600CE   0.24   -0.54 CALL added 386600   PUT unwind -210060  CE_OI=755300 PE_OI=179940
pcr5 =  BSE:SENSEX2691076500CE   0.35   0.02 CALL added 1393360   PUT added 27340  CE_OI=1720720 PE_OI=602080
pcr6 =  BSE:SENSEX2691076400PE   0.33    0.16 CALL added 1016840   PUT added 164660  CE_OI=1067380 PE_OI=351700
pcr7 =  BSE:SENSEX2691076300CE   0.5   0.32 CALL added 1150540   PUT added 368840  CE_OI=1188120 PE_OI=590880
pcr8 =  BSE:SENSEX2691076200PE   0.8   0.42 CALL added 793500   PUT added 332360  CE_OI=825140 PE_OI=658700
pcr9 =  BSE:SENSEX2691076100PE   0.96   0.74 CALL added 607200   PUT added 449320  CE_OI=626680 PE_OI=602880
pcr10 =  BSE:SENSEX2691076000PE   1.47   0.95 CALL added 722560   PUT added 687520  CE_OI=788540 PE_OI=1158340
pcr11 =  BSE:SENSEX2691075900PE   3.74   3.07 CALL added 102200   PUT added 314100  CE_OI=109620 PE_OI=409760
pcr12 =  BSE:SENSEX2691075800PE   4.17   2.95 CALL added 75100   PUT added 221720  CE_OI=79640 PE_OI=331780
pcr13 =  BSE:SENSEX2691075700CE   6.14   4.14 CALL added 32280   PUT added 133640  CE_OI=35720 PE_OI=219360
pcr14 =  BSE:SENSEX2691075600CE   8.3   4.06 CALL added 22720   PUT added 92160  CE_OI=26560 PE_OI=220580
pcr15 =  BSE:SENSEX2691075500CE   9.15   5.51 CALL added 40160   PUT added 221400  CE_OI=65780 PE_OI=602140
pcr16 =  BSE:SENSEX2691075400CE   28.13   18.22 CALL added 6500   PUT added 118460  CE_OI=8840 PE_OI=248700
pcr17 =  BSE:SENSEX2691075300PE   26.95   7.71 CALL added 4780   PUT added 36840  CE_OI=7680 PE_OI=206980
PCRSUM== 91.83
pcrSummation== 2.82
VOLPCRSUM== 9.67
spotLTP =  76049.72  ATM_STRIKE =  76000
IS_ATM_STRIKE_SHIFT = True  mapStrike = {76000: 76000}
avgOiPcrList2 = [np.float64(5.4)] atmStrikeNotShiftedCount= 1
True   1   1
SUPP_RES=== 76500  Buffer= 32
ANCHOR_COMPARE: spot=76049.72 fut=76624.65 basis(fut-spot)=574.93 | SR_future=76500 SR_spot=76000 SR_diff=500 | PCRwin_future=76600 PCRwin_spot=76000
CEoich val =  1393360.0  PEoich val =  27340.0 , CE > PE by 98.0%
SUPP_RES TOTAL OI: CE= 1720720  PE= 602080 , CE > PE by 65.0%
SPOT_SUPP_RES=== 76000  Buffer= 32
SPOT CEoich val =  722560.0  PEoich val =  687520.0 , CE > PE by 4.8%
SPOT_SUPP_RES TOTAL OI: CE= 788540  PE= 1158340 , CE < PE by 31.9%
OI_SUPP_RES: spot=76049.72 ATM=76000 (ATM_CE_OI=788540 ATM_PE_OI=1158340) | SUPPORT=76000PE OI=1158340 (dist=0) | RESISTANCE=76500CE OI=1720720 (dist=500)
OI_SUPPORT=== 76000
OI_SUPPORT CEoich val = 722560.0  PEoich val = 687520.0 , CE > PE by 4.8%
OI_SUPPORT TOTAL OI: CE= 788540  PE= 1158340 , CE < PE by 31.9%
OI_RESISTANCE=== 76500
OI_RESISTANCE CEoich val = 1393360.0  PEoich val = 27340.0 , CE > PE by 98.0%
OI_RESISTANCE TOTAL OI: CE= 1720720  PE= 602080 , CE > PE by 65.0%
IS_MORNING_WINDOW= False  (active 9:15-9:48 IST)
================================================
==== signal check time ==== 2026-09-07 13:45:00.790982
IS_CHOI_DIFF_GT_25PERC== True
RSI_VAL1== 56.56
RSI_VAL2== 56.56
FUT_3m_OHLC O= 76600.0  H= 76624.6  L= 76590.0  C= 76624.6  Range= 34.6
CHART_PATTERN_DETECTED: BULLISH_ENGULFING | OUTSIDE_BAR | DOUBLE_TOP_FORMING
  PATTERN_CONTEXT: Body= 24.6  Range= 34.6  ExpectedRange= 64.5  RangeRatio= 0.54  O= 76600.0  H= 76624.6  L= 76590.0  C= 76624.6
newSynthFut =  76600
ATMStrike =  76000
AVG_OIPCR= 0.31
avgoiPCROld=  5.4
SUPP_RES = 76500
FUT LTP = 76624.65
CEchoi  PechOi = 1393360.0    27340.0
====================================
AVG_VOLPCR= 1.07
atmPCR= 0.35  belowATM  0.33
atmVolPCR= 0.91  belowATM  1.21
True   76624.65   76500   False   False   56.56
India VIX = 11.27  Spot Price = 76066.09
IV Regime = NORMAL (ADAPTIVE: P25= 11.03  P50= 11.29  P75= 11.38 ) | DailyRange = 1224.7 | 3minCandleRange = 64.4 (theoretical= 107.4 ) | ATMoptionMove = 29.0 | SL = 102 | Target = 102 | TrailTrigger = 29 | Spread = 300 | Buffer = 32
IV Params refreshed: {'vix': 11.27, 'bn_price': 76066.09, 'regime': 'NORMAL', 'regime_thresholds': 'P25=11.03 P50=11.29 P75=11.38', 'daily_range': 1224.7, 'candle_range': 64.4, 'atm_option_move': 29.0, 'sl_point': 102, 'target_point': 102, 'sl_pct_of_premium': 0.1, 'trail_trigger': 29, 'spread_width': 300, 'support_resistance_buffer': 32}
===
====after 3 min ochain==== 2026-09-07 13:48:00.039124
                                    oipcr   choipcr   CE_OI / PE_OI (same strike)
pcr1 =  BSE:SENSEX2691076900PE   0.21   -0.28 CALL added 194120   PUT unwind -53920  CE_OI=446280 PE_OI=95800
pcr2 =  BSE:SENSEX2691076800PE   0.21   -0.31 CALL added 328740   PUT unwind -103120  CE_OI=634740 PE_OI=132400
pcr3 =  BSE:SENSEX2691076700CE   0.18   -0.53 CALL added 406140   PUT unwind -214260  CE_OI=836640 PE_OI=153100
pcr4 =  BSE:SENSEX2691076600CE   0.24   -0.56 CALL added 382260   PUT unwind -212200  CE_OI=750960 PE_OI=177800
pcr5 =  BSE:SENSEX2691076500CE   0.35   0.02 CALL added 1380900   PUT added 31580  CE_OI=1708260 PE_OI=606320
pcr6 =  BSE:SENSEX2691076400PE   0.33    0.17 CALL added 1009060   PUT added 166760  CE_OI=1059600 PE_OI=353800
pcr7 =  BSE:SENSEX2691076300CE   0.5   0.32 CALL added 1149700   PUT added 370400  CE_OI=1187280 PE_OI=592440
pcr8 =  BSE:SENSEX2691076200PE   0.82   0.44 CALL added 783100   PUT added 340660  CE_OI=814740 PE_OI=667000
pcr9 =  BSE:SENSEX2691076100PE   0.99   0.77 CALL added 600600   PUT added 460140  CE_OI=620080 PE_OI=613700
pcr10 =  BSE:SENSEX2691076000PE   1.54   1.01 CALL added 695640   PUT added 699780  CE_OI=761620 PE_OI=1170600
pcr11 =  BSE:SENSEX2691075900PE   3.76   3.1 CALL added 101240   PUT added 313380  CE_OI=108660 PE_OI=409040
pcr12 =  BSE:SENSEX2691075800PE   4.16   2.95 CALL added 75880   PUT added 224100  CE_OI=80420 PE_OI=334160
pcr13 =  BSE:SENSEX2691075700CE   6.08   4.11 CALL added 33000   PUT added 135660  CE_OI=36440 PE_OI=221380
pcr14 =  BSE:SENSEX2691075600CE   8.5   4.12 CALL added 21900   PUT added 90260  CE_OI=25740 PE_OI=218680
pcr15 =  BSE:SENSEX2691075500CE   9.18   5.52 CALL added 39680   PUT added 219020  CE_OI=65300 PE_OI=599760
pcr16 =  BSE:SENSEX2691075400CE   27.73   17.68 CALL added 6500   PUT added 114920  CE_OI=8840 PE_OI=245160
pcr17 =  BSE:SENSEX2691075300PE   27.24   7.84 CALL added 4700   PUT added 36860  CE_OI=7600 PE_OI=207000
PCRSUM== 92.02
pcrSummation== 2.84
VOLPCRSUM== 9.6
spotLTP =  76066.09  ATM_STRIKE =  76100
IS_ATM_STRIKE_SHIFT = True  mapStrike = {76100: 76100}
avgOiPcrList2 = [np.float64(5.41)] atmStrikeNotShiftedCount= 1
True   1   1
SUPP_RES=== 76500  Buffer= 32
ANCHOR_COMPARE: spot=76066.09 fut=76632.15 basis(fut-spot)=566.06 | SR_future=76500 SR_spot=76000 SR_diff=500 | PCRwin_future=76600 PCRwin_spot=76100
CEoich val =  1380900.0  PEoich val =  31580.0 , CE > PE by 97.7%
SUPP_RES TOTAL OI: CE= 1708260  PE= 606320 , CE > PE by 64.5%
SPOT_SUPP_RES=== 76000  Buffer= 32
SPOT CEoich val =  695640.0  PEoich val =  699780.0 , CE < PE by 0.6%
SPOT_SUPP_RES TOTAL OI: CE= 761620  PE= 1170600 , CE < PE by 34.9%
OI_SUPP_RES: spot=76066.09 ATM=76100 (ATM_CE_OI=620080 ATM_PE_OI=613700) | SUPPORT=76000PE OI=1170600 (dist=-100) | RESISTANCE=76500CE OI=1708260 (dist=400)
OI_SUPPORT=== 76000
OI_SUPPORT CEoich val = 695640.0  PEoich val = 699780.0 , CE < PE by 0.6%
OI_SUPPORT TOTAL OI: CE= 761620  PE= 1170600 , CE < PE by 34.9%
OI_RESISTANCE=== 76500
OI_RESISTANCE CEoich val = 1380900.0  PEoich val = 31580.0 , CE > PE by 97.7%
OI_RESISTANCE TOTAL OI: CE= 1708260  PE= 606320 , CE > PE by 64.5%
IS_MORNING_WINDOW= False  (active 9:15-9:48 IST)
================================================
==== signal check time ==== 2026-09-07 13:48:00.710218
IS_CHOI_DIFF_GT_25PERC== True
RSI_VAL1== 58.65
RSI_VAL2== 58.65
FUT_3m_OHLC O= 76624.6  H= 76632.2  L= 76624.6  C= 76632.2  Range= 7.5
CHART_PATTERN_DETECTED: DOUBLE_TOP_FORMING
  PATTERN_CONTEXT: Body= 7.5  Range= 7.5  ExpectedRange= 64.4  RangeRatio= 0.12  O= 76624.6  H= 76632.2  L= 76624.6  C= 76632.2
newSynthFut =  76600
ATMStrike =  76100
AVG_OIPCR= 0.32
avgoiPCROld=  5.41
SUPP_RES = 76500
FUT LTP = 76632.15
CEchoi  PechOi = 1380900.0    31580.0
====================================
AVG_VOLPCR= 1.07
atmPCR= 0.35  belowATM  0.33
atmVolPCR= 0.9  belowATM  1.2
True   76632.15   76500   False   False   58.65
India VIX = 11.27  Spot Price = 76064.1
IV Regime = NORMAL (ADAPTIVE: P25= 11.03  P50= 11.29  P75= 11.38 ) | DailyRange = 1224.6 | 3minCandleRange = 64.4 (theoretical= 107.4 ) | ATMoptionMove = 29.0 | SL = 101 | Target = 101 | TrailTrigger = 29 | Spread = 300 | Buffer = 32
IV Params refreshed: {'vix': 11.27, 'bn_price': 76064.1, 'regime': 'NORMAL', 'regime_thresholds': 'P25=11.03 P50=11.29 P75=11.38', 'daily_range': 1224.6, 'candle_range': 64.4, 'atm_option_move': 29.0, 'sl_point': 101, 'target_point': 101, 'sl_pct_of_premium': 0.1, 'trail_trigger': 29, 'spread_width': 300, 'support_resistance_buffer': 32}
===
====after 3 min ochain==== 2026-09-07 13:51:00.035733
                                    oipcr   choipcr   CE_OI / PE_OI (same strike)
pcr1 =  BSE:SENSEX2691076900PE   0.22   -0.29 CALL added 188960   PUT unwind -54460  CE_OI=441120 PE_OI=95260
pcr2 =  BSE:SENSEX2691076800PE   0.21   -0.32 CALL added 324540   PUT unwind -103160  CE_OI=630540 PE_OI=132360
pcr3 =  BSE:SENSEX2691076700CE   0.18   -0.54 CALL added 401740   PUT unwind -215480  CE_OI=832240 PE_OI=151880
pcr4 =  BSE:SENSEX2691076600CE   0.24   -0.56 CALL added 377420   PUT unwind -212720  CE_OI=746120 PE_OI=177280
pcr5 =  BSE:SENSEX2691076500CE   0.36   0.02 CALL added 1359640   PUT added 32220  CE_OI=1687000 PE_OI=606960
pcr6 =  BSE:SENSEX2691076400PE   0.34    0.17 CALL added 1003820   PUT added 167940  CE_OI=1054360 PE_OI=354980
pcr7 =  BSE:SENSEX2691076300CE   0.51   0.33 CALL added 1135380   PUT added 379760  CE_OI=1172960 PE_OI=601800
pcr8 =  BSE:SENSEX2691076200PE   0.83   0.44 CALL added 771640   PUT added 340280  CE_OI=803280 PE_OI=666620
pcr9 =  BSE:SENSEX2691076100PE   1.02   0.79 CALL added 581540   PUT added 457020  CE_OI=601020 PE_OI=610580
pcr10 =  BSE:SENSEX2691076000PE   1.57   1.04 CALL added 692440   PUT added 718340  CE_OI=758420 PE_OI=1189160
pcr11 =  BSE:SENSEX2691075900PE   3.91   3.22 CALL added 96260   PUT added 309480  CE_OI=103680 PE_OI=405140
pcr12 =  BSE:SENSEX2691075800PE   4.1   2.88 CALL added 74460   PUT added 214160  CE_OI=79000 PE_OI=324220
pcr13 =  BSE:SENSEX2691075700CE   6.36   4.36 CALL added 31980   PUT added 139400  CE_OI=35420 PE_OI=225120
pcr14 =  BSE:SENSEX2691075600CE   9.16   4.46 CALL added 19840   PUT added 88400  CE_OI=23680 PE_OI=216820
pcr15 =  BSE:SENSEX2691075500CE   9.05   5.18 CALL added 38460   PUT added 199340  CE_OI=64080 PE_OI=580080
pcr16 =  BSE:SENSEX2691075400CE   27.54   17.26 CALL added 6400   PUT added 110480  CE_OI=8740 PE_OI=240720
pcr17 =  BSE:SENSEX2691075300PE   30.9   9.37 CALL added 3740   PUT added 35060  CE_OI=6640 PE_OI=205200
PCRSUM== 96.5
pcrSummation== 2.89
VOLPCRSUM== 9.559999999999999
spotLTP =  76064.1  ATM_STRIKE =  76100
IS_ATM_STRIKE_SHIFT = False  mapStrike = {76100: 76100}
avgOiPcrList2 = [np.float64(5.41), np.float64(5.68)] atmStrikeNotShiftedCount= 2
False   2   2
SUPP_RES=== 76500  Buffer= 32
ANCHOR_COMPARE: spot=76064.1 fut=76648.9 basis(fut-spot)=584.8 | SR_future=76500 SR_spot=76000 SR_diff=500 | PCRwin_future=76600 PCRwin_spot=76100
CEoich val =  1359640.0  PEoich val =  32220.0 , CE > PE by 97.6%
SUPP_RES TOTAL OI: CE= 1687000  PE= 606960 , CE > PE by 64.0%
SPOT_SUPP_RES=== 76000  Buffer= 32
SPOT CEoich val =  692440.0  PEoich val =  718340.0 , CE < PE by 3.6%
SPOT_SUPP_RES TOTAL OI: CE= 758420  PE= 1189160 , CE < PE by 36.2%
OI_SUPP_RES: spot=76064.1 ATM=76100 (ATM_CE_OI=601020 ATM_PE_OI=610580) | SUPPORT=76000PE OI=1189160 (dist=-100) | RESISTANCE=76500CE OI=1687000 (dist=400)
OI_SUPPORT=== 76000
OI_SUPPORT CEoich val = 692440.0  PEoich val = 718340.0 , CE < PE by 3.6%
OI_SUPPORT TOTAL OI: CE= 758420  PE= 1189160 , CE < PE by 36.2%
OI_RESISTANCE=== 76500
OI_RESISTANCE CEoich val = 1359640.0  PEoich val = 32220.0 , CE > PE by 97.6%
OI_RESISTANCE TOTAL OI: CE= 1687000  PE= 606960 , CE > PE by 64.0%
IS_MORNING_WINDOW= False  (active 9:15-9:48 IST)
================================================
==== signal check time ==== 2026-09-07 13:51:00.734115
IS_CHOI_DIFF_GT_25PERC== True
RSI_VAL1== 62.96
RSI_VAL2== 62.96
FUT_3m_OHLC O= 76643.8  H= 76648.9  L= 76605.0  C= 76648.9  Range= 43.9
CHART_PATTERN_DETECTED: THREE_WHITE_SOLDIERS | HAMMER | OUTSIDE_BAR | DOUBLE_TOP_FORMING | DOUBLE_BOTTOM_FORMING
  PATTERN_CONTEXT: Body= 5.1  Range= 43.9  ExpectedRange= 64.4  RangeRatio= 0.68  O= 76643.8  H= 76648.9  L= 76605.0  C= 76648.9
newSynthFut =  76600
ATMStrike =  76100
AVG_OIPCR= 0.32
avgoiPCROld=  5.68
SUPP_RES = 76500
FUT LTP = 76648.9
CEchoi  PechOi = 1359640.0    32220.0
====================================
AVG_VOLPCR= 1.06
atmPCR= 0.36  belowATM  0.34
atmVolPCR= 0.9  belowATM  1.2
True   76648.9   76500   False   False   62.96
India VIX = 11.19  Spot Price = 76109.92
IV Regime = NORMAL (ADAPTIVE: P25= 11.03  P50= 11.29  P75= 11.38 ) | DailyRange = 1216.7 | 3minCandleRange = 64.0 (theoretical= 106.7 ) | ATMoptionMove = 28.8 | SL = 101 | Target = 101 | TrailTrigger = 29 | Spread = 300 | Buffer = 32
IV Params refreshed: {'vix': 11.19, 'bn_price': 76109.92, 'regime': 'NORMAL', 'regime_thresholds': 'P25=11.03 P50=11.29 P75=11.38', 'daily_range': 1216.7, 'candle_range': 64.0, 'atm_option_move': 28.8, 'sl_point': 101, 'target_point': 101, 'sl_pct_of_premium': 0.1, 'trail_trigger': 29, 'spread_width': 300, 'support_resistance_buffer': 32}
===
====after 3 min ochain==== 2026-09-07 13:54:00.028532
                                    oipcr   choipcr   CE_OI / PE_OI (same strike)
pcr1 =  BSE:SENSEX2691076900PE   0.22   -0.28 CALL added 191040   PUT unwind -54340  CE_OI=443200 PE_OI=95380
pcr2 =  BSE:SENSEX2691076800PE   0.21   -0.32 CALL added 324360   PUT unwind -102580  CE_OI=630360 PE_OI=132940
pcr3 =  BSE:SENSEX2691076700CE   0.18   -0.55 CALL added 394800   PUT unwind -216080  CE_OI=825300 PE_OI=151280
pcr4 =  BSE:SENSEX2691076600CE   0.24   -0.56 CALL added 380920   PUT unwind -211940  CE_OI=749620 PE_OI=178060
pcr5 =  BSE:SENSEX2691076500CE   0.36   0.03 CALL added 1360980   PUT added 34180  CE_OI=1688340 PE_OI=608920
pcr6 =  BSE:SENSEX2691076400PE   0.34    0.17 CALL added 1002800   PUT added 168760  CE_OI=1053340 PE_OI=355800
pcr7 =  BSE:SENSEX2691076300CE   0.51   0.34 CALL added 1133340   PUT added 380360  CE_OI=1170920 PE_OI=602400
pcr8 =  BSE:SENSEX2691076200PE   0.85   0.46 CALL added 754260   PUT added 343960  CE_OI=785900 PE_OI=670300
pcr9 =  BSE:SENSEX2691076100PE   1.03   0.81 CALL added 587140   PUT added 472980  CE_OI=606620 PE_OI=626540
pcr10 =  BSE:SENSEX2691076000PE   1.6   1.08 CALL added 690260   PUT added 742480  CE_OI=756240 PE_OI=1213300
pcr11 =  BSE:SENSEX2691075900PE   3.93   3.24 CALL added 96920   PUT added 314140  CE_OI=104340 PE_OI=409800
pcr12 =  BSE:SENSEX2691075800PE   4.13   2.9 CALL added 74060   PUT added 214420  CE_OI=78600 PE_OI=324480
pcr13 =  BSE:SENSEX2691075700CE   6.42   4.43 CALL added 32020   PUT added 141880  CE_OI=35460 PE_OI=227600
pcr14 =  BSE:SENSEX2691075600CE   9.92   5.16 CALL added 18960   PUT added 97820  CE_OI=22800 PE_OI=226240
pcr15 =  BSE:SENSEX2691075500CE   9.03   5.11 CALL added 38180   PUT added 195100  CE_OI=63800 PE_OI=575840
pcr16 =  BSE:SENSEX2691075400CE   27.48   17.14 CALL added 6380   PUT added 109380  CE_OI=8720 PE_OI=239620
pcr17 =  BSE:SENSEX2691075300PE   30.43   8.54 CALL added 3740   PUT added 31940  CE_OI=6640 PE_OI=202080
PCRSUM== 96.88
pcrSummation== 2.91
VOLPCRSUM== 9.4
spotLTP =  76109.92  ATM_STRIKE =  76100
IS_ATM_STRIKE_SHIFT = False  mapStrike = {76100: 76100}
avgOiPcrList2 = [np.float64(5.41), np.float64(5.68), np.float64(5.7)] atmStrikeNotShiftedCount= 3
False   3   3
SUPP_RES=== 76500  Buffer= 32
ANCHOR_COMPARE: spot=76109.92 fut=76650.0 basis(fut-spot)=540.08 | SR_future=76500 SR_spot=76000 SR_diff=500 | PCRwin_future=76600 PCRwin_spot=76100
CEoich val =  1360980.0  PEoich val =  34180.0 , CE > PE by 97.5%
SUPP_RES TOTAL OI: CE= 1688340  PE= 608920 , CE > PE by 63.9%
SPOT_SUPP_RES=== 76000  Buffer= 32
SPOT CEoich val =  690260.0  PEoich val =  742480.0 , CE < PE by 7.0%
SPOT_SUPP_RES TOTAL OI: CE= 756240  PE= 1213300 , CE < PE by 37.7%
OI_SUPP_RES: spot=76109.92 ATM=76100 (ATM_CE_OI=606620 ATM_PE_OI=626540) | SUPPORT=76000PE OI=1213300 (dist=-100) | RESISTANCE=76500CE OI=1688340 (dist=400)
OI_SUPPORT=== 76000
OI_SUPPORT CEoich val = 690260.0  PEoich val = 742480.0 , CE < PE by 7.0%
OI_SUPPORT TOTAL OI: CE= 756240  PE= 1213300 , CE < PE by 37.7%
OI_RESISTANCE=== 76500
OI_RESISTANCE CEoich val = 1360980.0  PEoich val = 34180.0 , CE > PE by 97.5%
OI_RESISTANCE TOTAL OI: CE= 1688340  PE= 608920 , CE > PE by 63.9%
IS_MORNING_WINDOW= False  (active 9:15-9:48 IST)
================================================
==== signal check time ==== 2026-09-07 13:54:00.719259
IS_CHOI_DIFF_GT_25PERC== True
RSI_VAL1== 63.23
RSI_VAL2== 63.23
FUT_3m_OHLC O= 76648.9  H= 76650.0  L= 76648.9  C= 76650.0  Range= 1.1
CHART_PATTERN_DETECTED: THREE_WHITE_SOLDIERS | DOUBLE_TOP_FORMING | DOUBLE_BOTTOM_FORMING
  PATTERN_CONTEXT: Body= 1.1  Range= 1.1  ExpectedRange= 64.0  RangeRatio= 0.02  O= 76648.9  H= 76650.0  L= 76648.9  C= 76650.0
isPcrInc = True
newSynthFut =  76600
ATMStrike =  76100
AVG_OIPCR= 0.32
avgoiPCROld=  5.7
SUPP_RES = 76500
FUT LTP = 76650.0
CEchoi  PechOi = 1360980.0    34180.0
====================================
AVG_VOLPCR= 1.04
atmPCR= 0.36  belowATM  0.34
atmVolPCR= 0.89  belowATM  1.18
True   76650.0   76500   True   False   63.23
In Bull trade, slCount =  0  (mode= LOGIC3_CHOI_15PCT )
============================================================
LOGIC3_OBSERVE: WOULD_HAVE_ENTERED BULL (no real order — LOGIC3 is observation-only)
  FUT=76650.0 SUPP_RES=76500 CEchoi=1360980.0 PEchoi=34180.0
============================================================
India VIX = 11.19  Spot Price = 76101.52
IV Regime = NORMAL (ADAPTIVE: P25= 11.03  P50= 11.29  P75= 11.38 ) | DailyRange = 1216.5 | 3minCandleRange = 64.0 (theoretical= 106.7 ) | ATMoptionMove = 28.8 | SL = 101 | Target = 101 | TrailTrigger = 29 | Spread = 300 | Buffer = 32
IV Params refreshed: {'vix': 11.19, 'bn_price': 76101.52, 'regime': 'NORMAL', 'regime_thresholds': 'P25=11.03 P50=11.29 P75=11.38', 'daily_range': 1216.5, 'candle_range': 64.0, 'atm_option_move': 28.8, 'sl_point': 101, 'target_point': 101, 'sl_pct_of_premium': 0.1, 'trail_trigger': 29, 'spread_width': 300, 'support_resistance_buffer': 32}
===
====after 3 min ochain==== 2026-09-07 13:57:00.026465
                                    oipcr   choipcr   CE_OI / PE_OI (same strike)
pcr1 =  BSE:SENSEX2691076900PE   0.22   -0.29 CALL added 188580   PUT unwind -53800  CE_OI=440740 PE_OI=95920
pcr2 =  BSE:SENSEX2691076800PE   0.21   -0.32 CALL added 316040   PUT unwind -102100  CE_OI=622040 PE_OI=133420
pcr3 =  BSE:SENSEX2691076700CE   0.18   -0.57 CALL added 379640   PUT unwind -217620  CE_OI=810140 PE_OI=149740
pcr4 =  BSE:SENSEX2691076600CE   0.24   -0.58 CALL added 365900   PUT unwind -211900  CE_OI=734600 PE_OI=178100
pcr5 =  BSE:SENSEX2691076500CE   0.37   0.03 CALL added 1318880   PUT added 39940  CE_OI=1646240 PE_OI=614680
pcr6 =  BSE:SENSEX2691076400PE   0.35    0.17 CALL added 959120   PUT added 161780  CE_OI=1009660 PE_OI=348820
pcr7 =  BSE:SENSEX2691076300CE   0.55   0.36 CALL added 1075700   PUT added 392560  CE_OI=1113280 PE_OI=614600
pcr8 =  BSE:SENSEX2691076200PE   0.93   0.5 CALL added 693540   PUT added 348560  CE_OI=725180 PE_OI=674900
pcr9 =  BSE:SENSEX2691076100PE   1.08   0.84 CALL added 554780   PUT added 466480  CE_OI=574260 PE_OI=620040
pcr10 =  BSE:SENSEX2691076000PE   1.69   1.12 CALL added 625340   PUT added 699480  CE_OI=691320 PE_OI=1170300
pcr11 =  BSE:SENSEX2691075900PE   4.1   3.38 CALL added 89920   PUT added 303580  CE_OI=97340 PE_OI=399240
pcr12 =  BSE:SENSEX2691075800PE   4.57   3.27 CALL added 68520   PUT added 223960  CE_OI=73060 PE_OI=334020
pcr13 =  BSE:SENSEX2691075700CE   8.26   5.96 CALL added 24960   PUT added 148840  CE_OI=28400 PE_OI=234560
pcr14 =  BSE:SENSEX2691075600CE   11.4   6.2 CALL added 16280   PUT added 101000  CE_OI=20120 PE_OI=229420
pcr15 =  BSE:SENSEX2691075500CE   9.1   5.06 CALL added 36620   PUT added 185420  CE_OI=62240 PE_OI=566160
pcr16 =  BSE:SENSEX2691075400CE   27.83   16.83 CALL added 5920   PUT added 99640  CE_OI=8260 PE_OI=229880
pcr17 =  BSE:SENSEX2691075300PE   32.09   8.88 CALL added 3320   PUT added 29480  CE_OI=6220 PE_OI=199620
PCRSUM== 103.17
pcrSummation== 3.05
VOLPCRSUM== 9.299999999999999
spotLTP =  76101.52  ATM_STRIKE =  76100
IS_ATM_STRIKE_SHIFT = False  mapStrike = {76100: 76100}
avgOiPcrList2 = [np.float64(5.68), np.float64(5.7), np.float64(6.07)] atmStrikeNotShiftedCount= 4
False   4   3
SUPP_RES=== 76500  Buffer= 32
ANCHOR_COMPARE: spot=76101.52 fut=76638.4 basis(fut-spot)=536.88 | SR_future=76500 SR_spot=76000 SR_diff=500 | PCRwin_future=76600 PCRwin_spot=76100
CEoich val =  1318880.0  PEoich val =  39940.0 , CE > PE by 97.0%
SUPP_RES TOTAL OI: CE= 1646240  PE= 614680 , CE > PE by 62.7%
SPOT_SUPP_RES=== 76000  Buffer= 32
SPOT CEoich val =  625340.0  PEoich val =  699480.0 , CE < PE by 10.6%
SPOT_SUPP_RES TOTAL OI: CE= 691320  PE= 1170300 , CE < PE by 40.9%
OI_SUPP_RES: spot=76101.52 ATM=76100 (ATM_CE_OI=574260 ATM_PE_OI=620040) | SUPPORT=76000PE OI=1170300 (dist=-100) | RESISTANCE=76500CE OI=1646240 (dist=400)
OI_SUPPORT=== 76000
OI_SUPPORT CEoich val = 625340.0  PEoich val = 699480.0 , CE < PE by 10.6%
OI_SUPPORT TOTAL OI: CE= 691320  PE= 1170300 , CE < PE by 40.9%
OI_RESISTANCE=== 76500
OI_RESISTANCE CEoich val = 1318880.0  PEoich val = 39940.0 , CE > PE by 97.0%
OI_RESISTANCE TOTAL OI: CE= 1646240  PE= 614680 , CE > PE by 62.7%
IS_MORNING_WINDOW= False  (active 9:15-9:48 IST)
================================================
==== signal check time ==== 2026-09-07 13:57:00.724070
IS_CHOI_DIFF_GT_25PERC== True
RSI_VAL1== 58.38
RSI_VAL2== 58.38
FUT_3m_OHLC O= 76665.0  H= 76665.0  L= 76638.4  C= 76638.4  Range= 26.7
CHART_PATTERN_DETECTED: BEARISH_ENGULFING | OUTSIDE_BAR | DOUBLE_TOP_FORMING
  PATTERN_CONTEXT: Body= -26.7  Range= 26.7  ExpectedRange= 64.0  RangeRatio= 0.42  O= 76665.0  H= 76665.0  L= 76638.4  C= 76638.4
isPcrInc = True
newSynthFut =  76600
ATMStrike =  76100
AVG_OIPCR= 0.34
avgoiPCROld=  6.07
SUPP_RES = 76500
FUT LTP = 76638.4
CEchoi  PechOi = 1318880.0    39940.0
====================================
AVG_VOLPCR= 1.03
atmPCR= 0.37  belowATM  0.35
atmVolPCR= 0.88  belowATM  1.17
True   76638.4   76500   True   False   58.38
In Bull trade, slCount =  0  (mode= LOGIC3_CHOI_15PCT )
============================================================
LOGIC3_OBSERVE: WOULD_HAVE_ENTERED BULL (no real order — LOGIC3 is observation-only)
  FUT=76638.4 SUPP_RES=76500 CEchoi=1318880.0 PEchoi=39940.0
============================================================
India VIX = 11.18  Spot Price = 76105.49
IV Regime = NORMAL (ADAPTIVE: P25= 11.03  P50= 11.29  P75= 11.38 ) | DailyRange = 1215.5 | 3minCandleRange = 64.0 (theoretical= 106.6 ) | ATMoptionMove = 28.8 | SL = 101 | Target = 101 | TrailTrigger = 29 | Spread = 300 | Buffer = 32
IV Params refreshed: {'vix': 11.18, 'bn_price': 76105.49, 'regime': 'NORMAL', 'regime_thresholds': 'P25=11.03 P50=11.29 P75=11.38', 'daily_range': 1215.5, 'candle_range': 64.0, 'atm_option_move': 28.8, 'sl_point': 101, 'target_point': 101, 'sl_pct_of_premium': 0.1, 'trail_trigger': 29, 'spread_width': 300, 'support_resistance_buffer': 32}
===
====after 3 min ochain==== 2026-09-07 14:00:00.026525
                                    oipcr   choipcr   CE_OI / PE_OI (same strike)
pcr1 =  BSE:SENSEX2691076900PE   0.21   -0.27 CALL added 197860   PUT unwind -53940  CE_OI=450020 PE_OI=95780
pcr2 =  BSE:SENSEX2691076800PE   0.21   -0.31 CALL added 321380   PUT unwind -100920  CE_OI=627380 PE_OI=134600
pcr3 =  BSE:SENSEX2691076700CE   0.19   -0.57 CALL added 379060   PUT unwind -217360  CE_OI=809560 PE_OI=150000
pcr4 =  BSE:SENSEX2691076600CE   0.24   -0.56 CALL added 373680   PUT unwind -210620  CE_OI=742380 PE_OI=179380
pcr5 =  BSE:SENSEX2691076500CE   0.38   0.04 CALL added 1323260   PUT added 47600  CE_OI=1650620 PE_OI=622340
pcr6 =  BSE:SENSEX2691076400PE   0.35    0.18 CALL added 952340   PUT added 166840  CE_OI=1002880 PE_OI=353880
pcr7 =  BSE:SENSEX2691076300CE   0.55   0.36 CALL added 1078600   PUT added 391900  CE_OI=1116180 PE_OI=613940
pcr8 =  BSE:SENSEX2691076200PE   0.93   0.5 CALL added 694840   PUT added 349700  CE_OI=726480 PE_OI=676040
pcr9 =  BSE:SENSEX2691076100PE   1.11   0.87 CALL added 556520   PUT added 486880  CE_OI=576000 PE_OI=640440
pcr10 =  BSE:SENSEX2691076000PE   1.75   1.17 CALL added 611240   PUT added 714560  CE_OI=677220 PE_OI=1185380
pcr11 =  BSE:SENSEX2691075900PE   4.22   3.5 CALL added 89100   PUT added 311720  CE_OI=96520 PE_OI=407380
pcr12 =  BSE:SENSEX2691075800PE   5.19   3.85 CALL added 64360   PUT added 247640  CE_OI=68900 PE_OI=357700
pcr13 =  BSE:SENSEX2691075700CE   8.38   6.1 CALL added 24900   PUT added 151900  CE_OI=28340 PE_OI=237620
pcr14 =  BSE:SENSEX2691075600CE   11.84   6.61 CALL added 15840   PUT added 104640  CE_OI=19680 PE_OI=233060
pcr15 =  BSE:SENSEX2691075500CE   9.2   5.14 CALL added 35760   PUT added 183940  CE_OI=61380 PE_OI=564680
pcr16 =  BSE:SENSEX2691075400CE   26.81   15.74 CALL added 6100   PUT added 96040  CE_OI=8440 PE_OI=226280
pcr17 =  BSE:SENSEX2691075300PE   31.16   8.5 CALL added 3520   PUT added 29920  CE_OI=6420 PE_OI=200060
PCRSUM== 102.72
pcrSummation== 3.06
VOLPCRSUM== 9.27
spotLTP =  76106.26  ATM_STRIKE =  76100
IS_ATM_STRIKE_SHIFT = False  mapStrike = {76100: 76100}
avgOiPcrList2 = [np.float64(5.7), np.float64(6.07), np.float64(6.04)] atmStrikeNotShiftedCount= 5
False   5   3
SUPP_RES=== 76500  Buffer= 32
ANCHOR_COMPARE: spot=76106.26 fut=76645.0 basis(fut-spot)=538.74 | SR_future=76500 SR_spot=76000 SR_diff=500 | PCRwin_future=76600 PCRwin_spot=76100
CEoich val =  1323260.0  PEoich val =  47600.0 , CE > PE by 96.4%
SUPP_RES TOTAL OI: CE= 1650620  PE= 622340 , CE > PE by 62.3%
SPOT_SUPP_RES=== 76000  Buffer= 32
SPOT CEoich val =  611240.0  PEoich val =  714560.0 , CE < PE by 14.5%
SPOT_SUPP_RES TOTAL OI: CE= 677220  PE= 1185380 , CE < PE by 42.9%
OI_SUPP_RES: spot=76106.26 ATM=76100 (ATM_CE_OI=576000 ATM_PE_OI=640440) | SUPPORT=76000PE OI=1185380 (dist=-100) | RESISTANCE=76500CE OI=1650620 (dist=400)
OI_SUPPORT=== 76000
OI_SUPPORT CEoich val = 611240.0  PEoich val = 714560.0 , CE < PE by 14.5%
OI_SUPPORT TOTAL OI: CE= 677220  PE= 1185380 , CE < PE by 42.9%
OI_RESISTANCE=== 76500
OI_RESISTANCE CEoich val = 1323260.0  PEoich val = 47600.0 , CE > PE by 96.4%
OI_RESISTANCE TOTAL OI: CE= 1650620  PE= 622340 , CE > PE by 62.3%
IS_MORNING_WINDOW= False  (active 9:15-9:48 IST)
================================================
==== signal check time ==== 2026-09-07 14:00:00.827117
IS_CHOI_DIFF_GT_25PERC== True
RSI_VAL1== 66.4
RSI_VAL2== 60.25
FUT_3m_OHLC O= 76638.4  H= 76645.0  L= 76638.4  C= 76645.0  Range= 6.6
CHART_PATTERN_DETECTED: INSIDE_BAR | DOUBLE_TOP_FORMING
  PATTERN_CONTEXT: Body= 6.6  Range= 6.6  ExpectedRange= 64.0  RangeRatio= 0.1  O= 76638.4  H= 76645.0  L= 76638.4  C= 76645.0
recent two = [np.float64(6.07), np.float64(6.04)]
newSynthFut =  76600
ATMStrike =  76100
AVG_OIPCR= 0.34
avgoiPCROld=  6.04
SUPP_RES = 76500
FUT LTP = 76645.0
CEchoi  PechOi = 1323260.0    47600.0
====================================
AVG_VOLPCR= 1.03
atmPCR= 0.38  belowATM  0.35
atmVolPCR= 0.88  belowATM  1.17
True   76645.0   76500   False   False   60.25
India VIX = 11.1  Spot Price = 76123.16
IV Regime = NORMAL (ADAPTIVE: P25= 11.03  P50= 11.29  P75= 11.38 ) | DailyRange = 1207.1 | 3minCandleRange = 63.5 (theoretical= 105.9 ) | ATMoptionMove = 28.6 | SL = 100 | Target = 100 | TrailTrigger = 29 | Spread = 300 | Buffer = 32
IV Params refreshed: {'vix': 11.1, 'bn_price': 76123.16, 'regime': 'NORMAL', 'regime_thresholds': 'P25=11.03 P50=11.29 P75=11.38', 'daily_range': 1207.1, 'candle_range': 63.5, 'atm_option_move': 28.6, 'sl_point': 100, 'target_point': 100, 'sl_pct_of_premium': 0.1, 'trail_trigger': 29, 'spread_width': 300, 'support_resistance_buffer': 32}
===
====after 3 min ochain==== 2026-09-07 14:03:00.026561
                                    oipcr   choipcr   CE_OI / PE_OI (same strike)
pcr1 =  BSE:SENSEX2691076900PE   0.21   -0.27 CALL added 197500   PUT unwind -53980  CE_OI=449660 PE_OI=95740
pcr2 =  BSE:SENSEX2691076800PE   0.21   -0.31 CALL added 325980   PUT unwind -100880  CE_OI=631980 PE_OI=134640
pcr3 =  BSE:SENSEX2691076700CE   0.19   -0.58 CALL added 375020   PUT unwind -216300  CE_OI=805520 PE_OI=151060
pcr4 =  BSE:SENSEX2691076600CE   0.25   -0.57 CALL added 369240   PUT unwind -209140  CE_OI=737940 PE_OI=180860
pcr5 =  BSE:SENSEX2691076500CE   0.38   0.04 CALL added 1312580   PUT added 48960  CE_OI=1639940 PE_OI=623700
pcr6 =  BSE:SENSEX2691076400PE   0.35    0.17 CALL added 949680   PUT added 164000  CE_OI=1000220 PE_OI=351040
pcr7 =  BSE:SENSEX2691076300CE   0.56   0.38 CALL added 1063420   PUT added 399280  CE_OI=1101000 PE_OI=621320
pcr8 =  BSE:SENSEX2691076200PE   0.92   0.49 CALL added 693800   PUT added 343360  CE_OI=725440 PE_OI=669700
pcr9 =  BSE:SENSEX2691076100PE   1.14   0.9 CALL added 541800   PUT added 487280  CE_OI=561280 PE_OI=640840
pcr10 =  BSE:SENSEX2691076000PE   1.83   1.24 CALL added 583660   PUT added 721060  CE_OI=649640 PE_OI=1191880
pcr11 =  BSE:SENSEX2691075900PE   4.32   3.58 CALL added 86800   PUT added 310920  CE_OI=94220 PE_OI=406580
pcr12 =  BSE:SENSEX2691075800PE   5.1   3.79 CALL added 66000   PUT added 249820  CE_OI=70540 PE_OI=359880
pcr13 =  BSE:SENSEX2691075700CE   8.88   6.52 CALL added 23320   PUT added 151980  CE_OI=26760 PE_OI=237700
pcr14 =  BSE:SENSEX2691075600CE   12.13   6.88 CALL added 15580   PUT added 107120  CE_OI=19420 PE_OI=235540
pcr15 =  BSE:SENSEX2691075500CE   9.43   5.54 CALL added 35820   PUT added 198380  CE_OI=61440 PE_OI=579120
pcr16 =  BSE:SENSEX2691075400CE   26.77   15.73 CALL added 6120   PUT added 96260  CE_OI=8460 PE_OI=226500
pcr17 =  BSE:SENSEX2691075300PE   31.98   10.0 CALL added 3520   PUT added 35200  CE_OI=6420 PE_OI=205340
PCRSUM== 104.65
pcrSummation== 2.15
VOLPCRSUM== 9.190000000000001
spotLTP =  76123.75  ATM_STRIKE =  76100
IS_ATM_STRIKE_SHIFT = False  mapStrike = {76100: 76100}
avgOiPcrList2 = [np.float64(6.07), np.float64(6.04), np.float64(6.16)] atmStrikeNotShiftedCount= 6
False   6   3
SUPP_RES=== 76500  Buffer= 32
ANCHOR_COMPARE: spot=76123.75 fut=76654.25 basis(fut-spot)=530.5 | SR_future=76500 SR_spot=76000 SR_diff=500 | PCRwin_future=76700 PCRwin_spot=76100
CEoich val =  1312580.0  PEoich val =  48960.0 , CE > PE by 96.3%
SUPP_RES TOTAL OI: CE= 1639940  PE= 623700 , CE > PE by 62.0%
SPOT_SUPP_RES=== 76000  Buffer= 32
SPOT CEoich val =  583660.0  PEoich val =  721060.0 , CE < PE by 19.1%
SPOT_SUPP_RES TOTAL OI: CE= 649640  PE= 1191880 , CE < PE by 45.5%
OI_SUPP_RES: spot=76123.75 ATM=76100 (ATM_CE_OI=561280 ATM_PE_OI=640840) | SUPPORT=76000PE OI=1191880 (dist=-100) | RESISTANCE=76500CE OI=1639940 (dist=400)
OI_SUPPORT=== 76000
OI_SUPPORT CEoich val = 583660.0  PEoich val = 721060.0 , CE < PE by 19.1%
OI_SUPPORT TOTAL OI: CE= 649640  PE= 1191880 , CE < PE by 45.5%
OI_RESISTANCE=== 76500
OI_RESISTANCE CEoich val = 1312580.0  PEoich val = 48960.0 , CE > PE by 96.3%
OI_RESISTANCE TOTAL OI: CE= 1639940  PE= 623700 , CE > PE by 62.0%
IS_MORNING_WINDOW= False  (active 9:15-9:48 IST)
================================================
==== signal check time ==== 2026-09-07 14:03:01.229838
IS_CHOI_DIFF_GT_25PERC== True
RSI_VAL1== 62.77
RSI_VAL2== 62.77
FUT_3m_OHLC O= 76670.0  H= 76680.9  L= 76653.2  C= 76654.2  Range= 27.8
CHART_PATTERN_DETECTED: DOUBLE_TOP_FORMING | DOUBLE_BOTTOM_FORMING
  PATTERN_CONTEXT: Body= -15.8  Range= 27.8  ExpectedRange= 63.5  RangeRatio= 0.44  O= 76670.0  H= 76680.9  L= 76653.2  C= 76654.2
recent two = [np.float64(6.04), np.float64(6.16)]
newSynthFut =  76700
ATMStrike =  76100
AVG_OIPCR= 0.24
avgoiPCROld=  6.16
SUPP_RES = 76500
FUT LTP = 76654.25
CEchoi  PechOi = 1312580.0    48960.0
====================================
AVG_VOLPCR= 1.02
atmPCR= 0.38  belowATM  0.35
atmVolPCR= 0.87  belowATM  1.16
True   76654.25   76500   False   False   62.77
India VIX = 11.12  Spot Price = 76110.61
IV Regime = NORMAL (ADAPTIVE: P25= 11.03  P50= 11.29  P75= 11.38 ) | DailyRange = 1209.1 | 3minCandleRange = 63.6 (theoretical= 106.0 ) | ATMoptionMove = 28.6 | SL = 100 | Target = 100 | TrailTrigger = 29 | Spread = 300 | Buffer = 32
IV Params refreshed: {'vix': 11.12, 'bn_price': 76110.61, 'regime': 'NORMAL', 'regime_thresholds': 'P25=11.03 P50=11.29 P75=11.38', 'daily_range': 1209.1, 'candle_range': 63.6, 'atm_option_move': 28.6, 'sl_point': 100, 'target_point': 100, 'sl_pct_of_premium': 0.1, 'trail_trigger': 29, 'spread_width': 300, 'support_resistance_buffer': 32}
===
====after 3 min ochain==== 2026-09-07 14:06:00.030699
                                    oipcr   choipcr   CE_OI / PE_OI (same strike)
pcr1 =  BSE:SENSEX2691076900PE   0.21   -0.27 CALL added 203320   PUT unwind -53980  CE_OI=455480 PE_OI=95740
pcr2 =  BSE:SENSEX2691076800PE   0.21   -0.31 CALL added 326200   PUT unwind -100480  CE_OI=632200 PE_OI=135040
pcr3 =  BSE:SENSEX2691076700CE   0.19   -0.57 CALL added 377900   PUT unwind -217120  CE_OI=808400 PE_OI=150240
pcr4 =  BSE:SENSEX2691076600CE   0.24   -0.56 CALL added 373720   PUT unwind -209940  CE_OI=742420 PE_OI=180060
pcr5 =  BSE:SENSEX2691076500CE   0.39   0.04 CALL added 1284100   PUT added 45920  CE_OI=1611460 PE_OI=620660
pcr6 =  BSE:SENSEX2691076400PE   0.35    0.17 CALL added 961820   PUT added 167600  CE_OI=1012360 PE_OI=354640
pcr7 =  BSE:SENSEX2691076300CE   0.58   0.39 CALL added 1041700   PUT added 406140  CE_OI=1079280 PE_OI=628180
pcr8 =  BSE:SENSEX2691076200PE   0.93   0.5 CALL added 691200   PUT added 344920  CE_OI=722840 PE_OI=671260
pcr9 =  BSE:SENSEX2691076100PE   1.13   0.89 CALL added 543780   PUT added 483840  CE_OI=563260 PE_OI=637400
pcr10 =  BSE:SENSEX2691076000PE   1.89   1.27 CALL added 559180   PUT added 711880  CE_OI=625160 PE_OI=1182700
pcr11 =  BSE:SENSEX2691075900PE   4.39   3.65 CALL added 85660   PUT added 312660  CE_OI=93080 PE_OI=408320
pcr12 =  BSE:SENSEX2691075800PE   5.44   4.12 CALL added 64480   PUT added 265680  CE_OI=69020 PE_OI=375740
pcr13 =  BSE:SENSEX2691075700CE   9.44   7.07 CALL added 22500   PUT added 159060  CE_OI=25940 PE_OI=244780
pcr14 =  BSE:SENSEX2691075600CE   12.97   7.56 CALL added 14520   PUT added 109780  CE_OI=18360 PE_OI=238200
pcr15 =  BSE:SENSEX2691075500CE   9.61   5.7 CALL added 34460   PUT added 196540  CE_OI=60080 PE_OI=577280
pcr16 =  BSE:SENSEX2691075400CE   27.59   16.34 CALL added 5840   PUT added 95440  CE_OI=8180 PE_OI=225680
pcr17 =  BSE:SENSEX2691075300PE   32.35   11.15 CALL added 3600   PUT added 40140  CE_OI=6500 PE_OI=210280
PCRSUM== 107.91
pcrSummation== 2.17
VOLPCRSUM== 9.12
spotLTP =  76110.61  ATM_STRIKE =  76100
IS_ATM_STRIKE_SHIFT = False  mapStrike = {76100: 76100}
avgOiPcrList2 = [np.float64(6.04), np.float64(6.16), np.float64(6.35)] atmStrikeNotShiftedCount= 7
False   7   3
SUPP_RES=== 76500  Buffer= 32
ANCHOR_COMPARE: spot=76110.61 fut=76654.25 basis(fut-spot)=543.64 | SR_future=76500 SR_spot=76000 SR_diff=500 | PCRwin_future=76700 PCRwin_spot=76100
CEoich val =  1284100.0  PEoich val =  45920.0 , CE > PE by 96.4%
SUPP_RES TOTAL OI: CE= 1611460  PE= 620660 , CE > PE by 61.5%
SPOT_SUPP_RES=== 76000  Buffer= 32
SPOT CEoich val =  559180.0  PEoich val =  711880.0 , CE < PE by 21.5%
SPOT_SUPP_RES TOTAL OI: CE= 625160  PE= 1182700 , CE < PE by 47.1%
OI_SUPP_RES: spot=76110.61 ATM=76100 (ATM_CE_OI=563260 ATM_PE_OI=637400) | SUPPORT=76000PE OI=1182700 (dist=-100) | RESISTANCE=76500CE OI=1611460 (dist=400)
OI_SUPPORT=== 76000
OI_SUPPORT CEoich val = 559180.0  PEoich val = 711880.0 , CE < PE by 21.5%
OI_SUPPORT TOTAL OI: CE= 625160  PE= 1182700 , CE < PE by 47.1%
OI_RESISTANCE=== 76500
OI_RESISTANCE CEoich val = 1284100.0  PEoich val = 45920.0 , CE > PE by 96.4%
OI_RESISTANCE TOTAL OI: CE= 1611460  PE= 620660 , CE > PE by 61.5%
IS_MORNING_WINDOW= False  (active 9:15-9:48 IST)
================================================
==== signal check time ==== 2026-09-07 14:06:00.718908
IS_CHOI_DIFF_GT_25PERC== True
RSI_VAL1== 62.77
RSI_VAL2== 62.77
FUT_3m_OHLC O= 76654.2  H= 76654.2  L= 76654.2  C= 76654.2  Range= 0.0
CHART_PATTERN_DETECTED: INSIDE_BAR | DOUBLE_TOP_FORMING | DOUBLE_BOTTOM_FORMING
  PATTERN_CONTEXT: Body= 0.0  Range= 0.0  ExpectedRange= 63.6  RangeRatio= 0.0  O= 76654.2  H= 76654.2  L= 76654.2  C= 76654.2
isPcrInc = True
newSynthFut =  76700
ATMStrike =  76100
AVG_OIPCR= 0.24
avgoiPCROld=  6.35
SUPP_RES = 76500
FUT LTP = 76654.25
CEchoi  PechOi = 1284100.0    45920.0
====================================
AVG_VOLPCR= 1.01
atmPCR= 0.39  belowATM  0.35
atmVolPCR= 0.87  belowATM  1.15
True   76654.25   76500   True   False   62.77
In Bull trade, slCount =  0  (mode= LOGIC3_CHOI_15PCT )
============================================================
LOGIC3_OBSERVE: WOULD_HAVE_ENTERED BULL (no real order — LOGIC3 is observation-only)
  FUT=76654.25 SUPP_RES=76500 CEchoi=1284100.0 PEchoi=45920.0
============================================================
India VIX = 11.13  Spot Price = 76070.05
IV Regime = NORMAL (ADAPTIVE: P25= 11.03  P50= 11.29  P75= 11.38 ) | DailyRange = 1209.5 | 3minCandleRange = 63.6 (theoretical= 106.1 ) | ATMoptionMove = 28.6 | SL = 100 | Target = 100 | TrailTrigger = 29 | Spread = 300 | Buffer = 32
IV Params refreshed: {'vix': 11.13, 'bn_price': 76070.05, 'regime': 'NORMAL', 'regime_thresholds': 'P25=11.03 P50=11.29 P75=11.38', 'daily_range': 1209.5, 'candle_range': 63.6, 'atm_option_move': 28.6, 'sl_point': 100, 'target_point': 100, 'sl_pct_of_premium': 0.1, 'trail_trigger': 29, 'spread_width': 300, 'support_resistance_buffer': 32}
===
====after 3 min ochain==== 2026-09-07 14:09:00.027107
                                    oipcr   choipcr   CE_OI / PE_OI (same strike)
pcr1 =  BSE:SENSEX2691076900PE   0.21   -0.27 CALL added 200940   PUT unwind -54300  CE_OI=453100 PE_OI=95420
pcr2 =  BSE:SENSEX2691076800PE   0.22   -0.3 CALL added 327000   PUT unwind -98860  CE_OI=633000 PE_OI=136660
pcr3 =  BSE:SENSEX2691076700CE   0.19   -0.59 CALL added 370360   PUT unwind -217240  CE_OI=800860 PE_OI=150120
pcr4 =  BSE:SENSEX2691076600CE   0.24   -0.56 CALL added 374060   PUT unwind -209120  CE_OI=742760 PE_OI=180880
pcr5 =  BSE:SENSEX2691076500CE   0.38   0.03 CALL added 1279800   PUT added 43600  CE_OI=1607160 PE_OI=618340
pcr6 =  BSE:SENSEX2691076400PE   0.35    0.17 CALL added 950640   PUT added 164000  CE_OI=1001180 PE_OI=351040
pcr7 =  BSE:SENSEX2691076300CE   0.59   0.4 CALL added 1037300   PUT added 410880  CE_OI=1074880 PE_OI=632920
pcr8 =  BSE:SENSEX2691076200PE   0.95   0.51 CALL added 683540   PUT added 350780  CE_OI=715180 PE_OI=677120
pcr9 =  BSE:SENSEX2691076100PE   1.2   0.95 CALL added 523520   PUT added 495400  CE_OI=543000 PE_OI=648960
pcr10 =  BSE:SENSEX2691076000PE   1.99   1.37 CALL added 546800   PUT added 750480  CE_OI=612780 PE_OI=1221300
pcr11 =  BSE:SENSEX2691075900PE   4.44   3.71 CALL added 86260   PUT added 320160  CE_OI=93680 PE_OI=415820
pcr12 =  BSE:SENSEX2691075800PE   5.19   3.88 CALL added 65920   PUT added 255520  CE_OI=70460 PE_OI=365580
pcr13 =  BSE:SENSEX2691075700CE   8.85   6.37 CALL added 22240   PUT added 141560  CE_OI=25680 PE_OI=227280
pcr14 =  BSE:SENSEX2691075600CE   12.86   7.45 CALL added 14600   PUT added 108780  CE_OI=18440 PE_OI=237200
pcr15 =  BSE:SENSEX2691075500CE   9.68   5.8 CALL added 34200   PUT added 198400  CE_OI=59820 PE_OI=579140
pcr16 =  BSE:SENSEX2691075400CE   27.51   16.34 CALL added 5900   PUT added 96420  CE_OI=8240 PE_OI=226660
pcr17 =  BSE:SENSEX2691075300PE   31.98   10.6 CALL added 3620   PUT added 38380  CE_OI=6520 PE_OI=208520
PCRSUM== 106.83
pcrSummation== 3.13
VOLPCRSUM== 9.06
spotLTP =  76070.05  ATM_STRIKE =  76100
IS_ATM_STRIKE_SHIFT = False  mapStrike = {76100: 76100}
avgOiPcrList2 = [np.float64(6.16), np.float64(6.35), np.float64(6.28)] atmStrikeNotShiftedCount= 8
False   8   3
SUPP_RES=== 76500  Buffer= 32
ANCHOR_COMPARE: spot=76070.05 fut=76640.0 basis(fut-spot)=569.95 | SR_future=76500 SR_spot=76000 SR_diff=500 | PCRwin_future=76600 PCRwin_spot=76100
CEoich val =  1279800.0  PEoich val =  43600.0 , CE > PE by 96.6%
SUPP_RES TOTAL OI: CE= 1607160  PE= 618340 , CE > PE by 61.5%
SPOT_SUPP_RES=== 76000  Buffer= 32
SPOT CEoich val =  546800.0  PEoich val =  750480.0 , CE < PE by 27.1%
SPOT_SUPP_RES TOTAL OI: CE= 612780  PE= 1221300 , CE < PE by 49.8%
OI_SUPP_RES: spot=76070.05 ATM=76100 (ATM_CE_OI=543000 ATM_PE_OI=648960) | SUPPORT=76000PE OI=1221300 (dist=-100) | RESISTANCE=76500CE OI=1607160 (dist=400)
OI_SUPPORT=== 76000
OI_SUPPORT CEoich val = 546800.0  PEoich val = 750480.0 , CE < PE by 27.1%
OI_SUPPORT TOTAL OI: CE= 612780  PE= 1221300 , CE < PE by 49.8%
OI_RESISTANCE=== 76500
OI_RESISTANCE CEoich val = 1279800.0  PEoich val = 43600.0 , CE > PE by 96.6%
OI_RESISTANCE TOTAL OI: CE= 1607160  PE= 618340 , CE > PE by 61.5%
IS_MORNING_WINDOW= False  (active 9:15-9:48 IST)
================================================
==== signal check time ==== 2026-09-07 14:09:00.699094
IS_CHOI_DIFF_GT_25PERC== True
RSI_VAL1== 56.38
RSI_VAL2== 56.38
FUT_3m_OHLC O= 76654.2  H= 76654.2  L= 76640.0  C= 76640.0  Range= 14.2
CHART_PATTERN_DETECTED: DOUBLE_BOTTOM_FORMING
  PATTERN_CONTEXT: Body= -14.2  Range= 14.2  ExpectedRange= 63.6  RangeRatio= 0.22  O= 76654.2  H= 76654.2  L= 76640.0  C= 76640.0
recent two = [np.float64(6.35), np.float64(6.28)]
newSynthFut =  76600
ATMStrike =  76100
AVG_OIPCR= 0.35
avgoiPCROld=  6.28
SUPP_RES = 76500
FUT LTP = 76640.0
CEchoi  PechOi = 1279800.0    43600.0
====================================
AVG_VOLPCR= 1.01
atmPCR= 0.38  belowATM  0.35
atmVolPCR= 0.86  belowATM  1.14
True   76640.0   76500   False   False   56.38
India VIX = 11.1  Spot Price = 76083.08
IV Regime = NORMAL (ADAPTIVE: P25= 11.03  P50= 11.29  P75= 11.38 ) | DailyRange = 1206.5 | 3minCandleRange = 63.5 (theoretical= 105.8 ) | ATMoptionMove = 28.6 | SL = 100 | Target = 100 | TrailTrigger = 29 | Spread = 300 | Buffer = 32
IV Params refreshed: {'vix': 11.1, 'bn_price': 76083.08, 'regime': 'NORMAL', 'regime_thresholds': 'P25=11.03 P50=11.29 P75=11.38', 'daily_range': 1206.5, 'candle_range': 63.5, 'atm_option_move': 28.6, 'sl_point': 100, 'target_point': 100, 'sl_pct_of_premium': 0.1, 'trail_trigger': 29, 'spread_width': 300, 'support_resistance_buffer': 32}
===
====after 3 min ochain==== 2026-09-07 14:12:00.026401
                                    oipcr   choipcr   CE_OI / PE_OI (same strike)
pcr1 =  BSE:SENSEX2691076900PE   0.21   -0.27 CALL added 199480   PUT unwind -54760  CE_OI=451640 PE_OI=94960
pcr2 =  BSE:SENSEX2691076800PE   0.21   -0.31 CALL added 322360   PUT unwind -100700  CE_OI=628360 PE_OI=134820
pcr3 =  BSE:SENSEX2691076700CE   0.19   -0.59 CALL added 365360   PUT unwind -216760  CE_OI=795860 PE_OI=150600
pcr4 =  BSE:SENSEX2691076600CE   0.24   -0.56 CALL added 374180   PUT unwind -208840  CE_OI=742880 PE_OI=181160
pcr5 =  BSE:SENSEX2691076500CE   0.39   0.03 CALL added 1274380   PUT added 42060  CE_OI=1601740 PE_OI=616800
pcr6 =  BSE:SENSEX2691076400PE   0.35    0.17 CALL added 944800   PUT added 164140  CE_OI=995340 PE_OI=351180
pcr7 =  BSE:SENSEX2691076300CE   0.58   0.38 CALL added 1029620   PUT added 392280  CE_OI=1067200 PE_OI=614320
pcr8 =  BSE:SENSEX2691076200PE   0.99   0.56 CALL added 688000   PUT added 385480  CE_OI=719640 PE_OI=711820
pcr9 =  BSE:SENSEX2691076100PE   1.27   1.02 CALL added 509600   PUT added 519260  CE_OI=529080 PE_OI=672820
pcr10 =  BSE:SENSEX2691076000PE   2.02   1.4 CALL added 548000   PUT added 768760  CE_OI=613980 PE_OI=1239580
pcr11 =  BSE:SENSEX2691075900PE   4.65   3.93 CALL added 84980   PUT added 334200  CE_OI=92400 PE_OI=429860
pcr12 =  BSE:SENSEX2691075800PE   5.21   3.93 CALL added 67740   PUT added 266220  CE_OI=72280 PE_OI=376280
pcr13 =  BSE:SENSEX2691075700CE   8.81   6.33 CALL added 22380   PUT added 141660  CE_OI=25820 PE_OI=227380
pcr14 =  BSE:SENSEX2691075600CE   13.53   8.27 CALL added 14520   PUT added 120060  CE_OI=18360 PE_OI=248480
pcr15 =  BSE:SENSEX2691075500CE   9.89   6.22 CALL added 34620   PUT added 215260  CE_OI=60240 PE_OI=596000
pcr16 =  BSE:SENSEX2691075400CE   27.47   16.29 CALL added 5900   PUT added 96100  CE_OI=8240 PE_OI=226340
pcr17 =  BSE:SENSEX2691075300PE   31.51   9.64 CALL added 3600   PUT added 34700  CE_OI=6500 PE_OI=204840
PCRSUM== 107.52
pcrSummation== 2.17
VOLPCRSUM== 9.040000000000001
spotLTP =  76083.08  ATM_STRIKE =  76100
IS_ATM_STRIKE_SHIFT = False  mapStrike = {76100: 76100}
avgOiPcrList2 = [np.float64(6.35), np.float64(6.28), np.float64(6.32)] atmStrikeNotShiftedCount= 9
False   9   3
SUPP_RES=== 76500  Buffer= 32
ANCHOR_COMPARE: spot=76083.08 fut=76660.25 basis(fut-spot)=577.17 | SR_future=76500 SR_spot=76000 SR_diff=500 | PCRwin_future=76700 PCRwin_spot=76100
CEoich val =  1274380.0  PEoich val =  42060.0 , CE > PE by 96.7%
SUPP_RES TOTAL OI: CE= 1601740  PE= 616800 , CE > PE by 61.5%
SPOT_SUPP_RES=== 76000  Buffer= 32
SPOT CEoich val =  548000.0  PEoich val =  768760.0 , CE < PE by 28.7%
SPOT_SUPP_RES TOTAL OI: CE= 613980  PE= 1239580 , CE < PE by 50.5%
OI_SUPP_RES: spot=76083.08 ATM=76100 (ATM_CE_OI=529080 ATM_PE_OI=672820) | SUPPORT=76000PE OI=1239580 (dist=-100) | RESISTANCE=76500CE OI=1601740 (dist=400)
OI_SUPPORT=== 76000
OI_SUPPORT CEoich val = 548000.0  PEoich val = 768760.0 , CE < PE by 28.7%
OI_SUPPORT TOTAL OI: CE= 613980  PE= 1239580 , CE < PE by 50.5%
OI_RESISTANCE=== 76500
OI_RESISTANCE CEoich val = 1274380.0  PEoich val = 42060.0 , CE > PE by 96.7%
OI_RESISTANCE TOTAL OI: CE= 1601740  PE= 616800 , CE > PE by 61.5%
IS_MORNING_WINDOW= False  (active 9:15-9:48 IST)
================================================
==== signal check time ==== 2026-09-07 14:12:00.738254
IS_CHOI_DIFF_GT_25PERC== True
RSI_VAL1== 62.26
RSI_VAL2== 62.26
FUT_3m_OHLC O= 76660.2  H= 76660.2  L= 76660.2  C= 76660.2  Range= 0.0
CHART_PATTERN_DETECTED: DOUBLE_BOTTOM_FORMING
  PATTERN_CONTEXT: Body= 0.0  Range= 0.0  ExpectedRange= 63.5  RangeRatio= 0.0  O= 76660.2  H= 76660.2  L= 76660.2  C= 76660.2
recent two = [np.float64(6.28), np.float64(6.32)]
newSynthFut =  76700
ATMStrike =  76100
AVG_OIPCR= 0.24
avgoiPCROld=  6.32
SUPP_RES = 76500
FUT LTP = 76660.25
CEchoi  PechOi = 1274380.0    42060.0
====================================
AVG_VOLPCR= 1.0
atmPCR= 0.39  belowATM  0.35
atmVolPCR= 0.86  belowATM  1.14
True   76660.25   76500   False   False   62.26
India VIX = 11.09  Spot Price = 76087.17
IV Regime = NORMAL (ADAPTIVE: P25= 11.03  P50= 11.29  P75= 11.38 ) | DailyRange = 1205.4 | 3minCandleRange = 63.4 (theoretical= 105.7 ) | ATMoptionMove = 28.5 | SL = 100 | Target = 100 | TrailTrigger = 29 | Spread = 300 | Buffer = 32
IV Params refreshed: {'vix': 11.09, 'bn_price': 76087.17, 'regime': 'NORMAL', 'regime_thresholds': 'P25=11.03 P50=11.29 P75=11.38', 'daily_range': 1205.4, 'candle_range': 63.4, 'atm_option_move': 28.5, 'sl_point': 100, 'target_point': 100, 'sl_pct_of_premium': 0.1, 'trail_trigger': 29, 'spread_width': 300, 'support_resistance_buffer': 32}
===
====after 3 min ochain==== 2026-09-07 14:15:00.026648
                                    oipcr   choipcr   CE_OI / PE_OI (same strike)
pcr1 =  BSE:SENSEX2691076900PE   0.21   -0.27 CALL added 202540   PUT unwind -54700  CE_OI=454700 PE_OI=95020
pcr2 =  BSE:SENSEX2691076800PE   0.22   -0.31 CALL added 320580   PUT unwind -100540  CE_OI=626580 PE_OI=134980
pcr3 =  BSE:SENSEX2691076700CE   0.19   -0.6 CALL added 361020   PUT unwind -216900  CE_OI=791520 PE_OI=150460
pcr4 =  BSE:SENSEX2691076600CE   0.24   -0.56 CALL added 374600   PUT unwind -208080  CE_OI=743300 PE_OI=181920
pcr5 =  BSE:SENSEX2691076500CE   0.39   0.04 CALL added 1272980   PUT added 47860  CE_OI=1600340 PE_OI=622600
pcr6 =  BSE:SENSEX2691076400PE   0.35    0.17 CALL added 955200   PUT added 164520  CE_OI=1005740 PE_OI=351560
pcr7 =  BSE:SENSEX2691076300CE   0.58   0.38 CALL added 1031220   PUT added 394540  CE_OI=1068800 PE_OI=616580
pcr8 =  BSE:SENSEX2691076200PE   0.98   0.55 CALL added 688800   PUT added 378640  CE_OI=720440 PE_OI=704980
pcr9 =  BSE:SENSEX2691076100PE   1.28   1.03 CALL added 516760   PUT added 530980  CE_OI=536240 PE_OI=684540
pcr10 =  BSE:SENSEX2691076000PE   2.04   1.43 CALL added 551600   PUT added 786420  CE_OI=617580 PE_OI=1257240
pcr11 =  BSE:SENSEX2691075900PE   4.64   3.92 CALL added 85200   PUT added 334300  CE_OI=92620 PE_OI=429960
pcr12 =  BSE:SENSEX2691075800PE   5.17   3.92 CALL added 69380   PUT added 271920  CE_OI=73920 PE_OI=381980
pcr13 =  BSE:SENSEX2691075700CE   8.28   5.92 CALL added 24260   PUT added 143660  CE_OI=27700 PE_OI=229380
pcr14 =  BSE:SENSEX2691075600CE   13.33   8.05 CALL added 14600   PUT added 117460  CE_OI=18440 PE_OI=245880
pcr15 =  BSE:SENSEX2691075500CE   9.72   5.99 CALL added 35240   PUT added 211120  CE_OI=60860 PE_OI=591860
pcr16 =  BSE:SENSEX2691075400CE   27.07   15.77 CALL added 5920   PUT added 93380  CE_OI=8260 PE_OI=223620
pcr17 =  BSE:SENSEX2691075300PE   31.68   9.94 CALL added 3600   PUT added 35800  CE_OI=6500 PE_OI=205940
PCRSUM== 106.37
pcrSummation== 2.18
VOLPCRSUM== 9.02
spotLTP =  76087.17  ATM_STRIKE =  76100
IS_ATM_STRIKE_SHIFT = False  mapStrike = {76100: 76100}
avgOiPcrList2 = [np.float64(6.28), np.float64(6.32), np.float64(6.26)] atmStrikeNotShiftedCount= 10
False   10   3
SUPP_RES=== 76500  Buffer= 32
ANCHOR_COMPARE: spot=76087.17 fut=76660.25 basis(fut-spot)=573.08 | SR_future=76500 SR_spot=76000 SR_diff=500 | PCRwin_future=76700 PCRwin_spot=76100
CEoich val =  1272980.0  PEoich val =  47860.0 , CE > PE by 96.2%
SUPP_RES TOTAL OI: CE= 1600340  PE= 622600 , CE > PE by 61.1%
SPOT_SUPP_RES=== 76000  Buffer= 32
SPOT CEoich val =  551600.0  PEoich val =  786420.0 , CE < PE by 29.9%
SPOT_SUPP_RES TOTAL OI: CE= 617580  PE= 1257240 , CE < PE by 50.9%
OI_SUPP_RES: spot=76087.17 ATM=76100 (ATM_CE_OI=536240 ATM_PE_OI=684540) | SUPPORT=76000PE OI=1257240 (dist=-100) | RESISTANCE=76500CE OI=1600340 (dist=400)
OI_SUPPORT=== 76000
OI_SUPPORT CEoich val = 551600.0  PEoich val = 786420.0 , CE < PE by 29.9%
OI_SUPPORT TOTAL OI: CE= 617580  PE= 1257240 , CE < PE by 50.9%
OI_RESISTANCE=== 76500
OI_RESISTANCE CEoich val = 1272980.0  PEoich val = 47860.0 , CE > PE by 96.2%
OI_RESISTANCE TOTAL OI: CE= 1600340  PE= 622600 , CE > PE by 61.1%
IS_MORNING_WINDOW= False  (active 9:15-9:48 IST)
================================================
==== signal check time ==== 2026-09-07 14:15:00.818910
IS_CHOI_DIFF_GT_25PERC== True
RSI_VAL1== 62.26
RSI_VAL2== 62.26
FUT_3m_OHLC O= 76660.2  H= 76660.2  L= 76660.2  C= 76660.2  Range= 0.0
CHART_PATTERN_DETECTED: INSIDE_BAR | DOUBLE_TOP_FORMING
  PATTERN_CONTEXT: Body= 0.0  Range= 0.0  ExpectedRange= 63.4  RangeRatio= 0.0  O= 76660.2  H= 76660.2  L= 76660.2  C= 76660.2
recent two = [np.float64(6.32), np.float64(6.26)]
newSynthFut =  76700
ATMStrike =  76100
AVG_OIPCR= 0.24
avgoiPCROld=  6.26
SUPP_RES = 76500
FUT LTP = 76660.25
CEchoi  PechOi = 1272980.0    47860.0
====================================
AVG_VOLPCR= 1.0
atmPCR= 0.39  belowATM  0.35
atmVolPCR= 0.86  belowATM  1.14
True   76660.25   76500   False   False   62.26
India VIX = 11.12  Spot Price = 76076.96
IV Regime = NORMAL (ADAPTIVE: P25= 11.03  P50= 11.29  P75= 11.38 ) | DailyRange = 1208.5 | 3minCandleRange = 63.6 (theoretical= 106.0 ) | ATMoptionMove = 28.6 | SL = 100 | Target = 100 | TrailTrigger = 29 | Spread = 300 | Buffer = 32
IV Params refreshed: {'vix': 11.12, 'bn_price': 76076.96, 'regime': 'NORMAL', 'regime_thresholds': 'P25=11.03 P50=11.29 P75=11.38', 'daily_range': 1208.5, 'candle_range': 63.6, 'atm_option_move': 28.6, 'sl_point': 100, 'target_point': 100, 'sl_pct_of_premium': 0.1, 'trail_trigger': 29, 'spread_width': 300, 'support_resistance_buffer': 32}
===
====after 3 min ochain==== 2026-09-07 14:18:00.027207
                                    oipcr   choipcr   CE_OI / PE_OI (same strike)
pcr1 =  BSE:SENSEX2691076900PE   0.21   -0.27 CALL added 201960   PUT unwind -54680  CE_OI=454120 PE_OI=95040
pcr2 =  BSE:SENSEX2691076800PE   0.22   -0.32 CALL added 314180   PUT unwind -99400  CE_OI=620180 PE_OI=136120
pcr3 =  BSE:SENSEX2691076700CE   0.19   -0.6 CALL added 362780   PUT unwind -216200  CE_OI=793280 PE_OI=151160
pcr4 =  BSE:SENSEX2691076600CE   0.25   -0.55 CALL added 376080   PUT unwind -206100  CE_OI=744780 PE_OI=183900
pcr5 =  BSE:SENSEX2691076500CE   0.39   0.04 CALL added 1280000   PUT added 48120  CE_OI=1607360 PE_OI=622860
pcr6 =  BSE:SENSEX2691076400PE   0.35    0.17 CALL added 953140   PUT added 166180  CE_OI=1003680 PE_OI=353220
pcr7 =  BSE:SENSEX2691076300CE   0.58   0.38 CALL added 1032720   PUT added 396340  CE_OI=1070300 PE_OI=618380
pcr8 =  BSE:SENSEX2691076200PE   0.98   0.55 CALL added 690520   PUT added 379460  CE_OI=722160 PE_OI=705800
pcr9 =  BSE:SENSEX2691076100PE   1.25   1.0 CALL added 524440   PUT added 525220  CE_OI=543920 PE_OI=678780
pcr10 =  BSE:SENSEX2691076000PE   2.06   1.46 CALL added 552940   PUT added 805120  CE_OI=618920 PE_OI=1275940
pcr11 =  BSE:SENSEX2691075900PE   4.7   3.98 CALL added 85080   PUT added 338860  CE_OI=92500 PE_OI=434520
pcr12 =  BSE:SENSEX2691075800PE   4.75   3.6 CALL added 77020   PUT added 277140  CE_OI=81560 PE_OI=387200
pcr13 =  BSE:SENSEX2691075700CE   8.43   6.11 CALL added 24400   PUT added 149040  CE_OI=27840 PE_OI=234760
pcr14 =  BSE:SENSEX2691075600CE   13.34   8.1 CALL added 14740   PUT added 119420  CE_OI=18580 PE_OI=247840
pcr15 =  BSE:SENSEX2691075500CE   9.74   6.01 CALL added 35220   PUT added 211680  CE_OI=60840 PE_OI=592420
pcr16 =  BSE:SENSEX2691075400CE   27.17   15.87 CALL added 5900   PUT added 93660  CE_OI=8240 PE_OI=223900
pcr17 =  BSE:SENSEX2691075300PE   31.5   9.74 CALL added 3620   PUT added 35260  CE_OI=6520 PE_OI=205400
PCRSUM== 106.11
pcrSummation== 3.17
VOLPCRSUM== 8.98
spotLTP =  76076.96  ATM_STRIKE =  76100
IS_ATM_STRIKE_SHIFT = False  mapStrike = {76100: 76100}
avgOiPcrList2 = [np.float64(6.32), np.float64(6.26), np.float64(6.24)] atmStrikeNotShiftedCount= 11
False   11   3
SUPP_RES=== 76500  Buffer= 32
ANCHOR_COMPARE: spot=76076.96 fut=76625.05 basis(fut-spot)=548.09 | SR_future=76500 SR_spot=76000 SR_diff=500 | PCRwin_future=76600 PCRwin_spot=76100
CEoich val =  1280000.0  PEoich val =  48120.0 , CE > PE by 96.2%
SUPP_RES TOTAL OI: CE= 1607360  PE= 622860 , CE > PE by 61.2%
SPOT_SUPP_RES=== 76000  Buffer= 32
SPOT CEoich val =  552940.0  PEoich val =  805120.0 , CE < PE by 31.3%
SPOT_SUPP_RES TOTAL OI: CE= 618920  PE= 1275940 , CE < PE by 51.5%
OI_SUPP_RES: spot=76076.96 ATM=76100 (ATM_CE_OI=543920 ATM_PE_OI=678780) | SUPPORT=76000PE OI=1275940 (dist=-100) | RESISTANCE=76500CE OI=1607360 (dist=400)
OI_SUPPORT=== 76000
OI_SUPPORT CEoich val = 552940.0  PEoich val = 805120.0 , CE < PE by 31.3%
OI_SUPPORT TOTAL OI: CE= 618920  PE= 1275940 , CE < PE by 51.5%
OI_RESISTANCE=== 76500
OI_RESISTANCE CEoich val = 1280000.0  PEoich val = 48120.0 , CE > PE by 96.2%
OI_RESISTANCE TOTAL OI: CE= 1607360  PE= 622860 , CE > PE by 61.2%
IS_MORNING_WINDOW= False  (active 9:15-9:48 IST)
================================================
==== signal check time ==== 2026-09-07 14:18:00.730843
IS_CHOI_DIFF_GT_25PERC== True
RSI_VAL1== 48.96
RSI_VAL2== 48.96
FUT_3m_OHLC O= 76660.2  H= 76660.2  L= 76625.0  C= 76625.0  Range= 35.2
CHART_PATTERN_DETECTED: DOUBLE_TOP_FORMING | DOUBLE_BOTTOM_FORMING
  PATTERN_CONTEXT: Body= -35.2  Range= 35.2  ExpectedRange= 63.6  RangeRatio= 0.55  O= 76660.2  H= 76660.2  L= 76625.0  C= 76625.0
isPcrDecr = True
newSynthFut =  76600
ATMStrike =  76100
AVG_OIPCR= 0.35
avgoiPCROld=  6.24
SUPP_RES = 76500
FUT LTP = 76625.05
CEchoi  PechOi = 1280000.0    48120.0
====================================
AVG_VOLPCR= 1.0
atmPCR= 0.39  belowATM  0.35
atmVolPCR= 0.86  belowATM  1.13
True   76625.05   76500   False   True   48.96
no trade yet = [np.float64(6.32), np.float64(6.26), np.float64(6.24)]
India VIX = 11.14  Spot Price = 76092.11
IV Regime = NORMAL (ADAPTIVE: P25= 11.03  P50= 11.29  P75= 11.38 ) | DailyRange = 1211.0 | 3minCandleRange = 63.7 (theoretical= 106.2 ) | ATMoptionMove = 28.7 | SL = 100 | Target = 100 | TrailTrigger = 29 | Spread = 300 | Buffer = 32
IV Params refreshed: {'vix': 11.14, 'bn_price': 76092.11, 'regime': 'NORMAL', 'regime_thresholds': 'P25=11.03 P50=11.29 P75=11.38', 'daily_range': 1211.0, 'candle_range': 63.7, 'atm_option_move': 28.7, 'sl_point': 100, 'target_point': 100, 'sl_pct_of_premium': 0.1, 'trail_trigger': 29, 'spread_width': 300, 'support_resistance_buffer': 32}
===
====after 3 min ochain==== 2026-09-07 14:21:00.027846
                                    oipcr   choipcr   CE_OI / PE_OI (same strike)
pcr1 =  BSE:SENSEX2691076900PE   0.21   -0.28 CALL added 195820   PUT unwind -55400  CE_OI=447980 PE_OI=94320
pcr2 =  BSE:SENSEX2691076800PE   0.22   -0.32 CALL added 315500   PUT unwind -99520  CE_OI=621500 PE_OI=136000
pcr3 =  BSE:SENSEX2691076700CE   0.19   -0.6 CALL added 360860   PUT unwind -217760  CE_OI=791360 PE_OI=149600
pcr4 =  BSE:SENSEX2691076600CE   0.24   -0.56 CALL added 375260   PUT unwind -210320  CE_OI=743960 PE_OI=179680
pcr5 =  BSE:SENSEX2691076500CE   0.38   0.03 CALL added 1285000   PUT added 41980  CE_OI=1612360 PE_OI=616720
pcr6 =  BSE:SENSEX2691076400PE   0.35    0.18 CALL added 950660   PUT added 167300  CE_OI=1001200 PE_OI=354340
pcr7 =  BSE:SENSEX2691076300CE   0.57   0.38 CALL added 1033000   PUT added 393080  CE_OI=1070580 PE_OI=615120
pcr8 =  BSE:SENSEX2691076200PE   0.95   0.52 CALL added 686480   PUT added 358920  CE_OI=718120 PE_OI=685260
pcr9 =  BSE:SENSEX2691076100PE   1.24   1.0 CALL added 530440   PUT added 530920  CE_OI=549920 PE_OI=684480
pcr10 =  BSE:SENSEX2691076000PE   2.06   1.44 CALL added 541260   PUT added 779560  CE_OI=607240 PE_OI=1250380
pcr11 =  BSE:SENSEX2691075900PE   4.81   4.1 CALL added 84440   PUT added 346000  CE_OI=91860 PE_OI=441660
pcr12 =  BSE:SENSEX2691075800PE   4.65   3.49 CALL added 76340   PUT added 266180  CE_OI=80880 PE_OI=376240
pcr13 =  BSE:SENSEX2691075700CE   8.44   6.14 CALL added 24580   PUT added 150840  CE_OI=28020 PE_OI=236560
pcr14 =  BSE:SENSEX2691075600CE   13.55   8.35 CALL added 14680   PUT added 122560  CE_OI=18520 PE_OI=250980
pcr15 =  BSE:SENSEX2691075500CE   9.61   5.81 CALL added 35380   PUT added 205640  CE_OI=61000 PE_OI=586380
pcr16 =  BSE:SENSEX2691075400CE   27.76   16.66 CALL added 5880   PUT added 97940  CE_OI=8220 PE_OI=228180
pcr17 =  BSE:SENSEX2691075300PE   30.46   7.74 CALL added 3600   PUT added 27880  CE_OI=6500 PE_OI=198020
PCRSUM== 105.69
pcrSummation== 3.11
VOLPCRSUM== 8.940000000000001
spotLTP =  76094.67  ATM_STRIKE =  76100
IS_ATM_STRIKE_SHIFT = False  mapStrike = {76100: 76100}
avgOiPcrList2 = [np.float64(6.26), np.float64(6.24), np.float64(6.22)] atmStrikeNotShiftedCount= 12
False   12   3
SUPP_RES=== 76500  Buffer= 32
ANCHOR_COMPARE: spot=76094.67 fut=76625.05 basis(fut-spot)=530.38 | SR_future=76500 SR_spot=76000 SR_diff=500 | PCRwin_future=76600 PCRwin_spot=76100
CEoich val =  1285000.0  PEoich val =  41980.0 , CE > PE by 96.7%
SUPP_RES TOTAL OI: CE= 1612360  PE= 616720 , CE > PE by 61.8%
SPOT_SUPP_RES=== 76000  Buffer= 32
SPOT CEoich val =  541260.0  PEoich val =  779560.0 , CE < PE by 30.6%
SPOT_SUPP_RES TOTAL OI: CE= 607240  PE= 1250380 , CE < PE by 51.4%
OI_SUPP_RES: spot=76094.67 ATM=76100 (ATM_CE_OI=549920 ATM_PE_OI=684480) | SUPPORT=76000PE OI=1250380 (dist=-100) | RESISTANCE=76500CE OI=1612360 (dist=400)
OI_SUPPORT=== 76000
OI_SUPPORT CEoich val = 541260.0  PEoich val = 779560.0 , CE < PE by 30.6%
OI_SUPPORT TOTAL OI: CE= 607240  PE= 1250380 , CE < PE by 51.4%
OI_RESISTANCE=== 76500
OI_RESISTANCE CEoich val = 1285000.0  PEoich val = 41980.0 , CE > PE by 96.7%
OI_RESISTANCE TOTAL OI: CE= 1612360  PE= 616720 , CE > PE by 61.8%
IS_MORNING_WINDOW= False  (active 9:15-9:48 IST)
================================================
==== signal check time ==== 2026-09-07 14:21:00.733191
IS_CHOI_DIFF_GT_25PERC== True
RSI_VAL1== 48.96
RSI_VAL2== 48.96
FUT_3m_OHLC O= 76625.0  H= 76625.0  L= 76625.0  C= 76625.0  Range= 0.0
CHART_PATTERN_DETECTED: INSIDE_BAR | DOUBLE_TOP_FORMING | DOUBLE_BOTTOM_FORMING
  PATTERN_CONTEXT: Body= 0.0  Range= 0.0  ExpectedRange= 63.7  RangeRatio= 0.0  O= 76625.0  H= 76625.0  L= 76625.0  C= 76625.0
isPcrDecr = True
newSynthFut =  76600
ATMStrike =  76100
AVG_OIPCR= 0.35
avgoiPCROld=  6.22
SUPP_RES = 76500
FUT LTP = 76625.05
CEchoi  PechOi = 1285000.0    41980.0
====================================
AVG_VOLPCR= 0.99
atmPCR= 0.38  belowATM  0.35
atmVolPCR= 0.85  belowATM  1.12
True   76625.05   76500   False   True   48.96
no trade yet = [np.float64(6.26), np.float64(6.24), np.float64(6.22)]
India VIX = 11.07  Spot Price = 76109.45
IV Regime = NORMAL (ADAPTIVE: P25= 11.03  P50= 11.29  P75= 11.38 ) | DailyRange = 1203.6 | 3minCandleRange = 63.3 (theoretical= 105.6 ) | ATMoptionMove = 28.5 | SL = 100 | Target = 100 | TrailTrigger = 29 | Spread = 300 | Buffer = 32
IV Params refreshed: {'vix': 11.07, 'bn_price': 76109.45, 'regime': 'NORMAL', 'regime_thresholds': 'P25=11.03 P50=11.29 P75=11.38', 'daily_range': 1203.6, 'candle_range': 63.3, 'atm_option_move': 28.5, 'sl_point': 100, 'target_point': 100, 'sl_pct_of_premium': 0.1, 'trail_trigger': 29, 'spread_width': 300, 'support_resistance_buffer': 32}
===
====after 3 min ochain==== 2026-09-07 14:24:00.025207
                                    oipcr   choipcr   CE_OI / PE_OI (same strike)
pcr1 =  BSE:SENSEX2691076900PE   0.21   -0.28 CALL added 199100   PUT unwind -55640  CE_OI=451260 PE_OI=94080
pcr2 =  BSE:SENSEX2691076800PE   0.22   -0.32 CALL added 315080   PUT unwind -99460  CE_OI=621080 PE_OI=136060
pcr3 =  BSE:SENSEX2691076700CE   0.2   -0.69 CALL added 315940   PUT unwind -217440  CE_OI=746440 PE_OI=149920
pcr4 =  BSE:SENSEX2691076600CE   0.24   -0.56 CALL added 374920   PUT unwind -209860  CE_OI=743620 PE_OI=180140
pcr5 =  BSE:SENSEX2691076500CE   0.38   0.03 CALL added 1276920   PUT added 35880  CE_OI=1604280 PE_OI=610620
pcr6 =  BSE:SENSEX2691076400PE   0.35    0.18 CALL added 944620   PUT added 166080  CE_OI=995160 PE_OI=353120
pcr7 =  BSE:SENSEX2691076300CE   0.54   0.33 CALL added 985240   PUT added 328140  CE_OI=1022820 PE_OI=550180
pcr8 =  BSE:SENSEX2691076200PE   0.97   0.54 CALL added 680720   PUT added 366620  CE_OI=712360 PE_OI=692960
pcr9 =  BSE:SENSEX2691076100PE   1.27   1.03 CALL added 531900   PUT added 546860  CE_OI=551380 PE_OI=700420
pcr10 =  BSE:SENSEX2691076000PE   2.09   1.48 CALL added 539080   PUT added 795380  CE_OI=605060 PE_OI=1266200
pcr11 =  BSE:SENSEX2691075900PE   4.05   3.28 CALL added 85580   PUT added 280920  CE_OI=93000 PE_OI=376580
pcr12 =  BSE:SENSEX2691075800PE   4.64   3.47 CALL added 76420   PUT added 265340  CE_OI=80960 PE_OI=375400
pcr13 =  BSE:SENSEX2691075700CE   8.37   6.11 CALL added 25100   PUT added 153300  CE_OI=28540 PE_OI=239020
pcr14 =  BSE:SENSEX2691075600CE   13.78   8.53 CALL added 14380   PUT added 122720  CE_OI=18220 PE_OI=251140
pcr15 =  BSE:SENSEX2691075500CE   9.57   5.75 CALL added 35580   PUT added 204720  CE_OI=61200 PE_OI=585460
pcr16 =  BSE:SENSEX2691075400CE   27.91   16.84 CALL added 5860   PUT added 98660  CE_OI=8200 PE_OI=228900
pcr17 =  BSE:SENSEX2691075300PE   29.34   5.71 CALL added 3600   PUT added 20540  CE_OI=6500 PE_OI=190680
PCRSUM== 104.13
pcrSummation== 3.11
VOLPCRSUM== 8.93
spotLTP =  76109.45  ATM_STRIKE =  76100
IS_ATM_STRIKE_SHIFT = False  mapStrike = {76100: 76100}
avgOiPcrList2 = [np.float64(6.24), np.float64(6.22), np.float64(6.13)] atmStrikeNotShiftedCount= 13
False   13   3
SUPP_RES=== 76500  Buffer= 32
ANCHOR_COMPARE: spot=76109.45 fut=76625.05 basis(fut-spot)=515.6 | SR_future=76500 SR_spot=76000 SR_diff=500 | PCRwin_future=76600 PCRwin_spot=76100
CEoich val =  1276920.0  PEoich val =  35880.0 , CE > PE by 97.2%
SUPP_RES TOTAL OI: CE= 1604280  PE= 610620 , CE > PE by 61.9%
SPOT_SUPP_RES=== 76000  Buffer= 32
SPOT CEoich val =  539080.0  PEoich val =  795380.0 , CE < PE by 32.2%
SPOT_SUPP_RES TOTAL OI: CE= 605060  PE= 1266200 , CE < PE by 52.2%
OI_SUPP_RES: spot=76109.45 ATM=76100 (ATM_CE_OI=551380 ATM_PE_OI=700420) | SUPPORT=76000PE OI=1266200 (dist=-100) | RESISTANCE=76500CE OI=1604280 (dist=400)
OI_SUPPORT=== 76000
OI_SUPPORT CEoich val = 539080.0  PEoich val = 795380.0 , CE < PE by 32.2%
OI_SUPPORT TOTAL OI: CE= 605060  PE= 1266200 , CE < PE by 52.2%
OI_RESISTANCE=== 76500
OI_RESISTANCE CEoich val = 1276920.0  PEoich val = 35880.0 , CE > PE by 97.2%
OI_RESISTANCE TOTAL OI: CE= 1604280  PE= 610620 , CE > PE by 61.9%
IS_MORNING_WINDOW= False  (active 9:15-9:48 IST)
================================================
==== signal check time ==== 2026-09-07 14:24:00.707519
IS_CHOI_DIFF_GT_25PERC== True
RSI_VAL1== 48.96
RSI_VAL2== 48.96
FUT_3m_OHLC O= 76625.0  H= 76625.0  L= 76625.0  C= 76625.0  Range= 0.0
CHART_PATTERN_DETECTED: INSIDE_BAR | DOUBLE_BOTTOM_FORMING
  PATTERN_CONTEXT: Body= 0.0  Range= 0.0  ExpectedRange= 63.3  RangeRatio= 0.0  O= 76625.0  H= 76625.0  L= 76625.0  C= 76625.0
isPcrDecr = True
newSynthFut =  76600
ATMStrike =  76100
AVG_OIPCR= 0.35
avgoiPCROld=  6.13
SUPP_RES = 76500
FUT LTP = 76625.05
CEchoi  PechOi = 1276920.0    35880.0
====================================
AVG_VOLPCR= 0.99
atmPCR= 0.38  belowATM  0.35
atmVolPCR= 0.85  belowATM  1.12
True   76625.05   76500   False   True   48.96
no trade yet = [np.float64(6.24), np.float64(6.22), np.float64(6.13)]
India VIX = 11.04  Spot Price = 76116.78
IV Regime = NORMAL (ADAPTIVE: P25= 11.03  P50= 11.29  P75= 11.38 ) | DailyRange = 1200.5 | 3minCandleRange = 63.2 (theoretical= 105.3 ) | ATMoptionMove = 28.4 | SL = 99 | Target = 99 | TrailTrigger = 28 | Spread = 300 | Buffer = 32
IV Params refreshed: {'vix': 11.04, 'bn_price': 76116.78, 'regime': 'NORMAL', 'regime_thresholds': 'P25=11.03 P50=11.29 P75=11.38', 'daily_range': 1200.5, 'candle_range': 63.2, 'atm_option_move': 28.4, 'sl_point': 99, 'target_point': 99, 'sl_pct_of_premium': 0.1, 'trail_trigger': 28, 'spread_width': 300, 'support_resistance_buffer': 32}
===
====after 3 min ochain==== 2026-09-07 14:27:00.024468
                                    oipcr   choipcr   CE_OI / PE_OI (same strike)
pcr1 =  BSE:SENSEX2691076900PE   0.21   -0.28 CALL added 195240   PUT unwind -54940  CE_OI=447400 PE_OI=94780
pcr2 =  BSE:SENSEX2691076800PE   0.22   -0.31 CALL added 314220   PUT unwind -98380  CE_OI=620220 PE_OI=137140
pcr3 =  BSE:SENSEX2691076700CE   0.2   -0.71 CALL added 309600   PUT unwind -219720  CE_OI=740100 PE_OI=147640
pcr4 =  BSE:SENSEX2691076600CE   0.25   -0.56 CALL added 367400   PUT unwind -204880  CE_OI=736100 PE_OI=185120
pcr5 =  BSE:SENSEX2691076500CE   0.38   0.03 CALL added 1278120   PUT added 41140  CE_OI=1605480 PE_OI=615880
pcr6 =  BSE:SENSEX2691076400PE   0.36    0.18 CALL added 931080   PUT added 164440  CE_OI=981620 PE_OI=351480
pcr7 =  BSE:SENSEX2691076300CE   0.57   0.36 CALL added 965900   PUT added 347000  CE_OI=1003480 PE_OI=569040
pcr8 =  BSE:SENSEX2691076200PE   0.99   0.55 CALL added 673660   PUT added 369480  CE_OI=705300 PE_OI=695820
pcr9 =  BSE:SENSEX2691076100PE   1.24   1.0 CALL added 529420   PUT added 529680  CE_OI=548900 PE_OI=683240
pcr10 =  BSE:SENSEX2691076000PE   2.17   1.55 CALL added 530560   PUT added 822100  CE_OI=596540 PE_OI=1292920
pcr11 =  BSE:SENSEX2691075900PE   4.03   3.26 CALL added 85580   PUT added 279280  CE_OI=93000 PE_OI=374940
pcr12 =  BSE:SENSEX2691075800PE   4.39   3.23 CALL added 77440   PUT added 250240  CE_OI=81980 PE_OI=360300
pcr13 =  BSE:SENSEX2691075700CE   8.38   6.1 CALL added 24940   PUT added 152080  CE_OI=28380 PE_OI=237800
pcr14 =  BSE:SENSEX2691075600CE   13.78   8.4 CALL added 14040   PUT added 118000  CE_OI=17880 PE_OI=246420
pcr15 =  BSE:SENSEX2691075500CE   9.71   6.0 CALL added 35580   PUT added 213500  CE_OI=61200 PE_OI=594240
pcr16 =  BSE:SENSEX2691075400CE   27.46   16.23 CALL added 5880   PUT added 95460  CE_OI=8220 PE_OI=225700
pcr17 =  BSE:SENSEX2691075300PE   29.42   4.32 CALL added 3380   PUT added 14600  CE_OI=6280 PE_OI=184740
PCRSUM== 103.76
pcrSummation== 2.19
VOLPCRSUM== 8.87
spotLTP =  76118.58  ATM_STRIKE =  76100
IS_ATM_STRIKE_SHIFT = False  mapStrike = {76100: 76100}
avgOiPcrList2 = [np.float64(6.22), np.float64(6.13), np.float64(6.1)] atmStrikeNotShiftedCount= 14
False   14   3
SUPP_RES=== 76500  Buffer= 32
ANCHOR_COMPARE: spot=76118.58 fut=76660.0 basis(fut-spot)=541.42 | SR_future=76500 SR_spot=76000 SR_diff=500 | PCRwin_future=76700 PCRwin_spot=76100
CEoich val =  1278120.0  PEoich val =  41140.0 , CE > PE by 96.8%
SUPP_RES TOTAL OI: CE= 1605480  PE= 615880 , CE > PE by 61.6%
SPOT_SUPP_RES=== 76000  Buffer= 32
SPOT CEoich val =  530560.0  PEoich val =  822100.0 , CE < PE by 35.5%
SPOT_SUPP_RES TOTAL OI: CE= 596540  PE= 1292920 , CE < PE by 53.9%
OI_SUPP_RES: spot=76118.58 ATM=76100 (ATM_CE_OI=548900 ATM_PE_OI=683240) | SUPPORT=76000PE OI=1292920 (dist=-100) | RESISTANCE=76500CE OI=1605480 (dist=400)
OI_SUPPORT=== 76000
OI_SUPPORT CEoich val = 530560.0  PEoich val = 822100.0 , CE < PE by 35.5%
OI_SUPPORT TOTAL OI: CE= 596540  PE= 1292920 , CE < PE by 53.9%
OI_RESISTANCE=== 76500
OI_RESISTANCE CEoich val = 1278120.0  PEoich val = 41140.0 , CE > PE by 96.8%
OI_RESISTANCE TOTAL OI: CE= 1605480  PE= 615880 , CE > PE by 61.6%
IS_MORNING_WINDOW= False  (active 9:15-9:48 IST)
================================================
==== signal check time ==== 2026-09-07 14:27:02.352083
IS_CHOI_DIFF_GT_25PERC== True
RSI_VAL1== 59.65
RSI_VAL2== 59.65
FUT_3m_OHLC O= 76625.0  H= 76660.0  L= 76625.0  C= 76660.0  Range= 34.9
CHART_PATTERN_DETECTED: DOUBLE_TOP_FORMING | DOUBLE_BOTTOM_FORMING
  PATTERN_CONTEXT: Body= 34.9  Range= 34.9  ExpectedRange= 63.2  RangeRatio= 0.55  O= 76625.0  H= 76660.0  L= 76625.0  C= 76660.0
isPcrDecr = True
newSynthFut =  76700
ATMStrike =  76100
AVG_OIPCR= 0.24
avgoiPCROld=  6.1
SUPP_RES = 76500
FUT LTP = 76660.0
CEchoi  PechOi = 1278120.0    41140.0
====================================
AVG_VOLPCR= 0.99
atmPCR= 0.38  belowATM  0.36
atmVolPCR= 0.85  belowATM  1.11
True   76660.0   76500   False   True   59.65
no trade yet = [np.float64(6.22), np.float64(6.13), np.float64(6.1)]
India VIX = 11.04  Spot Price = 76124.73
IV Regime = NORMAL (ADAPTIVE: P25= 11.03  P50= 11.29  P75= 11.38 ) | DailyRange = 1200.6 | 3minCandleRange = 63.2 (theoretical= 105.3 ) | ATMoptionMove = 28.4 | SL = 100 | Target = 100 | TrailTrigger = 28 | Spread = 300 | Buffer = 32
IV Params refreshed: {'vix': 11.04, 'bn_price': 76124.73, 'regime': 'NORMAL', 'regime_thresholds': 'P25=11.03 P50=11.29 P75=11.38', 'daily_range': 1200.6, 'candle_range': 63.2, 'atm_option_move': 28.4, 'sl_point': 100, 'target_point': 100, 'sl_pct_of_premium': 0.1, 'trail_trigger': 28, 'spread_width': 300, 'support_resistance_buffer': 32}
===
====after 3 min ochain==== 2026-09-07 14:30:00.028687
                                    oipcr   choipcr   CE_OI / PE_OI (same strike)
pcr1 =  BSE:SENSEX2691076900PE   0.21   -0.28 CALL added 193760   PUT unwind -54760  CE_OI=445920 PE_OI=94960
pcr2 =  BSE:SENSEX2691076800PE   0.22   -0.32 CALL added 307660   PUT unwind -98340  CE_OI=613660 PE_OI=137180
pcr3 =  BSE:SENSEX2691076700CE   0.2   -0.72 CALL added 304240   PUT unwind -220080  CE_OI=734740 PE_OI=147280
pcr4 =  BSE:SENSEX2691076600CE   0.25   -0.57 CALL added 360060   PUT unwind -206060  CE_OI=728760 PE_OI=183940
pcr5 =  BSE:SENSEX2691076500CE   0.38   0.03 CALL added 1272020   PUT added 40960  CE_OI=1599380 PE_OI=615700
pcr6 =  BSE:SENSEX2691076400PE   0.36    0.18 CALL added 925960   PUT added 162560  CE_OI=976500 PE_OI=349600
pcr7 =  BSE:SENSEX2691076300CE   0.57   0.36 CALL added 954900   PUT added 345480  CE_OI=992480 PE_OI=567520
pcr8 =  BSE:SENSEX2691076200PE   1.01   0.57 CALL added 668760   PUT added 378600  CE_OI=700400 PE_OI=704940
pcr9 =  BSE:SENSEX2691076100PE   1.27   1.03 CALL added 522500   PUT added 536020  CE_OI=541980 PE_OI=689580
pcr10 =  BSE:SENSEX2691076000PE   2.16   1.54 CALL added 527660   PUT added 813600  CE_OI=593640 PE_OI=1284420
pcr11 =  BSE:SENSEX2691075900PE   4.03   3.26 CALL added 84600   PUT added 275580  CE_OI=92020 PE_OI=371240
pcr12 =  BSE:SENSEX2691075800PE   4.65   3.49 CALL added 76900   PUT added 268380  CE_OI=81440 PE_OI=378440
pcr13 =  BSE:SENSEX2691075700CE   8.6   6.27 CALL added 24100   PUT added 151120  CE_OI=27540 PE_OI=236840
pcr14 =  BSE:SENSEX2691075600CE   13.61   8.14 CALL added 13920   PUT added 113340  CE_OI=17760 PE_OI=241760
pcr15 =  BSE:SENSEX2691075500CE   9.72   6.05 CALL added 35900   PUT added 217320  CE_OI=61520 PE_OI=598060
pcr16 =  BSE:SENSEX2691075400CE   27.34   16.07 CALL added 5880   PUT added 94480  CE_OI=8220 PE_OI=224720
pcr17 =  BSE:SENSEX2691075300PE   29.5   4.47 CALL added 3380   PUT added 15100  CE_OI=6280 PE_OI=185240
PCRSUM== 104.08
pcrSummation== 3.2
VOLPCRSUM== 8.83
spotLTP =  76124.73  ATM_STRIKE =  76100
IS_ATM_STRIKE_SHIFT = False  mapStrike = {76100: 76100}
avgOiPcrList2 = [np.float64(6.13), np.float64(6.1), np.float64(6.12)] atmStrikeNotShiftedCount= 15
False   15   3
SUPP_RES=== 76500  Buffer= 32
ANCHOR_COMPARE: spot=76124.73 fut=76641.6 basis(fut-spot)=516.87 | SR_future=76500 SR_spot=76000 SR_diff=500 | PCRwin_future=76600 PCRwin_spot=76100
CEoich val =  1272020.0  PEoich val =  40960.0 , CE > PE by 96.8%
SUPP_RES TOTAL OI: CE= 1599380  PE= 615700 , CE > PE by 61.5%
SPOT_SUPP_RES=== 76000  Buffer= 32
SPOT CEoich val =  527660.0  PEoich val =  813600.0 , CE < PE by 35.1%
SPOT_SUPP_RES TOTAL OI: CE= 593640  PE= 1284420 , CE < PE by 53.8%
OI_SUPP_RES: spot=76124.73 ATM=76100 (ATM_CE_OI=541980 ATM_PE_OI=689580) | SUPPORT=76000PE OI=1284420 (dist=-100) | RESISTANCE=76500CE OI=1599380 (dist=400)
OI_SUPPORT=== 76000
OI_SUPPORT CEoich val = 527660.0  PEoich val = 813600.0 , CE < PE by 35.1%
OI_SUPPORT TOTAL OI: CE= 593640  PE= 1284420 , CE < PE by 53.8%
OI_RESISTANCE=== 76500
OI_RESISTANCE CEoich val = 1272020.0  PEoich val = 40960.0 , CE > PE by 96.8%
OI_RESISTANCE TOTAL OI: CE= 1599380  PE= 615700 , CE > PE by 61.5%
IS_MORNING_WINDOW= False  (active 9:15-9:48 IST)
================================================
==== signal check time ==== 2026-09-07 14:30:00.926000
IS_CHOI_DIFF_GT_25PERC== True
RSI_VAL1== 53.32
RSI_VAL2== 53.32
FUT_3m_OHLC O= 76660.0  H= 76660.0  L= 76641.6  C= 76641.6  Range= 18.4
CHART_PATTERN_DETECTED: INSIDE_BAR | DOUBLE_TOP_FORMING | DOUBLE_BOTTOM_FORMING
  PATTERN_CONTEXT: Body= -18.4  Range= 18.4  ExpectedRange= 63.2  RangeRatio= 0.29  O= 76660.0  H= 76660.0  L= 76641.6  C= 76641.6
recent two = [np.float64(6.1), np.float64(6.12)]
newSynthFut =  76600
ATMStrike =  76100
AVG_OIPCR= 0.36
avgoiPCROld=  6.12
SUPP_RES = 76500
FUT LTP = 76641.6
CEchoi  PechOi = 1272020.0    40960.0
====================================
AVG_VOLPCR= 0.98
atmPCR= 0.38  belowATM  0.36
atmVolPCR= 0.84  belowATM  1.11
True   76641.6   76500   False   False   53.32
India VIX = 11.06  Spot Price = 76099.54
IV Regime = NORMAL (ADAPTIVE: P25= 11.03  P50= 11.29  P75= 11.38 ) | DailyRange = 1202.4 | 3minCandleRange = 63.3 (theoretical= 105.5 ) | ATMoptionMove = 28.5 | SL = 100 | Target = 100 | TrailTrigger = 28 | Spread = 300 | Buffer = 32
IV Params refreshed: {'vix': 11.06, 'bn_price': 76099.54, 'regime': 'NORMAL', 'regime_thresholds': 'P25=11.03 P50=11.29 P75=11.38', 'daily_range': 1202.4, 'candle_range': 63.3, 'atm_option_move': 28.5, 'sl_point': 100, 'target_point': 100, 'sl_pct_of_premium': 0.1, 'trail_trigger': 28, 'spread_width': 300, 'support_resistance_buffer': 32}
===
====after 3 min ochain==== 2026-09-07 14:33:00.030370
                                    oipcr   choipcr   CE_OI / PE_OI (same strike)
pcr1 =  BSE:SENSEX2691076900PE   0.21   -0.28 CALL added 194780   PUT unwind -55120  CE_OI=446940 PE_OI=94600
pcr2 =  BSE:SENSEX2691076800PE   0.23   -0.32 CALL added 302020   PUT unwind -97340  CE_OI=608020 PE_OI=138180
pcr3 =  BSE:SENSEX2691076700CE   0.2   -0.74 CALL added 298880   PUT unwind -221420  CE_OI=729380 PE_OI=145940
pcr4 =  BSE:SENSEX2691076600CE   0.25   -0.58 CALL added 356420   PUT unwind -205540  CE_OI=725120 PE_OI=184460
pcr5 =  BSE:SENSEX2691076500CE   0.39   0.04 CALL added 1258880   PUT added 46000  CE_OI=1586240 PE_OI=620740
pcr6 =  BSE:SENSEX2691076400PE   0.36    0.17 CALL added 920600   PUT added 160020  CE_OI=971140 PE_OI=347060
pcr7 =  BSE:SENSEX2691076300CE   0.58   0.37 CALL added 949580   PUT added 353560  CE_OI=987160 PE_OI=575600
pcr8 =  BSE:SENSEX2691076200PE   1.04   0.59 CALL added 663020   PUT added 393620  CE_OI=694660 PE_OI=719960
pcr9 =  BSE:SENSEX2691076100PE   1.31   1.06 CALL added 509660   PUT added 541620  CE_OI=529140 PE_OI=695180
pcr10 =  BSE:SENSEX2691076000PE   2.27   1.63 CALL added 507720   PUT added 829980  CE_OI=573700 PE_OI=1300800
pcr11 =  BSE:SENSEX2691075900PE   4.03   3.24 CALL added 83540   PUT added 271020  CE_OI=90960 PE_OI=366680
pcr12 =  BSE:SENSEX2691075800PE   4.62   3.43 CALL added 75240   PUT added 258380  CE_OI=79780 PE_OI=368440
pcr13 =  BSE:SENSEX2691075700CE   8.63   6.29 CALL added 24020   PUT added 151140  CE_OI=27460 PE_OI=236860
pcr14 =  BSE:SENSEX2691075600CE   14.28   8.77 CALL added 13340   PUT added 116940  CE_OI=17180 PE_OI=245360
pcr15 =  BSE:SENSEX2691075500CE   9.7   5.97 CALL added 35420   PUT added 211540  CE_OI=61040 PE_OI=592280
pcr16 =  BSE:SENSEX2691075400CE   27.86   16.64 CALL added 5800   PUT added 96500  CE_OI=8140 PE_OI=226740
pcr17 =  BSE:SENSEX2691075300PE   28.89   3.78 CALL added 3440   PUT added 13000  CE_OI=6340 PE_OI=183140
PCRSUM== 104.85
pcrSummation== 3.26
VOLPCRSUM== 8.77
spotLTP =  76099.54  ATM_STRIKE =  76100
IS_ATM_STRIKE_SHIFT = False  mapStrike = {76100: 76100}
avgOiPcrList2 = [np.float64(6.1), np.float64(6.12), np.float64(6.17)] atmStrikeNotShiftedCount= 16
False   16   3
SUPP_RES=== 76500  Buffer= 32
ANCHOR_COMPARE: spot=76099.54 fut=76641.6 basis(fut-spot)=542.06 | SR_future=76500 SR_spot=76000 SR_diff=500 | PCRwin_future=76600 PCRwin_spot=76100
CEoich val =  1258880.0  PEoich val =  46000.0 , CE > PE by 96.3%
SUPP_RES TOTAL OI: CE= 1586240  PE= 620740 , CE > PE by 60.9%
SPOT_SUPP_RES=== 76000  Buffer= 32
SPOT CEoich val =  507720.0  PEoich val =  829980.0 , CE < PE by 38.8%
SPOT_SUPP_RES TOTAL OI: CE= 573700  PE= 1300800 , CE < PE by 55.9%
OI_SUPP_RES: spot=76099.54 ATM=76100 (ATM_CE_OI=529140 ATM_PE_OI=695180) | SUPPORT=76000PE OI=1300800 (dist=-100) | RESISTANCE=76500CE OI=1586240 (dist=400)
OI_SUPPORT=== 76000
OI_SUPPORT CEoich val = 507720.0  PEoich val = 829980.0 , CE < PE by 38.8%
OI_SUPPORT TOTAL OI: CE= 573700  PE= 1300800 , CE < PE by 55.9%
OI_RESISTANCE=== 76500
OI_RESISTANCE CEoich val = 1258880.0  PEoich val = 46000.0 , CE > PE by 96.3%
OI_RESISTANCE TOTAL OI: CE= 1586240  PE= 620740 , CE > PE by 60.9%
IS_MORNING_WINDOW= False  (active 9:15-9:48 IST)
================================================
==== signal check time ==== 2026-09-07 14:33:00.731460
IS_CHOI_DIFF_GT_25PERC== True
RSI_VAL1== 53.32
RSI_VAL2== 53.32
FUT_3m_OHLC O= 76641.6  H= 76641.6  L= 76641.6  C= 76641.6  Range= 0.0
CHART_PATTERN_DETECTED: INSIDE_BAR | DOUBLE_TOP_FORMING | DOUBLE_BOTTOM_FORMING
  PATTERN_CONTEXT: Body= 0.0  Range= 0.0  ExpectedRange= 63.3  RangeRatio= 0.0  O= 76641.6  H= 76641.6  L= 76641.6  C= 76641.6
isPcrInc = True
newSynthFut =  76600
ATMStrike =  76100
AVG_OIPCR= 0.36
avgoiPCROld=  6.17
SUPP_RES = 76500
FUT LTP = 76641.6
CEchoi  PechOi = 1258880.0    46000.0
====================================
AVG_VOLPCR= 0.97
atmPCR= 0.39  belowATM  0.36
atmVolPCR= 0.84  belowATM  1.1
True   76641.6   76500   True   False   53.32
In Bull trade, slCount =  0  (mode= LOGIC3_CHOI_15PCT )
============================================================
LOGIC3_OBSERVE: WOULD_HAVE_ENTERED BULL (no real order — LOGIC3 is observation-only)
  FUT=76641.6 SUPP_RES=76500 CEchoi=1258880.0 PEchoi=46000.0
============================================================
India VIX = 11.06  Spot Price = 76090.05
IV Regime = NORMAL (ADAPTIVE: P25= 11.03  P50= 11.29  P75= 11.38 ) | DailyRange = 1202.2 | 3minCandleRange = 63.3 (theoretical= 105.4 ) | ATMoptionMove = 28.5 | SL = 100 | Target = 100 | TrailTrigger = 28 | Spread = 300 | Buffer = 32
IV Params refreshed: {'vix': 11.06, 'bn_price': 76090.05, 'regime': 'NORMAL', 'regime_thresholds': 'P25=11.03 P50=11.29 P75=11.38', 'daily_range': 1202.2, 'candle_range': 63.3, 'atm_option_move': 28.5, 'sl_point': 100, 'target_point': 100, 'sl_pct_of_premium': 0.1, 'trail_trigger': 28, 'spread_width': 300, 'support_resistance_buffer': 32}
===
====after 3 min ochain==== 2026-09-07 14:36:00.024629
                                    oipcr   choipcr   CE_OI / PE_OI (same strike)
pcr1 =  BSE:SENSEX2691076900PE   0.22   -0.3 CALL added 186800   PUT unwind -55200  CE_OI=438960 PE_OI=94520
pcr2 =  BSE:SENSEX2691076800PE   0.23   -0.33 CALL added 301300   PUT unwind -98180  CE_OI=607300 PE_OI=137340
pcr3 =  BSE:SENSEX2691076700CE   0.2   -0.75 CALL added 296280   PUT unwind -222860  CE_OI=726780 PE_OI=144500
pcr4 =  BSE:SENSEX2691076600CE   0.25   -0.58 CALL added 352480   PUT unwind -206160  CE_OI=721180 PE_OI=183840
pcr5 =  BSE:SENSEX2691076500CE   0.39   0.03 CALL added 1242100   PUT added 39360  CE_OI=1569460 PE_OI=614100
pcr6 =  BSE:SENSEX2691076400PE   0.36    0.17 CALL added 911320   PUT added 157420  CE_OI=961860 PE_OI=344460
pcr7 =  BSE:SENSEX2691076300CE   0.57   0.36 CALL added 939820   PUT added 336340  CE_OI=977400 PE_OI=558380
pcr8 =  BSE:SENSEX2691076200PE   1.02   0.57 CALL added 659300   PUT added 379020  CE_OI=690940 PE_OI=705360
pcr9 =  BSE:SENSEX2691076100PE   1.32   1.07 CALL added 507220   PUT added 542140  CE_OI=526700 PE_OI=695700
pcr10 =  BSE:SENSEX2691076000PE   2.2   1.57 CALL added 513420   PUT added 805500  CE_OI=579400 PE_OI=1276320
pcr11 =  BSE:SENSEX2691075900PE   4.17   3.38 CALL added 82660   PUT added 279640  CE_OI=90080 PE_OI=375300
pcr12 =  BSE:SENSEX2691075800PE   4.57   3.38 CALL added 75120   PUT added 253780  CE_OI=79660 PE_OI=363840
pcr13 =  BSE:SENSEX2691075700CE   8.76   6.43 CALL added 23880   PUT added 153600  CE_OI=27320 PE_OI=239320
pcr14 =  BSE:SENSEX2691075600CE   13.93   8.49 CALL added 13800   PUT added 117220  CE_OI=17640 PE_OI=245640
pcr15 =  BSE:SENSEX2691075500CE   9.63   5.84 CALL added 35380   PUT added 206540  CE_OI=61000 PE_OI=587280
pcr16 =  BSE:SENSEX2691075400CE   27.6   16.32 CALL added 5820   PUT added 95000  CE_OI=8160 PE_OI=225240
pcr17 =  BSE:SENSEX2691075300PE   28.76   3.54 CALL added 3440   PUT added 12180  CE_OI=6340 PE_OI=182320
PCRSUM== 104.18
pcrSummation== 3.24
VOLPCRSUM== 8.75
spotLTP =  76092.8  ATM_STRIKE =  76100
IS_ATM_STRIKE_SHIFT = False  mapStrike = {76100: 76100}
avgOiPcrList2 = [np.float64(6.12), np.float64(6.17), np.float64(6.13)] atmStrikeNotShiftedCount= 17
False   17   3
SUPP_RES=== 76500  Buffer= 32
ANCHOR_COMPARE: spot=76092.8 fut=76620.0 basis(fut-spot)=527.2 | SR_future=76500 SR_spot=76000 SR_diff=500 | PCRwin_future=76600 PCRwin_spot=76100
CEoich val =  1242100.0  PEoich val =  39360.0 , CE > PE by 96.8%
SUPP_RES TOTAL OI: CE= 1569460  PE= 614100 , CE > PE by 60.9%
SPOT_SUPP_RES=== 76000  Buffer= 32
SPOT CEoich val =  513420.0  PEoich val =  805500.0 , CE < PE by 36.3%
SPOT_SUPP_RES TOTAL OI: CE= 579400  PE= 1276320 , CE < PE by 54.6%
OI_SUPP_RES: spot=76092.8 ATM=76100 (ATM_CE_OI=526700 ATM_PE_OI=695700) | SUPPORT=76000PE OI=1276320 (dist=-100) | RESISTANCE=76500CE OI=1569460 (dist=400)
OI_SUPPORT=== 76000
OI_SUPPORT CEoich val = 513420.0  PEoich val = 805500.0 , CE < PE by 36.3%
OI_SUPPORT TOTAL OI: CE= 579400  PE= 1276320 , CE < PE by 54.6%
OI_RESISTANCE=== 76500
OI_RESISTANCE CEoich val = 1242100.0  PEoich val = 39360.0 , CE > PE by 96.8%
OI_RESISTANCE TOTAL OI: CE= 1569460  PE= 614100 , CE > PE by 60.9%
IS_MORNING_WINDOW= False  (active 9:15-9:48 IST)
================================================
==== signal check time ==== 2026-09-07 14:36:00.689301
IS_CHOI_DIFF_GT_25PERC== True
RSI_VAL1== 46.59
RSI_VAL2== 46.59
FUT_3m_OHLC O= 76641.6  H= 76641.6  L= 76620.0  C= 76620.0  Range= 21.6
CHART_PATTERN_DETECTED: DOUBLE_TOP_FORMING | DOUBLE_BOTTOM_FORMING
  PATTERN_CONTEXT: Body= -21.6  Range= 21.6  ExpectedRange= 63.3  RangeRatio= 0.34  O= 76641.6  H= 76641.6  L= 76620.0  C= 76620.0
recent two = [np.float64(6.17), np.float64(6.13)]
newSynthFut =  76600
ATMStrike =  76100
AVG_OIPCR= 0.36
avgoiPCROld=  6.13
SUPP_RES = 76500
FUT LTP = 76620.0
CEchoi  PechOi = 1242100.0    39360.0
====================================
AVG_VOLPCR= 0.97
atmPCR= 0.39  belowATM  0.36
atmVolPCR= 0.83  belowATM  1.1
True   76620.0   76500   False   False   46.59
India VIX = 11.04  Spot Price = 76082.49
IV Regime = NORMAL (ADAPTIVE: P25= 11.03  P50= 11.29  P75= 11.38 ) | DailyRange = 1199.9 | 3minCandleRange = 63.1 (theoretical= 105.2 ) | ATMoptionMove = 28.4 | SL = 99 | Target = 99 | TrailTrigger = 28 | Spread = 300 | Buffer = 32
IV Params refreshed: {'vix': 11.04, 'bn_price': 76082.49, 'regime': 'NORMAL', 'regime_thresholds': 'P25=11.03 P50=11.29 P75=11.38', 'daily_range': 1199.9, 'candle_range': 63.1, 'atm_option_move': 28.4, 'sl_point': 99, 'target_point': 99, 'sl_pct_of_premium': 0.1, 'trail_trigger': 28, 'spread_width': 300, 'support_resistance_buffer': 32}
===
====after 3 min ochain==== 2026-09-07 14:39:00.027641
                                    oipcr   choipcr   CE_OI / PE_OI (same strike)
pcr1 =  BSE:SENSEX2691076900PE   0.21   -0.29 CALL added 189820   PUT unwind -55180  CE_OI=441980 PE_OI=94540
pcr2 =  BSE:SENSEX2691076800PE   0.22   -0.32 CALL added 305000   PUT unwind -98120  CE_OI=611000 PE_OI=137400
pcr3 =  BSE:SENSEX2691076700CE   0.2   -0.74 CALL added 299260   PUT unwind -222620  CE_OI=729760 PE_OI=144740
pcr4 =  BSE:SENSEX2691076600CE   0.25   -0.58 CALL added 356280   PUT unwind -207200  CE_OI=724980 PE_OI=182800
pcr5 =  BSE:SENSEX2691076500CE   0.39   0.03 CALL added 1248520   PUT added 40180  CE_OI=1575880 PE_OI=614920
pcr6 =  BSE:SENSEX2691076400PE   0.36    0.17 CALL added 914140   PUT added 159460  CE_OI=964680 PE_OI=346500
pcr7 =  BSE:SENSEX2691076300CE   0.57   0.36 CALL added 946440   PUT added 338800  CE_OI=984020 PE_OI=560840
pcr8 =  BSE:SENSEX2691076200PE   1.01   0.57 CALL added 666740   PUT added 382080  CE_OI=698380 PE_OI=708420
pcr9 =  BSE:SENSEX2691076100PE   1.31   1.07 CALL added 520100   PUT added 554680  CE_OI=539580 PE_OI=708240
pcr10 =  BSE:SENSEX2691076000PE   2.22   1.59 CALL added 517180   PUT added 821200  CE_OI=583160 PE_OI=1292020
pcr11 =  BSE:SENSEX2691075900PE   4.24   3.46 CALL added 82300   PUT added 285080  CE_OI=89720 PE_OI=380740
pcr12 =  BSE:SENSEX2691075800PE   4.39   3.2 CALL added 76000   PUT added 243520  CE_OI=80540 PE_OI=353580
pcr13 =  BSE:SENSEX2691075700CE   8.91   6.57 CALL added 23540   PUT added 154620  CE_OI=26980 PE_OI=240340
pcr14 =  BSE:SENSEX2691075600CE   14.87   9.79 CALL added 14040   PUT added 137420  CE_OI=17880 PE_OI=265840
pcr15 =  BSE:SENSEX2691075500CE   9.68   5.93 CALL added 35420   PUT added 210080  CE_OI=61040 PE_OI=590820
pcr16 =  BSE:SENSEX2691075400CE   28.21   16.82 CALL added 5640   PUT added 94880  CE_OI=7980 PE_OI=225120
pcr17 =  BSE:SENSEX2691075300PE   28.99   3.53 CALL added 3380   PUT added 11920  CE_OI=6280 PE_OI=182060
PCRSUM== 106.03
pcrSummation== 3.21
VOLPCRSUM== 8.73
spotLTP =  76073.72  ATM_STRIKE =  76100
IS_ATM_STRIKE_SHIFT = False  mapStrike = {76100: 76100}
avgOiPcrList2 = [np.float64(6.17), np.float64(6.13), np.float64(6.24)] atmStrikeNotShiftedCount= 18
False   18   3
SUPP_RES=== 76500  Buffer= 32
ANCHOR_COMPARE: spot=76073.72 fut=76599.95 basis(fut-spot)=526.23 | SR_future=76500 SR_spot=76000 SR_diff=500 | PCRwin_future=76600 PCRwin_spot=76100
CEoich val =  1248520.0  PEoich val =  40180.0 , CE > PE by 96.8%
SUPP_RES TOTAL OI: CE= 1575880  PE= 614920 , CE > PE by 61.0%
SPOT_SUPP_RES=== 76000  Buffer= 32
SPOT CEoich val =  517180.0  PEoich val =  821200.0 , CE < PE by 37.0%
SPOT_SUPP_RES TOTAL OI: CE= 583160  PE= 1292020 , CE < PE by 54.9%
OI_SUPP_RES: spot=76073.72 ATM=76100 (ATM_CE_OI=539580 ATM_PE_OI=708240) | SUPPORT=76000PE OI=1292020 (dist=-100) | RESISTANCE=76500CE OI=1575880 (dist=400)
OI_SUPPORT=== 76000
OI_SUPPORT CEoich val = 517180.0  PEoich val = 821200.0 , CE < PE by 37.0%
OI_SUPPORT TOTAL OI: CE= 583160  PE= 1292020 , CE < PE by 54.9%
OI_RESISTANCE=== 76500
OI_RESISTANCE CEoich val = 1248520.0  PEoich val = 40180.0 , CE > PE by 96.8%
OI_RESISTANCE TOTAL OI: CE= 1575880  PE= 614920 , CE > PE by 61.0%
IS_MORNING_WINDOW= False  (active 9:15-9:48 IST)
================================================
==== signal check time ==== 2026-09-07 14:39:00.771440
IS_CHOI_DIFF_GT_25PERC== True
RSI_VAL1== 41.37
RSI_VAL2== 41.37
FUT_3m_OHLC O= 76603.0  H= 76654.0  L= 76600.0  C= 76600.0  Range= 54.1
CHART_PATTERN_DETECTED: SHOOTING_STAR | OUTSIDE_BAR | DOUBLE_TOP_FORMING
  PATTERN_CONTEXT: Body= -3.1  Range= 54.1  ExpectedRange= 63.1  RangeRatio= 0.86  O= 76603.0  H= 76654.0  L= 76600.0  C= 76600.0
recent two = [np.float64(6.13), np.float64(6.24)]
newSynthFut =  76600
ATMStrike =  76100
AVG_OIPCR= 0.36
avgoiPCROld=  6.24
SUPP_RES = 76500
FUT LTP = 76599.95
CEchoi  PechOi = 1248520.0    40180.0
====================================
AVG_VOLPCR= 0.97
atmPCR= 0.39  belowATM  0.36
atmVolPCR= 0.83  belowATM  1.1
True   76599.95   76500   False   False   41.37
India VIX = 11.11  Spot Price = 76044.22
IV Regime = NORMAL (ADAPTIVE: P25= 11.03  P50= 11.29  P75= 11.38 ) | DailyRange = 1206.9 | 3minCandleRange = 63.5 (theoretical= 105.9 ) | ATMoptionMove = 28.6 | SL = 100 | Target = 100 | TrailTrigger = 29 | Spread = 300 | Buffer = 32
IV Params refreshed: {'vix': 11.11, 'bn_price': 76044.22, 'regime': 'NORMAL', 'regime_thresholds': 'P25=11.03 P50=11.29 P75=11.38', 'daily_range': 1206.9, 'candle_range': 63.5, 'atm_option_move': 28.6, 'sl_point': 100, 'target_point': 100, 'sl_pct_of_premium': 0.1, 'trail_trigger': 29, 'spread_width': 300, 'support_resistance_buffer': 32}
===
====after 3 min ochain==== 2026-09-07 14:42:00.024559
                                    oipcr   choipcr   CE_OI / PE_OI (same strike)
pcr1 =  BSE:SENSEX2691076800PE   0.23   -0.33 CALL added 296240   PUT unwind -99020  CE_OI=602240 PE_OI=136500
pcr2 =  BSE:SENSEX2691076700CE   0.2   -0.76 CALL added 296080   PUT unwind -223760  CE_OI=726580 PE_OI=143600
pcr3 =  BSE:SENSEX2691076600CE   0.25   -0.59 CALL added 353120   PUT unwind -209960  CE_OI=721820 PE_OI=180040
pcr4 =  BSE:SENSEX2691076500CE   0.38   0.03 CALL added 1253280   PUT added 32840  CE_OI=1580640 PE_OI=607580
pcr5 =  BSE:SENSEX2691076400PE   0.35   0.16 CALL added 914820   PUT added 149640  CE_OI=965360 PE_OI=336680
pcr6 =  BSE:SENSEX2691076300CE   0.56    0.35 CALL added 953400   PUT added 332500  CE_OI=990980 PE_OI=554540
pcr7 =  BSE:SENSEX2691076200PE   0.93   0.49 CALL added 668380   PUT added 326060  CE_OI=700020 PE_OI=652400
pcr8 =  BSE:SENSEX2691076100PE   1.27   1.02 CALL added 525700   PUT added 536650  CE_OI=545180 PE_OI=690210
pcr9 =  BSE:SENSEX2691076000PE   2.2   1.56 CALL added 506580   PUT added 787820  CE_OI=572560 PE_OI=1258640
pcr10 =  BSE:SENSEX2691075900PE   4.14   3.37 CALL added 83820   PUT added 282460  CE_OI=91240 PE_OI=378120
pcr11 =  BSE:SENSEX2691075800PE   4.25   3.07 CALL added 76880   PUT added 236280  CE_OI=81420 PE_OI=346340
pcr12 =  BSE:SENSEX2691075700CE   9.23   6.85 CALL added 22660   PUT added 155120  CE_OI=26100 PE_OI=240840
pcr13 =  BSE:SENSEX2691075600CE   14.96   9.88 CALL added 13980   PUT added 138100  CE_OI=17820 PE_OI=266520
pcr14 =  BSE:SENSEX2691075500CE   9.69   5.97 CALL added 35620   PUT added 212500  CE_OI=61240 PE_OI=593240
pcr15 =  BSE:SENSEX2691075400CE   28.67   17.52 CALL added 5660   PUT added 99140  CE_OI=8000 PE_OI=229380
pcr16 =  BSE:SENSEX2691075300PE   28.61   2.81 CALL added 3380   PUT added 9500  CE_OI=6280 PE_OI=179640
pcr17 =  BSE:SENSEX2691075200PE   91.25   33.83 CALL added 2720   PUT added 92020  CE_OI=2940 PE_OI=268280
PCRSUM== 197.17
pcrSummation== 2.9
VOLPCRSUM== 11.340000000000002
spotLTP =  76044.22  ATM_STRIKE =  76000
IS_ATM_STRIKE_SHIFT = True  mapStrike = {76000: 76000}
avgOiPcrList2 = [np.float64(11.6)] atmStrikeNotShiftedCount= 1
True   1   1
SUPP_RES=== 76500  Buffer= 32
ANCHOR_COMPARE: spot=76044.22 fut=76601.45 basis(fut-spot)=557.23 | SR_future=76500 SR_spot=76000 SR_diff=500 | PCRwin_future=76600 PCRwin_spot=76000
CEoich val =  1253280.0  PEoich val =  32840.0 , CE > PE by 97.4%
SUPP_RES TOTAL OI: CE= 1580640  PE= 607580 , CE > PE by 61.6%
SPOT_SUPP_RES=== 76000  Buffer= 32
SPOT CEoich val =  506580.0  PEoich val =  787820.0 , CE < PE by 35.7%
SPOT_SUPP_RES TOTAL OI: CE= 572560  PE= 1258640 , CE < PE by 54.5%
OI_SUPP_RES: spot=76044.22 ATM=76000 (ATM_CE_OI=572560 ATM_PE_OI=1258640) | SUPPORT=76000PE OI=1258640 (dist=0) | RESISTANCE=76500CE OI=1580640 (dist=500)
OI_SUPPORT=== 76000
OI_SUPPORT CEoich val = 506580.0  PEoich val = 787820.0 , CE < PE by 35.7%
OI_SUPPORT TOTAL OI: CE= 572560  PE= 1258640 , CE < PE by 54.5%
OI_RESISTANCE=== 76500
OI_RESISTANCE CEoich val = 1253280.0  PEoich val = 32840.0 , CE > PE by 97.4%
OI_RESISTANCE TOTAL OI: CE= 1580640  PE= 607580 , CE > PE by 61.6%
IS_MORNING_WINDOW= False  (active 9:15-9:48 IST)
================================================
==== signal check time ==== 2026-09-07 14:42:00.716807
IS_CHOI_DIFF_GT_25PERC== True
RSI_VAL1== 41.89
RSI_VAL2== 41.89
FUT_3m_OHLC O= 76600.0  H= 76613.8  L= 76590.0  C= 76601.4  Range= 23.9
CHART_PATTERN_DETECTED: DOUBLE_TOP_FORMING | DOUBLE_BOTTOM_FORMING
  PATTERN_CONTEXT: Body= 1.5  Range= 23.9  ExpectedRange= 63.5  RangeRatio= 0.38  O= 76600.0  H= 76613.8  L= 76590.0  C= 76601.4
newSynthFut =  76600
ATMStrike =  76000
AVG_OIPCR= 0.32
avgoiPCROld=  11.6
SUPP_RES = 76500
FUT LTP = 76601.45
CEchoi  PechOi = 1253280.0    32840.0
====================================
AVG_VOLPCR= 1.26
atmPCR= 0.35  belowATM  0.56
atmVolPCR= 1.09  belowATM  1.45
True   76601.45   76500   False   False   41.89
India VIX = 11.14  Spot Price = 76050.13
IV Regime = NORMAL (ADAPTIVE: P25= 11.03  P50= 11.29  P75= 11.38 ) | DailyRange = 1210.3 | 3minCandleRange = 63.7 (theoretical= 106.1 ) | ATMoptionMove = 28.7 | SL = 100 | Target = 100 | TrailTrigger = 29 | Spread = 300 | Buffer = 32
IV Params refreshed: {'vix': 11.14, 'bn_price': 76050.13, 'regime': 'NORMAL', 'regime_thresholds': 'P25=11.03 P50=11.29 P75=11.38', 'daily_range': 1210.3, 'candle_range': 63.7, 'atm_option_move': 28.7, 'sl_point': 100, 'target_point': 100, 'sl_pct_of_premium': 0.1, 'trail_trigger': 29, 'spread_width': 300, 'support_resistance_buffer': 32}
===
====after 3 min ochain==== 2026-09-07 14:45:00.028573
                                    oipcr   choipcr   CE_OI / PE_OI (same strike)
pcr1 =  BSE:SENSEX2691076900PE   0.22   -0.31 CALL added 179020   PUT unwind -55940  CE_OI=431180 PE_OI=93780
pcr2 =  BSE:SENSEX2691076800PE   0.23   -0.33 CALL added 300080   PUT unwind -98660  CE_OI=606080 PE_OI=136860
pcr3 =  BSE:SENSEX2691076700CE   0.2   -0.77 CALL added 290260   PUT unwind -223920  CE_OI=720760 PE_OI=143440
pcr4 =  BSE:SENSEX2691076600CE   0.25   -0.59 CALL added 352580   PUT unwind -208680  CE_OI=721280 PE_OI=181320
pcr5 =  BSE:SENSEX2691076500CE   0.39   0.03 CALL added 1244740   PUT added 32540  CE_OI=1572100 PE_OI=607280
pcr6 =  BSE:SENSEX2691076400PE   0.34    0.15 CALL added 913540   PUT added 140320  CE_OI=964080 PE_OI=327360
pcr7 =  BSE:SENSEX2691076300CE   0.54   0.33 CALL added 960120   PUT added 313040  CE_OI=997700 PE_OI=535080
pcr8 =  BSE:SENSEX2691076200PE   0.9   0.46 CALL added 675200   PUT added 308860  CE_OI=706840 PE_OI=635200
pcr9 =  BSE:SENSEX2691076100PE   1.26   1.02 CALL added 535680   PUT added 546540  CE_OI=555160 PE_OI=700100
pcr10 =  BSE:SENSEX2691076000PE   2.11   1.48 CALL added 524520   PUT added 777100  CE_OI=590500 PE_OI=1247920
pcr11 =  BSE:SENSEX2691075900PE   4.09   3.33 CALL added 86300   PUT added 287720  CE_OI=93720 PE_OI=383380
pcr12 =  BSE:SENSEX2691075800PE   4.17   2.99 CALL added 77220   PUT added 230740  CE_OI=81760 PE_OI=340800
pcr13 =  BSE:SENSEX2691075700CE   9.09   6.73 CALL added 23120   PUT added 155640  CE_OI=26560 PE_OI=241360
pcr14 =  BSE:SENSEX2691075600CE   14.19   9.01 CALL added 14280   PUT added 128660  CE_OI=18120 PE_OI=257080
pcr15 =  BSE:SENSEX2691075500CE   10.03   6.51 CALL added 35060   PUT added 228160  CE_OI=60680 PE_OI=608900
pcr16 =  BSE:SENSEX2691075400CE   29.67   19.03 CALL added 5720   PUT added 108860  CE_OI=8060 PE_OI=239100
pcr17 =  BSE:SENSEX2691075300PE   29.11   3.89 CALL added 3400   PUT added 13240  CE_OI=6300 PE_OI=183380
PCRSUM== 106.79
pcrSummation== 3.07
VOLPCRSUM== 8.71
spotLTP =  76050.13  ATM_STRIKE =  76100
IS_ATM_STRIKE_SHIFT = True  mapStrike = {76100: 76100}
avgOiPcrList2 = [np.float64(6.28)] atmStrikeNotShiftedCount= 1
True   1   1
SUPP_RES=== 76500  Buffer= 32
ANCHOR_COMPARE: spot=76050.13 fut=76608.9 basis(fut-spot)=558.77 | SR_future=76500 SR_spot=76000 SR_diff=500 | PCRwin_future=76600 PCRwin_spot=76100
CEoich val =  1244740.0  PEoich val =  32540.0 , CE > PE by 97.4%
SUPP_RES TOTAL OI: CE= 1572100  PE= 607280 , CE > PE by 61.4%
SPOT_SUPP_RES=== 76000  Buffer= 32
SPOT CEoich val =  524520.0  PEoich val =  777100.0 , CE < PE by 32.5%
SPOT_SUPP_RES TOTAL OI: CE= 590500  PE= 1247920 , CE < PE by 52.7%
OI_SUPP_RES: spot=76050.13 ATM=76100 (ATM_CE_OI=555160 ATM_PE_OI=700100) | SUPPORT=76000PE OI=1247920 (dist=-100) | RESISTANCE=76500CE OI=1572100 (dist=400)
OI_SUPPORT=== 76000
OI_SUPPORT CEoich val = 524520.0  PEoich val = 777100.0 , CE < PE by 32.5%
OI_SUPPORT TOTAL OI: CE= 590500  PE= 1247920 , CE < PE by 52.7%
OI_RESISTANCE=== 76500
OI_RESISTANCE CEoich val = 1244740.0  PEoich val = 32540.0 , CE > PE by 97.4%
OI_RESISTANCE TOTAL OI: CE= 1572100  PE= 607280 , CE > PE by 61.4%
IS_MORNING_WINDOW= False  (active 9:15-9:48 IST)
================================================
==== signal check time ==== 2026-09-07 14:45:00.896527
IS_CHOI_DIFF_GT_25PERC== True
RSI_VAL1== 44.54
RSI_VAL2== 44.54
FUT_3m_OHLC O= 76591.8  H= 76608.9  L= 76590.8  C= 76608.9  Range= 18.1
CHART_PATTERN_DETECTED: INSIDE_BAR | DOUBLE_BOTTOM_FORMING
  PATTERN_CONTEXT: Body= 17.0  Range= 18.1  ExpectedRange= 63.7  RangeRatio= 0.28  O= 76591.8  H= 76608.9  L= 76590.8  C= 76608.9
newSynthFut =  76600
ATMStrike =  76100
AVG_OIPCR= 0.34
avgoiPCROld=  6.28
SUPP_RES = 76500
FUT LTP = 76608.9
CEchoi  PechOi = 1244740.0    32540.0
====================================
AVG_VOLPCR= 0.97
atmPCR= 0.39  belowATM  0.34
atmVolPCR= 0.82  belowATM  1.09
True   76608.9   76500   False   False   44.54
India VIX = 11.17  Spot Price = 76028.66
IV Regime = NORMAL (ADAPTIVE: P25= 11.03  P50= 11.29  P75= 11.38 ) | DailyRange = 1213.2 | 3minCandleRange = 63.8 (theoretical= 106.4 ) | ATMoptionMove = 28.7 | SL = 101 | Target = 101 | TrailTrigger = 29 | Spread = 300 | Buffer = 32
IV Params refreshed: {'vix': 11.17, 'bn_price': 76028.66, 'regime': 'NORMAL', 'regime_thresholds': 'P25=11.03 P50=11.29 P75=11.38', 'daily_range': 1213.2, 'candle_range': 63.8, 'atm_option_move': 28.7, 'sl_point': 101, 'target_point': 101, 'sl_pct_of_premium': 0.1, 'trail_trigger': 29, 'spread_width': 300, 'support_resistance_buffer': 32}
===
====after 3 min ochain==== 2026-09-07 14:48:00.026281
                                    oipcr   choipcr   CE_OI / PE_OI (same strike)
pcr1 =  BSE:SENSEX2691076800PE   0.23   -0.34 CALL added 291760   PUT unwind -98960  CE_OI=597760 PE_OI=136560
pcr2 =  BSE:SENSEX2691076700CE   0.2   -0.78 CALL added 286420   PUT unwind -224820  CE_OI=716920 PE_OI=142540
pcr3 =  BSE:SENSEX2691076600CE   0.25   -0.61 CALL added 344780   PUT unwind -209040  CE_OI=713480 PE_OI=180960
pcr4 =  BSE:SENSEX2691076500CE   0.38   0.02 CALL added 1249180   PUT added 23740  CE_OI=1576540 PE_OI=598480
pcr5 =  BSE:SENSEX2691076400PE   0.33   0.15 CALL added 922920   PUT added 136240  CE_OI=973460 PE_OI=323280
pcr6 =  BSE:SENSEX2691076300CE   0.52    0.32 CALL added 967620   PUT added 305540  CE_OI=1005200 PE_OI=527580
pcr7 =  BSE:SENSEX2691076200PE   0.85   0.42 CALL added 687320   PUT added 285900  CE_OI=718960 PE_OI=612240
pcr8 =  BSE:SENSEX2691076100PE   1.19   0.95 CALL added 546400   PUT added 517120  CE_OI=565880 PE_OI=670680
pcr9 =  BSE:SENSEX2691076000PE   2.03   1.4 CALL added 534040   PUT added 745140  CE_OI=600020 PE_OI=1215960
pcr10 =  BSE:SENSEX2691075900PE   3.97   3.22 CALL added 88840   PUT added 286400  CE_OI=96260 PE_OI=382060
pcr11 =  BSE:SENSEX2691075800PE   4.08   2.92 CALL added 78440   PUT added 228760  CE_OI=82980 PE_OI=338820
pcr12 =  BSE:SENSEX2691075700CE   8.81   6.48 CALL added 23840   PUT added 154500  CE_OI=27280 PE_OI=240220
pcr13 =  BSE:SENSEX2691075600CE   13.52   8.3 CALL added 14640   PUT added 121520  CE_OI=18480 PE_OI=249940
pcr14 =  BSE:SENSEX2691075500CE   9.78   6.08 CALL added 35220   PUT added 214160  CE_OI=60840 PE_OI=594900
pcr15 =  BSE:SENSEX2691075400CE   28.11   17.36 CALL added 6000   PUT added 104160  CE_OI=8340 PE_OI=234400
pcr16 =  BSE:SENSEX2691075300PE   27.57   3.19 CALL added 3700   PUT added 11820  CE_OI=6600 PE_OI=181960
pcr17 =  BSE:SENSEX2691075200PE   81.88   30.17 CALL added 3060   PUT added 92320  CE_OI=3280 PE_OI=268580
PCRSUM== 183.7
pcrSummation== 2.76
VOLPCRSUM== 11.39
spotLTP =  76028.66  ATM_STRIKE =  76000
IS_ATM_STRIKE_SHIFT = True  mapStrike = {76000: 76000}
avgOiPcrList2 = [np.float64(10.81)] atmStrikeNotShiftedCount= 1
True   1   1
SUPP_RES=== 76500  Buffer= 32
ANCHOR_COMPARE: spot=76028.66 fut=76605.05 basis(fut-spot)=576.39 | SR_future=76500 SR_spot=76000 SR_diff=500 | PCRwin_future=76600 PCRwin_spot=76000
CEoich val =  1249180.0  PEoich val =  23740.0 , CE > PE by 98.1%
SUPP_RES TOTAL OI: CE= 1576540  PE= 598480 , CE > PE by 62.0%
SPOT_SUPP_RES=== 76000  Buffer= 32
SPOT CEoich val =  534040.0  PEoich val =  745140.0 , CE < PE by 28.3%
SPOT_SUPP_RES TOTAL OI: CE= 600020  PE= 1215960 , CE < PE by 50.7%
OI_SUPP_RES: spot=76028.66 ATM=76000 (ATM_CE_OI=600020 ATM_PE_OI=1215960) | SUPPORT=76000PE OI=1215960 (dist=0) | RESISTANCE=76500CE OI=1576540 (dist=500)
OI_SUPPORT=== 76000
OI_SUPPORT CEoich val = 534040.0  PEoich val = 745140.0 , CE < PE by 28.3%
OI_SUPPORT TOTAL OI: CE= 600020  PE= 1215960 , CE < PE by 50.7%
OI_RESISTANCE=== 76500
OI_RESISTANCE CEoich val = 1249180.0  PEoich val = 23740.0 , CE > PE by 98.1%
OI_RESISTANCE TOTAL OI: CE= 1576540  PE= 598480 , CE > PE by 62.0%
IS_MORNING_WINDOW= False  (active 9:15-9:48 IST)
================================================
==== signal check time ==== 2026-09-07 14:48:00.733684
IS_CHOI_DIFF_GT_25PERC== True
RSI_VAL1== 43.44
RSI_VAL2== 43.44
FUT_3m_OHLC O= 76589.8  H= 76605.0  L= 76589.8  C= 76605.0  Range= 15.2
CHART_PATTERN_DETECTED: DOUBLE_BOTTOM_FORMING
  PATTERN_CONTEXT: Body= 15.2  Range= 15.2  ExpectedRange= 63.8  RangeRatio= 0.24  O= 76589.8  H= 76605.0  L= 76589.8  C= 76605.0
newSynthFut =  76600
ATMStrike =  76000
AVG_OIPCR= 0.31
avgoiPCROld=  10.81
SUPP_RES = 76500
FUT LTP = 76605.05
CEchoi  PechOi = 1249180.0    23740.0
====================================
AVG_VOLPCR= 1.27
atmPCR= 0.33  belowATM  0.52
atmVolPCR= 1.09  belowATM  1.45
True   76605.05   76500   False   False   43.44
India VIX = 11.13  Spot Price = 76035.91
IV Regime = NORMAL (ADAPTIVE: P25= 11.03  P50= 11.29  P75= 11.38 ) | DailyRange = 1209.0 | 3minCandleRange = 63.6 (theoretical= 106.0 ) | ATMoptionMove = 28.6 | SL = 100 | Target = 100 | TrailTrigger = 29 | Spread = 300 | Buffer = 32
IV Params refreshed: {'vix': 11.13, 'bn_price': 76035.91, 'regime': 'NORMAL', 'regime_thresholds': 'P25=11.03 P50=11.29 P75=11.38', 'daily_range': 1209.0, 'candle_range': 63.6, 'atm_option_move': 28.6, 'sl_point': 100, 'target_point': 100, 'sl_pct_of_premium': 0.1, 'trail_trigger': 29, 'spread_width': 300, 'support_resistance_buffer': 32}
===
====after 3 min ochain==== 2026-09-07 14:51:00.031050
                                    oipcr   choipcr   CE_OI / PE_OI (same strike)
pcr1 =  BSE:SENSEX2691076800PE   0.23   -0.34 CALL added 286540   PUT unwind -98700  CE_OI=592540 PE_OI=136820
pcr2 =  BSE:SENSEX2691076700CE   0.2   -0.8 CALL added 281720   PUT unwind -226320  CE_OI=712220 PE_OI=141040
pcr3 =  BSE:SENSEX2691076600CE   0.26   -0.61 CALL added 339760   PUT unwind -206900  CE_OI=708460 PE_OI=183100
pcr4 =  BSE:SENSEX2691076500CE   0.38   0.02 CALL added 1241740   PUT added 24800  CE_OI=1569100 PE_OI=599540
pcr5 =  BSE:SENSEX2691076400PE   0.33   0.14 CALL added 911500   PUT added 131620  CE_OI=962040 PE_OI=318660
pcr6 =  BSE:SENSEX2691076300CE   0.53    0.32 CALL added 959960   PUT added 306220  CE_OI=997540 PE_OI=528260
pcr7 =  BSE:SENSEX2691076200PE   0.84   0.41 CALL added 695000   PUT added 287560  CE_OI=726640 PE_OI=613900
pcr8 =  BSE:SENSEX2691076100PE   1.19   0.95 CALL added 545120   PUT added 519400  CE_OI=564600 PE_OI=672960
pcr9 =  BSE:SENSEX2691076000PE   2.01   1.38 CALL added 544160   PUT added 753580  CE_OI=610140 PE_OI=1224400
pcr10 =  BSE:SENSEX2691075900PE   4.36   3.57 CALL added 80920   PUT added 289100  CE_OI=88340 PE_OI=384760
pcr11 =  BSE:SENSEX2691075800PE   3.98   2.82 CALL added 79440   PUT added 223980  CE_OI=83980 PE_OI=334040
pcr12 =  BSE:SENSEX2691075700CE   8.72   6.39 CALL added 23900   PUT added 152720  CE_OI=27340 PE_OI=238440
pcr13 =  BSE:SENSEX2691075600CE   13.74   8.64 CALL added 14840   PUT added 128160  CE_OI=18680 PE_OI=256580
pcr14 =  BSE:SENSEX2691075500CE   9.63   5.84 CALL added 35340   PUT added 206540  CE_OI=60960 PE_OI=587280
pcr15 =  BSE:SENSEX2691075400CE   27.37   15.96 CALL added 5800   PUT added 92580  CE_OI=8140 PE_OI=222820
pcr16 =  BSE:SENSEX2691075300PE   27.21   2.55 CALL added 3700   PUT added 9420  CE_OI=6600 PE_OI=179560
pcr17 =  BSE:SENSEX2691075200PE   79.78   29.24 CALL added 3140   PUT added 91800  CE_OI=3360 PE_OI=268060
PCRSUM== 180.76
pcrSummation== 2.77
VOLPCRSUM== 11.39
spotLTP =  76035.91  ATM_STRIKE =  76000
IS_ATM_STRIKE_SHIFT = False  mapStrike = {76000: 76000}
avgOiPcrList2 = [np.float64(10.81), np.float64(10.63)] atmStrikeNotShiftedCount= 2
False   2   2
SUPP_RES=== 76500  Buffer= 32
ANCHOR_COMPARE: spot=76035.91 fut=76600.0 basis(fut-spot)=564.09 | SR_future=76500 SR_spot=76000 SR_diff=500 | PCRwin_future=76600 PCRwin_spot=76000
CEoich val =  1241740.0  PEoich val =  24800.0 , CE > PE by 98.0%
SUPP_RES TOTAL OI: CE= 1569100  PE= 599540 , CE > PE by 61.8%
SPOT_SUPP_RES=== 76000  Buffer= 32
SPOT CEoich val =  544160.0  PEoich val =  753580.0 , CE < PE by 27.8%
SPOT_SUPP_RES TOTAL OI: CE= 610140  PE= 1224400 , CE < PE by 50.2%
OI_SUPP_RES: spot=76035.91 ATM=76000 (ATM_CE_OI=610140 ATM_PE_OI=1224400) | SUPPORT=76000PE OI=1224400 (dist=0) | RESISTANCE=76500CE OI=1569100 (dist=500)
OI_SUPPORT=== 76000
OI_SUPPORT CEoich val = 544160.0  PEoich val = 753580.0 , CE < PE by 27.8%
OI_SUPPORT TOTAL OI: CE= 610140  PE= 1224400 , CE < PE by 50.2%
OI_RESISTANCE=== 76500
OI_RESISTANCE CEoich val = 1241740.0  PEoich val = 24800.0 , CE > PE by 98.0%
OI_RESISTANCE TOTAL OI: CE= 1569100  PE= 599540 , CE > PE by 61.8%
IS_MORNING_WINDOW= False  (active 9:15-9:48 IST)
================================================
==== signal check time ==== 2026-09-07 14:51:00.839358
IS_CHOI_DIFF_GT_25PERC== True
RSI_VAL1== 41.97
RSI_VAL2== 41.97
FUT_3m_OHLC O= 76605.0  H= 76605.0  L= 76600.0  C= 76600.0  Range= 5.1
CHART_PATTERN_DETECTED: INSIDE_BAR | DOUBLE_TOP_FORMING | DOUBLE_BOTTOM_FORMING
  PATTERN_CONTEXT: Body= -5.1  Range= 5.1  ExpectedRange= 63.6  RangeRatio= 0.08  O= 76605.0  H= 76605.0  L= 76600.0  C= 76600.0
newSynthFut =  76600
ATMStrike =  76000
AVG_OIPCR= 0.31
avgoiPCROld=  10.63
SUPP_RES = 76500
FUT LTP = 76600.0
CEchoi  PechOi = 1241740.0    24800.0
====================================
AVG_VOLPCR= 1.27
atmPCR= 0.33  belowATM  0.53
atmVolPCR= 1.09  belowATM  1.45
True   76600.0   76500   False   False   41.97
India VIX = 11.24  Spot Price = 76009.82
IV Regime = NORMAL (ADAPTIVE: P25= 11.03  P50= 11.29  P75= 11.38 ) | DailyRange = 1220.5 | 3minCandleRange = 64.2 (theoretical= 107.0 ) | ATMoptionMove = 28.9 | SL = 101 | Target = 101 | TrailTrigger = 29 | Spread = 300 | Buffer = 32
IV Params refreshed: {'vix': 11.24, 'bn_price': 76009.82, 'regime': 'NORMAL', 'regime_thresholds': 'P25=11.03 P50=11.29 P75=11.38', 'daily_range': 1220.5, 'candle_range': 64.2, 'atm_option_move': 28.9, 'sl_point': 101, 'target_point': 101, 'sl_pct_of_premium': 0.1, 'trail_trigger': 29, 'spread_width': 300, 'support_resistance_buffer': 32}
===
====after 3 min ochain==== 2026-09-07 14:54:00.003767
                                    oipcr   choipcr   CE_OI / PE_OI (same strike)
pcr1 =  BSE:SENSEX2691076800PE   0.23   -0.35 CALL added 286380   PUT unwind -99420  CE_OI=592380 PE_OI=136100
pcr2 =  BSE:SENSEX2691076700CE   0.2   -0.85 CALL added 265160   PUT unwind -226380  CE_OI=695660 PE_OI=140980
pcr3 =  BSE:SENSEX2691076600CE   0.26   -0.61 CALL added 339140   PUT unwind -208220  CE_OI=707840 PE_OI=181780
pcr4 =  BSE:SENSEX2691076500CE   0.39   0.02 CALL added 1222900   PUT added 25400  CE_OI=1550260 PE_OI=600140
pcr5 =  BSE:SENSEX2691076400PE   0.34   0.15 CALL added 905420   PUT added 134400  CE_OI=955960 PE_OI=321440
pcr6 =  BSE:SENSEX2691076300CE   0.53    0.32 CALL added 950580   PUT added 299800  CE_OI=988160 PE_OI=521840
pcr7 =  BSE:SENSEX2691076200PE   0.82   0.39 CALL added 688020   PUT added 266620  CE_OI=719660 PE_OI=592960
pcr8 =  BSE:SENSEX2691076100PE   1.14   0.9 CALL added 542360   PUT added 487140  CE_OI=561840 PE_OI=640700
pcr9 =  BSE:SENSEX2691076000PE   2.0   1.37 CALL added 541140   PUT added 741060  CE_OI=607120 PE_OI=1211880
pcr10 =  BSE:SENSEX2691075900PE   4.26   3.49 CALL added 82960   PUT added 289260  CE_OI=90380 PE_OI=384920
pcr11 =  BSE:SENSEX2691075800PE   4.01   2.84 CALL added 78620   PUT added 223640  CE_OI=83160 PE_OI=333700
pcr12 =  BSE:SENSEX2691075700CE   8.91   6.56 CALL added 23360   PUT added 153180  CE_OI=26800 PE_OI=238900
pcr13 =  BSE:SENSEX2691075600CE   13.93   8.63 CALL added 14120   PUT added 121840  CE_OI=17960 PE_OI=250260
pcr14 =  BSE:SENSEX2691075500CE   9.26   5.3 CALL added 36200   PUT added 191900  CE_OI=61820 PE_OI=572640
pcr15 =  BSE:SENSEX2691075400CE   26.88   15.27 CALL added 5800   PUT added 88540  CE_OI=8140 PE_OI=218780
pcr16 =  BSE:SENSEX2691075300PE   27.65   1.65 CALL added 3460   PUT added 5700  CE_OI=6360 PE_OI=175840
pcr17 =  BSE:SENSEX2691075200PE   80.44   28.28 CALL added 3040   PUT added 85960  CE_OI=3260 PE_OI=262220
PCRSUM== 181.25
pcrSummation== 2.77
VOLPCRSUM== 11.379999999999999
spotLTP =  76009.82  ATM_STRIKE =  76000
IS_ATM_STRIKE_SHIFT = False  mapStrike = {76000: 76000}
avgOiPcrList2 = [np.float64(10.81), np.float64(10.63), np.float64(10.66)] atmStrikeNotShiftedCount= 3
False   3   3
SUPP_RES=== 76500  Buffer= 32
ANCHOR_COMPARE: spot=76009.82 fut=76600.0 basis(fut-spot)=590.18 | SR_future=76500 SR_spot=76000 SR_diff=500 | PCRwin_future=76600 PCRwin_spot=76000
CEoich val =  1222900.0  PEoich val =  25400.0 , CE > PE by 97.9%
SUPP_RES TOTAL OI: CE= 1550260  PE= 600140 , CE > PE by 61.3%
SPOT_SUPP_RES=== 76000  Buffer= 32
SPOT CEoich val =  541140.0  PEoich val =  741060.0 , CE < PE by 27.0%
SPOT_SUPP_RES TOTAL OI: CE= 607120  PE= 1211880 , CE < PE by 49.9%
OI_SUPP_RES: spot=76009.82 ATM=76000 (ATM_CE_OI=607120 ATM_PE_OI=1211880) | SUPPORT=76000PE OI=1211880 (dist=0) | RESISTANCE=76500CE OI=1550260 (dist=500)
OI_SUPPORT=== 76000
OI_SUPPORT CEoich val = 541140.0  PEoich val = 741060.0 , CE < PE by 27.0%
OI_SUPPORT TOTAL OI: CE= 607120  PE= 1211880 , CE < PE by 49.9%
OI_RESISTANCE=== 76500
OI_RESISTANCE CEoich val = 1222900.0  PEoich val = 25400.0 , CE > PE by 97.9%
OI_RESISTANCE TOTAL OI: CE= 1550260  PE= 600140 , CE > PE by 61.3%
IS_MORNING_WINDOW= False  (active 9:15-9:48 IST)
================================================
==== signal check time ==== 2026-09-07 14:54:00.769972
IS_CHOI_DIFF_GT_25PERC== True
RSI_VAL1== 41.97
RSI_VAL2== 41.97
FUT_3m_OHLC O= 76600.0  H= 76600.0  L= 76600.0  C= 76600.0  Range= 0.0
CHART_PATTERN_DETECTED: INSIDE_BAR | DOUBLE_TOP_FORMING | DOUBLE_BOTTOM_FORMING
  PATTERN_CONTEXT: Body= 0.0  Range= 0.0  ExpectedRange= 64.2  RangeRatio= 0.0  O= 76600.0  H= 76600.0  L= 76600.0  C= 76600.0
recent two = [np.float64(10.63), np.float64(10.66)]
newSynthFut =  76600
ATMStrike =  76000
AVG_OIPCR= 0.31
avgoiPCROld=  10.66
SUPP_RES = 76500
FUT LTP = 76600.0
CEchoi  PechOi = 1222900.0    25400.0
====================================
AVG_VOLPCR= 1.26
atmPCR= 0.34  belowATM  0.53
atmVolPCR= 1.08  belowATM  1.45
True   76600.0   76500   False   False   41.97
India VIX = 11.22  Spot Price = 76017.04
IV Regime = NORMAL (ADAPTIVE: P25= 11.03  P50= 11.29  P75= 11.38 ) | DailyRange = 1218.4 | 3minCandleRange = 64.1 (theoretical= 106.9 ) | ATMoptionMove = 28.9 | SL = 101 | Target = 101 | TrailTrigger = 29 | Spread = 300 | Buffer = 32
IV Params refreshed: {'vix': 11.22, 'bn_price': 76017.04, 'regime': 'NORMAL', 'regime_thresholds': 'P25=11.03 P50=11.29 P75=11.38', 'daily_range': 1218.4, 'candle_range': 64.1, 'atm_option_move': 28.9, 'sl_point': 101, 'target_point': 101, 'sl_pct_of_premium': 0.1, 'trail_trigger': 29, 'spread_width': 300, 'support_resistance_buffer': 32}
===
====after 3 min ochain==== 2026-09-07 14:57:00.026673
                                    oipcr   choipcr   CE_OI / PE_OI (same strike)
pcr1 =  BSE:SENSEX2691076800PE   0.23   -0.34 CALL added 289360   PUT unwind -99560  CE_OI=595360 PE_OI=135960
pcr2 =  BSE:SENSEX2691076700CE   0.2   -0.85 CALL added 267780   PUT unwind -226880  CE_OI=698280 PE_OI=140480
pcr3 =  BSE:SENSEX2691076600CE   0.26   -0.61 CALL added 340180   PUT unwind -206620  CE_OI=708880 PE_OI=183380
pcr4 =  BSE:SENSEX2691076500CE   0.39   0.02 CALL added 1218920   PUT added 22120  CE_OI=1546280 PE_OI=596860
pcr5 =  BSE:SENSEX2691076400PE   0.33   0.14 CALL added 897100   PUT added 129100  CE_OI=947640 PE_OI=316140
pcr6 =  BSE:SENSEX2691076300CE   0.52    0.31 CALL added 946960   PUT added 291100  CE_OI=984540 PE_OI=513140
pcr7 =  BSE:SENSEX2691076200PE   0.82   0.38 CALL added 683780   PUT added 262880  CE_OI=715420 PE_OI=589220
pcr8 =  BSE:SENSEX2691076100PE   1.13   0.89 CALL added 546220   PUT added 486820  CE_OI=565700 PE_OI=640380
pcr9 =  BSE:SENSEX2691076000PE   1.99   1.37 CALL added 543060   PUT added 743900  CE_OI=609040 PE_OI=1214720
pcr10 =  BSE:SENSEX2691075900PE   4.28   3.52 CALL added 84100   PUT added 296080  CE_OI=91520 PE_OI=391740
pcr11 =  BSE:SENSEX2691075800PE   3.94   2.78 CALL added 79240   PUT added 220020  CE_OI=83780 PE_OI=330080
pcr12 =  BSE:SENSEX2691075700CE   8.89   6.53 CALL added 23300   PUT added 152120  CE_OI=26740 PE_OI=237840
pcr13 =  BSE:SENSEX2691075600CE   13.17   7.76 CALL added 14380   PUT added 111580  CE_OI=18220 PE_OI=240000
pcr14 =  BSE:SENSEX2691075500CE   9.36   5.49 CALL added 36440   PUT added 200180  CE_OI=62060 PE_OI=580920
pcr15 =  BSE:SENSEX2691075400CE   26.47   14.69 CALL added 5800   PUT added 85220  CE_OI=8140 PE_OI=215460
pcr16 =  BSE:SENSEX2691075300PE   27.28   1.13 CALL added 3480   PUT added 3920  CE_OI=6380 PE_OI=174060
pcr17 =  BSE:SENSEX2691075200PE   77.97   27.3 CALL added 3140   PUT added 85720  CE_OI=3360 PE_OI=261980
PCRSUM== 177.23
pcrSummation== 2.75
VOLPCRSUM== 11.379999999999999
spotLTP =  76018.22  ATM_STRIKE =  76000
IS_ATM_STRIKE_SHIFT = False  mapStrike = {76000: 76000}
avgOiPcrList2 = [np.float64(10.63), np.float64(10.66), np.float64(10.43)] atmStrikeNotShiftedCount= 4
False   4   3
SUPP_RES=== 76500  Buffer= 32
ANCHOR_COMPARE: spot=76018.22 fut=76609.05 basis(fut-spot)=590.83 | SR_future=76500 SR_spot=76000 SR_diff=500 | PCRwin_future=76600 PCRwin_spot=76000
CEoich val =  1218920.0  PEoich val =  22120.0 , CE > PE by 98.2%
SUPP_RES TOTAL OI: CE= 1546280  PE= 596860 , CE > PE by 61.4%
SPOT_SUPP_RES=== 76000  Buffer= 32
SPOT CEoich val =  543060.0  PEoich val =  743900.0 , CE < PE by 27.0%
SPOT_SUPP_RES TOTAL OI: CE= 609040  PE= 1214720 , CE < PE by 49.9%
OI_SUPP_RES: spot=76018.22 ATM=76000 (ATM_CE_OI=609040 ATM_PE_OI=1214720) | SUPPORT=76000PE OI=1214720 (dist=0) | RESISTANCE=76500CE OI=1546280 (dist=500)
OI_SUPPORT=== 76000
OI_SUPPORT CEoich val = 543060.0  PEoich val = 743900.0 , CE < PE by 27.0%
OI_SUPPORT TOTAL OI: CE= 609040  PE= 1214720 , CE < PE by 49.9%
OI_RESISTANCE=== 76500
OI_RESISTANCE CEoich val = 1218920.0  PEoich val = 22120.0 , CE > PE by 98.2%
OI_RESISTANCE TOTAL OI: CE= 1546280  PE= 596860 , CE > PE by 61.4%
IS_MORNING_WINDOW= False  (active 9:15-9:48 IST)
================================================
==== signal check time ==== 2026-09-07 14:57:00.714593
IS_CHOI_DIFF_GT_25PERC== True
RSI_VAL1== 45.78
RSI_VAL2== 45.78
FUT_3m_OHLC O= 76600.0  H= 76609.0  L= 76600.0  C= 76609.0  Range= 9.1
CHART_PATTERN_DETECTED: DOUBLE_TOP_FORMING | DOUBLE_BOTTOM_FORMING
  PATTERN_CONTEXT: Body= 9.1  Range= 9.1  ExpectedRange= 64.1  RangeRatio= 0.14  O= 76600.0  H= 76609.0  L= 76600.0  C= 76609.0
recent two = [np.float64(10.66), np.float64(10.43)]
newSynthFut =  76600
ATMStrike =  76000
AVG_OIPCR= 0.31
avgoiPCROld=  10.43
SUPP_RES = 76500
FUT LTP = 76609.05
CEchoi  PechOi = 1218920.0    22120.0
====================================
AVG_VOLPCR= 1.26
atmPCR= 0.33  belowATM  0.52
atmVolPCR= 1.08  belowATM  1.44
True   76609.05   76500   False   False   45.78
India VIX = 11.24  Spot Price = 75991.56
IV Regime = NORMAL (ADAPTIVE: P25= 11.03  P50= 11.29  P75= 11.38 ) | DailyRange = 1220.2 | 3minCandleRange = 64.2 (theoretical= 107.0 ) | ATMoptionMove = 28.9 | SL = 101 | Target = 101 | TrailTrigger = 29 | Spread = 300 | Buffer = 32
IV Params refreshed: {'vix': 11.24, 'bn_price': 75991.56, 'regime': 'NORMAL', 'regime_thresholds': 'P25=11.03 P50=11.29 P75=11.38', 'daily_range': 1220.2, 'candle_range': 64.2, 'atm_option_move': 28.9, 'sl_point': 101, 'target_point': 101, 'sl_pct_of_premium': 0.1, 'trail_trigger': 29, 'spread_width': 300, 'support_resistance_buffer': 32}
===
====after 3 min ochain==== 2026-09-07 15:00:00.024948
                                    oipcr   choipcr   CE_OI / PE_OI (same strike)
pcr1 =  BSE:SENSEX2691076800PE   0.23   -0.35 CALL added 285360   PUT unwind -100500  CE_OI=591360 PE_OI=135020
pcr2 =  BSE:SENSEX2691076700CE   0.2   -0.85 CALL added 265280   PUT unwind -226280  CE_OI=695780 PE_OI=141080
pcr3 =  BSE:SENSEX2691076600CE   0.26   -0.61 CALL added 338260   PUT unwind -206640  CE_OI=706960 PE_OI=183360
pcr4 =  BSE:SENSEX2691076500CE   0.39   0.02 CALL added 1209140   PUT added 22700  CE_OI=1536500 PE_OI=597440
pcr5 =  BSE:SENSEX2691076400PE   0.34   0.14 CALL added 866860   PUT added 125500  CE_OI=917400 PE_OI=312540
pcr6 =  BSE:SENSEX2691076300CE   0.51    0.29 CALL added 948440   PUT added 279000  CE_OI=986020 PE_OI=501040
pcr7 =  BSE:SENSEX2691076200PE   0.82   0.38 CALL added 683780   PUT added 262880  CE_OI=715420 PE_OI=589220
pcr8 =  BSE:SENSEX2691076100PE   1.14   0.9 CALL added 546320   PUT added 491680  CE_OI=565800 PE_OI=645240
pcr9 =  BSE:SENSEX2691076000PE   1.95   1.34 CALL added 554740   PUT added 742080  CE_OI=620720 PE_OI=1212900
pcr10 =  BSE:SENSEX2691075900PE   4.21   3.45 CALL added 84840   PUT added 292420  CE_OI=92260 PE_OI=388080
pcr11 =  BSE:SENSEX2691075800PE   3.94   2.79 CALL added 79980   PUT added 223340  CE_OI=84520 PE_OI=333400
pcr12 =  BSE:SENSEX2691075700CE   8.9   6.54 CALL added 23320   PUT added 152440  CE_OI=26760 PE_OI=238160
pcr13 =  BSE:SENSEX2691075600CE   13.2   7.78 CALL added 14320   PUT added 111380  CE_OI=18160 PE_OI=239800
pcr14 =  BSE:SENSEX2691075500CE   9.47   5.67 CALL added 36440   PUT added 206680  CE_OI=62060 PE_OI=587420
pcr15 =  BSE:SENSEX2691075400CE   25.47   13.29 CALL added 5800   PUT added 77080  CE_OI=8140 PE_OI=207320
pcr16 =  BSE:SENSEX2691075300PE   27.2   0.82 CALL added 3460   PUT added 2840  CE_OI=6360 PE_OI=172980
pcr17 =  BSE:SENSEX2691075200PE   76.35   25.57 CALL added 3140   PUT added 80280  CE_OI=3360 PE_OI=256540
PCRSUM== 174.58
pcrSummation== 2.75
VOLPCRSUM== 11.36
spotLTP =  75998.68  ATM_STRIKE =  76000
IS_ATM_STRIKE_SHIFT = False  mapStrike = {76000: 76000}
avgOiPcrList2 = [np.float64(10.66), np.float64(10.43), np.float64(10.27)] atmStrikeNotShiftedCount= 5
False   5   3
SUPP_RES=== 76500  Buffer= 32
ANCHOR_COMPARE: spot=75998.68 fut=76606.4 basis(fut-spot)=607.72 | SR_future=76500 SR_spot=76000 SR_diff=500 | PCRwin_future=76600 PCRwin_spot=76000
CEoich val =  1209140.0  PEoich val =  22700.0 , CE > PE by 98.1%
SUPP_RES TOTAL OI: CE= 1536500  PE= 597440 , CE > PE by 61.1%
SPOT_SUPP_RES=== 76000  Buffer= 32
SPOT CEoich val =  554740.0  PEoich val =  742080.0 , CE < PE by 25.2%
SPOT_SUPP_RES TOTAL OI: CE= 620720  PE= 1212900 , CE < PE by 48.8%
OI_SUPP_RES: spot=75998.68 ATM=76000 (ATM_CE_OI=620720 ATM_PE_OI=1212900) | SUPPORT=76000PE OI=1212900 (dist=0) | RESISTANCE=76500CE OI=1536500 (dist=500)
OI_SUPPORT=== 76000
OI_SUPPORT CEoich val = 554740.0  PEoich val = 742080.0 , CE < PE by 25.2%
OI_SUPPORT TOTAL OI: CE= 620720  PE= 1212900 , CE < PE by 48.8%
OI_RESISTANCE=== 76500
OI_RESISTANCE CEoich val = 1209140.0  PEoich val = 22700.0 , CE > PE by 98.1%
OI_RESISTANCE TOTAL OI: CE= 1536500  PE= 597440 , CE > PE by 61.1%
IS_MORNING_WINDOW= False  (active 9:15-9:48 IST)
================================================
==== signal check time ==== 2026-09-07 15:00:00.860275
IS_CHOI_DIFF_GT_25PERC== True
RSI_VAL1== 44.85
RSI_VAL2== 44.85
FUT_3m_OHLC O= 76609.0  H= 76609.0  L= 76565.0  C= 76606.4  Range= 44.1
CHART_PATTERN_DETECTED: HAMMER | DOUBLE_TOP_FORMING
  PATTERN_CONTEXT: Body= -2.7  Range= 44.1  ExpectedRange= 64.2  RangeRatio= 0.69  O= 76609.0  H= 76609.0  L= 76565.0  C= 76606.4
isPcrDecr = True
newSynthFut =  76600
ATMStrike =  76000
AVG_OIPCR= 0.31
avgoiPCROld=  10.27
SUPP_RES = 76500
FUT LTP = 76606.4
CEchoi  PechOi = 1209140.0    22700.0
====================================
AVG_VOLPCR= 1.26
atmPCR= 0.34  belowATM  0.51
atmVolPCR= 1.07  belowATM  1.45
True   76606.4   76500   False   True   44.85
no trade yet = [np.float64(10.66), np.float64(10.43), np.float64(10.27)]
India VIX = 11.2  Spot Price = 76027.01
IV Regime = NORMAL (ADAPTIVE: P25= 11.03  P50= 11.29  P75= 11.38 ) | DailyRange = 1216.4 | 3minCandleRange = 64.0 (theoretical= 106.7 ) | ATMoptionMove = 28.8 | SL = 101 | Target = 101 | TrailTrigger = 29 | Spread = 300 | Buffer = 32
IV Params refreshed: {'vix': 11.2, 'bn_price': 76027.01, 'regime': 'NORMAL', 'regime_thresholds': 'P25=11.03 P50=11.29 P75=11.38', 'daily_range': 1216.4, 'candle_range': 64.0, 'atm_option_move': 28.8, 'sl_point': 101, 'target_point': 101, 'sl_pct_of_premium': 0.1, 'trail_trigger': 29, 'spread_width': 300, 'support_resistance_buffer': 32}
===
====after 3 min ochain==== 2026-09-07 15:03:00.032273
                                    oipcr   choipcr   CE_OI / PE_OI (same strike)
pcr1 =  BSE:SENSEX2691076800PE   0.23   -0.36 CALL added 281800   PUT unwind -101180  CE_OI=587800 PE_OI=134340
pcr2 =  BSE:SENSEX2691076700CE   0.2   -0.88 CALL added 257160   PUT unwind -227100  CE_OI=687660 PE_OI=140260
pcr3 =  BSE:SENSEX2691076600CE   0.25   -0.63 CALL added 336580   PUT unwind -210900  CE_OI=705280 PE_OI=179100
pcr4 =  BSE:SENSEX2691076500CE   0.39   0.01 CALL added 1200940   PUT added 16880  CE_OI=1528300 PE_OI=591620
pcr5 =  BSE:SENSEX2691076400PE   0.35   0.15 CALL added 841900   PUT added 123160  CE_OI=892440 PE_OI=310200
pcr6 =  BSE:SENSEX2691076300CE   0.52    0.3 CALL added 927220   PUT added 276360  CE_OI=964800 PE_OI=498400
pcr7 =  BSE:SENSEX2691076200PE   0.83   0.38 CALL added 672160   PUT added 257980  CE_OI=703800 PE_OI=584320
pcr8 =  BSE:SENSEX2691076100PE   1.1   0.85 CALL added 539760   PUT added 459580  CE_OI=559240 PE_OI=613140
pcr9 =  BSE:SENSEX2691076000PE   1.93   1.31 CALL added 552220   PUT added 721840  CE_OI=618200 PE_OI=1192660
pcr10 =  BSE:SENSEX2691075900PE   4.22   3.47 CALL added 85340   PUT added 295860  CE_OI=92760 PE_OI=391520
pcr11 =  BSE:SENSEX2691075800PE   3.68   2.51 CALL added 80260   PUT added 201740  CE_OI=84800 PE_OI=311800
pcr12 =  BSE:SENSEX2691075700CE   8.91   6.53 CALL added 23120   PUT added 151000  CE_OI=26560 PE_OI=236720
pcr13 =  BSE:SENSEX2691075600CE   13.25   7.77 CALL added 14140   PUT added 109860  CE_OI=17980 PE_OI=238280
pcr14 =  BSE:SENSEX2691075500CE   9.57   5.87 CALL added 36680   PUT added 215480  CE_OI=62300 PE_OI=596220
pcr15 =  BSE:SENSEX2691075400CE   24.93   12.7 CALL added 5880   PUT added 74700  CE_OI=8220 PE_OI=204940
pcr16 =  BSE:SENSEX2691075300PE   27.52   0.95 CALL added 3400   PUT added 3240  CE_OI=6300 PE_OI=173380
pcr17 =  BSE:SENSEX2691075200PE   82.55   26.09 CALL added 2800   PUT added 73040  CE_OI=3020 PE_OI=249300
PCRSUM== 180.43
pcrSummation== 2.77
VOLPCRSUM== 11.309999999999999
spotLTP =  76027.01  ATM_STRIKE =  76000
IS_ATM_STRIKE_SHIFT = False  mapStrike = {76000: 76000}
avgOiPcrList2 = [np.float64(10.43), np.float64(10.27), np.float64(10.61)] atmStrikeNotShiftedCount= 6
False   6   3
SUPP_RES=== 76500  Buffer= 32
ANCHOR_COMPARE: spot=76027.01 fut=76618.4 basis(fut-spot)=591.39 | SR_future=76500 SR_spot=76000 SR_diff=500 | PCRwin_future=76600 PCRwin_spot=76000
CEoich val =  1200940.0  PEoich val =  16880.0 , CE > PE by 98.6%
SUPP_RES TOTAL OI: CE= 1528300  PE= 591620 , CE > PE by 61.3%
SPOT_SUPP_RES=== 76000  Buffer= 32
SPOT CEoich val =  552220.0  PEoich val =  721840.0 , CE < PE by 23.5%
SPOT_SUPP_RES TOTAL OI: CE= 618200  PE= 1192660 , CE < PE by 48.2%
OI_SUPP_RES: spot=76027.01 ATM=76000 (ATM_CE_OI=618200 ATM_PE_OI=1192660) | SUPPORT=76000PE OI=1192660 (dist=0) | RESISTANCE=76500CE OI=1528300 (dist=500)
OI_SUPPORT=== 76000
OI_SUPPORT CEoich val = 552220.0  PEoich val = 721840.0 , CE < PE by 23.5%
OI_SUPPORT TOTAL OI: CE= 618200  PE= 1192660 , CE < PE by 48.2%
OI_RESISTANCE=== 76500
OI_RESISTANCE CEoich val = 1200940.0  PEoich val = 16880.0 , CE > PE by 98.6%
OI_RESISTANCE TOTAL OI: CE= 1528300  PE= 591620 , CE > PE by 61.3%
IS_MORNING_WINDOW= False  (active 9:15-9:48 IST)
================================================
==== signal check time ==== 2026-09-07 15:03:00.707947
IS_CHOI_DIFF_GT_25PERC== True
RSI_VAL1== 49.82
RSI_VAL2== 49.82
FUT_3m_OHLC O= 76606.4  H= 76624.2  L= 76587.5  C= 76618.4  Range= 36.7
CHART_PATTERN_DETECTED: BULLISH_ENGULFING | DOUBLE_TOP_FORMING
  PATTERN_CONTEXT: Body= 12.0  Range= 36.7  ExpectedRange= 64.0  RangeRatio= 0.57  O= 76606.4  H= 76624.2  L= 76587.5  C= 76618.4
recent two = [np.float64(10.27), np.float64(10.61)]
newSynthFut =  76600
ATMStrike =  76000
AVG_OIPCR= 0.31
avgoiPCROld=  10.61
SUPP_RES = 76500
FUT LTP = 76618.4
CEchoi  PechOi = 1200940.0    16880.0
====================================
AVG_VOLPCR= 1.26
atmPCR= 0.35  belowATM  0.52
atmVolPCR= 1.07  belowATM  1.44
True   76618.4   76500   False   False   49.82
India VIX = 11.21  Spot Price = 76006.03
IV Regime = NORMAL (ADAPTIVE: P25= 11.03  P50= 11.29  P75= 11.38 ) | DailyRange = 1217.2 | 3minCandleRange = 64.1 (theoretical= 106.8 ) | ATMoptionMove = 28.8 | SL = 101 | Target = 101 | TrailTrigger = 29 | Spread = 300 | Buffer = 32
IV Params refreshed: {'vix': 11.21, 'bn_price': 76006.03, 'regime': 'NORMAL', 'regime_thresholds': 'P25=11.03 P50=11.29 P75=11.38', 'daily_range': 1217.2, 'candle_range': 64.1, 'atm_option_move': 28.8, 'sl_point': 101, 'target_point': 101, 'sl_pct_of_premium': 0.1, 'trail_trigger': 29, 'spread_width': 300, 'support_resistance_buffer': 32}
===
====after 3 min ochain==== 2026-09-07 15:06:00.025697
                                    oipcr   choipcr   CE_OI / PE_OI (same strike)
pcr1 =  BSE:SENSEX2691076800PE   0.23   -0.37 CALL added 273720   PUT unwind -102020  CE_OI=579720 PE_OI=133500
pcr2 =  BSE:SENSEX2691076700CE   0.2   -0.92 CALL added 250340   PUT unwind -230220  CE_OI=680840 PE_OI=137140
pcr3 =  BSE:SENSEX2691076600CE   0.25   -0.65 CALL added 330480   PUT unwind -213800  CE_OI=699180 PE_OI=176200
pcr4 =  BSE:SENSEX2691076500CE   0.39   0.02 CALL added 1183080   PUT added 18380  CE_OI=1510440 PE_OI=593120
pcr5 =  BSE:SENSEX2691076400PE   0.35   0.15 CALL added 829780   PUT added 124120  CE_OI=880320 PE_OI=311160
pcr6 =  BSE:SENSEX2691076300CE   0.52    0.3 CALL added 915940   PUT added 273400  CE_OI=953520 PE_OI=495440
pcr7 =  BSE:SENSEX2691076200PE   0.85   0.39 CALL added 652080   PUT added 254980  CE_OI=683720 PE_OI=581320
pcr8 =  BSE:SENSEX2691076100PE   1.13   0.88 CALL added 528720   PUT added 465500  CE_OI=548200 PE_OI=619060
pcr9 =  BSE:SENSEX2691076000PE   1.96   1.34 CALL added 546240   PUT added 732100  CE_OI=612220 PE_OI=1202920
pcr10 =  BSE:SENSEX2691075900PE   4.32   3.56 CALL added 82700   PUT added 294080  CE_OI=90120 PE_OI=389740
pcr11 =  BSE:SENSEX2691075800PE   3.75   2.6 CALL added 80980   PUT added 210240  CE_OI=85520 PE_OI=320300
pcr12 =  BSE:SENSEX2691075700CE   9.16   6.7 CALL added 22040   PUT added 147560  CE_OI=25480 PE_OI=233280
pcr13 =  BSE:SENSEX2691075600CE   12.66   6.97 CALL added 14040   PUT added 97880  CE_OI=17880 PE_OI=226300
pcr14 =  BSE:SENSEX2691075500CE   9.31   5.44 CALL added 36820   PUT added 200320  CE_OI=62440 PE_OI=581060
pcr15 =  BSE:SENSEX2691075400CE   24.53   12.27 CALL added 5940   PUT added 72900  CE_OI=8280 PE_OI=203140
pcr16 =  BSE:SENSEX2691075300PE   26.4   -1.13 CALL added 3400   PUT unwind -3840  CE_OI=6300 PE_OI=166300
pcr17 =  BSE:SENSEX2691075200PE   73.36   22.36 CALL added 3140   PUT added 70220  CE_OI=3360 PE_OI=246480
PCRSUM== 169.37
pcrSummation== 2.79
VOLPCRSUM== 11.29
spotLTP =  76006.03  ATM_STRIKE =  76000
IS_ATM_STRIKE_SHIFT = False  mapStrike = {76000: 76000}
avgOiPcrList2 = [np.float64(10.27), np.float64(10.61), np.float64(9.96)] atmStrikeNotShiftedCount= 7
False   7   3
SUPP_RES=== 76500  Buffer= 32
ANCHOR_COMPARE: spot=76006.03 fut=76600.0 basis(fut-spot)=593.97 | SR_future=76500 SR_spot=76000 SR_diff=500 | PCRwin_future=76600 PCRwin_spot=76000
CEoich val =  1183080.0  PEoich val =  18380.0 , CE > PE by 98.4%
SUPP_RES TOTAL OI: CE= 1510440  PE= 593120 , CE > PE by 60.7%
SPOT_SUPP_RES=== 76000  Buffer= 32
SPOT CEoich val =  546240.0  PEoich val =  732100.0 , CE < PE by 25.4%
SPOT_SUPP_RES TOTAL OI: CE= 612220  PE= 1202920 , CE < PE by 49.1%
OI_SUPP_RES: spot=76006.03 ATM=76000 (ATM_CE_OI=612220 ATM_PE_OI=1202920) | SUPPORT=76000PE OI=1202920 (dist=0) | RESISTANCE=76500CE OI=1510440 (dist=500)
OI_SUPPORT=== 76000
OI_SUPPORT CEoich val = 546240.0  PEoich val = 732100.0 , CE < PE by 25.4%
OI_SUPPORT TOTAL OI: CE= 612220  PE= 1202920 , CE < PE by 49.1%
OI_RESISTANCE=== 76500
OI_RESISTANCE CEoich val = 1183080.0  PEoich val = 18380.0 , CE > PE by 98.4%
OI_RESISTANCE TOTAL OI: CE= 1510440  PE= 593120 , CE > PE by 60.7%
IS_MORNING_WINDOW= False  (active 9:15-9:48 IST)
================================================
==== signal check time ==== 2026-09-07 15:06:00.792709
IS_CHOI_DIFF_GT_25PERC== True
RSI_VAL1== 43.37
RSI_VAL2== 43.37
FUT_3m_OHLC O= 76618.4  H= 76620.4  L= 76600.0  C= 76600.0  Range= 20.4
CHART_PATTERN_DETECTED: BEARISH_ENGULFING | INSIDE_BAR | DOUBLE_TOP_FORMING
  PATTERN_CONTEXT: Body= -18.4  Range= 20.4  ExpectedRange= 64.1  RangeRatio= 0.32  O= 76618.4  H= 76620.4  L= 76600.0  C= 76600.0
recent two = [np.float64(10.61), np.float64(9.96)]
newSynthFut =  76600
ATMStrike =  76000
AVG_OIPCR= 0.31
avgoiPCROld=  9.96
SUPP_RES = 76500
FUT LTP = 76600.0
CEchoi  PechOi = 1183080.0    18380.0
====================================
AVG_VOLPCR= 1.25
atmPCR= 0.35  belowATM  0.52
atmVolPCR= 1.06  belowATM  1.44
True   76600.0   76500   False   False   43.37
India VIX = 11.21  Spot Price = 75998.07
IV Regime = NORMAL (ADAPTIVE: P25= 11.03  P50= 11.29  P75= 11.38 ) | DailyRange = 1217.1 | 3minCandleRange = 64.0 (theoretical= 106.7 ) | ATMoptionMove = 28.8 | SL = 101 | Target = 101 | TrailTrigger = 29 | Spread = 300 | Buffer = 32
IV Params refreshed: {'vix': 11.21, 'bn_price': 75998.07, 'regime': 'NORMAL', 'regime_thresholds': 'P25=11.03 P50=11.29 P75=11.38', 'daily_range': 1217.1, 'candle_range': 64.0, 'atm_option_move': 28.8, 'sl_point': 101, 'target_point': 101, 'sl_pct_of_premium': 0.1, 'trail_trigger': 29, 'spread_width': 300, 'support_resistance_buffer': 32}
===
====after 3 min ochain==== 2026-09-07 15:09:00.036322
                                    oipcr   choipcr   CE_OI / PE_OI (same strike)
pcr1 =  BSE:SENSEX2691076800PE   0.23   -0.38 CALL added 268780   PUT unwind -102660  CE_OI=574780 PE_OI=132860
pcr2 =  BSE:SENSEX2691076700CE   0.2   -0.95 CALL added 244380   PUT unwind -230960  CE_OI=674880 PE_OI=136400
pcr3 =  BSE:SENSEX2691076600CE   0.25   -0.65 CALL added 328900   PUT unwind -214140  CE_OI=697600 PE_OI=175860
pcr4 =  BSE:SENSEX2691076500CE   0.4   0.02 CALL added 1161560   PUT added 18460  CE_OI=1488920 PE_OI=593200
pcr5 =  BSE:SENSEX2691076400PE   0.36   0.15 CALL added 822620   PUT added 124140  CE_OI=873160 PE_OI=311180
pcr6 =  BSE:SENSEX2691076300CE   0.51    0.29 CALL added 905600   PUT added 263320  CE_OI=943180 PE_OI=485360
pcr7 =  BSE:SENSEX2691076200PE   0.86   0.39 CALL added 649520   PUT added 256360  CE_OI=681160 PE_OI=582700
pcr8 =  BSE:SENSEX2691076100PE   1.13   0.88 CALL added 527860   PUT added 463600  CE_OI=547340 PE_OI=617160
pcr9 =  BSE:SENSEX2691076000PE   1.93   1.31 CALL added 548780   PUT added 718680  CE_OI=614760 PE_OI=1189500
pcr10 =  BSE:SENSEX2691075900PE   4.1   3.31 CALL added 82240   PUT added 272360  CE_OI=89660 PE_OI=368020
pcr11 =  BSE:SENSEX2691075800PE   3.76   2.58 CALL added 78680   PUT added 203040  CE_OI=83220 PE_OI=313100
pcr12 =  BSE:SENSEX2691075700CE   8.95   6.51 CALL added 22500   PUT added 146420  CE_OI=25940 PE_OI=232140
pcr13 =  BSE:SENSEX2691075600CE   13.07   7.53 CALL added 14120   PUT added 106360  CE_OI=17960 PE_OI=234780
pcr14 =  BSE:SENSEX2691075500CE   9.13   5.22 CALL added 37520   PUT added 195900  CE_OI=63140 PE_OI=576640
pcr15 =  BSE:SENSEX2691075400CE   22.96   10.41 CALL added 6100   PUT added 63520  CE_OI=8440 PE_OI=193760
pcr16 =  BSE:SENSEX2691075300PE   25.99   -1.4 CALL added 3460   PUT unwind -4840  CE_OI=6360 PE_OI=165300
pcr17 =  BSE:SENSEX2691075200PE   68.58   20.04 CALL added 3320   PUT added 66520  CE_OI=3540 PE_OI=242780
PCRSUM== 162.41
pcrSummation== 2.81
VOLPCRSUM== 11.25
spotLTP =  75998.07  ATM_STRIKE =  76000
IS_ATM_STRIKE_SHIFT = False  mapStrike = {76000: 76000}
avgOiPcrList2 = [np.float64(10.61), np.float64(9.96), np.float64(9.55)] atmStrikeNotShiftedCount= 8
False   8   3
SUPP_RES=== 76500  Buffer= 32
ANCHOR_COMPARE: spot=75998.07 fut=76615.0 basis(fut-spot)=616.93 | SR_future=76500 SR_spot=76000 SR_diff=500 | PCRwin_future=76600 PCRwin_spot=76000
CEoich val =  1161560.0  PEoich val =  18460.0 , CE > PE by 98.4%
SUPP_RES TOTAL OI: CE= 1488920  PE= 593200 , CE > PE by 60.2%
SPOT_SUPP_RES=== 76000  Buffer= 32
SPOT CEoich val =  548780.0  PEoich val =  718680.0 , CE < PE by 23.6%
SPOT_SUPP_RES TOTAL OI: CE= 614760  PE= 1189500 , CE < PE by 48.3%
OI_SUPP_RES: spot=75998.07 ATM=76000 (ATM_CE_OI=614760 ATM_PE_OI=1189500) | SUPPORT=76000PE OI=1189500 (dist=0) | RESISTANCE=76500CE OI=1488920 (dist=500)
OI_SUPPORT=== 76000
OI_SUPPORT CEoich val = 548780.0  PEoich val = 718680.0 , CE < PE by 23.6%
OI_SUPPORT TOTAL OI: CE= 614760  PE= 1189500 , CE < PE by 48.3%
OI_RESISTANCE=== 76500
OI_RESISTANCE CEoich val = 1161560.0  PEoich val = 18460.0 , CE > PE by 98.4%
OI_RESISTANCE TOTAL OI: CE= 1488920  PE= 593200 , CE > PE by 60.2%
IS_MORNING_WINDOW= False  (active 9:15-9:48 IST)
================================================
==== signal check time ==== 2026-09-07 15:09:00.790442
IS_CHOI_DIFF_GT_25PERC== True
RSI_VAL1== 49.15
RSI_VAL2== 49.15
FUT_3m_OHLC O= 76600.0  H= 76615.0  L= 76600.0  C= 76615.0  Range= 15.0
CHART_PATTERN_DETECTED: INSIDE_BAR | DOUBLE_TOP_FORMING
  PATTERN_CONTEXT: Body= 15.0  Range= 15.0  ExpectedRange= 64.0  RangeRatio= 0.23  O= 76600.0  H= 76615.0  L= 76600.0  C= 76615.0
isPcrDecr = True
newSynthFut =  76600
ATMStrike =  76000
AVG_OIPCR= 0.31
avgoiPCROld=  9.55
SUPP_RES = 76500
FUT LTP = 76615.0
CEchoi  PechOi = 1161560.0    18460.0
====================================
AVG_VOLPCR= 1.25
atmPCR= 0.36  belowATM  0.51
atmVolPCR= 1.06  belowATM  1.43
True   76615.0   76500   False   True   49.15
no trade yet = [np.float64(10.61), np.float64(9.96), np.float64(9.55)]
India VIX = 11.21  Spot Price = 75998.66
IV Regime = NORMAL (ADAPTIVE: P25= 11.03  P50= 11.29  P75= 11.38 ) | DailyRange = 1217.1 | 3minCandleRange = 64.0 (theoretical= 106.7 ) | ATMoptionMove = 28.8 | SL = 101 | Target = 101 | TrailTrigger = 29 | Spread = 300 | Buffer = 32
IV Params refreshed: {'vix': 11.21, 'bn_price': 75998.66, 'regime': 'NORMAL', 'regime_thresholds': 'P25=11.03 P50=11.29 P75=11.38', 'daily_range': 1217.1, 'candle_range': 64.0, 'atm_option_move': 28.8, 'sl_point': 101, 'target_point': 101, 'sl_pct_of_premium': 0.1, 'trail_trigger': 29, 'spread_width': 300, 'support_resistance_buffer': 32}
===
====after 3 min ochain==== 2026-09-07 15:12:00.029219
                                    oipcr   choipcr   CE_OI / PE_OI (same strike)
pcr1 =  BSE:SENSEX2691076800PE   0.23   -0.38 CALL added 268160   PUT unwind -103020  CE_OI=574160 PE_OI=132500
pcr2 =  BSE:SENSEX2691076700CE   0.2   -0.97 CALL added 238220   PUT unwind -231160  CE_OI=668720 PE_OI=136200
pcr3 =  BSE:SENSEX2691076600CE   0.25   -0.7 CALL added 313320   PUT unwind -218420  CE_OI=682020 PE_OI=171580
pcr4 =  BSE:SENSEX2691076500CE   0.39   -0.01 CALL added 1110620   PUT unwind -8560  CE_OI=1437980 PE_OI=566180
pcr5 =  BSE:SENSEX2691076400PE   0.35   0.15 CALL added 816140   PUT added 118620  CE_OI=866680 PE_OI=305660
pcr6 =  BSE:SENSEX2691076300CE   0.51    0.28 CALL added 888740   PUT added 252200  CE_OI=926320 PE_OI=474240
pcr7 =  BSE:SENSEX2691076200PE   0.83   0.34 CALL added 614980   PUT added 208420  CE_OI=646620 PE_OI=534760
pcr8 =  BSE:SENSEX2691076100PE   1.13   0.87 CALL added 511880   PUT added 447760  CE_OI=531360 PE_OI=601320
pcr9 =  BSE:SENSEX2691076000PE   1.89   1.27 CALL added 553600   PUT added 700700  CE_OI=619580 PE_OI=1171520
pcr10 =  BSE:SENSEX2691075900PE   4.17   3.36 CALL added 80040   PUT added 269140  CE_OI=87460 PE_OI=364800
pcr11 =  BSE:SENSEX2691075800PE   3.81   2.6 CALL added 76200   PUT added 197840  CE_OI=80740 PE_OI=307900
pcr12 =  BSE:SENSEX2691075700CE   9.2   6.76 CALL added 22180   PUT added 149940  CE_OI=25620 PE_OI=235660
pcr13 =  BSE:SENSEX2691075600CE   13.64   8.19 CALL added 13980   PUT added 114560  CE_OI=17820 PE_OI=242980
pcr14 =  BSE:SENSEX2691075500CE   8.86   4.85 CALL added 38240   PUT added 185300  CE_OI=63860 PE_OI=566040
pcr15 =  BSE:SENSEX2691075400CE   22.7   10.01 CALL added 6080   PUT added 60860  CE_OI=8420 PE_OI=191100
pcr16 =  BSE:SENSEX2691075300PE   27.0   -0.17 CALL added 3380   PUT unwind -560  CE_OI=6280 PE_OI=169580
pcr17 =  BSE:SENSEX2691075200PE   67.75   19.15 CALL added 3320   PUT added 63580  CE_OI=3540 PE_OI=239840
PCRSUM== 162.91
pcrSummation== 2.76
VOLPCRSUM== 11.24
spotLTP =  75997.28  ATM_STRIKE =  76000
IS_ATM_STRIKE_SHIFT = False  mapStrike = {76000: 76000}
avgOiPcrList2 = [np.float64(9.96), np.float64(9.55), np.float64(9.58)] atmStrikeNotShiftedCount= 9
False   9   3
SUPP_RES=== 76500  Buffer= 32
ANCHOR_COMPARE: spot=75997.28 fut=76557.45 basis(fut-spot)=560.17 | SR_future=76500 SR_spot=76000 SR_diff=500 | PCRwin_future=76600 PCRwin_spot=76000
CEoich val =  1110620.0  PEoich val =  -8560.0 , CE > PE by 100.8%
SUPP_RES TOTAL OI: CE= 1437980  PE= 566180 , CE > PE by 60.6%
SPOT_SUPP_RES=== 76000  Buffer= 32
SPOT CEoich val =  553600.0  PEoich val =  700700.0 , CE < PE by 21.0%
SPOT_SUPP_RES TOTAL OI: CE= 619580  PE= 1171520 , CE < PE by 47.1%
OI_SUPP_RES: spot=75997.28 ATM=76000 (ATM_CE_OI=619580 ATM_PE_OI=1171520) | SUPPORT=76000PE OI=1171520 (dist=0) | RESISTANCE=76500CE OI=1437980 (dist=500)
OI_SUPPORT=== 76000
OI_SUPPORT CEoich val = 553600.0  PEoich val = 700700.0 , CE < PE by 21.0%
OI_SUPPORT TOTAL OI: CE= 619580  PE= 1171520 , CE < PE by 47.1%
OI_RESISTANCE=== 76500
OI_RESISTANCE CEoich val = 1110620.0  PEoich val = -8560.0 , CE > PE by 100.8%
OI_RESISTANCE TOTAL OI: CE= 1437980  PE= 566180 , CE > PE by 60.6%
IS_MORNING_WINDOW= False  (active 9:15-9:48 IST)
CHOI_UNWIND: PE side unwinding at SUPP_RES (PEchoi=-8560.0) - CHOI-based logic skipped this cycle
================================================
==== signal check time ==== 2026-09-07 15:12:00.717831
IS_CHOI_DIFF_GT_25PERC== False
RSI_VAL1== 34.57
RSI_VAL2== 34.57
FUT_3m_OHLC O= 76604.0  H= 76604.0  L= 76557.4  C= 76557.4  Range= 46.6
CHART_PATTERN_DETECTED: DOUBLE_TOP_FORMING
  PATTERN_CONTEXT: Body= -46.6  Range= 46.6  ExpectedRange= 64.0  RangeRatio= 0.73  O= 76604.0  H= 76604.0  L= 76557.4  C= 76557.4
recent two = [np.float64(9.55), np.float64(9.58)]
newSynthFut =  76600
ATMStrike =  76000
AVG_OIPCR= 0.31
avgoiPCROld=  9.58
SUPP_RES = 76500
FUT LTP = 76557.45
CEchoi  PechOi = 1110620.0    -8560.0
====================================
AVG_VOLPCR= 1.25
atmPCR= 0.35  belowATM  0.51
atmVolPCR= 1.06  belowATM  1.43
False   76557.45   76500   False   False   34.57
India VIX = 11.19  Spot Price = 76042.19
IV Regime = NORMAL (ADAPTIVE: P25= 11.03  P50= 11.29  P75= 11.38 ) | DailyRange = 1215.6 | 3minCandleRange = 64.0 (theoretical= 106.6 ) | ATMoptionMove = 28.8 | SL = 101 | Target = 101 | TrailTrigger = 29 | Spread = 300 | Buffer = 32
IV Params refreshed: {'vix': 11.19, 'bn_price': 76042.19, 'regime': 'NORMAL', 'regime_thresholds': 'P25=11.03 P50=11.29 P75=11.38', 'daily_range': 1215.6, 'candle_range': 64.0, 'atm_option_move': 28.8, 'sl_point': 101, 'target_point': 101, 'sl_pct_of_premium': 0.1, 'trail_trigger': 29, 'spread_width': 300, 'support_resistance_buffer': 32}
===
====after 3 min ochain==== 2026-09-07 15:15:00.033770
                                    oipcr   choipcr   CE_OI / PE_OI (same strike)
pcr1 =  BSE:SENSEX2691076800PE   0.23   -0.38 CALL added 268160   PUT unwind -102620  CE_OI=574160 PE_OI=132900
pcr2 =  BSE:SENSEX2691076700CE   0.21   -0.98 CALL added 235540   PUT unwind -230540  CE_OI=666040 PE_OI=136820
pcr3 =  BSE:SENSEX2691076600CE   0.25   -0.74 CALL added 303280   PUT unwind -223680  CE_OI=671980 PE_OI=166320
pcr4 =  BSE:SENSEX2691076500CE   0.39   -0.02 CALL added 1078000   PUT unwind -21000  CE_OI=1405360 PE_OI=553740
pcr5 =  BSE:SENSEX2691076400PE   0.37   0.15 CALL added 776540   PUT added 118620  CE_OI=827080 PE_OI=305660
pcr6 =  BSE:SENSEX2691076300CE   0.5    0.27 CALL added 888740   PUT added 237800  CE_OI=926320 PE_OI=459840
pcr7 =  BSE:SENSEX2691076200PE   0.84   0.35 CALL added 601380   PUT added 208420  CE_OI=633020 PE_OI=534760
pcr8 =  BSE:SENSEX2691076100PE   1.14   0.88 CALL added 511880   PUT added 450420  CE_OI=531360 PE_OI=603980
pcr9 =  BSE:SENSEX2691076000PE   1.91   1.28 CALL added 546780   PUT added 700700  CE_OI=612760 PE_OI=1171520
pcr10 =  BSE:SENSEX2691075900PE   4.18   3.38 CALL added 80980   PUT added 273840  CE_OI=88400 PE_OI=369500
pcr11 =  BSE:SENSEX2691075800PE   3.95   2.73 CALL added 75120   PUT added 204740  CE_OI=79660 PE_OI=314800
pcr12 =  BSE:SENSEX2691075700CE   9.31   6.87 CALL added 21980   PUT added 150960  CE_OI=25420 PE_OI=236680
pcr13 =  BSE:SENSEX2691075600CE   14.15   8.62 CALL added 13400   PUT added 115460  CE_OI=17240 PE_OI=243880
pcr14 =  BSE:SENSEX2691075500CE   9.12   5.13 CALL added 36900   PUT added 189300  CE_OI=62520 PE_OI=570040
pcr15 =  BSE:SENSEX2691075400CE   22.77   9.9 CALL added 5980   PUT added 59220  CE_OI=8320 PE_OI=189460
pcr16 =  BSE:SENSEX2691075300PE   27.6   -0.21 CALL added 3240   PUT unwind -680  CE_OI=6140 PE_OI=169460
pcr17 =  BSE:SENSEX2691075200PE   68.05   18.27 CALL added 3240   PUT added 59200  CE_OI=3460 PE_OI=235460
PCRSUM== 164.97
pcrSummation== 2.79
VOLPCRSUM== 11.16
spotLTP =  76051.42  ATM_STRIKE =  76100
IS_ATM_STRIKE_SHIFT = True  mapStrike = {76100: 76100}
avgOiPcrList2 = [np.float64(9.7)] atmStrikeNotShiftedCount= 1
True   1   1
SUPP_RES=== 76500  Buffer= 32
ANCHOR_COMPARE: spot=76051.42 fut=76557.45 basis(fut-spot)=506.03 | SR_future=76500 SR_spot=76000 SR_diff=500 | PCRwin_future=76600 PCRwin_spot=76100
CEoich val =  1078000.0  PEoich val =  -21000.0 , CE > PE by 101.9%
SUPP_RES TOTAL OI: CE= 1405360  PE= 553740 , CE > PE by 60.6%
SPOT_SUPP_RES=== 76000  Buffer= 32
SPOT CEoich val =  546780.0  PEoich val =  700700.0 , CE < PE by 22.0%
SPOT_SUPP_RES TOTAL OI: CE= 612760  PE= 1171520 , CE < PE by 47.7%
OI_SUPP_RES: spot=76051.42 ATM=76100 (ATM_CE_OI=531360 ATM_PE_OI=603980) | SUPPORT=76000PE OI=1171520 (dist=-100) | RESISTANCE=76500CE OI=1405360 (dist=400)
OI_SUPPORT=== 76000
OI_SUPPORT CEoich val = 546780.0  PEoich val = 700700.0 , CE < PE by 22.0%
OI_SUPPORT TOTAL OI: CE= 612760  PE= 1171520 , CE < PE by 47.7%
OI_RESISTANCE=== 76500
OI_RESISTANCE CEoich val = 1078000.0  PEoich val = -21000.0 , CE > PE by 101.9%
OI_RESISTANCE TOTAL OI: CE= 1405360  PE= 553740 , CE > PE by 60.6%
IS_MORNING_WINDOW= False  (active 9:15-9:48 IST)
CHOI_UNWIND: PE side unwinding at SUPP_RES (PEchoi=-21000.0) - CHOI-based logic skipped this cycle
================================================
==== signal check time ==== 2026-09-07 15:15:00.779894
IS_CHOI_DIFF_GT_25PERC== False
RSI_VAL1== 34.57
RSI_VAL2== 34.57
FUT_3m_OHLC O= 76557.4  H= 76557.4  L= 76557.4  C= 76557.4  Range= 0.0
CHART_PATTERN_DETECTED: INSIDE_BAR | DOUBLE_TOP_FORMING | DOUBLE_BOTTOM_FORMING
  PATTERN_CONTEXT: Body= 0.0  Range= 0.0  ExpectedRange= 64.0  RangeRatio= 0.0  O= 76557.4  H= 76557.4  L= 76557.4  C= 76557.4
newSynthFut =  76600
ATMStrike =  76100
AVG_OIPCR= 0.31
avgoiPCROld=  9.7
SUPP_RES = 76500
FUT LTP = 76557.45
CEchoi  PechOi = 1078000.0    -21000.0
====================================
AVG_VOLPCR= 1.24
atmPCR= 0.37  belowATM  0.5
atmVolPCR= 1.05  belowATM  1.42
False   76557.45   76500   False   False   34.57
India VIX = 11.18  Spot Price = 76051.42
IV Regime = NORMAL (ADAPTIVE: P25= 11.03  P50= 11.29  P75= 11.38 ) | DailyRange = 1214.6 | 3minCandleRange = 63.9 (theoretical= 106.5 ) | ATMoptionMove = 28.8 | SL = 101 | Target = 101 | TrailTrigger = 29 | Spread = 300 | Buffer = 32
IV Params refreshed: {'vix': 11.18, 'bn_price': 76051.42, 'regime': 'NORMAL', 'regime_thresholds': 'P25=11.03 P50=11.29 P75=11.38', 'daily_range': 1214.6, 'candle_range': 63.9, 'atm_option_move': 28.8, 'sl_point': 101, 'target_point': 101, 'sl_pct_of_premium': 0.1, 'trail_trigger': 29, 'spread_width': 300, 'support_resistance_buffer': 32}
===
====after 3 min ochain==== 2026-09-07 15:18:00.027309
                                    oipcr   choipcr   CE_OI / PE_OI (same strike)
pcr1 =  BSE:SENSEX2691076900PE   0.24   -0.47 CALL added 126960   PUT unwind -59140  CE_OI=379120 PE_OI=90580
pcr2 =  BSE:SENSEX2691076800PE   0.24   -0.42 CALL added 244960   PUT unwind -101860  CE_OI=550960 PE_OI=133660
pcr3 =  BSE:SENSEX2691076700CE   0.22   -1.09 CALL added 209720   PUT unwind -228720  CE_OI=640220 PE_OI=138640
pcr4 =  BSE:SENSEX2691076600CE   0.25   -0.83 CALL added 276700   PUT unwind -228660  CE_OI=645400 PE_OI=161340
pcr5 =  BSE:SENSEX2691076500CE   0.4   -0.02 CALL added 1055400   PUT unwind -22900  CE_OI=1382760 PE_OI=551840
pcr6 =  BSE:SENSEX2691076400PE   0.36    0.13 CALL added 739060   PUT added 98260  CE_OI=789600 PE_OI=285300
pcr7 =  BSE:SENSEX2691076300CE   0.5   0.25 CALL added 813120   PUT added 206700  CE_OI=850700 PE_OI=428740
pcr8 =  BSE:SENSEX2691076200PE   0.88   0.35 CALL added 567800   PUT added 199740  CE_OI=599440 PE_OI=526080
pcr9 =  BSE:SENSEX2691076100PE   1.19   0.91 CALL added 471900   PUT added 430880  CE_OI=491380 PE_OI=584440
pcr10 =  BSE:SENSEX2691076000PE   1.96   1.33 CALL added 539980   PUT added 717260  CE_OI=605960 PE_OI=1188080
pcr11 =  BSE:SENSEX2691075900PE   4.26   3.42 CALL added 76200   PUT added 260420  CE_OI=83620 PE_OI=356080
pcr12 =  BSE:SENSEX2691075800PE   4.04   2.78 CALL added 72640   PUT added 201660  CE_OI=77180 PE_OI=311720
pcr13 =  BSE:SENSEX2691075700CE   9.57   6.98 CALL added 20440   PUT added 142740  CE_OI=23880 PE_OI=228460
pcr14 =  BSE:SENSEX2691075600CE   14.33   8.61 CALL added 12820   PUT added 110380  CE_OI=16660 PE_OI=238800
pcr15 =  BSE:SENSEX2691075500CE   9.35   5.34 CALL added 35200   PUT added 188120  CE_OI=60820 PE_OI=568860
pcr16 =  BSE:SENSEX2691075400CE   23.12   9.76 CALL added 5700   PUT added 55640  CE_OI=8040 PE_OI=185880
pcr17 =  BSE:SENSEX2691075300PE   27.72   -0.68 CALL added 3160   PUT unwind -2140  CE_OI=6060 PE_OI=168000
PCRSUM== 98.63
pcrSummation== 3.09
VOLPCRSUM== 8.45
spotLTP =  76051.42  ATM_STRIKE =  76100
IS_ATM_STRIKE_SHIFT = False  mapStrike = {76100: 76100}
avgOiPcrList2 = [np.float64(9.7), np.float64(5.8)] atmStrikeNotShiftedCount= 2
False   2   2
SUPP_RES=== 76500  Buffer= 32
ANCHOR_COMPARE: spot=76051.42 fut=76606.45 basis(fut-spot)=555.03 | SR_future=76500 SR_spot=76000 SR_diff=500 | PCRwin_future=76600 PCRwin_spot=76100
CEoich val =  1055400.0  PEoich val =  -22900.0 , CE > PE by 102.2%
SUPP_RES TOTAL OI: CE= 1382760  PE= 551840 , CE > PE by 60.1%
SPOT_SUPP_RES=== 76000  Buffer= 32
SPOT CEoich val =  539980.0  PEoich val =  717260.0 , CE < PE by 24.7%
SPOT_SUPP_RES TOTAL OI: CE= 605960  PE= 1188080 , CE < PE by 49.0%
OI_SUPP_RES: spot=76051.42 ATM=76100 (ATM_CE_OI=491380 ATM_PE_OI=584440) | SUPPORT=76000PE OI=1188080 (dist=-100) | RESISTANCE=76500CE OI=1382760 (dist=400)
OI_SUPPORT=== 76000
OI_SUPPORT CEoich val = 539980.0  PEoich val = 717260.0 , CE < PE by 24.7%
OI_SUPPORT TOTAL OI: CE= 605960  PE= 1188080 , CE < PE by 49.0%
OI_RESISTANCE=== 76500
OI_RESISTANCE CEoich val = 1055400.0  PEoich val = -22900.0 , CE > PE by 102.2%
OI_RESISTANCE TOTAL OI: CE= 1382760  PE= 551840 , CE > PE by 60.1%
IS_MORNING_WINDOW= False  (active 9:15-9:48 IST)
CHOI_UNWIND: PE side unwinding at SUPP_RES (PEchoi=-22900.0) - CHOI-based logic skipped this cycle
================================================
==== signal check time ==== 2026-09-07 15:18:00.729378
IS_CHOI_DIFF_GT_25PERC== False
RSI_VAL1== 49.39
RSI_VAL2== 49.39
FUT_3m_OHLC O= 76615.0  H= 76615.0  L= 76606.4  C= 76606.4  Range= 8.6
CHART_PATTERN_DETECTED: DOUBLE_TOP_FORMING
  PATTERN_CONTEXT: Body= -8.6  Range= 8.6  ExpectedRange= 63.9  RangeRatio= 0.13  O= 76615.0  H= 76615.0  L= 76606.4  C= 76606.4
newSynthFut =  76600
ATMStrike =  76100
AVG_OIPCR= 0.34
avgoiPCROld=  5.8
SUPP_RES = 76500
FUT LTP = 76606.45
CEchoi  PechOi = 1055400.0    -22900.0
====================================
AVG_VOLPCR= 0.94
atmPCR= 0.4  belowATM  0.36
atmVolPCR= 0.78  belowATM  1.04
False   76606.45   76500   False   False   49.39
India VIX = 11.19  Spot Price = 76051.42
IV Regime = NORMAL (ADAPTIVE: P25= 11.03  P50= 11.29  P75= 11.38 ) | DailyRange = 1215.7 | 3minCandleRange = 64.0 (theoretical= 106.6 ) | ATMoptionMove = 28.8 | SL = 101 | Target = 101 | TrailTrigger = 29 | Spread = 300 | Buffer = 32
IV Params refreshed: {'vix': 11.19, 'bn_price': 76051.42, 'regime': 'NORMAL', 'regime_thresholds': 'P25=11.03 P50=11.29 P75=11.38', 'daily_range': 1215.7, 'candle_range': 64.0, 'atm_option_move': 28.8, 'sl_point': 101, 'target_point': 101, 'sl_pct_of_premium': 0.1, 'trail_trigger': 29, 'spread_width': 300, 'support_resistance_buffer': 32}
===
====after 3 min ochain==== 2026-09-07 15:21:00.031731
                                    oipcr   choipcr   CE_OI / PE_OI (same strike)
pcr1 =  BSE:SENSEX2691076900PE   0.24   -0.53 CALL added 114900   PUT unwind -60880  CE_OI=367060 PE_OI=88840
pcr2 =  BSE:SENSEX2691076800PE   0.25   -0.45 CALL added 227540   PUT unwind -103340  CE_OI=533540 PE_OI=132180
pcr3 =  BSE:SENSEX2691076700CE   0.22   -1.29 CALL added 179160   PUT unwind -231420  CE_OI=609660 PE_OI=135940
pcr4 =  BSE:SENSEX2691076600CE   0.23   -0.94 CALL added 258960   PUT unwind -243040  CE_OI=627660 PE_OI=146960
pcr5 =  BSE:SENSEX2691076500CE   0.39   -0.03 CALL added 1043260   PUT unwind -34580  CE_OI=1370620 PE_OI=540160
pcr6 =  BSE:SENSEX2691076400PE   0.34    0.1 CALL added 714480   PUT added 69880  CE_OI=765020 PE_OI=256920
pcr7 =  BSE:SENSEX2691076300CE   0.48   0.22 CALL added 775800   PUT added 168020  CE_OI=813380 PE_OI=390060
pcr8 =  BSE:SENSEX2691076200PE   0.83   0.29 CALL added 553760   PUT added 158960  CE_OI=585400 PE_OI=485300
pcr9 =  BSE:SENSEX2691076100PE   1.14   0.86 CALL added 463740   PUT added 397180  CE_OI=483220 PE_OI=550740
pcr10 =  BSE:SENSEX2691076000PE   1.76   1.12 CALL added 552100   PUT added 616560  CE_OI=618080 PE_OI=1087380
pcr11 =  BSE:SENSEX2691075900PE   4.06   3.18 CALL added 74180   PUT added 235720  CE_OI=81600 PE_OI=331380
pcr12 =  BSE:SENSEX2691075800PE   3.8   2.4 CALL added 66240   PUT added 158980  CE_OI=70780 PE_OI=269040
pcr13 =  BSE:SENSEX2691075700CE   9.83   6.88 CALL added 17560   PUT added 120780  CE_OI=21000 PE_OI=206500
pcr14 =  BSE:SENSEX2691075600CE   13.29   7.32 CALL added 12960   PUT added 94820  CE_OI=16800 PE_OI=223240
pcr15 =  BSE:SENSEX2691075500CE   9.0   4.62 CALL added 34320   PUT added 158660  CE_OI=59940 PE_OI=539400
pcr16 =  BSE:SENSEX2691075400CE   22.3   8.11 CALL added 5500   PUT added 44600  CE_OI=7840 PE_OI=174840
pcr17 =  BSE:SENSEX2691075300PE   29.34   -2.88 CALL added 2640   PUT unwind -7600  CE_OI=5540 PE_OI=162540
PCRSUM== 97.5
pcrSummation== 2.98
VOLPCRSUM== 8.43
spotLTP =  76051.42  ATM_STRIKE =  76100
IS_ATM_STRIKE_SHIFT = False  mapStrike = {76100: 76100}
avgOiPcrList2 = [np.float64(9.7), np.float64(5.8), np.float64(5.74)] atmStrikeNotShiftedCount= 3
False   3   3
SUPP_RES=== 76500  Buffer= 32
ANCHOR_COMPARE: spot=76051.42 fut=76594.05 basis(fut-spot)=542.63 | SR_future=76500 SR_spot=76000 SR_diff=500 | PCRwin_future=76600 PCRwin_spot=76100
CEoich val =  1043260.0  PEoich val =  -34580.0 , CE > PE by 103.3%
SUPP_RES TOTAL OI: CE= 1370620  PE= 540160 , CE > PE by 60.6%
SPOT_SUPP_RES=== 76000  Buffer= 32
SPOT CEoich val =  552100.0  PEoich val =  616560.0 , CE < PE by 10.5%
SPOT_SUPP_RES TOTAL OI: CE= 618080  PE= 1087380 , CE < PE by 43.2%
OI_SUPP_RES: spot=76051.42 ATM=76100 (ATM_CE_OI=483220 ATM_PE_OI=550740) | SUPPORT=76000PE OI=1087380 (dist=-100) | RESISTANCE=76500CE OI=1370620 (dist=400)
OI_SUPPORT=== 76000
OI_SUPPORT CEoich val = 552100.0  PEoich val = 616560.0 , CE < PE by 10.5%
OI_SUPPORT TOTAL OI: CE= 618080  PE= 1087380 , CE < PE by 43.2%
OI_RESISTANCE=== 76500
OI_RESISTANCE CEoich val = 1043260.0  PEoich val = -34580.0 , CE > PE by 103.3%
OI_RESISTANCE TOTAL OI: CE= 1370620  PE= 540160 , CE > PE by 60.6%
IS_MORNING_WINDOW= False  (active 9:15-9:48 IST)
CHOI_UNWIND: PE side unwinding at SUPP_RES (PEchoi=-34580.0) - CHOI-based logic skipped this cycle
================================================
==== signal check time ==== 2026-09-07 15:21:00.715803
IS_CHOI_DIFF_GT_25PERC== False
RSI_VAL1== 46.52
RSI_VAL2== 46.52
FUT_3m_OHLC O= 76606.4  H= 76606.4  L= 76550.0  C= 76594.0  Range= 56.4
CHART_PATTERN_DETECTED: HAMMER | DOUBLE_TOP_FORMING | DOUBLE_BOTTOM_FORMING
  PATTERN_CONTEXT: Body= -12.4  Range= 56.4  ExpectedRange= 64.0  RangeRatio= 0.88  O= 76606.4  H= 76606.4  L= 76550.0  C= 76594.0
isPcrDecr = True
newSynthFut =  76600
ATMStrike =  76100
AVG_OIPCR= 0.33
avgoiPCROld=  5.74
SUPP_RES = 76500
FUT LTP = 76594.05
CEchoi  PechOi = 1043260.0    -34580.0
====================================
AVG_VOLPCR= 0.94
atmPCR= 0.39  belowATM  0.34
atmVolPCR= 0.78  belowATM  1.04
False   76594.05   76500   False   True   46.52
no trade yet = [np.float64(9.7), np.float64(5.8), np.float64(5.74)]
End Of the Day
============================================================
DAILY_SUMMARY: Date= 2026-09-07  SpreadType= N/A  DTE= N/A  IVRank= N/A  PremRatio= N/A  SLCount= 0  TargetCount= 0
============================================================
