checkInstrument =  BSE:SENSEX-INDEX
sensexExpDate =  26AUG
BNFut (Sensex futures auto) = BSE:SENSEX26AUGFUT
 -- not entered waiting for time--- 9 : 14
 -- not entered waiting for time--- 9 : 14
 -- not entered waiting for time--- 9 : 14
 -- not entered waiting for time--- 9 : 14
 -- not entered waiting for time--- 9 : 14
 -- not entered waiting for time--- 9 : 14
 -- not entered waiting for time--- 9 : 14
 -- not entered waiting for time--- 9 : 14
 -- not entered waiting for time--- 9 : 14
 -- not entered waiting for time--- 9 : 14
 -- not entered waiting for time--- 9 : 14
 -- not entered waiting for time--- 9 : 14
 -- not entered waiting for time--- 9 : 14
 -- not entered waiting for time--- 9 : 14
 -- not entered waiting for time--- 9 : 14
 -- not entered waiting for time--- 9 : 14
 -- not entered waiting for time--- 9 : 14
 -- not entered waiting for time--- 9 : 14
 -- not entered waiting for time--- 9 : 14
 -- not entered waiting for time--- 9 : 14
 -- not entered waiting for time--- 9 : 14
 -- not entered waiting for time--- 9 : 14
 -- not entered waiting for time--- 9 : 14
 -- not entered waiting for time--- 9 : 14
 -- not entered waiting for time--- 9 : 14
 -- not entered waiting for time--- 9 : 14
 -- not entered waiting for time--- 9 : 14
 -- not entered waiting for time--- 9 : 14
 -- not entered waiting for time--- 9 : 14
 -- not entered waiting for time--- 9 : 14
 -- not entered waiting for time--- 9 : 14
 -- not entered waiting for time--- 9 : 14
 -- not entered waiting for time--- 9 : 14
 -- not entered waiting for time--- 9 : 14
 -- not entered waiting for time--- 9 : 14
 -- not entered waiting for time--- 9 : 14
 -- not entered waiting for time--- 9 : 14
 -- not entered waiting for time--- 9 : 14
 -- not entered waiting for time--- 9 : 15
 -- not entered waiting for time--- 9 : 15
 -- not entered waiting for time--- 9 : 15
 -- not entered waiting for time--- 9 : 15
 -- not entered waiting for time--- 9 : 15
 -- not entered waiting for time--- 9 : 15
 -- not entered waiting for time--- 9 : 15
 -- not entered waiting for time--- 9 : 15
 -- not entered waiting for time--- 9 : 15
 -- not entered waiting for time--- 9 : 15
 -- not entered waiting for time--- 9 : 15
 -- not entered waiting for time--- 9 : 15
 -- not entered waiting for time--- 9 : 15
 -- not entered waiting for time--- 9 : 15
 -- not entered waiting for time--- 9 : 15
 -- not entered waiting for time--- 9 : 15
 -- not entered waiting for time--- 9 : 15
 -- not entered waiting for time--- 9 : 15
 -- not entered waiting for time--- 9 : 15
 -- not entered waiting for time--- 9 : 15
 -- not entered waiting for time--- 9 : 15
 -- not entered waiting for time--- 9 : 15
 -- not entered waiting for time--- 9 : 15
 -- not entered waiting for time--- 9 : 15
 -- not entered waiting for time--- 9 : 15
 -- not entered waiting for time--- 9 : 15
 -- not entered waiting for time--- 9 : 15
 -- not entered waiting for time--- 9 : 15
 -- not entered waiting for time--- 9 : 15
 -- not entered waiting for time--- 9 : 15
 -- not entered waiting for time--- 9 : 15
 -- not entered waiting for time--- 9 : 15
 -- not entered waiting for time--- 9 : 15
 -- not entered waiting for time--- 9 : 15
 -- not entered waiting for time--- 9 : 15
 -- not entered waiting for time--- 9 : 15
 -- not entered waiting for time--- 9 : 15
 -- not entered waiting for time--- 9 : 15
 -- not entered waiting for time--- 9 : 15
 -- not entered waiting for time--- 9 : 15
 -- not entered waiting for time--- 9 : 15
 -- not entered waiting for time--- 9 : 15
 -- not entered waiting for time--- 9 : 15
 -- not entered waiting for time--- 9 : 15
 -- not entered waiting for time--- 9 : 15
 -- not entered waiting for time--- 9 : 15
 -- not entered waiting for time--- 9 : 15
 -- not entered waiting for time--- 9 : 15
 -- not entered waiting for time--- 9 : 15
 -- not entered waiting for time--- 9 : 15
 -- not entered waiting for time--- 9 : 15
 -- not entered waiting for time--- 9 : 15
 -- not entered waiting for time--- 9 : 15
 -- not entered waiting for time--- 9 : 15
 -- not entered waiting for time--- 9 : 15
 -- not entered waiting for time--- 9 : 15
 -- not entered waiting for time--- 9 : 15
 -- not entered waiting for time--- 9 : 15
 -- not entered waiting for time--- 9 : 15
 -- not entered waiting for time--- 9 : 15
 -- not entered waiting for time--- 9 : 16
 -- not entered waiting for time--- 9 : 16
 -- not entered waiting for time--- 9 : 16
 -- not entered waiting for time--- 9 : 16
 -- not entered waiting for time--- 9 : 16
 -- not entered waiting for time--- 9 : 16
 -- not entered waiting for time--- 9 : 16
 -- not entered waiting for time--- 9 : 16
 -- not entered waiting for time--- 9 : 16
 -- not entered waiting for time--- 9 : 16
 -- not entered waiting for time--- 9 : 16
 -- not entered waiting for time--- 9 : 16
 -- not entered waiting for time--- 9 : 16
 -- not entered waiting for time--- 9 : 16
 -- not entered waiting for time--- 9 : 16
 -- not entered waiting for time--- 9 : 16
 -- not entered waiting for time--- 9 : 16
 -- not entered waiting for time--- 9 : 16
 -- not entered waiting for time--- 9 : 16
 -- not entered waiting for time--- 9 : 16
 -- not entered waiting for time--- 9 : 16
 -- not entered waiting for time--- 9 : 16
 -- not entered waiting for time--- 9 : 16
 -- not entered waiting for time--- 9 : 16
 -- not entered waiting for time--- 9 : 16
 -- not entered waiting for time--- 9 : 16
 -- not entered waiting for time--- 9 : 16
 -- not entered waiting for time--- 9 : 16
 -- not entered waiting for time--- 9 : 16
 -- not entered waiting for time--- 9 : 16
 -- not entered waiting for time--- 9 : 16
 -- not entered waiting for time--- 9 : 16
 -- not entered waiting for time--- 9 : 16
 -- not entered waiting for time--- 9 : 16
 -- not entered waiting for time--- 9 : 16
 -- not entered waiting for time--- 9 : 16
 -- not entered waiting for time--- 9 : 16
 -- not entered waiting for time--- 9 : 16
 -- not entered waiting for time--- 9 : 16
 -- not entered waiting for time--- 9 : 16
 -- not entered waiting for time--- 9 : 16
 -- not entered waiting for time--- 9 : 16
 -- not entered waiting for time--- 9 : 16
 -- not entered waiting for time--- 9 : 16
 -- not entered waiting for time--- 9 : 16
 -- not entered waiting for time--- 9 : 16
 -- not entered waiting for time--- 9 : 16
 -- not entered waiting for time--- 9 : 16
 -- not entered waiting for time--- 9 : 16
 -- not entered waiting for time--- 9 : 16
 -- not entered waiting for time--- 9 : 16
 -- not entered waiting for time--- 9 : 16
 -- not entered waiting for time--- 9 : 16
 -- not entered waiting for time--- 9 : 16
 -- not entered waiting for time--- 9 : 16
 -- not entered waiting for time--- 9 : 16
 -- not entered waiting for time--- 9 : 16
 -- not entered waiting for time--- 9 : 16
 -- not entered waiting for time--- 9 : 16
 -- not entered waiting for time--- 9 : 16
Waiting for first candle to form. Current Second ==  0    2
Waiting for first candle to form. Current Second ==  1    2
Waiting for first candle to form. Current Second ==  2    2
Waiting for first candle to form. Current Second ==  3    2
Waiting for first candle to form. Current Second ==  4    2
Waiting for first candle to form. Current Second ==  5    2
Waiting for first candle to form. Current Second ==  6    2
Waiting for first candle to form. Current Second ==  7    2
Waiting for first candle to form. Current Second ==  8    2
Waiting for first candle to form. Current Second ==  9    2
Waiting for first candle to form. Current Second ==  10    2
Waiting for first candle to form. Current Second ==  11    2
Waiting for first candle to form. Current Second ==  12    2
Waiting for first candle to form. Current Second ==  13    2
Waiting for first candle to form. Current Second ==  14    2
Waiting for first candle to form. Current Second ==  15    2
Waiting for first candle to form. Current Second ==  16    2
Waiting for first candle to form. Current Second ==  17    2
Waiting for first candle to form. Current Second ==  18    2
Waiting for first candle to form. Current Second ==  19    2
Waiting for first candle to form. Current Second ==  20    2
Waiting for first candle to form. Current Second ==  21    2
Waiting for first candle to form. Current Second ==  22    2
Waiting for first candle to form. Current Second ==  23    2
Waiting for first candle to form. Current Second ==  24    2
Waiting for first candle to form. Current Second ==  25    2
Waiting for first candle to form. Current Second ==  26    2
Waiting for first candle to form. Current Second ==  27    2
Waiting for first candle to form. Current Second ==  28    2
Waiting for first candle to form. Current Second ==  29    2
Waiting for first candle to form. Current Second ==  30    2
Waiting for first candle to form. Current Second ==  31    2
Waiting for first candle to form. Current Second ==  32    2
Waiting for first candle to form. Current Second ==  33    2
Waiting for first candle to form. Current Second ==  34    2
Waiting for first candle to form. Current Second ==  35    2
Waiting for first candle to form. Current Second ==  36    2
Waiting for first candle to form. Current Second ==  37    2
Waiting for first candle to form. Current Second ==  38    2
Waiting for first candle to form. Current Second ==  39    2
Waiting for first candle to form. Current Second ==  40    2
Waiting for first candle to form. Current Second ==  41    2
Waiting for first candle to form. Current Second ==  42    2
Waiting for first candle to form. Current Second ==  43    2
Waiting for first candle to form. Current Second ==  44    2
Waiting for first candle to form. Current Second ==  45    2
Waiting for first candle to form. Current Second ==  46    2
Waiting for first candle to form. Current Second ==  47    2
Waiting for first candle to form. Current Second ==  48    2
Waiting for first candle to form. Current Second ==  49    2
Waiting for first candle to form. Current Second ==  50    2
Waiting for first candle to form. Current Second ==  51    2
Waiting for first candle to form. Current Second ==  52    2
Waiting for first candle to form. Current Second ==  53    2
Waiting for first candle to form. Current Second ==  54    2
Waiting for first candle to form. Current Second ==  55    2
Waiting for first candle to form. Current Second ==  56    2
Waiting for first candle to form. Current Second ==  57    2
Waiting for first candle to form. Current Second ==  58    2
Waiting for first candle to form. Current Second ==  59    2
India VIX = 10.5  Spot Price = 77844.37
VIX_PERCENTILES_FETCHED: P25= 11.29  P50= 11.81  P75= 12.14  Min= 10.5  Max= 12.64
IV Regime = LOW (ADAPTIVE: P25= 11.29  P50= 11.81  P75= 12.14 ) | DailyRange = 1167.7 | 3minCandleRange = 61.4 (theoretical= 102.4 ) | ATMoptionMove = 27.7 | SL = 97 | Target = 97 | TrailTrigger = 28 | Spread = 300 | Buffer = 25
IV Params refreshed: {'vix': 10.5, 'bn_price': 77844.37, 'regime': 'LOW', 'regime_thresholds': 'P25=11.29 P50=11.81 P75=12.14', 'daily_range': 1167.7, 'candle_range': 61.4, 'atm_option_move': 27.7, 'sl_point': 97, 'target_point': 97, 'sl_pct_of_premium': 0.1, 'trail_trigger': 28, 'spread_width': 300, 'support_resistance_buffer': 25}
IV_RANK_DATA: VIX_30d_High= 12.64  VIX_30d_Low= 10.5  Current= 10.5  IV_Rank= 0.0
BSE:SENSEX-INDEX  strikecount= 8   fyers <fyers_apiv3.fyersModel.FyersModel object at 0x7e2bdb40f290>
===
====after 3 min ochain==== 2026-08-26 09:18:00.329274
                                    oipcr   choipcr   totalOI
pcr1 =  BSE:SENSEX26AUG78600CE   0.02   0.03 CALL added 124740   PUT added 3700  OI= 666020
pcr2 =  BSE:SENSEX26AUG78500PE   0.06   0.06 CALL added 263080   PUT added 16800  OI= 75460
pcr3 =  BSE:SENSEX26AUG78400CE   0.05   0.03 CALL added 149340   PUT added 4980  OI= 417500
pcr4 =  BSE:SENSEX26AUG78300CE   0.1   0.07 CALL added 218800   PUT added 14780  OI= 608560
pcr5 =  BSE:SENSEX26AUG78200PE   0.1   0.12 CALL added 306180   PUT added 36380  OI= 81340
pcr6 =  BSE:SENSEX26AUG78100PE   0.24    0.52 CALL added 113880   PUT added 59520  OI= 126640
pcr7 =  BSE:SENSEX26AUG78000CE   0.41   0.69 CALL added 362040   PUT added 248380  OI= 1749960
pcr8 =  BSE:SENSEX26AUG77900CE   0.84   1.08 CALL added 326000   PUT added 350860  OI= 612740
pcr9 =  BSE:SENSEX26AUG77800PE   1.4   3.49 CALL added 87360   PUT added 305320  OI= 692160
pcr10 =  BSE:SENSEX26AUG77700PE   1.37   9.52 CALL added 17340   PUT added 165060  OI= 698200
pcr11 =  BSE:SENSEX26AUG77600CE   2.58   -2.79 CALL unwind -56260   PUT added 156800  OI= 341800
pcr12 =  BSE:SENSEX26AUG77500CE   2.28   -16.63 CALL unwind -9880   PUT added 164320  OI= 832640
pcr13 =  BSE:SENSEX26AUG77400CE   2.82   -4.82 CALL unwind -6800   PUT added 32780  OI= 310220
pcr14 =  BSE:SENSEX26AUG77300CE   2.99   1.53 CALL added 19280   PUT added 29540  OI= 394380
pcr15 =  BSE:SENSEX26AUG77200CE   5.9   -54.07 CALL unwind -1440   PUT added 77860  OI= 190280
pcr16 =  BSE:SENSEX26AUG77100PE   5.43   -6.09 CALL unwind -6120   PUT added 37260  OI= 694560
pcr17 =  BSE:SENSEX26AUG77000CE   6.91   -19.75 CALL unwind -4340   PUT added 85700  OI= 248660
pcrSummation= 7.09  result =  ['BSE:SENSEX26AUG78400CE', 'BSE:SENSEX26AUG78300CE', 'BSE:SENSEX26AUG78200PE', 'BSE:SENSEX26AUG78100PE', 'BSE:SENSEX26AUG78000CE', 'BSE:SENSEX26AUG77900CE', 'BSE:SENSEX26AUG77800PE', 'BSE:SENSEX26AUG77700PE', 'BSE:SENSEX26AUG77600CE']
PCRSUM== 33.5
pcrSummation== 7.09
VOLPCRSUM== 4.74
spotLTP =  77844.37  ATM_STRIKE =  77800
IS_ATM_STRIKE_SHIFT = False  mapStrike = {77800: 77800}
avgOiPcrList2 = [np.float64(1.97)] atmStrikeNotShiftedCount= 1
False   1   1
SUPP_RES=== 78000  Buffer= 25
CEoich val =  362040.0  PEoich val =  248380.0 , CE > PE by 31.4%
SUPP_RES TOTAL OI: CE= 1749960  PE= 720240 , CE > PE by 58.8%
IS_MORNING_WINDOW= True  (active 9:15-9:48 IST)
================================================
==== signal check time ==== 2026-08-26 09:18:01.260202
IS_CHOI_DIFF_GT_25PERC== True
RSI_VAL1== 81.01
RSI_VAL2== 81.01
FUT_3m_OHLC O= 78021.0  H= 78066.6  L= 77991.0  C= 77991.0  Range= 75.6
CHART_PATTERN_DETECTED: DOUBLE_BOTTOM_FORMING
  PATTERN_CONTEXT: Body= -30.0  Range= 75.6  ExpectedRange= 61.4  RangeRatio= 1.23  O= 78021.0  H= 78066.6  L= 77991.0  C= 77991.0
newSynthFut =  78000
ATMStrike =  77800
AVG_OIPCR= 0.79
avgoiPCROld=  1.97
SUPP_RES = 78000
FUT LTP = 77991.0
CEchoi  PechOi = 362040.0    248380.0
====================================
totalOIPCR = 1.33
AVG_VOLPCR= 0.53
atmPCR= 0.1  belowATM  0.24
atmVolPCR= 0.19  belowATM  0.37
True   77991.0   78000   False   False   81.01
curr Doji False
BSE:SENSEX26AUG78000PE  curr candle vol pcr = 0.7  PE= 2105260  CE= 3014740      cpr =  1.43
BSE:SENSEX26AUG77800PE  prev candle vol pcr = 0.76  PE= 78320  CE= 103360      cpr =  1.32
ATM_CE_premium= 187.75  ATM_PE_premium= 211.7
CE_PremChg= 23.05  PE_PremChg= -115.1
CandleBody= -30.0  PrevBody= 20.7  CandleRange= 75.6  Bearish
TotalVol= 5120000  PrevTotalVol= 181680  VolSpike= 28.18 x  SPIKE!
SCALP_SCORE: BEAR | BullScore= 0  BearScore= 3 | Confidence= MEDIUM
  SCALP_BEAR_REASONS: VolSpike(28.18x)_bear + PremMomentum_bear(PE-115.1,CE+23.05) + BreakoutCandle(1.2x)
DATAPOINT|09:18|FUT=77991.0|Body=-30.0|PrevBody=20.7|Range=75.6|RangeRatio=1.23|CurrVolPCR=0.7|PrevVolPCR=0.76|CurrCPR=1.43|PrevCPR=1.32|VolSpike=28.18|CE_PremChg=23.05|PE_PremChg=-115.1|BullScore=0|BearScore=3|Dir=BEAR|Conf=MEDIUM
CHART_PATTERN_DETECTED: DOUBLE_BOTTOM_FORMING
  PATTERN_CONTEXT: Body= -30.0  Range= 75.6  ExpectedRange= 61.4  RangeRatio= 1.23  O= 78021.0  H= 78066.6  L= 77991.0  C= 77991.0
BSE:SENSEX-INDEX  strikecount= 3   fyers <fyers_apiv3.fyersModel.FyersModel object at 0x7e2bdb40f290>
======================================
oipcr1 =  BSE:SENSEX26AUG78100PE   0.24
oipcr2 =  BSE:SENSEX26AUG78000CE   0.41
oipcr3 =  BSE:SENSEX26AUG77900CE   0.84
oipcrBull = NoEntry  bulcount= 0  bearcount= 3 oipcrBear= BearTrade
atmpcr5 pcr6= 1.4    1.37
No Entry Yet
India VIX = 10.66  Spot Price = 77870.64
IV Regime = LOW (ADAPTIVE: P25= 11.29  P50= 11.81  P75= 12.14 ) | DailyRange = 1185.9 | 3minCandleRange = 62.4 (theoretical= 104.0 ) | ATMoptionMove = 28.1 | SL = 98 | Target = 98 | TrailTrigger = 28 | Spread = 300 | Buffer = 25
IV Params refreshed: {'vix': 10.66, 'bn_price': 77870.64, 'regime': 'LOW', 'regime_thresholds': 'P25=11.29 P50=11.81 P75=12.14', 'daily_range': 1185.9, 'candle_range': 62.4, 'atm_option_move': 28.1, 'sl_point': 98, 'target_point': 98, 'sl_pct_of_premium': 0.1, 'trail_trigger': 28, 'spread_width': 300, 'support_resistance_buffer': 25}
BSE:SENSEX-INDEX  strikecount= 8   fyers <fyers_apiv3.fyersModel.FyersModel object at 0x7e2bdb40f290>
===
====after 3 min ochain==== 2026-08-26 09:21:00.000002
                                    oipcr   choipcr   totalOI
pcr1 =  BSE:SENSEX26AUG78700CE   0.02   0.01 CALL added 132020   PUT added 1540  OI= 667120
pcr2 =  BSE:SENSEX26AUG78600CE   0.01   0.02 CALL added 183980   PUT added 3800  OI= 725260
pcr3 =  BSE:SENSEX26AUG78500PE   0.06   0.07 CALL added 519880   PUT added 34800  OI= 93460
pcr4 =  BSE:SENSEX26AUG78400CE   0.05   0.04 CALL added 328940   PUT added 13480  OI= 597100
pcr5 =  BSE:SENSEX26AUG78300CE   0.1   0.08 CALL added 464300   PUT added 36420  OI= 854060
pcr6 =  BSE:SENSEX26AUG78200PE   0.11    0.12 CALL added 712260   PUT added 86600  OI= 131560
pcr7 =  BSE:SENSEX26AUG78100PE   0.3   0.56 CALL added 234740   PUT added 131020  OI= 198140
pcr8 =  BSE:SENSEX26AUG78000CE   0.46   0.64 CALL added 944880   PUT added 600820  OI= 2332800
pcr9 =  BSE:SENSEX26AUG77900CE   0.89   1.04 CALL added 641420   PUT added 664520  OI= 928160
pcr10 =  BSE:SENSEX26AUG77800PE   1.59   2.5 CALL added 288040   PUT added 719080  OI= 1105920
pcr11 =  BSE:SENSEX26AUG77700PE   1.55   3.96 CALL added 95380   PUT added 377400  OI= 910540
pcr12 =  BSE:SENSEX26AUG77600CE   2.61   -10.11 CALL unwind -24760   PUT added 250240  OI= 373300
pcr13 =  BSE:SENSEX26AUG77500CE   2.53   -13.47 CALL unwind -24680   PUT added 332540  OI= 817840
pcr14 =  BSE:SENSEX26AUG77400CE   3.3   -8.39 CALL unwind -17460   PUT added 146540  OI= 299560
pcr15 =  BSE:SENSEX26AUG77300CE   3.45   -6.75 CALL unwind -14380   PUT added 97040  OI= 360720
pcr16 =  BSE:SENSEX26AUG77200CE   7.38   -5.78 CALL unwind -28040   PUT added 162140  OI= 163680
pcr17 =  BSE:SENSEX26AUG77100PE   6.61   -2.4 CALL unwind -25440   PUT added 61080  OI= 718380
pcrSummation= 7.66  result =  ['BSE:SENSEX26AUG78400CE', 'BSE:SENSEX26AUG78300CE', 'BSE:SENSEX26AUG78200PE', 'BSE:SENSEX26AUG78100PE', 'BSE:SENSEX26AUG78000CE', 'BSE:SENSEX26AUG77900CE', 'BSE:SENSEX26AUG77800PE', 'BSE:SENSEX26AUG77700PE', 'BSE:SENSEX26AUG77600CE']
PCRSUM== 31.02
pcrSummation== 7.66
VOLPCRSUM== 2.92
spotLTP =  77870.64  ATM_STRIKE =  77900
IS_ATM_STRIKE_SHIFT = True  mapStrike = {77900: 77900}
avgOiPcrList2 = [np.float64(1.82)] atmStrikeNotShiftedCount= 1
True   1   1
SUPP_RES=== 78000  Buffer= 25
CEoich val =  944880.0  PEoich val =  600820.0 , CE > PE by 36.4%
SUPP_RES TOTAL OI: CE= 2332800  PE= 1072680 , CE > PE by 54.0%
IS_MORNING_WINDOW= True  (active 9:15-9:48 IST)
================================================
==== signal check time ==== 2026-08-26 09:21:00.559431
IS_CHOI_DIFF_GT_25PERC== True
RSI_VAL1== 81.01
RSI_VAL2== 81.01
FUT_3m_OHLC O= 77991.0  H= 77991.0  L= 77944.6  C= 77991.0  Range= 46.4
CHART_PATTERN: None
newSynthFut =  78000
ATMStrike =  77900
AVG_OIPCR= 0.85
avgoiPCROld=  1.82
SUPP_RES = 78000
FUT LTP = 77991.0
CEchoi  PechOi = 944880.0    600820.0
====================================
totalOIPCR = 1.24
AVG_VOLPCR= 0.32
atmPCR= 0.1  belowATM  0.11
atmVolPCR= 0.15  belowATM  0.2
True   77991.0   78000   False   False   81.01
curr Doji False
BSE:SENSEX26AUG77900PE  curr candle vol pcr = 1.58  PE= 1779960  CE= 1126500      cpr =  0.63
BSE:SENSEX26AUG78000PE  prev candle vol pcr = 0.7  PE= 2105260  CE= 3014740      cpr =  1.43
ATM_CE_premium= 248.9  ATM_PE_premium= 158.55
CE_PremChg= 6.0  PE_PremChg= -8.45
CandleBody= 0.0  PrevBody= -30.0  CandleRange= 46.4  Doji
TotalVol= 2906460  PrevTotalVol= 5120000  VolSpike= 0.57 x 
SCALP_SCORE: BULL | BullScore= 1  BearScore= 0 | Confidence= LOW
DATAPOINT|09:21|FUT=77991.0|Body=0.0|PrevBody=-30.0|Range=46.4|RangeRatio=0.74|CurrVolPCR=1.58|PrevVolPCR=0.7|CurrCPR=0.63|PrevCPR=1.43|VolSpike=0.57|CE_PremChg=6.0|PE_PremChg=-8.45|BullScore=1|BearScore=0|Dir=BULL|Conf=LOW
CHART_PATTERN: None
BSE:SENSEX-INDEX  strikecount= 3   fyers <fyers_apiv3.fyersModel.FyersModel object at 0x7e2bdb40f290>
======================================
oipcr1 =  BSE:SENSEX26AUG78200PE   0.11
oipcr2 =  BSE:SENSEX26AUG78100PE   0.3
oipcr3 =  BSE:SENSEX26AUG78000CE   0.46
oipcrBull = NoEntry  bulcount= 0  bearcount= 3 oipcrBear= BearTrade
atmpcr5 pcr6= 0.89    1.59
No Entry Yet
India VIX = 10.45  Spot Price = 77904.64
IV Regime = LOW (ADAPTIVE: P25= 11.29  P50= 11.81  P75= 12.14 ) | DailyRange = 1163.0 | 3minCandleRange = 61.2 (theoretical= 102.0 ) | ATMoptionMove = 27.5 | SL = 96 | Target = 96 | TrailTrigger = 28 | Spread = 300 | Buffer = 24
IV Params refreshed: {'vix': 10.45, 'bn_price': 77904.64, 'regime': 'LOW', 'regime_thresholds': 'P25=11.29 P50=11.81 P75=12.14', 'daily_range': 1163.0, 'candle_range': 61.2, 'atm_option_move': 27.5, 'sl_point': 96, 'target_point': 96, 'sl_pct_of_premium': 0.1, 'trail_trigger': 28, 'spread_width': 300, 'support_resistance_buffer': 24}
BSE:SENSEX-INDEX  strikecount= 8   fyers <fyers_apiv3.fyersModel.FyersModel object at 0x7e2bdb40f290>
===
====after 3 min ochain==== 2026-08-26 09:24:00.000001
                                    oipcr   choipcr   totalOI
pcr1 =  BSE:SENSEX26AUG78700CE   0.02   0.01 CALL added 190600   PUT added 1800  OI= 725700
pcr2 =  BSE:SENSEX26AUG78600CE   0.01   0.02 CALL added 193580   PUT added 4040  OI= 734860
pcr3 =  BSE:SENSEX26AUG78500PE   0.06   0.06 CALL added 670340   PUT added 41880  OI= 100540
pcr4 =  BSE:SENSEX26AUG78400CE   0.05   0.05 CALL added 459500   PUT added 22860  OI= 727660
pcr5 =  BSE:SENSEX26AUG78300CE   0.17   0.19 CALL added 651880   PUT added 126800  OI= 1041640
pcr6 =  BSE:SENSEX26AUG78200PE   0.11    0.12 CALL added 925960   PUT added 107940  OI= 152900
pcr7 =  BSE:SENSEX26AUG78100PE   0.3   0.45 CALL added 402360   PUT added 180460  OI= 247580
pcr8 =  BSE:SENSEX26AUG78000CE   0.47   0.6 CALL added 1368600   PUT added 827840  OI= 2756520
pcr9 =  BSE:SENSEX26AUG77900CE   0.91   1.02 CALL added 872800   PUT added 886860  OI= 1159540
pcr10 =  BSE:SENSEX26AUG77800PE   1.88   2.59 CALL added 535720   PUT added 1388180  OI= 1775020
pcr11 =  BSE:SENSEX26AUG77700PE   1.67   3.52 CALL added 157700   PUT added 554360  OI= 1087500
pcr12 =  BSE:SENSEX26AUG77600CE   2.84   -11.39 CALL unwind -28500   PUT added 324740  OI= 369560
pcr13 =  BSE:SENSEX26AUG77500CE   2.89   -6.79 CALL unwind -72020   PUT added 488660  OI= 770500
pcr14 =  BSE:SENSEX26AUG77400CE   3.56   -8.16 CALL unwind -24320   PUT added 198420  OI= 292700
pcr15 =  BSE:SENSEX26AUG77300CE   3.77   -3.52 CALL unwind -36700   PUT added 129280  OI= 338400
pcr16 =  BSE:SENSEX26AUG77200CE   9.6   -5.16 CALL unwind -53840   PUT added 278040  OI= 137880
pcr17 =  BSE:SENSEX26AUG77100PE   8.09   -2.05 CALL unwind -42120   PUT added 86240  OI= 743540
pcrSummation= 8.4  result =  ['BSE:SENSEX26AUG78400CE', 'BSE:SENSEX26AUG78300CE', 'BSE:SENSEX26AUG78200PE', 'BSE:SENSEX26AUG78100PE', 'BSE:SENSEX26AUG78000CE', 'BSE:SENSEX26AUG77900CE', 'BSE:SENSEX26AUG77800PE', 'BSE:SENSEX26AUG77700PE', 'BSE:SENSEX26AUG77600CE']
PCRSUM== 36.4
pcrSummation== 8.4
VOLPCRSUM== 2.77
spotLTP =  77904.64  ATM_STRIKE =  77900
IS_ATM_STRIKE_SHIFT = False  mapStrike = {77900: 77900}
avgOiPcrList2 = [np.float64(1.82), np.float64(2.14)] atmStrikeNotShiftedCount= 2
False   2   2
SUPP_RES=== 78000  Buffer= 24
CEoich val =  1368600.0  PEoich val =  827840.0 , CE > PE by 39.5%
SUPP_RES TOTAL OI: CE= 2756520  PE= 1299700 , CE > PE by 52.8%
IS_MORNING_WINDOW= True  (active 9:15-9:48 IST)
================================================
==== signal check time ==== 2026-08-26 09:24:00.569518
IS_CHOI_DIFF_GT_25PERC== True
RSI_VAL1== 81.85
RSI_VAL2== 81.85
FUT_3m_OHLC O= 78000.0  H= 78030.0  L= 77991.0  C= 78010.6  Range= 39.0
CHART_PATTERN: None
newSynthFut =  78000
ATMStrike =  77900
AVG_OIPCR= 0.93
avgoiPCROld=  2.14
SUPP_RES = 78000
FUT LTP = 78010.6
CEchoi  PechOi = 1368600.0    827840.0
====================================
totalOIPCR = 1.21
AVG_VOLPCR= 0.31
atmPCR= 0.17  belowATM  0.11
atmVolPCR= 0.14  belowATM  0.21
True   78010.6   78000   False   False   81.85
curr Doji False
BSE:SENSEX26AUG78000PE  curr candle vol pcr = 0.57  PE= 1140500  CE= 2006340      cpr =  1.76
BSE:SENSEX26AUG77900PE  prev candle vol pcr = 1.58  PE= 1779960  CE= 1126500      cpr =  0.63
ATM_CE_premium= 205.8  ATM_PE_premium= 186.65
CE_PremChg= 12.45  PE_PremChg= -15.1
CandleBody= 10.6  PrevBody= 0.0  CandleRange= 39.0  Bullish
TotalVol= 3146840  PrevTotalVol= 2906460  VolSpike= 1.08 x 
SCALP_SCORE: BEAR | BullScore= 0  BearScore= 2 | Confidence= LOW
DATAPOINT|09:24|FUT=78010.6|Body=10.6|PrevBody=0.0|Range=39.0|RangeRatio=0.64|CurrVolPCR=0.57|PrevVolPCR=1.58|CurrCPR=1.76|PrevCPR=0.63|VolSpike=1.08|CE_PremChg=12.45|PE_PremChg=-15.1|BullScore=0|BearScore=2|Dir=BEAR|Conf=LOW
CHART_PATTERN: None
BSE:SENSEX-INDEX  strikecount= 3   fyers <fyers_apiv3.fyersModel.FyersModel object at 0x7e2bdb40f290>
======================================
oipcr1 =  BSE:SENSEX26AUG78200PE   0.11
oipcr2 =  BSE:SENSEX26AUG78100PE   0.3
oipcr3 =  BSE:SENSEX26AUG78000CE   0.47
oipcrBull = NoEntry  bulcount= 0  bearcount= 3 oipcrBear= BearTrade
atmpcr5 pcr6= 0.91    1.88
No Entry Yet
India VIX = 10.34  Spot Price = 77929.64
IV Regime = LOW (ADAPTIVE: P25= 11.29  P50= 11.81  P75= 12.14 ) | DailyRange = 1151.1 | 3minCandleRange = 60.6 (theoretical= 101.0 ) | ATMoptionMove = 27.3 | SL = 95 | Target = 95 | TrailTrigger = 27 | Spread = 300 | Buffer = 24
IV Params refreshed: {'vix': 10.34, 'bn_price': 77929.64, 'regime': 'LOW', 'regime_thresholds': 'P25=11.29 P50=11.81 P75=12.14', 'daily_range': 1151.1, 'candle_range': 60.6, 'atm_option_move': 27.3, 'sl_point': 95, 'target_point': 95, 'sl_pct_of_premium': 0.1, 'trail_trigger': 27, 'spread_width': 300, 'support_resistance_buffer': 24}
BSE:SENSEX-INDEX  strikecount= 8   fyers <fyers_apiv3.fyersModel.FyersModel object at 0x7e2bdb40f290>
===
====after 3 min ochain==== 2026-08-26 09:27:00.000003
                                    oipcr   choipcr   totalOI
pcr1 =  BSE:SENSEX26AUG78700CE   0.02   0.01 CALL added 192820   PUT added 2340  OI= 727920
pcr2 =  BSE:SENSEX26AUG78600CE   0.02   0.03 CALL added 222060   PUT added 6800  OI= 763340
pcr3 =  BSE:SENSEX26AUG78500PE   0.07   0.09 CALL added 768960   PUT added 68840  OI= 127500
pcr4 =  BSE:SENSEX26AUG78400CE   0.08   0.09 CALL added 485240   PUT added 43480  OI= 753400
pcr5 =  BSE:SENSEX26AUG78300CE   0.17   0.2 CALL added 753860   PUT added 147600  OI= 1143620
pcr6 =  BSE:SENSEX26AUG78200PE   0.19    0.25 CALL added 911280   PUT added 225140  OI= 270100
pcr7 =  BSE:SENSEX26AUG78100PE   0.34   0.49 CALL added 472920   PUT added 232980  OI= 300100
pcr8 =  BSE:SENSEX26AUG78000CE   0.56   0.77 CALL added 1522180   PUT added 1170760  OI= 2910100
pcr9 =  BSE:SENSEX26AUG77900CE   1.07   1.22 CALL added 950480   PUT added 1156440  OI= 1237220
pcr10 =  BSE:SENSEX26AUG77800PE   2.28   3.16 CALL added 617540   PUT added 1951020  OI= 2337860
pcr11 =  BSE:SENSEX26AUG77700PE   1.73   3.13 CALL added 228380   PUT added 714200  OI= 1247340
pcr12 =  BSE:SENSEX26AUG77600CE   3.04   -6.12 CALL unwind -53020   PUT added 324740  OI= 345040
pcr13 =  BSE:SENSEX26AUG77500CE   3.19   -7.54 CALL unwind -88800   PUT added 669460  OI= 753720
pcr14 =  BSE:SENSEX26AUG77400CE   3.85   -7.72 CALL unwind -32740   PUT added 252840  OI= 284280
pcr15 =  BSE:SENSEX26AUG77300CE   3.92   -4.84 CALL unwind -36700   PUT added 177760  OI= 338400
pcr16 =  BSE:SENSEX26AUG77200CE   11.06   -4.95 CALL unwind -67160   PUT added 332320  OI= 124560
pcr17 =  BSE:SENSEX26AUG77100PE   9.37   -2.49 CALL unwind -50540   PUT added 125660  OI= 782960
pcrSummation= 6.49  result =  ['BSE:SENSEX26AUG78500PE', 'BSE:SENSEX26AUG78400CE', 'BSE:SENSEX26AUG78300CE', 'BSE:SENSEX26AUG78200PE', 'BSE:SENSEX26AUG78100PE', 'BSE:SENSEX26AUG78000CE', 'BSE:SENSEX26AUG77900CE', 'BSE:SENSEX26AUG77800PE', 'BSE:SENSEX26AUG77700PE']
PCRSUM== 40.96
pcrSummation== 6.49
VOLPCRSUM== 2.5100000000000002
spotLTP =  77929.64  ATM_STRIKE =  77900
IS_ATM_STRIKE_SHIFT = False  mapStrike = {77900: 77900}
avgOiPcrList2 = [np.float64(1.82), np.float64(2.14), np.float64(2.41)] atmStrikeNotShiftedCount= 3
False   3   3
SUPP_RES=== 78000  Buffer= 24
CEoich val =  1522180.0  PEoich val =  1170760.0 , CE > PE by 23.1%
SUPP_RES TOTAL OI: CE= 2910100  PE= 1642620 , CE > PE by 43.6%
IS_MORNING_WINDOW= True  (active 9:15-9:48 IST)
================================================
==== signal check time ==== 2026-08-26 09:27:00.547982
IS_CHOI_DIFF_GT_25PERC== False
RSI_VAL1== 83.71
RSI_VAL2== 83.71
FUT_3m_OHLC O= 78023.2  H= 78061.0  L= 78021.8  C= 78057.2  Range= 39.2
CHART_PATTERN_DETECTED: DOUBLE_TOP_FORMING
  PATTERN_CONTEXT: Body= 34.0  Range= 39.2  ExpectedRange= 60.6  RangeRatio= 0.65  O= 78023.2  H= 78061.0  L= 78021.8  C= 78057.2
isPcrInc = True
newSynthFut =  78100
ATMStrike =  77900
AVG_OIPCR= 0.72
avgoiPCROld=  2.41
SUPP_RES = 78000
FUT LTP = 78057.2
CEchoi  PechOi = 1522180.0    1170760.0
====================================
totalOIPCR = 1.24
AVG_VOLPCR= 0.28
atmPCR= 0.17  belowATM  0.19
atmVolPCR= 0.12  belowATM  0.17
False   78057.2   78000   True   False   83.71
In Bull trade, slCount =  0  (mode= LOGIC3_CHOI_15PCT )
============================================================
LOGIC3_OBSERVE: WOULD_HAVE_ENTERED BULL (no real order — LOGIC3 is observation-only)
  FUT=78057.2 SUPP_RES=78000 CEchoi=1522180.0 PEchoi=1170760.0
============================================================
India VIX = 10.34  Spot Price = 77929.64
IV Regime = LOW (ADAPTIVE: P25= 11.29  P50= 11.81  P75= 12.14 ) | DailyRange = 1151.1 | 3minCandleRange = 60.6 (theoretical= 101.0 ) | ATMoptionMove = 27.3 | SL = 95 | Target = 95 | TrailTrigger = 27 | Spread = 300 | Buffer = 24
IV Params refreshed: {'vix': 10.34, 'bn_price': 77929.64, 'regime': 'LOW', 'regime_thresholds': 'P25=11.29 P50=11.81 P75=12.14', 'daily_range': 1151.1, 'candle_range': 60.6, 'atm_option_move': 27.3, 'sl_point': 95, 'target_point': 95, 'sl_pct_of_premium': 0.1, 'trail_trigger': 27, 'spread_width': 300, 'support_resistance_buffer': 24}
BSE:SENSEX-INDEX  strikecount= 8   fyers <fyers_apiv3.fyersModel.FyersModel object at 0x7e2bdb40f290>
===
====after 3 min ochain==== 2026-08-26 09:27:00.650751
                                    oipcr   choipcr   totalOI
pcr1 =  BSE:SENSEX26AUG78700CE   0.02   0.01 CALL added 192820   PUT added 2340  OI= 727920
pcr2 =  BSE:SENSEX26AUG78600CE   0.02   0.03 CALL added 222060   PUT added 6800  OI= 763340
pcr3 =  BSE:SENSEX26AUG78500PE   0.07   0.09 CALL added 768960   PUT added 68840  OI= 127500
pcr4 =  BSE:SENSEX26AUG78400CE   0.08   0.09 CALL added 485240   PUT added 43480  OI= 753400
pcr5 =  BSE:SENSEX26AUG78300CE   0.17   0.2 CALL added 753860   PUT added 147600  OI= 1143620
pcr6 =  BSE:SENSEX26AUG78200PE   0.19    0.25 CALL added 911280   PUT added 225140  OI= 270100
pcr7 =  BSE:SENSEX26AUG78100PE   0.34   0.49 CALL added 472920   PUT added 232980  OI= 300100
pcr8 =  BSE:SENSEX26AUG78000CE   0.56   0.77 CALL added 1522180   PUT added 1170760  OI= 2910100
pcr9 =  BSE:SENSEX26AUG77900CE   1.07   1.22 CALL added 950480   PUT added 1156440  OI= 1237220
pcr10 =  BSE:SENSEX26AUG77800PE   2.28   3.16 CALL added 617540   PUT added 1951020  OI= 2337860
pcr11 =  BSE:SENSEX26AUG77700PE   1.73   3.13 CALL added 228380   PUT added 714200  OI= 1247340
pcr12 =  BSE:SENSEX26AUG77600CE   3.04   -6.12 CALL unwind -53020   PUT added 324740  OI= 345040
pcr13 =  BSE:SENSEX26AUG77500CE   3.19   -7.54 CALL unwind -88800   PUT added 669460  OI= 753720
pcr14 =  BSE:SENSEX26AUG77400CE   3.85   -7.72 CALL unwind -32740   PUT added 252840  OI= 284280
pcr15 =  BSE:SENSEX26AUG77300CE   3.92   -4.84 CALL unwind -36700   PUT added 177760  OI= 338400
pcr16 =  BSE:SENSEX26AUG77200CE   11.06   -4.95 CALL unwind -67160   PUT added 332320  OI= 124560
pcr17 =  BSE:SENSEX26AUG77100PE   9.37   -2.49 CALL unwind -50540   PUT added 125660  OI= 782960
pcrSummation= 6.49  result =  ['BSE:SENSEX26AUG78500PE', 'BSE:SENSEX26AUG78400CE', 'BSE:SENSEX26AUG78300CE', 'BSE:SENSEX26AUG78200PE', 'BSE:SENSEX26AUG78100PE', 'BSE:SENSEX26AUG78000CE', 'BSE:SENSEX26AUG77900CE', 'BSE:SENSEX26AUG77800PE', 'BSE:SENSEX26AUG77700PE']
PCRSUM== 40.96
pcrSummation== 6.49
VOLPCRSUM== 2.5300000000000002
spotLTP =  77926.92  ATM_STRIKE =  77900
IS_ATM_STRIKE_SHIFT = False  mapStrike = {77900: 77900}
avgOiPcrList2 = [np.float64(2.14), np.float64(2.41), np.float64(2.41)] atmStrikeNotShiftedCount= 4
False   4   3
SUPP_RES=== 78000  Buffer= 24
CEoich val =  1522180.0  PEoich val =  1170760.0 , CE > PE by 23.1%
SUPP_RES TOTAL OI: CE= 2910100  PE= 1642620 , CE > PE by 43.6%
IS_MORNING_WINDOW= True  (active 9:15-9:48 IST)
================================================
==== signal check time ==== 2026-08-26 09:27:01.190045
IS_CHOI_DIFF_GT_25PERC== False
RSI_VAL1== 83.71
RSI_VAL2== 83.71
FUT_3m_OHLC O= 78023.2  H= 78061.0  L= 78021.8  C= 78057.2  Range= 39.2
CHART_PATTERN_DETECTED: DOUBLE_TOP_FORMING
  PATTERN_CONTEXT: Body= 34.0  Range= 39.2  ExpectedRange= 60.6  RangeRatio= 0.65  O= 78023.2  H= 78061.0  L= 78021.8  C= 78057.2
neither = [np.float64(2.41)]
newSynthFut =  78100
ATMStrike =  77900
AVG_OIPCR= 0.72
avgoiPCROld=  2.41
SUPP_RES = 78000
FUT LTP = 78057.2
CEchoi  PechOi = 1522180.0    1170760.0
====================================
totalOIPCR = 1.24
AVG_VOLPCR= 0.28
atmPCR= 0.17  belowATM  0.19
atmVolPCR= 0.13  belowATM  0.17
False   78057.2   78000   False   False   83.71
curr Doji False
BSE:SENSEX26AUG78000PE  curr candle vol pcr = 0.49  PE= 1215860  CE= 2499300      cpr =  2.06
BSE:SENSEX26AUG78000PE  prev candle vol pcr = 0.57  PE= 1140500  CE= 2006340      cpr =  1.76
VOL_PRESSURE_WATCH: SINGLE_CANDLE_CALL_PRESSURE | currCPR= 2.06  prevCPR= 1.76
ATM_CE_premium= 222.1  ATM_PE_premium= 174.2
CE_PremChg= 16.3  PE_PremChg= -12.45
CandleBody= 34.0  PrevBody= 10.6  CandleRange= 39.2  Bullish
TotalVol= 3715160  PrevTotalVol= 3146840  VolSpike= 1.18 x 
SCALP_SCORE: NEUTRAL | BullScore= 2  BearScore= 2 | Confidence= LOW
DATAPOINT|09:27|FUT=78057.2|Body=34.0|PrevBody=10.6|Range=39.2|RangeRatio=0.65|CurrVolPCR=0.49|PrevVolPCR=0.57|CurrCPR=2.06|PrevCPR=1.76|VolSpike=1.18|CE_PremChg=16.3|PE_PremChg=-12.45|BullScore=2|BearScore=2|Dir=NEUTRAL|Conf=LOW
CHART_PATTERN_DETECTED: DOUBLE_TOP_FORMING
  PATTERN_CONTEXT: Body= 34.0  Range= 39.2  ExpectedRange= 60.6  RangeRatio= 0.65  O= 78023.2  H= 78061.0  L= 78021.8  C= 78057.2
BSE:SENSEX-INDEX  strikecount= 3   fyers <fyers_apiv3.fyersModel.FyersModel object at 0x7e2bdb40f290>
======================================
oipcr1 =  BSE:SENSEX26AUG78200PE   0.19
oipcr2 =  BSE:SENSEX26AUG78100PE   0.34
oipcr3 =  BSE:SENSEX26AUG78000CE   0.56
oipcrBull = NoEntry  bulcount= 0  bearcount= 3 oipcrBear= BearTrade
atmpcr5 pcr6= 1.07    2.28
No Entry Yet
India VIX = 10.88  Spot Price = 77907.69
IV Regime = LOW (ADAPTIVE: P25= 11.29  P50= 11.81  P75= 12.14 ) | DailyRange = 1210.9 | 3minCandleRange = 63.7 (theoretical= 106.2 ) | ATMoptionMove = 28.7 | SL = 100 | Target = 100 | TrailTrigger = 29 | Spread = 300 | Buffer = 25
IV Params refreshed: {'vix': 10.88, 'bn_price': 77907.69, 'regime': 'LOW', 'regime_thresholds': 'P25=11.29 P50=11.81 P75=12.14', 'daily_range': 1210.9, 'candle_range': 63.7, 'atm_option_move': 28.7, 'sl_point': 100, 'target_point': 100, 'sl_pct_of_premium': 0.1, 'trail_trigger': 29, 'spread_width': 300, 'support_resistance_buffer': 25}
BSE:SENSEX-INDEX  strikecount= 8   fyers <fyers_apiv3.fyersModel.FyersModel object at 0x7e2bdb40f290>
===
====after 3 min ochain==== 2026-08-26 09:30:00.030845
                                    oipcr   choipcr   totalOI
pcr1 =  BSE:SENSEX26AUG78700CE   0.02   0.02 CALL added 250520   PUT added 3900  OI= 785620
pcr2 =  BSE:SENSEX26AUG78600CE   0.02   0.04 CALL added 292060   PUT added 12660  OI= 833340
pcr3 =  BSE:SENSEX26AUG78500PE   0.08   0.09 CALL added 955100   PUT added 89780  OI= 148440
pcr4 =  BSE:SENSEX26AUG78400CE   0.09   0.11 CALL added 525680   PUT added 57860  OI= 793840
pcr5 =  BSE:SENSEX26AUG78300CE   0.18   0.21 CALL added 882220   PUT added 184560  OI= 1271980
pcr6 =  BSE:SENSEX26AUG78200PE   0.21    0.27 CALL added 1029940   PUT added 282960  OI= 327920
pcr7 =  BSE:SENSEX26AUG78100PE   0.39   0.54 CALL added 629400   PUT added 342220  OI= 409340
pcr8 =  BSE:SENSEX26AUG78000CE   0.69   0.97 CALL added 1716620   PUT added 1667320  OI= 3104540
pcr9 =  BSE:SENSEX26AUG77900CE   1.48   1.73 CALL added 1029040   PUT added 1780680  OI= 1315780
pcr10 =  BSE:SENSEX26AUG77800PE   2.79   3.99 CALL added 627920   PUT added 2507680  OI= 2894520
pcr11 =  BSE:SENSEX26AUG77700PE   2.39   7.52 CALL added 126400   PUT added 950940  OI= 1484080
pcr12 =  BSE:SENSEX26AUG77600CE   3.48   -7.57 CALL unwind -59840   PUT added 453140  OI= 338220
pcr13 =  BSE:SENSEX26AUG77500CE   3.7   -7.21 CALL unwind -126400   PUT added 911160  OI= 716120
pcr14 =  BSE:SENSEX26AUG77400CE   4.02   -9.47 CALL unwind -32020   PUT added 303240  OI= 285000
pcr15 =  BSE:SENSEX26AUG77300CE   4.49   -2.65 CALL unwind -75160   PUT added 198880  OI= 299940
pcr16 =  BSE:SENSEX26AUG77200CE   12.41   -5.16 CALL unwind -75920   PUT added 391420  OI= 115800
pcr17 =  BSE:SENSEX26AUG77100PE   9.96   -2.97 CALL unwind -52460   PUT added 155680  OI= 812980
pcrSummation= 11.700000000000001  result =  ['BSE:SENSEX26AUG78400CE', 'BSE:SENSEX26AUG78300CE', 'BSE:SENSEX26AUG78200PE', 'BSE:SENSEX26AUG78100PE', 'BSE:SENSEX26AUG78000CE', 'BSE:SENSEX26AUG77900CE', 'BSE:SENSEX26AUG77800PE', 'BSE:SENSEX26AUG77700PE', 'BSE:SENSEX26AUG77600CE']
PCRSUM== 46.4
pcrSummation== 11.7
VOLPCRSUM== 2.55
spotLTP =  77907.69  ATM_STRIKE =  77900
IS_ATM_STRIKE_SHIFT = False  mapStrike = {77900: 77900}
avgOiPcrList2 = [np.float64(2.41), np.float64(2.73)] atmStrikeNotShiftedCount= 5
False   5   2
SUPP_RES=== 78000  Buffer= 25
CEoich val =  1716620.0  PEoich val =  1667320.0 , CE > PE by 2.9%
SUPP_RES TOTAL OI: CE= 3104540  PE= 2139180 , CE > PE by 31.1%
IS_MORNING_WINDOW= True  (active 9:15-9:48 IST)
================================================
==== signal check time ==== 2026-08-26 09:30:00.710030
IS_CHOI_DIFF_GT_25PERC== False
RSI_VAL1== 79.36
RSI_VAL2== 79.36
FUT_3m_OHLC O= 78066.1  H= 78070.0  L= 78034.0  C= 78034.0  Range= 36.0
CHART_PATTERN: None
newSynthFut =  78000
ATMStrike =  77900
AVG_OIPCR= 1.3
avgoiPCROld=  2.73
SUPP_RES = 78000
FUT LTP = 78034.0
CEchoi  PechOi = 1716620.0    1667320.0
====================================
totalOIPCR = 1.29
AVG_VOLPCR= 0.28
atmPCR= 0.18  belowATM  0.21
atmVolPCR= 0.12  belowATM  0.17
False   78034.0   78000   False   False   79.36
curr Doji False
BSE:SENSEX26AUG78000PE  curr candle vol pcr = 0.67  PE= 1058520  CE= 1583920      cpr =  1.5
BSE:SENSEX26AUG78000PE  prev candle vol pcr = 0.49  PE= 1215860  CE= 2499300      cpr =  2.06
VOL_PRESSURE_WATCH: SINGLE_CANDLE_CALL_PRESSURE | currCPR= 1.5  prevCPR= 2.06
ATM_CE_premium= 214.55  ATM_PE_premium= 176.75
CE_PremChg= -7.55  PE_PremChg= 2.55
CandleBody= -32.1  PrevBody= 34.0  CandleRange= 36.0  Bearish
TotalVol= 2642440  PrevTotalVol= 3715160  VolSpike= 0.71 x 
SCALP_SCORE: BEAR | BullScore= 0  BearScore= 2 | Confidence= LOW
DATAPOINT|09:30|FUT=78034.0|Body=-32.1|PrevBody=34.0|Range=36.0|RangeRatio=0.57|CurrVolPCR=0.67|PrevVolPCR=0.49|CurrCPR=1.5|PrevCPR=2.06|VolSpike=0.71|CE_PremChg=-7.55|PE_PremChg=2.55|BullScore=0|BearScore=2|Dir=BEAR|Conf=LOW
CHART_PATTERN: None
BSE:SENSEX-INDEX  strikecount= 3   fyers <fyers_apiv3.fyersModel.FyersModel object at 0x7e2bdb40f290>
======================================
oipcr1 =  BSE:SENSEX26AUG78200PE   0.21
oipcr2 =  BSE:SENSEX26AUG78100PE   0.39
oipcr3 =  BSE:SENSEX26AUG78000CE   0.69
oipcrBull = NoEntry  bulcount= 0  bearcount= 3 oipcrBear= BearTrade
atmpcr5 pcr6= 1.48    2.79
No Entry Yet
India VIX = 10.6  Spot Price = 77904.16
IV Regime = LOW (ADAPTIVE: P25= 11.29  P50= 11.81  P75= 12.14 ) | DailyRange = 1179.7 | 3minCandleRange = 62.1 (theoretical= 103.5 ) | ATMoptionMove = 27.9 | SL = 98 | Target = 98 | TrailTrigger = 28 | Spread = 300 | Buffer = 25
IV Params refreshed: {'vix': 10.6, 'bn_price': 77904.16, 'regime': 'LOW', 'regime_thresholds': 'P25=11.29 P50=11.81 P75=12.14', 'daily_range': 1179.7, 'candle_range': 62.1, 'atm_option_move': 27.9, 'sl_point': 98, 'target_point': 98, 'sl_pct_of_premium': 0.1, 'trail_trigger': 28, 'spread_width': 300, 'support_resistance_buffer': 25}
BSE:SENSEX-INDEX  strikecount= 8   fyers <fyers_apiv3.fyersModel.FyersModel object at 0x7e2bdb40f290>
===
====after 3 min ochain==== 2026-08-26 09:33:00.000006
                                    oipcr   choipcr   totalOI
pcr1 =  BSE:SENSEX26AUG78700CE   0.02   0.02 CALL added 296400   PUT added 4720  OI= 831500
pcr2 =  BSE:SENSEX26AUG78600CE   0.02   0.03 CALL added 329160   PUT added 11320  OI= 870440
pcr3 =  BSE:SENSEX26AUG78500PE   0.07   0.09 CALL added 1108680   PUT added 98380  OI= 157040
pcr4 =  BSE:SENSEX26AUG78400CE   0.08   0.09 CALL added 595920   PUT added 54420  OI= 864080
pcr5 =  BSE:SENSEX26AUG78300CE   0.18   0.2 CALL added 1022260   PUT added 202960  OI= 1412020
pcr6 =  BSE:SENSEX26AUG78200PE   0.21    0.27 CALL added 1122940   PUT added 304580  OI= 349540
pcr7 =  BSE:SENSEX26AUG78100PE   0.38   0.5 CALL added 743740   PUT added 375260  OI= 442380
pcr8 =  BSE:SENSEX26AUG78000CE   0.67   0.91 CALL added 1981200   PUT added 1800380  OI= 3369120
pcr9 =  BSE:SENSEX26AUG77900CE   1.51   1.74 CALL added 1137020   PUT added 1981440  OI= 1423760
pcr10 =  BSE:SENSEX26AUG77800PE   2.94   4.18 CALL added 658080   PUT added 2753140  OI= 3139980
pcr11 =  BSE:SENSEX26AUG77700PE   2.49   7.49 CALL added 139880   PUT added 1047380  OI= 1580520
pcr12 =  BSE:SENSEX26AUG77600CE   3.47   -9.34 CALL unwind -51180   PUT added 478000  OI= 346880
pcr13 =  BSE:SENSEX26AUG77500CE   3.71   -8.22 CALL unwind -116600   PUT added 958300  OI= 725920
pcr14 =  BSE:SENSEX26AUG77400CE   4.15   -9.9 CALL unwind -33640   PUT added 332900  OI= 283380
pcr15 =  BSE:SENSEX26AUG77300CE   4.67   -3.25 CALL unwind -76320   PUT added 248200  OI= 298780
pcr16 =  BSE:SENSEX26AUG77200CE   12.76   -5.52 CALL unwind -76640   PUT added 422980  OI= 115080
pcr17 =  BSE:SENSEX26AUG77100PE   10.22   -3.13 CALL unwind -53360   PUT added 167100  OI= 824400
pcrSummation= 11.930000000000001  result =  ['BSE:SENSEX26AUG78400CE', 'BSE:SENSEX26AUG78300CE', 'BSE:SENSEX26AUG78200PE', 'BSE:SENSEX26AUG78100PE', 'BSE:SENSEX26AUG78000CE', 'BSE:SENSEX26AUG77900CE', 'BSE:SENSEX26AUG77800PE', 'BSE:SENSEX26AUG77700PE', 'BSE:SENSEX26AUG77600CE']
PCRSUM== 47.55
pcrSummation== 11.93
VOLPCRSUM== 2.61
spotLTP =  77904.16  ATM_STRIKE =  77900
IS_ATM_STRIKE_SHIFT = False  mapStrike = {77900: 77900}
avgOiPcrList2 = [np.float64(2.41), np.float64(2.73), np.float64(2.8)] atmStrikeNotShiftedCount= 6
False   6   3
SUPP_RES=== 78000  Buffer= 25
CEoich val =  1981200.0  PEoich val =  1800380.0 , CE > PE by 9.1%
SUPP_RES TOTAL OI: CE= 3369120  PE= 2272240 , CE > PE by 32.6%
IS_MORNING_WINDOW= True  (active 9:15-9:48 IST)
================================================
==== signal check time ==== 2026-08-26 09:33:00.722700
IS_CHOI_DIFF_GT_25PERC== False
RSI_VAL1== 76.76
RSI_VAL2== 76.76
FUT_3m_OHLC O= 78032.0  H= 78032.0  L= 78020.0  C= 78020.0  Range= 12.0
CHART_PATTERN: None
isPcrInc = True
newSynthFut =  78000
ATMStrike =  77900
AVG_OIPCR= 1.33
avgoiPCROld=  2.8
SUPP_RES = 78000
FUT LTP = 78020.0
CEchoi  PechOi = 1981200.0    1800380.0
====================================
totalOIPCR = 1.28
AVG_VOLPCR= 0.29
atmPCR= 0.18  belowATM  0.21
atmVolPCR= 0.12  belowATM  0.17
False   78020.0   78000   True   False   76.76
no trade yet = [np.float64(2.41), np.float64(2.73), np.float64(2.8)]
curr Doji False
BSE:SENSEX26AUG78000PE  curr candle vol pcr = 0.81  PE= 1225040  CE= 1511960      cpr =  1.23
BSE:SENSEX26AUG78000PE  prev candle vol pcr = 0.67  PE= 1058520  CE= 1583920      cpr =  1.5
ATM_CE_premium= 204.3  ATM_PE_premium= 181.8
CE_PremChg= -10.25  PE_PremChg= 5.05
CandleBody= -12.0  PrevBody= -32.1  CandleRange= 12.0  Bearish
TotalVol= 2737000  PrevTotalVol= 2642440  VolSpike= 1.04 x 
SCALP_SCORE: BEAR | BullScore= 0  BearScore= 2 | Confidence= LOW
DATAPOINT|09:33|FUT=78020.0|Body=-12.0|PrevBody=-32.1|Range=12.0|RangeRatio=0.19|CurrVolPCR=0.81|PrevVolPCR=0.67|CurrCPR=1.23|PrevCPR=1.5|VolSpike=1.04|CE_PremChg=-10.25|PE_PremChg=5.05|BullScore=0|BearScore=2|Dir=BEAR|Conf=LOW
CHART_PATTERN: None
BSE:SENSEX-INDEX  strikecount= 3   fyers <fyers_apiv3.fyersModel.FyersModel object at 0x7e2bdb40f290>
======================================
oipcr1 =  BSE:SENSEX26AUG78200PE   0.21
oipcr2 =  BSE:SENSEX26AUG78100PE   0.38
oipcr3 =  BSE:SENSEX26AUG78000CE   0.67
oipcrBull = NoEntry  bulcount= 0  bearcount= 3 oipcrBear= BearTrade
atmpcr5 pcr6= 1.51    2.94
No Entry Yet
India VIX = 10.65  Spot Price = 77899.72
IV Regime = LOW (ADAPTIVE: P25= 11.29  P50= 11.81  P75= 12.14 ) | DailyRange = 1185.2 | 3minCandleRange = 62.4 (theoretical= 103.9 ) | ATMoptionMove = 28.1 | SL = 98 | Target = 98 | TrailTrigger = 28 | Spread = 300 | Buffer = 25
IV Params refreshed: {'vix': 10.65, 'bn_price': 77899.72, 'regime': 'LOW', 'regime_thresholds': 'P25=11.29 P50=11.81 P75=12.14', 'daily_range': 1185.2, 'candle_range': 62.4, 'atm_option_move': 28.1, 'sl_point': 98, 'target_point': 98, 'sl_pct_of_premium': 0.1, 'trail_trigger': 28, 'spread_width': 300, 'support_resistance_buffer': 25}
BSE:SENSEX-INDEX  strikecount= 8   fyers <fyers_apiv3.fyersModel.FyersModel object at 0x7e2bdb40f290>
===
====after 3 min ochain==== 2026-08-26 09:36:00.012016
                                    oipcr   choipcr   totalOI
pcr1 =  BSE:SENSEX26AUG78700CE   0.02   0.02 CALL added 341260   PUT added 5480  OI= 876360
pcr2 =  BSE:SENSEX26AUG78600CE   0.02   0.04 CALL added 354500   PUT added 14440  OI= 895780
pcr3 =  BSE:SENSEX26AUG78500PE   0.07   0.08 CALL added 1146380   PUT added 96620  OI= 155280
pcr4 =  BSE:SENSEX26AUG78400CE   0.08   0.09 CALL added 655700   PUT added 57040  OI= 923860
pcr5 =  BSE:SENSEX26AUG78300CE   0.18   0.2 CALL added 1109800   PUT added 223920  OI= 1499560
pcr6 =  BSE:SENSEX26AUG78200PE   0.21    0.26 CALL added 1205460   PUT added 317460  OI= 362420
pcr7 =  BSE:SENSEX26AUG78100PE   0.39   0.51 CALL added 821440   PUT added 417620  OI= 484740
pcr8 =  BSE:SENSEX26AUG78000CE   0.66   0.86 CALL added 2153380   PUT added 1852300  OI= 3541300
pcr9 =  BSE:SENSEX26AUG77900CE   1.52   1.74 CALL added 1207920   PUT added 2104680  OI= 1494660
pcr10 =  BSE:SENSEX26AUG77800PE   2.9   4.02 CALL added 713300   PUT added 2870420  OI= 3257260
pcr11 =  BSE:SENSEX26AUG77700PE   2.58   7.87 CALL added 139580   PUT added 1099180  OI= 1632320
pcr12 =  BSE:SENSEX26AUG77600CE   3.45   -11.24 CALL unwind -44240   PUT added 497280  OI= 353820
pcr13 =  BSE:SENSEX26AUG77500CE   3.82   -8.92 CALL unwind -116360   PUT added 1038460  OI= 726160
pcr14 =  BSE:SENSEX26AUG77400CE   4.19   -11.06 CALL unwind -31820   PUT added 351980  OI= 285200
pcr15 =  BSE:SENSEX26AUG77300CE   4.68   -3.17 CALL unwind -77340   PUT added 244800  OI= 297760
pcr16 =  BSE:SENSEX26AUG77200CE   12.79   -5.84 CALL unwind -75500   PUT added 440760  OI= 116220
pcr17 =  BSE:SENSEX26AUG77100PE   10.52   -3.31 CALL unwind -54460   PUT added 180200  OI= 837500
pcrSummation= 11.969999999999999  result =  ['BSE:SENSEX26AUG78400CE', 'BSE:SENSEX26AUG78300CE', 'BSE:SENSEX26AUG78200PE', 'BSE:SENSEX26AUG78100PE', 'BSE:SENSEX26AUG78000CE', 'BSE:SENSEX26AUG77900CE', 'BSE:SENSEX26AUG77800PE', 'BSE:SENSEX26AUG77700PE', 'BSE:SENSEX26AUG77600CE']
PCRSUM== 48.08
pcrSummation== 11.97
VOLPCRSUM== 2.75
spotLTP =  77899.1  ATM_STRIKE =  77900
IS_ATM_STRIKE_SHIFT = False  mapStrike = {77900: 77900}
avgOiPcrList2 = [np.float64(2.73), np.float64(2.8), np.float64(2.83)] atmStrikeNotShiftedCount= 7
False   7   3
SUPP_RES=== 78000  Buffer= 25
CEoich val =  2153380.0  PEoich val =  1852300.0 , CE > PE by 14.0%
SUPP_RES TOTAL OI: CE= 3541300  PE= 2324160 , CE > PE by 34.4%
IS_MORNING_WINDOW= True  (active 9:15-9:48 IST)
================================================
==== signal check time ==== 2026-08-26 09:36:00.645667
IS_CHOI_DIFF_GT_25PERC== False
RSI_VAL1== 77.88
RSI_VAL2== 77.88
FUT_3m_OHLC O= 78007.6  H= 78050.0  L= 77997.4  C= 78040.0  Range= 52.6
CHART_PATTERN_DETECTED: BULLISH_ENGULFING | MORNING_STAR | OUTSIDE_BAR | DOUBLE_TOP_FORMING
  PATTERN_CONTEXT: Body= 32.4  Range= 52.6  ExpectedRange= 62.4  RangeRatio= 0.84  O= 78007.6  H= 78050.0  L= 77997.4  C= 78040.0
isPcrInc = True
newSynthFut =  78000
ATMStrike =  77900
AVG_OIPCR= 1.33
avgoiPCROld=  2.83
SUPP_RES = 78000
FUT LTP = 78040.0
CEchoi  PechOi = 2153380.0    1852300.0
====================================
totalOIPCR = 1.26
AVG_VOLPCR= 0.31
atmPCR= 0.18  belowATM  0.21
atmVolPCR= 0.13  belowATM  0.19
False   78040.0   78000   True   False   77.88
no trade yet = [np.float64(2.73), np.float64(2.8), np.float64(2.83)]
curr Doji False
BSE:SENSEX26AUG78000PE  curr candle vol pcr = 0.84  PE= 1103300  CE= 1312480      cpr =  1.19
BSE:SENSEX26AUG78000PE  prev candle vol pcr = 0.81  PE= 1225040  CE= 1511960      cpr =  1.23
ATM_CE_premium= 204.4  ATM_PE_premium= 181.65
CE_PremChg= 0.1  PE_PremChg= -0.15
CandleBody= 32.4  PrevBody= -12.0  CandleRange= 52.6  Bullish
TotalVol= 2415780  PrevTotalVol= 2737000  VolSpike= 0.88 x 
SCALP_SCORE: BULL | BullScore= 1  BearScore= 0 | Confidence= LOW
DATAPOINT|09:36|FUT=78040.0|Body=32.4|PrevBody=-12.0|Range=52.6|RangeRatio=0.84|CurrVolPCR=0.84|PrevVolPCR=0.81|CurrCPR=1.19|PrevCPR=1.23|VolSpike=0.88|CE_PremChg=0.1|PE_PremChg=-0.15|BullScore=1|BearScore=0|Dir=BULL|Conf=LOW
CHART_PATTERN_DETECTED: BULLISH_ENGULFING | MORNING_STAR | OUTSIDE_BAR | DOUBLE_TOP_FORMING
  PATTERN_CONTEXT: Body= 32.4  Range= 52.6  ExpectedRange= 62.4  RangeRatio= 0.84  O= 78007.6  H= 78050.0  L= 77997.4  C= 78040.0
BSE:SENSEX-INDEX  strikecount= 3   fyers <fyers_apiv3.fyersModel.FyersModel object at 0x7e2bdb40f290>
======================================
oipcr1 =  BSE:SENSEX26AUG78200PE   0.21
oipcr2 =  BSE:SENSEX26AUG78100PE   0.39
oipcr3 =  BSE:SENSEX26AUG78000CE   0.66
oipcrBull = NoEntry  bulcount= 0  bearcount= 3 oipcrBear= BearTrade
atmpcr5 pcr6= 1.52    2.9
No Entry Yet
India VIX = 10.61  Spot Price = 77910.43
IV Regime = LOW (ADAPTIVE: P25= 11.29  P50= 11.81  P75= 12.14 ) | DailyRange = 1180.9 | 3minCandleRange = 62.1 (theoretical= 103.6 ) | ATMoptionMove = 28.0 | SL = 98 | Target = 98 | TrailTrigger = 28 | Spread = 300 | Buffer = 25
IV Params refreshed: {'vix': 10.61, 'bn_price': 77910.43, 'regime': 'LOW', 'regime_thresholds': 'P25=11.29 P50=11.81 P75=12.14', 'daily_range': 1180.9, 'candle_range': 62.1, 'atm_option_move': 28.0, 'sl_point': 98, 'target_point': 98, 'sl_pct_of_premium': 0.1, 'trail_trigger': 28, 'spread_width': 300, 'support_resistance_buffer': 25}
BSE:SENSEX-INDEX  strikecount= 8   fyers <fyers_apiv3.fyersModel.FyersModel object at 0x7e2bdb40f290>
===
====after 3 min ochain==== 2026-08-26 09:39:00.047399
                                    oipcr   choipcr   totalOI
pcr1 =  BSE:SENSEX26AUG78700CE   0.02   0.02 CALL added 383160   PUT added 5920  OI= 918260
pcr2 =  BSE:SENSEX26AUG78600CE   0.02   0.04 CALL added 380200   PUT added 15120  OI= 921480
pcr3 =  BSE:SENSEX26AUG78500PE   0.07   0.09 CALL added 1170000   PUT added 100960  OI= 159620
pcr4 =  BSE:SENSEX26AUG78400CE   0.08   0.09 CALL added 692860   PUT added 60700  OI= 961020
pcr5 =  BSE:SENSEX26AUG78300CE   0.18   0.2 CALL added 1123580   PUT added 229180  OI= 1513340
pcr6 =  BSE:SENSEX26AUG78200PE   0.21    0.26 CALL added 1248540   PUT added 321800  OI= 366760
pcr7 =  BSE:SENSEX26AUG78100PE   0.38   0.49 CALL added 862360   PUT added 422240  OI= 489360
pcr8 =  BSE:SENSEX26AUG78000CE   0.66   0.86 CALL added 2232600   PUT added 1930060  OI= 3620520
pcr9 =  BSE:SENSEX26AUG77900CE   1.51   1.72 CALL added 1292500   PUT added 2222240  OI= 1579240
pcr10 =  BSE:SENSEX26AUG77800PE   2.92   4.01 CALL added 745560   PUT added 2988600  OI= 3375440
pcr11 =  BSE:SENSEX26AUG77700PE   2.57   7.2 CALL added 158800   PUT added 1143800  OI= 1676940
pcr12 =  BSE:SENSEX26AUG77600CE   3.59   -13.83 CALL unwind -40400   PUT added 558620  OI= 357660
pcr13 =  BSE:SENSEX26AUG77500CE   3.93   -8.06 CALL unwind -131380   PUT added 1059260  OI= 711140
pcr14 =  BSE:SENSEX26AUG77400CE   4.35   -10.37 CALL unwind -36420   PUT added 377820  OI= 280600
pcr15 =  BSE:SENSEX26AUG77300CE   4.73   -3.3 CALL unwind -78020   PUT added 257660  OI= 297080
pcr16 =  BSE:SENSEX26AUG77200CE   12.5   -5.93 CALL unwind -73300   PUT added 434940  OI= 118420
pcr17 =  BSE:SENSEX26AUG77100PE   10.7   -3.52 CALL unwind -54620   PUT added 192420  OI= 849720
pcrSummation= 12.1  result =  ['BSE:SENSEX26AUG78400CE', 'BSE:SENSEX26AUG78300CE', 'BSE:SENSEX26AUG78200PE', 'BSE:SENSEX26AUG78100PE', 'BSE:SENSEX26AUG78000CE', 'BSE:SENSEX26AUG77900CE', 'BSE:SENSEX26AUG77800PE', 'BSE:SENSEX26AUG77700PE', 'BSE:SENSEX26AUG77600CE']
PCRSUM== 48.42
pcrSummation== 12.1
VOLPCRSUM== 2.81
spotLTP =  77906.8  ATM_STRIKE =  77900
IS_ATM_STRIKE_SHIFT = False  mapStrike = {77900: 77900}
avgOiPcrList2 = [np.float64(2.8), np.float64(2.83), np.float64(2.85)] atmStrikeNotShiftedCount= 8
False   8   3
SUPP_RES=== 78000  Buffer= 25
CEoich val =  2232600.0  PEoich val =  1930060.0 , CE > PE by 13.6%
SUPP_RES TOTAL OI: CE= 3620520  PE= 2401920 , CE > PE by 33.7%
IS_MORNING_WINDOW= True  (active 9:15-9:48 IST)
================================================
==== signal check time ==== 2026-08-26 09:39:00.640599
IS_CHOI_DIFF_GT_25PERC== False
RSI_VAL1== 74.88
RSI_VAL2== 74.88
FUT_3m_OHLC O= 78040.0  H= 78040.0  L= 78005.2  C= 78024.4  Range= 34.9
CHART_PATTERN_DETECTED: INSIDE_BAR | DOUBLE_TOP_FORMING
  PATTERN_CONTEXT: Body= -15.6  Range= 34.9  ExpectedRange= 62.1  RangeRatio= 0.56  O= 78040.0  H= 78040.0  L= 78005.2  C= 78024.4
isPcrInc = True
newSynthFut =  78000
ATMStrike =  77900
AVG_OIPCR= 1.34
avgoiPCROld=  2.85
SUPP_RES = 78000
FUT LTP = 78024.45
CEchoi  PechOi = 2232600.0    1930060.0
====================================
totalOIPCR = 1.26
AVG_VOLPCR= 0.31
atmPCR= 0.18  belowATM  0.21
atmVolPCR= 0.13  belowATM  0.2
False   78024.45   78000   True   False   74.88
no trade yet = [np.float64(2.8), np.float64(2.83), np.float64(2.85)]
curr Doji False
BSE:SENSEX26AUG78000PE  curr candle vol pcr = 0.83  PE= 803380  CE= 963420      cpr =  1.2
BSE:SENSEX26AUG78000PE  prev candle vol pcr = 0.84  PE= 1103300  CE= 1312480      cpr =  1.19
ATM_CE_premium= 206.75  ATM_PE_premium= 176.85
CE_PremChg= 2.35  PE_PremChg= -4.8
CandleBody= -15.6  PrevBody= 32.4  CandleRange= 34.9  Bearish
TotalVol= 1766800  PrevTotalVol= 2415780  VolSpike= 0.73 x 
SCALP_SCORE: NEUTRAL | BullScore= 0  BearScore= 0 | Confidence= LOW
DATAPOINT|09:39|FUT=78024.4|Body=-15.6|PrevBody=32.4|Range=34.9|RangeRatio=0.56|CurrVolPCR=0.83|PrevVolPCR=0.84|CurrCPR=1.2|PrevCPR=1.19|VolSpike=0.73|CE_PremChg=2.35|PE_PremChg=-4.8|BullScore=0|BearScore=0|Dir=NEUTRAL|Conf=LOW
CHART_PATTERN_DETECTED: INSIDE_BAR | DOUBLE_TOP_FORMING
  PATTERN_CONTEXT: Body= -15.6  Range= 34.9  ExpectedRange= 62.1  RangeRatio= 0.56  O= 78040.0  H= 78040.0  L= 78005.2  C= 78024.4
BSE:SENSEX-INDEX  strikecount= 3   fyers <fyers_apiv3.fyersModel.FyersModel object at 0x7e2bdb40f290>
======================================
oipcr1 =  BSE:SENSEX26AUG78200PE   0.21
oipcr2 =  BSE:SENSEX26AUG78100PE   0.38
oipcr3 =  BSE:SENSEX26AUG78000CE   0.66
oipcrBull = NoEntry  bulcount= 0  bearcount= 3 oipcrBear= BearTrade
atmpcr5 pcr6= 1.51    2.92
No Entry Yet
India VIX = 10.69  Spot Price = 77953.11
IV Regime = LOW (ADAPTIVE: P25= 11.29  P50= 11.81  P75= 12.14 ) | DailyRange = 1190.5 | 3minCandleRange = 62.6 (theoretical= 104.4 ) | ATMoptionMove = 28.2 | SL = 99 | Target = 99 | TrailTrigger = 28 | Spread = 300 | Buffer = 25
IV Params refreshed: {'vix': 10.69, 'bn_price': 77953.11, 'regime': 'LOW', 'regime_thresholds': 'P25=11.29 P50=11.81 P75=12.14', 'daily_range': 1190.5, 'candle_range': 62.6, 'atm_option_move': 28.2, 'sl_point': 99, 'target_point': 99, 'sl_pct_of_premium': 0.1, 'trail_trigger': 28, 'spread_width': 300, 'support_resistance_buffer': 25}
BSE:SENSEX-INDEX  strikecount= 8   fyers <fyers_apiv3.fyersModel.FyersModel object at 0x7e2bdb40f290>
===
====after 3 min ochain==== 2026-08-26 09:42:00.007270
                                    oipcr   choipcr   totalOI
pcr1 =  BSE:SENSEX26AUG78800CE   0.02   0.01 CALL added 309400   PUT added 2160  OI= 691460
pcr2 =  BSE:SENSEX26AUG78700CE   0.02   0.02 CALL added 406640   PUT added 6500  OI= 941740
pcr3 =  BSE:SENSEX26AUG78600CE   0.03   0.04 CALL added 389700   PUT added 16800  OI= 930980
pcr4 =  BSE:SENSEX26AUG78500PE   0.08   0.09 CALL added 1184580   PUT added 110880  OI= 169540
pcr5 =  BSE:SENSEX26AUG78400CE   0.08   0.09 CALL added 702060   PUT added 61640  OI= 970220
pcr6 =  BSE:SENSEX26AUG78300CE   0.18    0.2 CALL added 1125980   PUT added 227740  OI= 1515740
pcr7 =  BSE:SENSEX26AUG78200PE   0.23   0.28 CALL added 1281980   PUT added 359800  OI= 404760
pcr8 =  BSE:SENSEX26AUG78100PE   0.39   0.51 CALL added 848920   PUT added 432920  OI= 500040
pcr9 =  BSE:SENSEX26AUG78000CE   0.69   0.9 CALL added 2253340   PUT added 2023820  OI= 3641260
pcr10 =  BSE:SENSEX26AUG77900CE   1.56   1.78 CALL added 1316620   PUT added 2338100  OI= 1603360
pcr11 =  BSE:SENSEX26AUG77800PE   3.1   4.34 CALL added 712240   PUT added 3088340  OI= 3475180
pcr12 =  BSE:SENSEX26AUG77700PE   2.67   7.8 CALL added 152580   PUT added 1190880  OI= 1724020
pcr13 =  BSE:SENSEX26AUG77600CE   3.76   -12.73 CALL unwind -46900   PUT added 597260  OI= 351160
pcr14 =  BSE:SENSEX26AUG77500CE   3.96   -7.19 CALL unwind -143380   PUT added 1031060  OI= 699140
pcr15 =  BSE:SENSEX26AUG77400CE   4.39   -10.2 CALL unwind -37740   PUT added 384840  OI= 279280
pcr16 =  BSE:SENSEX26AUG77300CE   4.84   -3.34 CALL unwind -81680   PUT added 272920  OI= 293420
pcr17 =  BSE:SENSEX26AUG77200CE   12.83   -6.21 CALL unwind -74260   PUT added 461420  OI= 117460
pcrSummation= 8.98  result =  ['BSE:SENSEX26AUG78500PE', 'BSE:SENSEX26AUG78400CE', 'BSE:SENSEX26AUG78300CE', 'BSE:SENSEX26AUG78200PE', 'BSE:SENSEX26AUG78100PE', 'BSE:SENSEX26AUG78000CE', 'BSE:SENSEX26AUG77900CE', 'BSE:SENSEX26AUG77800PE', 'BSE:SENSEX26AUG77700PE']
PCRSUM== 38.83
pcrSummation== 8.98
VOLPCRSUM== 1.6
spotLTP =  77953.11  ATM_STRIKE =  78000
IS_ATM_STRIKE_SHIFT = True  mapStrike = {78000: 78000}
avgOiPcrList2 = [np.float64(2.28)] atmStrikeNotShiftedCount= 1
True   1   1
SUPP_RES=== 78000  Buffer= 25
CEoich val =  2253340.0  PEoich val =  2023820.0 , CE > PE by 10.2%
SUPP_RES TOTAL OI: CE= 3641260  PE= 2495680 , CE > PE by 31.5%
IS_MORNING_WINDOW= True  (active 9:15-9:48 IST)
================================================
==== signal check time ==== 2026-08-26 09:42:00.678754
IS_CHOI_DIFF_GT_25PERC== False
RSI_VAL1== 77.05
RSI_VAL2== 77.05
FUT_3m_OHLC O= 78030.0  H= 78060.0  L= 78030.0  C= 78060.0  Range= 30.0
CHART_PATTERN_DETECTED: DOUBLE_TOP_FORMING
  PATTERN_CONTEXT: Body= 30.0  Range= 30.0  ExpectedRange= 62.6  RangeRatio= 0.48  O= 78030.0  H= 78060.0  L= 78030.0  C= 78060.0
newSynthFut =  78100
ATMStrike =  78000
AVG_OIPCR= 1.0
avgoiPCROld=  2.28
SUPP_RES = 78000
FUT LTP = 78060.0
CEchoi  PechOi = 2253340.0    2023820.0
====================================
totalOIPCR = 1.27
AVG_VOLPCR= 0.18
atmPCR= 0.08  belowATM  0.18
atmVolPCR= 0.07  belowATM  0.13
False   78060.0   78000   False   False   77.05
curr Doji False
BSE:SENSEX26AUG78000PE  curr candle vol pcr = 0.71  PE= 1185040  CE= 1670560      cpr =  1.41
BSE:SENSEX26AUG78000PE  prev candle vol pcr = 0.83  PE= 803380  CE= 963420      cpr =  1.2
ATM_CE_premium= 224.0  ATM_PE_premium= 160.8
CE_PremChg= 17.25  PE_PremChg= -16.05
CandleBody= 30.0  PrevBody= -15.6  CandleRange= 30.0  Bullish
TotalVol= 2855600  PrevTotalVol= 1766800  VolSpike= 1.62 x 
SCALP_SCORE: BULL | BullScore= 2  BearScore= 1 | Confidence= LOW
DATAPOINT|09:42|FUT=78060.0|Body=30.0|PrevBody=-15.6|Range=30.0|RangeRatio=0.48|CurrVolPCR=0.71|PrevVolPCR=0.83|CurrCPR=1.41|PrevCPR=1.2|VolSpike=1.62|CE_PremChg=17.25|PE_PremChg=-16.05|BullScore=2|BearScore=1|Dir=BULL|Conf=LOW
CHART_PATTERN_DETECTED: DOUBLE_TOP_FORMING
  PATTERN_CONTEXT: Body= 30.0  Range= 30.0  ExpectedRange= 62.6  RangeRatio= 0.48  O= 78030.0  H= 78060.0  L= 78030.0  C= 78060.0
BSE:SENSEX-INDEX  strikecount= 3   fyers <fyers_apiv3.fyersModel.FyersModel object at 0x7e2bdb40f290>
======================================
oipcr1 =  BSE:SENSEX26AUG78300CE   0.18
oipcr2 =  BSE:SENSEX26AUG78200PE   0.23
oipcr3 =  BSE:SENSEX26AUG78100PE   0.39
oipcrBull = NoEntry  bulcount= 0  bearcount= 3 oipcrBear= BearTrade
atmpcr5 pcr6= 0.69    1.56
No Entry Yet
India VIX = 10.88  Spot Price = 77960.57
IV Regime = LOW (ADAPTIVE: P25= 11.29  P50= 11.81  P75= 12.14 ) | DailyRange = 1211.7 | 3minCandleRange = 63.8 (theoretical= 106.3 ) | ATMoptionMove = 28.7 | SL = 100 | Target = 100 | TrailTrigger = 29 | Spread = 300 | Buffer = 26
IV Params refreshed: {'vix': 10.88, 'bn_price': 77960.57, 'regime': 'LOW', 'regime_thresholds': 'P25=11.29 P50=11.81 P75=12.14', 'daily_range': 1211.7, 'candle_range': 63.8, 'atm_option_move': 28.7, 'sl_point': 100, 'target_point': 100, 'sl_pct_of_premium': 0.1, 'trail_trigger': 29, 'spread_width': 300, 'support_resistance_buffer': 26}
BSE:SENSEX-INDEX  strikecount= 8   fyers <fyers_apiv3.fyersModel.FyersModel object at 0x7e2bdb40f290>
===
====after 3 min ochain==== 2026-08-26 09:45:00.047106
                                    oipcr   choipcr   totalOI
pcr1 =  BSE:SENSEX26AUG78800CE   0.02   0.01 CALL added 317600   PUT added 2380  OI= 699660
pcr2 =  BSE:SENSEX26AUG78700CE   0.02   0.02 CALL added 447740   PUT added 7440  OI= 982840
pcr3 =  BSE:SENSEX26AUG78600CE   0.03   0.04 CALL added 405360   PUT added 17800  OI= 946640
pcr4 =  BSE:SENSEX26AUG78500PE   0.08   0.11 CALL added 1157940   PUT added 121740  OI= 180400
pcr5 =  BSE:SENSEX26AUG78400CE   0.08   0.09 CALL added 696800   PUT added 65900  OI= 964960
pcr6 =  BSE:SENSEX26AUG78300CE   0.2    0.22 CALL added 1139600   PUT added 252820  OI= 1529360
pcr7 =  BSE:SENSEX26AUG78200PE   0.27   0.35 CALL added 1107220   PUT added 391300  OI= 436260
pcr8 =  BSE:SENSEX26AUG78100PE   0.45   0.59 CALL added 842160   PUT added 497900  OI= 565020
pcr9 =  BSE:SENSEX26AUG78000CE   0.78   1.07 CALL added 2130980   PUT added 2270460  OI= 3518900
pcr10 =  BSE:SENSEX26AUG77900CE   1.69   1.94 CALL added 1252420   PUT added 2435340  OI= 1539160
pcr11 =  BSE:SENSEX26AUG77800PE   3.38   4.87 CALL added 666880   PUT added 3245320  OI= 3632160
pcr12 =  BSE:SENSEX26AUG77700PE   2.99   11.11 CALL added 116320   PUT added 1291980  OI= 1825120
pcr13 =  BSE:SENSEX26AUG77600CE   4.16   -11.21 CALL unwind -60680   PUT added 679940  OI= 337380
pcr14 =  BSE:SENSEX26AUG77500CE   4.21   -6.51 CALL unwind -168680   PUT added 1098560  OI= 673840
pcr15 =  BSE:SENSEX26AUG77400CE   4.41   -9.46 CALL unwind -40140   PUT added 379760  OI= 276880
pcr16 =  BSE:SENSEX26AUG77300CE   4.98   -3.32 CALL unwind -86620   PUT added 287480  OI= 288480
pcr17 =  BSE:SENSEX26AUG77200CE   13.16   -6.62 CALL unwind -74680   PUT added 494720  OI= 117040
pcrSummation= 9.92  result =  ['BSE:SENSEX26AUG78500PE', 'BSE:SENSEX26AUG78400CE', 'BSE:SENSEX26AUG78300CE', 'BSE:SENSEX26AUG78200PE', 'BSE:SENSEX26AUG78100PE', 'BSE:SENSEX26AUG78000CE', 'BSE:SENSEX26AUG77900CE', 'BSE:SENSEX26AUG77800PE', 'BSE:SENSEX26AUG77700PE']
PCRSUM== 40.91
pcrSummation== 9.92
VOLPCRSUM== 1.59
spotLTP =  77960.57  ATM_STRIKE =  78000
IS_ATM_STRIKE_SHIFT = False  mapStrike = {78000: 78000}
avgOiPcrList2 = [np.float64(2.28), np.float64(2.41)] atmStrikeNotShiftedCount= 2
False   2   2
SUPP_RES=== 78000  Buffer= 26
CEoich val =  2130980.0  PEoich val =  2270460.0 , CE < PE by 6.1%
SUPP_RES TOTAL OI: CE= 3518900  PE= 2742320 , CE > PE by 22.1%
IS_MORNING_WINDOW= True  (active 9:15-9:48 IST)
================================================
==== signal check time ==== 2026-08-26 09:45:00.644914
IS_CHOI_DIFF_GT_25PERC== False
RSI_VAL1== 78.09
RSI_VAL2== 78.09
FUT_3m_OHLC O= 78065.0  H= 78078.0  L= 78062.4  C= 78078.0  Range= 15.6
CHART_PATTERN_DETECTED: DOUBLE_TOP_FORMING
  PATTERN_CONTEXT: Body= 13.0  Range= 15.6  ExpectedRange= 63.8  RangeRatio= 0.24  O= 78065.0  H= 78078.0  L= 78062.4  C= 78078.0
newSynthFut =  78100
ATMStrike =  78000
AVG_OIPCR= 1.1
avgoiPCROld=  2.41
SUPP_RES = 78000
FUT LTP = 78078.0
CEchoi  PechOi = 2130980.0    2270460.0
====================================
totalOIPCR = 1.33
AVG_VOLPCR= 0.18
atmPCR= 0.08  belowATM  0.2
atmVolPCR= 0.07  belowATM  0.13
False   78078.0   78000   False   False   78.09
curr Doji False
BSE:SENSEX26AUG78000PE  curr candle vol pcr = 0.67  PE= 1231920  CE= 1849840      cpr =  1.5
BSE:SENSEX26AUG78000PE  prev candle vol pcr = 0.71  PE= 1185040  CE= 1670560      cpr =  1.41
ATM_CE_premium= 229.6  ATM_PE_premium= 155.75
CE_PremChg= 5.6  PE_PremChg= -5.05
CandleBody= 13.0  PrevBody= 30.0  CandleRange= 15.6  Bullish
TotalVol= 3081760  PrevTotalVol= 2855600  VolSpike= 1.08 x 
SCALP_SCORE: BULL | BullScore= 2  BearScore= 1 | Confidence= LOW
DATAPOINT|09:45|FUT=78078.0|Body=13.0|PrevBody=30.0|Range=15.6|RangeRatio=0.24|CurrVolPCR=0.67|PrevVolPCR=0.71|CurrCPR=1.5|PrevCPR=1.41|VolSpike=1.08|CE_PremChg=5.6|PE_PremChg=-5.05|BullScore=2|BearScore=1|Dir=BULL|Conf=LOW
CHART_PATTERN_DETECTED: DOUBLE_TOP_FORMING
  PATTERN_CONTEXT: Body= 13.0  Range= 15.6  ExpectedRange= 63.8  RangeRatio= 0.24  O= 78065.0  H= 78078.0  L= 78062.4  C= 78078.0
BSE:SENSEX-INDEX  strikecount= 3   fyers <fyers_apiv3.fyersModel.FyersModel object at 0x7e2bdb40f290>
======================================
oipcr1 =  BSE:SENSEX26AUG78300CE   0.2
oipcr2 =  BSE:SENSEX26AUG78200PE   0.27
oipcr3 =  BSE:SENSEX26AUG78100PE   0.45
oipcrBull = NoEntry  bulcount= 0  bearcount= 3 oipcrBear= BearTrade
atmpcr5 pcr6= 0.78    1.69
No Entry Yet
India VIX = 10.9  Spot Price = 77976.75
IV Regime = LOW (ADAPTIVE: P25= 11.29  P50= 11.81  P75= 12.14 ) | DailyRange = 1214.2 | 3minCandleRange = 63.9 (theoretical= 106.5 ) | ATMoptionMove = 28.8 | SL = 101 | Target = 101 | TrailTrigger = 29 | Spread = 300 | Buffer = 26
IV Params refreshed: {'vix': 10.9, 'bn_price': 77976.75, 'regime': 'LOW', 'regime_thresholds': 'P25=11.29 P50=11.81 P75=12.14', 'daily_range': 1214.2, 'candle_range': 63.9, 'atm_option_move': 28.8, 'sl_point': 101, 'target_point': 101, 'sl_pct_of_premium': 0.1, 'trail_trigger': 29, 'spread_width': 300, 'support_resistance_buffer': 26}
BSE:SENSEX-INDEX  strikecount= 8   fyers <fyers_apiv3.fyersModel.FyersModel object at 0x7e2bdb40f290>
===
====after 3 min ochain==== 2026-08-26 09:48:00.047398
                                    oipcr   choipcr   totalOI
pcr1 =  BSE:SENSEX26AUG78800CE   0.02   0.01 CALL added 343020   PUT added 3160  OI= 725080
pcr2 =  BSE:SENSEX26AUG78700CE   0.02   0.02 CALL added 465300   PUT added 8800  OI= 1000400
pcr3 =  BSE:SENSEX26AUG78600CE   0.03   0.05 CALL added 405660   PUT added 20360  OI= 946940
pcr4 =  BSE:SENSEX26AUG78500PE   0.09   0.11 CALL added 1187140   PUT added 135160  OI= 193820
pcr5 =  BSE:SENSEX26AUG78400CE   0.09   0.11 CALL added 700880   PUT added 75460  OI= 969040
pcr6 =  BSE:SENSEX26AUG78300CE   0.2    0.23 CALL added 1136260   PUT added 264120  OI= 1526020
pcr7 =  BSE:SENSEX26AUG78200PE   0.3   0.4 CALL added 1093560   PUT added 436540  OI= 481500
pcr8 =  BSE:SENSEX26AUG78100PE   0.5   0.67 CALL added 855900   PUT added 569320  OI= 636440
pcr9 =  BSE:SENSEX26AUG78000CE   0.89   1.26 CALL added 2021500   PUT added 2551600  OI= 3409420
pcr10 =  BSE:SENSEX26AUG77900CE   1.84   2.14 CALL added 1192500   PUT added 2552280  OI= 1479240
pcr11 =  BSE:SENSEX26AUG77800PE   3.62   5.32 CALL added 642380   PUT added 3419300  OI= 3806140
pcr12 =  BSE:SENSEX26AUG77700PE   3.11   12.42 CALL added 107580   PUT added 1336560  OI= 1869700
pcr13 =  BSE:SENSEX26AUG77600CE   4.55   -8.47 CALL unwind -83440   PUT added 706980  OI= 314620
pcr14 =  BSE:SENSEX26AUG77500CE   4.35   -7.0 CALL unwind -169800   PUT added 1188760  OI= 672720
pcr15 =  BSE:SENSEX26AUG77400CE   4.54   -9.5 CALL unwind -42560   PUT added 404280  OI= 274460
pcr16 =  BSE:SENSEX26AUG77300CE   5.14   -3.17 CALL unwind -93740   PUT added 297520  OI= 281360
pcr17 =  BSE:SENSEX26AUG77200CE   13.22   -6.87 CALL unwind -74120   PUT added 509100  OI= 117600
pcrSummation= 10.64  result =  ['BSE:SENSEX26AUG78500PE', 'BSE:SENSEX26AUG78400CE', 'BSE:SENSEX26AUG78300CE', 'BSE:SENSEX26AUG78200PE', 'BSE:SENSEX26AUG78100PE', 'BSE:SENSEX26AUG78000CE', 'BSE:SENSEX26AUG77900CE', 'BSE:SENSEX26AUG77800PE', 'BSE:SENSEX26AUG77700PE']
PCRSUM== 42.51
pcrSummation== 10.64
VOLPCRSUM== 1.6
spotLTP =  77976.75  ATM_STRIKE =  78000
IS_ATM_STRIKE_SHIFT = False  mapStrike = {78000: 78000}
avgOiPcrList2 = [np.float64(2.28), np.float64(2.41), np.float64(2.5)] atmStrikeNotShiftedCount= 3
False   3   3
SUPP_RES=== 78000  Buffer= 26
CEoich val =  2021500.0  PEoich val =  2551600.0 , CE < PE by 20.8%
SUPP_RES TOTAL OI: CE= 3409420  PE= 3023460 , CE > PE by 11.3%
IS_MORNING_WINDOW= False  (active 9:15-9:48 IST)
================================================
==== signal check time ==== 2026-08-26 09:48:00.649775
IS_CHOI_DIFF_GT_25PERC== False
RSI_VAL1== 78.09
RSI_VAL2== 78.09
FUT_3m_OHLC O= 78067.9  H= 78080.0  L= 78067.9  C= 78078.0  Range= 12.1
CHART_PATTERN_DETECTED: THREE_WHITE_SOLDIERS | DOUBLE_TOP_FORMING
  PATTERN_CONTEXT: Body= 10.2  Range= 12.1  ExpectedRange= 63.9  RangeRatio= 0.19  O= 78067.9  H= 78080.0  L= 78067.9  C= 78078.0
isPcrInc = True
newSynthFut =  78100
ATMStrike =  78000
AVG_OIPCR= 1.18
avgoiPCROld=  2.5
SUPP_RES = 78000
FUT LTP = 78078.05
CEchoi  PechOi = 2021500.0    2551600.0
====================================
totalOIPCR = 1.41
AVG_VOLPCR= 0.18
atmPCR= 0.09  belowATM  0.2
atmVolPCR= 0.07  belowATM  0.13
False   78078.05   78000   True   False   78.09
no trade yet = [np.float64(2.28), np.float64(2.41), np.float64(2.5)]
curr Doji False
BSE:SENSEX26AUG78000PE  curr candle vol pcr = 0.72  PE= 1029620  CE= 1423100      cpr =  1.38
BSE:SENSEX26AUG78000PE  prev candle vol pcr = 0.67  PE= 1231920  CE= 1849840      cpr =  1.5
ATM_CE_premium= 234.65  ATM_PE_premium= 150.45
CE_PremChg= 5.05  PE_PremChg= -5.3
CandleBody= 10.2  PrevBody= 13.0  CandleRange= 12.1  Bullish
TotalVol= 2452720  PrevTotalVol= 3081760  VolSpike= 0.8 x 
SCALP_SCORE: BULL | BullScore= 2  BearScore= 0 | Confidence= LOW
DATAPOINT|09:48|FUT=78078.0|Body=10.2|PrevBody=13.0|Range=12.1|RangeRatio=0.19|CurrVolPCR=0.72|PrevVolPCR=0.67|CurrCPR=1.38|PrevCPR=1.5|VolSpike=0.8|CE_PremChg=5.05|PE_PremChg=-5.3|BullScore=2|BearScore=0|Dir=BULL|Conf=LOW
CHART_PATTERN_DETECTED: THREE_WHITE_SOLDIERS | DOUBLE_TOP_FORMING
  PATTERN_CONTEXT: Body= 10.2  Range= 12.1  ExpectedRange= 63.9  RangeRatio= 0.19  O= 78067.9  H= 78080.0  L= 78067.9  C= 78078.0
BSE:SENSEX-INDEX  strikecount= 3   fyers <fyers_apiv3.fyersModel.FyersModel object at 0x7e2bdb40f290>
======================================
oipcr1 =  BSE:SENSEX26AUG78300CE   0.2
oipcr2 =  BSE:SENSEX26AUG78200PE   0.3
oipcr3 =  BSE:SENSEX26AUG78100PE   0.5
oipcrBull = NoEntry  bulcount= 0  bearcount= 3 oipcrBear= BearTrade
atmpcr5 pcr6= 0.89    1.84
No Entry Yet
India VIX = 10.7  Spot Price = 77950.06
IV Regime = LOW (ADAPTIVE: P25= 11.29  P50= 11.81  P75= 12.14 ) | DailyRange = 1191.5 | 3minCandleRange = 62.7 (theoretical= 104.5 ) | ATMoptionMove = 28.2 | SL = 99 | Target = 99 | TrailTrigger = 28 | Spread = 300 | Buffer = 25
IV Params refreshed: {'vix': 10.7, 'bn_price': 77950.06, 'regime': 'LOW', 'regime_thresholds': 'P25=11.29 P50=11.81 P75=12.14', 'daily_range': 1191.5, 'candle_range': 62.7, 'atm_option_move': 28.2, 'sl_point': 99, 'target_point': 99, 'sl_pct_of_premium': 0.1, 'trail_trigger': 28, 'spread_width': 300, 'support_resistance_buffer': 25}
BSE:SENSEX-INDEX  strikecount= 8   fyers <fyers_apiv3.fyersModel.FyersModel object at 0x7e2bdb40f290>
===
====after 3 min ochain==== 2026-08-26 09:51:00.008954
                                    oipcr   choipcr   totalOI
pcr1 =  BSE:SENSEX26AUG78800CE   0.02   0.01 CALL added 318360   PUT added 3000  OI= 700420
pcr2 =  BSE:SENSEX26AUG78700CE   0.02   0.02 CALL added 471640   PUT added 10000  OI= 1006740
pcr3 =  BSE:SENSEX26AUG78600CE   0.03   0.06 CALL added 387000   PUT added 22340  OI= 928280
pcr4 =  BSE:SENSEX26AUG78500PE   0.1   0.14 CALL added 1175520   PUT added 160060  OI= 218720
pcr5 =  BSE:SENSEX26AUG78400CE   0.1   0.12 CALL added 689980   PUT added 83160  OI= 958140
pcr6 =  BSE:SENSEX26AUG78300CE   0.23    0.26 CALL added 1140320   PUT added 297520  OI= 1530080
pcr7 =  BSE:SENSEX26AUG78200PE   0.33   0.45 CALL added 1063720   PUT added 477380  OI= 522340
pcr8 =  BSE:SENSEX26AUG78100PE   0.56   0.76 CALL added 848840   PUT added 642720  OI= 709840
pcr9 =  BSE:SENSEX26AUG78000CE   0.96   1.39 CALL added 1981900   PUT added 2746940  OI= 3369820
pcr10 =  BSE:SENSEX26AUG77900CE   1.94   2.29 CALL added 1149920   PUT added 2628100  OI= 1436660
pcr11 =  BSE:SENSEX26AUG77800PE   4.03   6.25 CALL added 565480   PUT added 3534820  OI= 3921660
pcr12 =  BSE:SENSEX26AUG77700PE   3.33   17.68 CALL added 77560   PUT added 1371160  OI= 1904300
pcr13 =  BSE:SENSEX26AUG77600CE   4.88   -7.97 CALL unwind -94740   PUT added 755120  OI= 303320
pcr14 =  BSE:SENSEX26AUG77500CE   4.44   -6.66 CALL unwind -180460   PUT added 1202640  OI= 662060
pcr15 =  BSE:SENSEX26AUG77400CE   4.62   -9.34 CALL unwind -44600   PUT added 416500  OI= 272420
pcr16 =  BSE:SENSEX26AUG77300CE   5.19   -3.33 CALL unwind -93800   PUT added 312100  OI= 281300
pcr17 =  BSE:SENSEX26AUG77200CE   13.29   -6.87 CALL unwind -74480   PUT added 512000  OI= 117240
pcrSummation= 11.58  result =  ['BSE:SENSEX26AUG78500PE', 'BSE:SENSEX26AUG78400CE', 'BSE:SENSEX26AUG78300CE', 'BSE:SENSEX26AUG78200PE', 'BSE:SENSEX26AUG78100PE', 'BSE:SENSEX26AUG78000CE', 'BSE:SENSEX26AUG77900CE', 'BSE:SENSEX26AUG77800PE', 'BSE:SENSEX26AUG77700PE']
PCRSUM== 44.07
pcrSummation== 11.58
VOLPCRSUM== 1.64
spotLTP =  77950.06  ATM_STRIKE =  78000
IS_ATM_STRIKE_SHIFT = False  mapStrike = {78000: 78000}
avgOiPcrList2 = [np.float64(2.41), np.float64(2.5), np.float64(2.59)] atmStrikeNotShiftedCount= 4
False   4   3
SUPP_RES=== 78000  Buffer= 25
CEoich val =  1981900.0  PEoich val =  2746940.0 , CE < PE by 27.9%
SUPP_RES TOTAL OI: CE= 3369820  PE= 3218800 , CE > PE by 4.5%
IS_MORNING_WINDOW= False  (active 9:15-9:48 IST)
================================================
==== signal check time ==== 2026-08-26 09:51:00.677538
IS_CHOI_DIFF_GT_25PERC== True
RSI_VAL1== 74.19
RSI_VAL2== 74.19
FUT_3m_OHLC O= 78078.0  H= 78078.0  L= 78060.0  C= 78060.0  Range= 18.1
CHART_PATTERN_DETECTED: BEARISH_ENGULFING | DOUBLE_TOP_FORMING
  PATTERN_CONTEXT: Body= -18.1  Range= 18.1  ExpectedRange= 62.7  RangeRatio= 0.29  O= 78078.0  H= 78078.0  L= 78060.0  C= 78060.0
isPcrInc = True
newSynthFut =  78100
ATMStrike =  78000
AVG_OIPCR= 1.29
avgoiPCROld=  2.59
SUPP_RES = 78000
FUT LTP = 78059.95
CEchoi  PechOi = 1981900.0    2746940.0
====================================
totalOIPCR = 1.46
AVG_VOLPCR= 0.18
atmPCR= 0.1  belowATM  0.23
atmVolPCR= 0.07  belowATM  0.13
True   78059.95   78000   True   False   74.19
no trade yet = [np.float64(2.41), np.float64(2.5), np.float64(2.59)]
curr Doji False
BSE:SENSEX26AUG78000PE  curr candle vol pcr = 0.88  PE= 1109240  CE= 1259660      cpr =  1.14
BSE:SENSEX26AUG78000PE  prev candle vol pcr = 0.72  PE= 1029620  CE= 1423100      cpr =  1.38
ATM_CE_premium= 219.15  ATM_PE_premium= 160.3
CE_PremChg= -15.5  PE_PremChg= 9.85
CandleBody= -18.1  PrevBody= 10.2  CandleRange= 18.1  Bearish
TotalVol= 2368900  PrevTotalVol= 2452720  VolSpike= 0.97 x 
SCALP_SCORE: BEAR | BullScore= 0  BearScore= 1 | Confidence= LOW
DATAPOINT|09:51|FUT=78060.0|Body=-18.1|PrevBody=10.2|Range=18.1|RangeRatio=0.29|CurrVolPCR=0.88|PrevVolPCR=0.72|CurrCPR=1.14|PrevCPR=1.38|VolSpike=0.97|CE_PremChg=-15.5|PE_PremChg=9.85|BullScore=0|BearScore=1|Dir=BEAR|Conf=LOW
CHART_PATTERN_DETECTED: BEARISH_ENGULFING | DOUBLE_TOP_FORMING
  PATTERN_CONTEXT: Body= -18.1  Range= 18.1  ExpectedRange= 62.7  RangeRatio= 0.29  O= 78078.0  H= 78078.0  L= 78060.0  C= 78060.0
BSE:SENSEX-INDEX  strikecount= 3   fyers <fyers_apiv3.fyersModel.FyersModel object at 0x7e2bdb40f290>
======================================
oipcr1 =  BSE:SENSEX26AUG78300CE   0.23
oipcr2 =  BSE:SENSEX26AUG78200PE   0.33
oipcr3 =  BSE:SENSEX26AUG78100PE   0.56
oipcrBull = NoEntry  bulcount= 0  bearcount= 3 oipcrBear= BearTrade
atmpcr5 pcr6= 0.96    1.94
No Entry Yet
India VIX = 10.78  Spot Price = 77933.24
IV Regime = LOW (ADAPTIVE: P25= 11.29  P50= 11.81  P75= 12.14 ) | DailyRange = 1200.2 | 3minCandleRange = 63.2 (theoretical= 105.3 ) | ATMoptionMove = 28.4 | SL = 99 | Target = 99 | TrailTrigger = 28 | Spread = 300 | Buffer = 25
IV Params refreshed: {'vix': 10.78, 'bn_price': 77933.24, 'regime': 'LOW', 'regime_thresholds': 'P25=11.29 P50=11.81 P75=12.14', 'daily_range': 1200.2, 'candle_range': 63.2, 'atm_option_move': 28.4, 'sl_point': 99, 'target_point': 99, 'sl_pct_of_premium': 0.1, 'trail_trigger': 28, 'spread_width': 300, 'support_resistance_buffer': 25}
BSE:SENSEX-INDEX  strikecount= 8   fyers <fyers_apiv3.fyersModel.FyersModel object at 0x7e2bdb40f290>
===
====after 3 min ochain==== 2026-08-26 09:54:00.047770
                                    oipcr   choipcr   totalOI
pcr1 =  BSE:SENSEX26AUG78700CE   0.02   0.02 CALL added 479420   PUT added 10460  OI= 1014520
pcr2 =  BSE:SENSEX26AUG78600CE   0.03   0.06 CALL added 380700   PUT added 24180  OI= 921980
pcr3 =  BSE:SENSEX26AUG78500PE   0.09   0.12 CALL added 1301240   PUT added 158180  OI= 216840
pcr4 =  BSE:SENSEX26AUG78400CE   0.1   0.12 CALL added 729040   PUT added 86920  OI= 997200
pcr5 =  BSE:SENSEX26AUG78300CE   0.23   0.26 CALL added 1169900   PUT added 308080  OI= 1559660
pcr6 =  BSE:SENSEX26AUG78200PE   0.29    0.38 CALL added 1113980   PUT added 421820  OI= 466780
pcr7 =  BSE:SENSEX26AUG78100PE   0.56   0.75 CALL added 881320   PUT added 662080  OI= 729200
pcr8 =  BSE:SENSEX26AUG78000CE   0.97   1.41 CALL added 2006680   PUT added 2830100  OI= 3394600
pcr9 =  BSE:SENSEX26AUG77900CE   1.99   2.35 CALL added 1139180   PUT added 2673580  OI= 1425920
pcr10 =  BSE:SENSEX26AUG77800PE   4.08   6.33 CALL added 568160   PUT added 3598780  OI= 3985620
pcr11 =  BSE:SENSEX26AUG77700PE   3.46   19.71 CALL added 72140   PUT added 1421880  OI= 1955020
pcr12 =  BSE:SENSEX26AUG77600CE   5.08   -8.7 CALL unwind -94160   PUT added 819160  OI= 303900
pcr13 =  BSE:SENSEX26AUG77500CE   4.52   -6.74 CALL unwind -184200   PUT added 1241560  OI= 658320
pcr14 =  BSE:SENSEX26AUG77400CE   4.58   -10.94 CALL unwind -39360   PUT added 430680  OI= 277660
pcr15 =  BSE:SENSEX26AUG77300CE   5.2   -3.23 CALL unwind -95300   PUT added 307600  OI= 279800
pcr16 =  BSE:SENSEX26AUG77200CE   13.79   -6.73 CALL unwind -77860   PUT added 524000  OI= 113860
pcr17 =  BSE:SENSEX26AUG77100PE   11.44   -4.09 CALL unwind -56440   PUT added 230900  OI= 888200
pcrSummation= 16.759999999999998  result =  ['BSE:SENSEX26AUG78400CE', 'BSE:SENSEX26AUG78300CE', 'BSE:SENSEX26AUG78200PE', 'BSE:SENSEX26AUG78100PE', 'BSE:SENSEX26AUG78000CE', 'BSE:SENSEX26AUG77900CE', 'BSE:SENSEX26AUG77800PE', 'BSE:SENSEX26AUG77700PE', 'BSE:SENSEX26AUG77600CE']
PCRSUM== 56.43
pcrSummation== 16.76
VOLPCRSUM== 2.8899999999999997
spotLTP =  77934.77  ATM_STRIKE =  77900
IS_ATM_STRIKE_SHIFT = True  mapStrike = {77900: 77900}
avgOiPcrList2 = [np.float64(3.32)] atmStrikeNotShiftedCount= 1
True   1   1
SUPP_RES=== 78000  Buffer= 25
CEoich val =  2006680.0  PEoich val =  2830100.0 , CE < PE by 29.1%
SUPP_RES TOTAL OI: CE= 3394600  PE= 3301960 , CE > PE by 2.7%
IS_MORNING_WINDOW= False  (active 9:15-9:48 IST)
================================================
==== signal check time ==== 2026-08-26 09:54:00.642106
IS_CHOI_DIFF_GT_25PERC== True
RSI_VAL1== 68.63
RSI_VAL2== 68.63
FUT_3m_OHLC O= 78059.0  H= 78059.0  L= 78032.7  C= 78032.7  Range= 26.3
CHART_PATTERN_DETECTED: DOUBLE_TOP_FORMING
  PATTERN_CONTEXT: Body= -26.3  Range= 26.3  ExpectedRange= 63.2  RangeRatio= 0.42  O= 78059.0  H= 78059.0  L= 78032.7  C= 78032.7
newSynthFut =  78000
ATMStrike =  77900
AVG_OIPCR= 1.86
avgoiPCROld=  3.32
SUPP_RES = 78000
FUT LTP = 78032.7
CEchoi  PechOi = 2006680.0    2830100.0
====================================
totalOIPCR = 1.47
AVG_VOLPCR= 0.32
atmPCR= 0.23  belowATM  0.29
atmVolPCR= 0.13  belowATM  0.22
True   78032.7   78000   False   False   68.63
curr Doji False
BSE:SENSEX26AUG78000PE  curr candle vol pcr = 1.01  PE= 1012140  CE= 998200      cpr =  0.99
BSE:SENSEX26AUG78000PE  prev candle vol pcr = 0.88  PE= 1109240  CE= 1259660      cpr =  1.14
ATM_CE_premium= 207.0  ATM_PE_premium= 169.75
CE_PremChg= -12.15  PE_PremChg= 9.45
CandleBody= -26.3  PrevBody= -18.1  CandleRange= 26.3  Bearish
TotalVol= 2010340  PrevTotalVol= 2368900  VolSpike= 0.85 x 
SCALP_SCORE: BEAR | BullScore= 0  BearScore= 2 | Confidence= LOW
DATAPOINT|09:54|FUT=78032.7|Body=-26.3|PrevBody=-18.1|Range=26.3|RangeRatio=0.42|CurrVolPCR=1.01|PrevVolPCR=0.88|CurrCPR=0.99|PrevCPR=1.14|VolSpike=0.85|CE_PremChg=-12.15|PE_PremChg=9.45|BullScore=0|BearScore=2|Dir=BEAR|Conf=LOW
CHART_PATTERN_DETECTED: DOUBLE_TOP_FORMING
  PATTERN_CONTEXT: Body= -26.3  Range= 26.3  ExpectedRange= 63.2  RangeRatio= 0.42  O= 78059.0  H= 78059.0  L= 78032.7  C= 78032.7
BSE:SENSEX-INDEX  strikecount= 3   fyers <fyers_apiv3.fyersModel.FyersModel object at 0x7e2bdb40f290>
======================================
oipcr1 =  BSE:SENSEX26AUG78200PE   0.29
oipcr2 =  BSE:SENSEX26AUG78100PE   0.56
oipcr3 =  BSE:SENSEX26AUG78000CE   0.97
oipcrBull = NoEntry  bulcount= 0  bearcount= 3 oipcrBear= BearTrade
atmpcr5 pcr6= 1.99    4.08
No Entry Yet
India VIX = 10.74  Spot Price = 77966.4
IV Regime = LOW (ADAPTIVE: P25= 11.29  P50= 11.81  P75= 12.14 ) | DailyRange = 1196.2 | 3minCandleRange = 62.9 (theoretical= 104.9 ) | ATMoptionMove = 28.3 | SL = 99 | Target = 99 | TrailTrigger = 28 | Spread = 300 | Buffer = 25
IV Params refreshed: {'vix': 10.74, 'bn_price': 77966.4, 'regime': 'LOW', 'regime_thresholds': 'P25=11.29 P50=11.81 P75=12.14', 'daily_range': 1196.2, 'candle_range': 62.9, 'atm_option_move': 28.3, 'sl_point': 99, 'target_point': 99, 'sl_pct_of_premium': 0.1, 'trail_trigger': 28, 'spread_width': 300, 'support_resistance_buffer': 25}
BSE:SENSEX-INDEX  strikecount= 8   fyers <fyers_apiv3.fyersModel.FyersModel object at 0x7e2bdb40f290>
===
====after 3 min ochain==== 2026-08-26 09:57:00.047447
                                    oipcr   choipcr   totalOI
pcr1 =  BSE:SENSEX26AUG78800CE   0.02   0.01 CALL added 312140   PUT added 4580  OI= 694200
pcr2 =  BSE:SENSEX26AUG78700CE   0.02   0.02 CALL added 499920   PUT added 9620  OI= 1035020
pcr3 =  BSE:SENSEX26AUG78600CE   0.03   0.06 CALL added 421840   PUT added 25440  OI= 963120
pcr4 =  BSE:SENSEX26AUG78500PE   0.08   0.1 CALL added 1364460   PUT added 137820  OI= 196480
pcr5 =  BSE:SENSEX26AUG78400CE   0.1   0.12 CALL added 746000   PUT added 89640  OI= 1014160
pcr6 =  BSE:SENSEX26AUG78300CE   0.21    0.23 CALL added 1277520   PUT added 299640  OI= 1667280
pcr7 =  BSE:SENSEX26AUG78200PE   0.26   0.33 CALL added 1177980   PUT added 390780  OI= 435740
pcr8 =  BSE:SENSEX26AUG78100PE   0.53   0.69 CALL added 980840   PUT added 672900  OI= 740020
pcr9 =  BSE:SENSEX26AUG78000CE   0.9   1.24 CALL added 2267400   PUT added 2818140  OI= 3655320
pcr10 =  BSE:SENSEX26AUG77900CE   1.91   2.23 CALL added 1207900   PUT added 2696060  OI= 1494640
pcr11 =  BSE:SENSEX26AUG77800PE   3.85   5.79 CALL added 610560   PUT added 3536180  OI= 3923020
pcr12 =  BSE:SENSEX26AUG77700PE   3.27   13.58 CALL added 105140   PUT added 1427320  OI= 1960460
pcr13 =  BSE:SENSEX26AUG77600CE   5.35   -8.83 CALL unwind -99140   PUT added 875420  OI= 298920
pcr14 =  BSE:SENSEX26AUG77500CE   4.58   -6.75 CALL unwind -187600   PUT added 1265460  OI= 654920
pcr15 =  BSE:SENSEX26AUG77400CE   4.62   -10.61 CALL unwind -40860   PUT added 433360  OI= 276160
pcr16 =  BSE:SENSEX26AUG77300CE   5.29   -3.26 CALL unwind -97740   PUT added 318540  OI= 277360
pcr17 =  BSE:SENSEX26AUG77200CE   14.0   -6.68 CALL unwind -79240   PUT added 529600  OI= 112480
pcrSummation= 11.11  result =  ['BSE:SENSEX26AUG78500PE', 'BSE:SENSEX26AUG78400CE', 'BSE:SENSEX26AUG78300CE', 'BSE:SENSEX26AUG78200PE', 'BSE:SENSEX26AUG78100PE', 'BSE:SENSEX26AUG78000CE', 'BSE:SENSEX26AUG77900CE', 'BSE:SENSEX26AUG77800PE', 'BSE:SENSEX26AUG77700PE']
PCRSUM== 45.02
pcrSummation== 11.11
VOLPCRSUM== 1.68
spotLTP =  77963.94  ATM_STRIKE =  78000
IS_ATM_STRIKE_SHIFT = True  mapStrike = {78000: 78000}
avgOiPcrList2 = [np.float64(2.65)] atmStrikeNotShiftedCount= 1
True   1   1
SUPP_RES=== 78000  Buffer= 25
CEoich val =  2267400.0  PEoich val =  2818140.0 , CE < PE by 19.5%
SUPP_RES TOTAL OI: CE= 3655320  PE= 3290000 , CE > PE by 10.0%
IS_MORNING_WINDOW= False  (active 9:15-9:48 IST)
================================================
==== signal check time ==== 2026-08-26 09:57:00.644618
IS_CHOI_DIFF_GT_25PERC== False
RSI_VAL1== 70.97
RSI_VAL2== 70.97
FUT_3m_OHLC O= 78077.0  H= 78077.0  L= 78059.9  C= 78059.9  Range= 17.1
CHART_PATTERN_DETECTED: DOUBLE_TOP_FORMING
  PATTERN_CONTEXT: Body= -17.1  Range= 17.1  ExpectedRange= 62.9  RangeRatio= 0.27  O= 78077.0  H= 78077.0  L= 78059.9  C= 78059.9
newSynthFut =  78100
ATMStrike =  78000
AVG_OIPCR= 1.23
avgoiPCROld=  2.65
SUPP_RES = 78000
FUT LTP = 78059.9
CEchoi  PechOi = 2267400.0    2818140.0
====================================
totalOIPCR = 1.42
AVG_VOLPCR= 0.19
atmPCR= 0.1  belowATM  0.21
atmVolPCR= 0.07  belowATM  0.13
False   78059.9   78000   False   False   70.97
curr Doji False
BSE:SENSEX26AUG78000PE  curr candle vol pcr = 0.79  PE= 1121080  CE= 1414120      cpr =  1.26
BSE:SENSEX26AUG78000PE  prev candle vol pcr = 1.01  PE= 1012140  CE= 998200      cpr =  0.99
ATM_CE_premium= 227.0  ATM_PE_premium= 152.7
CE_PremChg= 20.0  PE_PremChg= -17.05
CandleBody= -17.1  PrevBody= -26.3  CandleRange= 17.1  Bearish
TotalVol= 2535200  PrevTotalVol= 2010340  VolSpike= 1.26 x 
SCALP_SCORE: BEAR | BullScore= 0  BearScore= 3 | Confidence= MEDIUM
  SCALP_BEAR_REASONS: StrongBearCandle(100%) + 2ConsecBearCandles + PremMomentum_bear(PE-17.05,CE+20.0)
DATAPOINT|09:57|FUT=78059.9|Body=-17.1|PrevBody=-26.3|Range=17.1|RangeRatio=0.27|CurrVolPCR=0.79|PrevVolPCR=1.01|CurrCPR=1.26|PrevCPR=0.99|VolSpike=1.26|CE_PremChg=20.0|PE_PremChg=-17.05|BullScore=0|BearScore=3|Dir=BEAR|Conf=MEDIUM
CHART_PATTERN_DETECTED: DOUBLE_TOP_FORMING
  PATTERN_CONTEXT: Body= -17.1  Range= 17.1  ExpectedRange= 62.9  RangeRatio= 0.27  O= 78077.0  H= 78077.0  L= 78059.9  C= 78059.9
BSE:SENSEX-INDEX  strikecount= 3   fyers <fyers_apiv3.fyersModel.FyersModel object at 0x7e2bdb40f290>
======================================
oipcr1 =  BSE:SENSEX26AUG78300CE   0.21
oipcr2 =  BSE:SENSEX26AUG78200PE   0.26
oipcr3 =  BSE:SENSEX26AUG78100PE   0.53
oipcrBull = NoEntry  bulcount= 0  bearcount= 3 oipcrBear= BearTrade
atmpcr5 pcr6= 0.9    1.91
No Entry Yet
India VIX = 10.73  Spot Price = 77955.12
IV Regime = LOW (ADAPTIVE: P25= 11.29  P50= 11.81  P75= 12.14 ) | DailyRange = 1194.9 | 3minCandleRange = 62.9 (theoretical= 104.8 ) | ATMoptionMove = 28.3 | SL = 99 | Target = 99 | TrailTrigger = 28 | Spread = 300 | Buffer = 25
IV Params refreshed: {'vix': 10.73, 'bn_price': 77955.12, 'regime': 'LOW', 'regime_thresholds': 'P25=11.29 P50=11.81 P75=12.14', 'daily_range': 1194.9, 'candle_range': 62.9, 'atm_option_move': 28.3, 'sl_point': 99, 'target_point': 99, 'sl_pct_of_premium': 0.1, 'trail_trigger': 28, 'spread_width': 300, 'support_resistance_buffer': 25}
BSE:SENSEX-INDEX  strikecount= 8   fyers <fyers_apiv3.fyersModel.FyersModel object at 0x7e2bdb40f290>
===
====after 3 min ochain==== 2026-08-26 10:00:00.025196
                                    oipcr   choipcr   totalOI
pcr1 =  BSE:SENSEX26AUG78800CE   0.02   0.02 CALL added 315880   PUT added 5100  OI= 697940
pcr2 =  BSE:SENSEX26AUG78700CE   0.02   0.02 CALL added 519920   PUT added 9700  OI= 1055020
pcr3 =  BSE:SENSEX26AUG78600CE   0.03   0.06 CALL added 432240   PUT added 26180  OI= 973520
pcr4 =  BSE:SENSEX26AUG78500PE   0.08   0.1 CALL added 1484560   PUT added 141860  OI= 200520
pcr5 =  BSE:SENSEX26AUG78400CE   0.1   0.12 CALL added 771920   PUT added 90980  OI= 1040080
pcr6 =  BSE:SENSEX26AUG78300CE   0.21    0.23 CALL added 1337280   PUT added 310200  OI= 1727040
pcr7 =  BSE:SENSEX26AUG78200PE   0.26   0.33 CALL added 1216480   PUT added 399000  OI= 443960
pcr8 =  BSE:SENSEX26AUG78100PE   0.52   0.67 CALL added 1020620   PUT added 686620  OI= 753740
pcr9 =  BSE:SENSEX26AUG78000CE   0.91   1.25 CALL added 2326340   PUT added 2896640  OI= 3714260
pcr10 =  BSE:SENSEX26AUG77900CE   1.91   2.22 CALL added 1239120   PUT added 2754740  OI= 1525860
pcr11 =  BSE:SENSEX26AUG77800PE   4.01   6.11 CALL added 598020   PUT added 3652240  OI= 4039080
pcr12 =  BSE:SENSEX26AUG77700PE   3.32   13.93 CALL added 104340   PUT added 1453180  OI= 1986320
pcr13 =  BSE:SENSEX26AUG77600CE   5.13   -11.72 CALL unwind -78240   PUT added 917360  OI= 319820
pcr14 =  BSE:SENSEX26AUG77500CE   4.59   -6.95 CALL unwind -184680   PUT added 1283760  OI= 657840
pcr15 =  BSE:SENSEX26AUG77400CE   4.67   -11.02 CALL unwind -40700   PUT added 448640  OI= 276320
pcr16 =  BSE:SENSEX26AUG77300CE   5.34   -3.41 CALL unwind -97860   PUT added 333760  OI= 277240
pcr17 =  BSE:SENSEX26AUG77200CE   13.99   -6.65 CALL unwind -79320   PUT added 527220  OI= 112400
pcrSummation= 16.37  result =  ['BSE:SENSEX26AUG78400CE', 'BSE:SENSEX26AUG78300CE', 'BSE:SENSEX26AUG78200PE', 'BSE:SENSEX26AUG78100PE', 'BSE:SENSEX26AUG78000CE', 'BSE:SENSEX26AUG77900CE', 'BSE:SENSEX26AUG77800PE', 'BSE:SENSEX26AUG77700PE', 'BSE:SENSEX26AUG77600CE']
PCRSUM== 45.11
pcrSummation== 16.37
VOLPCRSUM== 1.69
spotLTP =  77955.1  ATM_STRIKE =  78000
IS_ATM_STRIKE_SHIFT = False  mapStrike = {78000: 78000}
avgOiPcrList2 = [np.float64(2.65), np.float64(2.65)] atmStrikeNotShiftedCount= 2
False   2   2
SUPP_RES=== 78000  Buffer= 25
CEoich val =  2326340.0  PEoich val =  2896640.0 , CE < PE by 19.7%
SUPP_RES TOTAL OI: CE= 3714260  PE= 3368500 , CE > PE by 9.3%
IS_MORNING_WINDOW= False  (active 9:15-9:48 IST)
================================================
==== signal check time ==== 2026-08-26 10:00:00.766349
IS_CHOI_DIFF_GT_25PERC== False
RSI_VAL1== 68.45
RSI_VAL2== 68.45
FUT_3m_OHLC O= 78070.0  H= 78075.0  L= 78047.4  C= 78047.4  Range= 27.6
CHART_PATTERN_DETECTED: DOUBLE_TOP_FORMING | DOUBLE_BOTTOM_FORMING
  PATTERN_CONTEXT: Body= -22.6  Range= 27.6  ExpectedRange= 62.9  RangeRatio= 0.44  O= 78070.0  H= 78075.0  L= 78047.4  C= 78047.4
newSynthFut =  78000
ATMStrike =  78000
AVG_OIPCR= 1.82
avgoiPCROld=  2.65
SUPP_RES = 78000
FUT LTP = 78047.45
CEchoi  PechOi = 2326340.0    2896640.0
====================================
totalOIPCR = 1.42
AVG_VOLPCR= 0.19
atmPCR= 0.1  belowATM  0.21
atmVolPCR= 0.07  belowATM  0.13
False   78047.45   78000   False   False   68.45
curr Doji False
BSE:SENSEX26AUG78000PE  curr candle vol pcr = 0.77  PE= 706060  CE= 911600      cpr =  1.29
BSE:SENSEX26AUG78000PE  prev candle vol pcr = 0.79  PE= 1121080  CE= 1414120      cpr =  1.26
ATM_CE_premium= 214.45  ATM_PE_premium= 163.9
CE_PremChg= -12.55  PE_PremChg= 11.2
CandleBody= -22.6  PrevBody= -17.1  CandleRange= 27.6  Bearish
TotalVol= 1617660  PrevTotalVol= 2535200  VolSpike= 0.64 x 
SCALP_SCORE: BEAR | BullScore= 1  BearScore= 2 | Confidence= LOW
DATAPOINT|10:00|FUT=78047.4|Body=-22.6|PrevBody=-17.1|Range=27.6|RangeRatio=0.44|CurrVolPCR=0.77|PrevVolPCR=0.79|CurrCPR=1.29|PrevCPR=1.26|VolSpike=0.64|CE_PremChg=-12.55|PE_PremChg=11.2|BullScore=1|BearScore=2|Dir=BEAR|Conf=LOW
CHART_PATTERN_DETECTED: DOUBLE_TOP_FORMING | DOUBLE_BOTTOM_FORMING
  PATTERN_CONTEXT: Body= -22.6  Range= 27.6  ExpectedRange= 62.9  RangeRatio= 0.44  O= 78070.0  H= 78075.0  L= 78047.4  C= 78047.4
BSE:SENSEX-INDEX  strikecount= 3   fyers <fyers_apiv3.fyersModel.FyersModel object at 0x7e2bdb40f290>
======================================
oipcr1 =  BSE:SENSEX26AUG78300CE   0.21
oipcr2 =  BSE:SENSEX26AUG78200PE   0.26
oipcr3 =  BSE:SENSEX26AUG78100PE   0.52
oipcrBull = NoEntry  bulcount= 0  bearcount= 3 oipcrBear= BearTrade
atmpcr5 pcr6= 0.91    1.91
No Entry Yet
India VIX = 10.75  Spot Price = 77911.59
IV Regime = LOW (ADAPTIVE: P25= 11.29  P50= 11.81  P75= 12.14 ) | DailyRange = 1196.5 | 3minCandleRange = 63.0 (theoretical= 104.9 ) | ATMoptionMove = 28.3 | SL = 99 | Target = 99 | TrailTrigger = 28 | Spread = 300 | Buffer = 25
IV Params refreshed: {'vix': 10.75, 'bn_price': 77911.59, 'regime': 'LOW', 'regime_thresholds': 'P25=11.29 P50=11.81 P75=12.14', 'daily_range': 1196.5, 'candle_range': 63.0, 'atm_option_move': 28.3, 'sl_point': 99, 'target_point': 99, 'sl_pct_of_premium': 0.1, 'trail_trigger': 28, 'spread_width': 300, 'support_resistance_buffer': 25}
BSE:SENSEX-INDEX  strikecount= 8   fyers <fyers_apiv3.fyersModel.FyersModel object at 0x7e2bdb40f290>
===
====after 3 min ochain==== 2026-08-26 10:03:00.018318
                                    oipcr   choipcr   totalOI
pcr1 =  BSE:SENSEX26AUG78700CE   0.02   0.02 CALL added 509960   PUT added 9020  OI= 1045060
pcr2 =  BSE:SENSEX26AUG78600CE   0.03   0.06 CALL added 419800   PUT added 24640  OI= 961080
pcr3 =  BSE:SENSEX26AUG78500PE   0.08   0.09 CALL added 1547820   PUT added 136980  OI= 195640
pcr4 =  BSE:SENSEX26AUG78400CE   0.1   0.12 CALL added 796480   PUT added 96320  OI= 1064640
pcr5 =  BSE:SENSEX26AUG78300CE   0.18   0.19 CALL added 1399000   PUT added 267780  OI= 1788760
pcr6 =  BSE:SENSEX26AUG78200PE   0.23    0.29 CALL added 1414640   PUT added 404300  OI= 449260
pcr7 =  BSE:SENSEX26AUG78100PE   0.52   0.66 CALL added 1080600   PUT added 717660  OI= 784780
pcr8 =  BSE:SENSEX26AUG78000CE   0.9   1.21 CALL added 2437280   PUT added 2956300  OI= 3825200
pcr9 =  BSE:SENSEX26AUG77900CE   1.91   2.21 CALL added 1255580   PUT added 2778580  OI= 1542320
pcr10 =  BSE:SENSEX26AUG77800PE   3.95   5.94 CALL added 618600   PUT added 3672240  OI= 4059080
pcr11 =  BSE:SENSEX26AUG77700PE   3.35   14.11 CALL added 104100   PUT added 1468400  OI= 2001540
pcr12 =  BSE:SENSEX26AUG77600CE   5.36   -10.16 CALL unwind -90800   PUT added 922120  OI= 307260
pcr13 =  BSE:SENSEX26AUG77500CE   4.56   -7.03 CALL unwind -181540   PUT added 1276580  OI= 660980
pcr14 =  BSE:SENSEX26AUG77400CE   4.7   -11.58 CALL unwind -39800   PUT added 460960  OI= 277220
pcr15 =  BSE:SENSEX26AUG77300CE   5.35   -3.42 CALL unwind -98040   PUT added 335540  OI= 277060
pcr16 =  BSE:SENSEX26AUG77200CE   13.95   -6.68 CALL unwind -78960   PUT added 527140  OI= 112760
pcr17 =  BSE:SENSEX26AUG77100PE   11.52   -3.97 CALL unwind -57260   PUT added 227540  OI= 884840
pcrSummation= 16.5  result =  ['BSE:SENSEX26AUG78400CE', 'BSE:SENSEX26AUG78300CE', 'BSE:SENSEX26AUG78200PE', 'BSE:SENSEX26AUG78100PE', 'BSE:SENSEX26AUG78000CE', 'BSE:SENSEX26AUG77900CE', 'BSE:SENSEX26AUG77800PE', 'BSE:SENSEX26AUG77700PE', 'BSE:SENSEX26AUG77600CE']
PCRSUM== 56.71
pcrSummation== 16.5
VOLPCRSUM== 3.02
spotLTP =  77914.02  ATM_STRIKE =  77900
IS_ATM_STRIKE_SHIFT = True  mapStrike = {77900: 77900}
avgOiPcrList2 = [np.float64(3.34)] atmStrikeNotShiftedCount= 1
True   1   1
SUPP_RES=== 78000  Buffer= 25
CEoich val =  2437280.0  PEoich val =  2956300.0 , CE < PE by 17.6%
SUPP_RES TOTAL OI: CE= 3825200  PE= 3428160 , CE > PE by 10.4%
IS_MORNING_WINDOW= False  (active 9:15-9:48 IST)
================================================
==== signal check time ==== 2026-08-26 10:03:01.569099
IS_CHOI_DIFF_GT_25PERC== False
RSI_VAL1== 68.57
RSI_VAL2== 68.57
FUT_3m_OHLC O= 78054.8  H= 78070.0  L= 78001.3  C= 78048.7  Range= 68.6
CHART_PATTERN_DETECTED: DOUBLE_TOP_FORMING
  PATTERN_CONTEXT: Body= -6.1  Range= 68.6  ExpectedRange= 63.0  RangeRatio= 1.09  O= 78054.8  H= 78070.0  L= 78001.3  C= 78048.7
newSynthFut =  78000
ATMStrike =  77900
AVG_OIPCR= 1.83
avgoiPCROld=  3.34
SUPP_RES = 78000
FUT LTP = 78048.7
CEchoi  PechOi = 2437280.0    2956300.0
====================================
totalOIPCR = 1.38
AVG_VOLPCR= 0.34
atmPCR= 0.18  belowATM  0.23
atmVolPCR= 0.13  belowATM  0.23
False   78048.7   78000   False   False   68.57
curr Doji False
BSE:SENSEX26AUG78000PE  curr candle vol pcr = 1.15  PE= 1650720  CE= 1438800      cpr =  0.87
BSE:SENSEX26AUG78000PE  prev candle vol pcr = 0.77  PE= 706060  CE= 911600      cpr =  1.29
ATM_CE_premium= 198.2  ATM_PE_premium= 178.55
CE_PremChg= -16.25  PE_PremChg= 14.65
CandleBody= -6.1  PrevBody= -22.6  CandleRange= 68.6  Bearish
TotalVol= 3089520  PrevTotalVol= 1617660  VolSpike= 1.91 x 
SCALP_SCORE: BEAR | BullScore= 1  BearScore= 2 | Confidence= LOW
DATAPOINT|10:03|FUT=78048.7|Body=-6.1|PrevBody=-22.6|Range=68.6|RangeRatio=1.09|CurrVolPCR=1.15|PrevVolPCR=0.77|CurrCPR=0.87|PrevCPR=1.29|VolSpike=1.91|CE_PremChg=-16.25|PE_PremChg=14.65|BullScore=1|BearScore=2|Dir=BEAR|Conf=LOW
CHART_PATTERN_DETECTED: DOUBLE_TOP_FORMING
  PATTERN_CONTEXT: Body= -6.1  Range= 68.6  ExpectedRange= 63.0  RangeRatio= 1.09  O= 78054.8  H= 78070.0  L= 78001.3  C= 78048.7
BSE:SENSEX-INDEX  strikecount= 3   fyers <fyers_apiv3.fyersModel.FyersModel object at 0x7e2bdb40f290>
======================================
oipcr1 =  BSE:SENSEX26AUG78200PE   0.23
oipcr2 =  BSE:SENSEX26AUG78100PE   0.52
oipcr3 =  BSE:SENSEX26AUG78000CE   0.9
oipcrBull = NoEntry  bulcount= 0  bearcount= 3 oipcrBear= BearTrade
atmpcr5 pcr6= 1.91    3.95
No Entry Yet
India VIX = 10.69  Spot Price = 77912.41
IV Regime = LOW (ADAPTIVE: P25= 11.29  P50= 11.81  P75= 12.14 ) | DailyRange = 1189.8 | 3minCandleRange = 62.6 (theoretical= 104.4 ) | ATMoptionMove = 28.2 | SL = 99 | Target = 99 | TrailTrigger = 28 | Spread = 300 | Buffer = 25
IV Params refreshed: {'vix': 10.69, 'bn_price': 77912.41, 'regime': 'LOW', 'regime_thresholds': 'P25=11.29 P50=11.81 P75=12.14', 'daily_range': 1189.8, 'candle_range': 62.6, 'atm_option_move': 28.2, 'sl_point': 99, 'target_point': 99, 'sl_pct_of_premium': 0.1, 'trail_trigger': 28, 'spread_width': 300, 'support_resistance_buffer': 25}
BSE:SENSEX-INDEX  strikecount= 8   fyers <fyers_apiv3.fyersModel.FyersModel object at 0x7e2bdb40f290>
===
====after 3 min ochain==== 2026-08-26 10:06:00.047376
                                    oipcr   choipcr   totalOI
pcr1 =  BSE:SENSEX26AUG78700CE   0.02   0.02 CALL added 506640   PUT added 8700  OI= 1041740
pcr2 =  BSE:SENSEX26AUG78600CE   0.03   0.06 CALL added 432880   PUT added 24460  OI= 974160
pcr3 =  BSE:SENSEX26AUG78500PE   0.07   0.08 CALL added 1603120   PUT added 133340  OI= 192000
pcr4 =  BSE:SENSEX26AUG78400CE   0.1   0.11 CALL added 839540   PUT added 93820  OI= 1107700
pcr5 =  BSE:SENSEX26AUG78300CE   0.16   0.17 CALL added 1449060   PUT added 253400  OI= 1838820
pcr6 =  BSE:SENSEX26AUG78200PE   0.22    0.27 CALL added 1498940   PUT added 399920  OI= 444880
pcr7 =  BSE:SENSEX26AUG78100PE   0.51   0.65 CALL added 1109400   PUT added 719440  OI= 786560
pcr8 =  BSE:SENSEX26AUG78000CE   0.85   1.12 CALL added 2620880   PUT added 2934160  OI= 4008800
pcr9 =  BSE:SENSEX26AUG77900CE   1.85   2.13 CALL added 1303600   PUT added 2771100  OI= 1590340
pcr10 =  BSE:SENSEX26AUG77800PE   3.96   5.96 CALL added 614640   PUT added 3661920  OI= 4048760
pcr11 =  BSE:SENSEX26AUG77700PE   3.36   13.09 CALL added 115660   PUT added 1513900  OI= 2047040
pcr12 =  BSE:SENSEX26AUG77600CE   5.35   -11.3 CALL unwind -84320   PUT added 952700  OI= 313740
pcr13 =  BSE:SENSEX26AUG77500CE   4.52   -7.23 CALL unwind -176540   PUT added 1277080  OI= 665980
pcr14 =  BSE:SENSEX26AUG77400CE   4.74   -11.4 CALL unwind -40840   PUT added 465540  OI= 276180
pcr15 =  BSE:SENSEX26AUG77300CE   5.4   -3.52 CALL unwind -98420   PUT added 346540  OI= 276680
pcr16 =  BSE:SENSEX26AUG77200CE   14.1   -6.88 CALL unwind -79020   PUT added 543840  OI= 112700
pcr17 =  BSE:SENSEX26AUG77100PE   11.44   -3.9 CALL unwind -57100   PUT added 222840  OI= 880140
pcrSummation= 16.36  result =  ['BSE:SENSEX26AUG78400CE', 'BSE:SENSEX26AUG78300CE', 'BSE:SENSEX26AUG78200PE', 'BSE:SENSEX26AUG78100PE', 'BSE:SENSEX26AUG78000CE', 'BSE:SENSEX26AUG77900CE', 'BSE:SENSEX26AUG77800PE', 'BSE:SENSEX26AUG77700PE', 'BSE:SENSEX26AUG77600CE']
PCRSUM== 56.68
pcrSummation== 16.36
VOLPCRSUM== 3.1100000000000003
spotLTP =  77912.41  ATM_STRIKE =  77900
IS_ATM_STRIKE_SHIFT = False  mapStrike = {77900: 77900}
avgOiPcrList2 = [np.float64(3.34), np.float64(3.33)] atmStrikeNotShiftedCount= 2
False   2   2
SUPP_RES=== 78000  Buffer= 25
CEoich val =  2620880.0  PEoich val =  2934160.0 , CE < PE by 10.7%
SUPP_RES TOTAL OI: CE= 4008800  PE= 3406020 , CE > PE by 15.0%
IS_MORNING_WINDOW= False  (active 9:15-9:48 IST)
================================================
==== signal check time ==== 2026-08-26 10:06:01.501409
IS_CHOI_DIFF_GT_25PERC== False
RSI_VAL1== 68.57
RSI_VAL2== 68.57
FUT_3m_OHLC O= 78048.7  H= 78048.7  L= 78048.7  C= 78048.7  Range= 0.0
CHART_PATTERN_DETECTED: INSIDE_BAR | DOUBLE_TOP_FORMING
  PATTERN_CONTEXT: Body= 0.0  Range= 0.0  ExpectedRange= 62.6  RangeRatio= 0.0  O= 78048.7  H= 78048.7  L= 78048.7  C= 78048.7
newSynthFut =  78000
ATMStrike =  77900
AVG_OIPCR= 1.82
avgoiPCROld=  3.33
SUPP_RES = 78000
FUT LTP = 78048.7
CEchoi  PechOi = 2620880.0    2934160.0
====================================
totalOIPCR = 1.36
AVG_VOLPCR= 0.35
atmPCR= 0.16  belowATM  0.22
atmVolPCR= 0.14  belowATM  0.23
False   78048.7   78000   False   False   68.57
curr Doji False
BSE:SENSEX26AUG78000PE  curr candle vol pcr = 1.3  PE= 1277000  CE= 979880      cpr =  0.77
BSE:SENSEX26AUG78000PE  prev candle vol pcr = 1.15  PE= 1650720  CE= 1438800      cpr =  0.87
ATM_CE_premium= 197.25  ATM_PE_premium= 180.5
CE_PremChg= -0.95  PE_PremChg= 1.95
CandleBody= 0.0  PrevBody= -6.1  CandleRange= 0.0  Doji
TotalVol= 2256880  PrevTotalVol= 3089520  VolSpike= 0.73 x 
SCALP_SCORE: NEUTRAL | BullScore= 0  BearScore= 0 | Confidence= LOW
DATAPOINT|10:06|FUT=78048.7|Body=0.0|PrevBody=-6.1|Range=0.0|RangeRatio=0.0|CurrVolPCR=1.3|PrevVolPCR=1.15|CurrCPR=0.77|PrevCPR=0.87|VolSpike=0.73|CE_PremChg=-0.95|PE_PremChg=1.95|BullScore=0|BearScore=0|Dir=NEUTRAL|Conf=LOW
CHART_PATTERN_DETECTED: INSIDE_BAR | DOUBLE_TOP_FORMING
  PATTERN_CONTEXT: Body= 0.0  Range= 0.0  ExpectedRange= 62.6  RangeRatio= 0.0  O= 78048.7  H= 78048.7  L= 78048.7  C= 78048.7
BSE:SENSEX-INDEX  strikecount= 3   fyers <fyers_apiv3.fyersModel.FyersModel object at 0x7e2bdb40f290>
======================================
oipcr1 =  BSE:SENSEX26AUG78200PE   0.22
oipcr2 =  BSE:SENSEX26AUG78100PE   0.51
oipcr3 =  BSE:SENSEX26AUG78000CE   0.85
oipcrBull = NoEntry  bulcount= 0  bearcount= 3 oipcrBear= BearTrade
atmpcr5 pcr6= 1.85    3.96
No Entry Yet
India VIX = 10.83  Spot Price = 77875.85
IV Regime = LOW (ADAPTIVE: P25= 11.29  P50= 11.81  P75= 12.14 ) | DailyRange = 1204.9 | 3minCandleRange = 63.4 (theoretical= 105.7 ) | ATMoptionMove = 28.5 | SL = 100 | Target = 100 | TrailTrigger = 29 | Spread = 300 | Buffer = 25
IV Params refreshed: {'vix': 10.83, 'bn_price': 77875.85, 'regime': 'LOW', 'regime_thresholds': 'P25=11.29 P50=11.81 P75=12.14', 'daily_range': 1204.9, 'candle_range': 63.4, 'atm_option_move': 28.5, 'sl_point': 100, 'target_point': 100, 'sl_pct_of_premium': 0.1, 'trail_trigger': 29, 'spread_width': 300, 'support_resistance_buffer': 25}
BSE:SENSEX-INDEX  strikecount= 8   fyers <fyers_apiv3.fyersModel.FyersModel object at 0x7e2bdb40f290>
===
====after 3 min ochain==== 2026-08-26 10:09:00.047394
                                    oipcr   choipcr   totalOI
pcr1 =  BSE:SENSEX26AUG78700CE   0.02   0.02 CALL added 465060   PUT added 8200  OI= 1000160
pcr2 =  BSE:SENSEX26AUG78600CE   0.03   0.05 CALL added 478620   PUT added 23440  OI= 1019900
pcr3 =  BSE:SENSEX26AUG78500PE   0.07   0.07 CALL added 1635800   PUT added 113820  OI= 172480
pcr4 =  BSE:SENSEX26AUG78400CE   0.09   0.1 CALL added 868280   PUT added 90660  OI= 1136440
pcr5 =  BSE:SENSEX26AUG78300CE   0.15   0.15 CALL added 1512540   PUT added 232880  OI= 1902300
pcr6 =  BSE:SENSEX26AUG78200PE   0.2    0.24 CALL added 1593200   PUT added 379640  OI= 424600
pcr7 =  BSE:SENSEX26AUG78100PE   0.45   0.55 CALL added 1183380   PUT added 650000  OI= 717120
pcr8 =  BSE:SENSEX26AUG78000CE   0.77   0.98 CALL added 2762180   PUT added 2705820  OI= 4150100
pcr9 =  BSE:SENSEX26AUG77900CE   1.56   1.76 CALL added 1420220   PUT added 2504880  OI= 1706960
pcr10 =  BSE:SENSEX26AUG77800PE   3.56   5.15 CALL added 669520   PUT added 3448020  OI= 3834860
pcr11 =  BSE:SENSEX26AUG77700PE   3.12   9.71 CALL added 152640   PUT added 1481900  OI= 2015040
pcr12 =  BSE:SENSEX26AUG77600CE   4.89   -11.31 CALL unwind -75360   PUT added 852260  OI= 322700
pcr13 =  BSE:SENSEX26AUG77500CE   4.41   -7.06 CALL unwind -172700   PUT added 1218660  OI= 669820
pcr14 =  BSE:SENSEX26AUG77400CE   4.67   -11.72 CALL unwind -38960   PUT added 456720  OI= 278060
pcr15 =  BSE:SENSEX26AUG77300CE   5.31   -3.32 CALL unwind -97800   PUT added 324700  OI= 277300
pcr16 =  BSE:SENSEX26AUG77200CE   13.43   -6.3 CALL unwind -77500   PUT added 488580  OI= 114220
pcr17 =  BSE:SENSEX26AUG77100PE   11.79   -4.25 CALL unwind -57580   PUT added 244740  OI= 902040
pcrSummation= 14.79  result =  ['BSE:SENSEX26AUG78400CE', 'BSE:SENSEX26AUG78300CE', 'BSE:SENSEX26AUG78200PE', 'BSE:SENSEX26AUG78100PE', 'BSE:SENSEX26AUG78000CE', 'BSE:SENSEX26AUG77900CE', 'BSE:SENSEX26AUG77800PE', 'BSE:SENSEX26AUG77700PE', 'BSE:SENSEX26AUG77600CE']
PCRSUM== 54.52
pcrSummation== 14.79
VOLPCRSUM== 3.22
spotLTP =  77875.85  ATM_STRIKE =  77900
IS_ATM_STRIKE_SHIFT = False  mapStrike = {77900: 77900}
avgOiPcrList2 = [np.float64(3.34), np.float64(3.33), np.float64(3.21)] atmStrikeNotShiftedCount= 3
False   3   3
SUPP_RES=== 78000  Buffer= 25
CEoich val =  2762180.0  PEoich val =  2705820.0 , CE > PE by 2.0%
SUPP_RES TOTAL OI: CE= 4150100  PE= 3177680 , CE > PE by 23.4%
IS_MORNING_WINDOW= False  (active 9:15-9:48 IST)
================================================
==== signal check time ==== 2026-08-26 10:09:00.639882
IS_CHOI_DIFF_GT_25PERC== False
RSI_VAL1== 58.48
RSI_VAL2== 58.48
FUT_3m_OHLC O= 78030.0  H= 78030.0  L= 78000.0  C= 78000.0  Range= 30.0
CHART_PATTERN_DETECTED: DOUBLE_BOTTOM_FORMING
  PATTERN_CONTEXT: Body= -30.0  Range= 30.0  ExpectedRange= 63.4  RangeRatio= 0.47  O= 78030.0  H= 78030.0  L= 78000.0  C= 78000.0
isPcrDecr = True
newSynthFut =  78000
ATMStrike =  77900
AVG_OIPCR= 1.64
avgoiPCROld=  3.21
SUPP_RES = 78000
FUT LTP = 78000.0
CEchoi  PechOi = 2762180.0    2705820.0
====================================
totalOIPCR = 1.28
AVG_VOLPCR= 0.36
atmPCR= 0.15  belowATM  0.2
atmVolPCR= 0.14  belowATM  0.24
False   78000.0   78000   False   True   58.48
no trade yet = [np.float64(3.34), np.float64(3.33), np.float64(3.21)]
curr Doji False
BSE:SENSEX26AUG78000PE  curr candle vol pcr = 1.1  PE= 1965620  CE= 1784300      cpr =  0.91
BSE:SENSEX26AUG78000PE  prev candle vol pcr = 1.3  PE= 1277000  CE= 979880      cpr =  0.77
ATM_CE_premium= 183.3  ATM_PE_premium= 193.85
CE_PremChg= -13.95  PE_PremChg= 13.35
CandleBody= -30.0  PrevBody= 0.0  CandleRange= 30.0  Bearish
TotalVol= 3749920  PrevTotalVol= 2256880  VolSpike= 1.66 x 
SCALP_SCORE: BEAR | BullScore= 1  BearScore= 2 | Confidence= LOW
DATAPOINT|10:09|FUT=78000.0|Body=-30.0|PrevBody=0.0|Range=30.0|RangeRatio=0.47|CurrVolPCR=1.1|PrevVolPCR=1.3|CurrCPR=0.91|PrevCPR=0.77|VolSpike=1.66|CE_PremChg=-13.95|PE_PremChg=13.35|BullScore=1|BearScore=2|Dir=BEAR|Conf=LOW
CHART_PATTERN_DETECTED: DOUBLE_BOTTOM_FORMING
  PATTERN_CONTEXT: Body= -30.0  Range= 30.0  ExpectedRange= 63.4  RangeRatio= 0.47  O= 78030.0  H= 78030.0  L= 78000.0  C= 78000.0
BSE:SENSEX-INDEX  strikecount= 3   fyers <fyers_apiv3.fyersModel.FyersModel object at 0x7e2bdb40f290>
======================================
oipcr1 =  BSE:SENSEX26AUG78200PE   0.2
oipcr2 =  BSE:SENSEX26AUG78100PE   0.45
oipcr3 =  BSE:SENSEX26AUG78000CE   0.77
oipcrBull = NoEntry  bulcount= 0  bearcount= 3 oipcrBear= BearTrade
atmpcr5 pcr6= 1.56    3.56
No Entry Yet
India VIX = 10.89  Spot Price = 77836.74
IV Regime = LOW (ADAPTIVE: P25= 11.29  P50= 11.81  P75= 12.14 ) | DailyRange = 1210.9 | 3minCandleRange = 63.7 (theoretical= 106.2 ) | ATMoptionMove = 28.7 | SL = 100 | Target = 100 | TrailTrigger = 29 | Spread = 300 | Buffer = 25
IV Params refreshed: {'vix': 10.89, 'bn_price': 77836.74, 'regime': 'LOW', 'regime_thresholds': 'P25=11.29 P50=11.81 P75=12.14', 'daily_range': 1210.9, 'candle_range': 63.7, 'atm_option_move': 28.7, 'sl_point': 100, 'target_point': 100, 'sl_pct_of_premium': 0.1, 'trail_trigger': 29, 'spread_width': 300, 'support_resistance_buffer': 25}
BSE:SENSEX-INDEX  strikecount= 8   fyers <fyers_apiv3.fyersModel.FyersModel object at 0x7e2bdb40f290>
===
====after 3 min ochain==== 2026-08-26 10:12:00.047762
                                    oipcr   choipcr   totalOI
pcr1 =  BSE:SENSEX26AUG78600CE   0.03   0.05 CALL added 485960   PUT added 22300  OI= 1027240
pcr2 =  BSE:SENSEX26AUG78500PE   0.06   0.07 CALL added 1721700   PUT added 113860  OI= 172520
pcr3 =  BSE:SENSEX26AUG78400CE   0.08   0.09 CALL added 893520   PUT added 83340  OI= 1161680
pcr4 =  BSE:SENSEX26AUG78300CE   0.14   0.14 CALL added 1551000   PUT added 222720  OI= 1940760
pcr5 =  BSE:SENSEX26AUG78200PE   0.2   0.24 CALL added 1649100   PUT added 388620  OI= 433580
pcr6 =  BSE:SENSEX26AUG78100PE   0.4    0.48 CALL added 1256920   PUT added 598440  OI= 665560
pcr7 =  BSE:SENSEX26AUG78000CE   0.72   0.89 CALL added 3009180   PUT added 2677680  OI= 4397100
pcr8 =  BSE:SENSEX26AUG77900CE   1.45   1.61 CALL added 1541660   PUT added 2480560  OI= 1828400
pcr9 =  BSE:SENSEX26AUG77800PE   3.02   3.95 CALL added 905300   PUT added 3578360  OI= 3965200
pcr10 =  BSE:SENSEX26AUG77700PE   2.99   8.02 CALL added 187940   PUT added 1507840  OI= 2040980
pcr11 =  BSE:SENSEX26AUG77600CE   4.83   -13.05 CALL unwind -66940   PUT added 873620  OI= 331120
pcr12 =  BSE:SENSEX26AUG77500CE   4.41   -7.66 CALL unwind -163960   PUT added 1255580  OI= 678560
pcr13 =  BSE:SENSEX26AUG77400CE   4.84   -12.75 CALL unwind -39260   PUT added 500760  OI= 277760
pcr14 =  BSE:SENSEX26AUG77300CE   5.36   -3.59 CALL unwind -96240   PUT added 345660  OI= 278860
pcr15 =  BSE:SENSEX26AUG77200CE   13.55   -6.55 CALL unwind -77260   PUT added 505680  OI= 114460
pcr16 =  BSE:SENSEX26AUG77100PE   11.81   -4.39 CALL unwind -57160   PUT added 251200  OI= 908500
pcr17 =  BSE:SENSEX26AUG77000CE   9.76   -17.88 CALL unwind -30240   PUT added 540540  OI= 222760
pcrSummation= 13.83  result =  ['BSE:SENSEX26AUG78400CE', 'BSE:SENSEX26AUG78300CE', 'BSE:SENSEX26AUG78200PE', 'BSE:SENSEX26AUG78100PE', 'BSE:SENSEX26AUG78000CE', 'BSE:SENSEX26AUG77900CE', 'BSE:SENSEX26AUG77800PE', 'BSE:SENSEX26AUG77700PE', 'BSE:SENSEX26AUG77600CE']
PCRSUM== 63.65
pcrSummation== 13.83
VOLPCRSUM== 5.64
spotLTP =  77830.78  ATM_STRIKE =  77800
IS_ATM_STRIKE_SHIFT = True  mapStrike = {77800: 77800}
avgOiPcrList2 = [np.float64(3.74)] atmStrikeNotShiftedCount= 1
True   1   1
SUPP_RES=== 78000  Buffer= 25
CEoich val =  3009180.0  PEoich val =  2677680.0 , CE > PE by 11.0%
SUPP_RES TOTAL OI: CE= 4397100  PE= 3149540 , CE > PE by 28.4%
IS_MORNING_WINDOW= False  (active 9:15-9:48 IST)
================================================
==== signal check time ==== 2026-08-26 10:12:00.648755
IS_CHOI_DIFF_GT_25PERC== False
RSI_VAL1== 58.48
RSI_VAL2== 58.48
FUT_3m_OHLC O= 78000.0  H= 78000.0  L= 78000.0  C= 78000.0  Range= 0.0
CHART_PATTERN_DETECTED: INSIDE_BAR | DOUBLE_BOTTOM_FORMING
  PATTERN_CONTEXT: Body= 0.0  Range= 0.0  ExpectedRange= 63.7  RangeRatio= 0.0  O= 78000.0  H= 78000.0  L= 78000.0  C= 78000.0
newSynthFut =  78000
ATMStrike =  77800
AVG_OIPCR= 1.54
avgoiPCROld=  3.74
SUPP_RES = 78000
FUT LTP = 78000.0
CEchoi  PechOi = 3009180.0    2677680.0
====================================
totalOIPCR = 1.23
AVG_VOLPCR= 0.63
atmPCR= 0.2  belowATM  0.4
atmVolPCR= 0.25  belowATM  0.54
False   78000.0   78000   False   False   58.48
curr Doji False
BSE:SENSEX26AUG78000PE  curr candle vol pcr = 1.23  PE= 1983180  CE= 1608320      cpr =  0.81
BSE:SENSEX26AUG78000PE  prev candle vol pcr = 1.1  PE= 1965620  CE= 1784300      cpr =  0.91
ATM_CE_premium= 160.4  ATM_PE_premium= 222.55
CE_PremChg= -22.9  PE_PremChg= 28.7
CandleBody= 0.0  PrevBody= -30.0  CandleRange= 0.0  Doji
TotalVol= 3591500  PrevTotalVol= 3749920  VolSpike= 0.96 x 
SCALP_SCORE: BULL | BullScore= 1  BearScore= 0 | Confidence= LOW
DATAPOINT|10:12|FUT=78000.0|Body=0.0|PrevBody=-30.0|Range=0.0|RangeRatio=0.0|CurrVolPCR=1.23|PrevVolPCR=1.1|CurrCPR=0.81|PrevCPR=0.91|VolSpike=0.96|CE_PremChg=-22.9|PE_PremChg=28.7|BullScore=1|BearScore=0|Dir=BULL|Conf=LOW
CHART_PATTERN_DETECTED: INSIDE_BAR | DOUBLE_BOTTOM_FORMING
  PATTERN_CONTEXT: Body= 0.0  Range= 0.0  ExpectedRange= 63.7  RangeRatio= 0.0  O= 78000.0  H= 78000.0  L= 78000.0  C= 78000.0
BSE:SENSEX-INDEX  strikecount= 3   fyers <fyers_apiv3.fyersModel.FyersModel object at 0x7e2bdb40f290>
======================================
oipcr1 =  BSE:SENSEX26AUG78100PE   0.4
oipcr2 =  BSE:SENSEX26AUG78000CE   0.72
oipcr3 =  BSE:SENSEX26AUG77900CE   1.45
oipcrBull = NoEntry  bulcount= 1  bearcount= 2 oipcrBear= BearTrade
atmpcr5 pcr6= 3.02    2.99
No Entry Yet
India VIX = 10.82  Spot Price = 77859.61
IV Regime = LOW (ADAPTIVE: P25= 11.29  P50= 11.81  P75= 12.14 ) | DailyRange = 1203.5 | 3minCandleRange = 63.3 (theoretical= 105.6 ) | ATMoptionMove = 28.5 | SL = 100 | Target = 100 | TrailTrigger = 28 | Spread = 300 | Buffer = 25
IV Params refreshed: {'vix': 10.82, 'bn_price': 77859.61, 'regime': 'LOW', 'regime_thresholds': 'P25=11.29 P50=11.81 P75=12.14', 'daily_range': 1203.5, 'candle_range': 63.3, 'atm_option_move': 28.5, 'sl_point': 100, 'target_point': 100, 'sl_pct_of_premium': 0.1, 'trail_trigger': 28, 'spread_width': 300, 'support_resistance_buffer': 25}
BSE:SENSEX-INDEX  strikecount= 8   fyers <fyers_apiv3.fyersModel.FyersModel object at 0x7e2bdb40f290>
===
====after 3 min ochain==== 2026-08-26 10:15:00.016942
                                    oipcr   choipcr   totalOI
pcr1 =  BSE:SENSEX26AUG78700CE   0.01   0.01 CALL added 428400   PUT added 4540  OI= 963500
pcr2 =  BSE:SENSEX26AUG78600CE   0.02   0.04 CALL added 468640   PUT added 18500  OI= 1009920
pcr3 =  BSE:SENSEX26AUG78500PE   0.05   0.05 CALL added 1756180   PUT added 85360  OI= 144020
pcr4 =  BSE:SENSEX26AUG78400CE   0.07   0.08 CALL added 943160   PUT added 71480  OI= 1211320
pcr5 =  BSE:SENSEX26AUG78300CE   0.13   0.13 CALL added 1565400   PUT added 202780  OI= 1955160
pcr6 =  BSE:SENSEX26AUG78200PE   0.17    0.2 CALL added 1699220   PUT added 338760  OI= 383720
pcr7 =  BSE:SENSEX26AUG78100PE   0.32   0.38 CALL added 1293900   PUT added 487140  OI= 554260
pcr8 =  BSE:SENSEX26AUG78000CE   0.61   0.73 CALL added 3174780   PUT added 2324680  OI= 4562700
pcr9 =  BSE:SENSEX26AUG77900CE   1.2   1.31 CALL added 1686720   PUT added 2208640  OI= 1973460
pcr10 =  BSE:SENSEX26AUG77800PE   2.55   3.17 CALL added 1060880   PUT added 3363600  OI= 3750440
pcr11 =  BSE:SENSEX26AUG77700PE   2.67   6.31 CALL added 214960   PUT added 1357200  OI= 1890340
pcr12 =  BSE:SENSEX26AUG77600CE   4.23   -13.36 CALL unwind -54540   PUT added 728560  OI= 343520
pcr13 =  BSE:SENSEX26AUG77500CE   4.14   -7.32 CALL unwind -152720   PUT added 1117260  OI= 689800
pcr14 =  BSE:SENSEX26AUG77400CE   4.8   -12.92 CALL unwind -38400   PUT added 496320  OI= 278620
pcr15 =  BSE:SENSEX26AUG77300CE   5.26   -3.35 CALL unwind -95880   PUT added 321500  OI= 279220
pcr16 =  BSE:SENSEX26AUG77200CE   14.34   -6.83 CALL unwind -80460   PUT added 549440  OI= 111260
pcr17 =  BSE:SENSEX26AUG77100PE   12.14   -4.97 CALL unwind -56700   PUT added 282080  OI= 939380
pcrSummation= 11.95  result =  ['BSE:SENSEX26AUG78400CE', 'BSE:SENSEX26AUG78300CE', 'BSE:SENSEX26AUG78200PE', 'BSE:SENSEX26AUG78100PE', 'BSE:SENSEX26AUG78000CE', 'BSE:SENSEX26AUG77900CE', 'BSE:SENSEX26AUG77800PE', 'BSE:SENSEX26AUG77700PE', 'BSE:SENSEX26AUG77600CE']
PCRSUM== 52.71
pcrSummation== 11.95
VOLPCRSUM== 3.37
spotLTP =  77862.03  ATM_STRIKE =  77900
IS_ATM_STRIKE_SHIFT = True  mapStrike = {77900: 77900}
avgOiPcrList2 = [np.float64(3.1)] atmStrikeNotShiftedCount= 1
True   1   1
SUPP_RES=== 78000  Buffer= 25
CEoich val =  3174780.0  PEoich val =  2324680.0 , CE > PE by 26.8%
SUPP_RES TOTAL OI: CE= 4562700  PE= 2796540 , CE > PE by 38.7%
IS_MORNING_WINDOW= False  (active 9:15-9:48 IST)
================================================
==== signal check time ==== 2026-08-26 10:15:00.662069
IS_CHOI_DIFF_GT_25PERC== True
RSI_VAL1== 58.48
RSI_VAL2== 58.48
FUT_3m_OHLC O= 78000.0  H= 78000.0  L= 78000.0  C= 78000.0  Range= 0.0
CHART_PATTERN_DETECTED: INSIDE_BAR | DOUBLE_BOTTOM_FORMING
  PATTERN_CONTEXT: Body= 0.0  Range= 0.0  ExpectedRange= 63.3  RangeRatio= 0.0  O= 78000.0  H= 78000.0  L= 78000.0  C= 78000.0
newSynthFut =  78000
ATMStrike =  77900
AVG_OIPCR= 1.33
avgoiPCROld=  3.1
SUPP_RES = 78000
FUT LTP = 78000.0
CEchoi  PechOi = 3174780.0    2324680.0
====================================
totalOIPCR = 1.15
AVG_VOLPCR= 0.37
atmPCR= 0.13  belowATM  0.17
atmVolPCR= 0.15  belowATM  0.26
True   78000.0   78000   False   False   58.48
curr Doji False
BSE:SENSEX26AUG78000PE  curr candle vol pcr = 0.85  PE= 1229000  CE= 1437580      cpr =  1.17
BSE:SENSEX26AUG78000PE  prev candle vol pcr = 1.23  PE= 1983180  CE= 1608320      cpr =  0.81
ATM_CE_premium= 169.65  ATM_PE_premium= 208.5
CE_PremChg= 9.25  PE_PremChg= -14.05
CandleBody= 0.0  PrevBody= 0.0  CandleRange= 0.0  Doji
TotalVol= 2666580  PrevTotalVol= 3591500  VolSpike= 0.74 x 
SCALP_SCORE: NEUTRAL | BullScore= 0  BearScore= 0 | Confidence= LOW
DATAPOINT|10:15|FUT=78000.0|Body=0.0|PrevBody=0.0|Range=0.0|RangeRatio=0.0|CurrVolPCR=0.85|PrevVolPCR=1.23|CurrCPR=1.17|PrevCPR=0.81|VolSpike=0.74|CE_PremChg=9.25|PE_PremChg=-14.05|BullScore=0|BearScore=0|Dir=NEUTRAL|Conf=LOW
CHART_PATTERN_DETECTED: INSIDE_BAR | DOUBLE_BOTTOM_FORMING
  PATTERN_CONTEXT: Body= 0.0  Range= 0.0  ExpectedRange= 63.3  RangeRatio= 0.0  O= 78000.0  H= 78000.0  L= 78000.0  C= 78000.0
BSE:SENSEX-INDEX  strikecount= 3   fyers <fyers_apiv3.fyersModel.FyersModel object at 0x7e2bdb40f290>
======================================
oipcr1 =  BSE:SENSEX26AUG78200PE   0.17
oipcr2 =  BSE:SENSEX26AUG78100PE   0.32
oipcr3 =  BSE:SENSEX26AUG78000CE   0.61
oipcrBull = NoEntry  bulcount= 0  bearcount= 3 oipcrBear= BearTrade
atmpcr5 pcr6= 1.2    2.55
No Entry Yet
India VIX = 10.72  Spot Price = 77798.15
IV Regime = LOW (ADAPTIVE: P25= 11.29  P50= 11.81  P75= 12.14 ) | DailyRange = 1191.4 | 3minCandleRange = 62.7 (theoretical= 104.5 ) | ATMoptionMove = 28.2 | SL = 99 | Target = 99 | TrailTrigger = 28 | Spread = 300 | Buffer = 25
IV Params refreshed: {'vix': 10.72, 'bn_price': 77798.15, 'regime': 'LOW', 'regime_thresholds': 'P25=11.29 P50=11.81 P75=12.14', 'daily_range': 1191.4, 'candle_range': 62.7, 'atm_option_move': 28.2, 'sl_point': 99, 'target_point': 99, 'sl_pct_of_premium': 0.1, 'trail_trigger': 28, 'spread_width': 300, 'support_resistance_buffer': 25}
BSE:SENSEX-INDEX  strikecount= 8   fyers <fyers_apiv3.fyersModel.FyersModel object at 0x7e2bdb40f290>
===
====after 3 min ochain==== 2026-08-26 10:18:00.047881
                                    oipcr   choipcr   totalOI
pcr1 =  BSE:SENSEX26AUG78600CE   0.02   0.04 CALL added 481320   PUT added 18120  OI= 1022600
pcr2 =  BSE:SENSEX26AUG78500PE   0.05   0.05 CALL added 1792020   PUT added 88980  OI= 147640
pcr3 =  BSE:SENSEX26AUG78400CE   0.07   0.08 CALL added 970040   PUT added 73540  OI= 1238200
pcr4 =  BSE:SENSEX26AUG78300CE   0.12   0.12 CALL added 1645480   PUT added 204700  OI= 2035240
pcr5 =  BSE:SENSEX26AUG78200PE   0.17   0.2 CALL added 1786400   PUT added 354980  OI= 399940
pcr6 =  BSE:SENSEX26AUG78100PE   0.32    0.37 CALL added 1377000   PUT added 511960  OI= 579080
pcr7 =  BSE:SENSEX26AUG78000CE   0.62   0.74 CALL added 3266960   PUT added 2407100  OI= 4654880
pcr8 =  BSE:SENSEX26AUG77900CE   1.19   1.29 CALL added 1768300   PUT added 2275180  OI= 2055040
pcr9 =  BSE:SENSEX26AUG77800PE   2.42   2.93 CALL added 1182780   PUT added 3469040  OI= 3855880
pcr10 =  BSE:SENSEX26AUG77700PE   2.58   5.52 CALL added 252860   PUT added 1396260  OI= 1929400
pcr11 =  BSE:SENSEX26AUG77600CE   4.24   -15.92 CALL unwind -47780   PUT added 760760  OI= 350280
pcr12 =  BSE:SENSEX26AUG77500CE   4.18   -6.75 CALL unwind -163640   PUT added 1105320  OI= 678880
pcr13 =  BSE:SENSEX26AUG77400CE   4.73   -13.39 CALL unwind -36220   PUT added 485160  OI= 280800
pcr14 =  BSE:SENSEX26AUG77300CE   5.23   -3.32 CALL unwind -95340   PUT added 316480  OI= 279760
pcr15 =  BSE:SENSEX26AUG77200CE   14.34   -7.09 CALL unwind -79500   PUT added 564040  OI= 112220
pcr16 =  BSE:SENSEX26AUG77100PE   11.75   -4.46 CALL unwind -56600   PUT added 252640  OI= 909940
pcr17 =  BSE:SENSEX26AUG77000CE   9.59   -13.98 CALL unwind -33640   PUT added 470420  OI= 219360
pcrSummation= 15.84  result =  ['BSE:SENSEX26AUG78300CE', 'BSE:SENSEX26AUG78200PE', 'BSE:SENSEX26AUG78100PE', 'BSE:SENSEX26AUG78000CE', 'BSE:SENSEX26AUG77900CE', 'BSE:SENSEX26AUG77800PE', 'BSE:SENSEX26AUG77700PE', 'BSE:SENSEX26AUG77600CE', 'BSE:SENSEX26AUG77500CE']
PCRSUM== 61.62
pcrSummation== 15.84
VOLPCRSUM== 5.75
spotLTP =  77798.15  ATM_STRIKE =  77800
IS_ATM_STRIKE_SHIFT = True  mapStrike = {77800: 77800}
avgOiPcrList2 = [np.float64(3.62)] atmStrikeNotShiftedCount= 1
True   1   1
SUPP_RES=== 78000  Buffer= 25
CEoich val =  3266960.0  PEoich val =  2407100.0 , CE > PE by 26.3%
SUPP_RES TOTAL OI: CE= 4654880  PE= 2878960 , CE > PE by 38.2%
IS_MORNING_WINDOW= False  (active 9:15-9:48 IST)
================================================
==== signal check time ==== 2026-08-26 10:18:00.644579
IS_CHOI_DIFF_GT_25PERC== True
RSI_VAL1== 47.68
RSI_VAL2== 47.68
FUT_3m_OHLC O= 78000.0  H= 78000.0  L= 77940.0  C= 77940.0  Range= 60.0
CHART_PATTERN_DETECTED: STRONG_MOMENTUM_BEAR
  PATTERN_CONTEXT: Body= -60.0  Range= 60.0  ExpectedRange= 62.7  RangeRatio= 0.96  O= 78000.0  H= 78000.0  L= 77940.0  C= 77940.0
newSynthFut =  77900
ATMStrike =  77800
AVG_OIPCR= 1.76
avgoiPCROld=  3.62
SUPP_RES = 78000
FUT LTP = 77940.0
CEchoi  PechOi = 3266960.0    2407100.0
====================================
totalOIPCR = 1.13
AVG_VOLPCR= 0.64
atmPCR= 0.17  belowATM  0.32
atmVolPCR= 0.26  belowATM  0.55
True   77940.0   78000   False   False   47.68
curr Doji False
BSE:SENSEX26AUG78000PE  curr candle vol pcr = 1.09  PE= 1856080  CE= 1695100      cpr =  0.91
BSE:SENSEX26AUG78000PE  prev candle vol pcr = 0.85  PE= 1229000  CE= 1437580      cpr =  1.17
ATM_CE_premium= 148.2  ATM_PE_premium= 238.0
CE_PremChg= -21.45  PE_PremChg= 29.5
CandleBody= -60.0  PrevBody= 0.0  CandleRange= 60.0  Bearish
TotalVol= 3551180  PrevTotalVol= 2666580  VolSpike= 1.33 x 
SCALP_SCORE: NEUTRAL | BullScore= 1  BearScore= 1 | Confidence= LOW
DATAPOINT|10:18|FUT=77940.0|Body=-60.0|PrevBody=0.0|Range=60.0|RangeRatio=0.96|CurrVolPCR=1.09|PrevVolPCR=0.85|CurrCPR=0.91|PrevCPR=1.17|VolSpike=1.33|CE_PremChg=-21.45|PE_PremChg=29.5|BullScore=1|BearScore=1|Dir=NEUTRAL|Conf=LOW
CHART_PATTERN_DETECTED: STRONG_MOMENTUM_BEAR
  PATTERN_CONTEXT: Body= -60.0  Range= 60.0  ExpectedRange= 62.7  RangeRatio= 0.96  O= 78000.0  H= 78000.0  L= 77940.0  C= 77940.0
BSE:SENSEX-INDEX  strikecount= 3   fyers <fyers_apiv3.fyersModel.FyersModel object at 0x7e2bdb40f290>
======================================
oipcr1 =  BSE:SENSEX26AUG78100PE   0.32
oipcr2 =  BSE:SENSEX26AUG78000CE   0.62
oipcr3 =  BSE:SENSEX26AUG77900CE   1.19
oipcrBull = NoEntry  bulcount= 1  bearcount= 2 oipcrBear= BearTrade
atmpcr5 pcr6= 2.42    2.58
No Entry Yet
India VIX = 10.79  Spot Price = 77758.87
IV Regime = LOW (ADAPTIVE: P25= 11.29  P50= 11.81  P75= 12.14 ) | DailyRange = 1198.6 | 3minCandleRange = 63.1 (theoretical= 105.1 ) | ATMoptionMove = 28.4 | SL = 99 | Target = 99 | TrailTrigger = 28 | Spread = 300 | Buffer = 25
IV Params refreshed: {'vix': 10.79, 'bn_price': 77758.87, 'regime': 'LOW', 'regime_thresholds': 'P25=11.29 P50=11.81 P75=12.14', 'daily_range': 1198.6, 'candle_range': 63.1, 'atm_option_move': 28.4, 'sl_point': 99, 'target_point': 99, 'sl_pct_of_premium': 0.1, 'trail_trigger': 28, 'spread_width': 300, 'support_resistance_buffer': 25}
BSE:SENSEX-INDEX  strikecount= 8   fyers <fyers_apiv3.fyersModel.FyersModel object at 0x7e2bdb40f290>
===
====after 3 min ochain==== 2026-08-26 10:21:00.047370
                                    oipcr   choipcr   totalOI
pcr1 =  BSE:SENSEX26AUG78600CE   0.02   0.03 CALL added 469000   PUT added 15040  OI= 1010280
pcr2 =  BSE:SENSEX26AUG78500PE   0.05   0.04 CALL added 1816900   PUT added 80800  OI= 139460
pcr3 =  BSE:SENSEX26AUG78400CE   0.07   0.07 CALL added 977940   PUT added 72960  OI= 1246100
pcr4 =  BSE:SENSEX26AUG78300CE   0.1   0.09 CALL added 1682740   PUT added 151060  OI= 2072500
pcr5 =  BSE:SENSEX26AUG78200PE   0.16   0.18 CALL added 1847100   PUT added 327620  OI= 372580
pcr6 =  BSE:SENSEX26AUG78100PE   0.28    0.32 CALL added 1409120   PUT added 450940  OI= 518060
pcr7 =  BSE:SENSEX26AUG78000CE   0.54   0.61 CALL added 3476120   PUT added 2137280  OI= 4864040
pcr8 =  BSE:SENSEX26AUG77900CE   1.08   1.15 CALL added 1887480   PUT added 2177920  OI= 2174220
pcr9 =  BSE:SENSEX26AUG77800PE   2.18   2.63 CALL added 1126520   PUT added 2964820  OI= 3351660
pcr10 =  BSE:SENSEX26AUG77700PE   2.42   4.65 CALL added 296140   PUT added 1378260  OI= 1911400
pcr11 =  BSE:SENSEX26AUG77600CE   4.1   -16.51 CALL unwind -44040   PUT added 727200  OI= 354020
pcr12 =  BSE:SENSEX26AUG77500CE   4.07   -7.08 CALL unwind -152200   PUT added 1076920  OI= 690320
pcr13 =  BSE:SENSEX26AUG77400CE   4.74   -14.18 CALL unwind -34860   PUT added 494320  OI= 282160
pcr14 =  BSE:SENSEX26AUG77300CE   5.24   -3.35 CALL unwind -95020   PUT added 318600  OI= 280080
pcr15 =  BSE:SENSEX26AUG77200CE   14.05   -6.47 CALL unwind -80280   PUT added 519760  OI= 111440
pcr16 =  BSE:SENSEX26AUG77100PE   12.14   -4.77 CALL unwind -57380   PUT added 273500  OI= 930800
pcr17 =  BSE:SENSEX26AUG77000CE   9.39   -15.37 CALL unwind -30040   PUT added 461780  OI= 222960
pcrSummation= 14.93  result =  ['BSE:SENSEX26AUG78300CE', 'BSE:SENSEX26AUG78200PE', 'BSE:SENSEX26AUG78100PE', 'BSE:SENSEX26AUG78000CE', 'BSE:SENSEX26AUG77900CE', 'BSE:SENSEX26AUG77800PE', 'BSE:SENSEX26AUG77700PE', 'BSE:SENSEX26AUG77600CE', 'BSE:SENSEX26AUG77500CE']
PCRSUM== 60.63
pcrSummation== 14.93
VOLPCRSUM== 5.87
spotLTP =  77758.87  ATM_STRIKE =  77800
IS_ATM_STRIKE_SHIFT = False  mapStrike = {77800: 77800}
avgOiPcrList2 = [np.float64(3.62), np.float64(3.57)] atmStrikeNotShiftedCount= 2
False   2   2
SUPP_RES=== 78000  Buffer= 25
CEoich val =  3476120.0  PEoich val =  2137280.0 , CE > PE by 38.5%
SUPP_RES TOTAL OI: CE= 4864040  PE= 2609140 , CE > PE by 46.4%
IS_MORNING_WINDOW= False  (active 9:15-9:48 IST)
================================================
==== signal check time ==== 2026-08-26 10:21:00.633503
IS_CHOI_DIFF_GT_25PERC== True
RSI_VAL1== 42.1
RSI_VAL2== 42.1
FUT_3m_OHLC O= 77930.0  H= 77945.8  L= 77900.0  C= 77900.0  Range= 45.9
CHART_PATTERN_DETECTED: DOUBLE_TOP_FORMING
  PATTERN_CONTEXT: Body= -30.0  Range= 45.9  ExpectedRange= 63.1  RangeRatio= 0.73  O= 77930.0  H= 77945.8  L= 77900.0  C= 77900.0
newSynthFut =  77900
ATMStrike =  77800
AVG_OIPCR= 1.66
avgoiPCROld=  3.57
SUPP_RES = 78000
FUT LTP = 77900.0
CEchoi  PechOi = 3476120.0    2137280.0
====================================
totalOIPCR = 1.07
AVG_VOLPCR= 0.65
atmPCR= 0.16  belowATM  0.28
atmVolPCR= 0.27  belowATM  0.56
True   77900.0   78000   False   False   42.1
curr Doji False
BSE:SENSEX26AUG77900PE  curr candle vol pcr = 2.06  PE= 2199980  CE= 1067260      cpr =  0.49
BSE:SENSEX26AUG78000PE  prev candle vol pcr = 1.09  PE= 1856080  CE= 1695100      cpr =  0.91
VOL_PRESSURE_WATCH: SINGLE_CANDLE_PUT_PRESSURE | currPCR= 2.06  prevPCR= 1.09
ATM_CE_premium= 180.2  ATM_PE_premium= 211.4
CE_PremChg= -16.3  PE_PremChg= 23.7
CandleBody= -30.0  PrevBody= -60.0  CandleRange= 45.9  Bearish
TotalVol= 3267240  PrevTotalVol= 3551180  VolSpike= 0.92 x 
SCALP_SCORE: NEUTRAL | BullScore= 2  BearScore= 2 | Confidence= LOW
DATAPOINT|10:21|FUT=77900.0|Body=-30.0|PrevBody=-60.0|Range=45.9|RangeRatio=0.73|CurrVolPCR=2.06|PrevVolPCR=1.09|CurrCPR=0.49|PrevCPR=0.91|VolSpike=0.92|CE_PremChg=-16.3|PE_PremChg=23.7|BullScore=2|BearScore=2|Dir=NEUTRAL|Conf=LOW
CHART_PATTERN_DETECTED: DOUBLE_TOP_FORMING
  PATTERN_CONTEXT: Body= -30.0  Range= 45.9  ExpectedRange= 63.1  RangeRatio= 0.73  O= 77930.0  H= 77945.8  L= 77900.0  C= 77900.0
BSE:SENSEX-INDEX  strikecount= 3   fyers <fyers_apiv3.fyersModel.FyersModel object at 0x7e2bdb40f290>
======================================
oipcr1 =  BSE:SENSEX26AUG78100PE   0.28
oipcr2 =  BSE:SENSEX26AUG78000CE   0.54
oipcr3 =  BSE:SENSEX26AUG77900CE   1.08
oipcrBull = NoEntry  bulcount= 1  bearcount= 2 oipcrBear= BearTrade
atmpcr5 pcr6= 2.18    2.42
No Entry Yet
India VIX = 10.83  Spot Price = 77719.0
IV Regime = LOW (ADAPTIVE: P25= 11.29  P50= 11.81  P75= 12.14 ) | DailyRange = 1202.4 | 3minCandleRange = 63.3 (theoretical= 105.5 ) | ATMoptionMove = 28.5 | SL = 100 | Target = 100 | TrailTrigger = 28 | Spread = 300 | Buffer = 25
IV Params refreshed: {'vix': 10.83, 'bn_price': 77719.0, 'regime': 'LOW', 'regime_thresholds': 'P25=11.29 P50=11.81 P75=12.14', 'daily_range': 1202.4, 'candle_range': 63.3, 'atm_option_move': 28.5, 'sl_point': 100, 'target_point': 100, 'sl_pct_of_premium': 0.1, 'trail_trigger': 28, 'spread_width': 300, 'support_resistance_buffer': 25}
BSE:SENSEX-INDEX  strikecount= 8   fyers <fyers_apiv3.fyersModel.FyersModel object at 0x7e2bdb40f290>
===
====after 3 min ochain==== 2026-08-26 10:24:00.047360
                                    oipcr   choipcr   totalOI
pcr1 =  BSE:SENSEX26AUG78500PE   0.05   0.04 CALL added 1888140   PUT added 74460  OI= 133120
pcr2 =  BSE:SENSEX26AUG78400CE   0.06   0.07 CALL added 966620   PUT added 62980  OI= 1234780
pcr3 =  BSE:SENSEX26AUG78300CE   0.1   0.09 CALL added 1573220   PUT added 143320  OI= 1962980
pcr4 =  BSE:SENSEX26AUG78200PE   0.13   0.14 CALL added 1976080   PUT added 276840  OI= 321800
pcr5 =  BSE:SENSEX26AUG78100PE   0.22   0.24 CALL added 1435660   PUT added 340880  OI= 408000
pcr6 =  BSE:SENSEX26AUG78000CE   0.41    0.44 CALL added 3643800   PUT added 1604140  OI= 5031720
pcr7 =  BSE:SENSEX26AUG77900CE   0.74   0.77 CALL added 2174600   PUT added 1663780  OI= 2461340
pcr8 =  BSE:SENSEX26AUG77800PE   1.29   1.39 CALL added 1433480   PUT added 1985800  OI= 2372640
pcr9 =  BSE:SENSEX26AUG77700PE   2.07   3.13 CALL added 460200   PUT added 1439500  OI= 1972640
pcr10 =  BSE:SENSEX26AUG77600CE   3.77   -124.51 CALL unwind -6060   PUT added 754540  OI= 392000
pcr11 =  BSE:SENSEX26AUG77500CE   3.91   -7.39 CALL unwind -138080   PUT added 1021000  OI= 704440
pcr12 =  BSE:SENSEX26AUG77400CE   4.6   -15.08 CALL unwind -31300   PUT added 471880  OI= 285720
pcr13 =  BSE:SENSEX26AUG77300CE   5.24   -3.84 CALL unwind -90020   PUT added 345580  OI= 285080
pcr14 =  BSE:SENSEX26AUG77200CE   14.3   -6.3 CALL unwind -82320   PUT added 518860  OI= 109400
pcr15 =  BSE:SENSEX26AUG77100PE   12.0   -4.73 CALL unwind -56880   PUT added 269140  OI= 926440
pcr16 =  BSE:SENSEX26AUG77000CE   9.5   -18.79 CALL unwind -27280   PUT added 512480  OI= 225720
pcr17 =  BSE:SENSEX26AUG76900CE   18.68   -19.18 CALL unwind -12500   PUT added 239740  OI= 38480
pcrSummation= 12.64  result =  ['BSE:SENSEX26AUG78300CE', 'BSE:SENSEX26AUG78200PE', 'BSE:SENSEX26AUG78100PE', 'BSE:SENSEX26AUG78000CE', 'BSE:SENSEX26AUG77900CE', 'BSE:SENSEX26AUG77800PE', 'BSE:SENSEX26AUG77700PE', 'BSE:SENSEX26AUG77600CE', 'BSE:SENSEX26AUG77500CE']
PCRSUM== 77.07
pcrSummation== 12.64
VOLPCRSUM== 9.200000000000001
spotLTP =  77719.0  ATM_STRIKE =  77700
IS_ATM_STRIKE_SHIFT = True  mapStrike = {77700: 77700}
avgOiPcrList2 = [np.float64(4.53)] atmStrikeNotShiftedCount= 1
True   1   1
SUPP_RES=== 78000  Buffer= 25
CEoich val =  3643800.0  PEoich val =  1604140.0 , CE > PE by 56.0%
SUPP_RES TOTAL OI: CE= 5031720  PE= 2076000 , CE > PE by 58.7%
IS_MORNING_WINDOW= False  (active 9:15-9:48 IST)
================================================
==== signal check time ==== 2026-08-26 10:24:00.652737
IS_CHOI_DIFF_GT_25PERC== True
RSI_VAL1== 38.98
RSI_VAL2== 38.98
FUT_3m_OHLC O= 77900.6  H= 77900.6  L= 77865.0  C= 77874.6  Range= 35.6
CHART_PATTERN_DETECTED: THREE_BLACK_CROWS
  PATTERN_CONTEXT: Body= -26.1  Range= 35.6  ExpectedRange= 63.3  RangeRatio= 0.56  O= 77900.6  H= 77900.6  L= 77865.0  C= 77874.6
newSynthFut =  77900
ATMStrike =  77700
AVG_OIPCR= 1.4
avgoiPCROld=  4.53
SUPP_RES = 78000
FUT LTP = 77874.55
CEchoi  PechOi = 3643800.0    1604140.0
====================================
totalOIPCR = 0.96
AVG_VOLPCR= 1.02
atmPCR= 0.22  belowATM  0.41
atmVolPCR= 0.57  belowATM  0.84
True   77874.55   78000   False   False   38.98
curr Doji False
BSE:SENSEX26AUG77900PE  curr candle vol pcr = 1.62  PE= 1985900  CE= 1224040      cpr =  0.62
BSE:SENSEX26AUG77900PE  prev candle vol pcr = 2.06  PE= 2199980  CE= 1067260      cpr =  0.49
VOL_PRESSURE_WATCH: SINGLE_CANDLE_PUT_PRESSURE | currPCR= 1.62  prevPCR= 2.06
ATM_CE_premium= 162.6  ATM_PE_premium= 228.9
CE_PremChg= -17.6  PE_PremChg= 17.5
CandleBody= -26.1  PrevBody= -30.0  CandleRange= 35.6  Bearish
TotalVol= 3209940  PrevTotalVol= 3267240  VolSpike= 0.98 x 
SCALP_SCORE: NEUTRAL | BullScore= 2  BearScore= 2 | Confidence= LOW
DATAPOINT|10:24|FUT=77874.6|Body=-26.1|PrevBody=-30.0|Range=35.6|RangeRatio=0.56|CurrVolPCR=1.62|PrevVolPCR=2.06|CurrCPR=0.62|PrevCPR=0.49|VolSpike=0.98|CE_PremChg=-17.6|PE_PremChg=17.5|BullScore=2|BearScore=2|Dir=NEUTRAL|Conf=LOW
CHART_PATTERN_DETECTED: THREE_BLACK_CROWS
  PATTERN_CONTEXT: Body= -26.1  Range= 35.6  ExpectedRange= 63.3  RangeRatio= 0.56  O= 77900.6  H= 77900.6  L= 77865.0  C= 77874.6
BSE:SENSEX-INDEX  strikecount= 3   fyers <fyers_apiv3.fyersModel.FyersModel object at 0x7e2bdb40f290>
======================================
oipcr1 =  BSE:SENSEX26AUG78000CE   0.41
oipcr2 =  BSE:SENSEX26AUG77900CE   0.74
oipcr3 =  BSE:SENSEX26AUG77800PE   1.29
oipcrBull = NoEntry  bulcount= 1  bearcount= 2 oipcrBear= BearTrade
atmpcr5 pcr6= 2.07    3.77
No Entry Yet
India VIX = 10.95  Spot Price = 77705.78
IV Regime = LOW (ADAPTIVE: P25= 11.29  P50= 11.81  P75= 12.14 ) | DailyRange = 1215.5 | 3minCandleRange = 64.0 (theoretical= 106.6 ) | ATMoptionMove = 28.8 | SL = 101 | Target = 101 | TrailTrigger = 29 | Spread = 300 | Buffer = 26
IV Params refreshed: {'vix': 10.95, 'bn_price': 77705.78, 'regime': 'LOW', 'regime_thresholds': 'P25=11.29 P50=11.81 P75=12.14', 'daily_range': 1215.5, 'candle_range': 64.0, 'atm_option_move': 28.8, 'sl_point': 101, 'target_point': 101, 'sl_pct_of_premium': 0.1, 'trail_trigger': 29, 'spread_width': 300, 'support_resistance_buffer': 26}
BSE:SENSEX-INDEX  strikecount= 8   fyers <fyers_apiv3.fyersModel.FyersModel object at 0x7e2bdb40f290>
===
====after 3 min ochain==== 2026-08-26 10:27:00.047900
                                    oipcr   choipcr   totalOI
pcr1 =  BSE:SENSEX26AUG78500PE   0.05   0.04 CALL added 1849720   PUT added 74500  OI= 133160
pcr2 =  BSE:SENSEX26AUG78400CE   0.08   0.08 CALL added 954880   PUT added 78800  OI= 1223040
pcr3 =  BSE:SENSEX26AUG78300CE   0.1   0.1 CALL added 1513000   PUT added 150380  OI= 1902760
pcr4 =  BSE:SENSEX26AUG78200PE   0.13   0.14 CALL added 1976320   PUT added 282560  OI= 327520
pcr5 =  BSE:SENSEX26AUG78100PE   0.2   0.21 CALL added 1487600   PUT added 311280  OI= 378400
pcr6 =  BSE:SENSEX26AUG78000CE   0.37    0.38 CALL added 3824060   PUT added 1441200  OI= 5211980
pcr7 =  BSE:SENSEX26AUG77900CE   0.66   0.67 CALL added 2282940   PUT added 1525480  OI= 2569680
pcr8 =  BSE:SENSEX26AUG77800PE   1.09   1.13 CALL added 1556260   PUT added 1762240  OI= 2149080
pcr9 =  BSE:SENSEX26AUG77700PE   1.83   2.44 CALL added 603720   PUT added 1472180  OI= 2005320
pcr10 =  BSE:SENSEX26AUG77600CE   3.93   61.34 CALL added 14660   PUT added 899240  OI= 412720
pcr11 =  BSE:SENSEX26AUG77500CE   3.72   -9.13 CALL unwind -108860   PUT added 993400  OI= 733660
pcr12 =  BSE:SENSEX26AUG77400CE   4.55   -21.17 CALL unwind -23300   PUT added 493340  OI= 293720
pcr13 =  BSE:SENSEX26AUG77300CE   5.31   -4.28 CALL unwind -88100   PUT added 376640  OI= 287000
pcr14 =  BSE:SENSEX26AUG77200CE   14.6   -7.07 CALL unwind -80920   PUT added 572240  OI= 110800
pcr15 =  BSE:SENSEX26AUG77100PE   12.25   -5.08 CALL unwind -56840   PUT added 288900  OI= 946200
pcr16 =  BSE:SENSEX26AUG77000CE   9.48   -20.26 CALL unwind -25720   PUT added 521000  OI= 227280
pcr17 =  BSE:SENSEX26AUG76900CE   18.38   -18.67 CALL unwind -12360   PUT added 230760  OI= 38620
pcrSummation= 16.48  result =  ['BSE:SENSEX26AUG78200PE', 'BSE:SENSEX26AUG78100PE', 'BSE:SENSEX26AUG78000CE', 'BSE:SENSEX26AUG77900CE', 'BSE:SENSEX26AUG77800PE', 'BSE:SENSEX26AUG77700PE', 'BSE:SENSEX26AUG77600CE', 'BSE:SENSEX26AUG77500CE', 'BSE:SENSEX26AUG77400CE']
PCRSUM== 76.73
pcrSummation== 16.48
VOLPCRSUM== 9.25
spotLTP =  77705.78  ATM_STRIKE =  77700
IS_ATM_STRIKE_SHIFT = False  mapStrike = {77700: 77700}
avgOiPcrList2 = [np.float64(4.53), np.float64(4.51)] atmStrikeNotShiftedCount= 2
False   2   2
SUPP_RES=== 78000  Buffer= 26
CEoich val =  3824060.0  PEoich val =  1441200.0 , CE > PE by 62.3%
SUPP_RES TOTAL OI: CE= 5211980  PE= 1913060 , CE > PE by 63.3%
IS_MORNING_WINDOW= False  (active 9:15-9:48 IST)
================================================
==== signal check time ==== 2026-08-26 10:27:00.645050
IS_CHOI_DIFF_GT_25PERC== True
RSI_VAL1== 35.16
RSI_VAL2== 35.16
FUT_3m_OHLC O= 77874.6  H= 77889.6  L= 77840.0  C= 77840.0  Range= 49.6
CHART_PATTERN_DETECTED: THREE_BLACK_CROWS
  PATTERN_CONTEXT: Body= -34.5  Range= 49.6  ExpectedRange= 64.0  RangeRatio= 0.78  O= 77874.6  H= 77889.6  L= 77840.0  C= 77840.0
newSynthFut =  77800
ATMStrike =  77700
AVG_OIPCR= 1.83
avgoiPCROld=  4.51
SUPP_RES = 78000
FUT LTP = 77840.05
CEchoi  PechOi = 3824060.0    1441200.0
====================================
totalOIPCR = 0.93
AVG_VOLPCR= 1.03
atmPCR= 0.2  belowATM  0.37
atmVolPCR= 0.57  belowATM  0.84
True   77840.05   78000   False   False   35.16
curr Doji False
BSE:SENSEX26AUG77800PE  curr candle vol pcr = 2.19  PE= 2018520  CE= 921460      cpr =  0.46
BSE:SENSEX26AUG77900PE  prev candle vol pcr = 1.62  PE= 1985900  CE= 1224040      cpr =  0.62
VOL_PRESSURE_WATCH: SINGLE_CANDLE_PUT_PRESSURE | currPCR= 2.19  prevPCR= 1.62
ATM_CE_premium= 212.4  ATM_PE_premium= 183.15
CE_PremChg= -2.0  PE_PremChg= 4.15
CandleBody= -34.5  PrevBody= -26.1  CandleRange= 49.6  Bearish
TotalVol= 2939980  PrevTotalVol= 3209940  VolSpike= 0.92 x 
SCALP_SCORE: BEAR | BullScore= 1  BearScore= 2 | Confidence= LOW
DATAPOINT|10:27|FUT=77840.0|Body=-34.5|PrevBody=-26.1|Range=49.6|RangeRatio=0.78|CurrVolPCR=2.19|PrevVolPCR=1.62|CurrCPR=0.46|PrevCPR=0.62|VolSpike=0.92|CE_PremChg=-2.0|PE_PremChg=4.15|BullScore=1|BearScore=2|Dir=BEAR|Conf=LOW
CHART_PATTERN_DETECTED: THREE_BLACK_CROWS
  PATTERN_CONTEXT: Body= -34.5  Range= 49.6  ExpectedRange= 64.0  RangeRatio= 0.78  O= 77874.6  H= 77889.6  L= 77840.0  C= 77840.0
BSE:SENSEX-INDEX  strikecount= 3   fyers <fyers_apiv3.fyersModel.FyersModel object at 0x7e2bdb40f290>
======================================
oipcr1 =  BSE:SENSEX26AUG78000CE   0.37
oipcr2 =  BSE:SENSEX26AUG77900CE   0.66
oipcr3 =  BSE:SENSEX26AUG77800PE   1.09
oipcrBull = NoEntry  bulcount= 1  bearcount= 2 oipcrBear= BearTrade
atmpcr5 pcr6= 1.83    3.93
No Entry Yet
India VIX = 10.86  Spot Price = 77730.56
IV Regime = LOW (ADAPTIVE: P25= 11.29  P50= 11.81  P75= 12.14 ) | DailyRange = 1205.9 | 3minCandleRange = 63.5 (theoretical= 105.8 ) | ATMoptionMove = 28.6 | SL = 100 | Target = 100 | TrailTrigger = 29 | Spread = 300 | Buffer = 25
IV Params refreshed: {'vix': 10.86, 'bn_price': 77730.56, 'regime': 'LOW', 'regime_thresholds': 'P25=11.29 P50=11.81 P75=12.14', 'daily_range': 1205.9, 'candle_range': 63.5, 'atm_option_move': 28.6, 'sl_point': 100, 'target_point': 100, 'sl_pct_of_premium': 0.1, 'trail_trigger': 29, 'spread_width': 300, 'support_resistance_buffer': 25}
BSE:SENSEX-INDEX  strikecount= 8   fyers <fyers_apiv3.fyersModel.FyersModel object at 0x7e2bdb40f290>
===
====after 3 min ochain==== 2026-08-26 10:30:00.047379
                                    oipcr   choipcr   totalOI
pcr1 =  BSE:SENSEX26AUG78500PE   0.05   0.04 CALL added 1843540   PUT added 73200  OI= 131860
pcr2 =  BSE:SENSEX26AUG78400CE   0.08   0.08 CALL added 1001940   PUT added 85100  OI= 1270100
pcr3 =  BSE:SENSEX26AUG78300CE   0.1   0.09 CALL added 1559200   PUT added 145520  OI= 1948960
pcr4 =  BSE:SENSEX26AUG78200PE   0.12   0.13 CALL added 1958960   PUT added 263560  OI= 308520
pcr5 =  BSE:SENSEX26AUG78100PE   0.19   0.2 CALL added 1485060   PUT added 298820  OI= 365940
pcr6 =  BSE:SENSEX26AUG78000CE   0.34    0.34 CALL added 4000040   PUT added 1357140  OI= 5387960
pcr7 =  BSE:SENSEX26AUG77900CE   0.6   0.6 CALL added 2368320   PUT added 1426140  OI= 2655060
pcr8 =  BSE:SENSEX26AUG77800PE   0.98   0.99 CALL added 1681300   PUT added 1662400  OI= 2049240
pcr9 =  BSE:SENSEX26AUG77700PE   1.73   2.19 CALL added 703000   PUT added 1536160  OI= 2069300
pcr10 =  BSE:SENSEX26AUG77600CE   3.91   25.64 CALL added 38200   PUT added 979380  OI= 436260
pcr11 =  BSE:SENSEX26AUG77500CE   3.56   -11.18 CALL unwind -86000   PUT added 961180  OI= 756520
pcr12 =  BSE:SENSEX26AUG77400CE   4.44   -28.31 CALL unwind -17300   PUT added 489740  OI= 299720
pcr13 =  BSE:SENSEX26AUG77300CE   5.37   -4.23 CALL unwind -90340   PUT added 382480  OI= 284760
pcr14 =  BSE:SENSEX26AUG77200CE   14.22   -6.79 CALL unwind -79960   PUT added 543280  OI= 111760
pcr15 =  BSE:SENSEX26AUG77100PE   12.35   -5.53 CALL unwind -55820   PUT added 308760  OI= 966060
pcr16 =  BSE:SENSEX26AUG77000CE   9.52   -25.26 CALL unwind -22300   PUT added 563280  OI= 230700
pcr17 =  BSE:SENSEX26AUG76900CE   18.17   -17.72 CALL unwind -12460   PUT added 220760  OI= 38520
pcrSummation= 15.870000000000001  result =  ['BSE:SENSEX26AUG78200PE', 'BSE:SENSEX26AUG78100PE', 'BSE:SENSEX26AUG78000CE', 'BSE:SENSEX26AUG77900CE', 'BSE:SENSEX26AUG77800PE', 'BSE:SENSEX26AUG77700PE', 'BSE:SENSEX26AUG77600CE', 'BSE:SENSEX26AUG77500CE', 'BSE:SENSEX26AUG77400CE']
PCRSUM== 75.73
pcrSummation== 15.87
VOLPCRSUM== 9.2
spotLTP =  77730.56  ATM_STRIKE =  77700
IS_ATM_STRIKE_SHIFT = False  mapStrike = {77700: 77700}
avgOiPcrList2 = [np.float64(4.53), np.float64(4.51), np.float64(4.45)] atmStrikeNotShiftedCount= 3
False   3   3
SUPP_RES=== 78000  Buffer= 25
CEoich val =  4000040.0  PEoich val =  1357140.0 , CE > PE by 66.1%
SUPP_RES TOTAL OI: CE= 5387960  PE= 1829000 , CE > PE by 66.1%
IS_MORNING_WINDOW= False  (active 9:15-9:48 IST)
================================================
==== signal check time ==== 2026-08-26 10:30:00.726711
IS_CHOI_DIFF_GT_25PERC== True
RSI_VAL1== 35.17
RSI_VAL2== 35.17
FUT_3m_OHLC O= 77840.0  H= 77840.1  L= 77840.0  C= 77840.1  Range= 0.1
CHART_PATTERN_DETECTED: INSIDE_BAR | DOUBLE_BOTTOM_FORMING
  PATTERN_CONTEXT: Body= 0.1  Range= 0.1  ExpectedRange= 63.5  RangeRatio= 0.0  O= 77840.0  H= 77840.1  L= 77840.0  C= 77840.1
isPcrDecr = True
newSynthFut =  77800
ATMStrike =  77700
AVG_OIPCR= 1.76
avgoiPCROld=  4.45
SUPP_RES = 78000
FUT LTP = 77840.1
CEchoi  PechOi = 4000040.0    1357140.0
====================================
totalOIPCR = 0.9
AVG_VOLPCR= 1.02
atmPCR= 0.19  belowATM  0.34
atmVolPCR= 0.57  belowATM  0.84
True   77840.1   78000   False   True   35.17
In Bear trade, slCount=  0  (mode= LOGIC2_TREND_CONVERGENCE )
SPREAD_CALC_AT_ENTRY: SyntheticATMStrike= 77900  ATM_PE= 218.4  ATM_CE= 172.55  AvgATM= 195.48
ATM_GREEKS: CE=BSE:SENSEX26AUG77900CE -> {'delta': 0.45, 'gamma': 0.0008, 'theta': -82.34, 'vega': 17.8, 'iv': 11.24}
ATM_GREEKS: PE=BSE:SENSEX26AUG77900PE -> {'delta': -0.55, 'gamma': 0.0008, 'theta': -82.34, 'vega': 17.8, 'iv': 11.24}
ATM_IV: ce_iv=11.24 pe_iv=11.24 avg_atm_iv=11.24 iv_skew(PE-CE)=0.0
==================================================
SPREAD_SELECTION (Sensex weekly): Type= CREDIT | DTE= 1 | PremRatio= 0.36 | IVRank= 0.0
SPREAD_REASONS: DTE=1(weekly) | PremRatio=0.36 | IVRank=0.0 | DECISION:CREDIT (default — theta favors seller for weekly)
==================================================
SPREAD_DECISION_AT_ENTRY: {'type': 'CREDIT', 'score': 1, 'dte': 1, 'premium_ratio': 0.36, 'iv_rank': 0.0, 'vix_30d_high': 12.64, 'vix_30d_low': 10.5, 'reasons': ['DTE=1(weekly)', 'PremRatio=0.36', 'IVRank=0.0', 'DECISION:CREDIT (default — theta favors seller for weekly)']}
ENTRY_ROUTING: spread_type= CREDIT  isBullish= False  isBearish= True
IV-Dynamic: SL= 100  Target= 100  Spread= 300
  Checking hedge BSE:SENSEX26AUG78500CE: premium=26.5 (max=86.775)
=atmCE= BSE:SENSEX26AUG77900CE
=otmCE== BSE:SENSEX26AUG78500CE  entryPrice= 173.55  maxHedgePremium= 86.775
hedge_entry_price = 26.5
CREDIT_NET_CREDIT= 147.05
OPT_RANGE_DEBUG: symbol=BSE:SENSEX26AUG77900CE | total_candles_after_skip1st=10 | ranges=[33.4, 18.15, 27.6, 34.55, 27.75, 44.85, 29.4, 27.0, 15.9, 17.1] | median_all=27.67
OPT_OHLC_ENTRY: symbol=BSE:SENSEX26AUG77900CE | candles=10 | open=[279.35, 256.1, 254.15, 239.95, 210.35, 222.8, 194.65, 180.9, 162.4, 162.4] | high=[280.4, 266.0, 256.9, 242.05, 238.1, 237.0, 202.0, 187.2, 174.5, 177.8] | low=[247.0, 247.85, 229.3, 207.5, 210.35, 192.15, 172.6, 160.2, 158.6, 160.7] | close=[256.9, 255.15, 238.55, 211.4, 223.3, 196.5, 180.2, 162.6, 161.9, 173.25] | median_range=27.67
OPT_RANGE_DEBUG: symbol=BSE:SENSEX26AUG78500CE | total_candles_after_skip1st=10 | ranges=[6.25, 3.3, 4.95, 5.8, 4.25, 7.0, 3.5, 4.0, 2.05, 2.0] | median_all=4.12
OPT_OHLC_ENTRY: symbol=BSE:SENSEX26AUG78500CE | candles=10 | open=[44.0, 39.7, 39.7, 36.8, 31.85, 33.55, 29.4, 27.6, 24.55, 25.55] | high=[44.25, 41.65, 40.0, 37.2, 36.1, 36.1, 30.2, 28.45, 26.45, 27.25] | low=[38.0, 38.35, 35.05, 31.4, 31.85, 29.1, 26.7, 24.45, 24.4, 25.25] | close=[39.65, 39.9, 36.6, 32.05, 33.65, 29.55, 27.5, 24.55, 25.5, 26.65] | median_range=4.12
DELTA_CHECK: main=BSE:SENSEX26AUG77900CE -> {'delta': 0.45, 'gamma': 0.0008, 'theta': -82.57, 'vega': 17.8, 'iv': 11.27}
DELTA_CHECK: hedge=BSE:SENSEX26AUG78500CE -> {'delta': 0.11, 'gamma': 0.0003, 'theta': -39.45, 'vega': 8.21, 'iv': 11.68}
DELTA_CHECK: delta_ratio (|hedge|/|main|) = 0.244
HEDGE_OFFSET: source=DELTA used_ratio=0.244 raw=0.244 | delta_ratio=0.244 range_ratio=0.149 premium_ratio=0.153 | (main_delta=0.45 hedge_delta=0.11 main_range=27.67 hedge_range=4.12) effective_sl=55 -> net_sl_points=41.56
RISK_SIZING: effective_sl_pre=55 main=173.55 hedge=26.5 main_range=27.67 hedge_range=4.12 FIXED_RISK=5000 -> qty=120 (6 lots)
CREDIT_ENTRY: qty= 120
MARGIN_CHECK: qty=120 (6 lots) margin_required=260963.74 avail=888843.37 usable(90%)=799959.03
10 : 30 : 2  =>  BUY   SENSEX26AUG78500CE   120   MARKET
10 : 30 : 2  =>  SENSEX26AUG78500CE {'code': 1101, 'message': 'Successfully placed order', 's': 'ok', 'id_fyers': '2e101ec1-ef8f-4d98-9e7c-2d3205825718', 'id': '26082600098902'}
entryPrice== 173.55 Target = 74  BSE:SENSEX26AUG77900CE  SL = 274
10 : 30 : 2  =>  SELL   SENSEX26AUG77900CE   120   MARKET
10 : 30 : 2  =>  SENSEX26AUG77900CE {'code': 1101, 'message': 'Successfully placed order', 's': 'ok', 'id_fyers': 'f6410ffd-dfd7-4c9f-8beb-c4120a51c624', 'id': '26082600098912'}
Exit OID:  {'code': 1101, 'message': 'Successfully placed order', 's': 'ok', 'id_fyers': 'f6410ffd-dfd7-4c9f-8beb-c4120a51c624', 'id': '26082600098912'}   {'code': 1101, 'message': 'Successfully placed order', 's': 'ok', 'id_fyers': '2e101ec1-ef8f-4d98-9e7c-2d3205825718', 'id': '26082600098902'}
ENTRY_SL_TGT: spread= CREDIT  SL= 227.3  Target= 75.30000000000001  EntryPrem= 172.3  AnchorSrc= CANDLE_CLOSE  TrailTrigger= 58  SL_Source= OPTION_RANGE(median=27.67,SLx2,Tgtx3.5)  (iv_pts= 100  effective_sl= 55 )
curr Doji False
BSE:SENSEX26AUG77800PE  curr candle vol pcr = 1.43  PE= 1166300  CE= 815420      cpr =  0.7
BSE:SENSEX26AUG77800PE  prev candle vol pcr = 2.19  PE= 2018520  CE= 921460      cpr =  0.46
VOL_PRESSURE_WATCH: SINGLE_CANDLE_PUT_PRESSURE | currPCR= 1.43  prevPCR= 2.19
ATM_CE_premium= 226.25  ATM_PE_premium= 171.55
CE_PremChg= 13.85  PE_PremChg= -11.6
CandleBody= 0.1  PrevBody= -34.5  CandleRange= 0.1  Bullish
TotalVol= 1981720  PrevTotalVol= 2939980  VolSpike= 0.67 x 
SCALP_SCORE: NEUTRAL | BullScore= 1  BearScore= 1 | Confidence= LOW
DATAPOINT|10:30|FUT=77840.1|Body=0.1|PrevBody=-34.5|Range=0.1|RangeRatio=0.0|CurrVolPCR=1.43|PrevVolPCR=2.19|CurrCPR=0.7|PrevCPR=0.46|VolSpike=0.67|CE_PremChg=13.85|PE_PremChg=-11.6|BullScore=1|BearScore=1|Dir=NEUTRAL|Conf=LOW
CHART_PATTERN_DETECTED: INSIDE_BAR | DOUBLE_BOTTOM_FORMING
  PATTERN_CONTEXT: Body= 0.1  Range= 0.1  ExpectedRange= 63.5  RangeRatio= 0.0  O= 77840.0  H= 77840.1  L= 77840.0  C= 77840.1
BSE:SENSEX-INDEX  strikecount= 3   fyers <fyers_apiv3.fyersModel.FyersModel object at 0x7e2bdb40f290>
======================================
oipcr1 =  BSE:SENSEX26AUG78000CE   0.34
oipcr2 =  BSE:SENSEX26AUG77900CE   0.6
oipcr3 =  BSE:SENSEX26AUG77800PE   0.98
oipcrBull = NoEntry  bulcount= 0  bearcount= 3 oipcrBear= BearTrade
atmpcr5 pcr6= 1.73    3.91
No Entry Yet
In Trade ( CREDIT ). No Exit. ltp= 177.65  SL= 227.3  target= 75.30000000000001
In Trade ( CREDIT ). No Exit. ltp= 182.2  SL= 227.3  target= 75.30000000000001
In Trade ( CREDIT ). No Exit. ltp= 192.0  SL= 227.3  target= 75.30000000000001
In Trade ( CREDIT ). No Exit. ltp= 186.2  SL= 227.3  target= 75.30000000000001
In Trade ( CREDIT ). No Exit. ltp= 190.0  SL= 227.3  target= 75.30000000000001
In Trade ( CREDIT ). No Exit. ltp= 189.95  SL= 227.3  target= 75.30000000000001
In Trade ( CREDIT ). No Exit. ltp= 188.85  SL= 227.3  target= 75.30000000000001
In Trade ( CREDIT ). No Exit. ltp= 183.35  SL= 227.3  target= 75.30000000000001
In Trade ( CREDIT ). No Exit. ltp= 186.8  SL= 227.3  target= 75.30000000000001
In Trade ( CREDIT ). No Exit. ltp= 192.6  SL= 227.3  target= 75.30000000000001
In Trade ( CREDIT ). No Exit. ltp= 182.05  SL= 227.3  target= 75.30000000000001
In Trade ( CREDIT ). No Exit. ltp= 177.4  SL= 227.3  target= 75.30000000000001
In Trade ( CREDIT ). No Exit. ltp= 185.0  SL= 227.3  target= 75.30000000000001
In Trade ( CREDIT ). No Exit. ltp= 201.0  SL= 227.3  target= 75.30000000000001
In Trade ( CREDIT ). No Exit. ltp= 199.3  SL= 227.3  target= 75.30000000000001
In Trade ( CREDIT ). No Exit. ltp= 178.4  SL= 227.3  target= 75.30000000000001
In Trade ( CREDIT ). No Exit. ltp= 176.7  SL= 227.3  target= 75.30000000000001
In Trade ( CREDIT ). No Exit. ltp= 179.4  SL= 227.3  target= 75.30000000000001
In Trade ( CREDIT ). No Exit. ltp= 179.6  SL= 227.3  target= 75.30000000000001
In Trade ( CREDIT ). No Exit. ltp= 185.0  SL= 227.3  target= 75.30000000000001
In Trade ( CREDIT ). No Exit. ltp= 180.65  SL= 227.3  target= 75.30000000000001
In Trade ( CREDIT ). No Exit. ltp= 180.45  SL= 227.3  target= 75.30000000000001
In Trade ( CREDIT ). No Exit. ltp= 181.4  SL= 227.3  target= 75.30000000000001
In Trade ( CREDIT ). No Exit. ltp= 179.85  SL= 227.3  target= 75.30000000000001
In Trade ( CREDIT ). No Exit. ltp= 182.2  SL= 227.3  target= 75.30000000000001
In Trade ( CREDIT ). No Exit. ltp= 180.05  SL= 227.3  target= 75.30000000000001
In Trade ( CREDIT ). No Exit. ltp= 182.3  SL= 227.3  target= 75.30000000000001
In Trade ( CREDIT ). No Exit. ltp= 194.15  SL= 227.3  target= 75.30000000000001
In Trade ( CREDIT ). No Exit. ltp= 193.0  SL= 227.3  target= 75.30000000000001
In Trade ( CREDIT ). No Exit. ltp= 177.75  SL= 227.3  target= 75.30000000000001
In Trade ( CREDIT ). No Exit. ltp= 180.4  SL= 227.3  target= 75.30000000000001
In Trade ( CREDIT ). No Exit. ltp= 176.6  SL= 227.3  target= 75.30000000000001
In Trade ( CREDIT ). No Exit. ltp= 180.2  SL= 227.3  target= 75.30000000000001
In Trade ( CREDIT ). No Exit. ltp= 173.2  SL= 227.3  target= 75.30000000000001
In Trade ( CREDIT ). No Exit. ltp= 175.35  SL= 227.3  target= 75.30000000000001
In Trade ( CREDIT ). No Exit. ltp= 169.7  SL= 227.3  target= 75.30000000000001
In Trade ( CREDIT ). No Exit. ltp= 174.45  SL= 227.3  target= 75.30000000000001
In Trade ( CREDIT ). No Exit. ltp= 180.45  SL= 227.3  target= 75.30000000000001
In Trade ( CREDIT ). No Exit. ltp= 182.55  SL= 227.3  target= 75.30000000000001
In Trade ( CREDIT ). No Exit. ltp= 186.25  SL= 227.3  target= 75.30000000000001
In Trade ( CREDIT ). No Exit. ltp= 185.65  SL= 227.3  target= 75.30000000000001
In Trade ( CREDIT ). No Exit. ltp= 191.0  SL= 227.3  target= 75.30000000000001
In Trade ( CREDIT ). No Exit. ltp= 192.0  SL= 227.3  target= 75.30000000000001
In Trade ( CREDIT ). No Exit. ltp= 202.45  SL= 227.3  target= 75.30000000000001
In Trade ( CREDIT ). No Exit. ltp= 194.6  SL= 227.3  target= 75.30000000000001
In Trade ( CREDIT ). No Exit. ltp= 188.75  SL= 227.3  target= 75.30000000000001
In Trade ( CREDIT ). No Exit. ltp= 173.25  SL= 227.3  target= 75.30000000000001
In Trade ( CREDIT ). No Exit. ltp= 167.8  SL= 227.3  target= 75.30000000000001
In Trade ( CREDIT ). No Exit. ltp= 168.65  SL= 227.3  target= 75.30000000000001
In Trade ( CREDIT ). No Exit. ltp= 173.75  SL= 227.3  target= 75.30000000000001
In Trade ( CREDIT ). No Exit. ltp= 170.3  SL= 227.3  target= 75.30000000000001
In Trade ( CREDIT ). No Exit. ltp= 154.05  SL= 227.3  target= 75.30000000000001
In Trade ( CREDIT ). No Exit. ltp= 162.7  SL= 227.3  target= 75.30000000000001
In Trade ( CREDIT ). No Exit. ltp= 165.5  SL= 227.3  target= 75.30000000000001
In Trade ( CREDIT ). No Exit. ltp= 166.0  SL= 227.3  target= 75.30000000000001
In Trade ( CREDIT ). No Exit. ltp= 166.3  SL= 227.3  target= 75.30000000000001
In Trade ( CREDIT ). No Exit. ltp= 158.85  SL= 227.3  target= 75.30000000000001
In Trade ( CREDIT ). No Exit. ltp= 166.95  SL= 227.3  target= 75.30000000000001
In Trade ( CREDIT ). No Exit. ltp= 164.8  SL= 227.3  target= 75.30000000000001
In Trade ( CREDIT ). No Exit. ltp= 162.4  SL= 227.3  target= 75.30000000000001
In Trade ( CREDIT ). No Exit. ltp= 155.3  SL= 227.3  target= 75.30000000000001
In Trade ( CREDIT ). No Exit. ltp= 159.2  SL= 227.3  target= 75.30000000000001
In Trade ( CREDIT ). No Exit. ltp= 154.85  SL= 227.3  target= 75.30000000000001
In Trade ( CREDIT ). No Exit. ltp= 159.25  SL= 227.3  target= 75.30000000000001
In Trade ( CREDIT ). No Exit. ltp= 169.6  SL= 227.3  target= 75.30000000000001
In Trade ( CREDIT ). No Exit. ltp= 171.55  SL= 227.3  target= 75.30000000000001
In Trade ( CREDIT ). No Exit. ltp= 178.9  SL= 227.3  target= 75.30000000000001
In Trade ( CREDIT ). No Exit. ltp= 177.1  SL= 227.3  target= 75.30000000000001
In Trade ( CREDIT ). No Exit. ltp= 172.85  SL= 227.3  target= 75.30000000000001
In Trade ( CREDIT ). No Exit. ltp= 172.05  SL= 227.3  target= 75.30000000000001
In Trade ( CREDIT ). No Exit. ltp= 172.05  SL= 227.3  target= 75.30000000000001
In Trade ( CREDIT ). No Exit. ltp= 177.8  SL= 227.3  target= 75.30000000000001
In Trade ( CREDIT ). No Exit. ltp= 177.05  SL= 227.3  target= 75.30000000000001
In Trade ( CREDIT ). No Exit. ltp= 173.7  SL= 227.3  target= 75.30000000000001
In Trade ( CREDIT ). No Exit. ltp= 174.65  SL= 227.3  target= 75.30000000000001
In Trade ( CREDIT ). No Exit. ltp= 170.55  SL= 227.3  target= 75.30000000000001
In Trade ( CREDIT ). No Exit. ltp= 168.35  SL= 227.3  target= 75.30000000000001
In Trade ( CREDIT ). No Exit. ltp= 161.4  SL= 227.3  target= 75.30000000000001
In Trade ( CREDIT ). No Exit. ltp= 163.55  SL= 227.3  target= 75.30000000000001
In Trade ( CREDIT ). No Exit. ltp= 160.25  SL= 227.3  target= 75.30000000000001
In Trade ( CREDIT ). No Exit. ltp= 156.9  SL= 227.3  target= 75.30000000000001
In Trade ( CREDIT ). No Exit. ltp= 150.3  SL= 227.3  target= 75.30000000000001
In Trade ( CREDIT ). No Exit. ltp= 150.95  SL= 227.3  target= 75.30000000000001
In Trade ( CREDIT ). No Exit. ltp= 158.85  SL= 227.3  target= 75.30000000000001
In Trade ( CREDIT ). No Exit. ltp= 156.6  SL= 227.3  target= 75.30000000000001
In Trade ( CREDIT ). No Exit. ltp= 156.5  SL= 227.3  target= 75.30000000000001
In Trade ( CREDIT ). No Exit. ltp= 151.85  SL= 227.3  target= 75.30000000000001
In Trade ( CREDIT ). No Exit. ltp= 144.25  SL= 227.3  target= 75.30000000000001
In Trade ( CREDIT ). No Exit. ltp= 144.45  SL= 227.3  target= 75.30000000000001
In Trade ( CREDIT ). No Exit. ltp= 137.75  SL= 227.3  target= 75.30000000000001
In Trade ( CREDIT ). No Exit. ltp= 131.55  SL= 227.3  target= 75.30000000000001
In Trade ( CREDIT ). No Exit. ltp= 136.0  SL= 227.3  target= 75.30000000000001
In Trade ( CREDIT ). No Exit. ltp= 141.3  SL= 227.3  target= 75.30000000000001
In Trade ( CREDIT ). No Exit. ltp= 137.15  SL= 227.3  target= 75.30000000000001
In Trade ( CREDIT ). No Exit. ltp= 133.8  SL= 227.3  target= 75.30000000000001
In Trade ( CREDIT ). No Exit. ltp= 134.0  SL= 227.3  target= 75.30000000000001
In Trade ( CREDIT ). No Exit. ltp= 130.75  SL= 227.3  target= 75.30000000000001
In Trade ( CREDIT ). No Exit. ltp= 126.6  SL= 227.3  target= 75.30000000000001
In Trade ( CREDIT ). No Exit. ltp= 128.65  SL= 227.3  target= 75.30000000000001
In Trade ( CREDIT ). No Exit. ltp= 127.4  SL= 227.3  target= 75.30000000000001
In Trade ( CREDIT ). No Exit. ltp= 134.0  SL= 227.3  target= 75.30000000000001
In Trade ( CREDIT ). No Exit. ltp= 141.0  SL= 227.3  target= 75.30000000000001
In Trade ( CREDIT ). No Exit. ltp= 143.6  SL= 227.3  target= 75.30000000000001
In Trade ( CREDIT ). No Exit. ltp= 141.6  SL= 227.3  target= 75.30000000000001
In Trade ( CREDIT ). No Exit. ltp= 149.05  SL= 227.3  target= 75.30000000000001
In Trade ( CREDIT ). No Exit. ltp= 149.05  SL= 227.3  target= 75.30000000000001
In Trade ( CREDIT ). No Exit. ltp= 146.65  SL= 227.3  target= 75.30000000000001
In Trade ( CREDIT ). No Exit. ltp= 142.45  SL= 227.3  target= 75.30000000000001
In Trade ( CREDIT ). No Exit. ltp= 142.55  SL= 227.3  target= 75.30000000000001
In Trade ( CREDIT ). No Exit. ltp= 140.25  SL= 227.3  target= 75.30000000000001
In Trade ( CREDIT ). No Exit. ltp= 142.65  SL= 227.3  target= 75.30000000000001
In Trade ( CREDIT ). No Exit. ltp= 151.35  SL= 227.3  target= 75.30000000000001
In Trade ( CREDIT ). No Exit. ltp= 147.15  SL= 227.3  target= 75.30000000000001
In Trade ( CREDIT ). No Exit. ltp= 142.05  SL= 227.3  target= 75.30000000000001
In Trade ( CREDIT ). No Exit. ltp= 138.85  SL= 227.3  target= 75.30000000000001
In Trade ( CREDIT ). No Exit. ltp= 137.5  SL= 227.3  target= 75.30000000000001
In Trade ( CREDIT ). No Exit. ltp= 139.45  SL= 227.3  target= 75.30000000000001
In Trade ( CREDIT ). No Exit. ltp= 133.8  SL= 227.3  target= 75.30000000000001
In Trade ( CREDIT ). No Exit. ltp= 130.45  SL= 227.3  target= 75.30000000000001
In Trade ( CREDIT ). No Exit. ltp= 135.0  SL= 227.3  target= 75.30000000000001
In Trade ( CREDIT ). No Exit. ltp= 143.9  SL= 227.3  target= 75.30000000000001
In Trade ( CREDIT ). No Exit. ltp= 146.2  SL= 227.3  target= 75.30000000000001
In Trade ( CREDIT ). No Exit. ltp= 140.75  SL= 227.3  target= 75.30000000000001
In Trade ( CREDIT ). No Exit. ltp= 140.55  SL= 227.3  target= 75.30000000000001
In Trade ( CREDIT ). No Exit. ltp= 134.4  SL= 227.3  target= 75.30000000000001
In Trade ( CREDIT ). No Exit. ltp= 132.8  SL= 227.3  target= 75.30000000000001
In Trade ( CREDIT ). No Exit. ltp= 138.55  SL= 227.3  target= 75.30000000000001
In Trade ( CREDIT ). No Exit. ltp= 142.3  SL= 227.3  target= 75.30000000000001
In Trade ( CREDIT ). No Exit. ltp= 141.2  SL= 227.3  target= 75.30000000000001
In Trade ( CREDIT ). No Exit. ltp= 135.9  SL= 227.3  target= 75.30000000000001
In Trade ( CREDIT ). No Exit. ltp= 134.85  SL= 227.3  target= 75.30000000000001
In Trade ( CREDIT ). No Exit. ltp= 129.75  SL= 227.3  target= 75.30000000000001
In Trade ( CREDIT ). No Exit. ltp= 133.5  SL= 227.3  target= 75.30000000000001
In Trade ( CREDIT ). No Exit. ltp= 132.7  SL= 227.3  target= 75.30000000000001
In Trade ( CREDIT ). No Exit. ltp= 131.8  SL= 227.3  target= 75.30000000000001
In Trade ( CREDIT ). No Exit. ltp= 129.5  SL= 227.3  target= 75.30000000000001
In Trade ( CREDIT ). No Exit. ltp= 130.05  SL= 227.3  target= 75.30000000000001
In Trade ( CREDIT ). No Exit. ltp= 135.15  SL= 227.3  target= 75.30000000000001
In Trade ( CREDIT ). No Exit. ltp= 137.5  SL= 227.3  target= 75.30000000000001
In Trade ( CREDIT ). No Exit. ltp= 138.05  SL= 227.3  target= 75.30000000000001
In Trade ( CREDIT ). No Exit. ltp= 134.0  SL= 227.3  target= 75.30000000000001
In Trade ( CREDIT ). No Exit. ltp= 138.5  SL= 227.3  target= 75.30000000000001
In Trade ( CREDIT ). No Exit. ltp= 130.6  SL= 227.3  target= 75.30000000000001
In Trade ( CREDIT ). No Exit. ltp= 125.1  SL= 227.3  target= 75.30000000000001
In Trade ( CREDIT ). No Exit. ltp= 122.05  SL= 227.3  target= 75.30000000000001
In Trade ( CREDIT ). No Exit. ltp= 128.35  SL= 227.3  target= 75.30000000000001
In Trade ( CREDIT ). No Exit. ltp= 131.8  SL= 227.3  target= 75.30000000000001
In Trade ( CREDIT ). No Exit. ltp= 136.55  SL= 227.3  target= 75.30000000000001
In Trade ( CREDIT ). No Exit. ltp= 134.0  SL= 227.3  target= 75.30000000000001
In Trade ( CREDIT ). No Exit. ltp= 135.05  SL= 227.3  target= 75.30000000000001
In Trade ( CREDIT ). No Exit. ltp= 128.45  SL= 227.3  target= 75.30000000000001
In Trade ( CREDIT ). No Exit. ltp= 127.3  SL= 227.3  target= 75.30000000000001
In Trade ( CREDIT ). No Exit. ltp= 124.65  SL= 227.3  target= 75.30000000000001
In Trade ( CREDIT ). No Exit. ltp= 128.8  SL= 227.3  target= 75.30000000000001
In Trade ( CREDIT ). No Exit. ltp= 128.2  SL= 227.3  target= 75.30000000000001
In Trade ( CREDIT ). No Exit. ltp= 126.05  SL= 227.3  target= 75.30000000000001
In Trade ( CREDIT ). No Exit. ltp= 124.4  SL= 227.3  target= 75.30000000000001
In Trade ( CREDIT ). No Exit. ltp= 121.3  SL= 227.3  target= 75.30000000000001
In Trade ( CREDIT ). No Exit. ltp= 117.45  SL= 227.3  target= 75.30000000000001
TRAILING SL activated! SL moved to breakeven = 172.3
In Trade ( CREDIT ). No Exit. ltp= 120.0  SL= 172.3  target= 75.30000000000001
In Trade ( CREDIT ). No Exit. ltp= 118.0  SL= 172.3  target= 75.30000000000001
In Trade ( CREDIT ). No Exit. ltp= 114.3  SL= 172.3  target= 75.30000000000001
In Trade ( CREDIT ). No Exit. ltp= 113.1  SL= 172.3  target= 75.30000000000001
In Trade ( CREDIT ). No Exit. ltp= 115.1  SL= 172.3  target= 75.30000000000001
In Trade ( CREDIT ). No Exit. ltp= 108.25  SL= 172.3  target= 75.30000000000001
In Trade ( CREDIT ). No Exit. ltp= 108.85  SL= 172.3  target= 75.30000000000001
In Trade ( CREDIT ). No Exit. ltp= 110.1  SL= 172.3  target= 75.30000000000001
In Trade ( CREDIT ). No Exit. ltp= 110.75  SL= 172.3  target= 75.30000000000001
In Trade ( CREDIT ). No Exit. ltp= 105.15  SL= 172.3  target= 75.30000000000001
In Trade ( CREDIT ). No Exit. ltp= 105.65  SL= 172.3  target= 75.30000000000001
In Trade ( CREDIT ). No Exit. ltp= 111.6  SL= 172.3  target= 75.30000000000001
In Trade ( CREDIT ). No Exit. ltp= 113.4  SL= 172.3  target= 75.30000000000001
In Trade ( CREDIT ). No Exit. ltp= 109.85  SL= 172.3  target= 75.30000000000001
In Trade ( CREDIT ). No Exit. ltp= 111.45  SL= 172.3  target= 75.30000000000001
In Trade ( CREDIT ). No Exit. ltp= 109.05  SL= 172.3  target= 75.30000000000001
In Trade ( CREDIT ). No Exit. ltp= 113.9  SL= 172.3  target= 75.30000000000001
In Trade ( CREDIT ). No Exit. ltp= 111.35  SL= 172.3  target= 75.30000000000001
In Trade ( CREDIT ). No Exit. ltp= 110.4  SL= 172.3  target= 75.30000000000001
In Trade ( CREDIT ). No Exit. ltp= 111.95  SL= 172.3  target= 75.30000000000001
In Trade ( CREDIT ). No Exit. ltp= 110.4  SL= 172.3  target= 75.30000000000001
In Trade ( CREDIT ). No Exit. ltp= 113.25  SL= 172.3  target= 75.30000000000001
In Trade ( CREDIT ). No Exit. ltp= 118.75  SL= 172.3  target= 75.30000000000001
In Trade ( CREDIT ). No Exit. ltp= 117.8  SL= 172.3  target= 75.30000000000001
In Trade ( CREDIT ). No Exit. ltp= 111.0  SL= 172.3  target= 75.30000000000001
In Trade ( CREDIT ). No Exit. ltp= 108.15  SL= 172.3  target= 75.30000000000001
In Trade ( CREDIT ). No Exit. ltp= 105.0  SL= 172.3  target= 75.30000000000001
In Trade ( CREDIT ). No Exit. ltp= 104.95  SL= 172.3  target= 75.30000000000001
In Trade ( CREDIT ). No Exit. ltp= 108.8  SL= 172.3  target= 75.30000000000001
In Trade ( CREDIT ). No Exit. ltp= 105.35  SL= 172.3  target= 75.30000000000001
In Trade ( CREDIT ). No Exit. ltp= 105.15  SL= 172.3  target= 75.30000000000001
In Trade ( CREDIT ). No Exit. ltp= 107.0  SL= 172.3  target= 75.30000000000001
In Trade ( CREDIT ). No Exit. ltp= 106.8  SL= 172.3  target= 75.30000000000001
In Trade ( CREDIT ). No Exit. ltp= 108.15  SL= 172.3  target= 75.30000000000001
In Trade ( CREDIT ). No Exit. ltp= 108.4  SL= 172.3  target= 75.30000000000001
In Trade ( CREDIT ). No Exit. ltp= 107.6  SL= 172.3  target= 75.30000000000001
In Trade ( CREDIT ). No Exit. ltp= 108.6  SL= 172.3  target= 75.30000000000001
In Trade ( CREDIT ). No Exit. ltp= 108.3  SL= 172.3  target= 75.30000000000001
In Trade ( CREDIT ). No Exit. ltp= 106.3  SL= 172.3  target= 75.30000000000001
In Trade ( CREDIT ). No Exit. ltp= 104.65  SL= 172.3  target= 75.30000000000001
In Trade ( CREDIT ). No Exit. ltp= 108.4  SL= 172.3  target= 75.30000000000001
In Trade ( CREDIT ). No Exit. ltp= 109.7  SL= 172.3  target= 75.30000000000001
In Trade ( CREDIT ). No Exit. ltp= 108.45  SL= 172.3  target= 75.30000000000001
In Trade ( CREDIT ). No Exit. ltp= 114.25  SL= 172.3  target= 75.30000000000001
In Trade ( CREDIT ). No Exit. ltp= 110.2  SL= 172.3  target= 75.30000000000001
In Trade ( CREDIT ). No Exit. ltp= 111.45  SL= 172.3  target= 75.30000000000001
In Trade ( CREDIT ). No Exit. ltp= 111.55  SL= 172.3  target= 75.30000000000001
In Trade ( CREDIT ). No Exit. ltp= 115.1  SL= 172.3  target= 75.30000000000001
In Trade ( CREDIT ). No Exit. ltp= 113.45  SL= 172.3  target= 75.30000000000001
In Trade ( CREDIT ). No Exit. ltp= 109.7  SL= 172.3  target= 75.30000000000001
In Trade ( CREDIT ). No Exit. ltp= 115.75  SL= 172.3  target= 75.30000000000001
In Trade ( CREDIT ). No Exit. ltp= 117.1  SL= 172.3  target= 75.30000000000001
In Trade ( CREDIT ). No Exit. ltp= 114.7  SL= 172.3  target= 75.30000000000001
In Trade ( CREDIT ). No Exit. ltp= 118.4  SL= 172.3  target= 75.30000000000001
In Trade ( CREDIT ). No Exit. ltp= 128.0  SL= 172.3  target= 75.30000000000001
In Trade ( CREDIT ). No Exit. ltp= 129.8  SL= 172.3  target= 75.30000000000001
In Trade ( CREDIT ). No Exit. ltp= 127.7  SL= 172.3  target= 75.30000000000001
In Trade ( CREDIT ). No Exit. ltp= 135.2  SL= 172.3  target= 75.30000000000001
In Trade ( CREDIT ). No Exit. ltp= 139.4  SL= 172.3  target= 75.30000000000001
In Trade ( CREDIT ). No Exit. ltp= 136.35  SL= 172.3  target= 75.30000000000001
In Trade ( CREDIT ). No Exit. ltp= 138.3  SL= 172.3  target= 75.30000000000001
In Trade ( CREDIT ). No Exit. ltp= 136.5  SL= 172.3  target= 75.30000000000001
In Trade ( CREDIT ). No Exit. ltp= 140.7  SL= 172.3  target= 75.30000000000001
In Trade ( CREDIT ). No Exit. ltp= 140.7  SL= 172.3  target= 75.30000000000001
In Trade ( CREDIT ). No Exit. ltp= 136.2  SL= 172.3  target= 75.30000000000001
In Trade ( CREDIT ). No Exit. ltp= 132.25  SL= 172.3  target= 75.30000000000001
In Trade ( CREDIT ). No Exit. ltp= 125.1  SL= 172.3  target= 75.30000000000001
In Trade ( CREDIT ). No Exit. ltp= 130.4  SL= 172.3  target= 75.30000000000001
In Trade ( CREDIT ). No Exit. ltp= 130.1  SL= 172.3  target= 75.30000000000001
In Trade ( CREDIT ). No Exit. ltp= 132.9  SL= 172.3  target= 75.30000000000001
In Trade ( CREDIT ). No Exit. ltp= 128.0  SL= 172.3  target= 75.30000000000001
In Trade ( CREDIT ). No Exit. ltp= 133.05  SL= 172.3  target= 75.30000000000001
In Trade ( CREDIT ). No Exit. ltp= 132.75  SL= 172.3  target= 75.30000000000001
In Trade ( CREDIT ). No Exit. ltp= 139.15  SL= 172.3  target= 75.30000000000001
In Trade ( CREDIT ). No Exit. ltp= 139.0  SL= 172.3  target= 75.30000000000001
In Trade ( CREDIT ). No Exit. ltp= 139.4  SL= 172.3  target= 75.30000000000001
In Trade ( CREDIT ). No Exit. ltp= 134.75  SL= 172.3  target= 75.30000000000001
In Trade ( CREDIT ). No Exit. ltp= 136.8  SL= 172.3  target= 75.30000000000001
In Trade ( CREDIT ). No Exit. ltp= 139.0  SL= 172.3  target= 75.30000000000001
In Trade ( CREDIT ). No Exit. ltp= 138.05  SL= 172.3  target= 75.30000000000001
In Trade ( CREDIT ). No Exit. ltp= 138.1  SL= 172.3  target= 75.30000000000001
In Trade ( CREDIT ). No Exit. ltp= 134.2  SL= 172.3  target= 75.30000000000001
In Trade ( CREDIT ). No Exit. ltp= 137.55  SL= 172.3  target= 75.30000000000001
In Trade ( CREDIT ). No Exit. ltp= 139.95  SL= 172.3  target= 75.30000000000001
In Trade ( CREDIT ). No Exit. ltp= 135.3  SL= 172.3  target= 75.30000000000001
In Trade ( CREDIT ). No Exit. ltp= 136.9  SL= 172.3  target= 75.30000000000001
In Trade ( CREDIT ). No Exit. ltp= 137.0  SL= 172.3  target= 75.30000000000001
In Trade ( CREDIT ). No Exit. ltp= 144.85  SL= 172.3  target= 75.30000000000001
In Trade ( CREDIT ). No Exit. ltp= 151.05  SL= 172.3  target= 75.30000000000001
In Trade ( CREDIT ). No Exit. ltp= 156.45  SL= 172.3  target= 75.30000000000001
In Trade ( CREDIT ). No Exit. ltp= 156.0  SL= 172.3  target= 75.30000000000001
In Trade ( CREDIT ). No Exit. ltp= 151.65  SL= 172.3  target= 75.30000000000001
In Trade ( CREDIT ). No Exit. ltp= 149.5  SL= 172.3  target= 75.30000000000001
In Trade ( CREDIT ). No Exit. ltp= 155.95  SL= 172.3  target= 75.30000000000001
In Trade ( CREDIT ). No Exit. ltp= 154.5  SL= 172.3  target= 75.30000000000001
In Trade ( CREDIT ). No Exit. ltp= 152.4  SL= 172.3  target= 75.30000000000001
In Trade ( CREDIT ). No Exit. ltp= 151.8  SL= 172.3  target= 75.30000000000001
In Trade ( CREDIT ). No Exit. ltp= 152.7  SL= 172.3  target= 75.30000000000001
In Trade ( CREDIT ). No Exit. ltp= 146.15  SL= 172.3  target= 75.30000000000001
In Trade ( CREDIT ). No Exit. ltp= 146.15  SL= 172.3  target= 75.30000000000001
In Trade ( CREDIT ). No Exit. ltp= 135.65  SL= 172.3  target= 75.30000000000001
In Trade ( CREDIT ). No Exit. ltp= 146.8  SL= 172.3  target= 75.30000000000001
In Trade ( CREDIT ). No Exit. ltp= 146.3  SL= 172.3  target= 75.30000000000001
In Trade ( CREDIT ). No Exit. ltp= 147.1  SL= 172.3  target= 75.30000000000001
In Trade ( CREDIT ). No Exit. ltp= 146.65  SL= 172.3  target= 75.30000000000001
In Trade ( CREDIT ). No Exit. ltp= 137.4  SL= 172.3  target= 75.30000000000001
In Trade ( CREDIT ). No Exit. ltp= 133.65  SL= 172.3  target= 75.30000000000001
In Trade ( CREDIT ). No Exit. ltp= 134.9  SL= 172.3  target= 75.30000000000001
In Trade ( CREDIT ). No Exit. ltp= 134.6  SL= 172.3  target= 75.30000000000001
In Trade ( CREDIT ). No Exit. ltp= 138.0  SL= 172.3  target= 75.30000000000001
In Trade ( CREDIT ). No Exit. ltp= 143.0  SL= 172.3  target= 75.30000000000001
In Trade ( CREDIT ). No Exit. ltp= 146.15  SL= 172.3  target= 75.30000000000001
In Trade ( CREDIT ). No Exit. ltp= 149.15  SL= 172.3  target= 75.30000000000001
In Trade ( CREDIT ). No Exit. ltp= 141.45  SL= 172.3  target= 75.30000000000001
In Trade ( CREDIT ). No Exit. ltp= 127.8  SL= 172.3  target= 75.30000000000001
In Trade ( CREDIT ). No Exit. ltp= 137.55  SL= 172.3  target= 75.30000000000001
In Trade ( CREDIT ). No Exit. ltp= 138.7  SL= 172.3  target= 75.30000000000001
In Trade ( CREDIT ). No Exit. ltp= 136.7  SL= 172.3  target= 75.30000000000001
In Trade ( CREDIT ). No Exit. ltp= 137.85  SL= 172.3  target= 75.30000000000001
In Trade ( CREDIT ). No Exit. ltp= 131.5  SL= 172.3  target= 75.30000000000001
In Trade ( CREDIT ). No Exit. ltp= 124.95  SL= 172.3  target= 75.30000000000001
In Trade ( CREDIT ). No Exit. ltp= 110.95  SL= 172.3  target= 75.30000000000001
EOD Exit
REALIZED_OFFSET: main 172.3->102.2 (moved 70.1) hedge 26.5->17.4 (moved 9.1) assumed_ratio=0.24444444444444444 realized_ratio=0.13
15 : 24 : 0  =>  BUY   SENSEX26AUG77900CE   120   MARKET
15 : 24 : 0  =>  SENSEX26AUG77900CE {'code': 1101, 'message': 'Successfully placed order', 's': 'ok', 'id_fyers': '20076242-4e8b-4874-931c-0a77de9071d5', 'id': '26082600296235'}
Exit main (BUY sold leg) OID:  {'code': 1101, 'message': 'Successfully placed order', 's': 'ok', 'id_fyers': '20076242-4e8b-4874-931c-0a77de9071d5', 'id': '26082600296235'}
15 : 24 : 1  =>  SELL   SENSEX26AUG78500CE   120   MARKET
15 : 24 : 1  =>  SENSEX26AUG78500CE {'code': 1101, 'message': 'Successfully placed order', 's': 'ok', 'id_fyers': 'e4a80ee1-8c5a-4c60-8474-67ace920f624', 'id': '26082600296245'}
Exit hedge (SELL bought leg) OID:  {'code': 1101, 'message': 'Successfully placed order', 's': 'ok', 'id_fyers': 'e4a80ee1-8c5a-4c60-8474-67ace920f624', 'id': '26082600296245'}
End Of the Day
============================================================
DAILY_SUMMARY: Date= 2026-08-26  SpreadType= CREDIT  DTE= 1  IVRank= 0.0  PremRatio= 0.36  SLCount= 0  TargetCount= 0
============================================================
