checkInstrument =  BSE:SENSEX-INDEX
sensexExpDate =  26820
BNFut (Sensex futures auto) = BSE:SENSEX26AUGFUT
 -- not entered waiting for time--- 9 : 14
 -- not entered waiting for time--- 9 : 14
 -- not entered waiting for time--- 9 : 14
 -- not entered waiting for time--- 9 : 14
 -- not entered waiting for time--- 9 : 14
 -- not entered waiting for time--- 9 : 14
 -- not entered waiting for time--- 9 : 14
 -- not entered waiting for time--- 9 : 14
 -- not entered waiting for time--- 9 : 14
 -- not entered waiting for time--- 9 : 14
 -- not entered waiting for time--- 9 : 14
 -- not entered waiting for time--- 9 : 14
 -- not entered waiting for time--- 9 : 14
 -- not entered waiting for time--- 9 : 14
 -- not entered waiting for time--- 9 : 14
 -- not entered waiting for time--- 9 : 14
 -- not entered waiting for time--- 9 : 14
 -- not entered waiting for time--- 9 : 14
 -- not entered waiting for time--- 9 : 14
 -- not entered waiting for time--- 9 : 14
 -- not entered waiting for time--- 9 : 14
 -- not entered waiting for time--- 9 : 14
 -- not entered waiting for time--- 9 : 14
 -- not entered waiting for time--- 9 : 14
 -- not entered waiting for time--- 9 : 14
 -- not entered waiting for time--- 9 : 14
 -- not entered waiting for time--- 9 : 14
 -- not entered waiting for time--- 9 : 14
 -- not entered waiting for time--- 9 : 14
 -- not entered waiting for time--- 9 : 14
 -- not entered waiting for time--- 9 : 14
 -- not entered waiting for time--- 9 : 14
 -- not entered waiting for time--- 9 : 14
 -- not entered waiting for time--- 9 : 14
 -- not entered waiting for time--- 9 : 14
 -- not entered waiting for time--- 9 : 14
 -- not entered waiting for time--- 9 : 14
 -- not entered waiting for time--- 9 : 15
 -- not entered waiting for time--- 9 : 15
 -- not entered waiting for time--- 9 : 15
 -- not entered waiting for time--- 9 : 15
 -- not entered waiting for time--- 9 : 15
 -- not entered waiting for time--- 9 : 15
 -- not entered waiting for time--- 9 : 15
 -- not entered waiting for time--- 9 : 15
 -- not entered waiting for time--- 9 : 15
 -- not entered waiting for time--- 9 : 15
 -- not entered waiting for time--- 9 : 15
 -- not entered waiting for time--- 9 : 15
 -- not entered waiting for time--- 9 : 15
 -- not entered waiting for time--- 9 : 15
 -- not entered waiting for time--- 9 : 15
 -- not entered waiting for time--- 9 : 15
 -- not entered waiting for time--- 9 : 15
 -- not entered waiting for time--- 9 : 15
 -- not entered waiting for time--- 9 : 15
 -- not entered waiting for time--- 9 : 15
 -- not entered waiting for time--- 9 : 15
 -- not entered waiting for time--- 9 : 15
 -- not entered waiting for time--- 9 : 15
 -- not entered waiting for time--- 9 : 15
 -- not entered waiting for time--- 9 : 15
 -- not entered waiting for time--- 9 : 15
 -- not entered waiting for time--- 9 : 15
 -- not entered waiting for time--- 9 : 15
 -- not entered waiting for time--- 9 : 15
 -- not entered waiting for time--- 9 : 15
 -- not entered waiting for time--- 9 : 15
 -- not entered waiting for time--- 9 : 15
 -- not entered waiting for time--- 9 : 15
 -- not entered waiting for time--- 9 : 15
 -- not entered waiting for time--- 9 : 15
 -- not entered waiting for time--- 9 : 15
 -- not entered waiting for time--- 9 : 15
 -- not entered waiting for time--- 9 : 15
 -- not entered waiting for time--- 9 : 15
 -- not entered waiting for time--- 9 : 15
 -- not entered waiting for time--- 9 : 15
 -- not entered waiting for time--- 9 : 15
 -- not entered waiting for time--- 9 : 15
 -- not entered waiting for time--- 9 : 15
 -- not entered waiting for time--- 9 : 15
 -- not entered waiting for time--- 9 : 15
 -- not entered waiting for time--- 9 : 15
 -- not entered waiting for time--- 9 : 15
 -- not entered waiting for time--- 9 : 15
 -- not entered waiting for time--- 9 : 15
 -- not entered waiting for time--- 9 : 15
 -- not entered waiting for time--- 9 : 15
 -- not entered waiting for time--- 9 : 15
 -- not entered waiting for time--- 9 : 15
 -- not entered waiting for time--- 9 : 15
 -- not entered waiting for time--- 9 : 15
 -- not entered waiting for time--- 9 : 15
 -- not entered waiting for time--- 9 : 15
 -- not entered waiting for time--- 9 : 15
 -- not entered waiting for time--- 9 : 15
 -- not entered waiting for time--- 9 : 16
 -- not entered waiting for time--- 9 : 16
 -- not entered waiting for time--- 9 : 16
 -- not entered waiting for time--- 9 : 16
 -- not entered waiting for time--- 9 : 16
 -- not entered waiting for time--- 9 : 16
 -- not entered waiting for time--- 9 : 16
 -- not entered waiting for time--- 9 : 16
 -- not entered waiting for time--- 9 : 16
 -- not entered waiting for time--- 9 : 16
 -- not entered waiting for time--- 9 : 16
 -- not entered waiting for time--- 9 : 16
 -- not entered waiting for time--- 9 : 16
 -- not entered waiting for time--- 9 : 16
 -- not entered waiting for time--- 9 : 16
 -- not entered waiting for time--- 9 : 16
 -- not entered waiting for time--- 9 : 16
 -- not entered waiting for time--- 9 : 16
 -- not entered waiting for time--- 9 : 16
 -- not entered waiting for time--- 9 : 16
 -- not entered waiting for time--- 9 : 16
 -- not entered waiting for time--- 9 : 16
 -- not entered waiting for time--- 9 : 16
 -- not entered waiting for time--- 9 : 16
 -- not entered waiting for time--- 9 : 16
 -- not entered waiting for time--- 9 : 16
 -- not entered waiting for time--- 9 : 16
 -- not entered waiting for time--- 9 : 16
 -- not entered waiting for time--- 9 : 16
 -- not entered waiting for time--- 9 : 16
 -- not entered waiting for time--- 9 : 16
 -- not entered waiting for time--- 9 : 16
 -- not entered waiting for time--- 9 : 16
 -- not entered waiting for time--- 9 : 16
 -- not entered waiting for time--- 9 : 16
 -- not entered waiting for time--- 9 : 16
 -- not entered waiting for time--- 9 : 16
 -- not entered waiting for time--- 9 : 16
 -- not entered waiting for time--- 9 : 16
 -- not entered waiting for time--- 9 : 16
 -- not entered waiting for time--- 9 : 16
 -- not entered waiting for time--- 9 : 16
 -- not entered waiting for time--- 9 : 16
 -- not entered waiting for time--- 9 : 16
 -- not entered waiting for time--- 9 : 16
 -- not entered waiting for time--- 9 : 16
 -- not entered waiting for time--- 9 : 16
 -- not entered waiting for time--- 9 : 16
 -- not entered waiting for time--- 9 : 16
 -- not entered waiting for time--- 9 : 16
 -- not entered waiting for time--- 9 : 16
 -- not entered waiting for time--- 9 : 16
 -- not entered waiting for time--- 9 : 16
 -- not entered waiting for time--- 9 : 16
 -- not entered waiting for time--- 9 : 16
 -- not entered waiting for time--- 9 : 16
 -- not entered waiting for time--- 9 : 16
 -- not entered waiting for time--- 9 : 16
 -- not entered waiting for time--- 9 : 16
 -- not entered waiting for time--- 9 : 16
Waiting for first candle to form. Current Second ==  0    2
Waiting for first candle to form. Current Second ==  1    2
Waiting for first candle to form. Current Second ==  2    2
Waiting for first candle to form. Current Second ==  3    2
Waiting for first candle to form. Current Second ==  4    2
Waiting for first candle to form. Current Second ==  5    2
Waiting for first candle to form. Current Second ==  6    2
Waiting for first candle to form. Current Second ==  7    2
Waiting for first candle to form. Current Second ==  8    2
Waiting for first candle to form. Current Second ==  9    2
Waiting for first candle to form. Current Second ==  10    2
Waiting for first candle to form. Current Second ==  11    2
Waiting for first candle to form. Current Second ==  12    2
Waiting for first candle to form. Current Second ==  13    2
Waiting for first candle to form. Current Second ==  14    2
Waiting for first candle to form. Current Second ==  15    2
Waiting for first candle to form. Current Second ==  16    2
Waiting for first candle to form. Current Second ==  17    2
Waiting for first candle to form. Current Second ==  18    2
Waiting for first candle to form. Current Second ==  19    2
Waiting for first candle to form. Current Second ==  20    2
Waiting for first candle to form. Current Second ==  21    2
Waiting for first candle to form. Current Second ==  22    2
Waiting for first candle to form. Current Second ==  23    2
Waiting for first candle to form. Current Second ==  24    2
Waiting for first candle to form. Current Second ==  25    2
Waiting for first candle to form. Current Second ==  26    2
Waiting for first candle to form. Current Second ==  27    2
Waiting for first candle to form. Current Second ==  28    2
Waiting for first candle to form. Current Second ==  29    2
Waiting for first candle to form. Current Second ==  30    2
Waiting for first candle to form. Current Second ==  31    2
Waiting for first candle to form. Current Second ==  32    2
Waiting for first candle to form. Current Second ==  33    2
Waiting for first candle to form. Current Second ==  34    2
Waiting for first candle to form. Current Second ==  35    2
Waiting for first candle to form. Current Second ==  36    2
Waiting for first candle to form. Current Second ==  37    2
Waiting for first candle to form. Current Second ==  38    2
Waiting for first candle to form. Current Second ==  39    2
Waiting for first candle to form. Current Second ==  40    2
Waiting for first candle to form. Current Second ==  41    2
Waiting for first candle to form. Current Second ==  42    2
Waiting for first candle to form. Current Second ==  43    2
Waiting for first candle to form. Current Second ==  44    2
Waiting for first candle to form. Current Second ==  45    2
Waiting for first candle to form. Current Second ==  46    2
Waiting for first candle to form. Current Second ==  47    2
Waiting for first candle to form. Current Second ==  48    2
Waiting for first candle to form. Current Second ==  49    2
Waiting for first candle to form. Current Second ==  50    2
Waiting for first candle to form. Current Second ==  51    2
Waiting for first candle to form. Current Second ==  52    2
Waiting for first candle to form. Current Second ==  53    2
Waiting for first candle to form. Current Second ==  54    2
Waiting for first candle to form. Current Second ==  55    2
Waiting for first candle to form. Current Second ==  56    2
Waiting for first candle to form. Current Second ==  57    2
Waiting for first candle to form. Current Second ==  58    2
Waiting for first candle to form. Current Second ==  59    2
India VIX = 11.43  Spot Price = 77779.04
VIX_PERCENTILES_FETCHED: P25= 11.86  P50= 12.16  P75= 12.9  Min= 11.38  Max= 13.9
IV Regime = LOW (ADAPTIVE: P25= 11.86  P50= 12.16  P75= 12.9 ) | DailyRange = 1270.0 | 3minCandleRange = 66.8 (theoretical= 111.4 ) | ATMoptionMove = 30.1 | SL = 105 | Target = 105 | TrailTrigger = 30 | Spread = 300 | Buffer = 27
IV Params refreshed: {'vix': 11.43, 'bn_price': 77779.04, 'regime': 'LOW', 'regime_thresholds': 'P25=11.86 P50=12.16 P75=12.9', 'daily_range': 1270.0, 'candle_range': 66.8, 'atm_option_move': 30.1, 'sl_point': 105, 'target_point': 105, 'sl_pct_of_premium': 0.1, 'trail_trigger': 30, 'spread_width': 300, 'support_resistance_buffer': 27}
IV_RANK_DATA: VIX_30d_High= 13.9  VIX_30d_Low= 11.38  Current= 11.43  IV_Rank= 0.02
BSE:SENSEX-INDEX  strikecount= 8   fyers <fyers_apiv3.fyersModel.FyersModel object at 0x75fb8594b890>
===
====after 3 min ochain==== 2026-08-14 09:18:00.917967
                                    oipcr   choipcr   totalOI
pcr1 =  BSE:SENSEX2682078600CE   0.54   0.17 CALL added 12820   PUT added 2140  OI= 67160
pcr2 =  BSE:SENSEX2682078500CE   0.52   0.05 CALL added 37560   PUT added 1740  OI= 282900
pcr3 =  BSE:SENSEX2682078400CE   0.28   0.23 CALL added 12180   PUT added 2860  OI= 83060
pcr4 =  BSE:SENSEX2682078300PE   0.39   -0.49 CALL unwind -6920   PUT added 3380  OI= 30660
pcr5 =  BSE:SENSEX2682078200CE   0.54   0.05 CALL added 15960   PUT added 860  OI= 147840
pcr6 =  BSE:SENSEX2682078100CE   0.76    1.72 CALL added 18400   PUT added 31600  OI= 122940
pcr7 =  BSE:SENSEX2682078000PE   0.93   0.76 CALL added 76040   PUT added 58020  OI= 574220
pcr8 =  BSE:SENSEX2682077900PE   1.0   0.97 CALL added 61520   PUT added 59760  OI= 167040
pcr9 =  BSE:SENSEX2682077800PE   1.32   1.6 CALL added 42100   PUT added 67400  OI= 315960
pcr10 =  BSE:SENSEX2682077700CE   2.22   2.16 CALL added 27260   PUT added 58880  OI= 57880
pcr11 =  BSE:SENSEX2682077600PE   3.55   2.45 CALL added 10380   PUT added 25440  OI= 87080
pcr12 =  BSE:SENSEX2682077500PE   2.53   4.58 CALL added 8340   PUT added 38220  OI= 254740
pcr13 =  BSE:SENSEX2682077400PE   15.37   18.52 CALL added 1960   PUT added 36300  OI= 76220
pcr14 =  BSE:SENSEX2682077300CE   13.65   6.86 CALL added 1960   PUT added 13440  OI= 4080
pcr15 =  BSE:SENSEX2682077200PE   25.07   14.26 CALL added 620   PUT added 8840  OI= 55160
pcr16 =  BSE:SENSEX2682077100CE   51.36   52.58 CALL added 240   PUT added 12620  OI= 780
pcr17 =  BSE:SENSEX2682077000CE   8.88   20.0 CALL added 780   PUT added 15600  OI= 26080
pcrSummation= 7.960000000000001  result =  ['BSE:SENSEX2682078500CE', 'BSE:SENSEX2682078400CE', 'BSE:SENSEX2682078300PE', 'BSE:SENSEX2682078200CE', 'BSE:SENSEX2682078100CE', 'BSE:SENSEX2682078000PE', 'BSE:SENSEX2682077900PE', 'BSE:SENSEX2682077800PE', 'BSE:SENSEX2682077700CE']
PCRSUM== 128.91
pcrSummation== 7.96
VOLPCRSUM== 7.34
spotLTP =  77779.04  ATM_STRIKE =  77800
IS_ATM_STRIKE_SHIFT = False  mapStrike = {77800: 77800}
avgOiPcrList2 = [np.float64(7.58)] atmStrikeNotShiftedCount= 1
False   1   1
SUPP_RES=== 78000  Buffer= 27
CEoich val =  76040.0  PEoich val =  58020.0 , CE > PE by 23.7%
SUPP_RES TOTAL OI: CE= 616820  PE= 574220 , CE > PE by 6.9%
IS_MORNING_WINDOW= True  (active 9:15-9:48 IST)
================================================
==== signal check time ==== 2026-08-14 09:18:01.977742
IS_CHOI_DIFF_GT_25PERC== False
RSI_VAL1== 32.12
RSI_VAL2== 32.12
FUT_3m_OHLC O= 78278.0  H= 78278.0  L= 78093.7  C= 78111.5  Range= 184.3
CHART_PATTERN_DETECTED: EVENING_STAR | STRONG_MOMENTUM_BEAR
  PATTERN_CONTEXT: Body= -166.5  Range= 184.3  ExpectedRange= 66.8  RangeRatio= 2.76  O= 78278.0  H= 78278.0  L= 78093.7  C= 78111.5
newSynthFut =  78100
ATMStrike =  77800
AVG_OIPCR= 0.88
avgoiPCROld=  7.58
SUPP_RES = 78000
FUT LTP = 78111.5
CEchoi  PechOi = 76040.0    58020.0
====================================
totalOIPCR = 0.89
AVG_VOLPCR= 0.82
atmPCR= 0.54  belowATM  0.76
atmVolPCR= 0.48  belowATM  0.97
False   78111.5   78000   False   False   32.12
curr Doji False
BSE:SENSEX2682078200PE  curr candle vol pcr = 0.48  PE= 95660  CE= 198360      cpr =  2.07
BSE:SENSEX2682078300PE  prev candle vol pcr = 0.33  PE= 3800  CE= 11660      cpr =  3.07
VOL_PRESSURE_ALERT: STRONG_CALL_PRESSURE | currCPR= 2.07  prevCPR= 3.07  Direction=BEARISH_SIGNAL (heavy CE buying = expecting down move)
ATM_CE_premium= 308.4  ATM_PE_premium= 578.65
CE_PremChg= -121.05  PE_PremChg= 133.4
CandleBody= -166.5  PrevBody= -1.6  CandleRange= 184.3  Bearish
TotalVol= 294020  PrevTotalVol= 15460  VolSpike= 19.02 x  SPIKE!
SCALP_SCORE: BEAR | BullScore= 1  BearScore= 6 | Confidence= HIGH
  SCALP_BEAR_REASONS: VolCPR_2candle_bear + StrongBearCandle(90%) + 2ConsecBearCandles + VolSpike(19.02x)_bear + BreakoutCandle(2.8x)
  *** SCALP_HIGH_CONVICTION: BEAR OPPORTUNITY ***
DATAPOINT|09:18|FUT=78111.5|Body=-166.5|PrevBody=-1.6|Range=184.3|RangeRatio=2.76|CurrVolPCR=0.48|PrevVolPCR=0.33|CurrCPR=2.07|PrevCPR=3.07|VolSpike=19.02|CE_PremChg=-121.05|PE_PremChg=133.4|BullScore=1|BearScore=6|Dir=BEAR|Conf=HIGH
CHART_PATTERN_DETECTED: EVENING_STAR | STRONG_MOMENTUM_BEAR
  PATTERN_CONTEXT: Body= -166.5  Range= 184.3  ExpectedRange= 66.8  RangeRatio= 2.76  O= 78278.0  H= 78278.0  L= 78093.7  C= 78111.5
BSE:SENSEX-INDEX  strikecount= 3   fyers <fyers_apiv3.fyersModel.FyersModel object at 0x75fb8594b890>
======================================
oipcr1 =  BSE:SENSEX2682078100CE   0.76
oipcr2 =  BSE:SENSEX2682078000PE   0.93
oipcr3 =  BSE:SENSEX2682077900PE   1.0
oipcrBull = NoEntry  bulcount= 1  bearcount= 2 oipcrBear= BearTrade
atmpcr5 pcr6= 1.32    2.22
No Entry Yet
India VIX = 11.45  Spot Price = 77767.57
IV Regime = LOW (ADAPTIVE: P25= 11.86  P50= 12.16  P75= 12.9 ) | DailyRange = 1272.1 | 3minCandleRange = 66.9 (theoretical= 111.6 ) | ATMoptionMove = 30.1 | SL = 105 | Target = 105 | TrailTrigger = 30 | Spread = 300 | Buffer = 27
IV Params refreshed: {'vix': 11.45, 'bn_price': 77767.57, 'regime': 'LOW', 'regime_thresholds': 'P25=11.86 P50=12.16 P75=12.9', 'daily_range': 1272.1, 'candle_range': 66.9, 'atm_option_move': 30.1, 'sl_point': 105, 'target_point': 105, 'sl_pct_of_premium': 0.1, 'trail_trigger': 30, 'spread_width': 300, 'support_resistance_buffer': 27}
BSE:SENSEX-INDEX  strikecount= 8   fyers <fyers_apiv3.fyersModel.FyersModel object at 0x75fb8594b890>
===
====after 3 min ochain==== 2026-08-14 09:21:00.000002
                                    oipcr   choipcr   totalOI
pcr1 =  BSE:SENSEX2682078600CE   0.46   0.13 CALL added 27540   PUT added 3700  OI= 81880
pcr2 =  BSE:SENSEX2682078500CE   0.44   -0.04 CALL added 80740   PUT unwind -2920  OI= 326080
pcr3 =  BSE:SENSEX2682078400CE   0.25   0.13 CALL added 23120   PUT added 2960  OI= 94000
pcr4 =  BSE:SENSEX2682078300PE   0.35   0.5 CALL added 19240   PUT added 9580  OI= 36860
pcr5 =  BSE:SENSEX2682078200CE   0.48   0.04 CALL added 34820   PUT added 1480  OI= 166700
pcr6 =  BSE:SENSEX2682078100CE   0.7    0.88 CALL added 68060   PUT added 59740  OI= 172600
pcr7 =  BSE:SENSEX2682078000PE   0.85   0.52 CALL added 171060   PUT added 88740  OI= 604940
pcr8 =  BSE:SENSEX2682077900PE   0.92   0.85 CALL added 137240   PUT added 116020  OI= 223300
pcr9 =  BSE:SENSEX2682077800PE   1.41   1.68 CALL added 106860   PUT added 179820  OI= 428380
pcr10 =  BSE:SENSEX2682077700CE   1.95   1.82 CALL added 74460   PUT added 135600  OI= 105080
pcr11 =  BSE:SENSEX2682077600PE   7.63   10.13 CALL added 18600   PUT added 188420  OI= 250060
pcr12 =  BSE:SENSEX2682077500PE   2.45   2.88 CALL added 23280   PUT added 67100  OI= 283620
pcr13 =  BSE:SENSEX2682077400PE   10.42   8.87 CALL added 5580   PUT added 49500  OI= 89420
pcr14 =  BSE:SENSEX2682077300CE   8.19   4.54 CALL added 6820   PUT added 30980  OI= 8940
pcr15 =  BSE:SENSEX2682077200PE   23.54   15.39 CALL added 1120   PUT added 17240  OI= 63560
pcr16 =  BSE:SENSEX2682077100CE   52.09   53.89 CALL added 380   PUT added 20480  OI= 920
pcr17 =  BSE:SENSEX2682077000CE   8.55   8.57 CALL added 6280   PUT added 53800  OI= 31580
pcrSummation= 7.35  result =  ['BSE:SENSEX2682078500CE', 'BSE:SENSEX2682078400CE', 'BSE:SENSEX2682078300PE', 'BSE:SENSEX2682078200CE', 'BSE:SENSEX2682078100CE', 'BSE:SENSEX2682078000PE', 'BSE:SENSEX2682077900PE', 'BSE:SENSEX2682077800PE', 'BSE:SENSEX2682077700CE']
PCRSUM== 120.68
pcrSummation== 7.35
VOLPCRSUM== 7.139999999999999
spotLTP =  77767.57  ATM_STRIKE =  77800
IS_ATM_STRIKE_SHIFT = False  mapStrike = {77800: 77800}
avgOiPcrList2 = [np.float64(7.58), np.float64(7.1)] atmStrikeNotShiftedCount= 2
False   2   2
SUPP_RES=== 78000  Buffer= 27
CEoich val =  171060.0  PEoich val =  88740.0 , CE > PE by 48.1%
SUPP_RES TOTAL OI: CE= 711840  PE= 604940 , CE > PE by 15.0%
IS_MORNING_WINDOW= True  (active 9:15-9:48 IST)
================================================
==== signal check time ==== 2026-08-14 09:21:00.753326
IS_CHOI_DIFF_GT_25PERC== True
RSI_VAL1== 31.29
RSI_VAL2== 31.29
FUT_3m_OHLC O= 78117.3  H= 78123.2  L= 78098.0  C= 78098.0  Range= 25.1
CHART_PATTERN_DETECTED: THREE_BLACK_CROWS | INSIDE_BAR | DOUBLE_BOTTOM_FORMING
  PATTERN_CONTEXT: Body= -19.3  Range= 25.1  ExpectedRange= 66.9  RangeRatio= 0.38  O= 78117.3  H= 78123.2  L= 78098.0  C= 78098.0
newSynthFut =  78100
ATMStrike =  77800
AVG_OIPCR= 0.82
avgoiPCROld=  7.1
SUPP_RES = 78000
FUT LTP = 78098.0
CEchoi  PechOi = 171060.0    88740.0
====================================
totalOIPCR = 0.91
AVG_VOLPCR= 0.79
atmPCR= 0.48  belowATM  0.7
atmVolPCR= 0.46  belowATM  0.96
True   78098.0   78000   False   False   31.29
curr Doji False
BSE:SENSEX2682078100PE  curr candle vol pcr = 0.94  PE= 79200  CE= 84340      cpr =  1.06
BSE:SENSEX2682078200PE  prev candle vol pcr = 0.48  PE= 95660  CE= 198360      cpr =  2.07
VOL_PRESSURE_WATCH: SINGLE_CANDLE_CALL_PRESSURE | currCPR= 1.06  prevCPR= 2.07
ATM_CE_premium= 337.9  ATM_PE_premium= 530.4
CE_PremChg= -14.95  PE_PremChg= 14.05
CandleBody= -19.3  PrevBody= -166.5  CandleRange= 25.1  Bearish
TotalVol= 163540  PrevTotalVol= 294020  VolSpike= 0.56 x 
SCALP_SCORE: BEAR | BullScore= 1  BearScore= 2 | Confidence= LOW
DATAPOINT|09:21|FUT=78098.0|Body=-19.3|PrevBody=-166.5|Range=25.1|RangeRatio=0.38|CurrVolPCR=0.94|PrevVolPCR=0.48|CurrCPR=1.06|PrevCPR=2.07|VolSpike=0.56|CE_PremChg=-14.95|PE_PremChg=14.05|BullScore=1|BearScore=2|Dir=BEAR|Conf=LOW
CHART_PATTERN_DETECTED: THREE_BLACK_CROWS | INSIDE_BAR | DOUBLE_BOTTOM_FORMING
  PATTERN_CONTEXT: Body= -19.3  Range= 25.1  ExpectedRange= 66.9  RangeRatio= 0.38  O= 78117.3  H= 78123.2  L= 78098.0  C= 78098.0
BSE:SENSEX-INDEX  strikecount= 3   fyers <fyers_apiv3.fyersModel.FyersModel object at 0x75fb8594b890>
======================================
oipcr1 =  BSE:SENSEX2682078100CE   0.7
oipcr2 =  BSE:SENSEX2682078000PE   0.85
oipcr3 =  BSE:SENSEX2682077900PE   0.92
oipcrBull = NoEntry  bulcount= 0  bearcount= 3 oipcrBear= BearTrade
atmpcr5 pcr6= 1.41    1.95
No Entry Yet
India VIX = 11.37  Spot Price = 77784.86
IV Regime = LOW (ADAPTIVE: P25= 11.86  P50= 12.16  P75= 12.9 ) | DailyRange = 1263.4 | 3minCandleRange = 66.5 (theoretical= 110.8 ) | ATMoptionMove = 29.9 | SL = 105 | Target = 105 | TrailTrigger = 30 | Spread = 300 | Buffer = 27
IV Params refreshed: {'vix': 11.37, 'bn_price': 77784.86, 'regime': 'LOW', 'regime_thresholds': 'P25=11.86 P50=12.16 P75=12.9', 'daily_range': 1263.4, 'candle_range': 66.5, 'atm_option_move': 29.9, 'sl_point': 105, 'target_point': 105, 'sl_pct_of_premium': 0.1, 'trail_trigger': 30, 'spread_width': 300, 'support_resistance_buffer': 27}
BSE:SENSEX-INDEX  strikecount= 8   fyers <fyers_apiv3.fyersModel.FyersModel object at 0x75fb8594b890>
===
====after 3 min ochain==== 2026-08-14 09:24:00.000002
                                    oipcr   choipcr   totalOI
pcr1 =  BSE:SENSEX2682078600CE   0.43   0.12 CALL added 34120   PUT added 4060  OI= 88460
pcr2 =  BSE:SENSEX2682078500CE   0.32   -0.02 CALL added 203100   PUT unwind -4160  OI= 448440
pcr3 =  BSE:SENSEX2682078400CE   0.21   0.06 CALL added 42900   PUT added 2760  OI= 113780
pcr4 =  BSE:SENSEX2682078300PE   0.31   0.3 CALL added 43420   PUT added 12900  OI= 40180
pcr5 =  BSE:SENSEX2682078200CE   0.47   0.09 CALL added 44220   PUT added 3920  OI= 176100
pcr6 =  BSE:SENSEX2682078100CE   0.67    0.76 CALL added 83900   PUT added 64080  OI= 188440
pcr7 =  BSE:SENSEX2682078000PE   0.79   0.42 CALL added 233760   PUT added 97260  OI= 613460
pcr8 =  BSE:SENSEX2682077900PE   0.97   0.94 CALL added 163920   PUT added 153400  OI= 260680
pcr9 =  BSE:SENSEX2682077800PE   1.45   1.69 CALL added 164060   PUT added 277160  OI= 525720
pcr10 =  BSE:SENSEX2682077700CE   1.95   1.87 CALL added 110600   PUT added 206340  OI= 141220
pcr11 =  BSE:SENSEX2682077600PE   7.43   9.09 CALL added 26160   PUT added 237800  OI= 299440
pcr12 =  BSE:SENSEX2682077500PE   3.68   7.73 CALL added 30540   PUT added 236060  OI= 452580
pcr13 =  BSE:SENSEX2682077400PE   11.21   10.39 CALL added 7660   PUT added 79560  OI= 119480
pcr14 =  BSE:SENSEX2682077300CE   11.41   9.39 CALL added 8960   PUT added 84140  OI= 11080
pcr15 =  BSE:SENSEX2682077200PE   17.3   10.47 CALL added 2780   PUT added 29100  OI= 75420
pcr16 =  BSE:SENSEX2682077100CE   52.09   53.19 CALL added 620   PUT added 32980  OI= 1160
pcr17 =  BSE:SENSEX2682077000CE   8.21   7.2 CALL added 8280   PUT added 59580  OI= 33580
pcrSummation= 7.140000000000001  result =  ['BSE:SENSEX2682078500CE', 'BSE:SENSEX2682078400CE', 'BSE:SENSEX2682078300PE', 'BSE:SENSEX2682078200CE', 'BSE:SENSEX2682078100CE', 'BSE:SENSEX2682078000PE', 'BSE:SENSEX2682077900PE', 'BSE:SENSEX2682077800PE', 'BSE:SENSEX2682077700CE']
PCRSUM== 118.9
pcrSummation== 7.14
VOLPCRSUM== 7.07
spotLTP =  77786.74  ATM_STRIKE =  77800
IS_ATM_STRIKE_SHIFT = False  mapStrike = {77800: 77800}
avgOiPcrList2 = [np.float64(7.58), np.float64(7.1), np.float64(6.99)] atmStrikeNotShiftedCount= 3
False   3   3
SUPP_RES=== 78000  Buffer= 27
CEoich val =  233760.0  PEoich val =  97260.0 , CE > PE by 58.4%
SUPP_RES TOTAL OI: CE= 774540  PE= 613460 , CE > PE by 20.8%
IS_MORNING_WINDOW= True  (active 9:15-9:48 IST)
================================================
==== signal check time ==== 2026-08-14 09:24:00.648316
IS_CHOI_DIFF_GT_25PERC== True
RSI_VAL1== 31.01
RSI_VAL2== 31.01
FUT_3m_OHLC O= 78102.0  H= 78105.4  L= 78093.7  C= 78093.7  Range= 11.7
CHART_PATTERN_DETECTED: THREE_BLACK_CROWS | DOUBLE_BOTTOM_FORMING
  PATTERN_CONTEXT: Body= -8.4  Range= 11.7  ExpectedRange= 66.5  RangeRatio= 0.18  O= 78102.0  H= 78105.4  L= 78093.7  C= 78093.7
isPcrDecr = True
newSynthFut =  78100
ATMStrike =  77800
AVG_OIPCR= 0.79
avgoiPCROld=  6.99
SUPP_RES = 78000
FUT LTP = 78093.7
CEchoi  PechOi = 233760.0    97260.0
====================================
totalOIPCR = 0.95
AVG_VOLPCR= 0.79
atmPCR= 0.47  belowATM  0.67
atmVolPCR= 0.45  belowATM  0.95
True   78093.7   78000   False   True   31.01
no trade yet = [np.float64(7.58), np.float64(7.1), np.float64(6.99)]
curr Doji False
BSE:SENSEX2682078100PE  curr candle vol pcr = 0.84  PE= 35400  CE= 42180      cpr =  1.19
BSE:SENSEX2682078100PE  prev candle vol pcr = 0.94  PE= 79200  CE= 84340      cpr =  1.06
ATM_CE_premium= 351.0  ATM_PE_premium= 504.2
CE_PremChg= 13.1  PE_PremChg= -26.2
CandleBody= -8.4  PrevBody= -19.3  CandleRange= 11.7  Bearish
TotalVol= 77580  PrevTotalVol= 163540  VolSpike= 0.47 x 
SCALP_SCORE: BEAR | BullScore= 0  BearScore= 3 | Confidence= MEDIUM
  SCALP_BEAR_REASONS: StrongBearCandle(72%) + 2ConsecBearCandles + PremMomentum_bear(PE-26.2,CE+13.1)
DATAPOINT|09:24|FUT=78093.7|Body=-8.4|PrevBody=-19.3|Range=11.7|RangeRatio=0.18|CurrVolPCR=0.84|PrevVolPCR=0.94|CurrCPR=1.19|PrevCPR=1.06|VolSpike=0.47|CE_PremChg=13.1|PE_PremChg=-26.2|BullScore=0|BearScore=3|Dir=BEAR|Conf=MEDIUM
CHART_PATTERN_DETECTED: THREE_BLACK_CROWS | DOUBLE_BOTTOM_FORMING
  PATTERN_CONTEXT: Body= -8.4  Range= 11.7  ExpectedRange= 66.5  RangeRatio= 0.18  O= 78102.0  H= 78105.4  L= 78093.7  C= 78093.7
BSE:SENSEX-INDEX  strikecount= 3   fyers <fyers_apiv3.fyersModel.FyersModel object at 0x75fb8594b890>
======================================
oipcr1 =  BSE:SENSEX2682078100CE   0.67
oipcr2 =  BSE:SENSEX2682078000PE   0.79
oipcr3 =  BSE:SENSEX2682077900PE   0.97
oipcrBull = NoEntry  bulcount= 0  bearcount= 3 oipcrBear= BearTrade
atmpcr5 pcr6= 1.45    1.95
No Entry Yet
India VIX = 11.46  Spot Price = 77780.49
IV Regime = LOW (ADAPTIVE: P25= 11.86  P50= 12.16  P75= 12.9 ) | DailyRange = 1273.4 | 3minCandleRange = 67.0 (theoretical= 111.7 ) | ATMoptionMove = 30.2 | SL = 106 | Target = 106 | TrailTrigger = 30 | Spread = 300 | Buffer = 27
IV Params refreshed: {'vix': 11.46, 'bn_price': 77780.49, 'regime': 'LOW', 'regime_thresholds': 'P25=11.86 P50=12.16 P75=12.9', 'daily_range': 1273.4, 'candle_range': 67.0, 'atm_option_move': 30.2, 'sl_point': 106, 'target_point': 106, 'sl_pct_of_premium': 0.1, 'trail_trigger': 30, 'spread_width': 300, 'support_resistance_buffer': 27}
BSE:SENSEX-INDEX  strikecount= 8   fyers <fyers_apiv3.fyersModel.FyersModel object at 0x75fb8594b890>
===
====after 3 min ochain==== 2026-08-14 09:27:00.000001
                                    oipcr   choipcr   totalOI
pcr1 =  BSE:SENSEX2682078600CE   0.4   0.1 CALL added 40600   PUT added 3940  OI= 94940
pcr2 =  BSE:SENSEX2682078500CE   0.31   -0.02 CALL added 214580   PUT unwind -4160  OI= 459920
pcr3 =  BSE:SENSEX2682078400CE   0.21   0.08 CALL added 46000   PUT added 3680  OI= 116880
pcr4 =  BSE:SENSEX2682078300PE   0.28   0.22 CALL added 59780   PUT added 12900  OI= 40180
pcr5 =  BSE:SENSEX2682078200CE   0.44   -0.01 CALL added 44220   PUT unwind -440  OI= 176100
pcr6 =  BSE:SENSEX2682078100CE   0.67    0.76 CALL added 93480   PUT added 71400  OI= 198020
pcr7 =  BSE:SENSEX2682078000PE   0.84   0.56 CALL added 233760   PUT added 131360  OI= 647560
pcr8 =  BSE:SENSEX2682077900PE   0.93   0.87 CALL added 175460   PUT added 153400  OI= 260680
pcr9 =  BSE:SENSEX2682077800PE   1.46   1.67 CALL added 197020   PUT added 328400  OI= 576960
pcr10 =  BSE:SENSEX2682077700CE   1.91   1.82 CALL added 127180   PUT added 231280  OI= 157800
pcr11 =  BSE:SENSEX2682077600PE   8.37   10.55 CALL added 26160   PUT added 275880  OI= 337520
pcr12 =  BSE:SENSEX2682077500PE   3.76   7.74 CALL added 33000   PUT added 255320  OI= 471840
pcr13 =  BSE:SENSEX2682077400PE   10.14   9.13 CALL added 9380   PUT added 85640  OI= 125560
pcr14 =  BSE:SENSEX2682077300CE   11.68   9.82 CALL added 9380   PUT added 92080  OI= 11500
pcr15 =  BSE:SENSEX2682077200PE   16.51   9.77 CALL added 3000   PUT added 29300  OI= 75620
pcr16 =  BSE:SENSEX2682077100CE   32.64   25.52 CALL added 1380   PUT added 35220  OI= 1920
pcr17 =  BSE:SENSEX2682077000CE   7.94   6.18 CALL added 8720   PUT added 53900  OI= 34020
pcrSummation= 7.050000000000001  result =  ['BSE:SENSEX2682078500CE', 'BSE:SENSEX2682078400CE', 'BSE:SENSEX2682078300PE', 'BSE:SENSEX2682078200CE', 'BSE:SENSEX2682078100CE', 'BSE:SENSEX2682078000PE', 'BSE:SENSEX2682077900PE', 'BSE:SENSEX2682077800PE', 'BSE:SENSEX2682077700CE']
PCRSUM== 98.49
pcrSummation== 7.05
VOLPCRSUM== 6.91
spotLTP =  77780.49  ATM_STRIKE =  77800
IS_ATM_STRIKE_SHIFT = False  mapStrike = {77800: 77800}
avgOiPcrList2 = [np.float64(7.1), np.float64(6.99), np.float64(5.79)] atmStrikeNotShiftedCount= 4
False   4   3
SUPP_RES=== 78000  Buffer= 27
CEoich val =  233760.0  PEoich val =  131360.0 , CE > PE by 43.8%
SUPP_RES TOTAL OI: CE= 774540  PE= 647560 , CE > PE by 16.4%
IS_MORNING_WINDOW= True  (active 9:15-9:48 IST)
================================================
==== signal check time ==== 2026-08-14 09:27:00.545647
IS_CHOI_DIFF_GT_25PERC== True
RSI_VAL1== 33.99
RSI_VAL2== 33.99
FUT_3m_OHLC O= 78145.0  H= 78147.2  L= 78114.2  C= 78114.2  Range= 32.9
CHART_PATTERN_DETECTED: DOUBLE_BOTTOM_FORMING
  PATTERN_CONTEXT: Body= -30.8  Range= 32.9  ExpectedRange= 67.0  RangeRatio= 0.49  O= 78145.0  H= 78147.2  L= 78114.2  C= 78114.2
isPcrDecr = True
newSynthFut =  78100
ATMStrike =  77800
AVG_OIPCR= 0.78
avgoiPCROld=  5.79
SUPP_RES = 78000
FUT LTP = 78114.25
CEchoi  PechOi = 233760.0    131360.0
====================================
totalOIPCR = 0.96
AVG_VOLPCR= 0.77
atmPCR= 0.44  belowATM  0.67
atmVolPCR= 0.45  belowATM  0.94
True   78114.25   78000   False   True   33.99
no trade yet = [np.float64(7.1), np.float64(6.99), np.float64(5.79)]
curr Doji False
BSE:SENSEX2682078100PE  curr candle vol pcr = 0.9  PE= 54600  CE= 60980      cpr =  1.12
BSE:SENSEX2682078100PE  prev candle vol pcr = 0.84  PE= 35400  CE= 42180      cpr =  1.19
ATM_CE_premium= 344.6  ATM_PE_premium= 518.9
CE_PremChg= -6.4  PE_PremChg= 14.7
CandleBody= -30.8  PrevBody= -8.4  CandleRange= 32.9  Bearish
TotalVol= 115580  PrevTotalVol= 77580  VolSpike= 1.49 x 
SCALP_SCORE: BEAR | BullScore= 0  BearScore= 2 | Confidence= LOW
DATAPOINT|09:27|FUT=78114.2|Body=-30.8|PrevBody=-8.4|Range=32.9|RangeRatio=0.49|CurrVolPCR=0.9|PrevVolPCR=0.84|CurrCPR=1.12|PrevCPR=1.19|VolSpike=1.49|CE_PremChg=-6.4|PE_PremChg=14.7|BullScore=0|BearScore=2|Dir=BEAR|Conf=LOW
CHART_PATTERN_DETECTED: DOUBLE_BOTTOM_FORMING
  PATTERN_CONTEXT: Body= -30.8  Range= 32.9  ExpectedRange= 67.0  RangeRatio= 0.49  O= 78145.0  H= 78147.2  L= 78114.2  C= 78114.2
BSE:SENSEX-INDEX  strikecount= 3   fyers <fyers_apiv3.fyersModel.FyersModel object at 0x75fb8594b890>
======================================
oipcr1 =  BSE:SENSEX2682078100CE   0.67
oipcr2 =  BSE:SENSEX2682078000PE   0.84
oipcr3 =  BSE:SENSEX2682077900PE   0.93
oipcrBull = NoEntry  bulcount= 0  bearcount= 3 oipcrBear= BearTrade
atmpcr5 pcr6= 1.46    1.91
No Entry Yet
India VIX = 11.47  Spot Price = 77740.33
IV Regime = LOW (ADAPTIVE: P25= 11.86  P50= 12.16  P75= 12.9 ) | DailyRange = 1273.8 | 3minCandleRange = 67.0 (theoretical= 111.7 ) | ATMoptionMove = 30.2 | SL = 106 | Target = 106 | TrailTrigger = 30 | Spread = 300 | Buffer = 27
IV Params refreshed: {'vix': 11.47, 'bn_price': 77740.33, 'regime': 'LOW', 'regime_thresholds': 'P25=11.86 P50=12.16 P75=12.9', 'daily_range': 1273.8, 'candle_range': 67.0, 'atm_option_move': 30.2, 'sl_point': 106, 'target_point': 106, 'sl_pct_of_premium': 0.1, 'trail_trigger': 30, 'spread_width': 300, 'support_resistance_buffer': 27}
BSE:SENSEX-INDEX  strikecount= 8   fyers <fyers_apiv3.fyersModel.FyersModel object at 0x75fb8594b890>
===
====after 3 min ochain==== 2026-08-14 09:30:00.000001
                                    oipcr   choipcr   totalOI
pcr1 =  BSE:SENSEX2682078500CE   0.31   -0.01 CALL added 221400   PUT unwind -2920  OI= 466740
pcr2 =  BSE:SENSEX2682078400CE   0.23   0.13 CALL added 47320   PUT added 6240  OI= 118200
pcr3 =  BSE:SENSEX2682078300PE   0.3   0.28 CALL added 62080   PUT added 17500  OI= 44780
pcr4 =  BSE:SENSEX2682078200CE   0.4   0.01 CALL added 66980   PUT added 860  OI= 198860
pcr5 =  BSE:SENSEX2682078100CE   0.63   0.66 CALL added 115140   PUT added 76360  OI= 219680
pcr6 =  BSE:SENSEX2682078000PE   0.77    0.49 CALL added 359940   PUT added 175160  OI= 691360
pcr7 =  BSE:SENSEX2682077900PE   0.93   0.88 CALL added 204020   PUT added 178780  OI= 286060
pcr8 =  BSE:SENSEX2682077800PE   1.3   1.32 CALL added 254680   PUT added 337360  OI= 585920
pcr9 =  BSE:SENSEX2682077700CE   1.74   1.64 CALL added 164100   PUT added 269020  OI= 194720
pcr10 =  BSE:SENSEX2682077600PE   7.19   8.27 CALL added 37360   PUT added 309040  OI= 370680
pcr11 =  BSE:SENSEX2682077500PE   3.69   6.8 CALL added 39880   PUT added 271040  OI= 487560
pcr12 =  BSE:SENSEX2682077400PE   6.27   5.08 CALL added 17720   PUT added 89960  OI= 129880
pcr13 =  BSE:SENSEX2682077300CE   11.02   9.29 CALL added 10940   PUT added 101640  OI= 13060
pcr14 =  BSE:SENSEX2682077200PE   14.75   8.59 CALL added 3740   PUT added 32140  OI= 78460
pcr15 =  BSE:SENSEX2682077100CE   31.97   25.45 CALL added 1560   PUT added 39700  OI= 2100
pcr16 =  BSE:SENSEX2682077000CE   7.76   5.76 CALL added 9960   PUT added 57380  OI= 35260
pcr17 =  BSE:SENSEX2682076900PE   156.08   600.0 CALL added 100   PUT added 60000  OI= 81160
pcrSummation= 13.490000000000002  result =  ['BSE:SENSEX2682078400CE', 'BSE:SENSEX2682078300PE', 'BSE:SENSEX2682078200CE', 'BSE:SENSEX2682078100CE', 'BSE:SENSEX2682078000PE', 'BSE:SENSEX2682077900PE', 'BSE:SENSEX2682077800PE', 'BSE:SENSEX2682077700CE', 'BSE:SENSEX2682077600PE']
PCRSUM== 245.34
pcrSummation== 13.49
VOLPCRSUM== 9.55
spotLTP =  77740.33  ATM_STRIKE =  77700
IS_ATM_STRIKE_SHIFT = True  mapStrike = {77700: 77700}
avgOiPcrList2 = [np.float64(14.43)] atmStrikeNotShiftedCount= 1
True   1   1
SUPP_RES=== 78000  Buffer= 27
CEoich val =  359940.0  PEoich val =  175160.0 , CE > PE by 51.3%
SUPP_RES TOTAL OI: CE= 900720  PE= 691360 , CE > PE by 23.2%
IS_MORNING_WINDOW= True  (active 9:15-9:48 IST)
================================================
==== signal check time ==== 2026-08-14 09:30:00.554685
IS_CHOI_DIFF_GT_25PERC== True
RSI_VAL1== 28.57
RSI_VAL2== 28.57
FUT_3m_OHLC O= 78112.0  H= 78112.0  L= 78030.4  C= 78030.4  Range= 81.6
CHART_PATTERN_DETECTED: STRONG_MOMENTUM_BEAR
  PATTERN_CONTEXT: Body= -81.6  Range= 81.6  ExpectedRange= 67.0  RangeRatio= 1.22  O= 78112.0  H= 78112.0  L= 78030.4  C= 78030.4
newSynthFut =  78000
ATMStrike =  77700
AVG_OIPCR= 1.5
avgoiPCROld=  14.43
SUPP_RES = 78000
FUT LTP = 78030.35
CEchoi  PechOi = 359940.0    175160.0
====================================
totalOIPCR = 0.95
AVG_VOLPCR= 1.06
atmPCR= 0.63  belowATM  0.77
atmVolPCR= 0.92  belowATM  1.12
True   78030.35   78000   False   False   28.57
curr Doji False
BSE:SENSEX2682078100PE  curr candle vol pcr = 0.82  PE= 51080  CE= 62040      cpr =  1.21
BSE:SENSEX2682078100PE  prev candle vol pcr = 0.9  PE= 54600  CE= 60980      cpr =  1.12
ATM_CE_premium= 325.5  ATM_PE_premium= 541.55
CE_PremChg= -19.1  PE_PremChg= 22.65
CandleBody= -81.6  PrevBody= -30.8  CandleRange= 81.6  Bearish
TotalVol= 113120  PrevTotalVol= 115580  VolSpike= 0.98 x 
SCALP_SCORE: BEAR | BullScore= 1  BearScore= 3 | Confidence= MEDIUM
  SCALP_BEAR_REASONS: StrongBearCandle(100%) + 2ConsecBearCandles + BreakoutCandle(1.2x)
DATAPOINT|09:30|FUT=78030.4|Body=-81.6|PrevBody=-30.8|Range=81.6|RangeRatio=1.22|CurrVolPCR=0.82|PrevVolPCR=0.9|CurrCPR=1.21|PrevCPR=1.12|VolSpike=0.98|CE_PremChg=-19.1|PE_PremChg=22.65|BullScore=1|BearScore=3|Dir=BEAR|Conf=MEDIUM
CHART_PATTERN_DETECTED: STRONG_MOMENTUM_BEAR
  PATTERN_CONTEXT: Body= -81.6  Range= 81.6  ExpectedRange= 67.0  RangeRatio= 1.22  O= 78112.0  H= 78112.0  L= 78030.4  C= 78030.4
BSE:SENSEX-INDEX  strikecount= 3   fyers <fyers_apiv3.fyersModel.FyersModel object at 0x75fb8594b890>
======================================
oipcr1 =  BSE:SENSEX2682078000PE   0.77
oipcr2 =  BSE:SENSEX2682077900PE   0.93
oipcr3 =  BSE:SENSEX2682077800PE   1.3
oipcrBull = NoEntry  bulcount= 1  bearcount= 2 oipcrBear= BearTrade
atmpcr5 pcr6= 1.74    7.19
No Entry Yet
India VIX = 11.46  Spot Price = 77775.79
IV Regime = LOW (ADAPTIVE: P25= 11.86  P50= 12.16  P75= 12.9 ) | DailyRange = 1273.3 | 3minCandleRange = 67.0 (theoretical= 111.7 ) | ATMoptionMove = 30.2 | SL = 106 | Target = 106 | TrailTrigger = 30 | Spread = 300 | Buffer = 27
IV Params refreshed: {'vix': 11.46, 'bn_price': 77775.79, 'regime': 'LOW', 'regime_thresholds': 'P25=11.86 P50=12.16 P75=12.9', 'daily_range': 1273.3, 'candle_range': 67.0, 'atm_option_move': 30.2, 'sl_point': 106, 'target_point': 106, 'sl_pct_of_premium': 0.1, 'trail_trigger': 30, 'spread_width': 300, 'support_resistance_buffer': 27}
BSE:SENSEX-INDEX  strikecount= 8   fyers <fyers_apiv3.fyersModel.FyersModel object at 0x75fb8594b890>
===
====after 3 min ochain==== 2026-08-14 09:33:00.005651
                                    oipcr   choipcr   totalOI
pcr1 =  BSE:SENSEX2682078600CE   0.41   0.15 CALL added 45960   PUT added 6880  OI= 100300
pcr2 =  BSE:SENSEX2682078500CE   0.29   -0.03 CALL added 232220   PUT unwind -6560  OI= 477560
pcr3 =  BSE:SENSEX2682078400CE   0.22   0.12 CALL added 47320   PUT added 5700  OI= 118200
pcr4 =  BSE:SENSEX2682078300PE   0.29   0.25 CALL added 71520   PUT added 18080  OI= 45360
pcr5 =  BSE:SENSEX2682078200CE   0.43   0.12 CALL added 71040   PUT added 8560  OI= 202920
pcr6 =  BSE:SENSEX2682078100CE   0.59    0.59 CALL added 116000   PUT added 67920  OI= 220540
pcr7 =  BSE:SENSEX2682078000PE   0.74   0.43 CALL added 379340   PUT added 164340  OI= 680540
pcr8 =  BSE:SENSEX2682077900PE   0.92   0.87 CALL added 204020   PUT added 177280  OI= 284560
pcr9 =  BSE:SENSEX2682077800PE   1.28   1.3 CALL added 274820   PUT added 357600  OI= 606160
pcr10 =  BSE:SENSEX2682077700CE   1.58   1.46 CALL added 184180   PUT added 269020  OI= 214800
pcr11 =  BSE:SENSEX2682077600PE   7.07   7.98 CALL added 42220   PUT added 336960  OI= 398600
pcr12 =  BSE:SENSEX2682077500PE   3.47   5.61 CALL added 48280   PUT added 271040  OI= 487560
pcr13 =  BSE:SENSEX2682077400PE   6.51   5.35 CALL added 17720   PUT added 94880  OI= 134800
pcr14 =  BSE:SENSEX2682077300CE   10.44   8.72 CALL added 11660   PUT added 101640  OI= 13780
pcr15 =  BSE:SENSEX2682077200PE   17.14   11.99 CALL added 3740   PUT added 44840  OI= 91160
pcr16 =  BSE:SENSEX2682077100CE   16.98   10.97 CALL added 3040   PUT added 33340  OI= 3580
pcr17 =  BSE:SENSEX2682077000CE   7.76   5.76 CALL added 9960   PUT added 57380  OI= 35260
pcrSummation= 6.34  result =  ['BSE:SENSEX2682078500CE', 'BSE:SENSEX2682078400CE', 'BSE:SENSEX2682078300PE', 'BSE:SENSEX2682078200CE', 'BSE:SENSEX2682078100CE', 'BSE:SENSEX2682078000PE', 'BSE:SENSEX2682077900PE', 'BSE:SENSEX2682077800PE', 'BSE:SENSEX2682077700CE']
PCRSUM== 76.12
pcrSummation== 6.34
VOLPCRSUM== 7.109999999999999
spotLTP =  77775.79  ATM_STRIKE =  77800
IS_ATM_STRIKE_SHIFT = True  mapStrike = {77800: 77800}
avgOiPcrList2 = [np.float64(4.48)] atmStrikeNotShiftedCount= 1
True   1   1
SUPP_RES=== 78000  Buffer= 27
CEoich val =  379340.0  PEoich val =  164340.0 , CE > PE by 56.7%
SUPP_RES TOTAL OI: CE= 920120  PE= 680540 , CE > PE by 26.0%
IS_MORNING_WINDOW= True  (active 9:15-9:48 IST)
================================================
==== signal check time ==== 2026-08-14 09:33:00.716267
IS_CHOI_DIFF_GT_25PERC== True
RSI_VAL1== 34.55
RSI_VAL2== 34.55
FUT_3m_OHLC O= 78020.8  H= 78075.0  L= 78020.8  C= 78075.0  Range= 54.1
CHART_PATTERN_DETECTED: STRONG_MOMENTUM_BULL
  PATTERN_CONTEXT: Body= 54.1  Range= 54.1  ExpectedRange= 67.0  RangeRatio= 0.81  O= 78020.8  H= 78075.0  L= 78020.8  C= 78075.0
newSynthFut =  78100
ATMStrike =  77800
AVG_OIPCR= 0.7
avgoiPCROld=  4.48
SUPP_RES = 78000
FUT LTP = 78075.0
CEchoi  PechOi = 379340.0    164340.0
====================================
totalOIPCR = 0.94
AVG_VOLPCR= 0.79
atmPCR= 0.43  belowATM  0.59
atmVolPCR= 0.44  belowATM  0.92
True   78075.0   78000   False   False   34.55
curr Doji False
BSE:SENSEX2682078000PE  curr candle vol pcr = 0.98  PE= 189200  CE= 192460      cpr =  1.02
BSE:SENSEX2682078100PE  prev candle vol pcr = 0.82  PE= 51080  CE= 62040      cpr =  1.21
ATM_CE_premium= 386.05  ATM_PE_premium= 466.0
CE_PremChg= 15.05  PE_PremChg= -19.9
CandleBody= 54.1  PrevBody= -81.6  CandleRange= 54.1  Bullish
TotalVol= 381660  PrevTotalVol= 113120  VolSpike= 3.37 x  SPIKE!
SCALP_SCORE: BULL | BullScore= 2  BearScore= 1 | Confidence= LOW
DATAPOINT|09:33|FUT=78075.0|Body=54.1|PrevBody=-81.6|Range=54.1|RangeRatio=0.81|CurrVolPCR=0.98|PrevVolPCR=0.82|CurrCPR=1.02|PrevCPR=1.21|VolSpike=3.37|CE_PremChg=15.05|PE_PremChg=-19.9|BullScore=2|BearScore=1|Dir=BULL|Conf=LOW
CHART_PATTERN_DETECTED: STRONG_MOMENTUM_BULL
  PATTERN_CONTEXT: Body= 54.1  Range= 54.1  ExpectedRange= 67.0  RangeRatio= 0.81  O= 78020.8  H= 78075.0  L= 78020.8  C= 78075.0
BSE:SENSEX-INDEX  strikecount= 3   fyers <fyers_apiv3.fyersModel.FyersModel object at 0x75fb8594b890>
======================================
oipcr1 =  BSE:SENSEX2682078100CE   0.59
oipcr2 =  BSE:SENSEX2682078000PE   0.74
oipcr3 =  BSE:SENSEX2682077900PE   0.92
oipcrBull = NoEntry  bulcount= 0  bearcount= 3 oipcrBear= BearTrade
atmpcr5 pcr6= 1.28    1.58
No Entry Yet
India VIX = 11.51  Spot Price = 77815.29
IV Regime = LOW (ADAPTIVE: P25= 11.86  P50= 12.16  P75= 12.9 ) | DailyRange = 1279.5 | 3minCandleRange = 67.3 (theoretical= 112.2 ) | ATMoptionMove = 30.3 | SL = 106 | Target = 106 | TrailTrigger = 30 | Spread = 300 | Buffer = 27
IV Params refreshed: {'vix': 11.51, 'bn_price': 77815.29, 'regime': 'LOW', 'regime_thresholds': 'P25=11.86 P50=12.16 P75=12.9', 'daily_range': 1279.5, 'candle_range': 67.3, 'atm_option_move': 30.3, 'sl_point': 106, 'target_point': 106, 'sl_pct_of_premium': 0.1, 'trail_trigger': 30, 'spread_width': 300, 'support_resistance_buffer': 27}
BSE:SENSEX-INDEX  strikecount= 8   fyers <fyers_apiv3.fyersModel.FyersModel object at 0x75fb8594b890>
===
====after 3 min ochain==== 2026-08-14 09:36:00.024804
                                    oipcr   choipcr   totalOI
pcr1 =  BSE:SENSEX2682078600CE   0.41   0.16 CALL added 46240   PUT added 7300  OI= 100580
pcr2 =  BSE:SENSEX2682078500CE   0.29   -0.02 CALL added 236820   PUT unwind -4040  OI= 482160
pcr3 =  BSE:SENSEX2682078400CE   0.22   0.14 CALL added 62860   PUT added 8580  OI= 133740
pcr4 =  BSE:SENSEX2682078300PE   0.3   0.29 CALL added 77980   PUT added 22620  OI= 49900
pcr5 =  BSE:SENSEX2682078200CE   0.48   0.3 CALL added 86040   PUT added 26080  OI= 217920
pcr6 =  BSE:SENSEX2682078100CE   0.67    0.73 CALL added 125000   PUT added 90860  OI= 229540
pcr7 =  BSE:SENSEX2682078000PE   0.72   0.44 CALL added 436920   PUT added 191060  OI= 707260
pcr8 =  BSE:SENSEX2682077900PE   0.89   0.84 CALL added 244320   PUT added 205160  OI= 312440
pcr9 =  BSE:SENSEX2682077800PE   1.32   1.35 CALL added 295060   PUT added 399660  OI= 648220
pcr10 =  BSE:SENSEX2682077700CE   2.0   1.95 CALL added 170220   PUT added 332240  OI= 200840
pcr11 =  BSE:SENSEX2682077600PE   7.23   8.13 CALL added 45440   PUT added 369420  OI= 431060
pcr12 =  BSE:SENSEX2682077500PE   3.95   7.86 CALL added 37840   PUT added 297420  OI= 513940
pcr13 =  BSE:SENSEX2682077400PE   7.14   6.1 CALL added 17840   PUT added 108780  OI= 148700
pcr14 =  BSE:SENSEX2682077300CE   9.98   8.09 CALL added 11180   PUT added 90500  OI= 13300
pcr15 =  BSE:SENSEX2682077200PE   13.8   9.21 CALL added 5340   PUT added 49200  OI= 95520
pcr16 =  BSE:SENSEX2682077100CE   17.3   11.57 CALL added 3160   PUT added 36560  OI= 3700
pcr17 =  BSE:SENSEX2682077000CE   7.64   5.59 CALL added 11160   PUT added 62420  OI= 36460
pcrSummation= 6.89  result =  ['BSE:SENSEX2682078500CE', 'BSE:SENSEX2682078400CE', 'BSE:SENSEX2682078300PE', 'BSE:SENSEX2682078200CE', 'BSE:SENSEX2682078100CE', 'BSE:SENSEX2682078000PE', 'BSE:SENSEX2682077900PE', 'BSE:SENSEX2682077800PE', 'BSE:SENSEX2682077700CE']
PCRSUM== 74.34
pcrSummation== 6.89
VOLPCRSUM== 6.640000000000001
spotLTP =  77815.29  ATM_STRIKE =  77800
IS_ATM_STRIKE_SHIFT = False  mapStrike = {77800: 77800}
avgOiPcrList2 = [np.float64(4.48), np.float64(4.37)] atmStrikeNotShiftedCount= 2
False   2   2
SUPP_RES=== 78000  Buffer= 27
CEoich val =  436920.0  PEoich val =  191060.0 , CE > PE by 56.3%
SUPP_RES TOTAL OI: CE= 977700  PE= 707260 , CE > PE by 27.7%
IS_MORNING_WINDOW= True  (active 9:15-9:48 IST)
================================================
==== signal check time ==== 2026-08-14 09:36:00.640893
IS_CHOI_DIFF_GT_25PERC== True
RSI_VAL1== 40.01
RSI_VAL2== 40.01
FUT_3m_OHLC O= 78108.8  H= 78120.0  L= 78108.8  C= 78120.0  Range= 11.2
CHART_PATTERN: None
newSynthFut =  78100
ATMStrike =  77800
AVG_OIPCR= 0.77
avgoiPCROld=  4.37
SUPP_RES = 78000
FUT LTP = 78120.0
CEchoi  PechOi = 436920.0    191060.0
====================================
totalOIPCR = 0.96
AVG_VOLPCR= 0.74
atmPCR= 0.48  belowATM  0.67
atmVolPCR= 0.43  belowATM  0.92
True   78120.0   78000   False   False   40.01
curr Doji False
BSE:SENSEX2682078100PE  curr candle vol pcr = 0.97  PE= 75400  CE= 78120      cpr =  1.04
BSE:SENSEX2682078000PE  prev candle vol pcr = 0.98  PE= 189200  CE= 192460      cpr =  1.02
ATM_CE_premium= 359.9  ATM_PE_premium= 494.55
CE_PremChg= 20.25  PE_PremChg= -27.05
CandleBody= 11.2  PrevBody= 54.1  CandleRange= 11.2  Bullish
TotalVol= 153520  PrevTotalVol= 381660  VolSpike= 0.4 x 
SCALP_SCORE: BULL | BullScore= 2  BearScore= 1 | Confidence= LOW
DATAPOINT|09:36|FUT=78120.0|Body=11.2|PrevBody=54.1|Range=11.2|RangeRatio=0.17|CurrVolPCR=0.97|PrevVolPCR=0.98|CurrCPR=1.04|PrevCPR=1.02|VolSpike=0.4|CE_PremChg=20.25|PE_PremChg=-27.05|BullScore=2|BearScore=1|Dir=BULL|Conf=LOW
CHART_PATTERN: None
BSE:SENSEX-INDEX  strikecount= 3   fyers <fyers_apiv3.fyersModel.FyersModel object at 0x75fb8594b890>
======================================
oipcr1 =  BSE:SENSEX2682078100CE   0.67
oipcr2 =  BSE:SENSEX2682078000PE   0.72
oipcr3 =  BSE:SENSEX2682077900PE   0.89
oipcrBull = NoEntry  bulcount= 0  bearcount= 3 oipcrBear= BearTrade
atmpcr5 pcr6= 1.32    2.0
No Entry Yet
India VIX = 11.48  Spot Price = 77845.59
IV Regime = LOW (ADAPTIVE: P25= 11.86  P50= 12.16  P75= 12.9 ) | DailyRange = 1276.7 | 3minCandleRange = 67.2 (theoretical= 112.0 ) | ATMoptionMove = 30.2 | SL = 106 | Target = 106 | TrailTrigger = 30 | Spread = 300 | Buffer = 27
IV Params refreshed: {'vix': 11.48, 'bn_price': 77845.59, 'regime': 'LOW', 'regime_thresholds': 'P25=11.86 P50=12.16 P75=12.9', 'daily_range': 1276.7, 'candle_range': 67.2, 'atm_option_move': 30.2, 'sl_point': 106, 'target_point': 106, 'sl_pct_of_premium': 0.1, 'trail_trigger': 30, 'spread_width': 300, 'support_resistance_buffer': 27}
BSE:SENSEX-INDEX  strikecount= 8   fyers <fyers_apiv3.fyersModel.FyersModel object at 0x75fb8594b890>
===
====after 3 min ochain==== 2026-08-14 09:39:00.019643
                                    oipcr   choipcr   totalOI
pcr1 =  BSE:SENSEX2682078600CE   0.41   0.16 CALL added 47880   PUT added 7800  OI= 102220
pcr2 =  BSE:SENSEX2682078500CE   0.29   -0.0 CALL added 247900   PUT unwind -440  OI= 493240
pcr3 =  BSE:SENSEX2682078400CE   0.23   0.16 CALL added 68460   PUT added 11020  OI= 139340
pcr4 =  BSE:SENSEX2682078300PE   0.26   0.22 CALL added 102480   PUT added 22340  OI= 49620
pcr5 =  BSE:SENSEX2682078200CE   0.52   0.39 CALL added 82580   PUT added 32480  OI= 214460
pcr6 =  BSE:SENSEX2682078100CE   0.66    0.71 CALL added 138200   PUT added 98580  OI= 242740
pcr7 =  BSE:SENSEX2682078000PE   0.74   0.46 CALL added 422760   PUT added 195120  OI= 711320
pcr8 =  BSE:SENSEX2682077900PE   0.9   0.85 CALL added 253720   PUT added 216720  OI= 324000
pcr9 =  BSE:SENSEX2682077800PE   1.37   1.44 CALL added 306040   PUT added 441060  OI= 689620
pcr10 =  BSE:SENSEX2682077700CE   2.09   2.05 CALL added 170160   PUT added 349520  OI= 200780
pcr11 =  BSE:SENSEX2682077600PE   7.21   8.09 CALL added 45620   PUT added 369140  OI= 430780
pcr12 =  BSE:SENSEX2682077500PE   4.21   9.58 CALL added 32160   PUT added 308220  OI= 524740
pcr13 =  BSE:SENSEX2682077400PE   8.11   7.23 CALL added 17660   PUT added 127620  OI= 167540
pcr14 =  BSE:SENSEX2682077300CE   10.34   8.52 CALL added 11140   PUT added 94900  OI= 13260
pcr15 =  BSE:SENSEX2682077200PE   12.83   8.05 CALL added 5440   PUT added 43780  OI= 90100
pcr16 =  BSE:SENSEX2682077100CE   15.85   10.16 CALL added 3320   PUT added 33740  OI= 3860
pcr17 =  BSE:SENSEX2682077000CE   8.03   6.79 CALL added 10560   PUT added 71680  OI= 35860
pcrSummation= 5.380000000000001  result =  ['BSE:SENSEX2682078600CE', 'BSE:SENSEX2682078500CE', 'BSE:SENSEX2682078400CE', 'BSE:SENSEX2682078300PE', 'BSE:SENSEX2682078200CE', 'BSE:SENSEX2682078100CE', 'BSE:SENSEX2682078000PE', 'BSE:SENSEX2682077900PE', 'BSE:SENSEX2682077800PE']
PCRSUM== 74.05
pcrSummation== 5.38
VOLPCRSUM== 6.279999999999999
spotLTP =  77845.59  ATM_STRIKE =  77800
IS_ATM_STRIKE_SHIFT = False  mapStrike = {77800: 77800}
avgOiPcrList2 = [np.float64(4.48), np.float64(4.37), np.float64(4.36)] atmStrikeNotShiftedCount= 3
False   3   3
SUPP_RES=== 78000  Buffer= 27
CEoich val =  422760.0  PEoich val =  195120.0 , CE > PE by 53.8%
SUPP_RES TOTAL OI: CE= 963540  PE= 711320 , CE > PE by 26.2%
IS_MORNING_WINDOW= True  (active 9:15-9:48 IST)
================================================
==== signal check time ==== 2026-08-14 09:39:00.698357
IS_CHOI_DIFF_GT_25PERC== True
RSI_VAL1== 46.1
RSI_VAL2== 46.1
FUT_3m_OHLC O= 78140.5  H= 78176.6  L= 78120.0  C= 78176.6  Range= 56.6
CHART_PATTERN_DETECTED: THREE_WHITE_SOLDIERS
  PATTERN_CONTEXT: Body= 36.1  Range= 56.6  ExpectedRange= 67.2  RangeRatio= 0.84  O= 78140.5  H= 78176.6  L= 78120.0  C= 78176.6
isPcrDecr = True
newSynthFut =  78200
ATMStrike =  77800
AVG_OIPCR= 0.6
avgoiPCROld=  4.36
SUPP_RES = 78000
FUT LTP = 78176.6
CEchoi  PechOi = 422760.0    195120.0
====================================
totalOIPCR = 0.97
AVG_VOLPCR= 0.7
atmPCR= 0.52  belowATM  0.66
atmVolPCR= 0.41  belowATM  0.86
True   78176.6   78000   False   True   46.1
no trade yet = [np.float64(4.48), np.float64(4.37), np.float64(4.36)]
curr Doji False
BSE:SENSEX2682078100PE  curr candle vol pcr = 0.39  PE= 31580  CE= 81420      cpr =  2.58
BSE:SENSEX2682078100PE  prev candle vol pcr = 0.97  PE= 75400  CE= 78120      cpr =  1.04
VOL_PRESSURE_WATCH: SINGLE_CANDLE_CALL_PRESSURE | currCPR= 2.58  prevCPR= 1.04
ATM_CE_premium= 373.35  ATM_PE_premium= 473.35
CE_PremChg= 13.45  PE_PremChg= -21.2
CandleBody= 36.1  PrevBody= 11.2  CandleRange= 56.6  Bullish
TotalVol= 113000  PrevTotalVol= 153520  VolSpike= 0.74 x 
SCALP_SCORE: NEUTRAL | BullScore= 2  BearScore= 2 | Confidence= LOW
DATAPOINT|09:39|FUT=78176.6|Body=36.1|PrevBody=11.2|Range=56.6|RangeRatio=0.84|CurrVolPCR=0.39|PrevVolPCR=0.97|CurrCPR=2.58|PrevCPR=1.04|VolSpike=0.74|CE_PremChg=13.45|PE_PremChg=-21.2|BullScore=2|BearScore=2|Dir=NEUTRAL|Conf=LOW
CHART_PATTERN_DETECTED: THREE_WHITE_SOLDIERS
  PATTERN_CONTEXT: Body= 36.1  Range= 56.6  ExpectedRange= 67.2  RangeRatio= 0.84  O= 78140.5  H= 78176.6  L= 78120.0  C= 78176.6
BSE:SENSEX-INDEX  strikecount= 3   fyers <fyers_apiv3.fyersModel.FyersModel object at 0x75fb8594b890>
======================================
oipcr1 =  BSE:SENSEX2682078100CE   0.66
oipcr2 =  BSE:SENSEX2682078000PE   0.74
oipcr3 =  BSE:SENSEX2682077900PE   0.9
oipcrBull = NoEntry  bulcount= 0  bearcount= 3 oipcrBear= BearTrade
atmpcr5 pcr6= 1.37    2.09
No Entry Yet
India VIX = 11.49  Spot Price = 77821.12
IV Regime = LOW (ADAPTIVE: P25= 11.86  P50= 12.16  P75= 12.9 ) | DailyRange = 1277.4 | 3minCandleRange = 67.2 (theoretical= 112.0 ) | ATMoptionMove = 30.2 | SL = 106 | Target = 106 | TrailTrigger = 30 | Spread = 300 | Buffer = 27
IV Params refreshed: {'vix': 11.49, 'bn_price': 77821.12, 'regime': 'LOW', 'regime_thresholds': 'P25=11.86 P50=12.16 P75=12.9', 'daily_range': 1277.4, 'candle_range': 67.2, 'atm_option_move': 30.2, 'sl_point': 106, 'target_point': 106, 'sl_pct_of_premium': 0.1, 'trail_trigger': 30, 'spread_width': 300, 'support_resistance_buffer': 27}
BSE:SENSEX-INDEX  strikecount= 8   fyers <fyers_apiv3.fyersModel.FyersModel object at 0x75fb8594b890>
===
====after 3 min ochain==== 2026-08-14 09:42:00.009324
                                    oipcr   choipcr   totalOI
pcr1 =  BSE:SENSEX2682078600CE   0.41   0.17 CALL added 48880   PUT added 8240  OI= 103220
pcr2 =  BSE:SENSEX2682078500CE   0.3   0.0 CALL added 249300   PUT added 1200  OI= 494640
pcr3 =  BSE:SENSEX2682078400CE   0.23   0.17 CALL added 70960   PUT added 12180  OI= 141840
pcr4 =  BSE:SENSEX2682078300PE   0.28   0.25 CALL added 94980   PUT added 23560  OI= 50840
pcr5 =  BSE:SENSEX2682078200CE   0.55   0.48 CALL added 82900   PUT added 39720  OI= 214780
pcr6 =  BSE:SENSEX2682078100CE   0.65    0.7 CALL added 147600   PUT added 103060  OI= 252140
pcr7 =  BSE:SENSEX2682078000PE   0.77   0.52 CALL added 400180   PUT added 206820  OI= 723020
pcr8 =  BSE:SENSEX2682077900PE   0.9   0.86 CALL added 265420   PUT added 227040  OI= 334320
pcr9 =  BSE:SENSEX2682077800PE   1.45   1.57 CALL added 299180   PUT added 471180  OI= 719740
pcr10 =  BSE:SENSEX2682077700CE   2.36   2.37 CALL added 150720   PUT added 357700  OI= 181340
pcr11 =  BSE:SENSEX2682077600PE   7.51   8.49 CALL added 45560   PUT added 386600  OI= 448240
pcr12 =  BSE:SENSEX2682077500PE   4.31   9.81 CALL added 32960   PUT added 323320  OI= 539840
pcr13 =  BSE:SENSEX2682077400PE   8.43   7.6 CALL added 17620   PUT added 133840  OI= 173760
pcr14 =  BSE:SENSEX2682077300CE   10.65   8.77 CALL added 10460   PUT added 91740  OI= 12580
pcr15 =  BSE:SENSEX2682077200PE   15.39   10.57 CALL added 4560   PUT added 48180  OI= 94500
pcr16 =  BSE:SENSEX2682077100CE   17.51   11.63 CALL added 3060   PUT added 35580  OI= 3600
pcr17 =  BSE:SENSEX2682077000CE   8.44   8.14 CALL added 9060   PUT added 73740  OI= 34360
pcrSummation= 7.49  result =  ['BSE:SENSEX2682078500CE', 'BSE:SENSEX2682078400CE', 'BSE:SENSEX2682078300PE', 'BSE:SENSEX2682078200CE', 'BSE:SENSEX2682078100CE', 'BSE:SENSEX2682078000PE', 'BSE:SENSEX2682077900PE', 'BSE:SENSEX2682077800PE', 'BSE:SENSEX2682077700CE']
PCRSUM== 80.14
pcrSummation== 7.49
VOLPCRSUM== 6.180000000000001
spotLTP =  77817.82  ATM_STRIKE =  77800
IS_ATM_STRIKE_SHIFT = False  mapStrike = {77800: 77800}
avgOiPcrList2 = [np.float64(4.37), np.float64(4.36), np.float64(4.71)] atmStrikeNotShiftedCount= 4
False   4   3
SUPP_RES=== 78000  Buffer= 27
CEoich val =  400180.0  PEoich val =  206820.0 , CE > PE by 48.3%
SUPP_RES TOTAL OI: CE= 940960  PE= 723020 , CE > PE by 23.2%
IS_MORNING_WINDOW= True  (active 9:15-9:48 IST)
================================================
==== signal check time ==== 2026-08-14 09:42:00.678688
IS_CHOI_DIFF_GT_25PERC== True
RSI_VAL1== 40.62
RSI_VAL2== 40.62
FUT_3m_OHLC O= 78170.7  H= 78176.6  L= 78106.7  C= 78106.7  Range= 69.9
CHART_PATTERN_DETECTED: STRONG_MOMENTUM_BEAR
  PATTERN_CONTEXT: Body= -64.0  Range= 69.9  ExpectedRange= 67.2  RangeRatio= 1.04  O= 78170.7  H= 78176.6  L= 78106.7  C= 78106.7
recent two = [np.float64(4.36), np.float64(4.71)]
newSynthFut =  78100
ATMStrike =  77800
AVG_OIPCR= 0.83
avgoiPCROld=  4.71
SUPP_RES = 78000
FUT LTP = 78106.7
CEchoi  PechOi = 400180.0    206820.0
====================================
totalOIPCR = 0.98
AVG_VOLPCR= 0.69
atmPCR= 0.55  belowATM  0.65
atmVolPCR= 0.4  belowATM  0.84
True   78106.7   78000   False   False   40.62
curr Doji False
BSE:SENSEX2682078100PE  curr candle vol pcr = 0.52  PE= 33440  CE= 64380      cpr =  1.93
BSE:SENSEX2682078100PE  prev candle vol pcr = 0.39  PE= 31580  CE= 81420      cpr =  2.58
VOL_PRESSURE_WATCH: SINGLE_CANDLE_CALL_PRESSURE | currCPR= 1.93  prevCPR= 2.58
ATM_CE_premium= 362.95  ATM_PE_premium= 484.85
CE_PremChg= -10.4  PE_PremChg= 11.5
CandleBody= -64.0  PrevBody= 36.1  CandleRange= 69.9  Bearish
TotalVol= 97820  PrevTotalVol= 113000  VolSpike= 0.87 x 
SCALP_SCORE: BEAR | BullScore= 1  BearScore= 2 | Confidence= LOW
DATAPOINT|09:42|FUT=78106.7|Body=-64.0|PrevBody=36.1|Range=69.9|RangeRatio=1.04|CurrVolPCR=0.52|PrevVolPCR=0.39|CurrCPR=1.93|PrevCPR=2.58|VolSpike=0.87|CE_PremChg=-10.4|PE_PremChg=11.5|BullScore=1|BearScore=2|Dir=BEAR|Conf=LOW
CHART_PATTERN_DETECTED: STRONG_MOMENTUM_BEAR
  PATTERN_CONTEXT: Body= -64.0  Range= 69.9  ExpectedRange= 67.2  RangeRatio= 1.04  O= 78170.7  H= 78176.6  L= 78106.7  C= 78106.7
BSE:SENSEX-INDEX  strikecount= 3   fyers <fyers_apiv3.fyersModel.FyersModel object at 0x75fb8594b890>
======================================
oipcr1 =  BSE:SENSEX2682078100CE   0.65
oipcr2 =  BSE:SENSEX2682078000PE   0.77
oipcr3 =  BSE:SENSEX2682077900PE   0.9
oipcrBull = NoEntry  bulcount= 0  bearcount= 3 oipcrBear= BearTrade
atmpcr5 pcr6= 1.45    2.36
No Entry Yet
India VIX = 11.52  Spot Price = 77814.07
IV Regime = LOW (ADAPTIVE: P25= 11.86  P50= 12.16  P75= 12.9 ) | DailyRange = 1280.6 | 3minCandleRange = 67.4 (theoretical= 112.3 ) | ATMoptionMove = 30.3 | SL = 106 | Target = 106 | TrailTrigger = 30 | Spread = 300 | Buffer = 27
IV Params refreshed: {'vix': 11.52, 'bn_price': 77814.07, 'regime': 'LOW', 'regime_thresholds': 'P25=11.86 P50=12.16 P75=12.9', 'daily_range': 1280.6, 'candle_range': 67.4, 'atm_option_move': 30.3, 'sl_point': 106, 'target_point': 106, 'sl_pct_of_premium': 0.1, 'trail_trigger': 30, 'spread_width': 300, 'support_resistance_buffer': 27}
BSE:SENSEX-INDEX  strikecount= 8   fyers <fyers_apiv3.fyersModel.FyersModel object at 0x75fb8594b890>
===
====after 3 min ochain==== 2026-08-14 09:45:00.007789
                                    oipcr   choipcr   totalOI
pcr1 =  BSE:SENSEX2682078600CE   0.4   0.16 CALL added 52500   PUT added 8600  OI= 106840
pcr2 =  BSE:SENSEX2682078500CE   0.31   0.03 CALL added 254700   PUT added 8440  OI= 500040
pcr3 =  BSE:SENSEX2682078400CE   0.21   0.14 CALL added 79620   PUT added 11100  OI= 150500
pcr4 =  BSE:SENSEX2682078300PE   0.29   0.27 CALL added 93460   PUT added 25180  OI= 52460
pcr5 =  BSE:SENSEX2682078200CE   0.54   0.46 CALL added 90360   PUT added 41860  OI= 222240
pcr6 =  BSE:SENSEX2682078100CE   0.67    0.72 CALL added 148660   PUT added 107060  OI= 253200
pcr7 =  BSE:SENSEX2682078000PE   0.77   0.53 CALL added 408660   PUT added 217660  OI= 733860
pcr8 =  BSE:SENSEX2682077900PE   0.9   0.85 CALL added 275600   PUT added 234800  OI= 342080
pcr9 =  BSE:SENSEX2682077800PE   1.49   1.64 CALL added 309480   PUT added 506440  OI= 755000
pcr10 =  BSE:SENSEX2682077700CE   2.45   2.49 CALL added 150680   PUT added 375060  OI= 181300
pcr11 =  BSE:SENSEX2682077600PE   7.38   8.3 CALL added 46260   PUT added 384100  OI= 445740
pcr12 =  BSE:SENSEX2682077500PE   4.28   9.38 CALL added 35080   PUT added 328960  OI= 545480
pcr13 =  BSE:SENSEX2682077400PE   7.91   7.09 CALL added 19620   PUT added 139040  OI= 178960
pcr14 =  BSE:SENSEX2682077300CE   9.97   8.14 CALL added 11560   PUT added 94120  OI= 13680
pcr15 =  BSE:SENSEX2682077200PE   14.45   9.34 CALL added 4600   PUT added 42960  OI= 89280
pcr16 =  BSE:SENSEX2682077100CE   17.64   12.04 CALL added 3200   PUT added 38540  OI= 3740
pcr17 =  BSE:SENSEX2682077000CE   8.81   9.63 CALL added 8460   PUT added 81440  OI= 33760
pcrSummation= 7.63  result =  ['BSE:SENSEX2682078500CE', 'BSE:SENSEX2682078400CE', 'BSE:SENSEX2682078300PE', 'BSE:SENSEX2682078200CE', 'BSE:SENSEX2682078100CE', 'BSE:SENSEX2682078000PE', 'BSE:SENSEX2682077900PE', 'BSE:SENSEX2682077800PE', 'BSE:SENSEX2682077700CE']
PCRSUM== 78.47
pcrSummation== 7.63
VOLPCRSUM== 6.140000000000001
spotLTP =  77816.93  ATM_STRIKE =  77800
IS_ATM_STRIKE_SHIFT = False  mapStrike = {77800: 77800}
avgOiPcrList2 = [np.float64(4.36), np.float64(4.71), np.float64(4.62)] atmStrikeNotShiftedCount= 5
False   5   3
SUPP_RES=== 78000  Buffer= 27
CEoich val =  408660.0  PEoich val =  217660.0 , CE > PE by 46.7%
SUPP_RES TOTAL OI: CE= 949440  PE= 733860 , CE > PE by 22.7%
IS_MORNING_WINDOW= True  (active 9:15-9:48 IST)
================================================
==== signal check time ==== 2026-08-14 09:45:00.683874
IS_CHOI_DIFF_GT_25PERC== True
RSI_VAL1== 39.76
RSI_VAL2== 39.76
FUT_3m_OHLC O= 78106.7  H= 78106.7  L= 78095.0  C= 78095.0  Range= 11.7
CHART_PATTERN_DETECTED: DOUBLE_BOTTOM_FORMING
  PATTERN_CONTEXT: Body= -11.7  Range= 11.7  ExpectedRange= 67.4  RangeRatio= 0.17  O= 78106.7  H= 78106.7  L= 78095.0  C= 78095.0
recent two = [np.float64(4.71), np.float64(4.62)]
newSynthFut =  78100
ATMStrike =  77800
AVG_OIPCR= 0.85
avgoiPCROld=  4.62
SUPP_RES = 78000
FUT LTP = 78095.0
CEchoi  PechOi = 408660.0    217660.0
====================================
totalOIPCR = 0.99
AVG_VOLPCR= 0.68
atmPCR= 0.54  belowATM  0.67
atmVolPCR= 0.39  belowATM  0.82
True   78095.0   78000   False   False   39.76
curr Doji False
BSE:SENSEX2682078100PE  curr candle vol pcr = 0.58  PE= 30360  CE= 52260      cpr =  1.72
BSE:SENSEX2682078100PE  prev candle vol pcr = 0.52  PE= 33440  CE= 64380      cpr =  1.93
ATM_CE_premium= 350.8  ATM_PE_premium= 492.65
CE_PremChg= -12.15  PE_PremChg= 7.8
CandleBody= -11.7  PrevBody= -64.0  CandleRange= 11.7  Bearish
TotalVol= 82620  PrevTotalVol= 97820  VolSpike= 0.84 x 
SCALP_SCORE: BEAR | BullScore= 0  BearScore= 3 | Confidence= MEDIUM
  SCALP_BEAR_REASONS: VolCPR_curr_bear + StrongBearCandle(100%) + 2ConsecBearCandles
DATAPOINT|09:45|FUT=78095.0|Body=-11.7|PrevBody=-64.0|Range=11.7|RangeRatio=0.17|CurrVolPCR=0.58|PrevVolPCR=0.52|CurrCPR=1.72|PrevCPR=1.93|VolSpike=0.84|CE_PremChg=-12.15|PE_PremChg=7.8|BullScore=0|BearScore=3|Dir=BEAR|Conf=MEDIUM
CHART_PATTERN_DETECTED: DOUBLE_BOTTOM_FORMING
  PATTERN_CONTEXT: Body= -11.7  Range= 11.7  ExpectedRange= 67.4  RangeRatio= 0.17  O= 78106.7  H= 78106.7  L= 78095.0  C= 78095.0
BSE:SENSEX-INDEX  strikecount= 3   fyers <fyers_apiv3.fyersModel.FyersModel object at 0x75fb8594b890>
======================================
oipcr1 =  BSE:SENSEX2682078100CE   0.67
oipcr2 =  BSE:SENSEX2682078000PE   0.77
oipcr3 =  BSE:SENSEX2682077900PE   0.9
oipcrBull = NoEntry  bulcount= 0  bearcount= 3 oipcrBear= BearTrade
atmpcr5 pcr6= 1.49    2.45
No Entry Yet
India VIX = 11.49  Spot Price = 77857.54
IV Regime = LOW (ADAPTIVE: P25= 11.86  P50= 12.16  P75= 12.9 ) | DailyRange = 1278.0 | 3minCandleRange = 67.3 (theoretical= 112.1 ) | ATMoptionMove = 30.3 | SL = 106 | Target = 106 | TrailTrigger = 30 | Spread = 300 | Buffer = 27
IV Params refreshed: {'vix': 11.49, 'bn_price': 77857.54, 'regime': 'LOW', 'regime_thresholds': 'P25=11.86 P50=12.16 P75=12.9', 'daily_range': 1278.0, 'candle_range': 67.3, 'atm_option_move': 30.3, 'sl_point': 106, 'target_point': 106, 'sl_pct_of_premium': 0.1, 'trail_trigger': 30, 'spread_width': 300, 'support_resistance_buffer': 27}
BSE:SENSEX-INDEX  strikecount= 8   fyers <fyers_apiv3.fyersModel.FyersModel object at 0x75fb8594b890>
===
====after 3 min ochain==== 2026-08-14 09:48:00.042703
                                    oipcr   choipcr   totalOI
pcr1 =  BSE:SENSEX2682078700PE   0.18   0.01 CALL added 55780   PUT added 300  OI= 18380
pcr2 =  BSE:SENSEX2682078600CE   0.43   0.22 CALL added 51460   PUT added 11340  OI= 105800
pcr3 =  BSE:SENSEX2682078500CE   0.32   0.06 CALL added 261460   PUT added 15340  OI= 506800
pcr4 =  BSE:SENSEX2682078400CE   0.2   0.12 CALL added 79280   PUT added 9700  OI= 150160
pcr5 =  BSE:SENSEX2682078300PE   0.29   0.26 CALL added 95780   PUT added 24600  OI= 51880
pcr6 =  BSE:SENSEX2682078200CE   0.52    0.42 CALL added 101960   PUT added 42340  OI= 233840
pcr7 =  BSE:SENSEX2682078100CE   0.67   0.72 CALL added 150880   PUT added 108720  OI= 255420
pcr8 =  BSE:SENSEX2682078000PE   0.75   0.5 CALL added 429020   PUT added 215480  OI= 731680
pcr9 =  BSE:SENSEX2682077900PE   0.89   0.84 CALL added 282900   PUT added 238520  OI= 345800
pcr10 =  BSE:SENSEX2682077800PE   1.45   1.56 CALL added 320020   PUT added 499680  OI= 748240
pcr11 =  BSE:SENSEX2682077700CE   2.44   2.47 CALL added 148560   PUT added 367660  OI= 179180
pcr12 =  BSE:SENSEX2682077600PE   7.34   8.23 CALL added 47360   PUT added 389800  OI= 451440
pcr13 =  BSE:SENSEX2682077500PE   4.34   9.62 CALL added 35000   PUT added 336840  OI= 553360
pcr14 =  BSE:SENSEX2682077400PE   7.69   6.87 CALL added 20560   PUT added 141340  OI= 181260
pcr15 =  BSE:SENSEX2682077300CE   10.14   8.3 CALL added 11300   PUT added 93840  OI= 13420
pcr16 =  BSE:SENSEX2682077200PE   14.5   9.45 CALL added 4640   PUT added 43860  OI= 90180
pcr17 =  BSE:SENSEX2682077100CE   17.6   12.0 CALL added 3200   PUT added 38400  OI= 3740
pcrSummation= 5.5200000000000005  result =  ['BSE:SENSEX2682078600CE', 'BSE:SENSEX2682078500CE', 'BSE:SENSEX2682078400CE', 'BSE:SENSEX2682078300PE', 'BSE:SENSEX2682078200CE', 'BSE:SENSEX2682078100CE', 'BSE:SENSEX2682078000PE', 'BSE:SENSEX2682077900PE', 'BSE:SENSEX2682077800PE']
PCRSUM== 69.75
pcrSummation== 5.52
VOLPCRSUM== 4.140000000000001
spotLTP =  77857.54  ATM_STRIKE =  77900
IS_ATM_STRIKE_SHIFT = True  mapStrike = {77900: 77900}
avgOiPcrList2 = [np.float64(4.1)] atmStrikeNotShiftedCount= 1
True   1   1
SUPP_RES=== 78000  Buffer= 27
CEoich val =  429020.0  PEoich val =  215480.0 , CE > PE by 49.8%
SUPP_RES TOTAL OI: CE= 969800  PE= 731680 , CE > PE by 24.6%
IS_MORNING_WINDOW= False  (active 9:15-9:48 IST)
================================================
==== signal check time ==== 2026-08-14 09:48:00.673768
IS_CHOI_DIFF_GT_25PERC== True
RSI_VAL1== 45.66
RSI_VAL2== 45.66
FUT_3m_OHLC O= 78151.2  H= 78151.2  L= 78151.2  C= 78151.2  Range= 0.0
CHART_PATTERN: None
newSynthFut =  78200
ATMStrike =  77900
AVG_OIPCR= 0.61
avgoiPCROld=  4.1
SUPP_RES = 78000
FUT LTP = 78151.2
CEchoi  PechOi = 429020.0    215480.0
====================================
totalOIPCR = 0.98
AVG_VOLPCR= 0.46
atmPCR= 0.29  belowATM  0.52
atmVolPCR= 0.2  belowATM  0.38
True   78151.2   78000   False   False   45.66
curr Doji False
BSE:SENSEX2682078100PE  curr candle vol pcr = 0.47  PE= 38220  CE= 82120      cpr =  2.15
BSE:SENSEX2682078100PE  prev candle vol pcr = 0.58  PE= 30360  CE= 52260      cpr =  1.72
VOL_PRESSURE_WATCH: SINGLE_CANDLE_CALL_PRESSURE | currCPR= 2.15  prevCPR= 1.72
ATM_CE_premium= 368.25  ATM_PE_premium= 471.8
CE_PremChg= 17.45  PE_PremChg= -20.85
CandleBody= 0.0  PrevBody= -11.7  CandleRange= 0.0  Doji
TotalVol= 120340  PrevTotalVol= 82620  VolSpike= 1.46 x 
SCALP_SCORE: BEAR | BullScore= 0  BearScore= 2 | Confidence= LOW
DATAPOINT|09:48|FUT=78151.2|Body=0.0|PrevBody=-11.7|Range=0.0|RangeRatio=0.0|CurrVolPCR=0.47|PrevVolPCR=0.58|CurrCPR=2.15|PrevCPR=1.72|VolSpike=1.46|CE_PremChg=17.45|PE_PremChg=-20.85|BullScore=0|BearScore=2|Dir=BEAR|Conf=LOW
CHART_PATTERN: None
BSE:SENSEX-INDEX  strikecount= 3   fyers <fyers_apiv3.fyersModel.FyersModel object at 0x75fb8594b890>
======================================
oipcr1 =  BSE:SENSEX2682078200CE   0.52
oipcr2 =  BSE:SENSEX2682078100CE   0.67
oipcr3 =  BSE:SENSEX2682078000PE   0.75
oipcrBull = NoEntry  bulcount= 0  bearcount= 3 oipcrBear= BearTrade
atmpcr5 pcr6= 0.89    1.45
No Entry Yet
India VIX = 11.5  Spot Price = 77847.99
IV Regime = LOW (ADAPTIVE: P25= 11.86  P50= 12.16  P75= 12.9 ) | DailyRange = 1278.9 | 3minCandleRange = 67.3 (theoretical= 112.2 ) | ATMoptionMove = 30.3 | SL = 106 | Target = 106 | TrailTrigger = 30 | Spread = 300 | Buffer = 27
IV Params refreshed: {'vix': 11.5, 'bn_price': 77847.99, 'regime': 'LOW', 'regime_thresholds': 'P25=11.86 P50=12.16 P75=12.9', 'daily_range': 1278.9, 'candle_range': 67.3, 'atm_option_move': 30.3, 'sl_point': 106, 'target_point': 106, 'sl_pct_of_premium': 0.1, 'trail_trigger': 30, 'spread_width': 300, 'support_resistance_buffer': 27}
BSE:SENSEX-INDEX  strikecount= 8   fyers <fyers_apiv3.fyersModel.FyersModel object at 0x75fb8594b890>
===
====after 3 min ochain==== 2026-08-14 09:51:00.033799
                                    oipcr   choipcr   totalOI
pcr1 =  BSE:SENSEX2682078600CE   0.44   0.25 CALL added 54660   PUT added 13900  OI= 109000
pcr2 =  BSE:SENSEX2682078500CE   0.32   0.07 CALL added 266080   PUT added 19860  OI= 511420
pcr3 =  BSE:SENSEX2682078400CE   0.21   0.14 CALL added 81200   PUT added 11440  OI= 152080
pcr4 =  BSE:SENSEX2682078300PE   0.26   0.22 CALL added 113040   PUT added 25100  OI= 52380
pcr5 =  BSE:SENSEX2682078200CE   0.49   0.37 CALL added 113960   PUT added 42400  OI= 245840
pcr6 =  BSE:SENSEX2682078100CE   0.65    0.69 CALL added 163360   PUT added 112680  OI= 267900
pcr7 =  BSE:SENSEX2682078000PE   0.74   0.5 CALL added 470720   PUT added 236660  OI= 752860
pcr8 =  BSE:SENSEX2682077900PE   0.88   0.83 CALL added 309780   PUT added 256680  OI= 363960
pcr9 =  BSE:SENSEX2682077800PE   1.49   1.63 CALL added 317600   PUT added 519220  OI= 767780
pcr10 =  BSE:SENSEX2682077700CE   2.4   2.43 CALL added 157560   PUT added 382360  OI= 188180
pcr11 =  BSE:SENSEX2682077600PE   6.97   7.7 CALL added 50560   PUT added 389480  OI= 451120
pcr12 =  BSE:SENSEX2682077500PE   4.28   9.24 CALL added 35960   PUT added 332140  OI= 548660
pcr13 =  BSE:SENSEX2682077400PE   8.44   7.69 CALL added 19300   PUT added 148400  OI= 188320
pcr14 =  BSE:SENSEX2682077300CE   11.16   9.41 CALL added 10600   PUT added 99720  OI= 12720
pcr15 =  BSE:SENSEX2682077200PE   14.5   9.62 CALL added 4800   PUT added 46200  OI= 92520
pcr16 =  BSE:SENSEX2682077100CE   18.24   12.91 CALL added 3300   PUT added 42600  OI= 3840
pcr17 =  BSE:SENSEX2682077000CE   8.77   9.36 CALL added 9620   PUT added 90020  OI= 34920
pcrSummation= 5.48  result =  ['BSE:SENSEX2682078600CE', 'BSE:SENSEX2682078500CE', 'BSE:SENSEX2682078400CE', 'BSE:SENSEX2682078300PE', 'BSE:SENSEX2682078200CE', 'BSE:SENSEX2682078100CE', 'BSE:SENSEX2682078000PE', 'BSE:SENSEX2682077900PE', 'BSE:SENSEX2682077800PE']
PCRSUM== 80.24
pcrSummation== 5.48
VOLPCRSUM== 5.9
spotLTP =  77847.99  ATM_STRIKE =  77800
IS_ATM_STRIKE_SHIFT = True  mapStrike = {77800: 77800}
avgOiPcrList2 = [np.float64(4.72)] atmStrikeNotShiftedCount= 1
True   1   1
SUPP_RES=== 78000  Buffer= 27
CEoich val =  470720.0  PEoich val =  236660.0 , CE > PE by 49.7%
SUPP_RES TOTAL OI: CE= 1011500  PE= 752860 , CE > PE by 25.6%
IS_MORNING_WINDOW= False  (active 9:15-9:48 IST)
================================================
==== signal check time ==== 2026-08-14 09:51:00.708650
IS_CHOI_DIFF_GT_25PERC== True
RSI_VAL1== 47.95
RSI_VAL2== 47.95
FUT_3m_OHLC O= 78180.8  H= 78180.8  L= 78174.6  C= 78174.6  Range= 6.1
CHART_PATTERN_DETECTED: DOUBLE_TOP_FORMING
  PATTERN_CONTEXT: Body= -6.1  Range= 6.1  ExpectedRange= 67.3  RangeRatio= 0.09  O= 78180.8  H= 78180.8  L= 78174.6  C= 78174.6
newSynthFut =  78200
ATMStrike =  77800
AVG_OIPCR= 0.61
avgoiPCROld=  4.72
SUPP_RES = 78000
FUT LTP = 78174.65
CEchoi  PechOi = 470720.0    236660.0
====================================
totalOIPCR = 0.98
AVG_VOLPCR= 0.66
atmPCR= 0.49  belowATM  0.65
atmVolPCR= 0.38  belowATM  0.78
True   78174.65   78000   False   False   47.95
curr Doji False
BSE:SENSEX2682078100PE  curr candle vol pcr = 0.51  PE= 17300  CE= 33640      cpr =  1.94
BSE:SENSEX2682078100PE  prev candle vol pcr = 0.47  PE= 38220  CE= 82120      cpr =  2.15
VOL_PRESSURE_WATCH: SINGLE_CANDLE_CALL_PRESSURE | currCPR= 1.94  prevCPR= 2.15
ATM_CE_premium= 362.5  ATM_PE_premium= 477.1
CE_PremChg= -5.75  PE_PremChg= 5.3
CandleBody= -6.1  PrevBody= 0.0  CandleRange= 6.1  Bearish
TotalVol= 50940  PrevTotalVol= 120340  VolSpike= 0.42 x 
SCALP_SCORE: BEAR | BullScore= 0  BearScore= 2 | Confidence= LOW
DATAPOINT|09:51|FUT=78174.6|Body=-6.1|PrevBody=0.0|Range=6.1|RangeRatio=0.09|CurrVolPCR=0.51|PrevVolPCR=0.47|CurrCPR=1.94|PrevCPR=2.15|VolSpike=0.42|CE_PremChg=-5.75|PE_PremChg=5.3|BullScore=0|BearScore=2|Dir=BEAR|Conf=LOW
CHART_PATTERN_DETECTED: DOUBLE_TOP_FORMING
  PATTERN_CONTEXT: Body= -6.1  Range= 6.1  ExpectedRange= 67.3  RangeRatio= 0.09  O= 78180.8  H= 78180.8  L= 78174.6  C= 78174.6
BSE:SENSEX-INDEX  strikecount= 3   fyers <fyers_apiv3.fyersModel.FyersModel object at 0x75fb8594b890>
======================================
oipcr1 =  BSE:SENSEX2682078200CE   0.49
oipcr2 =  BSE:SENSEX2682078100CE   0.65
oipcr3 =  BSE:SENSEX2682078000PE   0.74
oipcrBull = NoEntry  bulcount= 0  bearcount= 3 oipcrBear= BearTrade
atmpcr5 pcr6= 0.88    1.49
No Entry Yet
India VIX = 11.53  Spot Price = 77821.96
IV Regime = LOW (ADAPTIVE: P25= 11.86  P50= 12.16  P75= 12.9 ) | DailyRange = 1281.8 | 3minCandleRange = 67.5 (theoretical= 112.4 ) | ATMoptionMove = 30.4 | SL = 106 | Target = 106 | TrailTrigger = 30 | Spread = 300 | Buffer = 27
IV Params refreshed: {'vix': 11.53, 'bn_price': 77821.96, 'regime': 'LOW', 'regime_thresholds': 'P25=11.86 P50=12.16 P75=12.9', 'daily_range': 1281.8, 'candle_range': 67.5, 'atm_option_move': 30.4, 'sl_point': 106, 'target_point': 106, 'sl_pct_of_premium': 0.1, 'trail_trigger': 30, 'spread_width': 300, 'support_resistance_buffer': 27}
BSE:SENSEX-INDEX  strikecount= 8   fyers <fyers_apiv3.fyersModel.FyersModel object at 0x75fb8594b890>
===
====after 3 min ochain==== 2026-08-14 09:54:00.035742
                                    oipcr   choipcr   totalOI
pcr1 =  BSE:SENSEX2682078600CE   0.44   0.26 CALL added 54760   PUT added 14100  OI= 109100
pcr2 =  BSE:SENSEX2682078500CE   0.33   0.08 CALL added 270500   PUT added 22720  OI= 515840
pcr3 =  BSE:SENSEX2682078400CE   0.21   0.15 CALL added 83140   PUT added 12240  OI= 154020
pcr4 =  BSE:SENSEX2682078300PE   0.29   0.26 CALL added 102500   PUT added 26800  OI= 54080
pcr5 =  BSE:SENSEX2682078200CE   0.5   0.39 CALL added 117620   PUT added 46220  OI= 249500
pcr6 =  BSE:SENSEX2682078100CE   0.65    0.69 CALL added 163760   PUT added 113720  OI= 268300
pcr7 =  BSE:SENSEX2682078000PE   0.74   0.5 CALL added 484800   PUT added 240600  OI= 756800
pcr8 =  BSE:SENSEX2682077900PE   0.91   0.87 CALL added 310060   PUT added 269500  OI= 376780
pcr9 =  BSE:SENSEX2682077800PE   1.53   1.7 CALL added 312980   PUT added 532460  OI= 781020
pcr10 =  BSE:SENSEX2682077700CE   2.41   2.43 CALL added 159800   PUT added 388900  OI= 190420
pcr11 =  BSE:SENSEX2682077600PE   6.98   7.71 CALL added 51100   PUT added 393780  OI= 455420
pcr12 =  BSE:SENSEX2682077500PE   4.31   9.41 CALL added 35720   PUT added 336140  OI= 552660
pcr13 =  BSE:SENSEX2682077400PE   8.6   7.86 CALL added 19280   PUT added 151600  OI= 191520
pcr14 =  BSE:SENSEX2682077300CE   9.79   8.07 CALL added 12480   PUT added 100740  OI= 14600
pcr15 =  BSE:SENSEX2682077200PE   14.78   9.96 CALL added 4760   PUT added 47400  OI= 93720
pcr16 =  BSE:SENSEX2682077100CE   19.17   13.99 CALL added 3300   PUT added 46160  OI= 3840
pcr17 =  BSE:SENSEX2682077000CE   9.0   10.22 CALL added 9620   PUT added 98300  OI= 34920
pcrSummation= 7.57  result =  ['BSE:SENSEX2682078500CE', 'BSE:SENSEX2682078400CE', 'BSE:SENSEX2682078300PE', 'BSE:SENSEX2682078200CE', 'BSE:SENSEX2682078100CE', 'BSE:SENSEX2682078000PE', 'BSE:SENSEX2682077900PE', 'BSE:SENSEX2682077800PE', 'BSE:SENSEX2682077700CE']
PCRSUM== 80.64
pcrSummation== 7.57
VOLPCRSUM== 5.8500000000000005
spotLTP =  77821.96  ATM_STRIKE =  77800
IS_ATM_STRIKE_SHIFT = False  mapStrike = {77800: 77800}
avgOiPcrList2 = [np.float64(4.72), np.float64(4.74)] atmStrikeNotShiftedCount= 2
False   2   2
SUPP_RES=== 78000  Buffer= 27
CEoich val =  484800.0  PEoich val =  240600.0 , CE > PE by 50.4%
SUPP_RES TOTAL OI: CE= 1025580  PE= 756800 , CE > PE by 26.2%
IS_MORNING_WINDOW= False  (active 9:15-9:48 IST)
================================================
==== signal check time ==== 2026-08-14 09:54:00.651527
IS_CHOI_DIFF_GT_25PERC== True
RSI_VAL1== 43.7
RSI_VAL2== 43.7
FUT_3m_OHLC O= 78124.4  H= 78160.2  L= 78124.4  C= 78124.4  Range= 35.8
CHART_PATTERN: None
newSynthFut =  78100
ATMStrike =  77800
AVG_OIPCR= 0.84
avgoiPCROld=  4.74
SUPP_RES = 78000
FUT LTP = 78124.45
CEchoi  PechOi = 484800.0    240600.0
====================================
totalOIPCR = 0.99
AVG_VOLPCR= 0.65
atmPCR= 0.5  belowATM  0.65
atmVolPCR= 0.38  belowATM  0.77
True   78124.45   78000   False   False   43.7
curr Doji False
BSE:SENSEX2682078100PE  curr candle vol pcr = 0.58  PE= 25440  CE= 43580      cpr =  1.71
BSE:SENSEX2682078100PE  prev candle vol pcr = 0.51  PE= 17300  CE= 33640      cpr =  1.94
ATM_CE_premium= 345.75  ATM_PE_premium= 493.65
CE_PremChg= -16.75  PE_PremChg= 16.55
CandleBody= 0.0  PrevBody= -6.1  CandleRange= 35.8  Doji
TotalVol= 69020  PrevTotalVol= 50940  VolSpike= 1.35 x 
SCALP_SCORE: NEUTRAL | BullScore= 1  BearScore= 1 | Confidence= LOW
DATAPOINT|09:54|FUT=78124.4|Body=0.0|PrevBody=-6.1|Range=35.8|RangeRatio=0.53|CurrVolPCR=0.58|PrevVolPCR=0.51|CurrCPR=1.71|PrevCPR=1.94|VolSpike=1.35|CE_PremChg=-16.75|PE_PremChg=16.55|BullScore=1|BearScore=1|Dir=NEUTRAL|Conf=LOW
CHART_PATTERN: None
BSE:SENSEX-INDEX  strikecount= 3   fyers <fyers_apiv3.fyersModel.FyersModel object at 0x75fb8594b890>
======================================
oipcr1 =  BSE:SENSEX2682078100CE   0.65
oipcr2 =  BSE:SENSEX2682078000PE   0.74
oipcr3 =  BSE:SENSEX2682077900PE   0.91
oipcrBull = NoEntry  bulcount= 0  bearcount= 3 oipcrBear= BearTrade
atmpcr5 pcr6= 1.53    2.41
No Entry Yet
India VIX = 11.47  Spot Price = 77828.33
IV Regime = LOW (ADAPTIVE: P25= 11.86  P50= 12.16  P75= 12.9 ) | DailyRange = 1275.3 | 3minCandleRange = 67.1 (theoretical= 111.8 ) | ATMoptionMove = 30.2 | SL = 106 | Target = 106 | TrailTrigger = 30 | Spread = 300 | Buffer = 27
IV Params refreshed: {'vix': 11.47, 'bn_price': 77828.33, 'regime': 'LOW', 'regime_thresholds': 'P25=11.86 P50=12.16 P75=12.9', 'daily_range': 1275.3, 'candle_range': 67.1, 'atm_option_move': 30.2, 'sl_point': 106, 'target_point': 106, 'sl_pct_of_premium': 0.1, 'trail_trigger': 30, 'spread_width': 300, 'support_resistance_buffer': 27}
BSE:SENSEX-INDEX  strikecount= 8   fyers <fyers_apiv3.fyersModel.FyersModel object at 0x75fb8594b890>
===
====after 3 min ochain==== 2026-08-14 09:57:00.039396
                                    oipcr   choipcr   totalOI
pcr1 =  BSE:SENSEX2682078600CE   0.42   0.23 CALL added 56440   PUT added 12840  OI= 110780
pcr2 =  BSE:SENSEX2682078500CE   0.33   0.08 CALL added 267520   PUT added 21060  OI= 512860
pcr3 =  BSE:SENSEX2682078400CE   0.21   0.14 CALL added 82240   PUT added 11120  OI= 153120
pcr4 =  BSE:SENSEX2682078300PE   0.28   0.24 CALL added 104320   PUT added 25000  OI= 52280
pcr5 =  BSE:SENSEX2682078200CE   0.45   0.29 CALL added 118940   PUT added 34760  OI= 250820
pcr6 =  BSE:SENSEX2682078100CE   0.64    0.67 CALL added 160240   PUT added 107520  OI= 264780
pcr7 =  BSE:SENSEX2682078000PE   0.73   0.48 CALL added 487280   PUT added 232980  OI= 749180
pcr8 =  BSE:SENSEX2682077900PE   0.9   0.86 CALL added 308960   PUT added 264820  OI= 372100
pcr9 =  BSE:SENSEX2682077800PE   1.49   1.62 CALL added 331720   PUT added 539000  OI= 787560
pcr10 =  BSE:SENSEX2682077700CE   2.37   2.38 CALL added 162380   PUT added 386880  OI= 193000
pcr11 =  BSE:SENSEX2682077600PE   7.45   8.36 CALL added 48180   PUT added 402720  OI= 464360
pcr12 =  BSE:SENSEX2682077500PE   4.19   8.44 CALL added 40160   PUT added 339040  OI= 555560
pcr13 =  BSE:SENSEX2682077400PE   8.16   7.41 CALL added 20580   PUT added 152560  OI= 192480
pcr14 =  BSE:SENSEX2682077300CE   9.75   8.08 CALL added 12920   PUT added 104380  OI= 15040
pcr15 =  BSE:SENSEX2682077200PE   13.65   9.25 CALL added 5620   PUT added 51960  OI= 98280
pcr16 =  BSE:SENSEX2682077100CE   20.97   15.84 CALL added 3140   PUT added 49740  OI= 3680
pcr17 =  BSE:SENSEX2682077000CE   9.08   10.35 CALL added 10800   PUT added 111760  OI= 36100
pcrSummation= 7.4  result =  ['BSE:SENSEX2682078500CE', 'BSE:SENSEX2682078400CE', 'BSE:SENSEX2682078300PE', 'BSE:SENSEX2682078200CE', 'BSE:SENSEX2682078100CE', 'BSE:SENSEX2682078000PE', 'BSE:SENSEX2682077900PE', 'BSE:SENSEX2682077800PE', 'BSE:SENSEX2682077700CE']
PCRSUM== 81.07
pcrSummation== 7.4
VOLPCRSUM== 5.8100000000000005
spotLTP =  77828.33  ATM_STRIKE =  77800
IS_ATM_STRIKE_SHIFT = False  mapStrike = {77800: 77800}
avgOiPcrList2 = [np.float64(4.72), np.float64(4.74), np.float64(4.77)] atmStrikeNotShiftedCount= 3
False   3   3
SUPP_RES=== 78000  Buffer= 27
CEoich val =  487280.0  PEoich val =  232980.0 , CE > PE by 52.2%
SUPP_RES TOTAL OI: CE= 1028060  PE= 749180 , CE > PE by 27.1%
IS_MORNING_WINDOW= False  (active 9:15-9:48 IST)
================================================
==== signal check time ==== 2026-08-14 09:57:00.629832
IS_CHOI_DIFF_GT_25PERC== True
RSI_VAL1== 41.76
RSI_VAL2== 41.76
FUT_3m_OHLC O= 78124.4  H= 78124.4  L= 78100.0  C= 78100.0  Range= 24.4
CHART_PATTERN: None
isPcrInc = True
newSynthFut =  78100
ATMStrike =  77800
AVG_OIPCR= 0.82
avgoiPCROld=  4.77
SUPP_RES = 78000
FUT LTP = 78100.0
CEchoi  PechOi = 487280.0    232980.0
====================================
totalOIPCR = 0.98
AVG_VOLPCR= 0.65
atmPCR= 0.45  belowATM  0.64
atmVolPCR= 0.38  belowATM  0.76
True   78100.0   78000   True   False   41.76
In Bull trade, slCount =  0  (mode= LOGIC3_CHOI_15PCT )
============================================================
LOGIC3_OBSERVE: WOULD_HAVE_ENTERED BULL (no real order — LOGIC3 is observation-only)
  FUT=78100.0 SUPP_RES=78000 CEchoi=487280.0 PEchoi=232980.0
============================================================
India VIX = 11.47  Spot Price = 77828.33
IV Regime = LOW (ADAPTIVE: P25= 11.86  P50= 12.16  P75= 12.9 ) | DailyRange = 1275.3 | 3minCandleRange = 67.1 (theoretical= 111.8 ) | ATMoptionMove = 30.2 | SL = 106 | Target = 106 | TrailTrigger = 30 | Spread = 300 | Buffer = 27
IV Params refreshed: {'vix': 11.47, 'bn_price': 77828.33, 'regime': 'LOW', 'regime_thresholds': 'P25=11.86 P50=12.16 P75=12.9', 'daily_range': 1275.3, 'candle_range': 67.1, 'atm_option_move': 30.2, 'sl_point': 106, 'target_point': 106, 'sl_pct_of_premium': 0.1, 'trail_trigger': 30, 'spread_width': 300, 'support_resistance_buffer': 27}
BSE:SENSEX-INDEX  strikecount= 8   fyers <fyers_apiv3.fyersModel.FyersModel object at 0x75fb8594b890>
===
====after 3 min ochain==== 2026-08-14 09:57:00.732571
                                    oipcr   choipcr   totalOI
pcr1 =  BSE:SENSEX2682078600CE   0.42   0.23 CALL added 56440   PUT added 12840  OI= 110780
pcr2 =  BSE:SENSEX2682078500CE   0.33   0.08 CALL added 267520   PUT added 21060  OI= 512860
pcr3 =  BSE:SENSEX2682078400CE   0.21   0.14 CALL added 82240   PUT added 11120  OI= 153120
pcr4 =  BSE:SENSEX2682078300PE   0.28   0.24 CALL added 104320   PUT added 25000  OI= 52280
pcr5 =  BSE:SENSEX2682078200CE   0.45   0.29 CALL added 118940   PUT added 34760  OI= 250820
pcr6 =  BSE:SENSEX2682078100CE   0.64    0.67 CALL added 160240   PUT added 107520  OI= 264780
pcr7 =  BSE:SENSEX2682078000PE   0.73   0.48 CALL added 487280   PUT added 232980  OI= 749180
pcr8 =  BSE:SENSEX2682077900PE   0.9   0.86 CALL added 308960   PUT added 264820  OI= 372100
pcr9 =  BSE:SENSEX2682077800PE   1.49   1.62 CALL added 331720   PUT added 539000  OI= 787560
pcr10 =  BSE:SENSEX2682077700CE   2.37   2.38 CALL added 162380   PUT added 386880  OI= 193000
pcr11 =  BSE:SENSEX2682077600PE   7.45   8.36 CALL added 48180   PUT added 402720  OI= 464360
pcr12 =  BSE:SENSEX2682077500PE   4.19   8.44 CALL added 40160   PUT added 339040  OI= 555560
pcr13 =  BSE:SENSEX2682077400PE   8.16   7.41 CALL added 20580   PUT added 152560  OI= 192480
pcr14 =  BSE:SENSEX2682077300CE   9.75   8.08 CALL added 12920   PUT added 104380  OI= 15040
pcr15 =  BSE:SENSEX2682077200PE   13.65   9.25 CALL added 5620   PUT added 51960  OI= 98280
pcr16 =  BSE:SENSEX2682077100CE   20.97   15.84 CALL added 3140   PUT added 49740  OI= 3680
pcr17 =  BSE:SENSEX2682077000CE   9.08   10.35 CALL added 10800   PUT added 111760  OI= 36100
pcrSummation= 7.4  result =  ['BSE:SENSEX2682078500CE', 'BSE:SENSEX2682078400CE', 'BSE:SENSEX2682078300PE', 'BSE:SENSEX2682078200CE', 'BSE:SENSEX2682078100CE', 'BSE:SENSEX2682078000PE', 'BSE:SENSEX2682077900PE', 'BSE:SENSEX2682077800PE', 'BSE:SENSEX2682077700CE']
PCRSUM== 81.07
pcrSummation== 7.4
VOLPCRSUM== 5.8100000000000005
spotLTP =  77825.76  ATM_STRIKE =  77800
IS_ATM_STRIKE_SHIFT = False  mapStrike = {77800: 77800}
avgOiPcrList2 = [np.float64(4.74), np.float64(4.77), np.float64(4.77)] atmStrikeNotShiftedCount= 4
False   4   3
SUPP_RES=== 78000  Buffer= 27
CEoich val =  487280.0  PEoich val =  232980.0 , CE > PE by 52.2%
SUPP_RES TOTAL OI: CE= 1028060  PE= 749180 , CE > PE by 27.1%
IS_MORNING_WINDOW= False  (active 9:15-9:48 IST)
================================================
==== signal check time ==== 2026-08-14 09:57:01.317623
IS_CHOI_DIFF_GT_25PERC== True
RSI_VAL1== 41.76
RSI_VAL2== 41.76
FUT_3m_OHLC O= 78124.4  H= 78124.4  L= 78100.0  C= 78100.0  Range= 24.4
CHART_PATTERN: None
neither = [np.float64(4.77)]
newSynthFut =  78100
ATMStrike =  77800
AVG_OIPCR= 0.82
avgoiPCROld=  4.77
SUPP_RES = 78000
FUT LTP = 78100.0
CEchoi  PechOi = 487280.0    232980.0
====================================
totalOIPCR = 0.98
AVG_VOLPCR= 0.65
atmPCR= 0.45  belowATM  0.64
atmVolPCR= 0.38  belowATM  0.76
True   78100.0   78000   False   False   41.76
curr Doji False
BSE:SENSEX2682078100PE  curr candle vol pcr = 0.67  PE= 44660  CE= 66880      cpr =  1.5
BSE:SENSEX2682078100PE  prev candle vol pcr = 0.58  PE= 25440  CE= 43580      cpr =  1.71
ATM_CE_premium= 354.25  ATM_PE_premium= 480.55
CE_PremChg= 8.5  PE_PremChg= -13.1
CandleBody= -24.4  PrevBody= 0.0  CandleRange= 24.4  Bearish
TotalVol= 111540  PrevTotalVol= 69020  VolSpike= 1.62 x 
SCALP_SCORE: BEAR | BullScore= 0  BearScore= 3 | Confidence= MEDIUM
  SCALP_BEAR_REASONS: VolCPR_curr_bear + StrongBearCandle(100%) + VolRise(1.62x)_bear
DATAPOINT|09:57|FUT=78100.0|Body=-24.4|PrevBody=0.0|Range=24.4|RangeRatio=0.36|CurrVolPCR=0.67|PrevVolPCR=0.58|CurrCPR=1.5|PrevCPR=1.71|VolSpike=1.62|CE_PremChg=8.5|PE_PremChg=-13.1|BullScore=0|BearScore=3|Dir=BEAR|Conf=MEDIUM
CHART_PATTERN: None
BSE:SENSEX-INDEX  strikecount= 3   fyers <fyers_apiv3.fyersModel.FyersModel object at 0x75fb8594b890>
======================================
oipcr1 =  BSE:SENSEX2682078100CE   0.64
oipcr2 =  BSE:SENSEX2682078000PE   0.73
oipcr3 =  BSE:SENSEX2682077900PE   0.9
oipcrBull = NoEntry  bulcount= 0  bearcount= 3 oipcrBear= BearTrade
atmpcr5 pcr6= 1.49    2.37
No Entry Yet
India VIX = 11.48  Spot Price = 77842.52
IV Regime = LOW (ADAPTIVE: P25= 11.86  P50= 12.16  P75= 12.9 ) | DailyRange = 1276.6 | 3minCandleRange = 67.2 (theoretical= 112.0 ) | ATMoptionMove = 30.2 | SL = 106 | Target = 106 | TrailTrigger = 30 | Spread = 300 | Buffer = 27
IV Params refreshed: {'vix': 11.48, 'bn_price': 77842.52, 'regime': 'LOW', 'regime_thresholds': 'P25=11.86 P50=12.16 P75=12.9', 'daily_range': 1276.6, 'candle_range': 67.2, 'atm_option_move': 30.2, 'sl_point': 106, 'target_point': 106, 'sl_pct_of_premium': 0.1, 'trail_trigger': 30, 'spread_width': 300, 'support_resistance_buffer': 27}
BSE:SENSEX-INDEX  strikecount= 8   fyers <fyers_apiv3.fyersModel.FyersModel object at 0x75fb8594b890>
===
====after 3 min ochain==== 2026-08-14 10:00:00.039886
                                    oipcr   choipcr   totalOI
pcr1 =  BSE:SENSEX2682078600CE   0.41   0.21 CALL added 60340   PUT added 12880  OI= 114680
pcr2 =  BSE:SENSEX2682078500CE   0.32   0.08 CALL added 272240   PUT added 21040  OI= 517580
pcr3 =  BSE:SENSEX2682078400CE   0.2   0.13 CALL added 86220   PUT added 11500  OI= 157100
pcr4 =  BSE:SENSEX2682078300PE   0.28   0.25 CALL added 109360   PUT added 27180  OI= 54460
pcr5 =  BSE:SENSEX2682078200CE   0.45   0.29 CALL added 119840   PUT added 34640  OI= 251720
pcr6 =  BSE:SENSEX2682078100CE   0.66    0.7 CALL added 161240   PUT added 112320  OI= 265780
pcr7 =  BSE:SENSEX2682078000PE   0.72   0.48 CALL added 503620   PUT added 240280  OI= 756480
pcr8 =  BSE:SENSEX2682077900PE   0.89   0.84 CALL added 321340   PUT added 271520  OI= 378800
pcr9 =  BSE:SENSEX2682077800PE   1.5   1.64 CALL added 332640   PUT added 545680  OI= 794240
pcr10 =  BSE:SENSEX2682077700CE   2.35   2.36 CALL added 170500   PUT added 402520  OI= 201120
pcr11 =  BSE:SENSEX2682077600PE   7.54   8.49 CALL added 47500   PUT added 403440  OI= 465080
pcr12 =  BSE:SENSEX2682077500PE   4.19   8.32 CALL added 41460   PUT added 344780  OI= 561300
pcr13 =  BSE:SENSEX2682077400PE   8.26   7.52 CALL added 20380   PUT added 153200  OI= 193120
pcr14 =  BSE:SENSEX2682077300CE   9.44   7.84 CALL added 13860   PUT added 108660  OI= 15980
pcr15 =  BSE:SENSEX2682077200PE   14.95   10.48 CALL added 5080   PUT added 53260  OI= 99580
pcr16 =  BSE:SENSEX2682077100CE   20.94   15.83 CALL added 3160   PUT added 50020  OI= 3700
pcr17 =  BSE:SENSEX2682077000CE   8.94   9.78 CALL added 11780   PUT added 115240  OI= 37080
pcrSummation= 5.43  result =  ['BSE:SENSEX2682078600CE', 'BSE:SENSEX2682078500CE', 'BSE:SENSEX2682078400CE', 'BSE:SENSEX2682078300PE', 'BSE:SENSEX2682078200CE', 'BSE:SENSEX2682078100CE', 'BSE:SENSEX2682078000PE', 'BSE:SENSEX2682077900PE', 'BSE:SENSEX2682077800PE']
PCRSUM== 82.04
pcrSummation== 5.43
VOLPCRSUM== 5.7700000000000005
spotLTP =  77841.55  ATM_STRIKE =  77800
IS_ATM_STRIKE_SHIFT = False  mapStrike = {77800: 77800}
avgOiPcrList2 = [np.float64(4.77), np.float64(4.83)] atmStrikeNotShiftedCount= 5
False   5   2
SUPP_RES=== 78000  Buffer= 27
CEoich val =  503620.0  PEoich val =  240280.0 , CE > PE by 52.3%
SUPP_RES TOTAL OI: CE= 1044400  PE= 756480 , CE > PE by 27.6%
IS_MORNING_WINDOW= False  (active 9:15-9:48 IST)
================================================
==== signal check time ==== 2026-08-14 10:00:00.749867
IS_CHOI_DIFF_GT_25PERC== True
RSI_VAL1== 47.43
RSI_VAL2== 47.43
FUT_3m_OHLC O= 78155.2  H= 78155.2  L= 78155.2  C= 78155.2  Range= 0.0
CHART_PATTERN: None
newSynthFut =  78200
ATMStrike =  77800
AVG_OIPCR= 0.6
avgoiPCROld=  4.83
SUPP_RES = 78000
FUT LTP = 78155.15
CEchoi  PechOi = 503620.0    240280.0
====================================
totalOIPCR = 0.98
AVG_VOLPCR= 0.64
atmPCR= 0.45  belowATM  0.66
atmVolPCR= 0.38  belowATM  0.75
True   78155.15   78000   False   False   47.43
curr Doji False
BSE:SENSEX2682078100PE  curr candle vol pcr = 0.48  PE= 18240  CE= 38260      cpr =  2.1
BSE:SENSEX2682078100PE  prev candle vol pcr = 0.67  PE= 44660  CE= 66880      cpr =  1.5
VOL_PRESSURE_WATCH: SINGLE_CANDLE_CALL_PRESSURE | currCPR= 2.1  prevCPR= 1.5
ATM_CE_premium= 355.7  ATM_PE_premium= 477.5
CE_PremChg= 1.45  PE_PremChg= -3.05
CandleBody= 0.0  PrevBody= -24.4  CandleRange= 0.0  Doji
TotalVol= 56500  PrevTotalVol= 111540  VolSpike= 0.51 x 
SCALP_SCORE: BEAR | BullScore= 0  BearScore= 1 | Confidence= LOW
DATAPOINT|10:00|FUT=78155.2|Body=0.0|PrevBody=-24.4|Range=0.0|RangeRatio=0.0|CurrVolPCR=0.48|PrevVolPCR=0.67|CurrCPR=2.1|PrevCPR=1.5|VolSpike=0.51|CE_PremChg=1.45|PE_PremChg=-3.05|BullScore=0|BearScore=1|Dir=BEAR|Conf=LOW
CHART_PATTERN: None
BSE:SENSEX-INDEX  strikecount= 3   fyers <fyers_apiv3.fyersModel.FyersModel object at 0x75fb8594b890>
======================================
oipcr1 =  BSE:SENSEX2682078100CE   0.66
oipcr2 =  BSE:SENSEX2682078000PE   0.72
oipcr3 =  BSE:SENSEX2682077900PE   0.89
oipcrBull = NoEntry  bulcount= 0  bearcount= 3 oipcrBear= BearTrade
atmpcr5 pcr6= 1.5    2.35
No Entry Yet
India VIX = 11.41  Spot Price = 77871.45
IV Regime = LOW (ADAPTIVE: P25= 11.86  P50= 12.16  P75= 12.9 ) | DailyRange = 1269.3 | 3minCandleRange = 66.8 (theoretical= 111.3 ) | ATMoptionMove = 30.1 | SL = 105 | Target = 105 | TrailTrigger = 30 | Spread = 300 | Buffer = 27
IV Params refreshed: {'vix': 11.41, 'bn_price': 77871.45, 'regime': 'LOW', 'regime_thresholds': 'P25=11.86 P50=12.16 P75=12.9', 'daily_range': 1269.3, 'candle_range': 66.8, 'atm_option_move': 30.1, 'sl_point': 105, 'target_point': 105, 'sl_pct_of_premium': 0.1, 'trail_trigger': 30, 'spread_width': 300, 'support_resistance_buffer': 27}
BSE:SENSEX-INDEX  strikecount= 8   fyers <fyers_apiv3.fyersModel.FyersModel object at 0x75fb8594b890>
===
====after 3 min ochain==== 2026-08-14 10:03:00.009520
                                    oipcr   choipcr   totalOI
pcr1 =  BSE:SENSEX2682078700PE   0.16   -0.02 CALL added 61840   PUT unwind -1000  OI= 17080
pcr2 =  BSE:SENSEX2682078600CE   0.42   0.23 CALL added 58220   PUT added 13260  OI= 112560
pcr3 =  BSE:SENSEX2682078500CE   0.33   0.09 CALL added 270940   PUT added 23220  OI= 516280
pcr4 =  BSE:SENSEX2682078400CE   0.22   0.15 CALL added 81480   PUT added 12280  OI= 152360
pcr5 =  BSE:SENSEX2682078300PE   0.28   0.25 CALL added 110280   PUT added 27700  OI= 54980
pcr6 =  BSE:SENSEX2682078200CE   0.46    0.31 CALL added 118580   PUT added 36180  OI= 250460
pcr7 =  BSE:SENSEX2682078100CE   0.66   0.7 CALL added 167160   PUT added 116260  OI= 271700
pcr8 =  BSE:SENSEX2682078000PE   0.73   0.48 CALL added 494700   PUT added 237480  OI= 753680
pcr9 =  BSE:SENSEX2682077900PE   0.91   0.88 CALL added 324640   PUT added 284380  OI= 391660
pcr10 =  BSE:SENSEX2682077800PE   1.53   1.69 CALL added 329060   PUT added 554900  OI= 803460
pcr11 =  BSE:SENSEX2682077700CE   2.32   2.33 CALL added 172980   PUT added 402760  OI= 203600
pcr12 =  BSE:SENSEX2682077600PE   7.25   8.07 CALL added 50260   PUT added 405480  OI= 467120
pcr13 =  BSE:SENSEX2682077500PE   4.31   8.85 CALL added 39960   PUT added 353660  OI= 570180
pcr14 =  BSE:SENSEX2682077400PE   8.21   7.46 CALL added 20380   PUT added 152100  OI= 192020
pcr15 =  BSE:SENSEX2682077300CE   9.66   8.06 CALL added 13640   PUT added 109920  OI= 15760
pcr16 =  BSE:SENSEX2682077200PE   15.19   10.67 CALL added 4940   PUT added 52720  OI= 99040
pcr17 =  BSE:SENSEX2682077100CE   20.93   15.89 CALL added 3200   PUT added 50840  OI= 3740
pcrSummation= 5.54  result =  ['BSE:SENSEX2682078600CE', 'BSE:SENSEX2682078500CE', 'BSE:SENSEX2682078400CE', 'BSE:SENSEX2682078300PE', 'BSE:SENSEX2682078200CE', 'BSE:SENSEX2682078100CE', 'BSE:SENSEX2682078000PE', 'BSE:SENSEX2682077900PE', 'BSE:SENSEX2682077800PE']
PCRSUM== 73.57
pcrSummation== 5.54
VOLPCRSUM== 3.95
spotLTP =  77871.77  ATM_STRIKE =  77900
IS_ATM_STRIKE_SHIFT = True  mapStrike = {77900: 77900}
avgOiPcrList2 = [np.float64(4.33)] atmStrikeNotShiftedCount= 1
True   1   1
SUPP_RES=== 78000  Buffer= 27
CEoich val =  494700.0  PEoich val =  237480.0 , CE > PE by 52.0%
SUPP_RES TOTAL OI: CE= 1035480  PE= 753680 , CE > PE by 27.2%
IS_MORNING_WINDOW= False  (active 9:15-9:48 IST)
================================================
==== signal check time ==== 2026-08-14 10:03:00.633559
IS_CHOI_DIFF_GT_25PERC== True
RSI_VAL1== 49.52
RSI_VAL2== 49.52
FUT_3m_OHLC O= 78155.2  H= 78177.0  L= 78155.2  C= 78177.0  Range= 21.8
CHART_PATTERN_DETECTED: DOUBLE_TOP_FORMING
  PATTERN_CONTEXT: Body= 21.8  Range= 21.8  ExpectedRange= 66.8  RangeRatio= 0.33  O= 78155.2  H= 78177.0  L= 78155.2  C= 78177.0
newSynthFut =  78200
ATMStrike =  77900
AVG_OIPCR= 0.62
avgoiPCROld=  4.33
SUPP_RES = 78000
FUT LTP = 78176.95
CEchoi  PechOi = 494700.0    237480.0
====================================
totalOIPCR = 0.99
AVG_VOLPCR= 0.44
atmPCR= 0.28  belowATM  0.46
atmVolPCR= 0.2  belowATM  0.38
True   78176.95   78000   False   False   49.52
curr Doji False
BSE:SENSEX2682078100PE  curr candle vol pcr = 0.73  PE= 46800  CE= 64500      cpr =  1.38
BSE:SENSEX2682078100PE  prev candle vol pcr = 0.48  PE= 18240  CE= 38260      cpr =  2.1
VOL_PRESSURE_WATCH: SINGLE_CANDLE_CALL_PRESSURE | currCPR= 1.38  prevCPR= 2.1
ATM_CE_premium= 367.45  ATM_PE_premium= 462.85
CE_PremChg= 11.75  PE_PremChg= -14.65
CandleBody= 21.8  PrevBody= 0.0  CandleRange= 21.8  Bullish
TotalVol= 111300  PrevTotalVol= 56500  VolSpike= 1.97 x 
SCALP_SCORE: BULL | BullScore= 2  BearScore= 1 | Confidence= LOW
DATAPOINT|10:03|FUT=78177.0|Body=21.8|PrevBody=0.0|Range=21.8|RangeRatio=0.33|CurrVolPCR=0.73|PrevVolPCR=0.48|CurrCPR=1.38|PrevCPR=2.1|VolSpike=1.97|CE_PremChg=11.75|PE_PremChg=-14.65|BullScore=2|BearScore=1|Dir=BULL|Conf=LOW
CHART_PATTERN_DETECTED: DOUBLE_TOP_FORMING
  PATTERN_CONTEXT: Body= 21.8  Range= 21.8  ExpectedRange= 66.8  RangeRatio= 0.33  O= 78155.2  H= 78177.0  L= 78155.2  C= 78177.0
BSE:SENSEX-INDEX  strikecount= 3   fyers <fyers_apiv3.fyersModel.FyersModel object at 0x75fb8594b890>
======================================
oipcr1 =  BSE:SENSEX2682078200CE   0.46
oipcr2 =  BSE:SENSEX2682078100CE   0.66
oipcr3 =  BSE:SENSEX2682078000PE   0.73
oipcrBull = NoEntry  bulcount= 0  bearcount= 3 oipcrBear= BearTrade
atmpcr5 pcr6= 0.91    1.53
No Entry Yet
India VIX = 11.44  Spot Price = 77865.71
IV Regime = LOW (ADAPTIVE: P25= 11.86  P50= 12.16  P75= 12.9 ) | DailyRange = 1272.5 | 3minCandleRange = 67.0 (theoretical= 111.6 ) | ATMoptionMove = 30.1 | SL = 105 | Target = 105 | TrailTrigger = 30 | Spread = 300 | Buffer = 27
IV Params refreshed: {'vix': 11.44, 'bn_price': 77865.71, 'regime': 'LOW', 'regime_thresholds': 'P25=11.86 P50=12.16 P75=12.9', 'daily_range': 1272.5, 'candle_range': 67.0, 'atm_option_move': 30.1, 'sl_point': 105, 'target_point': 105, 'sl_pct_of_premium': 0.1, 'trail_trigger': 30, 'spread_width': 300, 'support_resistance_buffer': 27}
BSE:SENSEX-INDEX  strikecount= 8   fyers <fyers_apiv3.fyersModel.FyersModel object at 0x75fb8594b890>
===
====after 3 min ochain==== 2026-08-14 10:06:00.025176
                                    oipcr   choipcr   totalOI
pcr1 =  BSE:SENSEX2682078700PE   0.16   -0.01 CALL added 64200   PUT unwind -860  OI= 17220
pcr2 =  BSE:SENSEX2682078600CE   0.42   0.23 CALL added 59040   PUT added 13560  OI= 113380
pcr3 =  BSE:SENSEX2682078500CE   0.33   0.09 CALL added 275060   PUT added 23460  OI= 520400
pcr4 =  BSE:SENSEX2682078400CE   0.22   0.16 CALL added 86100   PUT added 13460  OI= 156980
pcr5 =  BSE:SENSEX2682078300PE   0.28   0.25 CALL added 123800   PUT added 30600  OI= 57880
pcr6 =  BSE:SENSEX2682078200CE   0.46    0.32 CALL added 126220   PUT added 39900  OI= 258100
pcr7 =  BSE:SENSEX2682078100CE   0.68   0.73 CALL added 177260   PUT added 129040  OI= 281800
pcr8 =  BSE:SENSEX2682078000PE   0.75   0.51 CALL added 485300   PUT added 249800  OI= 766000
pcr9 =  BSE:SENSEX2682077900PE   0.92   0.89 CALL added 334720   PUT added 298540  OI= 405820
pcr10 =  BSE:SENSEX2682077800PE   1.52   1.69 CALL added 322360   PUT added 543400  OI= 791960
pcr11 =  BSE:SENSEX2682077700CE   2.55   2.6 CALL added 158400   PUT added 411760  OI= 189020
pcr12 =  BSE:SENSEX2682077600PE   6.93   7.61 CALL added 53780   PUT added 409480  OI= 471120
pcr13 =  BSE:SENSEX2682077500PE   4.4   9.71 CALL added 35820   PUT added 347740  OI= 564260
pcr14 =  BSE:SENSEX2682077400PE   9.33   8.67 CALL added 18220   PUT added 157960  OI= 197880
pcr15 =  BSE:SENSEX2682077300CE   11.42   9.84 CALL added 11420   PUT added 112420  OI= 13540
pcr16 =  BSE:SENSEX2682077200PE   15.19   10.72 CALL added 5000   PUT added 53600  OI= 99920
pcr17 =  BSE:SENSEX2682077100CE   21.21   16.22 CALL added 3200   PUT added 51900  OI= 3740
pcrSummation= 5.58  result =  ['BSE:SENSEX2682078600CE', 'BSE:SENSEX2682078500CE', 'BSE:SENSEX2682078400CE', 'BSE:SENSEX2682078300PE', 'BSE:SENSEX2682078200CE', 'BSE:SENSEX2682078100CE', 'BSE:SENSEX2682078000PE', 'BSE:SENSEX2682077900PE', 'BSE:SENSEX2682077800PE']
PCRSUM== 76.77
pcrSummation== 5.58
VOLPCRSUM== 3.9299999999999997
spotLTP =  77867.88  ATM_STRIKE =  77900
IS_ATM_STRIKE_SHIFT = False  mapStrike = {77900: 77900}
avgOiPcrList2 = [np.float64(4.33), np.float64(4.52)] atmStrikeNotShiftedCount= 2
False   2   2
SUPP_RES=== 78000  Buffer= 27
CEoich val =  485300.0  PEoich val =  249800.0 , CE > PE by 48.5%
SUPP_RES TOTAL OI: CE= 1026080  PE= 766000 , CE > PE by 25.3%
IS_MORNING_WINDOW= False  (active 9:15-9:48 IST)
================================================
==== signal check time ==== 2026-08-14 10:06:00.707453
IS_CHOI_DIFF_GT_25PERC== True
RSI_VAL1== 51.71
RSI_VAL2== 51.71
FUT_3m_OHLC O= 78200.0  H= 78200.0  L= 78200.0  C= 78200.0  Range= 0.0
CHART_PATTERN: None
newSynthFut =  78200
ATMStrike =  77900
AVG_OIPCR= 0.62
avgoiPCROld=  4.52
SUPP_RES = 78000
FUT LTP = 78200.0
CEchoi  PechOi = 485300.0    249800.0
====================================
totalOIPCR = 0.99
AVG_VOLPCR= 0.44
atmPCR= 0.28  belowATM  0.46
atmVolPCR= 0.2  belowATM  0.38
True   78200.0   78000   False   False   51.71
curr Doji False
BSE:SENSEX2682078200PE  curr candle vol pcr = 0.37  PE= 19480  CE= 52740      cpr =  2.71
BSE:SENSEX2682078100PE  prev candle vol pcr = 0.73  PE= 46800  CE= 64500      cpr =  1.38
VOL_PRESSURE_WATCH: SINGLE_CANDLE_CALL_PRESSURE | currCPR= 2.71  prevCPR= 1.38
ATM_CE_premium= 318.55  ATM_PE_premium= 520.45
CE_PremChg= -3.0  PE_PremChg= 2.55
CandleBody= 0.0  PrevBody= 21.8  CandleRange= 0.0  Doji
TotalVol= 72220  PrevTotalVol= 111300  VolSpike= 0.65 x 
SCALP_SCORE: BEAR | BullScore= 0  BearScore= 1 | Confidence= LOW
DATAPOINT|10:06|FUT=78200.0|Body=0.0|PrevBody=21.8|Range=0.0|RangeRatio=0.0|CurrVolPCR=0.37|PrevVolPCR=0.73|CurrCPR=2.71|PrevCPR=1.38|VolSpike=0.65|CE_PremChg=-3.0|PE_PremChg=2.55|BullScore=0|BearScore=1|Dir=BEAR|Conf=LOW
CHART_PATTERN: None
BSE:SENSEX-INDEX  strikecount= 3   fyers <fyers_apiv3.fyersModel.FyersModel object at 0x75fb8594b890>
======================================
oipcr1 =  BSE:SENSEX2682078200CE   0.46
oipcr2 =  BSE:SENSEX2682078100CE   0.68
oipcr3 =  BSE:SENSEX2682078000PE   0.75
oipcrBull = NoEntry  bulcount= 0  bearcount= 3 oipcrBear= BearTrade
atmpcr5 pcr6= 0.92    1.52
No Entry Yet
India VIX = 11.42  Spot Price = 77866.36
IV Regime = LOW (ADAPTIVE: P25= 11.86  P50= 12.16  P75= 12.9 ) | DailyRange = 1270.3 | 3minCandleRange = 66.8 (theoretical= 111.4 ) | ATMoptionMove = 30.1 | SL = 105 | Target = 105 | TrailTrigger = 30 | Spread = 300 | Buffer = 27
IV Params refreshed: {'vix': 11.42, 'bn_price': 77866.36, 'regime': 'LOW', 'regime_thresholds': 'P25=11.86 P50=12.16 P75=12.9', 'daily_range': 1270.3, 'candle_range': 66.8, 'atm_option_move': 30.1, 'sl_point': 105, 'target_point': 105, 'sl_pct_of_premium': 0.1, 'trail_trigger': 30, 'spread_width': 300, 'support_resistance_buffer': 27}
BSE:SENSEX-INDEX  strikecount= 8   fyers <fyers_apiv3.fyersModel.FyersModel object at 0x75fb8594b890>
===
====after 3 min ochain==== 2026-08-14 10:09:00.006686
                                    oipcr   choipcr   totalOI
pcr1 =  BSE:SENSEX2682078700PE   0.16   -0.01 CALL added 62960   PUT unwind -860  OI= 17220
pcr2 =  BSE:SENSEX2682078600CE   0.39   0.2 CALL added 65440   PUT added 13380  OI= 119780
pcr3 =  BSE:SENSEX2682078500CE   0.32   0.08 CALL added 276600   PUT added 22960  OI= 521940
pcr4 =  BSE:SENSEX2682078400CE   0.21   0.15 CALL added 90280   PUT added 13940  OI= 161160
pcr5 =  BSE:SENSEX2682078300PE   0.28   0.26 CALL added 117820   PUT added 30220  OI= 57500
pcr6 =  BSE:SENSEX2682078200CE   0.45    0.3 CALL added 131400   PUT added 40060  OI= 263280
pcr7 =  BSE:SENSEX2682078100CE   0.68   0.73 CALL added 178640   PUT added 131100  OI= 283180
pcr8 =  BSE:SENSEX2682078000PE   0.77   0.56 CALL added 505080   PUT added 284620  OI= 800820
pcr9 =  BSE:SENSEX2682077900PE   0.93   0.91 CALL added 345420   PUT added 313100  OI= 420380
pcr10 =  BSE:SENSEX2682077800PE   1.55   1.73 CALL added 325400   PUT added 561840  OI= 810400
pcr11 =  BSE:SENSEX2682077700CE   2.61   2.67 CALL added 155060   PUT added 414280  OI= 185680
pcr12 =  BSE:SENSEX2682077600PE   6.72   7.3 CALL added 56980   PUT added 416160  OI= 477800
pcr13 =  BSE:SENSEX2682077500PE   4.44   9.85 CALL added 35720   PUT added 351920  OI= 568440
pcr14 =  BSE:SENSEX2682077400PE   9.25   8.59 CALL added 18600   PUT added 159820  OI= 199740
pcr15 =  BSE:SENSEX2682077300CE   11.78   10.19 CALL added 10860   PUT added 110680  OI= 12980
pcr16 =  BSE:SENSEX2682077200PE   15.72   11.35 CALL added 4920   PUT added 55840  OI= 102160
pcr17 =  BSE:SENSEX2682077100CE   20.62   15.68 CALL added 3300   PUT added 51740  OI= 3840
pcrSummation= 7.800000000000001  result =  ['BSE:SENSEX2682078500CE', 'BSE:SENSEX2682078400CE', 'BSE:SENSEX2682078300PE', 'BSE:SENSEX2682078200CE', 'BSE:SENSEX2682078100CE', 'BSE:SENSEX2682078000PE', 'BSE:SENSEX2682077900PE', 'BSE:SENSEX2682077800PE', 'BSE:SENSEX2682077700CE']
PCRSUM== 76.88
pcrSummation== 7.8
VOLPCRSUM== 3.9
spotLTP =  77866.36  ATM_STRIKE =  77900
IS_ATM_STRIKE_SHIFT = False  mapStrike = {77900: 77900}
avgOiPcrList2 = [np.float64(4.33), np.float64(4.52), np.float64(4.52)] atmStrikeNotShiftedCount= 3
False   3   3
SUPP_RES=== 78000  Buffer= 27
CEoich val =  505080.0  PEoich val =  284620.0 , CE > PE by 43.6%
SUPP_RES TOTAL OI: CE= 1045860  PE= 800820 , CE > PE by 23.4%
IS_MORNING_WINDOW= False  (active 9:15-9:48 IST)
================================================
==== signal check time ==== 2026-08-14 10:09:00.643469
IS_CHOI_DIFF_GT_25PERC== True
RSI_VAL1== 45.04
RSI_VAL2== 45.04
FUT_3m_OHLC O= 78200.0  H= 78200.0  L= 78126.9  C= 78126.9  Range= 73.1
CHART_PATTERN_DETECTED: STRONG_MOMENTUM_BEAR
  PATTERN_CONTEXT: Body= -73.1  Range= 73.1  ExpectedRange= 66.8  RangeRatio= 1.09  O= 78200.0  H= 78200.0  L= 78126.9  C= 78126.9
neither = [np.float64(4.52)]
newSynthFut =  78100
ATMStrike =  77900
AVG_OIPCR= 0.87
avgoiPCROld=  4.52
SUPP_RES = 78000
FUT LTP = 78126.9
CEchoi  PechOi = 505080.0    284620.0
====================================
totalOIPCR = 1.0
AVG_VOLPCR= 0.43
atmPCR= 0.28  belowATM  0.45
atmVolPCR= 0.2  belowATM  0.37
True   78126.9   78000   False   False   45.04
curr Doji False
BSE:SENSEX2682078200PE  curr candle vol pcr = 0.27  PE= 13980  CE= 51240      cpr =  3.67
BSE:SENSEX2682078200PE  prev candle vol pcr = 0.37  PE= 19480  CE= 52740      cpr =  2.71
VOL_PRESSURE_ALERT: STRONG_CALL_PRESSURE | currCPR= 3.67  prevCPR= 2.71  Direction=BEARISH_SIGNAL (heavy CE buying = expecting down move)
ATM_CE_premium= 315.25  ATM_PE_premium= 517.15
CE_PremChg= -3.3  PE_PremChg= -3.3
CandleBody= -73.1  PrevBody= 0.0  CandleRange= 73.1  Bearish
TotalVol= 65220  PrevTotalVol= 72220  VolSpike= 0.9 x 
SCALP_SCORE: BEAR | BullScore= 0  BearScore= 3 | Confidence= MEDIUM
  SCALP_BEAR_REASONS: VolCPR_2candle_bear + StrongBearCandle(100%)
DATAPOINT|10:09|FUT=78126.9|Body=-73.1|PrevBody=0.0|Range=73.1|RangeRatio=1.09|CurrVolPCR=0.27|PrevVolPCR=0.37|CurrCPR=3.67|PrevCPR=2.71|VolSpike=0.9|CE_PremChg=-3.3|PE_PremChg=-3.3|BullScore=0|BearScore=3|Dir=BEAR|Conf=MEDIUM
CHART_PATTERN_DETECTED: STRONG_MOMENTUM_BEAR
  PATTERN_CONTEXT: Body= -73.1  Range= 73.1  ExpectedRange= 66.8  RangeRatio= 1.09  O= 78200.0  H= 78200.0  L= 78126.9  C= 78126.9
BSE:SENSEX-INDEX  strikecount= 3   fyers <fyers_apiv3.fyersModel.FyersModel object at 0x75fb8594b890>
======================================
oipcr1 =  BSE:SENSEX2682078200CE   0.45
oipcr2 =  BSE:SENSEX2682078100CE   0.68
oipcr3 =  BSE:SENSEX2682078000PE   0.77
oipcrBull = NoEntry  bulcount= 0  bearcount= 3 oipcrBear= BearTrade
atmpcr5 pcr6= 0.93    1.55
No Entry Yet
India VIX = 11.42  Spot Price = 77883.2
IV Regime = LOW (ADAPTIVE: P25= 11.86  P50= 12.16  P75= 12.9 ) | DailyRange = 1270.6 | 3minCandleRange = 66.9 (theoretical= 111.4 ) | ATMoptionMove = 30.1 | SL = 105 | Target = 105 | TrailTrigger = 30 | Spread = 300 | Buffer = 27
IV Params refreshed: {'vix': 11.42, 'bn_price': 77883.2, 'regime': 'LOW', 'regime_thresholds': 'P25=11.86 P50=12.16 P75=12.9', 'daily_range': 1270.6, 'candle_range': 66.9, 'atm_option_move': 30.1, 'sl_point': 105, 'target_point': 105, 'sl_pct_of_premium': 0.1, 'trail_trigger': 30, 'spread_width': 300, 'support_resistance_buffer': 27}
BSE:SENSEX-INDEX  strikecount= 8   fyers <fyers_apiv3.fyersModel.FyersModel object at 0x75fb8594b890>
===
====after 3 min ochain==== 2026-08-14 10:12:00.033796
                                    oipcr   choipcr   totalOI
pcr1 =  BSE:SENSEX2682078700PE   0.16   -0.01 CALL added 65480   PUT unwind -800  OI= 17280
pcr2 =  BSE:SENSEX2682078600CE   0.4   0.21 CALL added 61280   PUT added 12900  OI= 115620
pcr3 =  BSE:SENSEX2682078500CE   0.32   0.09 CALL added 280520   PUT added 24900  OI= 525860
pcr4 =  BSE:SENSEX2682078400CE   0.21   0.15 CALL added 95660   PUT added 14280  OI= 166540
pcr5 =  BSE:SENSEX2682078300PE   0.29   0.26 CALL added 119600   PUT added 31320  OI= 58600
pcr6 =  BSE:SENSEX2682078200CE   0.46    0.32 CALL added 131760   PUT added 42040  OI= 263640
pcr7 =  BSE:SENSEX2682078100CE   0.68   0.73 CALL added 182020   PUT added 132020  OI= 286560
pcr8 =  BSE:SENSEX2682078000PE   0.77   0.59 CALL added 520440   PUT added 304460  OI= 820660
pcr9 =  BSE:SENSEX2682077900PE   0.97   0.96 CALL added 347720   PUT added 332640  OI= 439920
pcr10 =  BSE:SENSEX2682077800PE   1.58   1.77 CALL added 329640   PUT added 584400  OI= 832960
pcr11 =  BSE:SENSEX2682077700CE   2.71   2.79 CALL added 153980   PUT added 429980  OI= 184600
pcr12 =  BSE:SENSEX2682077600PE   7.0   7.67 CALL added 56360   PUT added 432180  OI= 493820
pcr13 =  BSE:SENSEX2682077500PE   4.39   9.47 CALL added 37220   PUT added 352600  OI= 569120
pcr14 =  BSE:SENSEX2682077400PE   9.59   8.99 CALL added 18520   PUT added 166420  OI= 206340
pcr15 =  BSE:SENSEX2682077300CE   11.99   10.42 CALL added 10760   PUT added 112160  OI= 12880
pcr16 =  BSE:SENSEX2682077200PE   16.07   11.78 CALL added 4880   PUT added 57500  OI= 103820
pcr17 =  BSE:SENSEX2682077100CE   21.08   16.22 CALL added 3300   PUT added 53520  OI= 3840
pcrSummation= 7.99  result =  ['BSE:SENSEX2682078500CE', 'BSE:SENSEX2682078400CE', 'BSE:SENSEX2682078300PE', 'BSE:SENSEX2682078200CE', 'BSE:SENSEX2682078100CE', 'BSE:SENSEX2682078000PE', 'BSE:SENSEX2682077900PE', 'BSE:SENSEX2682077800PE', 'BSE:SENSEX2682077700CE']
PCRSUM== 78.67
pcrSummation== 7.99
VOLPCRSUM== 3.87
spotLTP =  77883.2  ATM_STRIKE =  77900
IS_ATM_STRIKE_SHIFT = False  mapStrike = {77900: 77900}
avgOiPcrList2 = [np.float64(4.52), np.float64(4.63)] atmStrikeNotShiftedCount= 4
False   4   2
SUPP_RES=== 78000  Buffer= 27
CEoich val =  520440.0  PEoich val =  304460.0 , CE > PE by 41.5%
SUPP_RES TOTAL OI: CE= 1061220  PE= 820660 , CE > PE by 22.7%
IS_MORNING_WINDOW= False  (active 9:15-9:48 IST)
================================================
==== signal check time ==== 2026-08-14 10:12:00.666993
IS_CHOI_DIFF_GT_25PERC== True
RSI_VAL1== 45.04
RSI_VAL2== 45.04
FUT_3m_OHLC O= 78126.9  H= 78126.9  L= 78126.9  C= 78126.9  Range= 0.0
CHART_PATTERN_DETECTED: INSIDE_BAR | DOUBLE_BOTTOM_FORMING
  PATTERN_CONTEXT: Body= 0.0  Range= 0.0  ExpectedRange= 66.9  RangeRatio= 0.0  O= 78126.9  H= 78126.9  L= 78126.9  C= 78126.9
newSynthFut =  78100
ATMStrike =  77900
AVG_OIPCR= 0.89
avgoiPCROld=  4.63
SUPP_RES = 78000
FUT LTP = 78126.9
CEchoi  PechOi = 520440.0    304460.0
====================================
totalOIPCR = 1.01
AVG_VOLPCR= 0.43
atmPCR= 0.29  belowATM  0.46
atmVolPCR= 0.2  belowATM  0.38
True   78126.9   78000   False   False   45.04
curr Doji False
BSE:SENSEX2682078100PE  curr candle vol pcr = 0.52  PE= 41480  CE= 79160      cpr =  1.91
BSE:SENSEX2682078200PE  prev candle vol pcr = 0.27  PE= 13980  CE= 51240      cpr =  3.67
VOL_PRESSURE_WATCH: SINGLE_CANDLE_CALL_PRESSURE | currCPR= 1.91  prevCPR= 3.67
ATM_CE_premium= 363.9  ATM_PE_premium= 454.65
CE_PremChg= 2.8  PE_PremChg= -5.7
CandleBody= 0.0  PrevBody= -73.1  CandleRange= 0.0  Doji
TotalVol= 120640  PrevTotalVol= 65220  VolSpike= 1.85 x 
SCALP_SCORE: BEAR | BullScore= 0  BearScore= 1 | Confidence= LOW
DATAPOINT|10:12|FUT=78126.9|Body=0.0|PrevBody=-73.1|Range=0.0|RangeRatio=0.0|CurrVolPCR=0.52|PrevVolPCR=0.27|CurrCPR=1.91|PrevCPR=3.67|VolSpike=1.85|CE_PremChg=2.8|PE_PremChg=-5.7|BullScore=0|BearScore=1|Dir=BEAR|Conf=LOW
CHART_PATTERN_DETECTED: INSIDE_BAR | DOUBLE_BOTTOM_FORMING
  PATTERN_CONTEXT: Body= 0.0  Range= 0.0  ExpectedRange= 66.9  RangeRatio= 0.0  O= 78126.9  H= 78126.9  L= 78126.9  C= 78126.9
BSE:SENSEX-INDEX  strikecount= 3   fyers <fyers_apiv3.fyersModel.FyersModel object at 0x75fb8594b890>
======================================
oipcr1 =  BSE:SENSEX2682078200CE   0.46
oipcr2 =  BSE:SENSEX2682078100CE   0.68
oipcr3 =  BSE:SENSEX2682078000PE   0.77
oipcrBull = NoEntry  bulcount= 0  bearcount= 3 oipcrBear= BearTrade
atmpcr5 pcr6= 0.97    1.58
No Entry Yet
India VIX = 11.45  Spot Price = 77852.88
IV Regime = LOW (ADAPTIVE: P25= 11.86  P50= 12.16  P75= 12.9 ) | DailyRange = 1273.5 | 3minCandleRange = 67.0 (theoretical= 111.7 ) | ATMoptionMove = 30.2 | SL = 106 | Target = 106 | TrailTrigger = 30 | Spread = 300 | Buffer = 27
IV Params refreshed: {'vix': 11.45, 'bn_price': 77852.88, 'regime': 'LOW', 'regime_thresholds': 'P25=11.86 P50=12.16 P75=12.9', 'daily_range': 1273.5, 'candle_range': 67.0, 'atm_option_move': 30.2, 'sl_point': 106, 'target_point': 106, 'sl_pct_of_premium': 0.1, 'trail_trigger': 30, 'spread_width': 300, 'support_resistance_buffer': 27}
BSE:SENSEX-INDEX  strikecount= 8   fyers <fyers_apiv3.fyersModel.FyersModel object at 0x75fb8594b890>
===
====after 3 min ochain==== 2026-08-14 10:15:00.002753
                                    oipcr   choipcr   totalOI
pcr1 =  BSE:SENSEX2682078700PE   0.16   0.0 CALL added 69740   PUT added 220  OI= 18300
pcr2 =  BSE:SENSEX2682078600CE   0.42   0.23 CALL added 59160   PUT added 13360  OI= 113500
pcr3 =  BSE:SENSEX2682078500CE   0.32   0.09 CALL added 279900   PUT added 24600  OI= 525240
pcr4 =  BSE:SENSEX2682078400CE   0.21   0.15 CALL added 91220   PUT added 13940  OI= 162100
pcr5 =  BSE:SENSEX2682078300PE   0.29   0.27 CALL added 120000   PUT added 32380  OI= 59660
pcr6 =  BSE:SENSEX2682078200CE   0.43    0.26 CALL added 128620   PUT added 33340  OI= 260500
pcr7 =  BSE:SENSEX2682078100CE   0.67   0.72 CALL added 181980   PUT added 131120  OI= 286520
pcr8 =  BSE:SENSEX2682078000PE   0.77   0.58 CALL added 520060   PUT added 300440  OI= 816640
pcr9 =  BSE:SENSEX2682077900PE   0.94   0.92 CALL added 365820   PUT added 337060  OI= 444340
pcr10 =  BSE:SENSEX2682077800PE   1.54   1.71 CALL added 340080   PUT added 580580  OI= 829140
pcr11 =  BSE:SENSEX2682077700CE   2.71   2.8 CALL added 147820   PUT added 414600  OI= 178440
pcr12 =  BSE:SENSEX2682077600PE   7.64   8.58 CALL added 50060   PUT added 429280  OI= 490920
pcr13 =  BSE:SENSEX2682077500PE   4.48   10.25 CALL added 34200   PUT added 350500  OI= 567020
pcr14 =  BSE:SENSEX2682077400PE   11.01   10.58 CALL added 16020   PUT added 169460  OI= 209380
pcr15 =  BSE:SENSEX2682077300CE   14.03   12.66 CALL added 9160   PUT added 115960  OI= 11280
pcr16 =  BSE:SENSEX2682077200PE   17.49   13.25 CALL added 4400   PUT added 58300  OI= 104620
pcr17 =  BSE:SENSEX2682077100CE   22.22   17.48 CALL added 3260   PUT added 56980  OI= 3800
pcrSummation= 5.59  result =  ['BSE:SENSEX2682078600CE', 'BSE:SENSEX2682078500CE', 'BSE:SENSEX2682078400CE', 'BSE:SENSEX2682078300PE', 'BSE:SENSEX2682078200CE', 'BSE:SENSEX2682078100CE', 'BSE:SENSEX2682078000PE', 'BSE:SENSEX2682077900PE', 'BSE:SENSEX2682077800PE']
PCRSUM== 85.33
pcrSummation== 5.59
VOLPCRSUM== 3.84
spotLTP =  77852.88  ATM_STRIKE =  77900
IS_ATM_STRIKE_SHIFT = False  mapStrike = {77900: 77900}
avgOiPcrList2 = [np.float64(4.52), np.float64(4.63), np.float64(5.02)] atmStrikeNotShiftedCount= 5
False   5   3
SUPP_RES=== 78000  Buffer= 27
CEoich val =  520060.0  PEoich val =  300440.0 , CE > PE by 42.2%
SUPP_RES TOTAL OI: CE= 1060840  PE= 816640 , CE > PE by 23.0%
IS_MORNING_WINDOW= False  (active 9:15-9:48 IST)
================================================
==== signal check time ==== 2026-08-14 10:15:00.751928
IS_CHOI_DIFF_GT_25PERC== True
RSI_VAL1== 50.14
RSI_VAL2== 50.14
FUT_3m_OHLC O= 78126.9  H= 78176.9  L= 78126.9  C= 78176.9  Range= 50.0
CHART_PATTERN_DETECTED: MORNING_STAR | DOUBLE_BOTTOM_FORMING | STRONG_MOMENTUM_BULL
  PATTERN_CONTEXT: Body= 50.0  Range= 50.0  ExpectedRange= 67.0  RangeRatio= 0.75  O= 78126.9  H= 78176.9  L= 78126.9  C= 78176.9
isPcrInc = True
newSynthFut =  78200
ATMStrike =  77900
AVG_OIPCR= 0.62
avgoiPCROld=  5.02
SUPP_RES = 78000
FUT LTP = 78176.9
CEchoi  PechOi = 520060.0    300440.0
====================================
totalOIPCR = 1.0
AVG_VOLPCR= 0.43
atmPCR= 0.29  belowATM  0.43
atmVolPCR= 0.2  belowATM  0.38
True   78176.9   78000   True   False   50.14
In Bull trade, slCount =  0  (mode= LOGIC3_CHOI_15PCT )
============================================================
LOGIC3_OBSERVE: WOULD_HAVE_ENTERED BULL (no real order — LOGIC3 is observation-only)
  FUT=78176.9 SUPP_RES=78000 CEchoi=520060.0 PEchoi=300440.0
============================================================
India VIX = 11.44  Spot Price = 77853.45
IV Regime = LOW (ADAPTIVE: P25= 11.86  P50= 12.16  P75= 12.9 ) | DailyRange = 1272.3 | 3minCandleRange = 67.0 (theoretical= 111.6 ) | ATMoptionMove = 30.1 | SL = 105 | Target = 105 | TrailTrigger = 30 | Spread = 300 | Buffer = 27
IV Params refreshed: {'vix': 11.44, 'bn_price': 77853.45, 'regime': 'LOW', 'regime_thresholds': 'P25=11.86 P50=12.16 P75=12.9', 'daily_range': 1272.3, 'candle_range': 67.0, 'atm_option_move': 30.1, 'sl_point': 105, 'target_point': 105, 'sl_pct_of_premium': 0.1, 'trail_trigger': 30, 'spread_width': 300, 'support_resistance_buffer': 27}
BSE:SENSEX-INDEX  strikecount= 8   fyers <fyers_apiv3.fyersModel.FyersModel object at 0x75fb8594b890>
===
====after 3 min ochain==== 2026-08-14 10:15:01.044725
                                    oipcr   choipcr   totalOI
pcr1 =  BSE:SENSEX2682078700PE   0.16   0.0 CALL added 69740   PUT added 220  OI= 18300
pcr2 =  BSE:SENSEX2682078600CE   0.42   0.23 CALL added 59160   PUT added 13360  OI= 113500
pcr3 =  BSE:SENSEX2682078500CE   0.32   0.09 CALL added 279900   PUT added 24600  OI= 525240
pcr4 =  BSE:SENSEX2682078400CE   0.21   0.15 CALL added 91220   PUT added 13940  OI= 162100
pcr5 =  BSE:SENSEX2682078300PE   0.29   0.27 CALL added 120000   PUT added 32380  OI= 59660
pcr6 =  BSE:SENSEX2682078200CE   0.43    0.26 CALL added 128620   PUT added 33340  OI= 260500
pcr7 =  BSE:SENSEX2682078100CE   0.67   0.72 CALL added 181980   PUT added 131120  OI= 286520
pcr8 =  BSE:SENSEX2682078000PE   0.77   0.58 CALL added 520060   PUT added 300440  OI= 816640
pcr9 =  BSE:SENSEX2682077900PE   0.94   0.92 CALL added 365820   PUT added 337060  OI= 444340
pcr10 =  BSE:SENSEX2682077800PE   1.54   1.71 CALL added 340080   PUT added 580580  OI= 829140
pcr11 =  BSE:SENSEX2682077700CE   2.71   2.8 CALL added 147820   PUT added 414600  OI= 178440
pcr12 =  BSE:SENSEX2682077600PE   7.64   8.58 CALL added 50060   PUT added 429280  OI= 490920
pcr13 =  BSE:SENSEX2682077500PE   4.48   10.25 CALL added 34200   PUT added 350500  OI= 567020
pcr14 =  BSE:SENSEX2682077400PE   11.01   10.58 CALL added 16020   PUT added 169460  OI= 209380
pcr15 =  BSE:SENSEX2682077300CE   14.03   12.66 CALL added 9160   PUT added 115960  OI= 11280
pcr16 =  BSE:SENSEX2682077200PE   17.49   13.25 CALL added 4400   PUT added 58300  OI= 104620
pcr17 =  BSE:SENSEX2682077100CE   22.22   17.48 CALL added 3260   PUT added 56980  OI= 3800
pcrSummation= 5.59  result =  ['BSE:SENSEX2682078600CE', 'BSE:SENSEX2682078500CE', 'BSE:SENSEX2682078400CE', 'BSE:SENSEX2682078300PE', 'BSE:SENSEX2682078200CE', 'BSE:SENSEX2682078100CE', 'BSE:SENSEX2682078000PE', 'BSE:SENSEX2682077900PE', 'BSE:SENSEX2682077800PE']
PCRSUM== 85.33
pcrSummation== 5.59
VOLPCRSUM== 3.84
spotLTP =  77853.45  ATM_STRIKE =  77900
IS_ATM_STRIKE_SHIFT = False  mapStrike = {77900: 77900}
avgOiPcrList2 = [np.float64(4.63), np.float64(5.02), np.float64(5.02)] atmStrikeNotShiftedCount= 6
False   6   3
SUPP_RES=== 78000  Buffer= 27
CEoich val =  520060.0  PEoich val =  300440.0 , CE > PE by 42.2%
SUPP_RES TOTAL OI: CE= 1060840  PE= 816640 , CE > PE by 23.0%
IS_MORNING_WINDOW= False  (active 9:15-9:48 IST)
================================================
==== signal check time ==== 2026-08-14 10:15:01.687757
IS_CHOI_DIFF_GT_25PERC== True
RSI_VAL1== 50.14
RSI_VAL2== 50.14
FUT_3m_OHLC O= 78126.9  H= 78176.9  L= 78126.9  C= 78176.9  Range= 50.0
CHART_PATTERN_DETECTED: MORNING_STAR | DOUBLE_BOTTOM_FORMING | STRONG_MOMENTUM_BULL
  PATTERN_CONTEXT: Body= 50.0  Range= 50.0  ExpectedRange= 67.0  RangeRatio= 0.75  O= 78126.9  H= 78176.9  L= 78126.9  C= 78176.9
neither = [np.float64(5.02)]
newSynthFut =  78200
ATMStrike =  77900
AVG_OIPCR= 0.62
avgoiPCROld=  5.02
SUPP_RES = 78000
FUT LTP = 78176.9
CEchoi  PechOi = 520060.0    300440.0
====================================
totalOIPCR = 1.0
AVG_VOLPCR= 0.43
atmPCR= 0.29  belowATM  0.43
atmVolPCR= 0.2  belowATM  0.38
True   78176.9   78000   False   False   50.14
curr Doji False
BSE:SENSEX2682078100PE  curr candle vol pcr = 0.68  PE= 25560  CE= 37660      cpr =  1.47
BSE:SENSEX2682078100PE  prev candle vol pcr = 0.52  PE= 41480  CE= 79160      cpr =  1.91
ATM_CE_premium= 359.3  ATM_PE_premium= 461.65
CE_PremChg= -4.6  PE_PremChg= 7.0
CandleBody= 50.0  PrevBody= 0.0  CandleRange= 50.0  Bullish
TotalVol= 63220  PrevTotalVol= 120640  VolSpike= 0.52 x 
SCALP_SCORE: BULL | BullScore= 1  BearScore= 0 | Confidence= LOW
DATAPOINT|10:15|FUT=78176.9|Body=50.0|PrevBody=0.0|Range=50.0|RangeRatio=0.75|CurrVolPCR=0.68|PrevVolPCR=0.52|CurrCPR=1.47|PrevCPR=1.91|VolSpike=0.52|CE_PremChg=-4.6|PE_PremChg=7.0|BullScore=1|BearScore=0|Dir=BULL|Conf=LOW
CHART_PATTERN_DETECTED: MORNING_STAR | DOUBLE_BOTTOM_FORMING | STRONG_MOMENTUM_BULL
  PATTERN_CONTEXT: Body= 50.0  Range= 50.0  ExpectedRange= 67.0  RangeRatio= 0.75  O= 78126.9  H= 78176.9  L= 78126.9  C= 78176.9
BSE:SENSEX-INDEX  strikecount= 3   fyers <fyers_apiv3.fyersModel.FyersModel object at 0x75fb8594b890>
======================================
oipcr1 =  BSE:SENSEX2682078200CE   0.43
oipcr2 =  BSE:SENSEX2682078100CE   0.67
oipcr3 =  BSE:SENSEX2682078000PE   0.77
oipcrBull = NoEntry  bulcount= 0  bearcount= 3 oipcrBear= BearTrade
atmpcr5 pcr6= 0.94    1.54
No Entry Yet
India VIX = 11.44  Spot Price = 77846.55
IV Regime = LOW (ADAPTIVE: P25= 11.86  P50= 12.16  P75= 12.9 ) | DailyRange = 1272.2 | 3minCandleRange = 66.9 (theoretical= 111.6 ) | ATMoptionMove = 30.1 | SL = 105 | Target = 105 | TrailTrigger = 30 | Spread = 300 | Buffer = 27
IV Params refreshed: {'vix': 11.44, 'bn_price': 77846.55, 'regime': 'LOW', 'regime_thresholds': 'P25=11.86 P50=12.16 P75=12.9', 'daily_range': 1272.2, 'candle_range': 66.9, 'atm_option_move': 30.1, 'sl_point': 105, 'target_point': 105, 'sl_pct_of_premium': 0.1, 'trail_trigger': 30, 'spread_width': 300, 'support_resistance_buffer': 27}
BSE:SENSEX-INDEX  strikecount= 8   fyers <fyers_apiv3.fyersModel.FyersModel object at 0x75fb8594b890>
===
====after 3 min ochain==== 2026-08-14 10:18:00.002180
                                    oipcr   choipcr   totalOI
pcr1 =  BSE:SENSEX2682078600CE   0.41   0.22 CALL added 60900   PUT added 13260  OI= 115240
pcr2 =  BSE:SENSEX2682078500CE   0.32   0.09 CALL added 285360   PUT added 26260  OI= 530700
pcr3 =  BSE:SENSEX2682078400CE   0.21   0.15 CALL added 92360   PUT added 13720  OI= 163240
pcr4 =  BSE:SENSEX2682078300PE   0.28   0.26 CALL added 123320   PUT added 31740  OI= 59020
pcr5 =  BSE:SENSEX2682078200CE   0.44   0.27 CALL added 131080   PUT added 36000  OI= 262960
pcr6 =  BSE:SENSEX2682078100CE   0.69    0.74 CALL added 180980   PUT added 133740  OI= 285520
pcr7 =  BSE:SENSEX2682078000PE   0.78   0.6 CALL added 519440   PUT added 311280  OI= 827480
pcr8 =  BSE:SENSEX2682077900PE   0.93   0.91 CALL added 381880   PUT added 345720  OI= 453000
pcr9 =  BSE:SENSEX2682077800PE   1.58   1.76 CALL added 337860   PUT added 595980  OI= 844540
pcr10 =  BSE:SENSEX2682077700CE   2.72   2.81 CALL added 154380   PUT added 434140  OI= 185000
pcr11 =  BSE:SENSEX2682077600PE   7.74   8.7 CALL added 50000   PUT added 434960  OI= 496600
pcr12 =  BSE:SENSEX2682077500PE   4.54   10.27 CALL added 35380   PUT added 363200  OI= 579720
pcr13 =  BSE:SENSEX2682077400PE   11.15   10.74 CALL added 15880   PUT added 170500  OI= 210420
pcr14 =  BSE:SENSEX2682077300CE   14.65   13.43 CALL added 9120   PUT added 122440  OI= 11240
pcr15 =  BSE:SENSEX2682077200PE   18.38   14.46 CALL added 4400   PUT added 63620  OI= 109940
pcr16 =  BSE:SENSEX2682077100CE   22.69   18.06 CALL added 3280   PUT added 59240  OI= 3820
pcr17 =  BSE:SENSEX2682077000CE   9.98   13.94 CALL added 9240   PUT added 128780  OI= 34540
pcrSummation= 7.950000000000001  result =  ['BSE:SENSEX2682078500CE', 'BSE:SENSEX2682078400CE', 'BSE:SENSEX2682078300PE', 'BSE:SENSEX2682078200CE', 'BSE:SENSEX2682078100CE', 'BSE:SENSEX2682078000PE', 'BSE:SENSEX2682077900PE', 'BSE:SENSEX2682077800PE', 'BSE:SENSEX2682077700CE']
PCRSUM== 97.49
pcrSummation== 7.95
VOLPCRSUM== 5.59
spotLTP =  77843.89  ATM_STRIKE =  77800
IS_ATM_STRIKE_SHIFT = True  mapStrike = {77800: 77800}
avgOiPcrList2 = [np.float64(5.73)] atmStrikeNotShiftedCount= 1
True   1   1
SUPP_RES=== 78000  Buffer= 27
CEoich val =  519440.0  PEoich val =  311280.0 , CE > PE by 40.1%
SUPP_RES TOTAL OI: CE= 1060220  PE= 827480 , CE > PE by 22.0%
IS_MORNING_WINDOW= False  (active 9:15-9:48 IST)
================================================
==== signal check time ==== 2026-08-14 10:18:00.651733
IS_CHOI_DIFF_GT_25PERC== True
RSI_VAL1== 46.09
RSI_VAL2== 46.09
FUT_3m_OHLC O= 78132.8  H= 78132.8  L= 78132.8  C= 78132.8  Range= 0.0
CHART_PATTERN_DETECTED: INSIDE_BAR | DOUBLE_BOTTOM_FORMING
  PATTERN_CONTEXT: Body= 0.0  Range= 0.0  ExpectedRange= 66.9  RangeRatio= 0.0  O= 78132.8  H= 78132.8  L= 78132.8  C= 78132.8
newSynthFut =  78100
ATMStrike =  77800
AVG_OIPCR= 0.88
avgoiPCROld=  5.73
SUPP_RES = 78000
FUT LTP = 78132.85
CEchoi  PechOi = 519440.0    311280.0
====================================
totalOIPCR = 1.01
AVG_VOLPCR= 0.62
atmPCR= 0.44  belowATM  0.69
atmVolPCR= 0.38  belowATM  0.73
True   78132.85   78000   False   False   46.09
curr Doji False
BSE:SENSEX2682078100PE  curr candle vol pcr = 0.63  PE= 23640  CE= 37460      cpr =  1.58
BSE:SENSEX2682078100PE  prev candle vol pcr = 0.68  PE= 25560  CE= 37660      cpr =  1.47
ATM_CE_premium= 356.4  ATM_PE_premium= 462.75
CE_PremChg= -2.9  PE_PremChg= 1.1
CandleBody= 0.0  PrevBody= 50.0  CandleRange= 0.0  Doji
TotalVol= 61100  PrevTotalVol= 63220  VolSpike= 0.97 x 
SCALP_SCORE: BEAR | BullScore= 0  BearScore= 1 | Confidence= LOW
DATAPOINT|10:18|FUT=78132.8|Body=0.0|PrevBody=50.0|Range=0.0|RangeRatio=0.0|CurrVolPCR=0.63|PrevVolPCR=0.68|CurrCPR=1.58|PrevCPR=1.47|VolSpike=0.97|CE_PremChg=-2.9|PE_PremChg=1.1|BullScore=0|BearScore=1|Dir=BEAR|Conf=LOW
CHART_PATTERN_DETECTED: INSIDE_BAR | DOUBLE_BOTTOM_FORMING
  PATTERN_CONTEXT: Body= 0.0  Range= 0.0  ExpectedRange= 66.9  RangeRatio= 0.0  O= 78132.8  H= 78132.8  L= 78132.8  C= 78132.8
BSE:SENSEX-INDEX  strikecount= 3   fyers <fyers_apiv3.fyersModel.FyersModel object at 0x75fb8594b890>
======================================
oipcr1 =  BSE:SENSEX2682078100CE   0.69
oipcr2 =  BSE:SENSEX2682078000PE   0.78
oipcr3 =  BSE:SENSEX2682077900PE   0.93
oipcrBull = NoEntry  bulcount= 0  bearcount= 3 oipcrBear= BearTrade
atmpcr5 pcr6= 1.58    2.72
No Entry Yet
India VIX = 11.45  Spot Price = 77823.94
IV Regime = LOW (ADAPTIVE: P25= 11.86  P50= 12.16  P75= 12.9 ) | DailyRange = 1273.0 | 3minCandleRange = 67.0 (theoretical= 111.6 ) | ATMoptionMove = 30.1 | SL = 106 | Target = 106 | TrailTrigger = 30 | Spread = 300 | Buffer = 27
IV Params refreshed: {'vix': 11.45, 'bn_price': 77823.94, 'regime': 'LOW', 'regime_thresholds': 'P25=11.86 P50=12.16 P75=12.9', 'daily_range': 1273.0, 'candle_range': 67.0, 'atm_option_move': 30.1, 'sl_point': 106, 'target_point': 106, 'sl_pct_of_premium': 0.1, 'trail_trigger': 30, 'spread_width': 300, 'support_resistance_buffer': 27}
BSE:SENSEX-INDEX  strikecount= 8   fyers <fyers_apiv3.fyersModel.FyersModel object at 0x75fb8594b890>
===
====after 3 min ochain==== 2026-08-14 10:21:00.003491
                                    oipcr   choipcr   totalOI
pcr1 =  BSE:SENSEX2682078600CE   0.41   0.22 CALL added 60280   PUT added 13120  OI= 114620
pcr2 =  BSE:SENSEX2682078500CE   0.32   0.08 CALL added 284520   PUT added 21700  OI= 529860
pcr3 =  BSE:SENSEX2682078400CE   0.21   0.15 CALL added 90780   PUT added 13740  OI= 161660
pcr4 =  BSE:SENSEX2682078300PE   0.29   0.27 CALL added 120080   PUT added 32480  OI= 59760
pcr5 =  BSE:SENSEX2682078200CE   0.42   0.25 CALL added 132360   PUT added 32940  OI= 264240
pcr6 =  BSE:SENSEX2682078100CE   0.69    0.75 CALL added 183020   PUT added 137880  OI= 287560
pcr7 =  BSE:SENSEX2682078000PE   0.79   0.62 CALL added 505740   PUT added 313520  OI= 829720
pcr8 =  BSE:SENSEX2682077900PE   1.0   1.0 CALL added 362940   PUT added 362340  OI= 469620
pcr9 =  BSE:SENSEX2682077800PE   1.53   1.69 CALL added 342860   PUT added 580540  OI= 829100
pcr10 =  BSE:SENSEX2682077700CE   2.73   2.82 CALL added 152920   PUT added 430560  OI= 183540
pcr11 =  BSE:SENSEX2682077600PE   7.79   8.76 CALL added 49900   PUT added 437180  OI= 498820
pcr12 =  BSE:SENSEX2682077500PE   4.51   10.09 CALL added 35960   PUT added 362900  OI= 579420
pcr13 =  BSE:SENSEX2682077400PE   10.86   10.4 CALL added 16100   PUT added 167480  OI= 207400
pcr14 =  BSE:SENSEX2682077300CE   15.09   13.95 CALL added 8940   PUT added 124680  OI= 11060
pcr15 =  BSE:SENSEX2682077200PE   17.97   13.84 CALL added 4340   PUT added 60080  OI= 106400
pcr16 =  BSE:SENSEX2682077100CE   22.81   18.22 CALL added 3300   PUT added 60140  OI= 3840
pcr17 =  BSE:SENSEX2682077000CE   9.78   13.04 CALL added 9560   PUT added 124700  OI= 34860
pcrSummation= 7.98  result =  ['BSE:SENSEX2682078500CE', 'BSE:SENSEX2682078400CE', 'BSE:SENSEX2682078300PE', 'BSE:SENSEX2682078200CE', 'BSE:SENSEX2682078100CE', 'BSE:SENSEX2682078000PE', 'BSE:SENSEX2682077900PE', 'BSE:SENSEX2682077800PE', 'BSE:SENSEX2682077700CE']
PCRSUM== 97.2
pcrSummation== 7.98
VOLPCRSUM== 5.62
spotLTP =  77823.11  ATM_STRIKE =  77800
IS_ATM_STRIKE_SHIFT = False  mapStrike = {77800: 77800}
avgOiPcrList2 = [np.float64(5.73), np.float64(5.72)] atmStrikeNotShiftedCount= 2
False   2   2
SUPP_RES=== 78000  Buffer= 27
CEoich val =  505740.0  PEoich val =  313520.0 , CE > PE by 38.0%
SUPP_RES TOTAL OI: CE= 1046520  PE= 829720 , CE > PE by 20.7%
IS_MORNING_WINDOW= False  (active 9:15-9:48 IST)
================================================
==== signal check time ==== 2026-08-14 10:21:00.667904
IS_CHOI_DIFF_GT_25PERC== True
RSI_VAL1== 46.09
RSI_VAL2== 46.09
FUT_3m_OHLC O= 78132.8  H= 78132.8  L= 78132.8  C= 78132.8  Range= 0.0
CHART_PATTERN_DETECTED: INSIDE_BAR | DOUBLE_BOTTOM_FORMING
  PATTERN_CONTEXT: Body= 0.0  Range= 0.0  ExpectedRange= 67.0  RangeRatio= 0.0  O= 78132.8  H= 78132.8  L= 78132.8  C= 78132.8
newSynthFut =  78100
ATMStrike =  77800
AVG_OIPCR= 0.89
avgoiPCROld=  5.72
SUPP_RES = 78000
FUT LTP = 78132.85
CEchoi  PechOi = 505740.0    313520.0
====================================
totalOIPCR = 1.01
AVG_VOLPCR= 0.62
atmPCR= 0.42  belowATM  0.69
atmVolPCR= 0.39  belowATM  0.74
True   78132.85   78000   False   False   46.09
curr Doji False
BSE:SENSEX2682078100PE  curr candle vol pcr = 0.91  PE= 33820  CE= 37080      cpr =  1.1
BSE:SENSEX2682078100PE  prev candle vol pcr = 0.63  PE= 23640  CE= 37460      cpr =  1.58
ATM_CE_premium= 343.0  ATM_PE_premium= 482.1
CE_PremChg= -13.4  PE_PremChg= 19.35
CandleBody= 0.0  PrevBody= 0.0  CandleRange= 0.0  Doji
TotalVol= 70900  PrevTotalVol= 61100  VolSpike= 1.16 x 
SCALP_SCORE: BULL | BullScore= 1  BearScore= 0 | Confidence= LOW
DATAPOINT|10:21|FUT=78132.8|Body=0.0|PrevBody=0.0|Range=0.0|RangeRatio=0.0|CurrVolPCR=0.91|PrevVolPCR=0.63|CurrCPR=1.1|PrevCPR=1.58|VolSpike=1.16|CE_PremChg=-13.4|PE_PremChg=19.35|BullScore=1|BearScore=0|Dir=BULL|Conf=LOW
CHART_PATTERN_DETECTED: INSIDE_BAR | DOUBLE_BOTTOM_FORMING
  PATTERN_CONTEXT: Body= 0.0  Range= 0.0  ExpectedRange= 67.0  RangeRatio= 0.0  O= 78132.8  H= 78132.8  L= 78132.8  C= 78132.8
BSE:SENSEX-INDEX  strikecount= 3   fyers <fyers_apiv3.fyersModel.FyersModel object at 0x75fb8594b890>
======================================
oipcr1 =  BSE:SENSEX2682078100CE   0.69
oipcr2 =  BSE:SENSEX2682078000PE   0.79
oipcr3 =  BSE:SENSEX2682077900PE   1.0
oipcrBull = NoEntry  bulcount= 1  bearcount= 2 oipcrBear= BearTrade
atmpcr5 pcr6= 1.53    2.73
No Entry Yet
India VIX = 11.41  Spot Price = 77810.17
IV Regime = LOW (ADAPTIVE: P25= 11.86  P50= 12.16  P75= 12.9 ) | DailyRange = 1268.3 | 3minCandleRange = 66.7 (theoretical= 111.2 ) | ATMoptionMove = 30.0 | SL = 105 | Target = 105 | TrailTrigger = 30 | Spread = 300 | Buffer = 27
IV Params refreshed: {'vix': 11.41, 'bn_price': 77810.17, 'regime': 'LOW', 'regime_thresholds': 'P25=11.86 P50=12.16 P75=12.9', 'daily_range': 1268.3, 'candle_range': 66.7, 'atm_option_move': 30.0, 'sl_point': 105, 'target_point': 105, 'sl_pct_of_premium': 0.1, 'trail_trigger': 30, 'spread_width': 300, 'support_resistance_buffer': 27}
BSE:SENSEX-INDEX  strikecount= 8   fyers <fyers_apiv3.fyersModel.FyersModel object at 0x75fb8594b890>
===
====after 3 min ochain==== 2026-08-14 10:24:00.012984
                                    oipcr   choipcr   totalOI
pcr1 =  BSE:SENSEX2682078600CE   0.42   0.22 CALL added 57860   PUT added 12760  OI= 112200
pcr2 =  BSE:SENSEX2682078500CE   0.31   0.07 CALL added 295040   PUT added 21900  OI= 540380
pcr3 =  BSE:SENSEX2682078400CE   0.21   0.15 CALL added 93540   PUT added 14220  OI= 164420
pcr4 =  BSE:SENSEX2682078300PE   0.28   0.25 CALL added 119920   PUT added 30200  OI= 57480
pcr5 =  BSE:SENSEX2682078200CE   0.39   0.21 CALL added 143280   PUT added 29820  OI= 275160
pcr6 =  BSE:SENSEX2682078100CE   0.69    0.75 CALL added 183800   PUT added 138280  OI= 288340
pcr7 =  BSE:SENSEX2682078000PE   0.77   0.58 CALL added 530460   PUT added 305540  OI= 821740
pcr8 =  BSE:SENSEX2682077900PE   1.0   1.0 CALL added 367660   PUT added 366640  OI= 473920
pcr9 =  BSE:SENSEX2682077800PE   1.51   1.66 CALL added 355060   PUT added 588340  OI= 836900
pcr10 =  BSE:SENSEX2682077700CE   2.46   2.5 CALL added 162160   PUT added 405340  OI= 192780
pcr11 =  BSE:SENSEX2682077600PE   7.49   8.34 CALL added 52640   PUT added 438800  OI= 500440
pcr12 =  BSE:SENSEX2682077500PE   4.48   9.49 CALL added 39320   PUT added 373020  OI= 589540
pcr13 =  BSE:SENSEX2682077400PE   10.73   10.26 CALL added 16400   PUT added 168240  OI= 208160
pcr14 =  BSE:SENSEX2682077300CE   12.12   10.53 CALL added 10420   PUT added 109680  OI= 12540
pcr15 =  BSE:SENSEX2682077200PE   17.92   13.88 CALL added 4460   PUT added 61900  OI= 108220
pcr16 =  BSE:SENSEX2682077100CE   23.7   19.3 CALL added 3320   PUT added 64060  OI= 3860
pcr17 =  BSE:SENSEX2682077000CE   9.8   13.26 CALL added 9160   PUT added 121440  OI= 34460
pcrSummation= 7.62  result =  ['BSE:SENSEX2682078500CE', 'BSE:SENSEX2682078400CE', 'BSE:SENSEX2682078300PE', 'BSE:SENSEX2682078200CE', 'BSE:SENSEX2682078100CE', 'BSE:SENSEX2682078000PE', 'BSE:SENSEX2682077900PE', 'BSE:SENSEX2682077800PE', 'BSE:SENSEX2682077700CE']
PCRSUM== 94.28
pcrSummation== 7.62
VOLPCRSUM== 5.66
spotLTP =  77810.17  ATM_STRIKE =  77800
IS_ATM_STRIKE_SHIFT = False  mapStrike = {77800: 77800}
avgOiPcrList2 = [np.float64(5.73), np.float64(5.72), np.float64(5.55)] atmStrikeNotShiftedCount= 3
False   3   3
SUPP_RES=== 78000  Buffer= 27
CEoich val =  530460.0  PEoich val =  305540.0 , CE > PE by 42.4%
SUPP_RES TOTAL OI: CE= 1071240  PE= 821740 , CE > PE by 23.3%
IS_MORNING_WINDOW= False  (active 9:15-9:48 IST)
================================================
==== signal check time ==== 2026-08-14 10:24:00.624084
IS_CHOI_DIFF_GT_25PERC== True
RSI_VAL1== 44.61
RSI_VAL2== 44.61
FUT_3m_OHLC O= 78132.8  H= 78132.8  L= 78117.3  C= 78117.3  Range= 15.6
CHART_PATTERN_DETECTED: DOUBLE_BOTTOM_FORMING
  PATTERN_CONTEXT: Body= -15.6  Range= 15.6  ExpectedRange= 66.7  RangeRatio= 0.23  O= 78132.8  H= 78132.8  L= 78117.3  C= 78117.3
isPcrDecr = True
newSynthFut =  78100
ATMStrike =  77800
AVG_OIPCR= 0.85
avgoiPCROld=  5.55
SUPP_RES = 78000
FUT LTP = 78117.3
CEchoi  PechOi = 530460.0    305540.0
====================================
totalOIPCR = 0.99
AVG_VOLPCR= 0.63
atmPCR= 0.39  belowATM  0.69
atmVolPCR= 0.39  belowATM  0.74
True   78117.3   78000   False   True   44.61
no trade yet = [np.float64(5.73), np.float64(5.72), np.float64(5.55)]
curr Doji False
BSE:SENSEX2682078100PE  curr candle vol pcr = 0.73  PE= 21400  CE= 29480      cpr =  1.38
BSE:SENSEX2682078100PE  prev candle vol pcr = 0.91  PE= 33820  CE= 37080      cpr =  1.1
ATM_CE_premium= 339.75  ATM_PE_premium= 478.65
CE_PremChg= -3.25  PE_PremChg= -3.45
CandleBody= -15.6  PrevBody= 0.0  CandleRange= 15.6  Bearish
TotalVol= 50880  PrevTotalVol= 70900  VolSpike= 0.72 x 
SCALP_SCORE: BEAR | BullScore= 0  BearScore= 1 | Confidence= LOW
DATAPOINT|10:24|FUT=78117.3|Body=-15.6|PrevBody=0.0|Range=15.6|RangeRatio=0.23|CurrVolPCR=0.73|PrevVolPCR=0.91|CurrCPR=1.38|PrevCPR=1.1|VolSpike=0.72|CE_PremChg=-3.25|PE_PremChg=-3.45|BullScore=0|BearScore=1|Dir=BEAR|Conf=LOW
CHART_PATTERN_DETECTED: DOUBLE_BOTTOM_FORMING
  PATTERN_CONTEXT: Body= -15.6  Range= 15.6  ExpectedRange= 66.7  RangeRatio= 0.23  O= 78132.8  H= 78132.8  L= 78117.3  C= 78117.3
BSE:SENSEX-INDEX  strikecount= 3   fyers <fyers_apiv3.fyersModel.FyersModel object at 0x75fb8594b890>
======================================
oipcr1 =  BSE:SENSEX2682078100CE   0.69
oipcr2 =  BSE:SENSEX2682078000PE   0.77
oipcr3 =  BSE:SENSEX2682077900PE   1.0
oipcrBull = NoEntry  bulcount= 1  bearcount= 2 oipcrBear= BearTrade
atmpcr5 pcr6= 1.51    2.46
No Entry Yet
India VIX = 11.4  Spot Price = 77789.39
IV Regime = LOW (ADAPTIVE: P25= 11.86  P50= 12.16  P75= 12.9 ) | DailyRange = 1266.9 | 3minCandleRange = 66.7 (theoretical= 111.1 ) | ATMoptionMove = 30.0 | SL = 105 | Target = 105 | TrailTrigger = 30 | Spread = 300 | Buffer = 27
IV Params refreshed: {'vix': 11.4, 'bn_price': 77789.39, 'regime': 'LOW', 'regime_thresholds': 'P25=11.86 P50=12.16 P75=12.9', 'daily_range': 1266.9, 'candle_range': 66.7, 'atm_option_move': 30.0, 'sl_point': 105, 'target_point': 105, 'sl_pct_of_premium': 0.1, 'trail_trigger': 30, 'spread_width': 300, 'support_resistance_buffer': 27}
BSE:SENSEX-INDEX  strikecount= 8   fyers <fyers_apiv3.fyersModel.FyersModel object at 0x75fb8594b890>
===
====after 3 min ochain==== 2026-08-14 10:27:00.004576
                                    oipcr   choipcr   totalOI
pcr1 =  BSE:SENSEX2682078600CE   0.41   0.21 CALL added 59060   PUT added 12600  OI= 113400
pcr2 =  BSE:SENSEX2682078500CE   0.31   0.07 CALL added 292720   PUT added 21460  OI= 538060
pcr3 =  BSE:SENSEX2682078400CE   0.21   0.14 CALL added 94720   PUT added 13620  OI= 165600
pcr4 =  BSE:SENSEX2682078300PE   0.28   0.25 CALL added 121720   PUT added 30300  OI= 57580
pcr5 =  BSE:SENSEX2682078200CE   0.39   0.2 CALL added 145440   PUT added 28440  OI= 277320
pcr6 =  BSE:SENSEX2682078100CE   0.68    0.73 CALL added 184520   PUT added 134420  OI= 289060
pcr7 =  BSE:SENSEX2682078000PE   0.75   0.54 CALL added 535540   PUT added 288200  OI= 804400
pcr8 =  BSE:SENSEX2682077900PE   0.99   0.98 CALL added 363900   PUT added 356020  OI= 463300
pcr9 =  BSE:SENSEX2682077800PE   1.5   1.63 CALL added 360900   PUT added 588660  OI= 837220
pcr10 =  BSE:SENSEX2682077700CE   2.41   2.44 CALL added 165160   PUT added 402740  OI= 195780
pcr11 =  BSE:SENSEX2682077600PE   7.18   7.9 CALL added 55300   PUT added 437080  OI= 498720
pcr12 =  BSE:SENSEX2682077500PE   4.41   9.01 CALL added 41440   PUT added 373440  OI= 589960
pcr13 =  BSE:SENSEX2682077400PE   10.5   10.0 CALL added 16600   PUT added 165940  OI= 205860
pcr14 =  BSE:SENSEX2682077300CE   11.72   10.07 CALL added 10560   PUT added 106340  OI= 12680
pcr15 =  BSE:SENSEX2682077200PE   16.99   12.86 CALL added 4720   PUT added 60700  OI= 107020
pcr16 =  BSE:SENSEX2682077100CE   22.43   17.92 CALL added 3400   PUT added 60940  OI= 3940
pcr17 =  BSE:SENSEX2682077000CE   9.73   12.85 CALL added 9600   PUT added 123340  OI= 34900
pcrSummation= 7.5200000000000005  result =  ['BSE:SENSEX2682078500CE', 'BSE:SENSEX2682078400CE', 'BSE:SENSEX2682078300PE', 'BSE:SENSEX2682078200CE', 'BSE:SENSEX2682078100CE', 'BSE:SENSEX2682078000PE', 'BSE:SENSEX2682077900PE', 'BSE:SENSEX2682077800PE', 'BSE:SENSEX2682077700CE']
PCRSUM== 90.89
pcrSummation== 7.52
VOLPCRSUM== 5.66
spotLTP =  77789.39  ATM_STRIKE =  77800
IS_ATM_STRIKE_SHIFT = False  mapStrike = {77800: 77800}
avgOiPcrList2 = [np.float64(5.72), np.float64(5.55), np.float64(5.35)] atmStrikeNotShiftedCount= 4
False   4   3
SUPP_RES=== 78000  Buffer= 27
CEoich val =  535540.0  PEoich val =  288200.0 , CE > PE by 46.2%
SUPP_RES TOTAL OI: CE= 1076320  PE= 804400 , CE > PE by 25.3%
IS_MORNING_WINDOW= False  (active 9:15-9:48 IST)
================================================
==== signal check time ==== 2026-08-14 10:27:00.642720
IS_CHOI_DIFF_GT_25PERC== True
RSI_VAL1== 44.58
RSI_VAL2== 44.58
FUT_3m_OHLC O= 78117.3  H= 78117.3  L= 78117.0  C= 78117.0  Range= 0.3
CHART_PATTERN_DETECTED: DOUBLE_TOP_FORMING | DOUBLE_BOTTOM_FORMING
  PATTERN_CONTEXT: Body= -0.3  Range= 0.3  ExpectedRange= 66.7  RangeRatio= 0.0  O= 78117.3  H= 78117.3  L= 78117.0  C= 78117.0
isPcrDecr = True
newSynthFut =  78100
ATMStrike =  77800
AVG_OIPCR= 0.84
avgoiPCROld=  5.35
SUPP_RES = 78000
FUT LTP = 78117.0
CEchoi  PechOi = 535540.0    288200.0
====================================
totalOIPCR = 0.98
AVG_VOLPCR= 0.63
atmPCR= 0.39  belowATM  0.68
atmVolPCR= 0.38  belowATM  0.73
True   78117.0   78000   False   True   44.58
no trade yet = [np.float64(5.72), np.float64(5.55), np.float64(5.35)]
curr Doji False
BSE:SENSEX2682078100PE  curr candle vol pcr = 0.7  PE= 22900  CE= 32540      cpr =  1.42
BSE:SENSEX2682078100PE  prev candle vol pcr = 0.73  PE= 21400  CE= 29480      cpr =  1.38
ATM_CE_premium= 334.45  ATM_PE_premium= 485.1
CE_PremChg= -5.3  PE_PremChg= 6.45
CandleBody= -0.3  PrevBody= -15.6  CandleRange= 0.3  Bearish
TotalVol= 55440  PrevTotalVol= 50880  VolSpike= 1.09 x 
SCALP_SCORE: BEAR | BullScore= 0  BearScore= 2 | Confidence= LOW
DATAPOINT|10:27|FUT=78117.0|Body=-0.3|PrevBody=-15.6|Range=0.3|RangeRatio=0.0|CurrVolPCR=0.7|PrevVolPCR=0.73|CurrCPR=1.42|PrevCPR=1.38|VolSpike=1.09|CE_PremChg=-5.3|PE_PremChg=6.45|BullScore=0|BearScore=2|Dir=BEAR|Conf=LOW
CHART_PATTERN_DETECTED: DOUBLE_TOP_FORMING | DOUBLE_BOTTOM_FORMING
  PATTERN_CONTEXT: Body= -0.3  Range= 0.3  ExpectedRange= 66.7  RangeRatio= 0.0  O= 78117.3  H= 78117.3  L= 78117.0  C= 78117.0
BSE:SENSEX-INDEX  strikecount= 3   fyers <fyers_apiv3.fyersModel.FyersModel object at 0x75fb8594b890>
======================================
oipcr1 =  BSE:SENSEX2682078100CE   0.68
oipcr2 =  BSE:SENSEX2682078000PE   0.75
oipcr3 =  BSE:SENSEX2682077900PE   0.99
oipcrBull = NoEntry  bulcount= 0  bearcount= 3 oipcrBear= BearTrade
atmpcr5 pcr6= 1.5    2.41
No Entry Yet
India VIX = 11.4  Spot Price = 77787.62
IV Regime = LOW (ADAPTIVE: P25= 11.86  P50= 12.16  P75= 12.9 ) | DailyRange = 1266.8 | 3minCandleRange = 66.7 (theoretical= 111.1 ) | ATMoptionMove = 30.0 | SL = 105 | Target = 105 | TrailTrigger = 30 | Spread = 300 | Buffer = 27
IV Params refreshed: {'vix': 11.4, 'bn_price': 77787.62, 'regime': 'LOW', 'regime_thresholds': 'P25=11.86 P50=12.16 P75=12.9', 'daily_range': 1266.8, 'candle_range': 66.7, 'atm_option_move': 30.0, 'sl_point': 105, 'target_point': 105, 'sl_pct_of_premium': 0.1, 'trail_trigger': 30, 'spread_width': 300, 'support_resistance_buffer': 27}
BSE:SENSEX-INDEX  strikecount= 8   fyers <fyers_apiv3.fyersModel.FyersModel object at 0x75fb8594b890>
===
====after 3 min ochain==== 2026-08-14 10:30:00.011292
                                    oipcr   choipcr   totalOI
pcr1 =  BSE:SENSEX2682078600CE   0.41   0.21 CALL added 58680   PUT added 12580  OI= 113020
pcr2 =  BSE:SENSEX2682078500CE   0.31   0.07 CALL added 302380   PUT added 21400  OI= 547720
pcr3 =  BSE:SENSEX2682078400CE   0.21   0.14 CALL added 95580   PUT added 13660  OI= 166460
pcr4 =  BSE:SENSEX2682078300PE   0.27   0.24 CALL added 120000   PUT added 28220  OI= 55500
pcr5 =  BSE:SENSEX2682078200CE   0.38   0.18 CALL added 150020   PUT added 27320  OI= 281900
pcr6 =  BSE:SENSEX2682078100CE   0.67    0.72 CALL added 184720   PUT added 132400  OI= 289260
pcr7 =  BSE:SENSEX2682078000PE   0.74   0.53 CALL added 543400   PUT added 287620  OI= 803820
pcr8 =  BSE:SENSEX2682077900PE   0.92   0.9 CALL added 367660   PUT added 329880  OI= 437160
pcr9 =  BSE:SENSEX2682077800PE   1.47   1.58 CALL added 379160   PUT added 598880  OI= 847440
pcr10 =  BSE:SENSEX2682077700CE   2.43   2.46 CALL added 172080   PUT added 423620  OI= 202700
pcr11 =  BSE:SENSEX2682077600PE   6.7   7.26 CALL added 59680   PUT added 433360  OI= 495000
pcr12 =  BSE:SENSEX2682077500PE   4.4   8.83 CALL added 42780   PUT added 377660  OI= 594180
pcr13 =  BSE:SENSEX2682077400PE   9.95   9.38 CALL added 17780   PUT added 166840  OI= 206760
pcr14 =  BSE:SENSEX2682077300CE   11.03   9.4 CALL added 11580   PUT added 108880  OI= 13700
pcr15 =  BSE:SENSEX2682077200PE   16.95   12.98 CALL added 4920   PUT added 63860  OI= 110180
pcr16 =  BSE:SENSEX2682077100CE   22.13   17.63 CALL added 3440   PUT added 60640  OI= 3980
pcr17 =  BSE:SENSEX2682077000CE   9.63   12.51 CALL added 9600   PUT added 120080  OI= 34900
pcrSummation= 7.4  result =  ['BSE:SENSEX2682078500CE', 'BSE:SENSEX2682078400CE', 'BSE:SENSEX2682078300PE', 'BSE:SENSEX2682078200CE', 'BSE:SENSEX2682078100CE', 'BSE:SENSEX2682078000PE', 'BSE:SENSEX2682077900PE', 'BSE:SENSEX2682077800PE', 'BSE:SENSEX2682077700CE']
PCRSUM== 88.6
pcrSummation== 7.4
VOLPCRSUM== 5.68
spotLTP =  77787.62  ATM_STRIKE =  77800
IS_ATM_STRIKE_SHIFT = False  mapStrike = {77800: 77800}
avgOiPcrList2 = [np.float64(5.55), np.float64(5.35), np.float64(5.21)] atmStrikeNotShiftedCount= 5
False   5   3
SUPP_RES=== 78000  Buffer= 27
CEoich val =  543400.0  PEoich val =  287620.0 , CE > PE by 47.1%
SUPP_RES TOTAL OI: CE= 1084180  PE= 803820 , CE > PE by 25.9%
IS_MORNING_WINDOW= False  (active 9:15-9:48 IST)
================================================
==== signal check time ==== 2026-08-14 10:30:00.760543
IS_CHOI_DIFF_GT_25PERC== True
RSI_VAL1== 42.84
RSI_VAL2== 42.84
FUT_3m_OHLC O= 78117.0  H= 78117.0  L= 78100.0  C= 78100.0  Range= 17.0
CHART_PATTERN_DETECTED: THREE_BLACK_CROWS | DOUBLE_TOP_FORMING | DOUBLE_BOTTOM_FORMING
  PATTERN_CONTEXT: Body= -17.0  Range= 17.0  ExpectedRange= 66.7  RangeRatio= 0.25  O= 78117.0  H= 78117.0  L= 78100.0  C= 78100.0
isPcrDecr = True
newSynthFut =  78100
ATMStrike =  77800
AVG_OIPCR= 0.82
avgoiPCROld=  5.21
SUPP_RES = 78000
FUT LTP = 78100.0
CEchoi  PechOi = 543400.0    287620.0
====================================
totalOIPCR = 0.97
AVG_VOLPCR= 0.63
atmPCR= 0.38  belowATM  0.67
atmVolPCR= 0.38  belowATM  0.74
True   78100.0   78000   False   True   42.84
no trade yet = [np.float64(5.55), np.float64(5.35), np.float64(5.21)]
curr Doji False
BSE:SENSEX2682078100PE  curr candle vol pcr = 0.89  PE= 24820  CE= 27960      cpr =  1.13
BSE:SENSEX2682078100PE  prev candle vol pcr = 0.7  PE= 22900  CE= 32540      cpr =  1.42
ATM_CE_premium= 332.4  ATM_PE_premium= 489.2
CE_PremChg= -2.05  PE_PremChg= 4.1
CandleBody= -17.0  PrevBody= -0.3  CandleRange= 17.0  Bearish
TotalVol= 52780  PrevTotalVol= 55440  VolSpike= 0.95 x 
SCALP_SCORE: BEAR | BullScore= 0  BearScore= 2 | Confidence= LOW
DATAPOINT|10:30|FUT=78100.0|Body=-17.0|PrevBody=-0.3|Range=17.0|RangeRatio=0.25|CurrVolPCR=0.89|PrevVolPCR=0.7|CurrCPR=1.13|PrevCPR=1.42|VolSpike=0.95|CE_PremChg=-2.05|PE_PremChg=4.1|BullScore=0|BearScore=2|Dir=BEAR|Conf=LOW
CHART_PATTERN_DETECTED: THREE_BLACK_CROWS | DOUBLE_TOP_FORMING | DOUBLE_BOTTOM_FORMING
  PATTERN_CONTEXT: Body= -17.0  Range= 17.0  ExpectedRange= 66.7  RangeRatio= 0.25  O= 78117.0  H= 78117.0  L= 78100.0  C= 78100.0
BSE:SENSEX-INDEX  strikecount= 3   fyers <fyers_apiv3.fyersModel.FyersModel object at 0x75fb8594b890>
======================================
oipcr1 =  BSE:SENSEX2682078100CE   0.67
oipcr2 =  BSE:SENSEX2682078000PE   0.74
oipcr3 =  BSE:SENSEX2682077900PE   0.92
oipcrBull = NoEntry  bulcount= 0  bearcount= 3 oipcrBear= BearTrade
atmpcr5 pcr6= 1.47    2.43
No Entry Yet
India VIX = 11.46  Spot Price = 77703.54
IV Regime = LOW (ADAPTIVE: P25= 11.86  P50= 12.16  P75= 12.9 ) | DailyRange = 1272.1 | 3minCandleRange = 66.9 (theoretical= 111.6 ) | ATMoptionMove = 30.1 | SL = 105 | Target = 105 | TrailTrigger = 30 | Spread = 300 | Buffer = 27
IV Params refreshed: {'vix': 11.46, 'bn_price': 77703.54, 'regime': 'LOW', 'regime_thresholds': 'P25=11.86 P50=12.16 P75=12.9', 'daily_range': 1272.1, 'candle_range': 66.9, 'atm_option_move': 30.1, 'sl_point': 105, 'target_point': 105, 'sl_pct_of_premium': 0.1, 'trail_trigger': 30, 'spread_width': 300, 'support_resistance_buffer': 27}
BSE:SENSEX-INDEX  strikecount= 8   fyers <fyers_apiv3.fyersModel.FyersModel object at 0x75fb8594b890>
===
====after 3 min ochain==== 2026-08-14 10:33:00.013350
                                    oipcr   choipcr   totalOI
pcr1 =  BSE:SENSEX2682078500CE   0.29   0.05 CALL added 304260   PUT added 15420  OI= 549600
pcr2 =  BSE:SENSEX2682078400CE   0.18   0.11 CALL added 106680   PUT added 11720  OI= 177560
pcr3 =  BSE:SENSEX2682078300PE   0.25   0.21 CALL added 125900   PUT added 25940  OI= 53220
pcr4 =  BSE:SENSEX2682078200CE   0.35   0.14 CALL added 161640   PUT added 23040  OI= 293520
pcr5 =  BSE:SENSEX2682078100CE   0.62   0.63 CALL added 185740   PUT added 117080  OI= 290280
pcr6 =  BSE:SENSEX2682078000PE   0.7    0.47 CALL added 567860   PUT added 265140  OI= 781340
pcr7 =  BSE:SENSEX2682077900PE   0.87   0.82 CALL added 353920   PUT added 291740  OI= 399020
pcr8 =  BSE:SENSEX2682077800PE   1.35   1.4 CALL added 397260   PUT added 556020  OI= 804580
pcr9 =  BSE:SENSEX2682077700CE   2.24   2.24 CALL added 187560   PUT added 420040  OI= 218180
pcr10 =  BSE:SENSEX2682077600PE   5.67   5.93 CALL added 70380   PUT added 417420  OI= 479060
pcr11 =  BSE:SENSEX2682077500PE   4.19   7.7 CALL added 48480   PUT added 373240  OI= 589760
pcr12 =  BSE:SENSEX2682077400PE   8.58   7.91 CALL added 21120   PUT added 166960  OI= 206880
pcr13 =  BSE:SENSEX2682077300CE   9.25   7.65 CALL added 14160   PUT added 108340  OI= 16280
pcr14 =  BSE:SENSEX2682077200PE   15.63   11.5 CALL added 5240   PUT added 60260  OI= 106580
pcr15 =  BSE:SENSEX2682077100CE   21.59   17.08 CALL added 3500   PUT added 59780  OI= 4040
pcr16 =  BSE:SENSEX2682077000CE   8.99   9.93 CALL added 12180   PUT added 120960  OI= 37480
pcr17 =  BSE:SENSEX2682076900PE   139.22   308.82 CALL added 220   PUT added 67940  OI= 89100
pcrSummation= 12.23  result =  ['BSE:SENSEX2682078400CE', 'BSE:SENSEX2682078300PE', 'BSE:SENSEX2682078200CE', 'BSE:SENSEX2682078100CE', 'BSE:SENSEX2682078000PE', 'BSE:SENSEX2682077900PE', 'BSE:SENSEX2682077800PE', 'BSE:SENSEX2682077700CE', 'BSE:SENSEX2682077600PE']
PCRSUM== 219.97
pcrSummation== 12.23
VOLPCRSUM== 7.960000000000001
spotLTP =  77703.54  ATM_STRIKE =  77700
IS_ATM_STRIKE_SHIFT = True  mapStrike = {77700: 77700}
avgOiPcrList2 = [np.float64(12.94)] atmStrikeNotShiftedCount= 1
True   1   1
SUPP_RES=== 78000  Buffer= 27
CEoich val =  567860.0  PEoich val =  265140.0 , CE > PE by 53.3%
SUPP_RES TOTAL OI: CE= 1108640  PE= 781340 , CE > PE by 29.5%
IS_MORNING_WINDOW= False  (active 9:15-9:48 IST)
================================================
==== signal check time ==== 2026-08-14 10:33:00.667836
IS_CHOI_DIFF_GT_25PERC== True
RSI_VAL1== 36.52
RSI_VAL2== 36.52
FUT_3m_OHLC O= 78091.0  H= 78091.0  L= 78030.0  C= 78030.0  Range= 61.1
CHART_PATTERN_DETECTED: THREE_BLACK_CROWS | DOUBLE_TOP_FORMING | STRONG_MOMENTUM_BEAR
  PATTERN_CONTEXT: Body= -61.1  Range= 61.1  ExpectedRange= 66.9  RangeRatio= 0.91  O= 78091.0  H= 78091.0  L= 78030.0  C= 78030.0
newSynthFut =  78000
ATMStrike =  77700
AVG_OIPCR= 1.36
avgoiPCROld=  12.94
SUPP_RES = 78000
FUT LTP = 78030.0
CEchoi  PechOi = 567860.0    265140.0
====================================
totalOIPCR = 0.94
AVG_VOLPCR= 0.88
atmPCR= 0.62  belowATM  0.7
atmVolPCR= 0.76  belowATM  0.92
True   78030.0   78000   False   False   36.52
curr Doji False
BSE:SENSEX2682078000PE  curr candle vol pcr = 1.26  PE= 434100  CE= 345840      cpr =  0.8
BSE:SENSEX2682078100PE  prev candle vol pcr = 0.89  PE= 24820  CE= 27960      cpr =  1.13
ATM_CE_premium= 342.1  ATM_PE_premium= 477.75
CE_PremChg= -37.55  PE_PremChg= 42.3
CandleBody= -61.1  PrevBody= -17.0  CandleRange= 61.1  Bearish
TotalVol= 779940  PrevTotalVol= 52780  VolSpike= 14.78 x  SPIKE!
SCALP_SCORE: BEAR | BullScore= 1  BearScore= 3 | Confidence= MEDIUM
  SCALP_BEAR_REASONS: StrongBearCandle(100%) + 2ConsecBearCandles + VolSpike(14.78x)_bear
DATAPOINT|10:33|FUT=78030.0|Body=-61.1|PrevBody=-17.0|Range=61.1|RangeRatio=0.91|CurrVolPCR=1.26|PrevVolPCR=0.89|CurrCPR=0.8|PrevCPR=1.13|VolSpike=14.78|CE_PremChg=-37.55|PE_PremChg=42.3|BullScore=1|BearScore=3|Dir=BEAR|Conf=MEDIUM
CHART_PATTERN_DETECTED: THREE_BLACK_CROWS | DOUBLE_TOP_FORMING | STRONG_MOMENTUM_BEAR
  PATTERN_CONTEXT: Body= -61.1  Range= 61.1  ExpectedRange= 66.9  RangeRatio= 0.91  O= 78091.0  H= 78091.0  L= 78030.0  C= 78030.0
BSE:SENSEX-INDEX  strikecount= 3   fyers <fyers_apiv3.fyersModel.FyersModel object at 0x75fb8594b890>
======================================
oipcr1 =  BSE:SENSEX2682078000PE   0.7
oipcr2 =  BSE:SENSEX2682077900PE   0.87
oipcr3 =  BSE:SENSEX2682077800PE   1.35
oipcrBull = NoEntry  bulcount= 1  bearcount= 2 oipcrBear= BearTrade
atmpcr5 pcr6= 2.24    5.67
No Entry Yet
India VIX = 11.45  Spot Price = 77734.85
IV Regime = LOW (ADAPTIVE: P25= 11.86  P50= 12.16  P75= 12.9 ) | DailyRange = 1271.5 | 3minCandleRange = 66.9 (theoretical= 111.5 ) | ATMoptionMove = 30.1 | SL = 105 | Target = 105 | TrailTrigger = 30 | Spread = 300 | Buffer = 27
IV Params refreshed: {'vix': 11.45, 'bn_price': 77734.85, 'regime': 'LOW', 'regime_thresholds': 'P25=11.86 P50=12.16 P75=12.9', 'daily_range': 1271.5, 'candle_range': 66.9, 'atm_option_move': 30.1, 'sl_point': 105, 'target_point': 105, 'sl_pct_of_premium': 0.1, 'trail_trigger': 30, 'spread_width': 300, 'support_resistance_buffer': 27}
BSE:SENSEX-INDEX  strikecount= 8   fyers <fyers_apiv3.fyersModel.FyersModel object at 0x75fb8594b890>
===
====after 3 min ochain==== 2026-08-14 10:36:00.005231
                                    oipcr   choipcr   totalOI
pcr1 =  BSE:SENSEX2682078500CE   0.28   0.03 CALL added 306260   PUT added 10600  OI= 551600
pcr2 =  BSE:SENSEX2682078400CE   0.16   0.08 CALL added 123700   PUT added 9940  OI= 194580
pcr3 =  BSE:SENSEX2682078300PE   0.22   0.16 CALL added 131460   PUT added 21180  OI= 48460
pcr4 =  BSE:SENSEX2682078200CE   0.28   0.04 CALL added 169880   PUT added 7260  OI= 301760
pcr5 =  BSE:SENSEX2682078100CE   0.51   0.46 CALL added 184600   PUT added 85640  OI= 289140
pcr6 =  BSE:SENSEX2682078000PE   0.64    0.34 CALL added 562640   PUT added 193640  OI= 709840
pcr7 =  BSE:SENSEX2682077900PE   0.72   0.63 CALL added 362640   PUT added 229780  OI= 337060
pcr8 =  BSE:SENSEX2682077800PE   1.1   1.02 CALL added 419960   PUT added 430400  OI= 678960
pcr9 =  BSE:SENSEX2682077700CE   1.81   1.75 CALL added 228500   PUT added 399480  OI= 259120
pcr10 =  BSE:SENSEX2682077600PE   4.61   4.65 CALL added 86740   PUT added 403480  OI= 465120
pcr11 =  BSE:SENSEX2682077500PE   3.65   5.55 CALL added 63660   PUT added 353560  OI= 570080
pcr12 =  BSE:SENSEX2682077400PE   7.68   6.97 CALL added 23900   PUT added 166580  OI= 206500
pcr13 =  BSE:SENSEX2682077300CE   8.82   7.28 CALL added 15300   PUT added 111320  OI= 17420
pcr14 =  BSE:SENSEX2682077200PE   14.03   10.11 CALL added 6160   PUT added 62300  OI= 108620
pcr15 =  BSE:SENSEX2682077100CE   19.65   15.42 CALL added 3980   PUT added 61360  OI= 4520
pcr16 =  BSE:SENSEX2682077000CE   8.42   8.22 CALL added 15260   PUT added 125380  OI= 40560
pcr17 =  BSE:SENSEX2682076900PE   118.16   207.12 CALL added 320   PUT added 66280  OI= 87440
pcrSummation= 10.05  result =  ['BSE:SENSEX2682078400CE', 'BSE:SENSEX2682078300PE', 'BSE:SENSEX2682078200CE', 'BSE:SENSEX2682078100CE', 'BSE:SENSEX2682078000PE', 'BSE:SENSEX2682077900PE', 'BSE:SENSEX2682077800PE', 'BSE:SENSEX2682077700CE', 'BSE:SENSEX2682077600PE']
PCRSUM== 190.74
pcrSummation== 10.05
VOLPCRSUM== 8.0
spotLTP =  77734.85  ATM_STRIKE =  77700
IS_ATM_STRIKE_SHIFT = False  mapStrike = {77700: 77700}
avgOiPcrList2 = [np.float64(12.94), np.float64(11.22)] atmStrikeNotShiftedCount= 2
False   2   2
SUPP_RES=== 78000  Buffer= 27
CEoich val =  562640.0  PEoich val =  193640.0 , CE > PE by 65.6%
SUPP_RES TOTAL OI: CE= 1103420  PE= 709840 , CE > PE by 35.7%
IS_MORNING_WINDOW= False  (active 9:15-9:48 IST)
================================================
==== signal check time ==== 2026-08-14 10:36:00.626763
IS_CHOI_DIFF_GT_25PERC== True
RSI_VAL1== 37.2
RSI_VAL2== 37.2
FUT_3m_OHLC O= 78051.4  H= 78066.0  L= 78015.0  C= 78034.8  Range= 51.1
CHART_PATTERN_DETECTED: DOUBLE_BOTTOM_FORMING
  PATTERN_CONTEXT: Body= -16.6  Range= 51.1  ExpectedRange= 66.9  RangeRatio= 0.76  O= 78051.4  H= 78066.0  L= 78015.0  C= 78034.8
newSynthFut =  78000
ATMStrike =  77700
AVG_OIPCR= 1.12
avgoiPCROld=  11.22
SUPP_RES = 78000
FUT LTP = 78034.8
CEchoi  PechOi = 562640.0    193640.0
====================================
totalOIPCR = 0.87
AVG_VOLPCR= 0.89
atmPCR= 0.51  belowATM  0.64
atmVolPCR= 0.76  belowATM  0.94
True   78034.8   78000   False   False   37.2
curr Doji False
BSE:SENSEX2682078000PE  curr candle vol pcr = 1.43  PE= 222180  CE= 155580      cpr =  0.7
BSE:SENSEX2682078000PE  prev candle vol pcr = 1.26  PE= 434100  CE= 345840      cpr =  0.8
ATM_CE_premium= 348.0  ATM_PE_premium= 471.0
CE_PremChg= 5.9  PE_PremChg= -6.75
CandleBody= -16.6  PrevBody= -61.1  CandleRange= 51.1  Bearish
TotalVol= 377760  PrevTotalVol= 779940  VolSpike= 0.48 x 
SCALP_SCORE: BEAR | BullScore= 0  BearScore= 1 | Confidence= LOW
DATAPOINT|10:36|FUT=78034.8|Body=-16.6|PrevBody=-61.1|Range=51.1|RangeRatio=0.76|CurrVolPCR=1.43|PrevVolPCR=1.26|CurrCPR=0.7|PrevCPR=0.8|VolSpike=0.48|CE_PremChg=5.9|PE_PremChg=-6.75|BullScore=0|BearScore=1|Dir=BEAR|Conf=LOW
CHART_PATTERN_DETECTED: DOUBLE_BOTTOM_FORMING
  PATTERN_CONTEXT: Body= -16.6  Range= 51.1  ExpectedRange= 66.9  RangeRatio= 0.76  O= 78051.4  H= 78066.0  L= 78015.0  C= 78034.8
BSE:SENSEX-INDEX  strikecount= 3   fyers <fyers_apiv3.fyersModel.FyersModel object at 0x75fb8594b890>
======================================
oipcr1 =  BSE:SENSEX2682078000PE   0.64
oipcr2 =  BSE:SENSEX2682077900PE   0.72
oipcr3 =  BSE:SENSEX2682077800PE   1.1
oipcrBull = NoEntry  bulcount= 1  bearcount= 2 oipcrBear= BearTrade
atmpcr5 pcr6= 1.81    4.61
No Entry Yet
India VIX = 11.43  Spot Price = 77744.3
IV Regime = LOW (ADAPTIVE: P25= 11.86  P50= 12.16  P75= 12.9 ) | DailyRange = 1269.5 | 3minCandleRange = 66.8 (theoretical= 111.3 ) | ATMoptionMove = 30.1 | SL = 105 | Target = 105 | TrailTrigger = 30 | Spread = 300 | Buffer = 27
IV Params refreshed: {'vix': 11.43, 'bn_price': 77744.3, 'regime': 'LOW', 'regime_thresholds': 'P25=11.86 P50=12.16 P75=12.9', 'daily_range': 1269.5, 'candle_range': 66.8, 'atm_option_move': 30.1, 'sl_point': 105, 'target_point': 105, 'sl_pct_of_premium': 0.1, 'trail_trigger': 30, 'spread_width': 300, 'support_resistance_buffer': 27}
BSE:SENSEX-INDEX  strikecount= 8   fyers <fyers_apiv3.fyersModel.FyersModel object at 0x75fb8594b890>
===
====after 3 min ochain==== 2026-08-14 10:39:00.002166
                                    oipcr   choipcr   totalOI
pcr1 =  BSE:SENSEX2682078500CE   0.27   0.02 CALL added 313160   PUT added 7540  OI= 558500
pcr2 =  BSE:SENSEX2682078400CE   0.14   0.05 CALL added 131520   PUT added 7020  OI= 202400
pcr3 =  BSE:SENSEX2682078300PE   0.21   0.15 CALL added 134140   PUT added 19840  OI= 47120
pcr4 =  BSE:SENSEX2682078200CE   0.27   0.03 CALL added 178420   PUT added 4980  OI= 310300
pcr5 =  BSE:SENSEX2682078100CE   0.49   0.44 CALL added 193780   PUT added 84900  OI= 298320
pcr6 =  BSE:SENSEX2682078000PE   0.63    0.34 CALL added 586860   PUT added 197100  OI= 713300
pcr7 =  BSE:SENSEX2682077900PE   0.73   0.64 CALL added 377680   PUT added 243300  OI= 350580
pcr8 =  BSE:SENSEX2682077800PE   1.01   0.9 CALL added 454040   PUT added 409520  OI= 658080
pcr9 =  BSE:SENSEX2682077700CE   1.66   1.58 CALL added 250600   PUT added 396320  OI= 281220
pcr10 =  BSE:SENSEX2682077600PE   4.37   4.37 CALL added 94020   PUT added 410980  OI= 472620
pcr11 =  BSE:SENSEX2682077500PE   3.59   5.29 CALL added 67780   PUT added 358560  OI= 575080
pcr12 =  BSE:SENSEX2682077400PE   7.46   6.76 CALL added 25220   PUT added 170480  OI= 210400
pcr13 =  BSE:SENSEX2682077300CE   8.69   7.19 CALL added 15980   PUT added 114940  OI= 18100
pcr14 =  BSE:SENSEX2682077200PE   14.04   10.34 CALL added 6520   PUT added 67400  OI= 113720
pcr15 =  BSE:SENSEX2682077100CE   18.78   14.54 CALL added 4080   PUT added 59340  OI= 4620
pcr16 =  BSE:SENSEX2682077000CE   8.26   7.82 CALL added 16020   PUT added 125340  OI= 41320
pcr17 =  BSE:SENSEX2682076900PE   102.93   153.09 CALL added 440   PUT added 67360  OI= 88520
pcrSummation= 9.51  result =  ['BSE:SENSEX2682078400CE', 'BSE:SENSEX2682078300PE', 'BSE:SENSEX2682078200CE', 'BSE:SENSEX2682078100CE', 'BSE:SENSEX2682078000PE', 'BSE:SENSEX2682077900PE', 'BSE:SENSEX2682077800PE', 'BSE:SENSEX2682077700CE', 'BSE:SENSEX2682077600PE']
PCRSUM== 173.53
pcrSummation== 9.51
VOLPCRSUM== 8.0
spotLTP =  77745.37  ATM_STRIKE =  77700
IS_ATM_STRIKE_SHIFT = False  mapStrike = {77700: 77700}
avgOiPcrList2 = [np.float64(12.94), np.float64(11.22), np.float64(10.21)] atmStrikeNotShiftedCount= 3
False   3   3
SUPP_RES=== 78000  Buffer= 27
CEoich val =  586860.0  PEoich val =  197100.0 , CE > PE by 66.4%
SUPP_RES TOTAL OI: CE= 1127640  PE= 713300 , CE > PE by 36.7%
IS_MORNING_WINDOW= False  (active 9:15-9:48 IST)
================================================
==== signal check time ==== 2026-08-14 10:39:00.640270
IS_CHOI_DIFF_GT_25PERC== True
RSI_VAL1== 38.3
RSI_VAL2== 38.3
FUT_3m_OHLC O= 78034.8  H= 78042.6  L= 78034.8  C= 78042.2  Range= 7.8
CHART_PATTERN_DETECTED: INSIDE_BAR | DOUBLE_BOTTOM_FORMING
  PATTERN_CONTEXT: Body= 7.3  Range= 7.8  ExpectedRange= 66.8  RangeRatio= 0.12  O= 78034.8  H= 78042.6  L= 78034.8  C= 78042.2
isPcrDecr = True
newSynthFut =  78000
ATMStrike =  77700
AVG_OIPCR= 1.06
avgoiPCROld=  10.21
SUPP_RES = 78000
FUT LTP = 78042.15
CEchoi  PechOi = 586860.0    197100.0
====================================
totalOIPCR = 0.85
AVG_VOLPCR= 0.89
atmPCR= 0.49  belowATM  0.63
atmVolPCR= 0.76  belowATM  0.95
True   78042.15   78000   False   True   38.3
no trade yet = [np.float64(12.94), np.float64(11.22), np.float64(10.21)]
curr Doji False
BSE:SENSEX2682078000PE  curr candle vol pcr = 1.21  PE= 136500  CE= 112880      cpr =  0.83
BSE:SENSEX2682078000PE  prev candle vol pcr = 1.43  PE= 222180  CE= 155580      cpr =  0.7
ATM_CE_premium= 350.0  ATM_PE_premium= 472.0
CE_PremChg= 2.0  PE_PremChg= 1.0
CandleBody= 7.3  PrevBody= -16.6  CandleRange= 7.8  Bullish
TotalVol= 249380  PrevTotalVol= 377760  VolSpike= 0.66 x 
SCALP_SCORE: BULL | BullScore= 1  BearScore= 0 | Confidence= LOW
DATAPOINT|10:39|FUT=78042.2|Body=7.3|PrevBody=-16.6|Range=7.8|RangeRatio=0.12|CurrVolPCR=1.21|PrevVolPCR=1.43|CurrCPR=0.83|PrevCPR=0.7|VolSpike=0.66|CE_PremChg=2.0|PE_PremChg=1.0|BullScore=1|BearScore=0|Dir=BULL|Conf=LOW
CHART_PATTERN_DETECTED: INSIDE_BAR | DOUBLE_BOTTOM_FORMING
  PATTERN_CONTEXT: Body= 7.3  Range= 7.8  ExpectedRange= 66.8  RangeRatio= 0.12  O= 78034.8  H= 78042.6  L= 78034.8  C= 78042.2
BSE:SENSEX-INDEX  strikecount= 3   fyers <fyers_apiv3.fyersModel.FyersModel object at 0x75fb8594b890>
======================================
oipcr1 =  BSE:SENSEX2682078000PE   0.63
oipcr2 =  BSE:SENSEX2682077900PE   0.73
oipcr3 =  BSE:SENSEX2682077800PE   1.01
oipcrBull = NoEntry  bulcount= 1  bearcount= 2 oipcrBear= BearTrade
atmpcr5 pcr6= 1.66    4.37
No Entry Yet
India VIX = 11.43  Spot Price = 77749.83
IV Regime = LOW (ADAPTIVE: P25= 11.86  P50= 12.16  P75= 12.9 ) | DailyRange = 1269.5 | 3minCandleRange = 66.8 (theoretical= 111.3 ) | ATMoptionMove = 30.1 | SL = 105 | Target = 105 | TrailTrigger = 30 | Spread = 300 | Buffer = 27
IV Params refreshed: {'vix': 11.43, 'bn_price': 77749.83, 'regime': 'LOW', 'regime_thresholds': 'P25=11.86 P50=12.16 P75=12.9', 'daily_range': 1269.5, 'candle_range': 66.8, 'atm_option_move': 30.1, 'sl_point': 105, 'target_point': 105, 'sl_pct_of_premium': 0.1, 'trail_trigger': 30, 'spread_width': 300, 'support_resistance_buffer': 27}
BSE:SENSEX-INDEX  strikecount= 8   fyers <fyers_apiv3.fyersModel.FyersModel object at 0x75fb8594b890>
===
====after 3 min ochain==== 2026-08-14 10:42:00.039652
                                    oipcr   choipcr   totalOI
pcr1 =  BSE:SENSEX2682078500CE   0.27   0.02 CALL added 315420   PUT added 7780  OI= 560760
pcr2 =  BSE:SENSEX2682078400CE   0.14   0.06 CALL added 131140   PUT added 7580  OI= 202020
pcr3 =  BSE:SENSEX2682078300PE   0.21   0.14 CALL added 136660   PUT added 19760  OI= 47040
pcr4 =  BSE:SENSEX2682078200CE   0.26   0.02 CALL added 180440   PUT added 3580  OI= 312320
pcr5 =  BSE:SENSEX2682078100CE   0.48   0.42 CALL added 202340   PUT added 85220  OI= 306880
pcr6 =  BSE:SENSEX2682078000PE   0.63    0.34 CALL added 597260   PUT added 205700  OI= 721900
pcr7 =  BSE:SENSEX2682077900PE   0.72   0.64 CALL added 383580   PUT added 244340  OI= 351620
pcr8 =  BSE:SENSEX2682077800PE   1.0   0.89 CALL added 456640   PUT added 406340  OI= 654900
pcr9 =  BSE:SENSEX2682077700CE   1.63   1.55 CALL added 261820   PUT added 406320  OI= 292440
pcr10 =  BSE:SENSEX2682077600PE   4.71   4.77 CALL added 87140   PUT added 415300  OI= 476940
pcr11 =  BSE:SENSEX2682077500PE   3.54   5.1 CALL added 70360   PUT added 359100  OI= 575620
pcr12 =  BSE:SENSEX2682077400PE   7.49   6.81 CALL added 25360   PUT added 172580  OI= 212500
pcr13 =  BSE:SENSEX2682077300CE   8.74   7.26 CALL added 16020   PUT added 116300  OI= 18140
pcr14 =  BSE:SENSEX2682077200PE   14.42   10.8 CALL added 6500   PUT added 70180  OI= 116500
pcr15 =  BSE:SENSEX2682077100CE   18.95   14.71 CALL added 4060   PUT added 59720  OI= 4600
pcr16 =  BSE:SENSEX2682077000CE   8.21   7.65 CALL added 15060   PUT added 115160  OI= 40360
pcr17 =  BSE:SENSEX2682076900PE   104.16   153.26 CALL added 460   PUT added 70500  OI= 91660
pcrSummation= 5.34  result =  ['BSE:SENSEX2682078500CE', 'BSE:SENSEX2682078400CE', 'BSE:SENSEX2682078300PE', 'BSE:SENSEX2682078200CE', 'BSE:SENSEX2682078100CE', 'BSE:SENSEX2682078000PE', 'BSE:SENSEX2682077900PE', 'BSE:SENSEX2682077800PE', 'BSE:SENSEX2682077700CE']
PCRSUM== 175.56
pcrSummation== 5.34
VOLPCRSUM== 7.97
spotLTP =  77748.44  ATM_STRIKE =  77700
IS_ATM_STRIKE_SHIFT = False  mapStrike = {77700: 77700}
avgOiPcrList2 = [np.float64(11.22), np.float64(10.21), np.float64(10.33)] atmStrikeNotShiftedCount= 4
False   4   3
SUPP_RES=== 78000  Buffer= 27
CEoich val =  597260.0  PEoich val =  205700.0 , CE > PE by 65.6%
SUPP_RES TOTAL OI: CE= 1138040  PE= 721900 , CE > PE by 36.6%
IS_MORNING_WINDOW= False  (active 9:15-9:48 IST)
================================================
==== signal check time ==== 2026-08-14 10:42:00.652682
IS_CHOI_DIFF_GT_25PERC== True
RSI_VAL1== 44.63
RSI_VAL2== 44.63
FUT_3m_OHLC O= 78086.8  H= 78086.8  L= 78086.8  C= 78086.8  Range= 0.0
CHART_PATTERN_DETECTED: DOUBLE_TOP_FORMING | DOUBLE_BOTTOM_FORMING
  PATTERN_CONTEXT: Body= 0.0  Range= 0.0  ExpectedRange= 66.8  RangeRatio= 0.0  O= 78086.8  H= 78086.8  L= 78086.8  C= 78086.8
recent two = [np.float64(10.21), np.float64(10.33)]
newSynthFut =  78100
ATMStrike =  77700
AVG_OIPCR= 0.59
avgoiPCROld=  10.33
SUPP_RES = 78000
FUT LTP = 78086.85
CEchoi  PechOi = 597260.0    205700.0
====================================
totalOIPCR = 0.84
AVG_VOLPCR= 0.89
atmPCR= 0.48  belowATM  0.63
atmVolPCR= 0.75  belowATM  0.94
True   78086.85   78000   False   False   44.63
curr Doji False
BSE:SENSEX2682078000PE  curr candle vol pcr = 0.85  PE= 74960  CE= 87760      cpr =  1.17
BSE:SENSEX2682078000PE  prev candle vol pcr = 1.21  PE= 136500  CE= 112880      cpr =  0.83
ATM_CE_premium= 354.5  ATM_PE_premium= 460.0
CE_PremChg= 4.5  PE_PremChg= -12.0
CandleBody= 0.0  PrevBody= 7.3  CandleRange= 0.0  Doji
TotalVol= 162720  PrevTotalVol= 249380  VolSpike= 0.65 x 
SCALP_SCORE: NEUTRAL | BullScore= 0  BearScore= 0 | Confidence= LOW
DATAPOINT|10:42|FUT=78086.8|Body=0.0|PrevBody=7.3|Range=0.0|RangeRatio=0.0|CurrVolPCR=0.85|PrevVolPCR=1.21|CurrCPR=1.17|PrevCPR=0.83|VolSpike=0.65|CE_PremChg=4.5|PE_PremChg=-12.0|BullScore=0|BearScore=0|Dir=NEUTRAL|Conf=LOW
CHART_PATTERN_DETECTED: DOUBLE_TOP_FORMING | DOUBLE_BOTTOM_FORMING
  PATTERN_CONTEXT: Body= 0.0  Range= 0.0  ExpectedRange= 66.8  RangeRatio= 0.0  O= 78086.8  H= 78086.8  L= 78086.8  C= 78086.8
BSE:SENSEX-INDEX  strikecount= 3   fyers <fyers_apiv3.fyersModel.FyersModel object at 0x75fb8594b890>
======================================
oipcr1 =  BSE:SENSEX2682078000PE   0.63
oipcr2 =  BSE:SENSEX2682077900PE   0.72
oipcr3 =  BSE:SENSEX2682077800PE   1.0
oipcrBull = NoEntry  bulcount= 1  bearcount= 2 oipcrBear= BearTrade
atmpcr5 pcr6= 1.63    4.71
No Entry Yet
India VIX = 11.42  Spot Price = 77764.98
IV Regime = LOW (ADAPTIVE: P25= 11.86  P50= 12.16  P75= 12.9 ) | DailyRange = 1268.7 | 3minCandleRange = 66.8 (theoretical= 111.3 ) | ATMoptionMove = 30.0 | SL = 105 | Target = 105 | TrailTrigger = 30 | Spread = 300 | Buffer = 27
IV Params refreshed: {'vix': 11.42, 'bn_price': 77764.98, 'regime': 'LOW', 'regime_thresholds': 'P25=11.86 P50=12.16 P75=12.9', 'daily_range': 1268.7, 'candle_range': 66.8, 'atm_option_move': 30.0, 'sl_point': 105, 'target_point': 105, 'sl_pct_of_premium': 0.1, 'trail_trigger': 30, 'spread_width': 300, 'support_resistance_buffer': 27}
BSE:SENSEX-INDEX  strikecount= 8   fyers <fyers_apiv3.fyersModel.FyersModel object at 0x75fb8594b890>
===
====after 3 min ochain==== 2026-08-14 10:45:00.042723
                                    oipcr   choipcr   totalOI
pcr1 =  BSE:SENSEX2682078600CE   0.34   0.13 CALL added 72200   PUT added 9560  OI= 126540
pcr2 =  BSE:SENSEX2682078500CE   0.27   0.03 CALL added 319980   PUT added 9020  OI= 565320
pcr3 =  BSE:SENSEX2682078400CE   0.14   0.06 CALL added 132340   PUT added 7560  OI= 203220
pcr4 =  BSE:SENSEX2682078300PE   0.21   0.14 CALL added 138180   PUT added 19920  OI= 47200
pcr5 =  BSE:SENSEX2682078200CE   0.26   0.02 CALL added 183740   PUT added 4300  OI= 315620
pcr6 =  BSE:SENSEX2682078100CE   0.49    0.43 CALL added 202160   PUT added 86940  OI= 306700
pcr7 =  BSE:SENSEX2682078000PE   0.63   0.34 CALL added 610980   PUT added 206460  OI= 722660
pcr8 =  BSE:SENSEX2682077900PE   0.72   0.64 CALL added 389660   PUT added 250480  OI= 357760
pcr9 =  BSE:SENSEX2682077800PE   1.03   0.94 CALL added 465300   PUT added 436580  OI= 685140
pcr10 =  BSE:SENSEX2682077700CE   1.68   1.61 CALL added 260200   PUT added 419720  OI= 290820
pcr11 =  BSE:SENSEX2682077600PE   4.72   4.78 CALL added 87160   PUT added 416760  OI= 478400
pcr12 =  BSE:SENSEX2682077500PE   3.52   5.01 CALL added 72800   PUT added 364640  OI= 581160
pcr13 =  BSE:SENSEX2682077400PE   7.42   6.73 CALL added 25780   PUT added 173620  OI= 213540
pcr14 =  BSE:SENSEX2682077300CE   7.86   6.44 CALL added 17920   PUT added 115340  OI= 20040
pcr15 =  BSE:SENSEX2682077200PE   14.8   11.0 CALL added 6040   PUT added 66420  OI= 112740
pcr16 =  BSE:SENSEX2682077100CE   18.71   14.52 CALL added 4140   PUT added 60100  OI= 4680
pcr17 =  BSE:SENSEX2682077000CE   8.49   8.4 CALL added 14840   PUT added 124620  OI= 40140
pcrSummation= 5.43  result =  ['BSE:SENSEX2682078500CE', 'BSE:SENSEX2682078400CE', 'BSE:SENSEX2682078300PE', 'BSE:SENSEX2682078200CE', 'BSE:SENSEX2682078100CE', 'BSE:SENSEX2682078000PE', 'BSE:SENSEX2682077900PE', 'BSE:SENSEX2682077800PE', 'BSE:SENSEX2682077700CE']
PCRSUM== 71.29
pcrSummation== 5.43
VOLPCRSUM== 5.85
spotLTP =  77765.36  ATM_STRIKE =  77800
IS_ATM_STRIKE_SHIFT = True  mapStrike = {77800: 77800}
avgOiPcrList2 = [np.float64(4.19)] atmStrikeNotShiftedCount= 1
True   1   1
SUPP_RES=== 78000  Buffer= 27
CEoich val =  610980.0  PEoich val =  206460.0 , CE > PE by 66.2%
SUPP_RES TOTAL OI: CE= 1151760  PE= 722660 , CE > PE by 37.3%
IS_MORNING_WINDOW= False  (active 9:15-9:48 IST)
================================================
==== signal check time ==== 2026-08-14 10:45:00.752831
IS_CHOI_DIFF_GT_25PERC== True
RSI_VAL1== 44.63
RSI_VAL2== 44.63
FUT_3m_OHLC O= 78086.8  H= 78086.8  L= 78086.8  C= 78086.8  Range= 0.0
CHART_PATTERN_DETECTED: INSIDE_BAR | DOUBLE_TOP_FORMING
  PATTERN_CONTEXT: Body= 0.0  Range= 0.0  ExpectedRange= 66.8  RangeRatio= 0.0  O= 78086.8  H= 78086.8  L= 78086.8  C= 78086.8
newSynthFut =  78100
ATMStrike =  77800
AVG_OIPCR= 0.6
avgoiPCROld=  4.19
SUPP_RES = 78000
FUT LTP = 78086.85
CEchoi  PechOi = 610980.0    206460.0
====================================
totalOIPCR = 0.85
AVG_VOLPCR= 0.65
atmPCR= 0.26  belowATM  0.49
atmVolPCR= 0.38  belowATM  0.75
True   78086.85   78000   False   False   44.63
curr Doji False
BSE:SENSEX2682078000PE  curr candle vol pcr = 0.95  PE= 68860  CE= 72440      cpr =  1.05
BSE:SENSEX2682078000PE  prev candle vol pcr = 0.85  PE= 74960  CE= 87760      cpr =  1.17
ATM_CE_premium= 358.1  ATM_PE_premium= 452.4
CE_PremChg= 3.6  PE_PremChg= -7.6
CandleBody= 0.0  PrevBody= 0.0  CandleRange= 0.0  Doji
TotalVol= 141300  PrevTotalVol= 162720  VolSpike= 0.87 x 
SCALP_SCORE: NEUTRAL | BullScore= 0  BearScore= 0 | Confidence= LOW
DATAPOINT|10:45|FUT=78086.8|Body=0.0|PrevBody=0.0|Range=0.0|RangeRatio=0.0|CurrVolPCR=0.95|PrevVolPCR=0.85|CurrCPR=1.05|PrevCPR=1.17|VolSpike=0.87|CE_PremChg=3.6|PE_PremChg=-7.6|BullScore=0|BearScore=0|Dir=NEUTRAL|Conf=LOW
CHART_PATTERN_DETECTED: INSIDE_BAR | DOUBLE_TOP_FORMING
  PATTERN_CONTEXT: Body= 0.0  Range= 0.0  ExpectedRange= 66.8  RangeRatio= 0.0  O= 78086.8  H= 78086.8  L= 78086.8  C= 78086.8
BSE:SENSEX-INDEX  strikecount= 3   fyers <fyers_apiv3.fyersModel.FyersModel object at 0x75fb8594b890>
======================================
oipcr1 =  BSE:SENSEX2682078100CE   0.49
oipcr2 =  BSE:SENSEX2682078000PE   0.63
oipcr3 =  BSE:SENSEX2682077900PE   0.72
oipcrBull = NoEntry  bulcount= 0  bearcount= 3 oipcrBear= BearTrade
atmpcr5 pcr6= 1.03    1.68
No Entry Yet
India VIX = 11.4  Spot Price = 77790.95
IV Regime = LOW (ADAPTIVE: P25= 11.86  P50= 12.16  P75= 12.9 ) | DailyRange = 1266.9 | 3minCandleRange = 66.7 (theoretical= 111.1 ) | ATMoptionMove = 30.0 | SL = 105 | Target = 105 | TrailTrigger = 30 | Spread = 300 | Buffer = 27
IV Params refreshed: {'vix': 11.4, 'bn_price': 77790.95, 'regime': 'LOW', 'regime_thresholds': 'P25=11.86 P50=12.16 P75=12.9', 'daily_range': 1266.9, 'candle_range': 66.7, 'atm_option_move': 30.0, 'sl_point': 105, 'target_point': 105, 'sl_pct_of_premium': 0.1, 'trail_trigger': 30, 'spread_width': 300, 'support_resistance_buffer': 27}
BSE:SENSEX-INDEX  strikecount= 8   fyers <fyers_apiv3.fyersModel.FyersModel object at 0x75fb8594b890>
===
====after 3 min ochain==== 2026-08-14 10:48:00.003664
                                    oipcr   choipcr   totalOI
pcr1 =  BSE:SENSEX2682078600CE   0.34   0.13 CALL added 72160   PUT added 9620  OI= 126500
pcr2 =  BSE:SENSEX2682078500CE   0.27   0.03 CALL added 336140   PUT added 10480  OI= 581480
pcr3 =  BSE:SENSEX2682078400CE   0.14   0.06 CALL added 134300   PUT added 7480  OI= 205180
pcr4 =  BSE:SENSEX2682078300PE   0.21   0.14 CALL added 138220   PUT added 19420  OI= 46700
pcr5 =  BSE:SENSEX2682078200CE   0.26   0.03 CALL added 184660   PUT added 4680  OI= 316540
pcr6 =  BSE:SENSEX2682078100CE   0.48    0.43 CALL added 203640   PUT added 86980  OI= 308180
pcr7 =  BSE:SENSEX2682078000PE   0.63   0.34 CALL added 603860   PUT added 206420  OI= 722620
pcr8 =  BSE:SENSEX2682077900PE   0.72   0.64 CALL added 398760   PUT added 254220  OI= 361500
pcr9 =  BSE:SENSEX2682077800PE   1.01   0.91 CALL added 469200   PUT added 426520  OI= 675080
pcr10 =  BSE:SENSEX2682077700CE   1.68   1.61 CALL added 257020   PUT added 412980  OI= 287640
pcr11 =  BSE:SENSEX2682077600PE   4.9   5.0 CALL added 82720   PUT added 413300  OI= 474940
pcr12 =  BSE:SENSEX2682077500PE   3.48   4.91 CALL added 73260   PUT added 359400  OI= 575920
pcr13 =  BSE:SENSEX2682077400PE   7.37   6.67 CALL added 25100   PUT added 167300  OI= 207220
pcr14 =  BSE:SENSEX2682077300CE   9.07   7.67 CALL added 16400   PUT added 125800  OI= 18520
pcr15 =  BSE:SENSEX2682077200PE   14.82   11.0 CALL added 6000   PUT added 66000  OI= 112320
pcr16 =  BSE:SENSEX2682077100CE   20.22   15.78 CALL added 3720   PUT added 58700  OI= 4260
pcr17 =  BSE:SENSEX2682077000CE   9.07   10.03 CALL added 14020   PUT added 140660  OI= 39320
pcrSummation= 5.3999999999999995  result =  ['BSE:SENSEX2682078500CE', 'BSE:SENSEX2682078400CE', 'BSE:SENSEX2682078300PE', 'BSE:SENSEX2682078200CE', 'BSE:SENSEX2682078100CE', 'BSE:SENSEX2682078000PE', 'BSE:SENSEX2682077900PE', 'BSE:SENSEX2682077800PE', 'BSE:SENSEX2682077700CE']
PCRSUM== 74.67
pcrSummation== 5.4
VOLPCRSUM== 5.81
spotLTP =  77790.95  ATM_STRIKE =  77800
IS_ATM_STRIKE_SHIFT = False  mapStrike = {77800: 77800}
avgOiPcrList2 = [np.float64(4.19), np.float64(4.39)] atmStrikeNotShiftedCount= 2
False   2   2
SUPP_RES=== 78000  Buffer= 27
CEoich val =  603860.0  PEoich val =  206420.0 , CE > PE by 65.8%
SUPP_RES TOTAL OI: CE= 1144640  PE= 722620 , CE > PE by 36.9%
IS_MORNING_WINDOW= False  (active 9:15-9:48 IST)
================================================
==== signal check time ==== 2026-08-14 10:48:00.696824
IS_CHOI_DIFF_GT_25PERC== True
RSI_VAL1== 44.63
RSI_VAL2== 44.63
FUT_3m_OHLC O= 78086.8  H= 78086.8  L= 78086.8  C= 78086.8  Range= 0.0
CHART_PATTERN_DETECTED: INSIDE_BAR | DOUBLE_TOP_FORMING
  PATTERN_CONTEXT: Body= 0.0  Range= 0.0  ExpectedRange= 66.7  RangeRatio= 0.0  O= 78086.8  H= 78086.8  L= 78086.8  C= 78086.8
newSynthFut =  78100
ATMStrike =  77800
AVG_OIPCR= 0.6
avgoiPCROld=  4.39
SUPP_RES = 78000
FUT LTP = 78086.85
CEchoi  PechOi = 603860.0    206420.0
====================================
totalOIPCR = 0.84
AVG_VOLPCR= 0.65
atmPCR= 0.26  belowATM  0.48
atmVolPCR= 0.37  belowATM  0.74
True   78086.85   78000   False   False   44.63
curr Doji False
BSE:SENSEX2682078000PE  curr candle vol pcr = 0.79  PE= 89300  CE= 112860      cpr =  1.26
BSE:SENSEX2682078000PE  prev candle vol pcr = 0.95  PE= 68860  CE= 72440      cpr =  1.05
ATM_CE_premium= 364.75  ATM_PE_premium= 444.5
CE_PremChg= 6.65  PE_PremChg= -7.9
CandleBody= 0.0  PrevBody= 0.0  CandleRange= 0.0  Doji
TotalVol= 202160  PrevTotalVol= 141300  VolSpike= 1.43 x 
SCALP_SCORE: NEUTRAL | BullScore= 0  BearScore= 0 | Confidence= LOW
DATAPOINT|10:48|FUT=78086.8|Body=0.0|PrevBody=0.0|Range=0.0|RangeRatio=0.0|CurrVolPCR=0.79|PrevVolPCR=0.95|CurrCPR=1.26|PrevCPR=1.05|VolSpike=1.43|CE_PremChg=6.65|PE_PremChg=-7.9|BullScore=0|BearScore=0|Dir=NEUTRAL|Conf=LOW
CHART_PATTERN_DETECTED: INSIDE_BAR | DOUBLE_TOP_FORMING
  PATTERN_CONTEXT: Body= 0.0  Range= 0.0  ExpectedRange= 66.7  RangeRatio= 0.0  O= 78086.8  H= 78086.8  L= 78086.8  C= 78086.8
BSE:SENSEX-INDEX  strikecount= 3   fyers <fyers_apiv3.fyersModel.FyersModel object at 0x75fb8594b890>
======================================
oipcr1 =  BSE:SENSEX2682078100CE   0.48
oipcr2 =  BSE:SENSEX2682078000PE   0.63
oipcr3 =  BSE:SENSEX2682077900PE   0.72
oipcrBull = NoEntry  bulcount= 0  bearcount= 3 oipcrBear= BearTrade
atmpcr5 pcr6= 1.01    1.68
No Entry Yet
India VIX = 11.38  Spot Price = 77807.79
IV Regime = LOW (ADAPTIVE: P25= 11.86  P50= 12.16  P75= 12.9 ) | DailyRange = 1264.9 | 3minCandleRange = 66.6 (theoretical= 110.9 ) | ATMoptionMove = 30.0 | SL = 105 | Target = 105 | TrailTrigger = 30 | Spread = 300 | Buffer = 27
IV Params refreshed: {'vix': 11.38, 'bn_price': 77807.79, 'regime': 'LOW', 'regime_thresholds': 'P25=11.86 P50=12.16 P75=12.9', 'daily_range': 1264.9, 'candle_range': 66.6, 'atm_option_move': 30.0, 'sl_point': 105, 'target_point': 105, 'sl_pct_of_premium': 0.1, 'trail_trigger': 30, 'spread_width': 300, 'support_resistance_buffer': 27}
BSE:SENSEX-INDEX  strikecount= 8   fyers <fyers_apiv3.fyersModel.FyersModel object at 0x75fb8594b890>
===
====after 3 min ochain==== 2026-08-14 10:51:00.017888
                                    oipcr   choipcr   totalOI
pcr1 =  BSE:SENSEX2682078600CE   0.32   0.12 CALL added 79540   PUT added 9380  OI= 133880
pcr2 =  BSE:SENSEX2682078500CE   0.27   0.03 CALL added 339840   PUT added 11740  OI= 585180
pcr3 =  BSE:SENSEX2682078400CE   0.14   0.05 CALL added 129520   PUT added 6780  OI= 200400
pcr4 =  BSE:SENSEX2682078300PE   0.21   0.14 CALL added 140260   PUT added 19400  OI= 46680
pcr5 =  BSE:SENSEX2682078200CE   0.28   0.06 CALL added 182720   PUT added 11000  OI= 314600
pcr6 =  BSE:SENSEX2682078100CE   0.49    0.43 CALL added 204060   PUT added 88380  OI= 308600
pcr7 =  BSE:SENSEX2682078000PE   0.64   0.36 CALL added 594840   PUT added 211960  OI= 728160
pcr8 =  BSE:SENSEX2682077900PE   0.72   0.64 CALL added 415240   PUT added 265380  OI= 372660
pcr9 =  BSE:SENSEX2682077800PE   1.02   0.91 CALL added 474280   PUT added 433960  OI= 682520
pcr10 =  BSE:SENSEX2682077700CE   1.85   1.8 CALL added 239800   PUT added 430540  OI= 270420
pcr11 =  BSE:SENSEX2682077600PE   5.51   5.74 CALL added 71820   PUT added 412200  OI= 473840
pcr12 =  BSE:SENSEX2682077500PE   3.6   5.28 CALL added 69100   PUT added 364760  OI= 581280
pcr13 =  BSE:SENSEX2682077400PE   7.54   6.82 CALL added 24120   PUT added 164560  OI= 204480
pcr14 =  BSE:SENSEX2682077300CE   8.86   7.42 CALL added 16260   PUT added 120640  OI= 18380
pcr15 =  BSE:SENSEX2682077200PE   15.24   11.37 CALL added 5740   PUT added 65260  OI= 111580
pcr16 =  BSE:SENSEX2682077100CE   21.26   16.78 CALL added 3560   PUT added 59740  OI= 4100
pcr17 =  BSE:SENSEX2682077000CE   8.99   9.78 CALL added 14080   PUT added 137760  OI= 39380
pcrSummation= 5.62  result =  ['BSE:SENSEX2682078500CE', 'BSE:SENSEX2682078400CE', 'BSE:SENSEX2682078300PE', 'BSE:SENSEX2682078200CE', 'BSE:SENSEX2682078100CE', 'BSE:SENSEX2682078000PE', 'BSE:SENSEX2682077900PE', 'BSE:SENSEX2682077800PE', 'BSE:SENSEX2682077700CE']
PCRSUM== 76.94
pcrSummation== 5.62
VOLPCRSUM== 5.800000000000001
spotLTP =  77807.79  ATM_STRIKE =  77800
IS_ATM_STRIKE_SHIFT = False  mapStrike = {77800: 77800}
avgOiPcrList2 = [np.float64(4.19), np.float64(4.39), np.float64(4.53)] atmStrikeNotShiftedCount= 3
False   3   3
SUPP_RES=== 78000  Buffer= 27
CEoich val =  594840.0  PEoich val =  211960.0 , CE > PE by 64.4%
SUPP_RES TOTAL OI: CE= 1135620  PE= 728160 , CE > PE by 35.9%
IS_MORNING_WINDOW= False  (active 9:15-9:48 IST)
================================================
==== signal check time ==== 2026-08-14 10:51:00.657261
IS_CHOI_DIFF_GT_25PERC== True
RSI_VAL1== 44.63
RSI_VAL2== 44.63
FUT_3m_OHLC O= 78086.8  H= 78086.8  L= 78086.8  C= 78086.8  Range= 0.0
CHART_PATTERN_DETECTED: INSIDE_BAR | DOUBLE_TOP_FORMING | DOUBLE_BOTTOM_FORMING
  PATTERN_CONTEXT: Body= 0.0  Range= 0.0  ExpectedRange= 66.6  RangeRatio= 0.0  O= 78086.8  H= 78086.8  L= 78086.8  C= 78086.8
isPcrInc = True
newSynthFut =  78100
ATMStrike =  77800
AVG_OIPCR= 0.62
avgoiPCROld=  4.53
SUPP_RES = 78000
FUT LTP = 78086.85
CEchoi  PechOi = 594840.0    211960.0
====================================
totalOIPCR = 0.85
AVG_VOLPCR= 0.64
atmPCR= 0.28  belowATM  0.49
atmVolPCR= 0.38  belowATM  0.74
True   78086.85   78000   True   False   44.63
In Bull trade, slCount =  0  (mode= LOGIC3_CHOI_15PCT )
============================================================
LOGIC3_OBSERVE: WOULD_HAVE_ENTERED BULL (no real order — LOGIC3 is observation-only)
  FUT=78086.85 SUPP_RES=78000 CEchoi=594840.0 PEchoi=211960.0
============================================================
India VIX = 11.39  Spot Price = 77807.79
IV Regime = LOW (ADAPTIVE: P25= 11.86  P50= 12.16  P75= 12.9 ) | DailyRange = 1266.0 | 3minCandleRange = 66.6 (theoretical= 111.0 ) | ATMoptionMove = 30.0 | SL = 105 | Target = 105 | TrailTrigger = 30 | Spread = 300 | Buffer = 27
IV Params refreshed: {'vix': 11.39, 'bn_price': 77807.79, 'regime': 'LOW', 'regime_thresholds': 'P25=11.86 P50=12.16 P75=12.9', 'daily_range': 1266.0, 'candle_range': 66.6, 'atm_option_move': 30.0, 'sl_point': 105, 'target_point': 105, 'sl_pct_of_premium': 0.1, 'trail_trigger': 30, 'spread_width': 300, 'support_resistance_buffer': 27}
BSE:SENSEX-INDEX  strikecount= 8   fyers <fyers_apiv3.fyersModel.FyersModel object at 0x75fb8594b890>
===
====after 3 min ochain==== 2026-08-14 10:51:00.758976
                                    oipcr   choipcr   totalOI
pcr1 =  BSE:SENSEX2682078600CE   0.32   0.12 CALL added 79540   PUT added 9380  OI= 133880
pcr2 =  BSE:SENSEX2682078500CE   0.27   0.03 CALL added 339840   PUT added 11740  OI= 585180
pcr3 =  BSE:SENSEX2682078400CE   0.14   0.05 CALL added 129520   PUT added 6780  OI= 200400
pcr4 =  BSE:SENSEX2682078300PE   0.21   0.14 CALL added 140260   PUT added 19400  OI= 46680
pcr5 =  BSE:SENSEX2682078200CE   0.28   0.06 CALL added 182720   PUT added 11000  OI= 314600
pcr6 =  BSE:SENSEX2682078100CE   0.49    0.43 CALL added 204060   PUT added 88380  OI= 308600
pcr7 =  BSE:SENSEX2682078000PE   0.64   0.36 CALL added 594840   PUT added 211960  OI= 728160
pcr8 =  BSE:SENSEX2682077900PE   0.72   0.64 CALL added 415240   PUT added 265380  OI= 372660
pcr9 =  BSE:SENSEX2682077800PE   1.02   0.91 CALL added 474280   PUT added 433960  OI= 682520
pcr10 =  BSE:SENSEX2682077700CE   1.85   1.8 CALL added 239800   PUT added 430540  OI= 270420
pcr11 =  BSE:SENSEX2682077600PE   5.51   5.74 CALL added 71820   PUT added 412200  OI= 473840
pcr12 =  BSE:SENSEX2682077500PE   3.6   5.28 CALL added 69100   PUT added 364760  OI= 581280
pcr13 =  BSE:SENSEX2682077400PE   7.54   6.82 CALL added 24120   PUT added 164560  OI= 204480
pcr14 =  BSE:SENSEX2682077300CE   8.86   7.42 CALL added 16260   PUT added 120640  OI= 18380
pcr15 =  BSE:SENSEX2682077200PE   15.24   11.37 CALL added 5740   PUT added 65260  OI= 111580
pcr16 =  BSE:SENSEX2682077100CE   21.26   16.78 CALL added 3560   PUT added 59740  OI= 4100
pcr17 =  BSE:SENSEX2682077000CE   8.99   9.78 CALL added 14080   PUT added 137760  OI= 39380
pcrSummation= 5.62  result =  ['BSE:SENSEX2682078500CE', 'BSE:SENSEX2682078400CE', 'BSE:SENSEX2682078300PE', 'BSE:SENSEX2682078200CE', 'BSE:SENSEX2682078100CE', 'BSE:SENSEX2682078000PE', 'BSE:SENSEX2682077900PE', 'BSE:SENSEX2682077800PE', 'BSE:SENSEX2682077700CE']
PCRSUM== 76.94
pcrSummation== 5.62
VOLPCRSUM== 5.800000000000001
spotLTP =  77807.48  ATM_STRIKE =  77800
IS_ATM_STRIKE_SHIFT = False  mapStrike = {77800: 77800}
avgOiPcrList2 = [np.float64(4.39), np.float64(4.53), np.float64(4.53)] atmStrikeNotShiftedCount= 4
False   4   3
SUPP_RES=== 78000  Buffer= 27
CEoich val =  594840.0  PEoich val =  211960.0 , CE > PE by 64.4%
SUPP_RES TOTAL OI: CE= 1135620  PE= 728160 , CE > PE by 35.9%
IS_MORNING_WINDOW= False  (active 9:15-9:48 IST)
================================================
==== signal check time ==== 2026-08-14 10:51:01.395774
IS_CHOI_DIFF_GT_25PERC== True
RSI_VAL1== 44.63
RSI_VAL2== 44.63
FUT_3m_OHLC O= 78086.8  H= 78086.8  L= 78086.8  C= 78086.8  Range= 0.0
CHART_PATTERN_DETECTED: INSIDE_BAR | DOUBLE_TOP_FORMING | DOUBLE_BOTTOM_FORMING
  PATTERN_CONTEXT: Body= 0.0  Range= 0.0  ExpectedRange= 66.6  RangeRatio= 0.0  O= 78086.8  H= 78086.8  L= 78086.8  C= 78086.8
neither = [np.float64(4.53)]
newSynthFut =  78100
ATMStrike =  77800
AVG_OIPCR= 0.62
avgoiPCROld=  4.53
SUPP_RES = 78000
FUT LTP = 78086.85
CEchoi  PechOi = 594840.0    211960.0
====================================
totalOIPCR = 0.85
AVG_VOLPCR= 0.64
atmPCR= 0.28  belowATM  0.49
atmVolPCR= 0.38  belowATM  0.74
True   78086.85   78000   False   False   44.63
curr Doji False
BSE:SENSEX2682078000PE  curr candle vol pcr = 0.82  PE= 89400  CE= 108500      cpr =  1.21
BSE:SENSEX2682078000PE  prev candle vol pcr = 0.79  PE= 89300  CE= 112860      cpr =  1.26
ATM_CE_premium= 374.05  ATM_PE_premium= 433.0
CE_PremChg= 9.3  PE_PremChg= -11.5
CandleBody= 0.0  PrevBody= 0.0  CandleRange= 0.0  Doji
TotalVol= 197900  PrevTotalVol= 202160  VolSpike= 0.98 x 
SCALP_SCORE: NEUTRAL | BullScore= 0  BearScore= 0 | Confidence= LOW
DATAPOINT|10:51|FUT=78086.8|Body=0.0|PrevBody=0.0|Range=0.0|RangeRatio=0.0|CurrVolPCR=0.82|PrevVolPCR=0.79|CurrCPR=1.21|PrevCPR=1.26|VolSpike=0.98|CE_PremChg=9.3|PE_PremChg=-11.5|BullScore=0|BearScore=0|Dir=NEUTRAL|Conf=LOW
CHART_PATTERN_DETECTED: INSIDE_BAR | DOUBLE_TOP_FORMING | DOUBLE_BOTTOM_FORMING
  PATTERN_CONTEXT: Body= 0.0  Range= 0.0  ExpectedRange= 66.6  RangeRatio= 0.0  O= 78086.8  H= 78086.8  L= 78086.8  C= 78086.8
BSE:SENSEX-INDEX  strikecount= 3   fyers <fyers_apiv3.fyersModel.FyersModel object at 0x75fb8594b890>
======================================
oipcr1 =  BSE:SENSEX2682078100CE   0.49
oipcr2 =  BSE:SENSEX2682078000PE   0.64
oipcr3 =  BSE:SENSEX2682077900PE   0.72
oipcrBull = NoEntry  bulcount= 0  bearcount= 3 oipcrBear= BearTrade
atmpcr5 pcr6= 1.02    1.85
No Entry Yet
India VIX = 11.37  Spot Price = 77818.18
IV Regime = LOW (ADAPTIVE: P25= 11.86  P50= 12.16  P75= 12.9 ) | DailyRange = 1264.0 | 3minCandleRange = 66.5 (theoretical= 110.9 ) | ATMoptionMove = 29.9 | SL = 105 | Target = 105 | TrailTrigger = 30 | Spread = 300 | Buffer = 27
IV Params refreshed: {'vix': 11.37, 'bn_price': 77818.18, 'regime': 'LOW', 'regime_thresholds': 'P25=11.86 P50=12.16 P75=12.9', 'daily_range': 1264.0, 'candle_range': 66.5, 'atm_option_move': 29.9, 'sl_point': 105, 'target_point': 105, 'sl_pct_of_premium': 0.1, 'trail_trigger': 30, 'spread_width': 300, 'support_resistance_buffer': 27}
BSE:SENSEX-INDEX  strikecount= 8   fyers <fyers_apiv3.fyersModel.FyersModel object at 0x75fb8594b890>
===
====after 3 min ochain==== 2026-08-14 10:54:00.002936
                                    oipcr   choipcr   totalOI
pcr1 =  BSE:SENSEX2682078600CE   0.32   0.12 CALL added 79120   PUT added 9380  OI= 133460
pcr2 =  BSE:SENSEX2682078500CE   0.27   0.04 CALL added 338780   PUT added 12400  OI= 584120
pcr3 =  BSE:SENSEX2682078400CE   0.14   0.05 CALL added 126260   PUT added 6840  OI= 197140
pcr4 =  BSE:SENSEX2682078300PE   0.21   0.14 CALL added 141560   PUT added 19600  OI= 46880
pcr5 =  BSE:SENSEX2682078200CE   0.29   0.06 CALL added 181960   PUT added 11180  OI= 313840
pcr6 =  BSE:SENSEX2682078100CE   0.54    0.52 CALL added 200380   PUT added 104080  OI= 304920
pcr7 =  BSE:SENSEX2682078000PE   0.66   0.39 CALL added 585960   PUT added 227000  OI= 743200
pcr8 =  BSE:SENSEX2682077900PE   0.73   0.65 CALL added 408540   PUT added 266440  OI= 373720
pcr9 =  BSE:SENSEX2682077800PE   1.03   0.94 CALL added 474840   PUT added 444320  OI= 692880
pcr10 =  BSE:SENSEX2682077700CE   1.91   1.86 CALL added 231960   PUT added 432060  OI= 262580
pcr11 =  BSE:SENSEX2682077600PE   5.53   5.76 CALL added 71680   PUT added 412880  OI= 474520
pcr12 =  BSE:SENSEX2682077500PE   3.66   5.42 CALL added 69180   PUT added 375120  OI= 591640
pcr13 =  BSE:SENSEX2682077400PE   8.19   7.51 CALL added 22780   PUT added 171120  OI= 211040
pcr14 =  BSE:SENSEX2682077300CE   9.28   7.85 CALL added 15760   PUT added 123700  OI= 17880
pcr15 =  BSE:SENSEX2682077200PE   15.61   11.81 CALL added 5700   PUT added 67320  OI= 113640
pcr16 =  BSE:SENSEX2682077100CE   22.29   17.87 CALL added 3480   PUT added 62180  OI= 4020
pcr17 =  BSE:SENSEX2682077000CE   9.14   10.27 CALL added 13360   PUT added 137220  OI= 38660
pcrSummation= 5.78  result =  ['BSE:SENSEX2682078500CE', 'BSE:SENSEX2682078400CE', 'BSE:SENSEX2682078300PE', 'BSE:SENSEX2682078200CE', 'BSE:SENSEX2682078100CE', 'BSE:SENSEX2682078000PE', 'BSE:SENSEX2682077900PE', 'BSE:SENSEX2682077800PE', 'BSE:SENSEX2682077700CE']
PCRSUM== 79.8
pcrSummation== 5.78
VOLPCRSUM== 5.78
spotLTP =  77818.18  ATM_STRIKE =  77800
IS_ATM_STRIKE_SHIFT = False  mapStrike = {77800: 77800}
avgOiPcrList2 = [np.float64(4.53), np.float64(4.69)] atmStrikeNotShiftedCount= 5
False   5   2
SUPP_RES=== 78000  Buffer= 27
CEoich val =  585960.0  PEoich val =  227000.0 , CE > PE by 61.3%
SUPP_RES TOTAL OI: CE= 1126740  PE= 743200 , CE > PE by 34.0%
IS_MORNING_WINDOW= False  (active 9:15-9:48 IST)
================================================
==== signal check time ==== 2026-08-14 10:54:00.669684
IS_CHOI_DIFF_GT_25PERC== True
RSI_VAL1== 45.17
RSI_VAL2== 45.17
FUT_3m_OHLC O= 78090.0  H= 78090.0  L= 78090.0  C= 78090.0  Range= 0.0
CHART_PATTERN_DETECTED: DOUBLE_TOP_FORMING | DOUBLE_BOTTOM_FORMING
  PATTERN_CONTEXT: Body= 0.0  Range= 0.0  ExpectedRange= 66.5  RangeRatio= 0.0  O= 78090.0  H= 78090.0  L= 78090.0  C= 78090.0
newSynthFut =  78100
ATMStrike =  77800
AVG_OIPCR= 0.64
avgoiPCROld=  4.69
SUPP_RES = 78000
FUT LTP = 78090.0
CEchoi  PechOi = 585960.0    227000.0
====================================
totalOIPCR = 0.86
AVG_VOLPCR= 0.64
atmPCR= 0.29  belowATM  0.54
atmVolPCR= 0.38  belowATM  0.75
True   78090.0   78000   False   False   45.17
curr Doji False
BSE:SENSEX2682078000PE  curr candle vol pcr = 0.87  PE= 95200  CE= 109640      cpr =  1.15
BSE:SENSEX2682078000PE  prev candle vol pcr = 0.82  PE= 89400  CE= 108500      cpr =  1.21
ATM_CE_premium= 378.35  ATM_PE_premium= 425.6
CE_PremChg= 4.3  PE_PremChg= -7.4
CandleBody= 0.0  PrevBody= 0.0  CandleRange= 0.0  Doji
TotalVol= 204840  PrevTotalVol= 197900  VolSpike= 1.04 x 
SCALP_SCORE: NEUTRAL | BullScore= 0  BearScore= 0 | Confidence= LOW
DATAPOINT|10:54|FUT=78090.0|Body=0.0|PrevBody=0.0|Range=0.0|RangeRatio=0.0|CurrVolPCR=0.87|PrevVolPCR=0.82|CurrCPR=1.15|PrevCPR=1.21|VolSpike=1.04|CE_PremChg=4.3|PE_PremChg=-7.4|BullScore=0|BearScore=0|Dir=NEUTRAL|Conf=LOW
CHART_PATTERN_DETECTED: DOUBLE_TOP_FORMING | DOUBLE_BOTTOM_FORMING
  PATTERN_CONTEXT: Body= 0.0  Range= 0.0  ExpectedRange= 66.5  RangeRatio= 0.0  O= 78090.0  H= 78090.0  L= 78090.0  C= 78090.0
BSE:SENSEX-INDEX  strikecount= 3   fyers <fyers_apiv3.fyersModel.FyersModel object at 0x75fb8594b890>
======================================
oipcr1 =  BSE:SENSEX2682078100CE   0.54
oipcr2 =  BSE:SENSEX2682078000PE   0.66
oipcr3 =  BSE:SENSEX2682077900PE   0.73
oipcrBull = NoEntry  bulcount= 0  bearcount= 3 oipcrBear= BearTrade
atmpcr5 pcr6= 1.03    1.91
No Entry Yet
India VIX = 11.4  Spot Price = 77808.16
IV Regime = LOW (ADAPTIVE: P25= 11.86  P50= 12.16  P75= 12.9 ) | DailyRange = 1267.2 | 3minCandleRange = 66.7 (theoretical= 111.1 ) | ATMoptionMove = 30.0 | SL = 105 | Target = 105 | TrailTrigger = 30 | Spread = 300 | Buffer = 27
IV Params refreshed: {'vix': 11.4, 'bn_price': 77808.16, 'regime': 'LOW', 'regime_thresholds': 'P25=11.86 P50=12.16 P75=12.9', 'daily_range': 1267.2, 'candle_range': 66.7, 'atm_option_move': 30.0, 'sl_point': 105, 'target_point': 105, 'sl_pct_of_premium': 0.1, 'trail_trigger': 30, 'spread_width': 300, 'support_resistance_buffer': 27}
BSE:SENSEX-INDEX  strikecount= 8   fyers <fyers_apiv3.fyersModel.FyersModel object at 0x75fb8594b890>
===
====after 3 min ochain==== 2026-08-14 10:57:00.001516
                                    oipcr   choipcr   totalOI
pcr1 =  BSE:SENSEX2682078600CE   0.33   0.12 CALL added 78020   PUT added 9380  OI= 132360
pcr2 =  BSE:SENSEX2682078500CE   0.27   0.03 CALL added 336580   PUT added 10280  OI= 581920
pcr3 =  BSE:SENSEX2682078400CE   0.14   0.05 CALL added 129180   PUT added 6760  OI= 200060
pcr4 =  BSE:SENSEX2682078300PE   0.21   0.15 CALL added 140760   PUT added 21100  OI= 48380
pcr5 =  BSE:SENSEX2682078200CE   0.3   0.08 CALL added 177880   PUT added 13360  OI= 309760
pcr6 =  BSE:SENSEX2682078100CE   0.59    0.59 CALL added 196840   PUT added 116960  OI= 301380
pcr7 =  BSE:SENSEX2682078000PE   0.67   0.41 CALL added 572260   PUT added 233080  OI= 749280
pcr8 =  BSE:SENSEX2682077900PE   0.75   0.67 CALL added 402140   PUT added 270660  OI= 377940
pcr9 =  BSE:SENSEX2682077800PE   1.07   0.99 CALL added 468540   PUT added 464120  OI= 712680
pcr10 =  BSE:SENSEX2682077700CE   1.94   1.9 CALL added 230500   PUT added 436940  OI= 261120
pcr11 =  BSE:SENSEX2682077600PE   5.94   6.27 CALL added 67000   PUT added 420120  OI= 481760
pcr12 =  BSE:SENSEX2682077500PE   3.71   5.58 CALL added 67460   PUT added 376520  OI= 593040
pcr13 =  BSE:SENSEX2682077400PE   8.13   7.47 CALL added 23300   PUT added 173960  OI= 213880
pcr14 =  BSE:SENSEX2682077300CE   9.39   7.95 CALL added 15520   PUT added 123340  OI= 17640
pcr15 =  BSE:SENSEX2682077200PE   15.56   11.75 CALL added 5700   PUT added 66980  OI= 113300
pcr16 =  BSE:SENSEX2682077100CE   22.28   17.85 CALL added 3480   PUT added 62120  OI= 4020
pcr17 =  BSE:SENSEX2682077000CE   9.17   10.34 CALL added 13660   PUT added 141180  OI= 38960
pcrSummation= 5.9399999999999995  result =  ['BSE:SENSEX2682078500CE', 'BSE:SENSEX2682078400CE', 'BSE:SENSEX2682078300PE', 'BSE:SENSEX2682078200CE', 'BSE:SENSEX2682078100CE', 'BSE:SENSEX2682078000PE', 'BSE:SENSEX2682077900PE', 'BSE:SENSEX2682077800PE', 'BSE:SENSEX2682077700CE']
PCRSUM== 80.45
pcrSummation== 5.94
VOLPCRSUM== 5.75
spotLTP =  77808.15  ATM_STRIKE =  77800
IS_ATM_STRIKE_SHIFT = False  mapStrike = {77800: 77800}
avgOiPcrList2 = [np.float64(4.53), np.float64(4.69), np.float64(4.73)] atmStrikeNotShiftedCount= 6
False   6   3
SUPP_RES=== 78000  Buffer= 27
CEoich val =  572260.0  PEoich val =  233080.0 , CE > PE by 59.3%
SUPP_RES TOTAL OI: CE= 1113040  PE= 749280 , CE > PE by 32.7%
IS_MORNING_WINDOW= False  (active 9:15-9:48 IST)
================================================
==== signal check time ==== 2026-08-14 10:57:00.652247
IS_CHOI_DIFF_GT_25PERC== True
RSI_VAL1== 52.37
RSI_VAL2== 52.37
FUT_3m_OHLC O= 78135.9  H= 78135.9  L= 78135.9  C= 78135.9  Range= 0.0
CHART_PATTERN_DETECTED: DOUBLE_BOTTOM_FORMING
  PATTERN_CONTEXT: Body= 0.0  Range= 0.0  ExpectedRange= 66.7  RangeRatio= 0.0  O= 78135.9  H= 78135.9  L= 78135.9  C= 78135.9
isPcrInc = True
newSynthFut =  78100
ATMStrike =  77800
AVG_OIPCR= 0.66
avgoiPCROld=  4.73
SUPP_RES = 78000
FUT LTP = 78135.9
CEchoi  PechOi = 572260.0    233080.0
====================================
totalOIPCR = 0.87
AVG_VOLPCR= 0.64
atmPCR= 0.3  belowATM  0.59
atmVolPCR= 0.38  belowATM  0.76
True   78135.9   78000   True   False   52.37
In Bull trade, slCount =  0  (mode= LOGIC3_CHOI_15PCT )
============================================================
LOGIC3_OBSERVE: WOULD_HAVE_ENTERED BULL (no real order — LOGIC3 is observation-only)
  FUT=78135.9 SUPP_RES=78000 CEchoi=572260.0 PEchoi=233080.0
============================================================
India VIX = 11.4  Spot Price = 77808.15
IV Regime = LOW (ADAPTIVE: P25= 11.86  P50= 12.16  P75= 12.9 ) | DailyRange = 1267.2 | 3minCandleRange = 66.7 (theoretical= 111.1 ) | ATMoptionMove = 30.0 | SL = 105 | Target = 105 | TrailTrigger = 30 | Spread = 300 | Buffer = 27
IV Params refreshed: {'vix': 11.4, 'bn_price': 77808.15, 'regime': 'LOW', 'regime_thresholds': 'P25=11.86 P50=12.16 P75=12.9', 'daily_range': 1267.2, 'candle_range': 66.7, 'atm_option_move': 30.0, 'sl_point': 105, 'target_point': 105, 'sl_pct_of_premium': 0.1, 'trail_trigger': 30, 'spread_width': 300, 'support_resistance_buffer': 27}
BSE:SENSEX-INDEX  strikecount= 8   fyers <fyers_apiv3.fyersModel.FyersModel object at 0x75fb8594b890>
===
====after 3 min ochain==== 2026-08-14 10:57:00.740679
                                    oipcr   choipcr   totalOI
pcr1 =  BSE:SENSEX2682078600CE   0.33   0.12 CALL added 78020   PUT added 9380  OI= 132360
pcr2 =  BSE:SENSEX2682078500CE   0.27   0.03 CALL added 336580   PUT added 10280  OI= 581920
pcr3 =  BSE:SENSEX2682078400CE   0.14   0.05 CALL added 129180   PUT added 6760  OI= 200060
pcr4 =  BSE:SENSEX2682078300PE   0.21   0.15 CALL added 140760   PUT added 21100  OI= 48380
pcr5 =  BSE:SENSEX2682078200CE   0.3   0.08 CALL added 177880   PUT added 13360  OI= 309760
pcr6 =  BSE:SENSEX2682078100CE   0.59    0.59 CALL added 196840   PUT added 116960  OI= 301380
pcr7 =  BSE:SENSEX2682078000PE   0.67   0.41 CALL added 572260   PUT added 233080  OI= 749280
pcr8 =  BSE:SENSEX2682077900PE   0.75   0.67 CALL added 402140   PUT added 270660  OI= 377940
pcr9 =  BSE:SENSEX2682077800PE   1.07   0.99 CALL added 468540   PUT added 464120  OI= 712680
pcr10 =  BSE:SENSEX2682077700CE   1.94   1.9 CALL added 230500   PUT added 436940  OI= 261120
pcr11 =  BSE:SENSEX2682077600PE   5.94   6.27 CALL added 67000   PUT added 420120  OI= 481760
pcr12 =  BSE:SENSEX2682077500PE   3.71   5.58 CALL added 67460   PUT added 376520  OI= 593040
pcr13 =  BSE:SENSEX2682077400PE   8.13   7.47 CALL added 23300   PUT added 173960  OI= 213880
pcr14 =  BSE:SENSEX2682077300CE   9.39   7.95 CALL added 15520   PUT added 123340  OI= 17640
pcr15 =  BSE:SENSEX2682077200PE   15.56   11.75 CALL added 5700   PUT added 66980  OI= 113300
pcr16 =  BSE:SENSEX2682077100CE   22.28   17.85 CALL added 3480   PUT added 62120  OI= 4020
pcr17 =  BSE:SENSEX2682077000CE   9.17   10.34 CALL added 13660   PUT added 141180  OI= 38960
pcrSummation= 5.9399999999999995  result =  ['BSE:SENSEX2682078500CE', 'BSE:SENSEX2682078400CE', 'BSE:SENSEX2682078300PE', 'BSE:SENSEX2682078200CE', 'BSE:SENSEX2682078100CE', 'BSE:SENSEX2682078000PE', 'BSE:SENSEX2682077900PE', 'BSE:SENSEX2682077800PE', 'BSE:SENSEX2682077700CE']
PCRSUM== 80.45
pcrSummation== 5.94
VOLPCRSUM== 5.74
spotLTP =  77809.74  ATM_STRIKE =  77800
IS_ATM_STRIKE_SHIFT = False  mapStrike = {77800: 77800}
avgOiPcrList2 = [np.float64(4.69), np.float64(4.73), np.float64(4.73)] atmStrikeNotShiftedCount= 7
False   7   3
SUPP_RES=== 78000  Buffer= 27
CEoich val =  572260.0  PEoich val =  233080.0 , CE > PE by 59.3%
SUPP_RES TOTAL OI: CE= 1113040  PE= 749280 , CE > PE by 32.7%
IS_MORNING_WINDOW= False  (active 9:15-9:48 IST)
================================================
==== signal check time ==== 2026-08-14 10:57:01.383669
IS_CHOI_DIFF_GT_25PERC== True
RSI_VAL1== 52.37
RSI_VAL2== 52.37
FUT_3m_OHLC O= 78135.9  H= 78135.9  L= 78135.9  C= 78135.9  Range= 0.0
CHART_PATTERN_DETECTED: DOUBLE_BOTTOM_FORMING
  PATTERN_CONTEXT: Body= 0.0  Range= 0.0  ExpectedRange= 66.7  RangeRatio= 0.0  O= 78135.9  H= 78135.9  L= 78135.9  C= 78135.9
neither = [np.float64(4.73)]
newSynthFut =  78100
ATMStrike =  77800
AVG_OIPCR= 0.66
avgoiPCROld=  4.73
SUPP_RES = 78000
FUT LTP = 78135.9
CEchoi  PechOi = 572260.0    233080.0
====================================
totalOIPCR = 0.87
AVG_VOLPCR= 0.64
atmPCR= 0.3  belowATM  0.59
atmVolPCR= 0.38  belowATM  0.75
True   78135.9   78000   False   False   52.37
curr Doji False
BSE:SENSEX2682078100PE  curr candle vol pcr = 1.12  PE= 32100  CE= 28680      cpr =  0.89
BSE:SENSEX2682078000PE  prev candle vol pcr = 0.87  PE= 95200  CE= 109640      cpr =  1.15
ATM_CE_premium= 323.85  ATM_PE_premium= 488.65
CE_PremChg= -8.15  PE_PremChg= 9.7
CandleBody= 0.0  PrevBody= 0.0  CandleRange= 0.0  Doji
TotalVol= 60780  PrevTotalVol= 204840  VolSpike= 0.3 x 
SCALP_SCORE: NEUTRAL | BullScore= 0  BearScore= 0 | Confidence= LOW
DATAPOINT|10:57|FUT=78135.9|Body=0.0|PrevBody=0.0|Range=0.0|RangeRatio=0.0|CurrVolPCR=1.12|PrevVolPCR=0.87|CurrCPR=0.89|PrevCPR=1.15|VolSpike=0.3|CE_PremChg=-8.15|PE_PremChg=9.7|BullScore=0|BearScore=0|Dir=NEUTRAL|Conf=LOW
CHART_PATTERN_DETECTED: DOUBLE_BOTTOM_FORMING
  PATTERN_CONTEXT: Body= 0.0  Range= 0.0  ExpectedRange= 66.7  RangeRatio= 0.0  O= 78135.9  H= 78135.9  L= 78135.9  C= 78135.9
BSE:SENSEX-INDEX  strikecount= 3   fyers <fyers_apiv3.fyersModel.FyersModel object at 0x75fb8594b890>
======================================
oipcr1 =  BSE:SENSEX2682078100CE   0.59
oipcr2 =  BSE:SENSEX2682078000PE   0.67
oipcr3 =  BSE:SENSEX2682077900PE   0.75
oipcrBull = NoEntry  bulcount= 0  bearcount= 3 oipcrBear= BearTrade
atmpcr5 pcr6= 1.07    1.94
No Entry Yet
India VIX = 11.42  Spot Price = 77745.71
IV Regime = LOW (ADAPTIVE: P25= 11.86  P50= 12.16  P75= 12.9 ) | DailyRange = 1268.4 | 3minCandleRange = 66.7 (theoretical= 111.2 ) | ATMoptionMove = 30.0 | SL = 105 | Target = 105 | TrailTrigger = 30 | Spread = 300 | Buffer = 27
IV Params refreshed: {'vix': 11.42, 'bn_price': 77745.71, 'regime': 'LOW', 'regime_thresholds': 'P25=11.86 P50=12.16 P75=12.9', 'daily_range': 1268.4, 'candle_range': 66.7, 'atm_option_move': 30.0, 'sl_point': 105, 'target_point': 105, 'sl_pct_of_premium': 0.1, 'trail_trigger': 30, 'spread_width': 300, 'support_resistance_buffer': 27}
BSE:SENSEX-INDEX  strikecount= 8   fyers <fyers_apiv3.fyersModel.FyersModel object at 0x75fb8594b890>
===
====after 3 min ochain==== 2026-08-14 11:00:00.001355
                                    oipcr   choipcr   totalOI
pcr1 =  BSE:SENSEX2682078500CE   0.26   0.02 CALL added 339680   PUT added 7320  OI= 585020
pcr2 =  BSE:SENSEX2682078400CE   0.14   0.06 CALL added 125700   PUT added 7200  OI= 196580
pcr3 =  BSE:SENSEX2682078300PE   0.22   0.15 CALL added 137320   PUT added 21060  OI= 48340
pcr4 =  BSE:SENSEX2682078200CE   0.29   0.06 CALL added 171460   PUT added 10280  OI= 303340
pcr5 =  BSE:SENSEX2682078100CE   0.57   0.56 CALL added 190540   PUT added 107120  OI= 295080
pcr6 =  BSE:SENSEX2682078000PE   0.67    0.4 CALL added 569920   PUT added 225760  OI= 741960
pcr7 =  BSE:SENSEX2682077900PE   0.78   0.72 CALL added 398720   PUT added 287060  OI= 394340
pcr8 =  BSE:SENSEX2682077800PE   1.1   1.04 CALL added 461200   PUT added 478660  OI= 727220
pcr9 =  BSE:SENSEX2682077700CE   2.17   2.15 CALL added 215820   PUT added 464680  OI= 246440
pcr10 =  BSE:SENSEX2682077600PE   6.38   6.84 CALL added 62960   PUT added 430740  OI= 492380
pcr11 =  BSE:SENSEX2682077500PE   3.57   5.13 CALL added 72580   PUT added 372580  OI= 589100
pcr12 =  BSE:SENSEX2682077400PE   8.61   7.98 CALL added 22260   PUT added 177560  OI= 217480
pcr13 =  BSE:SENSEX2682077300CE   9.8   8.43 CALL added 15600   PUT added 131460  OI= 17720
pcr14 =  BSE:SENSEX2682077200PE   16.73   13.14 CALL added 5540   PUT added 72800  OI= 119120
pcr15 =  BSE:SENSEX2682077100CE   24.97   20.77 CALL added 3320   PUT added 68940  OI= 3860
pcr16 =  BSE:SENSEX2682077000CE   9.05   9.96 CALL added 14080   PUT added 140300  OI= 39380
pcr17 =  BSE:SENSEX2682076900PE   108.89   162.3 CALL added 460   PUT added 74660  OI= 95820
pcrSummation= 6.199999999999999  result =  ['BSE:SENSEX2682078500CE', 'BSE:SENSEX2682078400CE', 'BSE:SENSEX2682078300PE', 'BSE:SENSEX2682078200CE', 'BSE:SENSEX2682078100CE', 'BSE:SENSEX2682078000PE', 'BSE:SENSEX2682077900PE', 'BSE:SENSEX2682077800PE', 'BSE:SENSEX2682077700CE']
PCRSUM== 194.2
pcrSummation== 6.2
VOLPCRSUM== 7.86
spotLTP =  77744.11  ATM_STRIKE =  77700
IS_ATM_STRIKE_SHIFT = True  mapStrike = {77700: 77700}
avgOiPcrList2 = [np.float64(11.42)] atmStrikeNotShiftedCount= 1
True   1   1
SUPP_RES=== 78000  Buffer= 27
CEoich val =  569920.0  PEoich val =  225760.0 , CE > PE by 60.4%
SUPP_RES TOTAL OI: CE= 1110700  PE= 741960 , CE > PE by 33.2%
IS_MORNING_WINDOW= False  (active 9:15-9:48 IST)
================================================
==== signal check time ==== 2026-08-14 11:00:00.722072
IS_CHOI_DIFF_GT_25PERC== True
RSI_VAL1== 42.44
RSI_VAL2== 42.44
FUT_3m_OHLC O= 78135.9  H= 78135.9  L= 78060.0  C= 78060.0  Range= 75.9
CHART_PATTERN_DETECTED: STRONG_MOMENTUM_BEAR
  PATTERN_CONTEXT: Body= -75.9  Range= 75.9  ExpectedRange= 66.7  RangeRatio= 1.14  O= 78135.9  H= 78135.9  L= 78060.0  C= 78060.0
newSynthFut =  78100
ATMStrike =  77700
AVG_OIPCR= 0.69
avgoiPCROld=  11.42
SUPP_RES = 78000
FUT LTP = 78060.0
CEchoi  PechOi = 569920.0    225760.0
====================================
totalOIPCR = 0.88
AVG_VOLPCR= 0.87
atmPCR= 0.57  belowATM  0.67
atmVolPCR= 0.77  belowATM  0.95
True   78060.0   78000   False   False   42.44
curr Doji False
BSE:SENSEX2682078100PE  curr candle vol pcr = 1.54  PE= 77180  CE= 50220      cpr =  0.65
BSE:SENSEX2682078100PE  prev candle vol pcr = 1.12  PE= 32100  CE= 28680      cpr =  0.89
ATM_CE_premium= 297.65  ATM_PE_premium= 522.55
CE_PremChg= -26.2  PE_PremChg= 33.9
CandleBody= -75.9  PrevBody= 0.0  CandleRange= 75.9  Bearish
TotalVol= 127400  PrevTotalVol= 60780  VolSpike= 2.1 x  SPIKE!
SCALP_SCORE: NEUTRAL | BullScore= 2  BearScore= 2 | Confidence= LOW
DATAPOINT|11:00|FUT=78060.0|Body=-75.9|PrevBody=0.0|Range=75.9|RangeRatio=1.14|CurrVolPCR=1.54|PrevVolPCR=1.12|CurrCPR=0.65|PrevCPR=0.89|VolSpike=2.1|CE_PremChg=-26.2|PE_PremChg=33.9|BullScore=2|BearScore=2|Dir=NEUTRAL|Conf=LOW
CHART_PATTERN_DETECTED: STRONG_MOMENTUM_BEAR
  PATTERN_CONTEXT: Body= -75.9  Range= 75.9  ExpectedRange= 66.7  RangeRatio= 1.14  O= 78135.9  H= 78135.9  L= 78060.0  C= 78060.0
BSE:SENSEX-INDEX  strikecount= 3   fyers <fyers_apiv3.fyersModel.FyersModel object at 0x75fb8594b890>
======================================
oipcr1 =  BSE:SENSEX2682078000PE   0.67
oipcr2 =  BSE:SENSEX2682077900PE   0.78
oipcr3 =  BSE:SENSEX2682077800PE   1.1
oipcrBull = NoEntry  bulcount= 1  bearcount= 2 oipcrBear= BearTrade
atmpcr5 pcr6= 2.17    6.38
No Entry Yet
India VIX = 11.42  Spot Price = 77751.84
IV Regime = LOW (ADAPTIVE: P25= 11.86  P50= 12.16  P75= 12.9 ) | DailyRange = 1268.5 | 3minCandleRange = 66.8 (theoretical= 111.3 ) | ATMoptionMove = 30.0 | SL = 105 | Target = 105 | TrailTrigger = 30 | Spread = 300 | Buffer = 27
IV Params refreshed: {'vix': 11.42, 'bn_price': 77751.84, 'regime': 'LOW', 'regime_thresholds': 'P25=11.86 P50=12.16 P75=12.9', 'daily_range': 1268.5, 'candle_range': 66.8, 'atm_option_move': 30.0, 'sl_point': 105, 'target_point': 105, 'sl_pct_of_premium': 0.1, 'trail_trigger': 30, 'spread_width': 300, 'support_resistance_buffer': 27}
BSE:SENSEX-INDEX  strikecount= 8   fyers <fyers_apiv3.fyersModel.FyersModel object at 0x75fb8594b890>
===
====after 3 min ochain==== 2026-08-14 11:03:00.014204
                                    oipcr   choipcr   totalOI
pcr1 =  BSE:SENSEX2682078600CE   0.32   0.12 CALL added 79120   PUT added 9480  OI= 133460
pcr2 =  BSE:SENSEX2682078500CE   0.26   0.02 CALL added 344520   PUT added 5900  OI= 589860
pcr3 =  BSE:SENSEX2682078400CE   0.14   0.05 CALL added 133460   PUT added 6960  OI= 204340
pcr4 =  BSE:SENSEX2682078300PE   0.21   0.15 CALL added 138820   PUT added 20400  OI= 47680
pcr5 =  BSE:SENSEX2682078200CE   0.27   0.03 CALL added 175000   PUT added 4600  OI= 306880
pcr6 =  BSE:SENSEX2682078100CE   0.56    0.55 CALL added 186380   PUT added 102460  OI= 290920
pcr7 =  BSE:SENSEX2682078000PE   0.65   0.37 CALL added 580600   PUT added 213020  OI= 729220
pcr8 =  BSE:SENSEX2682077900PE   0.73   0.65 CALL added 395960   PUT added 257620  OI= 364900
pcr9 =  BSE:SENSEX2682077800PE   1.01   0.9 CALL added 461520   PUT added 417200  OI= 665760
pcr10 =  BSE:SENSEX2682077700CE   1.91   1.86 CALL added 239580   PUT added 446460  OI= 270200
pcr11 =  BSE:SENSEX2682077600PE   5.67   5.94 CALL added 70640   PUT added 419320  OI= 480960
pcr12 =  BSE:SENSEX2682077500PE   3.54   5.09 CALL added 71480   PUT added 363860  OI= 580380
pcr13 =  BSE:SENSEX2682077400PE   7.89   7.22 CALL added 24480   PUT added 176760  OI= 216680
pcr14 =  BSE:SENSEX2682077300CE   8.77   7.4 CALL added 17240   PUT added 127520  OI= 19360
pcr15 =  BSE:SENSEX2682077200PE   16.22   12.56 CALL added 5640   PUT added 70820  OI= 117140
pcr16 =  BSE:SENSEX2682077100CE   24.44   20.34 CALL added 3480   PUT added 70800  OI= 4020
pcr17 =  BSE:SENSEX2682077000CE   8.65   8.82 CALL added 16040   PUT added 141420  OI= 41340
pcrSummation= 5.74  result =  ['BSE:SENSEX2682078500CE', 'BSE:SENSEX2682078400CE', 'BSE:SENSEX2682078300PE', 'BSE:SENSEX2682078200CE', 'BSE:SENSEX2682078100CE', 'BSE:SENSEX2682078000PE', 'BSE:SENSEX2682077900PE', 'BSE:SENSEX2682077800PE', 'BSE:SENSEX2682077700CE']
PCRSUM== 81.24
pcrSummation== 5.74
VOLPCRSUM== 5.83
spotLTP =  77751.84  ATM_STRIKE =  77800
IS_ATM_STRIKE_SHIFT = True  mapStrike = {77800: 77800}
avgOiPcrList2 = [np.float64(4.78)] atmStrikeNotShiftedCount= 1
True   1   1
SUPP_RES=== 78000  Buffer= 27
CEoich val =  580600.0  PEoich val =  213020.0 , CE > PE by 63.3%
SUPP_RES TOTAL OI: CE= 1121380  PE= 729220 , CE > PE by 35.0%
IS_MORNING_WINDOW= False  (active 9:15-9:48 IST)
================================================
==== signal check time ==== 2026-08-14 11:03:00.637080
IS_CHOI_DIFF_GT_25PERC== True
RSI_VAL1== 42.44
RSI_VAL2== 42.44
FUT_3m_OHLC O= 78060.0  H= 78060.0  L= 78060.0  C= 78060.0  Range= 0.0
CHART_PATTERN_DETECTED: INSIDE_BAR | DOUBLE_BOTTOM_FORMING
  PATTERN_CONTEXT: Body= 0.0  Range= 0.0  ExpectedRange= 66.8  RangeRatio= 0.0  O= 78060.0  H= 78060.0  L= 78060.0  C= 78060.0
newSynthFut =  78100
ATMStrike =  77800
AVG_OIPCR= 0.64
avgoiPCROld=  4.78
SUPP_RES = 78000
FUT LTP = 78060.0
CEchoi  PechOi = 580600.0    213020.0
====================================
totalOIPCR = 0.86
AVG_VOLPCR= 0.65
atmPCR= 0.27  belowATM  0.56
atmVolPCR= 0.38  belowATM  0.78
True   78060.0   78000   False   False   42.44
curr Doji False
BSE:SENSEX2682078000PE  curr candle vol pcr = 1.23  PE= 152240  CE= 124040      cpr =  0.81
BSE:SENSEX2682078100PE  prev candle vol pcr = 1.54  PE= 77180  CE= 50220      cpr =  0.65
ATM_CE_premium= 351.55  ATM_PE_premium= 455.25
CE_PremChg= 9.25  PE_PremChg= -11.35
CandleBody= 0.0  PrevBody= -75.9  CandleRange= 0.0  Doji
TotalVol= 276280  PrevTotalVol= 127400  VolSpike= 2.17 x  SPIKE!
SCALP_SCORE: NEUTRAL | BullScore= 0  BearScore= 0 | Confidence= LOW
DATAPOINT|11:03|FUT=78060.0|Body=0.0|PrevBody=-75.9|Range=0.0|RangeRatio=0.0|CurrVolPCR=1.23|PrevVolPCR=1.54|CurrCPR=0.81|PrevCPR=0.65|VolSpike=2.17|CE_PremChg=9.25|PE_PremChg=-11.35|BullScore=0|BearScore=0|Dir=NEUTRAL|Conf=LOW
CHART_PATTERN_DETECTED: INSIDE_BAR | DOUBLE_BOTTOM_FORMING
  PATTERN_CONTEXT: Body= 0.0  Range= 0.0  ExpectedRange= 66.8  RangeRatio= 0.0  O= 78060.0  H= 78060.0  L= 78060.0  C= 78060.0
BSE:SENSEX-INDEX  strikecount= 3   fyers <fyers_apiv3.fyersModel.FyersModel object at 0x75fb8594b890>
======================================
oipcr1 =  BSE:SENSEX2682078000PE   0.65
oipcr2 =  BSE:SENSEX2682077900PE   0.73
oipcr3 =  BSE:SENSEX2682077800PE   1.01
oipcrBull = NoEntry  bulcount= 1  bearcount= 2 oipcrBear= BearTrade
atmpcr5 pcr6= 1.91    5.67
No Entry Yet
India VIX = 11.41  Spot Price = 77771.25
IV Regime = LOW (ADAPTIVE: P25= 11.86  P50= 12.16  P75= 12.9 ) | DailyRange = 1267.7 | 3minCandleRange = 66.7 (theoretical= 111.2 ) | ATMoptionMove = 30.0 | SL = 105 | Target = 105 | TrailTrigger = 30 | Spread = 300 | Buffer = 27
IV Params refreshed: {'vix': 11.41, 'bn_price': 77771.25, 'regime': 'LOW', 'regime_thresholds': 'P25=11.86 P50=12.16 P75=12.9', 'daily_range': 1267.7, 'candle_range': 66.7, 'atm_option_move': 30.0, 'sl_point': 105, 'target_point': 105, 'sl_pct_of_premium': 0.1, 'trail_trigger': 30, 'spread_width': 300, 'support_resistance_buffer': 27}
BSE:SENSEX-INDEX  strikecount= 8   fyers <fyers_apiv3.fyersModel.FyersModel object at 0x75fb8594b890>
===
====after 3 min ochain==== 2026-08-14 11:06:00.014464
                                    oipcr   choipcr   totalOI
pcr1 =  BSE:SENSEX2682078600CE   0.32   0.12 CALL added 82400   PUT added 9520  OI= 136740
pcr2 =  BSE:SENSEX2682078500CE   0.26   0.02 CALL added 342960   PUT added 5280  OI= 588300
pcr3 =  BSE:SENSEX2682078400CE   0.14   0.05 CALL added 134480   PUT added 7240  OI= 205360
pcr4 =  BSE:SENSEX2682078300PE   0.21   0.15 CALL added 139960   PUT added 20900  OI= 48180
pcr5 =  BSE:SENSEX2682078200CE   0.26   0.02 CALL added 179980   PUT added 3380  OI= 311860
pcr6 =  BSE:SENSEX2682078100CE   0.55    0.52 CALL added 190640   PUT added 99540  OI= 295180
pcr7 =  BSE:SENSEX2682078000PE   0.64   0.34 CALL added 578120   PUT added 194700  OI= 710900
pcr8 =  BSE:SENSEX2682077900PE   0.73   0.66 CALL added 393260   PUT added 258800  OI= 366080
pcr9 =  BSE:SENSEX2682077800PE   0.99   0.88 CALL added 472780   PUT added 415480  OI= 664040
pcr10 =  BSE:SENSEX2682077700CE   1.79   1.73 CALL added 249640   PUT added 431480  OI= 280260
pcr11 =  BSE:SENSEX2682077600PE   5.26   5.43 CALL added 76540   PUT added 415720  OI= 477360
pcr12 =  BSE:SENSEX2682077500PE   3.51   4.99 CALL added 72760   PUT added 363100  OI= 579620
pcr13 =  BSE:SENSEX2682077400PE   7.85   7.19 CALL added 24740   PUT added 177860  OI= 217780
pcr14 =  BSE:SENSEX2682077300CE   8.42   7.04 CALL added 17640   PUT added 124100  OI= 19760
pcr15 =  BSE:SENSEX2682077200PE   16.21   12.81 CALL added 6080   PUT added 77860  OI= 124180
pcr16 =  BSE:SENSEX2682077100CE   24.09   20.08 CALL added 3600   PUT added 72300  OI= 4140
pcr17 =  BSE:SENSEX2682077000CE   8.67   8.88 CALL added 16300   PUT added 144760  OI= 41600
pcrSummation= 5.57  result =  ['BSE:SENSEX2682078500CE', 'BSE:SENSEX2682078400CE', 'BSE:SENSEX2682078300PE', 'BSE:SENSEX2682078200CE', 'BSE:SENSEX2682078100CE', 'BSE:SENSEX2682078000PE', 'BSE:SENSEX2682077900PE', 'BSE:SENSEX2682077800PE', 'BSE:SENSEX2682077700CE']
PCRSUM== 79.9
pcrSummation== 5.57
VOLPCRSUM== 5.82
spotLTP =  77771.25  ATM_STRIKE =  77800
IS_ATM_STRIKE_SHIFT = False  mapStrike = {77800: 77800}
avgOiPcrList2 = [np.float64(4.78), np.float64(4.7)] atmStrikeNotShiftedCount= 2
False   2   2
SUPP_RES=== 78000  Buffer= 27
CEoich val =  578120.0  PEoich val =  194700.0 , CE > PE by 66.3%
SUPP_RES TOTAL OI: CE= 1118900  PE= 710900 , CE > PE by 36.5%
IS_MORNING_WINDOW= False  (active 9:15-9:48 IST)
================================================
==== signal check time ==== 2026-08-14 11:06:00.652919
IS_CHOI_DIFF_GT_25PERC== True
RSI_VAL1== 41.83
RSI_VAL2== 41.83
FUT_3m_OHLC O= 78050.0  H= 78055.0  L= 78050.0  C= 78055.0  Range= 4.9
CHART_PATTERN_DETECTED: DOUBLE_BOTTOM_FORMING
  PATTERN_CONTEXT: Body= 4.9  Range= 4.9  ExpectedRange= 66.7  RangeRatio= 0.07  O= 78050.0  H= 78055.0  L= 78050.0  C= 78055.0
newSynthFut =  78100
ATMStrike =  77800
AVG_OIPCR= 0.62
avgoiPCROld=  4.7
SUPP_RES = 78000
FUT LTP = 78055.0
CEchoi  PechOi = 578120.0    194700.0
====================================
totalOIPCR = 0.85
AVG_VOLPCR= 0.65
atmPCR= 0.26  belowATM  0.55
atmVolPCR= 0.38  belowATM  0.77
True   78055.0   78000   False   False   41.83
curr Doji False
BSE:SENSEX2682078000PE  curr candle vol pcr = 1.21  PE= 102540  CE= 84760      cpr =  0.83
BSE:SENSEX2682078000PE  prev candle vol pcr = 1.23  PE= 152240  CE= 124040      cpr =  0.81
ATM_CE_premium= 354.6  ATM_PE_premium= 451.5
CE_PremChg= 3.05  PE_PremChg= -3.75
CandleBody= 4.9  PrevBody= 0.0  CandleRange= 4.9  Bullish
TotalVol= 187300  PrevTotalVol= 276280  VolSpike= 0.68 x 
SCALP_SCORE: BULL | BullScore= 1  BearScore= 0 | Confidence= LOW
DATAPOINT|11:06|FUT=78055.0|Body=4.9|PrevBody=0.0|Range=4.9|RangeRatio=0.07|CurrVolPCR=1.21|PrevVolPCR=1.23|CurrCPR=0.83|PrevCPR=0.81|VolSpike=0.68|CE_PremChg=3.05|PE_PremChg=-3.75|BullScore=1|BearScore=0|Dir=BULL|Conf=LOW
CHART_PATTERN_DETECTED: DOUBLE_BOTTOM_FORMING
  PATTERN_CONTEXT: Body= 4.9  Range= 4.9  ExpectedRange= 66.7  RangeRatio= 0.07  O= 78050.0  H= 78055.0  L= 78050.0  C= 78055.0
BSE:SENSEX-INDEX  strikecount= 3   fyers <fyers_apiv3.fyersModel.FyersModel object at 0x75fb8594b890>
======================================
oipcr1 =  BSE:SENSEX2682078100CE   0.55
oipcr2 =  BSE:SENSEX2682078000PE   0.64
oipcr3 =  BSE:SENSEX2682077900PE   0.73
oipcrBull = NoEntry  bulcount= 0  bearcount= 3 oipcrBear= BearTrade
atmpcr5 pcr6= 0.99    1.79
No Entry Yet
India VIX = 11.39  Spot Price = 77749.02
IV Regime = LOW (ADAPTIVE: P25= 11.86  P50= 12.16  P75= 12.9 ) | DailyRange = 1265.1 | 3minCandleRange = 66.6 (theoretical= 111.0 ) | ATMoptionMove = 30.0 | SL = 105 | Target = 105 | TrailTrigger = 30 | Spread = 300 | Buffer = 27
IV Params refreshed: {'vix': 11.39, 'bn_price': 77749.02, 'regime': 'LOW', 'regime_thresholds': 'P25=11.86 P50=12.16 P75=12.9', 'daily_range': 1265.1, 'candle_range': 66.6, 'atm_option_move': 30.0, 'sl_point': 105, 'target_point': 105, 'sl_pct_of_premium': 0.1, 'trail_trigger': 30, 'spread_width': 300, 'support_resistance_buffer': 27}
BSE:SENSEX-INDEX  strikecount= 8   fyers <fyers_apiv3.fyersModel.FyersModel object at 0x75fb8594b890>
===
====after 3 min ochain==== 2026-08-14 11:09:00.011861
                                    oipcr   choipcr   totalOI
pcr1 =  BSE:SENSEX2682078500CE   0.26   0.01 CALL added 340800   PUT added 5040  OI= 586140
pcr2 =  BSE:SENSEX2682078400CE   0.13   0.05 CALL added 135060   PUT added 6340  OI= 205940
pcr3 =  BSE:SENSEX2682078300PE   0.22   0.15 CALL added 141560   PUT added 21600  OI= 48880
pcr4 =  BSE:SENSEX2682078200CE   0.26   0.01 CALL added 179840   PUT added 2100  OI= 311720
pcr5 =  BSE:SENSEX2682078100CE   0.55   0.53 CALL added 192400   PUT added 101240  OI= 296940
pcr6 =  BSE:SENSEX2682078000PE   0.63    0.32 CALL added 582980   PUT added 189420  OI= 705620
pcr7 =  BSE:SENSEX2682077900PE   0.76   0.69 CALL added 404200   PUT added 280320  OI= 387600
pcr8 =  BSE:SENSEX2682077800PE   1.0   0.89 CALL added 479000   PUT added 424900  OI= 673460
pcr9 =  BSE:SENSEX2682077700CE   1.89   1.84 CALL added 249040   PUT added 458440  OI= 279660
pcr10 =  BSE:SENSEX2682077600PE   5.39   5.58 CALL added 75780   PUT added 422700  OI= 484340
pcr11 =  BSE:SENSEX2682077500PE   3.43   4.72 CALL added 78180   PUT added 369020  OI= 585540
pcr12 =  BSE:SENSEX2682077400PE   8.06   7.41 CALL added 24440   PUT added 181160  OI= 221080
pcr13 =  BSE:SENSEX2682077300CE   8.54   7.17 CALL added 17620   PUT added 126380  OI= 19740
pcr14 =  BSE:SENSEX2682077200PE   15.25   11.63 CALL added 6140   PUT added 71380  OI= 117700
pcr15 =  BSE:SENSEX2682077100CE   24.28   20.29 CALL added 3600   PUT added 73060  OI= 4140
pcr16 =  BSE:SENSEX2682077000CE   8.81   9.22 CALL added 16240   PUT added 149680  OI= 41540
pcr17 =  BSE:SENSEX2682076900PE   106.02   154.71 CALL added 480   PUT added 74260  OI= 95420
pcrSummation= 5.699999999999999  result =  ['BSE:SENSEX2682078500CE', 'BSE:SENSEX2682078400CE', 'BSE:SENSEX2682078300PE', 'BSE:SENSEX2682078200CE', 'BSE:SENSEX2682078100CE', 'BSE:SENSEX2682078000PE', 'BSE:SENSEX2682077900PE', 'BSE:SENSEX2682077800PE', 'BSE:SENSEX2682077700CE']
PCRSUM== 185.48
pcrSummation== 5.7
VOLPCRSUM== 7.92
spotLTP =  77749.02  ATM_STRIKE =  77700
IS_ATM_STRIKE_SHIFT = True  mapStrike = {77700: 77700}
avgOiPcrList2 = [np.float64(10.91)] atmStrikeNotShiftedCount= 1
True   1   1
SUPP_RES=== 78000  Buffer= 27
CEoich val =  582980.0  PEoich val =  189420.0 , CE > PE by 67.5%
SUPP_RES TOTAL OI: CE= 1123760  PE= 705620 , CE > PE by 37.2%
IS_MORNING_WINDOW= False  (active 9:15-9:48 IST)
================================================
==== signal check time ==== 2026-08-14 11:09:00.634989
IS_CHOI_DIFF_GT_25PERC== True
RSI_VAL1== 41.83
RSI_VAL2== 41.83
FUT_3m_OHLC O= 78055.0  H= 78055.0  L= 78055.0  C= 78055.0  Range= 0.0
CHART_PATTERN_DETECTED: INSIDE_BAR | DOUBLE_BOTTOM_FORMING
  PATTERN_CONTEXT: Body= 0.0  Range= 0.0  ExpectedRange= 66.6  RangeRatio= 0.0  O= 78055.0  H= 78055.0  L= 78055.0  C= 78055.0
newSynthFut =  78100
ATMStrike =  77700
AVG_OIPCR= 0.63
avgoiPCROld=  10.91
SUPP_RES = 78000
FUT LTP = 78055.0
CEchoi  PechOi = 582980.0    189420.0
====================================
totalOIPCR = 0.86
AVG_VOLPCR= 0.88
atmPCR= 0.55  belowATM  0.63
atmVolPCR= 0.78  belowATM  0.96
True   78055.0   78000   False   False   41.83
curr Doji False
BSE:SENSEX2682078000PE  curr candle vol pcr = 1.0  PE= 53840  CE= 53580      cpr =  1.0
BSE:SENSEX2682078000PE  prev candle vol pcr = 1.21  PE= 102540  CE= 84760      cpr =  0.83
ATM_CE_premium= 344.0  ATM_PE_premium= 465.15
CE_PremChg= -10.6  PE_PremChg= 13.65
CandleBody= 0.0  PrevBody= 4.9  CandleRange= 0.0  Doji
TotalVol= 107420  PrevTotalVol= 187300  VolSpike= 0.57 x 
SCALP_SCORE: BULL | BullScore= 1  BearScore= 0 | Confidence= LOW
DATAPOINT|11:09|FUT=78055.0|Body=0.0|PrevBody=4.9|Range=0.0|RangeRatio=0.0|CurrVolPCR=1.0|PrevVolPCR=1.21|CurrCPR=1.0|PrevCPR=0.83|VolSpike=0.57|CE_PremChg=-10.6|PE_PremChg=13.65|BullScore=1|BearScore=0|Dir=BULL|Conf=LOW
CHART_PATTERN_DETECTED: INSIDE_BAR | DOUBLE_BOTTOM_FORMING
  PATTERN_CONTEXT: Body= 0.0  Range= 0.0  ExpectedRange= 66.6  RangeRatio= 0.0  O= 78055.0  H= 78055.0  L= 78055.0  C= 78055.0
BSE:SENSEX-INDEX  strikecount= 3   fyers <fyers_apiv3.fyersModel.FyersModel object at 0x75fb8594b890>
======================================
oipcr1 =  BSE:SENSEX2682078000PE   0.63
oipcr2 =  BSE:SENSEX2682077900PE   0.76
oipcr3 =  BSE:SENSEX2682077800PE   1.0
oipcrBull = NoEntry  bulcount= 1  bearcount= 2 oipcrBear= BearTrade
atmpcr5 pcr6= 1.89    5.39
No Entry Yet
India VIX = 11.41  Spot Price = 77764.25
IV Regime = LOW (ADAPTIVE: P25= 11.86  P50= 12.16  P75= 12.9 ) | DailyRange = 1267.6 | 3minCandleRange = 66.7 (theoretical= 111.2 ) | ATMoptionMove = 30.0 | SL = 105 | Target = 105 | TrailTrigger = 30 | Spread = 300 | Buffer = 27
IV Params refreshed: {'vix': 11.41, 'bn_price': 77764.25, 'regime': 'LOW', 'regime_thresholds': 'P25=11.86 P50=12.16 P75=12.9', 'daily_range': 1267.6, 'candle_range': 66.7, 'atm_option_move': 30.0, 'sl_point': 105, 'target_point': 105, 'sl_pct_of_premium': 0.1, 'trail_trigger': 30, 'spread_width': 300, 'support_resistance_buffer': 27}
BSE:SENSEX-INDEX  strikecount= 8   fyers <fyers_apiv3.fyersModel.FyersModel object at 0x75fb8594b890>
===
====after 3 min ochain==== 2026-08-14 11:12:00.006545
                                    oipcr   choipcr   totalOI
pcr1 =  BSE:SENSEX2682078600CE   0.32   0.12 CALL added 79560   PUT added 9460  OI= 133900
pcr2 =  BSE:SENSEX2682078500CE   0.26   0.01 CALL added 340780   PUT added 5060  OI= 586120
pcr3 =  BSE:SENSEX2682078400CE   0.13   0.05 CALL added 137820   PUT added 6300  OI= 208700
pcr4 =  BSE:SENSEX2682078300PE   0.21   0.14 CALL added 139220   PUT added 20040  OI= 47320
pcr5 =  BSE:SENSEX2682078200CE   0.26   0.0 CALL added 178640   PUT added 720  OI= 310520
pcr6 =  BSE:SENSEX2682078100CE   0.54    0.52 CALL added 194780   PUT added 101260  OI= 299320
pcr7 =  BSE:SENSEX2682078000PE   0.63   0.32 CALL added 587860   PUT added 190600  OI= 706800
pcr8 =  BSE:SENSEX2682077900PE   0.78   0.72 CALL added 399480   PUT added 286020  OI= 393300
pcr9 =  BSE:SENSEX2682077800PE   1.0   0.9 CALL added 483240   PUT added 434900  OI= 683460
pcr10 =  BSE:SENSEX2682077700CE   1.86   1.81 CALL added 252160   PUT added 456660  OI= 282780
pcr11 =  BSE:SENSEX2682077600PE   5.14   5.28 CALL added 80540   PUT added 425440  OI= 487080
pcr12 =  BSE:SENSEX2682077500PE   3.4   4.63 CALL added 79280   PUT added 367020  OI= 583540
pcr13 =  BSE:SENSEX2682077400PE   7.86   7.2 CALL added 24860   PUT added 179060  OI= 218980
pcr14 =  BSE:SENSEX2682077300CE   8.6   7.23 CALL added 17600   PUT added 127260  OI= 19720
pcr15 =  BSE:SENSEX2682077200PE   12.83   9.45 CALL added 7700   PUT added 72740  OI= 119060
pcr16 =  BSE:SENSEX2682077100CE   24.07   20.06 CALL added 3600   PUT added 72200  OI= 4140
pcr17 =  BSE:SENSEX2682077000CE   8.78   9.15 CALL added 16360   PUT added 149740  OI= 41660
pcrSummation= 5.67  result =  ['BSE:SENSEX2682078500CE', 'BSE:SENSEX2682078400CE', 'BSE:SENSEX2682078300PE', 'BSE:SENSEX2682078200CE', 'BSE:SENSEX2682078100CE', 'BSE:SENSEX2682078000PE', 'BSE:SENSEX2682077900PE', 'BSE:SENSEX2682077800PE', 'BSE:SENSEX2682077700CE']
PCRSUM== 76.67
pcrSummation== 5.67
VOLPCRSUM== 5.84
spotLTP =  77764.25  ATM_STRIKE =  77800
IS_ATM_STRIKE_SHIFT = True  mapStrike = {77800: 77800}
avgOiPcrList2 = [np.float64(4.51)] atmStrikeNotShiftedCount= 1
True   1   1
SUPP_RES=== 78000  Buffer= 27
CEoich val =  587860.0  PEoich val =  190600.0 , CE > PE by 67.6%
SUPP_RES TOTAL OI: CE= 1128640  PE= 706800 , CE > PE by 37.4%
IS_MORNING_WINDOW= False  (active 9:15-9:48 IST)
================================================
==== signal check time ==== 2026-08-14 11:12:00.671748
IS_CHOI_DIFF_GT_25PERC== True
RSI_VAL1== 41.83
RSI_VAL2== 41.83
FUT_3m_OHLC O= 78055.0  H= 78055.0  L= 78055.0  C= 78055.0  Range= 0.0
CHART_PATTERN_DETECTED: INSIDE_BAR | DOUBLE_TOP_FORMING | DOUBLE_BOTTOM_FORMING
  PATTERN_CONTEXT: Body= 0.0  Range= 0.0  ExpectedRange= 66.7  RangeRatio= 0.0  O= 78055.0  H= 78055.0  L= 78055.0  C= 78055.0
newSynthFut =  78100
ATMStrike =  77800
AVG_OIPCR= 0.63
avgoiPCROld=  4.51
SUPP_RES = 78000
FUT LTP = 78055.0
CEchoi  PechOi = 587860.0    190600.0
====================================
totalOIPCR = 0.86
AVG_VOLPCR= 0.65
atmPCR= 0.26  belowATM  0.54
atmVolPCR= 0.38  belowATM  0.78
True   78055.0   78000   False   False   41.83
curr Doji False
BSE:SENSEX2682078000PE  curr candle vol pcr = 1.57  PE= 55600  CE= 35460      cpr =  0.64
BSE:SENSEX2682078000PE  prev candle vol pcr = 1.0  PE= 53840  CE= 53580      cpr =  1.0
ATM_CE_premium= 351.0  ATM_PE_premium= 451.85
CE_PremChg= 7.0  PE_PremChg= -13.3
CandleBody= 0.0  PrevBody= 0.0  CandleRange= 0.0  Doji
TotalVol= 91060  PrevTotalVol= 107420  VolSpike= 0.85 x 
SCALP_SCORE: BULL | BullScore= 1  BearScore= 0 | Confidence= LOW
DATAPOINT|11:12|FUT=78055.0|Body=0.0|PrevBody=0.0|Range=0.0|RangeRatio=0.0|CurrVolPCR=1.57|PrevVolPCR=1.0|CurrCPR=0.64|PrevCPR=1.0|VolSpike=0.85|CE_PremChg=7.0|PE_PremChg=-13.3|BullScore=1|BearScore=0|Dir=BULL|Conf=LOW
CHART_PATTERN_DETECTED: INSIDE_BAR | DOUBLE_TOP_FORMING | DOUBLE_BOTTOM_FORMING
  PATTERN_CONTEXT: Body= 0.0  Range= 0.0  ExpectedRange= 66.7  RangeRatio= 0.0  O= 78055.0  H= 78055.0  L= 78055.0  C= 78055.0
BSE:SENSEX-INDEX  strikecount= 3   fyers <fyers_apiv3.fyersModel.FyersModel object at 0x75fb8594b890>
======================================
oipcr1 =  BSE:SENSEX2682078100CE   0.54
oipcr2 =  BSE:SENSEX2682078000PE   0.63
oipcr3 =  BSE:SENSEX2682077900PE   0.78
oipcrBull = NoEntry  bulcount= 0  bearcount= 3 oipcrBear= BearTrade
atmpcr5 pcr6= 1.0    1.86
No Entry Yet
India VIX = 11.39  Spot Price = 77768.43
IV Regime = LOW (ADAPTIVE: P25= 11.86  P50= 12.16  P75= 12.9 ) | DailyRange = 1265.4 | 3minCandleRange = 66.6 (theoretical= 111.0 ) | ATMoptionMove = 30.0 | SL = 105 | Target = 105 | TrailTrigger = 30 | Spread = 300 | Buffer = 27
IV Params refreshed: {'vix': 11.39, 'bn_price': 77768.43, 'regime': 'LOW', 'regime_thresholds': 'P25=11.86 P50=12.16 P75=12.9', 'daily_range': 1265.4, 'candle_range': 66.6, 'atm_option_move': 30.0, 'sl_point': 105, 'target_point': 105, 'sl_pct_of_premium': 0.1, 'trail_trigger': 30, 'spread_width': 300, 'support_resistance_buffer': 27}
BSE:SENSEX-INDEX  strikecount= 8   fyers <fyers_apiv3.fyersModel.FyersModel object at 0x75fb8594b890>
===
====after 3 min ochain==== 2026-08-14 11:15:00.040466
                                    oipcr   choipcr   totalOI
pcr1 =  BSE:SENSEX2682078600CE   0.32   0.12 CALL added 81340   PUT added 9380  OI= 135680
pcr2 =  BSE:SENSEX2682078500CE   0.26   0.01 CALL added 343340   PUT added 4820  OI= 588680
pcr3 =  BSE:SENSEX2682078400CE   0.13   0.04 CALL added 140180   PUT added 5920  OI= 211060
pcr4 =  BSE:SENSEX2682078300PE   0.21   0.14 CALL added 139780   PUT added 19240  OI= 46520
pcr5 =  BSE:SENSEX2682078200CE   0.25   -0.0 CALL added 183240   PUT unwind -40  OI= 315120
pcr6 =  BSE:SENSEX2682078100CE   0.54    0.51 CALL added 196300   PUT added 101040  OI= 300840
pcr7 =  BSE:SENSEX2682078000PE   0.62   0.32 CALL added 597180   PUT added 189980  OI= 706180
pcr8 =  BSE:SENSEX2682077900PE   0.78   0.72 CALL added 406120   PUT added 292960  OI= 400240
pcr9 =  BSE:SENSEX2682077800PE   1.01   0.9 CALL added 493360   PUT added 446060  OI= 694620
pcr10 =  BSE:SENSEX2682077700CE   1.87   1.82 CALL added 254960   PUT added 464780  OI= 285580
pcr11 =  BSE:SENSEX2682077600PE   5.16   5.3 CALL added 80280   PUT added 425700  OI= 487340
pcr12 =  BSE:SENSEX2682077500PE   3.38   4.53 CALL added 82860   PUT added 375340  OI= 591860
pcr13 =  BSE:SENSEX2682077400PE   7.85   7.19 CALL added 24880   PUT added 178880  OI= 218800
pcr14 =  BSE:SENSEX2682077300CE   8.58   7.22 CALL added 17680   PUT added 127700  OI= 19800
pcr15 =  BSE:SENSEX2682077200PE   12.79   9.47 CALL added 7860   PUT added 74400  OI= 120720
pcr16 =  BSE:SENSEX2682077100CE   24.1   20.09 CALL added 3600   PUT added 72340  OI= 4140
pcr17 =  BSE:SENSEX2682077000CE   8.76   9.1 CALL added 16300   PUT added 148400  OI= 41600
pcrSummation= 5.67  result =  ['BSE:SENSEX2682078500CE', 'BSE:SENSEX2682078400CE', 'BSE:SENSEX2682078300PE', 'BSE:SENSEX2682078200CE', 'BSE:SENSEX2682078100CE', 'BSE:SENSEX2682078000PE', 'BSE:SENSEX2682077900PE', 'BSE:SENSEX2682077800PE', 'BSE:SENSEX2682077700CE']
PCRSUM== 76.61
pcrSummation== 5.67
VOLPCRSUM== 5.84
spotLTP =  77768.43  ATM_STRIKE =  77800
IS_ATM_STRIKE_SHIFT = False  mapStrike = {77800: 77800}
avgOiPcrList2 = [np.float64(4.51), np.float64(4.51)] atmStrikeNotShiftedCount= 2
False   2   2
SUPP_RES=== 78000  Buffer= 27
CEoich val =  597180.0  PEoich val =  189980.0 , CE > PE by 68.2%
SUPP_RES TOTAL OI: CE= 1137960  PE= 706180 , CE > PE by 37.9%
IS_MORNING_WINDOW= False  (active 9:15-9:48 IST)
================================================
==== signal check time ==== 2026-08-14 11:15:00.717735
IS_CHOI_DIFF_GT_25PERC== True
RSI_VAL1== 48.69
RSI_VAL2== 48.69
FUT_3m_OHLC O= 78089.6  H= 78092.4  L= 78089.6  C= 78092.4  Range= 2.9
CHART_PATTERN_DETECTED: DOUBLE_BOTTOM_FORMING
  PATTERN_CONTEXT: Body= 2.9  Range= 2.9  ExpectedRange= 66.6  RangeRatio= 0.04  O= 78089.6  H= 78092.4  L= 78089.6  C= 78092.4
newSynthFut =  78100
ATMStrike =  77800
AVG_OIPCR= 0.63
avgoiPCROld=  4.51
SUPP_RES = 78000
FUT LTP = 78092.45
CEchoi  PechOi = 597180.0    189980.0
====================================
totalOIPCR = 0.85
AVG_VOLPCR= 0.65
atmPCR= 0.25  belowATM  0.54
atmVolPCR= 0.38  belowATM  0.78
True   78092.45   78000   False   False   48.69
curr Doji False
BSE:SENSEX2682078000PE  curr candle vol pcr = 1.16  PE= 28800  CE= 24880      cpr =  0.86
BSE:SENSEX2682078000PE  prev candle vol pcr = 1.57  PE= 55600  CE= 35460      cpr =  0.64
ATM_CE_premium= 352.55  ATM_PE_premium= 454.2
CE_PremChg= 1.55  PE_PremChg= 2.35
CandleBody= 2.9  PrevBody= 0.0  CandleRange= 2.9  Bullish
TotalVol= 53680  PrevTotalVol= 91060  VolSpike= 0.59 x 
SCALP_SCORE: BULL | BullScore= 1  BearScore= 0 | Confidence= LOW
DATAPOINT|11:15|FUT=78092.4|Body=2.9|PrevBody=0.0|Range=2.9|RangeRatio=0.04|CurrVolPCR=1.16|PrevVolPCR=1.57|CurrCPR=0.86|PrevCPR=0.64|VolSpike=0.59|CE_PremChg=1.55|PE_PremChg=2.35|BullScore=1|BearScore=0|Dir=BULL|Conf=LOW
CHART_PATTERN_DETECTED: DOUBLE_BOTTOM_FORMING
  PATTERN_CONTEXT: Body= 2.9  Range= 2.9  ExpectedRange= 66.6  RangeRatio= 0.04  O= 78089.6  H= 78092.4  L= 78089.6  C= 78092.4
BSE:SENSEX-INDEX  strikecount= 3   fyers <fyers_apiv3.fyersModel.FyersModel object at 0x75fb8594b890>
======================================
oipcr1 =  BSE:SENSEX2682078100CE   0.54
oipcr2 =  BSE:SENSEX2682078000PE   0.62
oipcr3 =  BSE:SENSEX2682077900PE   0.78
oipcrBull = NoEntry  bulcount= 0  bearcount= 3 oipcrBear= BearTrade
atmpcr5 pcr6= 1.01    1.87
No Entry Yet
India VIX = 11.37  Spot Price = 77776.49
IV Regime = LOW (ADAPTIVE: P25= 11.86  P50= 12.16  P75= 12.9 ) | DailyRange = 1263.3 | 3minCandleRange = 66.5 (theoretical= 110.8 ) | ATMoptionMove = 29.9 | SL = 105 | Target = 105 | TrailTrigger = 30 | Spread = 300 | Buffer = 27
IV Params refreshed: {'vix': 11.37, 'bn_price': 77776.49, 'regime': 'LOW', 'regime_thresholds': 'P25=11.86 P50=12.16 P75=12.9', 'daily_range': 1263.3, 'candle_range': 66.5, 'atm_option_move': 29.9, 'sl_point': 105, 'target_point': 105, 'sl_pct_of_premium': 0.1, 'trail_trigger': 30, 'spread_width': 300, 'support_resistance_buffer': 27}
BSE:SENSEX-INDEX  strikecount= 8   fyers <fyers_apiv3.fyersModel.FyersModel object at 0x75fb8594b890>
===
====after 3 min ochain==== 2026-08-14 11:18:00.016455
                                    oipcr   choipcr   totalOI
pcr1 =  BSE:SENSEX2682078600CE   0.31   0.11 CALL added 85200   PUT added 8960  OI= 139540
pcr2 =  BSE:SENSEX2682078500CE   0.25   0.01 CALL added 350200   PUT added 3420  OI= 595540
pcr3 =  BSE:SENSEX2682078400CE   0.13   0.04 CALL added 140180   PUT added 5840  OI= 211060
pcr4 =  BSE:SENSEX2682078300PE   0.2   0.13 CALL added 144840   PUT added 18440  OI= 45720
pcr5 =  BSE:SENSEX2682078200CE   0.25   0.01 CALL added 184780   PUT added 2060  OI= 316660
pcr6 =  BSE:SENSEX2682078100CE   0.54    0.51 CALL added 197420   PUT added 99880  OI= 301960
pcr7 =  BSE:SENSEX2682078000PE   0.62   0.31 CALL added 595100   PUT added 186140  OI= 702340
pcr8 =  BSE:SENSEX2682077900PE   0.77   0.71 CALL added 406160   PUT added 287180  OI= 394460
pcr9 =  BSE:SENSEX2682077800PE   0.99   0.89 CALL added 505260   PUT added 450320  OI= 698880
pcr10 =  BSE:SENSEX2682077700CE   1.85   1.8 CALL added 261760   PUT added 470200  OI= 292380
pcr11 =  BSE:SENSEX2682077600PE   5.18   5.33 CALL added 78880   PUT added 420560  OI= 482200
pcr12 =  BSE:SENSEX2682077500PE   3.33   4.41 CALL added 84680   PUT added 373540  OI= 590060
pcr13 =  BSE:SENSEX2682077400PE   7.84   7.19 CALL added 25220   PUT added 181260  OI= 221180
pcr14 =  BSE:SENSEX2682077300CE   8.64   7.27 CALL added 17540   PUT added 127600  OI= 19660
pcr15 =  BSE:SENSEX2682077200PE   12.5   9.17 CALL added 7960   PUT added 72960  OI= 119280
pcr16 =  BSE:SENSEX2682077100CE   22.86   18.85 CALL added 3760   PUT added 70860  OI= 4300
pcr17 =  BSE:SENSEX2682077000CE   8.83   9.27 CALL added 16320   PUT added 151300  OI= 41620
pcrSummation= 5.6  result =  ['BSE:SENSEX2682078500CE', 'BSE:SENSEX2682078400CE', 'BSE:SENSEX2682078300PE', 'BSE:SENSEX2682078200CE', 'BSE:SENSEX2682078100CE', 'BSE:SENSEX2682078000PE', 'BSE:SENSEX2682077900PE', 'BSE:SENSEX2682077800PE', 'BSE:SENSEX2682077700CE']
PCRSUM== 75.09
pcrSummation== 5.6
VOLPCRSUM== 5.84
spotLTP =  77779.6  ATM_STRIKE =  77800
IS_ATM_STRIKE_SHIFT = False  mapStrike = {77800: 77800}
avgOiPcrList2 = [np.float64(4.51), np.float64(4.51), np.float64(4.42)] atmStrikeNotShiftedCount= 3
False   3   3
SUPP_RES=== 78000  Buffer= 27
CEoich val =  595100.0  PEoich val =  186140.0 , CE > PE by 68.7%
SUPP_RES TOTAL OI: CE= 1135880  PE= 702340 , CE > PE by 38.2%
IS_MORNING_WINDOW= False  (active 9:15-9:48 IST)
================================================
==== signal check time ==== 2026-08-14 11:18:00.699785
IS_CHOI_DIFF_GT_25PERC== True
RSI_VAL1== 48.69
RSI_VAL2== 48.69
FUT_3m_OHLC O= 78092.4  H= 78092.4  L= 78092.4  C= 78092.4  Range= 0.0
CHART_PATTERN_DETECTED: INSIDE_BAR | DOUBLE_TOP_FORMING
  PATTERN_CONTEXT: Body= 0.0  Range= 0.0  ExpectedRange= 66.5  RangeRatio= 0.0  O= 78092.4  H= 78092.4  L= 78092.4  C= 78092.4
recent two = [np.float64(4.51), np.float64(4.42)]
newSynthFut =  78100
ATMStrike =  77800
AVG_OIPCR= 0.62
avgoiPCROld=  4.42
SUPP_RES = 78000
FUT LTP = 78092.45
CEchoi  PechOi = 595100.0    186140.0
====================================
totalOIPCR = 0.85
AVG_VOLPCR= 0.65
atmPCR= 0.25  belowATM  0.54
atmVolPCR= 0.38  belowATM  0.78
True   78092.45   78000   False   False   48.69
curr Doji False
BSE:SENSEX2682078000PE  curr candle vol pcr = 0.81  PE= 64760  CE= 80240      cpr =  1.24
BSE:SENSEX2682078000PE  prev candle vol pcr = 1.16  PE= 28800  CE= 24880      cpr =  0.86
ATM_CE_premium= 362.0  ATM_PE_premium= 440.1
CE_PremChg= 9.45  PE_PremChg= -14.1
CandleBody= 0.0  PrevBody= 2.9  CandleRange= 0.0  Doji
TotalVol= 145000  PrevTotalVol= 53680  VolSpike= 2.7 x  SPIKE!
SCALP_SCORE: NEUTRAL | BullScore= 0  BearScore= 0 | Confidence= LOW
DATAPOINT|11:18|FUT=78092.4|Body=0.0|PrevBody=2.9|Range=0.0|RangeRatio=0.0|CurrVolPCR=0.81|PrevVolPCR=1.16|CurrCPR=1.24|PrevCPR=0.86|VolSpike=2.7|CE_PremChg=9.45|PE_PremChg=-14.1|BullScore=0|BearScore=0|Dir=NEUTRAL|Conf=LOW
CHART_PATTERN_DETECTED: INSIDE_BAR | DOUBLE_TOP_FORMING
  PATTERN_CONTEXT: Body= 0.0  Range= 0.0  ExpectedRange= 66.5  RangeRatio= 0.0  O= 78092.4  H= 78092.4  L= 78092.4  C= 78092.4
BSE:SENSEX-INDEX  strikecount= 3   fyers <fyers_apiv3.fyersModel.FyersModel object at 0x75fb8594b890>
======================================
oipcr1 =  BSE:SENSEX2682078100CE   0.54
oipcr2 =  BSE:SENSEX2682078000PE   0.62
oipcr3 =  BSE:SENSEX2682077900PE   0.77
oipcrBull = NoEntry  bulcount= 0  bearcount= 3 oipcrBear= BearTrade
atmpcr5 pcr6= 0.99    1.85
No Entry Yet
India VIX = 11.34  Spot Price = 77799.5
IV Regime = LOW (ADAPTIVE: P25= 11.86  P50= 12.16  P75= 12.9 ) | DailyRange = 1260.4 | 3minCandleRange = 66.3 (theoretical= 110.5 ) | ATMoptionMove = 29.8 | SL = 104 | Target = 104 | TrailTrigger = 30 | Spread = 300 | Buffer = 27
IV Params refreshed: {'vix': 11.34, 'bn_price': 77799.5, 'regime': 'LOW', 'regime_thresholds': 'P25=11.86 P50=12.16 P75=12.9', 'daily_range': 1260.4, 'candle_range': 66.3, 'atm_option_move': 29.8, 'sl_point': 104, 'target_point': 104, 'sl_pct_of_premium': 0.1, 'trail_trigger': 30, 'spread_width': 300, 'support_resistance_buffer': 27}
BSE:SENSEX-INDEX  strikecount= 8   fyers <fyers_apiv3.fyersModel.FyersModel object at 0x75fb8594b890>
===
====after 3 min ochain==== 2026-08-14 11:21:00.007973
                                    oipcr   choipcr   totalOI
pcr1 =  BSE:SENSEX2682078600CE   0.31   0.11 CALL added 84860   PUT added 9020  OI= 139200
pcr2 =  BSE:SENSEX2682078500CE   0.25   0.01 CALL added 349740   PUT added 3160  OI= 595080
pcr3 =  BSE:SENSEX2682078400CE   0.12   0.04 CALL added 143400   PUT added 6040  OI= 214280
pcr4 =  BSE:SENSEX2682078300PE   0.23   0.18 CALL added 144400   PUT added 26340  OI= 53620
pcr5 =  BSE:SENSEX2682078200CE   0.26   0.02 CALL added 185500   PUT added 4560  OI= 317380
pcr6 =  BSE:SENSEX2682078100CE   0.53    0.5 CALL added 203080   PUT added 101260  OI= 307620
pcr7 =  BSE:SENSEX2682078000PE   0.61   0.31 CALL added 609560   PUT added 189180  OI= 705380
pcr8 =  BSE:SENSEX2682077900PE   0.8   0.74 CALL added 402740   PUT added 296380  OI= 403660
pcr9 =  BSE:SENSEX2682077800PE   0.98   0.88 CALL added 505700   PUT added 444120  OI= 692680
pcr10 =  BSE:SENSEX2682077700CE   1.94   1.9 CALL added 249840   PUT added 475400  OI= 280460
pcr11 =  BSE:SENSEX2682077600PE   5.64   5.89 CALL added 72380   PUT added 426440  OI= 488080
pcr12 =  BSE:SENSEX2682077500PE   3.49   4.85 CALL added 77920   PUT added 377660  OI= 594180
pcr13 =  BSE:SENSEX2682077400PE   7.69   7.03 CALL added 25240   PUT added 177380  OI= 217300
pcr14 =  BSE:SENSEX2682077300CE   8.63   7.27 CALL added 17600   PUT added 127940  OI= 19720
pcr15 =  BSE:SENSEX2682077200PE   12.56   9.29 CALL added 8100   PUT added 75260  OI= 121580
pcr16 =  BSE:SENSEX2682077100CE   23.06   19.14 CALL added 3820   PUT added 73100  OI= 4360
pcr17 =  BSE:SENSEX2682077000CE   9.05   9.88 CALL added 15480   PUT added 153000  OI= 40780
pcrSummation= 5.72  result =  ['BSE:SENSEX2682078500CE', 'BSE:SENSEX2682078400CE', 'BSE:SENSEX2682078300PE', 'BSE:SENSEX2682078200CE', 'BSE:SENSEX2682078100CE', 'BSE:SENSEX2682078000PE', 'BSE:SENSEX2682077900PE', 'BSE:SENSEX2682077800PE', 'BSE:SENSEX2682077700CE']
PCRSUM== 76.15
pcrSummation== 5.72
VOLPCRSUM== 5.779999999999999
spotLTP =  77798.77  ATM_STRIKE =  77800
IS_ATM_STRIKE_SHIFT = False  mapStrike = {77800: 77800}
avgOiPcrList2 = [np.float64(4.51), np.float64(4.42), np.float64(4.48)] atmStrikeNotShiftedCount= 4
False   4   3
SUPP_RES=== 78000  Buffer= 27
CEoich val =  609560.0  PEoich val =  189180.0 , CE > PE by 69.0%
SUPP_RES TOTAL OI: CE= 1150340  PE= 705380 , CE > PE by 38.7%
IS_MORNING_WINDOW= False  (active 9:15-9:48 IST)
================================================
==== signal check time ==== 2026-08-14 11:21:00.688462
IS_CHOI_DIFF_GT_25PERC== True
RSI_VAL1== 48.69
RSI_VAL2== 48.69
FUT_3m_OHLC O= 78092.4  H= 78092.4  L= 78092.4  C= 78092.4  Range= 0.0
CHART_PATTERN_DETECTED: INSIDE_BAR | DOUBLE_TOP_FORMING
  PATTERN_CONTEXT: Body= 0.0  Range= 0.0  ExpectedRange= 66.3  RangeRatio= 0.0  O= 78092.4  H= 78092.4  L= 78092.4  C= 78092.4
recent two = [np.float64(4.42), np.float64(4.48)]
newSynthFut =  78100
ATMStrike =  77800
AVG_OIPCR= 0.64
avgoiPCROld=  4.48
SUPP_RES = 78000
FUT LTP = 78092.45
CEchoi  PechOi = 609560.0    189180.0
====================================
totalOIPCR = 0.85
AVG_VOLPCR= 0.64
atmPCR= 0.26  belowATM  0.53
atmVolPCR= 0.38  belowATM  0.77
True   78092.45   78000   False   False   48.69
curr Doji False
BSE:SENSEX2682078000PE  curr candle vol pcr = 0.63  PE= 78360  CE= 124760      cpr =  1.59
BSE:SENSEX2682078000PE  prev candle vol pcr = 0.81  PE= 64760  CE= 80240      cpr =  1.24
ATM_CE_premium= 370.0  ATM_PE_premium= 433.7
CE_PremChg= 8.0  PE_PremChg= -6.4
CandleBody= 0.0  PrevBody= 0.0  CandleRange= 0.0  Doji
TotalVol= 203120  PrevTotalVol= 145000  VolSpike= 1.4 x 
SCALP_SCORE: BEAR | BullScore= 0  BearScore= 1 | Confidence= LOW
DATAPOINT|11:21|FUT=78092.4|Body=0.0|PrevBody=0.0|Range=0.0|RangeRatio=0.0|CurrVolPCR=0.63|PrevVolPCR=0.81|CurrCPR=1.59|PrevCPR=1.24|VolSpike=1.4|CE_PremChg=8.0|PE_PremChg=-6.4|BullScore=0|BearScore=1|Dir=BEAR|Conf=LOW
CHART_PATTERN_DETECTED: INSIDE_BAR | DOUBLE_TOP_FORMING
  PATTERN_CONTEXT: Body= 0.0  Range= 0.0  ExpectedRange= 66.3  RangeRatio= 0.0  O= 78092.4  H= 78092.4  L= 78092.4  C= 78092.4
BSE:SENSEX-INDEX  strikecount= 3   fyers <fyers_apiv3.fyersModel.FyersModel object at 0x75fb8594b890>
======================================
oipcr1 =  BSE:SENSEX2682078100CE   0.53
oipcr2 =  BSE:SENSEX2682078000PE   0.61
oipcr3 =  BSE:SENSEX2682077900PE   0.8
oipcrBull = NoEntry  bulcount= 0  bearcount= 3 oipcrBear= BearTrade
atmpcr5 pcr6= 0.98    1.94
No Entry Yet
India VIX = 11.31  Spot Price = 77798.91
IV Regime = LOW (ADAPTIVE: P25= 11.86  P50= 12.16  P75= 12.9 ) | DailyRange = 1257.0 | 3minCandleRange = 66.1 (theoretical= 110.2 ) | ATMoptionMove = 29.8 | SL = 104 | Target = 104 | TrailTrigger = 30 | Spread = 300 | Buffer = 26
IV Params refreshed: {'vix': 11.31, 'bn_price': 77798.91, 'regime': 'LOW', 'regime_thresholds': 'P25=11.86 P50=12.16 P75=12.9', 'daily_range': 1257.0, 'candle_range': 66.1, 'atm_option_move': 29.8, 'sl_point': 104, 'target_point': 104, 'sl_pct_of_premium': 0.1, 'trail_trigger': 30, 'spread_width': 300, 'support_resistance_buffer': 26}
BSE:SENSEX-INDEX  strikecount= 8   fyers <fyers_apiv3.fyersModel.FyersModel object at 0x75fb8594b890>
===
====after 3 min ochain==== 2026-08-14 11:24:00.040799
                                    oipcr   choipcr   totalOI
pcr1 =  BSE:SENSEX2682078600CE   0.31   0.11 CALL added 86620   PUT added 9260  OI= 140960
pcr2 =  BSE:SENSEX2682078500CE   0.25   0.01 CALL added 359080   PUT added 3700  OI= 604420
pcr3 =  BSE:SENSEX2682078400CE   0.12   0.04 CALL added 144060   PUT added 6000  OI= 214940
pcr4 =  BSE:SENSEX2682078300PE   0.23   0.18 CALL added 148020   PUT added 27240  OI= 54520
pcr5 =  BSE:SENSEX2682078200CE   0.28   0.05 CALL added 182680   PUT added 8340  OI= 314560
pcr6 =  BSE:SENSEX2682078100CE   0.55    0.53 CALL added 202580   PUT added 106800  OI= 307120
pcr7 =  BSE:SENSEX2682078000PE   0.61   0.31 CALL added 620220   PUT added 195200  OI= 711400
pcr8 =  BSE:SENSEX2682077900PE   0.81   0.75 CALL added 404020   PUT added 302800  OI= 410080
pcr9 =  BSE:SENSEX2682077800PE   1.03   0.94 CALL added 501340   PUT added 472720  OI= 721280
pcr10 =  BSE:SENSEX2682077700CE   2.02   1.99 CALL added 241680   PUT added 481300  OI= 272300
pcr11 =  BSE:SENSEX2682077600PE   5.96   6.29 CALL added 68700   PUT added 432100  OI= 493740
pcr12 =  BSE:SENSEX2682077500PE   3.57   5.06 CALL added 75960   PUT added 384260  OI= 600780
pcr13 =  BSE:SENSEX2682077400PE   7.92   7.29 CALL added 25500   PUT added 185880  OI= 225800
pcr14 =  BSE:SENSEX2682077300CE   9.24   7.89 CALL added 16760   PUT added 132220  OI= 18880
pcr15 =  BSE:SENSEX2682077200PE   14.09   10.74 CALL added 7200   PUT added 77360  OI= 123680
pcr16 =  BSE:SENSEX2682077100CE   23.6   19.69 CALL added 3760   PUT added 74020  OI= 4300
pcr17 =  BSE:SENSEX2682077000CE   9.08   9.97 CALL added 15260   PUT added 152140  OI= 40560
pcrSummation= 5.9  result =  ['BSE:SENSEX2682078500CE', 'BSE:SENSEX2682078400CE', 'BSE:SENSEX2682078300PE', 'BSE:SENSEX2682078200CE', 'BSE:SENSEX2682078100CE', 'BSE:SENSEX2682078000PE', 'BSE:SENSEX2682077900PE', 'BSE:SENSEX2682077800PE', 'BSE:SENSEX2682077700CE']
PCRSUM== 79.67
pcrSummation== 5.9
VOLPCRSUM== 5.74
spotLTP =  77798.91  ATM_STRIKE =  77800
IS_ATM_STRIKE_SHIFT = False  mapStrike = {77800: 77800}
avgOiPcrList2 = [np.float64(4.42), np.float64(4.48), np.float64(4.69)] atmStrikeNotShiftedCount= 5
False   5   3
SUPP_RES=== 78000  Buffer= 26
CEoich val =  620220.0  PEoich val =  195200.0 , CE > PE by 68.5%
SUPP_RES TOTAL OI: CE= 1161000  PE= 711400 , CE > PE by 38.7%
IS_MORNING_WINDOW= False  (active 9:15-9:48 IST)
================================================
==== signal check time ==== 2026-08-14 11:24:00.723814
IS_CHOI_DIFF_GT_25PERC== True
RSI_VAL1== 48.69
RSI_VAL2== 48.69
FUT_3m_OHLC O= 78092.4  H= 78092.4  L= 78092.4  C= 78092.4  Range= 0.0
CHART_PATTERN_DETECTED: INSIDE_BAR | DOUBLE_TOP_FORMING | DOUBLE_BOTTOM_FORMING
  PATTERN_CONTEXT: Body= 0.0  Range= 0.0  ExpectedRange= 66.1  RangeRatio= 0.0  O= 78092.4  H= 78092.4  L= 78092.4  C= 78092.4
isPcrInc = True
newSynthFut =  78100
ATMStrike =  77800
AVG_OIPCR= 0.66
avgoiPCROld=  4.69
SUPP_RES = 78000
FUT LTP = 78092.45
CEchoi  PechOi = 620220.0    195200.0
====================================
totalOIPCR = 0.86
AVG_VOLPCR= 0.64
atmPCR= 0.28  belowATM  0.55
atmVolPCR= 0.38  belowATM  0.76
True   78092.45   78000   True   False   48.69
In Bull trade, slCount =  0  (mode= LOGIC3_CHOI_15PCT )
============================================================
LOGIC3_OBSERVE: WOULD_HAVE_ENTERED BULL (no real order — LOGIC3 is observation-only)
  FUT=78092.45 SUPP_RES=78000 CEchoi=620220.0 PEchoi=195200.0
============================================================
India VIX = 11.31  Spot Price = 77796.51
IV Regime = LOW (ADAPTIVE: P25= 11.86  P50= 12.16  P75= 12.9 ) | DailyRange = 1257.0 | 3minCandleRange = 66.1 (theoretical= 110.2 ) | ATMoptionMove = 29.8 | SL = 104 | Target = 104 | TrailTrigger = 30 | Spread = 300 | Buffer = 26
IV Params refreshed: {'vix': 11.31, 'bn_price': 77796.51, 'regime': 'LOW', 'regime_thresholds': 'P25=11.86 P50=12.16 P75=12.9', 'daily_range': 1257.0, 'candle_range': 66.1, 'atm_option_move': 29.8, 'sl_point': 104, 'target_point': 104, 'sl_pct_of_premium': 0.1, 'trail_trigger': 30, 'spread_width': 300, 'support_resistance_buffer': 26}
BSE:SENSEX-INDEX  strikecount= 8   fyers <fyers_apiv3.fyersModel.FyersModel object at 0x75fb8594b890>
===
====after 3 min ochain==== 2026-08-14 11:24:00.910072
                                    oipcr   choipcr   totalOI
pcr1 =  BSE:SENSEX2682078600CE   0.31   0.11 CALL added 86620   PUT added 9260  OI= 140960
pcr2 =  BSE:SENSEX2682078500CE   0.25   0.01 CALL added 359080   PUT added 3700  OI= 604420
pcr3 =  BSE:SENSEX2682078400CE   0.12   0.04 CALL added 144060   PUT added 6000  OI= 214940
pcr4 =  BSE:SENSEX2682078300PE   0.23   0.18 CALL added 148020   PUT added 27240  OI= 54520
pcr5 =  BSE:SENSEX2682078200CE   0.28   0.05 CALL added 182680   PUT added 8340  OI= 314560
pcr6 =  BSE:SENSEX2682078100CE   0.55    0.53 CALL added 202580   PUT added 106800  OI= 307120
pcr7 =  BSE:SENSEX2682078000PE   0.61   0.31 CALL added 620220   PUT added 195200  OI= 711400
pcr8 =  BSE:SENSEX2682077900PE   0.81   0.75 CALL added 404020   PUT added 302800  OI= 410080
pcr9 =  BSE:SENSEX2682077800PE   1.03   0.94 CALL added 501340   PUT added 472720  OI= 721280
pcr10 =  BSE:SENSEX2682077700CE   2.02   1.99 CALL added 241680   PUT added 481300  OI= 272300
pcr11 =  BSE:SENSEX2682077600PE   5.96   6.29 CALL added 68700   PUT added 432100  OI= 493740
pcr12 =  BSE:SENSEX2682077500PE   3.57   5.06 CALL added 75960   PUT added 384260  OI= 600780
pcr13 =  BSE:SENSEX2682077400PE   7.92   7.29 CALL added 25500   PUT added 185880  OI= 225800
pcr14 =  BSE:SENSEX2682077300CE   9.24   7.89 CALL added 16760   PUT added 132220  OI= 18880
pcr15 =  BSE:SENSEX2682077200PE   14.09   10.74 CALL added 7200   PUT added 77360  OI= 123680
pcr16 =  BSE:SENSEX2682077100CE   23.6   19.69 CALL added 3760   PUT added 74020  OI= 4300
pcr17 =  BSE:SENSEX2682077000CE   9.08   9.97 CALL added 15260   PUT added 152140  OI= 40560
pcrSummation= 5.9  result =  ['BSE:SENSEX2682078500CE', 'BSE:SENSEX2682078400CE', 'BSE:SENSEX2682078300PE', 'BSE:SENSEX2682078200CE', 'BSE:SENSEX2682078100CE', 'BSE:SENSEX2682078000PE', 'BSE:SENSEX2682077900PE', 'BSE:SENSEX2682077800PE', 'BSE:SENSEX2682077700CE']
PCRSUM== 79.67
pcrSummation== 5.9
VOLPCRSUM== 5.74
spotLTP =  77796.51  ATM_STRIKE =  77800
IS_ATM_STRIKE_SHIFT = False  mapStrike = {77800: 77800}
avgOiPcrList2 = [np.float64(4.48), np.float64(4.69), np.float64(4.69)] atmStrikeNotShiftedCount= 6
False   6   3
SUPP_RES=== 78000  Buffer= 26
CEoich val =  620220.0  PEoich val =  195200.0 , CE > PE by 68.5%
SUPP_RES TOTAL OI: CE= 1161000  PE= 711400 , CE > PE by 38.7%
IS_MORNING_WINDOW= False  (active 9:15-9:48 IST)
================================================
==== signal check time ==== 2026-08-14 11:24:01.542210
IS_CHOI_DIFF_GT_25PERC== True
RSI_VAL1== 48.69
RSI_VAL2== 48.69
FUT_3m_OHLC O= 78092.4  H= 78092.4  L= 78092.4  C= 78092.4  Range= 0.0
CHART_PATTERN_DETECTED: INSIDE_BAR | DOUBLE_TOP_FORMING | DOUBLE_BOTTOM_FORMING
  PATTERN_CONTEXT: Body= 0.0  Range= 0.0  ExpectedRange= 66.1  RangeRatio= 0.0  O= 78092.4  H= 78092.4  L= 78092.4  C= 78092.4
neither = [np.float64(4.69)]
newSynthFut =  78100
ATMStrike =  77800
AVG_OIPCR= 0.66
avgoiPCROld=  4.69
SUPP_RES = 78000
FUT LTP = 78092.45
CEchoi  PechOi = 620220.0    195200.0
====================================
totalOIPCR = 0.86
AVG_VOLPCR= 0.64
atmPCR= 0.28  belowATM  0.55
atmVolPCR= 0.38  belowATM  0.76
True   78092.45   78000   False   False   48.69
curr Doji False
BSE:SENSEX2682078000PE  curr candle vol pcr = 1.06  PE= 98320  CE= 93140      cpr =  0.95
BSE:SENSEX2682078000PE  prev candle vol pcr = 0.63  PE= 78360  CE= 124760      cpr =  1.59
ATM_CE_premium= 368.75  ATM_PE_premium= 433.05
CE_PremChg= -1.25  PE_PremChg= -0.65
CandleBody= 0.0  PrevBody= 0.0  CandleRange= 0.0  Doji
TotalVol= 191460  PrevTotalVol= 203120  VolSpike= 0.94 x 
SCALP_SCORE: NEUTRAL | BullScore= 0  BearScore= 0 | Confidence= LOW
DATAPOINT|11:24|FUT=78092.4|Body=0.0|PrevBody=0.0|Range=0.0|RangeRatio=0.0|CurrVolPCR=1.06|PrevVolPCR=0.63|CurrCPR=0.95|PrevCPR=1.59|VolSpike=0.94|CE_PremChg=-1.25|PE_PremChg=-0.65|BullScore=0|BearScore=0|Dir=NEUTRAL|Conf=LOW
CHART_PATTERN_DETECTED: INSIDE_BAR | DOUBLE_TOP_FORMING | DOUBLE_BOTTOM_FORMING
  PATTERN_CONTEXT: Body= 0.0  Range= 0.0  ExpectedRange= 66.1  RangeRatio= 0.0  O= 78092.4  H= 78092.4  L= 78092.4  C= 78092.4
BSE:SENSEX-INDEX  strikecount= 3   fyers <fyers_apiv3.fyersModel.FyersModel object at 0x75fb8594b890>
======================================
oipcr1 =  BSE:SENSEX2682078100CE   0.55
oipcr2 =  BSE:SENSEX2682078000PE   0.61
oipcr3 =  BSE:SENSEX2682077900PE   0.81
oipcrBull = NoEntry  bulcount= 0  bearcount= 3 oipcrBear= BearTrade
atmpcr5 pcr6= 1.03    2.02
No Entry Yet
India VIX = 11.35  Spot Price = 77768.76
IV Regime = LOW (ADAPTIVE: P25= 11.86  P50= 12.16  P75= 12.9 ) | DailyRange = 1261.0 | 3minCandleRange = 66.4 (theoretical= 110.6 ) | ATMoptionMove = 29.9 | SL = 105 | Target = 105 | TrailTrigger = 30 | Spread = 300 | Buffer = 27
IV Params refreshed: {'vix': 11.35, 'bn_price': 77768.76, 'regime': 'LOW', 'regime_thresholds': 'P25=11.86 P50=12.16 P75=12.9', 'daily_range': 1261.0, 'candle_range': 66.4, 'atm_option_move': 29.9, 'sl_point': 105, 'target_point': 105, 'sl_pct_of_premium': 0.1, 'trail_trigger': 30, 'spread_width': 300, 'support_resistance_buffer': 27}
BSE:SENSEX-INDEX  strikecount= 8   fyers <fyers_apiv3.fyersModel.FyersModel object at 0x75fb8594b890>
===
====after 3 min ochain==== 2026-08-14 11:27:00.032419
                                    oipcr   choipcr   totalOI
pcr1 =  BSE:SENSEX2682078600CE   0.31   0.11 CALL added 85240   PUT added 9320  OI= 139580
pcr2 =  BSE:SENSEX2682078500CE   0.25   0.01 CALL added 360840   PUT added 4280  OI= 606180
pcr3 =  BSE:SENSEX2682078400CE   0.12   0.04 CALL added 144920   PUT added 6160  OI= 215800
pcr4 =  BSE:SENSEX2682078300PE   0.23   0.18 CALL added 149320   PUT added 27460  OI= 54740
pcr5 =  BSE:SENSEX2682078200CE   0.28   0.04 CALL added 184080   PUT added 8260  OI= 315960
pcr6 =  BSE:SENSEX2682078100CE   0.56    0.54 CALL added 193660   PUT added 104060  OI= 298200
pcr7 =  BSE:SENSEX2682078000PE   0.61   0.31 CALL added 629640   PUT added 198200  OI= 714400
pcr8 =  BSE:SENSEX2682077900PE   0.83   0.78 CALL added 393180   PUT added 304860  OI= 412140
pcr9 =  BSE:SENSEX2682077800PE   1.04   0.96 CALL added 497260   PUT added 476820  OI= 725380
pcr10 =  BSE:SENSEX2682077700CE   2.14   2.12 CALL added 237960   PUT added 504900  OI= 268580
pcr11 =  BSE:SENSEX2682077600PE   6.0   6.34 CALL added 68920   PUT added 436840  OI= 498480
pcr12 =  BSE:SENSEX2682077500PE   3.59   5.11 CALL added 75980   PUT added 387880  OI= 604400
pcr13 =  BSE:SENSEX2682077400PE   7.96   7.33 CALL added 25420   PUT added 186320  OI= 226240
pcr14 =  BSE:SENSEX2682077300CE   9.27   7.92 CALL added 16820   PUT added 133240  OI= 18940
pcr15 =  BSE:SENSEX2682077200PE   14.1   10.78 CALL added 7240   PUT added 78020  OI= 124340
pcr16 =  BSE:SENSEX2682077100CE   23.56   19.58 CALL added 3700   PUT added 72440  OI= 4240
pcr17 =  BSE:SENSEX2682077000CE   9.08   9.98 CALL added 15140   PUT added 151080  OI= 40440
pcrSummation= 6.0600000000000005  result =  ['BSE:SENSEX2682078500CE', 'BSE:SENSEX2682078400CE', 'BSE:SENSEX2682078300PE', 'BSE:SENSEX2682078200CE', 'BSE:SENSEX2682078100CE', 'BSE:SENSEX2682078000PE', 'BSE:SENSEX2682077900PE', 'BSE:SENSEX2682077800PE', 'BSE:SENSEX2682077700CE']
PCRSUM== 79.93
pcrSummation== 6.06
VOLPCRSUM== 5.74
spotLTP =  77768.76  ATM_STRIKE =  77800
IS_ATM_STRIKE_SHIFT = False  mapStrike = {77800: 77800}
avgOiPcrList2 = [np.float64(4.69), np.float64(4.7)] atmStrikeNotShiftedCount= 7
False   7   2
SUPP_RES=== 78000  Buffer= 27
CEoich val =  629640.0  PEoich val =  198200.0 , CE > PE by 68.5%
SUPP_RES TOTAL OI: CE= 1170420  PE= 714400 , CE > PE by 39.0%
IS_MORNING_WINDOW= False  (active 9:15-9:48 IST)
================================================
==== signal check time ==== 2026-08-14 11:27:00.673458
IS_CHOI_DIFF_GT_25PERC== True
RSI_VAL1== 54.04
RSI_VAL2== 54.04
FUT_3m_OHLC O= 78092.4  H= 78120.0  L= 78092.4  C= 78120.0  Range= 27.6
CHART_PATTERN_DETECTED: DOUBLE_BOTTOM_FORMING
  PATTERN_CONTEXT: Body= 27.6  Range= 27.6  ExpectedRange= 66.4  RangeRatio= 0.42  O= 78092.4  H= 78120.0  L= 78092.4  C= 78120.0
newSynthFut =  78100
ATMStrike =  77800
AVG_OIPCR= 0.67
avgoiPCROld=  4.7
SUPP_RES = 78000
FUT LTP = 78120.0
CEchoi  PechOi = 629640.0    198200.0
====================================
totalOIPCR = 0.86
AVG_VOLPCR= 0.64
atmPCR= 0.28  belowATM  0.56
atmVolPCR= 0.38  belowATM  0.76
True   78120.0   78000   False   False   54.04
curr Doji False
BSE:SENSEX2682078000PE  curr candle vol pcr = 0.86  PE= 85840  CE= 100100      cpr =  1.17
BSE:SENSEX2682078000PE  prev candle vol pcr = 1.06  PE= 98320  CE= 93140      cpr =  0.95
ATM_CE_premium= 353.0  ATM_PE_premium= 448.0
CE_PremChg= -15.75  PE_PremChg= 14.95
CandleBody= 27.6  PrevBody= 0.0  CandleRange= 27.6  Bullish
TotalVol= 185940  PrevTotalVol= 191460  VolSpike= 0.97 x 
SCALP_SCORE: BULL | BullScore= 2  BearScore= 0 | Confidence= LOW
DATAPOINT|11:27|FUT=78120.0|Body=27.6|PrevBody=0.0|Range=27.6|RangeRatio=0.42|CurrVolPCR=0.86|PrevVolPCR=1.06|CurrCPR=1.17|PrevCPR=0.95|VolSpike=0.97|CE_PremChg=-15.75|PE_PremChg=14.95|BullScore=2|BearScore=0|Dir=BULL|Conf=LOW
CHART_PATTERN_DETECTED: DOUBLE_BOTTOM_FORMING
  PATTERN_CONTEXT: Body= 27.6  Range= 27.6  ExpectedRange= 66.4  RangeRatio= 0.42  O= 78092.4  H= 78120.0  L= 78092.4  C= 78120.0
BSE:SENSEX-INDEX  strikecount= 3   fyers <fyers_apiv3.fyersModel.FyersModel object at 0x75fb8594b890>
======================================
oipcr1 =  BSE:SENSEX2682078100CE   0.56
oipcr2 =  BSE:SENSEX2682078000PE   0.61
oipcr3 =  BSE:SENSEX2682077900PE   0.83
oipcrBull = NoEntry  bulcount= 0  bearcount= 3 oipcrBear= BearTrade
atmpcr5 pcr6= 1.04    2.14
No Entry Yet
India VIX = 11.36  Spot Price = 77747.15
IV Regime = LOW (ADAPTIVE: P25= 11.86  P50= 12.16  P75= 12.9 ) | DailyRange = 1261.7 | 3minCandleRange = 66.4 (theoretical= 110.7 ) | ATMoptionMove = 29.9 | SL = 105 | Target = 105 | TrailTrigger = 30 | Spread = 300 | Buffer = 27
IV Params refreshed: {'vix': 11.36, 'bn_price': 77747.15, 'regime': 'LOW', 'regime_thresholds': 'P25=11.86 P50=12.16 P75=12.9', 'daily_range': 1261.7, 'candle_range': 66.4, 'atm_option_move': 29.9, 'sl_point': 105, 'target_point': 105, 'sl_pct_of_premium': 0.1, 'trail_trigger': 30, 'spread_width': 300, 'support_resistance_buffer': 27}
BSE:SENSEX-INDEX  strikecount= 8   fyers <fyers_apiv3.fyersModel.FyersModel object at 0x75fb8594b890>
===
====after 3 min ochain==== 2026-08-14 11:30:00.007297
                                    oipcr   choipcr   totalOI
pcr1 =  BSE:SENSEX2682078500CE   0.25   0.01 CALL added 362480   PUT added 4160  OI= 607820
pcr2 =  BSE:SENSEX2682078400CE   0.12   0.04 CALL added 146420   PUT added 5900  OI= 217300
pcr3 =  BSE:SENSEX2682078300PE   0.21   0.15 CALL added 149080   PUT added 23040  OI= 50320
pcr4 =  BSE:SENSEX2682078200CE   0.26   0.02 CALL added 184980   PUT added 4040  OI= 316860
pcr5 =  BSE:SENSEX2682078100CE   0.59   0.59 CALL added 170600   PUT added 101440  OI= 275140
pcr6 =  BSE:SENSEX2682078000PE   0.62    0.33 CALL added 619700   PUT added 204680  OI= 720880
pcr7 =  BSE:SENSEX2682077900PE   0.77   0.71 CALL added 398860   PUT added 282400  OI= 389680
pcr8 =  BSE:SENSEX2682077800PE   1.03   0.94 CALL added 503200   PUT added 473940  OI= 722500
pcr9 =  BSE:SENSEX2682077700CE   2.1   2.08 CALL added 240260   PUT added 499540  OI= 270880
pcr10 =  BSE:SENSEX2682077600PE   6.17   6.55 CALL added 67160   PUT added 440060  OI= 501700
pcr11 =  BSE:SENSEX2682077500PE   3.64   5.26 CALL added 73820   PUT added 388500  OI= 605020
pcr12 =  BSE:SENSEX2682077400PE   7.97   7.34 CALL added 25420   PUT added 186480  OI= 226400
pcr13 =  BSE:SENSEX2682077300CE   8.52   7.21 CALL added 18380   PUT added 132500  OI= 20500
pcr14 =  BSE:SENSEX2682077200PE   13.8   10.47 CALL added 7360   PUT added 77080  OI= 123400
pcr15 =  BSE:SENSEX2682077100CE   24.32   20.48 CALL added 3720   PUT added 76180  OI= 4260
pcr16 =  BSE:SENSEX2682077000CE   9.21   10.32 CALL added 15140   PUT added 156220  OI= 40440
pcr17 =  BSE:SENSEX2682076900PE   124.56   202.45 CALL added 400   PUT added 80980  OI= 102140
pcrSummation= 5.949999999999999  result =  ['BSE:SENSEX2682078500CE', 'BSE:SENSEX2682078400CE', 'BSE:SENSEX2682078300PE', 'BSE:SENSEX2682078200CE', 'BSE:SENSEX2682078100CE', 'BSE:SENSEX2682078000PE', 'BSE:SENSEX2682077900PE', 'BSE:SENSEX2682077800PE', 'BSE:SENSEX2682077700CE']
PCRSUM== 204.14
pcrSummation== 5.95
VOLPCRSUM== 7.85
spotLTP =  77747.15  ATM_STRIKE =  77700
IS_ATM_STRIKE_SHIFT = True  mapStrike = {77700: 77700}
avgOiPcrList2 = [np.float64(12.01)] atmStrikeNotShiftedCount= 1
True   1   1
SUPP_RES=== 78000  Buffer= 27
CEoich val =  619700.0  PEoich val =  204680.0 , CE > PE by 67.0%
SUPP_RES TOTAL OI: CE= 1160480  PE= 720880 , CE > PE by 37.9%
IS_MORNING_WINDOW= False  (active 9:15-9:48 IST)
================================================
==== signal check time ==== 2026-08-14 11:30:00.733010
IS_CHOI_DIFF_GT_25PERC== True
RSI_VAL1== 54.04
RSI_VAL2== 54.04
FUT_3m_OHLC O= 78120.0  H= 78120.0  L= 78120.0  C= 78120.0  Range= 0.0
CHART_PATTERN_DETECTED: INSIDE_BAR | DOUBLE_TOP_FORMING | DOUBLE_BOTTOM_FORMING
  PATTERN_CONTEXT: Body= 0.0  Range= 0.0  ExpectedRange= 66.4  RangeRatio= 0.0  O= 78120.0  H= 78120.0  L= 78120.0  C= 78120.0
newSynthFut =  78100
ATMStrike =  77700
AVG_OIPCR= 0.66
avgoiPCROld=  12.01
SUPP_RES = 78000
FUT LTP = 78120.0
CEchoi  PechOi = 619700.0    204680.0
====================================
totalOIPCR = 0.87
AVG_VOLPCR= 0.87
atmPCR= 0.59  belowATM  0.62
atmVolPCR= 0.76  belowATM  0.96
True   78120.0   78000   False   False   54.04
curr Doji False
BSE:SENSEX2682078100PE  curr candle vol pcr = 0.8  PE= 49140  CE= 61420      cpr =  1.25
BSE:SENSEX2682078000PE  prev candle vol pcr = 0.86  PE= 85840  CE= 100100      cpr =  1.17
ATM_CE_premium= 297.05  ATM_PE_premium= 519.5
CE_PremChg= -10.05  PE_PremChg= 15.5
CandleBody= 0.0  PrevBody= 27.6  CandleRange= 0.0  Doji
TotalVol= 110560  PrevTotalVol= 185940  VolSpike= 0.59 x 
SCALP_SCORE: BULL | BullScore= 1  BearScore= 0 | Confidence= LOW
DATAPOINT|11:30|FUT=78120.0|Body=0.0|PrevBody=27.6|Range=0.0|RangeRatio=0.0|CurrVolPCR=0.8|PrevVolPCR=0.86|CurrCPR=1.25|PrevCPR=1.17|VolSpike=0.59|CE_PremChg=-10.05|PE_PremChg=15.5|BullScore=1|BearScore=0|Dir=BULL|Conf=LOW
CHART_PATTERN_DETECTED: INSIDE_BAR | DOUBLE_TOP_FORMING | DOUBLE_BOTTOM_FORMING
  PATTERN_CONTEXT: Body= 0.0  Range= 0.0  ExpectedRange= 66.4  RangeRatio= 0.0  O= 78120.0  H= 78120.0  L= 78120.0  C= 78120.0
BSE:SENSEX-INDEX  strikecount= 3   fyers <fyers_apiv3.fyersModel.FyersModel object at 0x75fb8594b890>
======================================
oipcr1 =  BSE:SENSEX2682078000PE   0.62
oipcr2 =  BSE:SENSEX2682077900PE   0.77
oipcr3 =  BSE:SENSEX2682077800PE   1.03
oipcrBull = NoEntry  bulcount= 1  bearcount= 2 oipcrBear= BearTrade
atmpcr5 pcr6= 2.1    6.17
No Entry Yet
India VIX = 11.36  Spot Price = 77741.98
IV Regime = LOW (ADAPTIVE: P25= 11.86  P50= 12.16  P75= 12.9 ) | DailyRange = 1261.6 | 3minCandleRange = 66.4 (theoretical= 110.7 ) | ATMoptionMove = 29.9 | SL = 105 | Target = 105 | TrailTrigger = 30 | Spread = 300 | Buffer = 27
IV Params refreshed: {'vix': 11.36, 'bn_price': 77741.98, 'regime': 'LOW', 'regime_thresholds': 'P25=11.86 P50=12.16 P75=12.9', 'daily_range': 1261.6, 'candle_range': 66.4, 'atm_option_move': 29.9, 'sl_point': 105, 'target_point': 105, 'sl_pct_of_premium': 0.1, 'trail_trigger': 30, 'spread_width': 300, 'support_resistance_buffer': 27}
BSE:SENSEX-INDEX  strikecount= 8   fyers <fyers_apiv3.fyersModel.FyersModel object at 0x75fb8594b890>
===
====after 3 min ochain==== 2026-08-14 11:33:00.010512
                                    oipcr   choipcr   totalOI
pcr1 =  BSE:SENSEX2682078500CE   0.25   0.01 CALL added 359660   PUT added 3000  OI= 605000
pcr2 =  BSE:SENSEX2682078400CE   0.12   0.04 CALL added 144100   PUT added 5540  OI= 214980
pcr3 =  BSE:SENSEX2682078300PE   0.2   0.14 CALL added 151420   PUT added 21100  OI= 48380
pcr4 =  BSE:SENSEX2682078200CE   0.25   0.01 CALL added 189760   PUT added 1000  OI= 321640
pcr5 =  BSE:SENSEX2682078100CE   0.56   0.54 CALL added 175100   PUT added 94820  OI= 279640
pcr6 =  BSE:SENSEX2682078000PE   0.61    0.32 CALL added 637800   PUT added 207260  OI= 723460
pcr7 =  BSE:SENSEX2682077900PE   0.75   0.67 CALL added 393740   PUT added 264940  OI= 372220
pcr8 =  BSE:SENSEX2682077800PE   0.96   0.85 CALL added 514940   PUT added 435680  OI= 684240
pcr9 =  BSE:SENSEX2682077700CE   1.87   1.83 CALL added 258280   PUT added 471620  OI= 288900
pcr10 =  BSE:SENSEX2682077600PE   5.24   5.41 CALL added 76660   PUT added 414520  OI= 476160
pcr11 =  BSE:SENSEX2682077500PE   3.4   4.56 CALL added 83420   PUT added 380620  OI= 597140
pcr12 =  BSE:SENSEX2682077400PE   7.25   6.59 CALL added 27580   PUT added 181660  OI= 221580
pcr13 =  BSE:SENSEX2682077300CE   8.12   6.83 CALL added 19360   PUT added 132140  OI= 21480
pcr14 =  BSE:SENSEX2682077200PE   13.67   10.49 CALL added 7760   PUT added 81400  OI= 127720
pcr15 =  BSE:SENSEX2682077100CE   24.2   20.45 CALL added 3840   PUT added 78540  OI= 4380
pcr16 =  BSE:SENSEX2682077000CE   8.78   9.14 CALL added 16920   PUT added 154580  OI= 42220
pcr17 =  BSE:SENSEX2682076900PE   119.35   185.18 CALL added 440   PUT added 81480  OI= 102640
pcrSummation= 5.57  result =  ['BSE:SENSEX2682078500CE', 'BSE:SENSEX2682078400CE', 'BSE:SENSEX2682078300PE', 'BSE:SENSEX2682078200CE', 'BSE:SENSEX2682078100CE', 'BSE:SENSEX2682078000PE', 'BSE:SENSEX2682077900PE', 'BSE:SENSEX2682077800PE', 'BSE:SENSEX2682077700CE']
PCRSUM== 195.58
pcrSummation== 5.57
VOLPCRSUM== 7.870000000000001
spotLTP =  77741.98  ATM_STRIKE =  77700
IS_ATM_STRIKE_SHIFT = False  mapStrike = {77700: 77700}
avgOiPcrList2 = [np.float64(12.01), np.float64(11.5)] atmStrikeNotShiftedCount= 2
False   2   2
SUPP_RES=== 78000  Buffer= 27
CEoich val =  637800.0  PEoich val =  207260.0 , CE > PE by 67.5%
SUPP_RES TOTAL OI: CE= 1178580  PE= 723460 , CE > PE by 38.6%
IS_MORNING_WINDOW= False  (active 9:15-9:48 IST)
================================================
==== signal check time ==== 2026-08-14 11:33:00.658115
IS_CHOI_DIFF_GT_25PERC== True
RSI_VAL1== 42.04
RSI_VAL2== 42.04
FUT_3m_OHLC O= 78056.8  H= 78056.8  L= 78055.0  C= 78055.0  Range= 1.9
CHART_PATTERN: None
newSynthFut =  78100
ATMStrike =  77700
AVG_OIPCR= 0.62
avgoiPCROld=  11.5
SUPP_RES = 78000
FUT LTP = 78055.0
CEchoi  PechOi = 637800.0    207260.0
====================================
totalOIPCR = 0.85
AVG_VOLPCR= 0.87
atmPCR= 0.56  belowATM  0.61
atmVolPCR= 0.77  belowATM  0.96
True   78055.0   78000   False   False   42.04
curr Doji False
BSE:SENSEX2682078000PE  curr candle vol pcr = 1.02  PE= 103240  CE= 100920      cpr =  0.98
BSE:SENSEX2682078100PE  prev candle vol pcr = 0.8  PE= 49140  CE= 61420      cpr =  1.25
ATM_CE_premium= 341.6  ATM_PE_premium= 464.6
CE_PremChg= 0.4  PE_PremChg= 0.9
CandleBody= -1.9  PrevBody= 0.0  CandleRange= 1.9  Bearish
TotalVol= 204160  PrevTotalVol= 110560  VolSpike= 1.85 x 
SCALP_SCORE: BEAR | BullScore= 0  BearScore= 2 | Confidence= LOW
DATAPOINT|11:33|FUT=78055.0|Body=-1.9|PrevBody=0.0|Range=1.9|RangeRatio=0.03|CurrVolPCR=1.02|PrevVolPCR=0.8|CurrCPR=0.98|PrevCPR=1.25|VolSpike=1.85|CE_PremChg=0.4|PE_PremChg=0.9|BullScore=0|BearScore=2|Dir=BEAR|Conf=LOW
CHART_PATTERN: None
BSE:SENSEX-INDEX  strikecount= 3   fyers <fyers_apiv3.fyersModel.FyersModel object at 0x75fb8594b890>
======================================
oipcr1 =  BSE:SENSEX2682078000PE   0.61
oipcr2 =  BSE:SENSEX2682077900PE   0.75
oipcr3 =  BSE:SENSEX2682077800PE   0.96
oipcrBull = NoEntry  bulcount= 0  bearcount= 3 oipcrBear= BearTrade
atmpcr5 pcr6= 1.87    5.24
No Entry Yet
India VIX = 11.37  Spot Price = 77753.62
IV Regime = LOW (ADAPTIVE: P25= 11.86  P50= 12.16  P75= 12.9 ) | DailyRange = 1262.9 | 3minCandleRange = 66.5 (theoretical= 110.8 ) | ATMoptionMove = 29.9 | SL = 105 | Target = 105 | TrailTrigger = 30 | Spread = 300 | Buffer = 27
IV Params refreshed: {'vix': 11.37, 'bn_price': 77753.62, 'regime': 'LOW', 'regime_thresholds': 'P25=11.86 P50=12.16 P75=12.9', 'daily_range': 1262.9, 'candle_range': 66.5, 'atm_option_move': 29.9, 'sl_point': 105, 'target_point': 105, 'sl_pct_of_premium': 0.1, 'trail_trigger': 30, 'spread_width': 300, 'support_resistance_buffer': 27}
BSE:SENSEX-INDEX  strikecount= 8   fyers <fyers_apiv3.fyersModel.FyersModel object at 0x75fb8594b890>
===
====after 3 min ochain==== 2026-08-14 11:36:00.017015
                                    oipcr   choipcr   totalOI
pcr1 =  BSE:SENSEX2682078600CE   0.3   0.1 CALL added 88660   PUT added 9260  OI= 143000
pcr2 =  BSE:SENSEX2682078500CE   0.24   0.01 CALL added 366200   PUT added 2720  OI= 611540
pcr3 =  BSE:SENSEX2682078400CE   0.12   0.03 CALL added 147660   PUT added 5140  OI= 218540
pcr4 =  BSE:SENSEX2682078300PE   0.21   0.15 CALL added 152980   PUT added 22500  OI= 49780
pcr5 =  BSE:SENSEX2682078200CE   0.24   0.01 CALL added 197020   PUT added 1180  OI= 328900
pcr6 =  BSE:SENSEX2682078100CE   0.54    0.51 CALL added 183300   PUT added 92720  OI= 287840
pcr7 =  BSE:SENSEX2682078000PE   0.6   0.31 CALL added 658520   PUT added 204140  OI= 720340
pcr8 =  BSE:SENSEX2682077900PE   0.77   0.7 CALL added 394980   PUT added 276640  OI= 383920
pcr9 =  BSE:SENSEX2682077800PE   0.94   0.82 CALL added 526340   PUT added 430820  OI= 679380
pcr10 =  BSE:SENSEX2682077700CE   1.73   1.67 CALL added 280340   PUT added 469480  OI= 310960
pcr11 =  BSE:SENSEX2682077600PE   5.12   5.25 CALL added 79360   PUT added 416860  OI= 478500
pcr12 =  BSE:SENSEX2682077500PE   3.34   4.44 CALL added 83560   PUT added 371400  OI= 587920
pcr13 =  BSE:SENSEX2682077400PE   7.08   6.43 CALL added 28640   PUT added 184200  OI= 224120
pcr14 =  BSE:SENSEX2682077300CE   8.21   6.92 CALL added 19360   PUT added 134040  OI= 21480
pcr15 =  BSE:SENSEX2682077200PE   13.39   10.22 CALL added 7940   PUT added 81180  OI= 127500
pcr16 =  BSE:SENSEX2682077100CE   21.36   17.64 CALL added 4280   PUT added 75520  OI= 4820
pcr17 =  BSE:SENSEX2682077000CE   8.55   8.55 CALL added 17160   PUT added 146800  OI= 42460
pcrSummation= 5.390000000000001  result =  ['BSE:SENSEX2682078500CE', 'BSE:SENSEX2682078400CE', 'BSE:SENSEX2682078300PE', 'BSE:SENSEX2682078200CE', 'BSE:SENSEX2682078100CE', 'BSE:SENSEX2682078000PE', 'BSE:SENSEX2682077900PE', 'BSE:SENSEX2682077800PE', 'BSE:SENSEX2682077700CE']
PCRSUM== 72.74
pcrSummation== 5.39
VOLPCRSUM== 5.73
spotLTP =  77756.04  ATM_STRIKE =  77800
IS_ATM_STRIKE_SHIFT = True  mapStrike = {77800: 77800}
avgOiPcrList2 = [np.float64(4.28)] atmStrikeNotShiftedCount= 1
True   1   1
SUPP_RES=== 78000  Buffer= 27
CEoich val =  658520.0  PEoich val =  204140.0 , CE > PE by 69.0%
SUPP_RES TOTAL OI: CE= 1199300  PE= 720340 , CE > PE by 39.9%
IS_MORNING_WINDOW= False  (active 9:15-9:48 IST)
================================================
==== signal check time ==== 2026-08-14 11:36:00.653804
IS_CHOI_DIFF_GT_25PERC== True
RSI_VAL1== 42.04
RSI_VAL2== 42.04
FUT_3m_OHLC O= 78055.0  H= 78055.0  L= 78055.0  C= 78055.0  Range= 0.0
CHART_PATTERN_DETECTED: INSIDE_BAR | DOUBLE_BOTTOM_FORMING
  PATTERN_CONTEXT: Body= 0.0  Range= 0.0  ExpectedRange= 66.5  RangeRatio= 0.0  O= 78055.0  H= 78055.0  L= 78055.0  C= 78055.0
newSynthFut =  78100
ATMStrike =  77800
AVG_OIPCR= 0.6
avgoiPCROld=  4.28
SUPP_RES = 78000
FUT LTP = 78055.0
CEchoi  PechOi = 658520.0    204140.0
====================================
totalOIPCR = 0.84
AVG_VOLPCR= 0.64
atmPCR= 0.24  belowATM  0.54
atmVolPCR= 0.38  belowATM  0.76
True   78055.0   78000   False   False   42.04
curr Doji False
BSE:SENSEX2682078000PE  curr candle vol pcr = 0.56  PE= 52420  CE= 93600      cpr =  1.79
BSE:SENSEX2682078000PE  prev candle vol pcr = 1.02  PE= 103240  CE= 100920      cpr =  0.98
ATM_CE_premium= 346.95  ATM_PE_premium= 455.15
CE_PremChg= 5.35  PE_PremChg= -9.45
CandleBody= 0.0  PrevBody= -1.9  CandleRange= 0.0  Doji
TotalVol= 146020  PrevTotalVol= 204160  VolSpike= 0.72 x 
SCALP_SCORE: BEAR | BullScore= 0  BearScore= 1 | Confidence= LOW
DATAPOINT|11:36|FUT=78055.0|Body=0.0|PrevBody=-1.9|Range=0.0|RangeRatio=0.0|CurrVolPCR=0.56|PrevVolPCR=1.02|CurrCPR=1.79|PrevCPR=0.98|VolSpike=0.72|CE_PremChg=5.35|PE_PremChg=-9.45|BullScore=0|BearScore=1|Dir=BEAR|Conf=LOW
CHART_PATTERN_DETECTED: INSIDE_BAR | DOUBLE_BOTTOM_FORMING
  PATTERN_CONTEXT: Body= 0.0  Range= 0.0  ExpectedRange= 66.5  RangeRatio= 0.0  O= 78055.0  H= 78055.0  L= 78055.0  C= 78055.0
BSE:SENSEX-INDEX  strikecount= 3   fyers <fyers_apiv3.fyersModel.FyersModel object at 0x75fb8594b890>
======================================
oipcr1 =  BSE:SENSEX2682078100CE   0.54
oipcr2 =  BSE:SENSEX2682078000PE   0.6
oipcr3 =  BSE:SENSEX2682077900PE   0.77
oipcrBull = NoEntry  bulcount= 0  bearcount= 3 oipcrBear= BearTrade
atmpcr5 pcr6= 0.94    1.73
No Entry Yet
India VIX = 11.36  Spot Price = 77742.6
IV Regime = LOW (ADAPTIVE: P25= 11.86  P50= 12.16  P75= 12.9 ) | DailyRange = 1261.7 | 3minCandleRange = 66.4 (theoretical= 110.7 ) | ATMoptionMove = 29.9 | SL = 105 | Target = 105 | TrailTrigger = 30 | Spread = 300 | Buffer = 27
IV Params refreshed: {'vix': 11.36, 'bn_price': 77742.6, 'regime': 'LOW', 'regime_thresholds': 'P25=11.86 P50=12.16 P75=12.9', 'daily_range': 1261.7, 'candle_range': 66.4, 'atm_option_move': 29.9, 'sl_point': 105, 'target_point': 105, 'sl_pct_of_premium': 0.1, 'trail_trigger': 30, 'spread_width': 300, 'support_resistance_buffer': 27}
BSE:SENSEX-INDEX  strikecount= 8   fyers <fyers_apiv3.fyersModel.FyersModel object at 0x75fb8594b890>
===
====after 3 min ochain==== 2026-08-14 11:39:00.036962
                                    oipcr   choipcr   totalOI
pcr1 =  BSE:SENSEX2682078500CE   0.24   0.01 CALL added 365100   PUT added 2780  OI= 610440
pcr2 =  BSE:SENSEX2682078400CE   0.12   0.04 CALL added 151540   PUT added 5420  OI= 222420
pcr3 =  BSE:SENSEX2682078300PE   0.21   0.15 CALL added 153460   PUT added 22440  OI= 49720
pcr4 =  BSE:SENSEX2682078200CE   0.24   0.01 CALL added 198220   PUT added 1040  OI= 330100
pcr5 =  BSE:SENSEX2682078100CE   0.53   0.49 CALL added 187020   PUT added 92440  OI= 291560
pcr6 =  BSE:SENSEX2682078000PE   0.6    0.31 CALL added 667880   PUT added 206960  OI= 723160
pcr7 =  BSE:SENSEX2682077900PE   0.76   0.69 CALL added 403620   PUT added 278800  OI= 386080
pcr8 =  BSE:SENSEX2682077800PE   0.93   0.81 CALL added 535700   PUT added 436220  OI= 684780
pcr9 =  BSE:SENSEX2682077700CE   1.72   1.66 CALL added 281560   PUT added 467500  OI= 312180
pcr10 =  BSE:SENSEX2682077600PE   5.09   5.22 CALL added 80080   PUT added 418120  OI= 479760
pcr11 =  BSE:SENSEX2682077500PE   3.32   4.39 CALL added 84780   PUT added 372080  OI= 588600
pcr12 =  BSE:SENSEX2682077400PE   7.03   6.37 CALL added 28600   PUT added 182080  OI= 222000
pcr13 =  BSE:SENSEX2682077300CE   8.15   6.87 CALL added 19440   PUT added 133560  OI= 21560
pcr14 =  BSE:SENSEX2682077200PE   13.52   10.39 CALL added 7980   PUT added 82900  OI= 129220
pcr15 =  BSE:SENSEX2682077100CE   21.6   17.92 CALL added 4280   PUT added 76680  OI= 4820
pcr16 =  BSE:SENSEX2682077000CE   8.45   8.32 CALL added 17580   PUT added 146200  OI= 42880
pcr17 =  BSE:SENSEX2682076900PE   115.18   174.35 CALL added 460   PUT added 80200  OI= 101360
pcrSummation= 5.3500000000000005  result =  ['BSE:SENSEX2682078500CE', 'BSE:SENSEX2682078400CE', 'BSE:SENSEX2682078300PE', 'BSE:SENSEX2682078200CE', 'BSE:SENSEX2682078100CE', 'BSE:SENSEX2682078000PE', 'BSE:SENSEX2682077900PE', 'BSE:SENSEX2682077800PE', 'BSE:SENSEX2682077700CE']
PCRSUM== 187.69
pcrSummation== 5.35
VOLPCRSUM== 7.83
spotLTP =  77742.6  ATM_STRIKE =  77700
IS_ATM_STRIKE_SHIFT = True  mapStrike = {77700: 77700}
avgOiPcrList2 = [np.float64(11.04)] atmStrikeNotShiftedCount= 1
True   1   1
SUPP_RES=== 78000  Buffer= 27
CEoich val =  667880.0  PEoich val =  206960.0 , CE > PE by 69.0%
SUPP_RES TOTAL OI: CE= 1208660  PE= 723160 , CE > PE by 40.2%
IS_MORNING_WINDOW= False  (active 9:15-9:48 IST)
================================================
==== signal check time ==== 2026-08-14 11:39:00.630150
IS_CHOI_DIFF_GT_25PERC== True
RSI_VAL1== 42.04
RSI_VAL2== 42.04
FUT_3m_OHLC O= 78055.0  H= 78055.0  L= 78055.0  C= 78055.0  Range= 0.0
CHART_PATTERN_DETECTED: INSIDE_BAR | DOUBLE_BOTTOM_FORMING
  PATTERN_CONTEXT: Body= 0.0  Range= 0.0  ExpectedRange= 66.4  RangeRatio= 0.0  O= 78055.0  H= 78055.0  L= 78055.0  C= 78055.0
newSynthFut =  78100
ATMStrike =  77700
AVG_OIPCR= 0.59
avgoiPCROld=  11.04
SUPP_RES = 78000
FUT LTP = 78055.0
CEchoi  PechOi = 667880.0    206960.0
====================================
totalOIPCR = 0.84
AVG_VOLPCR= 0.87
atmPCR= 0.53  belowATM  0.6
atmVolPCR= 0.76  belowATM  0.95
True   78055.0   78000   False   False   42.04
curr Doji False
BSE:SENSEX2682078000PE  curr candle vol pcr = 0.98  PE= 39140  CE= 39840      cpr =  1.02
BSE:SENSEX2682078000PE  prev candle vol pcr = 0.56  PE= 52420  CE= 93600      cpr =  1.79
ATM_CE_premium= 342.25  ATM_PE_premium= 464.45
CE_PremChg= -4.7  PE_PremChg= 9.3
CandleBody= 0.0  PrevBody= 0.0  CandleRange= 0.0  Doji
TotalVol= 78980  PrevTotalVol= 146020  VolSpike= 0.54 x 
SCALP_SCORE: NEUTRAL | BullScore= 0  BearScore= 0 | Confidence= LOW
DATAPOINT|11:39|FUT=78055.0|Body=0.0|PrevBody=0.0|Range=0.0|RangeRatio=0.0|CurrVolPCR=0.98|PrevVolPCR=0.56|CurrCPR=1.02|PrevCPR=1.79|VolSpike=0.54|CE_PremChg=-4.7|PE_PremChg=9.3|BullScore=0|BearScore=0|Dir=NEUTRAL|Conf=LOW
CHART_PATTERN_DETECTED: INSIDE_BAR | DOUBLE_BOTTOM_FORMING
  PATTERN_CONTEXT: Body= 0.0  Range= 0.0  ExpectedRange= 66.4  RangeRatio= 0.0  O= 78055.0  H= 78055.0  L= 78055.0  C= 78055.0
BSE:SENSEX-INDEX  strikecount= 3   fyers <fyers_apiv3.fyersModel.FyersModel object at 0x75fb8594b890>
======================================
oipcr1 =  BSE:SENSEX2682078000PE   0.6
oipcr2 =  BSE:SENSEX2682077900PE   0.76
oipcr3 =  BSE:SENSEX2682077800PE   0.93
oipcrBull = NoEntry  bulcount= 0  bearcount= 3 oipcrBear= BearTrade
atmpcr5 pcr6= 1.72    5.09
No Entry Yet
India VIX = 11.36  Spot Price = 77780.38
IV Regime = LOW (ADAPTIVE: P25= 11.86  P50= 12.16  P75= 12.9 ) | DailyRange = 1262.3 | 3minCandleRange = 66.4 (theoretical= 110.7 ) | ATMoptionMove = 29.9 | SL = 105 | Target = 105 | TrailTrigger = 30 | Spread = 300 | Buffer = 27
IV Params refreshed: {'vix': 11.36, 'bn_price': 77780.38, 'regime': 'LOW', 'regime_thresholds': 'P25=11.86 P50=12.16 P75=12.9', 'daily_range': 1262.3, 'candle_range': 66.4, 'atm_option_move': 29.9, 'sl_point': 105, 'target_point': 105, 'sl_pct_of_premium': 0.1, 'trail_trigger': 30, 'spread_width': 300, 'support_resistance_buffer': 27}
BSE:SENSEX-INDEX  strikecount= 8   fyers <fyers_apiv3.fyersModel.FyersModel object at 0x75fb8594b890>
===
====after 3 min ochain==== 2026-08-14 11:42:00.001112
                                    oipcr   choipcr   totalOI
pcr1 =  BSE:SENSEX2682078600CE   0.3   0.1 CALL added 91280   PUT added 9280  OI= 145620
pcr2 =  BSE:SENSEX2682078500CE   0.24   0.01 CALL added 368040   PUT added 3120  OI= 613380
pcr3 =  BSE:SENSEX2682078400CE   0.12   0.03 CALL added 149800   PUT added 5220  OI= 220680
pcr4 =  BSE:SENSEX2682078300PE   0.2   0.14 CALL added 153240   PUT added 21660  OI= 48940
pcr5 =  BSE:SENSEX2682078200CE   0.24   0.01 CALL added 200560   PUT added 1780  OI= 332440
pcr6 =  BSE:SENSEX2682078100CE   0.52    0.49 CALL added 189500   PUT added 92460  OI= 294040
pcr7 =  BSE:SENSEX2682078000PE   0.59   0.31 CALL added 678900   PUT added 208920  OI= 725120
pcr8 =  BSE:SENSEX2682077900PE   0.74   0.67 CALL added 415060   PUT added 279120  OI= 386400
pcr9 =  BSE:SENSEX2682077800PE   0.93   0.8 CALL added 538340   PUT added 432260  OI= 680820
pcr10 =  BSE:SENSEX2682077700CE   1.67   1.6 CALL added 291520   PUT added 466780  OI= 322140
pcr11 =  BSE:SENSEX2682077600PE   5.23   5.38 CALL added 77920   PUT added 419500  OI= 481140
pcr12 =  BSE:SENSEX2682077500PE   3.28   4.27 CALL added 86860   PUT added 371100  OI= 587620
pcr13 =  BSE:SENSEX2682077400PE   6.95   6.29 CALL added 28920   PUT added 181800  OI= 221720
pcr14 =  BSE:SENSEX2682077300CE   8.19   6.91 CALL added 19360   PUT added 133740  OI= 21480
pcr15 =  BSE:SENSEX2682077200PE   13.26   10.12 CALL added 8080   PUT added 81740  OI= 128060
pcr16 =  BSE:SENSEX2682077100CE   21.45   17.78 CALL added 4320   PUT added 76800  OI= 4860
pcr17 =  BSE:SENSEX2682077000CE   8.4   8.19 CALL added 17780   PUT added 145600  OI= 43080
pcrSummation= 10.24  result =  ['BSE:SENSEX2682078400CE', 'BSE:SENSEX2682078300PE', 'BSE:SENSEX2682078200CE', 'BSE:SENSEX2682078100CE', 'BSE:SENSEX2682078000PE', 'BSE:SENSEX2682077900PE', 'BSE:SENSEX2682077800PE', 'BSE:SENSEX2682077700CE', 'BSE:SENSEX2682077600PE']
PCRSUM== 72.31
pcrSummation== 10.24
VOLPCRSUM== 5.73
spotLTP =  77779.8  ATM_STRIKE =  77800
IS_ATM_STRIKE_SHIFT = True  mapStrike = {77800: 77800}
avgOiPcrList2 = [np.float64(4.25)] atmStrikeNotShiftedCount= 1
True   1   1
SUPP_RES=== 78000  Buffer= 27
CEoich val =  678900.0  PEoich val =  208920.0 , CE > PE by 69.2%
SUPP_RES TOTAL OI: CE= 1219680  PE= 725120 , CE > PE by 40.5%
IS_MORNING_WINDOW= False  (active 9:15-9:48 IST)
================================================
==== signal check time ==== 2026-08-14 11:42:00.704842
IS_CHOI_DIFF_GT_25PERC== True
RSI_VAL1== 39.51
RSI_VAL2== 39.51
FUT_3m_OHLC O= 78055.0  H= 78055.0  L= 78040.0  C= 78040.0  Range= 14.9
CHART_PATTERN_DETECTED: DOUBLE_TOP_FORMING | DOUBLE_BOTTOM_FORMING
  PATTERN_CONTEXT: Body= -14.9  Range= 14.9  ExpectedRange= 66.4  RangeRatio= 0.22  O= 78055.0  H= 78055.0  L= 78040.0  C= 78040.0
newSynthFut =  78000
ATMStrike =  77800
AVG_OIPCR= 1.14
avgoiPCROld=  4.25
SUPP_RES = 78000
FUT LTP = 78040.05
CEchoi  PechOi = 678900.0    208920.0
====================================
totalOIPCR = 0.83
AVG_VOLPCR= 0.64
atmPCR= 0.24  belowATM  0.52
atmVolPCR= 0.38  belowATM  0.76
True   78040.05   78000   False   False   39.51
curr Doji False
BSE:SENSEX2682078000PE  curr candle vol pcr = 0.82  PE= 63960  CE= 78300      cpr =  1.22
BSE:SENSEX2682078000PE  prev candle vol pcr = 0.98  PE= 39140  CE= 39840      cpr =  1.02
ATM_CE_premium= 348.3  ATM_PE_premium= 456.8
CE_PremChg= 6.05  PE_PremChg= -7.65
CandleBody= -14.9  PrevBody= 0.0  CandleRange= 14.9  Bearish
TotalVol= 142260  PrevTotalVol= 78980  VolSpike= 1.8 x 
SCALP_SCORE: BEAR | BullScore= 0  BearScore= 2 | Confidence= LOW
DATAPOINT|11:42|FUT=78040.0|Body=-14.9|PrevBody=0.0|Range=14.9|RangeRatio=0.22|CurrVolPCR=0.82|PrevVolPCR=0.98|CurrCPR=1.22|PrevCPR=1.02|VolSpike=1.8|CE_PremChg=6.05|PE_PremChg=-7.65|BullScore=0|BearScore=2|Dir=BEAR|Conf=LOW
CHART_PATTERN_DETECTED: DOUBLE_TOP_FORMING | DOUBLE_BOTTOM_FORMING
  PATTERN_CONTEXT: Body= -14.9  Range= 14.9  ExpectedRange= 66.4  RangeRatio= 0.22  O= 78055.0  H= 78055.0  L= 78040.0  C= 78040.0
BSE:SENSEX-INDEX  strikecount= 3   fyers <fyers_apiv3.fyersModel.FyersModel object at 0x75fb8594b890>
======================================
oipcr1 =  BSE:SENSEX2682078100CE   0.52
oipcr2 =  BSE:SENSEX2682078000PE   0.59
oipcr3 =  BSE:SENSEX2682077900PE   0.74
oipcrBull = NoEntry  bulcount= 0  bearcount= 3 oipcrBear= BearTrade
atmpcr5 pcr6= 0.93    1.67
No Entry Yet
India VIX = 11.37  Spot Price = 77798.58
IV Regime = LOW (ADAPTIVE: P25= 11.86  P50= 12.16  P75= 12.9 ) | DailyRange = 1263.7 | 3minCandleRange = 66.5 (theoretical= 110.8 ) | ATMoptionMove = 29.9 | SL = 105 | Target = 105 | TrailTrigger = 30 | Spread = 300 | Buffer = 27
IV Params refreshed: {'vix': 11.37, 'bn_price': 77798.58, 'regime': 'LOW', 'regime_thresholds': 'P25=11.86 P50=12.16 P75=12.9', 'daily_range': 1263.7, 'candle_range': 66.5, 'atm_option_move': 29.9, 'sl_point': 105, 'target_point': 105, 'sl_pct_of_premium': 0.1, 'trail_trigger': 30, 'spread_width': 300, 'support_resistance_buffer': 27}
BSE:SENSEX-INDEX  strikecount= 8   fyers <fyers_apiv3.fyersModel.FyersModel object at 0x75fb8594b890>
===
====after 3 min ochain==== 2026-08-14 11:45:00.006354
                                    oipcr   choipcr   totalOI
pcr1 =  BSE:SENSEX2682078600CE   0.29   0.1 CALL added 95140   PUT added 9420  OI= 149480
pcr2 =  BSE:SENSEX2682078500CE   0.24   0.01 CALL added 365960   PUT added 2400  OI= 611300
pcr3 =  BSE:SENSEX2682078400CE   0.12   0.04 CALL added 139360   PUT added 5000  OI= 210240
pcr4 =  BSE:SENSEX2682078300PE   0.22   0.17 CALL added 147600   PUT added 24700  OI= 51980
pcr5 =  BSE:SENSEX2682078200CE   0.24   -0.0 CALL added 196060   PUT unwind -420  OI= 327940
pcr6 =  BSE:SENSEX2682078100CE   0.52    0.49 CALL added 191740   PUT added 93100  OI= 296280
pcr7 =  BSE:SENSEX2682078000PE   0.6   0.31 CALL added 668940   PUT added 207800  OI= 724000
pcr8 =  BSE:SENSEX2682077900PE   0.72   0.65 CALL added 419900   PUT added 272420  OI= 379700
pcr9 =  BSE:SENSEX2682077800PE   0.92   0.8 CALL added 539500   PUT added 431140  OI= 679700
pcr10 =  BSE:SENSEX2682077700CE   1.73   1.67 CALL added 275780   PUT added 459560  OI= 306400
pcr11 =  BSE:SENSEX2682077600PE   5.58   5.82 CALL added 72160   PUT added 419740  OI= 481380
pcr12 =  BSE:SENSEX2682077500PE   3.37   4.53 CALL added 81920   PUT added 371080  OI= 587600
pcr13 =  BSE:SENSEX2682077400PE   6.94   6.28 CALL added 28840   PUT added 181200  OI= 221120
pcr14 =  BSE:SENSEX2682077300CE   8.22   6.92 CALL added 19080   PUT added 132080  OI= 21200
pcr15 =  BSE:SENSEX2682077200PE   13.23   10.01 CALL added 7880   PUT added 78860  OI= 125180
pcr16 =  BSE:SENSEX2682077100CE   22.0   18.3 CALL added 4200   PUT added 76860  OI= 4740
pcr17 =  BSE:SENSEX2682077000CE   8.7   8.93 CALL added 17200   PUT added 153640  OI= 42500
pcrSummation= 5.3100000000000005  result =  ['BSE:SENSEX2682078500CE', 'BSE:SENSEX2682078400CE', 'BSE:SENSEX2682078300PE', 'BSE:SENSEX2682078200CE', 'BSE:SENSEX2682078100CE', 'BSE:SENSEX2682078000PE', 'BSE:SENSEX2682077900PE', 'BSE:SENSEX2682077800PE', 'BSE:SENSEX2682077700CE']
PCRSUM== 73.64
pcrSummation== 5.31
VOLPCRSUM== 5.7
spotLTP =  77798.58  ATM_STRIKE =  77800
IS_ATM_STRIKE_SHIFT = False  mapStrike = {77800: 77800}
avgOiPcrList2 = [np.float64(4.25), np.float64(4.33)] atmStrikeNotShiftedCount= 2
False   2   2
SUPP_RES=== 78000  Buffer= 27
CEoich val =  668940.0  PEoich val =  207800.0 , CE > PE by 68.9%
SUPP_RES TOTAL OI: CE= 1209720  PE= 724000 , CE > PE by 40.2%
IS_MORNING_WINDOW= False  (active 9:15-9:48 IST)
================================================
==== signal check time ==== 2026-08-14 11:45:00.625108
IS_CHOI_DIFF_GT_25PERC== True
RSI_VAL1== 48.23
RSI_VAL2== 48.23
FUT_3m_OHLC O= 78040.2  H= 78079.0  L= 78025.4  C= 78079.0  Range= 53.6
CHART_PATTERN_DETECTED: OUTSIDE_BAR | STRONG_MOMENTUM_BULL
  PATTERN_CONTEXT: Body= 38.8  Range= 53.6  ExpectedRange= 66.5  RangeRatio= 0.81  O= 78040.2  H= 78079.0  L= 78025.4  C= 78079.0
newSynthFut =  78100
ATMStrike =  77800
AVG_OIPCR= 0.59
avgoiPCROld=  4.33
SUPP_RES = 78000
FUT LTP = 78079.0
CEchoi  PechOi = 668940.0    207800.0
====================================
totalOIPCR = 0.84
AVG_VOLPCR= 0.63
atmPCR= 0.24  belowATM  0.52
atmVolPCR= 0.37  belowATM  0.75
True   78079.0   78000   False   False   48.23
curr Doji False
BSE:SENSEX2682078000PE  curr candle vol pcr = 0.85  PE= 103740  CE= 121440      cpr =  1.17
BSE:SENSEX2682078000PE  prev candle vol pcr = 0.82  PE= 63960  CE= 78300      cpr =  1.22
ATM_CE_premium= 358.8  ATM_PE_premium= 442.05
CE_PremChg= 10.5  PE_PremChg= -14.75
CandleBody= 38.8  PrevBody= -14.9  CandleRange= 53.6  Bullish
TotalVol= 225180  PrevTotalVol= 142260  VolSpike= 1.58 x 
SCALP_SCORE: BULL | BullScore= 2  BearScore= 1 | Confidence= LOW
DATAPOINT|11:45|FUT=78079.0|Body=38.8|PrevBody=-14.9|Range=53.6|RangeRatio=0.81|CurrVolPCR=0.85|PrevVolPCR=0.82|CurrCPR=1.17|PrevCPR=1.22|VolSpike=1.58|CE_PremChg=10.5|PE_PremChg=-14.75|BullScore=2|BearScore=1|Dir=BULL|Conf=LOW
CHART_PATTERN_DETECTED: OUTSIDE_BAR | STRONG_MOMENTUM_BULL
  PATTERN_CONTEXT: Body= 38.8  Range= 53.6  ExpectedRange= 66.5  RangeRatio= 0.81  O= 78040.2  H= 78079.0  L= 78025.4  C= 78079.0
BSE:SENSEX-INDEX  strikecount= 3   fyers <fyers_apiv3.fyersModel.FyersModel object at 0x75fb8594b890>
======================================
oipcr1 =  BSE:SENSEX2682078100CE   0.52
oipcr2 =  BSE:SENSEX2682078000PE   0.6
oipcr3 =  BSE:SENSEX2682077900PE   0.72
oipcrBull = NoEntry  bulcount= 0  bearcount= 3 oipcrBear= BearTrade
atmpcr5 pcr6= 0.92    1.73
No Entry Yet
India VIX = 11.35  Spot Price = 77811.23
IV Regime = LOW (ADAPTIVE: P25= 11.86  P50= 12.16  P75= 12.9 ) | DailyRange = 1261.7 | 3minCandleRange = 66.4 (theoretical= 110.7 ) | ATMoptionMove = 29.9 | SL = 105 | Target = 105 | TrailTrigger = 30 | Spread = 300 | Buffer = 27
IV Params refreshed: {'vix': 11.35, 'bn_price': 77811.23, 'regime': 'LOW', 'regime_thresholds': 'P25=11.86 P50=12.16 P75=12.9', 'daily_range': 1261.7, 'candle_range': 66.4, 'atm_option_move': 29.9, 'sl_point': 105, 'target_point': 105, 'sl_pct_of_premium': 0.1, 'trail_trigger': 30, 'spread_width': 300, 'support_resistance_buffer': 27}
BSE:SENSEX-INDEX  strikecount= 8   fyers <fyers_apiv3.fyersModel.FyersModel object at 0x75fb8594b890>
===
====after 3 min ochain==== 2026-08-14 11:48:00.022641
                                    oipcr   choipcr   totalOI
pcr1 =  BSE:SENSEX2682078600CE   0.29   0.1 CALL added 93480   PUT added 9660  OI= 147820
pcr2 =  BSE:SENSEX2682078500CE   0.24   0.01 CALL added 369260   PUT added 2440  OI= 614600
pcr3 =  BSE:SENSEX2682078400CE   0.16   0.09 CALL added 143940   PUT added 13420  OI= 214820
pcr4 =  BSE:SENSEX2682078300PE   0.23   0.18 CALL added 149620   PUT added 26560  OI= 53840
pcr5 =  BSE:SENSEX2682078200CE   0.25   0.01 CALL added 193260   PUT added 1520  OI= 325140
pcr6 =  BSE:SENSEX2682078100CE   0.54    0.5 CALL added 185000   PUT added 93160  OI= 289540
pcr7 =  BSE:SENSEX2682078000PE   0.61   0.33 CALL added 667120   PUT added 220780  OI= 736980
pcr8 =  BSE:SENSEX2682077900PE   0.75   0.68 CALL added 418040   PUT added 284980  OI= 392260
pcr9 =  BSE:SENSEX2682077800PE   0.97   0.86 CALL added 529180   PUT added 453920  OI= 702480
pcr10 =  BSE:SENSEX2682077700CE   1.83   1.78 CALL added 260000   PUT added 461820  OI= 290620
pcr11 =  BSE:SENSEX2682077600PE   5.74   6.02 CALL added 69860   PUT added 420480  OI= 482120
pcr12 =  BSE:SENSEX2682077500PE   3.46   4.77 CALL added 79260   PUT added 378000  OI= 594520
pcr13 =  BSE:SENSEX2682077400PE   7.17   6.54 CALL added 28840   PUT added 188500  OI= 228420
pcr14 =  BSE:SENSEX2682077300CE   8.36   7.05 CALL added 18760   PUT added 132200  OI= 20880
pcr15 =  BSE:SENSEX2682077200PE   13.43   10.21 CALL added 7800   PUT added 79620  OI= 125940
pcr16 =  BSE:SENSEX2682077100CE   22.16   18.6 CALL added 4340   PUT added 80720  OI= 4880
pcr17 =  BSE:SENSEX2682077000CE   8.86   9.36 CALL added 16080   PUT added 150560  OI= 41380
pcrSummation= 5.58  result =  ['BSE:SENSEX2682078500CE', 'BSE:SENSEX2682078400CE', 'BSE:SENSEX2682078300PE', 'BSE:SENSEX2682078200CE', 'BSE:SENSEX2682078100CE', 'BSE:SENSEX2682078000PE', 'BSE:SENSEX2682077900PE', 'BSE:SENSEX2682077800PE', 'BSE:SENSEX2682077700CE']
PCRSUM== 75.05
pcrSummation== 5.58
VOLPCRSUM== 5.66
spotLTP =  77811.23  ATM_STRIKE =  77800
IS_ATM_STRIKE_SHIFT = False  mapStrike = {77800: 77800}
avgOiPcrList2 = [np.float64(4.25), np.float64(4.33), np.float64(4.41)] atmStrikeNotShiftedCount= 3
False   3   3
SUPP_RES=== 78000  Buffer= 27
CEoich val =  667120.0  PEoich val =  220780.0 , CE > PE by 66.9%
SUPP_RES TOTAL OI: CE= 1207900  PE= 736980 , CE > PE by 39.0%
IS_MORNING_WINDOW= False  (active 9:15-9:48 IST)
================================================
==== signal check time ==== 2026-08-14 11:48:00.689899
IS_CHOI_DIFF_GT_25PERC== True
RSI_VAL1== 45.4
RSI_VAL2== 45.4
FUT_3m_OHLC O= 78068.0  H= 78068.0  L= 78061.8  C= 78063.4  Range= 6.2
CHART_PATTERN_DETECTED: INSIDE_BAR | DOUBLE_TOP_FORMING
  PATTERN_CONTEXT: Body= -4.6  Range= 6.2  ExpectedRange= 66.4  RangeRatio= 0.09  O= 78068.0  H= 78068.0  L= 78061.8  C= 78063.4
isPcrInc = True
newSynthFut =  78100
ATMStrike =  77800
AVG_OIPCR= 0.62
avgoiPCROld=  4.41
SUPP_RES = 78000
FUT LTP = 78063.35
CEchoi  PechOi = 667120.0    220780.0
====================================
totalOIPCR = 0.85
AVG_VOLPCR= 0.63
atmPCR= 0.25  belowATM  0.54
atmVolPCR= 0.37  belowATM  0.74
True   78063.35   78000   True   False   45.4
In Bull trade, slCount =  0  (mode= LOGIC3_CHOI_15PCT )
============================================================
LOGIC3_OBSERVE: WOULD_HAVE_ENTERED BULL (no real order — LOGIC3 is observation-only)
  FUT=78063.35 SUPP_RES=78000 CEchoi=667120.0 PEchoi=220780.0
============================================================
India VIX = 11.35  Spot Price = 77813.25
IV Regime = LOW (ADAPTIVE: P25= 11.86  P50= 12.16  P75= 12.9 ) | DailyRange = 1261.7 | 3minCandleRange = 66.4 (theoretical= 110.7 ) | ATMoptionMove = 29.9 | SL = 105 | Target = 105 | TrailTrigger = 30 | Spread = 300 | Buffer = 27
IV Params refreshed: {'vix': 11.35, 'bn_price': 77813.25, 'regime': 'LOW', 'regime_thresholds': 'P25=11.86 P50=12.16 P75=12.9', 'daily_range': 1261.7, 'candle_range': 66.4, 'atm_option_move': 29.9, 'sl_point': 105, 'target_point': 105, 'sl_pct_of_premium': 0.1, 'trail_trigger': 30, 'spread_width': 300, 'support_resistance_buffer': 27}
BSE:SENSEX-INDEX  strikecount= 8   fyers <fyers_apiv3.fyersModel.FyersModel object at 0x75fb8594b890>
===
====after 3 min ochain==== 2026-08-14 11:48:00.861104
                                    oipcr   choipcr   totalOI
pcr1 =  BSE:SENSEX2682078600CE   0.29   0.1 CALL added 93480   PUT added 9660  OI= 147820
pcr2 =  BSE:SENSEX2682078500CE   0.24   0.01 CALL added 369260   PUT added 2440  OI= 614600
pcr3 =  BSE:SENSEX2682078400CE   0.16   0.09 CALL added 143940   PUT added 13420  OI= 214820
pcr4 =  BSE:SENSEX2682078300PE   0.23   0.18 CALL added 149620   PUT added 26560  OI= 53840
pcr5 =  BSE:SENSEX2682078200CE   0.25   0.01 CALL added 193260   PUT added 1520  OI= 325140
pcr6 =  BSE:SENSEX2682078100CE   0.54    0.5 CALL added 185000   PUT added 93160  OI= 289540
pcr7 =  BSE:SENSEX2682078000PE   0.61   0.33 CALL added 667120   PUT added 220780  OI= 736980
pcr8 =  BSE:SENSEX2682077900PE   0.75   0.68 CALL added 418040   PUT added 284980  OI= 392260
pcr9 =  BSE:SENSEX2682077800PE   0.97   0.86 CALL added 529180   PUT added 453920  OI= 702480
pcr10 =  BSE:SENSEX2682077700CE   1.83   1.78 CALL added 260000   PUT added 461820  OI= 290620
pcr11 =  BSE:SENSEX2682077600PE   5.74   6.02 CALL added 69860   PUT added 420480  OI= 482120
pcr12 =  BSE:SENSEX2682077500PE   3.46   4.77 CALL added 79260   PUT added 378000  OI= 594520
pcr13 =  BSE:SENSEX2682077400PE   7.17   6.54 CALL added 28840   PUT added 188500  OI= 228420
pcr14 =  BSE:SENSEX2682077300CE   8.36   7.05 CALL added 18760   PUT added 132200  OI= 20880
pcr15 =  BSE:SENSEX2682077200PE   13.43   10.21 CALL added 7800   PUT added 79620  OI= 125940
pcr16 =  BSE:SENSEX2682077100CE   22.16   18.6 CALL added 4340   PUT added 80720  OI= 4880
pcr17 =  BSE:SENSEX2682077000CE   8.86   9.36 CALL added 16080   PUT added 150560  OI= 41380
pcrSummation= 5.58  result =  ['BSE:SENSEX2682078500CE', 'BSE:SENSEX2682078400CE', 'BSE:SENSEX2682078300PE', 'BSE:SENSEX2682078200CE', 'BSE:SENSEX2682078100CE', 'BSE:SENSEX2682078000PE', 'BSE:SENSEX2682077900PE', 'BSE:SENSEX2682077800PE', 'BSE:SENSEX2682077700CE']
PCRSUM== 75.05
pcrSummation== 5.58
VOLPCRSUM== 5.66
spotLTP =  77813.25  ATM_STRIKE =  77800
IS_ATM_STRIKE_SHIFT = False  mapStrike = {77800: 77800}
avgOiPcrList2 = [np.float64(4.33), np.float64(4.41), np.float64(4.41)] atmStrikeNotShiftedCount= 4
False   4   3
SUPP_RES=== 78000  Buffer= 27
CEoich val =  667120.0  PEoich val =  220780.0 , CE > PE by 66.9%
SUPP_RES TOTAL OI: CE= 1207900  PE= 736980 , CE > PE by 39.0%
IS_MORNING_WINDOW= False  (active 9:15-9:48 IST)
================================================
==== signal check time ==== 2026-08-14 11:48:01.417045
IS_CHOI_DIFF_GT_25PERC== True
RSI_VAL1== 45.4
RSI_VAL2== 45.4
FUT_3m_OHLC O= 78068.0  H= 78068.0  L= 78061.8  C= 78063.4  Range= 6.2
CHART_PATTERN_DETECTED: INSIDE_BAR | DOUBLE_TOP_FORMING
  PATTERN_CONTEXT: Body= -4.6  Range= 6.2  ExpectedRange= 66.4  RangeRatio= 0.09  O= 78068.0  H= 78068.0  L= 78061.8  C= 78063.4
neither = [np.float64(4.41)]
newSynthFut =  78100
ATMStrike =  77800
AVG_OIPCR= 0.62
avgoiPCROld=  4.41
SUPP_RES = 78000
FUT LTP = 78063.35
CEchoi  PechOi = 667120.0    220780.0
====================================
totalOIPCR = 0.85
AVG_VOLPCR= 0.63
atmPCR= 0.25  belowATM  0.54
atmVolPCR= 0.37  belowATM  0.74
True   78063.35   78000   False   False   45.4
curr Doji False
BSE:SENSEX2682078000PE  curr candle vol pcr = 0.81  PE= 92860  CE= 114740      cpr =  1.24
BSE:SENSEX2682078000PE  prev candle vol pcr = 0.85  PE= 103740  CE= 121440      cpr =  1.17
ATM_CE_premium= 364.45  ATM_PE_premium= 435.45
CE_PremChg= 5.65  PE_PremChg= -6.6
CandleBody= -4.6  PrevBody= 38.8  CandleRange= 6.2  Bearish
TotalVol= 207600  PrevTotalVol= 225180  VolSpike= 0.92 x 
SCALP_SCORE: BEAR | BullScore= 0  BearScore= 1 | Confidence= LOW
DATAPOINT|11:48|FUT=78063.4|Body=-4.6|PrevBody=38.8|Range=6.2|RangeRatio=0.09|CurrVolPCR=0.81|PrevVolPCR=0.85|CurrCPR=1.24|PrevCPR=1.17|VolSpike=0.92|CE_PremChg=5.65|PE_PremChg=-6.6|BullScore=0|BearScore=1|Dir=BEAR|Conf=LOW
CHART_PATTERN_DETECTED: INSIDE_BAR | DOUBLE_TOP_FORMING
  PATTERN_CONTEXT: Body= -4.6  Range= 6.2  ExpectedRange= 66.4  RangeRatio= 0.09  O= 78068.0  H= 78068.0  L= 78061.8  C= 78063.4
BSE:SENSEX-INDEX  strikecount= 3   fyers <fyers_apiv3.fyersModel.FyersModel object at 0x75fb8594b890>
======================================
oipcr1 =  BSE:SENSEX2682078100CE   0.54
oipcr2 =  BSE:SENSEX2682078000PE   0.61
oipcr3 =  BSE:SENSEX2682077900PE   0.75
oipcrBull = NoEntry  bulcount= 0  bearcount= 3 oipcrBear= BearTrade
atmpcr5 pcr6= 0.97    1.83
No Entry Yet
India VIX = 11.36  Spot Price = 77789.36
IV Regime = LOW (ADAPTIVE: P25= 11.86  P50= 12.16  P75= 12.9 ) | DailyRange = 1262.4 | 3minCandleRange = 66.4 (theoretical= 110.7 ) | ATMoptionMove = 29.9 | SL = 105 | Target = 105 | TrailTrigger = 30 | Spread = 300 | Buffer = 27
IV Params refreshed: {'vix': 11.36, 'bn_price': 77789.36, 'regime': 'LOW', 'regime_thresholds': 'P25=11.86 P50=12.16 P75=12.9', 'daily_range': 1262.4, 'candle_range': 66.4, 'atm_option_move': 29.9, 'sl_point': 105, 'target_point': 105, 'sl_pct_of_premium': 0.1, 'trail_trigger': 30, 'spread_width': 300, 'support_resistance_buffer': 27}
BSE:SENSEX-INDEX  strikecount= 8   fyers <fyers_apiv3.fyersModel.FyersModel object at 0x75fb8594b890>
===
====after 3 min ochain==== 2026-08-14 11:51:00.039477
                                    oipcr   choipcr   totalOI
pcr1 =  BSE:SENSEX2682078600CE   0.3   0.11 CALL added 91500   PUT added 9760  OI= 145840
pcr2 =  BSE:SENSEX2682078500CE   0.24   0.01 CALL added 369540   PUT added 3060  OI= 614880
pcr3 =  BSE:SENSEX2682078400CE   0.13   0.05 CALL added 143180   PUT added 6940  OI= 214060
pcr4 =  BSE:SENSEX2682078300PE   0.24   0.19 CALL added 150580   PUT added 28460  OI= 55740
pcr5 =  BSE:SENSEX2682078200CE   0.26   0.02 CALL added 189060   PUT added 3380  OI= 320940
pcr6 =  BSE:SENSEX2682078100CE   0.56    0.54 CALL added 178760   PUT added 95860  OI= 283300
pcr7 =  BSE:SENSEX2682078000PE   0.63   0.35 CALL added 653400   PUT added 230580  OI= 746780
pcr8 =  BSE:SENSEX2682077900PE   0.76   0.69 CALL added 406400   PUT added 282260  OI= 389540
pcr9 =  BSE:SENSEX2682077800PE   1.03   0.94 CALL added 513820   PUT added 484600  OI= 733160
pcr10 =  BSE:SENSEX2682077700CE   1.92   1.88 CALL added 257180   PUT added 482220  OI= 287800
pcr11 =  BSE:SENSEX2682077600PE   5.9   6.21 CALL added 69060   PUT added 429120  OI= 490760
pcr12 =  BSE:SENSEX2682077500PE   3.54   4.97 CALL added 77160   PUT added 383460  OI= 599980
pcr13 =  BSE:SENSEX2682077400PE   7.34   6.73 CALL added 28940   PUT added 194640  OI= 234560
pcr14 =  BSE:SENSEX2682077300CE   8.8   7.51 CALL added 18300   PUT added 137480  OI= 20420
pcr15 =  BSE:SENSEX2682077200PE   13.58   10.41 CALL added 7840   PUT added 81600  OI= 127920
pcr16 =  BSE:SENSEX2682077100CE   22.02   18.44 CALL added 4340   PUT added 80020  OI= 4880
pcr17 =  BSE:SENSEX2682077000CE   8.76   9.09 CALL added 16380   PUT added 148920  OI= 41680
pcrSummation= 5.7700000000000005  result =  ['BSE:SENSEX2682078500CE', 'BSE:SENSEX2682078400CE', 'BSE:SENSEX2682078300PE', 'BSE:SENSEX2682078200CE', 'BSE:SENSEX2682078100CE', 'BSE:SENSEX2682078000PE', 'BSE:SENSEX2682077900PE', 'BSE:SENSEX2682077800PE', 'BSE:SENSEX2682077700CE']
PCRSUM== 76.01
pcrSummation== 5.77
VOLPCRSUM== 5.680000000000001
spotLTP =  77789.36  ATM_STRIKE =  77800
IS_ATM_STRIKE_SHIFT = False  mapStrike = {77800: 77800}
avgOiPcrList2 = [np.float64(4.41), np.float64(4.47)] atmStrikeNotShiftedCount= 5
False   5   2
SUPP_RES=== 78000  Buffer= 27
CEoich val =  653400.0  PEoich val =  230580.0 , CE > PE by 64.7%
SUPP_RES TOTAL OI: CE= 1194180  PE= 746780 , CE > PE by 37.5%
IS_MORNING_WINDOW= False  (active 9:15-9:48 IST)
================================================
==== signal check time ==== 2026-08-14 11:51:00.635977
IS_CHOI_DIFF_GT_25PERC== True
RSI_VAL1== 43.39
RSI_VAL2== 43.39
FUT_3m_OHLC O= 78051.9  H= 78051.9  L= 78051.9  C= 78051.9  Range= 0.0
CHART_PATTERN: None
newSynthFut =  78100
ATMStrike =  77800
AVG_OIPCR= 0.64
avgoiPCROld=  4.47
SUPP_RES = 78000
FUT LTP = 78051.9
CEchoi  PechOi = 653400.0    230580.0
====================================
totalOIPCR = 0.86
AVG_VOLPCR= 0.63
atmPCR= 0.26  belowATM  0.56
atmVolPCR= 0.37  belowATM  0.74
True   78051.9   78000   False   False   43.39
curr Doji False
BSE:SENSEX2682078000PE  curr candle vol pcr = 0.94  PE= 86020  CE= 91280      cpr =  1.06
BSE:SENSEX2682078000PE  prev candle vol pcr = 0.81  PE= 92860  CE= 114740      cpr =  1.24
ATM_CE_premium= 360.6  ATM_PE_premium= 437.65
CE_PremChg= -3.85  PE_PremChg= 2.2
CandleBody= 0.0  PrevBody= -4.6  CandleRange= 0.0  Doji
TotalVol= 177300  PrevTotalVol= 207600  VolSpike= 0.85 x 
SCALP_SCORE: NEUTRAL | BullScore= 0  BearScore= 0 | Confidence= LOW
DATAPOINT|11:51|FUT=78051.9|Body=0.0|PrevBody=-4.6|Range=0.0|RangeRatio=0.0|CurrVolPCR=0.94|PrevVolPCR=0.81|CurrCPR=1.06|PrevCPR=1.24|VolSpike=0.85|CE_PremChg=-3.85|PE_PremChg=2.2|BullScore=0|BearScore=0|Dir=NEUTRAL|Conf=LOW
CHART_PATTERN: None
BSE:SENSEX-INDEX  strikecount= 3   fyers <fyers_apiv3.fyersModel.FyersModel object at 0x75fb8594b890>
======================================
oipcr1 =  BSE:SENSEX2682078100CE   0.56
oipcr2 =  BSE:SENSEX2682078000PE   0.63
oipcr3 =  BSE:SENSEX2682077900PE   0.76
oipcrBull = NoEntry  bulcount= 0  bearcount= 3 oipcrBear= BearTrade
atmpcr5 pcr6= 1.03    1.92
No Entry Yet
India VIX = 11.38  Spot Price = 77813.75
IV Regime = LOW (ADAPTIVE: P25= 11.86  P50= 12.16  P75= 12.9 ) | DailyRange = 1265.0 | 3minCandleRange = 66.6 (theoretical= 111.0 ) | ATMoptionMove = 30.0 | SL = 105 | Target = 105 | TrailTrigger = 30 | Spread = 300 | Buffer = 27
IV Params refreshed: {'vix': 11.38, 'bn_price': 77813.75, 'regime': 'LOW', 'regime_thresholds': 'P25=11.86 P50=12.16 P75=12.9', 'daily_range': 1265.0, 'candle_range': 66.6, 'atm_option_move': 30.0, 'sl_point': 105, 'target_point': 105, 'sl_pct_of_premium': 0.1, 'trail_trigger': 30, 'spread_width': 300, 'support_resistance_buffer': 27}
BSE:SENSEX-INDEX  strikecount= 8   fyers <fyers_apiv3.fyersModel.FyersModel object at 0x75fb8594b890>
===
====after 3 min ochain==== 2026-08-14 11:54:00.010688
                                    oipcr   choipcr   totalOI
pcr1 =  BSE:SENSEX2682078600CE   0.3   0.11 CALL added 92100   PUT added 9740  OI= 146440
pcr2 =  BSE:SENSEX2682078500CE   0.24   0.01 CALL added 370700   PUT added 2400  OI= 616040
pcr3 =  BSE:SENSEX2682078400CE   0.13   0.05 CALL added 143280   PUT added 6740  OI= 214160
pcr4 =  BSE:SENSEX2682078300PE   0.23   0.19 CALL added 151040   PUT added 28040  OI= 55320
pcr5 =  BSE:SENSEX2682078200CE   0.26   0.02 CALL added 190820   PUT added 4200  OI= 322700
pcr6 =  BSE:SENSEX2682078100CE   0.55    0.53 CALL added 179500   PUT added 95540  OI= 284040
pcr7 =  BSE:SENSEX2682078000PE   0.64   0.37 CALL added 646880   PUT added 241280  OI= 757480
pcr8 =  BSE:SENSEX2682077900PE   0.78   0.71 CALL added 397300   PUT added 282540  OI= 389820
pcr9 =  BSE:SENSEX2682077800PE   1.02   0.93 CALL added 521500   PUT added 485960  OI= 734520
pcr10 =  BSE:SENSEX2682077700CE   1.97   1.93 CALL added 257280   PUT added 496580  OI= 287900
pcr11 =  BSE:SENSEX2682077600PE   5.85   6.15 CALL added 70640   PUT added 434360  OI= 496000
pcr12 =  BSE:SENSEX2682077500PE   3.55   5.02 CALL added 76200   PUT added 382640  OI= 599160
pcr13 =  BSE:SENSEX2682077400PE   7.33   6.71 CALL added 29000   PUT added 194560  OI= 234480
pcr14 =  BSE:SENSEX2682077300CE   8.78   7.48 CALL added 18240   PUT added 136440  OI= 20360
pcr15 =  BSE:SENSEX2682077200PE   13.52   10.38 CALL added 7960   PUT added 82660  OI= 128980
pcr16 =  BSE:SENSEX2682077100CE   21.92   18.39 CALL added 4420   PUT added 81300  OI= 4960
pcr17 =  BSE:SENSEX2682077000CE   8.9   9.45 CALL added 16600   PUT added 156860  OI= 41900
pcrSummation= 5.82  result =  ['BSE:SENSEX2682078500CE', 'BSE:SENSEX2682078400CE', 'BSE:SENSEX2682078300PE', 'BSE:SENSEX2682078200CE', 'BSE:SENSEX2682078100CE', 'BSE:SENSEX2682078000PE', 'BSE:SENSEX2682077900PE', 'BSE:SENSEX2682077800PE', 'BSE:SENSEX2682077700CE']
PCRSUM== 75.97
pcrSummation== 5.82
VOLPCRSUM== 5.66
spotLTP =  77813.75  ATM_STRIKE =  77800
IS_ATM_STRIKE_SHIFT = False  mapStrike = {77800: 77800}
avgOiPcrList2 = [np.float64(4.41), np.float64(4.47), np.float64(4.47)] atmStrikeNotShiftedCount= 6
False   6   3
SUPP_RES=== 78000  Buffer= 27
CEoich val =  646880.0  PEoich val =  241280.0 , CE > PE by 62.7%
SUPP_RES TOTAL OI: CE= 1187660  PE= 757480 , CE > PE by 36.2%
IS_MORNING_WINDOW= False  (active 9:15-9:48 IST)
================================================
==== signal check time ==== 2026-08-14 11:54:00.680886
IS_CHOI_DIFF_GT_25PERC== True
RSI_VAL1== 49.31
RSI_VAL2== 49.31
FUT_3m_OHLC O= 78051.9  H= 78080.0  L= 78051.9  C= 78080.0  Range= 28.1
CHART_PATTERN_DETECTED: DOUBLE_TOP_FORMING
  PATTERN_CONTEXT: Body= 28.1  Range= 28.1  ExpectedRange= 66.6  RangeRatio= 0.42  O= 78051.9  H= 78080.0  L= 78051.9  C= 78080.0
neither = [np.float64(4.47)]
newSynthFut =  78100
ATMStrike =  77800
AVG_OIPCR= 0.65
avgoiPCROld=  4.47
SUPP_RES = 78000
FUT LTP = 78080.0
CEchoi  PechOi = 646880.0    241280.0
====================================
totalOIPCR = 0.87
AVG_VOLPCR= 0.63
atmPCR= 0.26  belowATM  0.55
atmVolPCR= 0.37  belowATM  0.74
True   78080.0   78000   False   False   49.31
curr Doji False
BSE:SENSEX2682078000PE  curr candle vol pcr = 0.72  PE= 47860  CE= 66300      cpr =  1.39
BSE:SENSEX2682078000PE  prev candle vol pcr = 0.94  PE= 86020  CE= 91280      cpr =  1.06
ATM_CE_premium= 366.75  ATM_PE_premium= 433.65
CE_PremChg= 6.15  PE_PremChg= -4.0
CandleBody= 28.1  PrevBody= 0.0  CandleRange= 28.1  Bullish
TotalVol= 114160  PrevTotalVol= 177300  VolSpike= 0.64 x 
SCALP_SCORE: BULL | BullScore= 1  BearScore= 0 | Confidence= LOW
DATAPOINT|11:54|FUT=78080.0|Body=28.1|PrevBody=0.0|Range=28.1|RangeRatio=0.42|CurrVolPCR=0.72|PrevVolPCR=0.94|CurrCPR=1.39|PrevCPR=1.06|VolSpike=0.64|CE_PremChg=6.15|PE_PremChg=-4.0|BullScore=1|BearScore=0|Dir=BULL|Conf=LOW
CHART_PATTERN_DETECTED: DOUBLE_TOP_FORMING
  PATTERN_CONTEXT: Body= 28.1  Range= 28.1  ExpectedRange= 66.6  RangeRatio= 0.42  O= 78051.9  H= 78080.0  L= 78051.9  C= 78080.0
BSE:SENSEX-INDEX  strikecount= 3   fyers <fyers_apiv3.fyersModel.FyersModel object at 0x75fb8594b890>
======================================
oipcr1 =  BSE:SENSEX2682078100CE   0.55
oipcr2 =  BSE:SENSEX2682078000PE   0.64
oipcr3 =  BSE:SENSEX2682077900PE   0.78
oipcrBull = NoEntry  bulcount= 0  bearcount= 3 oipcrBear= BearTrade
atmpcr5 pcr6= 1.02    1.97
No Entry Yet
India VIX = 11.39  Spot Price = 77793.82
IV Regime = LOW (ADAPTIVE: P25= 11.86  P50= 12.16  P75= 12.9 ) | DailyRange = 1265.8 | 3minCandleRange = 66.6 (theoretical= 111.0 ) | ATMoptionMove = 30.0 | SL = 105 | Target = 105 | TrailTrigger = 30 | Spread = 300 | Buffer = 27
IV Params refreshed: {'vix': 11.39, 'bn_price': 77793.82, 'regime': 'LOW', 'regime_thresholds': 'P25=11.86 P50=12.16 P75=12.9', 'daily_range': 1265.8, 'candle_range': 66.6, 'atm_option_move': 30.0, 'sl_point': 105, 'target_point': 105, 'sl_pct_of_premium': 0.1, 'trail_trigger': 30, 'spread_width': 300, 'support_resistance_buffer': 27}
BSE:SENSEX-INDEX  strikecount= 8   fyers <fyers_apiv3.fyersModel.FyersModel object at 0x75fb8594b890>
===
====after 3 min ochain==== 2026-08-14 11:57:00.030534
                                    oipcr   choipcr   totalOI
pcr1 =  BSE:SENSEX2682078600CE   0.3   0.11 CALL added 91540   PUT added 9960  OI= 145880
pcr2 =  BSE:SENSEX2682078500CE   0.24   0.01 CALL added 373720   PUT added 2620  OI= 619060
pcr3 =  BSE:SENSEX2682078400CE   0.13   0.04 CALL added 144700   PUT added 6340  OI= 215580
pcr4 =  BSE:SENSEX2682078300PE   0.24   0.19 CALL added 151040   PUT added 28480  OI= 55760
pcr5 =  BSE:SENSEX2682078200CE   0.26   0.03 CALL added 191960   PUT added 5180  OI= 323840
pcr6 =  BSE:SENSEX2682078100CE   0.55    0.53 CALL added 180940   PUT added 95000  OI= 285480
pcr7 =  BSE:SENSEX2682078000PE   0.65   0.39 CALL added 631780   PUT added 243860  OI= 760060
pcr8 =  BSE:SENSEX2682077900PE   0.79   0.73 CALL added 390380   PUT added 285100  OI= 392380
pcr9 =  BSE:SENSEX2682077800PE   1.02   0.92 CALL added 516780   PUT added 477540  OI= 726100
pcr10 =  BSE:SENSEX2682077700CE   1.94   1.9 CALL added 259480   PUT added 491820  OI= 290100
pcr11 =  BSE:SENSEX2682077600PE   5.86   6.16 CALL added 70380   PUT added 433800  OI= 495440
pcr12 =  BSE:SENSEX2682077500PE   3.55   4.98 CALL added 77720   PUT added 386960  OI= 603480
pcr13 =  BSE:SENSEX2682077400PE   7.3   6.68 CALL added 29060   PUT added 193980  OI= 233900
pcr14 =  BSE:SENSEX2682077300CE   8.78   7.49 CALL added 18260   PUT added 136760  OI= 20380
pcr15 =  BSE:SENSEX2682077200PE   14.12   10.94 CALL added 7540   PUT added 82500  OI= 128820
pcr16 =  BSE:SENSEX2682077100CE   21.85   18.31 CALL added 4420   PUT added 80940  OI= 4960
pcr17 =  BSE:SENSEX2682077000CE   8.96   9.61 CALL added 16280   PUT added 156480  OI= 41580
pcrSummation= 5.82  result =  ['BSE:SENSEX2682078500CE', 'BSE:SENSEX2682078400CE', 'BSE:SENSEX2682078300PE', 'BSE:SENSEX2682078200CE', 'BSE:SENSEX2682078100CE', 'BSE:SENSEX2682078000PE', 'BSE:SENSEX2682077900PE', 'BSE:SENSEX2682077800PE', 'BSE:SENSEX2682077700CE']
PCRSUM== 76.54
pcrSummation== 5.82
VOLPCRSUM== 5.65
spotLTP =  77792.66  ATM_STRIKE =  77800
IS_ATM_STRIKE_SHIFT = False  mapStrike = {77800: 77800}
avgOiPcrList2 = [np.float64(4.47), np.float64(4.5)] atmStrikeNotShiftedCount= 7
False   7   2
SUPP_RES=== 78000  Buffer= 27
CEoich val =  631780.0  PEoich val =  243860.0 , CE > PE by 61.4%
SUPP_RES TOTAL OI: CE= 1172560  PE= 760060 , CE > PE by 35.2%
IS_MORNING_WINDOW= False  (active 9:15-9:48 IST)
================================================
==== signal check time ==== 2026-08-14 11:57:00.638587
IS_CHOI_DIFF_GT_25PERC== True
RSI_VAL1== 47.71
RSI_VAL2== 47.71
FUT_3m_OHLC O= 78071.6  H= 78071.6  L= 78071.6  C= 78071.6  Range= 0.0
CHART_PATTERN_DETECTED: INSIDE_BAR | DOUBLE_TOP_FORMING | DOUBLE_BOTTOM_FORMING
  PATTERN_CONTEXT: Body= 0.0  Range= 0.0  ExpectedRange= 66.6  RangeRatio= 0.0  O= 78071.6  H= 78071.6  L= 78071.6  C= 78071.6
newSynthFut =  78100
ATMStrike =  77800
AVG_OIPCR= 0.65
avgoiPCROld=  4.5
SUPP_RES = 78000
FUT LTP = 78071.6
CEchoi  PechOi = 631780.0    243860.0
====================================
totalOIPCR = 0.87
AVG_VOLPCR= 0.63
atmPCR= 0.26  belowATM  0.55
atmVolPCR= 0.37  belowATM  0.74
True   78071.6   78000   False   False   47.71
curr Doji False
BSE:SENSEX2682078000PE  curr candle vol pcr = 0.57  PE= 32400  CE= 56800      cpr =  1.75
BSE:SENSEX2682078000PE  prev candle vol pcr = 0.72  PE= 47860  CE= 66300      cpr =  1.39
ATM_CE_premium= 361.1  ATM_PE_premium= 440.55
CE_PremChg= -5.65  PE_PremChg= 6.9
CandleBody= 0.0  PrevBody= 28.1  CandleRange= 0.0  Doji
TotalVol= 89200  PrevTotalVol= 114160  VolSpike= 0.78 x 
SCALP_SCORE: BEAR | BullScore= 0  BearScore= 1 | Confidence= LOW
DATAPOINT|11:57|FUT=78071.6|Body=0.0|PrevBody=28.1|Range=0.0|RangeRatio=0.0|CurrVolPCR=0.57|PrevVolPCR=0.72|CurrCPR=1.75|PrevCPR=1.39|VolSpike=0.78|CE_PremChg=-5.65|PE_PremChg=6.9|BullScore=0|BearScore=1|Dir=BEAR|Conf=LOW
CHART_PATTERN_DETECTED: INSIDE_BAR | DOUBLE_TOP_FORMING | DOUBLE_BOTTOM_FORMING
  PATTERN_CONTEXT: Body= 0.0  Range= 0.0  ExpectedRange= 66.6  RangeRatio= 0.0  O= 78071.6  H= 78071.6  L= 78071.6  C= 78071.6
BSE:SENSEX-INDEX  strikecount= 3   fyers <fyers_apiv3.fyersModel.FyersModel object at 0x75fb8594b890>
======================================
oipcr1 =  BSE:SENSEX2682078100CE   0.55
oipcr2 =  BSE:SENSEX2682078000PE   0.65
oipcr3 =  BSE:SENSEX2682077900PE   0.79
oipcrBull = NoEntry  bulcount= 0  bearcount= 3 oipcrBear= BearTrade
atmpcr5 pcr6= 1.02    1.94
No Entry Yet
India VIX = 11.4  Spot Price = 77794.06
IV Regime = LOW (ADAPTIVE: P25= 11.86  P50= 12.16  P75= 12.9 ) | DailyRange = 1266.9 | 3minCandleRange = 66.7 (theoretical= 111.1 ) | ATMoptionMove = 30.0 | SL = 105 | Target = 105 | TrailTrigger = 30 | Spread = 300 | Buffer = 27
IV Params refreshed: {'vix': 11.4, 'bn_price': 77794.06, 'regime': 'LOW', 'regime_thresholds': 'P25=11.86 P50=12.16 P75=12.9', 'daily_range': 1266.9, 'candle_range': 66.7, 'atm_option_move': 30.0, 'sl_point': 105, 'target_point': 105, 'sl_pct_of_premium': 0.1, 'trail_trigger': 30, 'spread_width': 300, 'support_resistance_buffer': 27}
BSE:SENSEX-INDEX  strikecount= 8   fyers <fyers_apiv3.fyersModel.FyersModel object at 0x75fb8594b890>
===
====after 3 min ochain==== 2026-08-14 12:00:00.024132
                                    oipcr   choipcr   totalOI
pcr1 =  BSE:SENSEX2682078600CE   0.3   0.11 CALL added 90400   PUT added 9880  OI= 144740
pcr2 =  BSE:SENSEX2682078500CE   0.24   0.01 CALL added 372260   PUT added 2980  OI= 617600
pcr3 =  BSE:SENSEX2682078400CE   0.13   0.04 CALL added 140940   PUT added 6140  OI= 211820
pcr4 =  BSE:SENSEX2682078300PE   0.25   0.2 CALL added 149900   PUT added 30680  OI= 57960
pcr5 =  BSE:SENSEX2682078200CE   0.26   0.03 CALL added 189820   PUT added 5960  OI= 321700
pcr6 =  BSE:SENSEX2682078100CE   0.55    0.53 CALL added 184040   PUT added 96720  OI= 288580
pcr7 =  BSE:SENSEX2682078000PE   0.65   0.39 CALL added 629040   PUT added 242260  OI= 758460
pcr8 =  BSE:SENSEX2682077900PE   0.81   0.75 CALL added 381460   PUT added 285980  OI= 393260
pcr9 =  BSE:SENSEX2682077800PE   1.03   0.95 CALL added 509120   PUT added 481720  OI= 730280
pcr10 =  BSE:SENSEX2682077700CE   1.95   1.91 CALL added 255800   PUT added 488660  OI= 286420
pcr11 =  BSE:SENSEX2682077600PE   5.83   6.12 CALL added 71140   PUT added 435400  OI= 497040
pcr12 =  BSE:SENSEX2682077500PE   3.55   4.97 CALL added 78280   PUT added 389300  OI= 605820
pcr13 =  BSE:SENSEX2682077400PE   7.38   6.77 CALL added 28960   PUT added 195960  OI= 235880
pcr14 =  BSE:SENSEX2682077300CE   8.85   7.55 CALL added 18180   PUT added 137320  OI= 20300
pcr15 =  BSE:SENSEX2682077200PE   13.37   10.31 CALL added 8240   PUT added 84960  OI= 131280
pcr16 =  BSE:SENSEX2682077100CE   22.36   18.83 CALL added 4360   PUT added 82100  OI= 4900
pcr17 =  BSE:SENSEX2682077000CE   9.09   9.97 CALL added 16000   PUT added 159520  OI= 41300
pcrSummation= 5.87  result =  ['BSE:SENSEX2682078500CE', 'BSE:SENSEX2682078400CE', 'BSE:SENSEX2682078300PE', 'BSE:SENSEX2682078200CE', 'BSE:SENSEX2682078100CE', 'BSE:SENSEX2682078000PE', 'BSE:SENSEX2682077900PE', 'BSE:SENSEX2682077800PE', 'BSE:SENSEX2682077700CE']
PCRSUM== 76.6
pcrSummation== 5.87
VOLPCRSUM== 5.640000000000001
spotLTP =  77794.06  ATM_STRIKE =  77800
IS_ATM_STRIKE_SHIFT = False  mapStrike = {77800: 77800}
avgOiPcrList2 = [np.float64(4.47), np.float64(4.5), np.float64(4.51)] atmStrikeNotShiftedCount= 8
False   8   3
SUPP_RES=== 78000  Buffer= 27
CEoich val =  629040.0  PEoich val =  242260.0 , CE > PE by 61.5%
SUPP_RES TOTAL OI: CE= 1169820  PE= 758460 , CE > PE by 35.2%
IS_MORNING_WINDOW= False  (active 9:15-9:48 IST)
================================================
==== signal check time ==== 2026-08-14 12:00:00.756905
IS_CHOI_DIFF_GT_25PERC== True
RSI_VAL1== 47.71
RSI_VAL2== 47.71
FUT_3m_OHLC O= 78071.6  H= 78071.6  L= 78071.6  C= 78071.6  Range= 0.0
CHART_PATTERN_DETECTED: INSIDE_BAR | DOUBLE_TOP_FORMING | DOUBLE_BOTTOM_FORMING
  PATTERN_CONTEXT: Body= 0.0  Range= 0.0  ExpectedRange= 66.7  RangeRatio= 0.0  O= 78071.6  H= 78071.6  L= 78071.6  C= 78071.6
isPcrInc = True
newSynthFut =  78100
ATMStrike =  77800
AVG_OIPCR= 0.65
avgoiPCROld=  4.51
SUPP_RES = 78000
FUT LTP = 78071.6
CEchoi  PechOi = 629040.0    242260.0
====================================
totalOIPCR = 0.88
AVG_VOLPCR= 0.63
atmPCR= 0.26  belowATM  0.55
atmVolPCR= 0.37  belowATM  0.73
True   78071.6   78000   True   False   47.71
In Bull trade, slCount =  0  (mode= LOGIC3_CHOI_15PCT )
============================================================
LOGIC3_OBSERVE: WOULD_HAVE_ENTERED BULL (no real order — LOGIC3 is observation-only)
  FUT=78071.6 SUPP_RES=78000 CEchoi=629040.0 PEchoi=242260.0
============================================================
India VIX = 11.4  Spot Price = 77794.06
IV Regime = LOW (ADAPTIVE: P25= 11.86  P50= 12.16  P75= 12.9 ) | DailyRange = 1266.9 | 3minCandleRange = 66.7 (theoretical= 111.1 ) | ATMoptionMove = 30.0 | SL = 105 | Target = 105 | TrailTrigger = 30 | Spread = 300 | Buffer = 27
IV Params refreshed: {'vix': 11.4, 'bn_price': 77794.06, 'regime': 'LOW', 'regime_thresholds': 'P25=11.86 P50=12.16 P75=12.9', 'daily_range': 1266.9, 'candle_range': 66.7, 'atm_option_move': 30.0, 'sl_point': 105, 'target_point': 105, 'sl_pct_of_premium': 0.1, 'trail_trigger': 30, 'spread_width': 300, 'support_resistance_buffer': 27}
BSE:SENSEX-INDEX  strikecount= 8   fyers <fyers_apiv3.fyersModel.FyersModel object at 0x75fb8594b890>
===
====after 3 min ochain==== 2026-08-14 12:00:00.847098
                                    oipcr   choipcr   totalOI
pcr1 =  BSE:SENSEX2682078600CE   0.3   0.11 CALL added 90400   PUT added 9880  OI= 144740
pcr2 =  BSE:SENSEX2682078500CE   0.24   0.01 CALL added 372260   PUT added 2980  OI= 617600
pcr3 =  BSE:SENSEX2682078400CE   0.13   0.04 CALL added 140940   PUT added 6140  OI= 211820
pcr4 =  BSE:SENSEX2682078300PE   0.25   0.2 CALL added 149900   PUT added 30680  OI= 57960
pcr5 =  BSE:SENSEX2682078200CE   0.26   0.03 CALL added 189820   PUT added 5960  OI= 321700
pcr6 =  BSE:SENSEX2682078100CE   0.55    0.53 CALL added 184040   PUT added 96720  OI= 288580
pcr7 =  BSE:SENSEX2682078000PE   0.65   0.39 CALL added 629040   PUT added 242260  OI= 758460
pcr8 =  BSE:SENSEX2682077900PE   0.81   0.75 CALL added 381460   PUT added 285980  OI= 393260
pcr9 =  BSE:SENSEX2682077800PE   1.03   0.95 CALL added 509120   PUT added 481720  OI= 730280
pcr10 =  BSE:SENSEX2682077700CE   1.95   1.91 CALL added 255800   PUT added 488660  OI= 286420
pcr11 =  BSE:SENSEX2682077600PE   5.83   6.12 CALL added 71140   PUT added 435400  OI= 497040
pcr12 =  BSE:SENSEX2682077500PE   3.55   4.97 CALL added 78280   PUT added 389300  OI= 605820
pcr13 =  BSE:SENSEX2682077400PE   7.38   6.77 CALL added 28960   PUT added 195960  OI= 235880
pcr14 =  BSE:SENSEX2682077300CE   8.85   7.55 CALL added 18180   PUT added 137320  OI= 20300
pcr15 =  BSE:SENSEX2682077200PE   13.37   10.31 CALL added 8240   PUT added 84960  OI= 131280
pcr16 =  BSE:SENSEX2682077100CE   22.36   18.83 CALL added 4360   PUT added 82100  OI= 4900
pcr17 =  BSE:SENSEX2682077000CE   9.09   9.97 CALL added 16000   PUT added 159520  OI= 41300
pcrSummation= 5.87  result =  ['BSE:SENSEX2682078500CE', 'BSE:SENSEX2682078400CE', 'BSE:SENSEX2682078300PE', 'BSE:SENSEX2682078200CE', 'BSE:SENSEX2682078100CE', 'BSE:SENSEX2682078000PE', 'BSE:SENSEX2682077900PE', 'BSE:SENSEX2682077800PE', 'BSE:SENSEX2682077700CE']
PCRSUM== 76.6
pcrSummation== 5.87
VOLPCRSUM== 5.640000000000001
spotLTP =  77794.06  ATM_STRIKE =  77800
IS_ATM_STRIKE_SHIFT = False  mapStrike = {77800: 77800}
avgOiPcrList2 = [np.float64(4.5), np.float64(4.51), np.float64(4.51)] atmStrikeNotShiftedCount= 9
False   9   3
SUPP_RES=== 78000  Buffer= 27
CEoich val =  629040.0  PEoich val =  242260.0 , CE > PE by 61.5%
SUPP_RES TOTAL OI: CE= 1169820  PE= 758460 , CE > PE by 35.2%
IS_MORNING_WINDOW= False  (active 9:15-9:48 IST)
================================================
==== signal check time ==== 2026-08-14 12:00:01.452909
IS_CHOI_DIFF_GT_25PERC== True
RSI_VAL1== 47.71
RSI_VAL2== 47.71
FUT_3m_OHLC O= 78071.6  H= 78071.6  L= 78071.6  C= 78071.6  Range= 0.0
CHART_PATTERN_DETECTED: INSIDE_BAR | DOUBLE_TOP_FORMING | DOUBLE_BOTTOM_FORMING
  PATTERN_CONTEXT: Body= 0.0  Range= 0.0  ExpectedRange= 66.7  RangeRatio= 0.0  O= 78071.6  H= 78071.6  L= 78071.6  C= 78071.6
neither = [np.float64(4.51)]
newSynthFut =  78100
ATMStrike =  77800
AVG_OIPCR= 0.65
avgoiPCROld=  4.51
SUPP_RES = 78000
FUT LTP = 78071.6
CEchoi  PechOi = 629040.0    242260.0
====================================
totalOIPCR = 0.88
AVG_VOLPCR= 0.63
atmPCR= 0.26  belowATM  0.55
atmVolPCR= 0.37  belowATM  0.73
True   78071.6   78000   False   False   47.71
curr Doji False
BSE:SENSEX2682078000PE  curr candle vol pcr = 0.82  PE= 50140  CE= 60940      cpr =  1.22
BSE:SENSEX2682078000PE  prev candle vol pcr = 0.57  PE= 32400  CE= 56800      cpr =  1.75
ATM_CE_premium= 357.15  ATM_PE_premium= 441.4
CE_PremChg= -3.95  PE_PremChg= 0.85
CandleBody= 0.0  PrevBody= 0.0  CandleRange= 0.0  Doji
TotalVol= 111080  PrevTotalVol= 89200  VolSpike= 1.25 x 
SCALP_SCORE: NEUTRAL | BullScore= 0  BearScore= 0 | Confidence= LOW
DATAPOINT|12:00|FUT=78071.6|Body=0.0|PrevBody=0.0|Range=0.0|RangeRatio=0.0|CurrVolPCR=0.82|PrevVolPCR=0.57|CurrCPR=1.22|PrevCPR=1.75|VolSpike=1.25|CE_PremChg=-3.95|PE_PremChg=0.85|BullScore=0|BearScore=0|Dir=NEUTRAL|Conf=LOW
CHART_PATTERN_DETECTED: INSIDE_BAR | DOUBLE_TOP_FORMING | DOUBLE_BOTTOM_FORMING
  PATTERN_CONTEXT: Body= 0.0  Range= 0.0  ExpectedRange= 66.7  RangeRatio= 0.0  O= 78071.6  H= 78071.6  L= 78071.6  C= 78071.6
BSE:SENSEX-INDEX  strikecount= 3   fyers <fyers_apiv3.fyersModel.FyersModel object at 0x75fb8594b890>
======================================
oipcr1 =  BSE:SENSEX2682078100CE   0.55
oipcr2 =  BSE:SENSEX2682078000PE   0.65
oipcr3 =  BSE:SENSEX2682077900PE   0.81
oipcrBull = NoEntry  bulcount= 0  bearcount= 3 oipcrBear= BearTrade
atmpcr5 pcr6= 1.03    1.95
No Entry Yet
India VIX = 11.4  Spot Price = 77776.34
IV Regime = LOW (ADAPTIVE: P25= 11.86  P50= 12.16  P75= 12.9 ) | DailyRange = 1266.6 | 3minCandleRange = 66.7 (theoretical= 111.1 ) | ATMoptionMove = 30.0 | SL = 105 | Target = 105 | TrailTrigger = 30 | Spread = 300 | Buffer = 27
IV Params refreshed: {'vix': 11.4, 'bn_price': 77776.34, 'regime': 'LOW', 'regime_thresholds': 'P25=11.86 P50=12.16 P75=12.9', 'daily_range': 1266.6, 'candle_range': 66.7, 'atm_option_move': 30.0, 'sl_point': 105, 'target_point': 105, 'sl_pct_of_premium': 0.1, 'trail_trigger': 30, 'spread_width': 300, 'support_resistance_buffer': 27}
BSE:SENSEX-INDEX  strikecount= 8   fyers <fyers_apiv3.fyersModel.FyersModel object at 0x75fb8594b890>
===
====after 3 min ochain==== 2026-08-14 12:03:00.026827
                                    oipcr   choipcr   totalOI
pcr1 =  BSE:SENSEX2682078600CE   0.3   0.11 CALL added 91740   PUT added 9940  OI= 146080
pcr2 =  BSE:SENSEX2682078500CE   0.24   0.01 CALL added 374460   PUT added 3140  OI= 619800
pcr3 =  BSE:SENSEX2682078400CE   0.13   0.05 CALL added 142320   PUT added 6500  OI= 213200
pcr4 =  BSE:SENSEX2682078300PE   0.24   0.2 CALL added 152120   PUT added 30760  OI= 58040
pcr5 =  BSE:SENSEX2682078200CE   0.26   0.03 CALL added 190860   PUT added 5160  OI= 322740
pcr6 =  BSE:SENSEX2682078100CE   0.55    0.52 CALL added 185160   PUT added 96700  OI= 289700
pcr7 =  BSE:SENSEX2682078000PE   0.65   0.39 CALL added 629540   PUT added 248020  OI= 764220
pcr8 =  BSE:SENSEX2682077900PE   0.82   0.76 CALL added 374580   PUT added 284180  OI= 391460
pcr9 =  BSE:SENSEX2682077800PE   1.04   0.96 CALL added 510280   PUT added 489520  OI= 738080
pcr10 =  BSE:SENSEX2682077700CE   1.92   1.88 CALL added 259160   PUT added 487200  OI= 289780
pcr11 =  BSE:SENSEX2682077600PE   5.91   6.22 CALL added 70020   PUT added 435720  OI= 497360
pcr12 =  BSE:SENSEX2682077500PE   3.56   4.99 CALL added 78240   PUT added 390220  OI= 606740
pcr13 =  BSE:SENSEX2682077400PE   7.28   6.67 CALL added 29380   PUT added 195840  OI= 235760
pcr14 =  BSE:SENSEX2682077300CE   8.8   7.5 CALL added 18220   PUT added 136640  OI= 20340
pcr15 =  BSE:SENSEX2682077200PE   12.53   9.51 CALL added 8800   PUT added 83700  OI= 130020
pcr16 =  BSE:SENSEX2682077100CE   22.52   19.01 CALL added 4360   PUT added 82900  OI= 4900
pcr17 =  BSE:SENSEX2682077000CE   9.07   9.91 CALL added 16240   PUT added 160860  OI= 41540
pcrSummation= 5.85  result =  ['BSE:SENSEX2682078500CE', 'BSE:SENSEX2682078400CE', 'BSE:SENSEX2682078300PE', 'BSE:SENSEX2682078200CE', 'BSE:SENSEX2682078100CE', 'BSE:SENSEX2682078000PE', 'BSE:SENSEX2682077900PE', 'BSE:SENSEX2682077800PE', 'BSE:SENSEX2682077700CE']
PCRSUM== 75.82
pcrSummation== 5.85
VOLPCRSUM== 5.65
spotLTP =  77776.34  ATM_STRIKE =  77800
IS_ATM_STRIKE_SHIFT = False  mapStrike = {77800: 77800}
avgOiPcrList2 = [np.float64(4.51), np.float64(4.46)] atmStrikeNotShiftedCount= 10
False   10   2
SUPP_RES=== 78000  Buffer= 27
CEoich val =  629540.0  PEoich val =  248020.0 , CE > PE by 60.6%
SUPP_RES TOTAL OI: CE= 1170320  PE= 764220 , CE > PE by 34.7%
IS_MORNING_WINDOW= False  (active 9:15-9:48 IST)
================================================
==== signal check time ==== 2026-08-14 12:03:00.640452
IS_CHOI_DIFF_GT_25PERC== True
RSI_VAL1== 43.71
RSI_VAL2== 43.71
FUT_3m_OHLC O= 78071.6  H= 78071.6  L= 78051.2  C= 78051.2  Range= 20.4
CHART_PATTERN_DETECTED: DOUBLE_TOP_FORMING | DOUBLE_BOTTOM_FORMING
  PATTERN_CONTEXT: Body= -20.4  Range= 20.4  ExpectedRange= 66.7  RangeRatio= 0.31  O= 78071.6  H= 78071.6  L= 78051.2  C= 78051.2
newSynthFut =  78100
ATMStrike =  77800
AVG_OIPCR= 0.65
avgoiPCROld=  4.46
SUPP_RES = 78000
FUT LTP = 78051.25
CEchoi  PechOi = 629540.0    248020.0
====================================
totalOIPCR = 0.88
AVG_VOLPCR= 0.63
atmPCR= 0.26  belowATM  0.55
atmVolPCR= 0.37  belowATM  0.73
True   78051.25   78000   False   False   43.71
curr Doji False
BSE:SENSEX2682078000PE  curr candle vol pcr = 0.76  PE= 45720  CE= 60400      cpr =  1.32
BSE:SENSEX2682078000PE  prev candle vol pcr = 0.82  PE= 50140  CE= 60940      cpr =  1.22
ATM_CE_premium= 352.1  ATM_PE_premium= 449.9
CE_PremChg= -5.05  PE_PremChg= 8.5
CandleBody= -20.4  PrevBody= 0.0  CandleRange= 20.4  Bearish
TotalVol= 106120  PrevTotalVol= 111080  VolSpike= 0.96 x 
SCALP_SCORE: BEAR | BullScore= 0  BearScore= 1 | Confidence= LOW
DATAPOINT|12:03|FUT=78051.2|Body=-20.4|PrevBody=0.0|Range=20.4|RangeRatio=0.31|CurrVolPCR=0.76|PrevVolPCR=0.82|CurrCPR=1.32|PrevCPR=1.22|VolSpike=0.96|CE_PremChg=-5.05|PE_PremChg=8.5|BullScore=0|BearScore=1|Dir=BEAR|Conf=LOW
CHART_PATTERN_DETECTED: DOUBLE_TOP_FORMING | DOUBLE_BOTTOM_FORMING
  PATTERN_CONTEXT: Body= -20.4  Range= 20.4  ExpectedRange= 66.7  RangeRatio= 0.31  O= 78071.6  H= 78071.6  L= 78051.2  C= 78051.2
BSE:SENSEX-INDEX  strikecount= 3   fyers <fyers_apiv3.fyersModel.FyersModel object at 0x75fb8594b890>
======================================
oipcr1 =  BSE:SENSEX2682078100CE   0.55
oipcr2 =  BSE:SENSEX2682078000PE   0.65
oipcr3 =  BSE:SENSEX2682077900PE   0.82
oipcrBull = NoEntry  bulcount= 0  bearcount= 3 oipcrBear= BearTrade
atmpcr5 pcr6= 1.04    1.92
No Entry Yet
India VIX = 11.4  Spot Price = 77784.55
IV Regime = LOW (ADAPTIVE: P25= 11.86  P50= 12.16  P75= 12.9 ) | DailyRange = 1266.8 | 3minCandleRange = 66.7 (theoretical= 111.1 ) | ATMoptionMove = 30.0 | SL = 105 | Target = 105 | TrailTrigger = 30 | Spread = 300 | Buffer = 27
IV Params refreshed: {'vix': 11.4, 'bn_price': 77784.55, 'regime': 'LOW', 'regime_thresholds': 'P25=11.86 P50=12.16 P75=12.9', 'daily_range': 1266.8, 'candle_range': 66.7, 'atm_option_move': 30.0, 'sl_point': 105, 'target_point': 105, 'sl_pct_of_premium': 0.1, 'trail_trigger': 30, 'spread_width': 300, 'support_resistance_buffer': 27}
BSE:SENSEX-INDEX  strikecount= 8   fyers <fyers_apiv3.fyersModel.FyersModel object at 0x75fb8594b890>
===
====after 3 min ochain==== 2026-08-14 12:06:00.028546
                                    oipcr   choipcr   totalOI
pcr1 =  BSE:SENSEX2682078600CE   0.3   0.11 CALL added 93220   PUT added 10280  OI= 147560
pcr2 =  BSE:SENSEX2682078500CE   0.24   0.01 CALL added 376060   PUT added 3900  OI= 621400
pcr3 =  BSE:SENSEX2682078400CE   0.13   0.05 CALL added 144500   PUT added 6660  OI= 215380
pcr4 =  BSE:SENSEX2682078300PE   0.25   0.21 CALL added 139440   PUT added 29300  OI= 56580
pcr5 =  BSE:SENSEX2682078200CE   0.26   0.03 CALL added 192100   PUT added 5360  OI= 323980
pcr6 =  BSE:SENSEX2682078100CE   0.52    0.49 CALL added 203520   PUT added 98720  OI= 308060
pcr7 =  BSE:SENSEX2682078000PE   0.66   0.4 CALL added 628020   PUT added 251340  OI= 767540
pcr8 =  BSE:SENSEX2682077900PE   0.82   0.76 CALL added 384440   PUT added 292640  OI= 399920
pcr9 =  BSE:SENSEX2682077800PE   1.03   0.94 CALL added 513420   PUT added 483960  OI= 732520
pcr10 =  BSE:SENSEX2682077700CE   1.87   1.83 CALL added 262540   PUT added 479480  OI= 293160
pcr11 =  BSE:SENSEX2682077600PE   5.78   6.06 CALL added 71180   PUT added 431220  OI= 492860
pcr12 =  BSE:SENSEX2682077500PE   3.57   5.02 CALL added 78040   PUT added 391420  OI= 607940
pcr13 =  BSE:SENSEX2682077400PE   7.26   6.65 CALL added 29780   PUT added 198160  OI= 238080
pcr14 =  BSE:SENSEX2682077300CE   8.95   7.65 CALL added 17940   PUT added 137300  OI= 20060
pcr15 =  BSE:SENSEX2682077200PE   12.31   9.29 CALL added 8880   PUT added 82460  OI= 128780
pcr16 =  BSE:SENSEX2682077100CE   22.59   19.09 CALL added 4360   PUT added 83240  OI= 4900
pcr17 =  BSE:SENSEX2682077000CE   9.19   10.2 CALL added 16220   PUT added 165400  OI= 41520
pcrSummation= 5.78  result =  ['BSE:SENSEX2682078500CE', 'BSE:SENSEX2682078400CE', 'BSE:SENSEX2682078300PE', 'BSE:SENSEX2682078200CE', 'BSE:SENSEX2682078100CE', 'BSE:SENSEX2682078000PE', 'BSE:SENSEX2682077900PE', 'BSE:SENSEX2682077800PE', 'BSE:SENSEX2682077700CE']
PCRSUM== 75.73
pcrSummation== 5.78
VOLPCRSUM== 5.640000000000001
spotLTP =  77784.55  ATM_STRIKE =  77800
IS_ATM_STRIKE_SHIFT = False  mapStrike = {77800: 77800}
avgOiPcrList2 = [np.float64(4.51), np.float64(4.46), np.float64(4.45)] atmStrikeNotShiftedCount= 11
False   11   3
SUPP_RES=== 78000  Buffer= 27
CEoich val =  628020.0  PEoich val =  251340.0 , CE > PE by 60.0%
SUPP_RES TOTAL OI: CE= 1168800  PE= 767540 , CE > PE by 34.3%
IS_MORNING_WINDOW= False  (active 9:15-9:48 IST)
================================================
==== signal check time ==== 2026-08-14 12:06:00.704929
IS_CHOI_DIFF_GT_25PERC== True
RSI_VAL1== 43.71
RSI_VAL2== 43.71
FUT_3m_OHLC O= 78051.2  H= 78051.2  L= 78051.2  C= 78051.2  Range= 0.0
CHART_PATTERN_DETECTED: INSIDE_BAR | DOUBLE_TOP_FORMING | DOUBLE_BOTTOM_FORMING
  PATTERN_CONTEXT: Body= 0.0  Range= 0.0  ExpectedRange= 66.7  RangeRatio= 0.0  O= 78051.2  H= 78051.2  L= 78051.2  C= 78051.2
isPcrDecr = True
newSynthFut =  78100
ATMStrike =  77800
AVG_OIPCR= 0.64
avgoiPCROld=  4.45
SUPP_RES = 78000
FUT LTP = 78051.25
CEchoi  PechOi = 628020.0    251340.0
====================================
totalOIPCR = 0.87
AVG_VOLPCR= 0.63
atmPCR= 0.26  belowATM  0.52
atmVolPCR= 0.37  belowATM  0.72
True   78051.25   78000   False   True   43.71
no trade yet = [np.float64(4.51), np.float64(4.46), np.float64(4.45)]
curr Doji False
BSE:SENSEX2682078000PE  curr candle vol pcr = 1.29  PE= 46980  CE= 36560      cpr =  0.78
BSE:SENSEX2682078000PE  prev candle vol pcr = 0.76  PE= 45720  CE= 60400      cpr =  1.32
ATM_CE_premium= 355.65  ATM_PE_premium= 443.15
CE_PremChg= 3.55  PE_PremChg= -6.75
CandleBody= 0.0  PrevBody= -20.4  CandleRange= 0.0  Doji
TotalVol= 83540  PrevTotalVol= 106120  VolSpike= 0.79 x 
SCALP_SCORE: NEUTRAL | BullScore= 0  BearScore= 0 | Confidence= LOW
DATAPOINT|12:06|FUT=78051.2|Body=0.0|PrevBody=-20.4|Range=0.0|RangeRatio=0.0|CurrVolPCR=1.29|PrevVolPCR=0.76|CurrCPR=0.78|PrevCPR=1.32|VolSpike=0.79|CE_PremChg=3.55|PE_PremChg=-6.75|BullScore=0|BearScore=0|Dir=NEUTRAL|Conf=LOW
CHART_PATTERN_DETECTED: INSIDE_BAR | DOUBLE_TOP_FORMING | DOUBLE_BOTTOM_FORMING
  PATTERN_CONTEXT: Body= 0.0  Range= 0.0  ExpectedRange= 66.7  RangeRatio= 0.0  O= 78051.2  H= 78051.2  L= 78051.2  C= 78051.2
BSE:SENSEX-INDEX  strikecount= 3   fyers <fyers_apiv3.fyersModel.FyersModel object at 0x75fb8594b890>
======================================
oipcr1 =  BSE:SENSEX2682078100CE   0.52
oipcr2 =  BSE:SENSEX2682078000PE   0.66
oipcr3 =  BSE:SENSEX2682077900PE   0.82
oipcrBull = NoEntry  bulcount= 0  bearcount= 3 oipcrBear= BearTrade
atmpcr5 pcr6= 1.03    1.87
No Entry Yet
India VIX = 11.52  Spot Price = 77821.03
IV Regime = LOW (ADAPTIVE: P25= 11.86  P50= 12.16  P75= 12.9 ) | DailyRange = 1280.7 | 3minCandleRange = 67.4 (theoretical= 112.3 ) | ATMoptionMove = 30.3 | SL = 106 | Target = 106 | TrailTrigger = 30 | Spread = 300 | Buffer = 27
IV Params refreshed: {'vix': 11.52, 'bn_price': 77821.03, 'regime': 'LOW', 'regime_thresholds': 'P25=11.86 P50=12.16 P75=12.9', 'daily_range': 1280.7, 'candle_range': 67.4, 'atm_option_move': 30.3, 'sl_point': 106, 'target_point': 106, 'sl_pct_of_premium': 0.1, 'trail_trigger': 30, 'spread_width': 300, 'support_resistance_buffer': 27}
BSE:SENSEX-INDEX  strikecount= 8   fyers <fyers_apiv3.fyersModel.FyersModel object at 0x75fb8594b890>
===
====after 3 min ochain==== 2026-08-14 12:09:00.016802
                                    oipcr   choipcr   totalOI
pcr1 =  BSE:SENSEX2682078600CE   0.3   0.11 CALL added 91080   PUT added 10380  OI= 145420
pcr2 =  BSE:SENSEX2682078500CE   0.24   0.01 CALL added 373780   PUT added 4700  OI= 619120
pcr3 =  BSE:SENSEX2682078400CE   0.13   0.05 CALL added 142020   PUT added 6540  OI= 212900
pcr4 =  BSE:SENSEX2682078300PE   0.25   0.2 CALL added 139980   PUT added 28240  OI= 55520
pcr5 =  BSE:SENSEX2682078200CE   0.27   0.04 CALL added 188240   PUT added 6740  OI= 320120
pcr6 =  BSE:SENSEX2682078100CE   0.53    0.5 CALL added 193900   PUT added 97580  OI= 298440
pcr7 =  BSE:SENSEX2682078000PE   0.65   0.38 CALL added 630520   PUT added 241540  OI= 757740
pcr8 =  BSE:SENSEX2682077900PE   0.81   0.75 CALL added 385240   PUT added 288820  OI= 396100
pcr9 =  BSE:SENSEX2682077800PE   1.03   0.94 CALL added 504400   PUT added 474500  OI= 723060
pcr10 =  BSE:SENSEX2682077700CE   1.88   1.84 CALL added 261960   PUT added 480760  OI= 292580
pcr11 =  BSE:SENSEX2682077600PE   5.54   5.77 CALL added 73960   PUT added 426580  OI= 488220
pcr12 =  BSE:SENSEX2682077500PE   3.61   5.14 CALL added 76980   PUT added 395660  OI= 612180
pcr13 =  BSE:SENSEX2682077400PE   7.26   6.65 CALL added 29400   PUT added 195460  OI= 235380
pcr14 =  BSE:SENSEX2682077300CE   8.55   7.26 CALL added 18660   PUT added 135440  OI= 20780
pcr15 =  BSE:SENSEX2682077200PE   12.29   9.35 CALL added 9140   PUT added 85440  OI= 131760
pcr16 =  BSE:SENSEX2682077100CE   22.33   18.85 CALL added 4420   PUT added 83300  OI= 4960
pcr17 =  BSE:SENSEX2682077000CE   9.3   10.49 CALL added 16180   PUT added 169720  OI= 41480
pcrSummation= 5.79  result =  ['BSE:SENSEX2682078500CE', 'BSE:SENSEX2682078400CE', 'BSE:SENSEX2682078300PE', 'BSE:SENSEX2682078200CE', 'BSE:SENSEX2682078100CE', 'BSE:SENSEX2682078000PE', 'BSE:SENSEX2682077900PE', 'BSE:SENSEX2682077800PE', 'BSE:SENSEX2682077700CE']
PCRSUM== 74.97
pcrSummation== 5.79
VOLPCRSUM== 5.609999999999999
spotLTP =  77821.03  ATM_STRIKE =  77800
IS_ATM_STRIKE_SHIFT = False  mapStrike = {77800: 77800}
avgOiPcrList2 = [np.float64(4.46), np.float64(4.45), np.float64(4.41)] atmStrikeNotShiftedCount= 12
False   12   3
SUPP_RES=== 78000  Buffer= 27
CEoich val =  630520.0  PEoich val =  241540.0 , CE > PE by 61.7%
SUPP_RES TOTAL OI: CE= 1171300  PE= 757740 , CE > PE by 35.3%
IS_MORNING_WINDOW= False  (active 9:15-9:48 IST)
================================================
==== signal check time ==== 2026-08-14 12:09:00.644632
IS_CHOI_DIFF_GT_25PERC== True
RSI_VAL1== 43.71
RSI_VAL2== 43.71
FUT_3m_OHLC O= 78051.2  H= 78051.2  L= 78051.2  C= 78051.2  Range= 0.0
CHART_PATTERN_DETECTED: INSIDE_BAR | DOUBLE_BOTTOM_FORMING
  PATTERN_CONTEXT: Body= 0.0  Range= 0.0  ExpectedRange= 67.4  RangeRatio= 0.0  O= 78051.2  H= 78051.2  L= 78051.2  C= 78051.2
isPcrDecr = True
newSynthFut =  78100
ATMStrike =  77800
AVG_OIPCR= 0.64
avgoiPCROld=  4.41
SUPP_RES = 78000
FUT LTP = 78051.25
CEchoi  PechOi = 630520.0    241540.0
====================================
totalOIPCR = 0.87
AVG_VOLPCR= 0.62
atmPCR= 0.27  belowATM  0.53
atmVolPCR= 0.37  belowATM  0.71
True   78051.25   78000   False   True   43.71
no trade yet = [np.float64(4.46), np.float64(4.45), np.float64(4.41)]
curr Doji False
BSE:SENSEX2682078000PE  curr candle vol pcr = 0.77  PE= 87640  CE= 113360      cpr =  1.29
BSE:SENSEX2682078000PE  prev candle vol pcr = 1.29  PE= 46980  CE= 36560      cpr =  0.78
ATM_CE_premium= 366.3  ATM_PE_premium= 433.65
CE_PremChg= 10.65  PE_PremChg= -9.5
CandleBody= 0.0  PrevBody= 0.0  CandleRange= 0.0  Doji
TotalVol= 201000  PrevTotalVol= 83540  VolSpike= 2.41 x  SPIKE!
SCALP_SCORE: NEUTRAL | BullScore= 0  BearScore= 0 | Confidence= LOW
DATAPOINT|12:09|FUT=78051.2|Body=0.0|PrevBody=0.0|Range=0.0|RangeRatio=0.0|CurrVolPCR=0.77|PrevVolPCR=1.29|CurrCPR=1.29|PrevCPR=0.78|VolSpike=2.41|CE_PremChg=10.65|PE_PremChg=-9.5|BullScore=0|BearScore=0|Dir=NEUTRAL|Conf=LOW
CHART_PATTERN_DETECTED: INSIDE_BAR | DOUBLE_BOTTOM_FORMING
  PATTERN_CONTEXT: Body= 0.0  Range= 0.0  ExpectedRange= 67.4  RangeRatio= 0.0  O= 78051.2  H= 78051.2  L= 78051.2  C= 78051.2
BSE:SENSEX-INDEX  strikecount= 3   fyers <fyers_apiv3.fyersModel.FyersModel object at 0x75fb8594b890>
======================================
oipcr1 =  BSE:SENSEX2682078100CE   0.53
oipcr2 =  BSE:SENSEX2682078000PE   0.65
oipcr3 =  BSE:SENSEX2682077900PE   0.81
oipcrBull = NoEntry  bulcount= 0  bearcount= 3 oipcrBear= BearTrade
atmpcr5 pcr6= 1.03    1.88
No Entry Yet
India VIX = 11.37  Spot Price = 77835.66
IV Regime = LOW (ADAPTIVE: P25= 11.86  P50= 12.16  P75= 12.9 ) | DailyRange = 1264.3 | 3minCandleRange = 66.5 (theoretical= 110.9 ) | ATMoptionMove = 29.9 | SL = 105 | Target = 105 | TrailTrigger = 30 | Spread = 300 | Buffer = 27
IV Params refreshed: {'vix': 11.37, 'bn_price': 77835.66, 'regime': 'LOW', 'regime_thresholds': 'P25=11.86 P50=12.16 P75=12.9', 'daily_range': 1264.3, 'candle_range': 66.5, 'atm_option_move': 29.9, 'sl_point': 105, 'target_point': 105, 'sl_pct_of_premium': 0.1, 'trail_trigger': 30, 'spread_width': 300, 'support_resistance_buffer': 27}
BSE:SENSEX-INDEX  strikecount= 8   fyers <fyers_apiv3.fyersModel.FyersModel object at 0x75fb8594b890>
===
====after 3 min ochain==== 2026-08-14 12:12:00.001423
                                    oipcr   choipcr   totalOI
pcr1 =  BSE:SENSEX2682078600CE   0.3   0.11 CALL added 93580   PUT added 10420  OI= 147920
pcr2 =  BSE:SENSEX2682078500CE   0.25   0.02 CALL added 377680   PUT added 7920  OI= 623020
pcr3 =  BSE:SENSEX2682078400CE   0.13   0.05 CALL added 148040   PUT added 6780  OI= 218920
pcr4 =  BSE:SENSEX2682078300PE   0.24   0.19 CALL added 144040   PUT added 26980  OI= 54260
pcr5 =  BSE:SENSEX2682078200CE   0.28   0.05 CALL added 185660   PUT added 8700  OI= 317540
pcr6 =  BSE:SENSEX2682078100CE   0.54    0.52 CALL added 198060   PUT added 102440  OI= 302600
pcr7 =  BSE:SENSEX2682078000PE   0.66   0.4 CALL added 641420   PUT added 258560  OI= 774760
pcr8 =  BSE:SENSEX2682077900PE   0.82   0.77 CALL added 393840   PUT added 302500  OI= 409780
pcr9 =  BSE:SENSEX2682077800PE   1.05   0.97 CALL added 518640   PUT added 502840  OI= 751400
pcr10 =  BSE:SENSEX2682077700CE   2.0   1.97 CALL added 248960   PUT added 490560  OI= 279580
pcr11 =  BSE:SENSEX2682077600PE   5.82   6.12 CALL added 69380   PUT added 424420  OI= 486060
pcr12 =  BSE:SENSEX2682077500PE   3.74   5.52 CALL added 72680   PUT added 401420  OI= 617940
pcr13 =  BSE:SENSEX2682077400PE   7.32   6.71 CALL added 29300   PUT added 196660  OI= 236580
pcr14 =  BSE:SENSEX2682077300CE   8.7   7.46 CALL added 19160   PUT added 142880  OI= 21280
pcr15 =  BSE:SENSEX2682077200PE   12.07   9.17 CALL added 9380   PUT added 85980  OI= 132300
pcr16 =  BSE:SENSEX2682077100CE   21.83   18.38 CALL added 4540   PUT added 83460  OI= 5080
pcr17 =  BSE:SENSEX2682077000CE   9.15   10.13 CALL added 15780   PUT added 159920  OI= 41080
pcrSummation= 5.97  result =  ['BSE:SENSEX2682078500CE', 'BSE:SENSEX2682078400CE', 'BSE:SENSEX2682078300PE', 'BSE:SENSEX2682078200CE', 'BSE:SENSEX2682078100CE', 'BSE:SENSEX2682078000PE', 'BSE:SENSEX2682077900PE', 'BSE:SENSEX2682077800PE', 'BSE:SENSEX2682077700CE']
PCRSUM== 74.9
pcrSummation== 5.97
VOLPCRSUM== 5.59
spotLTP =  77835.66  ATM_STRIKE =  77800
IS_ATM_STRIKE_SHIFT = False  mapStrike = {77800: 77800}
avgOiPcrList2 = [np.float64(4.45), np.float64(4.41), np.float64(4.41)] atmStrikeNotShiftedCount= 13
False   13   3
SUPP_RES=== 78000  Buffer= 27
CEoich val =  641420.0  PEoich val =  258560.0 , CE > PE by 59.7%
SUPP_RES TOTAL OI: CE= 1182200  PE= 774760 , CE > PE by 34.5%
IS_MORNING_WINDOW= False  (active 9:15-9:48 IST)
================================================
==== signal check time ==== 2026-08-14 12:12:00.669221
IS_CHOI_DIFF_GT_25PERC== True
RSI_VAL1== 59.6
RSI_VAL2== 53.07
FUT_3m_OHLC O= 78051.2  H= 78090.0  L= 78051.2  C= 78090.0  Range= 38.8
CHART_PATTERN_DETECTED: DOUBLE_BOTTOM_FORMING
  PATTERN_CONTEXT: Body= 38.8  Range= 38.8  ExpectedRange= 66.5  RangeRatio= 0.58  O= 78051.2  H= 78090.0  L= 78051.2  C= 78090.0
neither = [np.float64(4.41)]
newSynthFut =  78100
ATMStrike =  77800
AVG_OIPCR= 0.66
avgoiPCROld=  4.41
SUPP_RES = 78000
FUT LTP = 78090.0
CEchoi  PechOi = 641420.0    258560.0
====================================
totalOIPCR = 0.87
AVG_VOLPCR= 0.62
atmPCR= 0.28  belowATM  0.54
atmVolPCR= 0.37  belowATM  0.71
True   78090.0   78000   False   False   53.07
curr Doji False
BSE:SENSEX2682078000PE  curr candle vol pcr = 0.75  PE= 145040  CE= 194540      cpr =  1.34
BSE:SENSEX2682078000PE  prev candle vol pcr = 0.77  PE= 87640  CE= 113360      cpr =  1.29
ATM_CE_premium= 377.7  ATM_PE_premium= 415.95
CE_PremChg= 11.4  PE_PremChg= -17.7
CandleBody= 38.8  PrevBody= 0.0  CandleRange= 38.8  Bullish
TotalVol= 339580  PrevTotalVol= 201000  VolSpike= 1.69 x 
SCALP_SCORE: BULL | BullScore= 2  BearScore= 1 | Confidence= LOW
DATAPOINT|12:12|FUT=78090.0|Body=38.8|PrevBody=0.0|Range=38.8|RangeRatio=0.58|CurrVolPCR=0.75|PrevVolPCR=0.77|CurrCPR=1.34|PrevCPR=1.29|VolSpike=1.69|CE_PremChg=11.4|PE_PremChg=-17.7|BullScore=2|BearScore=1|Dir=BULL|Conf=LOW
CHART_PATTERN_DETECTED: DOUBLE_BOTTOM_FORMING
  PATTERN_CONTEXT: Body= 38.8  Range= 38.8  ExpectedRange= 66.5  RangeRatio= 0.58  O= 78051.2  H= 78090.0  L= 78051.2  C= 78090.0
BSE:SENSEX-INDEX  strikecount= 3   fyers <fyers_apiv3.fyersModel.FyersModel object at 0x75fb8594b890>
======================================
oipcr1 =  BSE:SENSEX2682078100CE   0.54
oipcr2 =  BSE:SENSEX2682078000PE   0.66
oipcr3 =  BSE:SENSEX2682077900PE   0.82
oipcrBull = NoEntry  bulcount= 0  bearcount= 3 oipcrBear= BearTrade
atmpcr5 pcr6= 1.05    2.0
No Entry Yet
India VIX = 11.38  Spot Price = 77834.38
IV Regime = LOW (ADAPTIVE: P25= 11.86  P50= 12.16  P75= 12.9 ) | DailyRange = 1265.4 | 3minCandleRange = 66.6 (theoretical= 111.0 ) | ATMoptionMove = 30.0 | SL = 105 | Target = 105 | TrailTrigger = 30 | Spread = 300 | Buffer = 27
IV Params refreshed: {'vix': 11.38, 'bn_price': 77834.38, 'regime': 'LOW', 'regime_thresholds': 'P25=11.86 P50=12.16 P75=12.9', 'daily_range': 1265.4, 'candle_range': 66.6, 'atm_option_move': 30.0, 'sl_point': 105, 'target_point': 105, 'sl_pct_of_premium': 0.1, 'trail_trigger': 30, 'spread_width': 300, 'support_resistance_buffer': 27}
BSE:SENSEX-INDEX  strikecount= 8   fyers <fyers_apiv3.fyersModel.FyersModel object at 0x75fb8594b890>
===
====after 3 min ochain==== 2026-08-14 12:15:00.019277
                                    oipcr   choipcr   totalOI
pcr1 =  BSE:SENSEX2682078600CE   0.29   0.11 CALL added 98740   PUT added 10420  OI= 153080
pcr2 =  BSE:SENSEX2682078500CE   0.24   0.02 CALL added 380100   PUT added 7420  OI= 625440
pcr3 =  BSE:SENSEX2682078400CE   0.13   0.05 CALL added 147500   PUT added 6960  OI= 218380
pcr4 =  BSE:SENSEX2682078300PE   0.24   0.19 CALL added 144620   PUT added 27960  OI= 55240
pcr5 =  BSE:SENSEX2682078200CE   0.28   0.05 CALL added 184720   PUT added 8660  OI= 316600
pcr6 =  BSE:SENSEX2682078100CE   0.56    0.54 CALL added 199760   PUT added 107180  OI= 304300
pcr7 =  BSE:SENSEX2682078000PE   0.67   0.42 CALL added 629160   PUT added 266940  OI= 783140
pcr8 =  BSE:SENSEX2682077900PE   0.83   0.78 CALL added 390260   PUT added 306080  OI= 413360
pcr9 =  BSE:SENSEX2682077800PE   1.07   1.0 CALL added 518540   PUT added 520740  OI= 769300
pcr10 =  BSE:SENSEX2682077700CE   2.13   2.11 CALL added 234820   PUT added 494600  OI= 265440
pcr11 =  BSE:SENSEX2682077600PE   5.89   6.22 CALL added 67620   PUT added 420340  OI= 481980
pcr12 =  BSE:SENSEX2682077500PE   3.84   5.69 CALL added 74160   PUT added 422220  OI= 638740
pcr13 =  BSE:SENSEX2682077400PE   7.4   6.79 CALL added 29000   PUT added 196960  OI= 236880
pcr14 =  BSE:SENSEX2682077300CE   8.85   7.6 CALL added 18860   PUT added 143420  OI= 20980
pcr15 =  BSE:SENSEX2682077200PE   12.05   9.16 CALL added 9420   PUT added 86260  OI= 132580
pcr16 =  BSE:SENSEX2682077100CE   20.83   17.42 CALL added 4740   PUT added 82560  OI= 5280
pcr17 =  BSE:SENSEX2682077000CE   9.17   10.17 CALL added 15640   PUT added 159120  OI= 40940
pcrSummation= 6.15  result =  ['BSE:SENSEX2682078500CE', 'BSE:SENSEX2682078400CE', 'BSE:SENSEX2682078300PE', 'BSE:SENSEX2682078200CE', 'BSE:SENSEX2682078100CE', 'BSE:SENSEX2682078000PE', 'BSE:SENSEX2682077900PE', 'BSE:SENSEX2682077800PE', 'BSE:SENSEX2682077700CE']
PCRSUM== 74.47
pcrSummation== 6.15
VOLPCRSUM== 5.58
spotLTP =  77834.38  ATM_STRIKE =  77800
IS_ATM_STRIKE_SHIFT = False  mapStrike = {77800: 77800}
avgOiPcrList2 = [np.float64(4.41), np.float64(4.38)] atmStrikeNotShiftedCount= 14
False   14   2
SUPP_RES=== 78000  Buffer= 27
CEoich val =  629160.0  PEoich val =  266940.0 , CE > PE by 57.6%
SUPP_RES TOTAL OI: CE= 1169940  PE= 783140 , CE > PE by 33.1%
IS_MORNING_WINDOW= False  (active 9:15-9:48 IST)
================================================
==== signal check time ==== 2026-08-14 12:15:00.732765
IS_CHOI_DIFF_GT_25PERC== True
RSI_VAL1== 59.6
RSI_VAL2== 59.6
FUT_3m_OHLC O= 78125.0  H= 78125.0  L= 78125.0  C= 78125.0  Range= 0.0
CHART_PATTERN_DETECTED: DOUBLE_BOTTOM_FORMING
  PATTERN_CONTEXT: Body= 0.0  Range= 0.0  ExpectedRange= 66.6  RangeRatio= 0.0  O= 78125.0  H= 78125.0  L= 78125.0  C= 78125.0
newSynthFut =  78100
ATMStrike =  77800
AVG_OIPCR= 0.68
avgoiPCROld=  4.38
SUPP_RES = 78000
FUT LTP = 78125.0
CEchoi  PechOi = 629160.0    266940.0
====================================
totalOIPCR = 0.88
AVG_VOLPCR= 0.62
atmPCR= 0.28  belowATM  0.56
atmVolPCR= 0.36  belowATM  0.71
True   78125.0   78000   False   False   59.6
curr Doji False
BSE:SENSEX2682078100PE  curr candle vol pcr = 0.42  PE= 17240  CE= 40760      cpr =  2.36
BSE:SENSEX2682078000PE  prev candle vol pcr = 0.75  PE= 145040  CE= 194540      cpr =  1.34
VOL_PRESSURE_WATCH: SINGLE_CANDLE_CALL_PRESSURE | currCPR= 2.36  prevCPR= 1.34
ATM_CE_premium= 330.05  ATM_PE_premium= 470.1
CE_PremChg= -0.6  PE_PremChg= 2.55
CandleBody= 0.0  PrevBody= 38.8  CandleRange= 0.0  Doji
TotalVol= 58000  PrevTotalVol= 339580  VolSpike= 0.17 x 
SCALP_SCORE: BEAR | BullScore= 0  BearScore= 1 | Confidence= LOW
DATAPOINT|12:15|FUT=78125.0|Body=0.0|PrevBody=38.8|Range=0.0|RangeRatio=0.0|CurrVolPCR=0.42|PrevVolPCR=0.75|CurrCPR=2.36|PrevCPR=1.34|VolSpike=0.17|CE_PremChg=-0.6|PE_PremChg=2.55|BullScore=0|BearScore=1|Dir=BEAR|Conf=LOW
CHART_PATTERN_DETECTED: DOUBLE_BOTTOM_FORMING
  PATTERN_CONTEXT: Body= 0.0  Range= 0.0  ExpectedRange= 66.6  RangeRatio= 0.0  O= 78125.0  H= 78125.0  L= 78125.0  C= 78125.0
BSE:SENSEX-INDEX  strikecount= 3   fyers <fyers_apiv3.fyersModel.FyersModel object at 0x75fb8594b890>
======================================
oipcr1 =  BSE:SENSEX2682078100CE   0.56
oipcr2 =  BSE:SENSEX2682078000PE   0.67
oipcr3 =  BSE:SENSEX2682077900PE   0.83
oipcrBull = NoEntry  bulcount= 0  bearcount= 3 oipcrBear= BearTrade
atmpcr5 pcr6= 1.07    2.13
No Entry Yet
India VIX = 11.32  Spot Price = 77839.3
IV Regime = LOW (ADAPTIVE: P25= 11.86  P50= 12.16  P75= 12.9 ) | DailyRange = 1258.8 | 3minCandleRange = 66.2 (theoretical= 110.4 ) | ATMoptionMove = 29.8 | SL = 104 | Target = 104 | TrailTrigger = 30 | Spread = 300 | Buffer = 26
IV Params refreshed: {'vix': 11.32, 'bn_price': 77839.3, 'regime': 'LOW', 'regime_thresholds': 'P25=11.86 P50=12.16 P75=12.9', 'daily_range': 1258.8, 'candle_range': 66.2, 'atm_option_move': 29.8, 'sl_point': 104, 'target_point': 104, 'sl_pct_of_premium': 0.1, 'trail_trigger': 30, 'spread_width': 300, 'support_resistance_buffer': 26}
BSE:SENSEX-INDEX  strikecount= 8   fyers <fyers_apiv3.fyersModel.FyersModel object at 0x75fb8594b890>
===
====after 3 min ochain==== 2026-08-14 12:18:00.014222
                                    oipcr   choipcr   totalOI
pcr1 =  BSE:SENSEX2682078600CE   0.29   0.11 CALL added 97560   PUT added 10880  OI= 151900
pcr2 =  BSE:SENSEX2682078500CE   0.25   0.02 CALL added 378020   PUT added 8620  OI= 623360
pcr3 =  BSE:SENSEX2682078400CE   0.13   0.06 CALL added 148280   PUT added 8540  OI= 219160
pcr4 =  BSE:SENSEX2682078300PE   0.24   0.2 CALL added 143700   PUT added 28860  OI= 56140
pcr5 =  BSE:SENSEX2682078200CE   0.29   0.07 CALL added 178660   PUT added 12060  OI= 310540
pcr6 =  BSE:SENSEX2682078100CE   0.58    0.58 CALL added 195740   PUT added 112600  OI= 300280
pcr7 =  BSE:SENSEX2682078000PE   0.69   0.46 CALL added 606600   PUT added 276540  OI= 792740
pcr8 =  BSE:SENSEX2682077900PE   0.85   0.8 CALL added 386320   PUT added 307900  OI= 415180
pcr9 =  BSE:SENSEX2682077800PE   1.12   1.06 CALL added 503300   PUT added 534220  OI= 782780
pcr10 =  BSE:SENSEX2682077700CE   2.24   2.23 CALL added 226500   PUT added 505000  OI= 257120
pcr11 =  BSE:SENSEX2682077600PE   6.09   6.46 CALL added 65360   PUT added 422380  OI= 484020
pcr12 =  BSE:SENSEX2682077500PE   3.88   5.84 CALL added 72760   PUT added 424600  OI= 641120
pcr13 =  BSE:SENSEX2682077400PE   7.56   6.96 CALL added 28580   PUT added 198880  OI= 238800
pcr14 =  BSE:SENSEX2682077300CE   8.95   7.72 CALL added 18940   PUT added 146160  OI= 21060
pcr15 =  BSE:SENSEX2682077200PE   12.12   9.23 CALL added 9400   PUT added 86760  OI= 133080
pcr16 =  BSE:SENSEX2682077100CE   20.74   17.32 CALL added 4740   PUT added 82080  OI= 5280
pcr17 =  BSE:SENSEX2682077000CE   9.37   10.76 CALL added 15100   PUT added 162460  OI= 40400
pcrSummation= 6.390000000000001  result =  ['BSE:SENSEX2682078500CE', 'BSE:SENSEX2682078400CE', 'BSE:SENSEX2682078300PE', 'BSE:SENSEX2682078200CE', 'BSE:SENSEX2682078100CE', 'BSE:SENSEX2682078000PE', 'BSE:SENSEX2682077900PE', 'BSE:SENSEX2682077800PE', 'BSE:SENSEX2682077700CE']
PCRSUM== 75.39
pcrSummation== 6.39
VOLPCRSUM== 5.52
spotLTP =  77839.3  ATM_STRIKE =  77800
IS_ATM_STRIKE_SHIFT = False  mapStrike = {77800: 77800}
avgOiPcrList2 = [np.float64(4.41), np.float64(4.38), np.float64(4.43)] atmStrikeNotShiftedCount= 15
False   15   3
SUPP_RES=== 78000  Buffer= 26
CEoich val =  606600.0  PEoich val =  276540.0 , CE > PE by 54.4%
SUPP_RES TOTAL OI: CE= 1147380  PE= 792740 , CE > PE by 30.9%
IS_MORNING_WINDOW= False  (active 9:15-9:48 IST)
================================================
==== signal check time ==== 2026-08-14 12:18:00.685287
IS_CHOI_DIFF_GT_25PERC== True
RSI_VAL1== 58.35
RSI_VAL2== 58.35
FUT_3m_OHLC O= 78120.0  H= 78120.0  L= 78120.0  C= 78120.0  Range= 0.0
CHART_PATTERN_DETECTED: DOUBLE_TOP_FORMING
  PATTERN_CONTEXT: Body= 0.0  Range= 0.0  ExpectedRange= 66.2  RangeRatio= 0.0  O= 78120.0  H= 78120.0  L= 78120.0  C= 78120.0
recent two = [np.float64(4.38), np.float64(4.43)]
newSynthFut =  78100
ATMStrike =  77800
AVG_OIPCR= 0.71
avgoiPCROld=  4.43
SUPP_RES = 78000
FUT LTP = 78120.0
CEchoi  PechOi = 606600.0    276540.0
====================================
totalOIPCR = 0.89
AVG_VOLPCR= 0.61
atmPCR= 0.29  belowATM  0.58
atmVolPCR= 0.36  belowATM  0.7
True   78120.0   78000   False   False   58.35
curr Doji False
BSE:SENSEX2682078100PE  curr candle vol pcr = 0.28  PE= 13880  CE= 50060      cpr =  3.61
BSE:SENSEX2682078100PE  prev candle vol pcr = 0.42  PE= 17240  CE= 40760      cpr =  2.36
VOL_PRESSURE_ALERT: STRONG_CALL_PRESSURE | currCPR= 3.61  prevCPR= 2.36  Direction=BEARISH_SIGNAL (heavy CE buying = expecting down move)
ATM_CE_premium= 333.1  ATM_PE_premium= 465.7
CE_PremChg= 3.05  PE_PremChg= -4.4
CandleBody= 0.0  PrevBody= 0.0  CandleRange= 0.0  Doji
TotalVol= 63940  PrevTotalVol= 58000  VolSpike= 1.1 x 
SCALP_SCORE: BEAR | BullScore= 0  BearScore= 2 | Confidence= LOW
DATAPOINT|12:18|FUT=78120.0|Body=0.0|PrevBody=0.0|Range=0.0|RangeRatio=0.0|CurrVolPCR=0.28|PrevVolPCR=0.42|CurrCPR=3.61|PrevCPR=2.36|VolSpike=1.1|CE_PremChg=3.05|PE_PremChg=-4.4|BullScore=0|BearScore=2|Dir=BEAR|Conf=LOW
CHART_PATTERN_DETECTED: DOUBLE_TOP_FORMING
  PATTERN_CONTEXT: Body= 0.0  Range= 0.0  ExpectedRange= 66.2  RangeRatio= 0.0  O= 78120.0  H= 78120.0  L= 78120.0  C= 78120.0
BSE:SENSEX-INDEX  strikecount= 3   fyers <fyers_apiv3.fyersModel.FyersModel object at 0x75fb8594b890>
======================================
oipcr1 =  BSE:SENSEX2682078100CE   0.58
oipcr2 =  BSE:SENSEX2682078000PE   0.69
oipcr3 =  BSE:SENSEX2682077900PE   0.85
oipcrBull = NoEntry  bulcount= 0  bearcount= 3 oipcrBear= BearTrade
atmpcr5 pcr6= 1.12    2.24
No Entry Yet
India VIX = 11.3  Spot Price = 77854.41
IV Regime = LOW (ADAPTIVE: P25= 11.86  P50= 12.16  P75= 12.9 ) | DailyRange = 1256.8 | 3minCandleRange = 66.1 (theoretical= 110.2 ) | ATMoptionMove = 29.8 | SL = 104 | Target = 104 | TrailTrigger = 30 | Spread = 300 | Buffer = 26
IV Params refreshed: {'vix': 11.3, 'bn_price': 77854.41, 'regime': 'LOW', 'regime_thresholds': 'P25=11.86 P50=12.16 P75=12.9', 'daily_range': 1256.8, 'candle_range': 66.1, 'atm_option_move': 29.8, 'sl_point': 104, 'target_point': 104, 'sl_pct_of_premium': 0.1, 'trail_trigger': 30, 'spread_width': 300, 'support_resistance_buffer': 26}
BSE:SENSEX-INDEX  strikecount= 8   fyers <fyers_apiv3.fyersModel.FyersModel object at 0x75fb8594b890>
===
====after 3 min ochain==== 2026-08-14 12:21:00.000001
                                    oipcr   choipcr   totalOI
pcr1 =  BSE:SENSEX2682078700PE   0.15   0.01 CALL added 76300   PUT added 420  OI= 18500
pcr2 =  BSE:SENSEX2682078600CE   0.3   0.12 CALL added 97800   PUT added 11300  OI= 152140
pcr3 =  BSE:SENSEX2682078500CE   0.25   0.02 CALL added 376880   PUT added 9200  OI= 622220
pcr4 =  BSE:SENSEX2682078400CE   0.14   0.06 CALL added 147560   PUT added 9120  OI= 218440
pcr5 =  BSE:SENSEX2682078300PE   0.25   0.22 CALL added 146560   PUT added 31600  OI= 58880
pcr6 =  BSE:SENSEX2682078200CE   0.3    0.09 CALL added 177880   PUT added 15660  OI= 309760
pcr7 =  BSE:SENSEX2682078100CE   0.63   0.66 CALL added 184380   PUT added 121080  OI= 288920
pcr8 =  BSE:SENSEX2682078000PE   0.72   0.5 CALL added 578000   PUT added 287760  OI= 803960
pcr9 =  BSE:SENSEX2682077900PE   0.85   0.8 CALL added 381360   PUT added 304760  OI= 412040
pcr10 =  BSE:SENSEX2682077800PE   1.16   1.11 CALL added 490920   PUT added 547120  OI= 795680
pcr11 =  BSE:SENSEX2682077700CE   2.22   2.21 CALL added 223360   PUT added 493060  OI= 253980
pcr12 =  BSE:SENSEX2682077600PE   6.5   6.99 CALL added 62580   PUT added 437440  OI= 499080
pcr13 =  BSE:SENSEX2682077500PE   4.0   6.21 CALL added 69080   PUT added 429180  OI= 645700
pcr14 =  BSE:SENSEX2682077400PE   7.82   7.24 CALL added 28220   PUT added 204340  OI= 244260
pcr15 =  BSE:SENSEX2682077300CE   9.04   7.82 CALL added 18940   PUT added 148020  OI= 21060
pcr16 =  BSE:SENSEX2682077200PE   12.56   9.7 CALL added 9260   PUT added 89860  OI= 136180
pcr17 =  BSE:SENSEX2682077100CE   21.42   17.92 CALL added 4540   PUT added 81360  OI= 5080
pcrSummation= 6.52  result =  ['BSE:SENSEX2682078500CE', 'BSE:SENSEX2682078400CE', 'BSE:SENSEX2682078300PE', 'BSE:SENSEX2682078200CE', 'BSE:SENSEX2682078100CE', 'BSE:SENSEX2682078000PE', 'BSE:SENSEX2682077900PE', 'BSE:SENSEX2682077800PE', 'BSE:SENSEX2682077700CE']
PCRSUM== 68.31
pcrSummation== 6.52
VOLPCRSUM== 3.8099999999999996
spotLTP =  77854.41  ATM_STRIKE =  77900
IS_ATM_STRIKE_SHIFT = True  mapStrike = {77900: 77900}
avgOiPcrList2 = [np.float64(4.02)] atmStrikeNotShiftedCount= 1
True   1   1
SUPP_RES=== 78000  Buffer= 26
CEoich val =  578000.0  PEoich val =  287760.0 , CE > PE by 50.2%
SUPP_RES TOTAL OI: CE= 1118780  PE= 803960 , CE > PE by 28.1%
IS_MORNING_WINDOW= False  (active 9:15-9:48 IST)
================================================
==== signal check time ==== 2026-08-14 12:21:00.872623
IS_CHOI_DIFF_GT_25PERC== True
RSI_VAL1== 59.52
RSI_VAL2== 59.52
FUT_3m_OHLC O= 78120.0  H= 78126.4  L= 78120.0  C= 78126.4  Range= 6.4
CHART_PATTERN_DETECTED: DOUBLE_TOP_FORMING
  PATTERN_CONTEXT: Body= 6.4  Range= 6.4  ExpectedRange= 66.1  RangeRatio= 0.1  O= 78120.0  H= 78126.4  L= 78120.0  C= 78126.4
newSynthFut =  78100
ATMStrike =  77900
AVG_OIPCR= 0.72
avgoiPCROld=  4.02
SUPP_RES = 78000
FUT LTP = 78126.4
CEchoi  PechOi = 578000.0    287760.0
====================================
totalOIPCR = 0.91
AVG_VOLPCR= 0.42
atmPCR= 0.25  belowATM  0.3
atmVolPCR= 0.22  belowATM  0.36
True   78126.4   78000   False   False   59.52
curr Doji False
BSE:SENSEX2682078100PE  curr candle vol pcr = 0.49  PE= 24300  CE= 49440      cpr =  2.03
BSE:SENSEX2682078100PE  prev candle vol pcr = 0.28  PE= 13880  CE= 50060      cpr =  3.61
VOL_PRESSURE_ALERT: STRONG_CALL_PRESSURE | currCPR= 2.03  prevCPR= 3.61  Direction=BEARISH_SIGNAL (heavy CE buying = expecting down move)
ATM_CE_premium= 338.7  ATM_PE_premium= 457.0
CE_PremChg= 5.6  PE_PremChg= -8.7
CandleBody= 6.4  PrevBody= 0.0  CandleRange= 6.4  Bullish
TotalVol= 73740  PrevTotalVol= 63940  VolSpike= 1.15 x 
SCALP_SCORE: BEAR | BullScore= 1  BearScore= 2 | Confidence= LOW
DATAPOINT|12:21|FUT=78126.4|Body=6.4|PrevBody=0.0|Range=6.4|RangeRatio=0.1|CurrVolPCR=0.49|PrevVolPCR=0.28|CurrCPR=2.03|PrevCPR=3.61|VolSpike=1.15|CE_PremChg=5.6|PE_PremChg=-8.7|BullScore=1|BearScore=2|Dir=BEAR|Conf=LOW
CHART_PATTERN_DETECTED: DOUBLE_TOP_FORMING
  PATTERN_CONTEXT: Body= 6.4  Range= 6.4  ExpectedRange= 66.1  RangeRatio= 0.1  O= 78120.0  H= 78126.4  L= 78120.0  C= 78126.4
BSE:SENSEX-INDEX  strikecount= 3   fyers <fyers_apiv3.fyersModel.FyersModel object at 0x75fb8594b890>
======================================
oipcr1 =  BSE:SENSEX2682078200CE   0.3
oipcr2 =  BSE:SENSEX2682078100CE   0.63
oipcr3 =  BSE:SENSEX2682078000PE   0.72
oipcrBull = NoEntry  bulcount= 0  bearcount= 3 oipcrBear= BearTrade
atmpcr5 pcr6= 0.85    1.16
No Entry Yet
India VIX = 11.31  Spot Price = 77858.87
IV Regime = LOW (ADAPTIVE: P25= 11.86  P50= 12.16  P75= 12.9 ) | DailyRange = 1258.0 | 3minCandleRange = 66.2 (theoretical= 110.3 ) | ATMoptionMove = 29.8 | SL = 104 | Target = 104 | TrailTrigger = 30 | Spread = 300 | Buffer = 26
IV Params refreshed: {'vix': 11.31, 'bn_price': 77858.87, 'regime': 'LOW', 'regime_thresholds': 'P25=11.86 P50=12.16 P75=12.9', 'daily_range': 1258.0, 'candle_range': 66.2, 'atm_option_move': 29.8, 'sl_point': 104, 'target_point': 104, 'sl_pct_of_premium': 0.1, 'trail_trigger': 30, 'spread_width': 300, 'support_resistance_buffer': 26}
BSE:SENSEX-INDEX  strikecount= 8   fyers <fyers_apiv3.fyersModel.FyersModel object at 0x75fb8594b890>
===
====after 3 min ochain==== 2026-08-14 12:24:00.023288
                                    oipcr   choipcr   totalOI
pcr1 =  BSE:SENSEX2682078700PE   0.15   0.01 CALL added 78340   PUT added 480  OI= 18560
pcr2 =  BSE:SENSEX2682078600CE   0.3   0.12 CALL added 98080   PUT added 11560  OI= 152420
pcr3 =  BSE:SENSEX2682078500CE   0.25   0.03 CALL added 385780   PUT added 10600  OI= 631120
pcr4 =  BSE:SENSEX2682078400CE   0.14   0.06 CALL added 150180   PUT added 9740  OI= 221060
pcr5 =  BSE:SENSEX2682078300PE   0.26   0.23 CALL added 144840   PUT added 32980  OI= 60260
pcr6 =  BSE:SENSEX2682078200CE   0.32    0.1 CALL added 173460   PUT added 18000  OI= 305340
pcr7 =  BSE:SENSEX2682078100CE   0.66   0.69 CALL added 182460   PUT added 126160  OI= 287000
pcr8 =  BSE:SENSEX2682078000PE   0.73   0.52 CALL added 563460   PUT added 295080  OI= 811280
pcr9 =  BSE:SENSEX2682077900PE   0.87   0.83 CALL added 376680   PUT added 312940  OI= 420220
pcr10 =  BSE:SENSEX2682077800PE   1.21   1.19 CALL added 470220   PUT added 559800  OI= 808360
pcr11 =  BSE:SENSEX2682077700CE   2.24   2.23 CALL added 218260   PUT added 487040  OI= 248880
pcr12 =  BSE:SENSEX2682077600PE   6.53   7.03 CALL added 61740   PUT added 433800  OI= 495440
pcr13 =  BSE:SENSEX2682077500PE   4.06   6.44 CALL added 66820   PUT added 430040  OI= 646560
pcr14 =  BSE:SENSEX2682077400PE   7.96   7.39 CALL added 28140   PUT added 207820  OI= 247740
pcr15 =  BSE:SENSEX2682077300CE   9.11   7.9 CALL added 19040   PUT added 150460  OI= 21160
pcr16 =  BSE:SENSEX2682077200PE   13.77   10.8 CALL added 8260   PUT added 89180  OI= 135500
pcr17 =  BSE:SENSEX2682077100CE   21.63   18.1 CALL added 4460   PUT added 80720  OI= 5000
pcrSummation= 4.74  result =  ['BSE:SENSEX2682078600CE', 'BSE:SENSEX2682078500CE', 'BSE:SENSEX2682078400CE', 'BSE:SENSEX2682078300PE', 'BSE:SENSEX2682078200CE', 'BSE:SENSEX2682078100CE', 'BSE:SENSEX2682078000PE', 'BSE:SENSEX2682077900PE', 'BSE:SENSEX2682077800PE']
PCRSUM== 70.19
pcrSummation== 4.74
VOLPCRSUM== 3.78
spotLTP =  77858.87  ATM_STRIKE =  77900
IS_ATM_STRIKE_SHIFT = False  mapStrike = {77900: 77900}
avgOiPcrList2 = [np.float64(4.02), np.float64(4.13)] atmStrikeNotShiftedCount= 2
False   2   2
SUPP_RES=== 78000  Buffer= 26
CEoich val =  563460.0  PEoich val =  295080.0 , CE > PE by 47.6%
SUPP_RES TOTAL OI: CE= 1104240  PE= 811280 , CE > PE by 26.5%
IS_MORNING_WINDOW= False  (active 9:15-9:48 IST)
================================================
==== signal check time ==== 2026-08-14 12:24:00.638471
IS_CHOI_DIFF_GT_25PERC== True
RSI_VAL1== 66.55
RSI_VAL2== 66.55
FUT_3m_OHLC O= 78126.4  H= 78170.8  L= 78126.4  C= 78170.8  Range= 44.5
CHART_PATTERN_DETECTED: DOUBLE_BOTTOM_FORMING
  PATTERN_CONTEXT: Body= 44.5  Range= 44.5  ExpectedRange= 66.2  RangeRatio= 0.67  O= 78126.4  H= 78170.8  L= 78126.4  C= 78170.8
newSynthFut =  78200
ATMStrike =  77900
AVG_OIPCR= 0.53
avgoiPCROld=  4.13
SUPP_RES = 78000
FUT LTP = 78170.85
CEchoi  PechOi = 563460.0    295080.0
====================================
totalOIPCR = 0.92
AVG_VOLPCR= 0.42
atmPCR= 0.26  belowATM  0.32
atmVolPCR= 0.22  belowATM  0.36
True   78170.85   78000   False   False   66.55
curr Doji False
BSE:SENSEX2682078100PE  curr candle vol pcr = 0.44  PE= 16280  CE= 37120      cpr =  2.28
BSE:SENSEX2682078100PE  prev candle vol pcr = 0.49  PE= 24300  CE= 49440      cpr =  2.03
VOL_PRESSURE_ALERT: STRONG_CALL_PRESSURE | currCPR= 2.28  prevCPR= 2.03  Direction=BEARISH_SIGNAL (heavy CE buying = expecting down move)
ATM_CE_premium= 340.2  ATM_PE_premium= 452.05
CE_PremChg= 1.5  PE_PremChg= -4.95
CandleBody= 44.5  PrevBody= 6.4  CandleRange= 44.5  Bullish
TotalVol= 53400  PrevTotalVol= 73740  VolSpike= 0.72 x 
SCALP_SCORE: NEUTRAL | BullScore= 2  BearScore= 2 | Confidence= LOW
DATAPOINT|12:24|FUT=78170.8|Body=44.5|PrevBody=6.4|Range=44.5|RangeRatio=0.67|CurrVolPCR=0.44|PrevVolPCR=0.49|CurrCPR=2.28|PrevCPR=2.03|VolSpike=0.72|CE_PremChg=1.5|PE_PremChg=-4.95|BullScore=2|BearScore=2|Dir=NEUTRAL|Conf=LOW
CHART_PATTERN_DETECTED: DOUBLE_BOTTOM_FORMING
  PATTERN_CONTEXT: Body= 44.5  Range= 44.5  ExpectedRange= 66.2  RangeRatio= 0.67  O= 78126.4  H= 78170.8  L= 78126.4  C= 78170.8
BSE:SENSEX-INDEX  strikecount= 3   fyers <fyers_apiv3.fyersModel.FyersModel object at 0x75fb8594b890>
======================================
oipcr1 =  BSE:SENSEX2682078200CE   0.32
oipcr2 =  BSE:SENSEX2682078100CE   0.66
oipcr3 =  BSE:SENSEX2682078000PE   0.73
oipcrBull = NoEntry  bulcount= 0  bearcount= 3 oipcrBear= BearTrade
atmpcr5 pcr6= 0.87    1.21
No Entry Yet
India VIX = 11.31  Spot Price = 77852.09
IV Regime = LOW (ADAPTIVE: P25= 11.86  P50= 12.16  P75= 12.9 ) | DailyRange = 1257.9 | 3minCandleRange = 66.2 (theoretical= 110.3 ) | ATMoptionMove = 29.8 | SL = 104 | Target = 104 | TrailTrigger = 30 | Spread = 300 | Buffer = 26
IV Params refreshed: {'vix': 11.31, 'bn_price': 77852.09, 'regime': 'LOW', 'regime_thresholds': 'P25=11.86 P50=12.16 P75=12.9', 'daily_range': 1257.9, 'candle_range': 66.2, 'atm_option_move': 29.8, 'sl_point': 104, 'target_point': 104, 'sl_pct_of_premium': 0.1, 'trail_trigger': 30, 'spread_width': 300, 'support_resistance_buffer': 26}
BSE:SENSEX-INDEX  strikecount= 8   fyers <fyers_apiv3.fyersModel.FyersModel object at 0x75fb8594b890>
===
====after 3 min ochain==== 2026-08-14 12:27:00.039403
                                    oipcr   choipcr   totalOI
pcr1 =  BSE:SENSEX2682078700PE   0.15   0.01 CALL added 77240   PUT added 420  OI= 18500
pcr2 =  BSE:SENSEX2682078600CE   0.3   0.12 CALL added 99440   PUT added 11840  OI= 153780
pcr3 =  BSE:SENSEX2682078500CE   0.25   0.04 CALL added 397460   PUT added 15500  OI= 642800
pcr4 =  BSE:SENSEX2682078400CE   0.14   0.07 CALL added 148680   PUT added 10380  OI= 219560
pcr5 =  BSE:SENSEX2682078300PE   0.28   0.25 CALL added 141160   PUT added 35160  OI= 62440
pcr6 =  BSE:SENSEX2682078200CE   0.33    0.12 CALL added 173500   PUT added 21120  OI= 305380
pcr7 =  BSE:SENSEX2682078100CE   0.66   0.71 CALL added 184200   PUT added 129940  OI= 288740
pcr8 =  BSE:SENSEX2682078000PE   0.76   0.56 CALL added 544960   PUT added 305280  OI= 821480
pcr9 =  BSE:SENSEX2682077900PE   0.89   0.86 CALL added 369780   PUT added 316600  OI= 423880
pcr10 =  BSE:SENSEX2682077800PE   1.27   1.28 CALL added 458800   PUT added 585800  OI= 834360
pcr11 =  BSE:SENSEX2682077700CE   2.32   2.32 CALL added 215980   PUT added 501500  OI= 246600
pcr12 =  BSE:SENSEX2682077600PE   6.27   6.69 CALL added 64680   PUT added 432480  OI= 494120
pcr13 =  BSE:SENSEX2682077500PE   4.07   6.45 CALL added 66720   PUT added 430540  OI= 647060
pcr14 =  BSE:SENSEX2682077400PE   8.05   7.48 CALL added 27500   PUT added 205620  OI= 245540
pcr15 =  BSE:SENSEX2682077300CE   9.14   7.93 CALL added 18940   PUT added 150140  OI= 21060
pcr16 =  BSE:SENSEX2682077200PE   13.9   10.94 CALL added 8220   PUT added 89920  OI= 136240
pcr17 =  BSE:SENSEX2682077100CE   21.4   17.84 CALL added 4460   PUT added 79560  OI= 5000
pcrSummation= 6.9  result =  ['BSE:SENSEX2682078500CE', 'BSE:SENSEX2682078400CE', 'BSE:SENSEX2682078300PE', 'BSE:SENSEX2682078200CE', 'BSE:SENSEX2682078100CE', 'BSE:SENSEX2682078000PE', 'BSE:SENSEX2682077900PE', 'BSE:SENSEX2682077800PE', 'BSE:SENSEX2682077700CE']
PCRSUM== 70.18
pcrSummation== 6.9
VOLPCRSUM== 3.79
spotLTP =  77852.09  ATM_STRIKE =  77900
IS_ATM_STRIKE_SHIFT = False  mapStrike = {77900: 77900}
avgOiPcrList2 = [np.float64(4.02), np.float64(4.13), np.float64(4.13)] atmStrikeNotShiftedCount= 3
False   3   3
SUPP_RES=== 78000  Buffer= 26
CEoich val =  544960.0  PEoich val =  305280.0 , CE > PE by 44.0%
SUPP_RES TOTAL OI: CE= 1085740  PE= 821480 , CE > PE by 24.3%
IS_MORNING_WINDOW= False  (active 9:15-9:48 IST)
================================================
==== signal check time ==== 2026-08-14 12:27:00.631070
IS_CHOI_DIFF_GT_25PERC== True
RSI_VAL1== 54.22
RSI_VAL2== 54.22
FUT_3m_OHLC O= 78175.2  H= 78175.2  L= 78116.8  C= 78116.8  Range= 58.4
CHART_PATTERN_DETECTED: BEARISH_ENGULFING | OUTSIDE_BAR | DOUBLE_BOTTOM_FORMING | STRONG_MOMENTUM_BEAR
  PATTERN_CONTEXT: Body= -58.4  Range= 58.4  ExpectedRange= 66.2  RangeRatio= 0.88  O= 78175.2  H= 78175.2  L= 78116.8  C= 78116.8
neither = [np.float64(4.13)]
newSynthFut =  78100
ATMStrike =  77900
AVG_OIPCR= 0.77
avgoiPCROld=  4.13
SUPP_RES = 78000
FUT LTP = 78116.8
CEchoi  PechOi = 544960.0    305280.0
====================================
totalOIPCR = 0.93
AVG_VOLPCR= 0.42
atmPCR= 0.28  belowATM  0.33
atmVolPCR= 0.22  belowATM  0.36
True   78116.8   78000   False   False   54.22
curr Doji False
BSE:SENSEX2682078100PE  curr candle vol pcr = 0.44  PE= 18860  CE= 42840      cpr =  2.27
BSE:SENSEX2682078100PE  prev candle vol pcr = 0.44  PE= 16280  CE= 37120      cpr =  2.28
VOL_PRESSURE_ALERT: STRONG_CALL_PRESSURE | currCPR= 2.27  prevCPR= 2.28  Direction=BEARISH_SIGNAL (heavy CE buying = expecting down move)
ATM_CE_premium= 331.7  ATM_PE_premium= 461.8
CE_PremChg= -8.5  PE_PremChg= 9.75
CandleBody= -58.4  PrevBody= 44.5  CandleRange= 58.4  Bearish
TotalVol= 61700  PrevTotalVol= 53400  VolSpike= 1.16 x 
SCALP_SCORE: BEAR | BullScore= 0  BearScore= 3 | Confidence= MEDIUM
  SCALP_BEAR_REASONS: VolCPR_2candle_bear + StrongBearCandle(100%)
DATAPOINT|12:27|FUT=78116.8|Body=-58.4|PrevBody=44.5|Range=58.4|RangeRatio=0.88|CurrVolPCR=0.44|PrevVolPCR=0.44|CurrCPR=2.27|PrevCPR=2.28|VolSpike=1.16|CE_PremChg=-8.5|PE_PremChg=9.75|BullScore=0|BearScore=3|Dir=BEAR|Conf=MEDIUM
CHART_PATTERN_DETECTED: BEARISH_ENGULFING | OUTSIDE_BAR | DOUBLE_BOTTOM_FORMING | STRONG_MOMENTUM_BEAR
  PATTERN_CONTEXT: Body= -58.4  Range= 58.4  ExpectedRange= 66.2  RangeRatio= 0.88  O= 78175.2  H= 78175.2  L= 78116.8  C= 78116.8
BSE:SENSEX-INDEX  strikecount= 3   fyers <fyers_apiv3.fyersModel.FyersModel object at 0x75fb8594b890>
======================================
oipcr1 =  BSE:SENSEX2682078200CE   0.33
oipcr2 =  BSE:SENSEX2682078100CE   0.66
oipcr3 =  BSE:SENSEX2682078000PE   0.76
oipcrBull = NoEntry  bulcount= 0  bearcount= 3 oipcrBear= BearTrade
atmpcr5 pcr6= 0.89    1.27
No Entry Yet
India VIX = 11.33  Spot Price = 77858.3
IV Regime = LOW (ADAPTIVE: P25= 11.86  P50= 12.16  P75= 12.9 ) | DailyRange = 1260.2 | 3minCandleRange = 66.3 (theoretical= 110.5 ) | ATMoptionMove = 29.8 | SL = 104 | Target = 104 | TrailTrigger = 30 | Spread = 300 | Buffer = 27
IV Params refreshed: {'vix': 11.33, 'bn_price': 77858.3, 'regime': 'LOW', 'regime_thresholds': 'P25=11.86 P50=12.16 P75=12.9', 'daily_range': 1260.2, 'candle_range': 66.3, 'atm_option_move': 29.8, 'sl_point': 104, 'target_point': 104, 'sl_pct_of_premium': 0.1, 'trail_trigger': 30, 'spread_width': 300, 'support_resistance_buffer': 27}
BSE:SENSEX-INDEX  strikecount= 8   fyers <fyers_apiv3.fyersModel.FyersModel object at 0x75fb8594b890>
===
====after 3 min ochain==== 2026-08-14 12:30:00.025861
                                    oipcr   choipcr   totalOI
pcr1 =  BSE:SENSEX2682078700PE   0.15   0.0 CALL added 77460   PUT added 220  OI= 18300
pcr2 =  BSE:SENSEX2682078600CE   0.31   0.12 CALL added 94400   PUT added 11720  OI= 148740
pcr3 =  BSE:SENSEX2682078500CE   0.26   0.06 CALL added 393800   PUT added 23000  OI= 639140
pcr4 =  BSE:SENSEX2682078400CE   0.14   0.07 CALL added 146300   PUT added 10260  OI= 217180
pcr5 =  BSE:SENSEX2682078300PE   0.28   0.25 CALL added 138400   PUT added 35060  OI= 62340
pcr6 =  BSE:SENSEX2682078200CE   0.34    0.14 CALL added 168480   PUT added 23560  OI= 300360
pcr7 =  BSE:SENSEX2682078100CE   0.68   0.73 CALL added 182580   PUT added 132840  OI= 287120
pcr8 =  BSE:SENSEX2682078000PE   0.77   0.58 CALL added 535480   PUT added 313020  OI= 829220
pcr9 =  BSE:SENSEX2682077900PE   0.96   0.94 CALL added 367220   PUT added 345480  OI= 452760
pcr10 =  BSE:SENSEX2682077800PE   1.32   1.35 CALL added 445700   PUT added 599580  OI= 848140
pcr11 =  BSE:SENSEX2682077700CE   2.43   2.45 CALL added 205620   PUT added 504060  OI= 236240
pcr12 =  BSE:SENSEX2682077600PE   6.34   6.78 CALL added 63760   PUT added 432000  OI= 493640
pcr13 =  BSE:SENSEX2682077500PE   4.05   6.35 CALL added 68100   PUT added 432640  OI= 649160
pcr14 =  BSE:SENSEX2682077400PE   8.3   7.75 CALL added 27420   PUT added 212580  OI= 252500
pcr15 =  BSE:SENSEX2682077300CE   9.36   8.17 CALL added 18880   PUT added 154320  OI= 21000
pcr16 =  BSE:SENSEX2682077200PE   13.91   10.99 CALL added 8340   PUT added 91660  OI= 137980
pcr17 =  BSE:SENSEX2682077100CE   21.51   17.95 CALL added 4440   PUT added 79700  OI= 4980
pcrSummation= 7.18  result =  ['BSE:SENSEX2682078500CE', 'BSE:SENSEX2682078400CE', 'BSE:SENSEX2682078300PE', 'BSE:SENSEX2682078200CE', 'BSE:SENSEX2682078100CE', 'BSE:SENSEX2682078000PE', 'BSE:SENSEX2682077900PE', 'BSE:SENSEX2682077800PE', 'BSE:SENSEX2682077700CE']
PCRSUM== 71.11
pcrSummation== 7.18
VOLPCRSUM== 3.7800000000000002
spotLTP =  77858.3  ATM_STRIKE =  77900
IS_ATM_STRIKE_SHIFT = False  mapStrike = {77900: 77900}
avgOiPcrList2 = [np.float64(4.13), np.float64(4.18)] atmStrikeNotShiftedCount= 4
False   4   2
SUPP_RES=== 78000  Buffer= 27
CEoich val =  535480.0  PEoich val =  313020.0 , CE > PE by 41.5%
SUPP_RES TOTAL OI: CE= 1076260  PE= 829220 , CE > PE by 23.0%
IS_MORNING_WINDOW= False  (active 9:15-9:48 IST)
================================================
==== signal check time ==== 2026-08-14 12:30:00.769231
IS_CHOI_DIFF_GT_25PERC== True
RSI_VAL1== 53.47
RSI_VAL2== 53.47
FUT_3m_OHLC O= 78116.8  H= 78116.8  L= 78113.0  C= 78113.0  Range= 3.8
CHART_PATTERN_DETECTED: DOUBLE_BOTTOM_FORMING
  PATTERN_CONTEXT: Body= -3.8  Range= 3.8  ExpectedRange= 66.3  RangeRatio= 0.06  O= 78116.8  H= 78116.8  L= 78113.0  C= 78113.0
newSynthFut =  78100
ATMStrike =  77900
AVG_OIPCR= 0.8
avgoiPCROld=  4.18
SUPP_RES = 78000
FUT LTP = 78113.0
CEchoi  PechOi = 535480.0    313020.0
====================================
totalOIPCR = 0.95
AVG_VOLPCR= 0.42
atmPCR= 0.28  belowATM  0.34
atmVolPCR= 0.22  belowATM  0.36
True   78113.0   78000   False   False   53.47
curr Doji False
BSE:SENSEX2682078100PE  curr candle vol pcr = 0.32  PE= 10220  CE= 31520      cpr =  3.08
BSE:SENSEX2682078100PE  prev candle vol pcr = 0.44  PE= 18860  CE= 42840      cpr =  2.27
VOL_PRESSURE_ALERT: STRONG_CALL_PRESSURE | currCPR= 3.08  prevCPR= 2.27  Direction=BEARISH_SIGNAL (heavy CE buying = expecting down move)
ATM_CE_premium= 335.4  ATM_PE_premium= 459.0
CE_PremChg= 3.7  PE_PremChg= -2.8
CandleBody= -3.8  PrevBody= -58.4  CandleRange= 3.8  Bearish
TotalVol= 41740  PrevTotalVol= 61700  VolSpike= 0.68 x 
SCALP_SCORE: BEAR | BullScore= 0  BearScore= 4 | Confidence= MEDIUM
  SCALP_BEAR_REASONS: VolCPR_2candle_bear + StrongBearCandle(100%) + 2ConsecBearCandles
DATAPOINT|12:30|FUT=78113.0|Body=-3.8|PrevBody=-58.4|Range=3.8|RangeRatio=0.06|CurrVolPCR=0.32|PrevVolPCR=0.44|CurrCPR=3.08|PrevCPR=2.27|VolSpike=0.68|CE_PremChg=3.7|PE_PremChg=-2.8|BullScore=0|BearScore=4|Dir=BEAR|Conf=MEDIUM
CHART_PATTERN_DETECTED: DOUBLE_BOTTOM_FORMING
  PATTERN_CONTEXT: Body= -3.8  Range= 3.8  ExpectedRange= 66.3  RangeRatio= 0.06  O= 78116.8  H= 78116.8  L= 78113.0  C= 78113.0
BSE:SENSEX-INDEX  strikecount= 3   fyers <fyers_apiv3.fyersModel.FyersModel object at 0x75fb8594b890>
======================================
oipcr1 =  BSE:SENSEX2682078200CE   0.34
oipcr2 =  BSE:SENSEX2682078100CE   0.68
oipcr3 =  BSE:SENSEX2682078000PE   0.77
oipcrBull = NoEntry  bulcount= 0  bearcount= 3 oipcrBear= BearTrade
atmpcr5 pcr6= 0.96    1.32
No Entry Yet
India VIX = 11.34  Spot Price = 77839.22
IV Regime = LOW (ADAPTIVE: P25= 11.86  P50= 12.16  P75= 12.9 ) | DailyRange = 1261.0 | 3minCandleRange = 66.4 (theoretical= 110.6 ) | ATMoptionMove = 29.9 | SL = 105 | Target = 105 | TrailTrigger = 30 | Spread = 300 | Buffer = 27
IV Params refreshed: {'vix': 11.34, 'bn_price': 77839.22, 'regime': 'LOW', 'regime_thresholds': 'P25=11.86 P50=12.16 P75=12.9', 'daily_range': 1261.0, 'candle_range': 66.4, 'atm_option_move': 29.9, 'sl_point': 105, 'target_point': 105, 'sl_pct_of_premium': 0.1, 'trail_trigger': 30, 'spread_width': 300, 'support_resistance_buffer': 27}
BSE:SENSEX-INDEX  strikecount= 8   fyers <fyers_apiv3.fyersModel.FyersModel object at 0x75fb8594b890>
===
====after 3 min ochain==== 2026-08-14 12:33:00.001744
                                    oipcr   choipcr   totalOI
pcr1 =  BSE:SENSEX2682078600CE   0.3   0.12 CALL added 97000   PUT added 11780  OI= 151340
pcr2 =  BSE:SENSEX2682078500CE   0.26   0.06 CALL added 401120   PUT added 24340  OI= 646460
pcr3 =  BSE:SENSEX2682078400CE   0.14   0.07 CALL added 146020   PUT added 10460  OI= 216900
pcr4 =  BSE:SENSEX2682078300PE   0.27   0.25 CALL added 139680   PUT added 34720  OI= 62000
pcr5 =  BSE:SENSEX2682078200CE   0.34   0.15 CALL added 168120   PUT added 24540  OI= 300000
pcr6 =  BSE:SENSEX2682078100CE   0.71    0.77 CALL added 176060   PUT added 136060  OI= 280600
pcr7 =  BSE:SENSEX2682078000PE   0.77   0.58 CALL added 551200   PUT added 319300  OI= 835500
pcr8 =  BSE:SENSEX2682077900PE   0.98   0.96 CALL added 365160   PUT added 351360  OI= 458640
pcr9 =  BSE:SENSEX2682077800PE   1.34   1.38 CALL added 437740   PUT added 602180  OI= 850740
pcr10 =  BSE:SENSEX2682077700CE   2.43   2.45 CALL added 206040   PUT added 505200  OI= 236660
pcr11 =  BSE:SENSEX2682077600PE   6.41   6.87 CALL added 62780   PUT added 431520  OI= 493160
pcr12 =  BSE:SENSEX2682077500PE   4.13   6.58 CALL added 67800   PUT added 445820  OI= 662340
pcr13 =  BSE:SENSEX2682077400PE   7.96   7.4 CALL added 28680   PUT added 212260  OI= 252180
pcr14 =  BSE:SENSEX2682077300CE   9.97   8.78 CALL added 17720   PUT added 155520  OI= 19840
pcr15 =  BSE:SENSEX2682077200PE   13.8   10.87 CALL added 8360   PUT added 90880  OI= 137200
pcr16 =  BSE:SENSEX2682077100CE   21.81   18.28 CALL added 4440   PUT added 81160  OI= 4980
pcr17 =  BSE:SENSEX2682077000CE   10.75   15.56 CALL added 11620   PUT added 180780  OI= 36920
pcrSummation= 7.24  result =  ['BSE:SENSEX2682078500CE', 'BSE:SENSEX2682078400CE', 'BSE:SENSEX2682078300PE', 'BSE:SENSEX2682078200CE', 'BSE:SENSEX2682078100CE', 'BSE:SENSEX2682078000PE', 'BSE:SENSEX2682077900PE', 'BSE:SENSEX2682077800PE', 'BSE:SENSEX2682077700CE']
PCRSUM== 82.37
pcrSummation== 7.24
VOLPCRSUM== 5.41
spotLTP =  77839.22  ATM_STRIKE =  77800
IS_ATM_STRIKE_SHIFT = True  mapStrike = {77800: 77800}
avgOiPcrList2 = [np.float64(4.85)] atmStrikeNotShiftedCount= 1
True   1   1
SUPP_RES=== 78000  Buffer= 27
CEoich val =  551200.0  PEoich val =  319300.0 , CE > PE by 42.1%
SUPP_RES TOTAL OI: CE= 1091980  PE= 835500 , CE > PE by 23.5%
IS_MORNING_WINDOW= False  (active 9:15-9:48 IST)
================================================
==== signal check time ==== 2026-08-14 12:33:00.652762
IS_CHOI_DIFF_GT_25PERC== True
RSI_VAL1== 53.47
RSI_VAL2== 53.47
FUT_3m_OHLC O= 78113.0  H= 78113.0  L= 78113.0  C= 78113.0  Range= 0.0
CHART_PATTERN_DETECTED: INSIDE_BAR | DOUBLE_BOTTOM_FORMING
  PATTERN_CONTEXT: Body= 0.0  Range= 0.0  ExpectedRange= 66.4  RangeRatio= 0.0  O= 78113.0  H= 78113.0  L= 78113.0  C= 78113.0
newSynthFut =  78100
ATMStrike =  77800
AVG_OIPCR= 0.8
avgoiPCROld=  4.85
SUPP_RES = 78000
FUT LTP = 78113.0
CEchoi  PechOi = 551200.0    319300.0
====================================
totalOIPCR = 0.95
AVG_VOLPCR= 0.6
atmPCR= 0.34  belowATM  0.71
atmVolPCR= 0.35  belowATM  0.68
True   78113.0   78000   False   False   53.47
curr Doji False
BSE:SENSEX2682078100PE  curr candle vol pcr = 0.44  PE= 16340  CE= 37020      cpr =  2.27
BSE:SENSEX2682078100PE  prev candle vol pcr = 0.32  PE= 10220  CE= 31520      cpr =  3.08
VOL_PRESSURE_ALERT: STRONG_CALL_PRESSURE | currCPR= 2.27  prevCPR= 3.08  Direction=BEARISH_SIGNAL (heavy CE buying = expecting down move)
ATM_CE_premium= 321.6  ATM_PE_premium= 470.35
CE_PremChg= -13.8  PE_PremChg= 11.35
CandleBody= 0.0  PrevBody= -3.8  CandleRange= 0.0  Doji
TotalVol= 53360  PrevTotalVol= 41740  VolSpike= 1.28 x 
SCALP_SCORE: BEAR | BullScore= 1  BearScore= 2 | Confidence= LOW
DATAPOINT|12:33|FUT=78113.0|Body=0.0|PrevBody=-3.8|Range=0.0|RangeRatio=0.0|CurrVolPCR=0.44|PrevVolPCR=0.32|CurrCPR=2.27|PrevCPR=3.08|VolSpike=1.28|CE_PremChg=-13.8|PE_PremChg=11.35|BullScore=1|BearScore=2|Dir=BEAR|Conf=LOW
CHART_PATTERN_DETECTED: INSIDE_BAR | DOUBLE_BOTTOM_FORMING
  PATTERN_CONTEXT: Body= 0.0  Range= 0.0  ExpectedRange= 66.4  RangeRatio= 0.0  O= 78113.0  H= 78113.0  L= 78113.0  C= 78113.0
BSE:SENSEX-INDEX  strikecount= 3   fyers <fyers_apiv3.fyersModel.FyersModel object at 0x75fb8594b890>
======================================
oipcr1 =  BSE:SENSEX2682078100CE   0.71
oipcr2 =  BSE:SENSEX2682078000PE   0.77
oipcr3 =  BSE:SENSEX2682077900PE   0.98
oipcrBull = NoEntry  bulcount= 0  bearcount= 3 oipcrBear= BearTrade
atmpcr5 pcr6= 1.34    2.43
No Entry Yet
India VIX = 11.34  Spot Price = 77846.21
IV Regime = LOW (ADAPTIVE: P25= 11.86  P50= 12.16  P75= 12.9 ) | DailyRange = 1261.1 | 3minCandleRange = 66.4 (theoretical= 110.6 ) | ATMoptionMove = 29.9 | SL = 105 | Target = 105 | TrailTrigger = 30 | Spread = 300 | Buffer = 27
IV Params refreshed: {'vix': 11.34, 'bn_price': 77846.21, 'regime': 'LOW', 'regime_thresholds': 'P25=11.86 P50=12.16 P75=12.9', 'daily_range': 1261.1, 'candle_range': 66.4, 'atm_option_move': 29.9, 'sl_point': 105, 'target_point': 105, 'sl_pct_of_premium': 0.1, 'trail_trigger': 30, 'spread_width': 300, 'support_resistance_buffer': 27}
BSE:SENSEX-INDEX  strikecount= 8   fyers <fyers_apiv3.fyersModel.FyersModel object at 0x75fb8594b890>
===
====after 3 min ochain==== 2026-08-14 12:36:00.004983
                                    oipcr   choipcr   totalOI
pcr1 =  BSE:SENSEX2682078600CE   0.3   0.12 CALL added 97760   PUT added 11760  OI= 152100
pcr2 =  BSE:SENSEX2682078500CE   0.27   0.06 CALL added 395800   PUT added 25100  OI= 641140
pcr3 =  BSE:SENSEX2682078400CE   0.14   0.07 CALL added 142560   PUT added 10200  OI= 213440
pcr4 =  BSE:SENSEX2682078300PE   0.28   0.25 CALL added 139680   PUT added 35000  OI= 62280
pcr5 =  BSE:SENSEX2682078200CE   0.34   0.15 CALL added 168020   PUT added 24600  OI= 299900
pcr6 =  BSE:SENSEX2682078100CE   0.7    0.76 CALL added 175840   PUT added 134380  OI= 280380
pcr7 =  BSE:SENSEX2682078000PE   0.77   0.59 CALL added 544620   PUT added 321360  OI= 837560
pcr8 =  BSE:SENSEX2682077900PE   1.02   1.02 CALL added 354460   PUT added 360440  OI= 467720
pcr9 =  BSE:SENSEX2682077800PE   1.34   1.37 CALL added 439920   PUT added 604020  OI= 852580
pcr10 =  BSE:SENSEX2682077700CE   2.51   2.54 CALL added 197880   PUT added 503160  OI= 228500
pcr11 =  BSE:SENSEX2682077600PE   6.62   7.15 CALL added 60580   PUT added 432960  OI= 494600
pcr12 =  BSE:SENSEX2682077500PE   4.13   6.54 CALL added 68420   PUT added 447680  OI= 664200
pcr13 =  BSE:SENSEX2682077400PE   7.48   6.9 CALL added 30040   PUT added 207160  OI= 247080
pcr14 =  BSE:SENSEX2682077300CE   10.28   9.09 CALL added 17160   PUT added 155960  OI= 19280
pcr15 =  BSE:SENSEX2682077200PE   13.88   10.96 CALL added 8360   PUT added 91640  OI= 137960
pcr16 =  BSE:SENSEX2682077100CE   22.05   18.5 CALL added 4380   PUT added 81040  OI= 4920
pcr17 =  BSE:SENSEX2682077000CE   10.75   15.52 CALL added 11680   PUT added 181320  OI= 36980
pcrSummation= 7.37  result =  ['BSE:SENSEX2682078500CE', 'BSE:SENSEX2682078400CE', 'BSE:SENSEX2682078300PE', 'BSE:SENSEX2682078200CE', 'BSE:SENSEX2682078100CE', 'BSE:SENSEX2682078000PE', 'BSE:SENSEX2682077900PE', 'BSE:SENSEX2682077800PE', 'BSE:SENSEX2682077700CE']
PCRSUM== 82.86
pcrSummation== 7.37
VOLPCRSUM== 5.42
spotLTP =  77846.21  ATM_STRIKE =  77800
IS_ATM_STRIKE_SHIFT = False  mapStrike = {77800: 77800}
avgOiPcrList2 = [np.float64(4.85), np.float64(4.87)] atmStrikeNotShiftedCount= 2
False   2   2
SUPP_RES=== 78000  Buffer= 27
CEoich val =  544620.0  PEoich val =  321360.0 , CE > PE by 41.0%
SUPP_RES TOTAL OI: CE= 1085400  PE= 837560 , CE > PE by 22.8%
IS_MORNING_WINDOW= False  (active 9:15-9:48 IST)
================================================
==== signal check time ==== 2026-08-14 12:36:00.683122
IS_CHOI_DIFF_GT_25PERC== True
RSI_VAL1== 53.47
RSI_VAL2== 53.47
FUT_3m_OHLC O= 78113.0  H= 78113.0  L= 78113.0  C= 78113.0  Range= 0.0
CHART_PATTERN_DETECTED: INSIDE_BAR | DOUBLE_BOTTOM_FORMING
  PATTERN_CONTEXT: Body= 0.0  Range= 0.0  ExpectedRange= 66.4  RangeRatio= 0.0  O= 78113.0  H= 78113.0  L= 78113.0  C= 78113.0
newSynthFut =  78100
ATMStrike =  77800
AVG_OIPCR= 0.82
avgoiPCROld=  4.87
SUPP_RES = 78000
FUT LTP = 78113.0
CEchoi  PechOi = 544620.0    321360.0
====================================
totalOIPCR = 0.95
AVG_VOLPCR= 0.6
atmPCR= 0.34  belowATM  0.7
atmVolPCR= 0.35  belowATM  0.68
True   78113.0   78000   False   False   53.47
curr Doji False
BSE:SENSEX2682078100PE  curr candle vol pcr = 0.37  PE= 9900  CE= 26520      cpr =  2.68
BSE:SENSEX2682078100PE  prev candle vol pcr = 0.44  PE= 16340  CE= 37020      cpr =  2.27
VOL_PRESSURE_ALERT: STRONG_CALL_PRESSURE | currCPR= 2.68  prevCPR= 2.27  Direction=BEARISH_SIGNAL (heavy CE buying = expecting down move)
ATM_CE_premium= 330.75  ATM_PE_premium= 463.85
CE_PremChg= 9.15  PE_PremChg= -6.5
CandleBody= 0.0  PrevBody= 0.0  CandleRange= 0.0  Doji
TotalVol= 36420  PrevTotalVol= 53360  VolSpike= 0.68 x 
SCALP_SCORE: BEAR | BullScore= 0  BearScore= 2 | Confidence= LOW
DATAPOINT|12:36|FUT=78113.0|Body=0.0|PrevBody=0.0|Range=0.0|RangeRatio=0.0|CurrVolPCR=0.37|PrevVolPCR=0.44|CurrCPR=2.68|PrevCPR=2.27|VolSpike=0.68|CE_PremChg=9.15|PE_PremChg=-6.5|BullScore=0|BearScore=2|Dir=BEAR|Conf=LOW
CHART_PATTERN_DETECTED: INSIDE_BAR | DOUBLE_BOTTOM_FORMING
  PATTERN_CONTEXT: Body= 0.0  Range= 0.0  ExpectedRange= 66.4  RangeRatio= 0.0  O= 78113.0  H= 78113.0  L= 78113.0  C= 78113.0
BSE:SENSEX-INDEX  strikecount= 3   fyers <fyers_apiv3.fyersModel.FyersModel object at 0x75fb8594b890>
======================================
oipcr1 =  BSE:SENSEX2682078100CE   0.7
oipcr2 =  BSE:SENSEX2682078000PE   0.77
oipcr3 =  BSE:SENSEX2682077900PE   1.02
oipcrBull = NoEntry  bulcount= 1  bearcount= 2 oipcrBear= BearTrade
atmpcr5 pcr6= 1.34    2.51
No Entry Yet
India VIX = 11.36  Spot Price = 77844.2
IV Regime = LOW (ADAPTIVE: P25= 11.86  P50= 12.16  P75= 12.9 ) | DailyRange = 1263.3 | 3minCandleRange = 66.5 (theoretical= 110.8 ) | ATMoptionMove = 29.9 | SL = 105 | Target = 105 | TrailTrigger = 30 | Spread = 300 | Buffer = 27
IV Params refreshed: {'vix': 11.36, 'bn_price': 77844.2, 'regime': 'LOW', 'regime_thresholds': 'P25=11.86 P50=12.16 P75=12.9', 'daily_range': 1263.3, 'candle_range': 66.5, 'atm_option_move': 29.9, 'sl_point': 105, 'target_point': 105, 'sl_pct_of_premium': 0.1, 'trail_trigger': 30, 'spread_width': 300, 'support_resistance_buffer': 27}
BSE:SENSEX-INDEX  strikecount= 8   fyers <fyers_apiv3.fyersModel.FyersModel object at 0x75fb8594b890>
===
====after 3 min ochain==== 2026-08-14 12:39:00.010917
                                    oipcr   choipcr   totalOI
pcr1 =  BSE:SENSEX2682078600CE   0.3   0.12 CALL added 97220   PUT added 11760  OI= 151560
pcr2 =  BSE:SENSEX2682078500CE   0.26   0.06 CALL added 403160   PUT added 25040  OI= 648500
pcr3 =  BSE:SENSEX2682078400CE   0.15   0.08 CALL added 145660   PUT added 11080  OI= 216540
pcr4 =  BSE:SENSEX2682078300PE   0.28   0.26 CALL added 139280   PUT added 36200  OI= 63480
pcr5 =  BSE:SENSEX2682078200CE   0.35   0.16 CALL added 167180   PUT added 26440  OI= 299060
pcr6 =  BSE:SENSEX2682078100CE   0.71    0.79 CALL added 173960   PUT added 137240  OI= 278500
pcr7 =  BSE:SENSEX2682078000PE   0.76   0.57 CALL added 564600   PUT added 320820  OI= 837020
pcr8 =  BSE:SENSEX2682077900PE   0.99   0.99 CALL added 364600   PUT added 359860  OI= 467140
pcr9 =  BSE:SENSEX2682077800PE   1.35   1.39 CALL added 441380   PUT added 612640  OI= 861200
pcr10 =  BSE:SENSEX2682077700CE   2.47   2.5 CALL added 201260   PUT added 503660  OI= 231880
pcr11 =  BSE:SENSEX2682077600PE   6.57   7.08 CALL added 62180   PUT added 439980  OI= 501620
pcr12 =  BSE:SENSEX2682077500PE   4.16   6.68 CALL added 66620   PUT added 444840  OI= 661360
pcr13 =  BSE:SENSEX2682077400PE   7.53   6.96 CALL added 30000   PUT added 208660  OI= 248580
pcr14 =  BSE:SENSEX2682077300CE   10.66   9.48 CALL added 16740   PUT added 158720  OI= 18860
pcr15 =  BSE:SENSEX2682077200PE   13.89   11.0 CALL added 8440   PUT added 92860  OI= 139180
pcr16 =  BSE:SENSEX2682077100CE   22.53   19.01 CALL added 4340   PUT added 82500  OI= 4880
pcr17 =  BSE:SENSEX2682077000CE   10.6   14.97 CALL added 11920   PUT added 178460  OI= 37220
pcrSummation= 7.32  result =  ['BSE:SENSEX2682078500CE', 'BSE:SENSEX2682078400CE', 'BSE:SENSEX2682078300PE', 'BSE:SENSEX2682078200CE', 'BSE:SENSEX2682078100CE', 'BSE:SENSEX2682078000PE', 'BSE:SENSEX2682077900PE', 'BSE:SENSEX2682077800PE', 'BSE:SENSEX2682077700CE']
PCRSUM== 83.56
pcrSummation== 7.32
VOLPCRSUM== 5.4
spotLTP =  77846.13  ATM_STRIKE =  77800
IS_ATM_STRIKE_SHIFT = False  mapStrike = {77800: 77800}
avgOiPcrList2 = [np.float64(4.85), np.float64(4.87), np.float64(4.92)] atmStrikeNotShiftedCount= 3
False   3   3
SUPP_RES=== 78000  Buffer= 27
CEoich val =  564600.0  PEoich val =  320820.0 , CE > PE by 43.2%
SUPP_RES TOTAL OI: CE= 1105380  PE= 837020 , CE > PE by 24.3%
IS_MORNING_WINDOW= False  (active 9:15-9:48 IST)
================================================
==== signal check time ==== 2026-08-14 12:39:00.636357
IS_CHOI_DIFF_GT_25PERC== True
RSI_VAL1== 53.47
RSI_VAL2== 53.47
FUT_3m_OHLC O= 78113.0  H= 78113.0  L= 78113.0  C= 78113.0  Range= 0.0
CHART_PATTERN_DETECTED: INSIDE_BAR | DOUBLE_TOP_FORMING | DOUBLE_BOTTOM_FORMING
  PATTERN_CONTEXT: Body= 0.0  Range= 0.0  ExpectedRange= 66.5  RangeRatio= 0.0  O= 78113.0  H= 78113.0  L= 78113.0  C= 78113.0
isPcrInc = True
newSynthFut =  78100
ATMStrike =  77800
AVG_OIPCR= 0.81
avgoiPCROld=  4.92
SUPP_RES = 78000
FUT LTP = 78113.0
CEchoi  PechOi = 564600.0    320820.0
====================================
totalOIPCR = 0.95
AVG_VOLPCR= 0.6
atmPCR= 0.35  belowATM  0.71
atmVolPCR= 0.35  belowATM  0.68
True   78113.0   78000   True   False   53.47
In Bull trade, slCount =  0  (mode= LOGIC3_CHOI_15PCT )
============================================================
LOGIC3_OBSERVE: WOULD_HAVE_ENTERED BULL (no real order — LOGIC3 is observation-only)
  FUT=78113.0 SUPP_RES=78000 CEchoi=564600.0 PEchoi=320820.0
============================================================
India VIX = 11.36  Spot Price = 77846.13
IV Regime = LOW (ADAPTIVE: P25= 11.86  P50= 12.16  P75= 12.9 ) | DailyRange = 1263.3 | 3minCandleRange = 66.5 (theoretical= 110.8 ) | ATMoptionMove = 29.9 | SL = 105 | Target = 105 | TrailTrigger = 30 | Spread = 300 | Buffer = 27
IV Params refreshed: {'vix': 11.36, 'bn_price': 77846.13, 'regime': 'LOW', 'regime_thresholds': 'P25=11.86 P50=12.16 P75=12.9', 'daily_range': 1263.3, 'candle_range': 66.5, 'atm_option_move': 29.9, 'sl_point': 105, 'target_point': 105, 'sl_pct_of_premium': 0.1, 'trail_trigger': 30, 'spread_width': 300, 'support_resistance_buffer': 27}
BSE:SENSEX-INDEX  strikecount= 8   fyers <fyers_apiv3.fyersModel.FyersModel object at 0x75fb8594b890>
===
====after 3 min ochain==== 2026-08-14 12:39:00.806561
                                    oipcr   choipcr   totalOI
pcr1 =  BSE:SENSEX2682078600CE   0.3   0.12 CALL added 97220   PUT added 11760  OI= 151560
pcr2 =  BSE:SENSEX2682078500CE   0.26   0.06 CALL added 403160   PUT added 25040  OI= 648500
pcr3 =  BSE:SENSEX2682078400CE   0.15   0.08 CALL added 145660   PUT added 11080  OI= 216540
pcr4 =  BSE:SENSEX2682078300PE   0.28   0.26 CALL added 139280   PUT added 36200  OI= 63480
pcr5 =  BSE:SENSEX2682078200CE   0.35   0.16 CALL added 167180   PUT added 26440  OI= 299060
pcr6 =  BSE:SENSEX2682078100CE   0.71    0.79 CALL added 173960   PUT added 137240  OI= 278500
pcr7 =  BSE:SENSEX2682078000PE   0.76   0.57 CALL added 564600   PUT added 320820  OI= 837020
pcr8 =  BSE:SENSEX2682077900PE   0.99   0.99 CALL added 364600   PUT added 359860  OI= 467140
pcr9 =  BSE:SENSEX2682077800PE   1.35   1.39 CALL added 441380   PUT added 612640  OI= 861200
pcr10 =  BSE:SENSEX2682077700CE   2.47   2.5 CALL added 201260   PUT added 503660  OI= 231880
pcr11 =  BSE:SENSEX2682077600PE   6.57   7.08 CALL added 62180   PUT added 439980  OI= 501620
pcr12 =  BSE:SENSEX2682077500PE   4.16   6.68 CALL added 66620   PUT added 444840  OI= 661360
pcr13 =  BSE:SENSEX2682077400PE   7.53   6.96 CALL added 30000   PUT added 208660  OI= 248580
pcr14 =  BSE:SENSEX2682077300CE   10.66   9.48 CALL added 16740   PUT added 158720  OI= 18860
pcr15 =  BSE:SENSEX2682077200PE   13.89   11.0 CALL added 8440   PUT added 92860  OI= 139180
pcr16 =  BSE:SENSEX2682077100CE   22.53   19.01 CALL added 4340   PUT added 82500  OI= 4880
pcr17 =  BSE:SENSEX2682077000CE   10.6   14.97 CALL added 11920   PUT added 178460  OI= 37220
pcrSummation= 7.32  result =  ['BSE:SENSEX2682078500CE', 'BSE:SENSEX2682078400CE', 'BSE:SENSEX2682078300PE', 'BSE:SENSEX2682078200CE', 'BSE:SENSEX2682078100CE', 'BSE:SENSEX2682078000PE', 'BSE:SENSEX2682077900PE', 'BSE:SENSEX2682077800PE', 'BSE:SENSEX2682077700CE']
PCRSUM== 83.56
pcrSummation== 7.32
VOLPCRSUM== 5.4
spotLTP =  77846.13  ATM_STRIKE =  77800
IS_ATM_STRIKE_SHIFT = False  mapStrike = {77800: 77800}
avgOiPcrList2 = [np.float64(4.87), np.float64(4.92), np.float64(4.92)] atmStrikeNotShiftedCount= 4
False   4   3
SUPP_RES=== 78000  Buffer= 27
CEoich val =  564600.0  PEoich val =  320820.0 , CE > PE by 43.2%
SUPP_RES TOTAL OI: CE= 1105380  PE= 837020 , CE > PE by 24.3%
IS_MORNING_WINDOW= False  (active 9:15-9:48 IST)
================================================
==== signal check time ==== 2026-08-14 12:39:01.355803
IS_CHOI_DIFF_GT_25PERC== True
RSI_VAL1== 53.47
RSI_VAL2== 53.47
FUT_3m_OHLC O= 78113.0  H= 78113.0  L= 78113.0  C= 78113.0  Range= 0.0
CHART_PATTERN_DETECTED: INSIDE_BAR | DOUBLE_TOP_FORMING | DOUBLE_BOTTOM_FORMING
  PATTERN_CONTEXT: Body= 0.0  Range= 0.0  ExpectedRange= 66.5  RangeRatio= 0.0  O= 78113.0  H= 78113.0  L= 78113.0  C= 78113.0
neither = [np.float64(4.92)]
newSynthFut =  78100
ATMStrike =  77800
AVG_OIPCR= 0.81
avgoiPCROld=  4.92
SUPP_RES = 78000
FUT LTP = 78113.0
CEchoi  PechOi = 564600.0    320820.0
====================================
totalOIPCR = 0.95
AVG_VOLPCR= 0.6
atmPCR= 0.35  belowATM  0.71
atmVolPCR= 0.35  belowATM  0.68
True   78113.0   78000   False   False   53.47
curr Doji False
BSE:SENSEX2682078100PE  curr candle vol pcr = 0.57  PE= 12600  CE= 22240      cpr =  1.77
BSE:SENSEX2682078100PE  prev candle vol pcr = 0.37  PE= 9900  CE= 26520      cpr =  2.68
VOL_PRESSURE_WATCH: SINGLE_CANDLE_CALL_PRESSURE | currCPR= 1.77  prevCPR= 2.68
ATM_CE_premium= 336.95  ATM_PE_premium= 456.9
CE_PremChg= 6.2  PE_PremChg= -6.95
CandleBody= 0.0  PrevBody= 0.0  CandleRange= 0.0  Doji
TotalVol= 34840  PrevTotalVol= 36420  VolSpike= 0.96 x 
SCALP_SCORE: BEAR | BullScore= 0  BearScore= 1 | Confidence= LOW
DATAPOINT|12:39|FUT=78113.0|Body=0.0|PrevBody=0.0|Range=0.0|RangeRatio=0.0|CurrVolPCR=0.57|PrevVolPCR=0.37|CurrCPR=1.77|PrevCPR=2.68|VolSpike=0.96|CE_PremChg=6.2|PE_PremChg=-6.95|BullScore=0|BearScore=1|Dir=BEAR|Conf=LOW
CHART_PATTERN_DETECTED: INSIDE_BAR | DOUBLE_TOP_FORMING | DOUBLE_BOTTOM_FORMING
  PATTERN_CONTEXT: Body= 0.0  Range= 0.0  ExpectedRange= 66.5  RangeRatio= 0.0  O= 78113.0  H= 78113.0  L= 78113.0  C= 78113.0
BSE:SENSEX-INDEX  strikecount= 3   fyers <fyers_apiv3.fyersModel.FyersModel object at 0x75fb8594b890>
======================================
oipcr1 =  BSE:SENSEX2682078100CE   0.71
oipcr2 =  BSE:SENSEX2682078000PE   0.76
oipcr3 =  BSE:SENSEX2682077900PE   0.99
oipcrBull = NoEntry  bulcount= 0  bearcount= 3 oipcrBear= BearTrade
atmpcr5 pcr6= 1.35    2.47
No Entry Yet
India VIX = 11.38  Spot Price = 77821.24
IV Regime = LOW (ADAPTIVE: P25= 11.86  P50= 12.16  P75= 12.9 ) | DailyRange = 1265.2 | 3minCandleRange = 66.6 (theoretical= 111.0 ) | ATMoptionMove = 30.0 | SL = 105 | Target = 105 | TrailTrigger = 30 | Spread = 300 | Buffer = 27
IV Params refreshed: {'vix': 11.38, 'bn_price': 77821.24, 'regime': 'LOW', 'regime_thresholds': 'P25=11.86 P50=12.16 P75=12.9', 'daily_range': 1265.2, 'candle_range': 66.6, 'atm_option_move': 30.0, 'sl_point': 105, 'target_point': 105, 'sl_pct_of_premium': 0.1, 'trail_trigger': 30, 'spread_width': 300, 'support_resistance_buffer': 27}
BSE:SENSEX-INDEX  strikecount= 8   fyers <fyers_apiv3.fyersModel.FyersModel object at 0x75fb8594b890>
===
====after 3 min ochain==== 2026-08-14 12:42:00.042705
                                    oipcr   choipcr   totalOI
pcr1 =  BSE:SENSEX2682078600CE   0.31   0.13 CALL added 94320   PUT added 12000  OI= 148660
pcr2 =  BSE:SENSEX2682078500CE   0.26   0.05 CALL added 401300   PUT added 21860  OI= 646640
pcr3 =  BSE:SENSEX2682078400CE   0.15   0.08 CALL added 143260   PUT added 12080  OI= 214140
pcr4 =  BSE:SENSEX2682078300PE   0.28   0.25 CALL added 141160   PUT added 35300  OI= 62580
pcr5 =  BSE:SENSEX2682078200CE   0.35   0.16 CALL added 167600   PUT added 26720  OI= 299480
pcr6 =  BSE:SENSEX2682078100CE   0.72    0.79 CALL added 176120   PUT added 139420  OI= 280660
pcr7 =  BSE:SENSEX2682078000PE   0.76   0.57 CALL added 559240   PUT added 317600  OI= 833800
pcr8 =  BSE:SENSEX2682077900PE   1.0   0.99 CALL added 363940   PUT added 361000  OI= 468280
pcr9 =  BSE:SENSEX2682077800PE   1.33   1.36 CALL added 438240   PUT added 595520  OI= 844080
pcr10 =  BSE:SENSEX2682077700CE   2.42   2.44 CALL added 204160   PUT added 498620  OI= 234780
pcr11 =  BSE:SENSEX2682077600PE   6.41   6.87 CALL added 63640   PUT added 437400  OI= 499040
pcr12 =  BSE:SENSEX2682077500PE   4.14   6.62 CALL added 66780   PUT added 441840  OI= 658360
pcr13 =  BSE:SENSEX2682077400PE   7.59   7.01 CALL added 29540   PUT added 207140  OI= 247060
pcr14 =  BSE:SENSEX2682077300CE   10.6   9.42 CALL added 16800   PUT added 158240  OI= 18920
pcr15 =  BSE:SENSEX2682077200PE   13.6   10.71 CALL added 8620   PUT added 92360  OI= 138680
pcr16 =  BSE:SENSEX2682077100CE   23.03   19.49 CALL added 4240   PUT added 82620  OI= 4780
pcr17 =  BSE:SENSEX2682077000CE   10.59   14.85 CALL added 12160   PUT added 180540  OI= 37460
pcrSummation= 7.27  result =  ['BSE:SENSEX2682078500CE', 'BSE:SENSEX2682078400CE', 'BSE:SENSEX2682078300PE', 'BSE:SENSEX2682078200CE', 'BSE:SENSEX2682078100CE', 'BSE:SENSEX2682078000PE', 'BSE:SENSEX2682077900PE', 'BSE:SENSEX2682077800PE', 'BSE:SENSEX2682077700CE']
PCRSUM== 83.54
pcrSummation== 7.27
VOLPCRSUM== 5.42
spotLTP =  77817.39  ATM_STRIKE =  77800
IS_ATM_STRIKE_SHIFT = False  mapStrike = {77800: 77800}
avgOiPcrList2 = [np.float64(4.92), np.float64(4.91)] atmStrikeNotShiftedCount= 5
False   5   2
SUPP_RES=== 78000  Buffer= 27
CEoich val =  559240.0  PEoich val =  317600.0 , CE > PE by 43.2%
SUPP_RES TOTAL OI: CE= 1100020  PE= 833800 , CE > PE by 24.2%
IS_MORNING_WINDOW= False  (active 9:15-9:48 IST)
================================================
==== signal check time ==== 2026-08-14 12:42:00.706313
IS_CHOI_DIFF_GT_25PERC== True
RSI_VAL1== 53.47
RSI_VAL2== 53.47
FUT_3m_OHLC O= 78113.0  H= 78113.0  L= 78113.0  C= 78113.0  Range= 0.0
CHART_PATTERN_DETECTED: INSIDE_BAR | DOUBLE_TOP_FORMING | DOUBLE_BOTTOM_FORMING
  PATTERN_CONTEXT: Body= 0.0  Range= 0.0  ExpectedRange= 66.6  RangeRatio= 0.0  O= 78113.0  H= 78113.0  L= 78113.0  C= 78113.0
newSynthFut =  78100
ATMStrike =  77800
AVG_OIPCR= 0.81
avgoiPCROld=  4.91
SUPP_RES = 78000
FUT LTP = 78113.0
CEchoi  PechOi = 559240.0    317600.0
====================================
totalOIPCR = 0.95
AVG_VOLPCR= 0.6
atmPCR= 0.35  belowATM  0.72
atmVolPCR= 0.36  belowATM  0.68
True   78113.0   78000   False   False   53.47
curr Doji False
BSE:SENSEX2682078100PE  curr candle vol pcr = 0.48  PE= 15300  CE= 31920      cpr =  2.09
BSE:SENSEX2682078100PE  prev candle vol pcr = 0.57  PE= 12600  CE= 22240      cpr =  1.77
VOL_PRESSURE_WATCH: SINGLE_CANDLE_CALL_PRESSURE | currCPR= 2.09  prevCPR= 1.77
ATM_CE_premium= 322.0  ATM_PE_premium= 470.3
CE_PremChg= -14.95  PE_PremChg= 13.4
CandleBody= 0.0  PrevBody= 0.0  CandleRange= 0.0  Doji
TotalVol= 47220  PrevTotalVol= 34840  VolSpike= 1.36 x 
SCALP_SCORE: NEUTRAL | BullScore= 1  BearScore= 1 | Confidence= LOW
DATAPOINT|12:42|FUT=78113.0|Body=0.0|PrevBody=0.0|Range=0.0|RangeRatio=0.0|CurrVolPCR=0.48|PrevVolPCR=0.57|CurrCPR=2.09|PrevCPR=1.77|VolSpike=1.36|CE_PremChg=-14.95|PE_PremChg=13.4|BullScore=1|BearScore=1|Dir=NEUTRAL|Conf=LOW
CHART_PATTERN_DETECTED: INSIDE_BAR | DOUBLE_TOP_FORMING | DOUBLE_BOTTOM_FORMING
  PATTERN_CONTEXT: Body= 0.0  Range= 0.0  ExpectedRange= 66.6  RangeRatio= 0.0  O= 78113.0  H= 78113.0  L= 78113.0  C= 78113.0
BSE:SENSEX-INDEX  strikecount= 3   fyers <fyers_apiv3.fyersModel.FyersModel object at 0x75fb8594b890>
======================================
oipcr1 =  BSE:SENSEX2682078100CE   0.72
oipcr2 =  BSE:SENSEX2682078000PE   0.76
oipcr3 =  BSE:SENSEX2682077900PE   1.0
oipcrBull = NoEntry  bulcount= 1  bearcount= 2 oipcrBear= BearTrade
atmpcr5 pcr6= 1.33    2.42
No Entry Yet
India VIX = 11.37  Spot Price = 77815.46
IV Regime = LOW (ADAPTIVE: P25= 11.86  P50= 12.16  P75= 12.9 ) | DailyRange = 1263.9 | 3minCandleRange = 66.5 (theoretical= 110.9 ) | ATMoptionMove = 29.9 | SL = 105 | Target = 105 | TrailTrigger = 30 | Spread = 300 | Buffer = 27
IV Params refreshed: {'vix': 11.37, 'bn_price': 77815.46, 'regime': 'LOW', 'regime_thresholds': 'P25=11.86 P50=12.16 P75=12.9', 'daily_range': 1263.9, 'candle_range': 66.5, 'atm_option_move': 29.9, 'sl_point': 105, 'target_point': 105, 'sl_pct_of_premium': 0.1, 'trail_trigger': 30, 'spread_width': 300, 'support_resistance_buffer': 27}
BSE:SENSEX-INDEX  strikecount= 8   fyers <fyers_apiv3.fyersModel.FyersModel object at 0x75fb8594b890>
===
====after 3 min ochain==== 2026-08-14 12:45:00.039627
                                    oipcr   choipcr   totalOI
pcr1 =  BSE:SENSEX2682078600CE   0.31   0.13 CALL added 98460   PUT added 13100  OI= 152800
pcr2 =  BSE:SENSEX2682078500CE   0.25   0.04 CALL added 397380   PUT added 15360  OI= 642720
pcr3 =  BSE:SENSEX2682078400CE   0.15   0.09 CALL added 142860   PUT added 12200  OI= 213740
pcr4 =  BSE:SENSEX2682078300PE   0.28   0.25 CALL added 139980   PUT added 35420  OI= 62700
pcr5 =  BSE:SENSEX2682078200CE   0.36   0.17 CALL added 165600   PUT added 27940  OI= 297480
pcr6 =  BSE:SENSEX2682078100CE   0.72    0.8 CALL added 173540   PUT added 139320  OI= 278080
pcr7 =  BSE:SENSEX2682078000PE   0.76   0.57 CALL added 557440   PUT added 315400  OI= 831600
pcr8 =  BSE:SENSEX2682077900PE   1.02   1.02 CALL added 357180   PUT added 365220  OI= 472500
pcr9 =  BSE:SENSEX2682077800PE   1.31   1.33 CALL added 438720   PUT added 582340  OI= 830900
pcr10 =  BSE:SENSEX2682077700CE   2.47   2.5 CALL added 199440   PUT added 497760  OI= 230060
pcr11 =  BSE:SENSEX2682077600PE   6.47   6.95 CALL added 63460   PUT added 440820  OI= 502460
pcr12 =  BSE:SENSEX2682077500PE   4.11   6.54 CALL added 67300   PUT added 440120  OI= 656640
pcr13 =  BSE:SENSEX2682077400PE   7.45   6.87 CALL added 30540   PUT added 209940  OI= 249860
pcr14 =  BSE:SENSEX2682077300CE   10.74   9.59 CALL added 16920   PUT added 162300  OI= 19040
pcr15 =  BSE:SENSEX2682077200PE   13.98   11.07 CALL added 8320   PUT added 92080  OI= 138400
pcr16 =  BSE:SENSEX2682077100CE   22.64   19.08 CALL added 4280   PUT added 81680  OI= 4820
pcr17 =  BSE:SENSEX2682077000CE   10.76   15.22 CALL added 12560   PUT added 191220  OI= 37860
pcrSummation= 7.32  result =  ['BSE:SENSEX2682078500CE', 'BSE:SENSEX2682078400CE', 'BSE:SENSEX2682078300PE', 'BSE:SENSEX2682078200CE', 'BSE:SENSEX2682078100CE', 'BSE:SENSEX2682078000PE', 'BSE:SENSEX2682077900PE', 'BSE:SENSEX2682077800PE', 'BSE:SENSEX2682077700CE']
PCRSUM== 83.78
pcrSummation== 7.32
VOLPCRSUM== 5.4
spotLTP =  77811.23  ATM_STRIKE =  77800
IS_ATM_STRIKE_SHIFT = False  mapStrike = {77800: 77800}
avgOiPcrList2 = [np.float64(4.92), np.float64(4.91), np.float64(4.93)] atmStrikeNotShiftedCount= 6
False   6   3
SUPP_RES=== 78000  Buffer= 27
CEoich val =  557440.0  PEoich val =  315400.0 , CE > PE by 43.4%
SUPP_RES TOTAL OI: CE= 1098220  PE= 831600 , CE > PE by 24.3%
IS_MORNING_WINDOW= False  (active 9:15-9:48 IST)
================================================
==== signal check time ==== 2026-08-14 12:45:00.703623
IS_CHOI_DIFF_GT_25PERC== True
RSI_VAL1== 53.47
RSI_VAL2== 53.47
FUT_3m_OHLC O= 78113.0  H= 78113.0  L= 78113.0  C= 78113.0  Range= 0.0
CHART_PATTERN_DETECTED: INSIDE_BAR | DOUBLE_TOP_FORMING | DOUBLE_BOTTOM_FORMING
  PATTERN_CONTEXT: Body= 0.0  Range= 0.0  ExpectedRange= 66.5  RangeRatio= 0.0  O= 78113.0  H= 78113.0  L= 78113.0  C= 78113.0
recent two = [np.float64(4.91), np.float64(4.93)]
newSynthFut =  78100
ATMStrike =  77800
AVG_OIPCR= 0.81
avgoiPCROld=  4.93
SUPP_RES = 78000
FUT LTP = 78113.0
CEchoi  PechOi = 557440.0    315400.0
====================================
totalOIPCR = 0.96
AVG_VOLPCR= 0.6
atmPCR= 0.36  belowATM  0.72
atmVolPCR= 0.36  belowATM  0.67
True   78113.0   78000   False   False   53.47
curr Doji False
BSE:SENSEX2682078100PE  curr candle vol pcr = 0.4  PE= 20480  CE= 51220      cpr =  2.5
BSE:SENSEX2682078100PE  prev candle vol pcr = 0.48  PE= 15300  CE= 31920      cpr =  2.09
VOL_PRESSURE_ALERT: STRONG_CALL_PRESSURE | currCPR= 2.5  prevCPR= 2.09  Direction=BEARISH_SIGNAL (heavy CE buying = expecting down move)
ATM_CE_premium= 318.7  ATM_PE_premium= 473.2
CE_PremChg= -3.3  PE_PremChg= 2.9
CandleBody= 0.0  PrevBody= 0.0  CandleRange= 0.0  Doji
TotalVol= 71700  PrevTotalVol= 47220  VolSpike= 1.52 x 
SCALP_SCORE: BEAR | BullScore= 0  BearScore= 2 | Confidence= LOW
DATAPOINT|12:45|FUT=78113.0|Body=0.0|PrevBody=0.0|Range=0.0|RangeRatio=0.0|CurrVolPCR=0.4|PrevVolPCR=0.48|CurrCPR=2.5|PrevCPR=2.09|VolSpike=1.52|CE_PremChg=-3.3|PE_PremChg=2.9|BullScore=0|BearScore=2|Dir=BEAR|Conf=LOW
CHART_PATTERN_DETECTED: INSIDE_BAR | DOUBLE_TOP_FORMING | DOUBLE_BOTTOM_FORMING
  PATTERN_CONTEXT: Body= 0.0  Range= 0.0  ExpectedRange= 66.5  RangeRatio= 0.0  O= 78113.0  H= 78113.0  L= 78113.0  C= 78113.0
BSE:SENSEX-INDEX  strikecount= 3   fyers <fyers_apiv3.fyersModel.FyersModel object at 0x75fb8594b890>
======================================
oipcr1 =  BSE:SENSEX2682078100CE   0.72
oipcr2 =  BSE:SENSEX2682078000PE   0.76
oipcr3 =  BSE:SENSEX2682077900PE   1.02
oipcrBull = NoEntry  bulcount= 1  bearcount= 2 oipcrBear= BearTrade
atmpcr5 pcr6= 1.31    2.47
No Entry Yet
India VIX = 11.35  Spot Price = 77825.64
IV Regime = LOW (ADAPTIVE: P25= 11.86  P50= 12.16  P75= 12.9 ) | DailyRange = 1261.9 | 3minCandleRange = 66.4 (theoretical= 110.7 ) | ATMoptionMove = 29.9 | SL = 105 | Target = 105 | TrailTrigger = 30 | Spread = 300 | Buffer = 27
IV Params refreshed: {'vix': 11.35, 'bn_price': 77825.64, 'regime': 'LOW', 'regime_thresholds': 'P25=11.86 P50=12.16 P75=12.9', 'daily_range': 1261.9, 'candle_range': 66.4, 'atm_option_move': 29.9, 'sl_point': 105, 'target_point': 105, 'sl_pct_of_premium': 0.1, 'trail_trigger': 30, 'spread_width': 300, 'support_resistance_buffer': 27}
BSE:SENSEX-INDEX  strikecount= 8   fyers <fyers_apiv3.fyersModel.FyersModel object at 0x75fb8594b890>
===
====after 3 min ochain==== 2026-08-14 12:48:00.004371
                                    oipcr   choipcr   totalOI
pcr1 =  BSE:SENSEX2682078600CE   0.31   0.13 CALL added 96700   PUT added 12980  OI= 151040
pcr2 =  BSE:SENSEX2682078500CE   0.25   0.04 CALL added 397180   PUT added 15380  OI= 642520
pcr3 =  BSE:SENSEX2682078400CE   0.15   0.08 CALL added 144100   PUT added 11760  OI= 214980
pcr4 =  BSE:SENSEX2682078300PE   0.28   0.25 CALL added 140440   PUT added 35380  OI= 62660
pcr5 =  BSE:SENSEX2682078200CE   0.35   0.16 CALL added 166300   PUT added 25980  OI= 298180
pcr6 =  BSE:SENSEX2682078100CE   0.71    0.78 CALL added 176060   PUT added 136900  OI= 280600
pcr7 =  BSE:SENSEX2682078000PE   0.75   0.55 CALL added 557260   PUT added 308520  OI= 824720
pcr8 =  BSE:SENSEX2682077900PE   1.0   1.0 CALL added 360420   PUT added 359000  OI= 466280
pcr9 =  BSE:SENSEX2682077800PE   1.27   1.28 CALL added 454940   PUT added 581460  OI= 830020
pcr10 =  BSE:SENSEX2682077700CE   2.43   2.45 CALL added 201620   PUT added 494480  OI= 232240
pcr11 =  BSE:SENSEX2682077600PE   6.65   7.19 CALL added 61160   PUT added 439600  OI= 501240
pcr12 =  BSE:SENSEX2682077500PE   4.13   6.56 CALL added 67600   PUT added 443500  OI= 660020
pcr13 =  BSE:SENSEX2682077400PE   7.45   6.88 CALL added 30820   PUT added 212160  OI= 252080
pcr14 =  BSE:SENSEX2682077300CE   10.65   9.49 CALL added 16980   PUT added 161060  OI= 19100
pcr15 =  BSE:SENSEX2682077200PE   13.88   11.0 CALL added 8480   PUT added 93280  OI= 139600
pcr16 =  BSE:SENSEX2682077100CE   22.65   19.1 CALL added 4280   PUT added 81740  OI= 4820
pcr17 =  BSE:SENSEX2682077000CE   10.62   14.78 CALL added 12600   PUT added 186260  OI= 37900
pcrSummation= 7.1899999999999995  result =  ['BSE:SENSEX2682078500CE', 'BSE:SENSEX2682078400CE', 'BSE:SENSEX2682078300PE', 'BSE:SENSEX2682078200CE', 'BSE:SENSEX2682078100CE', 'BSE:SENSEX2682078000PE', 'BSE:SENSEX2682077900PE', 'BSE:SENSEX2682077800PE', 'BSE:SENSEX2682077700CE']
PCRSUM== 83.53
pcrSummation== 7.19
VOLPCRSUM== 5.42
spotLTP =  77825.64  ATM_STRIKE =  77800
IS_ATM_STRIKE_SHIFT = False  mapStrike = {77800: 77800}
avgOiPcrList2 = [np.float64(4.91), np.float64(4.93), np.float64(4.91)] atmStrikeNotShiftedCount= 7
False   7   3
SUPP_RES=== 78000  Buffer= 27
CEoich val =  557260.0  PEoich val =  308520.0 , CE > PE by 44.6%
SUPP_RES TOTAL OI: CE= 1098040  PE= 824720 , CE > PE by 24.9%
IS_MORNING_WINDOW= False  (active 9:15-9:48 IST)
================================================
==== signal check time ==== 2026-08-14 12:48:00.671033
IS_CHOI_DIFF_GT_25PERC== True
RSI_VAL1== 53.47
RSI_VAL2== 53.47
FUT_3m_OHLC O= 78113.0  H= 78113.0  L= 78113.0  C= 78113.0  Range= 0.0
CHART_PATTERN_DETECTED: INSIDE_BAR | DOUBLE_TOP_FORMING | DOUBLE_BOTTOM_FORMING
  PATTERN_CONTEXT: Body= 0.0  Range= 0.0  ExpectedRange= 66.4  RangeRatio= 0.0  O= 78113.0  H= 78113.0  L= 78113.0  C= 78113.0
recent two = [np.float64(4.93), np.float64(4.91)]
newSynthFut =  78100
ATMStrike =  77800
AVG_OIPCR= 0.8
avgoiPCROld=  4.91
SUPP_RES = 78000
FUT LTP = 78113.0
CEchoi  PechOi = 557260.0    308520.0
====================================
totalOIPCR = 0.95
AVG_VOLPCR= 0.6
atmPCR= 0.35  belowATM  0.71
atmVolPCR= 0.36  belowATM  0.67
True   78113.0   78000   False   False   53.47
curr Doji False
BSE:SENSEX2682078100PE  curr candle vol pcr = 0.48  PE= 10720  CE= 22460      cpr =  2.1
BSE:SENSEX2682078100PE  prev candle vol pcr = 0.4  PE= 20480  CE= 51220      cpr =  2.5
VOL_PRESSURE_ALERT: STRONG_CALL_PRESSURE | currCPR= 2.1  prevCPR= 2.5  Direction=BEARISH_SIGNAL (heavy CE buying = expecting down move)
ATM_CE_premium= 322.35  ATM_PE_premium= 470.45
CE_PremChg= 3.65  PE_PremChg= -2.75
CandleBody= 0.0  PrevBody= 0.0  CandleRange= 0.0  Doji
TotalVol= 33180  PrevTotalVol= 71700  VolSpike= 0.46 x 
SCALP_SCORE: BEAR | BullScore= 0  BearScore= 2 | Confidence= LOW
DATAPOINT|12:48|FUT=78113.0|Body=0.0|PrevBody=0.0|Range=0.0|RangeRatio=0.0|CurrVolPCR=0.48|PrevVolPCR=0.4|CurrCPR=2.1|PrevCPR=2.5|VolSpike=0.46|CE_PremChg=3.65|PE_PremChg=-2.75|BullScore=0|BearScore=2|Dir=BEAR|Conf=LOW
CHART_PATTERN_DETECTED: INSIDE_BAR | DOUBLE_TOP_FORMING | DOUBLE_BOTTOM_FORMING
  PATTERN_CONTEXT: Body= 0.0  Range= 0.0  ExpectedRange= 66.4  RangeRatio= 0.0  O= 78113.0  H= 78113.0  L= 78113.0  C= 78113.0
BSE:SENSEX-INDEX  strikecount= 3   fyers <fyers_apiv3.fyersModel.FyersModel object at 0x75fb8594b890>
======================================
oipcr1 =  BSE:SENSEX2682078100CE   0.71
oipcr2 =  BSE:SENSEX2682078000PE   0.75
oipcr3 =  BSE:SENSEX2682077900PE   1.0
oipcrBull = NoEntry  bulcount= 1  bearcount= 2 oipcrBear= BearTrade
atmpcr5 pcr6= 1.27    2.43
No Entry Yet
India VIX = 11.35  Spot Price = 77851.93
IV Regime = LOW (ADAPTIVE: P25= 11.86  P50= 12.16  P75= 12.9 ) | DailyRange = 1262.3 | 3minCandleRange = 66.4 (theoretical= 110.7 ) | ATMoptionMove = 29.9 | SL = 105 | Target = 105 | TrailTrigger = 30 | Spread = 300 | Buffer = 27
IV Params refreshed: {'vix': 11.35, 'bn_price': 77851.93, 'regime': 'LOW', 'regime_thresholds': 'P25=11.86 P50=12.16 P75=12.9', 'daily_range': 1262.3, 'candle_range': 66.4, 'atm_option_move': 29.9, 'sl_point': 105, 'target_point': 105, 'sl_pct_of_premium': 0.1, 'trail_trigger': 30, 'spread_width': 300, 'support_resistance_buffer': 27}
BSE:SENSEX-INDEX  strikecount= 8   fyers <fyers_apiv3.fyersModel.FyersModel object at 0x75fb8594b890>
===
====after 3 min ochain==== 2026-08-14 12:51:00.030210
                                    oipcr   choipcr   totalOI
pcr1 =  BSE:SENSEX2682078700PE   0.14   -0.0 CALL added 81000   PUT unwind -160  OI= 17920
pcr2 =  BSE:SENSEX2682078600CE   0.31   0.13 CALL added 98720   PUT added 13160  OI= 153060
pcr3 =  BSE:SENSEX2682078500CE   0.25   0.04 CALL added 399560   PUT added 16520  OI= 644900
pcr4 =  BSE:SENSEX2682078400CE   0.15   0.08 CALL added 144580   PUT added 11720  OI= 215460
pcr5 =  BSE:SENSEX2682078300PE   0.28   0.26 CALL added 138580   PUT added 35620  OI= 62900
pcr6 =  BSE:SENSEX2682078200CE   0.36    0.16 CALL added 164240   PUT added 26600  OI= 296120
pcr7 =  BSE:SENSEX2682078100CE   0.7   0.76 CALL added 178260   PUT added 136240  OI= 282800
pcr8 =  BSE:SENSEX2682078000PE   0.76   0.57 CALL added 542220   PUT added 309580  OI= 825780
pcr9 =  BSE:SENSEX2682077900PE   0.98   0.97 CALL added 360160   PUT added 348660  OI= 455940
pcr10 =  BSE:SENSEX2682077800PE   1.29   1.3 CALL added 442560   PUT added 576180  OI= 824740
pcr11 =  BSE:SENSEX2682077700CE   2.39   2.41 CALL added 200720   PUT added 484240  OI= 231340
pcr12 =  BSE:SENSEX2682077600PE   6.57   7.09 CALL added 61200   PUT added 433780  OI= 495420
pcr13 =  BSE:SENSEX2682077500PE   4.1   6.54 CALL added 66640   PUT added 435980  OI= 652500
pcr14 =  BSE:SENSEX2682077400PE   7.57   7.0 CALL added 30340   PUT added 212480  OI= 252400
pcr15 =  BSE:SENSEX2682077300CE   10.31   9.15 CALL added 17660   PUT added 161660  OI= 19780
pcr16 =  BSE:SENSEX2682077200PE   13.28   10.32 CALL added 8580   PUT added 88580  OI= 134900
pcr17 =  BSE:SENSEX2682077100CE   22.98   19.48 CALL added 4300   PUT added 83780  OI= 4840
pcrSummation= 5.08  result =  ['BSE:SENSEX2682078600CE', 'BSE:SENSEX2682078500CE', 'BSE:SENSEX2682078400CE', 'BSE:SENSEX2682078300PE', 'BSE:SENSEX2682078200CE', 'BSE:SENSEX2682078100CE', 'BSE:SENSEX2682078000PE', 'BSE:SENSEX2682077900PE', 'BSE:SENSEX2682077800PE']
PCRSUM== 72.42
pcrSummation== 5.08
VOLPCRSUM== 3.7300000000000004
spotLTP =  77851.93  ATM_STRIKE =  77900
IS_ATM_STRIKE_SHIFT = True  mapStrike = {77900: 77900}
avgOiPcrList2 = [np.float64(4.26)] atmStrikeNotShiftedCount= 1
True   1   1
SUPP_RES=== 78000  Buffer= 27
CEoich val =  542220.0  PEoich val =  309580.0 , CE > PE by 42.9%
SUPP_RES TOTAL OI: CE= 1083000  PE= 825780 , CE > PE by 23.8%
IS_MORNING_WINDOW= False  (active 9:15-9:48 IST)
================================================
==== signal check time ==== 2026-08-14 12:51:00.682219
IS_CHOI_DIFF_GT_25PERC== True
RSI_VAL1== 63.71
RSI_VAL2== 63.71
FUT_3m_OHLC O= 78150.0  H= 78159.2  L= 78150.0  C= 78159.2  Range= 9.1
CHART_PATTERN_DETECTED: DOUBLE_BOTTOM_FORMING
  PATTERN_CONTEXT: Body= 9.1  Range= 9.1  ExpectedRange= 66.4  RangeRatio= 0.14  O= 78150.0  H= 78159.2  L= 78150.0  C= 78159.2
newSynthFut =  78200
ATMStrike =  77900
AVG_OIPCR= 0.56
avgoiPCROld=  4.26
SUPP_RES = 78000
FUT LTP = 78159.15
CEchoi  PechOi = 542220.0    309580.0
====================================
totalOIPCR = 0.94
AVG_VOLPCR= 0.41
atmPCR= 0.28  belowATM  0.36
atmVolPCR= 0.22  belowATM  0.35
True   78159.15   78000   False   False   63.71
curr Doji False
BSE:SENSEX2682078100PE  curr candle vol pcr = 0.42  PE= 22780  CE= 54160      cpr =  2.38
BSE:SENSEX2682078100PE  prev candle vol pcr = 0.48  PE= 10720  CE= 22460      cpr =  2.1
VOL_PRESSURE_ALERT: STRONG_CALL_PRESSURE | currCPR= 2.38  prevCPR= 2.1  Direction=BEARISH_SIGNAL (heavy CE buying = expecting down move)
ATM_CE_premium= 336.35  ATM_PE_premium= 453.05
CE_PremChg= 14.0  PE_PremChg= -17.4
CandleBody= 9.1  PrevBody= 0.0  CandleRange= 9.1  Bullish
TotalVol= 76940  PrevTotalVol= 33180  VolSpike= 2.32 x  SPIKE!
SCALP_SCORE: BEAR | BullScore= 2  BearScore= 3 | Confidence= MEDIUM
  SCALP_BEAR_REASONS: VolCPR_2candle_bear + PremMomentum_bear(PE-17.4,CE+14.0)
DATAPOINT|12:51|FUT=78159.2|Body=9.1|PrevBody=0.0|Range=9.1|RangeRatio=0.14|CurrVolPCR=0.42|PrevVolPCR=0.48|CurrCPR=2.38|PrevCPR=2.1|VolSpike=2.32|CE_PremChg=14.0|PE_PremChg=-17.4|BullScore=2|BearScore=3|Dir=BEAR|Conf=MEDIUM
CHART_PATTERN_DETECTED: DOUBLE_BOTTOM_FORMING
  PATTERN_CONTEXT: Body= 9.1  Range= 9.1  ExpectedRange= 66.4  RangeRatio= 0.14  O= 78150.0  H= 78159.2  L= 78150.0  C= 78159.2
BSE:SENSEX-INDEX  strikecount= 3   fyers <fyers_apiv3.fyersModel.FyersModel object at 0x75fb8594b890>
======================================
oipcr1 =  BSE:SENSEX2682078200CE   0.36
oipcr2 =  BSE:SENSEX2682078100CE   0.7
oipcr3 =  BSE:SENSEX2682078000PE   0.76
oipcrBull = NoEntry  bulcount= 0  bearcount= 3 oipcrBear= BearTrade
atmpcr5 pcr6= 0.98    1.29
No Entry Yet
India VIX = 11.34  Spot Price = 77856.8
IV Regime = LOW (ADAPTIVE: P25= 11.86  P50= 12.16  P75= 12.9 ) | DailyRange = 1261.3 | 3minCandleRange = 66.4 (theoretical= 110.6 ) | ATMoptionMove = 29.9 | SL = 105 | Target = 105 | TrailTrigger = 30 | Spread = 300 | Buffer = 27
IV Params refreshed: {'vix': 11.34, 'bn_price': 77856.8, 'regime': 'LOW', 'regime_thresholds': 'P25=11.86 P50=12.16 P75=12.9', 'daily_range': 1261.3, 'candle_range': 66.4, 'atm_option_move': 29.9, 'sl_point': 105, 'target_point': 105, 'sl_pct_of_premium': 0.1, 'trail_trigger': 30, 'spread_width': 300, 'support_resistance_buffer': 27}
BSE:SENSEX-INDEX  strikecount= 8   fyers <fyers_apiv3.fyersModel.FyersModel object at 0x75fb8594b890>
===
====after 3 min ochain==== 2026-08-14 12:54:00.019564
                                    oipcr   choipcr   totalOI
pcr1 =  BSE:SENSEX2682078700PE   0.15   0.0 CALL added 81400   PUT added 220  OI= 18300
pcr2 =  BSE:SENSEX2682078600CE   0.31   0.13 CALL added 100540   PUT added 13440  OI= 154880
pcr3 =  BSE:SENSEX2682078500CE   0.25   0.04 CALL added 404340   PUT added 17080  OI= 649680
pcr4 =  BSE:SENSEX2682078400CE   0.15   0.09 CALL added 147520   PUT added 12720  OI= 218400
pcr5 =  BSE:SENSEX2682078300PE   0.28   0.25 CALL added 141640   PUT added 36000  OI= 63280
pcr6 =  BSE:SENSEX2682078200CE   0.36    0.16 CALL added 163240   PUT added 26860  OI= 295120
pcr7 =  BSE:SENSEX2682078100CE   0.72   0.79 CALL added 181920   PUT added 144200  OI= 286460
pcr8 =  BSE:SENSEX2682078000PE   0.77   0.58 CALL added 533040   PUT added 311200  OI= 827400
pcr9 =  BSE:SENSEX2682077900PE   0.97   0.96 CALL added 359240   PUT added 345040  OI= 452320
pcr10 =  BSE:SENSEX2682077800PE   1.33   1.36 CALL added 435020   PUT added 590080  OI= 838640
pcr11 =  BSE:SENSEX2682077700CE   2.35   2.36 CALL added 206320   PUT added 487880  OI= 236940
pcr12 =  BSE:SENSEX2682077600PE   6.72   7.28 CALL added 59740   PUT added 434700  OI= 496340
pcr13 =  BSE:SENSEX2682077500PE   4.13   6.64 CALL added 65900   PUT added 437640  OI= 654160
pcr14 =  BSE:SENSEX2682077400PE   7.61   7.05 CALL added 30280   PUT added 213340  OI= 253260
pcr15 =  BSE:SENSEX2682077300CE   10.47   9.32 CALL added 17440   PUT added 162480  OI= 19560
pcr16 =  BSE:SENSEX2682077200PE   13.2   10.27 CALL added 8680   PUT added 89140  OI= 135460
pcr17 =  BSE:SENSEX2682077100CE   23.37   19.92 CALL added 4300   PUT added 85660  OI= 4840
pcrSummation= 5.140000000000001  result =  ['BSE:SENSEX2682078600CE', 'BSE:SENSEX2682078500CE', 'BSE:SENSEX2682078400CE', 'BSE:SENSEX2682078300PE', 'BSE:SENSEX2682078200CE', 'BSE:SENSEX2682078100CE', 'BSE:SENSEX2682078000PE', 'BSE:SENSEX2682077900PE', 'BSE:SENSEX2682077800PE']
PCRSUM== 73.14
pcrSummation== 5.14
VOLPCRSUM== 3.7199999999999998
spotLTP =  77856.8  ATM_STRIKE =  77900
IS_ATM_STRIKE_SHIFT = False  mapStrike = {77900: 77900}
avgOiPcrList2 = [np.float64(4.26), np.float64(4.3)] atmStrikeNotShiftedCount= 2
False   2   2
SUPP_RES=== 78000  Buffer= 27
CEoich val =  533040.0  PEoich val =  311200.0 , CE > PE by 41.6%
SUPP_RES TOTAL OI: CE= 1073820  PE= 827400 , CE > PE by 22.9%
IS_MORNING_WINDOW= False  (active 9:15-9:48 IST)
================================================
==== signal check time ==== 2026-08-14 12:54:00.637685
IS_CHOI_DIFF_GT_25PERC== True
RSI_VAL1== 66.44
RSI_VAL2== 66.44
FUT_3m_OHLC O= 78159.2  H= 78175.0  L= 78159.2  C= 78175.0  Range= 15.9
CHART_PATTERN_DETECTED: DOUBLE_TOP_FORMING
  PATTERN_CONTEXT: Body= 15.9  Range= 15.9  ExpectedRange= 66.4  RangeRatio= 0.24  O= 78159.2  H= 78175.0  L= 78159.2  C= 78175.0
newSynthFut =  78200
ATMStrike =  77900
AVG_OIPCR= 0.57
avgoiPCROld=  4.3
SUPP_RES = 78000
FUT LTP = 78175.0
CEchoi  PechOi = 533040.0    311200.0
====================================
totalOIPCR = 0.95
AVG_VOLPCR= 0.41
atmPCR= 0.28  belowATM  0.36
atmVolPCR= 0.22  belowATM  0.36
True   78175.0   78000   False   False   66.44
curr Doji False
BSE:SENSEX2682078100PE  curr candle vol pcr = 0.5  PE= 24340  CE= 48700      cpr =  2.0
BSE:SENSEX2682078100PE  prev candle vol pcr = 0.42  PE= 22780  CE= 54160      cpr =  2.38
VOL_PRESSURE_ALERT: STRONG_CALL_PRESSURE | currCPR= 2.0  prevCPR= 2.38  Direction=BEARISH_SIGNAL (heavy CE buying = expecting down move)
ATM_CE_premium= 337.65  ATM_PE_premium= 451.0
CE_PremChg= 1.3  PE_PremChg= -2.05
CandleBody= 15.9  PrevBody= 9.1  CandleRange= 15.9  Bullish
TotalVol= 73040  PrevTotalVol= 76940  VolSpike= 0.95 x 
SCALP_SCORE: NEUTRAL | BullScore= 2  BearScore= 2 | Confidence= LOW
DATAPOINT|12:54|FUT=78175.0|Body=15.9|PrevBody=9.1|Range=15.9|RangeRatio=0.24|CurrVolPCR=0.5|PrevVolPCR=0.42|CurrCPR=2.0|PrevCPR=2.38|VolSpike=0.95|CE_PremChg=1.3|PE_PremChg=-2.05|BullScore=2|BearScore=2|Dir=NEUTRAL|Conf=LOW
CHART_PATTERN_DETECTED: DOUBLE_TOP_FORMING
  PATTERN_CONTEXT: Body= 15.9  Range= 15.9  ExpectedRange= 66.4  RangeRatio= 0.24  O= 78159.2  H= 78175.0  L= 78159.2  C= 78175.0
BSE:SENSEX-INDEX  strikecount= 3   fyers <fyers_apiv3.fyersModel.FyersModel object at 0x75fb8594b890>
======================================
oipcr1 =  BSE:SENSEX2682078200CE   0.36
oipcr2 =  BSE:SENSEX2682078100CE   0.72
oipcr3 =  BSE:SENSEX2682078000PE   0.77
oipcrBull = NoEntry  bulcount= 0  bearcount= 3 oipcrBear= BearTrade
atmpcr5 pcr6= 0.97    1.33
No Entry Yet
India VIX = 11.34  Spot Price = 77861.17
IV Regime = LOW (ADAPTIVE: P25= 11.86  P50= 12.16  P75= 12.9 ) | DailyRange = 1261.4 | 3minCandleRange = 66.4 (theoretical= 110.6 ) | ATMoptionMove = 29.9 | SL = 105 | Target = 105 | TrailTrigger = 30 | Spread = 300 | Buffer = 27
IV Params refreshed: {'vix': 11.34, 'bn_price': 77861.17, 'regime': 'LOW', 'regime_thresholds': 'P25=11.86 P50=12.16 P75=12.9', 'daily_range': 1261.4, 'candle_range': 66.4, 'atm_option_move': 29.9, 'sl_point': 105, 'target_point': 105, 'sl_pct_of_premium': 0.1, 'trail_trigger': 30, 'spread_width': 300, 'support_resistance_buffer': 27}
BSE:SENSEX-INDEX  strikecount= 8   fyers <fyers_apiv3.fyersModel.FyersModel object at 0x75fb8594b890>
===
====after 3 min ochain==== 2026-08-14 12:57:00.005581
                                    oipcr   choipcr   totalOI
pcr1 =  BSE:SENSEX2682078700PE   0.15   0.0 CALL added 82260   PUT added 380  OI= 18460
pcr2 =  BSE:SENSEX2682078600CE   0.3   0.13 CALL added 103960   PUT added 13220  OI= 158300
pcr3 =  BSE:SENSEX2682078500CE   0.25   0.04 CALL added 408200   PUT added 18040  OI= 653540
pcr4 =  BSE:SENSEX2682078400CE   0.16   0.09 CALL added 147580   PUT added 13260  OI= 218460
pcr5 =  BSE:SENSEX2682078300PE   0.28   0.26 CALL added 142200   PUT added 37360  OI= 64640
pcr6 =  BSE:SENSEX2682078200CE   0.37    0.19 CALL added 165440   PUT added 31600  OI= 297320
pcr7 =  BSE:SENSEX2682078100CE   0.73   0.81 CALL added 183200   PUT added 147740  OI= 287740
pcr8 =  BSE:SENSEX2682078000PE   0.77   0.58 CALL added 536060   PUT added 310860  OI= 827060
pcr9 =  BSE:SENSEX2682077900PE   0.99   0.99 CALL added 357340   PUT added 351980  OI= 459260
pcr10 =  BSE:SENSEX2682077800PE   1.37   1.42 CALL added 432760   PUT added 615660  OI= 864220
pcr11 =  BSE:SENSEX2682077700CE   2.32   2.32 CALL added 210460   PUT added 488620  OI= 241080
pcr12 =  BSE:SENSEX2682077600PE   6.73   7.29 CALL added 59640   PUT added 434940  OI= 496580
pcr13 =  BSE:SENSEX2682077500PE   4.19   6.82 CALL added 64820   PUT added 442220  OI= 658740
pcr14 =  BSE:SENSEX2682077400PE   7.51   6.93 CALL added 30220   PUT added 209460  OI= 249380
pcr15 =  BSE:SENSEX2682077300CE   10.42   9.26 CALL added 17360   PUT added 160800  OI= 19480
pcr16 =  BSE:SENSEX2682077200PE   13.4   10.51 CALL added 8700   PUT added 91440  OI= 137760
pcr17 =  BSE:SENSEX2682077100CE   23.32   19.88 CALL added 4320   PUT added 85900  OI= 4860
pcrSummation= 5.22  result =  ['BSE:SENSEX2682078600CE', 'BSE:SENSEX2682078500CE', 'BSE:SENSEX2682078400CE', 'BSE:SENSEX2682078300PE', 'BSE:SENSEX2682078200CE', 'BSE:SENSEX2682078100CE', 'BSE:SENSEX2682078000PE', 'BSE:SENSEX2682077900PE', 'BSE:SENSEX2682077800PE']
PCRSUM== 73.26
pcrSummation== 5.22
VOLPCRSUM== 3.7199999999999998
spotLTP =  77861.17  ATM_STRIKE =  77900
IS_ATM_STRIKE_SHIFT = False  mapStrike = {77900: 77900}
avgOiPcrList2 = [np.float64(4.26), np.float64(4.3), np.float64(4.31)] atmStrikeNotShiftedCount= 3
False   3   3
SUPP_RES=== 78000  Buffer= 27
CEoich val =  536060.0  PEoich val =  310860.0 , CE > PE by 42.0%
SUPP_RES TOTAL OI: CE= 1076840  PE= 827060 , CE > PE by 23.2%
IS_MORNING_WINDOW= False  (active 9:15-9:48 IST)
================================================
==== signal check time ==== 2026-08-14 12:57:00.653647
IS_CHOI_DIFF_GT_25PERC== True
RSI_VAL1== 66.44
RSI_VAL2== 66.44
FUT_3m_OHLC O= 78175.0  H= 78175.0  L= 78175.0  C= 78175.0  Range= 0.0
CHART_PATTERN_DETECTED: INSIDE_BAR | DOUBLE_TOP_FORMING
  PATTERN_CONTEXT: Body= 0.0  Range= 0.0  ExpectedRange= 66.4  RangeRatio= 0.0  O= 78175.0  H= 78175.0  L= 78175.0  C= 78175.0
isPcrInc = True
newSynthFut =  78200
ATMStrike =  77900
AVG_OIPCR= 0.58
avgoiPCROld=  4.31
SUPP_RES = 78000
FUT LTP = 78175.0
CEchoi  PechOi = 536060.0    310860.0
====================================
totalOIPCR = 0.95
AVG_VOLPCR= 0.41
atmPCR= 0.28  belowATM  0.37
atmVolPCR= 0.22  belowATM  0.35
True   78175.0   78000   True   False   66.44
In Bull trade, slCount =  0  (mode= LOGIC3_CHOI_15PCT )
============================================================
LOGIC3_OBSERVE: WOULD_HAVE_ENTERED BULL (no real order — LOGIC3 is observation-only)
  FUT=78175.0 SUPP_RES=78000 CEchoi=536060.0 PEchoi=310860.0
============================================================
India VIX = 11.34  Spot Price = 77861.17
IV Regime = LOW (ADAPTIVE: P25= 11.86  P50= 12.16  P75= 12.9 ) | DailyRange = 1261.4 | 3minCandleRange = 66.4 (theoretical= 110.6 ) | ATMoptionMove = 29.9 | SL = 105 | Target = 105 | TrailTrigger = 30 | Spread = 300 | Buffer = 27
IV Params refreshed: {'vix': 11.34, 'bn_price': 77861.17, 'regime': 'LOW', 'regime_thresholds': 'P25=11.86 P50=12.16 P75=12.9', 'daily_range': 1261.4, 'candle_range': 66.4, 'atm_option_move': 29.9, 'sl_point': 105, 'target_point': 105, 'sl_pct_of_premium': 0.1, 'trail_trigger': 30, 'spread_width': 300, 'support_resistance_buffer': 27}
BSE:SENSEX-INDEX  strikecount= 8   fyers <fyers_apiv3.fyersModel.FyersModel object at 0x75fb8594b890>
===
====after 3 min ochain==== 2026-08-14 12:57:00.751918
                                    oipcr   choipcr   totalOI
pcr1 =  BSE:SENSEX2682078700PE   0.15   0.0 CALL added 82260   PUT added 380  OI= 18460
pcr2 =  BSE:SENSEX2682078600CE   0.3   0.13 CALL added 103960   PUT added 13220  OI= 158300
pcr3 =  BSE:SENSEX2682078500CE   0.25   0.04 CALL added 408200   PUT added 18040  OI= 653540
pcr4 =  BSE:SENSEX2682078400CE   0.16   0.09 CALL added 147580   PUT added 13260  OI= 218460
pcr5 =  BSE:SENSEX2682078300PE   0.28   0.26 CALL added 142200   PUT added 37360  OI= 64640
pcr6 =  BSE:SENSEX2682078200CE   0.37    0.19 CALL added 165440   PUT added 31600  OI= 297320
pcr7 =  BSE:SENSEX2682078100CE   0.73   0.81 CALL added 183200   PUT added 147740  OI= 287740
pcr8 =  BSE:SENSEX2682078000PE   0.77   0.58 CALL added 536060   PUT added 310860  OI= 827060
pcr9 =  BSE:SENSEX2682077900PE   0.99   0.99 CALL added 357340   PUT added 351980  OI= 459260
pcr10 =  BSE:SENSEX2682077800PE   1.37   1.42 CALL added 432760   PUT added 615660  OI= 864220
pcr11 =  BSE:SENSEX2682077700CE   2.32   2.32 CALL added 210460   PUT added 488620  OI= 241080
pcr12 =  BSE:SENSEX2682077600PE   6.73   7.29 CALL added 59640   PUT added 434940  OI= 496580
pcr13 =  BSE:SENSEX2682077500PE   4.19   6.82 CALL added 64820   PUT added 442220  OI= 658740
pcr14 =  BSE:SENSEX2682077400PE   7.51   6.93 CALL added 30220   PUT added 209460  OI= 249380
pcr15 =  BSE:SENSEX2682077300CE   10.42   9.26 CALL added 17360   PUT added 160800  OI= 19480
pcr16 =  BSE:SENSEX2682077200PE   13.4   10.51 CALL added 8700   PUT added 91440  OI= 137760
pcr17 =  BSE:SENSEX2682077100CE   23.32   19.88 CALL added 4320   PUT added 85900  OI= 4860
pcrSummation= 5.22  result =  ['BSE:SENSEX2682078600CE', 'BSE:SENSEX2682078500CE', 'BSE:SENSEX2682078400CE', 'BSE:SENSEX2682078300PE', 'BSE:SENSEX2682078200CE', 'BSE:SENSEX2682078100CE', 'BSE:SENSEX2682078000PE', 'BSE:SENSEX2682077900PE', 'BSE:SENSEX2682077800PE']
PCRSUM== 73.26
pcrSummation== 5.22
VOLPCRSUM== 3.7199999999999998
spotLTP =  77863.85  ATM_STRIKE =  77900
IS_ATM_STRIKE_SHIFT = False  mapStrike = {77900: 77900}
avgOiPcrList2 = [np.float64(4.3), np.float64(4.31), np.float64(4.31)] atmStrikeNotShiftedCount= 4
False   4   3
SUPP_RES=== 78000  Buffer= 27
CEoich val =  536060.0  PEoich val =  310860.0 , CE > PE by 42.0%
SUPP_RES TOTAL OI: CE= 1076840  PE= 827060 , CE > PE by 23.2%
IS_MORNING_WINDOW= False  (active 9:15-9:48 IST)
================================================
==== signal check time ==== 2026-08-14 12:57:01.344912
IS_CHOI_DIFF_GT_25PERC== True
RSI_VAL1== 66.44
RSI_VAL2== 66.44
FUT_3m_OHLC O= 78175.0  H= 78175.0  L= 78175.0  C= 78175.0  Range= 0.0
CHART_PATTERN_DETECTED: INSIDE_BAR | DOUBLE_TOP_FORMING
  PATTERN_CONTEXT: Body= 0.0  Range= 0.0  ExpectedRange= 66.4  RangeRatio= 0.0  O= 78175.0  H= 78175.0  L= 78175.0  C= 78175.0
neither = [np.float64(4.31)]
newSynthFut =  78200
ATMStrike =  77900
AVG_OIPCR= 0.58
avgoiPCROld=  4.31
SUPP_RES = 78000
FUT LTP = 78175.0
CEchoi  PechOi = 536060.0    310860.0
====================================
totalOIPCR = 0.95
AVG_VOLPCR= 0.41
atmPCR= 0.28  belowATM  0.37
atmVolPCR= 0.22  belowATM  0.35
True   78175.0   78000   False   False   66.44
curr Doji False
BSE:SENSEX2682078100PE  curr candle vol pcr = 0.43  PE= 12360  CE= 28780      cpr =  2.33
BSE:SENSEX2682078100PE  prev candle vol pcr = 0.5  PE= 24340  CE= 48700      cpr =  2.0
VOL_PRESSURE_ALERT: STRONG_CALL_PRESSURE | currCPR= 2.33  prevCPR= 2.0  Direction=BEARISH_SIGNAL (heavy CE buying = expecting down move)
ATM_CE_premium= 339.7  ATM_PE_premium= 445.5
CE_PremChg= 2.05  PE_PremChg= -5.5
CandleBody= 0.0  PrevBody= 15.9  CandleRange= 0.0  Doji
TotalVol= 41140  PrevTotalVol= 73040  VolSpike= 0.56 x 
SCALP_SCORE: BEAR | BullScore= 0  BearScore= 2 | Confidence= LOW
DATAPOINT|12:57|FUT=78175.0|Body=0.0|PrevBody=15.9|Range=0.0|RangeRatio=0.0|CurrVolPCR=0.43|PrevVolPCR=0.5|CurrCPR=2.33|PrevCPR=2.0|VolSpike=0.56|CE_PremChg=2.05|PE_PremChg=-5.5|BullScore=0|BearScore=2|Dir=BEAR|Conf=LOW
CHART_PATTERN_DETECTED: INSIDE_BAR | DOUBLE_TOP_FORMING
  PATTERN_CONTEXT: Body= 0.0  Range= 0.0  ExpectedRange= 66.4  RangeRatio= 0.0  O= 78175.0  H= 78175.0  L= 78175.0  C= 78175.0
BSE:SENSEX-INDEX  strikecount= 3   fyers <fyers_apiv3.fyersModel.FyersModel object at 0x75fb8594b890>
======================================
oipcr1 =  BSE:SENSEX2682078200CE   0.37
oipcr2 =  BSE:SENSEX2682078100CE   0.73
oipcr3 =  BSE:SENSEX2682078000PE   0.77
oipcrBull = NoEntry  bulcount= 0  bearcount= 3 oipcrBear= BearTrade
atmpcr5 pcr6= 0.99    1.37
No Entry Yet
India VIX = 11.34  Spot Price = 77849.55
IV Regime = LOW (ADAPTIVE: P25= 11.86  P50= 12.16  P75= 12.9 ) | DailyRange = 1261.2 | 3minCandleRange = 66.4 (theoretical= 110.6 ) | ATMoptionMove = 29.9 | SL = 105 | Target = 105 | TrailTrigger = 30 | Spread = 300 | Buffer = 27
IV Params refreshed: {'vix': 11.34, 'bn_price': 77849.55, 'regime': 'LOW', 'regime_thresholds': 'P25=11.86 P50=12.16 P75=12.9', 'daily_range': 1261.2, 'candle_range': 66.4, 'atm_option_move': 29.9, 'sl_point': 105, 'target_point': 105, 'sl_pct_of_premium': 0.1, 'trail_trigger': 30, 'spread_width': 300, 'support_resistance_buffer': 27}
BSE:SENSEX-INDEX  strikecount= 8   fyers <fyers_apiv3.fyersModel.FyersModel object at 0x75fb8594b890>
===
====after 3 min ochain==== 2026-08-14 13:00:00.006850
                                    oipcr   choipcr   totalOI
pcr1 =  BSE:SENSEX2682078600CE   0.3   0.13 CALL added 102380   PUT added 13300  OI= 156720
pcr2 =  BSE:SENSEX2682078500CE   0.25   0.05 CALL added 408760   PUT added 19520  OI= 654100
pcr3 =  BSE:SENSEX2682078400CE   0.15   0.09 CALL added 150820   PUT added 13720  OI= 221700
pcr4 =  BSE:SENSEX2682078300PE   0.29   0.27 CALL added 141920   PUT added 38140  OI= 65420
pcr5 =  BSE:SENSEX2682078200CE   0.37   0.19 CALL added 169000   PUT added 31980  OI= 300880
pcr6 =  BSE:SENSEX2682078100CE   0.75    0.84 CALL added 177980   PUT added 149880  OI= 282520
pcr7 =  BSE:SENSEX2682078000PE   0.77   0.59 CALL added 537820   PUT added 316260  OI= 832460
pcr8 =  BSE:SENSEX2682077900PE   1.06   1.07 CALL added 346140   PUT added 369480  OI= 476760
pcr9 =  BSE:SENSEX2682077800PE   1.42   1.5 CALL added 420180   PUT added 629660  OI= 878220
pcr10 =  BSE:SENSEX2682077700CE   2.38   2.4 CALL added 205420   PUT added 492580  OI= 236040
pcr11 =  BSE:SENSEX2682077600PE   6.8   7.38 CALL added 59280   PUT added 437620  OI= 499260
pcr12 =  BSE:SENSEX2682077500PE   4.26   7.11 CALL added 62100   PUT added 441840  OI= 658360
pcr13 =  BSE:SENSEX2682077400PE   7.61   7.04 CALL added 30160   PUT added 212440  OI= 252360
pcr14 =  BSE:SENSEX2682077300CE   10.43   9.27 CALL added 17340   PUT added 160660  OI= 19460
pcr15 =  BSE:SENSEX2682077200PE   13.37   10.49 CALL added 8740   PUT added 91700  OI= 138020
pcr16 =  BSE:SENSEX2682077100CE   23.1   19.65 CALL added 4340   PUT added 85280  OI= 4880
pcr17 =  BSE:SENSEX2682077000CE   11.18   16.78 CALL added 11920   PUT added 200020  OI= 37220
pcrSummation= 5.359999999999999  result =  ['BSE:SENSEX2682078600CE', 'BSE:SENSEX2682078500CE', 'BSE:SENSEX2682078400CE', 'BSE:SENSEX2682078300PE', 'BSE:SENSEX2682078200CE', 'BSE:SENSEX2682078100CE', 'BSE:SENSEX2682078000PE', 'BSE:SENSEX2682077900PE', 'BSE:SENSEX2682077800PE']
PCRSUM== 84.49
pcrSummation== 5.36
VOLPCRSUM== 5.35
spotLTP =  77849.55  ATM_STRIKE =  77800
IS_ATM_STRIKE_SHIFT = True  mapStrike = {77800: 77800}
avgOiPcrList2 = [np.float64(4.97)] atmStrikeNotShiftedCount= 1
True   1   1
SUPP_RES=== 78000  Buffer= 27
CEoich val =  537820.0  PEoich val =  316260.0 , CE > PE by 41.2%
SUPP_RES TOTAL OI: CE= 1078600  PE= 832460 , CE > PE by 22.8%
IS_MORNING_WINDOW= False  (active 9:15-9:48 IST)
================================================
==== signal check time ==== 2026-08-14 13:00:00.732262
IS_CHOI_DIFF_GT_25PERC== True
RSI_VAL1== 66.44
RSI_VAL2== 66.44
FUT_3m_OHLC O= 78175.0  H= 78175.0  L= 78175.0  C= 78175.0  Range= 0.0
CHART_PATTERN_DETECTED: INSIDE_BAR | DOUBLE_TOP_FORMING
  PATTERN_CONTEXT: Body= 0.0  Range= 0.0  ExpectedRange= 66.4  RangeRatio= 0.0  O= 78175.0  H= 78175.0  L= 78175.0  C= 78175.0
newSynthFut =  78200
ATMStrike =  77800
AVG_OIPCR= 0.6
avgoiPCROld=  4.97
SUPP_RES = 78000
FUT LTP = 78175.0
CEchoi  PechOi = 537820.0    316260.0
====================================
totalOIPCR = 0.96
AVG_VOLPCR= 0.59
atmPCR= 0.37  belowATM  0.75
atmVolPCR= 0.36  belowATM  0.66
True   78175.0   78000   False   False   66.44
curr Doji False
BSE:SENSEX2682078100PE  curr candle vol pcr = 0.35  PE= 10860  CE= 31020      cpr =  2.86
BSE:SENSEX2682078100PE  prev candle vol pcr = 0.43  PE= 12360  CE= 28780      cpr =  2.33
VOL_PRESSURE_ALERT: STRONG_CALL_PRESSURE | currCPR= 2.86  prevCPR= 2.33  Direction=BEARISH_SIGNAL (heavy CE buying = expecting down move)
ATM_CE_premium= 338.65  ATM_PE_premium= 446.3
CE_PremChg= -1.05  PE_PremChg= 0.8
CandleBody= 0.0  PrevBody= 0.0  CandleRange= 0.0  Doji
TotalVol= 41880  PrevTotalVol= 41140  VolSpike= 1.02 x 
SCALP_SCORE: BEAR | BullScore= 0  BearScore= 2 | Confidence= LOW
DATAPOINT|13:00|FUT=78175.0|Body=0.0|PrevBody=0.0|Range=0.0|RangeRatio=0.0|CurrVolPCR=0.35|PrevVolPCR=0.43|CurrCPR=2.86|PrevCPR=2.33|VolSpike=1.02|CE_PremChg=-1.05|PE_PremChg=0.8|BullScore=0|BearScore=2|Dir=BEAR|Conf=LOW
CHART_PATTERN_DETECTED: INSIDE_BAR | DOUBLE_TOP_FORMING
  PATTERN_CONTEXT: Body= 0.0  Range= 0.0  ExpectedRange= 66.4  RangeRatio= 0.0  O= 78175.0  H= 78175.0  L= 78175.0  C= 78175.0
BSE:SENSEX-INDEX  strikecount= 3   fyers <fyers_apiv3.fyersModel.FyersModel object at 0x75fb8594b890>
======================================
oipcr1 =  BSE:SENSEX2682078100CE   0.75
oipcr2 =  BSE:SENSEX2682078000PE   0.77
oipcr3 =  BSE:SENSEX2682077900PE   1.06
oipcrBull = NoEntry  bulcount= 1  bearcount= 2 oipcrBear= BearTrade
atmpcr5 pcr6= 1.42    2.38
No Entry Yet
India VIX = 11.34  Spot Price = 77846.34
IV Regime = LOW (ADAPTIVE: P25= 11.86  P50= 12.16  P75= 12.9 ) | DailyRange = 1261.1 | 3minCandleRange = 66.4 (theoretical= 110.6 ) | ATMoptionMove = 29.9 | SL = 105 | Target = 105 | TrailTrigger = 30 | Spread = 300 | Buffer = 27
IV Params refreshed: {'vix': 11.34, 'bn_price': 77846.34, 'regime': 'LOW', 'regime_thresholds': 'P25=11.86 P50=12.16 P75=12.9', 'daily_range': 1261.1, 'candle_range': 66.4, 'atm_option_move': 29.9, 'sl_point': 105, 'target_point': 105, 'sl_pct_of_premium': 0.1, 'trail_trigger': 30, 'spread_width': 300, 'support_resistance_buffer': 27}
BSE:SENSEX-INDEX  strikecount= 8   fyers <fyers_apiv3.fyersModel.FyersModel object at 0x75fb8594b890>
===
====after 3 min ochain==== 2026-08-14 13:03:00.037376
                                    oipcr   choipcr   totalOI
pcr1 =  BSE:SENSEX2682078600CE   0.3   0.13 CALL added 100600   PUT added 13200  OI= 154940
pcr2 =  BSE:SENSEX2682078500CE   0.26   0.05 CALL added 407060   PUT added 20700  OI= 652400
pcr3 =  BSE:SENSEX2682078400CE   0.16   0.09 CALL added 150660   PUT added 13860  OI= 221540
pcr4 =  BSE:SENSEX2682078300PE   0.3   0.28 CALL added 140820   PUT added 39700  OI= 66980
pcr5 =  BSE:SENSEX2682078200CE   0.37   0.2 CALL added 167840   PUT added 33720  OI= 299720
pcr6 =  BSE:SENSEX2682078100CE   0.77    0.88 CALL added 177460   PUT added 155380  OI= 282000
pcr7 =  BSE:SENSEX2682078000PE   0.79   0.61 CALL added 524140   PUT added 321380  OI= 837580
pcr8 =  BSE:SENSEX2682077900PE   1.1   1.12 CALL added 346380   PUT added 388780  OI= 496060
pcr9 =  BSE:SENSEX2682077800PE   1.46   1.56 CALL added 413620   PUT added 646280  OI= 894840
pcr10 =  BSE:SENSEX2682077700CE   2.48   2.51 CALL added 199240   PUT added 500480  OI= 229860
pcr11 =  BSE:SENSEX2682077600PE   6.81   7.39 CALL added 59220   PUT added 437780  OI= 499420
pcr12 =  BSE:SENSEX2682077500PE   4.3   7.28 CALL added 60840   PUT added 443060  OI= 659580
pcr13 =  BSE:SENSEX2682077400PE   7.46   6.89 CALL added 30820   PUT added 212460  OI= 252380
pcr14 =  BSE:SENSEX2682077300CE   10.37   9.2 CALL added 17420   PUT added 160340  OI= 19540
pcr15 =  BSE:SENSEX2682077200PE   13.3   10.45 CALL added 8900   PUT added 93040  OI= 139360
pcr16 =  BSE:SENSEX2682077100CE   23.25   19.82 CALL added 4340   PUT added 86000  OI= 4880
pcr17 =  BSE:SENSEX2682077000CE   11.48   17.85 CALL added 11700   PUT added 208820  OI= 37000
pcrSummation= 5.510000000000001  result =  ['BSE:SENSEX2682078600CE', 'BSE:SENSEX2682078500CE', 'BSE:SENSEX2682078400CE', 'BSE:SENSEX2682078300PE', 'BSE:SENSEX2682078200CE', 'BSE:SENSEX2682078100CE', 'BSE:SENSEX2682078000PE', 'BSE:SENSEX2682077900PE', 'BSE:SENSEX2682077800PE']
PCRSUM== 84.96
pcrSummation== 5.51
VOLPCRSUM== 5.359999999999999
spotLTP =  77846.08  ATM_STRIKE =  77800
IS_ATM_STRIKE_SHIFT = False  mapStrike = {77800: 77800}
avgOiPcrList2 = [np.float64(4.97), np.float64(5.0)] atmStrikeNotShiftedCount= 2
False   2   2
SUPP_RES=== 78000  Buffer= 27
CEoich val =  524140.0  PEoich val =  321380.0 , CE > PE by 38.7%
SUPP_RES TOTAL OI: CE= 1064920  PE= 837580 , CE > PE by 21.3%
IS_MORNING_WINDOW= False  (active 9:15-9:48 IST)
================================================
==== signal check time ==== 2026-08-14 13:03:00.706711
IS_CHOI_DIFF_GT_25PERC== True
RSI_VAL1== 66.44
RSI_VAL2== 66.44
FUT_3m_OHLC O= 78175.0  H= 78175.0  L= 78175.0  C= 78175.0  Range= 0.0
CHART_PATTERN_DETECTED: INSIDE_BAR | DOUBLE_TOP_FORMING | DOUBLE_BOTTOM_FORMING
  PATTERN_CONTEXT: Body= 0.0  Range= 0.0  ExpectedRange= 66.4  RangeRatio= 0.0  O= 78175.0  H= 78175.0  L= 78175.0  C= 78175.0
newSynthFut =  78200
ATMStrike =  77800
AVG_OIPCR= 0.61
avgoiPCROld=  5.0
SUPP_RES = 78000
FUT LTP = 78175.0
CEchoi  PechOi = 524140.0    321380.0
====================================
totalOIPCR = 0.97
AVG_VOLPCR= 0.6
atmPCR= 0.37  belowATM  0.77
atmVolPCR= 0.36  belowATM  0.66
True   78175.0   78000   False   False   66.44
curr Doji False
BSE:SENSEX2682078100PE  curr candle vol pcr = 0.77  PE= 19340  CE= 25140      cpr =  1.3
BSE:SENSEX2682078100PE  prev candle vol pcr = 0.35  PE= 10860  CE= 31020      cpr =  2.86
VOL_PRESSURE_WATCH: SINGLE_CANDLE_CALL_PRESSURE | currCPR= 1.3  prevCPR= 2.86
ATM_CE_premium= 337.7  ATM_PE_premium= 447.8
CE_PremChg= -0.95  PE_PremChg= 1.5
CandleBody= 0.0  PrevBody= 0.0  CandleRange= 0.0  Doji
TotalVol= 44480  PrevTotalVol= 41880  VolSpike= 1.06 x 
SCALP_SCORE: NEUTRAL | BullScore= 0  BearScore= 0 | Confidence= LOW
DATAPOINT|13:03|FUT=78175.0|Body=0.0|PrevBody=0.0|Range=0.0|RangeRatio=0.0|CurrVolPCR=0.77|PrevVolPCR=0.35|CurrCPR=1.3|PrevCPR=2.86|VolSpike=1.06|CE_PremChg=-0.95|PE_PremChg=1.5|BullScore=0|BearScore=0|Dir=NEUTRAL|Conf=LOW
CHART_PATTERN_DETECTED: INSIDE_BAR | DOUBLE_TOP_FORMING | DOUBLE_BOTTOM_FORMING
  PATTERN_CONTEXT: Body= 0.0  Range= 0.0  ExpectedRange= 66.4  RangeRatio= 0.0  O= 78175.0  H= 78175.0  L= 78175.0  C= 78175.0
BSE:SENSEX-INDEX  strikecount= 3   fyers <fyers_apiv3.fyersModel.FyersModel object at 0x75fb8594b890>
======================================
oipcr1 =  BSE:SENSEX2682078100CE   0.77
oipcr2 =  BSE:SENSEX2682078000PE   0.79
oipcr3 =  BSE:SENSEX2682077900PE   1.1
oipcrBull = NoEntry  bulcount= 1  bearcount= 2 oipcrBear= BearTrade
atmpcr5 pcr6= 1.46    2.48
No Entry Yet
India VIX = 11.34  Spot Price = 77849.69
IV Regime = LOW (ADAPTIVE: P25= 11.86  P50= 12.16  P75= 12.9 ) | DailyRange = 1261.2 | 3minCandleRange = 66.4 (theoretical= 110.6 ) | ATMoptionMove = 29.9 | SL = 105 | Target = 105 | TrailTrigger = 30 | Spread = 300 | Buffer = 27
IV Params refreshed: {'vix': 11.34, 'bn_price': 77849.69, 'regime': 'LOW', 'regime_thresholds': 'P25=11.86 P50=12.16 P75=12.9', 'daily_range': 1261.2, 'candle_range': 66.4, 'atm_option_move': 29.9, 'sl_point': 105, 'target_point': 105, 'sl_pct_of_premium': 0.1, 'trail_trigger': 30, 'spread_width': 300, 'support_resistance_buffer': 27}
BSE:SENSEX-INDEX  strikecount= 8   fyers <fyers_apiv3.fyersModel.FyersModel object at 0x75fb8594b890>
===
====after 3 min ochain==== 2026-08-14 13:06:00.005154
                                    oipcr   choipcr   totalOI
pcr1 =  BSE:SENSEX2682078600CE   0.3   0.13 CALL added 99820   PUT added 13000  OI= 154160
pcr2 =  BSE:SENSEX2682078500CE   0.25   0.05 CALL added 408300   PUT added 20680  OI= 653640
pcr3 =  BSE:SENSEX2682078400CE   0.15   0.09 CALL added 151440   PUT added 13460  OI= 222320
pcr4 =  BSE:SENSEX2682078300PE   0.29   0.27 CALL added 143540   PUT added 38120  OI= 65400
pcr5 =  BSE:SENSEX2682078200CE   0.37   0.2 CALL added 172220   PUT added 34640  OI= 304100
pcr6 =  BSE:SENSEX2682078100CE   0.75    0.84 CALL added 184820   PUT added 154780  OI= 289360
pcr7 =  BSE:SENSEX2682078000PE   0.79   0.62 CALL added 531160   PUT added 331340  OI= 847540
pcr8 =  BSE:SENSEX2682077900PE   1.1   1.12 CALL added 355620   PUT added 398880  OI= 506160
pcr9 =  BSE:SENSEX2682077800PE   1.41   1.48 CALL added 427260   PUT added 634460  OI= 883020
pcr10 =  BSE:SENSEX2682077700CE   2.41   2.43 CALL added 205160   PUT added 498940  OI= 235780
pcr11 =  BSE:SENSEX2682077600PE   6.76   7.33 CALL added 60300   PUT added 441740  OI= 503380
pcr12 =  BSE:SENSEX2682077500PE   4.29   7.2 CALL added 61800   PUT added 444820  OI= 661340
pcr13 =  BSE:SENSEX2682077400PE   7.43   6.86 CALL added 31060   PUT added 213060  OI= 252980
pcr14 =  BSE:SENSEX2682077300CE   10.3   9.12 CALL added 17360   PUT added 158380  OI= 19480
pcr15 =  BSE:SENSEX2682077200PE   12.6   9.9 CALL added 9800   PUT added 97020  OI= 143340
pcr16 =  BSE:SENSEX2682077100CE   23.05   19.61 CALL added 4360   PUT added 85520  OI= 4900
pcr17 =  BSE:SENSEX2682077000CE   11.49   18.11 CALL added 11300   PUT added 204600  OI= 36600
pcrSummation= 5.41  result =  ['BSE:SENSEX2682078600CE', 'BSE:SENSEX2682078500CE', 'BSE:SENSEX2682078400CE', 'BSE:SENSEX2682078300PE', 'BSE:SENSEX2682078200CE', 'BSE:SENSEX2682078100CE', 'BSE:SENSEX2682078000PE', 'BSE:SENSEX2682077900PE', 'BSE:SENSEX2682077800PE']
PCRSUM== 83.74
pcrSummation== 5.41
VOLPCRSUM== 5.35
spotLTP =  77849.41  ATM_STRIKE =  77800
IS_ATM_STRIKE_SHIFT = False  mapStrike = {77800: 77800}
avgOiPcrList2 = [np.float64(4.97), np.float64(5.0), np.float64(4.93)] atmStrikeNotShiftedCount= 3
False   3   3
SUPP_RES=== 78000  Buffer= 27
CEoich val =  531160.0  PEoich val =  331340.0 , CE > PE by 37.6%
SUPP_RES TOTAL OI: CE= 1071940  PE= 847540 , CE > PE by 20.9%
IS_MORNING_WINDOW= False  (active 9:15-9:48 IST)
================================================
==== signal check time ==== 2026-08-14 13:06:00.627957
IS_CHOI_DIFF_GT_25PERC== True
RSI_VAL1== 66.44
RSI_VAL2== 66.44
FUT_3m_OHLC O= 78175.0  H= 78175.0  L= 78175.0  C= 78175.0  Range= 0.0
CHART_PATTERN_DETECTED: INSIDE_BAR | DOUBLE_TOP_FORMING | DOUBLE_BOTTOM_FORMING
  PATTERN_CONTEXT: Body= 0.0  Range= 0.0  ExpectedRange= 66.4  RangeRatio= 0.0  O= 78175.0  H= 78175.0  L= 78175.0  C= 78175.0
recent two = [np.float64(5.0), np.float64(4.93)]
newSynthFut =  78200
ATMStrike =  77800
AVG_OIPCR= 0.6
avgoiPCROld=  4.93
SUPP_RES = 78000
FUT LTP = 78175.0
CEchoi  PechOi = 531160.0    331340.0
====================================
totalOIPCR = 0.97
AVG_VOLPCR= 0.59
atmPCR= 0.37  belowATM  0.75
atmVolPCR= 0.36  belowATM  0.66
True   78175.0   78000   False   False   66.44
curr Doji False
BSE:SENSEX2682078100PE  curr candle vol pcr = 0.32  PE= 7040  CE= 21900      cpr =  3.11
BSE:SENSEX2682078100PE  prev candle vol pcr = 0.77  PE= 19340  CE= 25140      cpr =  1.3
VOL_PRESSURE_WATCH: SINGLE_CANDLE_CALL_PRESSURE | currCPR= 3.11  prevCPR= 1.3
ATM_CE_premium= 331.25  ATM_PE_premium= 452.35
CE_PremChg= -6.45  PE_PremChg= 4.55
CandleBody= 0.0  PrevBody= 0.0  CandleRange= 0.0  Doji
TotalVol= 28940  PrevTotalVol= 44480  VolSpike= 0.65 x 
SCALP_SCORE: BEAR | BullScore= 0  BearScore= 1 | Confidence= LOW
DATAPOINT|13:06|FUT=78175.0|Body=0.0|PrevBody=0.0|Range=0.0|RangeRatio=0.0|CurrVolPCR=0.32|PrevVolPCR=0.77|CurrCPR=3.11|PrevCPR=1.3|VolSpike=0.65|CE_PremChg=-6.45|PE_PremChg=4.55|BullScore=0|BearScore=1|Dir=BEAR|Conf=LOW
CHART_PATTERN_DETECTED: INSIDE_BAR | DOUBLE_TOP_FORMING | DOUBLE_BOTTOM_FORMING
  PATTERN_CONTEXT: Body= 0.0  Range= 0.0  ExpectedRange= 66.4  RangeRatio= 0.0  O= 78175.0  H= 78175.0  L= 78175.0  C= 78175.0
BSE:SENSEX-INDEX  strikecount= 3   fyers <fyers_apiv3.fyersModel.FyersModel object at 0x75fb8594b890>
======================================
oipcr1 =  BSE:SENSEX2682078100CE   0.75
oipcr2 =  BSE:SENSEX2682078000PE   0.79
oipcr3 =  BSE:SENSEX2682077900PE   1.1
oipcrBull = NoEntry  bulcount= 1  bearcount= 2 oipcrBear= BearTrade
atmpcr5 pcr6= 1.41    2.41
No Entry Yet
India VIX = 11.36  Spot Price = 77834.53
IV Regime = LOW (ADAPTIVE: P25= 11.86  P50= 12.16  P75= 12.9 ) | DailyRange = 1263.1 | 3minCandleRange = 66.5 (theoretical= 110.8 ) | ATMoptionMove = 29.9 | SL = 105 | Target = 105 | TrailTrigger = 30 | Spread = 300 | Buffer = 27
IV Params refreshed: {'vix': 11.36, 'bn_price': 77834.53, 'regime': 'LOW', 'regime_thresholds': 'P25=11.86 P50=12.16 P75=12.9', 'daily_range': 1263.1, 'candle_range': 66.5, 'atm_option_move': 29.9, 'sl_point': 105, 'target_point': 105, 'sl_pct_of_premium': 0.1, 'trail_trigger': 30, 'spread_width': 300, 'support_resistance_buffer': 27}
BSE:SENSEX-INDEX  strikecount= 8   fyers <fyers_apiv3.fyersModel.FyersModel object at 0x75fb8594b890>
===
====after 3 min ochain==== 2026-08-14 13:09:00.023849
                                    oipcr   choipcr   totalOI
pcr1 =  BSE:SENSEX2682078600CE   0.3   0.13 CALL added 99800   PUT added 12840  OI= 154140
pcr2 =  BSE:SENSEX2682078500CE   0.26   0.05 CALL added 406260   PUT added 20740  OI= 651600
pcr3 =  BSE:SENSEX2682078400CE   0.15   0.09 CALL added 151740   PUT added 13280  OI= 222620
pcr4 =  BSE:SENSEX2682078300PE   0.28   0.26 CALL added 146420   PUT added 38080  OI= 65360
pcr5 =  BSE:SENSEX2682078200CE   0.38   0.21 CALL added 171760   PUT added 35800  OI= 303640
pcr6 =  BSE:SENSEX2682078100CE   0.75    0.83 CALL added 181420   PUT added 151320  OI= 285960
pcr7 =  BSE:SENSEX2682078000PE   0.79   0.62 CALL added 535300   PUT added 329800  OI= 846000
pcr8 =  BSE:SENSEX2682077900PE   1.1   1.13 CALL added 348100   PUT added 392460  OI= 499740
pcr9 =  BSE:SENSEX2682077800PE   1.42   1.5 CALL added 419040   PUT added 627760  OI= 876320
pcr10 =  BSE:SENSEX2682077700CE   2.43   2.45 CALL added 201420   PUT added 493440  OI= 232040
pcr11 =  BSE:SENSEX2682077600PE   6.88   7.49 CALL added 58920   PUT added 441020  OI= 502660
pcr12 =  BSE:SENSEX2682077500PE   4.29   7.25 CALL added 60960   PUT added 441760  OI= 658280
pcr13 =  BSE:SENSEX2682077400PE   7.36   6.79 CALL added 31360   PUT added 213060  OI= 252980
pcr14 =  BSE:SENSEX2682077300CE   10.53   9.36 CALL added 17140   PUT added 160460  OI= 19260
pcr15 =  BSE:SENSEX2682077200PE   12.62   9.93 CALL added 9820   PUT added 97560  OI= 143880
pcr16 =  BSE:SENSEX2682077100CE   23.26   19.82 CALL added 4320   PUT added 85620  OI= 4860
pcr17 =  BSE:SENSEX2682077000CE   11.45   17.96 CALL added 11280   PUT added 202600  OI= 36580
pcrSummation= 7.5600000000000005  result =  ['BSE:SENSEX2682078500CE', 'BSE:SENSEX2682078400CE', 'BSE:SENSEX2682078300PE', 'BSE:SENSEX2682078200CE', 'BSE:SENSEX2682078100CE', 'BSE:SENSEX2682078000PE', 'BSE:SENSEX2682077900PE', 'BSE:SENSEX2682077800PE', 'BSE:SENSEX2682077700CE']
PCRSUM== 84.25
pcrSummation== 7.56
VOLPCRSUM== 5.34
spotLTP =  77834.53  ATM_STRIKE =  77800
IS_ATM_STRIKE_SHIFT = False  mapStrike = {77800: 77800}
avgOiPcrList2 = [np.float64(5.0), np.float64(4.93), np.float64(4.96)] atmStrikeNotShiftedCount= 4
False   4   3
SUPP_RES=== 78000  Buffer= 27
CEoich val =  535300.0  PEoich val =  329800.0 , CE > PE by 38.4%
SUPP_RES TOTAL OI: CE= 1076080  PE= 846000 , CE > PE by 21.4%
IS_MORNING_WINDOW= False  (active 9:15-9:48 IST)
================================================
==== signal check time ==== 2026-08-14 13:09:00.630001
IS_CHOI_DIFF_GT_25PERC== True
RSI_VAL1== 46.29
RSI_VAL2== 46.29
FUT_3m_OHLC O= 78175.0  H= 78175.0  L= 78110.7  C= 78111.7  Range= 64.3
CHART_PATTERN_DETECTED: DOUBLE_TOP_FORMING | STRONG_MOMENTUM_BEAR
  PATTERN_CONTEXT: Body= -63.3  Range= 64.3  ExpectedRange= 66.5  RangeRatio= 0.97  O= 78175.0  H= 78175.0  L= 78110.7  C= 78111.7
recent two = [np.float64(4.93), np.float64(4.96)]
newSynthFut =  78100
ATMStrike =  77800
AVG_OIPCR= 0.84
avgoiPCROld=  4.96
SUPP_RES = 78000
FUT LTP = 78111.7
CEchoi  PechOi = 535300.0    329800.0
====================================
totalOIPCR = 0.96
AVG_VOLPCR= 0.59
atmPCR= 0.38  belowATM  0.75
atmVolPCR= 0.36  belowATM  0.66
True   78111.7   78000   False   False   46.29
curr Doji False
BSE:SENSEX2682078100PE  curr candle vol pcr = 0.54  PE= 15440  CE= 28340      cpr =  1.84
BSE:SENSEX2682078100PE  prev candle vol pcr = 0.32  PE= 7040  CE= 21900      cpr =  3.11
VOL_PRESSURE_WATCH: SINGLE_CANDLE_CALL_PRESSURE | currCPR= 1.84  prevCPR= 3.11
ATM_CE_premium= 326.95  ATM_PE_premium= 456.65
CE_PremChg= -4.3  PE_PremChg= 4.3
CandleBody= -63.3  PrevBody= 0.0  CandleRange= 64.3  Bearish
TotalVol= 43780  PrevTotalVol= 28940  VolSpike= 1.51 x 
SCALP_SCORE: BEAR | BullScore= 0  BearScore= 3 | Confidence= MEDIUM
  SCALP_BEAR_REASONS: VolCPR_curr_bear + StrongBearCandle(98%) + VolRise(1.51x)_bear
DATAPOINT|13:09|FUT=78111.7|Body=-63.3|PrevBody=0.0|Range=64.3|RangeRatio=0.97|CurrVolPCR=0.54|PrevVolPCR=0.32|CurrCPR=1.84|PrevCPR=3.11|VolSpike=1.51|CE_PremChg=-4.3|PE_PremChg=4.3|BullScore=0|BearScore=3|Dir=BEAR|Conf=MEDIUM
CHART_PATTERN_DETECTED: DOUBLE_TOP_FORMING | STRONG_MOMENTUM_BEAR
  PATTERN_CONTEXT: Body= -63.3  Range= 64.3  ExpectedRange= 66.5  RangeRatio= 0.97  O= 78175.0  H= 78175.0  L= 78110.7  C= 78111.7
BSE:SENSEX-INDEX  strikecount= 3   fyers <fyers_apiv3.fyersModel.FyersModel object at 0x75fb8594b890>
======================================
oipcr1 =  BSE:SENSEX2682078100CE   0.75
oipcr2 =  BSE:SENSEX2682078000PE   0.79
oipcr3 =  BSE:SENSEX2682077900PE   1.1
oipcrBull = NoEntry  bulcount= 1  bearcount= 2 oipcrBear= BearTrade
atmpcr5 pcr6= 1.42    2.43
No Entry Yet
India VIX = 11.34  Spot Price = 77836.65
IV Regime = LOW (ADAPTIVE: P25= 11.86  P50= 12.16  P75= 12.9 ) | DailyRange = 1261.0 | 3minCandleRange = 66.4 (theoretical= 110.6 ) | ATMoptionMove = 29.9 | SL = 105 | Target = 105 | TrailTrigger = 30 | Spread = 300 | Buffer = 27
IV Params refreshed: {'vix': 11.34, 'bn_price': 77836.65, 'regime': 'LOW', 'regime_thresholds': 'P25=11.86 P50=12.16 P75=12.9', 'daily_range': 1261.0, 'candle_range': 66.4, 'atm_option_move': 29.9, 'sl_point': 105, 'target_point': 105, 'sl_pct_of_premium': 0.1, 'trail_trigger': 30, 'spread_width': 300, 'support_resistance_buffer': 27}
BSE:SENSEX-INDEX  strikecount= 8   fyers <fyers_apiv3.fyersModel.FyersModel object at 0x75fb8594b890>
===
====after 3 min ochain==== 2026-08-14 13:12:00.003968
                                    oipcr   choipcr   totalOI
pcr1 =  BSE:SENSEX2682078600CE   0.31   0.13 CALL added 98900   PUT added 13000  OI= 153240
pcr2 =  BSE:SENSEX2682078500CE   0.26   0.05 CALL added 406280   PUT added 20980  OI= 651620
pcr3 =  BSE:SENSEX2682078400CE   0.15   0.09 CALL added 152240   PUT added 13660  OI= 223120
pcr4 =  BSE:SENSEX2682078300PE   0.28   0.26 CALL added 146260   PUT added 38500  OI= 65780
pcr5 =  BSE:SENSEX2682078200CE   0.37   0.2 CALL added 172760   PUT added 35220  OI= 304640
pcr6 =  BSE:SENSEX2682078100CE   0.77    0.87 CALL added 178000   PUT added 154500  OI= 282540
pcr7 =  BSE:SENSEX2682078000PE   0.78   0.6 CALL added 550760   PUT added 331460  OI= 847660
pcr8 =  BSE:SENSEX2682077900PE   1.08   1.1 CALL added 357820   PUT added 393520  OI= 500800
pcr9 =  BSE:SENSEX2682077800PE   1.41   1.48 CALL added 424220   PUT added 627380  OI= 875940
pcr10 =  BSE:SENSEX2682077700CE   2.42   2.45 CALL added 202440   PUT added 495360  OI= 233060
pcr11 =  BSE:SENSEX2682077600PE   6.85   7.45 CALL added 59480   PUT added 442880  OI= 504520
pcr12 =  BSE:SENSEX2682077500PE   4.26   7.08 CALL added 62560   PUT added 442920  OI= 659440
pcr13 =  BSE:SENSEX2682077400PE   7.51   6.95 CALL added 31080   PUT added 215980  OI= 255900
pcr14 =  BSE:SENSEX2682077300CE   10.4   9.23 CALL added 17180   PUT added 158500  OI= 19300
pcr15 =  BSE:SENSEX2682077200PE   12.14   9.39 CALL added 9880   PUT added 92820  OI= 139140
pcr16 =  BSE:SENSEX2682077100CE   23.32   19.88 CALL added 4320   PUT added 85880  OI= 4860
pcr17 =  BSE:SENSEX2682077000CE   11.51   18.14 CALL added 11320   PUT added 205360  OI= 36620
pcrSummation= 7.5200000000000005  result =  ['BSE:SENSEX2682078500CE', 'BSE:SENSEX2682078400CE', 'BSE:SENSEX2682078300PE', 'BSE:SENSEX2682078200CE', 'BSE:SENSEX2682078100CE', 'BSE:SENSEX2682078000PE', 'BSE:SENSEX2682077900PE', 'BSE:SENSEX2682077800PE', 'BSE:SENSEX2682077700CE']
PCRSUM== 83.82
pcrSummation== 7.52
VOLPCRSUM== 5.35
spotLTP =  77836.65  ATM_STRIKE =  77800
IS_ATM_STRIKE_SHIFT = False  mapStrike = {77800: 77800}
avgOiPcrList2 = [np.float64(4.93), np.float64(4.96), np.float64(4.93)] atmStrikeNotShiftedCount= 5
False   5   3
SUPP_RES=== 78000  Buffer= 27
CEoich val =  550760.0  PEoich val =  331460.0 , CE > PE by 39.8%
SUPP_RES TOTAL OI: CE= 1091540  PE= 847660 , CE > PE by 22.3%
IS_MORNING_WINDOW= False  (active 9:15-9:48 IST)
================================================
==== signal check time ==== 2026-08-14 13:12:00.636682
IS_CHOI_DIFF_GT_25PERC== True
RSI_VAL1== 46.29
RSI_VAL2== 46.29
FUT_3m_OHLC O= 78111.7  H= 78111.7  L= 78111.7  C= 78111.7  Range= 0.0
CHART_PATTERN_DETECTED: INSIDE_BAR | DOUBLE_TOP_FORMING | DOUBLE_BOTTOM_FORMING
  PATTERN_CONTEXT: Body= 0.0  Range= 0.0  ExpectedRange= 66.4  RangeRatio= 0.0  O= 78111.7  H= 78111.7  L= 78111.7  C= 78111.7
recent two = [np.float64(4.96), np.float64(4.93)]
newSynthFut =  78100
ATMStrike =  77800
AVG_OIPCR= 0.84
avgoiPCROld=  4.93
SUPP_RES = 78000
FUT LTP = 78111.7
CEchoi  PechOi = 550760.0    331460.0
====================================
totalOIPCR = 0.96
AVG_VOLPCR= 0.59
atmPCR= 0.37  belowATM  0.77
atmVolPCR= 0.36  belowATM  0.66
True   78111.7   78000   False   False   46.29
curr Doji False
BSE:SENSEX2682078100PE  curr candle vol pcr = 0.43  PE= 9340  CE= 21540      cpr =  2.31
BSE:SENSEX2682078100PE  prev candle vol pcr = 0.54  PE= 15440  CE= 28340      cpr =  1.84
VOL_PRESSURE_WATCH: SINGLE_CANDLE_CALL_PRESSURE | currCPR= 2.31  prevCPR= 1.84
ATM_CE_premium= 332.7  ATM_PE_premium= 454.5
CE_PremChg= 5.75  PE_PremChg= -2.15
CandleBody= 0.0  PrevBody= -63.3  CandleRange= 0.0  Doji
TotalVol= 30880  PrevTotalVol= 43780  VolSpike= 0.71 x 
SCALP_SCORE: BEAR | BullScore= 0  BearScore= 1 | Confidence= LOW
DATAPOINT|13:12|FUT=78111.7|Body=0.0|PrevBody=-63.3|Range=0.0|RangeRatio=0.0|CurrVolPCR=0.43|PrevVolPCR=0.54|CurrCPR=2.31|PrevCPR=1.84|VolSpike=0.71|CE_PremChg=5.75|PE_PremChg=-2.15|BullScore=0|BearScore=1|Dir=BEAR|Conf=LOW
CHART_PATTERN_DETECTED: INSIDE_BAR | DOUBLE_TOP_FORMING | DOUBLE_BOTTOM_FORMING
  PATTERN_CONTEXT: Body= 0.0  Range= 0.0  ExpectedRange= 66.4  RangeRatio= 0.0  O= 78111.7  H= 78111.7  L= 78111.7  C= 78111.7
BSE:SENSEX-INDEX  strikecount= 3   fyers <fyers_apiv3.fyersModel.FyersModel object at 0x75fb8594b890>
======================================
oipcr1 =  BSE:SENSEX2682078100CE   0.77
oipcr2 =  BSE:SENSEX2682078000PE   0.78
oipcr3 =  BSE:SENSEX2682077900PE   1.08
oipcrBull = NoEntry  bulcount= 1  bearcount= 2 oipcrBear= BearTrade
atmpcr5 pcr6= 1.41    2.42
No Entry Yet
India VIX = 11.33  Spot Price = 77847.55
IV Regime = LOW (ADAPTIVE: P25= 11.86  P50= 12.16  P75= 12.9 ) | DailyRange = 1260.0 | 3minCandleRange = 66.3 (theoretical= 110.5 ) | ATMoptionMove = 29.8 | SL = 104 | Target = 104 | TrailTrigger = 30 | Spread = 300 | Buffer = 27
IV Params refreshed: {'vix': 11.33, 'bn_price': 77847.55, 'regime': 'LOW', 'regime_thresholds': 'P25=11.86 P50=12.16 P75=12.9', 'daily_range': 1260.0, 'candle_range': 66.3, 'atm_option_move': 29.8, 'sl_point': 104, 'target_point': 104, 'sl_pct_of_premium': 0.1, 'trail_trigger': 30, 'spread_width': 300, 'support_resistance_buffer': 27}
BSE:SENSEX-INDEX  strikecount= 8   fyers <fyers_apiv3.fyersModel.FyersModel object at 0x75fb8594b890>
===
====after 3 min ochain==== 2026-08-14 13:15:00.028148
                                    oipcr   choipcr   totalOI
pcr1 =  BSE:SENSEX2682078600CE   0.3   0.13 CALL added 98760   PUT added 12820  OI= 153100
pcr2 =  BSE:SENSEX2682078500CE   0.26   0.05 CALL added 407060   PUT added 20760  OI= 652400
pcr3 =  BSE:SENSEX2682078400CE   0.15   0.09 CALL added 148640   PUT added 13340  OI= 219520
pcr4 =  BSE:SENSEX2682078300PE   0.28   0.26 CALL added 145900   PUT added 38480  OI= 65760
pcr5 =  BSE:SENSEX2682078200CE   0.38   0.21 CALL added 173480   PUT added 36080  OI= 305360
pcr6 =  BSE:SENSEX2682078100CE   0.77    0.87 CALL added 178500   PUT added 155380  OI= 283040
pcr7 =  BSE:SENSEX2682078000PE   0.78   0.61 CALL added 550240   PUT added 334740  OI= 850940
pcr8 =  BSE:SENSEX2682077900PE   1.1   1.12 CALL added 361800   PUT added 405760  OI= 513040
pcr9 =  BSE:SENSEX2682077800PE   1.43   1.51 CALL added 420960   PUT added 636880  OI= 885440
pcr10 =  BSE:SENSEX2682077700CE   2.49   2.52 CALL added 195540   PUT added 493320  OI= 226160
pcr11 =  BSE:SENSEX2682077600PE   6.85   7.44 CALL added 59460   PUT added 442440  OI= 504080
pcr12 =  BSE:SENSEX2682077500PE   4.25   7.07 CALL added 62420   PUT added 441260  OI= 657780
pcr13 =  BSE:SENSEX2682077400PE   7.51   6.96 CALL added 31160   PUT added 216720  OI= 256640
pcr14 =  BSE:SENSEX2682077300CE   10.14   8.93 CALL added 17220   PUT added 153800  OI= 19340
pcr15 =  BSE:SENSEX2682077200PE   12.15   9.41 CALL added 9920   PUT added 93360  OI= 139680
pcr16 =  BSE:SENSEX2682077100CE   22.31   18.8 CALL added 4380   PUT added 82340  OI= 4920
pcr17 =  BSE:SENSEX2682077000CE   11.51   18.09 CALL added 11400   PUT added 206220  OI= 36700
pcrSummation= 5.449999999999999  result =  ['BSE:SENSEX2682078600CE', 'BSE:SENSEX2682078500CE', 'BSE:SENSEX2682078400CE', 'BSE:SENSEX2682078300PE', 'BSE:SENSEX2682078200CE', 'BSE:SENSEX2682078100CE', 'BSE:SENSEX2682078000PE', 'BSE:SENSEX2682077900PE', 'BSE:SENSEX2682077800PE']
PCRSUM== 82.66
pcrSummation== 5.45
VOLPCRSUM== 5.34
spotLTP =  77847.55  ATM_STRIKE =  77800
IS_ATM_STRIKE_SHIFT = False  mapStrike = {77800: 77800}
avgOiPcrList2 = [np.float64(4.96), np.float64(4.93), np.float64(4.86)] atmStrikeNotShiftedCount= 6
False   6   3
SUPP_RES=== 78000  Buffer= 27
CEoich val =  550240.0  PEoich val =  334740.0 , CE > PE by 39.2%
SUPP_RES TOTAL OI: CE= 1091020  PE= 850940 , CE > PE by 22.0%
IS_MORNING_WINDOW= False  (active 9:15-9:48 IST)
================================================
==== signal check time ==== 2026-08-14 13:15:00.707770
IS_CHOI_DIFF_GT_25PERC== True
RSI_VAL1== 58.15
RSI_VAL2== 58.15
FUT_3m_OHLC O= 78111.7  H= 78162.7  L= 78111.7  C= 78162.7  Range= 51.0
CHART_PATTERN_DETECTED: MORNING_STAR | DOUBLE_TOP_FORMING | DOUBLE_BOTTOM_FORMING | STRONG_MOMENTUM_BULL
  PATTERN_CONTEXT: Body= 51.0  Range= 51.0  ExpectedRange= 66.3  RangeRatio= 0.77  O= 78111.7  H= 78162.7  L= 78111.7  C= 78162.7
isPcrDecr = True
newSynthFut =  78200
ATMStrike =  77800
AVG_OIPCR= 0.61
avgoiPCROld=  4.86
SUPP_RES = 78000
FUT LTP = 78162.7
CEchoi  PechOi = 550240.0    334740.0
====================================
totalOIPCR = 0.96
AVG_VOLPCR= 0.59
atmPCR= 0.38  belowATM  0.77
atmVolPCR= 0.36  belowATM  0.65
True   78162.7   78000   False   True   58.15
no trade yet = [np.float64(4.96), np.float64(4.93), np.float64(4.86)]
curr Doji False
BSE:SENSEX2682078100PE  curr candle vol pcr = 0.28  PE= 6240  CE= 22460      cpr =  3.6
BSE:SENSEX2682078100PE  prev candle vol pcr = 0.43  PE= 9340  CE= 21540      cpr =  2.31
VOL_PRESSURE_ALERT: STRONG_CALL_PRESSURE | currCPR= 3.6  prevCPR= 2.31  Direction=BEARISH_SIGNAL (heavy CE buying = expecting down move)
ATM_CE_premium= 337.2  ATM_PE_premium= 447.25
CE_PremChg= 4.5  PE_PremChg= -7.25
CandleBody= 51.0  PrevBody= 0.0  CandleRange= 51.0  Bullish
TotalVol= 28700  PrevTotalVol= 30880  VolSpike= 0.93 x 
SCALP_SCORE: BEAR | BullScore= 1  BearScore= 2 | Confidence= LOW
DATAPOINT|13:15|FUT=78162.7|Body=51.0|PrevBody=0.0|Range=51.0|RangeRatio=0.77|CurrVolPCR=0.28|PrevVolPCR=0.43|CurrCPR=3.6|PrevCPR=2.31|VolSpike=0.93|CE_PremChg=4.5|PE_PremChg=-7.25|BullScore=1|BearScore=2|Dir=BEAR|Conf=LOW
CHART_PATTERN_DETECTED: MORNING_STAR | DOUBLE_TOP_FORMING | DOUBLE_BOTTOM_FORMING | STRONG_MOMENTUM_BULL
  PATTERN_CONTEXT: Body= 51.0  Range= 51.0  ExpectedRange= 66.3  RangeRatio= 0.77  O= 78111.7  H= 78162.7  L= 78111.7  C= 78162.7
BSE:SENSEX-INDEX  strikecount= 3   fyers <fyers_apiv3.fyersModel.FyersModel object at 0x75fb8594b890>
======================================
oipcr1 =  BSE:SENSEX2682078100CE   0.77
oipcr2 =  BSE:SENSEX2682078000PE   0.78
oipcr3 =  BSE:SENSEX2682077900PE   1.1
oipcrBull = NoEntry  bulcount= 1  bearcount= 2 oipcrBear= BearTrade
atmpcr5 pcr6= 1.43    2.49
No Entry Yet
India VIX = 11.34  Spot Price = 77841.45
IV Regime = LOW (ADAPTIVE: P25= 11.86  P50= 12.16  P75= 12.9 ) | DailyRange = 1261.0 | 3minCandleRange = 66.4 (theoretical= 110.6 ) | ATMoptionMove = 29.9 | SL = 105 | Target = 105 | TrailTrigger = 30 | Spread = 300 | Buffer = 27
IV Params refreshed: {'vix': 11.34, 'bn_price': 77841.45, 'regime': 'LOW', 'regime_thresholds': 'P25=11.86 P50=12.16 P75=12.9', 'daily_range': 1261.0, 'candle_range': 66.4, 'atm_option_move': 29.9, 'sl_point': 105, 'target_point': 105, 'sl_pct_of_premium': 0.1, 'trail_trigger': 30, 'spread_width': 300, 'support_resistance_buffer': 27}
BSE:SENSEX-INDEX  strikecount= 8   fyers <fyers_apiv3.fyersModel.FyersModel object at 0x75fb8594b890>
===
====after 3 min ochain==== 2026-08-14 13:18:00.008641
                                    oipcr   choipcr   totalOI
pcr1 =  BSE:SENSEX2682078600CE   0.3   0.12 CALL added 101820   PUT added 12600  OI= 156160
pcr2 =  BSE:SENSEX2682078500CE   0.26   0.05 CALL added 403920   PUT added 21080  OI= 649260
pcr3 =  BSE:SENSEX2682078400CE   0.16   0.09 CALL added 148400   PUT added 13840  OI= 219280
pcr4 =  BSE:SENSEX2682078300PE   0.28   0.26 CALL added 145200   PUT added 38400  OI= 65680
pcr5 =  BSE:SENSEX2682078200CE   0.38   0.22 CALL added 167540   PUT added 36280  OI= 299420
pcr6 =  BSE:SENSEX2682078100CE   0.76    0.87 CALL added 178140   PUT added 154320  OI= 282680
pcr7 =  BSE:SENSEX2682078000PE   0.79   0.62 CALL added 543940   PUT added 336360  OI= 852560
pcr8 =  BSE:SENSEX2682077900PE   1.08   1.09 CALL added 368800   PUT added 402780  OI= 510060
pcr9 =  BSE:SENSEX2682077800PE   1.4   1.46 CALL added 430620   PUT added 628160  OI= 876720
pcr10 =  BSE:SENSEX2682077700CE   2.44   2.47 CALL added 197880   PUT added 488600  OI= 228500
pcr11 =  BSE:SENSEX2682077600PE   6.59   7.1 CALL added 61860   PUT added 439180  OI= 500820
pcr12 =  BSE:SENSEX2682077500PE   4.25   7.03 CALL added 63000   PUT added 443200  OI= 659720
pcr13 =  BSE:SENSEX2682077400PE   7.48   6.91 CALL added 31100   PUT added 215000  OI= 254920
pcr14 =  BSE:SENSEX2682077300CE   9.82   8.57 CALL added 17200   PUT added 147460  OI= 19320
pcr15 =  BSE:SENSEX2682077200PE   12.23   9.47 CALL added 9760   PUT added 92380  OI= 138700
pcr16 =  BSE:SENSEX2682077100CE   20.58   16.97 CALL added 4520   PUT added 76700  OI= 5060
pcr17 =  BSE:SENSEX2682077000CE   11.29   17.39 CALL added 11420   PUT added 198580  OI= 36720
pcrSummation= 5.41  result =  ['BSE:SENSEX2682078600CE', 'BSE:SENSEX2682078500CE', 'BSE:SENSEX2682078400CE', 'BSE:SENSEX2682078300PE', 'BSE:SENSEX2682078200CE', 'BSE:SENSEX2682078100CE', 'BSE:SENSEX2682078000PE', 'BSE:SENSEX2682077900PE', 'BSE:SENSEX2682077800PE']
PCRSUM== 80.09
pcrSummation== 5.41
VOLPCRSUM== 5.33
spotLTP =  77841.45  ATM_STRIKE =  77800
IS_ATM_STRIKE_SHIFT = False  mapStrike = {77800: 77800}
avgOiPcrList2 = [np.float64(4.93), np.float64(4.86), np.float64(4.71)] atmStrikeNotShiftedCount= 7
False   7   3
SUPP_RES=== 78000  Buffer= 27
CEoich val =  543940.0  PEoich val =  336360.0 , CE > PE by 38.2%
SUPP_RES TOTAL OI: CE= 1084720  PE= 852560 , CE > PE by 21.4%
IS_MORNING_WINDOW= False  (active 9:15-9:48 IST)
================================================
==== signal check time ==== 2026-08-14 13:18:00.636273
IS_CHOI_DIFF_GT_25PERC== True
RSI_VAL1== 58.15
RSI_VAL2== 58.15
FUT_3m_OHLC O= 78162.7  H= 78162.7  L= 78162.7  C= 78162.7  Range= 0.0
CHART_PATTERN_DETECTED: INSIDE_BAR | DOUBLE_TOP_FORMING | DOUBLE_BOTTOM_FORMING
  PATTERN_CONTEXT: Body= 0.0  Range= 0.0  ExpectedRange= 66.4  RangeRatio= 0.0  O= 78162.7  H= 78162.7  L= 78162.7  C= 78162.7
isPcrDecr = True
newSynthFut =  78200
ATMStrike =  77800
AVG_OIPCR= 0.6
avgoiPCROld=  4.71
SUPP_RES = 78000
FUT LTP = 78162.7
CEchoi  PechOi = 543940.0    336360.0
====================================
totalOIPCR = 0.95
AVG_VOLPCR= 0.59
atmPCR= 0.38  belowATM  0.76
atmVolPCR= 0.35  belowATM  0.65
True   78162.7   78000   False   True   58.15
no trade yet = [np.float64(4.93), np.float64(4.86), np.float64(4.71)]
curr Doji False
BSE:SENSEX2682078100PE  curr candle vol pcr = 0.43  PE= 9040  CE= 21080      cpr =  2.33
BSE:SENSEX2682078100PE  prev candle vol pcr = 0.28  PE= 6240  CE= 22460      cpr =  3.6
VOL_PRESSURE_ALERT: STRONG_CALL_PRESSURE | currCPR= 2.33  prevCPR= 3.6  Direction=BEARISH_SIGNAL (heavy CE buying = expecting down move)
ATM_CE_premium= 333.35  ATM_PE_premium= 450.1
CE_PremChg= -3.85  PE_PremChg= 2.85
CandleBody= 0.0  PrevBody= 51.0  CandleRange= 0.0  Doji
TotalVol= 30120  PrevTotalVol= 28700  VolSpike= 1.05 x 
SCALP_SCORE: BEAR | BullScore= 0  BearScore= 2 | Confidence= LOW
DATAPOINT|13:18|FUT=78162.7|Body=0.0|PrevBody=51.0|Range=0.0|RangeRatio=0.0|CurrVolPCR=0.43|PrevVolPCR=0.28|CurrCPR=2.33|PrevCPR=3.6|VolSpike=1.05|CE_PremChg=-3.85|PE_PremChg=2.85|BullScore=0|BearScore=2|Dir=BEAR|Conf=LOW
CHART_PATTERN_DETECTED: INSIDE_BAR | DOUBLE_TOP_FORMING | DOUBLE_BOTTOM_FORMING
  PATTERN_CONTEXT: Body= 0.0  Range= 0.0  ExpectedRange= 66.4  RangeRatio= 0.0  O= 78162.7  H= 78162.7  L= 78162.7  C= 78162.7
BSE:SENSEX-INDEX  strikecount= 3   fyers <fyers_apiv3.fyersModel.FyersModel object at 0x75fb8594b890>
======================================
oipcr1 =  BSE:SENSEX2682078100CE   0.76
oipcr2 =  BSE:SENSEX2682078000PE   0.79
oipcr3 =  BSE:SENSEX2682077900PE   1.08
oipcrBull = NoEntry  bulcount= 1  bearcount= 2 oipcrBear= BearTrade
atmpcr5 pcr6= 1.4    2.44
No Entry Yet
India VIX = 11.34  Spot Price = 77841.31
IV Regime = LOW (ADAPTIVE: P25= 11.86  P50= 12.16  P75= 12.9 ) | DailyRange = 1261.0 | 3minCandleRange = 66.4 (theoretical= 110.6 ) | ATMoptionMove = 29.9 | SL = 105 | Target = 105 | TrailTrigger = 30 | Spread = 300 | Buffer = 27
IV Params refreshed: {'vix': 11.34, 'bn_price': 77841.31, 'regime': 'LOW', 'regime_thresholds': 'P25=11.86 P50=12.16 P75=12.9', 'daily_range': 1261.0, 'candle_range': 66.4, 'atm_option_move': 29.9, 'sl_point': 105, 'target_point': 105, 'sl_pct_of_premium': 0.1, 'trail_trigger': 30, 'spread_width': 300, 'support_resistance_buffer': 27}
BSE:SENSEX-INDEX  strikecount= 8   fyers <fyers_apiv3.fyersModel.FyersModel object at 0x75fb8594b890>
===
====after 3 min ochain==== 2026-08-14 13:21:00.018398
                                    oipcr   choipcr   totalOI
pcr1 =  BSE:SENSEX2682078600CE   0.3   0.13 CALL added 100740   PUT added 12620  OI= 155080
pcr2 =  BSE:SENSEX2682078500CE   0.26   0.05 CALL added 403200   PUT added 21180  OI= 648540
pcr3 =  BSE:SENSEX2682078400CE   0.16   0.09 CALL added 147540   PUT added 13840  OI= 218420
pcr4 =  BSE:SENSEX2682078300PE   0.28   0.26 CALL added 145420   PUT added 38400  OI= 65680
pcr5 =  BSE:SENSEX2682078200CE   0.39   0.22 CALL added 166080   PUT added 36940  OI= 297960
pcr6 =  BSE:SENSEX2682078100CE   0.76    0.86 CALL added 180800   PUT added 154660  OI= 285340
pcr7 =  BSE:SENSEX2682078000PE   0.78   0.61 CALL added 547080   PUT added 334060  OI= 850260
pcr8 =  BSE:SENSEX2682077900PE   1.09   1.11 CALL added 369740   PUT added 409260  OI= 516540
pcr9 =  BSE:SENSEX2682077800PE   1.4   1.46 CALL added 430640   PUT added 628860  OI= 877420
pcr10 =  BSE:SENSEX2682077700CE   2.42   2.45 CALL added 200280   PUT added 490180  OI= 230900
pcr11 =  BSE:SENSEX2682077600PE   6.73   7.29 CALL added 59740   PUT added 435360  OI= 497000
pcr12 =  BSE:SENSEX2682077500PE   4.25   7.04 CALL added 62900   PUT added 442960  OI= 659480
pcr13 =  BSE:SENSEX2682077400PE   7.46   6.89 CALL added 31320   PUT added 215940  OI= 255860
pcr14 =  BSE:SENSEX2682077300CE   9.82   8.58 CALL added 17220   PUT added 147740  OI= 19340
pcr15 =  BSE:SENSEX2682077200PE   12.25   9.49 CALL added 9740   PUT added 92400  OI= 138720
pcr16 =  BSE:SENSEX2682077100CE   20.49   16.86 CALL added 4520   PUT added 76220  OI= 5060
pcr17 =  BSE:SENSEX2682077000CE   11.31   17.5 CALL added 11280   PUT added 197440  OI= 36580
pcrSummation= 5.42  result =  ['BSE:SENSEX2682078600CE', 'BSE:SENSEX2682078500CE', 'BSE:SENSEX2682078400CE', 'BSE:SENSEX2682078300PE', 'BSE:SENSEX2682078200CE', 'BSE:SENSEX2682078100CE', 'BSE:SENSEX2682078000PE', 'BSE:SENSEX2682077900PE', 'BSE:SENSEX2682077800PE']
PCRSUM== 80.15
pcrSummation== 5.42
VOLPCRSUM== 5.32
spotLTP =  77835.18  ATM_STRIKE =  77800
IS_ATM_STRIKE_SHIFT = False  mapStrike = {77800: 77800}
avgOiPcrList2 = [np.float64(4.86), np.float64(4.71), np.float64(4.71)] atmStrikeNotShiftedCount= 8
False   8   3
SUPP_RES=== 78000  Buffer= 27
CEoich val =  547080.0  PEoich val =  334060.0 , CE > PE by 38.9%
SUPP_RES TOTAL OI: CE= 1087860  PE= 850260 , CE > PE by 21.8%
IS_MORNING_WINDOW= False  (active 9:15-9:48 IST)
================================================
==== signal check time ==== 2026-08-14 13:21:00.632769
IS_CHOI_DIFF_GT_25PERC== True
RSI_VAL1== 58.15
RSI_VAL2== 58.15
FUT_3m_OHLC O= 78162.7  H= 78162.7  L= 78162.7  C= 78162.7  Range= 0.0
CHART_PATTERN_DETECTED: INSIDE_BAR | DOUBLE_TOP_FORMING
  PATTERN_CONTEXT: Body= 0.0  Range= 0.0  ExpectedRange= 66.4  RangeRatio= 0.0  O= 78162.7  H= 78162.7  L= 78162.7  C= 78162.7
neither = [np.float64(4.71)]
newSynthFut =  78200
ATMStrike =  77800
AVG_OIPCR= 0.6
avgoiPCROld=  4.71
SUPP_RES = 78000
FUT LTP = 78162.7
CEchoi  PechOi = 547080.0    334060.0
====================================
totalOIPCR = 0.95
AVG_VOLPCR= 0.59
atmPCR= 0.39  belowATM  0.76
atmVolPCR= 0.35  belowATM  0.65
True   78162.7   78000   False   False   58.15
curr Doji False
BSE:SENSEX2682078100PE  curr candle vol pcr = 0.3  PE= 3140  CE= 10380      cpr =  3.31
BSE:SENSEX2682078100PE  prev candle vol pcr = 0.43  PE= 9040  CE= 21080      cpr =  2.33
VOL_PRESSURE_ALERT: STRONG_CALL_PRESSURE | currCPR= 3.31  prevCPR= 2.33  Direction=BEARISH_SIGNAL (heavy CE buying = expecting down move)
ATM_CE_premium= 334.65  ATM_PE_premium= 449.05
CE_PremChg= 1.3  PE_PremChg= -1.05
CandleBody= 0.0  PrevBody= 0.0  CandleRange= 0.0  Doji
TotalVol= 13520  PrevTotalVol= 30120  VolSpike= 0.45 x 
SCALP_SCORE: BEAR | BullScore= 0  BearScore= 2 | Confidence= LOW
DATAPOINT|13:21|FUT=78162.7|Body=0.0|PrevBody=0.0|Range=0.0|RangeRatio=0.0|CurrVolPCR=0.3|PrevVolPCR=0.43|CurrCPR=3.31|PrevCPR=2.33|VolSpike=0.45|CE_PremChg=1.3|PE_PremChg=-1.05|BullScore=0|BearScore=2|Dir=BEAR|Conf=LOW
CHART_PATTERN_DETECTED: INSIDE_BAR | DOUBLE_TOP_FORMING
  PATTERN_CONTEXT: Body= 0.0  Range= 0.0  ExpectedRange= 66.4  RangeRatio= 0.0  O= 78162.7  H= 78162.7  L= 78162.7  C= 78162.7
BSE:SENSEX-INDEX  strikecount= 3   fyers <fyers_apiv3.fyersModel.FyersModel object at 0x75fb8594b890>
======================================
oipcr1 =  BSE:SENSEX2682078100CE   0.76
oipcr2 =  BSE:SENSEX2682078000PE   0.78
oipcr3 =  BSE:SENSEX2682077900PE   1.09
oipcrBull = NoEntry  bulcount= 1  bearcount= 2 oipcrBear= BearTrade
atmpcr5 pcr6= 1.4    2.42
No Entry Yet
India VIX = 11.34  Spot Price = 77839.32
IV Regime = LOW (ADAPTIVE: P25= 11.86  P50= 12.16  P75= 12.9 ) | DailyRange = 1261.0 | 3minCandleRange = 66.4 (theoretical= 110.6 ) | ATMoptionMove = 29.9 | SL = 105 | Target = 105 | TrailTrigger = 30 | Spread = 300 | Buffer = 27
IV Params refreshed: {'vix': 11.34, 'bn_price': 77839.32, 'regime': 'LOW', 'regime_thresholds': 'P25=11.86 P50=12.16 P75=12.9', 'daily_range': 1261.0, 'candle_range': 66.4, 'atm_option_move': 29.9, 'sl_point': 105, 'target_point': 105, 'sl_pct_of_premium': 0.1, 'trail_trigger': 30, 'spread_width': 300, 'support_resistance_buffer': 27}
BSE:SENSEX-INDEX  strikecount= 8   fyers <fyers_apiv3.fyersModel.FyersModel object at 0x75fb8594b890>
===
====after 3 min ochain==== 2026-08-14 13:24:00.026928
                                    oipcr   choipcr   totalOI
pcr1 =  BSE:SENSEX2682078600CE   0.3   0.13 CALL added 100080   PUT added 12660  OI= 154420
pcr2 =  BSE:SENSEX2682078500CE   0.26   0.05 CALL added 402000   PUT added 21160  OI= 647340
pcr3 =  BSE:SENSEX2682078400CE   0.16   0.09 CALL added 147340   PUT added 13580  OI= 218220
pcr4 =  BSE:SENSEX2682078300PE   0.29   0.27 CALL added 145560   PUT added 39140  OI= 66420
pcr5 =  BSE:SENSEX2682078200CE   0.4   0.24 CALL added 164840   PUT added 38980  OI= 296720
pcr6 =  BSE:SENSEX2682078100CE   0.77    0.88 CALL added 179380   PUT added 157240  OI= 283920
pcr7 =  BSE:SENSEX2682078000PE   0.79   0.62 CALL added 541040   PUT added 334840  OI= 851040
pcr8 =  BSE:SENSEX2682077900PE   1.1   1.12 CALL added 369860   PUT added 413420  OI= 520700
pcr9 =  BSE:SENSEX2682077800PE   1.4   1.47 CALL added 427960   PUT added 628620  OI= 877180
pcr10 =  BSE:SENSEX2682077700CE   2.5   2.53 CALL added 199080   PUT added 504300  OI= 229700
pcr11 =  BSE:SENSEX2682077600PE   6.88   7.49 CALL added 58540   PUT added 438720  OI= 500360
pcr12 =  BSE:SENSEX2682077500PE   4.31   7.3 CALL added 60940   PUT added 445000  OI= 661520
pcr13 =  BSE:SENSEX2682077400PE   7.47   6.91 CALL added 31160   PUT added 215280  OI= 255200
pcr14 =  BSE:SENSEX2682077300CE   9.92   8.69 CALL added 17240   PUT added 149880  OI= 19360
pcr15 =  BSE:SENSEX2682077200PE   12.25   9.48 CALL added 9740   PUT added 92320  OI= 138640
pcr16 =  BSE:SENSEX2682077100CE   20.44   16.81 CALL added 4520   PUT added 76000  OI= 5060
pcr17 =  BSE:SENSEX2682077000CE   11.31   17.58 CALL added 11160   PUT added 196160  OI= 36460
pcrSummation= 5.470000000000001  result =  ['BSE:SENSEX2682078600CE', 'BSE:SENSEX2682078500CE', 'BSE:SENSEX2682078400CE', 'BSE:SENSEX2682078300PE', 'BSE:SENSEX2682078200CE', 'BSE:SENSEX2682078100CE', 'BSE:SENSEX2682078000PE', 'BSE:SENSEX2682077900PE', 'BSE:SENSEX2682077800PE']
PCRSUM== 80.55
pcrSummation== 5.47
VOLPCRSUM== 5.32
spotLTP =  77840.21  ATM_STRIKE =  77800
IS_ATM_STRIKE_SHIFT = False  mapStrike = {77800: 77800}
avgOiPcrList2 = [np.float64(4.71), np.float64(4.74)] atmStrikeNotShiftedCount= 9
False   9   2
SUPP_RES=== 78000  Buffer= 27
CEoich val =  541040.0  PEoich val =  334840.0 , CE > PE by 38.1%
SUPP_RES TOTAL OI: CE= 1081820  PE= 851040 , CE > PE by 21.3%
IS_MORNING_WINDOW= False  (active 9:15-9:48 IST)
================================================
==== signal check time ==== 2026-08-14 13:24:00.672655
IS_CHOI_DIFF_GT_25PERC== True
RSI_VAL1== 58.15
RSI_VAL2== 58.15
FUT_3m_OHLC O= 78162.7  H= 78162.7  L= 78162.7  C= 78162.7  Range= 0.0
CHART_PATTERN_DETECTED: INSIDE_BAR | DOUBLE_TOP_FORMING
  PATTERN_CONTEXT: Body= 0.0  Range= 0.0  ExpectedRange= 66.4  RangeRatio= 0.0  O= 78162.7  H= 78162.7  L= 78162.7  C= 78162.7
newSynthFut =  78200
ATMStrike =  77800
AVG_OIPCR= 0.61
avgoiPCROld=  4.74
SUPP_RES = 78000
FUT LTP = 78162.7
CEchoi  PechOi = 541040.0    334840.0
====================================
totalOIPCR = 0.96
AVG_VOLPCR= 0.59
atmPCR= 0.4  belowATM  0.77
atmVolPCR= 0.35  belowATM  0.65
True   78162.7   78000   False   False   58.15
curr Doji False
BSE:SENSEX2682078100PE  curr candle vol pcr = 0.75  PE= 9400  CE= 12540      cpr =  1.33
BSE:SENSEX2682078100PE  prev candle vol pcr = 0.3  PE= 3140  CE= 10380      cpr =  3.31
VOL_PRESSURE_WATCH: SINGLE_CANDLE_CALL_PRESSURE | currCPR= 1.33  prevCPR= 3.31
ATM_CE_premium= 334.05  ATM_PE_premium= 448.45
CE_PremChg= -0.6  PE_PremChg= -0.6
CandleBody= 0.0  PrevBody= 0.0  CandleRange= 0.0  Doji
TotalVol= 21940  PrevTotalVol= 13520  VolSpike= 1.62 x 
SCALP_SCORE: NEUTRAL | BullScore= 0  BearScore= 0 | Confidence= LOW
DATAPOINT|13:24|FUT=78162.7|Body=0.0|PrevBody=0.0|Range=0.0|RangeRatio=0.0|CurrVolPCR=0.75|PrevVolPCR=0.3|CurrCPR=1.33|PrevCPR=3.31|VolSpike=1.62|CE_PremChg=-0.6|PE_PremChg=-0.6|BullScore=0|BearScore=0|Dir=NEUTRAL|Conf=LOW
CHART_PATTERN_DETECTED: INSIDE_BAR | DOUBLE_TOP_FORMING
  PATTERN_CONTEXT: Body= 0.0  Range= 0.0  ExpectedRange= 66.4  RangeRatio= 0.0  O= 78162.7  H= 78162.7  L= 78162.7  C= 78162.7
BSE:SENSEX-INDEX  strikecount= 3   fyers <fyers_apiv3.fyersModel.FyersModel object at 0x75fb8594b890>
======================================
oipcr1 =  BSE:SENSEX2682078100CE   0.77
oipcr2 =  BSE:SENSEX2682078000PE   0.79
oipcr3 =  BSE:SENSEX2682077900PE   1.1
oipcrBull = NoEntry  bulcount= 1  bearcount= 2 oipcrBear= BearTrade
atmpcr5 pcr6= 1.4    2.5
No Entry Yet
India VIX = 11.34  Spot Price = 77830.91
IV Regime = LOW (ADAPTIVE: P25= 11.86  P50= 12.16  P75= 12.9 ) | DailyRange = 1260.9 | 3minCandleRange = 66.4 (theoretical= 110.6 ) | ATMoptionMove = 29.9 | SL = 105 | Target = 105 | TrailTrigger = 30 | Spread = 300 | Buffer = 27
IV Params refreshed: {'vix': 11.34, 'bn_price': 77830.91, 'regime': 'LOW', 'regime_thresholds': 'P25=11.86 P50=12.16 P75=12.9', 'daily_range': 1260.9, 'candle_range': 66.4, 'atm_option_move': 29.9, 'sl_point': 105, 'target_point': 105, 'sl_pct_of_premium': 0.1, 'trail_trigger': 30, 'spread_width': 300, 'support_resistance_buffer': 27}
BSE:SENSEX-INDEX  strikecount= 8   fyers <fyers_apiv3.fyersModel.FyersModel object at 0x75fb8594b890>
===
====after 3 min ochain==== 2026-08-14 13:27:00.014933
                                    oipcr   choipcr   totalOI
pcr1 =  BSE:SENSEX2682078600CE   0.3   0.12 CALL added 100920   PUT added 12600  OI= 155260
pcr2 =  BSE:SENSEX2682078500CE   0.26   0.05 CALL added 406260   PUT added 21360  OI= 651600
pcr3 =  BSE:SENSEX2682078400CE   0.16   0.09 CALL added 146300   PUT added 13740  OI= 217180
pcr4 =  BSE:SENSEX2682078300PE   0.28   0.26 CALL added 146140   PUT added 38660  OI= 65940
pcr5 =  BSE:SENSEX2682078200CE   0.39   0.23 CALL added 166340   PUT added 37600  OI= 298220
pcr6 =  BSE:SENSEX2682078100CE   0.77    0.88 CALL added 180440   PUT added 158700  OI= 284980
pcr7 =  BSE:SENSEX2682078000PE   0.78   0.62 CALL added 546740   PUT added 336940  OI= 853140
pcr8 =  BSE:SENSEX2682077900PE   1.09   1.12 CALL added 369040   PUT added 411580  OI= 518860
pcr9 =  BSE:SENSEX2682077800PE   1.38   1.43 CALL added 438360   PUT added 626400  OI= 874960
pcr10 =  BSE:SENSEX2682077700CE   2.47   2.5 CALL added 199280   PUT added 499000  OI= 229900
pcr11 =  BSE:SENSEX2682077600PE   6.78   7.35 CALL added 59500   PUT added 437540  OI= 499180
pcr12 =  BSE:SENSEX2682077500PE   4.3   7.26 CALL added 61060   PUT added 443420  OI= 659940
pcr13 =  BSE:SENSEX2682077400PE   7.5   6.94 CALL added 31140   PUT added 216160  OI= 256080
pcr14 =  BSE:SENSEX2682077300CE   9.94   8.71 CALL added 17300   PUT added 150720  OI= 19420
pcr15 =  BSE:SENSEX2682077200PE   12.22   9.45 CALL added 9760   PUT added 92240  OI= 138560
pcr16 =  BSE:SENSEX2682077100CE   20.26   16.62 CALL added 4520   PUT added 75100  OI= 5060
pcr17 =  BSE:SENSEX2682077000CE   11.42   17.92 CALL added 11200   PUT added 200720  OI= 36500
pcrSummation= 7.58  result =  ['BSE:SENSEX2682078500CE', 'BSE:SENSEX2682078400CE', 'BSE:SENSEX2682078300PE', 'BSE:SENSEX2682078200CE', 'BSE:SENSEX2682078100CE', 'BSE:SENSEX2682078000PE', 'BSE:SENSEX2682077900PE', 'BSE:SENSEX2682077800PE', 'BSE:SENSEX2682077700CE']
PCRSUM== 80.3
pcrSummation== 7.58
VOLPCRSUM== 5.32
spotLTP =  77830.65  ATM_STRIKE =  77800
IS_ATM_STRIKE_SHIFT = False  mapStrike = {77800: 77800}
avgOiPcrList2 = [np.float64(4.71), np.float64(4.74), np.float64(4.72)] atmStrikeNotShiftedCount= 10
False   10   3
SUPP_RES=== 78000  Buffer= 27
CEoich val =  546740.0  PEoich val =  336940.0 , CE > PE by 38.4%
SUPP_RES TOTAL OI: CE= 1087520  PE= 853140 , CE > PE by 21.6%
IS_MORNING_WINDOW= False  (active 9:15-9:48 IST)
================================================
==== signal check time ==== 2026-08-14 13:27:00.634575
IS_CHOI_DIFF_GT_25PERC== True
RSI_VAL1== 43.63
RSI_VAL2== 43.63
FUT_3m_OHLC O= 78162.7  H= 78162.7  L= 78105.6  C= 78105.6  Range= 57.1
CHART_PATTERN_DETECTED: DOUBLE_TOP_FORMING | STRONG_MOMENTUM_BEAR
  PATTERN_CONTEXT: Body= -57.1  Range= 57.1  ExpectedRange= 66.4  RangeRatio= 0.86  O= 78162.7  H= 78162.7  L= 78105.6  C= 78105.6
recent two = [np.float64(4.74), np.float64(4.72)]
newSynthFut =  78100
ATMStrike =  77800
AVG_OIPCR= 0.84
avgoiPCROld=  4.72
SUPP_RES = 78000
FUT LTP = 78105.55
CEchoi  PechOi = 546740.0    336940.0
====================================
totalOIPCR = 0.96
AVG_VOLPCR= 0.59
atmPCR= 0.39  belowATM  0.77
atmVolPCR= 0.35  belowATM  0.65
True   78105.55   78000   False   False   43.63
curr Doji False
BSE:SENSEX2682078100PE  curr candle vol pcr = 0.7  PE= 9180  CE= 13200      cpr =  1.44
BSE:SENSEX2682078100PE  prev candle vol pcr = 0.75  PE= 9400  CE= 12540      cpr =  1.33
ATM_CE_premium= 326.2  ATM_PE_premium= 458.4
CE_PremChg= -7.85  PE_PremChg= 9.95
CandleBody= -57.1  PrevBody= 0.0  CandleRange= 57.1  Bearish
TotalVol= 22380  PrevTotalVol= 21940  VolSpike= 1.02 x 
SCALP_SCORE: BEAR | BullScore= 0  BearScore= 1 | Confidence= LOW
DATAPOINT|13:27|FUT=78105.6|Body=-57.1|PrevBody=0.0|Range=57.1|RangeRatio=0.86|CurrVolPCR=0.7|PrevVolPCR=0.75|CurrCPR=1.44|PrevCPR=1.33|VolSpike=1.02|CE_PremChg=-7.85|PE_PremChg=9.95|BullScore=0|BearScore=1|Dir=BEAR|Conf=LOW
CHART_PATTERN_DETECTED: DOUBLE_TOP_FORMING | STRONG_MOMENTUM_BEAR
  PATTERN_CONTEXT: Body= -57.1  Range= 57.1  ExpectedRange= 66.4  RangeRatio= 0.86  O= 78162.7  H= 78162.7  L= 78105.6  C= 78105.6
BSE:SENSEX-INDEX  strikecount= 3   fyers <fyers_apiv3.fyersModel.FyersModel object at 0x75fb8594b890>
======================================
oipcr1 =  BSE:SENSEX2682078100CE   0.77
oipcr2 =  BSE:SENSEX2682078000PE   0.78
oipcr3 =  BSE:SENSEX2682077900PE   1.09
oipcrBull = NoEntry  bulcount= 1  bearcount= 2 oipcrBear= BearTrade
atmpcr5 pcr6= 1.38    2.47
No Entry Yet
India VIX = 11.34  Spot Price = 77841.18
IV Regime = LOW (ADAPTIVE: P25= 11.86  P50= 12.16  P75= 12.9 ) | DailyRange = 1261.0 | 3minCandleRange = 66.4 (theoretical= 110.6 ) | ATMoptionMove = 29.9 | SL = 105 | Target = 105 | TrailTrigger = 30 | Spread = 300 | Buffer = 27
IV Params refreshed: {'vix': 11.34, 'bn_price': 77841.18, 'regime': 'LOW', 'regime_thresholds': 'P25=11.86 P50=12.16 P75=12.9', 'daily_range': 1261.0, 'candle_range': 66.4, 'atm_option_move': 29.9, 'sl_point': 105, 'target_point': 105, 'sl_pct_of_premium': 0.1, 'trail_trigger': 30, 'spread_width': 300, 'support_resistance_buffer': 27}
BSE:SENSEX-INDEX  strikecount= 8   fyers <fyers_apiv3.fyersModel.FyersModel object at 0x75fb8594b890>
===
====after 3 min ochain==== 2026-08-14 13:30:00.016777
                                    oipcr   choipcr   totalOI
pcr1 =  BSE:SENSEX2682078600CE   0.3   0.12 CALL added 101680   PUT added 12620  OI= 156020
pcr2 =  BSE:SENSEX2682078500CE   0.26   0.05 CALL added 402940   PUT added 20500  OI= 648280
pcr3 =  BSE:SENSEX2682078400CE   0.16   0.09 CALL added 145680   PUT added 13800  OI= 216560
pcr4 =  BSE:SENSEX2682078300PE   0.28   0.26 CALL added 145120   PUT added 37460  OI= 64740
pcr5 =  BSE:SENSEX2682078200CE   0.39   0.22 CALL added 167020   PUT added 36800  OI= 298900
pcr6 =  BSE:SENSEX2682078100CE   0.76    0.86 CALL added 184700   PUT added 158440  OI= 289240
pcr7 =  BSE:SENSEX2682078000PE   0.78   0.61 CALL added 555960   PUT added 336820  OI= 853020
pcr8 =  BSE:SENSEX2682077900PE   1.1   1.12 CALL added 370520   PUT added 414240  OI= 521520
pcr9 =  BSE:SENSEX2682077800PE   1.39   1.45 CALL added 432300   PUT added 627900  OI= 876460
pcr10 =  BSE:SENSEX2682077700CE   2.52   2.56 CALL added 190400   PUT added 487380  OI= 221020
pcr11 =  BSE:SENSEX2682077600PE   6.82   7.41 CALL added 59060   PUT added 437680  OI= 499320
pcr12 =  BSE:SENSEX2682077500PE   4.31   7.29 CALL added 60660   PUT added 442420  OI= 658940
pcr13 =  BSE:SENSEX2682077400PE   7.52   6.96 CALL added 31060   PUT added 216240  OI= 256160
pcr14 =  BSE:SENSEX2682077300CE   9.53   8.31 CALL added 18060   PUT added 150100  OI= 20180
pcr15 =  BSE:SENSEX2682077200PE   12.23   9.46 CALL added 9740   PUT added 92120  OI= 138440
pcr16 =  BSE:SENSEX2682077100CE   20.22   16.59 CALL added 4540   PUT added 75300  OI= 5080
pcr17 =  BSE:SENSEX2682077000CE   11.54   18.29 CALL added 11260   PUT added 205940  OI= 36560
pcrSummation= 7.640000000000001  result =  ['BSE:SENSEX2682078500CE', 'BSE:SENSEX2682078400CE', 'BSE:SENSEX2682078300PE', 'BSE:SENSEX2682078200CE', 'BSE:SENSEX2682078100CE', 'BSE:SENSEX2682078000PE', 'BSE:SENSEX2682077900PE', 'BSE:SENSEX2682077800PE', 'BSE:SENSEX2682077700CE']
PCRSUM== 80.11
pcrSummation== 7.64
VOLPCRSUM== 5.32
spotLTP =  77841.18  ATM_STRIKE =  77800
IS_ATM_STRIKE_SHIFT = False  mapStrike = {77800: 77800}
avgOiPcrList2 = [np.float64(4.74), np.float64(4.72), np.float64(4.71)] atmStrikeNotShiftedCount= 11
False   11   3
SUPP_RES=== 78000  Buffer= 27
CEoich val =  555960.0  PEoich val =  336820.0 , CE > PE by 39.4%
SUPP_RES TOTAL OI: CE= 1096740  PE= 853020 , CE > PE by 22.2%
IS_MORNING_WINDOW= False  (active 9:15-9:48 IST)
================================================
==== signal check time ==== 2026-08-14 13:30:00.720721
IS_CHOI_DIFF_GT_25PERC== True
RSI_VAL1== 44.66
RSI_VAL2== 44.66
FUT_3m_OHLC O= 78105.6  H= 78109.5  L= 78105.6  C= 78109.5  Range= 3.9
CHART_PATTERN_DETECTED: INSIDE_BAR | DOUBLE_TOP_FORMING | DOUBLE_BOTTOM_FORMING
  PATTERN_CONTEXT: Body= 3.9  Range= 3.9  ExpectedRange= 66.4  RangeRatio= 0.06  O= 78105.6  H= 78109.5  L= 78105.6  C= 78109.5
isPcrDecr = True
newSynthFut =  78100
ATMStrike =  77800
AVG_OIPCR= 0.85
avgoiPCROld=  4.71
SUPP_RES = 78000
FUT LTP = 78109.5
CEchoi  PechOi = 555960.0    336820.0
====================================
totalOIPCR = 0.96
AVG_VOLPCR= 0.59
atmPCR= 0.39  belowATM  0.76
atmVolPCR= 0.35  belowATM  0.65
True   78109.5   78000   False   True   44.66
no trade yet = [np.float64(4.74), np.float64(4.72), np.float64(4.71)]
curr Doji False
BSE:SENSEX2682078100PE  curr candle vol pcr = 0.28  PE= 3960  CE= 14160      cpr =  3.58
BSE:SENSEX2682078100PE  prev candle vol pcr = 0.7  PE= 9180  CE= 13200      cpr =  1.44
VOL_PRESSURE_WATCH: SINGLE_CANDLE_CALL_PRESSURE | currCPR= 3.58  prevCPR= 1.44
ATM_CE_premium= 327.05  ATM_PE_premium= 455.9
CE_PremChg= 0.85  PE_PremChg= -2.5
CandleBody= 3.9  PrevBody= -57.1  CandleRange= 3.9  Bullish
TotalVol= 18120  PrevTotalVol= 22380  VolSpike= 0.81 x 
SCALP_SCORE: NEUTRAL | BullScore= 1  BearScore= 1 | Confidence= LOW
DATAPOINT|13:30|FUT=78109.5|Body=3.9|PrevBody=-57.1|Range=3.9|RangeRatio=0.06|CurrVolPCR=0.28|PrevVolPCR=0.7|CurrCPR=3.58|PrevCPR=1.44|VolSpike=0.81|CE_PremChg=0.85|PE_PremChg=-2.5|BullScore=1|BearScore=1|Dir=NEUTRAL|Conf=LOW
CHART_PATTERN_DETECTED: INSIDE_BAR | DOUBLE_TOP_FORMING | DOUBLE_BOTTOM_FORMING
  PATTERN_CONTEXT: Body= 3.9  Range= 3.9  ExpectedRange= 66.4  RangeRatio= 0.06  O= 78105.6  H= 78109.5  L= 78105.6  C= 78109.5
BSE:SENSEX-INDEX  strikecount= 3   fyers <fyers_apiv3.fyersModel.FyersModel object at 0x75fb8594b890>
======================================
oipcr1 =  BSE:SENSEX2682078100CE   0.76
oipcr2 =  BSE:SENSEX2682078000PE   0.78
oipcr3 =  BSE:SENSEX2682077900PE   1.1
oipcrBull = NoEntry  bulcount= 1  bearcount= 2 oipcrBear= BearTrade
atmpcr5 pcr6= 1.39    2.52
No Entry Yet
India VIX = 11.38  Spot Price = 77817.98
IV Regime = LOW (ADAPTIVE: P25= 11.86  P50= 12.16  P75= 12.9 ) | DailyRange = 1265.1 | 3minCandleRange = 66.6 (theoretical= 111.0 ) | ATMoptionMove = 30.0 | SL = 105 | Target = 105 | TrailTrigger = 30 | Spread = 300 | Buffer = 27
IV Params refreshed: {'vix': 11.38, 'bn_price': 77817.98, 'regime': 'LOW', 'regime_thresholds': 'P25=11.86 P50=12.16 P75=12.9', 'daily_range': 1265.1, 'candle_range': 66.6, 'atm_option_move': 30.0, 'sl_point': 105, 'target_point': 105, 'sl_pct_of_premium': 0.1, 'trail_trigger': 30, 'spread_width': 300, 'support_resistance_buffer': 27}
BSE:SENSEX-INDEX  strikecount= 8   fyers <fyers_apiv3.fyersModel.FyersModel object at 0x75fb8594b890>
===
====after 3 min ochain==== 2026-08-14 13:33:00.046751
                                    oipcr   choipcr   totalOI
pcr1 =  BSE:SENSEX2682078600CE   0.31   0.13 CALL added 96120   PUT added 12460  OI= 150460
pcr2 =  BSE:SENSEX2682078500CE   0.25   0.05 CALL added 401680   PUT added 19040  OI= 647020
pcr3 =  BSE:SENSEX2682078400CE   0.16   0.1 CALL added 145620   PUT added 13860  OI= 216500
pcr4 =  BSE:SENSEX2682078300PE   0.28   0.26 CALL added 141680   PUT added 37340  OI= 64620
pcr5 =  BSE:SENSEX2682078200CE   0.38   0.21 CALL added 169240   PUT added 35220  OI= 301120
pcr6 =  BSE:SENSEX2682078100CE   0.77    0.87 CALL added 178360   PUT added 154580  OI= 282900
pcr7 =  BSE:SENSEX2682078000PE   0.79   0.64 CALL added 564300   PUT added 359220  OI= 875420
pcr8 =  BSE:SENSEX2682077900PE   1.11   1.14 CALL added 358420   PUT added 407500  OI= 514780
pcr9 =  BSE:SENSEX2682077800PE   1.38   1.44 CALL added 438980   PUT added 632000  OI= 880560
pcr10 =  BSE:SENSEX2682077700CE   2.47   2.5 CALL added 193880   PUT added 484340  OI= 224500
pcr11 =  BSE:SENSEX2682077600PE   6.72   7.28 CALL added 59780   PUT added 435100  OI= 496740
pcr12 =  BSE:SENSEX2682077500PE   4.3   7.23 CALL added 61520   PUT added 445080  OI= 661600
pcr13 =  BSE:SENSEX2682077400PE   7.52   6.96 CALL added 30960   PUT added 215340  OI= 255260
pcr14 =  BSE:SENSEX2682077300CE   9.3   8.06 CALL added 18240   PUT added 147000  OI= 20360
pcr15 =  BSE:SENSEX2682077200PE   12.5   9.79 CALL added 9780   PUT added 95720  OI= 142040
pcr16 =  BSE:SENSEX2682077100CE   20.31   16.68 CALL added 4540   PUT added 75740  OI= 5080
pcr17 =  BSE:SENSEX2682077000CE   11.39   17.81 CALL added 11220   PUT added 199820  OI= 36520
pcrSummation= 7.59  result =  ['BSE:SENSEX2682078500CE', 'BSE:SENSEX2682078400CE', 'BSE:SENSEX2682078300PE', 'BSE:SENSEX2682078200CE', 'BSE:SENSEX2682078100CE', 'BSE:SENSEX2682078000PE', 'BSE:SENSEX2682077900PE', 'BSE:SENSEX2682077800PE', 'BSE:SENSEX2682077700CE']
PCRSUM== 79.94
pcrSummation== 7.59
VOLPCRSUM== 5.33
spotLTP =  77817.98  ATM_STRIKE =  77800
IS_ATM_STRIKE_SHIFT = False  mapStrike = {77800: 77800}
avgOiPcrList2 = [np.float64(4.72), np.float64(4.71), np.float64(4.7)] atmStrikeNotShiftedCount= 12
False   12   3
SUPP_RES=== 78000  Buffer= 27
CEoich val =  564300.0  PEoich val =  359220.0 , CE > PE by 36.3%
SUPP_RES TOTAL OI: CE= 1105080  PE= 875420 , CE > PE by 20.8%
IS_MORNING_WINDOW= False  (active 9:15-9:48 IST)
================================================
==== signal check time ==== 2026-08-14 13:33:00.694372
IS_CHOI_DIFF_GT_25PERC== True
RSI_VAL1== 41.64
RSI_VAL2== 41.64
FUT_3m_OHLC O= 78095.0  H= 78095.0  L= 78095.0  C= 78095.0  Range= 0.0
CHART_PATTERN_DETECTED: DOUBLE_BOTTOM_FORMING
  PATTERN_CONTEXT: Body= 0.0  Range= 0.0  ExpectedRange= 66.6  RangeRatio= 0.0  O= 78095.0  H= 78095.0  L= 78095.0  C= 78095.0
isPcrDecr = True
newSynthFut =  78100
ATMStrike =  77800
AVG_OIPCR= 0.84
avgoiPCROld=  4.7
SUPP_RES = 78000
FUT LTP = 78094.95
CEchoi  PechOi = 564300.0    359220.0
====================================
totalOIPCR = 0.96
AVG_VOLPCR= 0.59
atmPCR= 0.38  belowATM  0.77
atmVolPCR= 0.35  belowATM  0.65
True   78094.95   78000   False   True   41.64
no trade yet = [np.float64(4.72), np.float64(4.71), np.float64(4.7)]
curr Doji False
BSE:SENSEX2682078000PE  curr candle vol pcr = 0.89  PE= 111640  CE= 124920      cpr =  1.12
BSE:SENSEX2682078100PE  prev candle vol pcr = 0.28  PE= 3960  CE= 14160      cpr =  3.58
VOL_PRESSURE_WATCH: SINGLE_CANDLE_CALL_PRESSURE | currCPR= 1.12  prevCPR= 3.58
ATM_CE_premium= 364.4  ATM_PE_premium= 418.95
CE_PremChg= -11.35  PE_PremChg= 15.2
CandleBody= 0.0  PrevBody= 3.9  CandleRange= 0.0  Doji
TotalVol= 236560  PrevTotalVol= 18120  VolSpike= 13.06 x  SPIKE!
SCALP_SCORE: BULL | BullScore= 1  BearScore= 0 | Confidence= LOW
DATAPOINT|13:33|FUT=78095.0|Body=0.0|PrevBody=3.9|Range=0.0|RangeRatio=0.0|CurrVolPCR=0.89|PrevVolPCR=0.28|CurrCPR=1.12|PrevCPR=3.58|VolSpike=13.06|CE_PremChg=-11.35|PE_PremChg=15.2|BullScore=1|BearScore=0|Dir=BULL|Conf=LOW
CHART_PATTERN_DETECTED: DOUBLE_BOTTOM_FORMING
  PATTERN_CONTEXT: Body= 0.0  Range= 0.0  ExpectedRange= 66.6  RangeRatio= 0.0  O= 78095.0  H= 78095.0  L= 78095.0  C= 78095.0
BSE:SENSEX-INDEX  strikecount= 3   fyers <fyers_apiv3.fyersModel.FyersModel object at 0x75fb8594b890>
======================================
oipcr1 =  BSE:SENSEX2682078100CE   0.77
oipcr2 =  BSE:SENSEX2682078000PE   0.79
oipcr3 =  BSE:SENSEX2682077900PE   1.11
oipcrBull = NoEntry  bulcount= 1  bearcount= 2 oipcrBear= BearTrade
atmpcr5 pcr6= 1.38    2.47
No Entry Yet
India VIX = 11.38  Spot Price = 77797.52
IV Regime = LOW (ADAPTIVE: P25= 11.86  P50= 12.16  P75= 12.9 ) | DailyRange = 1264.8 | 3minCandleRange = 66.6 (theoretical= 110.9 ) | ATMoptionMove = 30.0 | SL = 105 | Target = 105 | TrailTrigger = 30 | Spread = 300 | Buffer = 27
IV Params refreshed: {'vix': 11.38, 'bn_price': 77797.52, 'regime': 'LOW', 'regime_thresholds': 'P25=11.86 P50=12.16 P75=12.9', 'daily_range': 1264.8, 'candle_range': 66.6, 'atm_option_move': 30.0, 'sl_point': 105, 'target_point': 105, 'sl_pct_of_premium': 0.1, 'trail_trigger': 30, 'spread_width': 300, 'support_resistance_buffer': 27}
BSE:SENSEX-INDEX  strikecount= 8   fyers <fyers_apiv3.fyersModel.FyersModel object at 0x75fb8594b890>
===
====after 3 min ochain==== 2026-08-14 13:36:00.004737
                                    oipcr   choipcr   totalOI
pcr1 =  BSE:SENSEX2682078600CE   0.3   0.13 CALL added 96820   PUT added 12200  OI= 151160
pcr2 =  BSE:SENSEX2682078500CE   0.25   0.05 CALL added 399240   PUT added 18100  OI= 644580
pcr3 =  BSE:SENSEX2682078400CE   0.16   0.1 CALL added 141660   PUT added 14020  OI= 212540
pcr4 =  BSE:SENSEX2682078300PE   0.28   0.25 CALL added 142540   PUT added 35960  OI= 63240
pcr5 =  BSE:SENSEX2682078200CE   0.37   0.19 CALL added 169620   PUT added 32440  OI= 301500
pcr6 =  BSE:SENSEX2682078100CE   0.72    0.79 CALL added 184560   PUT added 145680  OI= 289100
pcr7 =  BSE:SENSEX2682078000PE   0.76   0.58 CALL added 588220   PUT added 342660  OI= 858860
pcr8 =  BSE:SENSEX2682077900PE   1.06   1.07 CALL added 366240   PUT added 393060  OI= 500340
pcr9 =  BSE:SENSEX2682077800PE   1.36   1.41 CALL added 438280   PUT added 618340  OI= 866900
pcr10 =  BSE:SENSEX2682077700CE   2.48   2.52 CALL added 192920   PUT added 485540  OI= 223540
pcr11 =  BSE:SENSEX2682077600PE   6.55   7.05 CALL added 62060   PUT added 437740  OI= 499380
pcr12 =  BSE:SENSEX2682077500PE   4.33   7.37 CALL added 60160   PUT added 443340  OI= 659860
pcr13 =  BSE:SENSEX2682077400PE   7.42   6.86 CALL added 31880   PUT added 218740  OI= 258660
pcr14 =  BSE:SENSEX2682077300CE   9.48   8.26 CALL added 18200   PUT added 150400  OI= 20320
pcr15 =  BSE:SENSEX2682077200PE   12.32   9.61 CALL added 9900   PUT added 95160  OI= 141480
pcr16 =  BSE:SENSEX2682077100CE   20.64   17.07 CALL added 4560   PUT added 77820  OI= 5100
pcr17 =  BSE:SENSEX2682077000CE   10.9   16.07 CALL added 11540   PUT added 185500  OI= 36840
pcrSummation= 7.4399999999999995  result =  ['BSE:SENSEX2682078500CE', 'BSE:SENSEX2682078400CE', 'BSE:SENSEX2682078300PE', 'BSE:SENSEX2682078200CE', 'BSE:SENSEX2682078100CE', 'BSE:SENSEX2682078000PE', 'BSE:SENSEX2682077900PE', 'BSE:SENSEX2682077800PE', 'BSE:SENSEX2682077700CE']
PCRSUM== 79.38
pcrSummation== 7.44
VOLPCRSUM== 5.36
spotLTP =  77797.52  ATM_STRIKE =  77800
IS_ATM_STRIKE_SHIFT = False  mapStrike = {77800: 77800}
avgOiPcrList2 = [np.float64(4.71), np.float64(4.7), np.float64(4.67)] atmStrikeNotShiftedCount= 13
False   13   3
SUPP_RES=== 78000  Buffer= 27
CEoich val =  588220.0  PEoich val =  342660.0 , CE > PE by 41.7%
SUPP_RES TOTAL OI: CE= 1129000  PE= 858860 , CE > PE by 23.9%
IS_MORNING_WINDOW= False  (active 9:15-9:48 IST)
================================================
==== signal check time ==== 2026-08-14 13:36:00.652973
IS_CHOI_DIFF_GT_25PERC== True
RSI_VAL1== 41.64
RSI_VAL2== 41.64
FUT_3m_OHLC O= 78095.0  H= 78095.0  L= 78095.0  C= 78095.0  Range= 0.0
CHART_PATTERN_DETECTED: INSIDE_BAR | DOUBLE_BOTTOM_FORMING
  PATTERN_CONTEXT: Body= 0.0  Range= 0.0  ExpectedRange= 66.6  RangeRatio= 0.0  O= 78095.0  H= 78095.0  L= 78095.0  C= 78095.0
isPcrDecr = True
newSynthFut =  78100
ATMStrike =  77800
AVG_OIPCR= 0.83
avgoiPCROld=  4.67
SUPP_RES = 78000
FUT LTP = 78094.95
CEchoi  PechOi = 588220.0    342660.0
====================================
totalOIPCR = 0.95
AVG_VOLPCR= 0.6
atmPCR= 0.37  belowATM  0.72
atmVolPCR= 0.36  belowATM  0.65
True   78094.95   78000   False   True   41.64
no trade yet = [np.float64(4.71), np.float64(4.7), np.float64(4.67)]
curr Doji False
BSE:SENSEX2682078000PE  curr candle vol pcr = 1.34  PE= 134400  CE= 99940      cpr =  0.74
BSE:SENSEX2682078000PE  prev candle vol pcr = 0.89  PE= 111640  CE= 124920      cpr =  1.12
ATM_CE_premium= 354.4  ATM_PE_premium= 428.5
CE_PremChg= -10.0  PE_PremChg= 9.55
CandleBody= 0.0  PrevBody= 0.0  CandleRange= 0.0  Doji
TotalVol= 234340  PrevTotalVol= 236560  VolSpike= 0.99 x 
SCALP_SCORE: NEUTRAL | BullScore= 0  BearScore= 0 | Confidence= LOW
DATAPOINT|13:36|FUT=78095.0|Body=0.0|PrevBody=0.0|Range=0.0|RangeRatio=0.0|CurrVolPCR=1.34|PrevVolPCR=0.89|CurrCPR=0.74|PrevCPR=1.12|VolSpike=0.99|CE_PremChg=-10.0|PE_PremChg=9.55|BullScore=0|BearScore=0|Dir=NEUTRAL|Conf=LOW
CHART_PATTERN_DETECTED: INSIDE_BAR | DOUBLE_BOTTOM_FORMING
  PATTERN_CONTEXT: Body= 0.0  Range= 0.0  ExpectedRange= 66.6  RangeRatio= 0.0  O= 78095.0  H= 78095.0  L= 78095.0  C= 78095.0
BSE:SENSEX-INDEX  strikecount= 3   fyers <fyers_apiv3.fyersModel.FyersModel object at 0x75fb8594b890>
======================================
oipcr1 =  BSE:SENSEX2682078100CE   0.72
oipcr2 =  BSE:SENSEX2682078000PE   0.76
oipcr3 =  BSE:SENSEX2682077900PE   1.06
oipcrBull = NoEntry  bulcount= 1  bearcount= 2 oipcrBear= BearTrade
atmpcr5 pcr6= 1.36    2.48
No Entry Yet
India VIX = 11.35  Spot Price = 77826.16
IV Regime = LOW (ADAPTIVE: P25= 11.86  P50= 12.16  P75= 12.9 ) | DailyRange = 1261.9 | 3minCandleRange = 66.4 (theoretical= 110.7 ) | ATMoptionMove = 29.9 | SL = 105 | Target = 105 | TrailTrigger = 30 | Spread = 300 | Buffer = 27
IV Params refreshed: {'vix': 11.35, 'bn_price': 77826.16, 'regime': 'LOW', 'regime_thresholds': 'P25=11.86 P50=12.16 P75=12.9', 'daily_range': 1261.9, 'candle_range': 66.4, 'atm_option_move': 29.9, 'sl_point': 105, 'target_point': 105, 'sl_pct_of_premium': 0.1, 'trail_trigger': 30, 'spread_width': 300, 'support_resistance_buffer': 27}
BSE:SENSEX-INDEX  strikecount= 8   fyers <fyers_apiv3.fyersModel.FyersModel object at 0x75fb8594b890>
===
====after 3 min ochain==== 2026-08-14 13:39:00.000625
                                    oipcr   choipcr   totalOI
pcr1 =  BSE:SENSEX2682078600CE   0.3   0.12 CALL added 96140   PUT added 11640  OI= 150480
pcr2 =  BSE:SENSEX2682078500CE   0.25   0.04 CALL added 401760   PUT added 17480  OI= 647100
pcr3 =  BSE:SENSEX2682078400CE   0.16   0.1 CALL added 143820   PUT added 14080  OI= 214700
pcr4 =  BSE:SENSEX2682078300PE   0.27   0.25 CALL added 143920   PUT added 35780  OI= 63060
pcr5 =  BSE:SENSEX2682078200CE   0.36   0.18 CALL added 171820   PUT added 30400  OI= 303700
pcr6 =  BSE:SENSEX2682078100CE   0.69    0.75 CALL added 186100   PUT added 140000  OI= 290640
pcr7 =  BSE:SENSEX2682078000PE   0.75   0.56 CALL added 600300   PUT added 334240  OI= 850440
pcr8 =  BSE:SENSEX2682077900PE   1.03   1.03 CALL added 364580   PUT added 374380  OI= 481660
pcr9 =  BSE:SENSEX2682077800PE   1.32   1.35 CALL added 447040   PUT added 604240  OI= 852800
pcr10 =  BSE:SENSEX2682077700CE   2.37   2.39 CALL added 200960   PUT added 479900  OI= 231580
pcr11 =  BSE:SENSEX2682077600PE   6.31   6.74 CALL added 64800   PUT added 436440  OI= 498080
pcr12 =  BSE:SENSEX2682077500PE   4.27   7.15 CALL added 61500   PUT added 439780  OI= 656300
pcr13 =  BSE:SENSEX2682077400PE   7.26   6.69 CALL added 31940   PUT added 213680  OI= 253600
pcr14 =  BSE:SENSEX2682077300CE   9.48   8.27 CALL added 18320   PUT added 151420  OI= 20440
pcr15 =  BSE:SENSEX2682077200PE   11.89   9.14 CALL added 10000   PUT added 91400  OI= 137720
pcr16 =  BSE:SENSEX2682077100CE   20.21   16.68 CALL added 4680   PUT added 78040  OI= 5220
pcr17 =  BSE:SENSEX2682077000CE   10.82   15.76 CALL added 11700   PUT added 184380  OI= 37000
pcrSummation= 7.2  result =  ['BSE:SENSEX2682078500CE', 'BSE:SENSEX2682078400CE', 'BSE:SENSEX2682078300PE', 'BSE:SENSEX2682078200CE', 'BSE:SENSEX2682078100CE', 'BSE:SENSEX2682078000PE', 'BSE:SENSEX2682077900PE', 'BSE:SENSEX2682077800PE', 'BSE:SENSEX2682077700CE']
PCRSUM== 77.74
pcrSummation== 7.2
VOLPCRSUM== 5.35
spotLTP =  77826.16  ATM_STRIKE =  77800
IS_ATM_STRIKE_SHIFT = False  mapStrike = {77800: 77800}
avgOiPcrList2 = [np.float64(4.7), np.float64(4.67), np.float64(4.57)] atmStrikeNotShiftedCount= 14
False   14   3
SUPP_RES=== 78000  Buffer= 27
CEoich val =  600300.0  PEoich val =  334240.0 , CE > PE by 44.3%
SUPP_RES TOTAL OI: CE= 1141080  PE= 850440 , CE > PE by 25.5%
IS_MORNING_WINDOW= False  (active 9:15-9:48 IST)
================================================
==== signal check time ==== 2026-08-14 13:39:00.653508
IS_CHOI_DIFF_GT_25PERC== True
RSI_VAL1== 51.55
RSI_VAL2== 51.55
FUT_3m_OHLC O= 78095.0  H= 78133.0  L= 78095.0  C= 78133.0  Range= 38.0
CHART_PATTERN_DETECTED: DOUBLE_BOTTOM_FORMING
  PATTERN_CONTEXT: Body= 38.0  Range= 38.0  ExpectedRange= 66.4  RangeRatio= 0.57  O= 78095.0  H= 78133.0  L= 78095.0  C= 78133.0
isPcrDecr = True
newSynthFut =  78100
ATMStrike =  77800
AVG_OIPCR= 0.8
avgoiPCROld=  4.57
SUPP_RES = 78000
FUT LTP = 78132.95
CEchoi  PechOi = 600300.0    334240.0
====================================
totalOIPCR = 0.94
AVG_VOLPCR= 0.59
atmPCR= 0.36  belowATM  0.69
atmVolPCR= 0.36  belowATM  0.65
True   78132.95   78000   False   True   51.55
no trade yet = [np.float64(4.7), np.float64(4.67), np.float64(4.57)]
curr Doji False
BSE:SENSEX2682078000PE  curr candle vol pcr = 0.75  PE= 73200  CE= 97120      cpr =  1.33
BSE:SENSEX2682078000PE  prev candle vol pcr = 1.34  PE= 134400  CE= 99940      cpr =  0.74
ATM_CE_premium= 367.15  ATM_PE_premium= 409.15
CE_PremChg= 12.75  PE_PremChg= -19.35
CandleBody= 38.0  PrevBody= 0.0  CandleRange= 38.0  Bullish
TotalVol= 170320  PrevTotalVol= 234340  VolSpike= 0.73 x 
SCALP_SCORE: NEUTRAL | BullScore= 1  BearScore= 1 | Confidence= LOW
DATAPOINT|13:39|FUT=78133.0|Body=38.0|PrevBody=0.0|Range=38.0|RangeRatio=0.57|CurrVolPCR=0.75|PrevVolPCR=1.34|CurrCPR=1.33|PrevCPR=0.74|VolSpike=0.73|CE_PremChg=12.75|PE_PremChg=-19.35|BullScore=1|BearScore=1|Dir=NEUTRAL|Conf=LOW
CHART_PATTERN_DETECTED: DOUBLE_BOTTOM_FORMING
  PATTERN_CONTEXT: Body= 38.0  Range= 38.0  ExpectedRange= 66.4  RangeRatio= 0.57  O= 78095.0  H= 78133.0  L= 78095.0  C= 78133.0
BSE:SENSEX-INDEX  strikecount= 3   fyers <fyers_apiv3.fyersModel.FyersModel object at 0x75fb8594b890>
======================================
oipcr1 =  BSE:SENSEX2682078100CE   0.69
oipcr2 =  BSE:SENSEX2682078000PE   0.75
oipcr3 =  BSE:SENSEX2682077900PE   1.03
oipcrBull = NoEntry  bulcount= 1  bearcount= 2 oipcrBear= BearTrade
atmpcr5 pcr6= 1.32    2.37
No Entry Yet
India VIX = 11.33  Spot Price = 77873.16
IV Regime = LOW (ADAPTIVE: P25= 11.86  P50= 12.16  P75= 12.9 ) | DailyRange = 1260.4 | 3minCandleRange = 66.3 (theoretical= 110.5 ) | ATMoptionMove = 29.8 | SL = 104 | Target = 104 | TrailTrigger = 30 | Spread = 300 | Buffer = 27
IV Params refreshed: {'vix': 11.33, 'bn_price': 77873.16, 'regime': 'LOW', 'regime_thresholds': 'P25=11.86 P50=12.16 P75=12.9', 'daily_range': 1260.4, 'candle_range': 66.3, 'atm_option_move': 29.8, 'sl_point': 104, 'target_point': 104, 'sl_pct_of_premium': 0.1, 'trail_trigger': 30, 'spread_width': 300, 'support_resistance_buffer': 27}
BSE:SENSEX-INDEX  strikecount= 8   fyers <fyers_apiv3.fyersModel.FyersModel object at 0x75fb8594b890>
===
====after 3 min ochain==== 2026-08-14 13:42:00.039419
                                    oipcr   choipcr   totalOI
pcr1 =  BSE:SENSEX2682078700PE   0.15   -0.0 CALL added 76780   PUT unwind -160  OI= 17920
pcr2 =  BSE:SENSEX2682078600CE   0.29   0.11 CALL added 103120   PUT added 11760  OI= 157460
pcr3 =  BSE:SENSEX2682078500CE   0.25   0.04 CALL added 406960   PUT added 17440  OI= 652300
pcr4 =  BSE:SENSEX2682078400CE   0.16   0.1 CALL added 145000   PUT added 14000  OI= 215880
pcr5 =  BSE:SENSEX2682078300PE   0.28   0.26 CALL added 141920   PUT added 36620  OI= 63900
pcr6 =  BSE:SENSEX2682078200CE   0.34    0.14 CALL added 174960   PUT added 24700  OI= 306840
pcr7 =  BSE:SENSEX2682078100CE   0.68   0.73 CALL added 183500   PUT added 133500  OI= 288040
pcr8 =  BSE:SENSEX2682078000PE   0.75   0.55 CALL added 542260   PUT added 296960  OI= 813160
pcr9 =  BSE:SENSEX2682077900PE   0.99   0.99 CALL added 369100   PUT added 364340  OI= 471620
pcr10 =  BSE:SENSEX2682077800PE   1.27   1.28 CALL added 438740   PUT added 562340  OI= 810900
pcr11 =  BSE:SENSEX2682077700CE   2.45   2.47 CALL added 188800   PUT added 467260  OI= 219420
pcr12 =  BSE:SENSEX2682077600PE   6.35   6.81 CALL added 61600   PUT added 419420  OI= 481060
pcr13 =  BSE:SENSEX2682077500PE   4.25   7.16 CALL added 60420   PUT added 432840  OI= 649360
pcr14 =  BSE:SENSEX2682077400PE   7.34   6.76 CALL added 31020   PUT added 209740  OI= 249660
pcr15 =  BSE:SENSEX2682077300CE   9.56   8.36 CALL added 18300   PUT added 152900  OI= 20420
pcr16 =  BSE:SENSEX2682077200PE   11.86   9.06 CALL added 9880   PUT added 89540  OI= 135860
pcr17 =  BSE:SENSEX2682077100CE   20.34   16.81 CALL added 4660   PUT added 78340  OI= 5200
pcrSummation= 7.170000000000001  result =  ['BSE:SENSEX2682078500CE', 'BSE:SENSEX2682078400CE', 'BSE:SENSEX2682078300PE', 'BSE:SENSEX2682078200CE', 'BSE:SENSEX2682078100CE', 'BSE:SENSEX2682078000PE', 'BSE:SENSEX2682077900PE', 'BSE:SENSEX2682077800PE', 'BSE:SENSEX2682077700CE']
PCRSUM== 67.31
pcrSummation== 7.17
VOLPCRSUM== 3.6799999999999997
spotLTP =  77873.16  ATM_STRIKE =  77900
IS_ATM_STRIKE_SHIFT = True  mapStrike = {77900: 77900}
avgOiPcrList2 = [np.float64(3.96)] atmStrikeNotShiftedCount= 1
True   1   1
SUPP_RES=== 78000  Buffer= 27
CEoich val =  542260.0  PEoich val =  296960.0 , CE > PE by 45.2%
SUPP_RES TOTAL OI: CE= 1083040  PE= 813160 , CE > PE by 24.9%
IS_MORNING_WINDOW= False  (active 9:15-9:48 IST)
================================================
==== signal check time ==== 2026-08-14 13:42:00.754103
IS_CHOI_DIFF_GT_25PERC== True
RSI_VAL1== 51.55
RSI_VAL2== 51.55
FUT_3m_OHLC O= 78133.0  H= 78133.0  L= 78133.0  C= 78133.0  Range= 0.0
CHART_PATTERN_DETECTED: INSIDE_BAR | DOUBLE_TOP_FORMING | DOUBLE_BOTTOM_FORMING
  PATTERN_CONTEXT: Body= 0.0  Range= 0.0  ExpectedRange= 66.3  RangeRatio= 0.0  O= 78133.0  H= 78133.0  L= 78133.0  C= 78133.0
newSynthFut =  78100
ATMStrike =  77900
AVG_OIPCR= 0.8
avgoiPCROld=  3.96
SUPP_RES = 78000
FUT LTP = 78132.95
CEchoi  PechOi = 542260.0    296960.0
====================================
totalOIPCR = 0.93
AVG_VOLPCR= 0.41
atmPCR= 0.28  belowATM  0.34
atmVolPCR= 0.23  belowATM  0.36
True   78132.95   78000   False   False   51.55
curr Doji False
BSE:SENSEX2682078100PE  curr candle vol pcr = 0.68  PE= 63900  CE= 94020      cpr =  1.47
BSE:SENSEX2682078000PE  prev candle vol pcr = 0.75  PE= 73200  CE= 97120      cpr =  1.33
ATM_CE_premium= 341.55  ATM_PE_premium= 436.75
CE_PremChg= 21.55  PE_PremChg= -25.45
CandleBody= 0.0  PrevBody= 38.0  CandleRange= 0.0  Doji
TotalVol= 157920  PrevTotalVol= 170320  VolSpike= 0.93 x 
SCALP_SCORE: BEAR | BullScore= 0  BearScore= 1 | Confidence= LOW
DATAPOINT|13:42|FUT=78133.0|Body=0.0|PrevBody=38.0|Range=0.0|RangeRatio=0.0|CurrVolPCR=0.68|PrevVolPCR=0.75|CurrCPR=1.47|PrevCPR=1.33|VolSpike=0.93|CE_PremChg=21.55|PE_PremChg=-25.45|BullScore=0|BearScore=1|Dir=BEAR|Conf=LOW
CHART_PATTERN_DETECTED: INSIDE_BAR | DOUBLE_TOP_FORMING | DOUBLE_BOTTOM_FORMING
  PATTERN_CONTEXT: Body= 0.0  Range= 0.0  ExpectedRange= 66.3  RangeRatio= 0.0  O= 78133.0  H= 78133.0  L= 78133.0  C= 78133.0
BSE:SENSEX-INDEX  strikecount= 3   fyers <fyers_apiv3.fyersModel.FyersModel object at 0x75fb8594b890>
======================================
oipcr1 =  BSE:SENSEX2682078200CE   0.34
oipcr2 =  BSE:SENSEX2682078100CE   0.68
oipcr3 =  BSE:SENSEX2682078000PE   0.75
oipcrBull = NoEntry  bulcount= 0  bearcount= 3 oipcrBear= BearTrade
atmpcr5 pcr6= 0.99    1.27
No Entry Yet
India VIX = 11.36  Spot Price = 77894.25
IV Regime = LOW (ADAPTIVE: P25= 11.86  P50= 12.16  P75= 12.9 ) | DailyRange = 1264.1 | 3minCandleRange = 66.5 (theoretical= 110.9 ) | ATMoptionMove = 29.9 | SL = 105 | Target = 105 | TrailTrigger = 30 | Spread = 300 | Buffer = 27
IV Params refreshed: {'vix': 11.36, 'bn_price': 77894.25, 'regime': 'LOW', 'regime_thresholds': 'P25=11.86 P50=12.16 P75=12.9', 'daily_range': 1264.1, 'candle_range': 66.5, 'atm_option_move': 29.9, 'sl_point': 105, 'target_point': 105, 'sl_pct_of_premium': 0.1, 'trail_trigger': 30, 'spread_width': 300, 'support_resistance_buffer': 27}
BSE:SENSEX-INDEX  strikecount= 8   fyers <fyers_apiv3.fyersModel.FyersModel object at 0x75fb8594b890>
===
====after 3 min ochain==== 2026-08-14 13:45:00.005045
                                    oipcr   choipcr   totalOI
pcr1 =  BSE:SENSEX2682078700PE   0.15   0.01 CALL added 81420   PUT added 460  OI= 18540
pcr2 =  BSE:SENSEX2682078600CE   0.28   0.11 CALL added 107280   PUT added 12140  OI= 161620
pcr3 =  BSE:SENSEX2682078500CE   0.25   0.04 CALL added 411920   PUT added 18480  OI= 657260
pcr4 =  BSE:SENSEX2682078400CE   0.17   0.11 CALL added 147540   PUT added 15880  OI= 218420
pcr5 =  BSE:SENSEX2682078300PE   0.28   0.26 CALL added 143280   PUT added 36940  OI= 64220
pcr6 =  BSE:SENSEX2682078200CE   0.35    0.16 CALL added 176080   PUT added 28280  OI= 307960
pcr7 =  BSE:SENSEX2682078100CE   0.71   0.77 CALL added 178520   PUT added 138200  OI= 283060
pcr8 =  BSE:SENSEX2682078000PE   0.78   0.6 CALL added 509540   PUT added 307520  OI= 823720
pcr9 =  BSE:SENSEX2682077900PE   1.04   1.05 CALL added 362520   PUT added 381080  OI= 488360
pcr10 =  BSE:SENSEX2682077800PE   1.34   1.37 CALL added 417000   PUT added 572860  OI= 821420
pcr11 =  BSE:SENSEX2682077700CE   2.59   2.64 CALL added 177200   PUT added 468060  OI= 207820
pcr12 =  BSE:SENSEX2682077600PE   6.19   6.61 CALL added 63140   PUT added 417080  OI= 478720
pcr13 =  BSE:SENSEX2682077500PE   4.34   7.58 CALL added 57020   PUT added 432120  OI= 648640
pcr14 =  BSE:SENSEX2682077400PE   7.58   7.01 CALL added 30020   PUT added 210380  OI= 250300
pcr15 =  BSE:SENSEX2682077300CE   9.99   8.77 CALL added 17180   PUT added 150640  OI= 19300
pcr16 =  BSE:SENSEX2682077200PE   12.75   9.78 CALL added 8800   PUT added 86020  OI= 132340
pcr17 =  BSE:SENSEX2682077100CE   20.54   17.03 CALL added 4660   PUT added 79380  OI= 5200
pcrSummation= 5.2  result =  ['BSE:SENSEX2682078600CE', 'BSE:SENSEX2682078500CE', 'BSE:SENSEX2682078400CE', 'BSE:SENSEX2682078300PE', 'BSE:SENSEX2682078200CE', 'BSE:SENSEX2682078100CE', 'BSE:SENSEX2682078000PE', 'BSE:SENSEX2682077900PE', 'BSE:SENSEX2682077800PE']
PCRSUM== 69.33
pcrSummation== 5.2
VOLPCRSUM== 3.65
spotLTP =  77894.25  ATM_STRIKE =  77900
IS_ATM_STRIKE_SHIFT = False  mapStrike = {77900: 77900}
avgOiPcrList2 = [np.float64(3.96), np.float64(4.08)] atmStrikeNotShiftedCount= 2
False   2   2
SUPP_RES=== 78000  Buffer= 27
CEoich val =  509540.0  PEoich val =  307520.0 , CE > PE by 39.6%
SUPP_RES TOTAL OI: CE= 1050320  PE= 823720 , CE > PE by 21.6%
IS_MORNING_WINDOW= False  (active 9:15-9:48 IST)
================================================
==== signal check time ==== 2026-08-14 13:45:00.687597
IS_CHOI_DIFF_GT_25PERC== True
RSI_VAL1== 60.22
RSI_VAL2== 60.22
FUT_3m_OHLC O= 78133.0  H= 78175.0  L= 78133.0  C= 78175.0  Range= 42.1
CHART_PATTERN: None
newSynthFut =  78200
ATMStrike =  77900
AVG_OIPCR= 0.58
avgoiPCROld=  4.08
SUPP_RES = 78000
FUT LTP = 78175.0
CEchoi  PechOi = 509540.0    307520.0
====================================
totalOIPCR = 0.94
AVG_VOLPCR= 0.41
atmPCR= 0.28  belowATM  0.35
atmVolPCR= 0.23  belowATM  0.35
True   78175.0   78000   False   False   60.22
curr Doji False
BSE:SENSEX2682078100PE  curr candle vol pcr = 0.4  PE= 32040  CE= 80740      cpr =  2.52
BSE:SENSEX2682078100PE  prev candle vol pcr = 0.68  PE= 63900  CE= 94020      cpr =  1.47
VOL_PRESSURE_WATCH: SINGLE_CANDLE_CALL_PRESSURE | currCPR= 2.52  prevCPR= 1.47
ATM_CE_premium= 357.5  ATM_PE_premium= 421.35
CE_PremChg= 15.95  PE_PremChg= -15.4
CandleBody= 42.1  PrevBody= 0.0  CandleRange= 42.1  Bullish
TotalVol= 112780  PrevTotalVol= 157920  VolSpike= 0.71 x 
SCALP_SCORE: BEAR | BullScore= 1  BearScore= 2 | Confidence= LOW
DATAPOINT|13:45|FUT=78175.0|Body=42.1|PrevBody=0.0|Range=42.1|RangeRatio=0.63|CurrVolPCR=0.4|PrevVolPCR=0.68|CurrCPR=2.52|PrevCPR=1.47|VolSpike=0.71|CE_PremChg=15.95|PE_PremChg=-15.4|BullScore=1|BearScore=2|Dir=BEAR|Conf=LOW
CHART_PATTERN: None
BSE:SENSEX-INDEX  strikecount= 3   fyers <fyers_apiv3.fyersModel.FyersModel object at 0x75fb8594b890>
======================================
oipcr1 =  BSE:SENSEX2682078200CE   0.35
oipcr2 =  BSE:SENSEX2682078100CE   0.71
oipcr3 =  BSE:SENSEX2682078000PE   0.78
oipcrBull = NoEntry  bulcount= 0  bearcount= 3 oipcrBear= BearTrade
atmpcr5 pcr6= 1.04    1.34
No Entry Yet
India VIX = 11.28  Spot Price = 77977.96
IV Regime = LOW (ADAPTIVE: P25= 11.86  P50= 12.16  P75= 12.9 ) | DailyRange = 1256.6 | 3minCandleRange = 66.1 (theoretical= 110.2 ) | ATMoptionMove = 29.8 | SL = 104 | Target = 104 | TrailTrigger = 30 | Spread = 300 | Buffer = 26
IV Params refreshed: {'vix': 11.28, 'bn_price': 77977.96, 'regime': 'LOW', 'regime_thresholds': 'P25=11.86 P50=12.16 P75=12.9', 'daily_range': 1256.6, 'candle_range': 66.1, 'atm_option_move': 29.8, 'sl_point': 104, 'target_point': 104, 'sl_pct_of_premium': 0.1, 'trail_trigger': 30, 'spread_width': 300, 'support_resistance_buffer': 26}
BSE:SENSEX-INDEX  strikecount= 8   fyers <fyers_apiv3.fyersModel.FyersModel object at 0x75fb8594b890>
===
====after 3 min ochain==== 2026-08-14 13:48:00.014298
                                    oipcr   choipcr   totalOI
pcr1 =  BSE:SENSEX2682078800CE   0.1   0.02 CALL added 118640   PUT added 2260  OI= 200740
pcr2 =  BSE:SENSEX2682078700PE   0.15   0.01 CALL added 78500   PUT added 620  OI= 18700
pcr3 =  BSE:SENSEX2682078600CE   0.37   0.22 CALL added 89440   PUT added 19460  OI= 143780
pcr4 =  BSE:SENSEX2682078500CE   0.3   0.08 CALL added 331740   PUT added 26080  OI= 577080
pcr5 =  BSE:SENSEX2682078400CE   0.21   0.16 CALL added 111360   PUT added 18020  OI= 182240
pcr6 =  BSE:SENSEX2682078300PE   0.32    0.32 CALL added 124600   PUT added 39560  OI= 66840
pcr7 =  BSE:SENSEX2682078200CE   0.43   0.29 CALL added 142280   PUT added 40600  OI= 274160
pcr8 =  BSE:SENSEX2682078100CE   0.78   0.9 CALL added 175620   PUT added 157480  OI= 280160
pcr9 =  BSE:SENSEX2682078000PE   0.91   0.84 CALL added 383000   PUT added 321180  OI= 837380
pcr10 =  BSE:SENSEX2682077900PE   1.27   1.36 CALL added 298420   PUT added 405620  OI= 512900
pcr11 =  BSE:SENSEX2682077800PE   1.74   2.09 CALL added 272640   PUT added 569020  OI= 817580
pcr12 =  BSE:SENSEX2682077700CE   3.22   3.44 CALL added 132560   PUT added 455500  OI= 163180
pcr13 =  BSE:SENSEX2682077600PE   7.08   7.8 CALL added 53720   PUT added 418860  OI= 480500
pcr14 =  BSE:SENSEX2682077500PE   4.62   9.63 CALL added 41980   PUT added 404060  OI= 620580
pcr15 =  BSE:SENSEX2682077400PE   8.18   7.57 CALL added 25240   PUT added 190980  OI= 230900
pcr16 =  BSE:SENSEX2682077300CE   10.29   8.91 CALL added 14740   PUT added 131280  OI= 16860
pcr17 =  BSE:SENSEX2682077200PE   12.99   9.86 CALL added 8220   PUT added 81020  OI= 127340
pcrSummation= 4.74  result =  ['BSE:SENSEX2682078700PE', 'BSE:SENSEX2682078600CE', 'BSE:SENSEX2682078500CE', 'BSE:SENSEX2682078400CE', 'BSE:SENSEX2682078300PE', 'BSE:SENSEX2682078200CE', 'BSE:SENSEX2682078100CE', 'BSE:SENSEX2682078000PE', 'BSE:SENSEX2682077900PE']
PCRSUM== 52.96
pcrSummation== 4.74
VOLPCRSUM== 2.4299999999999997
spotLTP =  77977.96  ATM_STRIKE =  78000
IS_ATM_STRIKE_SHIFT = True  mapStrike = {78000: 78000}
avgOiPcrList2 = [np.float64(3.12)] atmStrikeNotShiftedCount= 1
True   1   1
SUPP_RES=== 78500  Buffer= 26
CEoich val =  331740.0  PEoich val =  26080.0 , CE > PE by 92.1%
SUPP_RES TOTAL OI: CE= 577080  PE= 171780 , CE > PE by 70.2%
IS_MORNING_WINDOW= False  (active 9:15-9:48 IST)
================================================
==== signal check time ==== 2026-08-14 13:48:00.652027
IS_CHOI_DIFF_GT_25PERC== True
RSI_VAL1== 75.89
RSI_VAL2== 75.89
FUT_3m_OHLC O= 78190.0  H= 78349.0  L= 78190.0  C= 78316.9  Range= 159.0
CHART_PATTERN_DETECTED: STRONG_MOMENTUM_BULL
  PATTERN_CONTEXT: Body= 126.9  Range= 159.0  ExpectedRange= 66.1  RangeRatio= 2.41  O= 78190.0  H= 78349.0  L= 78190.0  C= 78316.9
newSynthFut =  78300
ATMStrike =  78000
AVG_OIPCR= 0.53
avgoiPCROld=  3.12
SUPP_RES = 78500
FUT LTP = 78316.9
CEchoi  PechOi = 331740.0    26080.0
====================================
totalOIPCR = 1.03
AVG_VOLPCR= 0.27
atmPCR= 0.21  belowATM  0.32
atmVolPCR= 0.12  belowATM  0.23
True   78316.9   78500   False   False   75.89
curr Doji False
BSE:SENSEX2682078100PE  curr candle vol pcr = 0.44  PE= 194500  CE= 437760      cpr =  2.25
BSE:SENSEX2682078100PE  prev candle vol pcr = 0.4  PE= 32040  CE= 80740      cpr =  2.52
VOL_PRESSURE_ALERT: STRONG_CALL_PRESSURE | currCPR= 2.25  prevCPR= 2.52  Direction=BEARISH_SIGNAL (heavy CE buying = expecting down move)
ATM_CE_premium= 413.65  ATM_PE_premium= 371.15
CE_PremChg= 56.15  PE_PremChg= -50.2
CandleBody= 126.9  PrevBody= 42.1  CandleRange= 159.0  Bullish
TotalVol= 632260  PrevTotalVol= 112780  VolSpike= 5.61 x  SPIKE!
SCALP_SCORE: BULL | BullScore= 4  BearScore= 3 | Confidence= MEDIUM
  SCALP_BULL_REASONS: StrongBullCandle(80%) + 2ConsecBullCandles + VolSpike(5.61x)_bull + BreakoutCandle(2.4x)
  SCALP_BEAR_REASONS: VolCPR_2candle_bear + PremMomentum_bear(PE-50.2,CE+56.15)
DATAPOINT|13:48|FUT=78316.9|Body=126.9|PrevBody=42.1|Range=159.0|RangeRatio=2.41|CurrVolPCR=0.44|PrevVolPCR=0.4|CurrCPR=2.25|PrevCPR=2.52|VolSpike=5.61|CE_PremChg=56.15|PE_PremChg=-50.2|BullScore=4|BearScore=3|Dir=BULL|Conf=MEDIUM
CHART_PATTERN_DETECTED: STRONG_MOMENTUM_BULL
  PATTERN_CONTEXT: Body= 126.9  Range= 159.0  ExpectedRange= 66.1  RangeRatio= 2.41  O= 78190.0  H= 78349.0  L= 78190.0  C= 78316.9
BSE:SENSEX-INDEX  strikecount= 3   fyers <fyers_apiv3.fyersModel.FyersModel object at 0x75fb8594b890>
======================================
oipcr1 =  BSE:SENSEX2682078300PE   0.32
oipcr2 =  BSE:SENSEX2682078200CE   0.43
oipcr3 =  BSE:SENSEX2682078100CE   0.78
oipcrBull = NoEntry  bulcount= 0  bearcount= 3 oipcrBear= BearTrade
atmpcr5 pcr6= 0.91    1.27
No Entry Yet
India VIX = 11.33  Spot Price = 77991.51
IV Regime = LOW (ADAPTIVE: P25= 11.86  P50= 12.16  P75= 12.9 ) | DailyRange = 1262.3 | 3minCandleRange = 66.4 (theoretical= 110.7 ) | ATMoptionMove = 29.9 | SL = 105 | Target = 105 | TrailTrigger = 30 | Spread = 300 | Buffer = 27
IV Params refreshed: {'vix': 11.33, 'bn_price': 77991.51, 'regime': 'LOW', 'regime_thresholds': 'P25=11.86 P50=12.16 P75=12.9', 'daily_range': 1262.3, 'candle_range': 66.4, 'atm_option_move': 29.9, 'sl_point': 105, 'target_point': 105, 'sl_pct_of_premium': 0.1, 'trail_trigger': 30, 'spread_width': 300, 'support_resistance_buffer': 27}
BSE:SENSEX-INDEX  strikecount= 8   fyers <fyers_apiv3.fyersModel.FyersModel object at 0x75fb8594b890>
===
====after 3 min ochain==== 2026-08-14 13:51:00.023550
                                    oipcr   choipcr   totalOI
pcr1 =  BSE:SENSEX2682078800CE   0.11   0.03 CALL added 111460   PUT added 3320  OI= 193560
pcr2 =  BSE:SENSEX2682078700PE   0.16   0.02 CALL added 79860   PUT added 1800  OI= 19880
pcr3 =  BSE:SENSEX2682078600CE   0.36   0.21 CALL added 94320   PUT added 19700  OI= 148660
pcr4 =  BSE:SENSEX2682078500CE   0.32   0.11 CALL added 320960   PUT added 35380  OI= 566300
pcr5 =  BSE:SENSEX2682078400CE   0.23   0.19 CALL added 109580   PUT added 21120  OI= 180460
pcr6 =  BSE:SENSEX2682078300PE   0.34    0.36 CALL added 135680   PUT added 48760  OI= 76040
pcr7 =  BSE:SENSEX2682078200CE   0.55   0.51 CALL added 146680   PUT added 75280  OI= 278560
pcr8 =  BSE:SENSEX2682078100CE   0.79   0.91 CALL added 177500   PUT added 160940  OI= 282040
pcr9 =  BSE:SENSEX2682078000PE   0.98   1.02 CALL added 348640   PUT added 354840  OI= 871040
pcr10 =  BSE:SENSEX2682077900PE   1.53   1.74 CALL added 251220   PUT added 437740  OI= 545020
pcr11 =  BSE:SENSEX2682077800PE   1.98   2.63 CALL added 221040   PUT added 580280  OI= 828840
pcr12 =  BSE:SENSEX2682077700CE   3.63   3.98 CALL added 117320   PUT added 466840  OI= 147940
pcr13 =  BSE:SENSEX2682077600PE   6.43   6.99 CALL added 52580   PUT added 367500  OI= 429140
pcr14 =  BSE:SENSEX2682077500PE   4.77   10.35 CALL added 40060   PUT added 414700  OI= 631220
pcr15 =  BSE:SENSEX2682077400PE   8.06   7.43 CALL added 25060   PUT added 186260  OI= 226180
pcr16 =  BSE:SENSEX2682077300CE   10.34   8.98 CALL added 14940   PUT added 134180  OI= 17060
pcr17 =  BSE:SENSEX2682077200PE   13.8   10.76 CALL added 8080   PUT added 86940  OI= 133260
pcrSummation= 5.26  result =  ['BSE:SENSEX2682078700PE', 'BSE:SENSEX2682078600CE', 'BSE:SENSEX2682078500CE', 'BSE:SENSEX2682078400CE', 'BSE:SENSEX2682078300PE', 'BSE:SENSEX2682078200CE', 'BSE:SENSEX2682078100CE', 'BSE:SENSEX2682078000PE', 'BSE:SENSEX2682077900PE']
PCRSUM== 54.38
pcrSummation== 5.26
VOLPCRSUM== 2.44
spotLTP =  77991.51  ATM_STRIKE =  78000
IS_ATM_STRIKE_SHIFT = False  mapStrike = {78000: 78000}
avgOiPcrList2 = [np.float64(3.12), np.float64(3.2)] atmStrikeNotShiftedCount= 2
False   2   2
SUPP_RES=== 78500  Buffer= 27
CEoich val =  320960.0  PEoich val =  35380.0 , CE > PE by 89.0%
SUPP_RES TOTAL OI: CE= 566300  PE= 181080 , CE > PE by 68.0%
IS_MORNING_WINDOW= False  (active 9:15-9:48 IST)
================================================
==== signal check time ==== 2026-08-14 13:51:00.624219
IS_CHOI_DIFF_GT_25PERC== True
RSI_VAL1== 75.89
RSI_VAL2== 75.89
FUT_3m_OHLC O= 78316.9  H= 78316.9  L= 78300.0  C= 78316.9  Range= 16.9
CHART_PATTERN_DETECTED: INSIDE_BAR
  PATTERN_CONTEXT: Body= 0.0  Range= 16.9  ExpectedRange= 66.4  RangeRatio= 0.25  O= 78316.9  H= 78316.9  L= 78300.0  C= 78316.9
newSynthFut =  78300
ATMStrike =  78000
AVG_OIPCR= 0.58
avgoiPCROld=  3.2
SUPP_RES = 78500
FUT LTP = 78316.9
CEchoi  PechOi = 320960.0    35380.0
====================================
totalOIPCR = 1.07
AVG_VOLPCR= 0.27
atmPCR= 0.23  belowATM  0.34
atmVolPCR= 0.12  belowATM  0.23
True   78316.9   78500   False   False   75.89
curr Doji False
BSE:SENSEX2682078300PE  curr candle vol pcr = 0.36  PE= 39160  CE= 109240      cpr =  2.79
BSE:SENSEX2682078100PE  prev candle vol pcr = 0.44  PE= 194500  CE= 437760      cpr =  2.25
VOL_PRESSURE_ALERT: STRONG_CALL_PRESSURE | currCPR= 2.79  prevCPR= 2.25  Direction=BEARISH_SIGNAL (heavy CE buying = expecting down move)
ATM_CE_premium= 336.25  ATM_PE_premium= 458.45
CE_PremChg= 20.9  PE_PremChg= -14.8
CandleBody= 0.0  PrevBody= 126.9  CandleRange= 16.9  Doji
TotalVol= 148400  PrevTotalVol= 632260  VolSpike= 0.23 x 
SCALP_SCORE: BEAR | BullScore= 0  BearScore= 3 | Confidence= MEDIUM
  SCALP_BEAR_REASONS: VolCPR_2candle_bear + PremMomentum_bear(PE-14.8,CE+20.9)
DATAPOINT|13:51|FUT=78316.9|Body=0.0|PrevBody=126.9|Range=16.9|RangeRatio=0.25|CurrVolPCR=0.36|PrevVolPCR=0.44|CurrCPR=2.79|PrevCPR=2.25|VolSpike=0.23|CE_PremChg=20.9|PE_PremChg=-14.8|BullScore=0|BearScore=3|Dir=BEAR|Conf=MEDIUM
CHART_PATTERN_DETECTED: INSIDE_BAR
  PATTERN_CONTEXT: Body= 0.0  Range= 16.9  ExpectedRange= 66.4  RangeRatio= 0.25  O= 78316.9  H= 78316.9  L= 78300.0  C= 78316.9
BSE:SENSEX-INDEX  strikecount= 3   fyers <fyers_apiv3.fyersModel.FyersModel object at 0x75fb8594b890>
======================================
oipcr1 =  BSE:SENSEX2682078300PE   0.34
oipcr2 =  BSE:SENSEX2682078200CE   0.55
oipcr3 =  BSE:SENSEX2682078100CE   0.79
oipcrBull = NoEntry  bulcount= 0  bearcount= 3 oipcrBear= BearTrade
atmpcr5 pcr6= 0.98    1.53
No Entry Yet
India VIX = 11.3  Spot Price = 77988.23
IV Regime = LOW (ADAPTIVE: P25= 11.86  P50= 12.16  P75= 12.9 ) | DailyRange = 1259.0 | 3minCandleRange = 66.3 (theoretical= 110.4 ) | ATMoptionMove = 29.8 | SL = 104 | Target = 104 | TrailTrigger = 30 | Spread = 300 | Buffer = 27
IV Params refreshed: {'vix': 11.3, 'bn_price': 77988.23, 'regime': 'LOW', 'regime_thresholds': 'P25=11.86 P50=12.16 P75=12.9', 'daily_range': 1259.0, 'candle_range': 66.3, 'atm_option_move': 29.8, 'sl_point': 104, 'target_point': 104, 'sl_pct_of_premium': 0.1, 'trail_trigger': 30, 'spread_width': 300, 'support_resistance_buffer': 27}
BSE:SENSEX-INDEX  strikecount= 8   fyers <fyers_apiv3.fyersModel.FyersModel object at 0x75fb8594b890>
===
====after 3 min ochain==== 2026-08-14 13:54:00.016134
                                    oipcr   choipcr   totalOI
pcr1 =  BSE:SENSEX2682078800CE   0.11   0.03 CALL added 106320   PUT added 3420  OI= 188420
pcr2 =  BSE:SENSEX2682078700PE   0.17   0.03 CALL added 79720   PUT added 2560  OI= 20640
pcr3 =  BSE:SENSEX2682078600CE   0.38   0.24 CALL added 88420   PUT added 20960  OI= 142760
pcr4 =  BSE:SENSEX2682078500CE   0.33   0.13 CALL added 331380   PUT added 43920  OI= 576720
pcr5 =  BSE:SENSEX2682078400CE   0.23   0.2 CALL added 118520   PUT added 23580  OI= 189400
pcr6 =  BSE:SENSEX2682078300PE   0.4    0.46 CALL added 142880   PUT added 65300  OI= 92580
pcr7 =  BSE:SENSEX2682078200CE   0.6   0.61 CALL added 149440   PUT added 91480  OI= 281320
pcr8 =  BSE:SENSEX2682078100CE   0.84   0.98 CALL added 180900   PUT added 178020  OI= 285440
pcr9 =  BSE:SENSEX2682078000PE   0.99   1.04 CALL added 364480   PUT added 378640  OI= 894840
pcr10 =  BSE:SENSEX2682077900PE   1.66   1.94 CALL added 238200   PUT added 460980  OI= 568260
pcr11 =  BSE:SENSEX2682077800PE   2.19   3.17 CALL added 187900   PUT added 596160  OI= 844720
pcr12 =  BSE:SENSEX2682077700CE   3.65   4.01 CALL added 115080   PUT added 461460  OI= 145700
pcr13 =  BSE:SENSEX2682077600PE   6.76   7.45 CALL added 49080   PUT added 365660  OI= 427300
pcr14 =  BSE:SENSEX2682077500PE   4.78   10.52 CALL added 39180   PUT added 412220  OI= 628740
pcr15 =  BSE:SENSEX2682077400PE   7.82   7.15 CALL added 24400   PUT added 174420  OI= 214340
pcr16 =  BSE:SENSEX2682077300CE   10.57   9.2 CALL added 14520   PUT added 133560  OI= 16640
pcr17 =  BSE:SENSEX2682077200PE   14.32   11.32 CALL added 7920   PUT added 89680  OI= 136000
pcrSummation= 5.6000000000000005  result =  ['BSE:SENSEX2682078700PE', 'BSE:SENSEX2682078600CE', 'BSE:SENSEX2682078500CE', 'BSE:SENSEX2682078400CE', 'BSE:SENSEX2682078300PE', 'BSE:SENSEX2682078200CE', 'BSE:SENSEX2682078100CE', 'BSE:SENSEX2682078000PE', 'BSE:SENSEX2682077900PE']
PCRSUM== 55.8
pcrSummation== 5.6
VOLPCRSUM== 2.4499999999999997
spotLTP =  77988.23  ATM_STRIKE =  78000
IS_ATM_STRIKE_SHIFT = False  mapStrike = {78000: 78000}
avgOiPcrList2 = [np.float64(3.12), np.float64(3.2), np.float64(3.28)] atmStrikeNotShiftedCount= 3
False   3   3
SUPP_RES=== 78500  Buffer= 27
CEoich val =  331380.0  PEoich val =  43920.0 , CE > PE by 86.7%
SUPP_RES TOTAL OI: CE= 576720  PE= 189620 , CE > PE by 67.1%
IS_MORNING_WINDOW= False  (active 9:15-9:48 IST)
================================================
==== signal check time ==== 2026-08-14 13:54:00.637464
IS_CHOI_DIFF_GT_25PERC== True
RSI_VAL1== 73.1
RSI_VAL2== 73.1
FUT_3m_OHLC O= 78316.9  H= 78316.9  L= 78305.0  C= 78305.0  Range= 11.8
CHART_PATTERN_DETECTED: INSIDE_BAR
  PATTERN_CONTEXT: Body= -11.8  Range= 11.8  ExpectedRange= 66.3  RangeRatio= 0.18  O= 78316.9  H= 78316.9  L= 78305.0  C= 78305.0
isPcrInc = True
newSynthFut =  78300
ATMStrike =  78000
AVG_OIPCR= 0.62
avgoiPCROld=  3.28
SUPP_RES = 78500
FUT LTP = 78305.05
CEchoi  PechOi = 331380.0    43920.0
====================================
totalOIPCR = 1.08
AVG_VOLPCR= 0.27
atmPCR= 0.23  belowATM  0.4
atmVolPCR= 0.12  belowATM  0.24
True   78305.05   78500   True   False   73.1
no trade yet = [np.float64(3.12), np.float64(3.2), np.float64(3.28)]
curr Doji False
BSE:SENSEX2682078300PE  curr candle vol pcr = 0.59  PE= 38180  CE= 64880      cpr =  1.7
BSE:SENSEX2682078300PE  prev candle vol pcr = 0.36  PE= 39160  CE= 109240      cpr =  2.79
VOL_PRESSURE_WATCH: SINGLE_CANDLE_CALL_PRESSURE | currCPR= 1.7  prevCPR= 2.79
ATM_CE_premium= 329.7  ATM_PE_premium= 460.6
CE_PremChg= -6.55  PE_PremChg= 2.15
CandleBody= -11.8  PrevBody= 0.0  CandleRange= 11.8  Bearish
TotalVol= 103060  PrevTotalVol= 148400  VolSpike= 0.69 x 
SCALP_SCORE: BEAR | BullScore= 0  BearScore= 2 | Confidence= LOW
DATAPOINT|13:54|FUT=78305.0|Body=-11.8|PrevBody=0.0|Range=11.8|RangeRatio=0.18|CurrVolPCR=0.59|PrevVolPCR=0.36|CurrCPR=1.7|PrevCPR=2.79|VolSpike=0.69|CE_PremChg=-6.55|PE_PremChg=2.15|BullScore=0|BearScore=2|Dir=BEAR|Conf=LOW
CHART_PATTERN_DETECTED: INSIDE_BAR
  PATTERN_CONTEXT: Body= -11.8  Range= 11.8  ExpectedRange= 66.3  RangeRatio= 0.18  O= 78316.9  H= 78316.9  L= 78305.0  C= 78305.0
BSE:SENSEX-INDEX  strikecount= 3   fyers <fyers_apiv3.fyersModel.FyersModel object at 0x75fb8594b890>
======================================
oipcr1 =  BSE:SENSEX2682078300PE   0.4
oipcr2 =  BSE:SENSEX2682078200CE   0.6
oipcr3 =  BSE:SENSEX2682078100CE   0.84
oipcrBull = NoEntry  bulcount= 0  bearcount= 3 oipcrBear= BearTrade
atmpcr5 pcr6= 0.99    1.66
No Entry Yet
India VIX = 11.32  Spot Price = 77988.21
IV Regime = LOW (ADAPTIVE: P25= 11.86  P50= 12.16  P75= 12.9 ) | DailyRange = 1261.2 | 3minCandleRange = 66.4 (theoretical= 110.6 ) | ATMoptionMove = 29.9 | SL = 105 | Target = 105 | TrailTrigger = 30 | Spread = 300 | Buffer = 27
IV Params refreshed: {'vix': 11.32, 'bn_price': 77988.21, 'regime': 'LOW', 'regime_thresholds': 'P25=11.86 P50=12.16 P75=12.9', 'daily_range': 1261.2, 'candle_range': 66.4, 'atm_option_move': 29.9, 'sl_point': 105, 'target_point': 105, 'sl_pct_of_premium': 0.1, 'trail_trigger': 30, 'spread_width': 300, 'support_resistance_buffer': 27}
BSE:SENSEX-INDEX  strikecount= 8   fyers <fyers_apiv3.fyersModel.FyersModel object at 0x75fb8594b890>
===
====after 3 min ochain==== 2026-08-14 13:57:00.017350
                                    oipcr   choipcr   totalOI
pcr1 =  BSE:SENSEX2682078800CE   0.11   0.03 CALL added 105140   PUT added 3540  OI= 187240
pcr2 =  BSE:SENSEX2682078700PE   0.17   0.03 CALL added 80420   PUT added 2620  OI= 20700
pcr3 =  BSE:SENSEX2682078600CE   0.36   0.22 CALL added 98100   PUT added 21580  OI= 152440
pcr4 =  BSE:SENSEX2682078500CE   0.33   0.13 CALL added 331600   PUT added 42080  OI= 576940
pcr5 =  BSE:SENSEX2682078400CE   0.23   0.19 CALL added 118640   PUT added 22920  OI= 189520
pcr6 =  BSE:SENSEX2682078300PE   0.43    0.48 CALL added 159360   PUT added 77200  OI= 104480
pcr7 =  BSE:SENSEX2682078200CE   0.66   0.71 CALL added 156820   PUT added 110600  OI= 288700
pcr8 =  BSE:SENSEX2682078100CE   0.84   0.97 CALL added 191920   PUT added 186880  OI= 296460
pcr9 =  BSE:SENSEX2682078000PE   1.01   1.09 CALL added 380940   PUT added 413860  OI= 930060
pcr10 =  BSE:SENSEX2682077900PE   1.8   2.16 CALL added 225740   PUT added 487080  OI= 594360
pcr11 =  BSE:SENSEX2682077800PE   2.23   3.23 CALL added 189780   PUT added 613640  OI= 862200
pcr12 =  BSE:SENSEX2682077700CE   3.72   4.11 CALL added 113760   PUT added 467700  OI= 144380
pcr13 =  BSE:SENSEX2682077600PE   6.85   7.58 CALL added 48480   PUT added 367720  OI= 429360
pcr14 =  BSE:SENSEX2682077500PE   4.83   10.82 CALL added 38420   PUT added 415880  OI= 632400
pcr15 =  BSE:SENSEX2682077400PE   7.86   7.2 CALL added 24500   PUT added 176360  OI= 216280
pcr16 =  BSE:SENSEX2682077300CE   10.78   9.42 CALL added 14240   PUT added 134100  OI= 16360
pcr17 =  BSE:SENSEX2682077200PE   14.68   11.75 CALL added 7900   PUT added 92840  OI= 139160
pcrSummation= 5.83  result =  ['BSE:SENSEX2682078700PE', 'BSE:SENSEX2682078600CE', 'BSE:SENSEX2682078500CE', 'BSE:SENSEX2682078400CE', 'BSE:SENSEX2682078300PE', 'BSE:SENSEX2682078200CE', 'BSE:SENSEX2682078100CE', 'BSE:SENSEX2682078000PE', 'BSE:SENSEX2682077900PE']
PCRSUM== 56.89
pcrSummation== 5.83
VOLPCRSUM== 2.46
spotLTP =  77988.21  ATM_STRIKE =  78000
IS_ATM_STRIKE_SHIFT = False  mapStrike = {78000: 78000}
avgOiPcrList2 = [np.float64(3.2), np.float64(3.28), np.float64(3.35)] atmStrikeNotShiftedCount= 4
False   4   3
SUPP_RES=== 78500  Buffer= 27
CEoich val =  331600.0  PEoich val =  42080.0 , CE > PE by 87.3%
SUPP_RES TOTAL OI: CE= 576940  PE= 187780 , CE > PE by 67.5%
IS_MORNING_WINDOW= False  (active 9:15-9:48 IST)
================================================
==== signal check time ==== 2026-08-14 13:57:00.646057
IS_CHOI_DIFF_GT_25PERC== True
RSI_VAL1== 64.76
RSI_VAL2== 64.76
FUT_3m_OHLC O= 78335.0  H= 78335.0  L= 78266.5  C= 78266.5  Range= 68.5
CHART_PATTERN_DETECTED: OUTSIDE_BAR | DOUBLE_TOP_FORMING | STRONG_MOMENTUM_BEAR
  PATTERN_CONTEXT: Body= -68.5  Range= 68.5  ExpectedRange= 66.4  RangeRatio= 1.03  O= 78335.0  H= 78335.0  L= 78266.5  C= 78266.5
isPcrInc = True
newSynthFut =  78300
ATMStrike =  78000
AVG_OIPCR= 0.65
avgoiPCROld=  3.35
SUPP_RES = 78500
FUT LTP = 78266.5
CEchoi  PechOi = 331600.0    42080.0
====================================
totalOIPCR = 1.09
AVG_VOLPCR= 0.27
atmPCR= 0.23  belowATM  0.43
atmVolPCR= 0.12  belowATM  0.24
True   78266.5   78500   True   False   64.76
no trade yet = [np.float64(3.2), np.float64(3.28), np.float64(3.35)]
curr Doji False
BSE:SENSEX2682078300PE  curr candle vol pcr = 0.48  PE= 33600  CE= 69460      cpr =  2.07
BSE:SENSEX2682078300PE  prev candle vol pcr = 0.59  PE= 38180  CE= 64880      cpr =  1.7
VOL_PRESSURE_WATCH: SINGLE_CANDLE_CALL_PRESSURE | currCPR= 2.07  prevCPR= 1.7
ATM_CE_premium= 317.65  ATM_PE_premium= 470.8
CE_PremChg= -12.05  PE_PremChg= 10.2
CandleBody= -68.5  PrevBody= -11.8  CandleRange= 68.5  Bearish
TotalVol= 103060  PrevTotalVol= 103060  VolSpike= 1.0 x 
SCALP_SCORE: BEAR | BullScore= 1  BearScore= 3 | Confidence= MEDIUM
  SCALP_BEAR_REASONS: VolCPR_curr_bear + StrongBearCandle(100%) + 2ConsecBearCandles
DATAPOINT|13:57|FUT=78266.5|Body=-68.5|PrevBody=-11.8|Range=68.5|RangeRatio=1.03|CurrVolPCR=0.48|PrevVolPCR=0.59|CurrCPR=2.07|PrevCPR=1.7|VolSpike=1.0|CE_PremChg=-12.05|PE_PremChg=10.2|BullScore=1|BearScore=3|Dir=BEAR|Conf=MEDIUM
CHART_PATTERN_DETECTED: OUTSIDE_BAR | DOUBLE_TOP_FORMING | STRONG_MOMENTUM_BEAR
  PATTERN_CONTEXT: Body= -68.5  Range= 68.5  ExpectedRange= 66.4  RangeRatio= 1.03  O= 78335.0  H= 78335.0  L= 78266.5  C= 78266.5
BSE:SENSEX-INDEX  strikecount= 3   fyers <fyers_apiv3.fyersModel.FyersModel object at 0x75fb8594b890>
======================================
oipcr1 =  BSE:SENSEX2682078300PE   0.43
oipcr2 =  BSE:SENSEX2682078200CE   0.66
oipcr3 =  BSE:SENSEX2682078100CE   0.84
oipcrBull = NoEntry  bulcount= 0  bearcount= 3 oipcrBear= BearTrade
atmpcr5 pcr6= 1.01    1.8
No Entry Yet
India VIX = 11.3  Spot Price = 78017.6
IV Regime = LOW (ADAPTIVE: P25= 11.86  P50= 12.16  P75= 12.9 ) | DailyRange = 1259.4 | 3minCandleRange = 66.3 (theoretical= 110.5 ) | ATMoptionMove = 29.8 | SL = 104 | Target = 104 | TrailTrigger = 30 | Spread = 300 | Buffer = 27
IV Params refreshed: {'vix': 11.3, 'bn_price': 78017.6, 'regime': 'LOW', 'regime_thresholds': 'P25=11.86 P50=12.16 P75=12.9', 'daily_range': 1259.4, 'candle_range': 66.3, 'atm_option_move': 29.8, 'sl_point': 104, 'target_point': 104, 'sl_pct_of_premium': 0.1, 'trail_trigger': 30, 'spread_width': 300, 'support_resistance_buffer': 27}
BSE:SENSEX-INDEX  strikecount= 8   fyers <fyers_apiv3.fyersModel.FyersModel object at 0x75fb8594b890>
===
====after 3 min ochain==== 2026-08-14 14:00:00.011979
                                    oipcr   choipcr   totalOI
pcr1 =  BSE:SENSEX2682078800CE   0.12   0.05 CALL added 100480   PUT added 5220  OI= 182580
pcr2 =  BSE:SENSEX2682078700PE   0.16   0.03 CALL added 82660   PUT added 2640  OI= 20720
pcr3 =  BSE:SENSEX2682078600CE   0.37   0.23 CALL added 92600   PUT added 20860  OI= 146940
pcr4 =  BSE:SENSEX2682078500CE   0.33   0.13 CALL added 338360   PUT added 44600  OI= 583700
pcr5 =  BSE:SENSEX2682078400CE   0.25   0.23 CALL added 109940   PUT added 24880  OI= 180820
pcr6 =  BSE:SENSEX2682078300PE   0.47    0.56 CALL added 155360   PUT added 86500  OI= 113780
pcr7 =  BSE:SENSEX2682078200CE   0.64   0.68 CALL added 181120   PUT added 122620  OI= 313000
pcr8 =  BSE:SENSEX2682078100CE   0.84   0.95 CALL added 215500   PUT added 205580  OI= 320040
pcr9 =  BSE:SENSEX2682078000PE   1.05   1.17 CALL added 396860   PUT added 464860  OI= 981060
pcr10 =  BSE:SENSEX2682077900PE   1.77   2.13 CALL added 222020   PUT added 472000  OI= 579280
pcr11 =  BSE:SENSEX2682077800PE   2.32   3.49 CALL added 180360   PUT added 628840  OI= 877400
pcr12 =  BSE:SENSEX2682077700CE   3.76   4.17 CALL added 111040   PUT added 463500  OI= 141660
pcr13 =  BSE:SENSEX2682077600PE   6.7   7.37 CALL added 49360   PUT added 363980  OI= 425620
pcr14 =  BSE:SENSEX2682077500PE   4.77   10.83 CALL added 36960   PUT added 400440  OI= 616960
pcr15 =  BSE:SENSEX2682077400PE   7.83   7.15 CALL added 24520   PUT added 175440  OI= 215360
pcr16 =  BSE:SENSEX2682077300CE   10.66   9.28 CALL added 14280   PUT added 132560  OI= 16400
pcr17 =  BSE:SENSEX2682077200PE   14.65   11.76 CALL added 8020   PUT added 94280  OI= 140600
pcrSummation= 5.880000000000001  result =  ['BSE:SENSEX2682078700PE', 'BSE:SENSEX2682078600CE', 'BSE:SENSEX2682078500CE', 'BSE:SENSEX2682078400CE', 'BSE:SENSEX2682078300PE', 'BSE:SENSEX2682078200CE', 'BSE:SENSEX2682078100CE', 'BSE:SENSEX2682078000PE', 'BSE:SENSEX2682077900PE']
PCRSUM== 56.69
pcrSummation== 5.88
VOLPCRSUM== 2.46
spotLTP =  78017.6  ATM_STRIKE =  78000
IS_ATM_STRIKE_SHIFT = False  mapStrike = {78000: 78000}
avgOiPcrList2 = [np.float64(3.28), np.float64(3.35), np.float64(3.33)] atmStrikeNotShiftedCount= 5
False   5   3
SUPP_RES=== 78500  Buffer= 27
CEoich val =  338360.0  PEoich val =  44600.0 , CE > PE by 86.8%
SUPP_RES TOTAL OI: CE= 583700  PE= 190300 , CE > PE by 67.4%
IS_MORNING_WINDOW= False  (active 9:15-9:48 IST)
================================================
==== signal check time ==== 2026-08-14 14:00:00.712976
IS_CHOI_DIFF_GT_25PERC== True
RSI_VAL1== 68.64
RSI_VAL2== 68.64
FUT_3m_OHLC O= 78308.0  H= 78348.0  L= 78305.0  C= 78305.2  Range= 43.0
CHART_PATTERN_DETECTED: SHOOTING_STAR
  PATTERN_CONTEXT: Body= -2.8  Range= 43.0  ExpectedRange= 66.3  RangeRatio= 0.65  O= 78308.0  H= 78348.0  L= 78305.0  C= 78305.2
recent two = [np.float64(3.35), np.float64(3.33)]
newSynthFut =  78300
ATMStrike =  78000
AVG_OIPCR= 0.65
avgoiPCROld=  3.33
SUPP_RES = 78500
FUT LTP = 78305.25
CEchoi  PechOi = 338360.0    44600.0
====================================
totalOIPCR = 1.1
AVG_VOLPCR= 0.27
atmPCR= 0.25  belowATM  0.47
atmVolPCR= 0.12  belowATM  0.24
True   78305.25   78500   False   False   68.64
curr Doji True
BSE:SENSEX2682078300PE  curr candle vol pcr = 0.27  PE= 21440  CE= 79740      cpr =  3.72
BSE:SENSEX2682078300PE  prev candle vol pcr = 0.48  PE= 33600  CE= 69460      cpr =  2.07
VOL_PRESSURE_ALERT: STRONG_CALL_PRESSURE | currCPR= 3.72  prevCPR= 2.07  Direction=BEARISH_SIGNAL (heavy CE buying = expecting down move)
ATM_CE_premium= 333.4  ATM_PE_premium= 457.0
CE_PremChg= 15.75  PE_PremChg= -13.8
CandleBody= -2.8  PrevBody= -68.5  CandleRange= 43.0  Bearish
TotalVol= 101180  PrevTotalVol= 103060  VolSpike= 0.98 x 
SCALP_SCORE: BEAR | BullScore= 0  BearScore= 4 | Confidence= MEDIUM
  SCALP_BEAR_REASONS: VolCPR_2candle_bear + 2ConsecBearCandles + PremMomentum_bear(PE-13.8,CE+15.75)
DATAPOINT|14:00|FUT=78305.2|Body=-2.8|PrevBody=-68.5|Range=43.0|RangeRatio=0.65|CurrVolPCR=0.27|PrevVolPCR=0.48|CurrCPR=3.72|PrevCPR=2.07|VolSpike=0.98|CE_PremChg=15.75|PE_PremChg=-13.8|BullScore=0|BearScore=4|Dir=BEAR|Conf=MEDIUM
CHART_PATTERN_DETECTED: SHOOTING_STAR
  PATTERN_CONTEXT: Body= -2.8  Range= 43.0  ExpectedRange= 66.3  RangeRatio= 0.65  O= 78308.0  H= 78348.0  L= 78305.0  C= 78305.2
BSE:SENSEX-INDEX  strikecount= 3   fyers <fyers_apiv3.fyersModel.FyersModel object at 0x75fb8594b890>
======================================
oipcr1 =  BSE:SENSEX2682078300PE   0.47
oipcr2 =  BSE:SENSEX2682078200CE   0.64
oipcr3 =  BSE:SENSEX2682078100CE   0.84
oipcrBull = NoEntry  bulcount= 0  bearcount= 3 oipcrBear= BearTrade
atmpcr5 pcr6= 1.05    1.77
No Entry Yet
India VIX = 11.32  Spot Price = 78039.75
IV Regime = LOW (ADAPTIVE: P25= 11.86  P50= 12.16  P75= 12.9 ) | DailyRange = 1262.0 | 3minCandleRange = 66.4 (theoretical= 110.7 ) | ATMoptionMove = 29.9 | SL = 105 | Target = 105 | TrailTrigger = 30 | Spread = 300 | Buffer = 27
IV Params refreshed: {'vix': 11.32, 'bn_price': 78039.75, 'regime': 'LOW', 'regime_thresholds': 'P25=11.86 P50=12.16 P75=12.9', 'daily_range': 1262.0, 'candle_range': 66.4, 'atm_option_move': 29.9, 'sl_point': 105, 'target_point': 105, 'sl_pct_of_premium': 0.1, 'trail_trigger': 30, 'spread_width': 300, 'support_resistance_buffer': 27}
BSE:SENSEX-INDEX  strikecount= 8   fyers <fyers_apiv3.fyersModel.FyersModel object at 0x75fb8594b890>
===
====after 3 min ochain==== 2026-08-14 14:03:00.013339
                                    oipcr   choipcr   totalOI
pcr1 =  BSE:SENSEX2682078800CE   0.13   0.06 CALL added 100000   PUT added 5700  OI= 182100
pcr2 =  BSE:SENSEX2682078700PE   0.18   0.04 CALL added 77740   PUT added 3440  OI= 21520
pcr3 =  BSE:SENSEX2682078600CE   0.38   0.25 CALL added 101180   PUT added 25800  OI= 155520
pcr4 =  BSE:SENSEX2682078500CE   0.33   0.14 CALL added 337700   PUT added 46780  OI= 583040
pcr5 =  BSE:SENSEX2682078400CE   0.23   0.19 CALL added 136520   PUT added 26200  OI= 207400
pcr6 =  BSE:SENSEX2682078300PE   0.49    0.58 CALL added 152580   PUT added 88820  OI= 116100
pcr7 =  BSE:SENSEX2682078200CE   0.71   0.8 CALL added 172200   PUT added 137620  OI= 304080
pcr8 =  BSE:SENSEX2682078100CE   0.84   0.96 CALL added 220220   PUT added 212120  OI= 324760
pcr9 =  BSE:SENSEX2682078000PE   1.06   1.19 CALL added 409460   PUT added 488860  OI= 1005060
pcr10 =  BSE:SENSEX2682077900PE   1.9   2.36 CALL added 199120   PUT added 469460  OI= 576740
pcr11 =  BSE:SENSEX2682077800PE   2.43   3.87 CALL added 161160   PUT added 624240  OI= 872800
pcr12 =  BSE:SENSEX2682077700CE   4.38   4.98 CALL added 106640   PUT added 531560  OI= 137260
pcr13 =  BSE:SENSEX2682077600PE   6.76   7.53 CALL added 44360   PUT added 334140  OI= 395780
pcr14 =  BSE:SENSEX2682077500PE   4.42   9.97 CALL added 34640   PUT added 345260  OI= 561780
pcr15 =  BSE:SENSEX2682077400PE   8.21   7.55 CALL added 23200   PUT added 175060  OI= 214980
pcr16 =  BSE:SENSEX2682077300CE   10.81   9.43 CALL added 14020   PUT added 132220  OI= 16140
pcr17 =  BSE:SENSEX2682077200PE   15.07   12.27 CALL added 8040   PUT added 98660  OI= 144980
pcrSummation= 4.35  result =  ['BSE:SENSEX2682078800CE', 'BSE:SENSEX2682078700PE', 'BSE:SENSEX2682078600CE', 'BSE:SENSEX2682078500CE', 'BSE:SENSEX2682078400CE', 'BSE:SENSEX2682078300PE', 'BSE:SENSEX2682078200CE', 'BSE:SENSEX2682078100CE', 'BSE:SENSEX2682078000PE']
PCRSUM== 58.33
pcrSummation== 4.35
VOLPCRSUM== 2.42
spotLTP =  78041.29  ATM_STRIKE =  78000
IS_ATM_STRIKE_SHIFT = False  mapStrike = {78000: 78000}
avgOiPcrList2 = [np.float64(3.35), np.float64(3.33), np.float64(3.43)] atmStrikeNotShiftedCount= 6
False   6   3
SUPP_RES=== 78500  Buffer= 27
CEoich val =  337700.0  PEoich val =  46780.0 , CE > PE by 86.1%
SUPP_RES TOTAL OI: CE= 583040  PE= 192480 , CE > PE by 67.0%
IS_MORNING_WINDOW= False  (active 9:15-9:48 IST)
================================================
==== signal check time ==== 2026-08-14 14:03:00.643351
IS_CHOI_DIFF_GT_25PERC== True
RSI_VAL1== 74.14
RSI_VAL2== 74.14
FUT_3m_OHLC O= 78310.0  H= 78375.0  L= 78310.0  C= 78375.0  Range= 65.0
CHART_PATTERN_DETECTED: MORNING_STAR | STRONG_MOMENTUM_BULL
  PATTERN_CONTEXT: Body= 65.0  Range= 65.0  ExpectedRange= 66.4  RangeRatio= 0.98  O= 78310.0  H= 78375.0  L= 78310.0  C= 78375.0
recent two = [np.float64(3.33), np.float64(3.43)]
newSynthFut =  78400
ATMStrike =  78000
AVG_OIPCR= 0.48
avgoiPCROld=  3.43
SUPP_RES = 78500
FUT LTP = 78375.0
CEchoi  PechOi = 337700.0    46780.0
====================================
totalOIPCR = 1.11
AVG_VOLPCR= 0.27
atmPCR= 0.23  belowATM  0.49
atmVolPCR= 0.12  belowATM  0.24
True   78375.0   78500   False   False   74.14
curr Doji False
BSE:SENSEX2682078300PE  curr candle vol pcr = 0.21  PE= 27580  CE= 130140      cpr =  4.72
BSE:SENSEX2682078300PE  prev candle vol pcr = 0.27  PE= 21440  CE= 79740      cpr =  3.72
VOL_PRESSURE_ALERT: STRONG_CALL_PRESSURE | currCPR= 4.72  prevCPR= 3.72  Direction=BEARISH_SIGNAL (heavy CE buying = expecting down move)
ATM_CE_premium= 358.75  ATM_PE_premium= 443.05
CE_PremChg= 25.35  PE_PremChg= -13.95
CandleBody= 65.0  PrevBody= -2.8  CandleRange= 65.0  Bullish
TotalVol= 157720  PrevTotalVol= 101180  VolSpike= 1.56 x 
SCALP_SCORE: BEAR | BullScore= 2  BearScore= 3 | Confidence= MEDIUM
  SCALP_BEAR_REASONS: VolCPR_2candle_bear + PremMomentum_bear(PE-13.95,CE+25.35)
DATAPOINT|14:03|FUT=78375.0|Body=65.0|PrevBody=-2.8|Range=65.0|RangeRatio=0.98|CurrVolPCR=0.21|PrevVolPCR=0.27|CurrCPR=4.72|PrevCPR=3.72|VolSpike=1.56|CE_PremChg=25.35|PE_PremChg=-13.95|BullScore=2|BearScore=3|Dir=BEAR|Conf=MEDIUM
CHART_PATTERN_DETECTED: MORNING_STAR | STRONG_MOMENTUM_BULL
  PATTERN_CONTEXT: Body= 65.0  Range= 65.0  ExpectedRange= 66.4  RangeRatio= 0.98  O= 78310.0  H= 78375.0  L= 78310.0  C= 78375.0
BSE:SENSEX-INDEX  strikecount= 3   fyers <fyers_apiv3.fyersModel.FyersModel object at 0x75fb8594b890>
======================================
oipcr1 =  BSE:SENSEX2682078300PE   0.49
oipcr2 =  BSE:SENSEX2682078200CE   0.71
oipcr3 =  BSE:SENSEX2682078100CE   0.84
oipcrBull = NoEntry  bulcount= 0  bearcount= 3 oipcrBear= BearTrade
atmpcr5 pcr6= 1.06    1.9
No Entry Yet
India VIX = 11.36  Spot Price = 78026.01
IV Regime = LOW (ADAPTIVE: P25= 11.86  P50= 12.16  P75= 12.9 ) | DailyRange = 1266.3 | 3minCandleRange = 66.6 (theoretical= 111.1 ) | ATMoptionMove = 30.0 | SL = 105 | Target = 105 | TrailTrigger = 30 | Spread = 300 | Buffer = 27
IV Params refreshed: {'vix': 11.36, 'bn_price': 78026.01, 'regime': 'LOW', 'regime_thresholds': 'P25=11.86 P50=12.16 P75=12.9', 'daily_range': 1266.3, 'candle_range': 66.6, 'atm_option_move': 30.0, 'sl_point': 105, 'target_point': 105, 'sl_pct_of_premium': 0.1, 'trail_trigger': 30, 'spread_width': 300, 'support_resistance_buffer': 27}
BSE:SENSEX-INDEX  strikecount= 8   fyers <fyers_apiv3.fyersModel.FyersModel object at 0x75fb8594b890>
===
====after 3 min ochain==== 2026-08-14 14:06:00.027499
                                    oipcr   choipcr   totalOI
pcr1 =  BSE:SENSEX2682078800CE   0.13   0.06 CALL added 100180   PUT added 5680  OI= 182280
pcr2 =  BSE:SENSEX2682078700PE   0.16   0.04 CALL added 89540   PUT added 3560  OI= 21640
pcr3 =  BSE:SENSEX2682078600CE   0.39   0.26 CALL added 96680   PUT added 25580  OI= 151020
pcr4 =  BSE:SENSEX2682078500CE   0.34   0.15 CALL added 342820   PUT added 52700  OI= 588160
pcr5 =  BSE:SENSEX2682078400CE   0.26   0.24 CALL added 137580   PUT added 32920  OI= 208460
pcr6 =  BSE:SENSEX2682078300PE   0.5    0.59 CALL added 154820   PUT added 91920  OI= 119200
pcr7 =  BSE:SENSEX2682078200CE   0.73   0.83 CALL added 181140   PUT added 150400  OI= 313020
pcr8 =  BSE:SENSEX2682078100CE   0.89   1.03 CALL added 229420   PUT added 235980  OI= 333960
pcr9 =  BSE:SENSEX2682078000PE   1.14   1.4 CALL added 384200   PUT added 539220  OI= 1055420
pcr10 =  BSE:SENSEX2682077900PE   1.96   2.47 CALL added 191900   PUT added 473560  OI= 580840
pcr11 =  BSE:SENSEX2682077800PE   2.54   4.24 CALL added 149600   PUT added 634700  OI= 883260
pcr12 =  BSE:SENSEX2682077700CE   4.54   5.17 CALL added 109340   PUT added 565040  OI= 139960
pcr13 =  BSE:SENSEX2682077600PE   6.43   7.08 CALL added 45120   PUT added 319400  OI= 381040
pcr14 =  BSE:SENSEX2682077500PE   4.34   9.6 CALL added 34980   PUT added 335880  OI= 552400
pcr15 =  BSE:SENSEX2682077400PE   7.98   7.31 CALL added 23600   PUT added 172400  OI= 212320
pcr16 =  BSE:SENSEX2682077300CE   10.97   9.6 CALL added 13920   PUT added 133620  OI= 16040
pcr17 =  BSE:SENSEX2682077200PE   15.03   12.19 CALL added 7960   PUT added 97040  OI= 143360
pcrSummation= 4.54  result =  ['BSE:SENSEX2682078800CE', 'BSE:SENSEX2682078700PE', 'BSE:SENSEX2682078600CE', 'BSE:SENSEX2682078500CE', 'BSE:SENSEX2682078400CE', 'BSE:SENSEX2682078300PE', 'BSE:SENSEX2682078200CE', 'BSE:SENSEX2682078100CE', 'BSE:SENSEX2682078000PE']
PCRSUM== 58.33
pcrSummation== 4.54
VOLPCRSUM== 2.42
spotLTP =  78023.39  ATM_STRIKE =  78000
IS_ATM_STRIKE_SHIFT = False  mapStrike = {78000: 78000}
avgOiPcrList2 = [np.float64(3.33), np.float64(3.43), np.float64(3.43)] atmStrikeNotShiftedCount= 7
False   7   3
SUPP_RES=== 78500  Buffer= 27
CEoich val =  342820.0  PEoich val =  52700.0 , CE > PE by 84.6%
SUPP_RES TOTAL OI: CE= 588160  PE= 198400 , CE > PE by 66.3%
IS_MORNING_WINDOW= False  (active 9:15-9:48 IST)
================================================
==== signal check time ==== 2026-08-14 14:06:00.636566
IS_CHOI_DIFF_GT_25PERC== True
RSI_VAL1== 69.44
RSI_VAL2== 69.44
FUT_3m_OHLC O= 78350.2  H= 78374.8  L= 78308.8  C= 78350.0  Range= 65.9
CHART_PATTERN: None
neither = [np.float64(3.43)]
newSynthFut =  78400
ATMStrike =  78000
AVG_OIPCR= 0.5
avgoiPCROld=  3.43
SUPP_RES = 78500
FUT LTP = 78350.0
CEchoi  PechOi = 342820.0    52700.0
====================================
totalOIPCR = 1.12
AVG_VOLPCR= 0.27
atmPCR= 0.26  belowATM  0.5
atmVolPCR= 0.12  belowATM  0.24
True   78350.0   78500   False   False   69.44
curr Doji True
BSE:SENSEX2682078300PE  curr candle vol pcr = 0.28  PE= 23360  CE= 83140      cpr =  3.56
BSE:SENSEX2682078300PE  prev candle vol pcr = 0.21  PE= 27580  CE= 130140      cpr =  4.72
VOL_PRESSURE_ALERT: STRONG_CALL_PRESSURE | currCPR= 3.56  prevCPR= 4.72  Direction=BEARISH_SIGNAL (heavy CE buying = expecting down move)
ATM_CE_premium= 337.95  ATM_PE_premium= 453.6
CE_PremChg= -20.8  PE_PremChg= 10.55
CandleBody= -0.2  PrevBody= 65.0  CandleRange= 65.9  Bearish
TotalVol= 106500  PrevTotalVol= 157720  VolSpike= 0.68 x 
SCALP_SCORE: BEAR | BullScore= 1  BearScore= 2 | Confidence= LOW
DATAPOINT|14:06|FUT=78350.0|Body=-0.2|PrevBody=65.0|Range=65.9|RangeRatio=0.99|CurrVolPCR=0.28|PrevVolPCR=0.21|CurrCPR=3.56|PrevCPR=4.72|VolSpike=0.68|CE_PremChg=-20.8|PE_PremChg=10.55|BullScore=1|BearScore=2|Dir=BEAR|Conf=LOW
CHART_PATTERN: None
BSE:SENSEX-INDEX  strikecount= 3   fyers <fyers_apiv3.fyersModel.FyersModel object at 0x75fb8594b890>
======================================
oipcr1 =  BSE:SENSEX2682078300PE   0.5
oipcr2 =  BSE:SENSEX2682078200CE   0.73
oipcr3 =  BSE:SENSEX2682078100CE   0.89
oipcrBull = NoEntry  bulcount= 0  bearcount= 3 oipcrBear= BearTrade
atmpcr5 pcr6= 1.14    1.96
No Entry Yet
India VIX = 11.34  Spot Price = 78013.49
IV Regime = LOW (ADAPTIVE: P25= 11.86  P50= 12.16  P75= 12.9 ) | DailyRange = 1263.8 | 3minCandleRange = 66.5 (theoretical= 110.8 ) | ATMoptionMove = 29.9 | SL = 105 | Target = 105 | TrailTrigger = 30 | Spread = 300 | Buffer = 27
IV Params refreshed: {'vix': 11.34, 'bn_price': 78013.49, 'regime': 'LOW', 'regime_thresholds': 'P25=11.86 P50=12.16 P75=12.9', 'daily_range': 1263.8, 'candle_range': 66.5, 'atm_option_move': 29.9, 'sl_point': 105, 'target_point': 105, 'sl_pct_of_premium': 0.1, 'trail_trigger': 30, 'spread_width': 300, 'support_resistance_buffer': 27}
BSE:SENSEX-INDEX  strikecount= 8   fyers <fyers_apiv3.fyersModel.FyersModel object at 0x75fb8594b890>
===
====after 3 min ochain==== 2026-08-14 14:09:00.005552
                                    oipcr   choipcr   totalOI
pcr1 =  BSE:SENSEX2682078800CE   0.13   0.06 CALL added 102440   PUT added 5760  OI= 184540
pcr2 =  BSE:SENSEX2682078700PE   0.17   0.05 CALL added 86460   PUT added 4160  OI= 22240
pcr3 =  BSE:SENSEX2682078600CE   0.4   0.27 CALL added 95340   PUT added 25840  OI= 149680
pcr4 =  BSE:SENSEX2682078500CE   0.34   0.16 CALL added 340740   PUT added 54540  OI= 586080
pcr5 =  BSE:SENSEX2682078400CE   0.24   0.22 CALL added 145120   PUT added 32280  OI= 216000
pcr6 =  BSE:SENSEX2682078300PE   0.48    0.57 CALL added 158000   PUT added 90360  OI= 117640
pcr7 =  BSE:SENSEX2682078200CE   0.7   0.77 CALL added 201300   PUT added 155020  OI= 333180
pcr8 =  BSE:SENSEX2682078100CE   0.91   1.05 CALL added 239940   PUT added 250780  OI= 344480
pcr9 =  BSE:SENSEX2682078000PE   1.16   1.44 CALL added 390440   PUT added 560600  OI= 1076800
pcr10 =  BSE:SENSEX2682077900PE   2.04   2.62 CALL added 183500   PUT added 480440  OI= 587720
pcr11 =  BSE:SENSEX2682077800PE   2.59   4.4 CALL added 144460   PUT added 636220  OI= 884780
pcr12 =  BSE:SENSEX2682077700CE   4.66   5.35 CALL added 105620   PUT added 565160  OI= 136240
pcr13 =  BSE:SENSEX2682077600PE   6.59   7.3 CALL added 44420   PUT added 324200  OI= 385840
pcr14 =  BSE:SENSEX2682077500PE   4.42   9.89 CALL added 35000   PUT added 346320  OI= 562840
pcr15 =  BSE:SENSEX2682077400PE   8.33   7.68 CALL added 22940   PUT added 176200  OI= 216120
pcr16 =  BSE:SENSEX2682077300CE   10.75   9.38 CALL added 14180   PUT added 132960  OI= 16300
pcr17 =  BSE:SENSEX2682077200PE   15.03   12.23 CALL added 8080   PUT added 98840  OI= 145160
pcrSummation= 6.44  result =  ['BSE:SENSEX2682078700PE', 'BSE:SENSEX2682078600CE', 'BSE:SENSEX2682078500CE', 'BSE:SENSEX2682078400CE', 'BSE:SENSEX2682078300PE', 'BSE:SENSEX2682078200CE', 'BSE:SENSEX2682078100CE', 'BSE:SENSEX2682078000PE', 'BSE:SENSEX2682077900PE']
PCRSUM== 58.94
pcrSummation== 6.44
VOLPCRSUM== 2.44
spotLTP =  78013.49  ATM_STRIKE =  78000
IS_ATM_STRIKE_SHIFT = False  mapStrike = {78000: 78000}
avgOiPcrList2 = [np.float64(3.43), np.float64(3.47)] atmStrikeNotShiftedCount= 8
False   8   2
SUPP_RES=== 78500  Buffer= 27
CEoich val =  340740.0  PEoich val =  54540.0 , CE > PE by 84.0%
SUPP_RES TOTAL OI: CE= 586080  PE= 200240 , CE > PE by 65.8%
IS_MORNING_WINDOW= False  (active 9:15-9:48 IST)
================================================
==== signal check time ==== 2026-08-14 14:09:00.634470
IS_CHOI_DIFF_GT_25PERC== True
RSI_VAL1== 61.16
RSI_VAL2== 61.16
FUT_3m_OHLC O= 78279.6  H= 78300.5  L= 78279.6  C= 78300.5  Range= 20.9
CHART_PATTERN: None
newSynthFut =  78300
ATMStrike =  78000
AVG_OIPCR= 0.72
avgoiPCROld=  3.47
SUPP_RES = 78500
FUT LTP = 78300.5
CEchoi  PechOi = 340740.0    54540.0
====================================
totalOIPCR = 1.12
AVG_VOLPCR= 0.27
atmPCR= 0.24  belowATM  0.48
atmVolPCR= 0.13  belowATM  0.25
True   78300.5   78500   False   False   61.16
curr Doji False
BSE:SENSEX2682078200PE  curr candle vol pcr = 0.4  PE= 43040  CE= 107600      cpr =  2.5
BSE:SENSEX2682078300PE  prev candle vol pcr = 0.28  PE= 23360  CE= 83140      cpr =  3.56
VOL_PRESSURE_ALERT: STRONG_CALL_PRESSURE | currCPR= 2.5  prevCPR= 3.56  Direction=BEARISH_SIGNAL (heavy CE buying = expecting down move)
ATM_CE_premium= 383.05  ATM_PE_premium= 406.95
CE_PremChg= -4.1  PE_PremChg= 4.85
CandleBody= 20.9  PrevBody= -0.2  CandleRange= 20.9  Bullish
TotalVol= 150640  PrevTotalVol= 106500  VolSpike= 1.41 x 
SCALP_SCORE: BEAR | BullScore= 1  BearScore= 2 | Confidence= LOW
DATAPOINT|14:09|FUT=78300.5|Body=20.9|PrevBody=-0.2|Range=20.9|RangeRatio=0.31|CurrVolPCR=0.4|PrevVolPCR=0.28|CurrCPR=2.5|PrevCPR=3.56|VolSpike=1.41|CE_PremChg=-4.1|PE_PremChg=4.85|BullScore=1|BearScore=2|Dir=BEAR|Conf=LOW
CHART_PATTERN: None
BSE:SENSEX-INDEX  strikecount= 3   fyers <fyers_apiv3.fyersModel.FyersModel object at 0x75fb8594b890>
======================================
oipcr1 =  BSE:SENSEX2682078300PE   0.48
oipcr2 =  BSE:SENSEX2682078200CE   0.7
oipcr3 =  BSE:SENSEX2682078100CE   0.91
oipcrBull = NoEntry  bulcount= 0  bearcount= 3 oipcrBear= BearTrade
atmpcr5 pcr6= 1.16    2.04
No Entry Yet
India VIX = 11.33  Spot Price = 77993.18
IV Regime = LOW (ADAPTIVE: P25= 11.86  P50= 12.16  P75= 12.9 ) | DailyRange = 1262.4 | 3minCandleRange = 66.4 (theoretical= 110.7 ) | ATMoptionMove = 29.9 | SL = 105 | Target = 105 | TrailTrigger = 30 | Spread = 300 | Buffer = 27
IV Params refreshed: {'vix': 11.33, 'bn_price': 77993.18, 'regime': 'LOW', 'regime_thresholds': 'P25=11.86 P50=12.16 P75=12.9', 'daily_range': 1262.4, 'candle_range': 66.4, 'atm_option_move': 29.9, 'sl_point': 105, 'target_point': 105, 'sl_pct_of_premium': 0.1, 'trail_trigger': 30, 'spread_width': 300, 'support_resistance_buffer': 27}
BSE:SENSEX-INDEX  strikecount= 8   fyers <fyers_apiv3.fyersModel.FyersModel object at 0x75fb8594b890>
===
====after 3 min ochain==== 2026-08-14 14:12:00.039398
                                    oipcr   choipcr   totalOI
pcr1 =  BSE:SENSEX2682078800CE   0.13   0.06 CALL added 98720   PUT added 6140  OI= 180820
pcr2 =  BSE:SENSEX2682078700PE   0.16   0.04 CALL added 89820   PUT added 3840  OI= 21920
pcr3 =  BSE:SENSEX2682078600CE   0.4   0.27 CALL added 96480   PUT added 26260  OI= 150820
pcr4 =  BSE:SENSEX2682078500CE   0.34   0.16 CALL added 338700   PUT added 54140  OI= 584040
pcr5 =  BSE:SENSEX2682078400CE   0.24   0.21 CALL added 150320   PUT added 32200  OI= 221200
pcr6 =  BSE:SENSEX2682078300PE   0.47    0.55 CALL added 166340   PUT added 90980  OI= 118260
pcr7 =  BSE:SENSEX2682078200CE   0.7   0.77 CALL added 203820   PUT added 156720  OI= 335700
pcr8 =  BSE:SENSEX2682078100CE   0.89   1.02 CALL added 247900   PUT added 252340  OI= 352440
pcr9 =  BSE:SENSEX2682078000PE   1.15   1.41 CALL added 401620   PUT added 564760  OI= 1080960
pcr10 =  BSE:SENSEX2682077900PE   2.04   2.63 CALL added 182720   PUT added 480940  OI= 588220
pcr11 =  BSE:SENSEX2682077800PE   2.62   4.49 CALL added 143200   PUT added 643160  OI= 891720
pcr12 =  BSE:SENSEX2682077700CE   4.64   5.32 CALL added 106020   PUT added 563640  OI= 136640
pcr13 =  BSE:SENSEX2682077600PE   6.62   7.34 CALL added 44680   PUT added 327960  OI= 389600
pcr14 =  BSE:SENSEX2682077500PE   4.49   10.18 CALL added 34800   PUT added 354220  OI= 570740
pcr15 =  BSE:SENSEX2682077400PE   8.34   7.69 CALL added 22940   PUT added 176360  OI= 216280
pcr16 =  BSE:SENSEX2682077300CE   10.92   9.57 CALL added 14140   PUT added 135300  OI= 16260
pcr17 =  BSE:SENSEX2682077200PE   15.1   12.31 CALL added 8080   PUT added 99500  OI= 145820
pcrSummation= 6.39  result =  ['BSE:SENSEX2682078700PE', 'BSE:SENSEX2682078600CE', 'BSE:SENSEX2682078500CE', 'BSE:SENSEX2682078400CE', 'BSE:SENSEX2682078300PE', 'BSE:SENSEX2682078200CE', 'BSE:SENSEX2682078100CE', 'BSE:SENSEX2682078000PE', 'BSE:SENSEX2682077900PE']
PCRSUM== 59.25
pcrSummation== 6.39
VOLPCRSUM== 2.44
spotLTP =  77993.18  ATM_STRIKE =  78000
IS_ATM_STRIKE_SHIFT = False  mapStrike = {78000: 78000}
avgOiPcrList2 = [np.float64(3.43), np.float64(3.47), np.float64(3.49)] atmStrikeNotShiftedCount= 9
False   9   3
SUPP_RES=== 78500  Buffer= 27
CEoich val =  338700.0  PEoich val =  54140.0 , CE > PE by 84.0%
SUPP_RES TOTAL OI: CE= 584040  PE= 199840 , CE > PE by 65.8%
IS_MORNING_WINDOW= False  (active 9:15-9:48 IST)
================================================
==== signal check time ==== 2026-08-14 14:12:00.688175
IS_CHOI_DIFF_GT_25PERC== True
RSI_VAL1== 59.12
RSI_VAL2== 59.12
FUT_3m_OHLC O= 78338.0  H= 78338.0  L= 78287.2  C= 78287.2  Range= 50.9
CHART_PATTERN_DETECTED: DOUBLE_BOTTOM_FORMING | STRONG_MOMENTUM_BEAR
  PATTERN_CONTEXT: Body= -50.9  Range= 50.9  ExpectedRange= 66.4  RangeRatio= 0.77  O= 78338.0  H= 78338.0  L= 78287.2  C= 78287.2
isPcrInc = True
newSynthFut =  78300
ATMStrike =  78000
AVG_OIPCR= 0.71
avgoiPCROld=  3.49
SUPP_RES = 78500
FUT LTP = 78287.2
CEchoi  PechOi = 338700.0    54140.0
====================================
totalOIPCR = 1.12
AVG_VOLPCR= 0.27
atmPCR= 0.24  belowATM  0.47
atmVolPCR= 0.13  belowATM  0.25
True   78287.2   78500   True   False   59.12
no trade yet = [np.float64(3.43), np.float64(3.47), np.float64(3.49)]
curr Doji False
BSE:SENSEX2682078300PE  curr candle vol pcr = 0.18  PE= 5740  CE= 31960      cpr =  5.57
BSE:SENSEX2682078200PE  prev candle vol pcr = 0.4  PE= 43040  CE= 107600      cpr =  2.5
VOL_PRESSURE_ALERT: STRONG_CALL_PRESSURE | currCPR= 5.57  prevCPR= 2.5  Direction=BEARISH_SIGNAL (heavy CE buying = expecting down move)
ATM_CE_premium= 328.9  ATM_PE_premium= 463.05
CE_PremChg= -8.8  PE_PremChg= 4.6
CandleBody= -50.9  PrevBody= 20.9  CandleRange= 50.9  Bearish
TotalVol= 37700  PrevTotalVol= 150640  VolSpike= 0.25 x 
SCALP_SCORE: BEAR | BullScore= 0  BearScore= 3 | Confidence= MEDIUM
  SCALP_BEAR_REASONS: VolCPR_2candle_bear + StrongBearCandle(100%)
DATAPOINT|14:12|FUT=78287.2|Body=-50.9|PrevBody=20.9|Range=50.9|RangeRatio=0.77|CurrVolPCR=0.18|PrevVolPCR=0.4|CurrCPR=5.57|PrevCPR=2.5|VolSpike=0.25|CE_PremChg=-8.8|PE_PremChg=4.6|BullScore=0|BearScore=3|Dir=BEAR|Conf=MEDIUM
CHART_PATTERN_DETECTED: DOUBLE_BOTTOM_FORMING | STRONG_MOMENTUM_BEAR
  PATTERN_CONTEXT: Body= -50.9  Range= 50.9  ExpectedRange= 66.4  RangeRatio= 0.77  O= 78338.0  H= 78338.0  L= 78287.2  C= 78287.2
BSE:SENSEX-INDEX  strikecount= 3   fyers <fyers_apiv3.fyersModel.FyersModel object at 0x75fb8594b890>
======================================
oipcr1 =  BSE:SENSEX2682078300PE   0.47
oipcr2 =  BSE:SENSEX2682078200CE   0.7
oipcr3 =  BSE:SENSEX2682078100CE   0.89
oipcrBull = NoEntry  bulcount= 0  bearcount= 3 oipcrBear= BearTrade
atmpcr5 pcr6= 1.15    2.04
No Entry Yet
India VIX = 11.31  Spot Price = 77990.14
IV Regime = LOW (ADAPTIVE: P25= 11.86  P50= 12.16  P75= 12.9 ) | DailyRange = 1260.1 | 3minCandleRange = 66.3 (theoretical= 110.5 ) | ATMoptionMove = 29.8 | SL = 104 | Target = 104 | TrailTrigger = 30 | Spread = 300 | Buffer = 27
IV Params refreshed: {'vix': 11.31, 'bn_price': 77990.14, 'regime': 'LOW', 'regime_thresholds': 'P25=11.86 P50=12.16 P75=12.9', 'daily_range': 1260.1, 'candle_range': 66.3, 'atm_option_move': 29.8, 'sl_point': 104, 'target_point': 104, 'sl_pct_of_premium': 0.1, 'trail_trigger': 30, 'spread_width': 300, 'support_resistance_buffer': 27}
BSE:SENSEX-INDEX  strikecount= 8   fyers <fyers_apiv3.fyersModel.FyersModel object at 0x75fb8594b890>
===
====after 3 min ochain==== 2026-08-14 14:15:00.001449
                                    oipcr   choipcr   totalOI
pcr1 =  BSE:SENSEX2682078800CE   0.13   0.07 CALL added 99520   PUT added 6540  OI= 181620
pcr2 =  BSE:SENSEX2682078700PE   0.17   0.05 CALL added 86440   PUT added 4000  OI= 22080
pcr3 =  BSE:SENSEX2682078600CE   0.41   0.29 CALL added 95260   PUT added 27320  OI= 149600
pcr4 =  BSE:SENSEX2682078500CE   0.34   0.16 CALL added 340920   PUT added 54400  OI= 586260
pcr5 =  BSE:SENSEX2682078400CE   0.23   0.2 CALL added 147820   PUT added 29540  OI= 218700
pcr6 =  BSE:SENSEX2682078300PE   0.47    0.55 CALL added 164380   PUT added 89720  OI= 117000
pcr7 =  BSE:SENSEX2682078200CE   0.72   0.8 CALL added 207000   PUT added 165320  OI= 338880
pcr8 =  BSE:SENSEX2682078100CE   0.88   0.99 CALL added 257560   PUT added 256180  OI= 362100
pcr9 =  BSE:SENSEX2682078000PE   1.16   1.43 CALL added 401680   PUT added 575980  OI= 1092180
pcr10 =  BSE:SENSEX2682077900PE   2.05   2.65 CALL added 181360   PUT added 480320  OI= 587600
pcr11 =  BSE:SENSEX2682077800PE   2.6   4.47 CALL added 142840   PUT added 637920  OI= 886480
pcr12 =  BSE:SENSEX2682077700CE   4.62   5.29 CALL added 105920   PUT added 560720  OI= 136540
pcr13 =  BSE:SENSEX2682077600PE   6.65   7.38 CALL added 44440   PUT added 328080  OI= 389720
pcr14 =  BSE:SENSEX2682077500PE   4.46   9.99 CALL added 35460   PUT added 354240  OI= 570760
pcr15 =  BSE:SENSEX2682077400PE   8.42   7.78 CALL added 22940   PUT added 178440  OI= 218360
pcr16 =  BSE:SENSEX2682077300CE   11.18   9.88 CALL added 14300   PUT added 141260  OI= 16420
pcr17 =  BSE:SENSEX2682077200PE   15.35   12.67 CALL added 8240   PUT added 104380  OI= 150700
pcrSummation= 6.43  result =  ['BSE:SENSEX2682078700PE', 'BSE:SENSEX2682078600CE', 'BSE:SENSEX2682078500CE', 'BSE:SENSEX2682078400CE', 'BSE:SENSEX2682078300PE', 'BSE:SENSEX2682078200CE', 'BSE:SENSEX2682078100CE', 'BSE:SENSEX2682078000PE', 'BSE:SENSEX2682077900PE']
PCRSUM== 59.84
pcrSummation== 6.43
VOLPCRSUM== 2.48
spotLTP =  77990.14  ATM_STRIKE =  78000
IS_ATM_STRIKE_SHIFT = False  mapStrike = {78000: 78000}
avgOiPcrList2 = [np.float64(3.47), np.float64(3.49), np.float64(3.52)] atmStrikeNotShiftedCount= 10
False   10   3
SUPP_RES=== 78500  Buffer= 27
CEoich val =  340920.0  PEoich val =  54400.0 , CE > PE by 84.0%
SUPP_RES TOTAL OI: CE= 586260  PE= 200100 , CE > PE by 65.9%
IS_MORNING_WINDOW= False  (active 9:15-9:48 IST)
================================================
==== signal check time ==== 2026-08-14 14:15:00.665250
IS_CHOI_DIFF_GT_25PERC== True
RSI_VAL1== 59.12
RSI_VAL2== 59.12
FUT_3m_OHLC O= 78287.2  H= 78290.0  L= 78287.2  C= 78287.2  Range= 2.8
CHART_PATTERN_DETECTED: INSIDE_BAR | DOUBLE_BOTTOM_FORMING
  PATTERN_CONTEXT: Body= 0.0  Range= 2.8  ExpectedRange= 66.3  RangeRatio= 0.04  O= 78287.2  H= 78290.0  L= 78287.2  C= 78287.2
isPcrInc = True
newSynthFut =  78300
ATMStrike =  78000
AVG_OIPCR= 0.71
avgoiPCROld=  3.52
SUPP_RES = 78500
FUT LTP = 78287.2
CEchoi  PechOi = 340920.0    54400.0
====================================
totalOIPCR = 1.12
AVG_VOLPCR= 0.28
atmPCR= 0.23  belowATM  0.47
atmVolPCR= 0.13  belowATM  0.25
True   78287.2   78500   True   False   59.12
no trade yet = [np.float64(3.47), np.float64(3.49), np.float64(3.52)]
curr Doji False
BSE:SENSEX2682078200PE  curr candle vol pcr = 0.7  PE= 39140  CE= 56040      cpr =  1.43
BSE:SENSEX2682078300PE  prev candle vol pcr = 0.18  PE= 5740  CE= 31960      cpr =  5.57
VOL_PRESSURE_WATCH: SINGLE_CANDLE_CALL_PRESSURE | currCPR= 1.43  prevCPR= 5.57
ATM_CE_premium= 367.7  ATM_PE_premium= 414.45
CE_PremChg= -9.3  PE_PremChg= 4.55
CandleBody= 0.0  PrevBody= -50.9  CandleRange= 2.8  Doji
TotalVol= 95180  PrevTotalVol= 37700  VolSpike= 2.52 x  SPIKE!
SCALP_SCORE: NEUTRAL | BullScore= 0  BearScore= 0 | Confidence= LOW
DATAPOINT|14:15|FUT=78287.2|Body=0.0|PrevBody=-50.9|Range=2.8|RangeRatio=0.04|CurrVolPCR=0.7|PrevVolPCR=0.18|CurrCPR=1.43|PrevCPR=5.57|VolSpike=2.52|CE_PremChg=-9.3|PE_PremChg=4.55|BullScore=0|BearScore=0|Dir=NEUTRAL|Conf=LOW
CHART_PATTERN_DETECTED: INSIDE_BAR | DOUBLE_BOTTOM_FORMING
  PATTERN_CONTEXT: Body= 0.0  Range= 2.8  ExpectedRange= 66.3  RangeRatio= 0.04  O= 78287.2  H= 78290.0  L= 78287.2  C= 78287.2
BSE:SENSEX-INDEX  strikecount= 3   fyers <fyers_apiv3.fyersModel.FyersModel object at 0x75fb8594b890>
======================================
oipcr1 =  BSE:SENSEX2682078300PE   0.47
oipcr2 =  BSE:SENSEX2682078200CE   0.72
oipcr3 =  BSE:SENSEX2682078100CE   0.88
oipcrBull = NoEntry  bulcount= 0  bearcount= 3 oipcrBear= BearTrade
atmpcr5 pcr6= 1.16    2.05
No Entry Yet
India VIX = 11.31  Spot Price = 77995.25
IV Regime = LOW (ADAPTIVE: P25= 11.86  P50= 12.16  P75= 12.9 ) | DailyRange = 1260.2 | 3minCandleRange = 66.3 (theoretical= 110.5 ) | ATMoptionMove = 29.8 | SL = 104 | Target = 104 | TrailTrigger = 30 | Spread = 300 | Buffer = 27
IV Params refreshed: {'vix': 11.31, 'bn_price': 77995.25, 'regime': 'LOW', 'regime_thresholds': 'P25=11.86 P50=12.16 P75=12.9', 'daily_range': 1260.2, 'candle_range': 66.3, 'atm_option_move': 29.8, 'sl_point': 104, 'target_point': 104, 'sl_pct_of_premium': 0.1, 'trail_trigger': 30, 'spread_width': 300, 'support_resistance_buffer': 27}
BSE:SENSEX-INDEX  strikecount= 8   fyers <fyers_apiv3.fyersModel.FyersModel object at 0x75fb8594b890>
===
====after 3 min ochain==== 2026-08-14 14:18:00.002067
                                    oipcr   choipcr   totalOI
pcr1 =  BSE:SENSEX2682078800CE   0.13   0.07 CALL added 99360   PUT added 6500  OI= 181460
pcr2 =  BSE:SENSEX2682078700PE   0.17   0.05 CALL added 86260   PUT added 4540  OI= 22620
pcr3 =  BSE:SENSEX2682078600CE   0.39   0.27 CALL added 97360   PUT added 25820  OI= 151700
pcr4 =  BSE:SENSEX2682078500CE   0.34   0.16 CALL added 344480   PUT added 54120  OI= 589820
pcr5 =  BSE:SENSEX2682078400CE   0.22   0.19 CALL added 152960   PUT added 28420  OI= 223840
pcr6 =  BSE:SENSEX2682078300PE   0.47    0.54 CALL added 166440   PUT added 90660  OI= 117940
pcr7 =  BSE:SENSEX2682078200CE   0.73   0.81 CALL added 206360   PUT added 167680  OI= 338240
pcr8 =  BSE:SENSEX2682078100CE   0.89   1.02 CALL added 255120   PUT added 259660  OI= 359660
pcr9 =  BSE:SENSEX2682078000PE   1.17   1.45 CALL added 411820   PUT added 595420  OI= 1111620
pcr10 =  BSE:SENSEX2682077900PE   2.04   2.62 CALL added 182880   PUT added 479780  OI= 587060
pcr11 =  BSE:SENSEX2682077800PE   2.62   4.5 CALL added 143200   PUT added 644500  OI= 893060
pcr12 =  BSE:SENSEX2682077700CE   4.6   5.27 CALL added 105820   PUT added 557440  OI= 136440
pcr13 =  BSE:SENSEX2682077600PE   6.69   7.44 CALL added 44140   PUT added 328440  OI= 390080
pcr14 =  BSE:SENSEX2682077500PE   4.48   10.11 CALL added 35100   PUT added 354720  OI= 571240
pcr15 =  BSE:SENSEX2682077400PE   8.46   7.83 CALL added 22860   PUT added 178940  OI= 218860
pcr16 =  BSE:SENSEX2682077300CE   11.14   9.83 CALL added 14240   PUT added 139980  OI= 16360
pcr17 =  BSE:SENSEX2682077200PE   15.3   12.62 CALL added 8260   PUT added 104260  OI= 150580
pcrSummation= 6.420000000000001  result =  ['BSE:SENSEX2682078700PE', 'BSE:SENSEX2682078600CE', 'BSE:SENSEX2682078500CE', 'BSE:SENSEX2682078400CE', 'BSE:SENSEX2682078300PE', 'BSE:SENSEX2682078200CE', 'BSE:SENSEX2682078100CE', 'BSE:SENSEX2682078000PE', 'BSE:SENSEX2682077900PE']
PCRSUM== 59.84
pcrSummation== 6.42
VOLPCRSUM== 2.4899999999999998
spotLTP =  77995.25  ATM_STRIKE =  78000
IS_ATM_STRIKE_SHIFT = False  mapStrike = {78000: 78000}
avgOiPcrList2 = [np.float64(3.49), np.float64(3.52), np.float64(3.52)] atmStrikeNotShiftedCount= 11
False   11   3
SUPP_RES=== 78500  Buffer= 27
CEoich val =  344480.0  PEoich val =  54120.0 , CE > PE by 84.3%
SUPP_RES TOTAL OI: CE= 589820  PE= 199820 , CE > PE by 66.1%
IS_MORNING_WINDOW= False  (active 9:15-9:48 IST)
================================================
==== signal check time ==== 2026-08-14 14:18:00.648354
IS_CHOI_DIFF_GT_25PERC== True
RSI_VAL1== 60.36
RSI_VAL2== 60.36
FUT_3m_OHLC O= 78287.2  H= 78298.0  L= 78287.2  C= 78298.0  Range= 10.8
CHART_PATTERN_DETECTED: DOUBLE_BOTTOM_FORMING
  PATTERN_CONTEXT: Body= 10.8  Range= 10.8  ExpectedRange= 66.3  RangeRatio= 0.16  O= 78287.2  H= 78298.0  L= 78287.2  C= 78298.0
neither = [np.float64(3.52)]
newSynthFut =  78300
ATMStrike =  78000
AVG_OIPCR= 0.71
avgoiPCROld=  3.52
SUPP_RES = 78500
FUT LTP = 78297.95
CEchoi  PechOi = 344480.0    54120.0
====================================
totalOIPCR = 1.12
AVG_VOLPCR= 0.28
atmPCR= 0.22  belowATM  0.47
atmVolPCR= 0.13  belowATM  0.25
True   78297.95   78500   False   False   60.36
curr Doji False
BSE:SENSEX2682078200PE  curr candle vol pcr = 0.56  PE= 28900  CE= 51200      cpr =  1.77
BSE:SENSEX2682078200PE  prev candle vol pcr = 0.7  PE= 39140  CE= 56040      cpr =  1.43
ATM_CE_premium= 371.5  ATM_PE_premium= 409.0
CE_PremChg= 3.8  PE_PremChg= -5.45
CandleBody= 10.8  PrevBody= 0.0  CandleRange= 10.8  Bullish
TotalVol= 80100  PrevTotalVol= 95180  VolSpike= 0.84 x 
SCALP_SCORE: NEUTRAL | BullScore= 1  BearScore= 1 | Confidence= LOW
DATAPOINT|14:18|FUT=78298.0|Body=10.8|PrevBody=0.0|Range=10.8|RangeRatio=0.16|CurrVolPCR=0.56|PrevVolPCR=0.7|CurrCPR=1.77|PrevCPR=1.43|VolSpike=0.84|CE_PremChg=3.8|PE_PremChg=-5.45|BullScore=1|BearScore=1|Dir=NEUTRAL|Conf=LOW
CHART_PATTERN_DETECTED: DOUBLE_BOTTOM_FORMING
  PATTERN_CONTEXT: Body= 10.8  Range= 10.8  ExpectedRange= 66.3  RangeRatio= 0.16  O= 78287.2  H= 78298.0  L= 78287.2  C= 78298.0
BSE:SENSEX-INDEX  strikecount= 3   fyers <fyers_apiv3.fyersModel.FyersModel object at 0x75fb8594b890>
======================================
oipcr1 =  BSE:SENSEX2682078300PE   0.47
oipcr2 =  BSE:SENSEX2682078200CE   0.73
oipcr3 =  BSE:SENSEX2682078100CE   0.89
oipcrBull = NoEntry  bulcount= 0  bearcount= 3 oipcrBear= BearTrade
atmpcr5 pcr6= 1.17    2.04
No Entry Yet
India VIX = 11.32  Spot Price = 77970.49
IV Regime = LOW (ADAPTIVE: P25= 11.86  P50= 12.16  P75= 12.9 ) | DailyRange = 1260.9 | 3minCandleRange = 66.4 (theoretical= 110.6 ) | ATMoptionMove = 29.9 | SL = 105 | Target = 105 | TrailTrigger = 30 | Spread = 300 | Buffer = 27
IV Params refreshed: {'vix': 11.32, 'bn_price': 77970.49, 'regime': 'LOW', 'regime_thresholds': 'P25=11.86 P50=12.16 P75=12.9', 'daily_range': 1260.9, 'candle_range': 66.4, 'atm_option_move': 29.9, 'sl_point': 105, 'target_point': 105, 'sl_pct_of_premium': 0.1, 'trail_trigger': 30, 'spread_width': 300, 'support_resistance_buffer': 27}
BSE:SENSEX-INDEX  strikecount= 8   fyers <fyers_apiv3.fyersModel.FyersModel object at 0x75fb8594b890>
===
====after 3 min ochain==== 2026-08-14 14:21:00.003640
                                    oipcr   choipcr   totalOI
pcr1 =  BSE:SENSEX2682078800CE   0.13   0.06 CALL added 99260   PUT added 6260  OI= 181360
pcr2 =  BSE:SENSEX2682078700PE   0.17   0.05 CALL added 88860   PUT added 4340  OI= 22420
pcr3 =  BSE:SENSEX2682078600CE   0.38   0.25 CALL added 102800   PUT added 25880  OI= 157140
pcr4 =  BSE:SENSEX2682078500CE   0.35   0.17 CALL added 350540   PUT added 60120  OI= 595880
pcr5 =  BSE:SENSEX2682078400CE   0.22   0.19 CALL added 149820   PUT added 28620  OI= 220700
pcr6 =  BSE:SENSEX2682078300PE   0.46    0.53 CALL added 168320   PUT added 89680  OI= 116960
pcr7 =  BSE:SENSEX2682078200CE   0.71   0.78 CALL added 212600   PUT added 166620  OI= 344480
pcr8 =  BSE:SENSEX2682078100CE   0.86   0.97 CALL added 256340   PUT added 249060  OI= 360880
pcr9 =  BSE:SENSEX2682078000PE   1.13   1.35 CALL added 435700   PUT added 589360  OI= 1105560
pcr10 =  BSE:SENSEX2682077900PE   1.98   2.52 CALL added 188100   PUT added 473180  OI= 580460
pcr11 =  BSE:SENSEX2682077800PE   2.6   4.44 CALL added 144800   PUT added 642260  OI= 890820
pcr12 =  BSE:SENSEX2682077700CE   4.59   5.26 CALL added 105760   PUT added 556440  OI= 136380
pcr13 =  BSE:SENSEX2682077600PE   6.69   7.43 CALL added 44640   PUT added 331520  OI= 393160
pcr14 =  BSE:SENSEX2682077500PE   4.47   9.91 CALL added 36000   PUT added 356800  OI= 573320
pcr15 =  BSE:SENSEX2682077400PE   8.56   7.94 CALL added 22840   PUT added 181320  OI= 221240
pcr16 =  BSE:SENSEX2682077300CE   11.21   9.92 CALL added 14320   PUT added 142060  OI= 16440
pcr17 =  BSE:SENSEX2682077200PE   15.52   12.89 CALL added 8260   PUT added 106440  OI= 152760
pcrSummation= 6.26  result =  ['BSE:SENSEX2682078700PE', 'BSE:SENSEX2682078600CE', 'BSE:SENSEX2682078500CE', 'BSE:SENSEX2682078400CE', 'BSE:SENSEX2682078300PE', 'BSE:SENSEX2682078200CE', 'BSE:SENSEX2682078100CE', 'BSE:SENSEX2682078000PE', 'BSE:SENSEX2682077900PE']
PCRSUM== 60.03
pcrSummation== 6.26
VOLPCRSUM== 2.4899999999999998
spotLTP =  77970.49  ATM_STRIKE =  78000
IS_ATM_STRIKE_SHIFT = False  mapStrike = {78000: 78000}
avgOiPcrList2 = [np.float64(3.52), np.float64(3.53)] atmStrikeNotShiftedCount= 12
False   12   2
SUPP_RES=== 78500  Buffer= 27
CEoich val =  350540.0  PEoich val =  60120.0 , CE > PE by 82.8%
SUPP_RES TOTAL OI: CE= 595880  PE= 205820 , CE > PE by 65.5%
IS_MORNING_WINDOW= False  (active 9:15-9:48 IST)
================================================
==== signal check time ==== 2026-08-14 14:21:00.659327
IS_CHOI_DIFF_GT_25PERC== True
RSI_VAL1== 60.36
RSI_VAL2== 60.36
FUT_3m_OHLC O= 78298.0  H= 78298.0  L= 78298.0  C= 78298.0  Range= 0.0
CHART_PATTERN_DETECTED: INSIDE_BAR | DOUBLE_BOTTOM_FORMING
  PATTERN_CONTEXT: Body= 0.0  Range= 0.0  ExpectedRange= 66.4  RangeRatio= 0.0  O= 78298.0  H= 78298.0  L= 78298.0  C= 78298.0
newSynthFut =  78300
ATMStrike =  78000
AVG_OIPCR= 0.7
avgoiPCROld=  3.53
SUPP_RES = 78500
FUT LTP = 78297.95
CEchoi  PechOi = 350540.0    60120.0
====================================
totalOIPCR = 1.11
AVG_VOLPCR= 0.28
atmPCR= 0.22  belowATM  0.46
atmVolPCR= 0.13  belowATM  0.25
True   78297.95   78500   False   False   60.36
curr Doji False
BSE:SENSEX2682078200PE  curr candle vol pcr = 0.53  PE= 37780  CE= 71360      cpr =  1.89
BSE:SENSEX2682078200PE  prev candle vol pcr = 0.56  PE= 28900  CE= 51200      cpr =  1.77
ATM_CE_premium= 362.75  ATM_PE_premium= 418.25
CE_PremChg= -8.75  PE_PremChg= 9.25
CandleBody= 0.0  PrevBody= 10.8  CandleRange= 0.0  Doji
TotalVol= 109140  PrevTotalVol= 80100  VolSpike= 1.36 x 
SCALP_SCORE: BEAR | BullScore= 0  BearScore= 1 | Confidence= LOW
DATAPOINT|14:21|FUT=78298.0|Body=0.0|PrevBody=10.8|Range=0.0|RangeRatio=0.0|CurrVolPCR=0.53|PrevVolPCR=0.56|CurrCPR=1.89|PrevCPR=1.77|VolSpike=1.36|CE_PremChg=-8.75|PE_PremChg=9.25|BullScore=0|BearScore=1|Dir=BEAR|Conf=LOW
CHART_PATTERN_DETECTED: INSIDE_BAR | DOUBLE_BOTTOM_FORMING
  PATTERN_CONTEXT: Body= 0.0  Range= 0.0  ExpectedRange= 66.4  RangeRatio= 0.0  O= 78298.0  H= 78298.0  L= 78298.0  C= 78298.0
BSE:SENSEX-INDEX  strikecount= 3   fyers <fyers_apiv3.fyersModel.FyersModel object at 0x75fb8594b890>
======================================
oipcr1 =  BSE:SENSEX2682078300PE   0.46
oipcr2 =  BSE:SENSEX2682078200CE   0.71
oipcr3 =  BSE:SENSEX2682078100CE   0.86
oipcrBull = NoEntry  bulcount= 0  bearcount= 3 oipcrBear= BearTrade
atmpcr5 pcr6= 1.13    1.98
No Entry Yet
India VIX = 11.31  Spot Price = 77953.3
IV Regime = LOW (ADAPTIVE: P25= 11.86  P50= 12.16  P75= 12.9 ) | DailyRange = 1259.5 | 3minCandleRange = 66.3 (theoretical= 110.5 ) | ATMoptionMove = 29.8 | SL = 104 | Target = 104 | TrailTrigger = 30 | Spread = 300 | Buffer = 27
IV Params refreshed: {'vix': 11.31, 'bn_price': 77953.3, 'regime': 'LOW', 'regime_thresholds': 'P25=11.86 P50=12.16 P75=12.9', 'daily_range': 1259.5, 'candle_range': 66.3, 'atm_option_move': 29.8, 'sl_point': 104, 'target_point': 104, 'sl_pct_of_premium': 0.1, 'trail_trigger': 30, 'spread_width': 300, 'support_resistance_buffer': 27}
BSE:SENSEX-INDEX  strikecount= 8   fyers <fyers_apiv3.fyersModel.FyersModel object at 0x75fb8594b890>
===
====after 3 min ochain==== 2026-08-14 14:24:00.001360
                                    oipcr   choipcr   totalOI
pcr1 =  BSE:SENSEX2682078800CE   0.13   0.06 CALL added 99340   PUT added 6200  OI= 181440
pcr2 =  BSE:SENSEX2682078700PE   0.17   0.05 CALL added 85380   PUT added 4660  OI= 22740
pcr3 =  BSE:SENSEX2682078600CE   0.39   0.26 CALL added 98140   PUT added 26000  OI= 152480
pcr4 =  BSE:SENSEX2682078500CE   0.34   0.17 CALL added 350100   PUT added 59300  OI= 595440
pcr5 =  BSE:SENSEX2682078400CE   0.22   0.19 CALL added 148720   PUT added 28040  OI= 219600
pcr6 =  BSE:SENSEX2682078300PE   0.46    0.54 CALL added 165240   PUT added 88900  OI= 116180
pcr7 =  BSE:SENSEX2682078200CE   0.71   0.78 CALL added 206260   PUT added 161860  OI= 338140
pcr8 =  BSE:SENSEX2682078100CE   0.88   1.0 CALL added 246640   PUT added 247780  OI= 351180
pcr9 =  BSE:SENSEX2682078000PE   1.14   1.37 CALL added 440760   PUT added 602100  OI= 1118300
pcr10 =  BSE:SENSEX2682077900PE   2.04   2.6 CALL added 189700   PUT added 494040  OI= 601320
pcr11 =  BSE:SENSEX2682077800PE   2.63   4.58 CALL added 139540   PUT added 638900  OI= 887460
pcr12 =  BSE:SENSEX2682077700CE   4.56   5.21 CALL added 105800   PUT added 551660  OI= 136420
pcr13 =  BSE:SENSEX2682077600PE   6.65   7.37 CALL added 45220   PUT added 333260  OI= 394900
pcr14 =  BSE:SENSEX2682077500PE   4.49   9.9 CALL added 36640   PUT added 362840  OI= 579360
pcr15 =  BSE:SENSEX2682077400PE   8.71   8.1 CALL added 22580   PUT added 182940  OI= 222860
pcr16 =  BSE:SENSEX2682077300CE   11.19   9.89 CALL added 14240   PUT added 140880  OI= 16360
pcr17 =  BSE:SENSEX2682077200PE   15.71   13.11 CALL added 8240   PUT added 108000  OI= 154320
pcrSummation= 6.35  result =  ['BSE:SENSEX2682078700PE', 'BSE:SENSEX2682078600CE', 'BSE:SENSEX2682078500CE', 'BSE:SENSEX2682078400CE', 'BSE:SENSEX2682078300PE', 'BSE:SENSEX2682078200CE', 'BSE:SENSEX2682078100CE', 'BSE:SENSEX2682078000PE', 'BSE:SENSEX2682077900PE']
PCRSUM== 60.42
pcrSummation== 6.35
VOLPCRSUM== 2.5100000000000002
spotLTP =  77948.68  ATM_STRIKE =  77900
IS_ATM_STRIKE_SHIFT = True  mapStrike = {77900: 77900}
avgOiPcrList2 = [np.float64(3.55)] atmStrikeNotShiftedCount= 1
True   1   1
SUPP_RES=== 78500  Buffer= 27
CEoich val =  350100.0  PEoich val =  59300.0 , CE > PE by 83.1%
SUPP_RES TOTAL OI: CE= 595440  PE= 205000 , CE > PE by 65.6%
IS_MORNING_WINDOW= False  (active 9:15-9:48 IST)
================================================
==== signal check time ==== 2026-08-14 14:24:00.652363
IS_CHOI_DIFF_GT_25PERC== True
RSI_VAL1== 55.3
RSI_VAL2== 55.3
FUT_3m_OHLC O= 78298.0  H= 78298.0  L= 78262.3  C= 78270.0  Range= 35.6
CHART_PATTERN_DETECTED: DOUBLE_TOP_FORMING
  PATTERN_CONTEXT: Body= -27.9  Range= 35.6  ExpectedRange= 66.3  RangeRatio= 0.54  O= 78298.0  H= 78298.0  L= 78262.3  C= 78270.0
newSynthFut =  78300
ATMStrike =  77900
AVG_OIPCR= 0.71
avgoiPCROld=  3.55
SUPP_RES = 78500
FUT LTP = 78270.0
CEchoi  PechOi = 350100.0    59300.0
====================================
totalOIPCR = 1.12
AVG_VOLPCR= 0.28
atmPCR= 0.22  belowATM  0.46
atmVolPCR= 0.13  belowATM  0.25
True   78270.0   78500   False   False   55.3
curr Doji False
BSE:SENSEX2682078200PE  curr candle vol pcr = 0.65  PE= 42620  CE= 66060      cpr =  1.55
BSE:SENSEX2682078200PE  prev candle vol pcr = 0.53  PE= 37780  CE= 71360      cpr =  1.89
ATM_CE_premium= 361.7  ATM_PE_premium= 416.6
CE_PremChg= -1.05  PE_PremChg= -1.65
CandleBody= -27.9  PrevBody= 0.0  CandleRange= 35.6  Bearish
TotalVol= 108680  PrevTotalVol= 109140  VolSpike= 1.0 x 
SCALP_SCORE: BEAR | BullScore= 0  BearScore= 2 | Confidence= LOW
DATAPOINT|14:24|FUT=78270.0|Body=-27.9|PrevBody=0.0|Range=35.6|RangeRatio=0.54|CurrVolPCR=0.65|PrevVolPCR=0.53|CurrCPR=1.55|PrevCPR=1.89|VolSpike=1.0|CE_PremChg=-1.05|PE_PremChg=-1.65|BullScore=0|BearScore=2|Dir=BEAR|Conf=LOW
CHART_PATTERN_DETECTED: DOUBLE_TOP_FORMING
  PATTERN_CONTEXT: Body= -27.9  Range= 35.6  ExpectedRange= 66.3  RangeRatio= 0.54  O= 78298.0  H= 78298.0  L= 78262.3  C= 78270.0
BSE:SENSEX-INDEX  strikecount= 3   fyers <fyers_apiv3.fyersModel.FyersModel object at 0x75fb8594b890>
======================================
oipcr1 =  BSE:SENSEX2682078200CE   0.71
oipcr2 =  BSE:SENSEX2682078100CE   0.88
oipcr3 =  BSE:SENSEX2682078000PE   1.14
oipcrBull = NoEntry  bulcount= 1  bearcount= 2 oipcrBear= BearTrade
atmpcr5 pcr6= 2.04    2.63
No Entry Yet
India VIX = 11.31  Spot Price = 77959.06
IV Regime = LOW (ADAPTIVE: P25= 11.86  P50= 12.16  P75= 12.9 ) | DailyRange = 1259.6 | 3minCandleRange = 66.3 (theoretical= 110.5 ) | ATMoptionMove = 29.8 | SL = 104 | Target = 104 | TrailTrigger = 30 | Spread = 300 | Buffer = 27
IV Params refreshed: {'vix': 11.31, 'bn_price': 77959.06, 'regime': 'LOW', 'regime_thresholds': 'P25=11.86 P50=12.16 P75=12.9', 'daily_range': 1259.6, 'candle_range': 66.3, 'atm_option_move': 29.8, 'sl_point': 104, 'target_point': 104, 'sl_pct_of_premium': 0.1, 'trail_trigger': 30, 'spread_width': 300, 'support_resistance_buffer': 27}
BSE:SENSEX-INDEX  strikecount= 8   fyers <fyers_apiv3.fyersModel.FyersModel object at 0x75fb8594b890>
===
====after 3 min ochain==== 2026-08-14 14:27:00.016025
                                    oipcr   choipcr   totalOI
pcr1 =  BSE:SENSEX2682078800CE   0.12   0.05 CALL added 100080   PUT added 5100  OI= 182180
pcr2 =  BSE:SENSEX2682078700PE   0.17   0.05 CALL added 89740   PUT added 4180  OI= 22260
pcr3 =  BSE:SENSEX2682078600CE   0.38   0.25 CALL added 102380   PUT added 25620  OI= 156720
pcr4 =  BSE:SENSEX2682078500CE   0.33   0.16 CALL added 355780   PUT added 55500  OI= 601120
pcr5 =  BSE:SENSEX2682078400CE   0.22   0.19 CALL added 148600   PUT added 28020  OI= 219480
pcr6 =  BSE:SENSEX2682078300PE   0.46    0.53 CALL added 167360   PUT added 88740  OI= 116020
pcr7 =  BSE:SENSEX2682078200CE   0.71   0.79 CALL added 203560   PUT added 159960  OI= 335440
pcr8 =  BSE:SENSEX2682078100CE   0.87   1.0 CALL added 240840   PUT added 239820  OI= 345380
pcr9 =  BSE:SENSEX2682078000PE   1.12   1.31 CALL added 476760   PUT added 623900  OI= 1140100
pcr10 =  BSE:SENSEX2682077900PE   1.95   2.43 CALL added 204580   PUT added 496240  OI= 603520
pcr11 =  BSE:SENSEX2682077800PE   2.6   4.5 CALL added 139440   PUT added 627940  OI= 876500
pcr12 =  BSE:SENSEX2682077700CE   4.6   5.27 CALL added 105500   PUT added 556440  OI= 136120
pcr13 =  BSE:SENSEX2682077600PE   6.79   7.57 CALL added 44400   PUT added 336080  OI= 397720
pcr14 =  BSE:SENSEX2682077500PE   4.47   9.63 CALL added 38040   PUT added 366160  OI= 582680
pcr15 =  BSE:SENSEX2682077400PE   8.69   8.07 CALL added 22540   PUT added 181980  OI= 221900
pcr16 =  BSE:SENSEX2682077300CE   11.59   10.35 CALL added 14260   PUT added 147640  OI= 16380
pcr17 =  BSE:SENSEX2682077200PE   15.51   12.84 CALL added 8180   PUT added 105060  OI= 151380
pcrSummation= 6.21  result =  ['BSE:SENSEX2682078700PE', 'BSE:SENSEX2682078600CE', 'BSE:SENSEX2682078500CE', 'BSE:SENSEX2682078400CE', 'BSE:SENSEX2682078300PE', 'BSE:SENSEX2682078200CE', 'BSE:SENSEX2682078100CE', 'BSE:SENSEX2682078000PE', 'BSE:SENSEX2682077900PE']
PCRSUM== 60.58
pcrSummation== 6.21
VOLPCRSUM== 2.5100000000000002
spotLTP =  77959.06  ATM_STRIKE =  78000
IS_ATM_STRIKE_SHIFT = True  mapStrike = {78000: 78000}
avgOiPcrList2 = [np.float64(3.56)] atmStrikeNotShiftedCount= 1
True   1   1
SUPP_RES=== 78500  Buffer= 27
CEoich val =  355780.0  PEoich val =  55500.0 , CE > PE by 84.4%
SUPP_RES TOTAL OI: CE= 601120  PE= 201200 , CE > PE by 66.5%
IS_MORNING_WINDOW= False  (active 9:15-9:48 IST)
================================================
==== signal check time ==== 2026-08-14 14:27:00.629535
IS_CHOI_DIFF_GT_25PERC== True
RSI_VAL1== 55.69
RSI_VAL2== 55.69
FUT_3m_OHLC O= 78270.0  H= 78272.7  L= 78270.0  C= 78272.7  Range= 2.7
CHART_PATTERN_DETECTED: INSIDE_BAR | DOUBLE_TOP_FORMING | DOUBLE_BOTTOM_FORMING
  PATTERN_CONTEXT: Body= 2.7  Range= 2.7  ExpectedRange= 66.3  RangeRatio= 0.04  O= 78270.0  H= 78272.7  L= 78270.0  C= 78272.7
newSynthFut =  78300
ATMStrike =  78000
AVG_OIPCR= 0.69
avgoiPCROld=  3.56
SUPP_RES = 78500
FUT LTP = 78272.7
CEchoi  PechOi = 355780.0    55500.0
====================================
totalOIPCR = 1.12
AVG_VOLPCR= 0.28
atmPCR= 0.22  belowATM  0.46
atmVolPCR= 0.13  belowATM  0.25
True   78272.7   78500   False   False   55.69
curr Doji False
BSE:SENSEX2682078200PE  curr candle vol pcr = 0.46  PE= 21080  CE= 45460      cpr =  2.16
BSE:SENSEX2682078200PE  prev candle vol pcr = 0.65  PE= 42620  CE= 66060      cpr =  1.55
VOL_PRESSURE_WATCH: SINGLE_CANDLE_CALL_PRESSURE | currCPR= 2.16  prevCPR= 1.55
ATM_CE_premium= 359.6  ATM_PE_premium= 417.55
CE_PremChg= -2.1  PE_PremChg= 0.95
CandleBody= 2.7  PrevBody= -27.9  CandleRange= 2.7  Bullish
TotalVol= 66540  PrevTotalVol= 108680  VolSpike= 0.61 x 
SCALP_SCORE: NEUTRAL | BullScore= 1  BearScore= 1 | Confidence= LOW
DATAPOINT|14:27|FUT=78272.7|Body=2.7|PrevBody=-27.9|Range=2.7|RangeRatio=0.04|CurrVolPCR=0.46|PrevVolPCR=0.65|CurrCPR=2.16|PrevCPR=1.55|VolSpike=0.61|CE_PremChg=-2.1|PE_PremChg=0.95|BullScore=1|BearScore=1|Dir=NEUTRAL|Conf=LOW
CHART_PATTERN_DETECTED: INSIDE_BAR | DOUBLE_TOP_FORMING | DOUBLE_BOTTOM_FORMING
  PATTERN_CONTEXT: Body= 2.7  Range= 2.7  ExpectedRange= 66.3  RangeRatio= 0.04  O= 78270.0  H= 78272.7  L= 78270.0  C= 78272.7
BSE:SENSEX-INDEX  strikecount= 3   fyers <fyers_apiv3.fyersModel.FyersModel object at 0x75fb8594b890>
======================================
oipcr1 =  BSE:SENSEX2682078300PE   0.46
oipcr2 =  BSE:SENSEX2682078200CE   0.71
oipcr3 =  BSE:SENSEX2682078100CE   0.87
oipcrBull = NoEntry  bulcount= 0  bearcount= 3 oipcrBear= BearTrade
atmpcr5 pcr6= 1.12    1.95
No Entry Yet
India VIX = 11.3  Spot Price = 77941.68
IV Regime = LOW (ADAPTIVE: P25= 11.86  P50= 12.16  P75= 12.9 ) | DailyRange = 1258.2 | 3minCandleRange = 66.2 (theoretical= 110.4 ) | ATMoptionMove = 29.8 | SL = 104 | Target = 104 | TrailTrigger = 30 | Spread = 300 | Buffer = 26
IV Params refreshed: {'vix': 11.3, 'bn_price': 77941.68, 'regime': 'LOW', 'regime_thresholds': 'P25=11.86 P50=12.16 P75=12.9', 'daily_range': 1258.2, 'candle_range': 66.2, 'atm_option_move': 29.8, 'sl_point': 104, 'target_point': 104, 'sl_pct_of_premium': 0.1, 'trail_trigger': 30, 'spread_width': 300, 'support_resistance_buffer': 26}
BSE:SENSEX-INDEX  strikecount= 8   fyers <fyers_apiv3.fyersModel.FyersModel object at 0x75fb8594b890>
===
====after 3 min ochain==== 2026-08-14 14:30:00.010892
                                    oipcr   choipcr   totalOI
pcr1 =  BSE:SENSEX2682078700PE   0.16   0.05 CALL added 90200   PUT added 4120  OI= 22200
pcr2 =  BSE:SENSEX2682078600CE   0.37   0.23 CALL added 97140   PUT added 21900  OI= 151480
pcr3 =  BSE:SENSEX2682078500CE   0.33   0.15 CALL added 350400   PUT added 52180  OI= 595740
pcr4 =  BSE:SENSEX2682078400CE   0.23   0.19 CALL added 146320   PUT added 28500  OI= 217200
pcr5 =  BSE:SENSEX2682078300PE   0.45   0.52 CALL added 164200   PUT added 86180  OI= 113460
pcr6 =  BSE:SENSEX2682078200CE   0.7    0.77 CALL added 199940   PUT added 154540  OI= 331820
pcr7 =  BSE:SENSEX2682078100CE   0.91   1.06 CALL added 229040   PUT added 242080  OI= 333580
pcr8 =  BSE:SENSEX2682078000PE   1.17   1.42 CALL added 446700   PUT added 634920  OI= 1151120
pcr9 =  BSE:SENSEX2682077900PE   1.95   2.44 CALL added 202120   PUT added 492940  OI= 600220
pcr10 =  BSE:SENSEX2682077800PE   2.63   4.66 CALL added 133800   PUT added 623520  OI= 872080
pcr11 =  BSE:SENSEX2682077700CE   4.63   5.32 CALL added 103060   PUT added 548680  OI= 133680
pcr12 =  BSE:SENSEX2682077600PE   6.85   7.66 CALL added 43740   PUT added 334940  OI= 396580
pcr13 =  BSE:SENSEX2682077500PE   4.59   10.22 CALL added 36860   PUT added 376680  OI= 593200
pcr14 =  BSE:SENSEX2682077400PE   8.8   8.2 CALL added 22440   PUT added 183940  OI= 223860
pcr15 =  BSE:SENSEX2682077300CE   11.43   10.16 CALL added 14160   PUT added 143800  OI= 16280
pcr16 =  BSE:SENSEX2682077200PE   15.29   12.61 CALL added 8280   PUT added 104420  OI= 150740
pcr17 =  BSE:SENSEX2682077100CE   24.78   21.86 CALL added 4820   PUT added 105380  OI= 5360
pcrSummation= 6.2700000000000005  result =  ['BSE:SENSEX2682078700PE', 'BSE:SENSEX2682078600CE', 'BSE:SENSEX2682078500CE', 'BSE:SENSEX2682078400CE', 'BSE:SENSEX2682078300PE', 'BSE:SENSEX2682078200CE', 'BSE:SENSEX2682078100CE', 'BSE:SENSEX2682078000PE', 'BSE:SENSEX2682077900PE']
PCRSUM== 85.27
pcrSummation== 6.27
VOLPCRSUM== 3.6899999999999995
spotLTP =  77941.68  ATM_STRIKE =  77900
IS_ATM_STRIKE_SHIFT = True  mapStrike = {77900: 77900}
avgOiPcrList2 = [np.float64(5.02)] atmStrikeNotShiftedCount= 1
True   1   1
SUPP_RES=== 78500  Buffer= 26
CEoich val =  350400.0  PEoich val =  52180.0 , CE > PE by 85.1%
SUPP_RES TOTAL OI: CE= 595740  PE= 197880 , CE > PE by 66.8%
IS_MORNING_WINDOW= False  (active 9:15-9:48 IST)
================================================
==== signal check time ==== 2026-08-14 14:30:00.716585
IS_CHOI_DIFF_GT_25PERC== True
RSI_VAL1== 55.69
RSI_VAL2== 55.69
FUT_3m_OHLC O= 78272.7  H= 78272.7  L= 78272.7  C= 78272.7  Range= 0.0
CHART_PATTERN_DETECTED: INSIDE_BAR | DOUBLE_BOTTOM_FORMING
  PATTERN_CONTEXT: Body= 0.0  Range= 0.0  ExpectedRange= 66.2  RangeRatio= 0.0  O= 78272.7  H= 78272.7  L= 78272.7  C= 78272.7
newSynthFut =  78300
ATMStrike =  77900
AVG_OIPCR= 0.7
avgoiPCROld=  5.02
SUPP_RES = 78500
FUT LTP = 78272.7
CEchoi  PechOi = 350400.0    52180.0
====================================
totalOIPCR = 1.13
AVG_VOLPCR= 0.41
atmPCR= 0.45  belowATM  0.7
atmVolPCR= 0.25  belowATM  0.37
True   78272.7   78500   False   False   55.69
curr Doji False
BSE:SENSEX2682078200PE  curr candle vol pcr = 0.38  PE= 33180  CE= 86440      cpr =  2.61
BSE:SENSEX2682078200PE  prev candle vol pcr = 0.46  PE= 21080  CE= 45460      cpr =  2.16
VOL_PRESSURE_ALERT: STRONG_CALL_PRESSURE | currCPR= 2.61  prevCPR= 2.16  Direction=BEARISH_SIGNAL (heavy CE buying = expecting down move)
ATM_CE_premium= 356.75  ATM_PE_premium= 420.2
CE_PremChg= -2.85  PE_PremChg= 2.65
CandleBody= 0.0  PrevBody= 2.7  CandleRange= 0.0  Doji
TotalVol= 119620  PrevTotalVol= 66540  VolSpike= 1.8 x 
SCALP_SCORE: BEAR | BullScore= 0  BearScore= 2 | Confidence= LOW
DATAPOINT|14:30|FUT=78272.7|Body=0.0|PrevBody=2.7|Range=0.0|RangeRatio=0.0|CurrVolPCR=0.38|PrevVolPCR=0.46|CurrCPR=2.61|PrevCPR=2.16|VolSpike=1.8|CE_PremChg=-2.85|PE_PremChg=2.65|BullScore=0|BearScore=2|Dir=BEAR|Conf=LOW
CHART_PATTERN_DETECTED: INSIDE_BAR | DOUBLE_BOTTOM_FORMING
  PATTERN_CONTEXT: Body= 0.0  Range= 0.0  ExpectedRange= 66.2  RangeRatio= 0.0  O= 78272.7  H= 78272.7  L= 78272.7  C= 78272.7
BSE:SENSEX-INDEX  strikecount= 3   fyers <fyers_apiv3.fyersModel.FyersModel object at 0x75fb8594b890>
======================================
oipcr1 =  BSE:SENSEX2682078200CE   0.7
oipcr2 =  BSE:SENSEX2682078100CE   0.91
oipcr3 =  BSE:SENSEX2682078000PE   1.17
oipcrBull = NoEntry  bulcount= 1  bearcount= 2 oipcrBear= BearTrade
atmpcr5 pcr6= 1.95    2.63
No Entry Yet
India VIX = 11.32  Spot Price = 77939.17
IV Regime = LOW (ADAPTIVE: P25= 11.86  P50= 12.16  P75= 12.9 ) | DailyRange = 1260.4 | 3minCandleRange = 66.3 (theoretical= 110.5 ) | ATMoptionMove = 29.8 | SL = 104 | Target = 104 | TrailTrigger = 30 | Spread = 300 | Buffer = 27
IV Params refreshed: {'vix': 11.32, 'bn_price': 77939.17, 'regime': 'LOW', 'regime_thresholds': 'P25=11.86 P50=12.16 P75=12.9', 'daily_range': 1260.4, 'candle_range': 66.3, 'atm_option_move': 29.8, 'sl_point': 104, 'target_point': 104, 'sl_pct_of_premium': 0.1, 'trail_trigger': 30, 'spread_width': 300, 'support_resistance_buffer': 27}
BSE:SENSEX-INDEX  strikecount= 8   fyers <fyers_apiv3.fyersModel.FyersModel object at 0x75fb8594b890>
===
====after 3 min ochain==== 2026-08-14 14:33:00.029471
                                    oipcr   choipcr   totalOI
pcr1 =  BSE:SENSEX2682078700PE   0.17   0.05 CALL added 89640   PUT added 4160  OI= 22240
pcr2 =  BSE:SENSEX2682078600CE   0.33   0.18 CALL added 100660   PUT added 17840  OI= 155000
pcr3 =  BSE:SENSEX2682078500CE   0.32   0.14 CALL added 353400   PUT added 48520  OI= 598740
pcr4 =  BSE:SENSEX2682078400CE   0.23   0.2 CALL added 150660   PUT added 29480  OI= 221540
pcr5 =  BSE:SENSEX2682078300PE   0.45   0.52 CALL added 166800   PUT added 87540  OI= 114820
pcr6 =  BSE:SENSEX2682078200CE   0.7    0.76 CALL added 205620   PUT added 157080  OI= 337500
pcr7 =  BSE:SENSEX2682078100CE   0.92   1.06 CALL added 231000   PUT added 245580  OI= 335540
pcr8 =  BSE:SENSEX2682078000PE   1.14   1.34 CALL added 467160   PUT added 628020  OI= 1144220
pcr9 =  BSE:SENSEX2682077900PE   1.96   2.46 CALL added 198580   PUT added 488180  OI= 595460
pcr10 =  BSE:SENSEX2682077800PE   2.64   4.69 CALL added 132700   PUT added 621900  OI= 870460
pcr11 =  BSE:SENSEX2682077700CE   4.75   5.52 CALL added 99180   PUT added 547000  OI= 129800
pcr12 =  BSE:SENSEX2682077600PE   6.94   7.79 CALL added 42840   PUT added 333820  OI= 395460
pcr13 =  BSE:SENSEX2682077500PE   4.62   10.41 CALL added 36360   PUT added 378440  OI= 594960
pcr14 =  BSE:SENSEX2682077400PE   8.6   7.97 CALL added 22400   PUT added 178500  OI= 218420
pcr15 =  BSE:SENSEX2682077300CE   11.37   10.09 CALL added 14180   PUT added 143060  OI= 16300
pcr16 =  BSE:SENSEX2682077200PE   15.09   12.36 CALL added 8260   PUT added 102120  OI= 148440
pcr17 =  BSE:SENSEX2682077100CE   23.72   20.69 CALL added 4820   PUT added 99720  OI= 5360
pcrSummation= 6.22  result =  ['BSE:SENSEX2682078700PE', 'BSE:SENSEX2682078600CE', 'BSE:SENSEX2682078500CE', 'BSE:SENSEX2682078400CE', 'BSE:SENSEX2682078300PE', 'BSE:SENSEX2682078200CE', 'BSE:SENSEX2682078100CE', 'BSE:SENSEX2682078000PE', 'BSE:SENSEX2682077900PE']
PCRSUM== 83.95
pcrSummation== 6.22
VOLPCRSUM== 3.7
spotLTP =  77939.17  ATM_STRIKE =  77900
IS_ATM_STRIKE_SHIFT = False  mapStrike = {77900: 77900}
avgOiPcrList2 = [np.float64(5.02), np.float64(4.94)] atmStrikeNotShiftedCount= 2
False   2   2
SUPP_RES=== 78500  Buffer= 27
CEoich val =  353400.0  PEoich val =  48520.0 , CE > PE by 86.3%
SUPP_RES TOTAL OI: CE= 598740  PE= 194220 , CE > PE by 67.6%
IS_MORNING_WINDOW= False  (active 9:15-9:48 IST)
================================================
==== signal check time ==== 2026-08-14 14:33:00.922282
IS_CHOI_DIFF_GT_25PERC== True
RSI_VAL1== 54.24
RSI_VAL2== 54.24
FUT_3m_OHLC O= 78272.7  H= 78272.7  L= 78260.2  C= 78265.5  Range= 12.6
CHART_PATTERN_DETECTED: DOUBLE_BOTTOM_FORMING
  PATTERN_CONTEXT: Body= -7.2  Range= 12.6  ExpectedRange= 66.3  RangeRatio= 0.19  O= 78272.7  H= 78272.7  L= 78260.2  C= 78265.5
newSynthFut =  78300
ATMStrike =  77900
AVG_OIPCR= 0.69
avgoiPCROld=  4.94
SUPP_RES = 78500
FUT LTP = 78265.5
CEchoi  PechOi = 353400.0    48520.0
====================================
totalOIPCR = 1.12
AVG_VOLPCR= 0.41
atmPCR= 0.45  belowATM  0.7
atmVolPCR= 0.25  belowATM  0.38
True   78265.5   78500   False   False   54.24
curr Doji False
BSE:SENSEX2682078200PE  curr candle vol pcr = 0.65  PE= 28560  CE= 44140      cpr =  1.55
BSE:SENSEX2682078200PE  prev candle vol pcr = 0.38  PE= 33180  CE= 86440      cpr =  2.61
VOL_PRESSURE_WATCH: SINGLE_CANDLE_CALL_PRESSURE | currCPR= 1.55  prevCPR= 2.61
ATM_CE_premium= 362.5  ATM_PE_premium= 414.35
CE_PremChg= 5.75  PE_PremChg= -5.85
CandleBody= -7.2  PrevBody= 0.0  CandleRange= 12.6  Bearish
TotalVol= 72700  PrevTotalVol= 119620  VolSpike= 0.61 x 
SCALP_SCORE: BEAR | BullScore= 0  BearScore= 1 | Confidence= LOW
DATAPOINT|14:33|FUT=78265.5|Body=-7.2|PrevBody=0.0|Range=12.6|RangeRatio=0.19|CurrVolPCR=0.65|PrevVolPCR=0.38|CurrCPR=1.55|PrevCPR=2.61|VolSpike=0.61|CE_PremChg=5.75|PE_PremChg=-5.85|BullScore=0|BearScore=1|Dir=BEAR|Conf=LOW
CHART_PATTERN_DETECTED: DOUBLE_BOTTOM_FORMING
  PATTERN_CONTEXT: Body= -7.2  Range= 12.6  ExpectedRange= 66.3  RangeRatio= 0.19  O= 78272.7  H= 78272.7  L= 78260.2  C= 78265.5
BSE:SENSEX-INDEX  strikecount= 3   fyers <fyers_apiv3.fyersModel.FyersModel object at 0x75fb8594b890>
======================================
oipcr1 =  BSE:SENSEX2682078200CE   0.7
oipcr2 =  BSE:SENSEX2682078100CE   0.92
oipcr3 =  BSE:SENSEX2682078000PE   1.14
oipcrBull = NoEntry  bulcount= 1  bearcount= 2 oipcrBear= BearTrade
atmpcr5 pcr6= 1.96    2.64
No Entry Yet
India VIX = 11.32  Spot Price = 77941.26
IV Regime = LOW (ADAPTIVE: P25= 11.86  P50= 12.16  P75= 12.9 ) | DailyRange = 1260.4 | 3minCandleRange = 66.3 (theoretical= 110.5 ) | ATMoptionMove = 29.8 | SL = 104 | Target = 104 | TrailTrigger = 30 | Spread = 300 | Buffer = 27
IV Params refreshed: {'vix': 11.32, 'bn_price': 77941.26, 'regime': 'LOW', 'regime_thresholds': 'P25=11.86 P50=12.16 P75=12.9', 'daily_range': 1260.4, 'candle_range': 66.3, 'atm_option_move': 29.8, 'sl_point': 104, 'target_point': 104, 'sl_pct_of_premium': 0.1, 'trail_trigger': 30, 'spread_width': 300, 'support_resistance_buffer': 27}
BSE:SENSEX-INDEX  strikecount= 8   fyers <fyers_apiv3.fyersModel.FyersModel object at 0x75fb8594b890>
===
====after 3 min ochain==== 2026-08-14 14:36:00.014435
                                    oipcr   choipcr   totalOI
pcr1 =  BSE:SENSEX2682078700PE   0.16   0.05 CALL added 90880   PUT added 4120  OI= 22200
pcr2 =  BSE:SENSEX2682078600CE   0.33   0.17 CALL added 101000   PUT added 17500  OI= 155340
pcr3 =  BSE:SENSEX2682078500CE   0.32   0.13 CALL added 354460   PUT added 47820  OI= 599800
pcr4 =  BSE:SENSEX2682078400CE   0.23   0.21 CALL added 149380   PUT added 30900  OI= 220260
pcr5 =  BSE:SENSEX2682078300PE   0.45   0.53 CALL added 164740   PUT added 86520  OI= 113800
pcr6 =  BSE:SENSEX2682078200CE   0.68    0.74 CALL added 206920   PUT added 153040  OI= 338800
pcr7 =  BSE:SENSEX2682078100CE   0.9   1.04 CALL added 232640   PUT added 241820  OI= 337180
pcr8 =  BSE:SENSEX2682078000PE   1.11   1.29 CALL added 470160   PUT added 607500  OI= 1123700
pcr9 =  BSE:SENSEX2682077900PE   1.91   2.38 CALL added 201640   PUT added 479320  OI= 586600
pcr10 =  BSE:SENSEX2682077800PE   2.61   4.58 CALL added 135320   PUT added 620020  OI= 868580
pcr11 =  BSE:SENSEX2682077700CE   4.72   5.47 CALL added 99460   PUT added 544500  OI= 130080
pcr12 =  BSE:SENSEX2682077600PE   6.93   7.78 CALL added 42620   PUT added 331700  OI= 393340
pcr13 =  BSE:SENSEX2682077500PE   4.61   10.24 CALL added 37120   PUT added 380140  OI= 596660
pcr14 =  BSE:SENSEX2682077400PE   8.51   7.88 CALL added 22660   PUT added 178480  OI= 218400
pcr15 =  BSE:SENSEX2682077300CE   11.4   10.13 CALL added 14240   PUT added 144240  OI= 16360
pcr16 =  BSE:SENSEX2682077200PE   14.98   12.23 CALL added 8260   PUT added 101040  OI= 147360
pcr17 =  BSE:SENSEX2682077100CE   23.6   20.56 CALL added 4820   PUT added 99080  OI= 5360
pcrSummation= 6.09  result =  ['BSE:SENSEX2682078700PE', 'BSE:SENSEX2682078600CE', 'BSE:SENSEX2682078500CE', 'BSE:SENSEX2682078400CE', 'BSE:SENSEX2682078300PE', 'BSE:SENSEX2682078200CE', 'BSE:SENSEX2682078100CE', 'BSE:SENSEX2682078000PE', 'BSE:SENSEX2682077900PE']
PCRSUM== 83.45
pcrSummation== 6.09
VOLPCRSUM== 3.71
spotLTP =  77941.26  ATM_STRIKE =  77900
IS_ATM_STRIKE_SHIFT = False  mapStrike = {77900: 77900}
avgOiPcrList2 = [np.float64(5.02), np.float64(4.94), np.float64(4.91)] atmStrikeNotShiftedCount= 3
False   3   3
SUPP_RES=== 78500  Buffer= 27
CEoich val =  354460.0  PEoich val =  47820.0 , CE > PE by 86.5%
SUPP_RES TOTAL OI: CE= 599800  PE= 193520 , CE > PE by 67.7%
IS_MORNING_WINDOW= False  (active 9:15-9:48 IST)
================================================
==== signal check time ==== 2026-08-14 14:36:00.665732
IS_CHOI_DIFF_GT_25PERC== True
RSI_VAL1== 54.24
RSI_VAL2== 54.24
FUT_3m_OHLC O= 78265.5  H= 78265.5  L= 78265.5  C= 78265.5  Range= 0.0
CHART_PATTERN_DETECTED: INSIDE_BAR | DOUBLE_TOP_FORMING | DOUBLE_BOTTOM_FORMING
  PATTERN_CONTEXT: Body= 0.0  Range= 0.0  ExpectedRange= 66.3  RangeRatio= 0.0  O= 78265.5  H= 78265.5  L= 78265.5  C= 78265.5
isPcrDecr = True
newSynthFut =  78300
ATMStrike =  77900
AVG_OIPCR= 0.68
avgoiPCROld=  4.91
SUPP_RES = 78500
FUT LTP = 78265.5
CEchoi  PechOi = 354460.0    47820.0
====================================
totalOIPCR = 1.12
AVG_VOLPCR= 0.41
atmPCR= 0.45  belowATM  0.68
atmVolPCR= 0.25  belowATM  0.38
True   78265.5   78500   False   True   54.24
In Bear trade, slCount=  0  (mode= LOGIC2_TREND_CONVERGENCE )
SPREAD_CALC_AT_ENTRY: SyntheticATMStrike= 78200  ATM_PE= 417.05  ATM_CE= 357.75  AvgATM= 387.4
ATM_GREEKS: CE=BSE:SENSEX2682078200CE -> {'delta': 0.48, 'gamma': 0.0004, 'theta': -31.88, 'vega': 40.06, 'iv': 9.62}
ATM_GREEKS: PE=BSE:SENSEX2682078200PE -> {'delta': -0.52, 'gamma': 0.0004, 'theta': -31.88, 'vega': 40.06, 'iv': 9.62}
ATM_IV: ce_iv=9.62 pe_iv=9.62 avg_atm_iv=9.62 iv_skew(PE-CE)=0.0
==================================================
SPREAD_SELECTION (Sensex weekly): Type= CREDIT | DTE= 6 | PremRatio= 0.68 | IVRank= 0.02
SPREAD_REASONS: DTE=6(weekly) | PremRatio=0.68 | IVRank=0.02 | DECISION:CREDIT (default — theta favors seller for weekly)
==================================================
SPREAD_DECISION_AT_ENTRY: {'type': 'CREDIT', 'score': 1, 'dte': 6, 'premium_ratio': 0.68, 'iv_rank': 0.02, 'vix_30d_high': 13.9, 'vix_30d_low': 11.38, 'reasons': ['DTE=6(weekly)', 'PremRatio=0.68', 'IVRank=0.02', 'DECISION:CREDIT (default — theta favors seller for weekly)']}
ENTRY_ROUTING: spread_type= CREDIT  isBullish= False  isBearish= True
IV-Dynamic: SL= 104  Target= 104  Spread= 300
  Checking hedge BSE:SENSEX2682079000CE: premium=100.4 (max=178.875)
=atmCE= BSE:SENSEX2682078200CE
=otmCE== BSE:SENSEX2682079000CE  entryPrice= 357.75  maxHedgePremium= 178.875
hedge_entry_price = 100.4
CREDIT_NET_CREDIT= 257.35
OPT_RANGE_DEBUG: symbol=BSE:SENSEX2682078200CE | total_candles_after_skip1st=10 | ranges=[18.15, 14.9, 15.15, 16.9, 11.6, 12.4, 8.7, 14.95, 15.6, 10.7] | median_all=14.92
OPT_OHLC_ENTRY: symbol=BSE:SENSEX2682078200CE | candles=10 | open=[383.8, 381.05, 376.6, 366.1, 371.0, 361.75, 361.45, 360.05, 357.55, 362.75] | high=[389.45, 384.25, 379.6, 383.0, 372.25, 365.3, 366.7, 360.05, 365.6, 366.9] | low=[371.3, 369.35, 364.45, 366.1, 360.65, 352.9, 358.0, 345.1, 350.0, 356.2] | close=[383.05, 377.0, 367.7, 371.5, 362.75, 361.7, 359.6, 356.75, 362.5, 358.55] | median_range=14.92
OPT_RANGE_DEBUG: symbol=BSE:SENSEX2682079000CE | total_candles_after_skip1st=10 | ranges=[8.0, 7.05, 6.55, 6.9, 5.7, 5.55, 4.2, 5.8, 7.2, 4.1] | median_all=6.17
OPT_OHLC_ENTRY: symbol=BSE:SENSEX2682079000CE | candles=10 | open=[113.75, 112.85, 109.6, 105.05, 107.05, 103.35, 101.15, 100.9, 100.65, 102.75] | high=[115.95, 113.35, 110.85, 111.8, 107.75, 104.4, 103.8, 101.3, 103.6, 104.3] | low=[107.95, 106.3, 104.3, 104.9, 102.05, 98.85, 99.6, 95.5, 96.4, 100.2] | close=[114.4, 108.85, 105.5, 107.85, 103.1, 101.8, 100.75, 100.45, 102.4, 100.85] | median_range=6.17
DELTA_CHECK: main=BSE:SENSEX2682078200CE -> {'delta': 0.48, 'gamma': 0.0004, 'theta': -31.9, 'vega': 40.06, 'iv': 9.63}
DELTA_CHECK: hedge=BSE:SENSEX2682079000CE -> {'delta': 0.19, 'gamma': 0.0003, 'theta': -21.68, 'vega': 27.29, 'iv': 9.6}
DELTA_CHECK: delta_ratio (|hedge|/|main|) = 0.396
HEDGE_OFFSET: source=DELTA used_ratio=0.396 raw=0.396 | delta_ratio=0.396 range_ratio=0.414 premium_ratio=0.281 | (main_delta=0.48 hedge_delta=0.19 main_range=14.92 hedge_range=6.17) effective_sl=30 -> net_sl_points=18.12
RISK_SIZING: effective_sl_pre=30 main=357.75 hedge=100.4 main_range=14.92 hedge_range=6.17 FIXED_RISK=5000 -> qty=260 (13 lots)
CREDIT_ENTRY: qty= 260
MARGIN_CHECK: qty=260 (13 lots) margin_required=630990.79 avail=885663.03 usable(90%)=797096.73
14 : 36 : 2  =>  BUY   SENSEX2682079000CE   260   MARKET
14 : 36 : 2  =>  SENSEX2682079000CE {'code': 1101, 'message': 'Successfully placed order', 's': 'ok', 'id_fyers': '74598769-1378-4ec7-a480-064903d41314', 'id': '26081400250349'}
entryPrice== 357.75 Target = 254  BSE:SENSEX2682078200CE  SL = 462
14 : 36 : 2  =>  SELL   SENSEX2682078200CE   260   MARKET
14 : 36 : 2  =>  SENSEX2682078200CE {'code': 1101, 'message': 'Successfully placed order', 's': 'ok', 'id_fyers': 'c1cbc60d-4843-4eb6-b9b7-e5df43de1ff8', 'id': '26081400250352'}
Exit OID:  {'code': 1101, 'message': 'Successfully placed order', 's': 'ok', 'id_fyers': 'c1cbc60d-4843-4eb6-b9b7-e5df43de1ff8', 'id': '26081400250352'}   {'code': 1101, 'message': 'Successfully placed order', 's': 'ok', 'id_fyers': '74598769-1378-4ec7-a480-064903d41314', 'id': '26081400250349'}
ENTRY_SL_TGT: spread= CREDIT  SL= 388.25  Target= 306.25  EntryPrem= 358.25  AnchorSrc= CANDLE_CLOSE  TrailTrigger= 31  SL_Source= OPTION_RANGE(median=14.92,SLx2,Tgtx3.5)  (iv_pts= 104  effective_sl= 30 )
curr Doji False
BSE:SENSEX2682078200PE  curr candle vol pcr = 0.47  PE= 15540  CE= 32940      cpr =  2.12
BSE:SENSEX2682078200PE  prev candle vol pcr = 0.65  PE= 28560  CE= 44140      cpr =  1.55
VOL_PRESSURE_WATCH: SINGLE_CANDLE_CALL_PRESSURE | currCPR= 2.12  prevCPR= 1.55
ATM_CE_premium= 358.55  ATM_PE_premium= 417.25
CE_PremChg= -3.95  PE_PremChg= 2.9
CandleBody= 0.0  PrevBody= -7.2  CandleRange= 0.0  Doji
TotalVol= 48480  PrevTotalVol= 72700  VolSpike= 0.67 x 
SCALP_SCORE: BEAR | BullScore= 0  BearScore= 1 | Confidence= LOW
DATAPOINT|14:36|FUT=78265.5|Body=0.0|PrevBody=-7.2|Range=0.0|RangeRatio=0.0|CurrVolPCR=0.47|PrevVolPCR=0.65|CurrCPR=2.12|PrevCPR=1.55|VolSpike=0.67|CE_PremChg=-3.95|PE_PremChg=2.9|BullScore=0|BearScore=1|Dir=BEAR|Conf=LOW
CHART_PATTERN_DETECTED: INSIDE_BAR | DOUBLE_TOP_FORMING | DOUBLE_BOTTOM_FORMING
  PATTERN_CONTEXT: Body= 0.0  Range= 0.0  ExpectedRange= 66.3  RangeRatio= 0.0  O= 78265.5  H= 78265.5  L= 78265.5  C= 78265.5
BSE:SENSEX-INDEX  strikecount= 3   fyers <fyers_apiv3.fyersModel.FyersModel object at 0x75fb8594b890>
======================================
oipcr1 =  BSE:SENSEX2682078200CE   0.68
oipcr2 =  BSE:SENSEX2682078100CE   0.9
oipcr3 =  BSE:SENSEX2682078000PE   1.11
oipcrBull = NoEntry  bulcount= 1  bearcount= 2 oipcrBear= BearTrade
atmpcr5 pcr6= 1.91    2.61
No Entry Yet
In Trade ( CREDIT ). No Exit. ltp= 361.45  SL= 388.25  target= 306.25
In Trade ( CREDIT ). No Exit. ltp= 354.3  SL= 388.25  target= 306.25
In Trade ( CREDIT ). No Exit. ltp= 355.75  SL= 388.25  target= 306.25
In Trade ( CREDIT ). No Exit. ltp= 360.0  SL= 388.25  target= 306.25
In Trade ( CREDIT ). No Exit. ltp= 362.0  SL= 388.25  target= 306.25
In Trade ( CREDIT ). No Exit. ltp= 366.85  SL= 388.25  target= 306.25
In Trade ( CREDIT ). No Exit. ltp= 363.05  SL= 388.25  target= 306.25
In Trade ( CREDIT ). No Exit. ltp= 358.05  SL= 388.25  target= 306.25
In Trade ( CREDIT ). No Exit. ltp= 363.4  SL= 388.25  target= 306.25
In Trade ( CREDIT ). No Exit. ltp= 351.0  SL= 388.25  target= 306.25
In Trade ( CREDIT ). No Exit. ltp= 350.4  SL= 388.25  target= 306.25
In Trade ( CREDIT ). No Exit. ltp= 354.35  SL= 388.25  target= 306.25
In Trade ( CREDIT ). No Exit. ltp= 355.0  SL= 388.25  target= 306.25
In Trade ( CREDIT ). No Exit. ltp= 379.05  SL= 388.25  target= 306.25
LTP_SL_WATCH: ltp=388.7 SL=388.25 confirm=1/2
In Trade ( CREDIT ). No Exit. ltp= 383.6  SL= 388.25  target= 306.25
In Trade ( CREDIT ). No Exit. ltp= 379.85  SL= 388.25  target= 306.25
In Trade ( CREDIT ). No Exit. ltp= 385.55  SL= 388.25  target= 306.25
LTP_SL_WATCH: ltp=388.7 SL=388.25 confirm=1/2
In Trade ( CREDIT ). No Exit. ltp= 378.3  SL= 388.25  target= 306.25
In Trade ( CREDIT ). No Exit. ltp= 376.55  SL= 388.25  target= 306.25
In Trade ( CREDIT ). No Exit. ltp= 380.7  SL= 388.25  target= 306.25
In Trade ( CREDIT ). No Exit. ltp= 369.15  SL= 388.25  target= 306.25
In Trade ( CREDIT ). No Exit. ltp= 363.8  SL= 388.25  target= 306.25
In Trade ( CREDIT ). No Exit. ltp= 376.9  SL= 388.25  target= 306.25
In Trade ( CREDIT ). No Exit. ltp= 374.2  SL= 388.25  target= 306.25
In Trade ( CREDIT ). No Exit. ltp= 371.6  SL= 388.25  target= 306.25
In Trade ( CREDIT ). No Exit. ltp= 368.55  SL= 388.25  target= 306.25
In Trade ( CREDIT ). No Exit. ltp= 368.35  SL= 388.25  target= 306.25
In Trade ( CREDIT ). No Exit. ltp= 362.4  SL= 388.25  target= 306.25
In Trade ( CREDIT ). No Exit. ltp= 368.25  SL= 388.25  target= 306.25
In Trade ( CREDIT ). No Exit. ltp= 370.85  SL= 388.25  target= 306.25
In Trade ( CREDIT ). No Exit. ltp= 370.0  SL= 388.25  target= 306.25
In Trade ( CREDIT ). No Exit. ltp= 370.0  SL= 388.25  target= 306.25
In Trade ( CREDIT ). No Exit. ltp= 369.75  SL= 388.25  target= 306.25
In Trade ( CREDIT ). No Exit. ltp= 378.25  SL= 388.25  target= 306.25
In Trade ( CREDIT ). No Exit. ltp= 375.0  SL= 388.25  target= 306.25
In Trade ( CREDIT ). No Exit. ltp= 378.05  SL= 388.25  target= 306.25
In Trade ( CREDIT ). No Exit. ltp= 376.8  SL= 388.25  target= 306.25
In Trade ( CREDIT ). No Exit. ltp= 367.25  SL= 388.25  target= 306.25
In Trade ( CREDIT ). No Exit. ltp= 381.0  SL= 388.25  target= 306.25
In Trade ( CREDIT ). No Exit. ltp= 375.4  SL= 388.25  target= 306.25
In Trade ( CREDIT ). No Exit. ltp= 382.4  SL= 388.25  target= 306.25
In Trade ( CREDIT ). No Exit. ltp= 378.75  SL= 388.25  target= 306.25
In Trade ( CREDIT ). No Exit. ltp= 381.6  SL= 388.25  target= 306.25
EOD Exit
REALIZED_OFFSET: main 358.25->373.8 (moved 15.55) hedge 100.4->108.8 (moved 8.4) assumed_ratio=0.39583333333333337 realized_ratio=0.54
15 : 24 : 1  =>  BUY   SENSEX2682078200CE   260   MARKET
15 : 24 : 1  =>  SENSEX2682078200CE {'code': 1101, 'message': 'Successfully placed order', 's': 'ok', 'id_fyers': '64ce5adb-886a-449a-ad13-8a38a442c97b', 'id': '26081400277525'}
Exit main (BUY sold leg) OID:  {'code': 1101, 'message': 'Successfully placed order', 's': 'ok', 'id_fyers': '64ce5adb-886a-449a-ad13-8a38a442c97b', 'id': '26081400277525'}
15 : 24 : 1  =>  SELL   SENSEX2682079000CE   260   MARKET
15 : 24 : 1  =>  SENSEX2682079000CE {'code': 1101, 'message': 'Successfully placed order', 's': 'ok', 'id_fyers': 'c483a879-d0c7-4056-97cc-c0c5a4e970e6', 'id': '26081400277531'}
Exit hedge (SELL bought leg) OID:  {'code': 1101, 'message': 'Successfully placed order', 's': 'ok', 'id_fyers': 'c483a879-d0c7-4056-97cc-c0c5a4e970e6', 'id': '26081400277531'}
End Of the Day
============================================================
DAILY_SUMMARY: Date= 2026-08-14  SpreadType= CREDIT  DTE= 6  IVRank= 0.02  PremRatio= 0.68  SLCount= 0  TargetCount= 0
============================================================
