checkInstrument =  BSE:SENSEX-INDEX
sensexExpDate =  26AUG
BNFut (Sensex futures auto) = BSE:SENSEX26AUGFUT
 -- not entered waiting for time--- 9 : 14
 -- not entered waiting for time--- 9 : 14
 -- not entered waiting for time--- 9 : 14
 -- not entered waiting for time--- 9 : 14
 -- not entered waiting for time--- 9 : 14
 -- not entered waiting for time--- 9 : 14
 -- not entered waiting for time--- 9 : 14
 -- not entered waiting for time--- 9 : 14
 -- not entered waiting for time--- 9 : 14
 -- not entered waiting for time--- 9 : 14
 -- not entered waiting for time--- 9 : 14
 -- not entered waiting for time--- 9 : 14
 -- not entered waiting for time--- 9 : 14
 -- not entered waiting for time--- 9 : 14
 -- not entered waiting for time--- 9 : 14
 -- not entered waiting for time--- 9 : 14
 -- not entered waiting for time--- 9 : 14
 -- not entered waiting for time--- 9 : 14
 -- not entered waiting for time--- 9 : 14
 -- not entered waiting for time--- 9 : 14
 -- not entered waiting for time--- 9 : 14
 -- not entered waiting for time--- 9 : 14
 -- not entered waiting for time--- 9 : 14
 -- not entered waiting for time--- 9 : 14
 -- not entered waiting for time--- 9 : 14
 -- not entered waiting for time--- 9 : 14
 -- not entered waiting for time--- 9 : 14
 -- not entered waiting for time--- 9 : 14
 -- not entered waiting for time--- 9 : 14
 -- not entered waiting for time--- 9 : 14
 -- not entered waiting for time--- 9 : 14
 -- not entered waiting for time--- 9 : 14
 -- not entered waiting for time--- 9 : 14
 -- not entered waiting for time--- 9 : 14
 -- not entered waiting for time--- 9 : 14
 -- not entered waiting for time--- 9 : 14
 -- not entered waiting for time--- 9 : 14
 -- not entered waiting for time--- 9 : 15
 -- not entered waiting for time--- 9 : 15
 -- not entered waiting for time--- 9 : 15
 -- not entered waiting for time--- 9 : 15
 -- not entered waiting for time--- 9 : 15
 -- not entered waiting for time--- 9 : 15
 -- not entered waiting for time--- 9 : 15
 -- not entered waiting for time--- 9 : 15
 -- not entered waiting for time--- 9 : 15
 -- not entered waiting for time--- 9 : 15
 -- not entered waiting for time--- 9 : 15
 -- not entered waiting for time--- 9 : 15
 -- not entered waiting for time--- 9 : 15
 -- not entered waiting for time--- 9 : 15
 -- not entered waiting for time--- 9 : 15
 -- not entered waiting for time--- 9 : 15
 -- not entered waiting for time--- 9 : 15
 -- not entered waiting for time--- 9 : 15
 -- not entered waiting for time--- 9 : 15
 -- not entered waiting for time--- 9 : 15
 -- not entered waiting for time--- 9 : 15
 -- not entered waiting for time--- 9 : 15
 -- not entered waiting for time--- 9 : 15
 -- not entered waiting for time--- 9 : 15
 -- not entered waiting for time--- 9 : 15
 -- not entered waiting for time--- 9 : 15
 -- not entered waiting for time--- 9 : 15
 -- not entered waiting for time--- 9 : 15
 -- not entered waiting for time--- 9 : 15
 -- not entered waiting for time--- 9 : 15
 -- not entered waiting for time--- 9 : 15
 -- not entered waiting for time--- 9 : 15
 -- not entered waiting for time--- 9 : 15
 -- not entered waiting for time--- 9 : 15
 -- not entered waiting for time--- 9 : 15
 -- not entered waiting for time--- 9 : 15
 -- not entered waiting for time--- 9 : 15
 -- not entered waiting for time--- 9 : 15
 -- not entered waiting for time--- 9 : 15
 -- not entered waiting for time--- 9 : 15
 -- not entered waiting for time--- 9 : 15
 -- not entered waiting for time--- 9 : 15
 -- not entered waiting for time--- 9 : 15
 -- not entered waiting for time--- 9 : 15
 -- not entered waiting for time--- 9 : 15
 -- not entered waiting for time--- 9 : 15
 -- not entered waiting for time--- 9 : 15
 -- not entered waiting for time--- 9 : 15
 -- not entered waiting for time--- 9 : 15
 -- not entered waiting for time--- 9 : 15
 -- not entered waiting for time--- 9 : 15
 -- not entered waiting for time--- 9 : 15
 -- not entered waiting for time--- 9 : 15
 -- not entered waiting for time--- 9 : 15
 -- not entered waiting for time--- 9 : 15
 -- not entered waiting for time--- 9 : 15
 -- not entered waiting for time--- 9 : 15
 -- not entered waiting for time--- 9 : 15
 -- not entered waiting for time--- 9 : 15
 -- not entered waiting for time--- 9 : 15
 -- not entered waiting for time--- 9 : 16
 -- not entered waiting for time--- 9 : 16
 -- not entered waiting for time--- 9 : 16
 -- not entered waiting for time--- 9 : 16
 -- not entered waiting for time--- 9 : 16
 -- not entered waiting for time--- 9 : 16
 -- not entered waiting for time--- 9 : 16
 -- not entered waiting for time--- 9 : 16
 -- not entered waiting for time--- 9 : 16
 -- not entered waiting for time--- 9 : 16
 -- not entered waiting for time--- 9 : 16
 -- not entered waiting for time--- 9 : 16
 -- not entered waiting for time--- 9 : 16
 -- not entered waiting for time--- 9 : 16
 -- not entered waiting for time--- 9 : 16
 -- not entered waiting for time--- 9 : 16
 -- not entered waiting for time--- 9 : 16
 -- not entered waiting for time--- 9 : 16
 -- not entered waiting for time--- 9 : 16
 -- not entered waiting for time--- 9 : 16
 -- not entered waiting for time--- 9 : 16
 -- not entered waiting for time--- 9 : 16
 -- not entered waiting for time--- 9 : 16
 -- not entered waiting for time--- 9 : 16
 -- not entered waiting for time--- 9 : 16
 -- not entered waiting for time--- 9 : 16
 -- not entered waiting for time--- 9 : 16
 -- not entered waiting for time--- 9 : 16
 -- not entered waiting for time--- 9 : 16
 -- not entered waiting for time--- 9 : 16
 -- not entered waiting for time--- 9 : 16
 -- not entered waiting for time--- 9 : 16
 -- not entered waiting for time--- 9 : 16
 -- not entered waiting for time--- 9 : 16
 -- not entered waiting for time--- 9 : 16
 -- not entered waiting for time--- 9 : 16
 -- not entered waiting for time--- 9 : 16
 -- not entered waiting for time--- 9 : 16
 -- not entered waiting for time--- 9 : 16
 -- not entered waiting for time--- 9 : 16
 -- not entered waiting for time--- 9 : 16
 -- not entered waiting for time--- 9 : 16
 -- not entered waiting for time--- 9 : 16
 -- not entered waiting for time--- 9 : 16
 -- not entered waiting for time--- 9 : 16
 -- not entered waiting for time--- 9 : 16
 -- not entered waiting for time--- 9 : 16
 -- not entered waiting for time--- 9 : 16
 -- not entered waiting for time--- 9 : 16
 -- not entered waiting for time--- 9 : 16
 -- not entered waiting for time--- 9 : 16
 -- not entered waiting for time--- 9 : 16
 -- not entered waiting for time--- 9 : 16
 -- not entered waiting for time--- 9 : 16
 -- not entered waiting for time--- 9 : 16
 -- not entered waiting for time--- 9 : 16
 -- not entered waiting for time--- 9 : 16
 -- not entered waiting for time--- 9 : 16
 -- not entered waiting for time--- 9 : 16
 -- not entered waiting for time--- 9 : 16
Waiting for first candle to form. Current Second ==  0    2
Waiting for first candle to form. Current Second ==  1    2
Waiting for first candle to form. Current Second ==  2    2
Waiting for first candle to form. Current Second ==  3    2
Waiting for first candle to form. Current Second ==  4    2
Waiting for first candle to form. Current Second ==  5    2
Waiting for first candle to form. Current Second ==  6    2
Waiting for first candle to form. Current Second ==  7    2
Waiting for first candle to form. Current Second ==  8    2
Waiting for first candle to form. Current Second ==  9    2
Waiting for first candle to form. Current Second ==  10    2
Waiting for first candle to form. Current Second ==  11    2
Waiting for first candle to form. Current Second ==  12    2
Waiting for first candle to form. Current Second ==  13    2
Waiting for first candle to form. Current Second ==  14    2
Waiting for first candle to form. Current Second ==  15    2
Waiting for first candle to form. Current Second ==  16    2
Waiting for first candle to form. Current Second ==  17    2
Waiting for first candle to form. Current Second ==  18    2
Waiting for first candle to form. Current Second ==  19    2
Waiting for first candle to form. Current Second ==  20    2
Waiting for first candle to form. Current Second ==  21    2
Waiting for first candle to form. Current Second ==  22    2
Waiting for first candle to form. Current Second ==  23    2
Waiting for first candle to form. Current Second ==  24    2
Waiting for first candle to form. Current Second ==  25    2
Waiting for first candle to form. Current Second ==  26    2
Waiting for first candle to form. Current Second ==  27    2
Waiting for first candle to form. Current Second ==  28    2
Waiting for first candle to form. Current Second ==  29    2
Waiting for first candle to form. Current Second ==  30    2
Waiting for first candle to form. Current Second ==  31    2
Waiting for first candle to form. Current Second ==  32    2
Waiting for first candle to form. Current Second ==  33    2
Waiting for first candle to form. Current Second ==  34    2
Waiting for first candle to form. Current Second ==  35    2
Waiting for first candle to form. Current Second ==  36    2
Waiting for first candle to form. Current Second ==  37    2
Waiting for first candle to form. Current Second ==  38    2
Waiting for first candle to form. Current Second ==  39    2
Waiting for first candle to form. Current Second ==  40    2
Waiting for first candle to form. Current Second ==  41    2
Waiting for first candle to form. Current Second ==  42    2
Waiting for first candle to form. Current Second ==  43    2
Waiting for first candle to form. Current Second ==  44    2
Waiting for first candle to form. Current Second ==  45    2
Waiting for first candle to form. Current Second ==  46    2
Waiting for first candle to form. Current Second ==  47    2
Waiting for first candle to form. Current Second ==  48    2
Waiting for first candle to form. Current Second ==  49    2
Waiting for first candle to form. Current Second ==  50    2
Waiting for first candle to form. Current Second ==  51    2
Waiting for first candle to form. Current Second ==  52    2
Waiting for first candle to form. Current Second ==  53    2
Waiting for first candle to form. Current Second ==  54    2
Waiting for first candle to form. Current Second ==  55    2
Waiting for first candle to form. Current Second ==  56    2
Waiting for first candle to form. Current Second ==  57    2
Waiting for first candle to form. Current Second ==  58    2
Waiting for first candle to form. Current Second ==  59    2
India VIX = 11.08  Spot Price = 77227.83
VIX_PERCENTILES_FETCHED: P25= 11.31  P50= 11.85  P75= 12.14  Min= 10.83  Max= 12.64
IV Regime = LOW (ADAPTIVE: P25= 11.31  P50= 11.85  P75= 12.14 ) | DailyRange = 1222.4 | 3minCandleRange = 64.3 (theoretical= 107.2 ) | ATMoptionMove = 28.9 | SL = 101 | Target = 101 | TrailTrigger = 29 | Spread = 300 | Buffer = 26
IV Params refreshed: {'vix': 11.08, 'bn_price': 77227.83, 'regime': 'LOW', 'regime_thresholds': 'P25=11.31 P50=11.85 P75=12.14', 'daily_range': 1222.4, 'candle_range': 64.3, 'atm_option_move': 28.9, 'sl_point': 101, 'target_point': 101, 'sl_pct_of_premium': 0.1, 'trail_trigger': 29, 'spread_width': 300, 'support_resistance_buffer': 26}
IV_RANK_DATA: VIX_30d_High= 12.64  VIX_30d_Low= 10.83  Current= 11.07  IV_Rank= 0.13
BSE:SENSEX-INDEX  strikecount= 8   fyers <fyers_apiv3.fyersModel.FyersModel object at 0x71aabc52b4d0>
===
====after 3 min ochain==== 2026-08-25 09:18:00.104905
/home/ubuntu/trading-bot/Strategy_Sensex_May_2026.py:1152: RuntimeWarning: divide by zero encountered in scalar divide
  pcr = round(oich[index1] / oich[index2], 2) if option_type[index1] != '' and option_type[index2] != '' and \
                                    oipcr   choipcr   totalOI
pcr1 =  BSE:SENSEX26AUG78000CE   0.34   -0.02 CALL added 44760   PUT unwind -700  OI= 987580
pcr2 =  BSE:SENSEX26AUG77900CE   0.26   inf CALL unwind 0   PUT added 560  OI= 374540
pcr3 =  BSE:SENSEX26AUG77800PE   0.27   -0.04 CALL unwind -1580   PUT added 60  OI= 168640
pcr4 =  BSE:SENSEX26AUG77700PE   0.3   -0.82 CALL added 7500   PUT unwind -6160  OI= 274680
pcr5 =  BSE:SENSEX26AUG77600CE   0.39   0.07 CALL added 90240   PUT added 6260  OI= 777420
pcr6 =  BSE:SENSEX26AUG77500CE   0.57    -0.05 CALL added 105220   PUT unwind -5360  OI= 1228940
pcr7 =  BSE:SENSEX26AUG77400CE   0.5   0.15 CALL added 29860   PUT added 4340  OI= 564480
pcr8 =  BSE:SENSEX26AUG77300CE   1.27   0.59 CALL added 86580   PUT added 51500  OI= 512520
pcr9 =  BSE:SENSEX26AUG77200CE   1.77   1.49 CALL added 66240   PUT added 98600  OI= 266580
pcr10 =  BSE:SENSEX26AUG77100PE   3.15   0.0 CALL added 17380   PUT unwind 0  OI= 216360
pcr11 =  BSE:SENSEX26AUG77000CE   2.33   inf CALL unwind 0   PUT added 91560  OI= 282080
pcr12 =  BSE:SENSEX26AUG76900CE   5.37   13.05 CALL added 1680   PUT added 21920  OI= 34560
pcr13 =  BSE:SENSEX26AUG76800PE   10.71   9.78 CALL added 2380   PUT added 23280  OI= 250920
pcr14 =  BSE:SENSEX26AUG76700PE   14.56   43.94 CALL added 660   PUT added 29000  OI= 213100
pcr15 =  BSE:SENSEX26AUG76600CE   25.93   34.0 CALL added 620   PUT added 21080  OI= 7560
pcr16 =  BSE:SENSEX26AUG76500CE   14.33   12.94 CALL added 1440   PUT added 18640  OI= 39340
pcr17 =  BSE:SENSEX26AUG76400PE   50.8   65.88 CALL added 160   PUT added 10540  OI= 154440
pcrSummation= 15.649999999999999  result =  ['BSE:SENSEX26AUG77700PE', 'BSE:SENSEX26AUG77600CE', 'BSE:SENSEX26AUG77500CE', 'BSE:SENSEX26AUG77400CE', 'BSE:SENSEX26AUG77300CE', 'BSE:SENSEX26AUG77200CE', 'BSE:SENSEX26AUG77100PE', 'BSE:SENSEX26AUG77000CE', 'BSE:SENSEX26AUG76900CE']
PCRSUM== 132.85
pcrSummation== 15.65
VOLPCRSUM== 6.17
spotLTP =  77227.53  ATM_STRIKE =  77200
IS_ATM_STRIKE_SHIFT = False  mapStrike = {77200: 77200}
avgOiPcrList2 = [np.float64(7.81)] atmStrikeNotShiftedCount= 1
False   1   1
SUPP_RES=== 77500  Buffer= 26
CEoich val =  105220.0  PEoich val =  -5360.0 , CE > PE by 105.1%
SUPP_RES TOTAL OI: CE= 1228940  PE= 699420 , CE > PE by 43.1%
IS_MORNING_WINDOW= True  (active 9:15-9:48 IST)
CHOI_UNWIND: PE side unwinding at SUPP_RES (PEchoi=-5360.0) - CHOI-based logic skipped this cycle
================================================
==== signal check time ==== 2026-08-25 09:18:01.107651
IS_CHOI_DIFF_GT_25PERC== False
RSI_VAL1== 30.61
RSI_VAL2== 30.61
FUT_3m_OHLC O= 77400.0  H= 77400.0  L= 77248.1  C= 77343.4  Range= 151.9
CHART_PATTERN_DETECTED: THREE_BLACK_CROWS
  PATTERN_CONTEXT: Body= -56.7  Range= 151.9  ExpectedRange= 64.3  RangeRatio= 2.36  O= 77400.0  H= 77400.0  L= 77248.1  C= 77343.4
newSynthFut =  77300
ATMStrike =  77200
AVG_OIPCR= 1.74
avgoiPCROld=  7.81
SUPP_RES = 77500
FUT LTP = 77343.4
CEchoi  PechOi = 105220.0    -5360.0
====================================
totalOIPCR = 0.77
AVG_VOLPCR= 0.69
atmPCR= 0.39  belowATM  0.57
atmVolPCR= 0.25  belowATM  0.66
False   77343.4   77500   False   False   30.61
curr Doji False
BSE:SENSEX26AUG77400PE  curr candle vol pcr = 1.31  PE= 451700  CE= 343560      cpr =  0.76
BSE:SENSEX26AUG77400PE  prev candle vol pcr = 0.95  PE= 61400  CE= 64620      cpr =  1.05
ATM_CE_premium= 239.2  ATM_PE_premium= 344.95
CE_PremChg= -129.8  PE_PremChg= 56.0
CandleBody= -56.7  PrevBody= -0.6  CandleRange= 151.9  Bearish
TotalVol= 795260  PrevTotalVol= 126020  VolSpike= 6.31 x  SPIKE!
SCALP_SCORE: BEAR | BullScore= 1  BearScore= 3 | Confidence= MEDIUM
  SCALP_BEAR_REASONS: 2ConsecBearCandles + VolSpike(6.31x)_bear + BreakoutCandle(2.4x)
DATAPOINT|09:18|FUT=77343.4|Body=-56.7|PrevBody=-0.6|Range=151.9|RangeRatio=2.36|CurrVolPCR=1.31|PrevVolPCR=0.95|CurrCPR=0.76|PrevCPR=1.05|VolSpike=6.31|CE_PremChg=-129.8|PE_PremChg=56.0|BullScore=1|BearScore=3|Dir=BEAR|Conf=MEDIUM
CHART_PATTERN_DETECTED: THREE_BLACK_CROWS
  PATTERN_CONTEXT: Body= -56.7  Range= 151.9  ExpectedRange= 64.3  RangeRatio= 2.36  O= 77400.0  H= 77400.0  L= 77248.1  C= 77343.4
BSE:SENSEX-INDEX  strikecount= 3   fyers <fyers_apiv3.fyersModel.FyersModel object at 0x71aabc52b4d0>
======================================
oipcr1 =  BSE:SENSEX26AUG77500CE   0.57
oipcr2 =  BSE:SENSEX26AUG77400CE   0.5
oipcr3 =  BSE:SENSEX26AUG77300CE   1.27
oipcrBull = NoEntry  bulcount= 1  bearcount= 2 oipcrBear= BearTrade
atmpcr5 pcr6= 1.77    3.15
No Entry Yet
India VIX = 11.03  Spot Price = 77346.91
IV Regime = LOW (ADAPTIVE: P25= 11.31  P50= 11.85  P75= 12.14 ) | DailyRange = 1218.8 | 3minCandleRange = 64.1 (theoretical= 106.9 ) | ATMoptionMove = 28.9 | SL = 101 | Target = 101 | TrailTrigger = 29 | Spread = 300 | Buffer = 26
IV Params refreshed: {'vix': 11.03, 'bn_price': 77346.91, 'regime': 'LOW', 'regime_thresholds': 'P25=11.31 P50=11.85 P75=12.14', 'daily_range': 1218.8, 'candle_range': 64.1, 'atm_option_move': 28.9, 'sl_point': 101, 'target_point': 101, 'sl_pct_of_premium': 0.1, 'trail_trigger': 29, 'spread_width': 300, 'support_resistance_buffer': 26}
BSE:SENSEX-INDEX  strikecount= 8   fyers <fyers_apiv3.fyersModel.FyersModel object at 0x71aabc52b4d0>
===
====after 3 min ochain==== 2026-08-25 09:21:00.000004
                                    oipcr   choipcr   totalOI
pcr1 =  BSE:SENSEX26AUG78100PE   0.11   0.04 CALL added 11640   PUT added 500  OI= 37880
pcr2 =  BSE:SENSEX26AUG78000CE   0.33   -0.07 CALL added 66740   PUT unwind -4340  OI= 1009560
pcr3 =  BSE:SENSEX26AUG77900CE   0.26   0.39 CALL unwind -7700   PUT unwind -3000  OI= 366840
pcr4 =  BSE:SENSEX26AUG77800PE   0.24   -0.53 CALL added 20420   PUT unwind -10780  OI= 157800
pcr5 =  BSE:SENSEX26AUG77700PE   0.27   -1.67 CALL added 17120   PUT unwind -28540  OI= 252300
pcr6 =  BSE:SENSEX26AUG77600CE   0.35    -0.05 CALL added 136560   PUT unwind -7340  OI= 823740
pcr7 =  BSE:SENSEX26AUG77500CE   0.6   0.37 CALL added 133840   PUT added 49680  OI= 1257560
pcr8 =  BSE:SENSEX26AUG77400CE   0.55   0.9 CALL added 55200   PUT added 49620  OI= 589820
pcr9 =  BSE:SENSEX26AUG77300CE   1.25   0.86 CALL added 171380   PUT added 146720  OI= 597320
pcr10 =  BSE:SENSEX26AUG77200CE   1.88   1.9 CALL added 158740   PUT added 301900  OI= 359080
pcr11 =  BSE:SENSEX26AUG77100PE   3.94   3.56 CALL added 37200   PUT added 132300  OI= 348660
pcr12 =  BSE:SENSEX26AUG77000CE   2.15   2.68 CALL added 72580   PUT added 194740  OI= 354660
pcr13 =  BSE:SENSEX26AUG76900CE   4.93   4.72 CALL added 7920   PUT added 37400  OI= 40800
pcr14 =  BSE:SENSEX26AUG76800PE   11.21   12.99 CALL added 4620   PUT added 60000  OI= 287640
pcr15 =  BSE:SENSEX26AUG76700PE   16.35   78.03 CALL added 720   PUT added 56180  OI= 240280
pcr16 =  BSE:SENSEX26AUG76600CE   23.36   13.17 CALL added 1260   PUT added 16600  OI= 8200
pcr17 =  BSE:SENSEX26AUG76500CE   14.75   27.94 CALL added 1060   PUT added 29620  OI= 38960
pcrSummation= 11.23  result =  ['BSE:SENSEX26AUG77800PE', 'BSE:SENSEX26AUG77700PE', 'BSE:SENSEX26AUG77600CE', 'BSE:SENSEX26AUG77500CE', 'BSE:SENSEX26AUG77400CE', 'BSE:SENSEX26AUG77300CE', 'BSE:SENSEX26AUG77200CE', 'BSE:SENSEX26AUG77100PE', 'BSE:SENSEX26AUG77000CE']
PCRSUM== 82.53
pcrSummation== 11.23
VOLPCRSUM== 3.89
spotLTP =  77346.91  ATM_STRIKE =  77300
IS_ATM_STRIKE_SHIFT = True  mapStrike = {77300: 77300}
avgOiPcrList2 = [np.float64(4.85)] atmStrikeNotShiftedCount= 1
True   1   1
SUPP_RES=== 77500  Buffer= 26
CEoich val =  133840.0  PEoich val =  49680.0 , CE > PE by 62.9%
SUPP_RES TOTAL OI: CE= 1257560  PE= 754460 , CE > PE by 40.0%
IS_MORNING_WINDOW= True  (active 9:15-9:48 IST)
================================================
==== signal check time ==== 2026-08-25 09:21:00.664180
IS_CHOI_DIFF_GT_25PERC== True
RSI_VAL1== 48.79
RSI_VAL2== 48.79
FUT_3m_OHLC O= 77334.8  H= 77440.0  L= 77334.8  C= 77440.0  Range= 105.2
CHART_PATTERN_DETECTED: BULLISH_ENGULFING | STRONG_MOMENTUM_BULL
  PATTERN_CONTEXT: Body= 105.2  Range= 105.2  ExpectedRange= 64.1  RangeRatio= 1.64  O= 77334.8  H= 77440.0  L= 77334.8  C= 77440.0
newSynthFut =  77400
ATMStrike =  77300
AVG_OIPCR= 1.25
avgoiPCROld=  4.85
SUPP_RES = 77500
FUT LTP = 77440.0
CEchoi  PechOi = 133840.0    49680.0
====================================
totalOIPCR = 0.81
AVG_VOLPCR= 0.43
atmPCR= 0.27  belowATM  0.35
atmVolPCR= 0.17  belowATM  0.26
True   77440.0   77500   False   False   48.79
curr Doji False
BSE:SENSEX26AUG77300PE  curr candle vol pcr = 1.02  PE= 729100  CE= 716260      cpr =  0.98
BSE:SENSEX26AUG77400PE  prev candle vol pcr = 1.31  PE= 451700  CE= 343560      cpr =  0.76
ATM_CE_premium= 382.3  ATM_PE_premium= 228.9
CE_PremChg= 96.05  PE_PremChg= -62.15
CandleBody= 105.2  PrevBody= -56.7  CandleRange= 105.2  Bullish
TotalVol= 1445360  PrevTotalVol= 795260  VolSpike= 1.82 x 
SCALP_SCORE: BULL | BullScore= 3  BearScore= 1 | Confidence= MEDIUM
  SCALP_BULL_REASONS: StrongBullCandle(100%) + VolRise(1.82x)_bull + BreakoutCandle(1.6x)
DATAPOINT|09:21|FUT=77440.0|Body=105.2|PrevBody=-56.7|Range=105.2|RangeRatio=1.64|CurrVolPCR=1.02|PrevVolPCR=1.31|CurrCPR=0.98|PrevCPR=0.76|VolSpike=1.82|CE_PremChg=96.05|PE_PremChg=-62.15|BullScore=3|BearScore=1|Dir=BULL|Conf=MEDIUM
CHART_PATTERN_DETECTED: BULLISH_ENGULFING | STRONG_MOMENTUM_BULL
  PATTERN_CONTEXT: Body= 105.2  Range= 105.2  ExpectedRange= 64.1  RangeRatio= 1.64  O= 77334.8  H= 77440.0  L= 77334.8  C= 77440.0
BSE:SENSEX-INDEX  strikecount= 3   fyers <fyers_apiv3.fyersModel.FyersModel object at 0x71aabc52b4d0>
======================================
oipcr1 =  BSE:SENSEX26AUG77600CE   0.35
oipcr2 =  BSE:SENSEX26AUG77500CE   0.6
oipcr3 =  BSE:SENSEX26AUG77400CE   0.55
oipcrBull = NoEntry  bulcount= 0  bearcount= 3 oipcrBear= BearTrade
atmpcr5 pcr6= 1.25    1.88
No Entry Yet
India VIX = 10.93  Spot Price = 77334.01
IV Regime = LOW (ADAPTIVE: P25= 11.31  P50= 11.85  P75= 12.14 ) | DailyRange = 1207.5 | 3minCandleRange = 63.5 (theoretical= 105.9 ) | ATMoptionMove = 28.6 | SL = 100 | Target = 100 | TrailTrigger = 29 | Spread = 300 | Buffer = 25
IV Params refreshed: {'vix': 10.93, 'bn_price': 77334.01, 'regime': 'LOW', 'regime_thresholds': 'P25=11.31 P50=11.85 P75=12.14', 'daily_range': 1207.5, 'candle_range': 63.5, 'atm_option_move': 28.6, 'sl_point': 100, 'target_point': 100, 'sl_pct_of_premium': 0.1, 'trail_trigger': 29, 'spread_width': 300, 'support_resistance_buffer': 25}
BSE:SENSEX-INDEX  strikecount= 8   fyers <fyers_apiv3.fyersModel.FyersModel object at 0x71aabc52b4d0>
===
====after 3 min ochain==== 2026-08-25 09:24:00.000004
                                    oipcr   choipcr   totalOI
pcr1 =  BSE:SENSEX26AUG78100PE   0.11   0.04 CALL added 21820   PUT added 900  OI= 38280
pcr2 =  BSE:SENSEX26AUG78000CE   0.33   0.06 CALL added 69900   PUT added 4300  OI= 1012720
pcr3 =  BSE:SENSEX26AUG77900CE   0.26   3.33 CALL unwind -600   PUT unwind -2000  OI= 373940
pcr4 =  BSE:SENSEX26AUG77800PE   0.24   -1.17 CALL added 13200   PUT unwind -15480  OI= 153100
pcr5 =  BSE:SENSEX26AUG77700PE   0.29   2.73 CALL unwind -7920   PUT unwind -21640  OI= 259200
pcr6 =  BSE:SENSEX26AUG77600CE   0.35    0.01 CALL added 153380   PUT added 1380  OI= 840560
pcr7 =  BSE:SENSEX26AUG77500CE   0.68   1.23 CALL added 101300   PUT added 124820  OI= 1225020
pcr8 =  BSE:SENSEX26AUG77400CE   0.6   0.97 CALL added 116480   PUT added 113300  OI= 651100
pcr9 =  BSE:SENSEX26AUG77300CE   1.21   0.76 CALL added 190220   PUT added 144960  OI= 616160
pcr10 =  BSE:SENSEX26AUG77200CE   2.02   2.25 CALL added 133720   PUT added 301500  OI= 334060
pcr11 =  BSE:SENSEX26AUG77100PE   4.08   3.87 CALL added 34880   PUT added 134920  OI= 351280
pcr12 =  BSE:SENSEX26AUG77000CE   2.38   3.95 CALL added 66580   PUT added 263220  OI= 348660
pcr13 =  BSE:SENSEX26AUG76900CE   8.69   38.95 CALL added 4040   PUT added 157360  OI= 36920
pcr14 =  BSE:SENSEX26AUG76800PE   12.47   30.88 CALL added 1880   PUT added 58060  OI= 285700
pcr15 =  BSE:SENSEX26AUG76700PE   17.19   -36.83 CALL unwind -1040   PUT added 38300  OI= 222400
pcr16 =  BSE:SENSEX26AUG76600CE   27.96   -91.25 CALL unwind -160   PUT added 14600  OI= 6780
pcr17 =  BSE:SENSEX26AUG76500CE   15.4   -16.21 CALL unwind -1220   PUT added 19780  OI= 36680
pcrSummation= 11.850000000000001  result =  ['BSE:SENSEX26AUG77800PE', 'BSE:SENSEX26AUG77700PE', 'BSE:SENSEX26AUG77600CE', 'BSE:SENSEX26AUG77500CE', 'BSE:SENSEX26AUG77400CE', 'BSE:SENSEX26AUG77300CE', 'BSE:SENSEX26AUG77200CE', 'BSE:SENSEX26AUG77100PE', 'BSE:SENSEX26AUG77000CE']
PCRSUM== 94.26
pcrSummation== 11.85
VOLPCRSUM== 3.8099999999999996
spotLTP =  77334.01  ATM_STRIKE =  77300
IS_ATM_STRIKE_SHIFT = False  mapStrike = {77300: 77300}
avgOiPcrList2 = [np.float64(4.85), np.float64(5.54)] atmStrikeNotShiftedCount= 2
False   2   2
SUPP_RES=== 77500  Buffer= 25
CEoich val =  101300.0  PEoich val =  124820.0 , CE < PE by 18.8%
SUPP_RES TOTAL OI: CE= 1225020  PE= 829600 , CE > PE by 32.3%
IS_MORNING_WINDOW= True  (active 9:15-9:48 IST)
================================================
==== signal check time ==== 2026-08-25 09:24:00.593758
IS_CHOI_DIFF_GT_25PERC== False
RSI_VAL1== 46.45
RSI_VAL2== 46.45
FUT_3m_OHLC O= 77500.0  H= 77500.0  L= 77392.9  C= 77422.8  Range= 107.1
CHART_PATTERN_DETECTED: STRONG_MOMENTUM_BEAR
  PATTERN_CONTEXT: Body= -77.2  Range= 107.1  ExpectedRange= 63.5  RangeRatio= 1.69  O= 77500.0  H= 77500.0  L= 77392.9  C= 77422.8
newSynthFut =  77400
ATMStrike =  77300
AVG_OIPCR= 1.32
avgoiPCROld=  5.54
SUPP_RES = 77500
FUT LTP = 77422.8
CEchoi  PechOi = 101300.0    124820.0
====================================
totalOIPCR = 0.84
AVG_VOLPCR= 0.42
atmPCR= 0.29  belowATM  0.35
atmVolPCR= 0.17  belowATM  0.29
False   77422.8   77500   False   False   46.45
curr Doji False
BSE:SENSEX26AUG77500PE  curr candle vol pcr = 0.49  PE= 381000  CE= 780700      cpr =  2.05
BSE:SENSEX26AUG77300PE  prev candle vol pcr = 1.02  PE= 729100  CE= 716260      cpr =  0.98
VOL_PRESSURE_WATCH: SINGLE_CANDLE_CALL_PRESSURE | currCPR= 2.05  prevCPR= 0.98
ATM_CE_premium= 265.45  ATM_PE_premium= 327.4
CE_PremChg= -9.4  PE_PremChg= 3.95
CandleBody= -77.2  PrevBody= 105.2  CandleRange= 107.1  Bearish
TotalVol= 1161700  PrevTotalVol= 1445360  VolSpike= 0.8 x 
SCALP_SCORE: BEAR | BullScore= 0  BearScore= 3 | Confidence= MEDIUM
  SCALP_BEAR_REASONS: VolCPR_curr_bear + StrongBearCandle(72%) + BreakoutCandle(1.7x)
DATAPOINT|09:24|FUT=77422.8|Body=-77.2|PrevBody=105.2|Range=107.1|RangeRatio=1.69|CurrVolPCR=0.49|PrevVolPCR=1.02|CurrCPR=2.05|PrevCPR=0.98|VolSpike=0.8|CE_PremChg=-9.4|PE_PremChg=3.95|BullScore=0|BearScore=3|Dir=BEAR|Conf=MEDIUM
CHART_PATTERN_DETECTED: STRONG_MOMENTUM_BEAR
  PATTERN_CONTEXT: Body= -77.2  Range= 107.1  ExpectedRange= 63.5  RangeRatio= 1.69  O= 77500.0  H= 77500.0  L= 77392.9  C= 77422.8
BSE:SENSEX-INDEX  strikecount= 3   fyers <fyers_apiv3.fyersModel.FyersModel object at 0x71aabc52b4d0>
======================================
oipcr1 =  BSE:SENSEX26AUG77600CE   0.35
oipcr2 =  BSE:SENSEX26AUG77500CE   0.68
oipcr3 =  BSE:SENSEX26AUG77400CE   0.6
oipcrBull = NoEntry  bulcount= 0  bearcount= 3 oipcrBear= BearTrade
atmpcr5 pcr6= 1.21    2.02
No Entry Yet
India VIX = 10.98  Spot Price = 77334.74
IV Regime = LOW (ADAPTIVE: P25= 11.31  P50= 11.85  P75= 12.14 ) | DailyRange = 1213.1 | 3minCandleRange = 63.8 (theoretical= 106.4 ) | ATMoptionMove = 28.7 | SL = 101 | Target = 101 | TrailTrigger = 29 | Spread = 300 | Buffer = 26
IV Params refreshed: {'vix': 10.98, 'bn_price': 77334.74, 'regime': 'LOW', 'regime_thresholds': 'P25=11.31 P50=11.85 P75=12.14', 'daily_range': 1213.1, 'candle_range': 63.8, 'atm_option_move': 28.7, 'sl_point': 101, 'target_point': 101, 'sl_pct_of_premium': 0.1, 'trail_trigger': 29, 'spread_width': 300, 'support_resistance_buffer': 26}
BSE:SENSEX-INDEX  strikecount= 8   fyers <fyers_apiv3.fyersModel.FyersModel object at 0x71aabc52b4d0>
===
====after 3 min ochain==== 2026-08-25 09:27:00.000050
                                    oipcr   choipcr   totalOI
pcr1 =  BSE:SENSEX26AUG78100PE   0.11   0.06 CALL added 22700   PUT added 1360  OI= 38740
pcr2 =  BSE:SENSEX26AUG78000CE   0.34   0.22 CALL added 128940   PUT added 27960  OI= 1071760
pcr3 =  BSE:SENSEX26AUG77900CE   0.25   -0.5 CALL added 7080   PUT unwind -3560  OI= 381620
pcr4 =  BSE:SENSEX26AUG77800PE   0.26   0.17 CALL added 31780   PUT added 5440  OI= 174020
pcr5 =  BSE:SENSEX26AUG77700PE   0.28   -3.61 CALL added 5460   PUT unwind -19720  OI= 261120
pcr6 =  BSE:SENSEX26AUG77600CE   0.35    0.06 CALL added 182020   PUT added 10560  OI= 869200
pcr7 =  BSE:SENSEX26AUG77500CE   0.71   1.76 CALL added 92120   PUT added 162240  OI= 1215840
pcr8 =  BSE:SENSEX26AUG77400CE   0.64   1.04 CALL added 171660   PUT added 178200  OI= 706280
pcr9 =  BSE:SENSEX26AUG77300CE   1.24   0.94 CALL added 229160   PUT added 215980  OI= 655100
pcr10 =  BSE:SENSEX26AUG77200CE   2.33   3.21 CALL added 104420   PUT added 335140  OI= 304760
pcr11 =  BSE:SENSEX26AUG77100PE   3.97   3.67 CALL added 42680   PUT added 156780  OI= 373140
pcr12 =  BSE:SENSEX26AUG77000CE   2.43   4.22 CALL added 67100   PUT added 283420  OI= 349180
pcr13 =  BSE:SENSEX26AUG76900CE   8.45   26.64 CALL added 6280   PUT added 167280  OI= 39160
pcr14 =  BSE:SENSEX26AUG76800PE   12.09   21.23 CALL added 2920   PUT added 61980  OI= 289620
pcr15 =  BSE:SENSEX26AUG76700PE   16.64   -61.71 CALL unwind -620   PUT added 38260  OI= 222360
pcr16 =  BSE:SENSEX26AUG76600CE   27.87   -157.0 CALL unwind -100   PUT added 15700  OI= 6840
pcr17 =  BSE:SENSEX26AUG76500CE   15.54   -25.87 CALL unwind -1060   PUT added 27420  OI= 36840
pcrSummation= 12.21  result =  ['BSE:SENSEX26AUG77800PE', 'BSE:SENSEX26AUG77700PE', 'BSE:SENSEX26AUG77600CE', 'BSE:SENSEX26AUG77500CE', 'BSE:SENSEX26AUG77400CE', 'BSE:SENSEX26AUG77300CE', 'BSE:SENSEX26AUG77200CE', 'BSE:SENSEX26AUG77100PE', 'BSE:SENSEX26AUG77000CE']
PCRSUM== 93.5
pcrSummation== 12.21
VOLPCRSUM== 3.8899999999999997
spotLTP =  77334.74  ATM_STRIKE =  77300
IS_ATM_STRIKE_SHIFT = False  mapStrike = {77300: 77300}
avgOiPcrList2 = [np.float64(4.85), np.float64(5.54), np.float64(5.5)] atmStrikeNotShiftedCount= 3
False   3   3
SUPP_RES=== 77500  Buffer= 26
CEoich val =  92120.0  PEoich val =  162240.0 , CE < PE by 43.2%
SUPP_RES TOTAL OI: CE= 1215840  PE= 867020 , CE > PE by 28.7%
IS_MORNING_WINDOW= True  (active 9:15-9:48 IST)
================================================
==== signal check time ==== 2026-08-25 09:27:00.697093
IS_CHOI_DIFF_GT_25PERC== True
RSI_VAL1== 46.07
RSI_VAL2== 46.07
FUT_3m_OHLC O= 77418.4  H= 77420.0  L= 77392.4  C= 77420.0  Range= 27.6
CHART_PATTERN_DETECTED: HAMMER
  PATTERN_CONTEXT: Body= 1.6  Range= 27.6  ExpectedRange= 63.8  RangeRatio= 0.43  O= 77418.4  H= 77420.0  L= 77392.4  C= 77420.0
recent two = [np.float64(5.54), np.float64(5.5)]
newSynthFut =  77400
ATMStrike =  77300
AVG_OIPCR= 1.36
avgoiPCROld=  5.5
SUPP_RES = 77500
FUT LTP = 77420.0
CEchoi  PechOi = 92120.0    162240.0
====================================
totalOIPCR = 0.85
AVG_VOLPCR= 0.43
atmPCR= 0.28  belowATM  0.35
atmVolPCR= 0.17  belowATM  0.3
True   77420.0   77500   False   False   46.07
curr Doji False
BSE:SENSEX26AUG77400PE  curr candle vol pcr = 1.02  PE= 211980  CE= 208020      cpr =  0.98
BSE:SENSEX26AUG77500PE  prev candle vol pcr = 0.49  PE= 381000  CE= 780700      cpr =  2.05
VOL_PRESSURE_WATCH: SINGLE_CANDLE_CALL_PRESSURE | currCPR= 0.98  prevCPR= 2.05
ATM_CE_premium= 309.0  ATM_PE_premium= 281.7
CE_PremChg= -6.05  PE_PremChg= 4.75
CandleBody= 1.6  PrevBody= -77.2  CandleRange= 27.6  Bullish
TotalVol= 420000  PrevTotalVol= 1161700  VolSpike= 0.36 x 
SCALP_SCORE: NEUTRAL | BullScore= 0  BearScore= 0 | Confidence= LOW
DATAPOINT|09:27|FUT=77420.0|Body=1.6|PrevBody=-77.2|Range=27.6|RangeRatio=0.43|CurrVolPCR=1.02|PrevVolPCR=0.49|CurrCPR=0.98|PrevCPR=2.05|VolSpike=0.36|CE_PremChg=-6.05|PE_PremChg=4.75|BullScore=0|BearScore=0|Dir=NEUTRAL|Conf=LOW
CHART_PATTERN_DETECTED: HAMMER
  PATTERN_CONTEXT: Body= 1.6  Range= 27.6  ExpectedRange= 63.8  RangeRatio= 0.43  O= 77418.4  H= 77420.0  L= 77392.4  C= 77420.0
BSE:SENSEX-INDEX  strikecount= 3   fyers <fyers_apiv3.fyersModel.FyersModel object at 0x71aabc52b4d0>
======================================
oipcr1 =  BSE:SENSEX26AUG77600CE   0.35
oipcr2 =  BSE:SENSEX26AUG77500CE   0.71
oipcr3 =  BSE:SENSEX26AUG77400CE   0.64
oipcrBull = NoEntry  bulcount= 0  bearcount= 3 oipcrBear= BearTrade
atmpcr5 pcr6= 1.24    2.33
No Entry Yet
India VIX = 11.27  Spot Price = 77338.61
IV Regime = LOW (ADAPTIVE: P25= 11.31  P50= 11.85  P75= 12.14 ) | DailyRange = 1245.2 | 3minCandleRange = 65.5 (theoretical= 109.2 ) | ATMoptionMove = 29.5 | SL = 103 | Target = 103 | TrailTrigger = 29 | Spread = 300 | Buffer = 26
IV Params refreshed: {'vix': 11.27, 'bn_price': 77338.61, 'regime': 'LOW', 'regime_thresholds': 'P25=11.31 P50=11.85 P75=12.14', 'daily_range': 1245.2, 'candle_range': 65.5, 'atm_option_move': 29.5, 'sl_point': 103, 'target_point': 103, 'sl_pct_of_premium': 0.1, 'trail_trigger': 29, 'spread_width': 300, 'support_resistance_buffer': 26}
BSE:SENSEX-INDEX  strikecount= 8   fyers <fyers_apiv3.fyersModel.FyersModel object at 0x71aabc52b4d0>
===
====after 3 min ochain==== 2026-08-25 09:30:00.000413
                                    oipcr   choipcr   totalOI
pcr1 =  BSE:SENSEX26AUG78100PE   0.1   0.05 CALL added 32740   PUT added 1480  OI= 38860
pcr2 =  BSE:SENSEX26AUG78000CE   0.33   0.18 CALL added 185800   PUT added 33100  OI= 1128620
pcr3 =  BSE:SENSEX26AUG77900CE   0.25   -0.06 CALL added 11960   PUT unwind -660  OI= 386500
pcr4 =  BSE:SENSEX26AUG77800PE   0.3   0.61 CALL added 53360   PUT added 32620  OI= 201200
pcr5 =  BSE:SENSEX26AUG77700PE   0.28   -0.48 CALL added 30900   PUT unwind -14700  OI= 266140
pcr6 =  BSE:SENSEX26AUG77600CE   0.36    0.12 CALL added 199160   PUT added 24200  OI= 886340
pcr7 =  BSE:SENSEX26AUG77500CE   0.72   1.49 CALL added 142400   PUT added 211880  OI= 1266120
pcr8 =  BSE:SENSEX26AUG77400CE   0.71   1.12 CALL added 241460   PUT added 270840  OI= 776080
pcr9 =  BSE:SENSEX26AUG77300CE   1.37   1.31 CALL added 261340   PUT added 343460  OI= 687280
pcr10 =  BSE:SENSEX26AUG77200CE   2.6   4.25 CALL added 88560   PUT added 376540  OI= 288900
pcr11 =  BSE:SENSEX26AUG77100PE   3.69   3.2 CALL added 54440   PUT added 174260  OI= 390620
pcr12 =  BSE:SENSEX26AUG77000CE   2.49   4.3 CALL added 74380   PUT added 319900  OI= 356460
pcr13 =  BSE:SENSEX26AUG76900CE   8.15   21.5 CALL added 7800   PUT added 167720  OI= 40680
pcr14 =  BSE:SENSEX26AUG76800PE   12.58   23.48 CALL added 3400   PUT added 79820  OI= 307460
pcr15 =  BSE:SENSEX26AUG76700PE   17.19   1423.0 CALL added 40   PUT added 56920  OI= 241020
pcr16 =  BSE:SENSEX26AUG76600CE   26.96   331.5 CALL added 40   PUT added 13260  OI= 6980
pcr17 =  BSE:SENSEX26AUG76500CE   15.64   46.13 CALL added 1560   PUT added 71960  OI= 39460
pcrSummation= 10.28  result =  ['BSE:SENSEX26AUG77900CE', 'BSE:SENSEX26AUG77800PE', 'BSE:SENSEX26AUG77700PE', 'BSE:SENSEX26AUG77600CE', 'BSE:SENSEX26AUG77500CE', 'BSE:SENSEX26AUG77400CE', 'BSE:SENSEX26AUG77300CE', 'BSE:SENSEX26AUG77200CE', 'BSE:SENSEX26AUG77100PE']
PCRSUM== 93.72
pcrSummation== 10.28
VOLPCRSUM== 3.8500000000000005
spotLTP =  77337.82  ATM_STRIKE =  77300
IS_ATM_STRIKE_SHIFT = False  mapStrike = {77300: 77300}
avgOiPcrList2 = [np.float64(5.54), np.float64(5.5), np.float64(5.51)] atmStrikeNotShiftedCount= 4
False   4   3
SUPP_RES=== 77500  Buffer= 26
CEoich val =  142400.0  PEoich val =  211880.0 , CE < PE by 32.8%
SUPP_RES TOTAL OI: CE= 1266120  PE= 916660 , CE > PE by 27.6%
IS_MORNING_WINDOW= True  (active 9:15-9:48 IST)
================================================
==== signal check time ==== 2026-08-25 09:30:00.700314
IS_CHOI_DIFF_GT_25PERC== True
RSI_VAL1== 55.4
RSI_VAL2== 55.4
FUT_3m_OHLC O= 77471.0  H= 77485.4  L= 77471.0  C= 77485.4  Range= 14.3
CHART_PATTERN_DETECTED: DOUBLE_TOP_FORMING
  PATTERN_CONTEXT: Body= 14.3  Range= 14.3  ExpectedRange= 65.5  RangeRatio= 0.22  O= 77471.0  H= 77485.4  L= 77471.0  C= 77485.4
recent two = [np.float64(5.5), np.float64(5.51)]
newSynthFut =  77500
ATMStrike =  77300
AVG_OIPCR= 1.14
avgoiPCROld=  5.51
SUPP_RES = 77500
FUT LTP = 77485.4
CEchoi  PechOi = 142400.0    211880.0
====================================
totalOIPCR = 0.86
AVG_VOLPCR= 0.43
atmPCR= 0.28  belowATM  0.36
atmVolPCR= 0.16  belowATM  0.31
True   77485.4   77500   False   False   55.4
curr Doji False
BSE:SENSEX26AUG77400PE  curr candle vol pcr = 0.86  PE= 207540  CE= 242020      cpr =  1.17
BSE:SENSEX26AUG77400PE  prev candle vol pcr = 1.02  PE= 211980  CE= 208020      cpr =  0.98
ATM_CE_premium= 314.0  ATM_PE_premium= 276.65
CE_PremChg= 5.0  PE_PremChg= -5.05
CandleBody= 14.3  PrevBody= 1.6  CandleRange= 14.3  Bullish
TotalVol= 449560  PrevTotalVol= 420000  VolSpike= 1.07 x 
SCALP_SCORE: BULL | BullScore= 2  BearScore= 0 | Confidence= LOW
DATAPOINT|09:30|FUT=77485.4|Body=14.3|PrevBody=1.6|Range=14.3|RangeRatio=0.22|CurrVolPCR=0.86|PrevVolPCR=1.02|CurrCPR=1.17|PrevCPR=0.98|VolSpike=1.07|CE_PremChg=5.0|PE_PremChg=-5.05|BullScore=2|BearScore=0|Dir=BULL|Conf=LOW
CHART_PATTERN_DETECTED: DOUBLE_TOP_FORMING
  PATTERN_CONTEXT: Body= 14.3  Range= 14.3  ExpectedRange= 65.5  RangeRatio= 0.22  O= 77471.0  H= 77485.4  L= 77471.0  C= 77485.4
BSE:SENSEX-INDEX  strikecount= 3   fyers <fyers_apiv3.fyersModel.FyersModel object at 0x71aabc52b4d0>
======================================
oipcr1 =  BSE:SENSEX26AUG77600CE   0.36
oipcr2 =  BSE:SENSEX26AUG77500CE   0.72
oipcr3 =  BSE:SENSEX26AUG77400CE   0.71
oipcrBull = NoEntry  bulcount= 0  bearcount= 3 oipcrBear= BearTrade
atmpcr5 pcr6= 1.37    2.6
No Entry Yet
India VIX = 10.9  Spot Price = 77362.53
IV Regime = LOW (ADAPTIVE: P25= 11.31  P50= 11.85  P75= 12.14 ) | DailyRange = 1204.6 | 3minCandleRange = 63.4 (theoretical= 105.7 ) | ATMoptionMove = 28.5 | SL = 100 | Target = 100 | TrailTrigger = 29 | Spread = 300 | Buffer = 25
IV Params refreshed: {'vix': 10.9, 'bn_price': 77362.53, 'regime': 'LOW', 'regime_thresholds': 'P25=11.31 P50=11.85 P75=12.14', 'daily_range': 1204.6, 'candle_range': 63.4, 'atm_option_move': 28.5, 'sl_point': 100, 'target_point': 100, 'sl_pct_of_premium': 0.1, 'trail_trigger': 29, 'spread_width': 300, 'support_resistance_buffer': 25}
BSE:SENSEX-INDEX  strikecount= 8   fyers <fyers_apiv3.fyersModel.FyersModel object at 0x71aabc52b4d0>
===
====after 3 min ochain==== 2026-08-25 09:33:00.047413
                                    oipcr   choipcr   totalOI
pcr1 =  BSE:SENSEX26AUG78200PE   0.05   0.02 CALL added 107500   PUT added 2640  OI= 24040
pcr2 =  BSE:SENSEX26AUG78100PE   0.1   0.02 CALL added 41820   PUT added 980  OI= 38360
pcr3 =  BSE:SENSEX26AUG78000CE   0.32   0.16 CALL added 207380   PUT added 33100  OI= 1150200
pcr4 =  BSE:SENSEX26AUG77900CE   0.25   -0.02 CALL added 24260   PUT unwind -460  OI= 398800
pcr5 =  BSE:SENSEX26AUG77800PE   0.3   0.7 CALL added 53580   PUT added 37540  OI= 206120
pcr6 =  BSE:SENSEX26AUG77700PE   0.28    -0.36 CALL added 37060   PUT unwind -13440  OI= 267400
pcr7 =  BSE:SENSEX26AUG77600CE   0.36   0.12 CALL added 203940   PUT added 23500  OI= 891120
pcr8 =  BSE:SENSEX26AUG77500CE   0.71   1.31 CALL added 162220   PUT added 213080  OI= 1285940
pcr9 =  BSE:SENSEX26AUG77400CE   0.69   1.02 CALL added 272360   PUT added 278820  OI= 806980
pcr10 =  BSE:SENSEX26AUG77300CE   1.39   1.38 CALL added 273840   PUT added 376640  OI= 699780
pcr11 =  BSE:SENSEX26AUG77200CE   2.54   3.96 CALL added 94040   PUT added 372220  OI= 294380
pcr12 =  BSE:SENSEX26AUG77100PE   3.88   3.57 CALL added 54280   PUT added 193800  OI= 410160
pcr13 =  BSE:SENSEX26AUG77000CE   2.45   4.18 CALL added 72820   PUT added 304680  OI= 354900
pcr14 =  BSE:SENSEX26AUG76900CE   8.07   21.11 CALL added 7800   PUT added 164660  OI= 40680
pcr15 =  BSE:SENSEX26AUG76800PE   12.58   24.25 CALL added 3180   PUT added 77120  OI= 304760
pcr16 =  BSE:SENSEX26AUG76700PE   15.94   80.6 CALL added 600   PUT added 48360  OI= 232460
pcr17 =  BSE:SENSEX26AUG76600CE   26.43   73.67 CALL added 180   PUT added 13260  OI= 7120
pcrSummation= 10.399999999999999  result =  ['BSE:SENSEX26AUG77900CE', 'BSE:SENSEX26AUG77800PE', 'BSE:SENSEX26AUG77700PE', 'BSE:SENSEX26AUG77600CE', 'BSE:SENSEX26AUG77500CE', 'BSE:SENSEX26AUG77400CE', 'BSE:SENSEX26AUG77300CE', 'BSE:SENSEX26AUG77200CE', 'BSE:SENSEX26AUG77100PE']
PCRSUM== 76.34
pcrSummation== 10.4
VOLPCRSUM== 2.63
spotLTP =  77363.96  ATM_STRIKE =  77400
IS_ATM_STRIKE_SHIFT = True  mapStrike = {77400: 77400}
avgOiPcrList2 = [np.float64(4.49)] atmStrikeNotShiftedCount= 1
True   1   1
SUPP_RES=== 77500  Buffer= 25
CEoich val =  162220.0  PEoich val =  213080.0 , CE < PE by 23.9%
SUPP_RES TOTAL OI: CE= 1285940  PE= 917860 , CE > PE by 28.6%
IS_MORNING_WINDOW= True  (active 9:15-9:48 IST)
================================================
==== signal check time ==== 2026-08-25 09:33:00.763561
IS_CHOI_DIFF_GT_25PERC== False
RSI_VAL1== 55.4
RSI_VAL2== 55.4
FUT_3m_OHLC O= 77499.4  H= 77499.4  L= 77485.4  C= 77485.4  Range= 14.1
CHART_PATTERN_DETECTED: DOUBLE_TOP_FORMING
  PATTERN_CONTEXT: Body= -14.1  Range= 14.1  ExpectedRange= 63.4  RangeRatio= 0.22  O= 77499.4  H= 77499.4  L= 77485.4  C= 77485.4
newSynthFut =  77500
ATMStrike =  77400
AVG_OIPCR= 1.16
avgoiPCROld=  4.49
SUPP_RES = 77500
FUT LTP = 77485.4
CEchoi  PechOi = 162220.0    213080.0
====================================
totalOIPCR = 0.85
AVG_VOLPCR= 0.29
atmPCR= 0.3  belowATM  0.28
atmVolPCR= 0.26  belowATM  0.17
False   77485.4   77500   False   False   55.4
curr Doji False
BSE:SENSEX26AUG77400PE  curr candle vol pcr = 0.91  PE= 197120  CE= 216620      cpr =  1.1
BSE:SENSEX26AUG77400PE  prev candle vol pcr = 0.86  PE= 207540  CE= 242020      cpr =  1.17
ATM_CE_premium= 327.9  ATM_PE_premium= 257.85
CE_PremChg= 13.9  PE_PremChg= -18.8
CandleBody= -14.1  PrevBody= 14.3  CandleRange= 14.1  Bearish
TotalVol= 413740  PrevTotalVol= 449560  VolSpike= 0.92 x 
SCALP_SCORE: BEAR | BullScore= 0  BearScore= 2 | Confidence= LOW
DATAPOINT|09:33|FUT=77485.4|Body=-14.1|PrevBody=14.3|Range=14.1|RangeRatio=0.22|CurrVolPCR=0.91|PrevVolPCR=0.86|CurrCPR=1.1|PrevCPR=1.17|VolSpike=0.92|CE_PremChg=13.9|PE_PremChg=-18.8|BullScore=0|BearScore=2|Dir=BEAR|Conf=LOW
CHART_PATTERN_DETECTED: DOUBLE_TOP_FORMING
  PATTERN_CONTEXT: Body= -14.1  Range= 14.1  ExpectedRange= 63.4  RangeRatio= 0.22  O= 77499.4  H= 77499.4  L= 77485.4  C= 77485.4
BSE:SENSEX-INDEX  strikecount= 3   fyers <fyers_apiv3.fyersModel.FyersModel object at 0x71aabc52b4d0>
======================================
oipcr1 =  BSE:SENSEX26AUG77700PE   0.28
oipcr2 =  BSE:SENSEX26AUG77600CE   0.36
oipcr3 =  BSE:SENSEX26AUG77500CE   0.71
oipcrBull = NoEntry  bulcount= 0  bearcount= 3 oipcrBear= BearTrade
atmpcr5 pcr6= 0.69    1.39
No Entry Yet
India VIX = 10.89  Spot Price = 77370.48
IV Regime = LOW (ADAPTIVE: P25= 11.31  P50= 11.85  P75= 12.14 ) | DailyRange = 1203.7 | 3minCandleRange = 63.3 (theoretical= 105.6 ) | ATMoptionMove = 28.5 | SL = 100 | Target = 100 | TrailTrigger = 29 | Spread = 300 | Buffer = 25
IV Params refreshed: {'vix': 10.89, 'bn_price': 77370.48, 'regime': 'LOW', 'regime_thresholds': 'P25=11.31 P50=11.85 P75=12.14', 'daily_range': 1203.7, 'candle_range': 63.3, 'atm_option_move': 28.5, 'sl_point': 100, 'target_point': 100, 'sl_pct_of_premium': 0.1, 'trail_trigger': 29, 'spread_width': 300, 'support_resistance_buffer': 25}
BSE:SENSEX-INDEX  strikecount= 8   fyers <fyers_apiv3.fyersModel.FyersModel object at 0x71aabc52b4d0>
===
====after 3 min ochain==== 2026-08-25 09:36:00.049339
                                    oipcr   choipcr   totalOI
pcr1 =  BSE:SENSEX26AUG78200PE   0.05   0.02 CALL added 119140   PUT added 2800  OI= 24200
pcr2 =  BSE:SENSEX26AUG78100PE   0.1   0.03 CALL added 50440   PUT added 1280  OI= 38660
pcr3 =  BSE:SENSEX26AUG78000CE   0.33   0.21 CALL added 180700   PUT added 37080  OI= 1123520
pcr4 =  BSE:SENSEX26AUG77900CE   0.25   0.14 CALL added 25160   PUT added 3520  OI= 399700
pcr5 =  BSE:SENSEX26AUG77800PE   0.31   0.76 CALL added 59900   PUT added 45660  OI= 214240
pcr6 =  BSE:SENSEX26AUG77700PE   0.29    -0.11 CALL added 39760   PUT unwind -4560  OI= 276280
pcr7 =  BSE:SENSEX26AUG77600CE   0.36   0.15 CALL added 217200   PUT added 32860  OI= 904380
pcr8 =  BSE:SENSEX26AUG77500CE   0.74   1.44 CALL added 182900   PUT added 263020  OI= 1306620
pcr9 =  BSE:SENSEX26AUG77400CE   0.73   1.14 CALL added 274120   PUT added 312120  OI= 808740
pcr10 =  BSE:SENSEX26AUG77300CE   1.26   1.09 CALL added 358320   PUT added 391800  OI= 784260
pcr11 =  BSE:SENSEX26AUG77200CE   2.61   4.31 CALL added 87220   PUT added 375680  OI= 287560
pcr12 =  BSE:SENSEX26AUG77100PE   3.99   3.77 CALL added 52460   PUT added 197920  OI= 414280
pcr13 =  BSE:SENSEX26AUG77000CE   2.42   3.83 CALL added 82460   PUT added 315580  OI= 364540
pcr14 =  BSE:SENSEX26AUG76900CE   8.37   23.07 CALL added 7600   PUT added 175340  OI= 40480
pcr15 =  BSE:SENSEX26AUG76800PE   12.77   25.05 CALL added 3340   PUT added 83660  OI= 311300
pcr16 =  BSE:SENSEX26AUG76700PE   16.83   -494.6 CALL unwind -100   PUT added 49460  OI= 233560
pcr17 =  BSE:SENSEX26AUG76600CE   26.24   48.62 CALL added 320   PUT added 15560  OI= 7260
pcrSummation= 10.54  result =  ['BSE:SENSEX26AUG77900CE', 'BSE:SENSEX26AUG77800PE', 'BSE:SENSEX26AUG77700PE', 'BSE:SENSEX26AUG77600CE', 'BSE:SENSEX26AUG77500CE', 'BSE:SENSEX26AUG77400CE', 'BSE:SENSEX26AUG77300CE', 'BSE:SENSEX26AUG77200CE', 'BSE:SENSEX26AUG77100PE']
PCRSUM== 77.65
pcrSummation== 10.54
VOLPCRSUM== 2.56
spotLTP =  77369.53  ATM_STRIKE =  77400
IS_ATM_STRIKE_SHIFT = False  mapStrike = {77400: 77400}
avgOiPcrList2 = [np.float64(4.49), np.float64(4.57)] atmStrikeNotShiftedCount= 2
False   2   2
SUPP_RES=== 77500  Buffer= 25
CEoich val =  182900.0  PEoich val =  263020.0 , CE < PE by 30.5%
SUPP_RES TOTAL OI: CE= 1306620  PE= 967800 , CE > PE by 25.9%
IS_MORNING_WINDOW= True  (active 9:15-9:48 IST)
================================================
==== signal check time ==== 2026-08-25 09:36:00.757575
IS_CHOI_DIFF_GT_25PERC== True
RSI_VAL1== 60.41
RSI_VAL2== 60.41
FUT_3m_OHLC O= 77485.4  H= 77550.0  L= 77470.1  C= 77526.6  Range= 79.9
CHART_PATTERN_DETECTED: BULLISH_ENGULFING | OUTSIDE_BAR
  PATTERN_CONTEXT: Body= 41.2  Range= 79.9  ExpectedRange= 63.3  RangeRatio= 1.26  O= 77485.4  H= 77550.0  L= 77470.1  C= 77526.6
newSynthFut =  77500
ATMStrike =  77400
AVG_OIPCR= 1.17
avgoiPCROld=  4.57
SUPP_RES = 77500
FUT LTP = 77526.65
CEchoi  PechOi = 182900.0    263020.0
====================================
totalOIPCR = 0.85
AVG_VOLPCR= 0.28
atmPCR= 0.31  belowATM  0.29
atmVolPCR= 0.27  belowATM  0.17
True   77526.65   77500   False   False   60.41
curr Doji False
BSE:SENSEX26AUG77400PE  curr candle vol pcr = 0.54  PE= 187040  CE= 347360      cpr =  1.86
BSE:SENSEX26AUG77400PE  prev candle vol pcr = 0.91  PE= 197120  CE= 216620      cpr =  1.1
ATM_CE_premium= 334.7  ATM_PE_premium= 249.3
CE_PremChg= 6.8  PE_PremChg= -8.55
CandleBody= 41.2  PrevBody= -14.1  CandleRange= 79.9  Bullish
TotalVol= 534400  PrevTotalVol= 413740  VolSpike= 1.29 x 
SCALP_SCORE: NEUTRAL | BullScore= 1  BearScore= 1 | Confidence= LOW
DATAPOINT|09:36|FUT=77526.6|Body=41.2|PrevBody=-14.1|Range=79.9|RangeRatio=1.26|CurrVolPCR=0.54|PrevVolPCR=0.91|CurrCPR=1.86|PrevCPR=1.1|VolSpike=1.29|CE_PremChg=6.8|PE_PremChg=-8.55|BullScore=1|BearScore=1|Dir=NEUTRAL|Conf=LOW
CHART_PATTERN_DETECTED: BULLISH_ENGULFING | OUTSIDE_BAR
  PATTERN_CONTEXT: Body= 41.2  Range= 79.9  ExpectedRange= 63.3  RangeRatio= 1.26  O= 77485.4  H= 77550.0  L= 77470.1  C= 77526.6
BSE:SENSEX-INDEX  strikecount= 3   fyers <fyers_apiv3.fyersModel.FyersModel object at 0x71aabc52b4d0>
======================================
oipcr1 =  BSE:SENSEX26AUG77700PE   0.29
oipcr2 =  BSE:SENSEX26AUG77600CE   0.36
oipcr3 =  BSE:SENSEX26AUG77500CE   0.74
oipcrBull = NoEntry  bulcount= 0  bearcount= 3 oipcrBear= BearTrade
atmpcr5 pcr6= 0.73    1.26
No Entry Yet
India VIX = 11.36  Spot Price = 77316.12
IV Regime = NORMAL (ADAPTIVE: P25= 11.31  P50= 11.85  P75= 12.14 ) | DailyRange = 1254.7 | 3minCandleRange = 66.0 (theoretical= 110.0 ) | ATMoptionMove = 29.7 | SL = 104 | Target = 104 | TrailTrigger = 30 | Spread = 300 | Buffer = 33
IV Params refreshed: {'vix': 11.36, 'bn_price': 77316.12, 'regime': 'NORMAL', 'regime_thresholds': 'P25=11.31 P50=11.85 P75=12.14', 'daily_range': 1254.7, 'candle_range': 66.0, 'atm_option_move': 29.7, 'sl_point': 104, 'target_point': 104, 'sl_pct_of_premium': 0.1, 'trail_trigger': 30, 'spread_width': 300, 'support_resistance_buffer': 33}
BSE:SENSEX-INDEX  strikecount= 8   fyers <fyers_apiv3.fyersModel.FyersModel object at 0x71aabc52b4d0>
===
====after 3 min ochain==== 2026-08-25 09:39:00.058281
                                    oipcr   choipcr   totalOI
pcr1 =  BSE:SENSEX26AUG78100PE   0.1   0.02 CALL added 57020   PUT added 1320  OI= 38700
pcr2 =  BSE:SENSEX26AUG78000CE   0.33   0.21 CALL added 198500   PUT added 41160  OI= 1141320
pcr3 =  BSE:SENSEX26AUG77900CE   0.25   0.09 CALL added 36260   PUT added 3140  OI= 410800
pcr4 =  BSE:SENSEX26AUG77800PE   0.31   0.63 CALL added 74080   PUT added 46780  OI= 215360
pcr5 =  BSE:SENSEX26AUG77700PE   0.29   -0.26 CALL added 20320   PUT unwind -5200  OI= 275640
pcr6 =  BSE:SENSEX26AUG77600CE   0.37    0.18 CALL added 221840   PUT added 39460  OI= 909020
pcr7 =  BSE:SENSEX26AUG77500CE   0.74   1.32 CALL added 220200   PUT added 290400  OI= 1343920
pcr8 =  BSE:SENSEX26AUG77400CE   0.74   1.11 CALL added 320080   PUT added 354860  OI= 854700
pcr9 =  BSE:SENSEX26AUG77300CE   1.28   1.15 CALL added 384900   PUT added 441860  OI= 810840
pcr10 =  BSE:SENSEX26AUG77200CE   2.71   4.75 CALL added 83280   PUT added 395240  OI= 283620
pcr11 =  BSE:SENSEX26AUG77100PE   4.01   3.82 CALL added 55440   PUT added 211760  OI= 428120
pcr12 =  BSE:SENSEX26AUG77000CE   2.47   4.01 CALL added 85120   PUT added 341140  OI= 367200
pcr13 =  BSE:SENSEX26AUG76900CE   8.54   24.84 CALL added 7180   PUT added 178320  OI= 40060
pcr14 =  BSE:SENSEX26AUG76800PE   13.21   30.46 CALL added 2920   PUT added 88940  OI= 316580
pcr15 =  BSE:SENSEX26AUG76700PE   17.11   -442.33 CALL unwind -120   PUT added 53080  OI= 237180
pcr16 =  BSE:SENSEX26AUG76600CE   26.09   37.85 CALL added 520   PUT added 19680  OI= 7460
pcr17 =  BSE:SENSEX26AUG76500CE   16.29   318.08 CALL added 240   PUT added 76340  OI= 38140
pcrSummation= 10.7  result =  ['BSE:SENSEX26AUG77900CE', 'BSE:SENSEX26AUG77800PE', 'BSE:SENSEX26AUG77700PE', 'BSE:SENSEX26AUG77600CE', 'BSE:SENSEX26AUG77500CE', 'BSE:SENSEX26AUG77400CE', 'BSE:SENSEX26AUG77300CE', 'BSE:SENSEX26AUG77200CE', 'BSE:SENSEX26AUG77100PE']
PCRSUM== 94.84
pcrSummation== 10.7
VOLPCRSUM== 3.76
spotLTP =  77316.12  ATM_STRIKE =  77300
IS_ATM_STRIKE_SHIFT = True  mapStrike = {77300: 77300}
avgOiPcrList2 = [np.float64(5.58)] atmStrikeNotShiftedCount= 1
True   1   1
SUPP_RES=== 77500  Buffer= 33
CEoich val =  220200.0  PEoich val =  290400.0 , CE < PE by 24.2%
SUPP_RES TOTAL OI: CE= 1343920  PE= 995180 , CE > PE by 25.9%
IS_MORNING_WINDOW= True  (active 9:15-9:48 IST)
================================================
==== signal check time ==== 2026-08-25 09:39:00.737076
IS_CHOI_DIFF_GT_25PERC== False
RSI_VAL1== 55.28
RSI_VAL2== 55.28
FUT_3m_OHLC O= 77520.0  H= 77520.0  L= 77495.0  C= 77495.0  Range= 25.0
CHART_PATTERN_DETECTED: INSIDE_BAR | DOUBLE_BOTTOM_FORMING
  PATTERN_CONTEXT: Body= -25.0  Range= 25.0  ExpectedRange= 66.0  RangeRatio= 0.38  O= 77520.0  H= 77520.0  L= 77495.0  C= 77495.0
newSynthFut =  77500
ATMStrike =  77300
AVG_OIPCR= 1.19
avgoiPCROld=  5.58
SUPP_RES = 77500
FUT LTP = 77495.0
CEchoi  PechOi = 220200.0    290400.0
====================================
totalOIPCR = 0.85
AVG_VOLPCR= 0.42
atmPCR= 0.29  belowATM  0.37
atmVolPCR= 0.18  belowATM  0.33
False   77495.0   77500   False   False   55.28
curr Doji False
BSE:SENSEX26AUG77500PE  curr candle vol pcr = 0.79  PE= 246120  CE= 310980      cpr =  1.26
BSE:SENSEX26AUG77400PE  prev candle vol pcr = 0.54  PE= 187040  CE= 347360      cpr =  1.86
ATM_CE_premium= 251.1  ATM_PE_premium= 322.0
CE_PremChg= -29.5  PE_PremChg= 25.05
CandleBody= -25.0  PrevBody= 41.2  CandleRange= 25.0  Bearish
TotalVol= 557100  PrevTotalVol= 534400  VolSpike= 1.04 x 
SCALP_SCORE: NEUTRAL | BullScore= 1  BearScore= 1 | Confidence= LOW
DATAPOINT|09:39|FUT=77495.0|Body=-25.0|PrevBody=41.2|Range=25.0|RangeRatio=0.38|CurrVolPCR=0.79|PrevVolPCR=0.54|CurrCPR=1.26|PrevCPR=1.86|VolSpike=1.04|CE_PremChg=-29.5|PE_PremChg=25.05|BullScore=1|BearScore=1|Dir=NEUTRAL|Conf=LOW
CHART_PATTERN_DETECTED: INSIDE_BAR | DOUBLE_BOTTOM_FORMING
  PATTERN_CONTEXT: Body= -25.0  Range= 25.0  ExpectedRange= 66.0  RangeRatio= 0.38  O= 77520.0  H= 77520.0  L= 77495.0  C= 77495.0
BSE:SENSEX-INDEX  strikecount= 3   fyers <fyers_apiv3.fyersModel.FyersModel object at 0x71aabc52b4d0>
======================================
oipcr1 =  BSE:SENSEX26AUG77600CE   0.37
oipcr2 =  BSE:SENSEX26AUG77500CE   0.74
oipcr3 =  BSE:SENSEX26AUG77400CE   0.74
oipcrBull = NoEntry  bulcount= 0  bearcount= 3 oipcrBear= BearTrade
atmpcr5 pcr6= 1.28    2.71
No Entry Yet
India VIX = 11.35  Spot Price = 77270.5
IV Regime = NORMAL (ADAPTIVE: P25= 11.31  P50= 11.85  P75= 12.14 ) | DailyRange = 1252.9 | 3minCandleRange = 65.9 (theoretical= 109.9 ) | ATMoptionMove = 29.7 | SL = 104 | Target = 104 | TrailTrigger = 30 | Spread = 300 | Buffer = 33
IV Params refreshed: {'vix': 11.35, 'bn_price': 77270.5, 'regime': 'NORMAL', 'regime_thresholds': 'P25=11.31 P50=11.85 P75=12.14', 'daily_range': 1252.9, 'candle_range': 65.9, 'atm_option_move': 29.7, 'sl_point': 104, 'target_point': 104, 'sl_pct_of_premium': 0.1, 'trail_trigger': 30, 'spread_width': 300, 'support_resistance_buffer': 33}
BSE:SENSEX-INDEX  strikecount= 8   fyers <fyers_apiv3.fyersModel.FyersModel object at 0x71aabc52b4d0>
===
====after 3 min ochain==== 2026-08-25 09:42:00.052665
                                    oipcr   choipcr   totalOI
pcr1 =  BSE:SENSEX26AUG78100PE   0.1   0.03 CALL added 62680   PUT added 1900  OI= 39280
pcr2 =  BSE:SENSEX26AUG78000CE   0.32   0.17 CALL added 211500   PUT added 36220  OI= 1154320
pcr3 =  BSE:SENSEX26AUG77900CE   0.24   0.04 CALL added 49120   PUT added 2140  OI= 423660
pcr4 =  BSE:SENSEX26AUG77800PE   0.3   0.5 CALL added 89240   PUT added 44540  OI= 213120
pcr5 =  BSE:SENSEX26AUG77700PE   0.28   -0.29 CALL added 35940   PUT unwind -10520  OI= 270320
pcr6 =  BSE:SENSEX26AUG77600CE   0.37    0.19 CALL added 231180   PUT added 45040  OI= 918360
pcr7 =  BSE:SENSEX26AUG77500CE   0.72   1.07 CALL added 284840   PUT added 303920  OI= 1408560
pcr8 =  BSE:SENSEX26AUG77400CE   0.76   1.16 CALL added 333940   PUT added 387560  OI= 868560
pcr9 =  BSE:SENSEX26AUG77300CE   1.25   1.08 CALL added 399140   PUT added 431540  OI= 825080
pcr10 =  BSE:SENSEX26AUG77200CE   2.67   4.52 CALL added 87560   PUT added 396020  OI= 287900
pcr11 =  BSE:SENSEX26AUG77100PE   4.0   3.82 CALL added 59760   PUT added 228020  OI= 444380
pcr12 =  BSE:SENSEX26AUG77000CE   2.45   3.82 CALL added 92040   PUT added 351260  OI= 374120
pcr13 =  BSE:SENSEX26AUG76900CE   8.06   18.1 CALL added 10100   PUT added 182760  OI= 42980
pcr14 =  BSE:SENSEX26AUG76800PE   13.28   27.87 CALL added 3540   PUT added 98660  OI= 326300
pcr15 =  BSE:SENSEX26AUG76700PE   15.07   28.78 CALL added 1940   PUT added 55840  OI= 239940
pcr16 =  BSE:SENSEX26AUG76600CE   24.71   21.5 CALL added 1080   PUT added 23220  OI= 8020
pcr17 =  BSE:SENSEX26AUG76500CE   16.31   124.09 CALL added 680   PUT added 84380  OI= 38580
pcrSummation= 12.8  result =  ['BSE:SENSEX26AUG77800PE', 'BSE:SENSEX26AUG77700PE', 'BSE:SENSEX26AUG77600CE', 'BSE:SENSEX26AUG77500CE', 'BSE:SENSEX26AUG77400CE', 'BSE:SENSEX26AUG77300CE', 'BSE:SENSEX26AUG77200CE', 'BSE:SENSEX26AUG77100PE', 'BSE:SENSEX26AUG77000CE']
PCRSUM== 90.89
pcrSummation== 12.8
VOLPCRSUM== 3.9000000000000004
spotLTP =  77270.5  ATM_STRIKE =  77300
IS_ATM_STRIKE_SHIFT = False  mapStrike = {77300: 77300}
avgOiPcrList2 = [np.float64(5.58), np.float64(5.35)] atmStrikeNotShiftedCount= 2
False   2   2
SUPP_RES=== 77500  Buffer= 33
CEoich val =  284840.0  PEoich val =  303920.0 , CE < PE by 6.3%
SUPP_RES TOTAL OI: CE= 1408560  PE= 1008700 , CE > PE by 28.4%
IS_MORNING_WINDOW= True  (active 9:15-9:48 IST)
================================================
==== signal check time ==== 2026-08-25 09:42:00.740796
IS_CHOI_DIFF_GT_25PERC== False
RSI_VAL1== 46.0
RSI_VAL2== 46.0
FUT_3m_OHLC O= 77495.0  H= 77495.0  L= 77425.2  C= 77425.2  Range= 69.8
CHART_PATTERN_DETECTED: STRONG_MOMENTUM_BEAR
  PATTERN_CONTEXT: Body= -69.8  Range= 69.8  ExpectedRange= 65.9  RangeRatio= 1.06  O= 77495.0  H= 77495.0  L= 77425.2  C= 77425.2
newSynthFut =  77400
ATMStrike =  77300
AVG_OIPCR= 1.42
avgoiPCROld=  5.35
SUPP_RES = 77500
FUT LTP = 77425.2
CEchoi  PechOi = 284840.0    303920.0
====================================
totalOIPCR = 0.85
AVG_VOLPCR= 0.43
atmPCR= 0.28  belowATM  0.37
atmVolPCR= 0.19  belowATM  0.35
False   77425.2   77500   False   False   46.0
curr Doji False
BSE:SENSEX26AUG77400PE  curr candle vol pcr = 1.33  PE= 282880  CE= 212140      cpr =  0.75
BSE:SENSEX26AUG77500PE  prev candle vol pcr = 0.79  PE= 246120  CE= 310980      cpr =  1.26
ATM_CE_premium= 278.05  ATM_PE_premium= 291.3
CE_PremChg= -22.55  PE_PremChg= 17.85
CandleBody= -69.8  PrevBody= -25.0  CandleRange= 69.8  Bearish
TotalVol= 495020  PrevTotalVol= 557100  VolSpike= 0.89 x 
SCALP_SCORE: BEAR | BullScore= 1  BearScore= 2 | Confidence= LOW
DATAPOINT|09:42|FUT=77425.2|Body=-69.8|PrevBody=-25.0|Range=69.8|RangeRatio=1.06|CurrVolPCR=1.33|PrevVolPCR=0.79|CurrCPR=0.75|PrevCPR=1.26|VolSpike=0.89|CE_PremChg=-22.55|PE_PremChg=17.85|BullScore=1|BearScore=2|Dir=BEAR|Conf=LOW
CHART_PATTERN_DETECTED: STRONG_MOMENTUM_BEAR
  PATTERN_CONTEXT: Body= -69.8  Range= 69.8  ExpectedRange= 65.9  RangeRatio= 1.06  O= 77495.0  H= 77495.0  L= 77425.2  C= 77425.2
BSE:SENSEX-INDEX  strikecount= 3   fyers <fyers_apiv3.fyersModel.FyersModel object at 0x71aabc52b4d0>
======================================
oipcr1 =  BSE:SENSEX26AUG77600CE   0.37
oipcr2 =  BSE:SENSEX26AUG77500CE   0.72
oipcr3 =  BSE:SENSEX26AUG77400CE   0.76
oipcrBull = NoEntry  bulcount= 0  bearcount= 3 oipcrBear= BearTrade
atmpcr5 pcr6= 1.25    2.67
No Entry Yet
India VIX = 11.41  Spot Price = 77244.92
IV Regime = NORMAL (ADAPTIVE: P25= 11.31  P50= 11.85  P75= 12.14 ) | DailyRange = 1259.1 | 3minCandleRange = 66.3 (theoretical= 110.4 ) | ATMoptionMove = 29.8 | SL = 104 | Target = 104 | TrailTrigger = 30 | Spread = 300 | Buffer = 33
IV Params refreshed: {'vix': 11.41, 'bn_price': 77244.92, 'regime': 'NORMAL', 'regime_thresholds': 'P25=11.31 P50=11.85 P75=12.14', 'daily_range': 1259.1, 'candle_range': 66.3, 'atm_option_move': 29.8, 'sl_point': 104, 'target_point': 104, 'sl_pct_of_premium': 0.1, 'trail_trigger': 30, 'spread_width': 300, 'support_resistance_buffer': 33}
BSE:SENSEX-INDEX  strikecount= 8   fyers <fyers_apiv3.fyersModel.FyersModel object at 0x71aabc52b4d0>
===
====after 3 min ochain==== 2026-08-25 09:45:00.000002
                                    oipcr   choipcr   totalOI
pcr1 =  BSE:SENSEX26AUG78000CE   0.31   0.13 CALL added 227800   PUT added 29340  OI= 1170620
pcr2 =  BSE:SENSEX26AUG77900CE   0.23   0.02 CALL added 55280   PUT added 860  OI= 429820
pcr3 =  BSE:SENSEX26AUG77800PE   0.28   0.34 CALL added 88680   PUT added 29820  OI= 198400
pcr4 =  BSE:SENSEX26AUG77700PE   0.28   -0.2 CALL added 55460   PUT unwind -10980  OI= 269860
pcr5 =  BSE:SENSEX26AUG77600CE   0.38   0.23 CALL added 231000   PUT added 52600  OI= 918180
pcr6 =  BSE:SENSEX26AUG77500CE   0.68    0.84 CALL added 324420   PUT added 273960  OI= 1448140
pcr7 =  BSE:SENSEX26AUG77400CE   0.72   1.04 CALL added 339560   PUT added 354020  OI= 874180
pcr8 =  BSE:SENSEX26AUG77300CE   1.19   0.97 CALL added 417100   PUT added 402820  OI= 843040
pcr9 =  BSE:SENSEX26AUG77200CE   2.67   4.3 CALL added 98220   PUT added 422580  OI= 298560
pcr10 =  BSE:SENSEX26AUG77100PE   3.68   3.29 CALL added 69340   PUT added 227900  OI= 444260
pcr11 =  BSE:SENSEX26AUG77000CE   2.48   3.78 CALL added 101720   PUT added 384460  OI= 383800
pcr12 =  BSE:SENSEX26AUG76900CE   7.68   14.39 CALL added 13220   PUT added 190240  OI= 46100
pcr13 =  BSE:SENSEX26AUG76800PE   13.46   29.22 CALL added 3520   PUT added 102840  OI= 330480
pcr14 =  BSE:SENSEX26AUG76700PE   13.61   15.06 CALL added 4260   PUT added 64160  OI= 248260
pcr15 =  BSE:SENSEX26AUG76600CE   25.35   26.19 CALL added 1160   PUT added 30380  OI= 8100
pcr16 =  BSE:SENSEX26AUG76500CE   16.09   106.36 CALL added 720   PUT added 76580  OI= 38620
pcr17 =  BSE:SENSEX26AUG76400PE   47.93   42.42 CALL added 1060   PUT added 44960  OI= 188860
pcrSummation= 12.36  result =  ['BSE:SENSEX26AUG77800PE', 'BSE:SENSEX26AUG77700PE', 'BSE:SENSEX26AUG77600CE', 'BSE:SENSEX26AUG77500CE', 'BSE:SENSEX26AUG77400CE', 'BSE:SENSEX26AUG77300CE', 'BSE:SENSEX26AUG77200CE', 'BSE:SENSEX26AUG77100PE', 'BSE:SENSEX26AUG77000CE']
PCRSUM== 137.02
pcrSummation== 12.36
VOLPCRSUM== 5.6
spotLTP =  77244.92  ATM_STRIKE =  77200
IS_ATM_STRIKE_SHIFT = True  mapStrike = {77200: 77200}
avgOiPcrList2 = [np.float64(8.06)] atmStrikeNotShiftedCount= 1
True   1   1
SUPP_RES=== 77500  Buffer= 33
CEoich val =  324420.0  PEoich val =  273960.0 , CE > PE by 15.6%
SUPP_RES TOTAL OI: CE= 1448140  PE= 978740 , CE > PE by 32.4%
IS_MORNING_WINDOW= True  (active 9:15-9:48 IST)
================================================
==== signal check time ==== 2026-08-25 09:45:00.765723
IS_CHOI_DIFF_GT_25PERC== False
RSI_VAL1== 38.71
RSI_VAL2== 38.71
FUT_3m_OHLC O= 77400.0  H= 77400.0  L= 77352.5  C= 77352.5  Range= 47.5
CHART_PATTERN_DETECTED: THREE_BLACK_CROWS
  PATTERN_CONTEXT: Body= -47.5  Range= 47.5  ExpectedRange= 66.3  RangeRatio= 0.72  O= 77400.0  H= 77400.0  L= 77352.5  C= 77352.5
newSynthFut =  77400
ATMStrike =  77200
AVG_OIPCR= 1.37
avgoiPCROld=  8.06
SUPP_RES = 77500
FUT LTP = 77352.5
CEchoi  PechOi = 324420.0    273960.0
====================================
totalOIPCR = 0.85
AVG_VOLPCR= 0.62
atmPCR= 0.38  belowATM  0.68
atmVolPCR= 0.39  belowATM  0.65
False   77352.5   77500   False   False   38.71
curr Doji False
BSE:SENSEX26AUG77400PE  curr candle vol pcr = 1.88  PE= 330660  CE= 175760      cpr =  0.53
BSE:SENSEX26AUG77400PE  prev candle vol pcr = 1.33  PE= 282880  CE= 212140      cpr =  0.75
ATM_CE_premium= 262.25  ATM_PE_premium= 303.75
CE_PremChg= -15.8  PE_PremChg= 12.45
CandleBody= -47.5  PrevBody= -69.8  CandleRange= 47.5  Bearish
TotalVol= 506420  PrevTotalVol= 495020  VolSpike= 1.02 x 
SCALP_SCORE: NEUTRAL | BullScore= 2  BearScore= 2 | Confidence= LOW
DATAPOINT|09:45|FUT=77352.5|Body=-47.5|PrevBody=-69.8|Range=47.5|RangeRatio=0.72|CurrVolPCR=1.88|PrevVolPCR=1.33|CurrCPR=0.53|PrevCPR=0.75|VolSpike=1.02|CE_PremChg=-15.8|PE_PremChg=12.45|BullScore=2|BearScore=2|Dir=NEUTRAL|Conf=LOW
CHART_PATTERN_DETECTED: THREE_BLACK_CROWS
  PATTERN_CONTEXT: Body= -47.5  Range= 47.5  ExpectedRange= 66.3  RangeRatio= 0.72  O= 77400.0  H= 77400.0  L= 77352.5  C= 77352.5
BSE:SENSEX-INDEX  strikecount= 3   fyers <fyers_apiv3.fyersModel.FyersModel object at 0x71aabc52b4d0>
======================================
oipcr1 =  BSE:SENSEX26AUG77500CE   0.68
oipcr2 =  BSE:SENSEX26AUG77400CE   0.72
oipcr3 =  BSE:SENSEX26AUG77300CE   1.19
oipcrBull = NoEntry  bulcount= 1  bearcount= 2 oipcrBear= BearTrade
atmpcr5 pcr6= 2.67    3.68
No Entry Yet
India VIX = 11.32  Spot Price = 77265.75
IV Regime = NORMAL (ADAPTIVE: P25= 11.31  P50= 11.85  P75= 12.14 ) | DailyRange = 1249.5 | 3minCandleRange = 65.8 (theoretical= 109.6 ) | ATMoptionMove = 29.6 | SL = 104 | Target = 104 | TrailTrigger = 30 | Spread = 300 | Buffer = 33
IV Params refreshed: {'vix': 11.32, 'bn_price': 77265.75, 'regime': 'NORMAL', 'regime_thresholds': 'P25=11.31 P50=11.85 P75=12.14', 'daily_range': 1249.5, 'candle_range': 65.8, 'atm_option_move': 29.6, 'sl_point': 104, 'target_point': 104, 'sl_pct_of_premium': 0.1, 'trail_trigger': 30, 'spread_width': 300, 'support_resistance_buffer': 33}
BSE:SENSEX-INDEX  strikecount= 8   fyers <fyers_apiv3.fyersModel.FyersModel object at 0x71aabc52b4d0>
===
====after 3 min ochain==== 2026-08-25 09:48:00.047508
                                    oipcr   choipcr   totalOI
pcr1 =  BSE:SENSEX26AUG78100PE   0.09   0.01 CALL added 75980   PUT added 400  OI= 37780
pcr2 =  BSE:SENSEX26AUG78000CE   0.3   0.08 CALL added 227340   PUT added 17760  OI= 1170160
pcr3 =  BSE:SENSEX26AUG77900CE   0.22   -0.02 CALL added 58940   PUT unwind -980  OI= 433480
pcr4 =  BSE:SENSEX26AUG77800PE   0.23   -0.02 CALL added 91200   PUT unwind -1980  OI= 166600
pcr5 =  BSE:SENSEX26AUG77700PE   0.27   -0.27 CALL added 64700   PUT unwind -17400  OI= 263440
pcr6 =  BSE:SENSEX26AUG77600CE   0.38    0.23 CALL added 249780   PUT added 57280  OI= 936960
pcr7 =  BSE:SENSEX26AUG77500CE   0.65   0.72 CALL added 345120   PUT added 248420  OI= 1468840
pcr8 =  BSE:SENSEX26AUG77400CE   0.69   0.96 CALL added 341100   PUT added 327720  OI= 875720
pcr9 =  BSE:SENSEX26AUG77300CE   1.09   0.81 CALL added 471740   PUT added 381280  OI= 897680
pcr10 =  BSE:SENSEX26AUG77200CE   2.48   3.49 CALL added 122620   PUT added 428240  OI= 322960
pcr11 =  BSE:SENSEX26AUG77100PE   3.48   2.99 CALL added 76360   PUT added 228140  OI= 444500
pcr12 =  BSE:SENSEX26AUG77000CE   2.29   2.99 CALL added 116420   PUT added 348400  OI= 398500
pcr13 =  BSE:SENSEX26AUG76900CE   7.49   13.14 CALL added 14660   PUT added 192620  OI= 47540
pcr14 =  BSE:SENSEX26AUG76800PE   12.89   23.19 CALL added 4240   PUT added 98320  OI= 325960
pcr15 =  BSE:SENSEX26AUG76700PE   13.16   13.13 CALL added 4620   PUT added 60680  OI= 244780
pcr16 =  BSE:SENSEX26AUG76600CE   25.36   26.29 CALL added 1120   PUT added 29440  OI= 8060
pcr17 =  BSE:SENSEX26AUG76500CE   15.75   48.28 CALL added 1600   PUT added 77240  OI= 39500
pcrSummation= 18.82  result =  ['BSE:SENSEX26AUG77700PE', 'BSE:SENSEX26AUG77600CE', 'BSE:SENSEX26AUG77500CE', 'BSE:SENSEX26AUG77400CE', 'BSE:SENSEX26AUG77300CE', 'BSE:SENSEX26AUG77200CE', 'BSE:SENSEX26AUG77100PE', 'BSE:SENSEX26AUG77000CE', 'BSE:SENSEX26AUG76900CE']
PCRSUM== 86.82
pcrSummation== 18.82
VOLPCRSUM== 4.23
spotLTP =  77265.75  ATM_STRIKE =  77300
IS_ATM_STRIKE_SHIFT = True  mapStrike = {77300: 77300}
avgOiPcrList2 = [np.float64(5.11)] atmStrikeNotShiftedCount= 1
True   1   1
SUPP_RES=== 77500  Buffer= 33
CEoich val =  345120.0  PEoich val =  248420.0 , CE > PE by 28.0%
SUPP_RES TOTAL OI: CE= 1468840  PE= 953200 , CE > PE by 35.1%
IS_MORNING_WINDOW= False  (active 9:15-9:48 IST)
================================================
==== signal check time ==== 2026-08-25 09:48:00.719413
IS_CHOI_DIFF_GT_25PERC== True
RSI_VAL1== 37.97
RSI_VAL2== 37.97
FUT_3m_OHLC O= 77344.2  H= 77344.2  L= 77344.2  C= 77344.2  Range= 0.0
CHART_PATTERN_DETECTED: DOUBLE_BOTTOM_FORMING
  PATTERN_CONTEXT: Body= 0.0  Range= 0.0  ExpectedRange= 65.8  RangeRatio= 0.0  O= 77344.2  H= 77344.2  L= 77344.2  C= 77344.2
newSynthFut =  77300
ATMStrike =  77300
AVG_OIPCR= 2.09
avgoiPCROld=  5.11
SUPP_RES = 77500
FUT LTP = 77344.25
CEchoi  PechOi = 345120.0    248420.0
====================================
totalOIPCR = 0.83
AVG_VOLPCR= 0.47
atmPCR= 0.27  belowATM  0.38
atmVolPCR= 0.2  belowATM  0.42
True   77344.25   77500   False   False   37.97
curr Doji False
BSE:SENSEX26AUG77300PE  curr candle vol pcr = 1.75  PE= 483240  CE= 275720      cpr =  0.57
BSE:SENSEX26AUG77400PE  prev candle vol pcr = 1.88  PE= 330660  CE= 175760      cpr =  0.53
ATM_CE_premium= 324.0  ATM_PE_premium= 246.15
CE_PremChg= 10.5  PE_PremChg= -8.85
CandleBody= 0.0  PrevBody= -47.5  CandleRange= 0.0  Doji
TotalVol= 758960  PrevTotalVol= 506420  VolSpike= 1.5 x 
SCALP_SCORE: BULL | BullScore= 1  BearScore= 0 | Confidence= LOW
DATAPOINT|09:48|FUT=77344.2|Body=0.0|PrevBody=-47.5|Range=0.0|RangeRatio=0.0|CurrVolPCR=1.75|PrevVolPCR=1.88|CurrCPR=0.57|PrevCPR=0.53|VolSpike=1.5|CE_PremChg=10.5|PE_PremChg=-8.85|BullScore=1|BearScore=0|Dir=BULL|Conf=LOW
CHART_PATTERN_DETECTED: DOUBLE_BOTTOM_FORMING
  PATTERN_CONTEXT: Body= 0.0  Range= 0.0  ExpectedRange= 65.8  RangeRatio= 0.0  O= 77344.2  H= 77344.2  L= 77344.2  C= 77344.2
BSE:SENSEX-INDEX  strikecount= 3   fyers <fyers_apiv3.fyersModel.FyersModel object at 0x71aabc52b4d0>
======================================
oipcr1 =  BSE:SENSEX26AUG77600CE   0.38
oipcr2 =  BSE:SENSEX26AUG77500CE   0.65
oipcr3 =  BSE:SENSEX26AUG77400CE   0.69
oipcrBull = NoEntry  bulcount= 0  bearcount= 3 oipcrBear= BearTrade
atmpcr5 pcr6= 1.09    2.48
No Entry Yet
India VIX = 11.41  Spot Price = 77236.55
IV Regime = NORMAL (ADAPTIVE: P25= 11.31  P50= 11.85  P75= 12.14 ) | DailyRange = 1259.0 | 3minCandleRange = 66.3 (theoretical= 110.4 ) | ATMoptionMove = 29.8 | SL = 104 | Target = 104 | TrailTrigger = 30 | Spread = 300 | Buffer = 33
IV Params refreshed: {'vix': 11.41, 'bn_price': 77236.55, 'regime': 'NORMAL', 'regime_thresholds': 'P25=11.31 P50=11.85 P75=12.14', 'daily_range': 1259.0, 'candle_range': 66.3, 'atm_option_move': 29.8, 'sl_point': 104, 'target_point': 104, 'sl_pct_of_premium': 0.1, 'trail_trigger': 30, 'spread_width': 300, 'support_resistance_buffer': 33}
BSE:SENSEX-INDEX  strikecount= 8   fyers <fyers_apiv3.fyersModel.FyersModel object at 0x71aabc52b4d0>
===
====after 3 min ochain==== 2026-08-25 09:51:00.047338
                                    oipcr   choipcr   totalOI
pcr1 =  BSE:SENSEX26AUG78000CE   0.29   0.06 CALL added 248940   PUT added 15080  OI= 1191760
pcr2 =  BSE:SENSEX26AUG77900CE   0.22   -0.03 CALL added 69560   PUT unwind -2400  OI= 444100
pcr3 =  BSE:SENSEX26AUG77800PE   0.23   -0.03 CALL added 105320   PUT unwind -2940  OI= 165640
pcr4 =  BSE:SENSEX26AUG77700PE   0.26   -0.29 CALL added 74100   PUT unwind -21200  OI= 259640
pcr5 =  BSE:SENSEX26AUG77600CE   0.37   0.22 CALL added 281460   PUT added 62700  OI= 968640
pcr6 =  BSE:SENSEX26AUG77500CE   0.63    0.65 CALL added 367400   PUT added 239140  OI= 1491120
pcr7 =  BSE:SENSEX26AUG77400CE   0.65   0.83 CALL added 378820   PUT added 314940  OI= 913440
pcr8 =  BSE:SENSEX26AUG77300CE   1.06   0.78 CALL added 514400   PUT added 398720  OI= 940340
pcr9 =  BSE:SENSEX26AUG77200CE   2.29   2.87 CALL added 146280   PUT added 420020  OI= 346620
pcr10 =  BSE:SENSEX26AUG77100PE   3.03   2.39 CALL added 94820   PUT added 226980  OI= 443340
pcr11 =  BSE:SENSEX26AUG77000CE   2.24   2.78 CALL added 123360   PUT added 343380  OI= 405440
pcr12 =  BSE:SENSEX26AUG76900CE   7.0   10.86 CALL added 17180   PUT added 186660  OI= 50060
pcr13 =  BSE:SENSEX26AUG76800PE   11.66   14.7 CALL added 5860   PUT added 86120  OI= 313760
pcr14 =  BSE:SENSEX26AUG76700PE   13.14   13.04 CALL added 4780   PUT added 62340  OI= 246440
pcr15 =  BSE:SENSEX26AUG76600CE   24.76   22.04 CALL added 1140   PUT added 25120  OI= 8080
pcr16 =  BSE:SENSEX26AUG76500CE   15.41   48.64 CALL added 1180   PUT added 57400  OI= 39080
pcr17 =  BSE:SENSEX26AUG76400PE   46.22   37.67 CALL added 1260   PUT added 47460  OI= 191360
pcrSummation= 17.53  result =  ['BSE:SENSEX26AUG77700PE', 'BSE:SENSEX26AUG77600CE', 'BSE:SENSEX26AUG77500CE', 'BSE:SENSEX26AUG77400CE', 'BSE:SENSEX26AUG77300CE', 'BSE:SENSEX26AUG77200CE', 'BSE:SENSEX26AUG77100PE', 'BSE:SENSEX26AUG77000CE', 'BSE:SENSEX26AUG76900CE']
PCRSUM== 129.46
pcrSummation== 17.53
VOLPCRSUM== 5.9399999999999995
spotLTP =  77235.63  ATM_STRIKE =  77200
IS_ATM_STRIKE_SHIFT = True  mapStrike = {77200: 77200}
avgOiPcrList2 = [np.float64(7.62)] atmStrikeNotShiftedCount= 1
True   1   1
SUPP_RES=== 77500  Buffer= 33
CEoich val =  367400.0  PEoich val =  239140.0 , CE > PE by 34.9%
SUPP_RES TOTAL OI: CE= 1491120  PE= 943920 , CE > PE by 36.7%
IS_MORNING_WINDOW= False  (active 9:15-9:48 IST)
================================================
==== signal check time ==== 2026-08-25 09:51:00.692124
IS_CHOI_DIFF_GT_25PERC== True
RSI_VAL1== 38.26
RSI_VAL2== 38.26
FUT_3m_OHLC O= 77344.2  H= 77384.8  L= 77344.2  C= 77346.1  Range= 40.6
CHART_PATTERN_DETECTED: INVERTED_HAMMER | DOUBLE_BOTTOM_FORMING
  PATTERN_CONTEXT: Body= 1.9  Range= 40.6  ExpectedRange= 66.3  RangeRatio= 0.61  O= 77344.2  H= 77384.8  L= 77344.2  C= 77346.1
newSynthFut =  77300
ATMStrike =  77200
AVG_OIPCR= 1.95
avgoiPCROld=  7.62
SUPP_RES = 77500
FUT LTP = 77346.1
CEchoi  PechOi = 367400.0    239140.0
====================================
totalOIPCR = 0.81
AVG_VOLPCR= 0.66
atmPCR= 0.37  belowATM  0.63
atmVolPCR= 0.44  belowATM  0.68
True   77346.1   77500   False   False   38.26
curr Doji False
BSE:SENSEX26AUG77300PE  curr candle vol pcr = 1.72  PE= 301560  CE= 174820      cpr =  0.58
BSE:SENSEX26AUG77300PE  prev candle vol pcr = 1.75  PE= 483240  CE= 275720      cpr =  0.57
ATM_CE_premium= 308.0  ATM_PE_premium= 261.65
CE_PremChg= -16.0  PE_PremChg= 15.5
CandleBody= 1.9  PrevBody= 0.0  CandleRange= 40.6  Bullish
TotalVol= 476380  PrevTotalVol= 758960  VolSpike= 0.63 x 
SCALP_SCORE: BULL | BullScore= 2  BearScore= 0 | Confidence= LOW
DATAPOINT|09:51|FUT=77346.1|Body=1.9|PrevBody=0.0|Range=40.6|RangeRatio=0.61|CurrVolPCR=1.72|PrevVolPCR=1.75|CurrCPR=0.58|PrevCPR=0.57|VolSpike=0.63|CE_PremChg=-16.0|PE_PremChg=15.5|BullScore=2|BearScore=0|Dir=BULL|Conf=LOW
CHART_PATTERN_DETECTED: INVERTED_HAMMER | DOUBLE_BOTTOM_FORMING
  PATTERN_CONTEXT: Body= 1.9  Range= 40.6  ExpectedRange= 66.3  RangeRatio= 0.61  O= 77344.2  H= 77384.8  L= 77344.2  C= 77346.1
BSE:SENSEX-INDEX  strikecount= 3   fyers <fyers_apiv3.fyersModel.FyersModel object at 0x71aabc52b4d0>
======================================
oipcr1 =  BSE:SENSEX26AUG77500CE   0.63
oipcr2 =  BSE:SENSEX26AUG77400CE   0.65
oipcr3 =  BSE:SENSEX26AUG77300CE   1.06
oipcrBull = NoEntry  bulcount= 1  bearcount= 2 oipcrBear= BearTrade
atmpcr5 pcr6= 2.29    3.03
No Entry Yet
India VIX = 11.48  Spot Price = 77175.23
IV Regime = NORMAL (ADAPTIVE: P25= 11.31  P50= 11.85  P75= 12.14 ) | DailyRange = 1265.7 | 3minCandleRange = 66.6 (theoretical= 111.0 ) | ATMoptionMove = 30.0 | SL = 105 | Target = 105 | TrailTrigger = 30 | Spread = 300 | Buffer = 33
IV Params refreshed: {'vix': 11.48, 'bn_price': 77175.23, 'regime': 'NORMAL', 'regime_thresholds': 'P25=11.31 P50=11.85 P75=12.14', 'daily_range': 1265.7, 'candle_range': 66.6, 'atm_option_move': 30.0, 'sl_point': 105, 'target_point': 105, 'sl_pct_of_premium': 0.1, 'trail_trigger': 30, 'spread_width': 300, 'support_resistance_buffer': 33}
BSE:SENSEX-INDEX  strikecount= 8   fyers <fyers_apiv3.fyersModel.FyersModel object at 0x71aabc52b4d0>
===
====after 3 min ochain==== 2026-08-25 09:54:00.052465
                                    oipcr   choipcr   totalOI
pcr1 =  BSE:SENSEX26AUG78000CE   0.29   0.05 CALL added 259640   PUT added 12700  OI= 1202460
pcr2 =  BSE:SENSEX26AUG77900CE   0.21   -0.02 CALL added 76920   PUT unwind -1500  OI= 451460
pcr3 =  BSE:SENSEX26AUG77800PE   0.22   -0.06 CALL added 104340   PUT unwind -6160  OI= 162420
pcr4 =  BSE:SENSEX26AUG77700PE   0.26   -0.22 CALL added 86880   PUT unwind -19460  OI= 261380
pcr5 =  BSE:SENSEX26AUG77600CE   0.36   0.21 CALL added 297900   PUT added 62060  OI= 985080
pcr6 =  BSE:SENSEX26AUG77500CE   0.63    0.64 CALL added 380520   PUT added 244860  OI= 1504240
pcr7 =  BSE:SENSEX26AUG77400CE   0.66   0.84 CALL added 396500   PUT added 333260  OI= 931120
pcr8 =  BSE:SENSEX26AUG77300CE   1.03   0.74 CALL added 544260   PUT added 400780  OI= 970200
pcr9 =  BSE:SENSEX26AUG77200CE   2.25   2.72 CALL added 162320   PUT added 442160  OI= 362660
pcr10 =  BSE:SENSEX26AUG77100PE   2.98   2.36 CALL added 101900   PUT added 240500  OI= 456860
pcr11 =  BSE:SENSEX26AUG77000CE   2.21   2.64 CALL added 133220   PUT added 351400  OI= 415300
pcr12 =  BSE:SENSEX26AUG76900CE   6.81   9.99 CALL added 18920   PUT added 188940  OI= 51800
pcr13 =  BSE:SENSEX26AUG76800PE   11.95   16.17 CALL added 5620   PUT added 90860  OI= 318500
pcr14 =  BSE:SENSEX26AUG76700PE   12.71   11.37 CALL added 4820   PUT added 54780  OI= 238880
pcr15 =  BSE:SENSEX26AUG76600CE   24.05   18.22 CALL added 1380   PUT added 25140  OI= 8320
pcr16 =  BSE:SENSEX26AUG76500CE   15.34   37.51 CALL added 1640   PUT added 61520  OI= 39540
pcr17 =  BSE:SENSEX26AUG76400PE   46.62   38.84 CALL added 1240   PUT added 48160  OI= 192060
pcrSummation= 17.189999999999998  result =  ['BSE:SENSEX26AUG77700PE', 'BSE:SENSEX26AUG77600CE', 'BSE:SENSEX26AUG77500CE', 'BSE:SENSEX26AUG77400CE', 'BSE:SENSEX26AUG77300CE', 'BSE:SENSEX26AUG77200CE', 'BSE:SENSEX26AUG77100PE', 'BSE:SENSEX26AUG77000CE', 'BSE:SENSEX26AUG76900CE']
PCRSUM== 128.58
pcrSummation== 17.19
VOLPCRSUM== 6.21
spotLTP =  77176.43  ATM_STRIKE =  77200
IS_ATM_STRIKE_SHIFT = False  mapStrike = {77200: 77200}
avgOiPcrList2 = [np.float64(7.62), np.float64(7.56)] atmStrikeNotShiftedCount= 2
False   2   2
SUPP_RES=== 77500  Buffer= 33
CEoich val =  380520.0  PEoich val =  244860.0 , CE > PE by 35.7%
SUPP_RES TOTAL OI: CE= 1504240  PE= 949640 , CE > PE by 36.9%
IS_MORNING_WINDOW= False  (active 9:15-9:48 IST)
================================================
==== signal check time ==== 2026-08-25 09:54:00.725847
IS_CHOI_DIFF_GT_25PERC== True
RSI_VAL1== 37.6
RSI_VAL2== 37.6
FUT_3m_OHLC O= 77390.9  H= 77390.9  L= 77291.4  C= 77339.5  Range= 99.4
CHART_PATTERN_DETECTED: BEARISH_ENGULFING | OUTSIDE_BAR | DOUBLE_TOP_FORMING
  PATTERN_CONTEXT: Body= -51.4  Range= 99.4  ExpectedRange= 66.6  RangeRatio= 1.49  O= 77390.9  H= 77390.9  L= 77291.4  C= 77339.5
newSynthFut =  77300
ATMStrike =  77200
AVG_OIPCR= 1.91
avgoiPCROld=  7.56
SUPP_RES = 77500
FUT LTP = 77339.5
CEchoi  PechOi = 380520.0    244860.0
====================================
totalOIPCR = 0.82
AVG_VOLPCR= 0.69
atmPCR= 0.36  belowATM  0.63
atmVolPCR= 0.47  belowATM  0.7
True   77339.5   77500   False   False   37.6
curr Doji False
BSE:SENSEX26AUG77300PE  curr candle vol pcr = 2.3  PE= 626020  CE= 272160      cpr =  0.43
BSE:SENSEX26AUG77300PE  prev candle vol pcr = 1.72  PE= 301560  CE= 174820      cpr =  0.58
VOL_PRESSURE_WATCH: SINGLE_CANDLE_PUT_PRESSURE | currPCR= 2.3  prevPCR= 1.72
ATM_CE_premium= 283.05  ATM_PE_premium= 284.95
CE_PremChg= -24.95  PE_PremChg= 23.3
CandleBody= -51.4  PrevBody= 1.9  CandleRange= 99.4  Bearish
TotalVol= 898180  PrevTotalVol= 476380  VolSpike= 1.89 x 
SCALP_SCORE: NEUTRAL | BullScore= 2  BearScore= 2 | Confidence= LOW
DATAPOINT|09:54|FUT=77339.5|Body=-51.4|PrevBody=1.9|Range=99.4|RangeRatio=1.49|CurrVolPCR=2.3|PrevVolPCR=1.72|CurrCPR=0.43|PrevCPR=0.58|VolSpike=1.89|CE_PremChg=-24.95|PE_PremChg=23.3|BullScore=2|BearScore=2|Dir=NEUTRAL|Conf=LOW
CHART_PATTERN_DETECTED: BEARISH_ENGULFING | OUTSIDE_BAR | DOUBLE_TOP_FORMING
  PATTERN_CONTEXT: Body= -51.4  Range= 99.4  ExpectedRange= 66.6  RangeRatio= 1.49  O= 77390.9  H= 77390.9  L= 77291.4  C= 77339.5
BSE:SENSEX-INDEX  strikecount= 3   fyers <fyers_apiv3.fyersModel.FyersModel object at 0x71aabc52b4d0>
======================================
oipcr1 =  BSE:SENSEX26AUG77500CE   0.63
oipcr2 =  BSE:SENSEX26AUG77400CE   0.65
oipcr3 =  BSE:SENSEX26AUG77300CE   1.03
oipcrBull = NoEntry  bulcount= 1  bearcount= 2 oipcrBear= BearTrade
atmpcr5 pcr6= 2.25    2.98
No Entry Yet
India VIX = 11.3  Spot Price = 77190.09
IV Regime = LOW (ADAPTIVE: P25= 11.31  P50= 11.85  P75= 12.14 ) | DailyRange = 1246.1 | 3minCandleRange = 65.6 (theoretical= 109.3 ) | ATMoptionMove = 29.5 | SL = 103 | Target = 103 | TrailTrigger = 30 | Spread = 300 | Buffer = 26
IV Params refreshed: {'vix': 11.3, 'bn_price': 77190.09, 'regime': 'LOW', 'regime_thresholds': 'P25=11.31 P50=11.85 P75=12.14', 'daily_range': 1246.1, 'candle_range': 65.6, 'atm_option_move': 29.5, 'sl_point': 103, 'target_point': 103, 'sl_pct_of_premium': 0.1, 'trail_trigger': 30, 'spread_width': 300, 'support_resistance_buffer': 26}
BSE:SENSEX-INDEX  strikecount= 8   fyers <fyers_apiv3.fyersModel.FyersModel object at 0x71aabc52b4d0>
===
====after 3 min ochain==== 2026-08-25 09:57:00.050543
                                    oipcr   choipcr   totalOI
pcr1 =  BSE:SENSEX26AUG78000CE   0.28   -0.01 CALL added 263080   PUT unwind -2140  OI= 1205900
pcr2 =  BSE:SENSEX26AUG77900CE   0.18   -0.13 CALL added 100680   PUT unwind -13540  OI= 475220
pcr3 =  BSE:SENSEX26AUG77800PE   0.2   -0.17 CALL added 113000   PUT unwind -19260  OI= 149320
pcr4 =  BSE:SENSEX26AUG77700PE   0.25   -0.2 CALL added 110480   PUT unwind -22580  OI= 258260
pcr5 =  BSE:SENSEX26AUG77600CE   0.33   0.13 CALL added 314400   PUT added 39800  OI= 1001580
pcr6 =  BSE:SENSEX26AUG77500CE   0.58    0.46 CALL added 446260   PUT added 205840  OI= 1569980
pcr7 =  BSE:SENSEX26AUG77400CE   0.6   0.7 CALL added 435100   PUT added 304540  OI= 969720
pcr8 =  BSE:SENSEX26AUG77300CE   0.85   0.43 CALL added 562680   PUT added 239180  OI= 988620
pcr9 =  BSE:SENSEX26AUG77200CE   1.81   1.75 CALL added 230320   PUT added 403960  OI= 430660
pcr10 =  BSE:SENSEX26AUG77100PE   2.58   1.92 CALL added 126140   PUT added 241940  OI= 458300
pcr11 =  BSE:SENSEX26AUG77000CE   1.98   1.93 CALL added 165380   PUT added 319420  OI= 447460
pcr12 =  BSE:SENSEX26AUG76900CE   5.45   5.94 CALL added 31820   PUT added 189020  OI= 64700
pcr13 =  BSE:SENSEX26AUG76800PE   10.66   10.26 CALL added 8480   PUT added 87000  OI= 314640
pcr14 =  BSE:SENSEX26AUG76700PE   11.78   8.94 CALL added 6880   PUT added 61540  OI= 245640
pcr15 =  BSE:SENSEX26AUG76600CE   23.82   15.95 CALL added 1220   PUT added 19460  OI= 8160
pcr16 =  BSE:SENSEX26AUG76500CE   13.67   6.28 CALL added 3640   PUT added 22860  OI= 41540
pcr17 =  BSE:SENSEX26AUG76400PE   49.81   49.3 CALL added 920   PUT added 45360  OI= 189260
pcrSummation= 14.43  result =  ['BSE:SENSEX26AUG77700PE', 'BSE:SENSEX26AUG77600CE', 'BSE:SENSEX26AUG77500CE', 'BSE:SENSEX26AUG77400CE', 'BSE:SENSEX26AUG77300CE', 'BSE:SENSEX26AUG77200CE', 'BSE:SENSEX26AUG77100PE', 'BSE:SENSEX26AUG77000CE', 'BSE:SENSEX26AUG76900CE']
PCRSUM== 124.83
pcrSummation== 14.43
VOLPCRSUM== 6.289999999999999
spotLTP =  77190.09  ATM_STRIKE =  77200
IS_ATM_STRIKE_SHIFT = False  mapStrike = {77200: 77200}
avgOiPcrList2 = [np.float64(7.62), np.float64(7.56), np.float64(7.34)] atmStrikeNotShiftedCount= 3
False   3   3
SUPP_RES=== 77500  Buffer= 26
CEoich val =  446260.0  PEoich val =  205840.0 , CE > PE by 53.9%
SUPP_RES TOTAL OI: CE= 1569980  PE= 910620 , CE > PE by 42.0%
IS_MORNING_WINDOW= False  (active 9:15-9:48 IST)
================================================
==== signal check time ==== 2026-08-25 09:57:00.711348
IS_CHOI_DIFF_GT_25PERC== True
RSI_VAL1== 37.44
RSI_VAL2== 37.44
FUT_3m_OHLC O= 77338.0  H= 77338.0  L= 77338.0  C= 77338.0  Range= 0.0
CHART_PATTERN_DETECTED: INSIDE_BAR
  PATTERN_CONTEXT: Body= 0.0  Range= 0.0  ExpectedRange= 65.6  RangeRatio= 0.0  O= 77338.0  H= 77338.0  L= 77338.0  C= 77338.0
isPcrDecr = True
newSynthFut =  77300
ATMStrike =  77200
AVG_OIPCR= 1.6
avgoiPCROld=  7.34
SUPP_RES = 77500
FUT LTP = 77338.0
CEchoi  PechOi = 446260.0    205840.0
====================================
totalOIPCR = 0.79
AVG_VOLPCR= 0.7
atmPCR= 0.33  belowATM  0.58
atmVolPCR= 0.48  belowATM  0.7
True   77338.0   77500   False   True   37.44
In Bear trade, slCount=  0  (mode= LOGIC2_TREND_CONVERGENCE )
SPREAD_CALC_AT_ENTRY: SyntheticATMStrike= 77300  ATM_PE= 271.4  ATM_CE= 292.9  AvgATM= 282.15
ATM_GREEKS: CE=BSE:SENSEX26AUG77300CE -> {'delta': 0.52, 'gamma': 0.0005, 'theta': -64.7, 'vega': 24.12, 'iv': 12.01}
ATM_GREEKS: PE=BSE:SENSEX26AUG77300PE -> {'delta': -0.48, 'gamma': 0.0005, 'theta': -64.7, 'vega': 24.12, 'iv': 12.01}
ATM_IV: ce_iv=12.01 pe_iv=12.01 avg_atm_iv=12.01 iv_skew(PE-CE)=0.0
==================================================
SPREAD_SELECTION (Sensex weekly): Type= CREDIT | DTE= 2 | PremRatio= 0.5 | IVRank= 0.13
SPREAD_REASONS: DTE=2(weekly) | PremRatio=0.5 | IVRank=0.13 | DECISION:CREDIT (default — theta favors seller for weekly)
==================================================
SPREAD_DECISION_AT_ENTRY: {'type': 'CREDIT', 'score': 1, 'dte': 2, 'premium_ratio': 0.5, 'iv_rank': 0.13, 'vix_30d_high': 12.64, 'vix_30d_low': 10.83, 'reasons': ['DTE=2(weekly)', 'PremRatio=0.5', 'IVRank=0.13', 'DECISION:CREDIT (default — theta favors seller for weekly)']}
ENTRY_ROUTING: spread_type= CREDIT  isBullish= False  isBearish= True
IV-Dynamic: SL= 103  Target= 103  Spread= 300
  Checking hedge BSE:SENSEX26AUG78000CE: premium=69.0 (max=146.45)
=atmCE= BSE:SENSEX26AUG77300CE
=otmCE== BSE:SENSEX26AUG78000CE  entryPrice= 292.9  maxHedgePremium= 146.45
hedge_entry_price = 69.6
CREDIT_NET_CREDIT= 223.3
OPT_RANGE_DEBUG: symbol=BSE:SENSEX26AUG77300CE | total_candles_after_skip1st=10 | ranges=[24.75, 25.2, 29.9, 40.85, 36.85, 24.2, 33.85, 24.6, 29.65, 11.9] | median_all=27.42
OPT_OHLC_ENTRY: symbol=BSE:SENSEX26AUG77300CE | candles=10 | open=[365.2, 370.0, 386.15, 392.85, 355.45, 329.1, 313.95, 324.65, 308.0, 282.4] | high=[386.4, 394.9, 409.9, 393.6, 365.3, 334.4, 337.1, 329.6, 309.75, 292.0] | low=[361.65, 369.7, 380.0, 352.75, 328.45, 310.2, 303.25, 305.0, 280.1, 280.1] | close=[369.8, 386.15, 393.9, 356.05, 330.7, 313.5, 324.0, 308.0, 283.05, 290.0] | median_range=27.42
OPT_RANGE_DEBUG: symbol=BSE:SENSEX26AUG78000CE | total_candles_after_skip1st=10 | ranges=[10.6, 10.1, 10.8, 14.5, 12.2, 7.4, 10.7, 7.55, 8.2, 2.85] | median_all=10.35
OPT_OHLC_ENTRY: symbol=BSE:SENSEX26AUG78000CE | candles=10 | open=[95.65, 97.1, 101.15, 101.8, 89.35, 80.55, 75.3, 79.25, 73.75, 67.25] | high=[105.0, 106.85, 109.3, 103.15, 92.55, 81.65, 82.7, 80.65, 74.8, 69.2] | low=[94.4, 96.75, 98.5, 88.65, 80.35, 74.25, 72.0, 73.1, 66.6, 66.35] | close=[97.65, 101.15, 102.7, 89.45, 81.1, 75.2, 79.0, 73.5, 67.15, 68.65] | median_range=10.35
DELTA_CHECK: main=BSE:SENSEX26AUG77300CE -> {'delta': 0.52, 'gamma': 0.0005, 'theta': -64.44, 'vega': 24.12, 'iv': 11.96}
DELTA_CHECK: hedge=BSE:SENSEX26AUG78000CE -> {'delta': 0.18, 'gamma': 0.0004, 'theta': -41.98, 'vega': 15.89, 'iv': 11.83}
DELTA_CHECK: delta_ratio (|hedge|/|main|) = 0.346
HEDGE_OFFSET: source=DELTA used_ratio=0.346 raw=0.346 | delta_ratio=0.346 range_ratio=0.377 premium_ratio=0.238 | (main_delta=0.52 hedge_delta=0.18 main_range=27.42 hedge_range=10.35) effective_sl=55 -> net_sl_points=35.96
RISK_SIZING: effective_sl_pre=55 main=292.9 hedge=69.6 main_range=27.42 hedge_range=10.35 FIXED_RISK=5000 -> qty=120 (6 lots)
CREDIT_ENTRY: qty= 120
MARGIN_CHECK: qty=120 (6 lots) margin_required=277719.86 avail=888843.37 usable(90%)=799959.03
9 : 57 : 2  =>  BUY   SENSEX26AUG78000CE   120   MARKET
9 : 57 : 2  =>  SENSEX26AUG78000CE {'code': 1101, 'message': 'Successfully placed order', 's': 'ok', 'id_fyers': 'd41684c3-75ca-480e-b45b-141020925a21', 'id': '26082500092223'}
entryPrice== 292.9 Target = 190  BSE:SENSEX26AUG77300CE  SL = 396
9 : 57 : 3  =>  SELL   SENSEX26AUG77300CE   120   MARKET
9 : 57 : 3  =>  SENSEX26AUG77300CE {'code': 1101, 'message': 'Successfully placed order', 's': 'ok', 'id_fyers': '07f27b41-5e20-4c3f-9f3e-8477680fa543', 'id': '26082500092254'}
Exit OID:  {'code': 1101, 'message': 'Successfully placed order', 's': 'ok', 'id_fyers': '07f27b41-5e20-4c3f-9f3e-8477680fa543', 'id': '26082500092254'}   {'code': 1101, 'message': 'Successfully placed order', 's': 'ok', 'id_fyers': 'd41684c3-75ca-480e-b45b-141020925a21', 'id': '26082500092223'}
ENTRY_SL_TGT: spread= CREDIT  SL= 348.8  Target= 197.8  EntryPrem= 293.8  AnchorSrc= CANDLE_CLOSE  TrailTrigger= 58  SL_Source= OPTION_RANGE(median=27.42,SLx2,Tgtx3.5)  (iv_pts= 103  effective_sl= 55 )
curr Doji False
BSE:SENSEX26AUG77300PE  curr candle vol pcr = 2.78  PE= 303840  CE= 109320      cpr =  0.36
BSE:SENSEX26AUG77300PE  prev candle vol pcr = 2.3  PE= 626020  CE= 272160      cpr =  0.43
VOL_PRESSURE_ALERT: STRONG_PUT_PRESSURE | currPCR= 2.78  prevPCR= 2.3  Direction=BULLISH_SIGNAL (heavy PE buying = expecting up move)
ATM_CE_premium= 290.0  ATM_PE_premium= 273.0
CE_PremChg= 6.95  PE_PremChg= -11.95
CandleBody= 0.0  PrevBody= -51.4  CandleRange= 0.0  Doji
TotalVol= 413160  PrevTotalVol= 898180  VolSpike= 0.46 x 
SCALP_SCORE: BULL | BullScore= 2  BearScore= 0 | Confidence= LOW
DATAPOINT|09:57|FUT=77338.0|Body=0.0|PrevBody=-51.4|Range=0.0|RangeRatio=0.0|CurrVolPCR=2.78|PrevVolPCR=2.3|CurrCPR=0.36|PrevCPR=0.43|VolSpike=0.46|CE_PremChg=6.95|PE_PremChg=-11.95|BullScore=2|BearScore=0|Dir=BULL|Conf=LOW
CHART_PATTERN_DETECTED: INSIDE_BAR
  PATTERN_CONTEXT: Body= 0.0  Range= 0.0  ExpectedRange= 65.6  RangeRatio= 0.0  O= 77338.0  H= 77338.0  L= 77338.0  C= 77338.0
BSE:SENSEX-INDEX  strikecount= 3   fyers <fyers_apiv3.fyersModel.FyersModel object at 0x71aabc52b4d0>
======================================
oipcr1 =  BSE:SENSEX26AUG77500CE   0.58
oipcr2 =  BSE:SENSEX26AUG77400CE   0.6
oipcr3 =  BSE:SENSEX26AUG77300CE   0.85
oipcrBull = NoEntry  bulcount= 0  bearcount= 3 oipcrBear= BearTrade
atmpcr5 pcr6= 1.81    2.58
No Entry Yet
In Trade ( CREDIT ). No Exit. ltp= 286.35  SL= 348.8  target= 197.8
In Trade ( CREDIT ). No Exit. ltp= 283.0  SL= 348.8  target= 197.8
In Trade ( CREDIT ). No Exit. ltp= 285.15  SL= 348.8  target= 197.8
In Trade ( CREDIT ). No Exit. ltp= 273.95  SL= 348.8  target= 197.8
In Trade ( CREDIT ). No Exit. ltp= 274.25  SL= 348.8  target= 197.8
In Trade ( CREDIT ). No Exit. ltp= 280.75  SL= 348.8  target= 197.8
In Trade ( CREDIT ). No Exit. ltp= 287.6  SL= 348.8  target= 197.8
In Trade ( CREDIT ). No Exit. ltp= 292.1  SL= 348.8  target= 197.8
In Trade ( CREDIT ). No Exit. ltp= 286.8  SL= 348.8  target= 197.8
In Trade ( CREDIT ). No Exit. ltp= 280.4  SL= 348.8  target= 197.8
In Trade ( CREDIT ). No Exit. ltp= 280.15  SL= 348.8  target= 197.8
In Trade ( CREDIT ). No Exit. ltp= 277.0  SL= 348.8  target= 197.8
In Trade ( CREDIT ). No Exit. ltp= 284.65  SL= 348.8  target= 197.8
In Trade ( CREDIT ). No Exit. ltp= 283.9  SL= 348.8  target= 197.8
In Trade ( CREDIT ). No Exit. ltp= 278.9  SL= 348.8  target= 197.8
In Trade ( CREDIT ). No Exit. ltp= 276.7  SL= 348.8  target= 197.8
In Trade ( CREDIT ). No Exit. ltp= 280.05  SL= 348.8  target= 197.8
In Trade ( CREDIT ). No Exit. ltp= 280.35  SL= 348.8  target= 197.8
In Trade ( CREDIT ). No Exit. ltp= 279.95  SL= 348.8  target= 197.8
In Trade ( CREDIT ). No Exit. ltp= 276.1  SL= 348.8  target= 197.8
In Trade ( CREDIT ). No Exit. ltp= 277.85  SL= 348.8  target= 197.8
In Trade ( CREDIT ). No Exit. ltp= 274.3  SL= 348.8  target= 197.8
In Trade ( CREDIT ). No Exit. ltp= 270.45  SL= 348.8  target= 197.8
In Trade ( CREDIT ). No Exit. ltp= 267.25  SL= 348.8  target= 197.8
In Trade ( CREDIT ). No Exit. ltp= 260.95  SL= 348.8  target= 197.8
In Trade ( CREDIT ). No Exit. ltp= 252.5  SL= 348.8  target= 197.8
In Trade ( CREDIT ). No Exit. ltp= 253.4  SL= 348.8  target= 197.8
In Trade ( CREDIT ). No Exit. ltp= 254.5  SL= 348.8  target= 197.8
In Trade ( CREDIT ). No Exit. ltp= 251.65  SL= 348.8  target= 197.8
In Trade ( CREDIT ). No Exit. ltp= 258.45  SL= 348.8  target= 197.8
In Trade ( CREDIT ). No Exit. ltp= 258.8  SL= 348.8  target= 197.8
In Trade ( CREDIT ). No Exit. ltp= 262.6  SL= 348.8  target= 197.8
In Trade ( CREDIT ). No Exit. ltp= 264.6  SL= 348.8  target= 197.8
In Trade ( CREDIT ). No Exit. ltp= 266.4  SL= 348.8  target= 197.8
In Trade ( CREDIT ). No Exit. ltp= 271.7  SL= 348.8  target= 197.8
In Trade ( CREDIT ). No Exit. ltp= 266.25  SL= 348.8  target= 197.8
In Trade ( CREDIT ). No Exit. ltp= 268.8  SL= 348.8  target= 197.8
In Trade ( CREDIT ). No Exit. ltp= 265.15  SL= 348.8  target= 197.8
In Trade ( CREDIT ). No Exit. ltp= 263.95  SL= 348.8  target= 197.8
In Trade ( CREDIT ). No Exit. ltp= 261.4  SL= 348.8  target= 197.8
In Trade ( CREDIT ). No Exit. ltp= 266.7  SL= 348.8  target= 197.8
In Trade ( CREDIT ). No Exit. ltp= 265.2  SL= 348.8  target= 197.8
In Trade ( CREDIT ). No Exit. ltp= 262.7  SL= 348.8  target= 197.8
In Trade ( CREDIT ). No Exit. ltp= 267.85  SL= 348.8  target= 197.8
In Trade ( CREDIT ). No Exit. ltp= 276.7  SL= 348.8  target= 197.8
In Trade ( CREDIT ). No Exit. ltp= 278.35  SL= 348.8  target= 197.8
In Trade ( CREDIT ). No Exit. ltp= 279.0  SL= 348.8  target= 197.8
In Trade ( CREDIT ). No Exit. ltp= 285.05  SL= 348.8  target= 197.8
In Trade ( CREDIT ). No Exit. ltp= 292.5  SL= 348.8  target= 197.8
In Trade ( CREDIT ). No Exit. ltp= 305.65  SL= 348.8  target= 197.8
In Trade ( CREDIT ). No Exit. ltp= 304.5  SL= 348.8  target= 197.8
In Trade ( CREDIT ). No Exit. ltp= 308.0  SL= 348.8  target= 197.8
In Trade ( CREDIT ). No Exit. ltp= 316.7  SL= 348.8  target= 197.8
In Trade ( CREDIT ). No Exit. ltp= 313.85  SL= 348.8  target= 197.8
In Trade ( CREDIT ). No Exit. ltp= 305.05  SL= 348.8  target= 197.8
In Trade ( CREDIT ). No Exit. ltp= 299.15  SL= 348.8  target= 197.8
In Trade ( CREDIT ). No Exit. ltp= 303.85  SL= 348.8  target= 197.8
In Trade ( CREDIT ). No Exit. ltp= 291.9  SL= 348.8  target= 197.8
In Trade ( CREDIT ). No Exit. ltp= 290.0  SL= 348.8  target= 197.8
In Trade ( CREDIT ). No Exit. ltp= 285.75  SL= 348.8  target= 197.8
In Trade ( CREDIT ). No Exit. ltp= 279.5  SL= 348.8  target= 197.8
In Trade ( CREDIT ). No Exit. ltp= 279.8  SL= 348.8  target= 197.8
In Trade ( CREDIT ). No Exit. ltp= 277.0  SL= 348.8  target= 197.8
In Trade ( CREDIT ). No Exit. ltp= 276.45  SL= 348.8  target= 197.8
In Trade ( CREDIT ). No Exit. ltp= 272.0  SL= 348.8  target= 197.8
In Trade ( CREDIT ). No Exit. ltp= 268.7  SL= 348.8  target= 197.8
In Trade ( CREDIT ). No Exit. ltp= 276.55  SL= 348.8  target= 197.8
In Trade ( CREDIT ). No Exit. ltp= 279.6  SL= 348.8  target= 197.8
In Trade ( CREDIT ). No Exit. ltp= 279.7  SL= 348.8  target= 197.8
In Trade ( CREDIT ). No Exit. ltp= 276.3  SL= 348.8  target= 197.8
In Trade ( CREDIT ). No Exit. ltp= 271.3  SL= 348.8  target= 197.8
In Trade ( CREDIT ). No Exit. ltp= 271.85  SL= 348.8  target= 197.8
In Trade ( CREDIT ). No Exit. ltp= 277.35  SL= 348.8  target= 197.8
In Trade ( CREDIT ). No Exit. ltp= 287.55  SL= 348.8  target= 197.8
In Trade ( CREDIT ). No Exit. ltp= 288.95  SL= 348.8  target= 197.8
In Trade ( CREDIT ). No Exit. ltp= 289.15  SL= 348.8  target= 197.8
In Trade ( CREDIT ). No Exit. ltp= 283.2  SL= 348.8  target= 197.8
In Trade ( CREDIT ). No Exit. ltp= 287.9  SL= 348.8  target= 197.8
In Trade ( CREDIT ). No Exit. ltp= 290.5  SL= 348.8  target= 197.8
In Trade ( CREDIT ). No Exit. ltp= 293.1  SL= 348.8  target= 197.8
In Trade ( CREDIT ). No Exit. ltp= 304.1  SL= 348.8  target= 197.8
In Trade ( CREDIT ). No Exit. ltp= 299.85  SL= 348.8  target= 197.8
In Trade ( CREDIT ). No Exit. ltp= 300.55  SL= 348.8  target= 197.8
In Trade ( CREDIT ). No Exit. ltp= 303.3  SL= 348.8  target= 197.8
In Trade ( CREDIT ). No Exit. ltp= 299.6  SL= 348.8  target= 197.8
In Trade ( CREDIT ). No Exit. ltp= 292.55  SL= 348.8  target= 197.8
In Trade ( CREDIT ). No Exit. ltp= 290.3  SL= 348.8  target= 197.8
In Trade ( CREDIT ). No Exit. ltp= 296.35  SL= 348.8  target= 197.8
In Trade ( CREDIT ). No Exit. ltp= 296.5  SL= 348.8  target= 197.8
In Trade ( CREDIT ). No Exit. ltp= 299.5  SL= 348.8  target= 197.8
In Trade ( CREDIT ). No Exit. ltp= 302.85  SL= 348.8  target= 197.8
In Trade ( CREDIT ). No Exit. ltp= 298.7  SL= 348.8  target= 197.8
In Trade ( CREDIT ). No Exit. ltp= 290.75  SL= 348.8  target= 197.8
In Trade ( CREDIT ). No Exit. ltp= 287.15  SL= 348.8  target= 197.8
In Trade ( CREDIT ). No Exit. ltp= 296.0  SL= 348.8  target= 197.8
In Trade ( CREDIT ). No Exit. ltp= 304.55  SL= 348.8  target= 197.8
In Trade ( CREDIT ). No Exit. ltp= 298.8  SL= 348.8  target= 197.8
In Trade ( CREDIT ). No Exit. ltp= 302.85  SL= 348.8  target= 197.8
In Trade ( CREDIT ). No Exit. ltp= 298.1  SL= 348.8  target= 197.8
In Trade ( CREDIT ). No Exit. ltp= 295.0  SL= 348.8  target= 197.8
In Trade ( CREDIT ). No Exit. ltp= 282.2  SL= 348.8  target= 197.8
In Trade ( CREDIT ). No Exit. ltp= 282.65  SL= 348.8  target= 197.8
In Trade ( CREDIT ). No Exit. ltp= 284.1  SL= 348.8  target= 197.8
In Trade ( CREDIT ). No Exit. ltp= 284.4  SL= 348.8  target= 197.8
In Trade ( CREDIT ). No Exit. ltp= 300.0  SL= 348.8  target= 197.8
In Trade ( CREDIT ). No Exit. ltp= 310.5  SL= 348.8  target= 197.8
In Trade ( CREDIT ). No Exit. ltp= 318.05  SL= 348.8  target= 197.8
LTP_SL_WATCH: ltp=357.25 SL=348.8 confirm=1/2
LTP_SL_WATCH: ltp=359.2 SL=348.8 confirm=2/2
SL Hit (LTP)
slCount = 1
REALIZED_OFFSET: main 293.8->359.85 (moved 66.05) hedge 69.6->88.0 (moved 18.4) assumed_ratio=0.34615384615384615 realized_ratio=0.279
11 : 55 : 34  =>  BUY   SENSEX26AUG77300CE   120   MARKET
11 : 55 : 34  =>  SENSEX26AUG77300CE {'code': 1101, 'message': 'Successfully placed order', 's': 'ok', 'id_fyers': '1a81ae07-7e3a-4fb4-98ee-ea0e528fcaa2', 'id': '26082500214269'}
Exit main (BUY sold leg) OID:  {'code': 1101, 'message': 'Successfully placed order', 's': 'ok', 'id_fyers': '1a81ae07-7e3a-4fb4-98ee-ea0e528fcaa2', 'id': '26082500214269'}
11 : 55 : 34  =>  SELL   SENSEX26AUG78000CE   120   MARKET
11 : 55 : 34  =>  SENSEX26AUG78000CE {'code': 1101, 'message': 'Successfully placed order', 's': 'ok', 'id_fyers': '3fa6e6a3-ca33-43cb-a7db-700f41e22093', 'id': '26082500214327'}
Exit hedge (SELL bought leg) OID:  {'code': 1101, 'message': 'Successfully placed order', 's': 'ok', 'id_fyers': '3fa6e6a3-ca33-43cb-a7db-700f41e22093', 'id': '26082500214327'}
India VIX = 11.2  Spot Price = 77326.94
IV Regime = LOW (ADAPTIVE: P25= 11.31  P50= 11.85  P75= 12.14 ) | DailyRange = 1237.2 | 3minCandleRange = 65.1 (theoretical= 108.5 ) | ATMoptionMove = 29.3 | SL = 103 | Target = 103 | TrailTrigger = 29 | Spread = 300 | Buffer = 26
IV Params refreshed: {'vix': 11.2, 'bn_price': 77326.94, 'regime': 'LOW', 'regime_thresholds': 'P25=11.31 P50=11.85 P75=12.14', 'daily_range': 1237.2, 'candle_range': 65.1, 'atm_option_move': 29.3, 'sl_point': 103, 'target_point': 103, 'sl_pct_of_premium': 0.1, 'trail_trigger': 29, 'spread_width': 300, 'support_resistance_buffer': 26}
BSE:SENSEX-INDEX  strikecount= 8   fyers <fyers_apiv3.fyersModel.FyersModel object at 0x71aabc52b4d0>
===
====after 3 min ochain==== 2026-08-25 11:57:00.000004
                                    oipcr   choipcr   totalOI
pcr1 =  BSE:SENSEX26AUG78100PE   0.1   -0.03 CALL added 37600   PUT unwind -960  OI= 36420
pcr2 =  BSE:SENSEX26AUG78000CE   0.24   -0.03 CALL added 390760   PUT unwind -13000  OI= 1333580
pcr3 =  BSE:SENSEX26AUG77900CE   0.17   -0.1 CALL added 133240   PUT unwind -13260  OI= 507780
pcr4 =  BSE:SENSEX26AUG77800PE   0.19   -0.18 CALL added 128840   PUT unwind -23480  OI= 145100
pcr5 =  BSE:SENSEX26AUG77700PE   0.22   -0.32 CALL added 141780   PUT unwind -45440  OI= 235400
pcr6 =  BSE:SENSEX26AUG77600CE   0.29    0.07 CALL added 456960   PUT added 31940  OI= 1144140
pcr7 =  BSE:SENSEX26AUG77500CE   0.5   0.22 CALL added 524380   PUT added 112920  OI= 1648100
pcr8 =  BSE:SENSEX26AUG77400CE   0.5   0.49 CALL added 673600   PUT added 327600  OI= 1208220
pcr9 =  BSE:SENSEX26AUG77300CE   1.0   0.73 CALL added 638860   PUT added 468920  OI= 1064800
pcr10 =  BSE:SENSEX26AUG77200CE   1.77   1.72 CALL added 404940   PUT added 696520  OI= 605280
pcr11 =  BSE:SENSEX26AUG77100PE   2.21   1.76 CALL added 224740   PUT added 394660  OI= 611020
pcr12 =  BSE:SENSEX26AUG77000CE   2.1   2.22 CALL added 208420   PUT added 462680  OI= 490500
pcr13 =  BSE:SENSEX26AUG76900CE   5.28   5.51 CALL added 42380   PUT added 233640  OI= 75260
pcr14 =  BSE:SENSEX26AUG76800PE   9.88   8.66 CALL added 16280   PUT added 141040  OI= 368680
pcr15 =  BSE:SENSEX26AUG76700PE   9.93   5.58 CALL added 10400   PUT added 58000  OI= 242100
pcr16 =  BSE:SENSEX26AUG76600CE   18.85   9.63 CALL added 4780   PUT added 46020  OI= 11720
pcr17 =  BSE:SENSEX26AUG76500CE   14.32   13.93 CALL added 6200   PUT added 86340  OI= 44100
pcrSummation= 6.8500000000000005  result =  ['BSE:SENSEX26AUG77900CE', 'BSE:SENSEX26AUG77800PE', 'BSE:SENSEX26AUG77700PE', 'BSE:SENSEX26AUG77600CE', 'BSE:SENSEX26AUG77500CE', 'BSE:SENSEX26AUG77400CE', 'BSE:SENSEX26AUG77300CE', 'BSE:SENSEX26AUG77200CE', 'BSE:SENSEX26AUG77100PE']
PCRSUM== 67.55
pcrSummation== 6.85
VOLPCRSUM== 4.38
spotLTP =  77326.94  ATM_STRIKE =  77300
IS_ATM_STRIKE_SHIFT = False  mapStrike = {77300: 77300}
avgOiPcrList2 = [np.float64(3.97)] atmStrikeNotShiftedCount= 1
False   1   1
SUPP_RES=== 77500  Buffer= 26
CEoich val =  524380.0  PEoich val =  112920.0 , CE > PE by 78.5%
SUPP_RES TOTAL OI: CE= 1648100  PE= 817700 , CE > PE by 50.4%
IS_MORNING_WINDOW= False  (active 9:15-9:48 IST)
================================================
==== signal check time ==== 2026-08-25 11:57:00.589555
IS_CHOI_DIFF_GT_25PERC== True
RSI_VAL1== 66.15
RSI_VAL2== 66.15
FUT_3m_OHLC O= 77370.0  H= 77492.0  L= 77370.0  C= 77451.8  Range= 122.1
CHART_PATTERN: None
newSynthFut =  77500
ATMStrike =  77300
AVG_OIPCR= 0.76
avgoiPCROld=  3.97
SUPP_RES = 77500
FUT LTP = 77451.8
CEchoi  PechOi = 524380.0    112920.0
====================================
totalOIPCR = 0.78
AVG_VOLPCR= 0.49
atmPCR= 0.22  belowATM  0.29
atmVolPCR= 0.25  belowATM  0.5
True   77451.8   77500   False   False   66.15
curr Doji False
BSE:SENSEX26AUG77300PE  curr candle vol pcr = 0.71  PE= 489680  CE= 692440      cpr =  1.41
BSE:SENSEX26AUG77300PE  prev candle vol pcr = 1.02  PE= 176240  CE= 172500      cpr =  0.98
ATM_CE_premium= 364.45  ATM_PE_premium= 198.0
CE_PremChg= 53.55  PE_PremChg= -34.7
CandleBody= 81.8  PrevBody= 43.9  CandleRange= 122.1  Bullish
TotalVol= 1182120  PrevTotalVol= 348740  VolSpike= 3.39 x  SPIKE!
SCALP_SCORE: BULL | BullScore= 4  BearScore= 1 | Confidence= MEDIUM
  SCALP_BULL_REASONS: StrongBullCandle(67%) + 2ConsecBullCandles + VolSpike(3.39x)_bull + BreakoutCandle(1.9x)
DATAPOINT|11:57|FUT=77451.8|Body=81.8|PrevBody=43.9|Range=122.1|RangeRatio=1.88|CurrVolPCR=0.71|PrevVolPCR=1.02|CurrCPR=1.41|PrevCPR=0.98|VolSpike=3.39|CE_PremChg=53.55|PE_PremChg=-34.7|BullScore=4|BearScore=1|Dir=BULL|Conf=MEDIUM
CHART_PATTERN: None
BSE:SENSEX-INDEX  strikecount= 3   fyers <fyers_apiv3.fyersModel.FyersModel object at 0x71aabc52b4d0>
======================================
oipcr1 =  BSE:SENSEX26AUG77600CE   0.29
oipcr2 =  BSE:SENSEX26AUG77500CE   0.5
oipcr3 =  BSE:SENSEX26AUG77400CE   0.5
oipcrBull = NoEntry  bulcount= 0  bearcount= 3 oipcrBear= BearTrade
atmpcr5 pcr6= 1.0    1.77
No Entry Yet
India VIX = 11.12  Spot Price = 77337.57
IV Regime = LOW (ADAPTIVE: P25= 11.31  P50= 11.85  P75= 12.14 ) | DailyRange = 1228.6 | 3minCandleRange = 64.7 (theoretical= 107.8 ) | ATMoptionMove = 29.1 | SL = 102 | Target = 102 | TrailTrigger = 29 | Spread = 300 | Buffer = 26
IV Params refreshed: {'vix': 11.12, 'bn_price': 77337.57, 'regime': 'LOW', 'regime_thresholds': 'P25=11.31 P50=11.85 P75=12.14', 'daily_range': 1228.6, 'candle_range': 64.7, 'atm_option_move': 29.1, 'sl_point': 102, 'target_point': 102, 'sl_pct_of_premium': 0.1, 'trail_trigger': 29, 'spread_width': 300, 'support_resistance_buffer': 26}
BSE:SENSEX-INDEX  strikecount= 8   fyers <fyers_apiv3.fyersModel.FyersModel object at 0x71aabc52b4d0>
===
====after 3 min ochain==== 2026-08-25 12:00:00.003980
                                    oipcr   choipcr   totalOI
pcr1 =  BSE:SENSEX26AUG78100PE   0.1   -0.04 CALL added 21320   PUT unwind -820  OI= 36560
pcr2 =  BSE:SENSEX26AUG78000CE   0.25   -0.04 CALL added 351300   PUT unwind -15640  OI= 1294120
pcr3 =  BSE:SENSEX26AUG77900CE   0.17   -0.09 CALL added 122680   PUT unwind -11380  OI= 497220
pcr4 =  BSE:SENSEX26AUG77800PE   0.2   -0.14 CALL added 124200   PUT unwind -17400  OI= 151180
pcr5 =  BSE:SENSEX26AUG77700PE   0.22   -0.35 CALL added 140820   PUT unwind -48940  OI= 231900
pcr6 =  BSE:SENSEX26AUG77600CE   0.29    0.08 CALL added 442480   PUT added 37520  OI= 1129660
pcr7 =  BSE:SENSEX26AUG77500CE   0.53   0.3 CALL added 461520   PUT added 140760  OI= 1585240
pcr8 =  BSE:SENSEX26AUG77400CE   0.53   0.54 CALL added 650640   PUT added 349880  OI= 1185260
pcr9 =  BSE:SENSEX26AUG77300CE   1.12   0.9 CALL added 545660   PUT added 490000  OI= 971600
pcr10 =  BSE:SENSEX26AUG77200CE   2.13   2.29 CALL added 321560   PUT added 736780  OI= 521900
pcr11 =  BSE:SENSEX26AUG77100PE   2.14   1.69 CALL added 239220   PUT added 404360  OI= 620720
pcr12 =  BSE:SENSEX26AUG77000CE   2.18   2.43 CALL added 188400   PUT added 457600  OI= 470480
pcr13 =  BSE:SENSEX26AUG76900CE   5.62   6.18 CALL added 37580   PUT added 232080  OI= 70460
pcr14 =  BSE:SENSEX26AUG76800PE   10.01   8.85 CALL added 14720   PUT added 130320  OI= 357960
pcr15 =  BSE:SENSEX26AUG76700PE   10.47   6.43 CALL added 9320   PUT added 59960  OI= 244060
pcr16 =  BSE:SENSEX26AUG76600CE   18.41   8.42 CALL added 4720   PUT added 39760  OI= 11660
pcr17 =  BSE:SENSEX26AUG76500CE   14.55   15.78 CALL added 5100   PUT added 80500  OI= 43000
pcrSummation= 7.33  result =  ['BSE:SENSEX26AUG77900CE', 'BSE:SENSEX26AUG77800PE', 'BSE:SENSEX26AUG77700PE', 'BSE:SENSEX26AUG77600CE', 'BSE:SENSEX26AUG77500CE', 'BSE:SENSEX26AUG77400CE', 'BSE:SENSEX26AUG77300CE', 'BSE:SENSEX26AUG77200CE', 'BSE:SENSEX26AUG77100PE']
PCRSUM== 68.92
pcrSummation== 7.33
VOLPCRSUM== 4.34
spotLTP =  77337.57  ATM_STRIKE =  77300
IS_ATM_STRIKE_SHIFT = False  mapStrike = {77300: 77300}
avgOiPcrList2 = [np.float64(3.97), np.float64(4.05)] atmStrikeNotShiftedCount= 2
False   2   2
SUPP_RES=== 77500  Buffer= 26
CEoich val =  461520.0  PEoich val =  140760.0 , CE > PE by 69.5%
SUPP_RES TOTAL OI: CE= 1585240  PE= 845540 , CE > PE by 46.7%
IS_MORNING_WINDOW= False  (active 9:15-9:48 IST)
================================================
==== signal check time ==== 2026-08-25 12:00:00.818888
IS_CHOI_DIFF_GT_25PERC== True
RSI_VAL1== 67.08
RSI_VAL2== 67.08
FUT_3m_OHLC O= 77459.5  H= 77459.5  L= 77459.5  C= 77459.5  Range= 0.0
CHART_PATTERN_DETECTED: INSIDE_BAR
  PATTERN_CONTEXT: Body= 0.0  Range= 0.0  ExpectedRange= 64.7  RangeRatio= 0.0  O= 77459.5  H= 77459.5  L= 77459.5  C= 77459.5
newSynthFut =  77500
ATMStrike =  77300
AVG_OIPCR= 0.81
avgoiPCROld=  4.05
SUPP_RES = 77500
FUT LTP = 77459.5
CEchoi  PechOi = 461520.0    140760.0
====================================
totalOIPCR = 0.81
AVG_VOLPCR= 0.48
atmPCR= 0.22  belowATM  0.29
atmVolPCR= 0.26  belowATM  0.49
True   77459.5   77500   False   False   67.08
curr Doji False
BSE:SENSEX26AUG77400PE  curr candle vol pcr = 0.62  PE= 201380  CE= 326740      cpr =  1.62
BSE:SENSEX26AUG77300PE  prev candle vol pcr = 0.71  PE= 489680  CE= 692440      cpr =  1.41
ATM_CE_premium= 292.6  ATM_PE_premium= 238.5
CE_PremChg= -14.0  PE_PremChg= -1.8
CandleBody= 0.0  PrevBody= 81.8  CandleRange= 0.0  Doji
TotalVol= 528120  PrevTotalVol= 1182120  VolSpike= 0.45 x 
SCALP_SCORE: BEAR | BullScore= 0  BearScore= 1 | Confidence= LOW
DATAPOINT|12:00|FUT=77459.5|Body=0.0|PrevBody=81.8|Range=0.0|RangeRatio=0.0|CurrVolPCR=0.62|PrevVolPCR=0.71|CurrCPR=1.62|PrevCPR=1.41|VolSpike=0.45|CE_PremChg=-14.0|PE_PremChg=-1.8|BullScore=0|BearScore=1|Dir=BEAR|Conf=LOW
CHART_PATTERN_DETECTED: INSIDE_BAR
  PATTERN_CONTEXT: Body= 0.0  Range= 0.0  ExpectedRange= 64.7  RangeRatio= 0.0  O= 77459.5  H= 77459.5  L= 77459.5  C= 77459.5
BSE:SENSEX-INDEX  strikecount= 3   fyers <fyers_apiv3.fyersModel.FyersModel object at 0x71aabc52b4d0>
======================================
oipcr1 =  BSE:SENSEX26AUG77600CE   0.29
oipcr2 =  BSE:SENSEX26AUG77500CE   0.53
oipcr3 =  BSE:SENSEX26AUG77400CE   0.53
oipcrBull = NoEntry  bulcount= 0  bearcount= 3 oipcrBear= BearTrade
atmpcr5 pcr6= 1.12    2.13
No Entry Yet
India VIX = 11.18  Spot Price = 77313.45
IV Regime = LOW (ADAPTIVE: P25= 11.31  P50= 11.85  P75= 12.14 ) | DailyRange = 1234.8 | 3minCandleRange = 65.0 (theoretical= 108.3 ) | ATMoptionMove = 29.2 | SL = 102 | Target = 102 | TrailTrigger = 29 | Spread = 300 | Buffer = 26
IV Params refreshed: {'vix': 11.18, 'bn_price': 77313.45, 'regime': 'LOW', 'regime_thresholds': 'P25=11.31 P50=11.85 P75=12.14', 'daily_range': 1234.8, 'candle_range': 65.0, 'atm_option_move': 29.2, 'sl_point': 102, 'target_point': 102, 'sl_pct_of_premium': 0.1, 'trail_trigger': 29, 'spread_width': 300, 'support_resistance_buffer': 26}
BSE:SENSEX-INDEX  strikecount= 8   fyers <fyers_apiv3.fyersModel.FyersModel object at 0x71aabc52b4d0>
===
====after 3 min ochain==== 2026-08-25 12:03:00.000002
                                    oipcr   choipcr   totalOI
pcr1 =  BSE:SENSEX26AUG78100PE   0.13   0.43 CALL added 19140   PUT added 8140  OI= 45520
pcr2 =  BSE:SENSEX26AUG78000CE   0.24   -0.04 CALL added 370300   PUT unwind -15380  OI= 1313120
pcr3 =  BSE:SENSEX26AUG77900CE   0.18   -0.08 CALL added 127760   PUT unwind -9780  OI= 502300
pcr4 =  BSE:SENSEX26AUG77800PE   0.21   -0.1 CALL added 120160   PUT unwind -12440  OI= 156140
pcr5 =  BSE:SENSEX26AUG77700PE   0.23   -0.31 CALL added 134900   PUT unwind -41340  OI= 239500
pcr6 =  BSE:SENSEX26AUG77600CE   0.31    0.11 CALL added 414720   PUT added 46540  OI= 1101900
pcr7 =  BSE:SENSEX26AUG77500CE   0.56   0.37 CALL added 417560   PUT added 154800  OI= 1541280
pcr8 =  BSE:SENSEX26AUG77400CE   0.55   0.58 CALL added 650220   PUT added 379880  OI= 1184840
pcr9 =  BSE:SENSEX26AUG77300CE   1.18   1.0 CALL added 520680   PUT added 519760  OI= 946620
pcr10 =  BSE:SENSEX26AUG77200CE   2.29   2.57 CALL added 293700   PUT added 755260  OI= 494040
pcr11 =  BSE:SENSEX26AUG77100PE   2.25   1.81 CALL added 226620   PUT added 409280  OI= 625640
pcr12 =  BSE:SENSEX26AUG77000CE   2.29   2.74 CALL added 174060   PUT added 476320  OI= 456140
pcr13 =  BSE:SENSEX26AUG76900CE   5.96   6.84 CALL added 36380   PUT added 248860  OI= 69260
pcr14 =  BSE:SENSEX26AUG76800PE   10.64   10.35 CALL added 13220   PUT added 136880  OI= 364520
pcr15 =  BSE:SENSEX26AUG76700PE   12.54   11.14 CALL added 6320   PUT added 70400  OI= 254500
pcr16 =  BSE:SENSEX26AUG76600CE   18.97   9.8 CALL added 4720   PUT added 46260  OI= 11660
pcr17 =  BSE:SENSEX26AUG76500CE   14.57   16.0 CALL added 4980   PUT added 79700  OI= 42880
pcrSummation= 9.870000000000001  result =  ['BSE:SENSEX26AUG77800PE', 'BSE:SENSEX26AUG77700PE', 'BSE:SENSEX26AUG77600CE', 'BSE:SENSEX26AUG77500CE', 'BSE:SENSEX26AUG77400CE', 'BSE:SENSEX26AUG77300CE', 'BSE:SENSEX26AUG77200CE', 'BSE:SENSEX26AUG77100PE', 'BSE:SENSEX26AUG77000CE']
PCRSUM== 73.1
pcrSummation== 9.87
VOLPCRSUM== 4.32
spotLTP =  77313.45  ATM_STRIKE =  77300
IS_ATM_STRIKE_SHIFT = False  mapStrike = {77300: 77300}
avgOiPcrList2 = [np.float64(3.97), np.float64(4.05), np.float64(4.3)] atmStrikeNotShiftedCount= 3
False   3   3
SUPP_RES=== 77500  Buffer= 26
CEoich val =  417560.0  PEoich val =  154800.0 , CE > PE by 62.9%
SUPP_RES TOTAL OI: CE= 1541280  PE= 859580 , CE > PE by 44.2%
IS_MORNING_WINDOW= False  (active 9:15-9:48 IST)
================================================
==== signal check time ==== 2026-08-25 12:03:00.661103
IS_CHOI_DIFF_GT_25PERC== True
RSI_VAL1== 61.59
RSI_VAL2== 61.59
FUT_3m_OHLC O= 77459.5  H= 77459.5  L= 77436.3  C= 77436.3  Range= 23.2
CHART_PATTERN: None
isPcrInc = True
newSynthFut =  77400
ATMStrike =  77300
AVG_OIPCR= 1.1
avgoiPCROld=  4.3
SUPP_RES = 77500
FUT LTP = 77436.3
CEchoi  PechOi = 417560.0    154800.0
====================================
totalOIPCR = 0.83
AVG_VOLPCR= 0.48
atmPCR= 0.23  belowATM  0.31
atmVolPCR= 0.26  belowATM  0.49
True   77436.3   77500   True   False   61.59
no trade yet = [np.float64(3.97), np.float64(4.05), np.float64(4.3)]
curr Doji False
BSE:SENSEX26AUG77400PE  curr candle vol pcr = 0.91  PE= 210180  CE= 230880      cpr =  1.1
BSE:SENSEX26AUG77400PE  prev candle vol pcr = 0.62  PE= 201380  CE= 326740      cpr =  1.62
ATM_CE_premium= 288.0  ATM_PE_premium= 245.2
CE_PremChg= -4.6  PE_PremChg= 6.7
CandleBody= -23.2  PrevBody= 0.0  CandleRange= 23.2  Bearish
TotalVol= 441060  PrevTotalVol= 528120  VolSpike= 0.84 x 
SCALP_SCORE: BEAR | BullScore= 0  BearScore= 1 | Confidence= LOW
DATAPOINT|12:03|FUT=77436.3|Body=-23.2|PrevBody=0.0|Range=23.2|RangeRatio=0.36|CurrVolPCR=0.91|PrevVolPCR=0.62|CurrCPR=1.1|PrevCPR=1.62|VolSpike=0.84|CE_PremChg=-4.6|PE_PremChg=6.7|BullScore=0|BearScore=1|Dir=BEAR|Conf=LOW
CHART_PATTERN: None
BSE:SENSEX-INDEX  strikecount= 3   fyers <fyers_apiv3.fyersModel.FyersModel object at 0x71aabc52b4d0>
======================================
oipcr1 =  BSE:SENSEX26AUG77600CE   0.31
oipcr2 =  BSE:SENSEX26AUG77500CE   0.56
oipcr3 =  BSE:SENSEX26AUG77400CE   0.55
oipcrBull = NoEntry  bulcount= 0  bearcount= 3 oipcrBear= BearTrade
atmpcr5 pcr6= 1.18    2.29
No Entry Yet
India VIX = 11.23  Spot Price = 77318.99
IV Regime = LOW (ADAPTIVE: P25= 11.31  P50= 11.85  P75= 12.14 ) | DailyRange = 1240.4 | 3minCandleRange = 65.3 (theoretical= 108.8 ) | ATMoptionMove = 29.4 | SL = 103 | Target = 103 | TrailTrigger = 29 | Spread = 300 | Buffer = 26
IV Params refreshed: {'vix': 11.23, 'bn_price': 77318.99, 'regime': 'LOW', 'regime_thresholds': 'P25=11.31 P50=11.85 P75=12.14', 'daily_range': 1240.4, 'candle_range': 65.3, 'atm_option_move': 29.4, 'sl_point': 103, 'target_point': 103, 'sl_pct_of_premium': 0.1, 'trail_trigger': 29, 'spread_width': 300, 'support_resistance_buffer': 26}
BSE:SENSEX-INDEX  strikecount= 8   fyers <fyers_apiv3.fyersModel.FyersModel object at 0x71aabc52b4d0>
===
====after 3 min ochain==== 2026-08-25 12:06:00.000001
                                    oipcr   choipcr   totalOI
pcr1 =  BSE:SENSEX26AUG78100PE   0.11   0.06 CALL added 17940   PUT added 1020  OI= 38400
pcr2 =  BSE:SENSEX26AUG78000CE   0.24   -0.05 CALL added 365620   PUT unwind -18060  OI= 1308440
pcr3 =  BSE:SENSEX26AUG77900CE   0.17   -0.07 CALL added 135500   PUT unwind -10140  OI= 510040
pcr4 =  BSE:SENSEX26AUG77800PE   0.21   -0.12 CALL added 118720   PUT unwind -14040  OI= 154540
pcr5 =  BSE:SENSEX26AUG77700PE   0.23   -0.32 CALL added 119300   PUT unwind -38000  OI= 242840
pcr6 =  BSE:SENSEX26AUG77600CE   0.31    0.11 CALL added 417420   PUT added 45120  OI= 1104600
pcr7 =  BSE:SENSEX26AUG77500CE   0.56   0.38 CALL added 404700   PUT added 152660  OI= 1528420
pcr8 =  BSE:SENSEX26AUG77400CE   0.57   0.62 CALL added 629840   PUT added 390280  OI= 1164460
pcr9 =  BSE:SENSEX26AUG77300CE   1.2   1.03 CALL added 520900   PUT added 538700  OI= 946840
pcr10 =  BSE:SENSEX26AUG77200CE   2.23   2.47 CALL added 301660   PUT added 744460  OI= 502000
pcr11 =  BSE:SENSEX26AUG77100PE   2.21   1.77 CALL added 231280   PUT added 408600  OI= 624960
pcr12 =  BSE:SENSEX26AUG77000CE   2.26   2.68 CALL added 175560   PUT added 470020  OI= 457640
pcr13 =  BSE:SENSEX26AUG76900CE   5.73   6.38 CALL added 37780   PUT added 241120  OI= 70660
pcr14 =  BSE:SENSEX26AUG76800PE   10.79   10.73 CALL added 13160   PUT added 141240  OI= 368880
pcr15 =  BSE:SENSEX26AUG76700PE   12.36   10.64 CALL added 6600   PUT added 70240  OI= 254340
pcr16 =  BSE:SENSEX26AUG76600CE   18.19   8.4 CALL added 4980   PUT added 41840  OI= 11920
pcr17 =  BSE:SENSEX26AUG76500CE   14.65   16.6 CALL added 5140   PUT added 85340  OI= 43040
pcrSummation= 9.780000000000001  result =  ['BSE:SENSEX26AUG77800PE', 'BSE:SENSEX26AUG77700PE', 'BSE:SENSEX26AUG77600CE', 'BSE:SENSEX26AUG77500CE', 'BSE:SENSEX26AUG77400CE', 'BSE:SENSEX26AUG77300CE', 'BSE:SENSEX26AUG77200CE', 'BSE:SENSEX26AUG77100PE', 'BSE:SENSEX26AUG77000CE']
PCRSUM== 72.02
pcrSummation== 9.78
VOLPCRSUM== 4.3100000000000005
spotLTP =  77318.76  ATM_STRIKE =  77300
IS_ATM_STRIKE_SHIFT = False  mapStrike = {77300: 77300}
avgOiPcrList2 = [np.float64(4.05), np.float64(4.3), np.float64(4.24)] atmStrikeNotShiftedCount= 4
False   4   3
SUPP_RES=== 77500  Buffer= 26
CEoich val =  404700.0  PEoich val =  152660.0 , CE > PE by 62.3%
SUPP_RES TOTAL OI: CE= 1528420  PE= 857440 , CE > PE by 43.9%
IS_MORNING_WINDOW= False  (active 9:15-9:48 IST)
================================================
==== signal check time ==== 2026-08-25 12:06:00.650644
IS_CHOI_DIFF_GT_25PERC== True
RSI_VAL1== 63.49
RSI_VAL2== 63.49
FUT_3m_OHLC O= 77450.0  H= 77450.0  L= 77450.0  C= 77450.0  Range= 0.0
CHART_PATTERN_DETECTED: INSIDE_BAR
  PATTERN_CONTEXT: Body= 0.0  Range= 0.0  ExpectedRange= 65.3  RangeRatio= 0.0  O= 77450.0  H= 77450.0  L= 77450.0  C= 77450.0
recent two = [np.float64(4.3), np.float64(4.24)]
newSynthFut =  77400
ATMStrike =  77300
AVG_OIPCR= 1.09
avgoiPCROld=  4.24
SUPP_RES = 77500
FUT LTP = 77450.0
CEchoi  PechOi = 404700.0    152660.0
====================================
totalOIPCR = 0.83
AVG_VOLPCR= 0.48
atmPCR= 0.23  belowATM  0.31
atmVolPCR= 0.26  belowATM  0.49
True   77450.0   77500   False   False   63.49
curr Doji False
BSE:SENSEX26AUG77400PE  curr candle vol pcr = 0.52  PE= 113220  CE= 219040      cpr =  1.93
BSE:SENSEX26AUG77400PE  prev candle vol pcr = 0.91  PE= 210180  CE= 230880      cpr =  1.1
ATM_CE_premium= 288.95  ATM_PE_premium= 247.25
CE_PremChg= 0.95  PE_PremChg= 2.05
CandleBody= 0.0  PrevBody= -23.2  CandleRange= 0.0  Doji
TotalVol= 332260  PrevTotalVol= 441060  VolSpike= 0.75 x 
SCALP_SCORE: BEAR | BullScore= 0  BearScore= 1 | Confidence= LOW
DATAPOINT|12:06|FUT=77450.0|Body=0.0|PrevBody=-23.2|Range=0.0|RangeRatio=0.0|CurrVolPCR=0.52|PrevVolPCR=0.91|CurrCPR=1.93|PrevCPR=1.1|VolSpike=0.75|CE_PremChg=0.95|PE_PremChg=2.05|BullScore=0|BearScore=1|Dir=BEAR|Conf=LOW
CHART_PATTERN_DETECTED: INSIDE_BAR
  PATTERN_CONTEXT: Body= 0.0  Range= 0.0  ExpectedRange= 65.3  RangeRatio= 0.0  O= 77450.0  H= 77450.0  L= 77450.0  C= 77450.0
BSE:SENSEX-INDEX  strikecount= 3   fyers <fyers_apiv3.fyersModel.FyersModel object at 0x71aabc52b4d0>
======================================
oipcr1 =  BSE:SENSEX26AUG77600CE   0.31
oipcr2 =  BSE:SENSEX26AUG77500CE   0.56
oipcr3 =  BSE:SENSEX26AUG77400CE   0.57
oipcrBull = NoEntry  bulcount= 0  bearcount= 3 oipcrBear= BearTrade
atmpcr5 pcr6= 1.2    2.23
No Entry Yet
India VIX = 11.22  Spot Price = 77330.18
IV Regime = LOW (ADAPTIVE: P25= 11.31  P50= 11.85  P75= 12.14 ) | DailyRange = 1239.5 | 3minCandleRange = 65.2 (theoretical= 108.7 ) | ATMoptionMove = 29.4 | SL = 103 | Target = 103 | TrailTrigger = 29 | Spread = 300 | Buffer = 26
IV Params refreshed: {'vix': 11.22, 'bn_price': 77330.18, 'regime': 'LOW', 'regime_thresholds': 'P25=11.31 P50=11.85 P75=12.14', 'daily_range': 1239.5, 'candle_range': 65.2, 'atm_option_move': 29.4, 'sl_point': 103, 'target_point': 103, 'sl_pct_of_premium': 0.1, 'trail_trigger': 29, 'spread_width': 300, 'support_resistance_buffer': 26}
BSE:SENSEX-INDEX  strikecount= 8   fyers <fyers_apiv3.fyersModel.FyersModel object at 0x71aabc52b4d0>
===
====after 3 min ochain==== 2026-08-25 12:09:00.002796
                                    oipcr   choipcr   totalOI
pcr1 =  BSE:SENSEX26AUG78100PE   0.11   0.07 CALL added 21500   PUT added 1540  OI= 38920
pcr2 =  BSE:SENSEX26AUG78000CE   0.24   -0.04 CALL added 385240   PUT unwind -16240  OI= 1328060
pcr3 =  BSE:SENSEX26AUG77900CE   0.17   -0.07 CALL added 139880   PUT unwind -9540  OI= 514420
pcr4 =  BSE:SENSEX26AUG77800PE   0.21   -0.11 CALL added 126400   PUT unwind -13660  OI= 154920
pcr5 =  BSE:SENSEX26AUG77700PE   0.24   -0.3 CALL added 119680   PUT unwind -35960  OI= 244880
pcr6 =  BSE:SENSEX26AUG77600CE   0.31    0.11 CALL added 428860   PUT added 48360  OI= 1116040
pcr7 =  BSE:SENSEX26AUG77500CE   0.56   0.38 CALL added 417040   PUT added 158540  OI= 1540760
pcr8 =  BSE:SENSEX26AUG77400CE   0.56   0.59 CALL added 679640   PUT added 398360  OI= 1214260
pcr9 =  BSE:SENSEX26AUG77300CE   1.18   1.01 CALL added 538980   PUT added 543600  OI= 964920
pcr10 =  BSE:SENSEX26AUG77200CE   2.29   2.58 CALL added 287880   PUT added 743860  OI= 488220
pcr11 =  BSE:SENSEX26AUG77100PE   2.24   1.8 CALL added 229840   PUT added 413880  OI= 630240
pcr12 =  BSE:SENSEX26AUG77000CE   2.26   2.67 CALL added 176940   PUT added 473020  OI= 459020
pcr13 =  BSE:SENSEX26AUG76900CE   5.85   6.63 CALL added 37140   PUT added 246140  OI= 70020
pcr14 =  BSE:SENSEX26AUG76800PE   10.66   10.42 CALL added 13560   PUT added 141280  OI= 368920
pcr15 =  BSE:SENSEX26AUG76700PE   12.57   11.3 CALL added 6580   PUT added 74380  OI= 258480
pcr16 =  BSE:SENSEX26AUG76600CE   17.92   8.0 CALL added 5100   PUT added 40780  OI= 12040
pcr17 =  BSE:SENSEX26AUG76500CE   14.54   15.79 CALL added 5000   PUT added 78940  OI= 42900
pcrSummation= 9.85  result =  ['BSE:SENSEX26AUG77800PE', 'BSE:SENSEX26AUG77700PE', 'BSE:SENSEX26AUG77600CE', 'BSE:SENSEX26AUG77500CE', 'BSE:SENSEX26AUG77400CE', 'BSE:SENSEX26AUG77300CE', 'BSE:SENSEX26AUG77200CE', 'BSE:SENSEX26AUG77100PE', 'BSE:SENSEX26AUG77000CE']
PCRSUM== 71.91
pcrSummation== 9.85
VOLPCRSUM== 4.3
spotLTP =  77329.86  ATM_STRIKE =  77300
IS_ATM_STRIKE_SHIFT = False  mapStrike = {77300: 77300}
avgOiPcrList2 = [np.float64(4.3), np.float64(4.24), np.float64(4.23)] atmStrikeNotShiftedCount= 5
False   5   3
SUPP_RES=== 77500  Buffer= 26
CEoich val =  417040.0  PEoich val =  158540.0 , CE > PE by 62.0%
SUPP_RES TOTAL OI: CE= 1540760  PE= 863320 , CE > PE by 44.0%
IS_MORNING_WINDOW= False  (active 9:15-9:48 IST)
================================================
==== signal check time ==== 2026-08-25 12:09:00.691824
IS_CHOI_DIFF_GT_25PERC== True
RSI_VAL1== 63.49
RSI_VAL2== 63.49
FUT_3m_OHLC O= 77450.0  H= 77450.0  L= 77450.0  C= 77450.0  Range= 0.0
CHART_PATTERN_DETECTED: INSIDE_BAR | DOUBLE_TOP_FORMING | DOUBLE_BOTTOM_FORMING
  PATTERN_CONTEXT: Body= 0.0  Range= 0.0  ExpectedRange= 65.2  RangeRatio= 0.0  O= 77450.0  H= 77450.0  L= 77450.0  C= 77450.0
isPcrDecr = True
newSynthFut =  77400
ATMStrike =  77300
AVG_OIPCR= 1.09
avgoiPCROld=  4.23
SUPP_RES = 77500
FUT LTP = 77450.0
CEchoi  PechOi = 417040.0    158540.0
====================================
totalOIPCR = 0.83
AVG_VOLPCR= 0.48
atmPCR= 0.24  belowATM  0.31
atmVolPCR= 0.26  belowATM  0.49
True   77450.0   77500   False   True   63.49
In Bear trade, slCount=  1  (mode= LOGIC2_TREND_CONVERGENCE )
SPREAD_CALC_AT_ENTRY: SyntheticATMStrike= 77500  ATM_PE= 292.9  ATM_CE= 239.8  AvgATM= 266.35
ATM_GREEKS: CE=BSE:SENSEX26AUG77500CE -> {'delta': 0.47, 'gamma': 0.0006, 'theta': -61.33, 'vega': 23.63, 'iv': 11.14}
ATM_GREEKS: PE=BSE:SENSEX26AUG77500PE -> {'delta': -0.53, 'gamma': 0.0006, 'theta': -61.33, 'vega': 23.63, 'iv': 11.14}
ATM_IV: ce_iv=11.14 pe_iv=11.14 avg_atm_iv=11.14 iv_skew(PE-CE)=0.0
==================================================
SPREAD_SELECTION (Sensex weekly): Type= CREDIT | DTE= 2 | PremRatio= 0.48 | IVRank= 0.13
SPREAD_REASONS: DTE=2(weekly) | PremRatio=0.48 | IVRank=0.13 | DECISION:CREDIT (default — theta favors seller for weekly)
==================================================
SPREAD_DECISION_AT_ENTRY: {'type': 'CREDIT', 'score': 1, 'dte': 2, 'premium_ratio': 0.48, 'iv_rank': 0.13, 'vix_30d_high': 12.64, 'vix_30d_low': 10.83, 'reasons': ['DTE=2(weekly)', 'PremRatio=0.48', 'IVRank=0.13', 'DECISION:CREDIT (default — theta favors seller for weekly)']}
ENTRY_ROUTING: spread_type= CREDIT  isBullish= False  isBearish= True
IV-Dynamic: SL= 103  Target= 103  Spread= 300
  Checking hedge BSE:SENSEX26AUG78000CE: premium=79.35 (max=120.0)
=atmCE= BSE:SENSEX26AUG77500CE
=otmCE== BSE:SENSEX26AUG78000CE  entryPrice= 240.0  maxHedgePremium= 120.0
hedge_entry_price = 79.35
CREDIT_NET_CREDIT= 160.65
OPT_RANGE_DEBUG: symbol=BSE:SENSEX26AUG77500CE | total_candles_after_skip1st=10 | ranges=[8.15, 8.55, 13.95, 5.9, 23.15, 49.15, 25.6, 20.9, 15.35, 12.2] | median_all=14.65
OPT_OHLC_ENTRY: symbol=BSE:SENSEX26AUG77500CE | candles=10 | open=[202.3, 207.0, 202.05, 192.35, 192.65, 212.4, 253.8, 241.55, 236.35, 238.8] | high=[209.9, 209.55, 203.0, 194.9, 214.8, 259.75, 264.3, 245.7, 248.3, 247.5] | low=[201.75, 201.0, 189.05, 189.0, 191.65, 210.6, 238.7, 224.8, 232.95, 235.3] | close=[207.25, 202.05, 191.95, 192.1, 213.3, 253.95, 242.2, 237.95, 237.9, 239.85] | median_range=14.65
OPT_RANGE_DEBUG: symbol=BSE:SENSEX26AUG78000CE | total_candles_after_skip1st=10 | ranges=[3.75, 3.4, 4.5, 2.1, 8.5, 20.8, 12.05, 8.95, 6.55, 4.6] | median_all=5.57
OPT_OHLC_ENTRY: symbol=BSE:SENSEX26AUG78000CE | candles=10 | open=[69.25, 70.35, 67.85, 64.55, 64.55, 71.9, 87.15, 80.2, 78.3, 78.75] | high=[72.3, 70.85, 68.3, 65.65, 72.9, 92.35, 91.15, 81.85, 82.8, 82.1] | low=[68.55, 67.45, 63.8, 63.55, 64.4, 71.55, 79.1, 72.9, 76.25, 77.5] | close=[70.45, 68.0, 64.65, 64.5, 72.25, 87.5, 80.15, 78.3, 78.95, 79.25] | median_range=5.57
DELTA_CHECK: main=BSE:SENSEX26AUG77500CE -> {'delta': 0.47, 'gamma': 0.0006, 'theta': -61.24, 'vega': 23.63, 'iv': 11.12}
DELTA_CHECK: hedge=BSE:SENSEX26AUG78000CE -> {'delta': 0.21, 'gamma': 0.0004, 'theta': -45.09, 'vega': 17.07, 'iv': 11.34}
DELTA_CHECK: delta_ratio (|hedge|/|main|) = 0.447
HEDGE_OFFSET: source=DELTA used_ratio=0.447 raw=0.447 | delta_ratio=0.447 range_ratio=0.38 premium_ratio=0.331 | (main_delta=0.47 hedge_delta=0.21 main_range=14.65 hedge_range=5.57) effective_sl=29 -> net_sl_points=16.04
RISK_SIZING: effective_sl_pre=29 main=240.0 hedge=79.35 main_range=14.65 hedge_range=5.57 FIXED_RISK=5000 -> qty=300 (15 lots)
CREDIT_ENTRY: qty= 300
MARGIN_CHECK: qty=300 (15 lots) margin_required=635564.66 avail=882873.37 usable(90%)=794586.03
12 : 9 : 2  =>  BUY   SENSEX26AUG78000CE   300   MARKET
12 : 9 : 2  =>  SENSEX26AUG78000CE {'code': 1101, 'message': 'Successfully placed order', 's': 'ok', 'id_fyers': '6a4cfc5b-d93f-4b14-9802-cf7250377c54', 'id': '26082500231788'}
entryPrice== 240.0 Target = 137  BSE:SENSEX26AUG77500CE  SL = 343
12 : 9 : 3  =>  SELL   SENSEX26AUG77500CE   300   MARKET
12 : 9 : 3  =>  SENSEX26AUG77500CE {'code': 1101, 'message': 'Successfully placed order', 's': 'ok', 'id_fyers': 'ab43ec81-f287-48aa-ba61-05b512f0220c', 'id': '26082500231795'}
Exit OID:  {'code': 1101, 'message': 'Successfully placed order', 's': 'ok', 'id_fyers': 'ab43ec81-f287-48aa-ba61-05b512f0220c', 'id': '26082500231795'}   {'code': 1101, 'message': 'Successfully placed order', 's': 'ok', 'id_fyers': '6a4cfc5b-d93f-4b14-9802-cf7250377c54', 'id': '26082500231788'}
ENTRY_SL_TGT: spread= CREDIT  SL= 268.4  Target= 188.4  EntryPrem= 239.4  AnchorSrc= CANDLE_CLOSE  TrailTrigger= 31  SL_Source= OPTION_RANGE(median=14.65,SLx2,Tgtx3.5)  (iv_pts= 103  effective_sl= 29 )
curr Doji False
BSE:SENSEX26AUG77400PE  curr candle vol pcr = 1.14  PE= 93880  CE= 82180      cpr =  0.88
BSE:SENSEX26AUG77400PE  prev candle vol pcr = 0.52  PE= 113220  CE= 219040      cpr =  1.93
ATM_CE_premium= 290.85  ATM_PE_premium= 244.2
CE_PremChg= 1.9  PE_PremChg= -3.05
CandleBody= 0.0  PrevBody= 0.0  CandleRange= 0.0  Doji
TotalVol= 176060  PrevTotalVol= 332260  VolSpike= 0.53 x 
SCALP_SCORE: NEUTRAL | BullScore= 0  BearScore= 0 | Confidence= LOW
DATAPOINT|12:09|FUT=77450.0|Body=0.0|PrevBody=0.0|Range=0.0|RangeRatio=0.0|CurrVolPCR=1.14|PrevVolPCR=0.52|CurrCPR=0.88|PrevCPR=1.93|VolSpike=0.53|CE_PremChg=1.9|PE_PremChg=-3.05|BullScore=0|BearScore=0|Dir=NEUTRAL|Conf=LOW
CHART_PATTERN_DETECTED: INSIDE_BAR | DOUBLE_TOP_FORMING | DOUBLE_BOTTOM_FORMING
  PATTERN_CONTEXT: Body= 0.0  Range= 0.0  ExpectedRange= 65.2  RangeRatio= 0.0  O= 77450.0  H= 77450.0  L= 77450.0  C= 77450.0
BSE:SENSEX-INDEX  strikecount= 3   fyers <fyers_apiv3.fyersModel.FyersModel object at 0x71aabc52b4d0>
======================================
oipcr1 =  BSE:SENSEX26AUG77600CE   0.31
oipcr2 =  BSE:SENSEX26AUG77500CE   0.57
oipcr3 =  BSE:SENSEX26AUG77400CE   0.55
oipcrBull = NoEntry  bulcount= 0  bearcount= 3 oipcrBear= BearTrade
atmpcr5 pcr6= 1.23    2.32
No Entry Yet
In Trade ( CREDIT ). No Exit. ltp= 236.6  SL= 268.4  target= 188.4
In Trade ( CREDIT ). No Exit. ltp= 231.85  SL= 268.4  target= 188.4
In Trade ( CREDIT ). No Exit. ltp= 236.4  SL= 268.4  target= 188.4
In Trade ( CREDIT ). No Exit. ltp= 241.4  SL= 268.4  target= 188.4
In Trade ( CREDIT ). No Exit. ltp= 237.15  SL= 268.4  target= 188.4
In Trade ( CREDIT ). No Exit. ltp= 239.05  SL= 268.4  target= 188.4
In Trade ( CREDIT ). No Exit. ltp= 238.4  SL= 268.4  target= 188.4
In Trade ( CREDIT ). No Exit. ltp= 239.25  SL= 268.4  target= 188.4
In Trade ( CREDIT ). No Exit. ltp= 236.0  SL= 268.4  target= 188.4
In Trade ( CREDIT ). No Exit. ltp= 238.3  SL= 268.4  target= 188.4
In Trade ( CREDIT ). No Exit. ltp= 234.85  SL= 268.4  target= 188.4
In Trade ( CREDIT ). No Exit. ltp= 235.4  SL= 268.4  target= 188.4
In Trade ( CREDIT ). No Exit. ltp= 234.0  SL= 268.4  target= 188.4
In Trade ( CREDIT ). No Exit. ltp= 236.15  SL= 268.4  target= 188.4
In Trade ( CREDIT ). No Exit. ltp= 239.5  SL= 268.4  target= 188.4
In Trade ( CREDIT ). No Exit. ltp= 233.45  SL= 268.4  target= 188.4
In Trade ( CREDIT ). No Exit. ltp= 236.15  SL= 268.4  target= 188.4
In Trade ( CREDIT ). No Exit. ltp= 227.9  SL= 268.4  target= 188.4
In Trade ( CREDIT ). No Exit. ltp= 229.85  SL= 268.4  target= 188.4
In Trade ( CREDIT ). No Exit. ltp= 235.35  SL= 268.4  target= 188.4
In Trade ( CREDIT ). No Exit. ltp= 228.5  SL= 268.4  target= 188.4
In Trade ( CREDIT ). No Exit. ltp= 222.25  SL= 268.4  target= 188.4
In Trade ( CREDIT ). No Exit. ltp= 231.2  SL= 268.4  target= 188.4
In Trade ( CREDIT ). No Exit. ltp= 229.05  SL= 268.4  target= 188.4
In Trade ( CREDIT ). No Exit. ltp= 231.35  SL= 268.4  target= 188.4
In Trade ( CREDIT ). No Exit. ltp= 227.1  SL= 268.4  target= 188.4
In Trade ( CREDIT ). No Exit. ltp= 229.25  SL= 268.4  target= 188.4
In Trade ( CREDIT ). No Exit. ltp= 227.5  SL= 268.4  target= 188.4
In Trade ( CREDIT ). No Exit. ltp= 229.25  SL= 268.4  target= 188.4
In Trade ( CREDIT ). No Exit. ltp= 218.95  SL= 268.4  target= 188.4
In Trade ( CREDIT ). No Exit. ltp= 218.55  SL= 268.4  target= 188.4
In Trade ( CREDIT ). No Exit. ltp= 220.35  SL= 268.4  target= 188.4
In Trade ( CREDIT ). No Exit. ltp= 217.95  SL= 268.4  target= 188.4
In Trade ( CREDIT ). No Exit. ltp= 215.25  SL= 268.4  target= 188.4
TRAILING SL activated! SL moved to breakeven = 239.4
In Trade ( CREDIT ). No Exit. ltp= 207.65  SL= 239.4  target= 188.4
In Trade ( CREDIT ). No Exit. ltp= 208.65  SL= 239.4  target= 188.4
In Trade ( CREDIT ). No Exit. ltp= 214.65  SL= 239.4  target= 188.4
In Trade ( CREDIT ). No Exit. ltp= 208.35  SL= 239.4  target= 188.4
In Trade ( CREDIT ). No Exit. ltp= 208.6  SL= 239.4  target= 188.4
In Trade ( CREDIT ). No Exit. ltp= 208.55  SL= 239.4  target= 188.4
In Trade ( CREDIT ). No Exit. ltp= 213.15  SL= 239.4  target= 188.4
In Trade ( CREDIT ). No Exit. ltp= 213.0  SL= 239.4  target= 188.4
In Trade ( CREDIT ). No Exit. ltp= 211.9  SL= 239.4  target= 188.4
In Trade ( CREDIT ). No Exit. ltp= 216.6  SL= 239.4  target= 188.4
In Trade ( CREDIT ). No Exit. ltp= 215.3  SL= 239.4  target= 188.4
In Trade ( CREDIT ). No Exit. ltp= 210.35  SL= 239.4  target= 188.4
In Trade ( CREDIT ). No Exit. ltp= 209.25  SL= 239.4  target= 188.4
In Trade ( CREDIT ). No Exit. ltp= 211.9  SL= 239.4  target= 188.4
In Trade ( CREDIT ). No Exit. ltp= 208.35  SL= 239.4  target= 188.4
In Trade ( CREDIT ). No Exit. ltp= 203.1  SL= 239.4  target= 188.4
In Trade ( CREDIT ). No Exit. ltp= 206.75  SL= 239.4  target= 188.4
In Trade ( CREDIT ). No Exit. ltp= 201.1  SL= 239.4  target= 188.4
LTP_TGT_WATCH: ltp=187.7 target=188.4 confirm=1/2
LTP_TGT_WATCH: ltp=188.3 target=188.4 confirm=1/2
LTP_TGT_WATCH: ltp=188.0 target=188.4 confirm=1/2
LTP_TGT_WATCH: ltp=187.0 target=188.4 confirm=2/2
Target hit (LTP)
REALIZED_OFFSET: main 239.4->187.0 (moved 52.4) hedge 79.35->57.85 (moved 21.5) assumed_ratio=0.4468085106382979 realized_ratio=0.41
13 : 1 : 55  =>  BUY   SENSEX26AUG77500CE   300   MARKET
13 : 1 : 55  =>  SENSEX26AUG77500CE {'code': 1101, 'message': 'Successfully placed order', 's': 'ok', 'id_fyers': '38f9b7de-5702-4c61-8e28-c309c7e6c514', 'id': '26082500271936'}
Exit main (BUY sold leg) OID:  {'code': 1101, 'message': 'Successfully placed order', 's': 'ok', 'id_fyers': '38f9b7de-5702-4c61-8e28-c309c7e6c514', 'id': '26082500271936'}
13 : 1 : 56  =>  SELL   SENSEX26AUG78000CE   300   MARKET
13 : 1 : 56  =>  SENSEX26AUG78000CE {'code': 1101, 'message': 'Successfully placed order', 's': 'ok', 'id_fyers': '610aad3c-fb11-46a1-b857-521573bd64ee', 'id': '26082500271964'}
Exit hedge (SELL bought leg) OID:  {'code': 1101, 'message': 'Successfully placed order', 's': 'ok', 'id_fyers': '610aad3c-fb11-46a1-b857-521573bd64ee', 'id': '26082500271964'}
India VIX = 11.26  Spot Price = 77219.81
IV Regime = LOW (ADAPTIVE: P25= 11.31  P50= 11.85  P75= 12.14 ) | DailyRange = 1242.1 | 3minCandleRange = 65.4 (theoretical= 108.9 ) | ATMoptionMove = 29.4 | SL = 103 | Target = 103 | TrailTrigger = 29 | Spread = 300 | Buffer = 26
IV Params refreshed: {'vix': 11.26, 'bn_price': 77219.81, 'regime': 'LOW', 'regime_thresholds': 'P25=11.31 P50=11.85 P75=12.14', 'daily_range': 1242.1, 'candle_range': 65.4, 'atm_option_move': 29.4, 'sl_point': 103, 'target_point': 103, 'sl_pct_of_premium': 0.1, 'trail_trigger': 29, 'spread_width': 300, 'support_resistance_buffer': 26}
BSE:SENSEX-INDEX  strikecount= 8   fyers <fyers_apiv3.fyersModel.FyersModel object at 0x71aabc52b4d0>
===
====after 3 min ochain==== 2026-08-25 13:03:00.000003
                                    oipcr   choipcr   totalOI
pcr1 =  BSE:SENSEX26AUG78000CE   0.22   -0.05 CALL added 492760   PUT unwind -24240  OI= 1435580
pcr2 =  BSE:SENSEX26AUG77900CE   0.17   -0.08 CALL added 148120   PUT unwind -11260  OI= 522660
pcr3 =  BSE:SENSEX26AUG77800PE   0.2   -0.11 CALL added 141320   PUT unwind -15680  OI= 152900
pcr4 =  BSE:SENSEX26AUG77700PE   0.24   -0.25 CALL added 136360   PUT unwind -33800  OI= 247040
pcr5 =  BSE:SENSEX26AUG77600CE   0.33   0.18 CALL added 471740   PUT added 83920  OI= 1158920
pcr6 =  BSE:SENSEX26AUG77500CE   0.53    0.3 CALL added 482820   PUT added 143040  OI= 1606540
pcr7 =  BSE:SENSEX26AUG77400CE   0.55   0.57 CALL added 738120   PUT added 421800  OI= 1272740
pcr8 =  BSE:SENSEX26AUG77300CE   1.14   0.95 CALL added 601020   PUT added 571140  OI= 1026960
pcr9 =  BSE:SENSEX26AUG77200CE   2.14   2.31 CALL added 330600   PUT added 762240  OI= 530940
pcr10 =  BSE:SENSEX26AUG77100PE   2.27   1.84 CALL added 233880   PUT added 429620  OI= 645980
pcr11 =  BSE:SENSEX26AUG77000CE   2.36   2.89 CALL added 184460   PUT added 533500  OI= 466540
pcr12 =  BSE:SENSEX26AUG76900CE   5.69   6.29 CALL added 39280   PUT added 247060  OI= 72160
pcr13 =  BSE:SENSEX26AUG76800PE   10.71   10.55 CALL added 14220   PUT added 150000  OI= 377640
pcr14 =  BSE:SENSEX26AUG76700PE   13.84   14.82 CALL added 9660   PUT added 143160  OI= 327260
pcr15 =  BSE:SENSEX26AUG76600CE   18.59   11.49 CALL added 6480   PUT added 74480  OI= 13420
pcr16 =  BSE:SENSEX26AUG76500CE   16.13   25.0 CALL added 7480   PUT added 187000  OI= 45380
pcr17 =  BSE:SENSEX26AUG76400PE   44.91   39.4 CALL added 2640   PUT added 104020  OI= 247920
pcrSummation= 15.25  result =  ['BSE:SENSEX26AUG77700PE', 'BSE:SENSEX26AUG77600CE', 'BSE:SENSEX26AUG77500CE', 'BSE:SENSEX26AUG77400CE', 'BSE:SENSEX26AUG77300CE', 'BSE:SENSEX26AUG77200CE', 'BSE:SENSEX26AUG77100PE', 'BSE:SENSEX26AUG77000CE', 'BSE:SENSEX26AUG76900CE']
PCRSUM== 120.02
pcrSummation== 15.25
VOLPCRSUM== 5.87
spotLTP =  77219.81  ATM_STRIKE =  77200
IS_ATM_STRIKE_SHIFT = False  mapStrike = {77200: 77200}
avgOiPcrList2 = [np.float64(7.06)] atmStrikeNotShiftedCount= 1
False   1   1
SUPP_RES=== 77500  Buffer= 26
CEoich val =  482820.0  PEoich val =  143040.0 , CE > PE by 70.4%
SUPP_RES TOTAL OI: CE= 1606540  PE= 847820 , CE > PE by 47.2%
IS_MORNING_WINDOW= False  (active 9:15-9:48 IST)
================================================
==== signal check time ==== 2026-08-25 13:03:00.609135
IS_CHOI_DIFF_GT_25PERC== True
RSI_VAL1== 35.59
RSI_VAL2== 35.59
FUT_3m_OHLC O= 77400.0  H= 77400.0  L= 77343.4  C= 77343.4  Range= 56.6
CHART_PATTERN_DETECTED: DOUBLE_TOP_FORMING | STRONG_MOMENTUM_BEAR
  PATTERN_CONTEXT: Body= -56.6  Range= 56.6  ExpectedRange= 65.4  RangeRatio= 0.87  O= 77400.0  H= 77400.0  L= 77343.4  C= 77343.4
newSynthFut =  77300
ATMStrike =  77200
AVG_OIPCR= 1.69
avgoiPCROld=  7.06
SUPP_RES = 77500
FUT LTP = 77343.35
CEchoi  PechOi = 482820.0    143040.0
====================================
totalOIPCR = 0.82
AVG_VOLPCR= 0.65
atmPCR= 0.33  belowATM  0.53
atmVolPCR= 0.46  belowATM  0.68
True   77343.35   77500   False   False   35.59
curr Doji False
BSE:SENSEX26AUG77400PE  curr candle vol pcr = 1.18  PE= 206100  CE= 174380      cpr =  0.85
BSE:SENSEX26AUG77400PE  prev candle vol pcr = 0.94  PE= 60780  CE= 64800      cpr =  1.07
ATM_CE_premium= 227.1  ATM_PE_premium= 290.45
CE_PremChg= -27.05  PE_PremChg= 24.45
CandleBody= -56.6  PrevBody= 0.0  CandleRange= 56.6  Bearish
TotalVol= 380480  PrevTotalVol= 125580  VolSpike= 3.03 x  SPIKE!
SCALP_SCORE: BEAR | BullScore= 1  BearScore= 2 | Confidence= LOW
DATAPOINT|13:03|FUT=77343.4|Body=-56.6|PrevBody=0.0|Range=56.6|RangeRatio=0.87|CurrVolPCR=1.18|PrevVolPCR=0.94|CurrCPR=0.85|PrevCPR=1.07|VolSpike=3.03|CE_PremChg=-27.05|PE_PremChg=24.45|BullScore=1|BearScore=2|Dir=BEAR|Conf=LOW
CHART_PATTERN_DETECTED: DOUBLE_TOP_FORMING | STRONG_MOMENTUM_BEAR
  PATTERN_CONTEXT: Body= -56.6  Range= 56.6  ExpectedRange= 65.4  RangeRatio= 0.87  O= 77400.0  H= 77400.0  L= 77343.4  C= 77343.4
BSE:SENSEX-INDEX  strikecount= 3   fyers <fyers_apiv3.fyersModel.FyersModel object at 0x71aabc52b4d0>
======================================
oipcr1 =  BSE:SENSEX26AUG77500CE   0.53
oipcr2 =  BSE:SENSEX26AUG77400CE   0.55
oipcr3 =  BSE:SENSEX26AUG77300CE   1.14
oipcrBull = NoEntry  bulcount= 1  bearcount= 2 oipcrBear= BearTrade
atmpcr5 pcr6= 2.14    2.27
No Entry Yet
India VIX = 11.28  Spot Price = 77213.34
IV Regime = LOW (ADAPTIVE: P25= 11.31  P50= 11.85  P75= 12.14 ) | DailyRange = 1244.2 | 3minCandleRange = 65.5 (theoretical= 109.1 ) | ATMoptionMove = 29.5 | SL = 103 | Target = 103 | TrailTrigger = 29 | Spread = 300 | Buffer = 26
IV Params refreshed: {'vix': 11.28, 'bn_price': 77213.34, 'regime': 'LOW', 'regime_thresholds': 'P25=11.31 P50=11.85 P75=12.14', 'daily_range': 1244.2, 'candle_range': 65.5, 'atm_option_move': 29.5, 'sl_point': 103, 'target_point': 103, 'sl_pct_of_premium': 0.1, 'trail_trigger': 29, 'spread_width': 300, 'support_resistance_buffer': 26}
BSE:SENSEX-INDEX  strikecount= 8   fyers <fyers_apiv3.fyersModel.FyersModel object at 0x71aabc52b4d0>
===
====after 3 min ochain==== 2026-08-25 13:06:00.001217
                                    oipcr   choipcr   totalOI
pcr1 =  BSE:SENSEX26AUG78000CE   0.21   -0.05 CALL added 522400   PUT unwind -25320  OI= 1465220
pcr2 =  BSE:SENSEX26AUG77900CE   0.17   -0.08 CALL added 145420   PUT unwind -11740  OI= 519960
pcr3 =  BSE:SENSEX26AUG77800PE   0.18   -0.18 CALL added 149180   PUT unwind -26160  OI= 142420
pcr4 =  BSE:SENSEX26AUG77700PE   0.23   -0.26 CALL added 148280   PUT unwind -38840  OI= 242000
pcr5 =  BSE:SENSEX26AUG77600CE   0.3   0.13 CALL added 506220   PUT added 67680  OI= 1193400
pcr6 =  BSE:SENSEX26AUG77500CE   0.48    0.18 CALL added 552360   PUT added 101640  OI= 1676080
pcr7 =  BSE:SENSEX26AUG77400CE   0.5   0.49 CALL added 763280   PUT added 374180  OI= 1297900
pcr8 =  BSE:SENSEX26AUG77300CE   1.01   0.75 CALL added 641440   PUT added 483340  OI= 1067380
pcr9 =  BSE:SENSEX26AUG77200CE   1.92   1.96 CALL added 364960   PUT added 713600  OI= 565300
pcr10 =  BSE:SENSEX26AUG77100PE   2.18   1.74 CALL added 235720   PUT added 409160  OI= 625520
pcr11 =  BSE:SENSEX26AUG77000CE   2.2   2.49 CALL added 194220   PUT added 482880  OI= 476300
pcr12 =  BSE:SENSEX26AUG76900CE   5.7   6.27 CALL added 41220   PUT added 258540  OI= 74100
pcr13 =  BSE:SENSEX26AUG76800PE   10.32   9.64 CALL added 15600   PUT added 150440  OI= 378080
pcr14 =  BSE:SENSEX26AUG76700PE   12.79   12.29 CALL added 10560   PUT added 129740  OI= 313840
pcr15 =  BSE:SENSEX26AUG76600CE   19.1   12.49 CALL added 6400   PUT added 79920  OI= 13340
pcr16 =  BSE:SENSEX26AUG76500CE   15.88   22.81 CALL added 8220   PUT added 187480  OI= 46120
pcr17 =  BSE:SENSEX26AUG76400PE   45.63   41.01 CALL added 2700   PUT added 110720  OI= 254620
pcrSummation= 14.52  result =  ['BSE:SENSEX26AUG77700PE', 'BSE:SENSEX26AUG77600CE', 'BSE:SENSEX26AUG77500CE', 'BSE:SENSEX26AUG77400CE', 'BSE:SENSEX26AUG77300CE', 'BSE:SENSEX26AUG77200CE', 'BSE:SENSEX26AUG77100PE', 'BSE:SENSEX26AUG77000CE', 'BSE:SENSEX26AUG76900CE']
PCRSUM== 118.8
pcrSummation== 14.52
VOLPCRSUM== 5.87
spotLTP =  77213.34  ATM_STRIKE =  77200
IS_ATM_STRIKE_SHIFT = False  mapStrike = {77200: 77200}
avgOiPcrList2 = [np.float64(7.06), np.float64(6.99)] atmStrikeNotShiftedCount= 2
False   2   2
SUPP_RES=== 77500  Buffer= 26
CEoich val =  552360.0  PEoich val =  101640.0 , CE > PE by 81.6%
SUPP_RES TOTAL OI: CE= 1676080  PE= 806420 , CE > PE by 51.9%
IS_MORNING_WINDOW= False  (active 9:15-9:48 IST)
================================================
==== signal check time ==== 2026-08-25 13:06:00.660794
IS_CHOI_DIFF_GT_25PERC== True
RSI_VAL1== 35.59
RSI_VAL2== 35.59
FUT_3m_OHLC O= 77343.4  H= 77343.4  L= 77343.4  C= 77343.4  Range= 0.0
CHART_PATTERN_DETECTED: INSIDE_BAR | DOUBLE_TOP_FORMING | DOUBLE_BOTTOM_FORMING
  PATTERN_CONTEXT: Body= 0.0  Range= 0.0  ExpectedRange= 65.5  RangeRatio= 0.0  O= 77343.4  H= 77343.4  L= 77343.4  C= 77343.4
newSynthFut =  77300
ATMStrike =  77200
AVG_OIPCR= 1.61
avgoiPCROld=  6.99
SUPP_RES = 77500
FUT LTP = 77343.35
CEchoi  PechOi = 552360.0    101640.0
====================================
totalOIPCR = 0.79
AVG_VOLPCR= 0.65
atmPCR= 0.3  belowATM  0.48
atmVolPCR= 0.46  belowATM  0.68
True   77343.35   77500   False   False   35.59
curr Doji False
BSE:SENSEX26AUG77300PE  curr candle vol pcr = 1.39  PE= 188140  CE= 135600      cpr =  0.72
BSE:SENSEX26AUG77400PE  prev candle vol pcr = 1.18  PE= 206100  CE= 174380      cpr =  0.85
ATM_CE_premium= 282.5  ATM_PE_premium= 240.0
CE_PremChg= 5.75  PE_PremChg= 0.75
CandleBody= 0.0  PrevBody= -56.6  CandleRange= 0.0  Doji
TotalVol= 323740  PrevTotalVol= 380480  VolSpike= 0.85 x 
SCALP_SCORE: NEUTRAL | BullScore= 0  BearScore= 0 | Confidence= LOW
DATAPOINT|13:06|FUT=77343.4|Body=0.0|PrevBody=-56.6|Range=0.0|RangeRatio=0.0|CurrVolPCR=1.39|PrevVolPCR=1.18|CurrCPR=0.72|PrevCPR=0.85|VolSpike=0.85|CE_PremChg=5.75|PE_PremChg=0.75|BullScore=0|BearScore=0|Dir=NEUTRAL|Conf=LOW
CHART_PATTERN_DETECTED: INSIDE_BAR | DOUBLE_TOP_FORMING | DOUBLE_BOTTOM_FORMING
  PATTERN_CONTEXT: Body= 0.0  Range= 0.0  ExpectedRange= 65.5  RangeRatio= 0.0  O= 77343.4  H= 77343.4  L= 77343.4  C= 77343.4
BSE:SENSEX-INDEX  strikecount= 3   fyers <fyers_apiv3.fyersModel.FyersModel object at 0x71aabc52b4d0>
======================================
oipcr1 =  BSE:SENSEX26AUG77500CE   0.48
oipcr2 =  BSE:SENSEX26AUG77400CE   0.5
oipcr3 =  BSE:SENSEX26AUG77300CE   1.01
oipcrBull = NoEntry  bulcount= 1  bearcount= 2 oipcrBear= BearTrade
atmpcr5 pcr6= 1.92    2.18
No Entry Yet
India VIX = 11.29  Spot Price = 77217.3
IV Regime = LOW (ADAPTIVE: P25= 11.31  P50= 11.85  P75= 12.14 ) | DailyRange = 1245.4 | 3minCandleRange = 65.5 (theoretical= 109.2 ) | ATMoptionMove = 29.5 | SL = 103 | Target = 103 | TrailTrigger = 29 | Spread = 300 | Buffer = 26
IV Params refreshed: {'vix': 11.29, 'bn_price': 77217.3, 'regime': 'LOW', 'regime_thresholds': 'P25=11.31 P50=11.85 P75=12.14', 'daily_range': 1245.4, 'candle_range': 65.5, 'atm_option_move': 29.5, 'sl_point': 103, 'target_point': 103, 'sl_pct_of_premium': 0.1, 'trail_trigger': 29, 'spread_width': 300, 'support_resistance_buffer': 26}
BSE:SENSEX-INDEX  strikecount= 8   fyers <fyers_apiv3.fyersModel.FyersModel object at 0x71aabc52b4d0>
===
====after 3 min ochain==== 2026-08-25 13:09:00.000001
                                    oipcr   choipcr   totalOI
pcr1 =  BSE:SENSEX26AUG78000CE   0.21   -0.05 CALL added 521840   PUT unwind -27780  OI= 1464660
pcr2 =  BSE:SENSEX26AUG77900CE   0.17   -0.08 CALL added 142280   PUT unwind -11620  OI= 516820
pcr3 =  BSE:SENSEX26AUG77800PE   0.18   -0.17 CALL added 151200   PUT unwind -25580  OI= 143000
pcr4 =  BSE:SENSEX26AUG77700PE   0.24   -0.14 CALL added 154260   PUT unwind -20920  OI= 259920
pcr5 =  BSE:SENSEX26AUG77600CE   0.3   0.12 CALL added 512600   PUT added 62920  OI= 1199780
pcr6 =  BSE:SENSEX26AUG77500CE   0.47    0.17 CALL added 580000   PUT added 99020  OI= 1703720
pcr7 =  BSE:SENSEX26AUG77400CE   0.49   0.47 CALL added 769860   PUT added 364600  OI= 1304480
pcr8 =  BSE:SENSEX26AUG77300CE   1.0   0.73 CALL added 654800   PUT added 481120  OI= 1080740
pcr9 =  BSE:SENSEX26AUG77200CE   1.87   1.87 CALL added 377940   PUT added 705400  OI= 578280
pcr10 =  BSE:SENSEX26AUG77100PE   2.07   1.63 CALL added 246580   PUT added 401480  OI= 617840
pcr11 =  BSE:SENSEX26AUG77000CE   2.17   2.39 CALL added 197680   PUT added 473040  OI= 479760
pcr12 =  BSE:SENSEX26AUG76900CE   5.71   6.31 CALL added 40680   PUT added 256600  OI= 73560
pcr13 =  BSE:SENSEX26AUG76800PE   10.27   9.57 CALL added 16360   PUT added 156500  OI= 384140
pcr14 =  BSE:SENSEX26AUG76700PE   12.28   11.19 CALL added 11440   PUT added 128060  OI= 312160
pcr15 =  BSE:SENSEX26AUG76600CE   18.78   12.15 CALL added 6720   PUT added 81640  OI= 13660
pcr16 =  BSE:SENSEX26AUG76500CE   15.23   18.52 CALL added 9820   PUT added 181840  OI= 47720
pcr17 =  BSE:SENSEX26AUG76400PE   47.24   44.1 CALL added 2500   PUT added 110260  OI= 254160
pcrSummation= 14.32  result =  ['BSE:SENSEX26AUG77700PE', 'BSE:SENSEX26AUG77600CE', 'BSE:SENSEX26AUG77500CE', 'BSE:SENSEX26AUG77400CE', 'BSE:SENSEX26AUG77300CE', 'BSE:SENSEX26AUG77200CE', 'BSE:SENSEX26AUG77100PE', 'BSE:SENSEX26AUG77000CE', 'BSE:SENSEX26AUG76900CE']
PCRSUM== 118.68
pcrSummation== 14.32
VOLPCRSUM== 5.909999999999999
spotLTP =  77217.3  ATM_STRIKE =  77200
IS_ATM_STRIKE_SHIFT = False  mapStrike = {77200: 77200}
avgOiPcrList2 = [np.float64(7.06), np.float64(6.99), np.float64(6.98)] atmStrikeNotShiftedCount= 3
False   3   3
SUPP_RES=== 77500  Buffer= 26
CEoich val =  580000.0  PEoich val =  99020.0 , CE > PE by 82.9%
SUPP_RES TOTAL OI: CE= 1703720  PE= 803800 , CE > PE by 52.8%
IS_MORNING_WINDOW= False  (active 9:15-9:48 IST)
================================================
==== signal check time ==== 2026-08-25 13:09:00.620021
IS_CHOI_DIFF_GT_25PERC== True
RSI_VAL1== 35.59
RSI_VAL2== 35.59
FUT_3m_OHLC O= 77343.4  H= 77343.4  L= 77343.4  C= 77343.4  Range= 0.0
CHART_PATTERN_DETECTED: INSIDE_BAR | DOUBLE_BOTTOM_FORMING
  PATTERN_CONTEXT: Body= 0.0  Range= 0.0  ExpectedRange= 65.5  RangeRatio= 0.0  O= 77343.4  H= 77343.4  L= 77343.4  C= 77343.4
isPcrDecr = True
newSynthFut =  77300
ATMStrike =  77200
AVG_OIPCR= 1.59
avgoiPCROld=  6.98
SUPP_RES = 77500
FUT LTP = 77343.35
CEchoi  PechOi = 580000.0    99020.0
====================================
totalOIPCR = 0.79
AVG_VOLPCR= 0.66
atmPCR= 0.3  belowATM  0.47
atmVolPCR= 0.47  belowATM  0.68
True   77343.35   77500   False   True   35.59
no trade yet = [np.float64(7.06), np.float64(6.99), np.float64(6.98)]
curr Doji False
BSE:SENSEX26AUG77300PE  curr candle vol pcr = 2.49  PE= 268460  CE= 108020      cpr =  0.4
BSE:SENSEX26AUG77300PE  prev candle vol pcr = 1.39  PE= 188140  CE= 135600      cpr =  0.72
VOL_PRESSURE_WATCH: SINGLE_CANDLE_PUT_PRESSURE | currPCR= 2.49  prevPCR= 1.39
ATM_CE_premium= 278.6  ATM_PE_premium= 245.95
CE_PremChg= -3.9  PE_PremChg= 5.95
CandleBody= 0.0  PrevBody= 0.0  CandleRange= 0.0  Doji
TotalVol= 376480  PrevTotalVol= 323740  VolSpike= 1.16 x 
SCALP_SCORE: BULL | BullScore= 1  BearScore= 0 | Confidence= LOW
DATAPOINT|13:09|FUT=77343.4|Body=0.0|PrevBody=0.0|Range=0.0|RangeRatio=0.0|CurrVolPCR=2.49|PrevVolPCR=1.39|CurrCPR=0.4|PrevCPR=0.72|VolSpike=1.16|CE_PremChg=-3.9|PE_PremChg=5.95|BullScore=1|BearScore=0|Dir=BULL|Conf=LOW
CHART_PATTERN_DETECTED: INSIDE_BAR | DOUBLE_BOTTOM_FORMING
  PATTERN_CONTEXT: Body= 0.0  Range= 0.0  ExpectedRange= 65.5  RangeRatio= 0.0  O= 77343.4  H= 77343.4  L= 77343.4  C= 77343.4
BSE:SENSEX-INDEX  strikecount= 3   fyers <fyers_apiv3.fyersModel.FyersModel object at 0x71aabc52b4d0>
======================================
oipcr1 =  BSE:SENSEX26AUG77500CE   0.47
oipcr2 =  BSE:SENSEX26AUG77400CE   0.49
oipcr3 =  BSE:SENSEX26AUG77300CE   1.0
oipcrBull = NoEntry  bulcount= 1  bearcount= 2 oipcrBear= BearTrade
atmpcr5 pcr6= 1.87    2.07
No Entry Yet
India VIX = 11.3  Spot Price = 77217.61
IV Regime = LOW (ADAPTIVE: P25= 11.31  P50= 11.85  P75= 12.14 ) | DailyRange = 1246.5 | 3minCandleRange = 65.6 (theoretical= 109.3 ) | ATMoptionMove = 29.5 | SL = 103 | Target = 103 | TrailTrigger = 30 | Spread = 300 | Buffer = 26
IV Params refreshed: {'vix': 11.3, 'bn_price': 77217.61, 'regime': 'LOW', 'regime_thresholds': 'P25=11.31 P50=11.85 P75=12.14', 'daily_range': 1246.5, 'candle_range': 65.6, 'atm_option_move': 29.5, 'sl_point': 103, 'target_point': 103, 'sl_pct_of_premium': 0.1, 'trail_trigger': 30, 'spread_width': 300, 'support_resistance_buffer': 26}
BSE:SENSEX-INDEX  strikecount= 8   fyers <fyers_apiv3.fyersModel.FyersModel object at 0x71aabc52b4d0>
===
====after 3 min ochain==== 2026-08-25 13:12:00.000288
                                    oipcr   choipcr   totalOI
pcr1 =  BSE:SENSEX26AUG78000CE   0.21   -0.05 CALL added 521800   PUT unwind -27980  OI= 1464620
pcr2 =  BSE:SENSEX26AUG77900CE   0.17   -0.08 CALL added 146160   PUT unwind -11460  OI= 520700
pcr3 =  BSE:SENSEX26AUG77800PE   0.18   -0.18 CALL added 147700   PUT unwind -26020  OI= 142560
pcr4 =  BSE:SENSEX26AUG77700PE   0.24   -0.14 CALL added 158500   PUT unwind -22180  OI= 258660
pcr5 =  BSE:SENSEX26AUG77600CE   0.29   0.12 CALL added 519780   PUT added 60540  OI= 1206960
pcr6 =  BSE:SENSEX26AUG77500CE   0.47    0.16 CALL added 586280   PUT added 95740  OI= 1710000
pcr7 =  BSE:SENSEX26AUG77400CE   0.48   0.45 CALL added 785700   PUT added 354580  OI= 1320320
pcr8 =  BSE:SENSEX26AUG77300CE   0.97   0.7 CALL added 665140   PUT added 463600  OI= 1091080
pcr9 =  BSE:SENSEX26AUG77200CE   1.82   1.79 CALL added 390660   PUT added 699280  OI= 591000
pcr10 =  BSE:SENSEX26AUG77100PE   2.05   1.61 CALL added 249240   PUT added 400680  OI= 617040
pcr11 =  BSE:SENSEX26AUG77000CE   2.16   2.39 CALL added 198180   PUT added 473180  OI= 480260
pcr12 =  BSE:SENSEX26AUG76900CE   5.74   6.34 CALL added 41440   PUT added 262780  OI= 74320
pcr13 =  BSE:SENSEX26AUG76800PE   10.31   9.66 CALL added 16580   PUT added 160100  OI= 387740
pcr14 =  BSE:SENSEX26AUG76700PE   12.25   11.11 CALL added 11260   PUT added 125140  OI= 309240
pcr15 =  BSE:SENSEX26AUG76600CE   18.87   12.36 CALL added 6760   PUT added 83520  OI= 13700
pcr16 =  BSE:SENSEX26AUG76500CE   15.22   18.47 CALL added 9820   PUT added 181400  OI= 47720
pcr17 =  BSE:SENSEX26AUG76400PE   47.31   44.26 CALL added 2500   PUT added 110640  OI= 254540
pcrSummation= 14.22  result =  ['BSE:SENSEX26AUG77700PE', 'BSE:SENSEX26AUG77600CE', 'BSE:SENSEX26AUG77500CE', 'BSE:SENSEX26AUG77400CE', 'BSE:SENSEX26AUG77300CE', 'BSE:SENSEX26AUG77200CE', 'BSE:SENSEX26AUG77100PE', 'BSE:SENSEX26AUG77000CE', 'BSE:SENSEX26AUG76900CE']
PCRSUM== 118.74
pcrSummation== 14.22
VOLPCRSUM== 5.93
spotLTP =  77217.61  ATM_STRIKE =  77200
IS_ATM_STRIKE_SHIFT = False  mapStrike = {77200: 77200}
avgOiPcrList2 = [np.float64(6.99), np.float64(6.98), np.float64(6.98)] atmStrikeNotShiftedCount= 4
False   4   3
SUPP_RES=== 77500  Buffer= 26
CEoich val =  586280.0  PEoich val =  95740.0 , CE > PE by 83.7%
SUPP_RES TOTAL OI: CE= 1710000  PE= 800520 , CE > PE by 53.2%
IS_MORNING_WINDOW= False  (active 9:15-9:48 IST)
================================================
==== signal check time ==== 2026-08-25 13:12:00.620208
IS_CHOI_DIFF_GT_25PERC== True
RSI_VAL1== 35.59
RSI_VAL2== 35.59
FUT_3m_OHLC O= 77343.4  H= 77343.4  L= 77343.4  C= 77343.4  Range= 0.0
CHART_PATTERN_DETECTED: INSIDE_BAR | DOUBLE_BOTTOM_FORMING
  PATTERN_CONTEXT: Body= 0.0  Range= 0.0  ExpectedRange= 65.6  RangeRatio= 0.0  O= 77343.4  H= 77343.4  L= 77343.4  C= 77343.4
neither = [np.float64(6.98)]
newSynthFut =  77300
ATMStrike =  77200
AVG_OIPCR= 1.58
avgoiPCROld=  6.98
SUPP_RES = 77500
FUT LTP = 77343.35
CEchoi  PechOi = 586280.0    95740.0
====================================
totalOIPCR = 0.78
AVG_VOLPCR= 0.66
atmPCR= 0.29  belowATM  0.47
atmVolPCR= 0.47  belowATM  0.68
True   77343.35   77500   False   False   35.59
curr Doji False
BSE:SENSEX26AUG77300PE  curr candle vol pcr = 2.04  PE= 138060  CE= 67800      cpr =  0.49
BSE:SENSEX26AUG77300PE  prev candle vol pcr = 2.49  PE= 268460  CE= 108020      cpr =  0.4
VOL_PRESSURE_ALERT: STRONG_PUT_PRESSURE | currPCR= 2.04  prevPCR= 2.49  Direction=BULLISH_SIGNAL (heavy PE buying = expecting up move)
ATM_CE_premium= 281.8  ATM_PE_premium= 240.1
CE_PremChg= 3.2  PE_PremChg= -5.85
CandleBody= 0.0  PrevBody= 0.0  CandleRange= 0.0  Doji
TotalVol= 205860  PrevTotalVol= 376480  VolSpike= 0.55 x 
SCALP_SCORE: BULL | BullScore= 2  BearScore= 0 | Confidence= LOW
DATAPOINT|13:12|FUT=77343.4|Body=0.0|PrevBody=0.0|Range=0.0|RangeRatio=0.0|CurrVolPCR=2.04|PrevVolPCR=2.49|CurrCPR=0.49|PrevCPR=0.4|VolSpike=0.55|CE_PremChg=3.2|PE_PremChg=-5.85|BullScore=2|BearScore=0|Dir=BULL|Conf=LOW
CHART_PATTERN_DETECTED: INSIDE_BAR | DOUBLE_BOTTOM_FORMING
  PATTERN_CONTEXT: Body= 0.0  Range= 0.0  ExpectedRange= 65.6  RangeRatio= 0.0  O= 77343.4  H= 77343.4  L= 77343.4  C= 77343.4
BSE:SENSEX-INDEX  strikecount= 3   fyers <fyers_apiv3.fyersModel.FyersModel object at 0x71aabc52b4d0>
======================================
oipcr1 =  BSE:SENSEX26AUG77500CE   0.47
oipcr2 =  BSE:SENSEX26AUG77400CE   0.48
oipcr3 =  BSE:SENSEX26AUG77300CE   0.97
oipcrBull = NoEntry  bulcount= 0  bearcount= 3 oipcrBear= BearTrade
atmpcr5 pcr6= 1.82    2.05
No Entry Yet
India VIX = 11.29  Spot Price = 77171.78
IV Regime = LOW (ADAPTIVE: P25= 11.31  P50= 11.85  P75= 12.14 ) | DailyRange = 1244.7 | 3minCandleRange = 65.5 (theoretical= 109.2 ) | ATMoptionMove = 29.5 | SL = 103 | Target = 103 | TrailTrigger = 29 | Spread = 300 | Buffer = 26
IV Params refreshed: {'vix': 11.29, 'bn_price': 77171.78, 'regime': 'LOW', 'regime_thresholds': 'P25=11.31 P50=11.85 P75=12.14', 'daily_range': 1244.7, 'candle_range': 65.5, 'atm_option_move': 29.5, 'sl_point': 103, 'target_point': 103, 'sl_pct_of_premium': 0.1, 'trail_trigger': 29, 'spread_width': 300, 'support_resistance_buffer': 26}
BSE:SENSEX-INDEX  strikecount= 8   fyers <fyers_apiv3.fyersModel.FyersModel object at 0x71aabc52b4d0>
===
====after 3 min ochain==== 2026-08-25 13:15:00.000004
                                    oipcr   choipcr   totalOI
pcr1 =  BSE:SENSEX26AUG78000CE   0.21   -0.06 CALL added 535560   PUT unwind -29660  OI= 1478380
pcr2 =  BSE:SENSEX26AUG77900CE   0.16   -0.08 CALL added 152200   PUT unwind -12300  OI= 526740
pcr3 =  BSE:SENSEX26AUG77800PE   0.18   -0.18 CALL added 155160   PUT unwind -28560  OI= 140020
pcr4 =  BSE:SENSEX26AUG77700PE   0.23   -0.18 CALL added 170820   PUT unwind -30900  OI= 249940
pcr5 =  BSE:SENSEX26AUG77600CE   0.29   0.1 CALL added 538940   PUT added 55480  OI= 1226120
pcr6 =  BSE:SENSEX26AUG77500CE   0.45    0.13 CALL added 603480   PUT added 78480  OI= 1727200
pcr7 =  BSE:SENSEX26AUG77400CE   0.47   0.44 CALL added 793280   PUT added 345300  OI= 1327900
pcr8 =  BSE:SENSEX26AUG77300CE   0.91   0.61 CALL added 682240   PUT added 413800  OI= 1108180
pcr9 =  BSE:SENSEX26AUG77200CE   1.72   1.64 CALL added 405200   PUT added 665020  OI= 605540
pcr10 =  BSE:SENSEX26AUG77100PE   1.95   1.48 CALL added 248240   PUT added 368320  OI= 584680
pcr11 =  BSE:SENSEX26AUG77000CE   2.08   2.17 CALL added 203840   PUT added 443100  OI= 485920
pcr12 =  BSE:SENSEX26AUG76900CE   5.49   5.87 CALL added 43200   PUT added 253740  OI= 76080
pcr13 =  BSE:SENSEX26AUG76800PE   9.54   8.11 CALL added 18760   PUT added 152060  OI= 379700
pcr14 =  BSE:SENSEX26AUG76700PE   12.07   10.74 CALL added 11580   PUT added 124420  OI= 308520
pcr15 =  BSE:SENSEX26AUG76600CE   18.91   12.55 CALL added 6860   PUT added 86060  OI= 13800
pcr16 =  BSE:SENSEX26AUG76500CE   15.24   18.42 CALL added 10180   PUT added 187500  OI= 48080
pcr17 =  BSE:SENSEX26AUG76400PE   48.37   46.43 CALL added 2380   PUT added 110500  OI= 254400
pcrSummation= 13.590000000000002  result =  ['BSE:SENSEX26AUG77700PE', 'BSE:SENSEX26AUG77600CE', 'BSE:SENSEX26AUG77500CE', 'BSE:SENSEX26AUG77400CE', 'BSE:SENSEX26AUG77300CE', 'BSE:SENSEX26AUG77200CE', 'BSE:SENSEX26AUG77100PE', 'BSE:SENSEX26AUG77000CE', 'BSE:SENSEX26AUG76900CE']
PCRSUM== 118.27
pcrSummation== 13.59
VOLPCRSUM== 5.95
spotLTP =  77171.78  ATM_STRIKE =  77200
IS_ATM_STRIKE_SHIFT = False  mapStrike = {77200: 77200}
avgOiPcrList2 = [np.float64(6.98), np.float64(6.96)] atmStrikeNotShiftedCount= 5
False   5   2
SUPP_RES=== 77500  Buffer= 26
CEoich val =  603480.0  PEoich val =  78480.0 , CE > PE by 87.0%
SUPP_RES TOTAL OI: CE= 1727200  PE= 783260 , CE > PE by 54.7%
IS_MORNING_WINDOW= False  (active 9:15-9:48 IST)
================================================
==== signal check time ==== 2026-08-25 13:15:00.714449
IS_CHOI_DIFF_GT_25PERC== True
RSI_VAL1== 35.59
RSI_VAL2== 35.59
FUT_3m_OHLC O= 77343.4  H= 77343.4  L= 77343.4  C= 77343.4  Range= 0.0
CHART_PATTERN_DETECTED: INSIDE_BAR | DOUBLE_TOP_FORMING | DOUBLE_BOTTOM_FORMING
  PATTERN_CONTEXT: Body= 0.0  Range= 0.0  ExpectedRange= 65.5  RangeRatio= 0.0  O= 77343.4  H= 77343.4  L= 77343.4  C= 77343.4
newSynthFut =  77300
ATMStrike =  77200
AVG_OIPCR= 1.51
avgoiPCROld=  6.96
SUPP_RES = 77500
FUT LTP = 77343.35
CEchoi  PechOi = 603480.0    78480.0
====================================
totalOIPCR = 0.77
AVG_VOLPCR= 0.66
atmPCR= 0.29  belowATM  0.45
atmVolPCR= 0.47  belowATM  0.69
True   77343.35   77500   False   False   35.59
curr Doji False
BSE:SENSEX26AUG77300PE  curr candle vol pcr = 1.69  PE= 374300  CE= 222060      cpr =  0.59
BSE:SENSEX26AUG77300PE  prev candle vol pcr = 2.04  PE= 138060  CE= 67800      cpr =  0.49
VOL_PRESSURE_WATCH: SINGLE_CANDLE_PUT_PRESSURE | currPCR= 1.69  prevPCR= 2.04
ATM_CE_premium= 250.2  ATM_PE_premium= 272.4
CE_PremChg= -31.6  PE_PremChg= 32.3
CandleBody= 0.0  PrevBody= 0.0  CandleRange= 0.0  Doji
TotalVol= 596360  PrevTotalVol= 205860  VolSpike= 2.9 x  SPIKE!
SCALP_SCORE: BULL | BullScore= 2  BearScore= 0 | Confidence= LOW
DATAPOINT|13:15|FUT=77343.4|Body=0.0|PrevBody=0.0|Range=0.0|RangeRatio=0.0|CurrVolPCR=1.69|PrevVolPCR=2.04|CurrCPR=0.59|PrevCPR=0.49|VolSpike=2.9|CE_PremChg=-31.6|PE_PremChg=32.3|BullScore=2|BearScore=0|Dir=BULL|Conf=LOW
CHART_PATTERN_DETECTED: INSIDE_BAR | DOUBLE_TOP_FORMING | DOUBLE_BOTTOM_FORMING
  PATTERN_CONTEXT: Body= 0.0  Range= 0.0  ExpectedRange= 65.5  RangeRatio= 0.0  O= 77343.4  H= 77343.4  L= 77343.4  C= 77343.4
BSE:SENSEX-INDEX  strikecount= 3   fyers <fyers_apiv3.fyersModel.FyersModel object at 0x71aabc52b4d0>
======================================
oipcr1 =  BSE:SENSEX26AUG77500CE   0.45
oipcr2 =  BSE:SENSEX26AUG77400CE   0.47
oipcr3 =  BSE:SENSEX26AUG77300CE   0.91
oipcrBull = NoEntry  bulcount= 0  bearcount= 3 oipcrBear= BearTrade
atmpcr5 pcr6= 1.72    1.95
No Entry Yet
India VIX = 11.32  Spot Price = 77178.67
IV Regime = NORMAL (ADAPTIVE: P25= 11.31  P50= 11.85  P75= 12.14 ) | DailyRange = 1248.1 | 3minCandleRange = 65.7 (theoretical= 109.5 ) | ATMoptionMove = 29.6 | SL = 103 | Target = 103 | TrailTrigger = 30 | Spread = 300 | Buffer = 33
IV Params refreshed: {'vix': 11.32, 'bn_price': 77178.67, 'regime': 'NORMAL', 'regime_thresholds': 'P25=11.31 P50=11.85 P75=12.14', 'daily_range': 1248.1, 'candle_range': 65.7, 'atm_option_move': 29.6, 'sl_point': 103, 'target_point': 103, 'sl_pct_of_premium': 0.1, 'trail_trigger': 30, 'spread_width': 300, 'support_resistance_buffer': 33}
BSE:SENSEX-INDEX  strikecount= 8   fyers <fyers_apiv3.fyersModel.FyersModel object at 0x71aabc52b4d0>
===
====after 3 min ochain==== 2026-08-25 13:18:00.000002
                                    oipcr   choipcr   totalOI
pcr1 =  BSE:SENSEX26AUG78000CE   0.21   -0.06 CALL added 530960   PUT unwind -30900  OI= 1473780
pcr2 =  BSE:SENSEX26AUG77900CE   0.16   -0.08 CALL added 158020   PUT unwind -13240  OI= 532560
pcr3 =  BSE:SENSEX26AUG77800PE   0.18   -0.15 CALL added 160120   PUT unwind -23880  OI= 144700
pcr4 =  BSE:SENSEX26AUG77700PE   0.24   -0.13 CALL added 172100   PUT unwind -22000  OI= 258840
pcr5 =  BSE:SENSEX26AUG77600CE   0.28   0.09 CALL added 555920   PUT added 50180  OI= 1243100
pcr6 =  BSE:SENSEX26AUG77500CE   0.43    0.09 CALL added 636580   PUT added 54760  OI= 1760300
pcr7 =  BSE:SENSEX26AUG77400CE   0.44   0.39 CALL added 799940   PUT added 315060  OI= 1334560
pcr8 =  BSE:SENSEX26AUG77300CE   0.83   0.47 CALL added 688260   PUT added 324360  OI= 1114200
pcr9 =  BSE:SENSEX26AUG77200CE   1.48   1.3 CALL added 453700   PUT added 590720  OI= 654040
pcr10 =  BSE:SENSEX26AUG77100PE   2.09   1.61 CALL added 226920   PUT added 364460  OI= 580820
pcr11 =  BSE:SENSEX26AUG77000CE   2.01   2.01 CALL added 216440   PUT added 436040  OI= 498520
pcr12 =  BSE:SENSEX26AUG76900CE   4.89   4.83 CALL added 50140   PUT added 242000  OI= 83020
pcr13 =  BSE:SENSEX26AUG76800PE   8.36   6.02 CALL added 22020   PUT added 132480  OI= 360120
pcr14 =  BSE:SENSEX26AUG76700PE   10.87   8.45 CALL added 13280   PUT added 112280  OI= 296380
pcr15 =  BSE:SENSEX26AUG76600CE   17.75   11.27 CALL added 7980   PUT added 89940  OI= 14920
pcr16 =  BSE:SENSEX26AUG76500CE   14.48   14.75 CALL added 13260   PUT added 195560  OI= 51160
pcr17 =  BSE:SENSEX26AUG76400PE   45.6   40.91 CALL added 2680   PUT added 109640  OI= 253540
pcrSummation= 12.689999999999998  result =  ['BSE:SENSEX26AUG77700PE', 'BSE:SENSEX26AUG77600CE', 'BSE:SENSEX26AUG77500CE', 'BSE:SENSEX26AUG77400CE', 'BSE:SENSEX26AUG77300CE', 'BSE:SENSEX26AUG77200CE', 'BSE:SENSEX26AUG77100PE', 'BSE:SENSEX26AUG77000CE', 'BSE:SENSEX26AUG76900CE']
PCRSUM== 110.3
pcrSummation== 12.69
VOLPCRSUM== 5.96
spotLTP =  77178.67  ATM_STRIKE =  77200
IS_ATM_STRIKE_SHIFT = False  mapStrike = {77200: 77200}
avgOiPcrList2 = [np.float64(6.98), np.float64(6.96), np.float64(6.49)] atmStrikeNotShiftedCount= 6
False   6   3
SUPP_RES=== 77500  Buffer= 33
CEoich val =  636580.0  PEoich val =  54760.0 , CE > PE by 91.4%
SUPP_RES TOTAL OI: CE= 1760300  PE= 759540 , CE > PE by 56.9%
IS_MORNING_WINDOW= False  (active 9:15-9:48 IST)
================================================
==== signal check time ==== 2026-08-25 13:18:00.667231
IS_CHOI_DIFF_GT_25PERC== True
RSI_VAL1== 35.59
RSI_VAL2== 35.59
FUT_3m_OHLC O= 77343.4  H= 77343.4  L= 77343.4  C= 77343.4  Range= 0.0
CHART_PATTERN_DETECTED: INSIDE_BAR | DOUBLE_TOP_FORMING | DOUBLE_BOTTOM_FORMING
  PATTERN_CONTEXT: Body= 0.0  Range= 0.0  ExpectedRange= 65.7  RangeRatio= 0.0  O= 77343.4  H= 77343.4  L= 77343.4  C= 77343.4
isPcrDecr = True
newSynthFut =  77300
ATMStrike =  77200
AVG_OIPCR= 1.41
avgoiPCROld=  6.49
SUPP_RES = 77500
FUT LTP = 77343.35
CEchoi  PechOi = 636580.0    54760.0
====================================
totalOIPCR = 0.75
AVG_VOLPCR= 0.66
atmPCR= 0.28  belowATM  0.43
atmVolPCR= 0.47  belowATM  0.69
True   77343.35   77500   False   True   35.59
no trade yet = [np.float64(6.98), np.float64(6.96), np.float64(6.49)]
curr Doji False
BSE:SENSEX26AUG77300PE  curr candle vol pcr = 2.07  PE= 286960  CE= 138760      cpr =  0.48
BSE:SENSEX26AUG77300PE  prev candle vol pcr = 1.69  PE= 374300  CE= 222060      cpr =  0.59
VOL_PRESSURE_WATCH: SINGLE_CANDLE_PUT_PRESSURE | currPCR= 2.07  prevPCR= 1.69
ATM_CE_premium= 261.7  ATM_PE_premium= 260.05
CE_PremChg= 11.5  PE_PremChg= -12.35
CandleBody= 0.0  PrevBody= 0.0  CandleRange= 0.0  Doji
TotalVol= 425720  PrevTotalVol= 596360  VolSpike= 0.71 x 
SCALP_SCORE: NEUTRAL | BullScore= 1  BearScore= 1 | Confidence= LOW
DATAPOINT|13:18|FUT=77343.4|Body=0.0|PrevBody=0.0|Range=0.0|RangeRatio=0.0|CurrVolPCR=2.07|PrevVolPCR=1.69|CurrCPR=0.48|PrevCPR=0.59|VolSpike=0.71|CE_PremChg=11.5|PE_PremChg=-12.35|BullScore=1|BearScore=1|Dir=NEUTRAL|Conf=LOW
CHART_PATTERN_DETECTED: INSIDE_BAR | DOUBLE_TOP_FORMING | DOUBLE_BOTTOM_FORMING
  PATTERN_CONTEXT: Body= 0.0  Range= 0.0  ExpectedRange= 65.7  RangeRatio= 0.0  O= 77343.4  H= 77343.4  L= 77343.4  C= 77343.4
BSE:SENSEX-INDEX  strikecount= 3   fyers <fyers_apiv3.fyersModel.FyersModel object at 0x71aabc52b4d0>
======================================
oipcr1 =  BSE:SENSEX26AUG77500CE   0.43
oipcr2 =  BSE:SENSEX26AUG77400CE   0.44
oipcr3 =  BSE:SENSEX26AUG77300CE   0.83
oipcrBull = NoEntry  bulcount= 0  bearcount= 3 oipcrBear= BearTrade
atmpcr5 pcr6= 1.48    2.09
No Entry Yet
India VIX = 11.3  Spot Price = 77163.89
IV Regime = LOW (ADAPTIVE: P25= 11.31  P50= 11.85  P75= 12.14 ) | DailyRange = 1245.6 | 3minCandleRange = 65.6 (theoretical= 109.3 ) | ATMoptionMove = 29.5 | SL = 103 | Target = 103 | TrailTrigger = 29 | Spread = 300 | Buffer = 26
IV Params refreshed: {'vix': 11.3, 'bn_price': 77163.89, 'regime': 'LOW', 'regime_thresholds': 'P25=11.31 P50=11.85 P75=12.14', 'daily_range': 1245.6, 'candle_range': 65.6, 'atm_option_move': 29.5, 'sl_point': 103, 'target_point': 103, 'sl_pct_of_premium': 0.1, 'trail_trigger': 29, 'spread_width': 300, 'support_resistance_buffer': 26}
BSE:SENSEX-INDEX  strikecount= 8   fyers <fyers_apiv3.fyersModel.FyersModel object at 0x71aabc52b4d0>
===
====after 3 min ochain==== 2026-08-25 13:21:00.000002
                                    oipcr   choipcr   totalOI
pcr1 =  BSE:SENSEX26AUG78000CE   0.2   -0.06 CALL added 546780   PUT unwind -30340  OI= 1489600
pcr2 =  BSE:SENSEX26AUG77900CE   0.16   -0.08 CALL added 160520   PUT unwind -12640  OI= 535060
pcr3 =  BSE:SENSEX26AUG77800PE   0.18   -0.14 CALL added 167020   PUT unwind -23180  OI= 145400
pcr4 =  BSE:SENSEX26AUG77700PE   0.24   -0.11 CALL added 174920   PUT unwind -19860  OI= 260980
pcr5 =  BSE:SENSEX26AUG77600CE   0.28   0.1 CALL added 566440   PUT added 54720  OI= 1253620
pcr6 =  BSE:SENSEX26AUG77500CE   0.43    0.08 CALL added 641960   PUT added 51080  OI= 1765680
pcr7 =  BSE:SENSEX26AUG77400CE   0.44   0.39 CALL added 814060   PUT added 320660  OI= 1348680
pcr8 =  BSE:SENSEX26AUG77300CE   0.8   0.43 CALL added 698660   PUT added 300440  OI= 1124600
pcr9 =  BSE:SENSEX26AUG77200CE   1.42   1.24 CALL added 481160   PUT added 596940  OI= 681500
pcr10 =  BSE:SENSEX26AUG77100PE   1.98   1.5 CALL added 241780   PUT added 363660  OI= 580020
pcr11 =  BSE:SENSEX26AUG77000CE   1.98   1.95 CALL added 219840   PUT added 427880  OI= 501920
pcr12 =  BSE:SENSEX26AUG76900CE   4.81   4.7 CALL added 51600   PUT added 242620  OI= 84480
pcr13 =  BSE:SENSEX26AUG76800PE   7.8   5.3 CALL added 25300   PUT added 134040  OI= 361680
pcr14 =  BSE:SENSEX26AUG76700PE   10.59   8.03 CALL added 14020   PUT added 112540  OI= 296640
pcr15 =  BSE:SENSEX26AUG76600CE   18.05   11.94 CALL added 8140   PUT added 97180  OI= 15080
pcr16 =  BSE:SENSEX26AUG76500CE   14.41   14.5 CALL added 13080   PUT added 189660  OI= 50980
pcr17 =  BSE:SENSEX26AUG76400PE   45.81   41.31 CALL added 2660   PUT added 109880  OI= 253780
pcrSummation= 12.379999999999999  result =  ['BSE:SENSEX26AUG77700PE', 'BSE:SENSEX26AUG77600CE', 'BSE:SENSEX26AUG77500CE', 'BSE:SENSEX26AUG77400CE', 'BSE:SENSEX26AUG77300CE', 'BSE:SENSEX26AUG77200CE', 'BSE:SENSEX26AUG77100PE', 'BSE:SENSEX26AUG77000CE', 'BSE:SENSEX26AUG76900CE']
PCRSUM== 109.58
pcrSummation== 12.38
VOLPCRSUM== 5.96
spotLTP =  77163.89  ATM_STRIKE =  77200
IS_ATM_STRIKE_SHIFT = False  mapStrike = {77200: 77200}
avgOiPcrList2 = [np.float64(6.96), np.float64(6.49), np.float64(6.45)] atmStrikeNotShiftedCount= 7
False   7   3
SUPP_RES=== 77500  Buffer= 26
CEoich val =  641960.0  PEoich val =  51080.0 , CE > PE by 92.0%
SUPP_RES TOTAL OI: CE= 1765680  PE= 755860 , CE > PE by 57.2%
IS_MORNING_WINDOW= False  (active 9:15-9:48 IST)
================================================
==== signal check time ==== 2026-08-25 13:21:00.573956
IS_CHOI_DIFF_GT_25PERC== True
RSI_VAL1== 35.59
RSI_VAL2== 35.59
FUT_3m_OHLC O= 77343.4  H= 77343.4  L= 77343.4  C= 77343.4  Range= 0.0
CHART_PATTERN_DETECTED: INSIDE_BAR | DOUBLE_TOP_FORMING | DOUBLE_BOTTOM_FORMING
  PATTERN_CONTEXT: Body= 0.0  Range= 0.0  ExpectedRange= 65.6  RangeRatio= 0.0  O= 77343.4  H= 77343.4  L= 77343.4  C= 77343.4
isPcrDecr = True
newSynthFut =  77300
ATMStrike =  77200
AVG_OIPCR= 1.38
avgoiPCROld=  6.45
SUPP_RES = 77500
FUT LTP = 77343.35
CEchoi  PechOi = 641960.0    51080.0
====================================
totalOIPCR = 0.75
AVG_VOLPCR= 0.66
atmPCR= 0.28  belowATM  0.43
atmVolPCR= 0.47  belowATM  0.69
True   77343.35   77500   False   True   35.59
no trade yet = [np.float64(6.96), np.float64(6.49), np.float64(6.45)]
curr Doji False
BSE:SENSEX26AUG77300PE  curr candle vol pcr = 1.43  PE= 128540  CE= 89660      cpr =  0.7
BSE:SENSEX26AUG77300PE  prev candle vol pcr = 2.07  PE= 286960  CE= 138760      cpr =  0.48
VOL_PRESSURE_WATCH: SINGLE_CANDLE_PUT_PRESSURE | currPCR= 1.43  prevPCR= 2.07
ATM_CE_premium= 256.2  ATM_PE_premium= 263.35
CE_PremChg= -5.5  PE_PremChg= 3.3
CandleBody= 0.0  PrevBody= 0.0  CandleRange= 0.0  Doji
TotalVol= 218200  PrevTotalVol= 425720  VolSpike= 0.51 x 
SCALP_SCORE: NEUTRAL | BullScore= 0  BearScore= 0 | Confidence= LOW
DATAPOINT|13:21|FUT=77343.4|Body=0.0|PrevBody=0.0|Range=0.0|RangeRatio=0.0|CurrVolPCR=1.43|PrevVolPCR=2.07|CurrCPR=0.7|PrevCPR=0.48|VolSpike=0.51|CE_PremChg=-5.5|PE_PremChg=3.3|BullScore=0|BearScore=0|Dir=NEUTRAL|Conf=LOW
CHART_PATTERN_DETECTED: INSIDE_BAR | DOUBLE_TOP_FORMING | DOUBLE_BOTTOM_FORMING
  PATTERN_CONTEXT: Body= 0.0  Range= 0.0  ExpectedRange= 65.6  RangeRatio= 0.0  O= 77343.4  H= 77343.4  L= 77343.4  C= 77343.4
BSE:SENSEX-INDEX  strikecount= 3   fyers <fyers_apiv3.fyersModel.FyersModel object at 0x71aabc52b4d0>
======================================
oipcr1 =  BSE:SENSEX26AUG77500CE   0.43
oipcr2 =  BSE:SENSEX26AUG77400CE   0.44
oipcr3 =  BSE:SENSEX26AUG77300CE   0.8
oipcrBull = NoEntry  bulcount= 0  bearcount= 3 oipcrBear= BearTrade
atmpcr5 pcr6= 1.42    1.98
No Entry Yet
India VIX = 11.34  Spot Price = 77160.4
IV Regime = NORMAL (ADAPTIVE: P25= 11.31  P50= 11.85  P75= 12.14 ) | DailyRange = 1250.0 | 3minCandleRange = 65.8 (theoretical= 109.6 ) | ATMoptionMove = 29.6 | SL = 104 | Target = 104 | TrailTrigger = 30 | Spread = 300 | Buffer = 33
IV Params refreshed: {'vix': 11.34, 'bn_price': 77160.4, 'regime': 'NORMAL', 'regime_thresholds': 'P25=11.31 P50=11.85 P75=12.14', 'daily_range': 1250.0, 'candle_range': 65.8, 'atm_option_move': 29.6, 'sl_point': 104, 'target_point': 104, 'sl_pct_of_premium': 0.1, 'trail_trigger': 30, 'spread_width': 300, 'support_resistance_buffer': 33}
BSE:SENSEX-INDEX  strikecount= 8   fyers <fyers_apiv3.fyersModel.FyersModel object at 0x71aabc52b4d0>
===
====after 3 min ochain==== 2026-08-25 13:24:00.000001
                                    oipcr   choipcr   totalOI
pcr1 =  BSE:SENSEX26AUG78000CE   0.2   -0.05 CALL added 562740   PUT unwind -29920  OI= 1505560
pcr2 =  BSE:SENSEX26AUG77900CE   0.16   -0.08 CALL added 166160   PUT unwind -13420  OI= 540700
pcr3 =  BSE:SENSEX26AUG77800PE   0.18   -0.14 CALL added 171200   PUT unwind -24080  OI= 144500
pcr4 =  BSE:SENSEX26AUG77700PE   0.23   -0.17 CALL added 181900   PUT unwind -31060  OI= 249780
pcr5 =  BSE:SENSEX26AUG77600CE   0.28   0.09 CALL added 574420   PUT added 53540  OI= 1261600
pcr6 =  BSE:SENSEX26AUG77500CE   0.43    0.08 CALL added 650360   PUT added 50600  OI= 1774080
pcr7 =  BSE:SENSEX26AUG77400CE   0.44   0.4 CALL added 826540   PUT added 327960  OI= 1361160
pcr8 =  BSE:SENSEX26AUG77300CE   0.8   0.43 CALL added 688340   PUT added 296180  OI= 1114280
pcr9 =  BSE:SENSEX26AUG77200CE   1.41   1.23 CALL added 503520   PUT added 619360  OI= 703860
pcr10 =  BSE:SENSEX26AUG77100PE   1.97   1.51 CALL added 250200   PUT added 378240  OI= 594600
pcr11 =  BSE:SENSEX26AUG77000CE   1.96   1.9 CALL added 227300   PUT added 432640  OI= 509380
pcr12 =  BSE:SENSEX26AUG76900CE   4.77   4.64 CALL added 53160   PUT added 246880  OI= 86040
pcr13 =  BSE:SENSEX26AUG76800PE   7.61   5.1 CALL added 26960   PUT added 137460  OI= 365100
pcr14 =  BSE:SENSEX26AUG76700PE   10.22   7.41 CALL added 14660   PUT added 108560  OI= 292660
pcr15 =  BSE:SENSEX26AUG76600CE   18.37   12.74 CALL added 8420   PUT added 107260  OI= 15360
pcr16 =  BSE:SENSEX26AUG76500CE   14.58   15.16 CALL added 13060   PUT added 198040  OI= 50960
pcr17 =  BSE:SENSEX26AUG76400PE   45.98   41.7 CALL added 2680   PUT added 111760  OI= 255660
pcrSummation= 12.29  result =  ['BSE:SENSEX26AUG77700PE', 'BSE:SENSEX26AUG77600CE', 'BSE:SENSEX26AUG77500CE', 'BSE:SENSEX26AUG77400CE', 'BSE:SENSEX26AUG77300CE', 'BSE:SENSEX26AUG77200CE', 'BSE:SENSEX26AUG77100PE', 'BSE:SENSEX26AUG77000CE', 'BSE:SENSEX26AUG76900CE']
PCRSUM== 109.59
pcrSummation== 12.29
VOLPCRSUM== 5.96
spotLTP =  77160.55  ATM_STRIKE =  77200
IS_ATM_STRIKE_SHIFT = False  mapStrike = {77200: 77200}
avgOiPcrList2 = [np.float64(6.49), np.float64(6.45), np.float64(6.45)] atmStrikeNotShiftedCount= 8
False   8   3
SUPP_RES=== 77500  Buffer= 33
CEoich val =  650360.0  PEoich val =  50600.0 , CE > PE by 92.2%
SUPP_RES TOTAL OI: CE= 1774080  PE= 755380 , CE > PE by 57.4%
IS_MORNING_WINDOW= False  (active 9:15-9:48 IST)
================================================
==== signal check time ==== 2026-08-25 13:24:00.611417
IS_CHOI_DIFF_GT_25PERC== True
RSI_VAL1== 26.07
RSI_VAL2== 26.07
FUT_3m_OHLC O= 77339.6  H= 77339.6  L= 77290.0  C= 77290.0  Range= 49.6
CHART_PATTERN_DETECTED: DOUBLE_TOP_FORMING
  PATTERN_CONTEXT: Body= -49.6  Range= 49.6  ExpectedRange= 65.8  RangeRatio= 0.75  O= 77339.6  H= 77339.6  L= 77290.0  C= 77290.0
neither = [np.float64(6.45)]
newSynthFut =  77300
ATMStrike =  77200
AVG_OIPCR= 1.37
avgoiPCROld=  6.45
SUPP_RES = 77500
FUT LTP = 77290.0
CEchoi  PechOi = 650360.0    50600.0
====================================
totalOIPCR = 0.75
AVG_VOLPCR= 0.66
atmPCR= 0.28  belowATM  0.43
atmVolPCR= 0.47  belowATM  0.69
True   77290.0   77500   False   False   26.07
curr Doji False
BSE:SENSEX26AUG77300PE  curr candle vol pcr = 1.97  PE= 137760  CE= 70000      cpr =  0.51
BSE:SENSEX26AUG77300PE  prev candle vol pcr = 1.43  PE= 128540  CE= 89660      cpr =  0.7
ATM_CE_premium= 251.2  ATM_PE_premium= 270.15
CE_PremChg= -5.0  PE_PremChg= 6.8
CandleBody= -49.6  PrevBody= 0.0  CandleRange= 49.6  Bearish
TotalVol= 207760  PrevTotalVol= 218200  VolSpike= 0.95 x 
SCALP_SCORE: NEUTRAL | BullScore= 1  BearScore= 1 | Confidence= LOW
DATAPOINT|13:24|FUT=77290.0|Body=-49.6|PrevBody=0.0|Range=49.6|RangeRatio=0.75|CurrVolPCR=1.97|PrevVolPCR=1.43|CurrCPR=0.51|PrevCPR=0.7|VolSpike=0.95|CE_PremChg=-5.0|PE_PremChg=6.8|BullScore=1|BearScore=1|Dir=NEUTRAL|Conf=LOW
CHART_PATTERN_DETECTED: DOUBLE_TOP_FORMING
  PATTERN_CONTEXT: Body= -49.6  Range= 49.6  ExpectedRange= 65.8  RangeRatio= 0.75  O= 77339.6  H= 77339.6  L= 77290.0  C= 77290.0
BSE:SENSEX-INDEX  strikecount= 3   fyers <fyers_apiv3.fyersModel.FyersModel object at 0x71aabc52b4d0>
======================================
oipcr1 =  BSE:SENSEX26AUG77500CE   0.43
oipcr2 =  BSE:SENSEX26AUG77400CE   0.44
oipcr3 =  BSE:SENSEX26AUG77300CE   0.8
oipcrBull = NoEntry  bulcount= 0  bearcount= 3 oipcrBear= BearTrade
atmpcr5 pcr6= 1.41    1.97
No Entry Yet
India VIX = 11.33  Spot Price = 77139.04
IV Regime = NORMAL (ADAPTIVE: P25= 11.31  P50= 11.85  P75= 12.14 ) | DailyRange = 1248.6 | 3minCandleRange = 65.7 (theoretical= 109.5 ) | ATMoptionMove = 29.6 | SL = 103 | Target = 103 | TrailTrigger = 30 | Spread = 300 | Buffer = 33
IV Params refreshed: {'vix': 11.33, 'bn_price': 77139.04, 'regime': 'NORMAL', 'regime_thresholds': 'P25=11.31 P50=11.85 P75=12.14', 'daily_range': 1248.6, 'candle_range': 65.7, 'atm_option_move': 29.6, 'sl_point': 103, 'target_point': 103, 'sl_pct_of_premium': 0.1, 'trail_trigger': 30, 'spread_width': 300, 'support_resistance_buffer': 33}
BSE:SENSEX-INDEX  strikecount= 8   fyers <fyers_apiv3.fyersModel.FyersModel object at 0x71aabc52b4d0>
===
====after 3 min ochain==== 2026-08-25 13:27:00.000005
                                    oipcr   choipcr   totalOI
pcr1 =  BSE:SENSEX26AUG77900CE   0.16   -0.08 CALL added 167720   PUT unwind -13300  OI= 542260
pcr2 =  BSE:SENSEX26AUG77800PE   0.18   -0.16 CALL added 169320   PUT unwind -26980  OI= 141600
pcr3 =  BSE:SENSEX26AUG77700PE   0.22   -0.2 CALL added 187800   PUT unwind -38100  OI= 242740
pcr4 =  BSE:SENSEX26AUG77600CE   0.27   0.09 CALL added 576060   PUT added 51380  OI= 1263240
pcr5 =  BSE:SENSEX26AUG77500CE   0.42   0.08 CALL added 668880   PUT added 56780  OI= 1792600
pcr6 =  BSE:SENSEX26AUG77400CE   0.44    0.39 CALL added 834800   PUT added 326180  OI= 1369420
pcr7 =  BSE:SENSEX26AUG77300CE   0.79   0.41 CALL added 699440   PUT added 285540  OI= 1125380
pcr8 =  BSE:SENSEX26AUG77200CE   1.35   1.16 CALL added 529180   PUT added 612480  OI= 729520
pcr9 =  BSE:SENSEX26AUG77100PE   1.9   1.45 CALL added 264860   PUT added 385220  OI= 601580
pcr10 =  BSE:SENSEX26AUG77000CE   1.93   1.84 CALL added 236280   PUT added 433840  OI= 518360
pcr11 =  BSE:SENSEX26AUG76900CE   4.54   4.29 CALL added 56520   PUT added 242460  OI= 89400
pcr12 =  BSE:SENSEX26AUG76800PE   7.62   5.07 CALL added 26440   PUT added 134080  OI= 361720
pcr13 =  BSE:SENSEX26AUG76700PE   10.26   7.44 CALL added 14360   PUT added 106800  OI= 290900
pcr14 =  BSE:SENSEX26AUG76600CE   18.37   12.72 CALL added 8400   PUT added 106840  OI= 15340
pcr15 =  BSE:SENSEX26AUG76500CE   14.49   14.8 CALL added 13860   PUT added 205060  OI= 51760
pcr16 =  BSE:SENSEX26AUG76400PE   46.43   42.51 CALL added 2600   PUT added 110520  OI= 254420
pcr17 =  BSE:SENSEX26AUG76300CE   45.91   43.03 CALL added 2540   PUT added 109300  OI= 5480
pcrSummation= 11.86  result =  ['BSE:SENSEX26AUG77700PE', 'BSE:SENSEX26AUG77600CE', 'BSE:SENSEX26AUG77500CE', 'BSE:SENSEX26AUG77400CE', 'BSE:SENSEX26AUG77300CE', 'BSE:SENSEX26AUG77200CE', 'BSE:SENSEX26AUG77100PE', 'BSE:SENSEX26AUG77000CE', 'BSE:SENSEX26AUG76900CE']
PCRSUM== 155.28
pcrSummation== 11.86
VOLPCRSUM== 8.04
spotLTP =  77140.86  ATM_STRIKE =  77100
IS_ATM_STRIKE_SHIFT = True  mapStrike = {77100: 77100}
avgOiPcrList2 = [np.float64(9.13)] atmStrikeNotShiftedCount= 1
True   1   1
SUPP_RES=== 77500  Buffer= 33
CEoich val =  668880.0  PEoich val =  56780.0 , CE > PE by 91.5%
SUPP_RES TOTAL OI: CE= 1792600  PE= 761560 , CE > PE by 57.5%
IS_MORNING_WINDOW= False  (active 9:15-9:48 IST)
================================================
==== signal check time ==== 2026-08-25 13:27:00.690533
IS_CHOI_DIFF_GT_25PERC== True
RSI_VAL1== 23.55
RSI_VAL2== 23.55
FUT_3m_OHLC O= 77290.0  H= 77290.0  L= 77270.2  C= 77270.2  Range= 19.8
CHART_PATTERN_DETECTED: DOUBLE_TOP_FORMING | DOUBLE_BOTTOM_FORMING
  PATTERN_CONTEXT: Body= -19.8  Range= 19.8  ExpectedRange= 65.7  RangeRatio= 0.3  O= 77290.0  H= 77290.0  L= 77270.2  C= 77270.2
newSynthFut =  77300
ATMStrike =  77100
AVG_OIPCR= 1.32
avgoiPCROld=  9.13
SUPP_RES = 77500
FUT LTP = 77270.2
CEchoi  PechOi = 668880.0    56780.0
====================================
totalOIPCR = 0.74
AVG_VOLPCR= 0.89
atmPCR= 0.42  belowATM  0.44
atmVolPCR= 0.69  belowATM  1.08
True   77270.2   77500   False   False   23.55
curr Doji False
BSE:SENSEX26AUG77200PE  curr candle vol pcr = 2.17  PE= 282020  CE= 130240      cpr =  0.46
BSE:SENSEX26AUG77300PE  prev candle vol pcr = 1.97  PE= 137760  CE= 70000      cpr =  0.51
VOL_PRESSURE_WATCH: SINGLE_CANDLE_PUT_PRESSURE | currPCR= 2.17  prevPCR= 1.97
ATM_CE_premium= 304.55  ATM_PE_premium= 222.3
CE_PremChg= 0.6  PE_PremChg= 0.2
CandleBody= -19.8  PrevBody= -49.6  CandleRange= 19.8  Bearish
TotalVol= 412260  PrevTotalVol= 207760  VolSpike= 1.98 x 
SCALP_SCORE: BEAR | BullScore= 1  BearScore= 3 | Confidence= MEDIUM
  SCALP_BEAR_REASONS: StrongBearCandle(100%) + 2ConsecBearCandles + VolRise(1.98x)_bear
DATAPOINT|13:27|FUT=77270.2|Body=-19.8|PrevBody=-49.6|Range=19.8|RangeRatio=0.3|CurrVolPCR=2.17|PrevVolPCR=1.97|CurrCPR=0.46|PrevCPR=0.51|VolSpike=1.98|CE_PremChg=0.6|PE_PremChg=0.2|BullScore=1|BearScore=3|Dir=BEAR|Conf=MEDIUM
CHART_PATTERN_DETECTED: DOUBLE_TOP_FORMING | DOUBLE_BOTTOM_FORMING
  PATTERN_CONTEXT: Body= -19.8  Range= 19.8  ExpectedRange= 65.7  RangeRatio= 0.3  O= 77290.0  H= 77290.0  L= 77270.2  C= 77270.2
BSE:SENSEX-INDEX  strikecount= 3   fyers <fyers_apiv3.fyersModel.FyersModel object at 0x71aabc52b4d0>
======================================
oipcr1 =  BSE:SENSEX26AUG77400CE   0.44
oipcr2 =  BSE:SENSEX26AUG77300CE   0.79
oipcr3 =  BSE:SENSEX26AUG77200CE   1.35
oipcrBull = NoEntry  bulcount= 1  bearcount= 2 oipcrBear= BearTrade
atmpcr5 pcr6= 1.9    1.93
No Entry Yet
India VIX = 11.33  Spot Price = 77163.05
IV Regime = NORMAL (ADAPTIVE: P25= 11.31  P50= 11.85  P75= 12.14 ) | DailyRange = 1248.9 | 3minCandleRange = 65.7 (theoretical= 109.5 ) | ATMoptionMove = 29.6 | SL = 104 | Target = 104 | TrailTrigger = 30 | Spread = 300 | Buffer = 33
IV Params refreshed: {'vix': 11.33, 'bn_price': 77163.05, 'regime': 'NORMAL', 'regime_thresholds': 'P25=11.31 P50=11.85 P75=12.14', 'daily_range': 1248.9, 'candle_range': 65.7, 'atm_option_move': 29.6, 'sl_point': 104, 'target_point': 104, 'sl_pct_of_premium': 0.1, 'trail_trigger': 30, 'spread_width': 300, 'support_resistance_buffer': 33}
BSE:SENSEX-INDEX  strikecount= 8   fyers <fyers_apiv3.fyersModel.FyersModel object at 0x71aabc52b4d0>
===
====after 3 min ochain==== 2026-08-25 13:30:00.000968
                                    oipcr   choipcr   totalOI
pcr1 =  BSE:SENSEX26AUG78000CE   0.2   -0.05 CALL added 570680   PUT unwind -30920  OI= 1513500
pcr2 =  BSE:SENSEX26AUG77900CE   0.15   -0.08 CALL added 173100   PUT unwind -13880  OI= 547640
pcr3 =  BSE:SENSEX26AUG77800PE   0.17   -0.16 CALL added 176840   PUT unwind -28960  OI= 139620
pcr4 =  BSE:SENSEX26AUG77700PE   0.23   -0.12 CALL added 189140   PUT unwind -22640  OI= 258200
pcr5 =  BSE:SENSEX26AUG77600CE   0.27   0.08 CALL added 571380   PUT added 46340  OI= 1258560
pcr6 =  BSE:SENSEX26AUG77500CE   0.41    0.05 CALL added 675920   PUT added 32700  OI= 1799640
pcr7 =  BSE:SENSEX26AUG77400CE   0.44   0.39 CALL added 839740   PUT added 326060  OI= 1374360
pcr8 =  BSE:SENSEX26AUG77300CE   0.75   0.36 CALL added 706200   PUT added 251900  OI= 1132140
pcr9 =  BSE:SENSEX26AUG77200CE   1.25   1.03 CALL added 558900   PUT added 573660  OI= 759240
pcr10 =  BSE:SENSEX26AUG77100PE   1.78   1.33 CALL added 278040   PUT added 369240  OI= 585600
pcr11 =  BSE:SENSEX26AUG77000CE   1.86   1.69 CALL added 247000   PUT added 417580  OI= 529080
pcr12 =  BSE:SENSEX26AUG76900CE   4.17   3.73 CALL added 60700   PUT added 226640  OI= 93580
pcr13 =  BSE:SENSEX26AUG76800PE   6.92   4.22 CALL added 30460   PUT added 128520  OI= 356160
pcr14 =  BSE:SENSEX26AUG76700PE   9.41   6.2 CALL added 16360   PUT added 101480  OI= 285580
pcr15 =  BSE:SENSEX26AUG76600CE   16.97   10.92 CALL added 9460   PUT added 103340  OI= 16400
pcr16 =  BSE:SENSEX26AUG76500CE   14.54   15.0 CALL added 13580   PUT added 203640  OI= 51480
pcr17 =  BSE:SENSEX26AUG76400PE   47.2   43.99 CALL added 2480   PUT added 109100  OI= 253000
pcrSummation= 11.16  result =  ['BSE:SENSEX26AUG77700PE', 'BSE:SENSEX26AUG77600CE', 'BSE:SENSEX26AUG77500CE', 'BSE:SENSEX26AUG77400CE', 'BSE:SENSEX26AUG77300CE', 'BSE:SENSEX26AUG77200CE', 'BSE:SENSEX26AUG77100PE', 'BSE:SENSEX26AUG77000CE', 'BSE:SENSEX26AUG76900CE']
PCRSUM== 106.72
pcrSummation== 11.16
VOLPCRSUM== 5.99
spotLTP =  77163.12  ATM_STRIKE =  77200
IS_ATM_STRIKE_SHIFT = True  mapStrike = {77200: 77200}
avgOiPcrList2 = [np.float64(6.28)] atmStrikeNotShiftedCount= 1
True   1   1
SUPP_RES=== 77500  Buffer= 33
CEoich val =  675920.0  PEoich val =  32700.0 , CE > PE by 95.2%
SUPP_RES TOTAL OI: CE= 1799640  PE= 737480 , CE > PE by 59.0%
IS_MORNING_WINDOW= False  (active 9:15-9:48 IST)
================================================
==== signal check time ==== 2026-08-25 13:30:00.781921
IS_CHOI_DIFF_GT_25PERC== True
RSI_VAL1== 30.18
RSI_VAL2== 30.18
FUT_3m_OHLC O= 77270.2  H= 77288.2  L= 77270.2  C= 77288.2  Range= 18.1
CHART_PATTERN_DETECTED: INSIDE_BAR | DOUBLE_BOTTOM_FORMING
  PATTERN_CONTEXT: Body= 18.1  Range= 18.1  ExpectedRange= 65.7  RangeRatio= 0.28  O= 77270.2  H= 77288.2  L= 77270.2  C= 77288.2
newSynthFut =  77300
ATMStrike =  77200
AVG_OIPCR= 1.24
avgoiPCROld=  6.28
SUPP_RES = 77500
FUT LTP = 77288.25
CEchoi  PechOi = 675920.0    32700.0
====================================
totalOIPCR = 0.73
AVG_VOLPCR= 0.67
atmPCR= 0.27  belowATM  0.41
atmVolPCR= 0.47  belowATM  0.69
True   77288.25   77500   False   False   30.18
curr Doji False
BSE:SENSEX26AUG77200PE  curr candle vol pcr = 1.77  PE= 138300  CE= 78260      cpr =  0.57
BSE:SENSEX26AUG77200PE  prev candle vol pcr = 2.17  PE= 282020  CE= 130240      cpr =  0.46
VOL_PRESSURE_WATCH: SINGLE_CANDLE_PUT_PRESSURE | currPCR= 1.77  prevPCR= 2.17
ATM_CE_premium= 307.85  ATM_PE_premium= 220.8
CE_PremChg= 3.3  PE_PremChg= -1.5
CandleBody= 18.1  PrevBody= -19.8  CandleRange= 18.1  Bullish
TotalVol= 216560  PrevTotalVol= 412260  VolSpike= 0.53 x 
SCALP_SCORE: BULL | BullScore= 2  BearScore= 0 | Confidence= LOW
DATAPOINT|13:30|FUT=77288.2|Body=18.1|PrevBody=-19.8|Range=18.1|RangeRatio=0.28|CurrVolPCR=1.77|PrevVolPCR=2.17|CurrCPR=0.57|PrevCPR=0.46|VolSpike=0.53|CE_PremChg=3.3|PE_PremChg=-1.5|BullScore=2|BearScore=0|Dir=BULL|Conf=LOW
CHART_PATTERN_DETECTED: INSIDE_BAR | DOUBLE_BOTTOM_FORMING
  PATTERN_CONTEXT: Body= 18.1  Range= 18.1  ExpectedRange= 65.7  RangeRatio= 0.28  O= 77270.2  H= 77288.2  L= 77270.2  C= 77288.2
BSE:SENSEX-INDEX  strikecount= 3   fyers <fyers_apiv3.fyersModel.FyersModel object at 0x71aabc52b4d0>
======================================
oipcr1 =  BSE:SENSEX26AUG77500CE   0.41
oipcr2 =  BSE:SENSEX26AUG77400CE   0.43
oipcr3 =  BSE:SENSEX26AUG77300CE   0.75
oipcrBull = NoEntry  bulcount= 0  bearcount= 3 oipcrBear= BearTrade
atmpcr5 pcr6= 1.25    1.72
No Entry Yet
India VIX = 11.33  Spot Price = 77168.91
IV Regime = NORMAL (ADAPTIVE: P25= 11.31  P50= 11.85  P75= 12.14 ) | DailyRange = 1249.0 | 3minCandleRange = 65.7 (theoretical= 109.5 ) | ATMoptionMove = 29.6 | SL = 104 | Target = 104 | TrailTrigger = 30 | Spread = 300 | Buffer = 33
IV Params refreshed: {'vix': 11.33, 'bn_price': 77168.91, 'regime': 'NORMAL', 'regime_thresholds': 'P25=11.31 P50=11.85 P75=12.14', 'daily_range': 1249.0, 'candle_range': 65.7, 'atm_option_move': 29.6, 'sl_point': 104, 'target_point': 104, 'sl_pct_of_premium': 0.1, 'trail_trigger': 30, 'spread_width': 300, 'support_resistance_buffer': 33}
BSE:SENSEX-INDEX  strikecount= 8   fyers <fyers_apiv3.fyersModel.FyersModel object at 0x71aabc52b4d0>
===
====after 3 min ochain==== 2026-08-25 13:33:00.000003
                                    oipcr   choipcr   totalOI
pcr1 =  BSE:SENSEX26AUG78000CE   0.19   -0.05 CALL added 660840   PUT unwind -30760  OI= 1603660
pcr2 =  BSE:SENSEX26AUG77900CE   0.15   -0.08 CALL added 172840   PUT unwind -13860  OI= 547380
pcr3 =  BSE:SENSEX26AUG77800PE   0.17   -0.16 CALL added 183700   PUT unwind -29360  OI= 139220
pcr4 =  BSE:SENSEX26AUG77700PE   0.23   -0.12 CALL added 199920   PUT unwind -23780  OI= 257060
pcr5 =  BSE:SENSEX26AUG77600CE   0.27   0.08 CALL added 576060   PUT added 43640  OI= 1263240
pcr6 =  BSE:SENSEX26AUG77500CE   0.41    0.06 CALL added 679720   PUT added 42880  OI= 1803440
pcr7 =  BSE:SENSEX26AUG77400CE   0.43   0.37 CALL added 844860   PUT added 314900  OI= 1379480
pcr8 =  BSE:SENSEX26AUG77300CE   0.73   0.34 CALL added 730720   PUT added 251560  OI= 1156660
pcr9 =  BSE:SENSEX26AUG77200CE   1.23   1.0 CALL added 573600   PUT added 574260  OI= 773940
pcr10 =  BSE:SENSEX26AUG77100PE   1.76   1.33 CALL added 288560   PUT added 382820  OI= 599180
pcr11 =  BSE:SENSEX26AUG77000CE   1.84   1.66 CALL added 249840   PUT added 414540  OI= 531920
pcr12 =  BSE:SENSEX26AUG76900CE   4.37   4.04 CALL added 60140   PUT added 243240  OI= 93020
pcr13 =  BSE:SENSEX26AUG76800PE   7.31   4.73 CALL added 28520   PUT added 134860  OI= 362500
pcr14 =  BSE:SENSEX26AUG76700PE   9.29   6.01 CALL added 16580   PUT added 99720  OI= 283820
pcr15 =  BSE:SENSEX26AUG76600CE   15.96   9.55 CALL added 10000   PUT added 95460  OI= 16940
pcr16 =  BSE:SENSEX26AUG76500CE   14.5   14.87 CALL added 12880   PUT added 191500  OI= 50780
pcr17 =  BSE:SENSEX26AUG76400PE   48.09   45.82 CALL added 2380   PUT added 109040  OI= 252940
pcrSummation= 11.27  result =  ['BSE:SENSEX26AUG77700PE', 'BSE:SENSEX26AUG77600CE', 'BSE:SENSEX26AUG77500CE', 'BSE:SENSEX26AUG77400CE', 'BSE:SENSEX26AUG77300CE', 'BSE:SENSEX26AUG77200CE', 'BSE:SENSEX26AUG77100PE', 'BSE:SENSEX26AUG77000CE', 'BSE:SENSEX26AUG76900CE']
PCRSUM== 106.93
pcrSummation== 11.27
VOLPCRSUM== 6.0
spotLTP =  77168.91  ATM_STRIKE =  77200
IS_ATM_STRIKE_SHIFT = False  mapStrike = {77200: 77200}
avgOiPcrList2 = [np.float64(6.28), np.float64(6.29)] atmStrikeNotShiftedCount= 2
False   2   2
SUPP_RES=== 77500  Buffer= 33
CEoich val =  679720.0  PEoich val =  42880.0 , CE > PE by 93.7%
SUPP_RES TOTAL OI: CE= 1803440  PE= 747660 , CE > PE by 58.5%
IS_MORNING_WINDOW= False  (active 9:15-9:48 IST)
================================================
==== signal check time ==== 2026-08-25 13:33:00.626903
IS_CHOI_DIFF_GT_25PERC== True
RSI_VAL1== 30.18
RSI_VAL2== 30.18
FUT_3m_OHLC O= 77288.2  H= 77288.2  L= 77288.2  C= 77288.2  Range= 0.0
CHART_PATTERN_DETECTED: INSIDE_BAR | DOUBLE_BOTTOM_FORMING
  PATTERN_CONTEXT: Body= 0.0  Range= 0.0  ExpectedRange= 65.7  RangeRatio= 0.0  O= 77288.2  H= 77288.2  L= 77288.2  C= 77288.2
newSynthFut =  77300
ATMStrike =  77200
AVG_OIPCR= 1.25
avgoiPCROld=  6.29
SUPP_RES = 77500
FUT LTP = 77288.25
CEchoi  PechOi = 679720.0    42880.0
====================================
totalOIPCR = 0.73
AVG_VOLPCR= 0.67
atmPCR= 0.27  belowATM  0.41
atmVolPCR= 0.47  belowATM  0.69
True   77288.25   77500   False   False   30.18
curr Doji False
BSE:SENSEX26AUG77200PE  curr candle vol pcr = 1.19  PE= 114940  CE= 96800      cpr =  0.84
BSE:SENSEX26AUG77200PE  prev candle vol pcr = 1.77  PE= 138300  CE= 78260      cpr =  0.57
ATM_CE_premium= 310.25  ATM_PE_premium= 215.5
CE_PremChg= 2.4  PE_PremChg= -5.3
CandleBody= 0.0  PrevBody= 18.1  CandleRange= 0.0  Doji
TotalVol= 211740  PrevTotalVol= 216560  VolSpike= 0.98 x 
SCALP_SCORE: NEUTRAL | BullScore= 0  BearScore= 0 | Confidence= LOW
DATAPOINT|13:33|FUT=77288.2|Body=0.0|PrevBody=18.1|Range=0.0|RangeRatio=0.0|CurrVolPCR=1.19|PrevVolPCR=1.77|CurrCPR=0.84|PrevCPR=0.57|VolSpike=0.98|CE_PremChg=2.4|PE_PremChg=-5.3|BullScore=0|BearScore=0|Dir=NEUTRAL|Conf=LOW
CHART_PATTERN_DETECTED: INSIDE_BAR | DOUBLE_BOTTOM_FORMING
  PATTERN_CONTEXT: Body= 0.0  Range= 0.0  ExpectedRange= 65.7  RangeRatio= 0.0  O= 77288.2  H= 77288.2  L= 77288.2  C= 77288.2
BSE:SENSEX-INDEX  strikecount= 3   fyers <fyers_apiv3.fyersModel.FyersModel object at 0x71aabc52b4d0>
======================================
oipcr1 =  BSE:SENSEX26AUG77500CE   0.41
oipcr2 =  BSE:SENSEX26AUG77400CE   0.43
oipcr3 =  BSE:SENSEX26AUG77300CE   0.73
oipcrBull = NoEntry  bulcount= 0  bearcount= 3 oipcrBear= BearTrade
atmpcr5 pcr6= 1.23    1.76
No Entry Yet
India VIX = 11.31  Spot Price = 77159.34
IV Regime = LOW (ADAPTIVE: P25= 11.31  P50= 11.85  P75= 12.14 ) | DailyRange = 1246.7 | 3minCandleRange = 65.6 (theoretical= 109.3 ) | ATMoptionMove = 29.5 | SL = 103 | Target = 103 | TrailTrigger = 30 | Spread = 300 | Buffer = 26
IV Params refreshed: {'vix': 11.31, 'bn_price': 77159.34, 'regime': 'LOW', 'regime_thresholds': 'P25=11.31 P50=11.85 P75=12.14', 'daily_range': 1246.7, 'candle_range': 65.6, 'atm_option_move': 29.5, 'sl_point': 103, 'target_point': 103, 'sl_pct_of_premium': 0.1, 'trail_trigger': 30, 'spread_width': 300, 'support_resistance_buffer': 26}
BSE:SENSEX-INDEX  strikecount= 8   fyers <fyers_apiv3.fyersModel.FyersModel object at 0x71aabc52b4d0>
===
====after 3 min ochain==== 2026-08-25 13:36:00.000003
                                    oipcr   choipcr   totalOI
pcr1 =  BSE:SENSEX26AUG78000CE   0.19   -0.05 CALL added 660440   PUT unwind -31020  OI= 1603260
pcr2 =  BSE:SENSEX26AUG77900CE   0.15   -0.08 CALL added 177060   PUT unwind -13960  OI= 551600
pcr3 =  BSE:SENSEX26AUG77800PE   0.17   -0.15 CALL added 192520   PUT unwind -28780  OI= 139800
pcr4 =  BSE:SENSEX26AUG77700PE   0.23   -0.1 CALL added 205380   PUT unwind -20820  OI= 260020
pcr5 =  BSE:SENSEX26AUG77600CE   0.27   0.07 CALL added 566540   PUT added 41220  OI= 1253720
pcr6 =  BSE:SENSEX26AUG77500CE   0.41    0.06 CALL added 677880   PUT added 40040  OI= 1801600
pcr7 =  BSE:SENSEX26AUG77400CE   0.42   0.36 CALL added 854460   PUT added 311340  OI= 1389080
pcr8 =  BSE:SENSEX26AUG77300CE   0.73   0.34 CALL added 732620   PUT added 249280  OI= 1158560
pcr9 =  BSE:SENSEX26AUG77200CE   1.22   0.99 CALL added 580960   PUT added 577120  OI= 781300
pcr10 =  BSE:SENSEX26AUG77100PE   1.69   1.27 CALL added 302320   PUT added 382580  OI= 598940
pcr11 =  BSE:SENSEX26AUG77000CE   1.84   1.66 CALL added 253900   PUT added 422160  OI= 535980
pcr12 =  BSE:SENSEX26AUG76900CE   4.41   4.09 CALL added 59500   PUT added 243540  OI= 92380
pcr13 =  BSE:SENSEX26AUG76800PE   7.31   4.76 CALL added 29000   PUT added 138080  OI= 365720
pcr14 =  BSE:SENSEX26AUG76700PE   9.36   6.15 CALL added 16560   PUT added 101860  OI= 285960
pcr15 =  BSE:SENSEX26AUG76600CE   15.77   9.19 CALL added 9960   PUT added 91560  OI= 16900
pcr16 =  BSE:SENSEX26AUG76500CE   14.67   15.58 CALL added 12100   PUT added 188500  OI= 50000
pcr17 =  BSE:SENSEX26AUG76400PE   48.13   45.9 CALL added 2360   PUT added 108320  OI= 252220
pcrSummation= 11.219999999999999  result =  ['BSE:SENSEX26AUG77700PE', 'BSE:SENSEX26AUG77600CE', 'BSE:SENSEX26AUG77500CE', 'BSE:SENSEX26AUG77400CE', 'BSE:SENSEX26AUG77300CE', 'BSE:SENSEX26AUG77200CE', 'BSE:SENSEX26AUG77100PE', 'BSE:SENSEX26AUG77000CE', 'BSE:SENSEX26AUG76900CE']
PCRSUM== 106.97
pcrSummation== 11.22
VOLPCRSUM== 5.98
spotLTP =  77159.34  ATM_STRIKE =  77200
IS_ATM_STRIKE_SHIFT = False  mapStrike = {77200: 77200}
avgOiPcrList2 = [np.float64(6.28), np.float64(6.29), np.float64(6.29)] atmStrikeNotShiftedCount= 3
False   3   3
SUPP_RES=== 77500  Buffer= 26
CEoich val =  677880.0  PEoich val =  40040.0 , CE > PE by 94.1%
SUPP_RES TOTAL OI: CE= 1801600  PE= 744820 , CE > PE by 58.7%
IS_MORNING_WINDOW= False  (active 9:15-9:48 IST)
================================================
==== signal check time ==== 2026-08-25 13:36:00.645244
IS_CHOI_DIFF_GT_25PERC== True
RSI_VAL1== 44.06
RSI_VAL2== 44.06
FUT_3m_OHLC O= 77288.2  H= 77335.8  L= 77288.2  C= 77332.8  Range= 47.5
CHART_PATTERN_DETECTED: DOUBLE_BOTTOM_FORMING
  PATTERN_CONTEXT: Body= 44.6  Range= 47.5  ExpectedRange= 65.6  RangeRatio= 0.72  O= 77288.2  H= 77335.8  L= 77288.2  C= 77332.8
neither = [np.float64(6.29)]
newSynthFut =  77300
ATMStrike =  77200
AVG_OIPCR= 1.25
avgoiPCROld=  6.29
SUPP_RES = 77500
FUT LTP = 77332.85
CEchoi  PechOi = 677880.0    40040.0
====================================
totalOIPCR = 0.73
AVG_VOLPCR= 0.66
atmPCR= 0.27  belowATM  0.41
atmVolPCR= 0.47  belowATM  0.69
True   77332.85   77500   False   False   44.06
curr Doji False
BSE:SENSEX26AUG77200PE  curr candle vol pcr = 1.43  PE= 102200  CE= 71400      cpr =  0.7
BSE:SENSEX26AUG77200PE  prev candle vol pcr = 1.19  PE= 114940  CE= 96800      cpr =  0.84
ATM_CE_premium= 310.2  ATM_PE_premium= 214.25
CE_PremChg= -0.05  PE_PremChg= -1.25
CandleBody= 44.6  PrevBody= 0.0  CandleRange= 47.5  Bullish
TotalVol= 173600  PrevTotalVol= 211740  VolSpike= 0.82 x 
SCALP_SCORE: BULL | BullScore= 1  BearScore= 0 | Confidence= LOW
DATAPOINT|13:36|FUT=77332.8|Body=44.6|PrevBody=0.0|Range=47.5|RangeRatio=0.72|CurrVolPCR=1.43|PrevVolPCR=1.19|CurrCPR=0.7|PrevCPR=0.84|VolSpike=0.82|CE_PremChg=-0.05|PE_PremChg=-1.25|BullScore=1|BearScore=0|Dir=BULL|Conf=LOW
CHART_PATTERN_DETECTED: DOUBLE_BOTTOM_FORMING
  PATTERN_CONTEXT: Body= 44.6  Range= 47.5  ExpectedRange= 65.6  RangeRatio= 0.72  O= 77288.2  H= 77335.8  L= 77288.2  C= 77332.8
BSE:SENSEX-INDEX  strikecount= 3   fyers <fyers_apiv3.fyersModel.FyersModel object at 0x71aabc52b4d0>
======================================
oipcr1 =  BSE:SENSEX26AUG77500CE   0.41
oipcr2 =  BSE:SENSEX26AUG77400CE   0.42
oipcr3 =  BSE:SENSEX26AUG77300CE   0.73
oipcrBull = NoEntry  bulcount= 0  bearcount= 3 oipcrBear= BearTrade
atmpcr5 pcr6= 1.22    1.69
No Entry Yet
India VIX = 11.29  Spot Price = 77178.02
IV Regime = LOW (ADAPTIVE: P25= 11.31  P50= 11.85  P75= 12.14 ) | DailyRange = 1244.8 | 3minCandleRange = 65.5 (theoretical= 109.2 ) | ATMoptionMove = 29.5 | SL = 103 | Target = 103 | TrailTrigger = 29 | Spread = 300 | Buffer = 26
IV Params refreshed: {'vix': 11.29, 'bn_price': 77178.02, 'regime': 'LOW', 'regime_thresholds': 'P25=11.31 P50=11.85 P75=12.14', 'daily_range': 1244.8, 'candle_range': 65.5, 'atm_option_move': 29.5, 'sl_point': 103, 'target_point': 103, 'sl_pct_of_premium': 0.1, 'trail_trigger': 29, 'spread_width': 300, 'support_resistance_buffer': 26}
BSE:SENSEX-INDEX  strikecount= 8   fyers <fyers_apiv3.fyersModel.FyersModel object at 0x71aabc52b4d0>
===
====after 3 min ochain==== 2026-08-25 13:39:00
                                    oipcr   choipcr   totalOI
pcr1 =  BSE:SENSEX26AUG78000CE   0.19   -0.05 CALL added 664700   PUT unwind -32140  OI= 1607520
pcr2 =  BSE:SENSEX26AUG77900CE   0.15   -0.08 CALL added 174820   PUT unwind -13980  OI= 549360
pcr3 =  BSE:SENSEX26AUG77800PE   0.17   -0.15 CALL added 192400   PUT unwind -28940  OI= 139640
pcr4 =  BSE:SENSEX26AUG77700PE   0.23   -0.12 CALL added 200080   PUT unwind -23640  OI= 257200
pcr5 =  BSE:SENSEX26AUG77600CE   0.27   0.07 CALL added 558340   PUT added 38880  OI= 1245520
pcr6 =  BSE:SENSEX26AUG77500CE   0.41    0.06 CALL added 670900   PUT added 38080  OI= 1794620
pcr7 =  BSE:SENSEX26AUG77400CE   0.42   0.36 CALL added 853760   PUT added 306820  OI= 1388380
pcr8 =  BSE:SENSEX26AUG77300CE   0.74   0.35 CALL added 734460   PUT added 254760  OI= 1160400
pcr9 =  BSE:SENSEX26AUG77200CE   1.22   0.99 CALL added 585140   PUT added 582060  OI= 785480
pcr10 =  BSE:SENSEX26AUG77100PE   1.67   1.24 CALL added 307000   PUT added 381640  OI= 598000
pcr11 =  BSE:SENSEX26AUG77000CE   1.83   1.64 CALL added 255820   PUT added 419500  OI= 537900
pcr12 =  BSE:SENSEX26AUG76900CE   4.5   4.23 CALL added 59580   PUT added 252080  OI= 92460
pcr13 =  BSE:SENSEX26AUG76800PE   7.48   5.0 CALL added 28400   PUT added 142080  OI= 369720
pcr14 =  BSE:SENSEX26AUG76700PE   9.41   6.21 CALL added 16380   PUT added 101640  OI= 285740
pcr15 =  BSE:SENSEX26AUG76600CE   15.9   9.42 CALL added 9980   PUT added 94060  OI= 16920
pcr16 =  BSE:SENSEX26AUG76500CE   15.12   17.77 CALL added 10520   PUT added 186900  OI= 48420
pcr17 =  BSE:SENSEX26AUG76400PE   48.87   47.5 CALL added 2300   PUT added 109240  OI= 253140
pcrSummation= 11.29  result =  ['BSE:SENSEX26AUG77700PE', 'BSE:SENSEX26AUG77600CE', 'BSE:SENSEX26AUG77500CE', 'BSE:SENSEX26AUG77400CE', 'BSE:SENSEX26AUG77300CE', 'BSE:SENSEX26AUG77200CE', 'BSE:SENSEX26AUG77100PE', 'BSE:SENSEX26AUG77000CE', 'BSE:SENSEX26AUG76900CE']
PCRSUM== 108.58
pcrSummation== 11.29
VOLPCRSUM== 6.0
spotLTP =  77178.02  ATM_STRIKE =  77200
IS_ATM_STRIKE_SHIFT = False  mapStrike = {77200: 77200}
avgOiPcrList2 = [np.float64(6.29), np.float64(6.39)] atmStrikeNotShiftedCount= 4
False   4   2
SUPP_RES=== 77500  Buffer= 26
CEoich val =  670900.0  PEoich val =  38080.0 , CE > PE by 94.3%
SUPP_RES TOTAL OI: CE= 1794620  PE= 742860 , CE > PE by 58.6%
IS_MORNING_WINDOW= False  (active 9:15-9:48 IST)
================================================
==== signal check time ==== 2026-08-25 13:39:00.643707
IS_CHOI_DIFF_GT_25PERC== True
RSI_VAL1== 44.06
RSI_VAL2== 44.06
FUT_3m_OHLC O= 77332.8  H= 77332.8  L= 77332.8  C= 77332.8  Range= 0.0
CHART_PATTERN_DETECTED: INSIDE_BAR | DOUBLE_TOP_FORMING | DOUBLE_BOTTOM_FORMING
  PATTERN_CONTEXT: Body= 0.0  Range= 0.0  ExpectedRange= 65.5  RangeRatio= 0.0  O= 77332.8  H= 77332.8  L= 77332.8  C= 77332.8
newSynthFut =  77300
ATMStrike =  77200
AVG_OIPCR= 1.25
avgoiPCROld=  6.39
SUPP_RES = 77500
FUT LTP = 77332.85
CEchoi  PechOi = 670900.0    38080.0
====================================
totalOIPCR = 0.73
AVG_VOLPCR= 0.67
atmPCR= 0.27  belowATM  0.41
atmVolPCR= 0.47  belowATM  0.69
True   77332.85   77500   False   False   44.06
curr Doji False
BSE:SENSEX26AUG77300PE  curr candle vol pcr = 1.24  PE= 110600  CE= 89280      cpr =  0.81
BSE:SENSEX26AUG77200PE  prev candle vol pcr = 1.43  PE= 102200  CE= 71400      cpr =  0.7
ATM_CE_premium= 265.7  ATM_PE_premium= 248.15
CE_PremChg= 8.1  PE_PremChg= -14.2
CandleBody= 0.0  PrevBody= 44.6  CandleRange= 0.0  Doji
TotalVol= 199880  PrevTotalVol= 173600  VolSpike= 1.15 x 
SCALP_SCORE: NEUTRAL | BullScore= 0  BearScore= 0 | Confidence= LOW
DATAPOINT|13:39|FUT=77332.8|Body=0.0|PrevBody=44.6|Range=0.0|RangeRatio=0.0|CurrVolPCR=1.24|PrevVolPCR=1.43|CurrCPR=0.81|PrevCPR=0.7|VolSpike=1.15|CE_PremChg=8.1|PE_PremChg=-14.2|BullScore=0|BearScore=0|Dir=NEUTRAL|Conf=LOW
CHART_PATTERN_DETECTED: INSIDE_BAR | DOUBLE_TOP_FORMING | DOUBLE_BOTTOM_FORMING
  PATTERN_CONTEXT: Body= 0.0  Range= 0.0  ExpectedRange= 65.5  RangeRatio= 0.0  O= 77332.8  H= 77332.8  L= 77332.8  C= 77332.8
BSE:SENSEX-INDEX  strikecount= 3   fyers <fyers_apiv3.fyersModel.FyersModel object at 0x71aabc52b4d0>
======================================
oipcr1 =  BSE:SENSEX26AUG77500CE   0.41
oipcr2 =  BSE:SENSEX26AUG77400CE   0.42
oipcr3 =  BSE:SENSEX26AUG77300CE   0.74
oipcrBull = NoEntry  bulcount= 0  bearcount= 3 oipcrBear= BearTrade
atmpcr5 pcr6= 1.22    1.67
No Entry Yet
India VIX = 11.29  Spot Price = 77198.05
IV Regime = LOW (ADAPTIVE: P25= 11.31  P50= 11.85  P75= 12.14 ) | DailyRange = 1245.1 | 3minCandleRange = 65.5 (theoretical= 109.2 ) | ATMoptionMove = 29.5 | SL = 103 | Target = 103 | TrailTrigger = 29 | Spread = 300 | Buffer = 26
IV Params refreshed: {'vix': 11.29, 'bn_price': 77198.05, 'regime': 'LOW', 'regime_thresholds': 'P25=11.31 P50=11.85 P75=12.14', 'daily_range': 1245.1, 'candle_range': 65.5, 'atm_option_move': 29.5, 'sl_point': 103, 'target_point': 103, 'sl_pct_of_premium': 0.1, 'trail_trigger': 29, 'spread_width': 300, 'support_resistance_buffer': 26}
BSE:SENSEX-INDEX  strikecount= 8   fyers <fyers_apiv3.fyersModel.FyersModel object at 0x71aabc52b4d0>
===
====after 3 min ochain==== 2026-08-25 13:42:00.000002
                                    oipcr   choipcr   totalOI
pcr1 =  BSE:SENSEX26AUG78000CE   0.19   -0.05 CALL added 665100   PUT unwind -33040  OI= 1607920
pcr2 =  BSE:SENSEX26AUG77900CE   0.15   -0.09 CALL added 171340   PUT unwind -15200  OI= 545880
pcr3 =  BSE:SENSEX26AUG77800PE   0.17   -0.17 CALL added 180380   PUT unwind -30440  OI= 138140
pcr4 =  BSE:SENSEX26AUG77700PE   0.22   -0.11 CALL added 221400   PUT unwind -25400  OI= 255440
pcr5 =  BSE:SENSEX26AUG77600CE   0.27   0.07 CALL added 567660   PUT added 39380  OI= 1254840
pcr6 =  BSE:SENSEX26AUG77500CE   0.41    0.05 CALL added 665780   PUT added 31200  OI= 1789500
pcr7 =  BSE:SENSEX26AUG77400CE   0.42   0.36 CALL added 849140   PUT added 304680  OI= 1383760
pcr8 =  BSE:SENSEX26AUG77300CE   0.73   0.34 CALL added 726340   PUT added 248260  OI= 1152280
pcr9 =  BSE:SENSEX26AUG77200CE   1.19   0.96 CALL added 587900   PUT added 567200  OI= 788240
pcr10 =  BSE:SENSEX26AUG77100PE   1.68   1.25 CALL added 302220   PUT added 376580  OI= 592940
pcr11 =  BSE:SENSEX26AUG77000CE   1.87   1.7 CALL added 237660   PUT added 404260  OI= 519740
pcr12 =  BSE:SENSEX26AUG76900CE   4.51   4.25 CALL added 58420   PUT added 248180  OI= 91300
pcr13 =  BSE:SENSEX26AUG76800PE   7.65   5.18 CALL added 27040   PUT added 140060  OI= 367700
pcr14 =  BSE:SENSEX26AUG76700PE   9.63   6.38 CALL added 15180   PUT added 96840  OI= 280940
pcr15 =  BSE:SENSEX26AUG76600CE   15.8   9.19 CALL added 9880   PUT added 90780  OI= 16820
pcr16 =  BSE:SENSEX26AUG76500CE   13.74   12.06 CALL added 14540   PUT added 175420  OI= 52440
pcr17 =  BSE:SENSEX26AUG76400PE   51.05   52.55 CALL added 2080   PUT added 109300  OI= 253200
pcrSummation= 11.3  result =  ['BSE:SENSEX26AUG77700PE', 'BSE:SENSEX26AUG77600CE', 'BSE:SENSEX26AUG77500CE', 'BSE:SENSEX26AUG77400CE', 'BSE:SENSEX26AUG77300CE', 'BSE:SENSEX26AUG77200CE', 'BSE:SENSEX26AUG77100PE', 'BSE:SENSEX26AUG77000CE', 'BSE:SENSEX26AUG76900CE']
PCRSUM== 109.68
pcrSummation== 11.3
VOLPCRSUM== 5.96
spotLTP =  77198.05  ATM_STRIKE =  77200
IS_ATM_STRIKE_SHIFT = False  mapStrike = {77200: 77200}
avgOiPcrList2 = [np.float64(6.29), np.float64(6.39), np.float64(6.45)] atmStrikeNotShiftedCount= 5
False   5   3
SUPP_RES=== 77500  Buffer= 26
CEoich val =  665780.0  PEoich val =  31200.0 , CE > PE by 95.3%
SUPP_RES TOTAL OI: CE= 1789500  PE= 735980 , CE > PE by 58.9%
IS_MORNING_WINDOW= False  (active 9:15-9:48 IST)
================================================
==== signal check time ==== 2026-08-25 13:42:00.676761
IS_CHOI_DIFF_GT_25PERC== True
RSI_VAL1== 44.06
RSI_VAL2== 44.06
FUT_3m_OHLC O= 77332.8  H= 77332.8  L= 77332.8  C= 77332.8  Range= 0.0
CHART_PATTERN_DETECTED: INSIDE_BAR | DOUBLE_TOP_FORMING
  PATTERN_CONTEXT: Body= 0.0  Range= 0.0  ExpectedRange= 65.5  RangeRatio= 0.0  O= 77332.8  H= 77332.8  L= 77332.8  C= 77332.8
isPcrInc = True
newSynthFut =  77300
ATMStrike =  77200
AVG_OIPCR= 1.26
avgoiPCROld=  6.45
SUPP_RES = 77500
FUT LTP = 77332.85
CEchoi  PechOi = 665780.0    31200.0
====================================
totalOIPCR = 0.73
AVG_VOLPCR= 0.66
atmPCR= 0.27  belowATM  0.41
atmVolPCR= 0.47  belowATM  0.69
True   77332.85   77500   True   False   44.06
no trade yet = [np.float64(6.29), np.float64(6.39), np.float64(6.45)]
curr Doji False
BSE:SENSEX26AUG77300PE  curr candle vol pcr = 0.98  PE= 103360  CE= 104960      cpr =  1.02
BSE:SENSEX26AUG77300PE  prev candle vol pcr = 1.24  PE= 110600  CE= 89280      cpr =  0.81
ATM_CE_premium= 272.1  ATM_PE_premium= 237.8
CE_PremChg= 6.4  PE_PremChg= -10.35
CandleBody= 0.0  PrevBody= 0.0  CandleRange= 0.0  Doji
TotalVol= 208320  PrevTotalVol= 199880  VolSpike= 1.04 x 
SCALP_SCORE: NEUTRAL | BullScore= 0  BearScore= 0 | Confidence= LOW
DATAPOINT|13:42|FUT=77332.8|Body=0.0|PrevBody=0.0|Range=0.0|RangeRatio=0.0|CurrVolPCR=0.98|PrevVolPCR=1.24|CurrCPR=1.02|PrevCPR=0.81|VolSpike=1.04|CE_PremChg=6.4|PE_PremChg=-10.35|BullScore=0|BearScore=0|Dir=NEUTRAL|Conf=LOW
CHART_PATTERN_DETECTED: INSIDE_BAR | DOUBLE_TOP_FORMING
  PATTERN_CONTEXT: Body= 0.0  Range= 0.0  ExpectedRange= 65.5  RangeRatio= 0.0  O= 77332.8  H= 77332.8  L= 77332.8  C= 77332.8
BSE:SENSEX-INDEX  strikecount= 3   fyers <fyers_apiv3.fyersModel.FyersModel object at 0x71aabc52b4d0>
======================================
oipcr1 =  BSE:SENSEX26AUG77500CE   0.41
oipcr2 =  BSE:SENSEX26AUG77400CE   0.42
oipcr3 =  BSE:SENSEX26AUG77300CE   0.73
oipcrBull = NoEntry  bulcount= 0  bearcount= 3 oipcrBear= BearTrade
atmpcr5 pcr6= 1.19    1.68
No Entry Yet
India VIX = 11.26  Spot Price = 77193.71
IV Regime = LOW (ADAPTIVE: P25= 11.31  P50= 11.85  P75= 12.14 ) | DailyRange = 1241.7 | 3minCandleRange = 65.3 (theoretical= 108.9 ) | ATMoptionMove = 29.4 | SL = 103 | Target = 103 | TrailTrigger = 29 | Spread = 300 | Buffer = 26
IV Params refreshed: {'vix': 11.26, 'bn_price': 77193.71, 'regime': 'LOW', 'regime_thresholds': 'P25=11.31 P50=11.85 P75=12.14', 'daily_range': 1241.7, 'candle_range': 65.3, 'atm_option_move': 29.4, 'sl_point': 103, 'target_point': 103, 'sl_pct_of_premium': 0.1, 'trail_trigger': 29, 'spread_width': 300, 'support_resistance_buffer': 26}
BSE:SENSEX-INDEX  strikecount= 8   fyers <fyers_apiv3.fyersModel.FyersModel object at 0x71aabc52b4d0>
===
====after 3 min ochain==== 2026-08-25 13:45:00.000001
                                    oipcr   choipcr   totalOI
pcr1 =  BSE:SENSEX26AUG78000CE   0.18   -0.05 CALL added 697920   PUT unwind -33100  OI= 1640740
pcr2 =  BSE:SENSEX26AUG77900CE   0.15   -0.1 CALL added 173340   PUT unwind -16680  OI= 547880
pcr3 =  BSE:SENSEX26AUG77800PE   0.17   -0.16 CALL added 188400   PUT unwind -30780  OI= 137800
pcr4 =  BSE:SENSEX26AUG77700PE   0.23   -0.1 CALL added 220620   PUT unwind -21180  OI= 259660
pcr5 =  BSE:SENSEX26AUG77600CE   0.27   0.08 CALL added 566740   PUT added 43840  OI= 1253920
pcr6 =  BSE:SENSEX26AUG77500CE   0.41    0.03 CALL added 661640   PUT added 22820  OI= 1785360
pcr7 =  BSE:SENSEX26AUG77400CE   0.42   0.36 CALL added 842800   PUT added 303660  OI= 1377420
pcr8 =  BSE:SENSEX26AUG77300CE   0.73   0.34 CALL added 726560   PUT added 246380  OI= 1152500
pcr9 =  BSE:SENSEX26AUG77200CE   1.2   0.97 CALL added 583880   PUT added 564320  OI= 784220
pcr10 =  BSE:SENSEX26AUG77100PE   1.66   1.23 CALL added 303700   PUT added 373760  OI= 590120
pcr11 =  BSE:SENSEX26AUG77000CE   1.88   1.73 CALL added 230500   PUT added 399100  OI= 512580
pcr12 =  BSE:SENSEX26AUG76900CE   4.51   4.25 CALL added 58320   PUT added 247860  OI= 91200
pcr13 =  BSE:SENSEX26AUG76800PE   7.75   5.31 CALL added 26380   PUT added 140060  OI= 367700
pcr14 =  BSE:SENSEX26AUG76700PE   9.35   5.9 CALL added 15480   PUT added 91340  OI= 275440
pcr15 =  BSE:SENSEX26AUG76600CE   16.97   10.33 CALL added 8620   PUT added 89080  OI= 15560
pcr16 =  BSE:SENSEX26AUG76500CE   13.96   12.76 CALL added 13200   PUT added 168480  OI= 51100
pcr17 =  BSE:SENSEX26AUG76400PE   49.66   49.28 CALL added 2240   PUT added 110380  OI= 254280
pcrSummation= 11.309999999999999  result =  ['BSE:SENSEX26AUG77700PE', 'BSE:SENSEX26AUG77600CE', 'BSE:SENSEX26AUG77500CE', 'BSE:SENSEX26AUG77400CE', 'BSE:SENSEX26AUG77300CE', 'BSE:SENSEX26AUG77200CE', 'BSE:SENSEX26AUG77100PE', 'BSE:SENSEX26AUG77000CE', 'BSE:SENSEX26AUG76900CE']
PCRSUM== 109.5
pcrSummation== 11.31
VOLPCRSUM== 5.9399999999999995
spotLTP =  77193.71  ATM_STRIKE =  77200
IS_ATM_STRIKE_SHIFT = False  mapStrike = {77200: 77200}
avgOiPcrList2 = [np.float64(6.39), np.float64(6.45), np.float64(6.44)] atmStrikeNotShiftedCount= 6
False   6   3
SUPP_RES=== 77500  Buffer= 26
CEoich val =  661640.0  PEoich val =  22820.0 , CE > PE by 96.6%
SUPP_RES TOTAL OI: CE= 1785360  PE= 727600 , CE > PE by 59.2%
IS_MORNING_WINDOW= False  (active 9:15-9:48 IST)
================================================
==== signal check time ==== 2026-08-25 13:45:00.703989
IS_CHOI_DIFF_GT_25PERC== True
RSI_VAL1== 46.2
RSI_VAL2== 46.2
FUT_3m_OHLC O= 77332.8  H= 77340.0  L= 77332.8  C= 77340.0  Range= 7.1
CHART_PATTERN_DETECTED: DOUBLE_TOP_FORMING
  PATTERN_CONTEXT: Body= 7.1  Range= 7.1  ExpectedRange= 65.3  RangeRatio= 0.11  O= 77332.8  H= 77340.0  L= 77332.8  C= 77340.0
recent two = [np.float64(6.45), np.float64(6.44)]
newSynthFut =  77300
ATMStrike =  77200
AVG_OIPCR= 1.26
avgoiPCROld=  6.44
SUPP_RES = 77500
FUT LTP = 77340.0
CEchoi  PechOi = 661640.0    22820.0
====================================
totalOIPCR = 0.73
AVG_VOLPCR= 0.66
atmPCR= 0.27  belowATM  0.41
atmVolPCR= 0.47  belowATM  0.69
True   77340.0   77500   False   False   46.2
curr Doji False
BSE:SENSEX26AUG77300PE  curr candle vol pcr = 0.99  PE= 118100  CE= 118760      cpr =  1.01
BSE:SENSEX26AUG77300PE  prev candle vol pcr = 0.98  PE= 103360  CE= 104960      cpr =  1.02
ATM_CE_premium= 266.5  ATM_PE_premium= 248.95
CE_PremChg= -5.6  PE_PremChg= 11.15
CandleBody= 7.1  PrevBody= 0.0  CandleRange= 7.1  Bullish
TotalVol= 236860  PrevTotalVol= 208320  VolSpike= 1.14 x 
SCALP_SCORE: BULL | BullScore= 1  BearScore= 0 | Confidence= LOW
DATAPOINT|13:45|FUT=77340.0|Body=7.1|PrevBody=0.0|Range=7.1|RangeRatio=0.11|CurrVolPCR=0.99|PrevVolPCR=0.98|CurrCPR=1.01|PrevCPR=1.02|VolSpike=1.14|CE_PremChg=-5.6|PE_PremChg=11.15|BullScore=1|BearScore=0|Dir=BULL|Conf=LOW
CHART_PATTERN_DETECTED: DOUBLE_TOP_FORMING
  PATTERN_CONTEXT: Body= 7.1  Range= 7.1  ExpectedRange= 65.3  RangeRatio= 0.11  O= 77332.8  H= 77340.0  L= 77332.8  C= 77340.0
BSE:SENSEX-INDEX  strikecount= 3   fyers <fyers_apiv3.fyersModel.FyersModel object at 0x71aabc52b4d0>
======================================
oipcr1 =  BSE:SENSEX26AUG77500CE   0.41
oipcr2 =  BSE:SENSEX26AUG77400CE   0.42
oipcr3 =  BSE:SENSEX26AUG77300CE   0.73
oipcrBull = NoEntry  bulcount= 0  bearcount= 3 oipcrBear= BearTrade
atmpcr5 pcr6= 1.2    1.66
No Entry Yet
India VIX = 11.27  Spot Price = 77180.85
IV Regime = LOW (ADAPTIVE: P25= 11.31  P50= 11.85  P75= 12.14 ) | DailyRange = 1242.6 | 3minCandleRange = 65.4 (theoretical= 109.0 ) | ATMoptionMove = 29.4 | SL = 103 | Target = 103 | TrailTrigger = 29 | Spread = 300 | Buffer = 26
IV Params refreshed: {'vix': 11.27, 'bn_price': 77180.85, 'regime': 'LOW', 'regime_thresholds': 'P25=11.31 P50=11.85 P75=12.14', 'daily_range': 1242.6, 'candle_range': 65.4, 'atm_option_move': 29.4, 'sl_point': 103, 'target_point': 103, 'sl_pct_of_premium': 0.1, 'trail_trigger': 29, 'spread_width': 300, 'support_resistance_buffer': 26}
BSE:SENSEX-INDEX  strikecount= 8   fyers <fyers_apiv3.fyersModel.FyersModel object at 0x71aabc52b4d0>
===
====after 3 min ochain==== 2026-08-25 13:48:00.000046
                                    oipcr   choipcr   totalOI
pcr1 =  BSE:SENSEX26AUG78000CE   0.18   -0.05 CALL added 687080   PUT unwind -35720  OI= 1629900
pcr2 =  BSE:SENSEX26AUG77900CE   0.15   -0.09 CALL added 172700   PUT unwind -16320  OI= 547240
pcr3 =  BSE:SENSEX26AUG77800PE   0.17   -0.17 CALL added 187820   PUT unwind -32420  OI= 136160
pcr4 =  BSE:SENSEX26AUG77700PE   0.23   -0.08 CALL added 219500   PUT unwind -16720  OI= 264120
pcr5 =  BSE:SENSEX26AUG77600CE   0.27   0.08 CALL added 554560   PUT added 42340  OI= 1241740
pcr6 =  BSE:SENSEX26AUG77500CE   0.41    0.06 CALL added 669100   PUT added 38780  OI= 1792820
pcr7 =  BSE:SENSEX26AUG77400CE   0.42   0.36 CALL added 840940   PUT added 305880  OI= 1375560
pcr8 =  BSE:SENSEX26AUG77300CE   0.73   0.34 CALL added 730080   PUT added 248580  OI= 1156020
pcr9 =  BSE:SENSEX26AUG77200CE   1.22   1.0 CALL added 585320   PUT added 585140  OI= 785660
pcr10 =  BSE:SENSEX26AUG77100PE   1.67   1.25 CALL added 306220   PUT added 381280  OI= 597640
pcr11 =  BSE:SENSEX26AUG77000CE   1.94   1.86 CALL added 227580   PUT added 423060  OI= 509660
pcr12 =  BSE:SENSEX26AUG76900CE   4.49   4.22 CALL added 58020   PUT added 244720  OI= 90900
pcr13 =  BSE:SENSEX26AUG76800PE   7.6   5.13 CALL added 27400   PUT added 140680  OI= 368320
pcr14 =  BSE:SENSEX26AUG76700PE   9.42   6.05 CALL added 15500   PUT added 93740  OI= 277840
pcr15 =  BSE:SENSEX26AUG76600CE   16.1   9.42 CALL added 9460   PUT added 89160  OI= 16400
pcr16 =  BSE:SENSEX26AUG76500CE   13.84   12.27 CALL added 13120   PUT added 160980  OI= 51020
pcr17 =  BSE:SENSEX26AUG76400PE   50.42   51.02 CALL added 2200   PUT added 112240  OI= 256140
pcrSummation= 7.0600000000000005  result =  ['BSE:SENSEX26AUG77800PE', 'BSE:SENSEX26AUG77700PE', 'BSE:SENSEX26AUG77600CE', 'BSE:SENSEX26AUG77500CE', 'BSE:SENSEX26AUG77400CE', 'BSE:SENSEX26AUG77300CE', 'BSE:SENSEX26AUG77200CE', 'BSE:SENSEX26AUG77100PE', 'BSE:SENSEX26AUG77000CE']
PCRSUM== 109.26
pcrSummation== 7.06
VOLPCRSUM== 5.94
spotLTP =  77180.85  ATM_STRIKE =  77200
IS_ATM_STRIKE_SHIFT = False  mapStrike = {77200: 77200}
avgOiPcrList2 = [np.float64(6.45), np.float64(6.44), np.float64(6.43)] atmStrikeNotShiftedCount= 7
False   7   3
SUPP_RES=== 77500  Buffer= 26
CEoich val =  669100.0  PEoich val =  38780.0 , CE > PE by 94.2%
SUPP_RES TOTAL OI: CE= 1792820  PE= 743560 , CE > PE by 58.5%
IS_MORNING_WINDOW= False  (active 9:15-9:48 IST)
================================================
==== signal check time ==== 2026-08-25 13:48:00.587737
IS_CHOI_DIFF_GT_25PERC== True
RSI_VAL1== 50.71
RSI_VAL2== 50.71
FUT_3m_OHLC O= 77340.0  H= 77355.8  L= 77340.0  C= 77355.8  Range= 15.9
CHART_PATTERN_DETECTED: DOUBLE_TOP_FORMING | DOUBLE_BOTTOM_FORMING
  PATTERN_CONTEXT: Body= 15.9  Range= 15.9  ExpectedRange= 65.4  RangeRatio= 0.24  O= 77340.0  H= 77355.8  L= 77340.0  C= 77355.8
isPcrDecr = True
newSynthFut =  77400
ATMStrike =  77200
AVG_OIPCR= 0.78
avgoiPCROld=  6.43
SUPP_RES = 77500
FUT LTP = 77355.85
CEchoi  PechOi = 669100.0    38780.0
====================================
totalOIPCR = 0.73
AVG_VOLPCR= 0.66
atmPCR= 0.27  belowATM  0.41
atmVolPCR= 0.47  belowATM  0.69
True   77355.85   77500   False   True   50.71
no trade yet = [np.float64(6.45), np.float64(6.44), np.float64(6.43)]
curr Doji False
BSE:SENSEX26AUG77300PE  curr candle vol pcr = 0.94  PE= 67900  CE= 72560      cpr =  1.07
BSE:SENSEX26AUG77300PE  prev candle vol pcr = 0.99  PE= 118100  CE= 118760      cpr =  1.01
ATM_CE_premium= 261.65  ATM_PE_premium= 250.5
CE_PremChg= -4.85  PE_PremChg= 1.55
CandleBody= 15.9  PrevBody= 7.1  CandleRange= 15.9  Bullish
TotalVol= 140460  PrevTotalVol= 236860  VolSpike= 0.59 x 
SCALP_SCORE: BULL | BullScore= 2  BearScore= 0 | Confidence= LOW
DATAPOINT|13:48|FUT=77355.8|Body=15.9|PrevBody=7.1|Range=15.9|RangeRatio=0.24|CurrVolPCR=0.94|PrevVolPCR=0.99|CurrCPR=1.07|PrevCPR=1.01|VolSpike=0.59|CE_PremChg=-4.85|PE_PremChg=1.55|BullScore=2|BearScore=0|Dir=BULL|Conf=LOW
CHART_PATTERN_DETECTED: DOUBLE_TOP_FORMING | DOUBLE_BOTTOM_FORMING
  PATTERN_CONTEXT: Body= 15.9  Range= 15.9  ExpectedRange= 65.4  RangeRatio= 0.24  O= 77340.0  H= 77355.8  L= 77340.0  C= 77355.8
BSE:SENSEX-INDEX  strikecount= 3   fyers <fyers_apiv3.fyersModel.FyersModel object at 0x71aabc52b4d0>
======================================
oipcr1 =  BSE:SENSEX26AUG77500CE   0.41
oipcr2 =  BSE:SENSEX26AUG77400CE   0.42
oipcr3 =  BSE:SENSEX26AUG77300CE   0.73
oipcrBull = NoEntry  bulcount= 0  bearcount= 3 oipcrBear= BearTrade
atmpcr5 pcr6= 1.22    1.67
No Entry Yet
India VIX = 11.33  Spot Price = 77172.65
IV Regime = NORMAL (ADAPTIVE: P25= 11.31  P50= 11.85  P75= 12.14 ) | DailyRange = 1249.1 | 3minCandleRange = 65.7 (theoretical= 109.6 ) | ATMoptionMove = 29.6 | SL = 104 | Target = 104 | TrailTrigger = 30 | Spread = 300 | Buffer = 33
IV Params refreshed: {'vix': 11.33, 'bn_price': 77172.65, 'regime': 'NORMAL', 'regime_thresholds': 'P25=11.31 P50=11.85 P75=12.14', 'daily_range': 1249.1, 'candle_range': 65.7, 'atm_option_move': 29.6, 'sl_point': 104, 'target_point': 104, 'sl_pct_of_premium': 0.1, 'trail_trigger': 30, 'spread_width': 300, 'support_resistance_buffer': 33}
BSE:SENSEX-INDEX  strikecount= 8   fyers <fyers_apiv3.fyersModel.FyersModel object at 0x71aabc52b4d0>
===
====after 3 min ochain==== 2026-08-25 13:51:00.000002
                                    oipcr   choipcr   totalOI
pcr1 =  BSE:SENSEX26AUG78000CE   0.18   -0.05 CALL added 687800   PUT unwind -36940  OI= 1630620
pcr2 =  BSE:SENSEX26AUG77900CE   0.15   -0.1 CALL added 169880   PUT unwind -16220  OI= 544420
pcr3 =  BSE:SENSEX26AUG77800PE   0.17   -0.17 CALL added 190420   PUT unwind -31640  OI= 136940
pcr4 =  BSE:SENSEX26AUG77700PE   0.23   -0.06 CALL added 230920   PUT unwind -14840  OI= 266000
pcr5 =  BSE:SENSEX26AUG77600CE   0.27   0.08 CALL added 560140   PUT added 43020  OI= 1247320
pcr6 =  BSE:SENSEX26AUG77500CE   0.43    0.1 CALL added 678440   PUT added 70360  OI= 1802160
pcr7 =  BSE:SENSEX26AUG77400CE   0.43   0.37 CALL added 831060   PUT added 307060  OI= 1365680
pcr8 =  BSE:SENSEX26AUG77300CE   0.74   0.35 CALL added 722860   PUT added 251120  OI= 1148800
pcr9 =  BSE:SENSEX26AUG77200CE   1.23   1.01 CALL added 582120   PUT added 585640  OI= 782460
pcr10 =  BSE:SENSEX26AUG77100PE   1.74   1.32 CALL added 305300   PUT added 402960  OI= 619320
pcr11 =  BSE:SENSEX26AUG77000CE   1.97   1.92 CALL added 226060   PUT added 434200  OI= 508140
pcr12 =  BSE:SENSEX26AUG76900CE   4.5   4.23 CALL added 58680   PUT added 248180  OI= 91560
pcr13 =  BSE:SENSEX26AUG76800PE   7.74   5.39 CALL added 27560   PUT added 148640  OI= 376280
pcr14 =  BSE:SENSEX26AUG76700PE   10.11   6.93 CALL added 13400   PUT added 92800  OI= 276900
pcr15 =  BSE:SENSEX26AUG76600CE   16.27   9.71 CALL added 9460   PUT added 91860  OI= 16400
pcr16 =  BSE:SENSEX26AUG76500CE   14.15   13.44 CALL added 12180   PUT added 163640  OI= 50080
pcr17 =  BSE:SENSEX26AUG76400PE   50.8   51.88 CALL added 2220   PUT added 115180  OI= 259080
pcrSummation= 7.21  result =  ['BSE:SENSEX26AUG77800PE', 'BSE:SENSEX26AUG77700PE', 'BSE:SENSEX26AUG77600CE', 'BSE:SENSEX26AUG77500CE', 'BSE:SENSEX26AUG77400CE', 'BSE:SENSEX26AUG77300CE', 'BSE:SENSEX26AUG77200CE', 'BSE:SENSEX26AUG77100PE', 'BSE:SENSEX26AUG77000CE']
PCRSUM== 111.11
pcrSummation== 7.21
VOLPCRSUM== 5.95
spotLTP =  77172.65  ATM_STRIKE =  77200
IS_ATM_STRIKE_SHIFT = False  mapStrike = {77200: 77200}
avgOiPcrList2 = [np.float64(6.44), np.float64(6.43), np.float64(6.54)] atmStrikeNotShiftedCount= 8
False   8   3
SUPP_RES=== 77500  Buffer= 33
CEoich val =  678440.0  PEoich val =  70360.0 , CE > PE by 89.6%
SUPP_RES TOTAL OI: CE= 1802160  PE= 775140 , CE > PE by 57.0%
IS_MORNING_WINDOW= False  (active 9:15-9:48 IST)
================================================
==== signal check time ==== 2026-08-25 13:51:00.671477
IS_CHOI_DIFF_GT_25PERC== True
RSI_VAL1== 49.4
RSI_VAL2== 49.4
FUT_3m_OHLC O= 77355.8  H= 77355.8  L= 77351.2  C= 77351.2  Range= 4.7
CHART_PATTERN_DETECTED: INSIDE_BAR | DOUBLE_TOP_FORMING | DOUBLE_BOTTOM_FORMING
  PATTERN_CONTEXT: Body= -4.7  Range= 4.7  ExpectedRange= 65.7  RangeRatio= 0.07  O= 77355.8  H= 77355.8  L= 77351.2  C= 77351.2
recent two = [np.float64(6.43), np.float64(6.54)]
newSynthFut =  77400
ATMStrike =  77200
AVG_OIPCR= 0.8
avgoiPCROld=  6.54
SUPP_RES = 77500
FUT LTP = 77351.2
CEchoi  PechOi = 678440.0    70360.0
====================================
totalOIPCR = 0.73
AVG_VOLPCR= 0.66
atmPCR= 0.27  belowATM  0.43
atmVolPCR= 0.47  belowATM  0.69
True   77351.2   77500   False   False   49.4
curr Doji False
BSE:SENSEX26AUG77300PE  curr candle vol pcr = 1.23  PE= 94180  CE= 76440      cpr =  0.81
BSE:SENSEX26AUG77300PE  prev candle vol pcr = 0.94  PE= 67900  CE= 72560      cpr =  1.07
ATM_CE_premium= 262.05  ATM_PE_premium= 251.65
CE_PremChg= 0.4  PE_PremChg= 1.15
CandleBody= -4.7  PrevBody= 15.9  CandleRange= 4.7  Bearish
TotalVol= 170620  PrevTotalVol= 140460  VolSpike= 1.21 x 
SCALP_SCORE: BEAR | BullScore= 0  BearScore= 1 | Confidence= LOW
DATAPOINT|13:51|FUT=77351.2|Body=-4.7|PrevBody=15.9|Range=4.7|RangeRatio=0.07|CurrVolPCR=1.23|PrevVolPCR=0.94|CurrCPR=0.81|PrevCPR=1.07|VolSpike=1.21|CE_PremChg=0.4|PE_PremChg=1.15|BullScore=0|BearScore=1|Dir=BEAR|Conf=LOW
CHART_PATTERN_DETECTED: INSIDE_BAR | DOUBLE_TOP_FORMING | DOUBLE_BOTTOM_FORMING
  PATTERN_CONTEXT: Body= -4.7  Range= 4.7  ExpectedRange= 65.7  RangeRatio= 0.07  O= 77355.8  H= 77355.8  L= 77351.2  C= 77351.2
BSE:SENSEX-INDEX  strikecount= 3   fyers <fyers_apiv3.fyersModel.FyersModel object at 0x71aabc52b4d0>
======================================
oipcr1 =  BSE:SENSEX26AUG77500CE   0.43
oipcr2 =  BSE:SENSEX26AUG77400CE   0.43
oipcr3 =  BSE:SENSEX26AUG77300CE   0.74
oipcrBull = NoEntry  bulcount= 0  bearcount= 3 oipcrBear= BearTrade
atmpcr5 pcr6= 1.23    1.74
No Entry Yet
India VIX = 11.15  Spot Price = 77255.01
IV Regime = LOW (ADAPTIVE: P25= 11.31  P50= 11.85  P75= 12.14 ) | DailyRange = 1230.6 | 3minCandleRange = 64.8 (theoretical= 107.9 ) | ATMoptionMove = 29.1 | SL = 102 | Target = 102 | TrailTrigger = 29 | Spread = 300 | Buffer = 26
IV Params refreshed: {'vix': 11.15, 'bn_price': 77255.01, 'regime': 'LOW', 'regime_thresholds': 'P25=11.31 P50=11.85 P75=12.14', 'daily_range': 1230.6, 'candle_range': 64.8, 'atm_option_move': 29.1, 'sl_point': 102, 'target_point': 102, 'sl_pct_of_premium': 0.1, 'trail_trigger': 29, 'spread_width': 300, 'support_resistance_buffer': 26}
BSE:SENSEX-INDEX  strikecount= 8   fyers <fyers_apiv3.fyersModel.FyersModel object at 0x71aabc52b4d0>
===
====after 3 min ochain==== 2026-08-25 13:54:00.000003
                                    oipcr   choipcr   totalOI
pcr1 =  BSE:SENSEX26AUG78100PE   0.08   -0.0 CALL added 144980   PUT unwind -660  OI= 36720
pcr2 =  BSE:SENSEX26AUG78000CE   0.18   -0.06 CALL added 685940   PUT unwind -37920  OI= 1628760
pcr3 =  BSE:SENSEX26AUG77900CE   0.15   -0.09 CALL added 174180   PUT unwind -16080  OI= 548720
pcr4 =  BSE:SENSEX26AUG77800PE   0.17   -0.17 CALL added 190640   PUT unwind -31680  OI= 136900
pcr5 =  BSE:SENSEX26AUG77700PE   0.23   -0.07 CALL added 233340   PUT unwind -15880  OI= 264960
pcr6 =  BSE:SENSEX26AUG77600CE   0.27    0.07 CALL added 558940   PUT added 41820  OI= 1246120
pcr7 =  BSE:SENSEX26AUG77500CE   0.43   0.1 CALL added 678640   PUT added 70320  OI= 1802360
pcr8 =  BSE:SENSEX26AUG77400CE   0.44   0.39 CALL added 827920   PUT added 326280  OI= 1362540
pcr9 =  BSE:SENSEX26AUG77300CE   0.74   0.35 CALL added 726280   PUT added 250760  OI= 1152220
pcr10 =  BSE:SENSEX26AUG77200CE   1.24   1.02 CALL added 583480   PUT added 597940  OI= 783820
pcr11 =  BSE:SENSEX26AUG77100PE   1.73   1.31 CALL added 305280   PUT added 399460  OI= 615820
pcr12 =  BSE:SENSEX26AUG77000CE   1.95   1.88 CALL added 225780   PUT added 423920  OI= 507860
pcr13 =  BSE:SENSEX26AUG76900CE   4.47   4.19 CALL added 59120   PUT added 247600  OI= 92000
pcr14 =  BSE:SENSEX26AUG76800PE   7.69   5.34 CALL added 28000   PUT added 149500  OI= 377140
pcr15 =  BSE:SENSEX26AUG76700PE   10.1   6.88 CALL added 13300   PUT added 91560  OI= 275660
pcr16 =  BSE:SENSEX26AUG76600CE   16.25   9.69 CALL added 9480   PUT added 91880  OI= 16420
pcr17 =  BSE:SENSEX26AUG76500CE   13.85   12.31 CALL added 12880   PUT added 158500  OI= 50780
pcrSummation= 7.2  result =  ['BSE:SENSEX26AUG77800PE', 'BSE:SENSEX26AUG77700PE', 'BSE:SENSEX26AUG77600CE', 'BSE:SENSEX26AUG77500CE', 'BSE:SENSEX26AUG77400CE', 'BSE:SENSEX26AUG77300CE', 'BSE:SENSEX26AUG77200CE', 'BSE:SENSEX26AUG77100PE', 'BSE:SENSEX26AUG77000CE']
PCRSUM== 59.97
pcrSummation== 7.2
VOLPCRSUM== 4.3500000000000005
spotLTP =  77255.01  ATM_STRIKE =  77300
IS_ATM_STRIKE_SHIFT = True  mapStrike = {77300: 77300}
avgOiPcrList2 = [np.float64(3.53)] atmStrikeNotShiftedCount= 1
True   1   1
SUPP_RES=== 77500  Buffer= 26
CEoich val =  678640.0  PEoich val =  70320.0 , CE > PE by 89.6%
SUPP_RES TOTAL OI: CE= 1802360  PE= 775100 , CE > PE by 57.0%
IS_MORNING_WINDOW= False  (active 9:15-9:48 IST)
================================================
==== signal check time ==== 2026-08-25 13:54:00.604160
IS_CHOI_DIFF_GT_25PERC== True
RSI_VAL1== 65.02
RSI_VAL2== 65.02
FUT_3m_OHLC O= 77335.8  H= 77426.0  L= 77335.8  C= 77426.0  Range= 90.1
CHART_PATTERN_DETECTED: BULLISH_ENGULFING | OUTSIDE_BAR | DOUBLE_BOTTOM_FORMING | STRONG_MOMENTUM_BULL
  PATTERN_CONTEXT: Body= 90.1  Range= 90.1  ExpectedRange= 64.8  RangeRatio= 1.39  O= 77335.8  H= 77426.0  L= 77335.8  C= 77426.0
newSynthFut =  77400
ATMStrike =  77300
AVG_OIPCR= 0.8
avgoiPCROld=  3.53
SUPP_RES = 77500
FUT LTP = 77426.0
CEchoi  PechOi = 678640.0    70320.0
====================================
totalOIPCR = 0.73
AVG_VOLPCR= 0.48
atmPCR= 0.23  belowATM  0.27
atmVolPCR= 0.29  belowATM  0.47
True   77426.0   77500   False   False   65.02
curr Doji False
BSE:SENSEX26AUG77300PE  curr candle vol pcr = 1.02  PE= 309500  CE= 303860      cpr =  0.98
BSE:SENSEX26AUG77300PE  prev candle vol pcr = 1.23  PE= 94180  CE= 76440      cpr =  0.81
ATM_CE_premium= 309.25  ATM_PE_premium= 203.2
CE_PremChg= 47.2  PE_PremChg= -48.45
CandleBody= 90.1  PrevBody= -4.7  CandleRange= 90.1  Bullish
TotalVol= 613360  PrevTotalVol= 170620  VolSpike= 3.59 x  SPIKE!
SCALP_SCORE: BULL | BullScore= 3  BearScore= 1 | Confidence= MEDIUM
  SCALP_BULL_REASONS: StrongBullCandle(100%) + VolSpike(3.59x)_bull + BreakoutCandle(1.4x)
DATAPOINT|13:54|FUT=77426.0|Body=90.1|PrevBody=-4.7|Range=90.1|RangeRatio=1.39|CurrVolPCR=1.02|PrevVolPCR=1.23|CurrCPR=0.98|PrevCPR=0.81|VolSpike=3.59|CE_PremChg=47.2|PE_PremChg=-48.45|BullScore=3|BearScore=1|Dir=BULL|Conf=MEDIUM
CHART_PATTERN_DETECTED: BULLISH_ENGULFING | OUTSIDE_BAR | DOUBLE_BOTTOM_FORMING | STRONG_MOMENTUM_BULL
  PATTERN_CONTEXT: Body= 90.1  Range= 90.1  ExpectedRange= 64.8  RangeRatio= 1.39  O= 77335.8  H= 77426.0  L= 77335.8  C= 77426.0
BSE:SENSEX-INDEX  strikecount= 3   fyers <fyers_apiv3.fyersModel.FyersModel object at 0x71aabc52b4d0>
======================================
oipcr1 =  BSE:SENSEX26AUG77600CE   0.27
oipcr2 =  BSE:SENSEX26AUG77500CE   0.43
oipcr3 =  BSE:SENSEX26AUG77400CE   0.44
oipcrBull = NoEntry  bulcount= 0  bearcount= 3 oipcrBear= BearTrade
atmpcr5 pcr6= 0.74    1.24
No Entry Yet
India VIX = 11.22  Spot Price = 77269.75
IV Regime = LOW (ADAPTIVE: P25= 11.31  P50= 11.85  P75= 12.14 ) | DailyRange = 1238.5 | 3minCandleRange = 65.2 (theoretical= 108.6 ) | ATMoptionMove = 29.3 | SL = 103 | Target = 103 | TrailTrigger = 29 | Spread = 300 | Buffer = 26
IV Params refreshed: {'vix': 11.22, 'bn_price': 77269.75, 'regime': 'LOW', 'regime_thresholds': 'P25=11.31 P50=11.85 P75=12.14', 'daily_range': 1238.5, 'candle_range': 65.2, 'atm_option_move': 29.3, 'sl_point': 103, 'target_point': 103, 'sl_pct_of_premium': 0.1, 'trail_trigger': 29, 'spread_width': 300, 'support_resistance_buffer': 26}
BSE:SENSEX-INDEX  strikecount= 8   fyers <fyers_apiv3.fyersModel.FyersModel object at 0x71aabc52b4d0>
===
====after 3 min ochain==== 2026-08-25 13:57:00.000001
                                    oipcr   choipcr   totalOI
pcr1 =  BSE:SENSEX26AUG78100PE   0.08   0.01 CALL added 143860   PUT added 1240  OI= 38620
pcr2 =  BSE:SENSEX26AUG78000CE   0.18   -0.06 CALL added 673040   PUT unwind -38180  OI= 1615860
pcr3 =  BSE:SENSEX26AUG77900CE   0.15   -0.09 CALL added 175420   PUT unwind -16160  OI= 549960
pcr4 =  BSE:SENSEX26AUG77800PE   0.17   -0.15 CALL added 188640   PUT unwind -27820  OI= 140760
pcr5 =  BSE:SENSEX26AUG77700PE   0.22   -0.19 CALL added 197400   PUT unwind -36560  OI= 244280
pcr6 =  BSE:SENSEX26AUG77600CE   0.27    0.07 CALL added 529220   PUT added 34440  OI= 1216400
pcr7 =  BSE:SENSEX26AUG77500CE   0.45   0.1 CALL added 591660   PUT added 61220  OI= 1715380
pcr8 =  BSE:SENSEX26AUG77400CE   0.45   0.4 CALL added 768760   PUT added 308060  OI= 1303380
pcr9 =  BSE:SENSEX26AUG77300CE   0.79   0.39 CALL added 658860   PUT added 255200  OI= 1084800
pcr10 =  BSE:SENSEX26AUG77200CE   1.31   1.11 CALL added 535920   PUT added 593920  OI= 736260
pcr11 =  BSE:SENSEX26AUG77100PE   1.85   1.4 CALL added 272400   PUT added 382520  OI= 598880
pcr12 =  BSE:SENSEX26AUG77000CE   2.05   2.11 CALL added 197540   PUT added 417620  OI= 479620
pcr13 =  BSE:SENSEX26AUG76900CE   4.72   4.56 CALL added 54020   PUT added 246600  OI= 86900
pcr14 =  BSE:SENSEX26AUG76800PE   9.84   8.67 CALL added 17440   PUT added 151120  OI= 378760
pcr15 =  BSE:SENSEX26AUG76700PE   10.53   7.46 CALL added 12000   PUT added 89520  OI= 273620
pcr16 =  BSE:SENSEX26AUG76600CE   15.09   8.96 CALL added 11440   PUT added 102500  OI= 18380
pcr17 =  BSE:SENSEX26AUG76500CE   14.84   16.67 CALL added 9560   PUT added 159380  OI= 47460
pcrSummation= 5.66  result =  ['BSE:SENSEX26AUG77900CE', 'BSE:SENSEX26AUG77800PE', 'BSE:SENSEX26AUG77700PE', 'BSE:SENSEX26AUG77600CE', 'BSE:SENSEX26AUG77500CE', 'BSE:SENSEX26AUG77400CE', 'BSE:SENSEX26AUG77300CE', 'BSE:SENSEX26AUG77200CE', 'BSE:SENSEX26AUG77100PE']
PCRSUM== 62.99
pcrSummation== 5.66
VOLPCRSUM== 4.28
spotLTP =  77269.75  ATM_STRIKE =  77300
IS_ATM_STRIKE_SHIFT = False  mapStrike = {77300: 77300}
avgOiPcrList2 = [np.float64(3.53), np.float64(3.71)] atmStrikeNotShiftedCount= 2
False   2   2
SUPP_RES=== 77500  Buffer= 26
CEoich val =  591660.0  PEoich val =  61220.0 , CE > PE by 89.7%
SUPP_RES TOTAL OI: CE= 1715380  PE= 766000 , CE > PE by 55.3%
IS_MORNING_WINDOW= False  (active 9:15-9:48 IST)
================================================
==== signal check time ==== 2026-08-25 13:57:00.665121
IS_CHOI_DIFF_GT_25PERC== True
RSI_VAL1== 71.08
RSI_VAL2== 71.08
FUT_3m_OHLC O= 77440.0  H= 77489.0  L= 77440.0  C= 77473.1  Range= 48.9
CHART_PATTERN_DETECTED: DOUBLE_BOTTOM_FORMING
  PATTERN_CONTEXT: Body= 33.1  Range= 48.9  ExpectedRange= 65.2  RangeRatio= 0.75  O= 77440.0  H= 77489.0  L= 77440.0  C= 77473.1
newSynthFut =  77500
ATMStrike =  77300
AVG_OIPCR= 0.63
avgoiPCROld=  3.71
SUPP_RES = 77500
FUT LTP = 77473.1
CEchoi  PechOi = 591660.0    61220.0
====================================
totalOIPCR = 0.75
AVG_VOLPCR= 0.48
atmPCR= 0.22  belowATM  0.27
atmVolPCR= 0.29  belowATM  0.46
True   77473.1   77500   False   False   71.08
curr Doji False
BSE:SENSEX26AUG77400PE  curr candle vol pcr = 0.74  PE= 316580  CE= 428900      cpr =  1.35
BSE:SENSEX26AUG77300PE  prev candle vol pcr = 1.02  PE= 309500  CE= 303860      cpr =  0.98
ATM_CE_premium= 264.45  ATM_PE_premium= 243.65
CE_PremChg= 7.9  PE_PremChg= -4.05
CandleBody= 33.1  PrevBody= 90.1  CandleRange= 48.9  Bullish
TotalVol= 745480  PrevTotalVol= 613360  VolSpike= 1.22 x 
SCALP_SCORE: BULL | BullScore= 2  BearScore= 0 | Confidence= LOW
DATAPOINT|13:57|FUT=77473.1|Body=33.1|PrevBody=90.1|Range=48.9|RangeRatio=0.75|CurrVolPCR=0.74|PrevVolPCR=1.02|CurrCPR=1.35|PrevCPR=0.98|VolSpike=1.22|CE_PremChg=7.9|PE_PremChg=-4.05|BullScore=2|BearScore=0|Dir=BULL|Conf=LOW
CHART_PATTERN_DETECTED: DOUBLE_BOTTOM_FORMING
  PATTERN_CONTEXT: Body= 33.1  Range= 48.9  ExpectedRange= 65.2  RangeRatio= 0.75  O= 77440.0  H= 77489.0  L= 77440.0  C= 77473.1
BSE:SENSEX-INDEX  strikecount= 3   fyers <fyers_apiv3.fyersModel.FyersModel object at 0x71aabc52b4d0>
======================================
oipcr1 =  BSE:SENSEX26AUG77600CE   0.27
oipcr2 =  BSE:SENSEX26AUG77500CE   0.45
oipcr3 =  BSE:SENSEX26AUG77400CE   0.45
oipcrBull = NoEntry  bulcount= 0  bearcount= 3 oipcrBear= BearTrade
atmpcr5 pcr6= 0.79    1.31
No Entry Yet
India VIX = 11.27  Spot Price = 77247.0
IV Regime = LOW (ADAPTIVE: P25= 11.31  P50= 11.85  P75= 12.14 ) | DailyRange = 1243.7 | 3minCandleRange = 65.4 (theoretical= 109.1 ) | ATMoptionMove = 29.5 | SL = 103 | Target = 103 | TrailTrigger = 29 | Spread = 300 | Buffer = 26
IV Params refreshed: {'vix': 11.27, 'bn_price': 77247.0, 'regime': 'LOW', 'regime_thresholds': 'P25=11.31 P50=11.85 P75=12.14', 'daily_range': 1243.7, 'candle_range': 65.4, 'atm_option_move': 29.5, 'sl_point': 103, 'target_point': 103, 'sl_pct_of_premium': 0.1, 'trail_trigger': 29, 'spread_width': 300, 'support_resistance_buffer': 26}
BSE:SENSEX-INDEX  strikecount= 8   fyers <fyers_apiv3.fyersModel.FyersModel object at 0x71aabc52b4d0>
===
====after 3 min ochain==== 2026-08-25 14:00:00.000003
                                    oipcr   choipcr   totalOI
pcr1 =  BSE:SENSEX26AUG78000CE   0.19   -0.06 CALL added 604140   PUT unwind -38340  OI= 1546960
pcr2 =  BSE:SENSEX26AUG77900CE   0.16   -0.1 CALL added 154320   PUT unwind -15060  OI= 528860
pcr3 =  BSE:SENSEX26AUG77800PE   0.18   -0.15 CALL added 156100   PUT unwind -23840  OI= 144740
pcr4 =  BSE:SENSEX26AUG77700PE   0.25   -0.18 CALL added 122800   PUT unwind -22440  OI= 258400
pcr5 =  BSE:SENSEX26AUG77600CE   0.28   0.07 CALL added 477580   PUT added 33140  OI= 1164760
pcr6 =  BSE:SENSEX26AUG77500CE   0.47    0.13 CALL added 512900   PUT added 68760  OI= 1636620
pcr7 =  BSE:SENSEX26AUG77400CE   0.48   0.45 CALL added 710340   PUT added 317320  OI= 1244960
pcr8 =  BSE:SENSEX26AUG77300CE   0.94   0.57 CALL added 543200   PUT added 311800  OI= 969140
pcr9 =  BSE:SENSEX26AUG77200CE   1.55   1.41 CALL added 445840   PUT added 627360  OI= 646180
pcr10 =  BSE:SENSEX26AUG77100PE   2.12   1.69 CALL added 247840   PUT added 417720  OI= 634080
pcr11 =  BSE:SENSEX26AUG77000CE   2.19   2.5 CALL added 168080   PUT added 419900  OI= 450160
pcr12 =  BSE:SENSEX26AUG76900CE   5.12   5.22 CALL added 45460   PUT added 237460  OI= 78340
pcr13 =  BSE:SENSEX26AUG76800PE   9.65   8.34 CALL added 18740   PUT added 156200  OI= 383840
pcr14 =  BSE:SENSEX26AUG76700PE   12.4   11.24 CALL added 9220   PUT added 103660  OI= 287760
pcr15 =  BSE:SENSEX26AUG76600CE   16.23   9.04 CALL added 8660   PUT added 78260  OI= 15600
pcr16 =  BSE:SENSEX26AUG76500CE   14.37   14.31 CALL added 8540   PUT added 122200  OI= 46440
pcr17 =  BSE:SENSEX26AUG76400PE   47.1   43.76 CALL added 2460   PUT added 107640  OI= 251540
pcrSummation= 8.459999999999999  result =  ['BSE:SENSEX26AUG77800PE', 'BSE:SENSEX26AUG77700PE', 'BSE:SENSEX26AUG77600CE', 'BSE:SENSEX26AUG77500CE', 'BSE:SENSEX26AUG77400CE', 'BSE:SENSEX26AUG77300CE', 'BSE:SENSEX26AUG77200CE', 'BSE:SENSEX26AUG77100PE', 'BSE:SENSEX26AUG77000CE']
PCRSUM== 113.68
pcrSummation== 8.46
VOLPCRSUM== 5.84
spotLTP =  77247.0  ATM_STRIKE =  77200
IS_ATM_STRIKE_SHIFT = True  mapStrike = {77200: 77200}
avgOiPcrList2 = [np.float64(6.69)] atmStrikeNotShiftedCount= 1
True   1   1
SUPP_RES=== 77500  Buffer= 26
CEoich val =  512900.0  PEoich val =  68760.0 , CE > PE by 86.6%
SUPP_RES TOTAL OI: CE= 1636620  PE= 773540 , CE > PE by 52.7%
IS_MORNING_WINDOW= False  (active 9:15-9:48 IST)
================================================
==== signal check time ==== 2026-08-25 14:00:00.778480
IS_CHOI_DIFF_GT_25PERC== True
RSI_VAL1== 60.1
RSI_VAL2== 60.1
FUT_3m_OHLC O= 77473.1  H= 77473.1  L= 77427.0  C= 77427.0  Range= 46.2
CHART_PATTERN_DETECTED: BEARISH_ENGULFING
  PATTERN_CONTEXT: Body= -46.2  Range= 46.2  ExpectedRange= 65.4  RangeRatio= 0.71  O= 77473.1  H= 77473.1  L= 77427.0  C= 77427.0
newSynthFut =  77400
ATMStrike =  77200
AVG_OIPCR= 0.94
avgoiPCROld=  6.69
SUPP_RES = 77500
FUT LTP = 77426.95
CEchoi  PechOi = 512900.0    68760.0
====================================
totalOIPCR = 0.78
AVG_VOLPCR= 0.65
atmPCR= 0.28  belowATM  0.47
atmVolPCR= 0.46  belowATM  0.68
True   77426.95   77500   False   False   60.1
curr Doji False
BSE:SENSEX26AUG77400PE  curr candle vol pcr = 1.04  PE= 135180  CE= 130460      cpr =  0.97
BSE:SENSEX26AUG77400PE  prev candle vol pcr = 0.74  PE= 316580  CE= 428900      cpr =  1.35
ATM_CE_premium= 239.55  ATM_PE_premium= 266.25
CE_PremChg= -24.9  PE_PremChg= 22.6
CandleBody= -46.2  PrevBody= 33.1  CandleRange= 46.2  Bearish
TotalVol= 265640  PrevTotalVol= 745480  VolSpike= 0.36 x 
SCALP_SCORE: NEUTRAL | BullScore= 1  BearScore= 1 | Confidence= LOW
DATAPOINT|14:00|FUT=77427.0|Body=-46.2|PrevBody=33.1|Range=46.2|RangeRatio=0.71|CurrVolPCR=1.04|PrevVolPCR=0.74|CurrCPR=0.97|PrevCPR=1.35|VolSpike=0.36|CE_PremChg=-24.9|PE_PremChg=22.6|BullScore=1|BearScore=1|Dir=NEUTRAL|Conf=LOW
CHART_PATTERN_DETECTED: BEARISH_ENGULFING
  PATTERN_CONTEXT: Body= -46.2  Range= 46.2  ExpectedRange= 65.4  RangeRatio= 0.71  O= 77473.1  H= 77473.1  L= 77427.0  C= 77427.0
BSE:SENSEX-INDEX  strikecount= 3   fyers <fyers_apiv3.fyersModel.FyersModel object at 0x71aabc52b4d0>
======================================
oipcr1 =  BSE:SENSEX26AUG77600CE   0.28
oipcr2 =  BSE:SENSEX26AUG77500CE   0.47
oipcr3 =  BSE:SENSEX26AUG77400CE   0.48
oipcrBull = NoEntry  bulcount= 0  bearcount= 3 oipcrBear= BearTrade
atmpcr5 pcr6= 0.94    1.55
No Entry Yet
India VIX = 11.24  Spot Price = 77232.16
IV Regime = LOW (ADAPTIVE: P25= 11.31  P50= 11.85  P75= 12.14 ) | DailyRange = 1240.1 | 3minCandleRange = 65.3 (theoretical= 108.8 ) | ATMoptionMove = 29.4 | SL = 103 | Target = 103 | TrailTrigger = 29 | Spread = 300 | Buffer = 26
IV Params refreshed: {'vix': 11.24, 'bn_price': 77232.16, 'regime': 'LOW', 'regime_thresholds': 'P25=11.31 P50=11.85 P75=12.14', 'daily_range': 1240.1, 'candle_range': 65.3, 'atm_option_move': 29.4, 'sl_point': 103, 'target_point': 103, 'sl_pct_of_premium': 0.1, 'trail_trigger': 29, 'spread_width': 300, 'support_resistance_buffer': 26}
BSE:SENSEX-INDEX  strikecount= 8   fyers <fyers_apiv3.fyersModel.FyersModel object at 0x71aabc52b4d0>
===
====after 3 min ochain==== 2026-08-25 14:03:00.000001
                                    oipcr   choipcr   totalOI
pcr1 =  BSE:SENSEX26AUG78000CE   0.19   -0.06 CALL added 620880   PUT unwind -39160  OI= 1563700
pcr2 =  BSE:SENSEX26AUG77900CE   0.15   -0.09 CALL added 170580   PUT unwind -16200  OI= 545120
pcr3 =  BSE:SENSEX26AUG77800PE   0.18   -0.15 CALL added 165020   PUT unwind -25140  OI= 143440
pcr4 =  BSE:SENSEX26AUG77700PE   0.25   -0.14 CALL added 143620   PUT unwind -20000  OI= 260840
pcr5 =  BSE:SENSEX26AUG77600CE   0.28   0.07 CALL added 493180   PUT added 33060  OI= 1180360
pcr6 =  BSE:SENSEX26AUG77500CE   0.45    0.08 CALL added 525740   PUT added 40680  OI= 1649460
pcr7 =  BSE:SENSEX26AUG77400CE   0.47   0.44 CALL added 730020   PUT added 317780  OI= 1264640
pcr8 =  BSE:SENSEX26AUG77300CE   0.92   0.54 CALL added 548500   PUT added 295140  OI= 974440
pcr9 =  BSE:SENSEX26AUG77200CE   1.53   1.39 CALL added 446100   PUT added 617940  OI= 646440
pcr10 =  BSE:SENSEX26AUG77100PE   2.11   1.67 CALL added 246160   PUT added 410640  OI= 627000
pcr11 =  BSE:SENSEX26AUG77000CE   2.19   2.5 CALL added 168640   PUT added 421920  OI= 450720
pcr12 =  BSE:SENSEX26AUG76900CE   5.2   5.36 CALL added 44280   PUT added 237320  OI= 77160
pcr13 =  BSE:SENSEX26AUG76800PE   10.8   10.78 CALL added 16460   PUT added 177420  OI= 405060
pcr14 =  BSE:SENSEX26AUG76700PE   11.82   9.61 CALL added 8500   PUT added 81720  OI= 265820
pcr15 =  BSE:SENSEX26AUG76600CE   16.22   9.3 CALL added 9020   PUT added 83920  OI= 15960
pcr16 =  BSE:SENSEX26AUG76500CE   14.36   14.25 CALL added 8820   PUT added 125720  OI= 46720
pcr17 =  BSE:SENSEX26AUG76400PE   44.03   38.09 CALL added 2880   PUT added 109700  OI= 253600
pcrSummation= 8.379999999999999  result =  ['BSE:SENSEX26AUG77800PE', 'BSE:SENSEX26AUG77700PE', 'BSE:SENSEX26AUG77600CE', 'BSE:SENSEX26AUG77500CE', 'BSE:SENSEX26AUG77400CE', 'BSE:SENSEX26AUG77300CE', 'BSE:SENSEX26AUG77200CE', 'BSE:SENSEX26AUG77100PE', 'BSE:SENSEX26AUG77000CE']
PCRSUM== 111.15
pcrSummation== 8.38
VOLPCRSUM== 5.85
spotLTP =  77232.39  ATM_STRIKE =  77200
IS_ATM_STRIKE_SHIFT = False  mapStrike = {77200: 77200}
avgOiPcrList2 = [np.float64(6.69), np.float64(6.54)] atmStrikeNotShiftedCount= 2
False   2   2
SUPP_RES=== 77500  Buffer= 26
CEoich val =  525740.0  PEoich val =  40680.0 , CE > PE by 92.3%
SUPP_RES TOTAL OI: CE= 1649460  PE= 745460 , CE > PE by 54.8%
IS_MORNING_WINDOW= False  (active 9:15-9:48 IST)
================================================
==== signal check time ==== 2026-08-25 14:03:00.587526
IS_CHOI_DIFF_GT_25PERC== True
RSI_VAL1== 60.1
RSI_VAL2== 60.1
FUT_3m_OHLC O= 77427.0  H= 77427.0  L= 77427.0  C= 77427.0  Range= 0.0
CHART_PATTERN_DETECTED: INSIDE_BAR
  PATTERN_CONTEXT: Body= 0.0  Range= 0.0  ExpectedRange= 65.3  RangeRatio= 0.0  O= 77427.0  H= 77427.0  L= 77427.0  C= 77427.0
newSynthFut =  77400
ATMStrike =  77200
AVG_OIPCR= 0.93
avgoiPCROld=  6.54
SUPP_RES = 77500
FUT LTP = 77426.95
CEchoi  PechOi = 525740.0    40680.0
====================================
totalOIPCR = 0.77
AVG_VOLPCR= 0.65
atmPCR= 0.28  belowATM  0.45
atmVolPCR= 0.46  belowATM  0.68
True   77426.95   77500   False   False   60.1
curr Doji False
BSE:SENSEX26AUG77400PE  curr candle vol pcr = 1.11  PE= 165400  CE= 149180      cpr =  0.9
BSE:SENSEX26AUG77400PE  prev candle vol pcr = 1.04  PE= 135180  CE= 130460      cpr =  0.97
ATM_CE_premium= 242.55  ATM_PE_premium= 262.15
CE_PremChg= 3.0  PE_PremChg= -4.1
CandleBody= 0.0  PrevBody= -46.2  CandleRange= 0.0  Doji
TotalVol= 314580  PrevTotalVol= 265640  VolSpike= 1.18 x 
SCALP_SCORE: NEUTRAL | BullScore= 0  BearScore= 0 | Confidence= LOW
DATAPOINT|14:03|FUT=77427.0|Body=0.0|PrevBody=-46.2|Range=0.0|RangeRatio=0.0|CurrVolPCR=1.11|PrevVolPCR=1.04|CurrCPR=0.9|PrevCPR=0.97|VolSpike=1.18|CE_PremChg=3.0|PE_PremChg=-4.1|BullScore=0|BearScore=0|Dir=NEUTRAL|Conf=LOW
CHART_PATTERN_DETECTED: INSIDE_BAR
  PATTERN_CONTEXT: Body= 0.0  Range= 0.0  ExpectedRange= 65.3  RangeRatio= 0.0  O= 77427.0  H= 77427.0  L= 77427.0  C= 77427.0
BSE:SENSEX-INDEX  strikecount= 3   fyers <fyers_apiv3.fyersModel.FyersModel object at 0x71aabc52b4d0>
======================================
oipcr1 =  BSE:SENSEX26AUG77500CE   0.45
oipcr2 =  BSE:SENSEX26AUG77400CE   0.47
oipcr3 =  BSE:SENSEX26AUG77300CE   0.92
oipcrBull = NoEntry  bulcount= 0  bearcount= 3 oipcrBear= BearTrade
atmpcr5 pcr6= 1.53    2.11
No Entry Yet
India VIX = 11.24  Spot Price = 77257.74
IV Regime = LOW (ADAPTIVE: P25= 11.31  P50= 11.85  P75= 12.14 ) | DailyRange = 1240.5 | 3minCandleRange = 65.3 (theoretical= 108.8 ) | ATMoptionMove = 29.4 | SL = 103 | Target = 103 | TrailTrigger = 29 | Spread = 300 | Buffer = 26
IV Params refreshed: {'vix': 11.24, 'bn_price': 77257.74, 'regime': 'LOW', 'regime_thresholds': 'P25=11.31 P50=11.85 P75=12.14', 'daily_range': 1240.5, 'candle_range': 65.3, 'atm_option_move': 29.4, 'sl_point': 103, 'target_point': 103, 'sl_pct_of_premium': 0.1, 'trail_trigger': 29, 'spread_width': 300, 'support_resistance_buffer': 26}
BSE:SENSEX-INDEX  strikecount= 8   fyers <fyers_apiv3.fyersModel.FyersModel object at 0x71aabc52b4d0>
===
====after 3 min ochain==== 2026-08-25 14:06:00.000034
                                    oipcr   choipcr   totalOI
pcr1 =  BSE:SENSEX26AUG78100PE   0.1   0.01 CALL added 51300   PUT added 400  OI= 37780
pcr2 =  BSE:SENSEX26AUG78000CE   0.19   -0.06 CALL added 639260   PUT unwind -38540  OI= 1582080
pcr3 =  BSE:SENSEX26AUG77900CE   0.15   -0.09 CALL added 163240   PUT unwind -15000  OI= 537780
pcr4 =  BSE:SENSEX26AUG77800PE   0.18   -0.16 CALL added 174140   PUT unwind -27120  OI= 141460
pcr5 =  BSE:SENSEX26AUG77700PE   0.25   -0.11 CALL added 152980   PUT unwind -17080  OI= 263760
pcr6 =  BSE:SENSEX26AUG77600CE   0.28    0.07 CALL added 500760   PUT added 36060  OI= 1187940
pcr7 =  BSE:SENSEX26AUG77500CE   0.45   0.07 CALL added 524080   PUT added 34320  OI= 1647800
pcr8 =  BSE:SENSEX26AUG77400CE   0.47   0.43 CALL added 735620   PUT added 317140  OI= 1270240
pcr9 =  BSE:SENSEX26AUG77300CE   0.88   0.5 CALL added 585480   PUT added 294340  OI= 1011420
pcr10 =  BSE:SENSEX26AUG77200CE   1.56   1.42 CALL added 449160   PUT added 636360  OI= 649500
pcr11 =  BSE:SENSEX26AUG77100PE   2.0   1.58 CALL added 275100   PUT added 435560  OI= 651920
pcr12 =  BSE:SENSEX26AUG77000CE   2.2   2.51 CALL added 168680   PUT added 423580  OI= 450760
pcr13 =  BSE:SENSEX26AUG76900CE   5.15   5.29 CALL added 44960   PUT added 237620  OI= 77840
pcr14 =  BSE:SENSEX26AUG76800PE   11.0   11.24 CALL added 16400   PUT added 184280  OI= 411920
pcr15 =  BSE:SENSEX26AUG76700PE   11.55   8.97 CALL added 8800   PUT added 78920  OI= 263020
pcr16 =  BSE:SENSEX26AUG76600CE   16.34   9.49 CALL added 8980   PUT added 85220  OI= 15920
pcr17 =  BSE:SENSEX26AUG76500CE   13.96   12.29 CALL added 9440   PUT added 116060  OI= 47340
pcrSummation= 8.27  result =  ['BSE:SENSEX26AUG77800PE', 'BSE:SENSEX26AUG77700PE', 'BSE:SENSEX26AUG77600CE', 'BSE:SENSEX26AUG77500CE', 'BSE:SENSEX26AUG77400CE', 'BSE:SENSEX26AUG77300CE', 'BSE:SENSEX26AUG77200CE', 'BSE:SENSEX26AUG77100PE', 'BSE:SENSEX26AUG77000CE']
PCRSUM== 66.71
pcrSummation== 8.27
VOLPCRSUM== 4.2700000000000005
spotLTP =  77257.1  ATM_STRIKE =  77300
IS_ATM_STRIKE_SHIFT = True  mapStrike = {77300: 77300}
avgOiPcrList2 = [np.float64(3.92)] atmStrikeNotShiftedCount= 1
True   1   1
SUPP_RES=== 77500  Buffer= 26
CEoich val =  524080.0  PEoich val =  34320.0 , CE > PE by 93.5%
SUPP_RES TOTAL OI: CE= 1647800  PE= 739100 , CE > PE by 55.1%
IS_MORNING_WINDOW= False  (active 9:15-9:48 IST)
================================================
==== signal check time ==== 2026-08-25 14:06:00.640855
IS_CHOI_DIFF_GT_25PERC== True
RSI_VAL1== 60.85
RSI_VAL2== 60.85
FUT_3m_OHLC O= 77427.0  H= 77431.9  L= 77427.0  C= 77431.9  Range= 4.9
CHART_PATTERN_DETECTED: DOUBLE_BOTTOM_FORMING
  PATTERN_CONTEXT: Body= 4.9  Range= 4.9  ExpectedRange= 65.3  RangeRatio= 0.08  O= 77427.0  H= 77431.9  L= 77427.0  C= 77431.9
newSynthFut =  77400
ATMStrike =  77300
AVG_OIPCR= 0.92
avgoiPCROld=  3.92
SUPP_RES = 77500
FUT LTP = 77431.9
CEchoi  PechOi = 524080.0    34320.0
====================================
totalOIPCR = 0.77
AVG_VOLPCR= 0.47
atmPCR= 0.25  belowATM  0.28
atmVolPCR= 0.29  belowATM  0.46
True   77431.9   77500   False   False   60.85
curr Doji False
BSE:SENSEX26AUG77400PE  curr candle vol pcr = 0.95  PE= 112520  CE= 118300      cpr =  1.05
BSE:SENSEX26AUG77400PE  prev candle vol pcr = 1.11  PE= 165400  CE= 149180      cpr =  0.9
ATM_CE_premium= 246.9  ATM_PE_premium= 254.25
CE_PremChg= 4.35  PE_PremChg= -7.9
CandleBody= 4.9  PrevBody= 0.0  CandleRange= 4.9  Bullish
TotalVol= 230820  PrevTotalVol= 314580  VolSpike= 0.73 x 
SCALP_SCORE: BULL | BullScore= 1  BearScore= 0 | Confidence= LOW
DATAPOINT|14:06|FUT=77431.9|Body=4.9|PrevBody=0.0|Range=4.9|RangeRatio=0.08|CurrVolPCR=0.95|PrevVolPCR=1.11|CurrCPR=1.05|PrevCPR=0.9|VolSpike=0.73|CE_PremChg=4.35|PE_PremChg=-7.9|BullScore=1|BearScore=0|Dir=BULL|Conf=LOW
CHART_PATTERN_DETECTED: DOUBLE_BOTTOM_FORMING
  PATTERN_CONTEXT: Body= 4.9  Range= 4.9  ExpectedRange= 65.3  RangeRatio= 0.08  O= 77427.0  H= 77431.9  L= 77427.0  C= 77431.9
BSE:SENSEX-INDEX  strikecount= 3   fyers <fyers_apiv3.fyersModel.FyersModel object at 0x71aabc52b4d0>
======================================
oipcr1 =  BSE:SENSEX26AUG77600CE   0.28
oipcr2 =  BSE:SENSEX26AUG77500CE   0.45
oipcr3 =  BSE:SENSEX26AUG77400CE   0.47
oipcrBull = NoEntry  bulcount= 0  bearcount= 3 oipcrBear= BearTrade
atmpcr5 pcr6= 0.88    1.56
No Entry Yet
India VIX = 11.23  Spot Price = 77242.99
IV Regime = LOW (ADAPTIVE: P25= 11.31  P50= 11.85  P75= 12.14 ) | DailyRange = 1239.2 | 3minCandleRange = 65.2 (theoretical= 108.7 ) | ATMoptionMove = 29.3 | SL = 103 | Target = 103 | TrailTrigger = 29 | Spread = 300 | Buffer = 26
IV Params refreshed: {'vix': 11.23, 'bn_price': 77242.99, 'regime': 'LOW', 'regime_thresholds': 'P25=11.31 P50=11.85 P75=12.14', 'daily_range': 1239.2, 'candle_range': 65.2, 'atm_option_move': 29.3, 'sl_point': 103, 'target_point': 103, 'sl_pct_of_premium': 0.1, 'trail_trigger': 29, 'spread_width': 300, 'support_resistance_buffer': 26}
BSE:SENSEX-INDEX  strikecount= 8   fyers <fyers_apiv3.fyersModel.FyersModel object at 0x71aabc52b4d0>
===
====after 3 min ochain==== 2026-08-25 14:09:00.000002
                                    oipcr   choipcr   totalOI
pcr1 =  BSE:SENSEX26AUG78000CE   0.19   -0.06 CALL added 637480   PUT unwind -39160  OI= 1580300
pcr2 =  BSE:SENSEX26AUG77900CE   0.15   -0.09 CALL added 168860   PUT unwind -14540  OI= 543400
pcr3 =  BSE:SENSEX26AUG77800PE   0.18   -0.15 CALL added 164320   PUT unwind -24580  OI= 144000
pcr4 =  BSE:SENSEX26AUG77700PE   0.25   -0.09 CALL added 155260   PUT unwind -14740  OI= 266100
pcr5 =  BSE:SENSEX26AUG77600CE   0.28   0.07 CALL added 505080   PUT added 35560  OI= 1192260
pcr6 =  BSE:SENSEX26AUG77500CE   0.45    0.08 CALL added 515960   PUT added 38940  OI= 1639680
pcr7 =  BSE:SENSEX26AUG77400CE   0.47   0.43 CALL added 739840   PUT added 321420  OI= 1274460
pcr8 =  BSE:SENSEX26AUG77300CE   0.9   0.54 CALL added 579340   PUT added 310220  OI= 1005280
pcr9 =  BSE:SENSEX26AUG77200CE   1.56   1.43 CALL added 448340   PUT added 640400  OI= 648680
pcr10 =  BSE:SENSEX26AUG77100PE   2.05   1.65 CALL added 272820   PUT added 449240  OI= 665600
pcr11 =  BSE:SENSEX26AUG77000CE   2.23   2.63 CALL added 162060   PUT added 426300  OI= 444140
pcr12 =  BSE:SENSEX26AUG76900CE   5.29   5.54 CALL added 42960   PUT added 237800  OI= 75840
pcr13 =  BSE:SENSEX26AUG76800PE   11.45   12.35 CALL added 14820   PUT added 182980  OI= 410620
pcr14 =  BSE:SENSEX26AUG76700PE   12.2   10.61 CALL added 8560   PUT added 90780  OI= 274880
pcr15 =  BSE:SENSEX26AUG76600CE   16.52   9.87 CALL added 9060   PUT added 89380  OI= 16000
pcr16 =  BSE:SENSEX26AUG76500CE   13.9   12.07 CALL added 9980   PUT added 120480  OI= 47880
pcr17 =  BSE:SENSEX26AUG76400PE   41.71   33.57 CALL added 2920   PUT added 98020  OI= 241920
pcrSummation= 8.37  result =  ['BSE:SENSEX26AUG77800PE', 'BSE:SENSEX26AUG77700PE', 'BSE:SENSEX26AUG77600CE', 'BSE:SENSEX26AUG77500CE', 'BSE:SENSEX26AUG77400CE', 'BSE:SENSEX26AUG77300CE', 'BSE:SENSEX26AUG77200CE', 'BSE:SENSEX26AUG77100PE', 'BSE:SENSEX26AUG77000CE']
PCRSUM== 109.78
pcrSummation== 8.37
VOLPCRSUM== 5.83
spotLTP =  77242.99  ATM_STRIKE =  77200
IS_ATM_STRIKE_SHIFT = True  mapStrike = {77200: 77200}
avgOiPcrList2 = [np.float64(6.46)] atmStrikeNotShiftedCount= 1
True   1   1
SUPP_RES=== 77500  Buffer= 26
CEoich val =  515960.0  PEoich val =  38940.0 , CE > PE by 92.5%
SUPP_RES TOTAL OI: CE= 1639680  PE= 743720 , CE > PE by 54.6%
IS_MORNING_WINDOW= False  (active 9:15-9:48 IST)
================================================
==== signal check time ==== 2026-08-25 14:09:00.621050
IS_CHOI_DIFF_GT_25PERC== True
RSI_VAL1== 63.56
RSI_VAL2== 63.56
FUT_3m_OHLC O= 77431.9  H= 77450.0  L= 77431.9  C= 77450.0  Range= 18.1
CHART_PATTERN_DETECTED: DOUBLE_BOTTOM_FORMING
  PATTERN_CONTEXT: Body= 18.1  Range= 18.1  ExpectedRange= 65.2  RangeRatio= 0.28  O= 77431.9  H= 77450.0  L= 77431.9  C= 77450.0
newSynthFut =  77400
ATMStrike =  77200
AVG_OIPCR= 0.93
avgoiPCROld=  6.46
SUPP_RES = 77500
FUT LTP = 77450.0
CEchoi  PechOi = 515960.0    38940.0
====================================
totalOIPCR = 0.77
AVG_VOLPCR= 0.65
atmPCR= 0.28  belowATM  0.45
atmVolPCR= 0.46  belowATM  0.68
True   77450.0   77500   False   False   63.56
curr Doji False
BSE:SENSEX26AUG77400PE  curr candle vol pcr = 0.65  PE= 69400  CE= 107120      cpr =  1.54
BSE:SENSEX26AUG77400PE  prev candle vol pcr = 0.95  PE= 112520  CE= 118300      cpr =  1.05
ATM_CE_premium= 252.0  ATM_PE_premium= 248.5
CE_PremChg= 5.1  PE_PremChg= -5.75
CandleBody= 18.1  PrevBody= 4.9  CandleRange= 18.1  Bullish
TotalVol= 176520  PrevTotalVol= 230820  VolSpike= 0.76 x 
SCALP_SCORE: BULL | BullScore= 2  BearScore= 1 | Confidence= LOW
DATAPOINT|14:09|FUT=77450.0|Body=18.1|PrevBody=4.9|Range=18.1|RangeRatio=0.28|CurrVolPCR=0.65|PrevVolPCR=0.95|CurrCPR=1.54|PrevCPR=1.05|VolSpike=0.76|CE_PremChg=5.1|PE_PremChg=-5.75|BullScore=2|BearScore=1|Dir=BULL|Conf=LOW
CHART_PATTERN_DETECTED: DOUBLE_BOTTOM_FORMING
  PATTERN_CONTEXT: Body= 18.1  Range= 18.1  ExpectedRange= 65.2  RangeRatio= 0.28  O= 77431.9  H= 77450.0  L= 77431.9  C= 77450.0
BSE:SENSEX-INDEX  strikecount= 3   fyers <fyers_apiv3.fyersModel.FyersModel object at 0x71aabc52b4d0>
======================================
oipcr1 =  BSE:SENSEX26AUG77500CE   0.45
oipcr2 =  BSE:SENSEX26AUG77400CE   0.47
oipcr3 =  BSE:SENSEX26AUG77300CE   0.9
oipcrBull = NoEntry  bulcount= 0  bearcount= 3 oipcrBear= BearTrade
atmpcr5 pcr6= 1.56    2.05
No Entry Yet
India VIX = 11.22  Spot Price = 77260.41
IV Regime = LOW (ADAPTIVE: P25= 11.31  P50= 11.85  P75= 12.14 ) | DailyRange = 1238.4 | 3minCandleRange = 65.2 (theoretical= 108.6 ) | ATMoptionMove = 29.3 | SL = 103 | Target = 103 | TrailTrigger = 29 | Spread = 300 | Buffer = 26
IV Params refreshed: {'vix': 11.22, 'bn_price': 77260.41, 'regime': 'LOW', 'regime_thresholds': 'P25=11.31 P50=11.85 P75=12.14', 'daily_range': 1238.4, 'candle_range': 65.2, 'atm_option_move': 29.3, 'sl_point': 103, 'target_point': 103, 'sl_pct_of_premium': 0.1, 'trail_trigger': 29, 'spread_width': 300, 'support_resistance_buffer': 26}
BSE:SENSEX-INDEX  strikecount= 8   fyers <fyers_apiv3.fyersModel.FyersModel object at 0x71aabc52b4d0>
===
====after 3 min ochain==== 2026-08-25 14:12:00.000003
                                    oipcr   choipcr   totalOI
pcr1 =  BSE:SENSEX26AUG78100PE   0.1   0.01 CALL added 39980   PUT added 420  OI= 37800
pcr2 =  BSE:SENSEX26AUG78000CE   0.19   -0.06 CALL added 642680   PUT unwind -38340  OI= 1585500
pcr3 =  BSE:SENSEX26AUG77900CE   0.15   -0.09 CALL added 167160   PUT unwind -14760  OI= 541700
pcr4 =  BSE:SENSEX26AUG77800PE   0.18   -0.14 CALL added 161500   PUT unwind -23140  OI= 145440
pcr5 =  BSE:SENSEX26AUG77700PE   0.25   -0.1 CALL added 157820   PUT unwind -15300  OI= 265540
pcr6 =  BSE:SENSEX26AUG77600CE   0.28    0.08 CALL added 492880   PUT added 37060  OI= 1180060
pcr7 =  BSE:SENSEX26AUG77500CE   0.47   0.11 CALL added 506560   PUT added 54960  OI= 1630280
pcr8 =  BSE:SENSEX26AUG77400CE   0.48   0.46 CALL added 730980   PUT added 333760  OI= 1265600
pcr9 =  BSE:SENSEX26AUG77300CE   0.93   0.57 CALL added 569000   PUT added 324740  OI= 994940
pcr10 =  BSE:SENSEX26AUG77200CE   1.6   1.48 CALL added 439100   PUT added 650720  OI= 639440
pcr11 =  BSE:SENSEX26AUG77100PE   2.1   1.69 CALL added 264460   PUT added 446880  OI= 663240
pcr12 =  BSE:SENSEX26AUG77000CE   2.36   3.0 CALL added 157080   PUT added 470980  OI= 439160
pcr13 =  BSE:SENSEX26AUG76900CE   5.4   5.72 CALL added 42980   PUT added 245820  OI= 75860
pcr14 =  BSE:SENSEX26AUG76800PE   11.29   11.94 CALL added 15260   PUT added 182200  OI= 409840
pcr15 =  BSE:SENSEX26AUG76700PE   12.23   10.71 CALL added 8600   PUT added 92140  OI= 276240
pcr16 =  BSE:SENSEX26AUG76600CE   16.59   9.94 CALL added 9000   PUT added 89440  OI= 15940
pcr17 =  BSE:SENSEX26AUG76500CE   13.8   11.51 CALL added 9500   PUT added 109320  OI= 47400
pcrSummation= 8.649999999999999  result =  ['BSE:SENSEX26AUG77800PE', 'BSE:SENSEX26AUG77700PE', 'BSE:SENSEX26AUG77600CE', 'BSE:SENSEX26AUG77500CE', 'BSE:SENSEX26AUG77400CE', 'BSE:SENSEX26AUG77300CE', 'BSE:SENSEX26AUG77200CE', 'BSE:SENSEX26AUG77100PE', 'BSE:SENSEX26AUG77000CE']
PCRSUM== 68.4
pcrSummation== 8.65
VOLPCRSUM== 4.24
spotLTP =  77260.41  ATM_STRIKE =  77300
IS_ATM_STRIKE_SHIFT = True  mapStrike = {77300: 77300}
avgOiPcrList2 = [np.float64(4.02)] atmStrikeNotShiftedCount= 1
True   1   1
SUPP_RES=== 77500  Buffer= 26
CEoich val =  506560.0  PEoich val =  54960.0 , CE > PE by 89.2%
SUPP_RES TOTAL OI: CE= 1630280  PE= 759740 , CE > PE by 53.4%
IS_MORNING_WINDOW= False  (active 9:15-9:48 IST)
================================================
==== signal check time ==== 2026-08-25 14:12:00.595470
IS_CHOI_DIFF_GT_25PERC== True
RSI_VAL1== 53.74
RSI_VAL2== 53.74
FUT_3m_OHLC O= 77450.0  H= 77450.0  L= 77405.6  C= 77405.6  Range= 44.4
CHART_PATTERN_DETECTED: BEARISH_ENGULFING | DOUBLE_TOP_FORMING
  PATTERN_CONTEXT: Body= -44.4  Range= 44.4  ExpectedRange= 65.2  RangeRatio= 0.68  O= 77450.0  H= 77450.0  L= 77405.6  C= 77405.6
newSynthFut =  77400
ATMStrike =  77300
AVG_OIPCR= 0.96
avgoiPCROld=  4.02
SUPP_RES = 77500
FUT LTP = 77405.55
CEchoi  PechOi = 506560.0    54960.0
====================================
totalOIPCR = 0.78
AVG_VOLPCR= 0.47
atmPCR= 0.25  belowATM  0.28
atmVolPCR= 0.29  belowATM  0.45
True   77405.55   77500   False   False   53.74
curr Doji False
BSE:SENSEX26AUG77400PE  curr candle vol pcr = 0.66  PE= 57320  CE= 86340      cpr =  1.51
BSE:SENSEX26AUG77400PE  prev candle vol pcr = 0.65  PE= 69400  CE= 107120      cpr =  1.54
ATM_CE_premium= 260.55  ATM_PE_premium= 238.35
CE_PremChg= 8.55  PE_PremChg= -10.15
CandleBody= -44.4  PrevBody= 18.1  CandleRange= 44.4  Bearish
TotalVol= 143660  PrevTotalVol= 176520  VolSpike= 0.81 x 
SCALP_SCORE: BEAR | BullScore= 0  BearScore= 2 | Confidence= LOW
DATAPOINT|14:12|FUT=77405.6|Body=-44.4|PrevBody=18.1|Range=44.4|RangeRatio=0.68|CurrVolPCR=0.66|PrevVolPCR=0.65|CurrCPR=1.51|PrevCPR=1.54|VolSpike=0.81|CE_PremChg=8.55|PE_PremChg=-10.15|BullScore=0|BearScore=2|Dir=BEAR|Conf=LOW
CHART_PATTERN_DETECTED: BEARISH_ENGULFING | DOUBLE_TOP_FORMING
  PATTERN_CONTEXT: Body= -44.4  Range= 44.4  ExpectedRange= 65.2  RangeRatio= 0.68  O= 77450.0  H= 77450.0  L= 77405.6  C= 77405.6
BSE:SENSEX-INDEX  strikecount= 3   fyers <fyers_apiv3.fyersModel.FyersModel object at 0x71aabc52b4d0>
======================================
oipcr1 =  BSE:SENSEX26AUG77600CE   0.28
oipcr2 =  BSE:SENSEX26AUG77500CE   0.47
oipcr3 =  BSE:SENSEX26AUG77400CE   0.48
oipcrBull = NoEntry  bulcount= 0  bearcount= 3 oipcrBear= BearTrade
atmpcr5 pcr6= 0.93    1.6
No Entry Yet
India VIX = 11.23  Spot Price = 77247.0
IV Regime = LOW (ADAPTIVE: P25= 11.31  P50= 11.85  P75= 12.14 ) | DailyRange = 1239.3 | 3minCandleRange = 65.2 (theoretical= 108.7 ) | ATMoptionMove = 29.3 | SL = 103 | Target = 103 | TrailTrigger = 29 | Spread = 300 | Buffer = 26
IV Params refreshed: {'vix': 11.23, 'bn_price': 77247.0, 'regime': 'LOW', 'regime_thresholds': 'P25=11.31 P50=11.85 P75=12.14', 'daily_range': 1239.3, 'candle_range': 65.2, 'atm_option_move': 29.3, 'sl_point': 103, 'target_point': 103, 'sl_pct_of_premium': 0.1, 'trail_trigger': 29, 'spread_width': 300, 'support_resistance_buffer': 26}
BSE:SENSEX-INDEX  strikecount= 8   fyers <fyers_apiv3.fyersModel.FyersModel object at 0x71aabc52b4d0>
===
====after 3 min ochain==== 2026-08-25 14:15:00.000001
                                    oipcr   choipcr   totalOI
pcr1 =  BSE:SENSEX26AUG78000CE   0.19   -0.06 CALL added 634700   PUT unwind -40140  OI= 1577520
pcr2 =  BSE:SENSEX26AUG77900CE   0.15   -0.09 CALL added 163100   PUT unwind -15180  OI= 537640
pcr3 =  BSE:SENSEX26AUG77800PE   0.19   -0.13 CALL added 165100   PUT unwind -22020  OI= 146560
pcr4 =  BSE:SENSEX26AUG77700PE   0.24   -0.07 CALL added 180640   PUT unwind -13220  OI= 267620
pcr5 =  BSE:SENSEX26AUG77600CE   0.29   0.08 CALL added 467860   PUT added 37980  OI= 1155040
pcr6 =  BSE:SENSEX26AUG77500CE   0.47    0.11 CALL added 510900   PUT added 58560  OI= 1634620
pcr7 =  BSE:SENSEX26AUG77400CE   0.5   0.49 CALL added 729520   PUT added 354820  OI= 1264140
pcr8 =  BSE:SENSEX26AUG77300CE   0.94   0.59 CALL added 567860   PUT added 332860  OI= 993800
pcr9 =  BSE:SENSEX26AUG77200CE   1.6   1.48 CALL added 445660   PUT added 657960  OI= 646000
pcr10 =  BSE:SENSEX26AUG77100PE   2.19   1.77 CALL added 249580   PUT added 441900  OI= 658260
pcr11 =  BSE:SENSEX26AUG77000CE   2.4   3.11 CALL added 154860   PUT added 481500  OI= 436940
pcr12 =  BSE:SENSEX26AUG76900CE   5.55   6.01 CALL added 41220   PUT added 247880  OI= 74100
pcr13 =  BSE:SENSEX26AUG76800PE   11.49   12.45 CALL added 14900   PUT added 185440  OI= 413080
pcr14 =  BSE:SENSEX26AUG76700PE   12.79   12.14 CALL added 8200   PUT added 99580  OI= 283680
pcr15 =  BSE:SENSEX26AUG76600CE   17.63   11.8 CALL added 9020   PUT added 106480  OI= 15960
pcr16 =  BSE:SENSEX26AUG76500CE   13.64   10.75 CALL added 9640   PUT added 103640  OI= 47540
pcr17 =  BSE:SENSEX26AUG76400PE   39.34   29.66 CALL added 3160   PUT added 93740  OI= 237640
pcrSummation= 8.82  result =  ['BSE:SENSEX26AUG77800PE', 'BSE:SENSEX26AUG77700PE', 'BSE:SENSEX26AUG77600CE', 'BSE:SENSEX26AUG77500CE', 'BSE:SENSEX26AUG77400CE', 'BSE:SENSEX26AUG77300CE', 'BSE:SENSEX26AUG77200CE', 'BSE:SENSEX26AUG77100PE', 'BSE:SENSEX26AUG77000CE']
PCRSUM== 109.6
pcrSummation== 8.82
VOLPCRSUM== 5.8100000000000005
spotLTP =  77247.26  ATM_STRIKE =  77200
IS_ATM_STRIKE_SHIFT = True  mapStrike = {77200: 77200}
avgOiPcrList2 = [np.float64(6.45)] atmStrikeNotShiftedCount= 1
True   1   1
SUPP_RES=== 77500  Buffer= 26
CEoich val =  510900.0  PEoich val =  58560.0 , CE > PE by 88.5%
SUPP_RES TOTAL OI: CE= 1634620  PE= 763340 , CE > PE by 53.3%
IS_MORNING_WINDOW= False  (active 9:15-9:48 IST)
================================================
==== signal check time ==== 2026-08-25 14:15:02.040643
IS_CHOI_DIFF_GT_25PERC== True
RSI_VAL1== 53.74
RSI_VAL2== 53.74
FUT_3m_OHLC O= 77405.6  H= 77405.6  L= 77405.6  C= 77405.6  Range= 0.0
CHART_PATTERN_DETECTED: INSIDE_BAR | DOUBLE_TOP_FORMING | DOUBLE_BOTTOM_FORMING
  PATTERN_CONTEXT: Body= 0.0  Range= 0.0  ExpectedRange= 65.2  RangeRatio= 0.0  O= 77405.6  H= 77405.6  L= 77405.6  C= 77405.6
newSynthFut =  77400
ATMStrike =  77200
AVG_OIPCR= 0.98
avgoiPCROld=  6.45
SUPP_RES = 77500
FUT LTP = 77405.55
CEchoi  PechOi = 510900.0    58560.0
====================================
totalOIPCR = 0.78
AVG_VOLPCR= 0.65
atmPCR= 0.29  belowATM  0.47
atmVolPCR= 0.45  belowATM  0.67
True   77405.55   77500   False   False   53.74
curr Doji False
BSE:SENSEX26AUG77400PE  curr candle vol pcr = 0.81  PE= 71400  CE= 87800      cpr =  1.23
BSE:SENSEX26AUG77400PE  prev candle vol pcr = 0.66  PE= 57320  CE= 86340      cpr =  1.51
ATM_CE_premium= 255.3  ATM_PE_premium= 245.7
CE_PremChg= -5.25  PE_PremChg= 7.35
CandleBody= 0.0  PrevBody= -44.4  CandleRange= 0.0  Doji
TotalVol= 159200  PrevTotalVol= 143660  VolSpike= 1.11 x 
SCALP_SCORE: NEUTRAL | BullScore= 0  BearScore= 0 | Confidence= LOW
DATAPOINT|14:15|FUT=77405.6|Body=0.0|PrevBody=-44.4|Range=0.0|RangeRatio=0.0|CurrVolPCR=0.81|PrevVolPCR=0.66|CurrCPR=1.23|PrevCPR=1.51|VolSpike=1.11|CE_PremChg=-5.25|PE_PremChg=7.35|BullScore=0|BearScore=0|Dir=NEUTRAL|Conf=LOW
CHART_PATTERN_DETECTED: INSIDE_BAR | DOUBLE_TOP_FORMING | DOUBLE_BOTTOM_FORMING
  PATTERN_CONTEXT: Body= 0.0  Range= 0.0  ExpectedRange= 65.2  RangeRatio= 0.0  O= 77405.6  H= 77405.6  L= 77405.6  C= 77405.6
BSE:SENSEX-INDEX  strikecount= 3   fyers <fyers_apiv3.fyersModel.FyersModel object at 0x71aabc52b4d0>
======================================
oipcr1 =  BSE:SENSEX26AUG77500CE   0.47
oipcr2 =  BSE:SENSEX26AUG77400CE   0.5
oipcr3 =  BSE:SENSEX26AUG77300CE   0.94
oipcrBull = NoEntry  bulcount= 0  bearcount= 3 oipcrBear= BearTrade
atmpcr5 pcr6= 1.6    2.19
No Entry Yet
India VIX = 11.22  Spot Price = 77241.48
IV Regime = LOW (ADAPTIVE: P25= 11.31  P50= 11.85  P75= 12.14 ) | DailyRange = 1238.1 | 3minCandleRange = 65.2 (theoretical= 108.6 ) | ATMoptionMove = 29.3 | SL = 103 | Target = 103 | TrailTrigger = 29 | Spread = 300 | Buffer = 26
IV Params refreshed: {'vix': 11.22, 'bn_price': 77241.48, 'regime': 'LOW', 'regime_thresholds': 'P25=11.31 P50=11.85 P75=12.14', 'daily_range': 1238.1, 'candle_range': 65.2, 'atm_option_move': 29.3, 'sl_point': 103, 'target_point': 103, 'sl_pct_of_premium': 0.1, 'trail_trigger': 29, 'spread_width': 300, 'support_resistance_buffer': 26}
BSE:SENSEX-INDEX  strikecount= 8   fyers <fyers_apiv3.fyersModel.FyersModel object at 0x71aabc52b4d0>
===
====after 3 min ochain==== 2026-08-25 14:18:00.000003
                                    oipcr   choipcr   totalOI
pcr1 =  BSE:SENSEX26AUG78000CE   0.19   -0.06 CALL added 641760   PUT unwind -39880  OI= 1584580
pcr2 =  BSE:SENSEX26AUG77900CE   0.16   -0.09 CALL added 162620   PUT unwind -14920  OI= 537160
pcr3 =  BSE:SENSEX26AUG77800PE   0.19   -0.13 CALL added 163440   PUT unwind -20900  OI= 147680
pcr4 =  BSE:SENSEX26AUG77700PE   0.25   -0.07 CALL added 172240   PUT unwind -12440  OI= 268400
pcr5 =  BSE:SENSEX26AUG77600CE   0.29   0.09 CALL added 461540   PUT added 40200  OI= 1148720
pcr6 =  BSE:SENSEX26AUG77500CE   0.47    0.12 CALL added 506160   PUT added 59100  OI= 1629880
pcr7 =  BSE:SENSEX26AUG77400CE   0.5   0.49 CALL added 736200   PUT added 364380  OI= 1270820
pcr8 =  BSE:SENSEX26AUG77300CE   0.92   0.57 CALL added 589800   PUT added 338080  OI= 1015740
pcr9 =  BSE:SENSEX26AUG77200CE   1.61   1.49 CALL added 445860   PUT added 663100  OI= 646200
pcr10 =  BSE:SENSEX26AUG77100PE   2.21   1.8 CALL added 248340   PUT added 446960  OI= 663320
pcr11 =  BSE:SENSEX26AUG77000CE   2.41   3.16 CALL added 152240   PUT added 480740  OI= 434320
pcr12 =  BSE:SENSEX26AUG76900CE   5.6   6.1 CALL added 41000   PUT added 250140  OI= 73880
pcr13 =  BSE:SENSEX26AUG76800PE   11.62   12.76 CALL added 14860   PUT added 189560  OI= 417200
pcr14 =  BSE:SENSEX26AUG76700PE   13.01   12.74 CALL added 8100   PUT added 103180  OI= 287280
pcr15 =  BSE:SENSEX26AUG76600CE   18.98   14.19 CALL added 9020   PUT added 128000  OI= 15960
pcr16 =  BSE:SENSEX26AUG76500CE   13.64   10.67 CALL added 9440   PUT added 100760  OI= 47340
pcr17 =  BSE:SENSEX26AUG76400PE   38.8   28.74 CALL added 3200   PUT added 91980  OI= 235880
pcrSummation= 8.850000000000001  result =  ['BSE:SENSEX26AUG77800PE', 'BSE:SENSEX26AUG77700PE', 'BSE:SENSEX26AUG77600CE', 'BSE:SENSEX26AUG77500CE', 'BSE:SENSEX26AUG77400CE', 'BSE:SENSEX26AUG77300CE', 'BSE:SENSEX26AUG77200CE', 'BSE:SENSEX26AUG77100PE', 'BSE:SENSEX26AUG77000CE']
PCRSUM== 110.85
pcrSummation== 8.85
VOLPCRSUM== 5.800000000000001
spotLTP =  77241.48  ATM_STRIKE =  77200
IS_ATM_STRIKE_SHIFT = False  mapStrike = {77200: 77200}
avgOiPcrList2 = [np.float64(6.45), np.float64(6.52)] atmStrikeNotShiftedCount= 2
False   2   2
SUPP_RES=== 77500  Buffer= 26
CEoich val =  506160.0  PEoich val =  59100.0 , CE > PE by 88.3%
SUPP_RES TOTAL OI: CE= 1629880  PE= 763880 , CE > PE by 53.1%
IS_MORNING_WINDOW= False  (active 9:15-9:48 IST)
================================================
==== signal check time ==== 2026-08-25 14:18:00.638599
IS_CHOI_DIFF_GT_25PERC== True
RSI_VAL1== 53.74
RSI_VAL2== 53.74
FUT_3m_OHLC O= 77405.6  H= 77405.6  L= 77405.6  C= 77405.6  Range= 0.0
CHART_PATTERN_DETECTED: INSIDE_BAR | DOUBLE_BOTTOM_FORMING
  PATTERN_CONTEXT: Body= 0.0  Range= 0.0  ExpectedRange= 65.2  RangeRatio= 0.0  O= 77405.6  H= 77405.6  L= 77405.6  C= 77405.6
newSynthFut =  77400
ATMStrike =  77200
AVG_OIPCR= 0.98
avgoiPCROld=  6.52
SUPP_RES = 77500
FUT LTP = 77405.55
CEchoi  PechOi = 506160.0    59100.0
====================================
totalOIPCR = 0.78
AVG_VOLPCR= 0.64
atmPCR= 0.29  belowATM  0.47
atmVolPCR= 0.45  belowATM  0.67
True   77405.55   77500   False   False   53.74
curr Doji False
BSE:SENSEX26AUG77400PE  curr candle vol pcr = 0.88  PE= 46360  CE= 52460      cpr =  1.13
BSE:SENSEX26AUG77400PE  prev candle vol pcr = 0.81  PE= 71400  CE= 87800      cpr =  1.23
ATM_CE_premium= 253.65  ATM_PE_premium= 247.0
CE_PremChg= -1.65  PE_PremChg= 1.3
CandleBody= 0.0  PrevBody= 0.0  CandleRange= 0.0  Doji
TotalVol= 98820  PrevTotalVol= 159200  VolSpike= 0.62 x 
SCALP_SCORE: NEUTRAL | BullScore= 0  BearScore= 0 | Confidence= LOW
DATAPOINT|14:18|FUT=77405.6|Body=0.0|PrevBody=0.0|Range=0.0|RangeRatio=0.0|CurrVolPCR=0.88|PrevVolPCR=0.81|CurrCPR=1.13|PrevCPR=1.23|VolSpike=0.62|CE_PremChg=-1.65|PE_PremChg=1.3|BullScore=0|BearScore=0|Dir=NEUTRAL|Conf=LOW
CHART_PATTERN_DETECTED: INSIDE_BAR | DOUBLE_BOTTOM_FORMING
  PATTERN_CONTEXT: Body= 0.0  Range= 0.0  ExpectedRange= 65.2  RangeRatio= 0.0  O= 77405.6  H= 77405.6  L= 77405.6  C= 77405.6
BSE:SENSEX-INDEX  strikecount= 3   fyers <fyers_apiv3.fyersModel.FyersModel object at 0x71aabc52b4d0>
======================================
oipcr1 =  BSE:SENSEX26AUG77500CE   0.47
oipcr2 =  BSE:SENSEX26AUG77400CE   0.5
oipcr3 =  BSE:SENSEX26AUG77300CE   0.92
oipcrBull = NoEntry  bulcount= 0  bearcount= 3 oipcrBear= BearTrade
atmpcr5 pcr6= 1.61    2.21
No Entry Yet
India VIX = 11.24  Spot Price = 77272.6
IV Regime = LOW (ADAPTIVE: P25= 11.31  P50= 11.85  P75= 12.14 ) | DailyRange = 1240.8 | 3minCandleRange = 65.3 (theoretical= 108.8 ) | ATMoptionMove = 29.4 | SL = 103 | Target = 103 | TrailTrigger = 29 | Spread = 300 | Buffer = 26
IV Params refreshed: {'vix': 11.24, 'bn_price': 77272.6, 'regime': 'LOW', 'regime_thresholds': 'P25=11.31 P50=11.85 P75=12.14', 'daily_range': 1240.8, 'candle_range': 65.3, 'atm_option_move': 29.4, 'sl_point': 103, 'target_point': 103, 'sl_pct_of_premium': 0.1, 'trail_trigger': 29, 'spread_width': 300, 'support_resistance_buffer': 26}
BSE:SENSEX-INDEX  strikecount= 8   fyers <fyers_apiv3.fyersModel.FyersModel object at 0x71aabc52b4d0>
===
====after 3 min ochain==== 2026-08-25 14:21:00.000003
                                    oipcr   choipcr   totalOI
pcr1 =  BSE:SENSEX26AUG78100PE   0.1   0.02 CALL added 40900   PUT added 800  OI= 38180
pcr2 =  BSE:SENSEX26AUG78000CE   0.19   -0.06 CALL added 645720   PUT unwind -40300  OI= 1588540
pcr3 =  BSE:SENSEX26AUG77900CE   0.16   -0.09 CALL added 164660   PUT unwind -14700  OI= 539200
pcr4 =  BSE:SENSEX26AUG77800PE   0.19   -0.12 CALL added 166980   PUT unwind -20740  OI= 147840
pcr5 =  BSE:SENSEX26AUG77700PE   0.25   -0.08 CALL added 154540   PUT unwind -11660  OI= 269180
pcr6 =  BSE:SENSEX26AUG77600CE   0.29    0.08 CALL added 465900   PUT added 36000  OI= 1153080
pcr7 =  BSE:SENSEX26AUG77500CE   0.47   0.12 CALL added 505720   PUT added 58560  OI= 1629440
pcr8 =  BSE:SENSEX26AUG77400CE   0.51   0.5 CALL added 736880   PUT added 366440  OI= 1271500
pcr9 =  BSE:SENSEX26AUG77300CE   0.94   0.6 CALL added 584680   PUT added 350580  OI= 1010620
pcr10 =  BSE:SENSEX26AUG77200CE   1.62   1.51 CALL added 444120   PUT added 668900  OI= 644460
pcr11 =  BSE:SENSEX26AUG77100PE   2.24   1.82 CALL added 246600   PUT added 450000  OI= 666360
pcr12 =  BSE:SENSEX26AUG77000CE   2.41   3.15 CALL added 151360   PUT added 476620  OI= 433440
pcr13 =  BSE:SENSEX26AUG76900CE   5.48   5.88 CALL added 41800   PUT added 245960  OI= 74680
pcr14 =  BSE:SENSEX26AUG76800PE   12.06   13.95 CALL added 13700   PUT added 191160  OI= 418800
pcr15 =  BSE:SENSEX26AUG76700PE   13.25   13.39 CALL added 8000   PUT added 107120  OI= 291220
pcr16 =  BSE:SENSEX26AUG76600CE   19.05   14.35 CALL added 9100   PUT added 130560  OI= 16040
pcr17 =  BSE:SENSEX26AUG76500CE   13.58   10.41 CALL added 9580   PUT added 99720  OI= 47480
pcrSummation= 6.67  result =  ['BSE:SENSEX26AUG77900CE', 'BSE:SENSEX26AUG77800PE', 'BSE:SENSEX26AUG77700PE', 'BSE:SENSEX26AUG77600CE', 'BSE:SENSEX26AUG77500CE', 'BSE:SENSEX26AUG77400CE', 'BSE:SENSEX26AUG77300CE', 'BSE:SENSEX26AUG77200CE', 'BSE:SENSEX26AUG77100PE']
PCRSUM== 72.79
pcrSummation== 6.67
VOLPCRSUM== 4.21
spotLTP =  77272.6  ATM_STRIKE =  77300
IS_ATM_STRIKE_SHIFT = True  mapStrike = {77300: 77300}
avgOiPcrList2 = [np.float64(4.28)] atmStrikeNotShiftedCount= 1
True   1   1
SUPP_RES=== 77500  Buffer= 26
CEoich val =  505720.0  PEoich val =  58560.0 , CE > PE by 88.4%
SUPP_RES TOTAL OI: CE= 1629440  PE= 763340 , CE > PE by 53.2%
IS_MORNING_WINDOW= False  (active 9:15-9:48 IST)
================================================
==== signal check time ==== 2026-08-25 14:21:00.607171
IS_CHOI_DIFF_GT_25PERC== True
RSI_VAL1== 62.47
RSI_VAL2== 62.47
FUT_3m_OHLC O= 77410.0  H= 77459.2  L= 77410.0  C= 77459.2  Range= 49.1
CHART_PATTERN_DETECTED: DOUBLE_TOP_FORMING | DOUBLE_BOTTOM_FORMING
  PATTERN_CONTEXT: Body= 49.1  Range= 49.1  ExpectedRange= 65.3  RangeRatio= 0.75  O= 77410.0  H= 77459.2  L= 77410.0  C= 77459.2
newSynthFut =  77500
ATMStrike =  77300
AVG_OIPCR= 0.74
avgoiPCROld=  4.28
SUPP_RES = 77500
FUT LTP = 77459.15
CEchoi  PechOi = 505720.0    58560.0
====================================
totalOIPCR = 0.78
AVG_VOLPCR= 0.47
atmPCR= 0.25  belowATM  0.29
atmVolPCR= 0.29  belowATM  0.45
True   77459.15   77500   False   False   62.47
curr Doji False
BSE:SENSEX26AUG77400PE  curr candle vol pcr = 0.6  PE= 57480  CE= 95980      cpr =  1.67
BSE:SENSEX26AUG77400PE  prev candle vol pcr = 0.88  PE= 46360  CE= 52460      cpr =  1.13
ATM_CE_premium= 273.65  ATM_PE_premium= 230.55
CE_PremChg= 20.0  PE_PremChg= -16.45
CandleBody= 49.1  PrevBody= 0.0  CandleRange= 49.1  Bullish
TotalVol= 153460  PrevTotalVol= 98820  VolSpike= 1.55 x 
SCALP_SCORE: NEUTRAL | BullScore= 2  BearScore= 2 | Confidence= LOW
DATAPOINT|14:21|FUT=77459.2|Body=49.1|PrevBody=0.0|Range=49.1|RangeRatio=0.75|CurrVolPCR=0.6|PrevVolPCR=0.88|CurrCPR=1.67|PrevCPR=1.13|VolSpike=1.55|CE_PremChg=20.0|PE_PremChg=-16.45|BullScore=2|BearScore=2|Dir=NEUTRAL|Conf=LOW
CHART_PATTERN_DETECTED: DOUBLE_TOP_FORMING | DOUBLE_BOTTOM_FORMING
  PATTERN_CONTEXT: Body= 49.1  Range= 49.1  ExpectedRange= 65.3  RangeRatio= 0.75  O= 77410.0  H= 77459.2  L= 77410.0  C= 77459.2
BSE:SENSEX-INDEX  strikecount= 3   fyers <fyers_apiv3.fyersModel.FyersModel object at 0x71aabc52b4d0>
======================================
oipcr1 =  BSE:SENSEX26AUG77600CE   0.29
oipcr2 =  BSE:SENSEX26AUG77500CE   0.47
oipcr3 =  BSE:SENSEX26AUG77400CE   0.51
oipcrBull = NoEntry  bulcount= 0  bearcount= 3 oipcrBear= BearTrade
atmpcr5 pcr6= 0.94    1.62
No Entry Yet
India VIX = 11.26  Spot Price = 77284.32
IV Regime = LOW (ADAPTIVE: P25= 11.31  P50= 11.85  P75= 12.14 ) | DailyRange = 1243.2 | 3minCandleRange = 65.4 (theoretical= 109.0 ) | ATMoptionMove = 29.4 | SL = 103 | Target = 103 | TrailTrigger = 29 | Spread = 300 | Buffer = 26
IV Params refreshed: {'vix': 11.26, 'bn_price': 77284.32, 'regime': 'LOW', 'regime_thresholds': 'P25=11.31 P50=11.85 P75=12.14', 'daily_range': 1243.2, 'candle_range': 65.4, 'atm_option_move': 29.4, 'sl_point': 103, 'target_point': 103, 'sl_pct_of_premium': 0.1, 'trail_trigger': 29, 'spread_width': 300, 'support_resistance_buffer': 26}
BSE:SENSEX-INDEX  strikecount= 8   fyers <fyers_apiv3.fyersModel.FyersModel object at 0x71aabc52b4d0>
===
====after 3 min ochain==== 2026-08-25 14:24:00.000002
                                    oipcr   choipcr   totalOI
pcr1 =  BSE:SENSEX26AUG78100PE   0.1   0.03 CALL added 40660   PUT added 1060  OI= 38440
pcr2 =  BSE:SENSEX26AUG78000CE   0.19   -0.06 CALL added 647500   PUT unwind -40000  OI= 1590320
pcr3 =  BSE:SENSEX26AUG77900CE   0.16   -0.09 CALL added 164380   PUT unwind -14720  OI= 538920
pcr4 =  BSE:SENSEX26AUG77800PE   0.19   -0.12 CALL added 161320   PUT unwind -19060  OI= 149520
pcr5 =  BSE:SENSEX26AUG77700PE   0.25   -0.06 CALL added 160480   PUT unwind -10240  OI= 270600
pcr6 =  BSE:SENSEX26AUG77600CE   0.29    0.08 CALL added 468380   PUT added 36620  OI= 1155560
pcr7 =  BSE:SENSEX26AUG77500CE   0.47   0.12 CALL added 501100   PUT added 61840  OI= 1624820
pcr8 =  BSE:SENSEX26AUG77400CE   0.51   0.51 CALL added 715160   PUT added 363780  OI= 1249780
pcr9 =  BSE:SENSEX26AUG77300CE   0.96   0.63 CALL added 578200   PUT added 363500  OI= 1004140
pcr10 =  BSE:SENSEX26AUG77200CE   1.65   1.55 CALL added 443780   PUT added 687880  OI= 644120
pcr11 =  BSE:SENSEX26AUG77100PE   2.24   1.83 CALL added 248300   PUT added 453640  OI= 670000
pcr12 =  BSE:SENSEX26AUG77000CE   2.43   3.2 CALL added 156100   PUT added 500240  OI= 438180
pcr13 =  BSE:SENSEX26AUG76900CE   5.5   5.92 CALL added 41040   PUT added 242920  OI= 73920
pcr14 =  BSE:SENSEX26AUG76800PE   12.03   13.86 CALL added 13840   PUT added 191820  OI= 419460
pcr15 =  BSE:SENSEX26AUG76700PE   13.41   13.85 CALL added 7780   PUT added 107720  OI= 291820
pcr16 =  BSE:SENSEX26AUG76600CE   19.02   14.34 CALL added 9160   PUT added 131340  OI= 16100
pcr17 =  BSE:SENSEX26AUG76500CE   13.77   11.18 CALL added 8960   PUT added 100180  OI= 46860
pcrSummation= 6.720000000000001  result =  ['BSE:SENSEX26AUG77900CE', 'BSE:SENSEX26AUG77800PE', 'BSE:SENSEX26AUG77700PE', 'BSE:SENSEX26AUG77600CE', 'BSE:SENSEX26AUG77500CE', 'BSE:SENSEX26AUG77400CE', 'BSE:SENSEX26AUG77300CE', 'BSE:SENSEX26AUG77200CE', 'BSE:SENSEX26AUG77100PE']
PCRSUM== 73.17
pcrSummation== 6.72
VOLPCRSUM== 4.2
spotLTP =  77282.76  ATM_STRIKE =  77300
IS_ATM_STRIKE_SHIFT = False  mapStrike = {77300: 77300}
avgOiPcrList2 = [np.float64(4.28), np.float64(4.3)] atmStrikeNotShiftedCount= 2
False   2   2
SUPP_RES=== 77500  Buffer= 26
CEoich val =  501100.0  PEoich val =  61840.0 , CE > PE by 87.7%
SUPP_RES TOTAL OI: CE= 1624820  PE= 766620 , CE > PE by 52.8%
IS_MORNING_WINDOW= False  (active 9:15-9:48 IST)
================================================
==== signal check time ==== 2026-08-25 14:24:00.608451
IS_CHOI_DIFF_GT_25PERC== True
RSI_VAL1== 60.88
RSI_VAL2== 60.88
FUT_3m_OHLC O= 77459.2  H= 77459.2  L= 77436.2  C= 77452.2  Range= 22.9
CHART_PATTERN_DETECTED: HAMMER | INSIDE_BAR | DOUBLE_TOP_FORMING | DOUBLE_BOTTOM_FORMING
  PATTERN_CONTEXT: Body= -6.9  Range= 22.9  ExpectedRange= 65.4  RangeRatio= 0.35  O= 77459.2  H= 77459.2  L= 77436.2  C= 77452.2
newSynthFut =  77500
ATMStrike =  77300
AVG_OIPCR= 0.75
avgoiPCROld=  4.3
SUPP_RES = 77500
FUT LTP = 77452.25
CEchoi  PechOi = 501100.0    61840.0
====================================
totalOIPCR = 0.79
AVG_VOLPCR= 0.47
atmPCR= 0.25  belowATM  0.29
atmVolPCR= 0.29  belowATM  0.45
True   77452.25   77500   False   False   60.88
curr Doji False
BSE:SENSEX26AUG77400PE  curr candle vol pcr = 0.76  PE= 141400  CE= 187180      cpr =  1.32
BSE:SENSEX26AUG77400PE  prev candle vol pcr = 0.6  PE= 57480  CE= 95980      cpr =  1.67
ATM_CE_premium= 277.25  ATM_PE_premium= 224.65
CE_PremChg= 3.6  PE_PremChg= -5.9
CandleBody= -6.9  PrevBody= 49.1  CandleRange= 22.9  Bearish
TotalVol= 328580  PrevTotalVol= 153460  VolSpike= 2.14 x  SPIKE!
SCALP_SCORE: BEAR | BullScore= 0  BearScore= 1 | Confidence= LOW
DATAPOINT|14:24|FUT=77452.2|Body=-6.9|PrevBody=49.1|Range=22.9|RangeRatio=0.35|CurrVolPCR=0.76|PrevVolPCR=0.6|CurrCPR=1.32|PrevCPR=1.67|VolSpike=2.14|CE_PremChg=3.6|PE_PremChg=-5.9|BullScore=0|BearScore=1|Dir=BEAR|Conf=LOW
CHART_PATTERN_DETECTED: HAMMER | INSIDE_BAR | DOUBLE_TOP_FORMING | DOUBLE_BOTTOM_FORMING
  PATTERN_CONTEXT: Body= -6.9  Range= 22.9  ExpectedRange= 65.4  RangeRatio= 0.35  O= 77459.2  H= 77459.2  L= 77436.2  C= 77452.2
BSE:SENSEX-INDEX  strikecount= 3   fyers <fyers_apiv3.fyersModel.FyersModel object at 0x71aabc52b4d0>
======================================
oipcr1 =  BSE:SENSEX26AUG77600CE   0.29
oipcr2 =  BSE:SENSEX26AUG77500CE   0.47
oipcr3 =  BSE:SENSEX26AUG77400CE   0.51
oipcrBull = NoEntry  bulcount= 0  bearcount= 3 oipcrBear= BearTrade
atmpcr5 pcr6= 0.96    1.65
No Entry Yet
India VIX = 11.23  Spot Price = 77279.01
IV Regime = LOW (ADAPTIVE: P25= 11.31  P50= 11.85  P75= 12.14 ) | DailyRange = 1239.8 | 3minCandleRange = 65.2 (theoretical= 108.7 ) | ATMoptionMove = 29.4 | SL = 103 | Target = 103 | TrailTrigger = 29 | Spread = 300 | Buffer = 26
IV Params refreshed: {'vix': 11.23, 'bn_price': 77279.01, 'regime': 'LOW', 'regime_thresholds': 'P25=11.31 P50=11.85 P75=12.14', 'daily_range': 1239.8, 'candle_range': 65.2, 'atm_option_move': 29.4, 'sl_point': 103, 'target_point': 103, 'sl_pct_of_premium': 0.1, 'trail_trigger': 29, 'spread_width': 300, 'support_resistance_buffer': 26}
BSE:SENSEX-INDEX  strikecount= 8   fyers <fyers_apiv3.fyersModel.FyersModel object at 0x71aabc52b4d0>
===
====after 3 min ochain==== 2026-08-25 14:27:00.000002
                                    oipcr   choipcr   totalOI
pcr1 =  BSE:SENSEX26AUG78100PE   0.1   0.02 CALL added 36140   PUT added 700  OI= 38080
pcr2 =  BSE:SENSEX26AUG78000CE   0.19   -0.06 CALL added 622020   PUT unwind -39000  OI= 1564840
pcr3 =  BSE:SENSEX26AUG77900CE   0.16   -0.09 CALL added 157860   PUT unwind -14880  OI= 532400
pcr4 =  BSE:SENSEX26AUG77800PE   0.2   -0.11 CALL added 149620   PUT unwind -16540  OI= 152040
pcr5 =  BSE:SENSEX26AUG77700PE   0.25   -0.1 CALL added 151600   PUT unwind -14720  OI= 266120
pcr6 =  BSE:SENSEX26AUG77600CE   0.31    0.12 CALL added 457440   PUT added 56060  OI= 1144620
pcr7 =  BSE:SENSEX26AUG77500CE   0.49   0.16 CALL added 451520   PUT added 73900  OI= 1575240
pcr8 =  BSE:SENSEX26AUG77400CE   0.53   0.54 CALL added 710020   PUT added 382200  OI= 1244640
pcr9 =  BSE:SENSEX26AUG77300CE   1.02   0.72 CALL added 551780   PUT added 395760  OI= 977720
pcr10 =  BSE:SENSEX26AUG77200CE   1.77   1.72 CALL added 413640   PUT added 711920  OI= 613980
pcr11 =  BSE:SENSEX26AUG77100PE   2.32   1.91 CALL added 232140   PUT added 442540  OI= 658900
pcr12 =  BSE:SENSEX26AUG77000CE   2.56   3.64 CALL added 144560   PUT added 526100  OI= 426640
pcr13 =  BSE:SENSEX26AUG76900CE   5.56   6.03 CALL added 41680   PUT added 251280  OI= 74560
pcr14 =  BSE:SENSEX26AUG76800PE   11.94   13.88 CALL added 12220   PUT added 169600  OI= 397240
pcr15 =  BSE:SENSEX26AUG76700PE   14.26   16.32 CALL added 7360   PUT added 120120  OI= 304220
pcr16 =  BSE:SENSEX26AUG76600CE   21.67   19.04 CALL added 9360   PUT added 178240  OI= 16300
pcr17 =  BSE:SENSEX26AUG76500CE   14.28   13.85 CALL added 8320   PUT added 115200  OI= 46220
pcrSummation= 7.050000000000001  result =  ['BSE:SENSEX26AUG77900CE', 'BSE:SENSEX26AUG77800PE', 'BSE:SENSEX26AUG77700PE', 'BSE:SENSEX26AUG77600CE', 'BSE:SENSEX26AUG77500CE', 'BSE:SENSEX26AUG77400CE', 'BSE:SENSEX26AUG77300CE', 'BSE:SENSEX26AUG77200CE', 'BSE:SENSEX26AUG77100PE']
PCRSUM== 77.61
pcrSummation== 7.05
VOLPCRSUM== 4.19
spotLTP =  77281.44  ATM_STRIKE =  77300
IS_ATM_STRIKE_SHIFT = False  mapStrike = {77300: 77300}
avgOiPcrList2 = [np.float64(4.28), np.float64(4.3), np.float64(4.57)] atmStrikeNotShiftedCount= 3
False   3   3
SUPP_RES=== 77500  Buffer= 26
CEoich val =  451520.0  PEoich val =  73900.0 , CE > PE by 83.6%
SUPP_RES TOTAL OI: CE= 1575240  PE= 778680 , CE > PE by 50.6%
IS_MORNING_WINDOW= False  (active 9:15-9:48 IST)
================================================
==== signal check time ==== 2026-08-25 14:27:00.629458
IS_CHOI_DIFF_GT_25PERC== True
RSI_VAL1== 65.47
RSI_VAL2== 65.47
FUT_3m_OHLC O= 77452.2  H= 77485.7  L= 77452.2  C= 77485.7  Range= 33.4
CHART_PATTERN_DETECTED: BULLISH_ENGULFING
  PATTERN_CONTEXT: Body= 33.4  Range= 33.4  ExpectedRange= 65.2  RangeRatio= 0.51  O= 77452.2  H= 77485.7  L= 77452.2  C= 77485.7
isPcrInc = True
newSynthFut =  77500
ATMStrike =  77300
AVG_OIPCR= 0.78
avgoiPCROld=  4.57
SUPP_RES = 77500
FUT LTP = 77485.7
CEchoi  PechOi = 451520.0    73900.0
====================================
totalOIPCR = 0.8
AVG_VOLPCR= 0.47
atmPCR= 0.25  belowATM  0.31
atmVolPCR= 0.29  belowATM  0.45
True   77485.7   77500   True   False   65.47
no trade yet = [np.float64(4.28), np.float64(4.3), np.float64(4.57)]
curr Doji False
BSE:SENSEX26AUG77400PE  curr candle vol pcr = 0.7  PE= 78780  CE= 112900      cpr =  1.43
BSE:SENSEX26AUG77400PE  prev candle vol pcr = 0.76  PE= 141400  CE= 187180      cpr =  1.32
ATM_CE_premium= 278.4  ATM_PE_premium= 223.55
CE_PremChg= 1.15  PE_PremChg= -1.1
CandleBody= 33.4  PrevBody= -6.9  CandleRange= 33.4  Bullish
TotalVol= 191680  PrevTotalVol= 328580  VolSpike= 0.58 x 
SCALP_SCORE: BULL | BullScore= 1  BearScore= 0 | Confidence= LOW
DATAPOINT|14:27|FUT=77485.7|Body=33.4|PrevBody=-6.9|Range=33.4|RangeRatio=0.51|CurrVolPCR=0.7|PrevVolPCR=0.76|CurrCPR=1.43|PrevCPR=1.32|VolSpike=0.58|CE_PremChg=1.15|PE_PremChg=-1.1|BullScore=1|BearScore=0|Dir=BULL|Conf=LOW
CHART_PATTERN_DETECTED: BULLISH_ENGULFING
  PATTERN_CONTEXT: Body= 33.4  Range= 33.4  ExpectedRange= 65.2  RangeRatio= 0.51  O= 77452.2  H= 77485.7  L= 77452.2  C= 77485.7
BSE:SENSEX-INDEX  strikecount= 3   fyers <fyers_apiv3.fyersModel.FyersModel object at 0x71aabc52b4d0>
======================================
oipcr1 =  BSE:SENSEX26AUG77600CE   0.31
oipcr2 =  BSE:SENSEX26AUG77500CE   0.49
oipcr3 =  BSE:SENSEX26AUG77400CE   0.53
oipcrBull = NoEntry  bulcount= 0  bearcount= 3 oipcrBear= BearTrade
atmpcr5 pcr6= 1.02    1.77
No Entry Yet
India VIX = 11.18  Spot Price = 77327.33
IV Regime = LOW (ADAPTIVE: P25= 11.31  P50= 11.85  P75= 12.14 ) | DailyRange = 1235.0 | 3minCandleRange = 65.0 (theoretical= 108.3 ) | ATMoptionMove = 29.2 | SL = 102 | Target = 102 | TrailTrigger = 29 | Spread = 300 | Buffer = 26
IV Params refreshed: {'vix': 11.18, 'bn_price': 77327.33, 'regime': 'LOW', 'regime_thresholds': 'P25=11.31 P50=11.85 P75=12.14', 'daily_range': 1235.0, 'candle_range': 65.0, 'atm_option_move': 29.2, 'sl_point': 102, 'target_point': 102, 'sl_pct_of_premium': 0.1, 'trail_trigger': 29, 'spread_width': 300, 'support_resistance_buffer': 26}
BSE:SENSEX-INDEX  strikecount= 8   fyers <fyers_apiv3.fyersModel.FyersModel object at 0x71aabc52b4d0>
===
====after 3 min ochain==== 2026-08-25 14:30:00.000003
                                    oipcr   choipcr   totalOI
pcr1 =  BSE:SENSEX26AUG78100PE   0.1   0.02 CALL added 37020   PUT added 580  OI= 37960
pcr2 =  BSE:SENSEX26AUG78000CE   0.19   -0.07 CALL added 605720   PUT unwind -42920  OI= 1548540
pcr3 =  BSE:SENSEX26AUG77900CE   0.17   -0.09 CALL added 136000   PUT unwind -12740  OI= 510540
pcr4 =  BSE:SENSEX26AUG77800PE   0.21   -0.09 CALL added 136280   PUT unwind -11620  OI= 156960
pcr5 =  BSE:SENSEX26AUG77700PE   0.24   -0.18 CALL added 133540   PUT unwind -24200  OI= 256640
pcr6 =  BSE:SENSEX26AUG77600CE   0.32    0.15 CALL added 450780   PUT added 69240  OI= 1137960
pcr7 =  BSE:SENSEX26AUG77500CE   0.54   0.28 CALL added 381540   PUT added 105280  OI= 1505260
pcr8 =  BSE:SENSEX26AUG77400CE   0.56   0.59 CALL added 654980   PUT added 388500  OI= 1189600
pcr9 =  BSE:SENSEX26AUG77300CE   1.14   0.91 CALL added 500620   PUT added 454640  OI= 926560
pcr10 =  BSE:SENSEX26AUG77200CE   2.06   2.16 CALL added 360840   PUT added 780600  OI= 561180
pcr11 =  BSE:SENSEX26AUG77100PE   2.3   1.88 CALL added 232180   PUT added 437060  OI= 653420
pcr12 =  BSE:SENSEX26AUG77000CE   2.69   4.17 CALL added 130620   PUT added 544620  OI= 412700
pcr13 =  BSE:SENSEX26AUG76900CE   5.87   6.67 CALL added 36740   PUT added 245200  OI= 69620
pcr14 =  BSE:SENSEX26AUG76800PE   11.81   13.59 CALL added 11780   PUT added 160100  OI= 387740
pcr15 =  BSE:SENSEX26AUG76700PE   14.55   17.35 CALL added 6940   PUT added 120380  OI= 304480
pcr16 =  BSE:SENSEX26AUG76600CE   22.62   20.74 CALL added 9520   PUT added 197460  OI= 16460
pcr17 =  BSE:SENSEX26AUG76500CE   14.4   14.49 CALL added 7160   PUT added 103740  OI= 45060
pcrSummation= 7.54  result =  ['BSE:SENSEX26AUG77900CE', 'BSE:SENSEX26AUG77800PE', 'BSE:SENSEX26AUG77700PE', 'BSE:SENSEX26AUG77600CE', 'BSE:SENSEX26AUG77500CE', 'BSE:SENSEX26AUG77400CE', 'BSE:SENSEX26AUG77300CE', 'BSE:SENSEX26AUG77200CE', 'BSE:SENSEX26AUG77100PE']
PCRSUM== 79.77
pcrSummation== 7.54
VOLPCRSUM== 4.17
spotLTP =  77327.33  ATM_STRIKE =  77300
IS_ATM_STRIKE_SHIFT = False  mapStrike = {77300: 77300}
avgOiPcrList2 = [np.float64(4.3), np.float64(4.57), np.float64(4.69)] atmStrikeNotShiftedCount= 4
False   4   3
SUPP_RES=== 77500  Buffer= 26
CEoich val =  381540.0  PEoich val =  105280.0 , CE > PE by 72.4%
SUPP_RES TOTAL OI: CE= 1505260  PE= 810060 , CE > PE by 46.2%
IS_MORNING_WINDOW= False  (active 9:15-9:48 IST)
================================================
==== signal check time ==== 2026-08-25 14:30:00.726539
IS_CHOI_DIFF_GT_25PERC== True
RSI_VAL1== 67.25
RSI_VAL2== 67.25
FUT_3m_OHLC O= 77485.7  H= 77500.0  L= 77485.7  C= 77500.0  Range= 14.3
CHART_PATTERN_DETECTED: DOUBLE_TOP_FORMING
  PATTERN_CONTEXT: Body= 14.3  Range= 14.3  ExpectedRange= 65.0  RangeRatio= 0.22  O= 77485.7  H= 77500.0  L= 77485.7  C= 77500.0
isPcrInc = True
newSynthFut =  77500
ATMStrike =  77300
AVG_OIPCR= 0.84
avgoiPCROld=  4.69
SUPP_RES = 77500
FUT LTP = 77500.0
CEchoi  PechOi = 381540.0    105280.0
====================================
totalOIPCR = 0.83
AVG_VOLPCR= 0.46
atmPCR= 0.24  belowATM  0.32
atmVolPCR= 0.29  belowATM  0.44
True   77500.0   77500   True   False   67.25
no trade yet = [np.float64(4.3), np.float64(4.57), np.float64(4.69)]
curr Doji False
BSE:SENSEX26AUG77400PE  curr candle vol pcr = 0.75  PE= 237820  CE= 317500      cpr =  1.34
BSE:SENSEX26AUG77400PE  prev candle vol pcr = 0.7  PE= 78780  CE= 112900      cpr =  1.43
ATM_CE_premium= 311.6  ATM_PE_premium= 194.55
CE_PremChg= 33.2  PE_PremChg= -29.0
CandleBody= 14.3  PrevBody= 33.4  CandleRange= 14.3  Bullish
TotalVol= 555320  PrevTotalVol= 191680  VolSpike= 2.9 x  SPIKE!
SCALP_SCORE: BULL | BullScore= 3  BearScore= 1 | Confidence= MEDIUM
  SCALP_BULL_REASONS: StrongBullCandle(100%) + 2ConsecBullCandles + VolSpike(2.9x)_bull
DATAPOINT|14:30|FUT=77500.0|Body=14.3|PrevBody=33.4|Range=14.3|RangeRatio=0.22|CurrVolPCR=0.75|PrevVolPCR=0.7|CurrCPR=1.34|PrevCPR=1.43|VolSpike=2.9|CE_PremChg=33.2|PE_PremChg=-29.0|BullScore=3|BearScore=1|Dir=BULL|Conf=MEDIUM
CHART_PATTERN_DETECTED: DOUBLE_TOP_FORMING
  PATTERN_CONTEXT: Body= 14.3  Range= 14.3  ExpectedRange= 65.0  RangeRatio= 0.22  O= 77485.7  H= 77500.0  L= 77485.7  C= 77500.0
BSE:SENSEX-INDEX  strikecount= 3   fyers <fyers_apiv3.fyersModel.FyersModel object at 0x71aabc52b4d0>
======================================
oipcr1 =  BSE:SENSEX26AUG77600CE   0.32
oipcr2 =  BSE:SENSEX26AUG77500CE   0.54
oipcr3 =  BSE:SENSEX26AUG77400CE   0.56
oipcrBull = NoEntry  bulcount= 0  bearcount= 3 oipcrBear= BearTrade
atmpcr5 pcr6= 1.14    2.06
No Entry Yet
India VIX = 11.13  Spot Price = 77412.5
IV Regime = LOW (ADAPTIVE: P25= 11.31  P50= 11.85  P75= 12.14 ) | DailyRange = 1230.9 | 3minCandleRange = 64.8 (theoretical= 108.0 ) | ATMoptionMove = 29.1 | SL = 102 | Target = 102 | TrailTrigger = 29 | Spread = 300 | Buffer = 26
IV Params refreshed: {'vix': 11.13, 'bn_price': 77412.5, 'regime': 'LOW', 'regime_thresholds': 'P25=11.31 P50=11.85 P75=12.14', 'daily_range': 1230.9, 'candle_range': 64.8, 'atm_option_move': 29.1, 'sl_point': 102, 'target_point': 102, 'sl_pct_of_premium': 0.1, 'trail_trigger': 29, 'spread_width': 300, 'support_resistance_buffer': 26}
BSE:SENSEX-INDEX  strikecount= 8   fyers <fyers_apiv3.fyersModel.FyersModel object at 0x71aabc52b4d0>
===
====after 3 min ochain==== 2026-08-25 14:33:00.000002
                                    oipcr   choipcr   totalOI
pcr1 =  BSE:SENSEX26AUG78200PE   0.09   0.23 CALL added 74560   PUT added 17240  OI= 38640
pcr2 =  BSE:SENSEX26AUG78100PE   0.12   -0.06 CALL unwind -12740   PUT added 780  OI= 38160
pcr3 =  BSE:SENSEX26AUG78000CE   0.22   -0.09 CALL added 422900   PUT unwind -39260  OI= 1365720
pcr4 =  BSE:SENSEX26AUG77900CE   0.2   -0.12 CALL added 67500   PUT unwind -7980  OI= 442040
pcr5 =  BSE:SENSEX26AUG77800PE   0.24   -0.23 CALL added 43120   PUT unwind -10020  OI= 158560
pcr6 =  BSE:SENSEX26AUG77700PE   0.26    -1.82 CALL added 19440   PUT unwind -35360  OI= 245480
pcr7 =  BSE:SENSEX26AUG77600CE   0.38   0.26 CALL added 277600   PUT added 72080  OI= 964780
pcr8 =  BSE:SENSEX26AUG77500CE   0.7   1.34 CALL added 122500   PUT added 164000  OI= 1246220
pcr9 =  BSE:SENSEX26AUG77400CE   0.73   0.96 CALL added 475520   PUT added 456780  OI= 1010140
pcr10 =  BSE:SENSEX26AUG77300CE   1.63   1.93 CALL added 305000   PUT added 589940  OI= 730940
pcr11 =  BSE:SENSEX26AUG77200CE   2.79   3.73 CALL added 193680   PUT added 723380  OI= 394020
pcr12 =  BSE:SENSEX26AUG77100PE   2.78   2.39 CALL added 186660   PUT added 445560  OI= 661920
pcr13 =  BSE:SENSEX26AUG77000CE   3.06   6.36 CALL added 89460   PUT added 569140  OI= 371540
pcr14 =  BSE:SENSEX26AUG76900CE   5.98   7.01 CALL added 31820   PUT added 223040  OI= 64700
pcr15 =  BSE:SENSEX26AUG76800PE   12.36   16.04 CALL added 8800   PUT added 141120  OI= 368760
pcr16 =  BSE:SENSEX26AUG76700PE   15.7   22.52 CALL added 5200   PUT added 117080  OI= 301180
pcr17 =  BSE:SENSEX26AUG76600CE   21.51   18.72 CALL added 9180   PUT added 171840  OI= 16120
pcrSummation= 7.1499999999999995  result =  ['BSE:SENSEX26AUG78000CE', 'BSE:SENSEX26AUG77900CE', 'BSE:SENSEX26AUG77800PE', 'BSE:SENSEX26AUG77700PE', 'BSE:SENSEX26AUG77600CE', 'BSE:SENSEX26AUG77500CE', 'BSE:SENSEX26AUG77400CE', 'BSE:SENSEX26AUG77300CE', 'BSE:SENSEX26AUG77200CE']
PCRSUM== 68.75
pcrSummation== 7.15
VOLPCRSUM== 2.88
spotLTP =  77412.5  ATM_STRIKE =  77400
IS_ATM_STRIKE_SHIFT = True  mapStrike = {77400: 77400}
avgOiPcrList2 = [np.float64(4.04)] atmStrikeNotShiftedCount= 1
True   1   1
SUPP_RES=== 77500  Buffer= 26
CEoich val =  122500.0  PEoich val =  164000.0 , CE < PE by 25.3%
SUPP_RES TOTAL OI: CE= 1246220  PE= 868780 , CE > PE by 30.3%
IS_MORNING_WINDOW= False  (active 9:15-9:48 IST)
================================================
==== signal check time ==== 2026-08-25 14:33:00.624456
IS_CHOI_DIFF_GT_25PERC== True
RSI_VAL1== 78.73
RSI_VAL2== 78.73
FUT_3m_OHLC O= 77495.6  H= 77655.4  L= 77495.6  C= 77639.8  Range= 159.8
CHART_PATTERN_DETECTED: THREE_WHITE_SOLDIERS | STRONG_MOMENTUM_BULL
  PATTERN_CONTEXT: Body= 144.1  Range= 159.8  ExpectedRange= 64.8  RangeRatio= 2.47  O= 77495.6  H= 77655.4  L= 77495.6  C= 77639.8
newSynthFut =  77600
ATMStrike =  77400
AVG_OIPCR= 0.79
avgoiPCROld=  4.04
SUPP_RES = 77500
FUT LTP = 77639.75
CEchoi  PechOi = 122500.0    164000.0
====================================
totalOIPCR = 0.92
AVG_VOLPCR= 0.32
atmPCR= 0.24  belowATM  0.26
atmVolPCR= 0.23  belowATM  0.28
True   77639.75   77500   False   False   78.73
curr Doji False
BSE:SENSEX26AUG77400PE  curr candle vol pcr = 0.72  PE= 614520  CE= 856840      cpr =  1.39
BSE:SENSEX26AUG77400PE  prev candle vol pcr = 0.75  PE= 237820  CE= 317500      cpr =  1.34
ATM_CE_premium= 399.35  ATM_PE_premium= 154.5
CE_PremChg= 87.75  PE_PremChg= -40.05
CandleBody= 144.1  PrevBody= 14.3  CandleRange= 159.8  Bullish
TotalVol= 1471360  PrevTotalVol= 555320  VolSpike= 2.65 x  SPIKE!
SCALP_SCORE: BULL | BullScore= 4  BearScore= 1 | Confidence= MEDIUM
  SCALP_BULL_REASONS: StrongBullCandle(90%) + 2ConsecBullCandles + VolSpike(2.65x)_bull + BreakoutCandle(2.5x)
DATAPOINT|14:33|FUT=77639.8|Body=144.1|PrevBody=14.3|Range=159.8|RangeRatio=2.47|CurrVolPCR=0.72|PrevVolPCR=0.75|CurrCPR=1.39|PrevCPR=1.34|VolSpike=2.65|CE_PremChg=87.75|PE_PremChg=-40.05|BullScore=4|BearScore=1|Dir=BULL|Conf=MEDIUM
CHART_PATTERN_DETECTED: THREE_WHITE_SOLDIERS | STRONG_MOMENTUM_BULL
  PATTERN_CONTEXT: Body= 144.1  Range= 159.8  ExpectedRange= 64.8  RangeRatio= 2.47  O= 77495.6  H= 77655.4  L= 77495.6  C= 77639.8
BSE:SENSEX-INDEX  strikecount= 3   fyers <fyers_apiv3.fyersModel.FyersModel object at 0x71aabc52b4d0>
======================================
oipcr1 =  BSE:SENSEX26AUG77700PE   0.26
oipcr2 =  BSE:SENSEX26AUG77600CE   0.38
oipcr3 =  BSE:SENSEX26AUG77500CE   0.7
oipcrBull = NoEntry  bulcount= 0  bearcount= 3 oipcrBear= BearTrade
atmpcr5 pcr6= 0.73    1.63
No Entry Yet
India VIX = 11.13  Spot Price = 77408.06
IV Regime = LOW (ADAPTIVE: P25= 11.31  P50= 11.85  P75= 12.14 ) | DailyRange = 1230.8 | 3minCandleRange = 64.8 (theoretical= 107.9 ) | ATMoptionMove = 29.1 | SL = 102 | Target = 102 | TrailTrigger = 29 | Spread = 300 | Buffer = 26
IV Params refreshed: {'vix': 11.13, 'bn_price': 77408.06, 'regime': 'LOW', 'regime_thresholds': 'P25=11.31 P50=11.85 P75=12.14', 'daily_range': 1230.8, 'candle_range': 64.8, 'atm_option_move': 29.1, 'sl_point': 102, 'target_point': 102, 'sl_pct_of_premium': 0.1, 'trail_trigger': 29, 'spread_width': 300, 'support_resistance_buffer': 26}
BSE:SENSEX-INDEX  strikecount= 8   fyers <fyers_apiv3.fyersModel.FyersModel object at 0x71aabc52b4d0>
===
====after 3 min ochain==== 2026-08-25 14:36:00.000002
                                    oipcr   choipcr   totalOI
pcr1 =  BSE:SENSEX26AUG78200PE   0.1   0.38 CALL added 48720   PUT added 18580  OI= 39980
pcr2 =  BSE:SENSEX26AUG78100PE   0.11   0.12 CALL added 16340   PUT added 1960  OI= 39340
pcr3 =  BSE:SENSEX26AUG78000CE   0.23   -0.1 CALL added 370640   PUT unwind -37840  OI= 1313460
pcr4 =  BSE:SENSEX26AUG77900CE   0.21   -0.17 CALL added 45920   PUT unwind -7900  OI= 420460
pcr5 =  BSE:SENSEX26AUG77800PE   0.27   0.24 CALL added 62640   PUT added 15080  OI= 183660
pcr6 =  BSE:SENSEX26AUG77700PE   0.28    -1.01 CALL added 18020   PUT unwind -18140  OI= 262700
pcr7 =  BSE:SENSEX26AUG77600CE   0.46   0.59 CALL added 153580   PUT added 90700  OI= 840760
pcr8 =  BSE:SENSEX26AUG77500CE   0.85   4.12 CALL added 76640   PUT added 315660  OI= 1200360
pcr9 =  BSE:SENSEX26AUG77400CE   1.11   2.47 CALL added 235720   PUT added 581460  OI= 770340
pcr10 =  BSE:SENSEX26AUG77300CE   1.91   2.82 CALL added 237340   PUT added 669020  OI= 663280
pcr11 =  BSE:SENSEX26AUG77200CE   3.41   6.08 CALL added 115480   PUT added 702300  OI= 315820
pcr12 =  BSE:SENSEX26AUG77100PE   3.28   2.97 CALL added 156620   PUT added 465580  OI= 681940
pcr13 =  BSE:SENSEX26AUG77000CE   3.36   8.99 CALL added 68020   PUT added 611620  OI= 350100
pcr14 =  BSE:SENSEX26AUG76900CE   6.16   7.49 CALL added 29160   PUT added 218460  OI= 62040
pcr15 =  BSE:SENSEX26AUG76800PE   12.38   17.16 CALL added 6860   PUT added 117720  OI= 345360
pcr16 =  BSE:SENSEX26AUG76700PE   16.04   24.6 CALL added 4680   PUT added 115120  OI= 299220
pcr17 =  BSE:SENSEX26AUG76600CE   23.1   21.47 CALL added 8980   PUT added 192840  OI= 15920
pcrSummation= 8.73  result =  ['BSE:SENSEX26AUG78000CE', 'BSE:SENSEX26AUG77900CE', 'BSE:SENSEX26AUG77800PE', 'BSE:SENSEX26AUG77700PE', 'BSE:SENSEX26AUG77600CE', 'BSE:SENSEX26AUG77500CE', 'BSE:SENSEX26AUG77400CE', 'BSE:SENSEX26AUG77300CE', 'BSE:SENSEX26AUG77200CE']
PCRSUM== 73.26
pcrSummation== 8.73
VOLPCRSUM== 2.87
spotLTP =  77408.06  ATM_STRIKE =  77400
IS_ATM_STRIKE_SHIFT = False  mapStrike = {77400: 77400}
avgOiPcrList2 = [np.float64(4.04), np.float64(4.31)] atmStrikeNotShiftedCount= 2
False   2   2
SUPP_RES=== 77500  Buffer= 26
CEoich val =  76640.0  PEoich val =  315660.0 , CE < PE by 75.7%
SUPP_RES TOTAL OI: CE= 1200360  PE= 1020440 , CE > PE by 15.0%
IS_MORNING_WINDOW= False  (active 9:15-9:48 IST)
================================================
==== signal check time ==== 2026-08-25 14:36:00.621154
IS_CHOI_DIFF_GT_25PERC== True
RSI_VAL1== 79.31
RSI_VAL2== 79.31
FUT_3m_OHLC O= 77685.0  H= 77685.0  L= 77613.0  C= 77650.0  Range= 72.0
CHART_PATTERN: None
newSynthFut =  77600
ATMStrike =  77400
AVG_OIPCR= 0.97
avgoiPCROld=  4.31
SUPP_RES = 77500
FUT LTP = 77650.0
CEchoi  PechOi = 76640.0    315660.0
====================================
totalOIPCR = 0.97
AVG_VOLPCR= 0.32
atmPCR= 0.27  belowATM  0.28
atmVolPCR= 0.23  belowATM  0.28
True   77650.0   77500   False   False   79.31
curr Doji False
BSE:SENSEX26AUG77600PE  curr candle vol pcr = 0.54  PE= 190000  CE= 350200      cpr =  1.84
BSE:SENSEX26AUG77400PE  prev candle vol pcr = 0.72  PE= 614520  CE= 856840      cpr =  1.39
ATM_CE_premium= 278.9  ATM_PE_premium= 225.65
CE_PremChg= 1.2  PE_PremChg= -4.95
CandleBody= -35.0  PrevBody= 144.1  CandleRange= 72.0  Bearish
TotalVol= 540200  PrevTotalVol= 1471360  VolSpike= 0.37 x 
SCALP_SCORE: BEAR | BullScore= 0  BearScore= 1 | Confidence= LOW
DATAPOINT|14:36|FUT=77650.0|Body=-35.0|PrevBody=144.1|Range=72.0|RangeRatio=1.11|CurrVolPCR=0.54|PrevVolPCR=0.72|CurrCPR=1.84|PrevCPR=1.39|VolSpike=0.37|CE_PremChg=1.2|PE_PremChg=-4.95|BullScore=0|BearScore=1|Dir=BEAR|Conf=LOW
CHART_PATTERN: None
BSE:SENSEX-INDEX  strikecount= 3   fyers <fyers_apiv3.fyersModel.FyersModel object at 0x71aabc52b4d0>
======================================
oipcr1 =  BSE:SENSEX26AUG77700PE   0.28
oipcr2 =  BSE:SENSEX26AUG77600CE   0.46
oipcr3 =  BSE:SENSEX26AUG77500CE   0.85
oipcrBull = NoEntry  bulcount= 0  bearcount= 3 oipcrBear= BearTrade
atmpcr5 pcr6= 1.11    1.91
No Entry Yet
India VIX = 11.07  Spot Price = 77369.85
IV Regime = LOW (ADAPTIVE: P25= 11.31  P50= 11.85  P75= 12.14 ) | DailyRange = 1223.5 | 3minCandleRange = 64.4 (theoretical= 107.3 ) | ATMoptionMove = 29.0 | SL = 101 | Target = 101 | TrailTrigger = 29 | Spread = 300 | Buffer = 26
IV Params refreshed: {'vix': 11.07, 'bn_price': 77369.85, 'regime': 'LOW', 'regime_thresholds': 'P25=11.31 P50=11.85 P75=12.14', 'daily_range': 1223.5, 'candle_range': 64.4, 'atm_option_move': 29.0, 'sl_point': 101, 'target_point': 101, 'sl_pct_of_premium': 0.1, 'trail_trigger': 29, 'spread_width': 300, 'support_resistance_buffer': 26}
BSE:SENSEX-INDEX  strikecount= 8   fyers <fyers_apiv3.fyersModel.FyersModel object at 0x71aabc52b4d0>
===
====after 3 min ochain==== 2026-08-25 14:39:00.000053
                                    oipcr   choipcr   totalOI
pcr1 =  BSE:SENSEX26AUG78200PE   0.1   0.31 CALL added 60300   PUT added 18580  OI= 39980
pcr2 =  BSE:SENSEX26AUG78100PE   0.11   0.11 CALL added 22080   PUT added 2460  OI= 39840
pcr3 =  BSE:SENSEX26AUG78000CE   0.23   -0.11 CALL added 362480   PUT unwind -39180  OI= 1305300
pcr4 =  BSE:SENSEX26AUG77900CE   0.22   -0.12 CALL added 44140   PUT unwind -5220  OI= 418680
pcr5 =  BSE:SENSEX26AUG77800PE   0.29   0.6 CALL added 36640   PUT added 21960  OI= 190540
pcr6 =  BSE:SENSEX26AUG77700PE   0.31    -0.19 CALL unwind -8820   PUT added 1660  OI= 282500
pcr7 =  BSE:SENSEX26AUG77600CE   0.49   0.8 CALL added 127320   PUT added 101960  OI= 814500
pcr8 =  BSE:SENSEX26AUG77500CE   0.9   5.81 CALL added 61400   PUT added 356680  OI= 1185120
pcr9 =  BSE:SENSEX26AUG77400CE   1.17   2.66 CALL added 231500   PUT added 616760  OI= 766120
pcr10 =  BSE:SENSEX26AUG77300CE   1.99   3.11 CALL added 221180   PUT added 688800  OI= 647120
pcr11 =  BSE:SENSEX26AUG77200CE   3.79   7.92 CALL added 93200   PUT added 738600  OI= 293540
pcr12 =  BSE:SENSEX26AUG77100PE   3.55   3.32 CALL added 142760   PUT added 473380  OI= 689740
pcr13 =  BSE:SENSEX26AUG77000CE   3.37   9.33 CALL added 64740   PUT added 604280  OI= 346820
pcr14 =  BSE:SENSEX26AUG76900CE   6.3   7.83 CALL added 28520   PUT added 223320  OI= 61400
pcr15 =  BSE:SENSEX26AUG76800PE   12.72   18.82 CALL added 6540   PUT added 123080  OI= 350720
pcr16 =  BSE:SENSEX26AUG76700PE   16.38   25.23 CALL added 5080   PUT added 128180  OI= 312280
pcr17 =  BSE:SENSEX26AUG76600CE   29.55   32.98 CALL added 8780   PUT added 289580  OI= 15720
pcrSummation= 9.39  result =  ['BSE:SENSEX26AUG78000CE', 'BSE:SENSEX26AUG77900CE', 'BSE:SENSEX26AUG77800PE', 'BSE:SENSEX26AUG77700PE', 'BSE:SENSEX26AUG77600CE', 'BSE:SENSEX26AUG77500CE', 'BSE:SENSEX26AUG77400CE', 'BSE:SENSEX26AUG77300CE', 'BSE:SENSEX26AUG77200CE']
PCRSUM== 81.47
pcrSummation== 9.39
VOLPCRSUM== 2.8899999999999997
spotLTP =  77369.85  ATM_STRIKE =  77400
IS_ATM_STRIKE_SHIFT = False  mapStrike = {77400: 77400}
avgOiPcrList2 = [np.float64(4.04), np.float64(4.31), np.float64(4.79)] atmStrikeNotShiftedCount= 3
False   3   3
SUPP_RES=== 77500  Buffer= 26
CEoich val =  61400.0  PEoich val =  356680.0 , CE < PE by 82.8%
SUPP_RES TOTAL OI: CE= 1185120  PE= 1061460 , CE > PE by 10.4%
IS_MORNING_WINDOW= False  (active 9:15-9:48 IST)
================================================
==== signal check time ==== 2026-08-25 14:39:00.623455
IS_CHOI_DIFF_GT_25PERC== True
RSI_VAL1== 68.93
RSI_VAL2== 68.93
FUT_3m_OHLC O= 77627.9  H= 77674.0  L= 77596.8  C= 77596.8  Range= 77.1
CHART_PATTERN: None
isPcrInc = True
newSynthFut =  77600
ATMStrike =  77400
AVG_OIPCR= 1.04
avgoiPCROld=  4.79
SUPP_RES = 77500
FUT LTP = 77596.85
CEchoi  PechOi = 61400.0    356680.0
====================================
totalOIPCR = 0.99
AVG_VOLPCR= 0.32
atmPCR= 0.29  belowATM  0.31
atmVolPCR= 0.23  belowATM  0.28
True   77596.85   77500   True   False   68.93
no trade yet = [np.float64(4.04), np.float64(4.31), np.float64(4.79)]
curr Doji False
BSE:SENSEX26AUG77600PE  curr candle vol pcr = 0.79  PE= 125740  CE= 159300      cpr =  1.27
BSE:SENSEX26AUG77600PE  prev candle vol pcr = 0.54  PE= 190000  CE= 350200      cpr =  1.84
ATM_CE_premium= 264.35  ATM_PE_premium= 241.55
CE_PremChg= -14.55  PE_PremChg= 15.9
CandleBody= -31.0  PrevBody= -35.0  CandleRange= 77.1  Bearish
TotalVol= 285040  PrevTotalVol= 540200  VolSpike= 0.53 x 
SCALP_SCORE: NEUTRAL | BullScore= 1  BearScore= 1 | Confidence= LOW
DATAPOINT|14:39|FUT=77596.8|Body=-31.0|PrevBody=-35.0|Range=77.1|RangeRatio=1.2|CurrVolPCR=0.79|PrevVolPCR=0.54|CurrCPR=1.27|PrevCPR=1.84|VolSpike=0.53|CE_PremChg=-14.55|PE_PremChg=15.9|BullScore=1|BearScore=1|Dir=NEUTRAL|Conf=LOW
CHART_PATTERN: None
BSE:SENSEX-INDEX  strikecount= 3   fyers <fyers_apiv3.fyersModel.FyersModel object at 0x71aabc52b4d0>
======================================
oipcr1 =  BSE:SENSEX26AUG77700PE   0.31
oipcr2 =  BSE:SENSEX26AUG77600CE   0.49
oipcr3 =  BSE:SENSEX26AUG77500CE   0.9
oipcrBull = NoEntry  bulcount= 0  bearcount= 3 oipcrBear= BearTrade
atmpcr5 pcr6= 1.17    1.99
No Entry Yet
India VIX = 11.13  Spot Price = 77416.23
IV Regime = LOW (ADAPTIVE: P25= 11.31  P50= 11.85  P75= 12.14 ) | DailyRange = 1230.9 | 3minCandleRange = 64.8 (theoretical= 108.0 ) | ATMoptionMove = 29.1 | SL = 102 | Target = 102 | TrailTrigger = 29 | Spread = 300 | Buffer = 26
IV Params refreshed: {'vix': 11.13, 'bn_price': 77416.23, 'regime': 'LOW', 'regime_thresholds': 'P25=11.31 P50=11.85 P75=12.14', 'daily_range': 1230.9, 'candle_range': 64.8, 'atm_option_move': 29.1, 'sl_point': 102, 'target_point': 102, 'sl_pct_of_premium': 0.1, 'trail_trigger': 29, 'spread_width': 300, 'support_resistance_buffer': 26}
BSE:SENSEX-INDEX  strikecount= 8   fyers <fyers_apiv3.fyersModel.FyersModel object at 0x71aabc52b4d0>
===
====after 3 min ochain==== 2026-08-25 14:42:00.051125
                                    oipcr   choipcr   totalOI
pcr1 =  BSE:SENSEX26AUG78200PE   0.1   0.43 CALL added 36660   PUT added 15840  OI= 37240
pcr2 =  BSE:SENSEX26AUG78100PE   0.11   0.11 CALL added 21980   PUT added 2500  OI= 39880
pcr3 =  BSE:SENSEX26AUG78000CE   0.23   -0.11 CALL added 358680   PUT unwind -38680  OI= 1301500
pcr4 =  BSE:SENSEX26AUG77900CE   0.22   -0.09 CALL added 54560   PUT unwind -4740  OI= 429100
pcr5 =  BSE:SENSEX26AUG77800PE   0.29   0.59 CALL added 40900   PUT added 24180  OI= 192760
pcr6 =  BSE:SENSEX26AUG77700PE   0.32    -0.15 CALL unwind -19820   PUT added 2900  OI= 283740
pcr7 =  BSE:SENSEX26AUG77600CE   0.49   0.84 CALL added 119960   PUT added 100660  OI= 807140
pcr8 =  BSE:SENSEX26AUG77500CE   0.92   6.74 CALL added 56740   PUT added 382580  OI= 1180460
pcr9 =  BSE:SENSEX26AUG77400CE   1.21   2.89 CALL added 220360   PUT added 636780  OI= 754980
pcr10 =  BSE:SENSEX26AUG77300CE   2.0   3.11 CALL added 225560   PUT added 702140  OI= 651500
pcr11 =  BSE:SENSEX26AUG77200CE   3.85   8.32 CALL added 88740   PUT added 738740  OI= 289080
pcr12 =  BSE:SENSEX26AUG77100PE   3.4   3.12 CALL added 147480   PUT added 460420  OI= 676780
pcr13 =  BSE:SENSEX26AUG77000CE   3.35   9.01 CALL added 66760   PUT added 601220  OI= 348840
pcr14 =  BSE:SENSEX26AUG76900CE   6.36   7.95 CALL added 28800   PUT added 228880  OI= 61680
pcr15 =  BSE:SENSEX26AUG76800PE   12.73   18.91 CALL added 6520   PUT added 123300  OI= 350940
pcr16 =  BSE:SENSEX26AUG76700PE   15.68   22.5 CALL added 5160   PUT added 116100  OI= 300200
pcr17 =  BSE:SENSEX26AUG76600CE   29.71   33.23 CALL added 8860   PUT added 294460  OI= 15800
pcrSummation= 5.79  result =  ['BSE:SENSEX26AUG78100PE', 'BSE:SENSEX26AUG78000CE', 'BSE:SENSEX26AUG77900CE', 'BSE:SENSEX26AUG77800PE', 'BSE:SENSEX26AUG77700PE', 'BSE:SENSEX26AUG77600CE', 'BSE:SENSEX26AUG77500CE', 'BSE:SENSEX26AUG77400CE', 'BSE:SENSEX26AUG77300CE']
PCRSUM== 80.97
pcrSummation== 5.79
VOLPCRSUM== 2.8899999999999997
spotLTP =  77416.23  ATM_STRIKE =  77400
IS_ATM_STRIKE_SHIFT = False  mapStrike = {77400: 77400}
avgOiPcrList2 = [np.float64(4.31), np.float64(4.79), np.float64(4.76)] atmStrikeNotShiftedCount= 4
False   4   3
SUPP_RES=== 77500  Buffer= 26
CEoich val =  56740.0  PEoich val =  382580.0 , CE < PE by 85.2%
SUPP_RES TOTAL OI: CE= 1180460  PE= 1087360 , CE > PE by 7.9%
IS_MORNING_WINDOW= False  (active 9:15-9:48 IST)
================================================
==== signal check time ==== 2026-08-25 14:42:00.720571
IS_CHOI_DIFF_GT_25PERC== True
RSI_VAL1== 74.65
RSI_VAL2== 74.65
FUT_3m_OHLC O= 77596.8  H= 77682.0  L= 77596.8  C= 77682.0  Range= 85.2
CHART_PATTERN_DETECTED: BULLISH_ENGULFING | DOUBLE_TOP_FORMING | STRONG_MOMENTUM_BULL
  PATTERN_CONTEXT: Body= 85.2  Range= 85.2  ExpectedRange= 64.8  RangeRatio= 1.31  O= 77596.8  H= 77682.0  L= 77596.8  C= 77682.0
recent two = [np.float64(4.79), np.float64(4.76)]
newSynthFut =  77700
ATMStrike =  77400
AVG_OIPCR= 0.64
avgoiPCROld=  4.76
SUPP_RES = 77500
FUT LTP = 77682.05
CEchoi  PechOi = 56740.0    382580.0
====================================
totalOIPCR = 1.0
AVG_VOLPCR= 0.32
atmPCR= 0.29  belowATM  0.32
atmVolPCR= 0.23  belowATM  0.28
True   77682.05   77500   False   False   74.65
curr Doji False
BSE:SENSEX26AUG77500PE  curr candle vol pcr = 0.82  PE= 313800  CE= 383680      cpr =  1.22
BSE:SENSEX26AUG77600PE  prev candle vol pcr = 0.79  PE= 125740  CE= 159300      cpr =  1.27
ATM_CE_premium= 349.95  ATM_PE_premium= 185.85
CE_PremChg= 28.8  PE_PremChg= -13.5
CandleBody= 85.2  PrevBody= -31.0  CandleRange= 85.2  Bullish
TotalVol= 697480  PrevTotalVol= 285040  VolSpike= 2.45 x  SPIKE!
SCALP_SCORE: BULL | BullScore= 3  BearScore= 1 | Confidence= MEDIUM
  SCALP_BULL_REASONS: StrongBullCandle(100%) + VolSpike(2.45x)_bull + BreakoutCandle(1.3x)
DATAPOINT|14:42|FUT=77682.0|Body=85.2|PrevBody=-31.0|Range=85.2|RangeRatio=1.31|CurrVolPCR=0.82|PrevVolPCR=0.79|CurrCPR=1.22|PrevCPR=1.27|VolSpike=2.45|CE_PremChg=28.8|PE_PremChg=-13.5|BullScore=3|BearScore=1|Dir=BULL|Conf=MEDIUM
CHART_PATTERN_DETECTED: BULLISH_ENGULFING | DOUBLE_TOP_FORMING | STRONG_MOMENTUM_BULL
  PATTERN_CONTEXT: Body= 85.2  Range= 85.2  ExpectedRange= 64.8  RangeRatio= 1.31  O= 77596.8  H= 77682.0  L= 77596.8  C= 77682.0
BSE:SENSEX-INDEX  strikecount= 3   fyers <fyers_apiv3.fyersModel.FyersModel object at 0x71aabc52b4d0>
======================================
oipcr1 =  BSE:SENSEX26AUG77700PE   0.32
oipcr2 =  BSE:SENSEX26AUG77600CE   0.49
oipcr3 =  BSE:SENSEX26AUG77500CE   0.92
oipcrBull = NoEntry  bulcount= 0  bearcount= 3 oipcrBear= BearTrade
atmpcr5 pcr6= 1.21    2.0
No Entry Yet
India VIX = 11.12  Spot Price = 77399.46
IV Regime = LOW (ADAPTIVE: P25= 11.31  P50= 11.85  P75= 12.14 ) | DailyRange = 1229.5 | 3minCandleRange = 64.7 (theoretical= 107.8 ) | ATMoptionMove = 29.1 | SL = 102 | Target = 102 | TrailTrigger = 29 | Spread = 300 | Buffer = 26
IV Params refreshed: {'vix': 11.12, 'bn_price': 77399.46, 'regime': 'LOW', 'regime_thresholds': 'P25=11.31 P50=11.85 P75=12.14', 'daily_range': 1229.5, 'candle_range': 64.7, 'atm_option_move': 29.1, 'sl_point': 102, 'target_point': 102, 'sl_pct_of_premium': 0.1, 'trail_trigger': 29, 'spread_width': 300, 'support_resistance_buffer': 26}
BSE:SENSEX-INDEX  strikecount= 8   fyers <fyers_apiv3.fyersModel.FyersModel object at 0x71aabc52b4d0>
===
====after 3 min ochain==== 2026-08-25 14:45:00.048139
                                    oipcr   choipcr   totalOI
pcr1 =  BSE:SENSEX26AUG78200PE   0.1   0.61 CALL added 26880   PUT added 16520  OI= 37920
pcr2 =  BSE:SENSEX26AUG78100PE   0.11   0.17 CALL added 28040   PUT added 4760  OI= 42140
pcr3 =  BSE:SENSEX26AUG78000CE   0.24   -0.1 CALL added 336700   PUT unwind -33560  OI= 1279520
pcr4 =  BSE:SENSEX26AUG77900CE   0.23   -0.06 CALL added 45620   PUT unwind -2520  OI= 420160
pcr5 =  BSE:SENSEX26AUG77800PE   0.31   3.5 CALL added 8800   PUT added 30800  OI= 199380
pcr6 =  BSE:SENSEX26AUG77700PE   0.35    -0.2 CALL unwind -70100   PUT added 14100  OI= 294940
pcr7 =  BSE:SENSEX26AUG77600CE   0.52   1.39 CALL added 75240   PUT added 104500  OI= 762420
pcr8 =  BSE:SENSEX26AUG77500CE   1.01   27.03 CALL added 16600   PUT added 448700  OI= 1140320
pcr9 =  BSE:SENSEX26AUG77400CE   1.32   3.45 CALL added 201720   PUT added 696340  OI= 736340
pcr10 =  BSE:SENSEX26AUG77300CE   2.06   3.45 CALL added 198760   PUT added 686360  OI= 624700
pcr11 =  BSE:SENSEX26AUG77200CE   4.03   9.82 CALL added 74820   PUT added 734660  OI= 275160
pcr12 =  BSE:SENSEX26AUG77100PE   3.48   3.22 CALL added 144860   PUT added 467020  OI= 683380
pcr13 =  BSE:SENSEX26AUG77000CE   3.46   11.7 CALL added 49920   PUT added 583840  OI= 332000
pcr14 =  BSE:SENSEX26AUG76900CE   6.5   8.25 CALL added 28520   PUT added 235240  OI= 61400
pcr15 =  BSE:SENSEX26AUG76800PE   13.16   21.27 CALL added 6060   PUT added 128880  OI= 356520
pcr16 =  BSE:SENSEX26AUG76700PE   16.88   29.67 CALL added 4060   PUT added 120460  OI= 304560
pcr17 =  BSE:SENSEX26AUG76600CE   31.93   37.56 CALL added 8280   PUT added 310980  OI= 15220
pcrSummation= 6.15  result =  ['BSE:SENSEX26AUG78100PE', 'BSE:SENSEX26AUG78000CE', 'BSE:SENSEX26AUG77900CE', 'BSE:SENSEX26AUG77800PE', 'BSE:SENSEX26AUG77700PE', 'BSE:SENSEX26AUG77600CE', 'BSE:SENSEX26AUG77500CE', 'BSE:SENSEX26AUG77400CE', 'BSE:SENSEX26AUG77300CE']
PCRSUM== 85.69
pcrSummation== 6.15
VOLPCRSUM== 2.9000000000000004
spotLTP =  77400.64  ATM_STRIKE =  77400
IS_ATM_STRIKE_SHIFT = False  mapStrike = {77400: 77400}
avgOiPcrList2 = [np.float64(4.79), np.float64(4.76), np.float64(5.04)] atmStrikeNotShiftedCount= 5
False   5   3
SUPP_RES=== 77500  Buffer= 26
CEoich val =  16600.0  PEoich val =  448700.0 , CE < PE by 96.3%
SUPP_RES TOTAL OI: CE= 1140320  PE= 1153480 , CE < PE by 1.1%
IS_MORNING_WINDOW= False  (active 9:15-9:48 IST)
================================================
==== signal check time ==== 2026-08-25 14:45:00.734101
IS_CHOI_DIFF_GT_25PERC== True
RSI_VAL1== 75.67
RSI_VAL2== 75.67
FUT_3m_OHLC O= 77682.0  H= 77700.0  L= 77682.0  C= 77700.0  Range= 18.0
CHART_PATTERN_DETECTED: DOUBLE_TOP_FORMING | DOUBLE_BOTTOM_FORMING
  PATTERN_CONTEXT: Body= 18.0  Range= 18.0  ExpectedRange= 64.7  RangeRatio= 0.28  O= 77682.0  H= 77700.0  L= 77682.0  C= 77700.0
recent two = [np.float64(4.76), np.float64(5.04)]
newSynthFut =  77700
ATMStrike =  77400
AVG_OIPCR= 0.68
avgoiPCROld=  5.04
SUPP_RES = 77500
FUT LTP = 77700.0
CEchoi  PechOi = 16600.0    448700.0
====================================
totalOIPCR = 1.02
AVG_VOLPCR= 0.32
atmPCR= 0.31  belowATM  0.35
atmVolPCR= 0.23  belowATM  0.28
True   77700.0   77500   False   False   75.67
curr Doji False
BSE:SENSEX26AUG77600PE  curr candle vol pcr = 0.52  PE= 68820  CE= 133400      cpr =  1.94
BSE:SENSEX26AUG77500PE  prev candle vol pcr = 0.82  PE= 313800  CE= 383680      cpr =  1.22
ATM_CE_premium= 292.55  ATM_PE_premium= 222.3
CE_PremChg= 3.45  PE_PremChg= -2.65
CandleBody= 18.0  PrevBody= 85.2  CandleRange= 18.0  Bullish
TotalVol= 202220  PrevTotalVol= 697480  VolSpike= 0.29 x 
SCALP_SCORE: BULL | BullScore= 2  BearScore= 1 | Confidence= LOW
DATAPOINT|14:45|FUT=77700.0|Body=18.0|PrevBody=85.2|Range=18.0|RangeRatio=0.28|CurrVolPCR=0.52|PrevVolPCR=0.82|CurrCPR=1.94|PrevCPR=1.22|VolSpike=0.29|CE_PremChg=3.45|PE_PremChg=-2.65|BullScore=2|BearScore=1|Dir=BULL|Conf=LOW
CHART_PATTERN_DETECTED: DOUBLE_TOP_FORMING | DOUBLE_BOTTOM_FORMING
  PATTERN_CONTEXT: Body= 18.0  Range= 18.0  ExpectedRange= 64.7  RangeRatio= 0.28  O= 77682.0  H= 77700.0  L= 77682.0  C= 77700.0
BSE:SENSEX-INDEX  strikecount= 3   fyers <fyers_apiv3.fyersModel.FyersModel object at 0x71aabc52b4d0>
======================================
oipcr1 =  BSE:SENSEX26AUG77700PE   0.35
oipcr2 =  BSE:SENSEX26AUG77600CE   0.52
oipcr3 =  BSE:SENSEX26AUG77500CE   1.01
oipcrBull = NoEntry  bulcount= 1  bearcount= 2 oipcrBear= BearTrade
atmpcr5 pcr6= 1.32    2.06
No Entry Yet
India VIX = 11.13  Spot Price = 77410.78
IV Regime = LOW (ADAPTIVE: P25= 11.31  P50= 11.85  P75= 12.14 ) | DailyRange = 1230.8 | 3minCandleRange = 64.8 (theoretical= 108.0 ) | ATMoptionMove = 29.1 | SL = 102 | Target = 102 | TrailTrigger = 29 | Spread = 300 | Buffer = 26
IV Params refreshed: {'vix': 11.13, 'bn_price': 77410.78, 'regime': 'LOW', 'regime_thresholds': 'P25=11.31 P50=11.85 P75=12.14', 'daily_range': 1230.8, 'candle_range': 64.8, 'atm_option_move': 29.1, 'sl_point': 102, 'target_point': 102, 'sl_pct_of_premium': 0.1, 'trail_trigger': 29, 'spread_width': 300, 'support_resistance_buffer': 26}
BSE:SENSEX-INDEX  strikecount= 8   fyers <fyers_apiv3.fyersModel.FyersModel object at 0x71aabc52b4d0>
===
====after 3 min ochain==== 2026-08-25 14:48:00.000004
                                    oipcr   choipcr   totalOI
pcr1 =  BSE:SENSEX26AUG78200PE   0.11   0.84 CALL added 23040   PUT added 19300  OI= 40700
pcr2 =  BSE:SENSEX26AUG78100PE   0.12   0.22 CALL added 30720   PUT added 6740  OI= 44120
pcr3 =  BSE:SENSEX26AUG78000CE   0.24   -0.09 CALL added 340360   PUT unwind -31920  OI= 1283180
pcr4 =  BSE:SENSEX26AUG77900CE   0.24   0.02 CALL added 40840   PUT added 800  OI= 415380
pcr5 =  BSE:SENSEX26AUG77800PE   0.33   -18.01 CALL unwind -2120   PUT added 38180  OI= 206760
pcr6 =  BSE:SENSEX26AUG77700PE   0.36    -0.27 CALL unwind -82420   PUT added 22020  OI= 302860
pcr7 =  BSE:SENSEX26AUG77600CE   0.55   2.29 CALL added 48700   PUT added 111700  OI= 735880
pcr8 =  BSE:SENSEX26AUG77500CE   1.06   31.37 CALL added 16060   PUT added 503860  OI= 1139780
pcr9 =  BSE:SENSEX26AUG77400CE   1.43   4.23 CALL added 173880   PUT added 736380  OI= 708500
pcr10 =  BSE:SENSEX26AUG77300CE   2.17   4.08 CALL added 170420   PUT added 696080  OI= 596360
pcr11 =  BSE:SENSEX26AUG77200CE   4.37   13.46 CALL added 55100   PUT added 741380  OI= 255440
pcr12 =  BSE:SENSEX26AUG77100PE   3.63   3.41 CALL added 138580   PUT added 472380  OI= 688740
pcr13 =  BSE:SENSEX26AUG77000CE   3.51   12.37 CALL added 47680   PUT added 589940  OI= 329760
pcr14 =  BSE:SENSEX26AUG76900CE   6.76   8.85 CALL added 28040   PUT added 248080  OI= 60920
pcr15 =  BSE:SENSEX26AUG76800PE   13.63   24.06 CALL added 5680   PUT added 136680  OI= 364320
pcr16 =  BSE:SENSEX26AUG76700PE   17.02   31.75 CALL added 3660   PUT added 116200  OI= 300300
pcr17 =  BSE:SENSEX26AUG76600CE   32.58   38.76 CALL added 8280   PUT added 320940  OI= 15220
pcrSummation= 6.5  result =  ['BSE:SENSEX26AUG78100PE', 'BSE:SENSEX26AUG78000CE', 'BSE:SENSEX26AUG77900CE', 'BSE:SENSEX26AUG77800PE', 'BSE:SENSEX26AUG77700PE', 'BSE:SENSEX26AUG77600CE', 'BSE:SENSEX26AUG77500CE', 'BSE:SENSEX26AUG77400CE', 'BSE:SENSEX26AUG77300CE']
PCRSUM== 88.11
pcrSummation== 6.5
VOLPCRSUM== 2.9
spotLTP =  77410.9  ATM_STRIKE =  77400
IS_ATM_STRIKE_SHIFT = False  mapStrike = {77400: 77400}
avgOiPcrList2 = [np.float64(4.76), np.float64(5.04), np.float64(5.18)] atmStrikeNotShiftedCount= 6
False   6   3
SUPP_RES=== 77500  Buffer= 26
CEoich val =  16060.0  PEoich val =  503860.0 , CE < PE by 96.8%
SUPP_RES TOTAL OI: CE= 1139780  PE= 1208640 , CE < PE by 5.7%
IS_MORNING_WINDOW= False  (active 9:15-9:48 IST)
================================================
==== signal check time ==== 2026-08-25 14:48:00.729388
IS_CHOI_DIFF_GT_25PERC== True
RSI_VAL1== 71.01
RSI_VAL2== 71.01
FUT_3m_OHLC O= 77700.0  H= 77700.0  L= 77672.7  C= 77672.7  Range= 27.3
CHART_PATTERN_DETECTED: BEARISH_ENGULFING | DOUBLE_TOP_FORMING
  PATTERN_CONTEXT: Body= -27.3  Range= 27.3  ExpectedRange= 64.8  RangeRatio= 0.42  O= 77700.0  H= 77700.0  L= 77672.7  C= 77672.7
isPcrInc = True
newSynthFut =  77700
ATMStrike =  77400
AVG_OIPCR= 0.72
avgoiPCROld=  5.18
SUPP_RES = 77500
FUT LTP = 77672.7
CEchoi  PechOi = 16060.0    503860.0
====================================
totalOIPCR = 1.05
AVG_VOLPCR= 0.32
atmPCR= 0.33  belowATM  0.36
atmVolPCR= 0.23  belowATM  0.29
True   77672.7   77500   True   False   71.01
no trade yet = [np.float64(4.76), np.float64(5.04), np.float64(5.18)]
curr Doji False
BSE:SENSEX26AUG77700PE  curr candle vol pcr = 0.33  PE= 75160  CE= 224480      cpr =  2.99
BSE:SENSEX26AUG77600PE  prev candle vol pcr = 0.52  PE= 68820  CE= 133400      cpr =  1.94
VOL_PRESSURE_WATCH: SINGLE_CANDLE_CALL_PRESSURE | currCPR= 2.99  prevCPR= 1.94
ATM_CE_premium= 242.0  ATM_PE_premium= 268.4
CE_PremChg= 5.0  PE_PremChg= -0.85
CandleBody= -27.3  PrevBody= 18.0  CandleRange= 27.3  Bearish
TotalVol= 299640  PrevTotalVol= 202220  VolSpike= 1.48 x 
SCALP_SCORE: BEAR | BullScore= 0  BearScore= 2 | Confidence= LOW
DATAPOINT|14:48|FUT=77672.7|Body=-27.3|PrevBody=18.0|Range=27.3|RangeRatio=0.42|CurrVolPCR=0.33|PrevVolPCR=0.52|CurrCPR=2.99|PrevCPR=1.94|VolSpike=1.48|CE_PremChg=5.0|PE_PremChg=-0.85|BullScore=0|BearScore=2|Dir=BEAR|Conf=LOW
CHART_PATTERN_DETECTED: BEARISH_ENGULFING | DOUBLE_TOP_FORMING
  PATTERN_CONTEXT: Body= -27.3  Range= 27.3  ExpectedRange= 64.8  RangeRatio= 0.42  O= 77700.0  H= 77700.0  L= 77672.7  C= 77672.7
BSE:SENSEX-INDEX  strikecount= 3   fyers <fyers_apiv3.fyersModel.FyersModel object at 0x71aabc52b4d0>
======================================
oipcr1 =  BSE:SENSEX26AUG77700PE   0.36
oipcr2 =  BSE:SENSEX26AUG77600CE   0.55
oipcr3 =  BSE:SENSEX26AUG77500CE   1.06
oipcrBull = NoEntry  bulcount= 1  bearcount= 2 oipcrBear= BearTrade
atmpcr5 pcr6= 1.43    2.17
No Entry Yet
India VIX = 11.16  Spot Price = 77446.14
IV Regime = LOW (ADAPTIVE: P25= 11.31  P50= 11.85  P75= 12.14 ) | DailyRange = 1234.7 | 3minCandleRange = 65.0 (theoretical= 108.3 ) | ATMoptionMove = 29.2 | SL = 102 | Target = 102 | TrailTrigger = 29 | Spread = 300 | Buffer = 26
IV Params refreshed: {'vix': 11.16, 'bn_price': 77446.14, 'regime': 'LOW', 'regime_thresholds': 'P25=11.31 P50=11.85 P75=12.14', 'daily_range': 1234.7, 'candle_range': 65.0, 'atm_option_move': 29.2, 'sl_point': 102, 'target_point': 102, 'sl_pct_of_premium': 0.1, 'trail_trigger': 29, 'spread_width': 300, 'support_resistance_buffer': 26}
BSE:SENSEX-INDEX  strikecount= 8   fyers <fyers_apiv3.fyersModel.FyersModel object at 0x71aabc52b4d0>
===
====after 3 min ochain==== 2026-08-25 14:51:00.044264
                                    oipcr   choipcr   totalOI
pcr1 =  BSE:SENSEX26AUG78200PE   0.1   0.37 CALL added 51840   PUT added 19120  OI= 40520
pcr2 =  BSE:SENSEX26AUG78100PE   0.12   0.21 CALL added 33760   PUT added 6980  OI= 44360
pcr3 =  BSE:SENSEX26AUG78000CE   0.24   -0.09 CALL added 331080   PUT unwind -29020  OI= 1273900
pcr4 =  BSE:SENSEX26AUG77900CE   0.24   0.04 CALL added 47180   PUT added 1680  OI= 421720
pcr5 =  BSE:SENSEX26AUG77800PE   0.33   -52.23 CALL unwind -780   PUT added 40740  OI= 209320
pcr6 =  BSE:SENSEX26AUG77700PE   0.38    -0.31 CALL unwind -91940   PUT added 28840  OI= 309680
pcr7 =  BSE:SENSEX26AUG77600CE   0.55   1.78 CALL added 64580   PUT added 114920  OI= 751760
pcr8 =  BSE:SENSEX26AUG77500CE   1.07   255.48 CALL added 1960   PUT added 500740  OI= 1125680
pcr9 =  BSE:SENSEX26AUG77400CE   1.5   4.75 CALL added 162580   PUT added 772200  OI= 697200
pcr10 =  BSE:SENSEX26AUG77300CE   2.22   4.39 CALL added 161120   PUT added 707500  OI= 587060
pcr11 =  BSE:SENSEX26AUG77200CE   4.54   15.86 CALL added 47360   PUT added 751080  OI= 247700
pcr12 =  BSE:SENSEX26AUG77100PE   3.77   3.6 CALL added 135820   PUT added 489140  OI= 705500
pcr13 =  BSE:SENSEX26AUG77000CE   3.52   12.34 CALL added 48360   PUT added 596960  OI= 330440
pcr14 =  BSE:SENSEX26AUG76900CE   6.92   9.31 CALL added 26820   PUT added 249720  OI= 59700
pcr15 =  BSE:SENSEX26AUG76800PE   13.94   24.57 CALL added 6180   PUT added 151840  OI= 379480
pcr16 =  BSE:SENSEX26AUG76700PE   17.36   33.03 CALL added 3740   PUT added 123540  OI= 307640
pcr17 =  BSE:SENSEX26AUG76600CE   32.34   38.3 CALL added 8300   PUT added 317860  OI= 15240
pcrSummation= 6.65  result =  ['BSE:SENSEX26AUG78100PE', 'BSE:SENSEX26AUG78000CE', 'BSE:SENSEX26AUG77900CE', 'BSE:SENSEX26AUG77800PE', 'BSE:SENSEX26AUG77700PE', 'BSE:SENSEX26AUG77600CE', 'BSE:SENSEX26AUG77500CE', 'BSE:SENSEX26AUG77400CE', 'BSE:SENSEX26AUG77300CE']
PCRSUM== 89.14
pcrSummation== 6.65
VOLPCRSUM== 2.91
spotLTP =  77446.14  ATM_STRIKE =  77400
IS_ATM_STRIKE_SHIFT = False  mapStrike = {77400: 77400}
avgOiPcrList2 = [np.float64(5.04), np.float64(5.18), np.float64(5.24)] atmStrikeNotShiftedCount= 7
False   7   3
SUPP_RES=== 77500  Buffer= 26
CEoich val =  1960.0  PEoich val =  500740.0 , CE < PE by 99.6%
SUPP_RES TOTAL OI: CE= 1125680  PE= 1205520 , CE < PE by 6.6%
IS_MORNING_WINDOW= False  (active 9:15-9:48 IST)
================================================
==== signal check time ==== 2026-08-25 14:51:00.693017
IS_CHOI_DIFF_GT_25PERC== True
RSI_VAL1== 72.81
RSI_VAL2== 72.81
FUT_3m_OHLC O= 77700.0  H= 77715.0  L= 77700.0  C= 77700.0  Range= 15.0
CHART_PATTERN_DETECTED: DOUBLE_TOP_FORMING
  PATTERN_CONTEXT: Body= 0.0  Range= 15.0  ExpectedRange= 65.0  RangeRatio= 0.23  O= 77700.0  H= 77715.0  L= 77700.0  C= 77700.0
isPcrInc = True
newSynthFut =  77700
ATMStrike =  77400
AVG_OIPCR= 0.74
avgoiPCROld=  5.24
SUPP_RES = 77500
FUT LTP = 77700.0
CEchoi  PechOi = 1960.0    500740.0
====================================
totalOIPCR = 1.06
AVG_VOLPCR= 0.32
atmPCR= 0.33  belowATM  0.38
atmVolPCR= 0.23  belowATM  0.29
True   77700.0   77500   True   False   72.81
no trade yet = [np.float64(5.04), np.float64(5.18), np.float64(5.24)]
curr Doji False
BSE:SENSEX26AUG77700PE  curr candle vol pcr = 0.36  PE= 129980  CE= 360440      cpr =  2.77
BSE:SENSEX26AUG77700PE  prev candle vol pcr = 0.33  PE= 75160  CE= 224480      cpr =  2.99
VOL_PRESSURE_ALERT: STRONG_CALL_PRESSURE | currCPR= 2.77  prevCPR= 2.99  Direction=BEARISH_SIGNAL (heavy CE buying = expecting down move)
ATM_CE_premium= 251.4  ATM_PE_premium= 252.5
CE_PremChg= 9.4  PE_PremChg= -15.9
CandleBody= 0.0  PrevBody= -27.3  CandleRange= 15.0  Doji
TotalVol= 490420  PrevTotalVol= 299640  VolSpike= 1.64 x 
SCALP_SCORE: BEAR | BullScore= 0  BearScore= 2 | Confidence= LOW
DATAPOINT|14:51|FUT=77700.0|Body=0.0|PrevBody=-27.3|Range=15.0|RangeRatio=0.23|CurrVolPCR=0.36|PrevVolPCR=0.33|CurrCPR=2.77|PrevCPR=2.99|VolSpike=1.64|CE_PremChg=9.4|PE_PremChg=-15.9|BullScore=0|BearScore=2|Dir=BEAR|Conf=LOW
CHART_PATTERN_DETECTED: DOUBLE_TOP_FORMING
  PATTERN_CONTEXT: Body= 0.0  Range= 15.0  ExpectedRange= 65.0  RangeRatio= 0.23  O= 77700.0  H= 77715.0  L= 77700.0  C= 77700.0
BSE:SENSEX-INDEX  strikecount= 3   fyers <fyers_apiv3.fyersModel.FyersModel object at 0x71aabc52b4d0>
======================================
oipcr1 =  BSE:SENSEX26AUG77700PE   0.38
oipcr2 =  BSE:SENSEX26AUG77600CE   0.55
oipcr3 =  BSE:SENSEX26AUG77500CE   1.07
oipcrBull = NoEntry  bulcount= 1  bearcount= 2 oipcrBear= BearTrade
atmpcr5 pcr6= 1.5    2.22
No Entry Yet
India VIX = 11.05  Spot Price = 77511.46
IV Regime = LOW (ADAPTIVE: P25= 11.31  P50= 11.85  P75= 12.14 ) | DailyRange = 1223.6 | 3minCandleRange = 64.4 (theoretical= 107.3 ) | ATMoptionMove = 29.0 | SL = 101 | Target = 101 | TrailTrigger = 29 | Spread = 300 | Buffer = 26
IV Params refreshed: {'vix': 11.05, 'bn_price': 77511.46, 'regime': 'LOW', 'regime_thresholds': 'P25=11.31 P50=11.85 P75=12.14', 'daily_range': 1223.6, 'candle_range': 64.4, 'atm_option_move': 29.0, 'sl_point': 101, 'target_point': 101, 'sl_pct_of_premium': 0.1, 'trail_trigger': 29, 'spread_width': 300, 'support_resistance_buffer': 26}
BSE:SENSEX-INDEX  strikecount= 8   fyers <fyers_apiv3.fyersModel.FyersModel object at 0x71aabc52b4d0>
===
====after 3 min ochain==== 2026-08-25 14:54:00.047869
                                    oipcr   choipcr   totalOI
pcr1 =  BSE:SENSEX26AUG78300CE   0.09   -0.01 CALL added 122480   PUT unwind -1060  OI= 355680
pcr2 =  BSE:SENSEX26AUG78200PE   0.1   0.36 CALL added 51420   PUT added 18400  OI= 39800
pcr3 =  BSE:SENSEX26AUG78100PE   0.13   0.32 CALL added 36540   PUT added 11560  OI= 48940
pcr4 =  BSE:SENSEX26AUG78000CE   0.27   -0.06 CALL added 259460   PUT unwind -15200  OI= 1202280
pcr5 =  BSE:SENSEX26AUG77900CE   0.23   0.11 CALL added 88000   PUT added 9560  OI= 462540
pcr6 =  BSE:SENSEX26AUG77800PE   0.37    627.2 CALL added 100   PUT added 62720  OI= 231300
pcr7 =  BSE:SENSEX26AUG77700PE   0.49   -0.34 CALL unwind -200640   PUT added 69220  OI= 350060
pcr8 =  BSE:SENSEX26AUG77600CE   0.67   -6.68 CALL unwind -22620   PUT added 151040  OI= 664560
pcr9 =  BSE:SENSEX26AUG77500CE   1.29   -8.39 CALL unwind -76480   PUT added 641680  OI= 1047240
pcr10 =  BSE:SENSEX26AUG77400CE   1.69   9.31 CALL added 82500   PUT added 768200  OI= 617120
pcr11 =  BSE:SENSEX26AUG77300CE   2.38   5.92 CALL added 117180   PUT added 693760  OI= 543120
pcr12 =  BSE:SENSEX26AUG77200CE   4.6   18.09 CALL added 40680   PUT added 735780  OI= 241020
pcr13 =  BSE:SENSEX26AUG77100PE   3.8   3.63 CALL added 130500   PUT added 474120  OI= 690480
pcr14 =  BSE:SENSEX26AUG77000CE   3.85   27.52 CALL added 21980   PUT added 604860  OI= 304060
pcr15 =  BSE:SENSEX26AUG76900CE   7.24   10.24 CALL added 24760   PUT added 253540  OI= 57640
pcr16 =  BSE:SENSEX26AUG76800PE   14.99   32.28 CALL added 5080   PUT added 164000  OI= 391640
pcr17 =  BSE:SENSEX26AUG76700PE   18.33   39.7 CALL added 3380   PUT added 134180  OI= 318280
pcrSummation= 5.24  result =  ['BSE:SENSEX26AUG78200PE', 'BSE:SENSEX26AUG78100PE', 'BSE:SENSEX26AUG78000CE', 'BSE:SENSEX26AUG77900CE', 'BSE:SENSEX26AUG77800PE', 'BSE:SENSEX26AUG77700PE', 'BSE:SENSEX26AUG77600CE', 'BSE:SENSEX26AUG77500CE', 'BSE:SENSEX26AUG77400CE']
PCRSUM== 60.52
pcrSummation== 5.24
VOLPCRSUM== 1.94
spotLTP =  77511.46  ATM_STRIKE =  77500
IS_ATM_STRIKE_SHIFT = True  mapStrike = {77500: 77500}
avgOiPcrList2 = [np.float64(3.56)] atmStrikeNotShiftedCount= 1
True   1   1
SUPP_RES=== 78000  Buffer= 26
CEoich val =  259460.0  PEoich val =  -15200.0 , CE > PE by 105.9%
SUPP_RES TOTAL OI: CE= 1202280  PE= 319760 , CE > PE by 73.4%
IS_MORNING_WINDOW= False  (active 9:15-9:48 IST)
CHOI_UNWIND: PE side unwinding at SUPP_RES (PEchoi=-15200.0) - CHOI-based logic skipped this cycle
================================================
==== signal check time ==== 2026-08-25 14:54:00.769568
IS_CHOI_DIFF_GT_25PERC== False
RSI_VAL1== 77.26
RSI_VAL2== 77.26
FUT_3m_OHLC O= 77702.2  H= 77780.8  L= 77702.2  C= 77779.6  Range= 78.6
CHART_PATTERN_DETECTED: STRONG_MOMENTUM_BULL
  PATTERN_CONTEXT: Body= 77.4  Range= 78.6  ExpectedRange= 64.4  RangeRatio= 1.22  O= 77702.2  H= 77780.8  L= 77702.2  C= 77779.6
newSynthFut =  77800
ATMStrike =  77500
AVG_OIPCR= 0.58
avgoiPCROld=  3.56
SUPP_RES = 78000
FUT LTP = 77779.65
CEchoi  PechOi = 259460.0    -15200.0
====================================
totalOIPCR = 1.11
AVG_VOLPCR= 0.22
atmPCR= 0.23  belowATM  0.37
atmVolPCR= 0.1  belowATM  0.23
False   77779.65   78000   False   False   77.26
curr Doji False
BSE:SENSEX26AUG77700PE  curr candle vol pcr = 0.27  PE= 132500  CE= 487500      cpr =  3.68
BSE:SENSEX26AUG77700PE  prev candle vol pcr = 0.36  PE= 129980  CE= 360440      cpr =  2.77
VOL_PRESSURE_ALERT: STRONG_CALL_PRESSURE | currCPR= 3.68  prevCPR= 2.77  Direction=BEARISH_SIGNAL (heavy CE buying = expecting down move)
ATM_CE_premium= 279.8  ATM_PE_premium= 231.9
CE_PremChg= 28.4  PE_PremChg= -20.6
CandleBody= 77.4  PrevBody= 0.0  CandleRange= 78.6  Bullish
TotalVol= 620000  PrevTotalVol= 490420  VolSpike= 1.26 x 
SCALP_SCORE: BEAR | BullScore= 2  BearScore= 3 | Confidence= MEDIUM
  SCALP_BEAR_REASONS: VolCPR_2candle_bear + PremMomentum_bear(PE-20.6,CE+28.4)
DATAPOINT|14:54|FUT=77779.6|Body=77.4|PrevBody=0.0|Range=78.6|RangeRatio=1.22|CurrVolPCR=0.27|PrevVolPCR=0.36|CurrCPR=3.68|PrevCPR=2.77|VolSpike=1.26|CE_PremChg=28.4|PE_PremChg=-20.6|BullScore=2|BearScore=3|Dir=BEAR|Conf=MEDIUM
CHART_PATTERN_DETECTED: STRONG_MOMENTUM_BULL
  PATTERN_CONTEXT: Body= 77.4  Range= 78.6  ExpectedRange= 64.4  RangeRatio= 1.22  O= 77702.2  H= 77780.8  L= 77702.2  C= 77779.6
BSE:SENSEX-INDEX  strikecount= 3   fyers <fyers_apiv3.fyersModel.FyersModel object at 0x71aabc52b4d0>
======================================
oipcr1 =  BSE:SENSEX26AUG77800PE   0.37
oipcr2 =  BSE:SENSEX26AUG77700PE   0.49
oipcr3 =  BSE:SENSEX26AUG77600CE   0.67
oipcrBull = NoEntry  bulcount= 0  bearcount= 3 oipcrBear= BearTrade
atmpcr5 pcr6= 1.29    1.69
No Entry Yet
India VIX = 11.0  Spot Price = 77519.87
IV Regime = LOW (ADAPTIVE: P25= 11.31  P50= 11.85  P75= 12.14 ) | DailyRange = 1218.2 | 3minCandleRange = 64.1 (theoretical= 106.8 ) | ATMoptionMove = 28.8 | SL = 101 | Target = 101 | TrailTrigger = 29 | Spread = 300 | Buffer = 26
IV Params refreshed: {'vix': 11.0, 'bn_price': 77519.87, 'regime': 'LOW', 'regime_thresholds': 'P25=11.31 P50=11.85 P75=12.14', 'daily_range': 1218.2, 'candle_range': 64.1, 'atm_option_move': 28.8, 'sl_point': 101, 'target_point': 101, 'sl_pct_of_premium': 0.1, 'trail_trigger': 29, 'spread_width': 300, 'support_resistance_buffer': 26}
BSE:SENSEX-INDEX  strikecount= 8   fyers <fyers_apiv3.fyersModel.FyersModel object at 0x71aabc52b4d0>
===
====after 3 min ochain==== 2026-08-25 14:57:00.047560
                                    oipcr   choipcr   totalOI
pcr1 =  BSE:SENSEX26AUG78300CE   0.1   0.0 CALL added 124700   PUT added 520  OI= 357900
pcr2 =  BSE:SENSEX26AUG78200PE   0.1   0.28 CALL added 67740   PUT added 18960  OI= 40360
pcr3 =  BSE:SENSEX26AUG78100PE   0.13   0.22 CALL added 57740   PUT added 12760  OI= 50140
pcr4 =  BSE:SENSEX26AUG78000CE   0.27   -0.04 CALL added 266360   PUT unwind -10360  OI= 1209180
pcr5 =  BSE:SENSEX26AUG77900CE   0.24   0.15 CALL added 92160   PUT added 13980  OI= 466700
pcr6 =  BSE:SENSEX26AUG77800PE   0.39    -15.18 CALL unwind -4840   PUT added 73460  OI= 242040
pcr7 =  BSE:SENSEX26AUG77700PE   0.5   -0.45 CALL unwind -187820   PUT added 85160  OI= 366000
pcr8 =  BSE:SENSEX26AUG77600CE   0.67   27.2 CALL added 6200   PUT added 168640  OI= 693380
pcr9 =  BSE:SENSEX26AUG77500CE   1.41   -9.44 CALL unwind -80880   PUT added 763200  OI= 1042840
pcr10 =  BSE:SENSEX26AUG77400CE   1.81   15.32 CALL added 51080   PUT added 782780  OI= 585700
pcr11 =  BSE:SENSEX26AUG77300CE   2.48   6.75 CALL added 107180   PUT added 723080  OI= 533120
pcr12 =  BSE:SENSEX26AUG77200CE   4.83   20.99 CALL added 36780   PUT added 772000  OI= 237120
pcr13 =  BSE:SENSEX26AUG77100PE   3.78   3.6 CALL added 126660   PUT added 455460  OI= 671820
pcr14 =  BSE:SENSEX26AUG77000CE   3.85   28.03 CALL added 21440   PUT added 600980  OI= 303520
pcr15 =  BSE:SENSEX26AUG76900CE   7.29   10.44 CALL added 24260   PUT added 253180  OI= 57140
pcr16 =  BSE:SENSEX26AUG76800PE   15.65   36.31 CALL added 4920   PUT added 178660  OI= 406300
pcr17 =  BSE:SENSEX26AUG76700PE   20.86   52.48 CALL added 3400   PUT added 178440  OI= 362540
pcrSummation= 5.52  result =  ['BSE:SENSEX26AUG78200PE', 'BSE:SENSEX26AUG78100PE', 'BSE:SENSEX26AUG78000CE', 'BSE:SENSEX26AUG77900CE', 'BSE:SENSEX26AUG77800PE', 'BSE:SENSEX26AUG77700PE', 'BSE:SENSEX26AUG77600CE', 'BSE:SENSEX26AUG77500CE', 'BSE:SENSEX26AUG77400CE']
PCRSUM== 64.36
pcrSummation== 5.52
VOLPCRSUM== 1.97
spotLTP =  77519.87  ATM_STRIKE =  77500
IS_ATM_STRIKE_SHIFT = False  mapStrike = {77500: 77500}
avgOiPcrList2 = [np.float64(3.56), np.float64(3.79)] atmStrikeNotShiftedCount= 2
False   2   2
SUPP_RES=== 78000  Buffer= 26
CEoich val =  266360.0  PEoich val =  -10360.0 , CE > PE by 103.9%
SUPP_RES TOTAL OI: CE= 1209180  PE= 324600 , CE > PE by 73.2%
IS_MORNING_WINDOW= False  (active 9:15-9:48 IST)
CHOI_UNWIND: PE side unwinding at SUPP_RES (PEchoi=-10360.0) - CHOI-based logic skipped this cycle
================================================
==== signal check time ==== 2026-08-25 14:57:00.682080
IS_CHOI_DIFF_GT_25PERC== False
RSI_VAL1== 73.26
RSI_VAL2== 73.26
FUT_3m_OHLC O= 77765.0  H= 77765.0  L= 77740.5  C= 77755.0  Range= 24.5
CHART_PATTERN_DETECTED: INSIDE_BAR
  PATTERN_CONTEXT: Body= -10.0  Range= 24.5  ExpectedRange= 64.1  RangeRatio= 0.38  O= 77765.0  H= 77765.0  L= 77740.5  C= 77755.0
newSynthFut =  77800
ATMStrike =  77500
AVG_OIPCR= 0.61
avgoiPCROld=  3.79
SUPP_RES = 78000
FUT LTP = 77755.0
CEchoi  PechOi = 266360.0    -10360.0
====================================
totalOIPCR = 1.11
AVG_VOLPCR= 0.22
atmPCR= 0.24  belowATM  0.39
atmVolPCR= 0.11  belowATM  0.23
False   77755.0   78000   False   False   73.26
curr Doji False
BSE:SENSEX26AUG77700PE  curr candle vol pcr = 0.51  PE= 130640  CE= 258340      cpr =  1.98
BSE:SENSEX26AUG77700PE  prev candle vol pcr = 0.27  PE= 132500  CE= 487500      cpr =  3.68
VOL_PRESSURE_WATCH: SINGLE_CANDLE_CALL_PRESSURE | currCPR= 1.98  prevCPR= 3.68
ATM_CE_premium= 281.4  ATM_PE_premium= 226.0
CE_PremChg= 1.6  PE_PremChg= -5.9
CandleBody= -10.0  PrevBody= 77.4  CandleRange= 24.5  Bearish
TotalVol= 388980  PrevTotalVol= 620000  VolSpike= 0.63 x 
SCALP_SCORE: BEAR | BullScore= 0  BearScore= 1 | Confidence= LOW
DATAPOINT|14:57|FUT=77755.0|Body=-10.0|PrevBody=77.4|Range=24.5|RangeRatio=0.38|CurrVolPCR=0.51|PrevVolPCR=0.27|CurrCPR=1.98|PrevCPR=3.68|VolSpike=0.63|CE_PremChg=1.6|PE_PremChg=-5.9|BullScore=0|BearScore=1|Dir=BEAR|Conf=LOW
CHART_PATTERN_DETECTED: INSIDE_BAR
  PATTERN_CONTEXT: Body= -10.0  Range= 24.5  ExpectedRange= 64.1  RangeRatio= 0.38  O= 77765.0  H= 77765.0  L= 77740.5  C= 77755.0
BSE:SENSEX-INDEX  strikecount= 3   fyers <fyers_apiv3.fyersModel.FyersModel object at 0x71aabc52b4d0>
======================================
oipcr1 =  BSE:SENSEX26AUG77800PE   0.39
oipcr2 =  BSE:SENSEX26AUG77700PE   0.5
oipcr3 =  BSE:SENSEX26AUG77600CE   0.67
oipcrBull = NoEntry  bulcount= 0  bearcount= 3 oipcrBear= BearTrade
atmpcr5 pcr6= 1.41    1.81
No Entry Yet
India VIX = 11.02  Spot Price = 77536.05
IV Regime = LOW (ADAPTIVE: P25= 11.31  P50= 11.85  P75= 12.14 ) | DailyRange = 1220.6 | 3minCandleRange = 64.2 (theoretical= 107.1 ) | ATMoptionMove = 28.9 | SL = 101 | Target = 101 | TrailTrigger = 29 | Spread = 300 | Buffer = 26
IV Params refreshed: {'vix': 11.02, 'bn_price': 77536.05, 'regime': 'LOW', 'regime_thresholds': 'P25=11.31 P50=11.85 P75=12.14', 'daily_range': 1220.6, 'candle_range': 64.2, 'atm_option_move': 28.9, 'sl_point': 101, 'target_point': 101, 'sl_pct_of_premium': 0.1, 'trail_trigger': 29, 'spread_width': 300, 'support_resistance_buffer': 26}
BSE:SENSEX-INDEX  strikecount= 8   fyers <fyers_apiv3.fyersModel.FyersModel object at 0x71aabc52b4d0>
===
====after 3 min ochain==== 2026-08-25 15:00:00.050731
                                    oipcr   choipcr   totalOI
pcr1 =  BSE:SENSEX26AUG78300CE   0.1   0.01 CALL added 131260   PUT added 1600  OI= 364460
pcr2 =  BSE:SENSEX26AUG78200PE   0.09   0.2 CALL added 95180   PUT added 19440  OI= 40840
pcr3 =  BSE:SENSEX26AUG78100PE   0.14   0.28 CALL added 64240   PUT added 18220  OI= 55600
pcr4 =  BSE:SENSEX26AUG78000CE   0.27   -0.03 CALL added 252380   PUT unwind -7900  OI= 1195200
pcr5 =  BSE:SENSEX26AUG77900CE   0.25   0.21 CALL added 104440   PUT added 22360  OI= 478980
pcr6 =  BSE:SENSEX26AUG77800PE   0.43    -3.17 CALL unwind -27700   PUT added 87920  OI= 256500
pcr7 =  BSE:SENSEX26AUG77700PE   0.52   -0.41 CALL unwind -211920   PUT added 87420  OI= 368260
pcr8 =  BSE:SENSEX26AUG77600CE   0.72   -9.76 CALL unwind -18860   PUT added 184060  OI= 668320
pcr9 =  BSE:SENSEX26AUG77500CE   1.51   -10.62 CALL unwind -81460   PUT added 865200  OI= 1042260
pcr10 =  BSE:SENSEX26AUG77400CE   1.89   28.92 CALL added 27140   PUT added 784980  OI= 561760
pcr11 =  BSE:SENSEX26AUG77300CE   2.54   7.27 CALL added 102140   PUT added 742920  OI= 528080
pcr12 =  BSE:SENSEX26AUG77200CE   5.07   25.7 CALL added 31140   PUT added 800340  OI= 231480
pcr13 =  BSE:SENSEX26AUG77100PE   3.85   3.7 CALL added 124460   PUT added 460620  OI= 676980
pcr14 =  BSE:SENSEX26AUG77000CE   3.78   28.42 CALL added 20300   PUT added 576900  OI= 302380
pcr15 =  BSE:SENSEX26AUG76900CE   7.38   10.73 CALL added 23660   PUT added 253780  OI= 56540
pcr16 =  BSE:SENSEX26AUG76800PE   15.96   39.39 CALL added 4620   PUT added 181980  OI= 409620
pcr17 =  BSE:SENSEX26AUG76700PE   21.58   53.7 CALL added 3660   PUT added 196560  OI= 380660
pcrSummation= 5.819999999999999  result =  ['BSE:SENSEX26AUG78200PE', 'BSE:SENSEX26AUG78100PE', 'BSE:SENSEX26AUG78000CE', 'BSE:SENSEX26AUG77900CE', 'BSE:SENSEX26AUG77800PE', 'BSE:SENSEX26AUG77700PE', 'BSE:SENSEX26AUG77600CE', 'BSE:SENSEX26AUG77500CE', 'BSE:SENSEX26AUG77400CE']
PCRSUM== 66.08
pcrSummation== 5.82
VOLPCRSUM== 1.97
spotLTP =  77536.05  ATM_STRIKE =  77500
IS_ATM_STRIKE_SHIFT = False  mapStrike = {77500: 77500}
avgOiPcrList2 = [np.float64(3.56), np.float64(3.79), np.float64(3.89)] atmStrikeNotShiftedCount= 3
False   3   3
SUPP_RES=== 78000  Buffer= 26
CEoich val =  252380.0  PEoich val =  -7900.0 , CE > PE by 103.1%
SUPP_RES TOTAL OI: CE= 1195200  PE= 327060 , CE > PE by 72.6%
IS_MORNING_WINDOW= False  (active 9:15-9:48 IST)
CHOI_UNWIND: PE side unwinding at SUPP_RES (PEchoi=-7900.0) - CHOI-based logic skipped this cycle
================================================
==== signal check time ==== 2026-08-25 15:00:00.953507
IS_CHOI_DIFF_GT_25PERC== False
RSI_VAL1== 73.86
RSI_VAL2== 73.86
FUT_3m_OHLC O= 77755.0  H= 77765.0  L= 77755.0  C= 77765.0  Range= 10.0
CHART_PATTERN_DETECTED: BULLISH_ENGULFING | INSIDE_BAR | DOUBLE_TOP_FORMING
  PATTERN_CONTEXT: Body= 10.0  Range= 10.0  ExpectedRange= 64.2  RangeRatio= 0.16  O= 77755.0  H= 77765.0  L= 77755.0  C= 77765.0
isPcrInc = True
newSynthFut =  77800
ATMStrike =  77500
AVG_OIPCR= 0.65
avgoiPCROld=  3.89
SUPP_RES = 78000
FUT LTP = 77765.0
CEchoi  PechOi = 252380.0    -7900.0
====================================
totalOIPCR = 1.13
AVG_VOLPCR= 0.22
atmPCR= 0.25  belowATM  0.43
atmVolPCR= 0.11  belowATM  0.23
False   77765.0   78000   True   False   73.86
no trade yet = [np.float64(3.56), np.float64(3.79), np.float64(3.89)]
curr Doji False
BSE:SENSEX26AUG77700PE  curr candle vol pcr = 0.43  PE= 87320  CE= 205120      cpr =  2.35
BSE:SENSEX26AUG77700PE  prev candle vol pcr = 0.51  PE= 130640  CE= 258340      cpr =  1.98
VOL_PRESSURE_WATCH: SINGLE_CANDLE_CALL_PRESSURE | currCPR= 2.35  prevCPR= 1.98
ATM_CE_premium= 287.25  ATM_PE_premium= 221.45
CE_PremChg= 5.85  PE_PremChg= -4.55
CandleBody= 10.0  PrevBody= -10.0  CandleRange= 10.0  Bullish
TotalVol= 292440  PrevTotalVol= 388980  VolSpike= 0.75 x 
SCALP_SCORE: NEUTRAL | BullScore= 1  BearScore= 1 | Confidence= LOW
DATAPOINT|15:00|FUT=77765.0|Body=10.0|PrevBody=-10.0|Range=10.0|RangeRatio=0.16|CurrVolPCR=0.43|PrevVolPCR=0.51|CurrCPR=2.35|PrevCPR=1.98|VolSpike=0.75|CE_PremChg=5.85|PE_PremChg=-4.55|BullScore=1|BearScore=1|Dir=NEUTRAL|Conf=LOW
CHART_PATTERN_DETECTED: BULLISH_ENGULFING | INSIDE_BAR | DOUBLE_TOP_FORMING
  PATTERN_CONTEXT: Body= 10.0  Range= 10.0  ExpectedRange= 64.2  RangeRatio= 0.16  O= 77755.0  H= 77765.0  L= 77755.0  C= 77765.0
BSE:SENSEX-INDEX  strikecount= 3   fyers <fyers_apiv3.fyersModel.FyersModel object at 0x71aabc52b4d0>
======================================
oipcr1 =  BSE:SENSEX26AUG77800PE   0.43
oipcr2 =  BSE:SENSEX26AUG77700PE   0.52
oipcr3 =  BSE:SENSEX26AUG77600CE   0.72
oipcrBull = NoEntry  bulcount= 0  bearcount= 3 oipcrBear= BearTrade
atmpcr5 pcr6= 1.51    1.89
No Entry Yet
India VIX = 11.07  Spot Price = 77534.94
IV Regime = LOW (ADAPTIVE: P25= 11.31  P50= 11.85  P75= 12.14 ) | DailyRange = 1226.2 | 3minCandleRange = 64.5 (theoretical= 107.5 ) | ATMoptionMove = 29.0 | SL = 102 | Target = 102 | TrailTrigger = 29 | Spread = 300 | Buffer = 26
IV Params refreshed: {'vix': 11.07, 'bn_price': 77534.94, 'regime': 'LOW', 'regime_thresholds': 'P25=11.31 P50=11.85 P75=12.14', 'daily_range': 1226.2, 'candle_range': 64.5, 'atm_option_move': 29.0, 'sl_point': 102, 'target_point': 102, 'sl_pct_of_premium': 0.1, 'trail_trigger': 29, 'spread_width': 300, 'support_resistance_buffer': 26}
BSE:SENSEX-INDEX  strikecount= 8   fyers <fyers_apiv3.fyersModel.FyersModel object at 0x71aabc52b4d0>
===
====after 3 min ochain==== 2026-08-25 15:03:00.047265
                                    oipcr   choipcr   totalOI
pcr1 =  BSE:SENSEX26AUG78300CE   0.1   0.02 CALL added 131080   PUT added 2220  OI= 364280
pcr2 =  BSE:SENSEX26AUG78200PE   0.09   0.21 CALL added 91860   PUT added 19080  OI= 40480
pcr3 =  BSE:SENSEX26AUG78100PE   0.13   0.24 CALL added 74500   PUT added 17960  OI= 55340
pcr4 =  BSE:SENSEX26AUG78000CE   0.28   -0.02 CALL added 247660   PUT unwind -4380  OI= 1190480
pcr5 =  BSE:SENSEX26AUG77900CE   0.26   0.24 CALL added 106480   PUT added 25120  OI= 481020
pcr6 =  BSE:SENSEX26AUG77800PE   0.43    -2.34 CALL unwind -36440   PUT added 85140  OI= 253720
pcr7 =  BSE:SENSEX26AUG77700PE   0.54   -0.44 CALL unwind -220360   PUT added 96360  OI= 377200
pcr8 =  BSE:SENSEX26AUG77600CE   0.8   -6.59 CALL unwind -34440   PUT added 227080  OI= 652740
pcr9 =  BSE:SENSEX26AUG77500CE   1.56   -9.57 CALL unwind -93880   PUT added 898600  OI= 1029840
pcr10 =  BSE:SENSEX26AUG77400CE   1.92   25.44 CALL added 31900   PUT added 811620  OI= 566520
pcr11 =  BSE:SENSEX26AUG77300CE   2.61   8.76 CALL added 83420   PUT added 730520  OI= 509360
pcr12 =  BSE:SENSEX26AUG77200CE   5.08   26.05 CALL added 30700   PUT added 799800  OI= 231040
pcr13 =  BSE:SENSEX26AUG77100PE   3.96   3.85 CALL added 121040   PUT added 465740  OI= 682100
pcr14 =  BSE:SENSEX26AUG77000CE   3.9   35.28 CALL added 17040   PUT added 601220  OI= 299120
pcr15 =  BSE:SENSEX26AUG76900CE   7.47   11.05 CALL added 22940   PUT added 253600  OI= 55820
pcr16 =  BSE:SENSEX26AUG76800PE   15.7   35.51 CALL added 5180   PUT added 183920  OI= 411560
pcr17 =  BSE:SENSEX26AUG76700PE   23.64   82.19 CALL added 2500   PUT added 205480  OI= 389580
pcrSummation= 6.01  result =  ['BSE:SENSEX26AUG78200PE', 'BSE:SENSEX26AUG78100PE', 'BSE:SENSEX26AUG78000CE', 'BSE:SENSEX26AUG77900CE', 'BSE:SENSEX26AUG77800PE', 'BSE:SENSEX26AUG77700PE', 'BSE:SENSEX26AUG77600CE', 'BSE:SENSEX26AUG77500CE', 'BSE:SENSEX26AUG77400CE']
PCRSUM== 68.47
pcrSummation== 6.01
VOLPCRSUM== 1.99
spotLTP =  77534.77  ATM_STRIKE =  77500
IS_ATM_STRIKE_SHIFT = False  mapStrike = {77500: 77500}
avgOiPcrList2 = [np.float64(3.79), np.float64(3.89), np.float64(4.03)] atmStrikeNotShiftedCount= 4
False   4   3
SUPP_RES=== 78000  Buffer= 26
CEoich val =  247660.0  PEoich val =  -4380.0 , CE > PE by 101.8%
SUPP_RES TOTAL OI: CE= 1190480  PE= 330580 , CE > PE by 72.2%
IS_MORNING_WINDOW= False  (active 9:15-9:48 IST)
CHOI_UNWIND: PE side unwinding at SUPP_RES (PEchoi=-4380.0) - CHOI-based logic skipped this cycle
================================================
==== signal check time ==== 2026-08-25 15:03:00.681979
IS_CHOI_DIFF_GT_25PERC== False
RSI_VAL1== 73.49
RSI_VAL2== 73.49
FUT_3m_OHLC O= 77762.8  H= 77762.9  L= 77762.8  C= 77762.9  Range= 0.1
CHART_PATTERN_DETECTED: INSIDE_BAR | DOUBLE_TOP_FORMING
  PATTERN_CONTEXT: Body= 0.1  Range= 0.1  ExpectedRange= 64.5  RangeRatio= 0.0  O= 77762.8  H= 77762.9  L= 77762.8  C= 77762.9
isPcrInc = True
newSynthFut =  77800
ATMStrike =  77500
AVG_OIPCR= 0.67
avgoiPCROld=  4.03
SUPP_RES = 78000
FUT LTP = 77762.9
CEchoi  PechOi = 247660.0    -4380.0
====================================
totalOIPCR = 1.14
AVG_VOLPCR= 0.22
atmPCR= 0.26  belowATM  0.43
atmVolPCR= 0.11  belowATM  0.23
False   77762.9   78000   True   False   73.49
no trade yet = [np.float64(3.79), np.float64(3.89), np.float64(4.03)]
curr Doji False
BSE:SENSEX26AUG77700PE  curr candle vol pcr = 0.54  PE= 104360  CE= 192280      cpr =  1.84
BSE:SENSEX26AUG77700PE  prev candle vol pcr = 0.43  PE= 87320  CE= 205120      cpr =  2.35
VOL_PRESSURE_WATCH: SINGLE_CANDLE_CALL_PRESSURE | currCPR= 1.84  prevCPR= 2.35
ATM_CE_premium= 275.05  ATM_PE_premium= 227.25
CE_PremChg= -12.2  PE_PremChg= 5.8
CandleBody= 0.1  PrevBody= 10.0  CandleRange= 0.1  Bullish
TotalVol= 296640  PrevTotalVol= 292440  VolSpike= 1.01 x 
SCALP_SCORE: BULL | BullScore= 2  BearScore= 1 | Confidence= LOW
DATAPOINT|15:03|FUT=77762.9|Body=0.1|PrevBody=10.0|Range=0.1|RangeRatio=0.0|CurrVolPCR=0.54|PrevVolPCR=0.43|CurrCPR=1.84|PrevCPR=2.35|VolSpike=1.01|CE_PremChg=-12.2|PE_PremChg=5.8|BullScore=2|BearScore=1|Dir=BULL|Conf=LOW
CHART_PATTERN_DETECTED: INSIDE_BAR | DOUBLE_TOP_FORMING
  PATTERN_CONTEXT: Body= 0.1  Range= 0.1  ExpectedRange= 64.5  RangeRatio= 0.0  O= 77762.8  H= 77762.9  L= 77762.8  C= 77762.9
BSE:SENSEX-INDEX  strikecount= 3   fyers <fyers_apiv3.fyersModel.FyersModel object at 0x71aabc52b4d0>
======================================
oipcr1 =  BSE:SENSEX26AUG77800PE   0.43
oipcr2 =  BSE:SENSEX26AUG77700PE   0.54
oipcr3 =  BSE:SENSEX26AUG77600CE   0.8
oipcrBull = NoEntry  bulcount= 0  bearcount= 3 oipcrBear= BearTrade
atmpcr5 pcr6= 1.56    1.92
No Entry Yet
India VIX = 10.99  Spot Price = 77526.89
IV Regime = LOW (ADAPTIVE: P25= 11.31  P50= 11.85  P75= 12.14 ) | DailyRange = 1217.2 | 3minCandleRange = 64.1 (theoretical= 106.8 ) | ATMoptionMove = 28.8 | SL = 101 | Target = 101 | TrailTrigger = 29 | Spread = 300 | Buffer = 26
IV Params refreshed: {'vix': 10.99, 'bn_price': 77526.89, 'regime': 'LOW', 'regime_thresholds': 'P25=11.31 P50=11.85 P75=12.14', 'daily_range': 1217.2, 'candle_range': 64.1, 'atm_option_move': 28.8, 'sl_point': 101, 'target_point': 101, 'sl_pct_of_premium': 0.1, 'trail_trigger': 29, 'spread_width': 300, 'support_resistance_buffer': 26}
BSE:SENSEX-INDEX  strikecount= 8   fyers <fyers_apiv3.fyersModel.FyersModel object at 0x71aabc52b4d0>
===
====after 3 min ochain==== 2026-08-25 15:06:00.032155
                                    oipcr   choipcr   totalOI
pcr1 =  BSE:SENSEX26AUG78300CE   0.1   0.01 CALL added 133520   PUT added 1920  OI= 366720
pcr2 =  BSE:SENSEX26AUG78200PE   0.1   0.28 CALL added 75180   PUT added 21040  OI= 42440
pcr3 =  BSE:SENSEX26AUG78100PE   0.14   0.3 CALL added 58880   PUT added 17680  OI= 55060
pcr4 =  BSE:SENSEX26AUG78000CE   0.27   -0.0 CALL added 290140   PUT unwind -1420  OI= 1232960
pcr5 =  BSE:SENSEX26AUG77900CE   0.27   0.32 CALL added 91820   PUT added 29640  OI= 466360
pcr6 =  BSE:SENSEX26AUG77800PE   0.44    -1.81 CALL unwind -48100   PUT added 86960  OI= 255540
pcr7 =  BSE:SENSEX26AUG77700PE   0.57   -0.45 CALL unwind -234020   PUT added 104620  OI= 385460
pcr8 =  BSE:SENSEX26AUG77600CE   0.86   -3.41 CALL unwind -69160   PUT added 236060  OI= 618020
pcr9 =  BSE:SENSEX26AUG77500CE   1.57   -10.73 CALL unwind -85820   PUT added 920440  OI= 1037900
pcr10 =  BSE:SENSEX26AUG77400CE   2.01   55.99 CALL added 14780   PUT added 827540  OI= 549400
pcr11 =  BSE:SENSEX26AUG77300CE   2.68   11.38 CALL added 62280   PUT added 708920  OI= 488220
pcr12 =  BSE:SENSEX26AUG77200CE   5.13   27.38 CALL added 29380   PUT added 804500  OI= 229720
pcr13 =  BSE:SENSEX26AUG77100PE   4.18   4.16 CALL added 114080   PUT added 474640  OI= 691000
pcr14 =  BSE:SENSEX26AUG77000CE   4.0   38.48 CALL added 16300   PUT added 627220  OI= 298380
pcr15 =  BSE:SENSEX26AUG76900CE   7.57   11.3 CALL added 22820   PUT added 257800  OI= 55700
pcr16 =  BSE:SENSEX26AUG76800PE   16.16   40.16 CALL added 4680   PUT added 187940  OI= 415580
pcr17 =  BSE:SENSEX26AUG76700PE   25.08   109.19 CALL added 1980   PUT added 216200  OI= 400300
pcrSummation= 8.81  result =  ['BSE:SENSEX26AUG78100PE', 'BSE:SENSEX26AUG78000CE', 'BSE:SENSEX26AUG77900CE', 'BSE:SENSEX26AUG77800PE', 'BSE:SENSEX26AUG77700PE', 'BSE:SENSEX26AUG77600CE', 'BSE:SENSEX26AUG77500CE', 'BSE:SENSEX26AUG77400CE', 'BSE:SENSEX26AUG77300CE']
PCRSUM== 71.13
pcrSummation== 8.81
VOLPCRSUM== 2.0
spotLTP =  77526.89  ATM_STRIKE =  77500
IS_ATM_STRIKE_SHIFT = False  mapStrike = {77500: 77500}
avgOiPcrList2 = [np.float64(3.89), np.float64(4.03), np.float64(4.18)] atmStrikeNotShiftedCount= 5
False   5   3
SUPP_RES=== 77500  Buffer= 26
CEoich val =  -85820.0  PEoich val =  920440.0 , CE < PE by 109.3%
SUPP_RES TOTAL OI: CE= 1037900  PE= 1625220 , CE < PE by 36.1%
IS_MORNING_WINDOW= False  (active 9:15-9:48 IST)
CHOI_UNWIND: CE side unwinding at SUPP_RES (CEchoi=-85820.0) - CHOI-based logic skipped this cycle
================================================
==== signal check time ==== 2026-08-25 15:06:00.707013
IS_CHOI_DIFF_GT_25PERC== False
RSI_VAL1== 70.91
RSI_VAL2== 70.91
FUT_3m_OHLC O= 77749.8  H= 77774.8  L= 77748.6  C= 77748.6  Range= 26.1
CHART_PATTERN_DETECTED: SHOOTING_STAR | OUTSIDE_BAR | DOUBLE_TOP_FORMING | DOUBLE_BOTTOM_FORMING
  PATTERN_CONTEXT: Body= -1.1  Range= 26.1  ExpectedRange= 64.1  RangeRatio= 0.41  O= 77749.8  H= 77774.8  L= 77748.6  C= 77748.6
isPcrInc = True
newSynthFut =  77700
ATMStrike =  77500
AVG_OIPCR= 0.98
avgoiPCROld=  4.18
SUPP_RES = 77500
FUT LTP = 77748.65
CEchoi  PechOi = -85820.0    920440.0
====================================
totalOIPCR = 1.15
AVG_VOLPCR= 0.22
atmPCR= 0.27  belowATM  0.44
atmVolPCR= 0.11  belowATM  0.23
False   77748.65   77500   True   False   70.91
no trade yet = [np.float64(3.89), np.float64(4.03), np.float64(4.18)]
curr Doji False
BSE:SENSEX26AUG77700PE  curr candle vol pcr = 0.64  PE= 95060  CE= 148060      cpr =  1.56
BSE:SENSEX26AUG77700PE  prev candle vol pcr = 0.54  PE= 104360  CE= 192280      cpr =  1.84
ATM_CE_premium= 278.0  ATM_PE_premium= 225.9
CE_PremChg= 2.95  PE_PremChg= -1.35
CandleBody= -1.1  PrevBody= 0.1  CandleRange= 26.1  Bearish
TotalVol= 243120  PrevTotalVol= 296640  VolSpike= 0.82 x 
SCALP_SCORE: BEAR | BullScore= 0  BearScore= 1 | Confidence= LOW
DATAPOINT|15:06|FUT=77748.6|Body=-1.1|PrevBody=0.1|Range=26.1|RangeRatio=0.41|CurrVolPCR=0.64|PrevVolPCR=0.54|CurrCPR=1.56|PrevCPR=1.84|VolSpike=0.82|CE_PremChg=2.95|PE_PremChg=-1.35|BullScore=0|BearScore=1|Dir=BEAR|Conf=LOW
CHART_PATTERN_DETECTED: SHOOTING_STAR | OUTSIDE_BAR | DOUBLE_TOP_FORMING | DOUBLE_BOTTOM_FORMING
  PATTERN_CONTEXT: Body= -1.1  Range= 26.1  ExpectedRange= 64.1  RangeRatio= 0.41  O= 77749.8  H= 77774.8  L= 77748.6  C= 77748.6
BSE:SENSEX-INDEX  strikecount= 3   fyers <fyers_apiv3.fyersModel.FyersModel object at 0x71aabc52b4d0>
======================================
oipcr1 =  BSE:SENSEX26AUG77800PE   0.44
oipcr2 =  BSE:SENSEX26AUG77700PE   0.57
oipcr3 =  BSE:SENSEX26AUG77600CE   0.86
oipcrBull = NoEntry  bulcount= 0  bearcount= 3 oipcrBear= BearTrade
atmpcr5 pcr6= 1.57    2.01
No Entry Yet
India VIX = 11.03  Spot Price = 77504.79
IV Regime = LOW (ADAPTIVE: P25= 11.31  P50= 11.85  P75= 12.14 ) | DailyRange = 1221.3 | 3minCandleRange = 64.3 (theoretical= 107.1 ) | ATMoptionMove = 28.9 | SL = 101 | Target = 101 | TrailTrigger = 29 | Spread = 300 | Buffer = 26
IV Params refreshed: {'vix': 11.03, 'bn_price': 77504.79, 'regime': 'LOW', 'regime_thresholds': 'P25=11.31 P50=11.85 P75=12.14', 'daily_range': 1221.3, 'candle_range': 64.3, 'atm_option_move': 28.9, 'sl_point': 101, 'target_point': 101, 'sl_pct_of_premium': 0.1, 'trail_trigger': 29, 'spread_width': 300, 'support_resistance_buffer': 26}
BSE:SENSEX-INDEX  strikecount= 8   fyers <fyers_apiv3.fyersModel.FyersModel object at 0x71aabc52b4d0>
===
====after 3 min ochain==== 2026-08-25 15:09:00.049092
                                    oipcr   choipcr   totalOI
pcr1 =  BSE:SENSEX26AUG78300CE   0.1   0.01 CALL added 139940   PUT added 1760  OI= 373140
pcr2 =  BSE:SENSEX26AUG78200PE   0.1   0.25 CALL added 82380   PUT added 20860  OI= 42260
pcr3 =  BSE:SENSEX26AUG78100PE   0.13   0.26 CALL added 62300   PUT added 16040  OI= 53420
pcr4 =  BSE:SENSEX26AUG78000CE   0.27   0.0 CALL added 298860   PUT added 1160  OI= 1241680
pcr5 =  BSE:SENSEX26AUG77900CE   0.28   0.33 CALL added 96260   PUT added 32140  OI= 470800
pcr6 =  BSE:SENSEX26AUG77800PE   0.44    -2.03 CALL unwind -44380   PUT added 90240  OI= 258820
pcr7 =  BSE:SENSEX26AUG77700PE   0.57   -0.49 CALL unwind -228820   PUT added 111800  OI= 392640
pcr8 =  BSE:SENSEX26AUG77600CE   0.87   -4.3 CALL unwind -58520   PUT added 251840  OI= 628660
pcr9 =  BSE:SENSEX26AUG77500CE   1.59   -11.4 CALL unwind -82960   PUT added 945860  OI= 1040760
pcr10 =  BSE:SENSEX26AUG77400CE   2.05   279.24 CALL added 2960   PUT added 826560  OI= 537580
pcr11 =  BSE:SENSEX26AUG77300CE   2.71   12.37 CALL added 57460   PUT added 710980  OI= 483400
pcr12 =  BSE:SENSEX26AUG77200CE   5.09   26.35 CALL added 30420   PUT added 801480  OI= 230760
pcr13 =  BSE:SENSEX26AUG77100PE   4.15   4.13 CALL added 113200   PUT added 467020  OI= 683380
pcr14 =  BSE:SENSEX26AUG77000CE   4.08   41.03 CALL added 15820   PUT added 649160  OI= 297900
pcr15 =  BSE:SENSEX26AUG76900CE   7.58   11.41 CALL added 22420   PUT added 255780  OI= 55300
pcr16 =  BSE:SENSEX26AUG76800PE   16.37   41.2 CALL added 4700   PUT added 193640  OI= 421280
pcr17 =  BSE:SENSEX26AUG76700PE   26.92   129.19 CALL added 1880   PUT added 242880  OI= 426980
pcrSummation= 8.91  result =  ['BSE:SENSEX26AUG78100PE', 'BSE:SENSEX26AUG78000CE', 'BSE:SENSEX26AUG77900CE', 'BSE:SENSEX26AUG77800PE', 'BSE:SENSEX26AUG77700PE', 'BSE:SENSEX26AUG77600CE', 'BSE:SENSEX26AUG77500CE', 'BSE:SENSEX26AUG77400CE', 'BSE:SENSEX26AUG77300CE']
PCRSUM== 73.3
pcrSummation== 8.91
VOLPCRSUM== 2.02
spotLTP =  77504.79  ATM_STRIKE =  77500
IS_ATM_STRIKE_SHIFT = False  mapStrike = {77500: 77500}
avgOiPcrList2 = [np.float64(4.03), np.float64(4.18), np.float64(4.31)] atmStrikeNotShiftedCount= 6
False   6   3
SUPP_RES=== 77500  Buffer= 26
CEoich val =  -82960.0  PEoich val =  945860.0 , CE < PE by 108.8%
SUPP_RES TOTAL OI: CE= 1040760  PE= 1650640 , CE < PE by 36.9%
IS_MORNING_WINDOW= False  (active 9:15-9:48 IST)
CHOI_UNWIND: CE side unwinding at SUPP_RES (CEchoi=-82960.0) - CHOI-based logic skipped this cycle
================================================
==== signal check time ==== 2026-08-25 15:09:00.689930
IS_CHOI_DIFF_GT_25PERC== False
RSI_VAL1== 70.91
RSI_VAL2== 70.91
FUT_3m_OHLC O= 77748.6  H= 77748.6  L= 77748.6  C= 77748.6  Range= 0.0
CHART_PATTERN_DETECTED: INSIDE_BAR | DOUBLE_TOP_FORMING | DOUBLE_BOTTOM_FORMING
  PATTERN_CONTEXT: Body= 0.0  Range= 0.0  ExpectedRange= 64.3  RangeRatio= 0.0  O= 77748.6  H= 77748.6  L= 77748.6  C= 77748.6
isPcrInc = True
newSynthFut =  77700
ATMStrike =  77500
AVG_OIPCR= 0.99
avgoiPCROld=  4.31
SUPP_RES = 77500
FUT LTP = 77748.65
CEchoi  PechOi = -82960.0    945860.0
====================================
totalOIPCR = 1.15
AVG_VOLPCR= 0.22
atmPCR= 0.28  belowATM  0.44
atmVolPCR= 0.11  belowATM  0.24
False   77748.65   77500   True   False   70.91
no trade yet = [np.float64(4.03), np.float64(4.18), np.float64(4.31)]
curr Doji False
BSE:SENSEX26AUG77700PE  curr candle vol pcr = 0.57  PE= 43860  CE= 77320      cpr =  1.76
BSE:SENSEX26AUG77700PE  prev candle vol pcr = 0.64  PE= 95060  CE= 148060      cpr =  1.56
ATM_CE_premium= 278.95  ATM_PE_premium= 225.1
CE_PremChg= 0.95  PE_PremChg= -0.8
CandleBody= 0.0  PrevBody= -1.1  CandleRange= 0.0  Doji
TotalVol= 121180  PrevTotalVol= 243120  VolSpike= 0.5 x 
SCALP_SCORE: BEAR | BullScore= 0  BearScore= 1 | Confidence= LOW
DATAPOINT|15:09|FUT=77748.6|Body=0.0|PrevBody=-1.1|Range=0.0|RangeRatio=0.0|CurrVolPCR=0.57|PrevVolPCR=0.64|CurrCPR=1.76|PrevCPR=1.56|VolSpike=0.5|CE_PremChg=0.95|PE_PremChg=-0.8|BullScore=0|BearScore=1|Dir=BEAR|Conf=LOW
CHART_PATTERN_DETECTED: INSIDE_BAR | DOUBLE_TOP_FORMING | DOUBLE_BOTTOM_FORMING
  PATTERN_CONTEXT: Body= 0.0  Range= 0.0  ExpectedRange= 64.3  RangeRatio= 0.0  O= 77748.6  H= 77748.6  L= 77748.6  C= 77748.6
BSE:SENSEX-INDEX  strikecount= 3   fyers <fyers_apiv3.fyersModel.FyersModel object at 0x71aabc52b4d0>
======================================
oipcr1 =  BSE:SENSEX26AUG77800PE   0.44
oipcr2 =  BSE:SENSEX26AUG77700PE   0.57
oipcr3 =  BSE:SENSEX26AUG77600CE   0.87
oipcrBull = NoEntry  bulcount= 0  bearcount= 3 oipcrBear= BearTrade
atmpcr5 pcr6= 1.59    2.05
No Entry Yet
India VIX = 11.1  Spot Price = 77562.06
IV Regime = LOW (ADAPTIVE: P25= 11.31  P50= 11.85  P75= 12.14 ) | DailyRange = 1229.9 | 3minCandleRange = 64.7 (theoretical= 107.9 ) | ATMoptionMove = 29.1 | SL = 102 | Target = 102 | TrailTrigger = 29 | Spread = 300 | Buffer = 26
IV Params refreshed: {'vix': 11.1, 'bn_price': 77562.06, 'regime': 'LOW', 'regime_thresholds': 'P25=11.31 P50=11.85 P75=12.14', 'daily_range': 1229.9, 'candle_range': 64.7, 'atm_option_move': 29.1, 'sl_point': 102, 'target_point': 102, 'sl_pct_of_premium': 0.1, 'trail_trigger': 29, 'spread_width': 300, 'support_resistance_buffer': 26}
BSE:SENSEX-INDEX  strikecount= 8   fyers <fyers_apiv3.fyersModel.FyersModel object at 0x71aabc52b4d0>
===
====after 3 min ochain==== 2026-08-25 15:12:00.049088
                                    oipcr   choipcr   totalOI
pcr1 =  BSE:SENSEX26AUG78400CE   0.04   0.06 CALL added 26220   PUT added 1580  OI= 250140
pcr2 =  BSE:SENSEX26AUG78300CE   0.1   0.02 CALL added 128920   PUT added 2040  OI= 362120
pcr3 =  BSE:SENSEX26AUG78200PE   0.1   0.24 CALL added 83140   PUT added 19540  OI= 40940
pcr4 =  BSE:SENSEX26AUG78100PE   0.13   0.26 CALL added 64400   PUT added 17060  OI= 54440
pcr5 =  BSE:SENSEX26AUG78000CE   0.25   0.01 CALL added 403800   PUT added 5540  OI= 1346620
pcr6 =  BSE:SENSEX26AUG77900CE   0.29    0.39 CALL added 84260   PUT added 32760  OI= 458800
pcr7 =  BSE:SENSEX26AUG77800PE   0.45   -1.66 CALL unwind -54180   PUT added 89960  OI= 258540
pcr8 =  BSE:SENSEX26AUG77700PE   0.57   -0.45 CALL unwind -236460   PUT added 105680  OI= 386520
pcr9 =  BSE:SENSEX26AUG77600CE   0.91   -3.04 CALL unwind -83500   PUT added 253540  OI= 603680
pcr10 =  BSE:SENSEX26AUG77500CE   1.64   -9.3 CALL unwind -103840   PUT added 965280  OI= 1019880
pcr11 =  BSE:SENSEX26AUG77400CE   2.12   -87.9 CALL unwind -9500   PUT added 835060  OI= 525120
pcr12 =  BSE:SENSEX26AUG77300CE   2.75   15.13 CALL added 46480   PUT added 703140  OI= 472420
pcr13 =  BSE:SENSEX26AUG77200CE   5.15   28.59 CALL added 28100   PUT added 803480  OI= 228440
pcr14 =  BSE:SENSEX26AUG77100PE   4.26   4.28 CALL added 110980   PUT added 474460  OI= 690820
pcr15 =  BSE:SENSEX26AUG77000CE   4.16   44.46 CALL added 15060   PUT added 669640  OI= 297140
pcr16 =  BSE:SENSEX26AUG76900CE   7.64   11.6 CALL added 22100   PUT added 256460  OI= 54980
pcr17 =  BSE:SENSEX26AUG76800PE   16.7   43.46 CALL added 4620   PUT added 200780  OI= 428420
pcrSummation= 6.46  result =  ['BSE:SENSEX26AUG78200PE', 'BSE:SENSEX26AUG78100PE', 'BSE:SENSEX26AUG78000CE', 'BSE:SENSEX26AUG77900CE', 'BSE:SENSEX26AUG77800PE', 'BSE:SENSEX26AUG77700PE', 'BSE:SENSEX26AUG77600CE', 'BSE:SENSEX26AUG77500CE', 'BSE:SENSEX26AUG77400CE']
PCRSUM== 47.26
pcrSummation== 6.46
VOLPCRSUM== 1.34
spotLTP =  77562.06  ATM_STRIKE =  77600
IS_ATM_STRIKE_SHIFT = True  mapStrike = {77600: 77600}
avgOiPcrList2 = [np.float64(2.78)] atmStrikeNotShiftedCount= 1
True   1   1
SUPP_RES=== 78000  Buffer= 26
CEoich val =  403800.0  PEoich val =  5540.0 , CE > PE by 98.6%
SUPP_RES TOTAL OI: CE= 1346620  PE= 340500 , CE > PE by 74.7%
IS_MORNING_WINDOW= False  (active 9:15-9:48 IST)
================================================
==== signal check time ==== 2026-08-25 15:12:00.725428
IS_CHOI_DIFF_GT_25PERC== True
RSI_VAL1== 73.09
RSI_VAL2== 73.09
FUT_3m_OHLC O= 77748.6  H= 77777.0  L= 77748.6  C= 77777.0  Range= 28.4
CHART_PATTERN_DETECTED: DOUBLE_TOP_FORMING | DOUBLE_BOTTOM_FORMING
  PATTERN_CONTEXT: Body= 28.4  Range= 28.4  ExpectedRange= 64.7  RangeRatio= 0.44  O= 77748.6  H= 77777.0  L= 77748.6  C= 77777.0
newSynthFut =  77800
ATMStrike =  77600
AVG_OIPCR= 0.72
avgoiPCROld=  2.78
SUPP_RES = 78000
FUT LTP = 77777.0
CEchoi  PechOi = 403800.0    5540.0
====================================
totalOIPCR = 1.16
AVG_VOLPCR= 0.15
atmPCR= 0.25  belowATM  0.29
atmVolPCR= 0.11  belowATM  0.11
True   77777.0   78000   False   False   73.09
curr Doji False
BSE:SENSEX26AUG77700PE  curr candle vol pcr = 0.63  PE= 103000  CE= 164560      cpr =  1.6
BSE:SENSEX26AUG77700PE  prev candle vol pcr = 0.57  PE= 43860  CE= 77320      cpr =  1.76
ATM_CE_premium= 297.1  ATM_PE_premium= 216.6
CE_PremChg= 18.15  PE_PremChg= -8.5
CandleBody= 28.4  PrevBody= 0.0  CandleRange= 28.4  Bullish
TotalVol= 267560  PrevTotalVol= 121180  VolSpike= 2.21 x  SPIKE!
SCALP_SCORE: BULL | BullScore= 2  BearScore= 1 | Confidence= LOW
DATAPOINT|15:12|FUT=77777.0|Body=28.4|PrevBody=0.0|Range=28.4|RangeRatio=0.44|CurrVolPCR=0.63|PrevVolPCR=0.57|CurrCPR=1.6|PrevCPR=1.76|VolSpike=2.21|CE_PremChg=18.15|PE_PremChg=-8.5|BullScore=2|BearScore=1|Dir=BULL|Conf=LOW
CHART_PATTERN_DETECTED: DOUBLE_TOP_FORMING | DOUBLE_BOTTOM_FORMING
  PATTERN_CONTEXT: Body= 28.4  Range= 28.4  ExpectedRange= 64.7  RangeRatio= 0.44  O= 77748.6  H= 77777.0  L= 77748.6  C= 77777.0
BSE:SENSEX-INDEX  strikecount= 3   fyers <fyers_apiv3.fyersModel.FyersModel object at 0x71aabc52b4d0>
======================================
oipcr1 =  BSE:SENSEX26AUG77900CE   0.29
oipcr2 =  BSE:SENSEX26AUG77800PE   0.45
oipcr3 =  BSE:SENSEX26AUG77700PE   0.57
oipcrBull = NoEntry  bulcount= 0  bearcount= 3 oipcrBear= BearTrade
atmpcr5 pcr6= 0.91    1.64
No Entry Yet
India VIX = 11.15  Spot Price = 77529.94
IV Regime = LOW (ADAPTIVE: P25= 11.31  P50= 11.85  P75= 12.14 ) | DailyRange = 1234.9 | 3minCandleRange = 65.0 (theoretical= 108.3 ) | ATMoptionMove = 29.2 | SL = 102 | Target = 102 | TrailTrigger = 29 | Spread = 300 | Buffer = 26
IV Params refreshed: {'vix': 11.15, 'bn_price': 77529.94, 'regime': 'LOW', 'regime_thresholds': 'P25=11.31 P50=11.85 P75=12.14', 'daily_range': 1234.9, 'candle_range': 65.0, 'atm_option_move': 29.2, 'sl_point': 102, 'target_point': 102, 'sl_pct_of_premium': 0.1, 'trail_trigger': 29, 'spread_width': 300, 'support_resistance_buffer': 26}
BSE:SENSEX-INDEX  strikecount= 8   fyers <fyers_apiv3.fyersModel.FyersModel object at 0x71aabc52b4d0>
===
====after 3 min ochain==== 2026-08-25 15:15:00.051207
                                    oipcr   choipcr   totalOI
pcr1 =  BSE:SENSEX26AUG78300CE   0.1   0.02 CALL added 127320   PUT added 2360  OI= 360520
pcr2 =  BSE:SENSEX26AUG78200PE   0.1   0.24 CALL added 81320   PUT added 19540  OI= 40940
pcr3 =  BSE:SENSEX26AUG78100PE   0.13   0.22 CALL added 69740   PUT added 15300  OI= 52680
pcr4 =  BSE:SENSEX26AUG78000CE   0.25   0.03 CALL added 435440   PUT added 14500  OI= 1378260
pcr5 =  BSE:SENSEX26AUG77900CE   0.3   0.6 CALL added 53260   PUT added 31840  OI= 427800
pcr6 =  BSE:SENSEX26AUG77800PE   0.45    -1.44 CALL unwind -60120   PUT added 86520  OI= 255100
pcr7 =  BSE:SENSEX26AUG77700PE   0.6   -0.36 CALL unwind -276240   PUT added 99360  OI= 380200
pcr8 =  BSE:SENSEX26AUG77600CE   0.97   -2.01 CALL unwind -123980   PUT added 249080  OI= 563200
pcr9 =  BSE:SENSEX26AUG77500CE   1.66   -6.75 CALL unwind -138400   PUT added 933700  OI= 985320
pcr10 =  BSE:SENSEX26AUG77400CE   2.23   -16.23 CALL unwind -49700   PUT added 806520  OI= 484920
pcr11 =  BSE:SENSEX26AUG77300CE   2.79   20.35 CALL added 33720   PUT added 686060  OI= 459660
pcr12 =  BSE:SENSEX26AUG77200CE   5.11   29.19 CALL added 26940   PUT added 786480  OI= 227280
pcr13 =  BSE:SENSEX26AUG77100PE   4.3   4.33 CALL added 107120   PUT added 464280  OI= 680640
pcr14 =  BSE:SENSEX26AUG77000CE   5.06   78.75 CALL added 11700   PUT added 921420  OI= 293780
pcr15 =  BSE:SENSEX26AUG76900CE   7.75   12.04 CALL added 21260   PUT added 256060  OI= 54140
pcr16 =  BSE:SENSEX26AUG76800PE   17.23   50.78 CALL added 4020   PUT added 204140  OI= 431780
pcr17 =  BSE:SENSEX26AUG76700PE   31.82   238.71 CALL added 1260   PUT added 300780  OI= 484880
pcrSummation= 6.6899999999999995  result =  ['BSE:SENSEX26AUG78200PE', 'BSE:SENSEX26AUG78100PE', 'BSE:SENSEX26AUG78000CE', 'BSE:SENSEX26AUG77900CE', 'BSE:SENSEX26AUG77800PE', 'BSE:SENSEX26AUG77700PE', 'BSE:SENSEX26AUG77600CE', 'BSE:SENSEX26AUG77500CE', 'BSE:SENSEX26AUG77400CE']
PCRSUM== 80.85
pcrSummation== 6.69
VOLPCRSUM== 2.06
spotLTP =  77529.94  ATM_STRIKE =  77500
IS_ATM_STRIKE_SHIFT = True  mapStrike = {77500: 77500}
avgOiPcrList2 = [np.float64(4.76)] atmStrikeNotShiftedCount= 1
True   1   1
SUPP_RES=== 78000  Buffer= 26
CEoich val =  435440.0  PEoich val =  14500.0 , CE > PE by 96.7%
SUPP_RES TOTAL OI: CE= 1378260  PE= 349460 , CE > PE by 74.6%
IS_MORNING_WINDOW= False  (active 9:15-9:48 IST)
================================================
==== signal check time ==== 2026-08-25 15:15:00.769568
IS_CHOI_DIFF_GT_25PERC== True
RSI_VAL1== 75.3
RSI_VAL2== 75.3
FUT_3m_OHLC O= 77788.0  H= 77809.0  L= 77775.4  C= 77808.5  Range= 33.5
CHART_PATTERN_DETECTED: DOUBLE_BOTTOM_FORMING
  PATTERN_CONTEXT: Body= 20.5  Range= 33.5  ExpectedRange= 65.0  RangeRatio= 0.52  O= 77788.0  H= 77809.0  L= 77775.4  C= 77808.5
newSynthFut =  77800
ATMStrike =  77500
AVG_OIPCR= 0.74
avgoiPCROld=  4.76
SUPP_RES = 78000
FUT LTP = 77808.5
CEchoi  PechOi = 435440.0    14500.0
====================================
totalOIPCR = 1.21
AVG_VOLPCR= 0.23
atmPCR= 0.3  belowATM  0.45
atmVolPCR= 0.12  belowATM  0.24
True   77808.5   78000   False   False   75.3
curr Doji False
BSE:SENSEX26AUG77700PE  curr candle vol pcr = 0.2  PE= 167420  CE= 834480      cpr =  4.98
BSE:SENSEX26AUG77700PE  prev candle vol pcr = 0.63  PE= 103000  CE= 164560      cpr =  1.6
VOL_PRESSURE_WATCH: SINGLE_CANDLE_CALL_PRESSURE | currCPR= 4.98  prevCPR= 1.6
ATM_CE_premium= 318.05  ATM_PE_premium= 214.75
CE_PremChg= 20.95  PE_PremChg= -1.85
CandleBody= 20.5  PrevBody= 28.4  CandleRange= 33.5  Bullish
TotalVol= 1001900  PrevTotalVol= 267560  VolSpike= 3.74 x  SPIKE!
SCALP_SCORE: BULL | BullScore= 3  BearScore= 1 | Confidence= MEDIUM
  SCALP_BULL_REASONS: StrongBullCandle(61%) + 2ConsecBullCandles + VolSpike(3.74x)_bull
DATAPOINT|15:15|FUT=77808.5|Body=20.5|PrevBody=28.4|Range=33.5|RangeRatio=0.52|CurrVolPCR=0.2|PrevVolPCR=0.63|CurrCPR=4.98|PrevCPR=1.6|VolSpike=3.74|CE_PremChg=20.95|PE_PremChg=-1.85|BullScore=3|BearScore=1|Dir=BULL|Conf=MEDIUM
CHART_PATTERN_DETECTED: DOUBLE_BOTTOM_FORMING
  PATTERN_CONTEXT: Body= 20.5  Range= 33.5  ExpectedRange= 65.0  RangeRatio= 0.52  O= 77788.0  H= 77809.0  L= 77775.4  C= 77808.5
BSE:SENSEX-INDEX  strikecount= 3   fyers <fyers_apiv3.fyersModel.FyersModel object at 0x71aabc52b4d0>
======================================
oipcr1 =  BSE:SENSEX26AUG77800PE   0.45
oipcr2 =  BSE:SENSEX26AUG77700PE   0.6
oipcr3 =  BSE:SENSEX26AUG77600CE   0.97
oipcrBull = NoEntry  bulcount= 0  bearcount= 3 oipcrBear= BearTrade
atmpcr5 pcr6= 1.66    2.23
No Entry Yet
India VIX = 11.11  Spot Price = 77529.94
IV Regime = LOW (ADAPTIVE: P25= 11.31  P50= 11.85  P75= 12.14 ) | DailyRange = 1230.5 | 3minCandleRange = 64.8 (theoretical= 107.9 ) | ATMoptionMove = 29.1 | SL = 102 | Target = 102 | TrailTrigger = 29 | Spread = 300 | Buffer = 26
IV Params refreshed: {'vix': 11.11, 'bn_price': 77529.94, 'regime': 'LOW', 'regime_thresholds': 'P25=11.31 P50=11.85 P75=12.14', 'daily_range': 1230.5, 'candle_range': 64.8, 'atm_option_move': 29.1, 'sl_point': 102, 'target_point': 102, 'sl_pct_of_premium': 0.1, 'trail_trigger': 29, 'spread_width': 300, 'support_resistance_buffer': 26}
BSE:SENSEX-INDEX  strikecount= 8   fyers <fyers_apiv3.fyersModel.FyersModel object at 0x71aabc52b4d0>
===
====after 3 min ochain==== 2026-08-25 15:18:00.048131
                                    oipcr   choipcr   totalOI
pcr1 =  BSE:SENSEX26AUG78300CE   0.11   0.03 CALL added 111520   PUT added 3000  OI= 344720
pcr2 =  BSE:SENSEX26AUG78200PE   0.11   0.42 CALL added 52420   PUT added 21940  OI= 43340
pcr3 =  BSE:SENSEX26AUG78100PE   0.14   0.38 CALL added 42100   PUT added 16060  OI= 53440
pcr4 =  BSE:SENSEX26AUG78000CE   0.26   0.03 CALL added 372700   PUT added 11720  OI= 1315520
pcr5 =  BSE:SENSEX26AUG77900CE   0.37   -1.7 CALL unwind -18960   PUT added 32320  OI= 355580
pcr6 =  BSE:SENSEX26AUG77800PE   0.5    -0.85 CALL unwind -109060   PUT added 92320  OI= 260900
pcr7 =  BSE:SENSEX26AUG77700PE   0.51   -0.96 CALL unwind -128140   PUT added 122580  OI= 403420
pcr8 =  BSE:SENSEX26AUG77600CE   0.87   -13.6 CALL unwind -21080   PUT added 286720  OI= 666100
pcr9 =  BSE:SENSEX26AUG77500CE   1.75   -5.14 CALL unwind -182860   PUT added 939260  OI= 940860
pcr10 =  BSE:SENSEX26AUG77400CE   2.36   -9.81 CALL unwind -80840   PUT added 793360  OI= 453780
pcr11 =  BSE:SENSEX26AUG77300CE   2.85   39.32 CALL added 16900   PUT added 664500  OI= 442840
pcr12 =  BSE:SENSEX26AUG77200CE   4.99   25.19 CALL added 30940   PUT added 779300  OI= 231280
pcr13 =  BSE:SENSEX26AUG77100PE   4.39   4.47 CALL added 103820   PUT added 464580  OI= 680940
pcr14 =  BSE:SENSEX26AUG77000CE   4.96   57.69 CALL added 15800   PUT added 911560  OI= 297880
pcr15 =  BSE:SENSEX26AUG76900CE   7.82   12.24 CALL added 21160   PUT added 259080  OI= 54040
pcr16 =  BSE:SENSEX26AUG76800PE   17.13   57.38 CALL added 3300   PUT added 189340  OI= 416980
pcr17 =  BSE:SENSEX26AUG76700PE   34.77   330.8 CALL added 1020   PUT added 337420  OI= 521520
pcrSummation= 6.869999999999999  result =  ['BSE:SENSEX26AUG78200PE', 'BSE:SENSEX26AUG78100PE', 'BSE:SENSEX26AUG78000CE', 'BSE:SENSEX26AUG77900CE', 'BSE:SENSEX26AUG77800PE', 'BSE:SENSEX26AUG77700PE', 'BSE:SENSEX26AUG77600CE', 'BSE:SENSEX26AUG77500CE', 'BSE:SENSEX26AUG77400CE']
PCRSUM== 83.89
pcrSummation== 6.87
VOLPCRSUM== 2.05
spotLTP =  77529.94  ATM_STRIKE =  77500
IS_ATM_STRIKE_SHIFT = False  mapStrike = {77500: 77500}
avgOiPcrList2 = [np.float64(4.76), np.float64(4.93)] atmStrikeNotShiftedCount= 2
False   2   2
SUPP_RES=== 78000  Buffer= 26
CEoich val =  372700.0  PEoich val =  11720.0 , CE > PE by 96.9%
SUPP_RES TOTAL OI: CE= 1315520  PE= 346680 , CE > PE by 73.6%
IS_MORNING_WINDOW= False  (active 9:15-9:48 IST)
================================================
==== signal check time ==== 2026-08-25 15:18:00.720591
IS_CHOI_DIFF_GT_25PERC== True
RSI_VAL1== 76.84
RSI_VAL2== 76.84
FUT_3m_OHLC O= 77800.0  H= 77833.6  L= 77799.2  C= 77832.1  Range= 34.3
CHART_PATTERN_DETECTED: THREE_WHITE_SOLDIERS
  PATTERN_CONTEXT: Body= 32.1  Range= 34.3  ExpectedRange= 64.8  RangeRatio= 0.53  O= 77800.0  H= 77833.6  L= 77799.2  C= 77832.1
newSynthFut =  77800
ATMStrike =  77500
AVG_OIPCR= 0.76
avgoiPCROld=  4.93
SUPP_RES = 78000
FUT LTP = 77832.1
CEchoi  PechOi = 372700.0    11720.0
====================================
totalOIPCR = 1.23
AVG_VOLPCR= 0.23
atmPCR= 0.37  belowATM  0.5
atmVolPCR= 0.12  belowATM  0.24
True   77832.1   78000   False   False   76.84
curr Doji False
BSE:SENSEX26AUG77800PE  curr candle vol pcr = 0.54  PE= 99980  CE= 183740      cpr =  1.84
BSE:SENSEX26AUG77700PE  prev candle vol pcr = 0.2  PE= 167420  CE= 834480      cpr =  4.98
VOL_PRESSURE_WATCH: SINGLE_CANDLE_CALL_PRESSURE | currCPR= 1.84  prevCPR= 4.98
ATM_CE_premium= 242.8  ATM_PE_premium= 257.9
CE_PremChg= -18.05  PE_PremChg= 1.45
CandleBody= 32.1  PrevBody= 20.5  CandleRange= 34.3  Bullish
TotalVol= 283720  PrevTotalVol= 1001900  VolSpike= 0.28 x 
SCALP_SCORE: BULL | BullScore= 2  BearScore= 1 | Confidence= LOW
DATAPOINT|15:18|FUT=77832.1|Body=32.1|PrevBody=20.5|Range=34.3|RangeRatio=0.53|CurrVolPCR=0.54|PrevVolPCR=0.2|CurrCPR=1.84|PrevCPR=4.98|VolSpike=0.28|CE_PremChg=-18.05|PE_PremChg=1.45|BullScore=2|BearScore=1|Dir=BULL|Conf=LOW
CHART_PATTERN_DETECTED: THREE_WHITE_SOLDIERS
  PATTERN_CONTEXT: Body= 32.1  Range= 34.3  ExpectedRange= 64.8  RangeRatio= 0.53  O= 77800.0  H= 77833.6  L= 77799.2  C= 77832.1
BSE:SENSEX-INDEX  strikecount= 3   fyers <fyers_apiv3.fyersModel.FyersModel object at 0x71aabc52b4d0>
======================================
oipcr1 =  BSE:SENSEX26AUG77800PE   0.5
oipcr2 =  BSE:SENSEX26AUG77700PE   0.51
oipcr3 =  BSE:SENSEX26AUG77600CE   0.87
oipcrBull = NoEntry  bulcount= 0  bearcount= 3 oipcrBear= BearTrade
atmpcr5 pcr6= 1.75    2.36
No Entry Yet
India VIX = 11.09  Spot Price = 77529.94
IV Regime = LOW (ADAPTIVE: P25= 11.31  P50= 11.85  P75= 12.14 ) | DailyRange = 1228.3 | 3minCandleRange = 64.6 (theoretical= 107.7 ) | ATMoptionMove = 29.1 | SL = 102 | Target = 102 | TrailTrigger = 29 | Spread = 300 | Buffer = 26
IV Params refreshed: {'vix': 11.09, 'bn_price': 77529.94, 'regime': 'LOW', 'regime_thresholds': 'P25=11.31 P50=11.85 P75=12.14', 'daily_range': 1228.3, 'candle_range': 64.6, 'atm_option_move': 29.1, 'sl_point': 102, 'target_point': 102, 'sl_pct_of_premium': 0.1, 'trail_trigger': 29, 'spread_width': 300, 'support_resistance_buffer': 26}
BSE:SENSEX-INDEX  strikecount= 8   fyers <fyers_apiv3.fyersModel.FyersModel object at 0x71aabc52b4d0>
===
====after 3 min ochain==== 2026-08-25 15:21:00.047519
                                    oipcr   choipcr   totalOI
pcr1 =  BSE:SENSEX26AUG78300CE   0.11   0.03 CALL added 111260   PUT added 3800  OI= 344460
pcr2 =  BSE:SENSEX26AUG78200PE   0.12   0.49 CALL added 52700   PUT added 25720  OI= 47120
pcr3 =  BSE:SENSEX26AUG78100PE   0.13   0.26 CALL added 46720   PUT added 12140  OI= 49520
pcr4 =  BSE:SENSEX26AUG78000CE   0.27   0.06 CALL added 382460   PUT added 21300  OI= 1325280
pcr5 =  BSE:SENSEX26AUG77900CE   0.4   -0.96 CALL unwind -39040   PUT added 37480  OI= 335500
pcr6 =  BSE:SENSEX26AUG77800PE   0.55    -0.74 CALL unwind -136200   PUT added 100520  OI= 269100
pcr7 =  BSE:SENSEX26AUG77700PE   0.79   -0.38 CALL unwind -378320   PUT added 144860  OI= 425700
pcr8 =  BSE:SENSEX26AUG77600CE   1.23   -1.12 CALL unwind -234320   PUT added 261620  OI= 452860
pcr9 =  BSE:SENSEX26AUG77500CE   1.76   -6.07 CALL unwind -162120   PUT added 983660  OI= 961600
pcr10 =  BSE:SENSEX26AUG77400CE   2.31   -7.15 CALL unwind -101280   PUT added 724640  OI= 433340
pcr11 =  BSE:SENSEX26AUG77300CE   2.9   164.69 CALL added 3940   PUT added 648880  OI= 429880
pcr12 =  BSE:SENSEX26AUG77200CE   5.25   52.83 CALL added 14260   PUT added 753340  OI= 214600
pcr13 =  BSE:SENSEX26AUG77100PE   4.39   4.48 CALL added 100160   PUT added 448420  OI= 664780
pcr14 =  BSE:SENSEX26AUG77000CE   5.12   128.67 CALL added 7100   PUT added 913580  OI= 289180
pcr15 =  BSE:SENSEX26AUG76900CE   8.12   13.17 CALL added 20480   PUT added 269700  OI= 53360
pcr16 =  BSE:SENSEX26AUG76800PE   19.51   111.81 CALL added 1980   PUT added 221380  OI= 449020
pcr17 =  BSE:SENSEX26AUG76700PE   36.07   651.73 CALL added 520   PUT added 338900  OI= 523000
pcrSummation= 7.5600000000000005  result =  ['BSE:SENSEX26AUG78200PE', 'BSE:SENSEX26AUG78100PE', 'BSE:SENSEX26AUG78000CE', 'BSE:SENSEX26AUG77900CE', 'BSE:SENSEX26AUG77800PE', 'BSE:SENSEX26AUG77700PE', 'BSE:SENSEX26AUG77600CE', 'BSE:SENSEX26AUG77500CE', 'BSE:SENSEX26AUG77400CE']
PCRSUM== 89.03
pcrSummation== 7.56
VOLPCRSUM== 2.08
spotLTP =  77529.94  ATM_STRIKE =  77500
IS_ATM_STRIKE_SHIFT = False  mapStrike = {77500: 77500}
avgOiPcrList2 = [np.float64(4.76), np.float64(4.93), np.float64(5.24)] atmStrikeNotShiftedCount= 3
False   3   3
SUPP_RES=== 78000  Buffer= 26
CEoich val =  382460.0  PEoich val =  21300.0 , CE > PE by 94.4%
SUPP_RES TOTAL OI: CE= 1325280  PE= 356260 , CE > PE by 73.1%
IS_MORNING_WINDOW= False  (active 9:15-9:48 IST)
================================================
==== signal check time ==== 2026-08-25 15:21:00.724098
IS_CHOI_DIFF_GT_25PERC== True
RSI_VAL1== 72.01
RSI_VAL2== 72.01
FUT_3m_OHLC O= 77782.4  H= 77812.8  L= 77782.4  C= 77808.5  Range= 30.3
CHART_PATTERN: None
isPcrInc = True
newSynthFut =  77800
ATMStrike =  77500
AVG_OIPCR= 0.84
avgoiPCROld=  5.24
SUPP_RES = 78000
FUT LTP = 77808.5
CEchoi  PechOi = 382460.0    21300.0
====================================
totalOIPCR = 1.31
AVG_VOLPCR= 0.23
atmPCR= 0.4  belowATM  0.55
atmVolPCR= 0.12  belowATM  0.25
True   77808.5   78000   True   False   72.01
no trade yet = [np.float64(4.76), np.float64(4.93), np.float64(5.24)]
curr Doji False
BSE:SENSEX26AUG77700PE  curr candle vol pcr = 0.6  PE= 100280  CE= 166360      cpr =  1.66
BSE:SENSEX26AUG77800PE  prev candle vol pcr = 0.54  PE= 99980  CE= 183740      cpr =  1.84
ATM_CE_premium= 317.45  ATM_PE_premium= 188.75
CE_PremChg= 19.85  PE_PremChg= -23.6
CandleBody= 26.1  PrevBody= 32.1  CandleRange= 30.3  Bullish
TotalVol= 266640  PrevTotalVol= 283720  VolSpike= 0.94 x 
SCALP_SCORE: NEUTRAL | BullScore= 2  BearScore= 2 | Confidence= LOW
DATAPOINT|15:21|FUT=77808.5|Body=26.1|PrevBody=32.1|Range=30.3|RangeRatio=0.47|CurrVolPCR=0.6|PrevVolPCR=0.54|CurrCPR=1.66|PrevCPR=1.84|VolSpike=0.94|CE_PremChg=19.85|PE_PremChg=-23.6|BullScore=2|BearScore=2|Dir=NEUTRAL|Conf=LOW
CHART_PATTERN: None
BSE:SENSEX-INDEX  strikecount= 3   fyers <fyers_apiv3.fyersModel.FyersModel object at 0x71aabc52b4d0>
======================================
oipcr1 =  BSE:SENSEX26AUG77800PE   0.55
oipcr2 =  BSE:SENSEX26AUG77700PE   0.79
oipcr3 =  BSE:SENSEX26AUG77600CE   1.23
oipcrBull = NoEntry  bulcount= 1  bearcount= 2 oipcrBear= BearTrade
atmpcr5 pcr6= 1.76    2.31
No Entry Yet
End Of the Day
============================================================
DAILY_SUMMARY: Date= 2026-08-25  SpreadType= CREDIT  DTE= 2  IVRank= 0.13  PremRatio= 0.48  SLCount= 1  TargetCount= 1
============================================================
