checkInstrument =  BSE:SENSEX-INDEX
sensexExpDate =  26O01
BNFut (Sensex futures auto) = BSE:SENSEX26OCTFUT
 -- not entered waiting for time--- 9 : 14
 -- not entered waiting for time--- 9 : 14
 -- not entered waiting for time--- 9 : 14
 -- not entered waiting for time--- 9 : 14
 -- not entered waiting for time--- 9 : 14
 -- not entered waiting for time--- 9 : 14
 -- not entered waiting for time--- 9 : 14
 -- not entered waiting for time--- 9 : 14
 -- not entered waiting for time--- 9 : 14
 -- not entered waiting for time--- 9 : 14
 -- not entered waiting for time--- 9 : 14
 -- not entered waiting for time--- 9 : 14
 -- not entered waiting for time--- 9 : 14
 -- not entered waiting for time--- 9 : 14
 -- not entered waiting for time--- 9 : 14
 -- not entered waiting for time--- 9 : 14
 -- not entered waiting for time--- 9 : 14
 -- not entered waiting for time--- 9 : 14
 -- not entered waiting for time--- 9 : 14
 -- not entered waiting for time--- 9 : 14
 -- not entered waiting for time--- 9 : 14
 -- not entered waiting for time--- 9 : 14
 -- not entered waiting for time--- 9 : 14
 -- not entered waiting for time--- 9 : 14
 -- not entered waiting for time--- 9 : 14
 -- not entered waiting for time--- 9 : 14
 -- not entered waiting for time--- 9 : 14
 -- not entered waiting for time--- 9 : 14
 -- not entered waiting for time--- 9 : 14
 -- not entered waiting for time--- 9 : 14
 -- not entered waiting for time--- 9 : 14
 -- not entered waiting for time--- 9 : 14
 -- not entered waiting for time--- 9 : 14
 -- not entered waiting for time--- 9 : 14
 -- not entered waiting for time--- 9 : 14
 -- not entered waiting for time--- 9 : 14
 -- not entered waiting for time--- 9 : 14
 -- not entered waiting for time--- 9 : 15
 -- not entered waiting for time--- 9 : 15
 -- not entered waiting for time--- 9 : 15
 -- not entered waiting for time--- 9 : 15
 -- not entered waiting for time--- 9 : 15
 -- not entered waiting for time--- 9 : 15
 -- not entered waiting for time--- 9 : 15
 -- not entered waiting for time--- 9 : 15
 -- not entered waiting for time--- 9 : 15
 -- not entered waiting for time--- 9 : 15
 -- not entered waiting for time--- 9 : 15
 -- not entered waiting for time--- 9 : 15
 -- not entered waiting for time--- 9 : 15
 -- not entered waiting for time--- 9 : 15
 -- not entered waiting for time--- 9 : 15
 -- not entered waiting for time--- 9 : 15
 -- not entered waiting for time--- 9 : 15
 -- not entered waiting for time--- 9 : 15
 -- not entered waiting for time--- 9 : 15
 -- not entered waiting for time--- 9 : 15
 -- not entered waiting for time--- 9 : 15
 -- not entered waiting for time--- 9 : 15
 -- not entered waiting for time--- 9 : 15
 -- not entered waiting for time--- 9 : 15
 -- not entered waiting for time--- 9 : 15
 -- not entered waiting for time--- 9 : 15
 -- not entered waiting for time--- 9 : 15
 -- not entered waiting for time--- 9 : 15
 -- not entered waiting for time--- 9 : 15
 -- not entered waiting for time--- 9 : 15
 -- not entered waiting for time--- 9 : 15
 -- not entered waiting for time--- 9 : 15
 -- not entered waiting for time--- 9 : 15
 -- not entered waiting for time--- 9 : 15
 -- not entered waiting for time--- 9 : 15
 -- not entered waiting for time--- 9 : 15
 -- not entered waiting for time--- 9 : 15
 -- not entered waiting for time--- 9 : 15
 -- not entered waiting for time--- 9 : 15
 -- not entered waiting for time--- 9 : 15
 -- not entered waiting for time--- 9 : 15
 -- not entered waiting for time--- 9 : 15
 -- not entered waiting for time--- 9 : 15
 -- not entered waiting for time--- 9 : 15
 -- not entered waiting for time--- 9 : 15
 -- not entered waiting for time--- 9 : 15
 -- not entered waiting for time--- 9 : 15
 -- not entered waiting for time--- 9 : 15
 -- not entered waiting for time--- 9 : 15
 -- not entered waiting for time--- 9 : 15
 -- not entered waiting for time--- 9 : 15
 -- not entered waiting for time--- 9 : 15
 -- not entered waiting for time--- 9 : 15
 -- not entered waiting for time--- 9 : 15
 -- not entered waiting for time--- 9 : 15
 -- not entered waiting for time--- 9 : 15
 -- not entered waiting for time--- 9 : 15
 -- not entered waiting for time--- 9 : 15
 -- not entered waiting for time--- 9 : 15
 -- not entered waiting for time--- 9 : 15
 -- not entered waiting for time--- 9 : 16
 -- not entered waiting for time--- 9 : 16
 -- not entered waiting for time--- 9 : 16
 -- not entered waiting for time--- 9 : 16
 -- not entered waiting for time--- 9 : 16
 -- not entered waiting for time--- 9 : 16
 -- not entered waiting for time--- 9 : 16
 -- not entered waiting for time--- 9 : 16
 -- not entered waiting for time--- 9 : 16
 -- not entered waiting for time--- 9 : 16
 -- not entered waiting for time--- 9 : 16
 -- not entered waiting for time--- 9 : 16
 -- not entered waiting for time--- 9 : 16
 -- not entered waiting for time--- 9 : 16
 -- not entered waiting for time--- 9 : 16
 -- not entered waiting for time--- 9 : 16
 -- not entered waiting for time--- 9 : 16
 -- not entered waiting for time--- 9 : 16
 -- not entered waiting for time--- 9 : 16
 -- not entered waiting for time--- 9 : 16
 -- not entered waiting for time--- 9 : 16
 -- not entered waiting for time--- 9 : 16
 -- not entered waiting for time--- 9 : 16
 -- not entered waiting for time--- 9 : 16
 -- not entered waiting for time--- 9 : 16
 -- not entered waiting for time--- 9 : 16
 -- not entered waiting for time--- 9 : 16
 -- not entered waiting for time--- 9 : 16
 -- not entered waiting for time--- 9 : 16
 -- not entered waiting for time--- 9 : 16
 -- not entered waiting for time--- 9 : 16
 -- not entered waiting for time--- 9 : 16
 -- not entered waiting for time--- 9 : 16
 -- not entered waiting for time--- 9 : 16
 -- not entered waiting for time--- 9 : 16
 -- not entered waiting for time--- 9 : 16
 -- not entered waiting for time--- 9 : 16
 -- not entered waiting for time--- 9 : 16
 -- not entered waiting for time--- 9 : 16
 -- not entered waiting for time--- 9 : 16
 -- not entered waiting for time--- 9 : 16
 -- not entered waiting for time--- 9 : 16
 -- not entered waiting for time--- 9 : 16
 -- not entered waiting for time--- 9 : 16
 -- not entered waiting for time--- 9 : 16
 -- not entered waiting for time--- 9 : 16
 -- not entered waiting for time--- 9 : 16
 -- not entered waiting for time--- 9 : 16
 -- not entered waiting for time--- 9 : 16
 -- not entered waiting for time--- 9 : 16
 -- not entered waiting for time--- 9 : 16
 -- not entered waiting for time--- 9 : 16
 -- not entered waiting for time--- 9 : 16
 -- not entered waiting for time--- 9 : 16
 -- not entered waiting for time--- 9 : 16
 -- not entered waiting for time--- 9 : 16
 -- not entered waiting for time--- 9 : 16
 -- not entered waiting for time--- 9 : 16
 -- not entered waiting for time--- 9 : 16
 -- not entered waiting for time--- 9 : 16
Waiting for first candle to form. Current Second ==  0    2
Waiting for first candle to form. Current Second ==  1    2
Waiting for first candle to form. Current Second ==  2    2
Waiting for first candle to form. Current Second ==  3    2
Waiting for first candle to form. Current Second ==  4    2
Waiting for first candle to form. Current Second ==  5    2
Waiting for first candle to form. Current Second ==  6    2
Waiting for first candle to form. Current Second ==  7    2
Waiting for first candle to form. Current Second ==  8    2
Waiting for first candle to form. Current Second ==  9    2
Waiting for first candle to form. Current Second ==  10    2
Waiting for first candle to form. Current Second ==  11    2
Waiting for first candle to form. Current Second ==  12    2
Waiting for first candle to form. Current Second ==  13    2
Waiting for first candle to form. Current Second ==  14    2
Waiting for first candle to form. Current Second ==  15    2
Waiting for first candle to form. Current Second ==  16    2
Waiting for first candle to form. Current Second ==  17    2
Waiting for first candle to form. Current Second ==  18    2
Waiting for first candle to form. Current Second ==  19    2
Waiting for first candle to form. Current Second ==  20    2
Waiting for first candle to form. Current Second ==  21    2
Waiting for first candle to form. Current Second ==  22    2
Waiting for first candle to form. Current Second ==  23    2
Waiting for first candle to form. Current Second ==  24    2
Waiting for first candle to form. Current Second ==  25    2
Waiting for first candle to form. Current Second ==  26    2
Waiting for first candle to form. Current Second ==  27    2
Waiting for first candle to form. Current Second ==  28    2
Waiting for first candle to form. Current Second ==  29    2
Waiting for first candle to form. Current Second ==  30    2
Waiting for first candle to form. Current Second ==  31    2
Waiting for first candle to form. Current Second ==  32    2
Waiting for first candle to form. Current Second ==  33    2
Waiting for first candle to form. Current Second ==  34    2
Waiting for first candle to form. Current Second ==  35    2
Waiting for first candle to form. Current Second ==  36    2
Waiting for first candle to form. Current Second ==  37    2
Waiting for first candle to form. Current Second ==  38    2
Waiting for first candle to form. Current Second ==  39    2
Waiting for first candle to form. Current Second ==  40    2
Waiting for first candle to form. Current Second ==  41    2
Waiting for first candle to form. Current Second ==  42    2
Waiting for first candle to form. Current Second ==  43    2
Waiting for first candle to form. Current Second ==  44    2
Waiting for first candle to form. Current Second ==  45    2
Waiting for first candle to form. Current Second ==  46    2
Waiting for first candle to form. Current Second ==  47    2
Waiting for first candle to form. Current Second ==  48    2
Waiting for first candle to form. Current Second ==  49    2
Waiting for first candle to form. Current Second ==  50    2
Waiting for first candle to form. Current Second ==  51    2
Waiting for first candle to form. Current Second ==  52    2
Waiting for first candle to form. Current Second ==  53    2
Waiting for first candle to form. Current Second ==  54    2
Waiting for first candle to form. Current Second ==  55    2
Waiting for first candle to form. Current Second ==  56    2
Waiting for first candle to form. Current Second ==  57    2
Waiting for first candle to form. Current Second ==  58    2
Waiting for first candle to form. Current Second ==  59    2
India VIX = 13.08  Spot Price = 73371.68
VIX_PERCENTILES_FETCHED: P25= 11.15  P50= 11.53  P75= 12.29  Min= 10.38  Max= 13.47
IV Regime = HIGH (ADAPTIVE: P25= 11.15  P50= 11.53  P75= 12.29 ) | DailyRange = 1371.0 | 3minCandleRange = 72.1 (theoretical= 120.2 ) | ATMoptionMove = 32.5 | SL = 114 | Target = 114 | TrailTrigger = 32 | Spread = 300 | Buffer = 58
IV Params refreshed: {'vix': 13.08, 'bn_price': 73371.68, 'regime': 'HIGH', 'regime_thresholds': 'P25=11.15 P50=11.53 P75=12.29', 'daily_range': 1371.0, 'candle_range': 72.1, 'atm_option_move': 32.5, 'sl_point': 114, 'target_point': 114, 'sl_pct_of_premium': 0.1, 'trail_trigger': 32, 'spread_width': 300, 'support_resistance_buffer': 58}
IV_RANK_DATA: VIX_30d_High= 13.47  VIX_30d_Low= 10.38  Current= 13.08  IV_Rank= 0.87
===
====after 3 min ochain==== 2026-09-28 09:18:00.713769
/home/ubuntu/trading-bot/Strategy_Sensex_May_2026.py:1377: RuntimeWarning: invalid value encountered in scalar divide
  option_type[index1] == 'PE' else round(oich[index2] / oich[index1], 2)
/home/ubuntu/trading-bot/Strategy_Sensex_May_2026.py:1376: RuntimeWarning: divide by zero encountered in scalar divide
  pcr = round(oich[index1] / oich[index2], 2) if option_type[index1] != '' and option_type[index2] != '' and \
/home/ubuntu/trading-bot/Strategy_Sensex_May_2026.py:1377: RuntimeWarning: divide by zero encountered in scalar divide
  option_type[index1] == 'PE' else round(oich[index2] / oich[index1], 2)
                                    oipcr   choipcr   CE_OI / PE_OI (same strike)
pcr1 =  BSE:SENSEX26O0174200PE   0.57   -0.0 CALL unwind -3340   PUT unwind 0  CE_OI=212420 PE_OI=120020
pcr2 =  BSE:SENSEX26O0174100PE   0.39   nan CALL unwind 0   PUT unwind 0  CE_OI=241220 PE_OI=94920
pcr3 =  BSE:SENSEX26O0174000PE   0.93   0.24 CALL added 47480   PUT added 11560  CE_OI=634140 PE_OI=587240
pcr4 =  BSE:SENSEX26O0173900CE   1.01   -inf CALL unwind 0   PUT unwind -35520  CE_OI=184640 PE_OI=186800
pcr5 =  BSE:SENSEX26O0173800PE   1.0   -1.04 CALL added 38180   PUT unwind -39800  CE_OI=276300 PE_OI=275180
pcr6 =  BSE:SENSEX26O0173700CE   1.33    -inf CALL unwind 0   PUT unwind -42900  CE_OI=248140 PE_OI=330940
pcr7 =  BSE:SENSEX26O0173600PE   1.93   -1.6 CALL added 40400   PUT unwind -64480  CE_OI=145060 PE_OI=279480
pcr8 =  BSE:SENSEX26O0173500PE   2.11   0.0 CALL added 93180   PUT unwind 0  CE_OI=256140 PE_OI=541220
pcr9 =  BSE:SENSEX26O0173400PE   2.55   0.55 CALL added 44800   PUT added 24540  CE_OI=80060 PE_OI=204500
pcr10 =  BSE:SENSEX26O0173300CE   5.84   0.35 CALL added 15580   PUT added 5480  CE_OI=38660 PE_OI=225780
pcr11 =  BSE:SENSEX26O0173200CE   7.5   inf CALL unwind 0   PUT added 10620  CE_OI=18040 PE_OI=135380
pcr12 =  BSE:SENSEX26O0173100CE   10.71   6.88 CALL added 820   PUT added 5640  CE_OI=9360 PE_OI=100280
pcr13 =  BSE:SENSEX26O0173000PE   8.06   7.39 CALL added 3640   PUT added 26900  CE_OI=52400 PE_OI=422340
pcr14 =  BSE:SENSEX26O0172900PE   14.38   33.76 CALL added 340   PUT added 11480  CE_OI=5860 PE_OI=84260
pcr15 =  BSE:SENSEX26O0172800PE   18.57   0.0 CALL added 320   PUT unwind 0  CE_OI=6580 PE_OI=122160
pcr16 =  BSE:SENSEX26O0172700PE   55.6   inf CALL unwind 0   PUT added 4640  CE_OI=1820 PE_OI=101200
pcr17 =  BSE:SENSEX26O0172600CE   40.82   66.0 CALL unwind -80   PUT unwind -5280  CE_OI=2260 PE_OI=92260
PCRSUM== 173.3
pcrSummation== 41.03
spotLTP =  73371.68  ATM_STRIKE =  73400
IS_ATM_STRIKE_SHIFT = False  mapStrike = {73400: 73400}
avgOiPcrList2 = [np.float64(10.19)] atmStrikeNotShiftedCount= 1
avgOiPcr9List2 = [np.float64(4.56)] atmStrikeNotShiftedCount= 1
False   1   1
SUPP_RES=== 73500  Buffer= 58
ANCHOR_COMPARE: spot=73371.68 fut=74045.85 basis(fut-spot)=674.17 | SR_spot(PRIMARY)=73500 SR_future=74000 SR_diff(fut-spot)=500 | PCRwin_spot(PRIMARY)=73400 PCRwin_future=74000
CEoich val =  93180.0  PEoich val =  0.0 , CE > PE by 100.0%
SUPP_RES TOTAL OI: CE= 256140  PE= 541220 , CE < PE by 52.7%
INCR_CHOI: SUPP_RES=73500 role=RESISTANCE first sighting (no prev cycle to diff) | cumulative CE=93180.0 PE=0.0
==========================
FUT_SUPP_RES=== 74000  (FUT_LTP= 74045.85 ) Buffer= 58
FUT CEoich val =  47480.0  PEoich val =  11560.0 , CE > PE by 75.7%
FUT_SUPP_RES TOTAL OI: CE= 634140  PE= 587240 , CE > PE by 7.4%
OI_SUPP_RES: spot=73371.68 ATM=73400 (win=±500 mode=OI) (ATM_CE_OI=80060 ATM_PE_OI=204500) | SUPPORT=73000PE OI=422340 (dist=-400) | RESISTANCE=73800CE OI=276300 (dist=400)
OI_SUPPORT=== 73000
OI_SUPPORT CEoich val = 3640.0  PEoich val = 26900.0 , CE < PE by 86.5%
OI_SUPPORT TOTAL OI: CE= 52400  PE= 422340 , CE < PE by 87.6%
OI_RESISTANCE=== 73800
OI_RESISTANCE CEoich val = 38180.0  PEoich val = -39800.0 , CE > PE by 195.9%
OI_RESISTANCE TOTAL OI: CE= 276300  PE= 275180 , CE > PE by 0.4%
IS_MORNING_WINDOW= True  (active 9:15-9:48 IST)
CHOI_UNWIND: PE side unwinding at SUPP_RES (PEchoi=0.0) - CHOI-based logic skipped this cycle
================================================
==== signal check time ==== 2026-09-28 09:18:01.652859
CHART_PATTERN: None
ATMStrike =  73400
AVG_OIPCR= 4.56
avgoiPCROld=  10.19
AVG_OIPCR_9STRIKE= 4.56  (pcr5..pcr13 = ATM +/-4, 9 strikes)
SUPP_RES = 73500
spotLTP = 73371.68
FUT LTP = 74045.85
CEchoi  PechOi = 93180.0    0.0
====================================
atmPCR= 1.0  belowATM  1.33
CHOI_DOM_GATE: gate_on= True  bull_ok= False  bear_ok= False | isPE_DomSupp_once= False  fresh_PE= 0 | isCE_DomRes_once= False  fresh_CE= 0
India VIX = 13.45  Spot Price = 73235.71
IV Regime = HIGH (ADAPTIVE: P25= 11.15  P50= 11.53  P75= 12.29 ) | DailyRange = 1407.2 | 3minCandleRange = 74.1 (theoretical= 123.4 ) | ATMoptionMove = 33.3 | SL = 117 | Target = 117 | TrailTrigger = 33 | Spread = 400 | Buffer = 59
IV Params refreshed: {'vix': 13.45, 'bn_price': 73235.71, 'regime': 'HIGH', 'regime_thresholds': 'P25=11.15 P50=11.53 P75=12.29', 'daily_range': 1407.2, 'candle_range': 74.1, 'atm_option_move': 33.3, 'sl_point': 117, 'target_point': 117, 'sl_pct_of_premium': 0.1, 'trail_trigger': 33, 'spread_width': 400, 'support_resistance_buffer': 59}
===
====after 3 min ochain==== 2026-09-28 09:21:00.000001
/home/ubuntu/trading-bot/Strategy_Sensex_May_2026.py:1376: RuntimeWarning: divide by zero encountered in scalar divide
  pcr = round(oich[index1] / oich[index2], 2) if option_type[index1] != '' and option_type[index2] != '' and \
/home/ubuntu/trading-bot/Strategy_Sensex_May_2026.py:1377: RuntimeWarning: divide by zero encountered in scalar divide
  option_type[index1] == 'PE' else round(oich[index2] / oich[index1], 2)
                                    oipcr   choipcr   CE_OI / PE_OI (same strike)
pcr1 =  BSE:SENSEX26O0174000PE   0.8   -0.92 CALL added 63460   PUT unwind -58360  CE_OI=650120 PE_OI=517320
pcr2 =  BSE:SENSEX26O0173900CE   1.0   -inf CALL unwind 0   PUT unwind -38020  CE_OI=184640 PE_OI=184300
pcr3 =  BSE:SENSEX26O0173800PE   0.81   -1.27 CALL added 58540   PUT unwind -74140  CE_OI=296660 PE_OI=240840
pcr4 =  BSE:SENSEX26O0173700CE   0.82   -1.23 CALL added 83880   PUT unwind -102920  CE_OI=332020 PE_OI=270920
pcr5 =  BSE:SENSEX26O0173600PE   1.31   -1.14 CALL added 84560   PUT unwind -96560  CE_OI=189220 PE_OI=247400
pcr6 =  BSE:SENSEX26O0173500PE   1.41    0.0 CALL added 219600   PUT unwind 0  CE_OI=382560 PE_OI=541220
pcr7 =  BSE:SENSEX26O0173400PE   1.58   0.65 CALL added 132460   PUT added 85860  CE_OI=167720 PE_OI=265820
pcr8 =  BSE:SENSEX26O0173300CE   2.68   0.99 CALL added 93380   PUT added 92240  CE_OI=116460 PE_OI=312540
pcr9 =  BSE:SENSEX26O0173200CE   9.69   inf CALL unwind 0   PUT added 50080  CE_OI=18040 PE_OI=174840
pcr10 =  BSE:SENSEX26O0173100CE   6.83   2.77 CALL added 8960   PUT added 24840  CE_OI=17500 PE_OI=119480
pcr11 =  BSE:SENSEX26O0173000PE   6.9   3.3 CALL added 16320   PUT added 53920  CE_OI=65080 PE_OI=449360
pcr12 =  BSE:SENSEX26O0172900PE   12.93   12.13 CALL added 1780   PUT added 21600  CE_OI=7300 PE_OI=94380
pcr13 =  BSE:SENSEX26O0172800PE   18.79   14.0 CALL added 940   PUT added 13160  CE_OI=7200 PE_OI=135320
pcr14 =  BSE:SENSEX26O0172700PE   46.04   10.56 CALL added 360   PUT added 3800  CE_OI=2180 PE_OI=100360
pcr15 =  BSE:SENSEX26O0172600CE   41.02   25.6 CALL added 100   PUT added 2560  CE_OI=2440 PE_OI=100100
pcr16 =  BSE:SENSEX26O0172500PE   55.75   0.0 CALL added 1860   PUT unwind 0  CE_OI=7340 PE_OI=409220
pcr17 =  BSE:SENSEX26O0172400PE   272.8   inf CALL unwind 0   PUT added 7640  CE_OI=400 PE_OI=109120
PCRSUM== 481.16
pcrSummation== 62.12
spotLTP =  73235.71  ATM_STRIKE =  73200
IS_ATM_STRIKE_SHIFT = True  mapStrike = {73200: 73200}
avgOiPcrList2 = [np.float64(28.3)] atmStrikeNotShiftedCount= 1
avgOiPcr9List2 = [np.float64(6.9)] atmStrikeNotShiftedCount= 1
True   1   1
SUPP_RES=== NOTRADEZONE  Buffer= 59
ANCHOR_COMPARE: spot=73235.71 fut=73900.05 basis(fut-spot)=664.34 | SR_spot(PRIMARY)=NOTRADEZONE SR_future=74000 SR_diff(fut-spot)=NA | PCRwin_spot(PRIMARY)=73200 PCRwin_future=73900
not found
==========================
FUT_SUPP_RES=== 74000  (FUT_LTP= 73900.05 ) Buffer= 59
FUT CEoich val =  63460.0  PEoich val =  -58360.0 , CE > PE by 192.0%
FUT_SUPP_RES TOTAL OI: CE= 650120  PE= 517320 , CE > PE by 20.4%
OI_SUPP_RES: spot=73235.71 ATM=73200 (win=±500 mode=OI) (ATM_CE_OI=18040 ATM_PE_OI=174840) | SUPPORT=73000PE OI=449360 (dist=-200) | RESISTANCE=73500CE OI=382560 (dist=300)
OI_SUPPORT=== 73000
OI_SUPPORT CEoich val = 16320.0  PEoich val = 53920.0 , CE < PE by 69.7%
OI_SUPPORT TOTAL OI: CE= 65080  PE= 449360 , CE < PE by 85.5%
OI_RESISTANCE=== 73500
OI_RESISTANCE CEoich val = 219600.0  PEoich val = 0.0 , CE > PE by 100.0%
OI_RESISTANCE TOTAL OI: CE= 382560  PE= 541220 , CE < PE by 29.3%
IS_MORNING_WINDOW= True  (active 9:15-9:48 IST)
CHOI_UNWIND: PE side unwinding at SUPP_RES (PEchoi=0.0) - CHOI-based logic skipped this cycle
================================================
==== signal check time ==== 2026-09-28 09:21:00.524791
CHART_PATTERN_DETECTED: STRONG_MOMENTUM_BEAR
  PATTERN_CONTEXT: Body= -143.9  Range= 143.9  ExpectedRange= 74.1  RangeRatio= 1.94  O= 74044.0  H= 74044.0  L= 73900.0  C= 73900.0
ATMStrike =  73200
AVG_OIPCR= 6.9
avgoiPCROld=  28.3
AVG_OIPCR_9STRIKE= 6.9  (pcr5..pcr13 = ATM +/-4, 9 strikes)
SUPP_RES = NOTRADEZONE
spotLTP = 73235.71
FUT LTP = 73900.05
CEchoi  PechOi = 93180.0    0.0
====================================
atmPCR= 1.31  belowATM  1.41
CHOI_DOM_GATE: gate_on= True  bull_ok= False  bear_ok= False | isPE_DomSupp_once= False  fresh_PE= 0 | isCE_DomRes_once= False  fresh_CE= 0
India VIX = 13.49  Spot Price = 73234.04
IV Regime = HIGH (ADAPTIVE: P25= 11.15  P50= 11.53  P75= 12.29 ) | DailyRange = 1411.3 | 3minCandleRange = 74.3 (theoretical= 123.8 ) | ATMoptionMove = 33.4 | SL = 117 | Target = 117 | TrailTrigger = 33 | Spread = 400 | Buffer = 59
IV Params refreshed: {'vix': 13.49, 'bn_price': 73234.04, 'regime': 'HIGH', 'regime_thresholds': 'P25=11.15 P50=11.53 P75=12.29', 'daily_range': 1411.3, 'candle_range': 74.3, 'atm_option_move': 33.4, 'sl_point': 117, 'target_point': 117, 'sl_pct_of_premium': 0.1, 'trail_trigger': 33, 'spread_width': 400, 'support_resistance_buffer': 59}
===
====after 3 min ochain==== 2026-09-28 09:24:00.000002
/home/ubuntu/trading-bot/Strategy_Sensex_May_2026.py:1377: RuntimeWarning: divide by zero encountered in scalar divide
  option_type[index1] == 'PE' else round(oich[index2] / oich[index1], 2)
                                    oipcr   choipcr   CE_OI / PE_OI (same strike)
pcr1 =  BSE:SENSEX26O0174000PE   0.72   -0.61 CALL added 115580   PUT unwind -70800  CE_OI=702240 PE_OI=504880
pcr2 =  BSE:SENSEX26O0173900CE   0.86   -2.01 CALL added 22040   PUT unwind -44400  CE_OI=206680 PE_OI=177920
pcr3 =  BSE:SENSEX26O0173800PE   0.66   -0.98 CALL added 96400   PUT unwind -94120  CE_OI=334520 PE_OI=220860
pcr4 =  BSE:SENSEX26O0173700CE   0.74   -0.95 CALL added 113080   PUT unwind -107540  CE_OI=361220 PE_OI=266300
pcr5 =  BSE:SENSEX26O0173600PE   0.86   -1.14 CALL added 127080   PUT unwind -144620  CE_OI=231740 PE_OI=199340
pcr6 =  BSE:SENSEX26O0173500PE   1.16    0.02 CALL added 311400   PUT added 6720  CE_OI=474360 PE_OI=547940
pcr7 =  BSE:SENSEX26O0173400PE   1.17   0.48 CALL added 201300   PUT added 96080  CE_OI=236560 PE_OI=276040
pcr8 =  BSE:SENSEX26O0173300CE   1.64   0.62 CALL added 178800   PUT added 110900  CE_OI=201880 PE_OI=331200
pcr9 =  BSE:SENSEX26O0173200CE   2.95   1.81 CALL added 62660   PUT added 113400  CE_OI=80700 PE_OI=238160
pcr10 =  BSE:SENSEX26O0173100CE   5.3   2.7 CALL added 19060   PUT added 51540  CE_OI=27600 PE_OI=146180
pcr11 =  BSE:SENSEX26O0173000PE   5.29   2.02 CALL added 41900   PUT added 84560  CE_OI=90660 PE_OI=480000
pcr12 =  BSE:SENSEX26O0172900PE   8.17   4.67 CALL added 7900   PUT added 36880  CE_OI=13420 PE_OI=109660
pcr13 =  BSE:SENSEX26O0172800PE   16.32   7.71 CALL added 2320   PUT added 17880  CE_OI=8580 PE_OI=140040
pcr14 =  BSE:SENSEX26O0172700PE   28.8   4.27 CALL added 1800   PUT added 7680  CE_OI=3620 PE_OI=104240
pcr15 =  BSE:SENSEX26O0172600CE   33.85   6.88 CALL added 680   PUT added 4680  CE_OI=3020 PE_OI=102220
pcr16 =  BSE:SENSEX26O0172500PE   40.35   -4.23 CALL added 4220   PUT unwind -17840  CE_OI=9700 PE_OI=391380
pcr17 =  BSE:SENSEX26O0172400PE   259.55   inf CALL unwind 0   PUT added 2340  CE_OI=400 PE_OI=103820
PCRSUM== 408.39
pcrSummation== 42.86
spotLTP =  73234.04  ATM_STRIKE =  73200
IS_ATM_STRIKE_SHIFT = False  mapStrike = {73200: 73200}
avgOiPcrList2 = [np.float64(28.3), np.float64(24.02)] atmStrikeNotShiftedCount= 2
avgOiPcr9List2 = [np.float64(6.9), np.float64(4.76)] atmStrikeNotShiftedCount= 2
False   2   2
SUPP_RES=== NOTRADEZONE  Buffer= 59
ANCHOR_COMPARE: spot=73234.04 fut=73942.6 basis(fut-spot)=708.56 | SR_spot(PRIMARY)=NOTRADEZONE SR_future=74000 SR_diff(fut-spot)=NA | PCRwin_spot(PRIMARY)=73200 PCRwin_future=73900
not found
==========================
FUT_SUPP_RES=== 74000  (FUT_LTP= 73942.6 ) Buffer= 59
FUT CEoich val =  115580.0  PEoich val =  -70800.0 , CE > PE by 161.3%
FUT_SUPP_RES TOTAL OI: CE= 702240  PE= 504880 , CE > PE by 28.1%
OI_SUPP_RES: spot=73234.04 ATM=73200 (win=±500 mode=OI) (ATM_CE_OI=80700 ATM_PE_OI=238160) | SUPPORT=73000PE OI=480000 (dist=-200) | RESISTANCE=73500CE OI=474360 (dist=300)
OI_SUPPORT=== 73000
OI_SUPPORT CEoich val = 41900.0  PEoich val = 84560.0 , CE < PE by 50.4%
OI_SUPPORT TOTAL OI: CE= 90660  PE= 480000 , CE < PE by 81.1%
OI_RESISTANCE=== 73500
OI_RESISTANCE CEoich val = 311400.0  PEoich val = 6720.0 , CE > PE by 97.8%
OI_RESISTANCE TOTAL OI: CE= 474360  PE= 547940 , CE < PE by 13.4%
IS_MORNING_WINDOW= True  (active 9:15-9:48 IST)
CHOI_UNWIND: PE side unwinding at SUPP_RES (PEchoi=0.0) - CHOI-based logic skipped this cycle
================================================
==== signal check time ==== 2026-09-28 09:24:00.548441
CHART_PATTERN_DETECTED: HAMMER
  PATTERN_CONTEXT: Body= -3.0  Range= 70.5  ExpectedRange= 74.3  RangeRatio= 0.95  O= 73945.6  H= 73945.6  L= 73875.2  C= 73942.6
ATMStrike =  73200
AVG_OIPCR= 4.76
avgoiPCROld=  24.02
AVG_OIPCR_9STRIKE= 4.76  (pcr5..pcr13 = ATM +/-4, 9 strikes)
SUPP_RES = NOTRADEZONE
spotLTP = 73234.04
FUT LTP = 73942.6
CEchoi  PechOi = 93180.0    0.0
====================================
atmPCR= 0.86  belowATM  1.16
CHOI_DOM_GATE: gate_on= True  bull_ok= False  bear_ok= False | isPE_DomSupp_once= False  fresh_PE= 0 | isCE_DomRes_once= False  fresh_CE= 0
India VIX = 13.55  Spot Price = 73188.09
IV Regime = HIGH (ADAPTIVE: P25= 11.15  P50= 11.53  P75= 12.29 ) | DailyRange = 1416.7 | 3minCandleRange = 74.6 (theoretical= 124.3 ) | ATMoptionMove = 33.5 | SL = 117 | Target = 117 | TrailTrigger = 34 | Spread = 400 | Buffer = 60
IV Params refreshed: {'vix': 13.55, 'bn_price': 73188.09, 'regime': 'HIGH', 'regime_thresholds': 'P25=11.15 P50=11.53 P75=12.29', 'daily_range': 1416.7, 'candle_range': 74.6, 'atm_option_move': 33.5, 'sl_point': 117, 'target_point': 117, 'sl_pct_of_premium': 0.1, 'trail_trigger': 34, 'spread_width': 400, 'support_resistance_buffer': 60}
===
====after 3 min ochain==== 2026-09-28 09:27:00.000001
                                    oipcr   choipcr   CE_OI / PE_OI (same strike)
pcr1 =  BSE:SENSEX26O0174000PE   0.61   -0.86 CALL added 146960   PUT unwind -126640  CE_OI=733620 PE_OI=449040
pcr2 =  BSE:SENSEX26O0173900CE   0.71   -2.58 CALL added 27840   PUT unwind -71740  CE_OI=212480 PE_OI=150580
pcr3 =  BSE:SENSEX26O0173800PE   0.63   -0.96 CALL added 103520   PUT unwind -99020  CE_OI=341640 PE_OI=215960
pcr4 =  BSE:SENSEX26O0173700CE   0.66   -1.45 CALL added 99240   PUT unwind -143700  CE_OI=347380 PE_OI=230140
pcr5 =  BSE:SENSEX26O0173600PE   0.63   -0.68 CALL added 211800   PUT unwind -144160  CE_OI=316460 PE_OI=199800
pcr6 =  BSE:SENSEX26O0173500PE   1.03    0.02 CALL added 369300   PUT added 7660  CE_OI=532260 PE_OI=548880
pcr7 =  BSE:SENSEX26O0173400PE   1.01   0.38 CALL added 227360   PUT added 85600  CE_OI=262620 PE_OI=265560
pcr8 =  BSE:SENSEX26O0173300CE   1.22   0.38 CALL added 229040   PUT added 86400  CE_OI=252120 PE_OI=306700
pcr9 =  BSE:SENSEX26O0173200CE   1.76   1.23 CALL added 173760   PUT added 213600  CE_OI=191800 PE_OI=338360
pcr10 =  BSE:SENSEX26O0173100CE   4.59   2.63 CALL added 28220   PUT added 74080  CE_OI=36760 PE_OI=168720
pcr11 =  BSE:SENSEX26O0173000PE   4.84   2.13 CALL added 58940   PUT added 125320  CE_OI=107700 PE_OI=520760
pcr12 =  BSE:SENSEX26O0172900PE   7.91   4.84 CALL added 9480   PUT added 45880  CE_OI=15000 PE_OI=118660
pcr13 =  BSE:SENSEX26O0172800PE   22.46   29.28 CALL added 2700   PUT added 79060  CE_OI=8960 PE_OI=201220
pcr14 =  BSE:SENSEX26O0172700PE   27.53   6.22 CALL added 2180   PUT added 13560  CE_OI=4000 PE_OI=110120
pcr15 =  BSE:SENSEX26O0172600CE   31.09   6.78 CALL added 1020   PUT added 6920  CE_OI=3360 PE_OI=104460
pcr16 =  BSE:SENSEX26O0172500PE   40.4   -3.27 CALL added 4300   PUT unwind -14080  CE_OI=9780 PE_OI=395140
pcr17 =  BSE:SENSEX26O0172400PE   143.08   4.81 CALL added 320   PUT added 1540  CE_OI=720 PE_OI=103020
PCRSUM== 290.16
pcrSummation== 45.45
spotLTP =  73185.75  ATM_STRIKE =  73200
IS_ATM_STRIKE_SHIFT = False  mapStrike = {73200: 73200}
avgOiPcrList2 = [np.float64(28.3), np.float64(24.02), np.float64(17.07)] atmStrikeNotShiftedCount= 3
avgOiPcr9List2 = [np.float64(6.9), np.float64(4.76), np.float64(5.05)] atmStrikeNotShiftedCount= 3
False   3   3
SUPP_RES=== 73000  Buffer= 60
ANCHOR_COMPARE: spot=73185.75 fut=73875.0 basis(fut-spot)=689.25 | SR_spot(PRIMARY)=73000 SR_future=74000 SR_diff(fut-spot)=1000 | PCRwin_spot(PRIMARY)=73200 PCRwin_future=73900
CEoich val =  58940.0  PEoich val =  125320.0 , CE < PE by 53.0%
SUPP_RES TOTAL OI: CE= 107700  PE= 520760 , CE < PE by 79.3%
INCR_CHOI: SUPP_RES=73000 role=SUPPORT first sighting (no prev cycle to diff) | cumulative CE=58940.0 PE=125320.0
==========================
FUT_SUPP_RES=== 74000  (FUT_LTP= 73875.0 ) Buffer= 60
FUT CEoich val =  146960.0  PEoich val =  -126640.0 , CE > PE by 186.2%
FUT_SUPP_RES TOTAL OI: CE= 733620  PE= 449040 , CE > PE by 38.8%
OI_SUPP_RES: spot=73185.75 ATM=73200 (win=±500 mode=OI) (ATM_CE_OI=191800 ATM_PE_OI=338360) | SUPPORT=73000PE OI=520760 (dist=-200) | RESISTANCE=73500CE OI=532260 (dist=300)
OI_SUPPORT=== 73000
OI_SUPPORT CEoich val = 58940.0  PEoich val = 125320.0 , CE < PE by 53.0%
OI_SUPPORT TOTAL OI: CE= 107700  PE= 520760 , CE < PE by 79.3%
OI_RESISTANCE=== 73500
OI_RESISTANCE CEoich val = 369300.0  PEoich val = 7660.0 , CE > PE by 97.9%
OI_RESISTANCE TOTAL OI: CE= 532260  PE= 548880 , CE < PE by 3.0%
IS_MORNING_WINDOW= True  (active 9:15-9:48 IST)
================================================
==== signal check time ==== 2026-09-28 09:27:00.548921
CHART_PATTERN_DETECTED: OUTSIDE_BAR | DOUBLE_BOTTOM_FORMING | STRONG_MOMENTUM_BEAR
  PATTERN_CONTEXT: Body= -67.6  Range= 77.1  ExpectedRange= 74.6  RangeRatio= 1.03  O= 73942.6  H= 73952.2  L= 73875.0  C= 73875.0
PCR9_SEQ_FLAT: 6.9 -> 4.76 -> 5.05 (not monotonic)
isPcrDecr = True
PCR_SEQ_DEC: 28.3 -> 24.02 -> 17.07 | pcr2 < pcr1 by -15.1% | pcr3 < pcr2 by -28.9%
ATMStrike =  73200
AVG_OIPCR= 5.05
avgoiPCROld=  17.07
AVG_OIPCR_9STRIKE= 5.05  (pcr5..pcr13 = ATM +/-4, 9 strikes)
SUPP_RES = 73000
spotLTP = 73185.75
FUT LTP = 73875.0
CEchoi  PechOi = 58940.0    125320.0
====================================
atmPCR= 0.63  belowATM  1.03
CHOI_DOM_GATE: gate_on= True  bull_ok= False  bear_ok= False | isPE_DomSupp_once= False  fresh_PE= 0 | isCE_DomRes_once= False  fresh_CE= 0
no trade yet = [np.float64(28.3), np.float64(24.02), np.float64(17.07)]
India VIX = 13.7  Spot Price = 73171.1
IV Regime = HIGH (ADAPTIVE: P25= 11.15  P50= 11.53  P75= 12.29 ) | DailyRange = 1432.1 | 3minCandleRange = 75.4 (theoretical= 125.6 ) | ATMoptionMove = 33.9 | SL = 119 | Target = 119 | TrailTrigger = 34 | Spread = 400 | Buffer = 60
IV Params refreshed: {'vix': 13.7, 'bn_price': 73171.1, 'regime': 'HIGH', 'regime_thresholds': 'P25=11.15 P50=11.53 P75=12.29', 'daily_range': 1432.1, 'candle_range': 75.4, 'atm_option_move': 33.9, 'sl_point': 119, 'target_point': 119, 'sl_pct_of_premium': 0.1, 'trail_trigger': 34, 'spread_width': 400, 'support_resistance_buffer': 60}
===
====after 3 min ochain==== 2026-09-28 09:30:00.000002
                                    oipcr   choipcr   CE_OI / PE_OI (same strike)
pcr1 =  BSE:SENSEX26O0174000PE   0.55   -0.88 CALL added 178660   PUT unwind -156900  CE_OI=765320 PE_OI=418780
pcr2 =  BSE:SENSEX26O0173900CE   0.65   -1.86 CALL added 40840   PUT unwind -76060  CE_OI=225480 PE_OI=146260
pcr3 =  BSE:SENSEX26O0173800PE   0.56   -0.96 CALL added 118260   PUT unwind -114100  CE_OI=356380 PE_OI=200880
pcr4 =  BSE:SENSEX26O0173700CE   0.6   -1.46 CALL added 108320   PUT unwind -158380  CE_OI=356460 PE_OI=215460
pcr5 =  BSE:SENSEX26O0173600PE   0.59   -0.73 CALL added 214180   PUT unwind -155980  CE_OI=318840 PE_OI=187980
pcr6 =  BSE:SENSEX26O0173500PE   0.9    -0.05 CALL added 416660   PUT unwind -21400  CE_OI=579620 PE_OI=519820
pcr7 =  BSE:SENSEX26O0173400PE   0.81   0.25 CALL added 271840   PUT added 68460  CE_OI=307100 PE_OI=248420
pcr8 =  BSE:SENSEX26O0173300CE   1.0   0.31 CALL added 284080   PUT added 87920  CE_OI=307160 PE_OI=308220
pcr9 =  BSE:SENSEX26O0173200CE   1.34   0.93 CALL added 245860   PUT added 228980  CE_OI=263900 PE_OI=353740
pcr10 =  BSE:SENSEX26O0173100CE   2.8   1.62 CALL added 59960   PUT added 97340  CE_OI=68500 PE_OI=191980
pcr11 =  BSE:SENSEX26O0173000PE   4.04   1.78 CALL added 87420   PUT added 155320  CE_OI=136180 PE_OI=550760
pcr12 =  BSE:SENSEX26O0172900PE   6.71   4.38 CALL added 15300   PUT added 66980  CE_OI=20820 PE_OI=139760
pcr13 =  BSE:SENSEX26O0172800PE   16.19   13.17 CALL added 6880   PUT added 90580  CE_OI=13140 PE_OI=212740
pcr14 =  BSE:SENSEX26O0172700PE   25.3   8.69 CALL added 3040   PUT added 26420  CE_OI=4860 PE_OI=122980
pcr15 =  BSE:SENSEX26O0172600CE   30.78   8.79 CALL added 1160   PUT added 10200  CE_OI=3500 PE_OI=107740
pcr16 =  BSE:SENSEX26O0172500PE   32.54   -2.23 CALL added 6640   PUT unwind -14800  CE_OI=12120 PE_OI=394420
pcr17 =  BSE:SENSEX26O0172400PE   184.52   30.78 CALL added 180   PUT added 5540  CE_OI=580 PE_OI=107020
PCRSUM== 309.88
pcrSummation== 34.38
spotLTP =  73171.81  ATM_STRIKE =  73200
IS_ATM_STRIKE_SHIFT = False  mapStrike = {73200: 73200}
avgOiPcrList2 = [np.float64(24.02), np.float64(17.07), np.float64(18.23)] atmStrikeNotShiftedCount= 4
avgOiPcr9List2 = [np.float64(4.76), np.float64(5.05), np.float64(3.82)] atmStrikeNotShiftedCount= 4
False   4   3
SUPP_RES=== 73000  Buffer= 60
ANCHOR_COMPARE: spot=73171.81 fut=73875.0 basis(fut-spot)=703.19 | SR_spot(PRIMARY)=73000 SR_future=74000 SR_diff(fut-spot)=1000 | PCRwin_spot(PRIMARY)=73200 PCRwin_future=73900
CEoich val =  87420.0  PEoich val =  155320.0 , CE < PE by 43.7%
SUPP_RES TOTAL OI: CE= 136180  PE= 550760 , CE < PE by 75.3%
INCR_CHOI: SUPP_RES=73000 role=SUPPORT fresh_CE=28480 fresh_PE=30000 -> PE_dominant by 5.1% (support HOLDING (bullish)) | cumulative CE=87420.0 PE=155320.0
==========================
FUT_SUPP_RES=== 74000  (FUT_LTP= 73875.0 ) Buffer= 60
FUT CEoich val =  178660.0  PEoich val =  -156900.0 , CE > PE by 187.8%
FUT_SUPP_RES TOTAL OI: CE= 765320  PE= 418780 , CE > PE by 45.3%
OI_SUPP_RES: spot=73171.81 ATM=73200 (win=±500 mode=OI) (ATM_CE_OI=263900 ATM_PE_OI=353740) | SUPPORT=73000PE OI=550760 (dist=-200) | RESISTANCE=73500CE OI=579620 (dist=300)
OI_SUPPORT=== 73000
OI_SUPPORT CEoich val = 87420.0  PEoich val = 155320.0 , CE < PE by 43.7%
OI_SUPPORT TOTAL OI: CE= 136180  PE= 550760 , CE < PE by 75.3%
OI_RESISTANCE=== 73500
OI_RESISTANCE CEoich val = 416660.0  PEoich val = -21400.0 , CE > PE by 105.1%
OI_RESISTANCE TOTAL OI: CE= 579620  PE= 519820 , CE > PE by 10.3%
IS_MORNING_WINDOW= True  (active 9:15-9:48 IST)
================================================
==== signal check time ==== 2026-09-28 09:30:00.538505
CHART_PATTERN_DETECTED: INSIDE_BAR | DOUBLE_BOTTOM_FORMING
  PATTERN_CONTEXT: Body= -29.0  Range= 29.0  ExpectedRange= 75.4  RangeRatio= 0.38  O= 73904.0  H= 73904.0  L= 73875.0  C= 73875.0
PCR9_SEQ_FLAT: 4.76 -> 5.05 -> 3.82 (not monotonic)
recent two = [np.float64(17.07), np.float64(18.23)]
isPE_DominantAtSupp_once = True  isPE_DominantAtSupp_twice = False  isPE_DominantAtSupp_trice = False (PE_supp_streak= 1 )
ATMStrike =  73200
AVG_OIPCR= 3.82
avgoiPCROld=  18.23
AVG_OIPCR_9STRIKE= 3.82  (pcr5..pcr13 = ATM +/-4, 9 strikes)
SUPP_RES = 73000
spotLTP = 73171.81
FUT LTP = 73875.0
CEchoi  PechOi = 87420.0    155320.0
====================================
atmPCR= 0.59  belowATM  0.9
CHOI_DOM_GATE: gate_on= True  bull_ok= True  bear_ok= False | isPE_DomSupp_once= True  fresh_PE= 30000 | isCE_DomRes_once= False  fresh_CE= 28480
India VIX = 13.68  Spot Price = 73152.9
IV Regime = HIGH (ADAPTIVE: P25= 11.15  P50= 11.53  P75= 12.29 ) | DailyRange = 1429.6 | 3minCandleRange = 75.2 (theoretical= 125.4 ) | ATMoptionMove = 33.9 | SL = 118 | Target = 118 | TrailTrigger = 34 | Spread = 400 | Buffer = 60
IV Params refreshed: {'vix': 13.68, 'bn_price': 73152.9, 'regime': 'HIGH', 'regime_thresholds': 'P25=11.15 P50=11.53 P75=12.29', 'daily_range': 1429.6, 'candle_range': 75.2, 'atm_option_move': 33.9, 'sl_point': 118, 'target_point': 118, 'sl_pct_of_premium': 0.1, 'trail_trigger': 34, 'spread_width': 400, 'support_resistance_buffer': 60}
===
====after 3 min ochain==== 2026-09-28 09:33:00.000003
                                    oipcr   choipcr   CE_OI / PE_OI (same strike)
pcr1 =  BSE:SENSEX26O0174000PE   0.53   -0.79 CALL added 202520   PUT unwind -160580  CE_OI=789180 PE_OI=415100
pcr2 =  BSE:SENSEX26O0173900CE   0.6   -1.62 CALL added 50140   PUT unwind -81000  CE_OI=234780 PE_OI=141320
pcr3 =  BSE:SENSEX26O0173800PE   0.56   -0.98 CALL added 117920   PUT unwind -115420  CE_OI=356040 PE_OI=199560
pcr4 =  BSE:SENSEX26O0173700CE   0.6   -1.48 CALL added 107680   PUT unwind -159220  CE_OI=355820 PE_OI=214620
pcr5 =  BSE:SENSEX26O0173600PE   0.58   -0.76 CALL added 211620   PUT unwind -161240  CE_OI=316280 PE_OI=182720
pcr6 =  BSE:SENSEX26O0173500PE   0.87    -0.05 CALL added 431380   PUT unwind -21500  CE_OI=594340 PE_OI=519720
pcr7 =  BSE:SENSEX26O0173400PE   0.76   0.22 CALL added 282500   PUT added 61380  CE_OI=317760 PE_OI=241340
pcr8 =  BSE:SENSEX26O0173300CE   1.02   0.36 CALL added 301140   PUT added 109380  CE_OI=324220 PE_OI=329680
pcr9 =  BSE:SENSEX26O0173200CE   1.22   0.87 CALL added 296620   PUT added 259340  CE_OI=314660 PE_OI=384100
pcr10 =  BSE:SENSEX26O0173100CE   2.46   1.51 CALL added 77280   PUT added 116620  CE_OI=85820 PE_OI=211260
pcr11 =  BSE:SENSEX26O0173000PE   3.62   1.56 CALL added 106180   PUT added 165400  CE_OI=154940 PE_OI=560840
pcr12 =  BSE:SENSEX26O0172900PE   6.06   3.82 CALL added 17600   PUT added 67260  CE_OI=23120 PE_OI=140040
pcr13 =  BSE:SENSEX26O0172800PE   12.68   8.93 CALL added 11400   PUT added 101800  CE_OI=17660 PE_OI=223960
pcr14 =  BSE:SENSEX26O0172700PE   21.51   8.23 CALL added 4320   PUT added 35540  CE_OI=6140 PE_OI=132100
pcr15 =  BSE:SENSEX26O0172600CE   31.26   14.07 CALL added 1420   PUT added 19980  CE_OI=3760 PE_OI=117520
pcr16 =  BSE:SENSEX26O0172500PE   29.03   -1.48 CALL added 8200   PUT unwind -12140  CE_OI=13680 PE_OI=397080
pcr17 =  BSE:SENSEX26O0172400PE   210.72   115.22 CALL added 180   PUT added 20740  CE_OI=580 PE_OI=122220
PCRSUM== 324.08
pcrSummation== 29.27
spotLTP =  73152.9  ATM_STRIKE =  73200
IS_ATM_STRIKE_SHIFT = False  mapStrike = {73200: 73200}
avgOiPcrList2 = [np.float64(17.07), np.float64(18.23), np.float64(19.06)] atmStrikeNotShiftedCount= 5
avgOiPcr9List2 = [np.float64(5.05), np.float64(3.82), np.float64(3.25)] atmStrikeNotShiftedCount= 5
False   5   3
SUPP_RES=== 73000  Buffer= 60
ANCHOR_COMPARE: spot=73152.9 fut=73862.15 basis(fut-spot)=709.25 | SR_spot(PRIMARY)=73000 SR_future=74000 SR_diff(fut-spot)=1000 | PCRwin_spot(PRIMARY)=73200 PCRwin_future=73900
CEoich val =  106180.0  PEoich val =  165400.0 , CE < PE by 35.8%
SUPP_RES TOTAL OI: CE= 154940  PE= 560840 , CE < PE by 72.4%
INCR_CHOI: SUPP_RES=73000 role=SUPPORT fresh_CE=18760 fresh_PE=10080 -> CE_dominant by 46.3% (support UNDERMINED (bearish warning)) | cumulative CE=106180.0 PE=165400.0
==========================
FUT_SUPP_RES=== 74000  (FUT_LTP= 73862.15 ) Buffer= 60
FUT CEoich val =  202520.0  PEoich val =  -160580.0 , CE > PE by 179.3%
FUT_SUPP_RES TOTAL OI: CE= 789180  PE= 415100 , CE > PE by 47.4%
OI_SUPP_RES: spot=73152.9 ATM=73200 (win=±500 mode=OI) (ATM_CE_OI=314660 ATM_PE_OI=384100) | SUPPORT=73000PE OI=560840 (dist=-200) | RESISTANCE=73500CE OI=594340 (dist=300)
OI_SUPPORT=== 73000
OI_SUPPORT CEoich val = 106180.0  PEoich val = 165400.0 , CE < PE by 35.8%
OI_SUPPORT TOTAL OI: CE= 154940  PE= 560840 , CE < PE by 72.4%
OI_RESISTANCE=== 73500
OI_RESISTANCE CEoich val = 431380.0  PEoich val = -21500.0 , CE > PE by 105.0%
OI_RESISTANCE TOTAL OI: CE= 594340  PE= 519720 , CE > PE by 12.6%
IS_MORNING_WINDOW= True  (active 9:15-9:48 IST)
================================================
==== signal check time ==== 2026-09-28 09:33:00.538323
CHART_PATTERN: None
isPcrDecr9 = True
PCR9_SEQ_DEC: 5.05 -> 3.82 -> 3.25 | pcr2 < pcr1 by -24.4% | pcr3 < pcr2 by -14.9%
isPcrInc = True
PCR_SEQ_INC: 17.07 -> 18.23 -> 19.06 | pcr2 > pcr1 by +6.8% | pcr3 > pcr2 by +4.6%
ATMStrike =  73200
AVG_OIPCR= 3.25
avgoiPCROld=  19.06
AVG_OIPCR_9STRIKE= 3.25  (pcr5..pcr13 = ATM +/-4, 9 strikes)
SUPP_RES = 73000
spotLTP = 73152.9
FUT LTP = 73862.15
CEchoi  PechOi = 106180.0    165400.0
====================================
atmPCR= 0.58  belowATM  0.87
CHOI_DOM_GATE: gate_on= True  bull_ok= False  bear_ok= False | isPE_DomSupp_once= False  fresh_PE= 10080 | isCE_DomRes_once= False  fresh_CE= 18760
no trade yet = [np.float64(17.07), np.float64(18.23), np.float64(19.06)]
India VIX = 13.75  Spot Price = 73072.31
IV Regime = HIGH (ADAPTIVE: P25= 11.15  P50= 11.53  P75= 12.29 ) | DailyRange = 1435.3 | 3minCandleRange = 75.5 (theoretical= 125.9 ) | ATMoptionMove = 34.0 | SL = 119 | Target = 119 | TrailTrigger = 34 | Spread = 400 | Buffer = 60
IV Params refreshed: {'vix': 13.75, 'bn_price': 73072.31, 'regime': 'HIGH', 'regime_thresholds': 'P25=11.15 P50=11.53 P75=12.29', 'daily_range': 1435.3, 'candle_range': 75.5, 'atm_option_move': 34.0, 'sl_point': 119, 'target_point': 119, 'sl_pct_of_premium': 0.1, 'trail_trigger': 34, 'spread_width': 400, 'support_resistance_buffer': 60}
===
====after 3 min ochain==== 2026-09-28 09:36:00.000004
                                    oipcr   choipcr   CE_OI / PE_OI (same strike)
pcr1 =  BSE:SENSEX26O0173900CE   0.58   -1.42 CALL added 57460   PUT unwind -81480  CE_OI=242100 PE_OI=140840
pcr2 =  BSE:SENSEX26O0173800PE   0.54   -0.96 CALL added 123120   PUT unwind -118380  CE_OI=361240 PE_OI=196600
pcr3 =  BSE:SENSEX26O0173700CE   0.57   -1.62 CALL added 105780   PUT unwind -170940  CE_OI=353920 PE_OI=202900
pcr4 =  BSE:SENSEX26O0173600PE   0.56   -0.74 CALL added 220500   PUT unwind -163000  CE_OI=325160 PE_OI=180960
pcr5 =  BSE:SENSEX26O0173500PE   0.84   -0.07 CALL added 444380   PUT unwind -31620  CE_OI=607340 PE_OI=509600
pcr6 =  BSE:SENSEX26O0173400PE   0.7    0.17 CALL added 291760   PUT added 48360  CE_OI=327020 PE_OI=228320
pcr7 =  BSE:SENSEX26O0173300CE   0.96   0.34 CALL added 318620   PUT added 107360  CE_OI=341700 PE_OI=327660
pcr8 =  BSE:SENSEX26O0173200CE   1.11   0.79 CALL added 320040   PUT added 251920  CE_OI=338080 PE_OI=376680
pcr9 =  BSE:SENSEX26O0173100CE   2.22   1.46 CALL added 99700   PUT added 145320  CE_OI=108240 PE_OI=239960
pcr10 =  BSE:SENSEX26O0173000PE   3.39   1.55 CALL added 124980   PUT added 193240  CE_OI=173740 PE_OI=588680
pcr11 =  BSE:SENSEX26O0172900PE   5.45   3.45 CALL added 21420   PUT added 73940  CE_OI=26940 PE_OI=146720
pcr12 =  BSE:SENSEX26O0172800PE   11.09   7.46 CALL added 14560   PUT added 108660  CE_OI=20820 PE_OI=230820
pcr13 =  BSE:SENSEX26O0172700PE   20.42   8.5 CALL added 4980   PUT added 42320  CE_OI=6800 PE_OI=138880
pcr14 =  BSE:SENSEX26O0172600CE   26.24   11.3 CALL added 2420   PUT added 27340  CE_OI=4760 PE_OI=124880
pcr15 =  BSE:SENSEX26O0172500PE   26.63   -1.31 CALL added 9420   PUT unwind -12380  CE_OI=14900 PE_OI=396840
pcr16 =  BSE:SENSEX26O0172400PE   206.79   102.56 CALL added 180   PUT added 18460  CE_OI=580 PE_OI=119940
pcr17 =  BSE:SENSEX26O0172300CE   54.64   -0.38 CALL added 3780   PUT unwind -1440  CE_OI=4400 PE_OI=240420
PCRSUM== 362.73
pcrSummation== 46.18
spotLTP =  73072.31  ATM_STRIKE =  73100
IS_ATM_STRIKE_SHIFT = True  mapStrike = {73100: 73100}
avgOiPcrList2 = [np.float64(21.34)] atmStrikeNotShiftedCount= 1
avgOiPcr9List2 = [np.float64(5.13)] atmStrikeNotShiftedCount= 1
True   1   1
SUPP_RES=== 73000  Buffer= 60
ANCHOR_COMPARE: spot=73072.31 fut=73728.25 basis(fut-spot)=655.94 | SR_spot(PRIMARY)=73000 SR_future=73500 SR_diff(fut-spot)=500 | PCRwin_spot(PRIMARY)=73100 PCRwin_future=73700
CEoich val =  124980.0  PEoich val =  193240.0 , CE < PE by 35.3%
SUPP_RES TOTAL OI: CE= 173740  PE= 588680 , CE < PE by 70.5%
INCR_CHOI: SUPP_RES=73000 role=SUPPORT fresh_CE=18800 fresh_PE=27840 -> PE_dominant by 32.5% (support HOLDING (bullish)) | cumulative CE=124980.0 PE=193240.0
==========================
FUT_SUPP_RES=== 73500  (FUT_LTP= 73728.25 ) Buffer= 60
FUT CEoich val =  444380.0  PEoich val =  -31620.0 , CE > PE by 107.1%
FUT_SUPP_RES TOTAL OI: CE= 607340  PE= 509600 , CE > PE by 16.1%
OI_SUPP_RES: spot=73072.31 ATM=73100 (win=±500 mode=OI) (ATM_CE_OI=108240 ATM_PE_OI=239960) | SUPPORT=73000PE OI=588680 (dist=-100) | RESISTANCE=73500CE OI=607340 (dist=400)
OI_SUPPORT=== 73000
OI_SUPPORT CEoich val = 124980.0  PEoich val = 193240.0 , CE < PE by 35.3%
OI_SUPPORT TOTAL OI: CE= 173740  PE= 588680 , CE < PE by 70.5%
OI_RESISTANCE=== 73500
OI_RESISTANCE CEoich val = 444380.0  PEoich val = -31620.0 , CE > PE by 107.1%
OI_RESISTANCE TOTAL OI: CE= 607340  PE= 509600 , CE > PE by 16.1%
IS_MORNING_WINDOW= True  (active 9:15-9:48 IST)
================================================
==== signal check time ==== 2026-09-28 09:36:00.615050
CHART_PATTERN_DETECTED: THREE_BLACK_CROWS | STRONG_MOMENTUM_BEAR
  PATTERN_CONTEXT: Body= -133.9  Range= 133.9  ExpectedRange= 75.5  RangeRatio= 1.77  O= 73862.2  H= 73862.2  L= 73728.2  C= 73728.2
isPE_DominantAtSupp_once = True  isPE_DominantAtSupp_twice = False  isPE_DominantAtSupp_trice = False (PE_supp_streak= 1 )
ATMStrike =  73100
AVG_OIPCR= 5.13
avgoiPCROld=  21.34
AVG_OIPCR_9STRIKE= 5.13  (pcr5..pcr13 = ATM +/-4, 9 strikes)
SUPP_RES = 73000
spotLTP = 73072.31
FUT LTP = 73728.25
CEchoi  PechOi = 124980.0    193240.0
====================================
atmPCR= 0.84  belowATM  0.7
CHOI_DOM_GATE: gate_on= True  bull_ok= True  bear_ok= False | isPE_DomSupp_once= True  fresh_PE= 27840 | isCE_DomRes_once= False  fresh_CE= 18800
India VIX = 14.09  Spot Price = 73018.78
IV Regime = HIGH (ADAPTIVE: P25= 11.15  P50= 11.53  P75= 12.29 ) | DailyRange = 1469.8 | 3minCandleRange = 77.3 (theoretical= 128.9 ) | ATMoptionMove = 34.8 | SL = 122 | Target = 122 | TrailTrigger = 35 | Spread = 400 | Buffer = 62
IV Params refreshed: {'vix': 14.09, 'bn_price': 73018.78, 'regime': 'HIGH', 'regime_thresholds': 'P25=11.15 P50=11.53 P75=12.29', 'daily_range': 1469.8, 'candle_range': 77.3, 'atm_option_move': 34.8, 'sl_point': 122, 'target_point': 122, 'sl_pct_of_premium': 0.1, 'trail_trigger': 35, 'spread_width': 400, 'support_resistance_buffer': 62}
===
====after 3 min ochain==== 2026-09-28 09:39:00.000003
                                    oipcr   choipcr   CE_OI / PE_OI (same strike)
pcr1 =  BSE:SENSEX26O0173800PE   0.54   -0.93 CALL added 128120   PUT unwind -118760  CE_OI=366240 PE_OI=196220
pcr2 =  BSE:SENSEX26O0173700CE   0.56   -1.67 CALL added 105860   PUT unwind -176320  CE_OI=354000 PE_OI=197520
pcr3 =  BSE:SENSEX26O0173600PE   0.48   -0.78 CALL added 232500   PUT unwind -182120  CE_OI=337160 PE_OI=161840
pcr4 =  BSE:SENSEX26O0173500PE   0.74   -0.11 CALL added 494760   PUT unwind -54840  CE_OI=657720 PE_OI=486380
pcr5 =  BSE:SENSEX26O0173400PE   0.62   0.09 CALL added 298100   PUT added 27080  CE_OI=333360 PE_OI=207040
pcr6 =  BSE:SENSEX26O0173300CE   0.78    0.16 CALL added 327640   PUT added 51680  CE_OI=350720 PE_OI=271980
pcr7 =  BSE:SENSEX26O0173200CE   0.89   0.58 CALL added 347940   PUT added 201500  CE_OI=365980 PE_OI=326260
pcr8 =  BSE:SENSEX26O0173100CE   1.31   0.83 CALL added 174720   PUT added 145580  CE_OI=183260 PE_OI=240220
pcr9 =  BSE:SENSEX26O0173000PE   2.7   1.12 CALL added 166220   PUT added 185780  CE_OI=214980 PE_OI=581220
pcr10 =  BSE:SENSEX26O0172900PE   4.05   2.33 CALL added 29360   PUT added 68540  CE_OI=34880 PE_OI=141320
pcr11 =  BSE:SENSEX26O0172800PE   9.07   5.87 CALL added 20380   PUT added 119560  CE_OI=26640 PE_OI=241720
pcr12 =  BSE:SENSEX26O0172700PE   25.12   16.99 CALL added 6260   PUT added 106380  CE_OI=8080 PE_OI=202940
pcr13 =  BSE:SENSEX26O0172600CE   21.37   6.23 CALL added 3140   PUT added 19560  CE_OI=5480 PE_OI=117100
pcr14 =  BSE:SENSEX26O0172500PE   22.37   -1.13 CALL added 12200   PUT unwind -13800  CE_OI=17680 PE_OI=395420
pcr15 =  BSE:SENSEX26O0172400PE   184.37   45.7 CALL added 200   PUT added 9140  CE_OI=600 PE_OI=110620
pcr16 =  BSE:SENSEX26O0172300CE   54.31   0.65 CALL added 3880   PUT added 2520  CE_OI=4500 PE_OI=244380
pcr17 =  BSE:SENSEX26O0172200CE   193.47   173.0 CALL added 280   PUT added 48440  CE_OI=600 PE_OI=116080
PCRSUM== 522.75
pcrSummation== 65.91
spotLTP =  73018.78  ATM_STRIKE =  73000
IS_ATM_STRIKE_SHIFT = True  mapStrike = {73000: 73000}
avgOiPcrList2 = [np.float64(30.75)] atmStrikeNotShiftedCount= 1
avgOiPcr9List2 = [np.float64(7.32)] atmStrikeNotShiftedCount= 1
True   1   1
SUPP_RES=== 73000  Buffer= 62
ANCHOR_COMPARE: spot=73018.78 fut=73740.0 basis(fut-spot)=721.22 | SR_spot(PRIMARY)=73000 SR_future=NOTRADEZONE SR_diff(fut-spot)=NA | PCRwin_spot(PRIMARY)=73000 PCRwin_future=73700
CEoich val =  166220.0  PEoich val =  185780.0 , CE < PE by 10.5%
SUPP_RES TOTAL OI: CE= 214980  PE= 581220 , CE < PE by 63.0%
INCR_CHOI: SUPP_RES=73000 role=SUPPORT fresh_CE=41240 fresh_PE=-7460 -> CE_dominant by 118.1% (support UNDERMINED (bearish warning)) | cumulative CE=166220.0 PE=185780.0
FUT_SUPP_RES=== NOTRADEZONE
OI_SUPP_RES: spot=73018.78 ATM=73000 (win=±500 mode=OI) (ATM_CE_OI=214980 ATM_PE_OI=581220) | SUPPORT=73000PE OI=581220 (dist=0) | RESISTANCE=73500CE OI=657720 (dist=500)
OI_SUPPORT=== 73000
OI_SUPPORT CEoich val = 166220.0  PEoich val = 185780.0 , CE < PE by 10.5%
OI_SUPPORT TOTAL OI: CE= 214980  PE= 581220 , CE < PE by 63.0%
OI_RESISTANCE=== 73500
OI_RESISTANCE CEoich val = 494760.0  PEoich val = -54840.0 , CE > PE by 111.1%
OI_RESISTANCE TOTAL OI: CE= 657720  PE= 486380 , CE > PE by 26.1%
IS_MORNING_WINDOW= True  (active 9:15-9:48 IST)
================================================
==== signal check time ==== 2026-09-28 09:39:00.607817
CHART_PATTERN: None
ATMStrike =  73000
AVG_OIPCR= 7.32
avgoiPCROld=  30.75
AVG_OIPCR_9STRIKE= 7.32  (pcr5..pcr13 = ATM +/-4, 9 strikes)
SUPP_RES = 73000
spotLTP = 73018.78
FUT LTP = 73740.0
CEchoi  PechOi = 166220.0    185780.0
====================================
atmPCR= 0.62  belowATM  0.78
CHOI_DOM_GATE: gate_on= True  bull_ok= False  bear_ok= False | isPE_DomSupp_once= False  fresh_PE= -7460 | isCE_DomRes_once= False  fresh_CE= 41240
India VIX = 14.02  Spot Price = 73036.09
IV Regime = HIGH (ADAPTIVE: P25= 11.15  P50= 11.53  P75= 12.29 ) | DailyRange = 1462.8 | 3minCandleRange = 77.0 (theoretical= 128.3 ) | ATMoptionMove = 34.6 | SL = 121 | Target = 121 | TrailTrigger = 35 | Spread = 400 | Buffer = 62
IV Params refreshed: {'vix': 14.02, 'bn_price': 73036.09, 'regime': 'HIGH', 'regime_thresholds': 'P25=11.15 P50=11.53 P75=12.29', 'daily_range': 1462.8, 'candle_range': 77.0, 'atm_option_move': 34.6, 'sl_point': 121, 'target_point': 121, 'sl_pct_of_premium': 0.1, 'trail_trigger': 35, 'spread_width': 400, 'support_resistance_buffer': 62}
===
====after 3 min ochain==== 2026-09-28 09:42:00.000004
                                    oipcr   choipcr   CE_OI / PE_OI (same strike)
pcr1 =  BSE:SENSEX26O0173800PE   0.52   -0.92 CALL added 132820   PUT unwind -121560  CE_OI=370940 PE_OI=193420
pcr2 =  BSE:SENSEX26O0173700CE   0.56   -1.74 CALL added 101800   PUT unwind -177540  CE_OI=349940 PE_OI=196300
pcr3 =  BSE:SENSEX26O0173600PE   0.46   -0.78 CALL added 239840   PUT unwind -186300  CE_OI=344500 PE_OI=157660
pcr4 =  BSE:SENSEX26O0173500PE   0.71   -0.12 CALL added 518180   PUT unwind -60160  CE_OI=681140 PE_OI=481060
pcr5 =  BSE:SENSEX26O0173400PE   0.57   0.06 CALL added 314340   PUT added 17960  CE_OI=349600 PE_OI=197920
pcr6 =  BSE:SENSEX26O0173300CE   0.65    0.06 CALL added 346300   PUT added 19280  CE_OI=369380 PE_OI=239580
pcr7 =  BSE:SENSEX26O0173200CE   0.77   0.48 CALL added 376760   PUT added 180380  CE_OI=394800 PE_OI=305140
pcr8 =  BSE:SENSEX26O0173100CE   1.19   0.77 CALL added 197820   PUT added 151400  CE_OI=206360 PE_OI=246040
pcr9 =  BSE:SENSEX26O0173000PE   2.33   1.02 CALL added 214720   PUT added 218020  CE_OI=263480 PE_OI=613460
pcr10 =  BSE:SENSEX26O0172900PE   3.8   2.34 CALL added 35460   PUT added 82920  CE_OI=40980 PE_OI=155700
pcr11 =  BSE:SENSEX26O0172800PE   7.82   4.99 CALL added 25840   PUT added 128940  CE_OI=32100 PE_OI=251100
pcr12 =  BSE:SENSEX26O0172700PE   22.11   15.22 CALL added 8180   PUT added 124520  CE_OI=10000 PE_OI=221080
pcr13 =  BSE:SENSEX26O0172600CE   16.74   5.72 CALL added 5300   PUT added 30320  CE_OI=7640 PE_OI=127860
pcr14 =  BSE:SENSEX26O0172500PE   17.48   -2.25 CALL added 15880   PUT unwind -35760  CE_OI=21360 PE_OI=373460
pcr15 =  BSE:SENSEX26O0172400PE   98.58   21.02 CALL added 800   PUT added 16820  CE_OI=1200 PE_OI=118300
pcr16 =  BSE:SENSEX26O0172300CE   51.23   -0.27 CALL added 4080   PUT unwind -1100  CE_OI=4700 PE_OI=240760
pcr17 =  BSE:SENSEX26O0172200CE   198.57   183.93 CALL added 280   PUT added 51500  CE_OI=600 PE_OI=119140
PCRSUM== 424.09
pcrSummation== 55.98
spotLTP =  73036.09  ATM_STRIKE =  73000
IS_ATM_STRIKE_SHIFT = False  mapStrike = {73000: 73000}
avgOiPcrList2 = [np.float64(30.75), np.float64(24.95)] atmStrikeNotShiftedCount= 2
avgOiPcr9List2 = [np.float64(7.32), np.float64(6.22)] atmStrikeNotShiftedCount= 2
False   2   2
SUPP_RES=== 73000  Buffer= 62
ANCHOR_COMPARE: spot=73036.09 fut=73708.7 basis(fut-spot)=672.61 | SR_spot(PRIMARY)=73000 SR_future=73500 SR_diff(fut-spot)=500 | PCRwin_spot(PRIMARY)=73000 PCRwin_future=73700
CEoich val =  214720.0  PEoich val =  218020.0 , CE < PE by 1.5%
SUPP_RES TOTAL OI: CE= 263480  PE= 613460 , CE < PE by 57.1%
INCR_CHOI: SUPP_RES=73000 role=SUPPORT fresh_CE=48500 fresh_PE=32240 -> CE_dominant by 33.5% (support UNDERMINED (bearish warning)) | cumulative CE=214720.0 PE=218020.0
==========================
FUT_SUPP_RES=== 73500  (FUT_LTP= 73708.7 ) Buffer= 62
FUT CEoich val =  518180.0  PEoich val =  -60160.0 , CE > PE by 111.6%
FUT_SUPP_RES TOTAL OI: CE= 681140  PE= 481060 , CE > PE by 29.4%
OI_SUPP_RES: spot=73036.09 ATM=73000 (win=±500 mode=OI) (ATM_CE_OI=263480 ATM_PE_OI=613460) | SUPPORT=73000PE OI=613460 (dist=0) | RESISTANCE=73500CE OI=681140 (dist=500)
OI_SUPPORT=== 73000
OI_SUPPORT CEoich val = 214720.0  PEoich val = 218020.0 , CE < PE by 1.5%
OI_SUPPORT TOTAL OI: CE= 263480  PE= 613460 , CE < PE by 57.1%
OI_RESISTANCE=== 73500
OI_RESISTANCE CEoich val = 518180.0  PEoich val = -60160.0 , CE > PE by 111.6%
OI_RESISTANCE TOTAL OI: CE= 681140  PE= 481060 , CE > PE by 29.4%
IS_MORNING_WINDOW= True  (active 9:15-9:48 IST)
================================================
==== signal check time ==== 2026-09-28 09:42:00.593838
CHART_PATTERN_DETECTED: INVERTED_HAMMER | DOUBLE_BOTTOM_FORMING
  PATTERN_CONTEXT: Body= 7.6  Range= 29.1  ExpectedRange= 77.0  RangeRatio= 0.38  O= 73701.0  H= 73730.1  L= 73701.0  C= 73708.7
ATMStrike =  73000
AVG_OIPCR= 6.22
avgoiPCROld=  24.95
AVG_OIPCR_9STRIKE= 6.22  (pcr5..pcr13 = ATM +/-4, 9 strikes)
SUPP_RES = 73000
spotLTP = 73036.09
FUT LTP = 73708.7
CEchoi  PechOi = 214720.0    218020.0
====================================
atmPCR= 0.57  belowATM  0.65
CHOI_DOM_GATE: gate_on= True  bull_ok= False  bear_ok= False | isPE_DomSupp_once= False  fresh_PE= 32240 | isCE_DomRes_once= False  fresh_CE= 48500
India VIX = 14.05  Spot Price = 72992.57
IV Regime = HIGH (ADAPTIVE: P25= 11.15  P50= 11.53  P75= 12.29 ) | DailyRange = 1465.1 | 3minCandleRange = 77.1 (theoretical= 128.5 ) | ATMoptionMove = 34.7 | SL = 121 | Target = 121 | TrailTrigger = 35 | Spread = 400 | Buffer = 62
IV Params refreshed: {'vix': 14.05, 'bn_price': 72992.57, 'regime': 'HIGH', 'regime_thresholds': 'P25=11.15 P50=11.53 P75=12.29', 'daily_range': 1465.1, 'candle_range': 77.1, 'atm_option_move': 34.7, 'sl_point': 121, 'target_point': 121, 'sl_pct_of_premium': 0.1, 'trail_trigger': 35, 'spread_width': 400, 'support_resistance_buffer': 62}
===
====after 3 min ochain==== 2026-09-28 09:45:00.000001
                                    oipcr   choipcr   CE_OI / PE_OI (same strike)
pcr1 =  BSE:SENSEX26O0173800PE   0.51   -0.91 CALL added 136500   PUT unwind -123720  CE_OI=374620 PE_OI=191260
pcr2 =  BSE:SENSEX26O0173700CE   0.53   -1.75 CALL added 105660   PUT unwind -184680  CE_OI=353800 PE_OI=189160
pcr3 =  BSE:SENSEX26O0173600PE   0.45   -0.78 CALL added 242500   PUT unwind -187940  CE_OI=347160 PE_OI=156020
pcr4 =  BSE:SENSEX26O0173500PE   0.67   -0.11 CALL added 547620   PUT unwind -62360  CE_OI=710580 PE_OI=478860
pcr5 =  BSE:SENSEX26O0173400PE   0.54   0.04 CALL added 321480   PUT added 12460  CE_OI=356740 PE_OI=192420
pcr6 =  BSE:SENSEX26O0173300CE   0.6    0.04 CALL added 364680   PUT added 13580  CE_OI=387760 PE_OI=233880
pcr7 =  BSE:SENSEX26O0173200CE   0.75   0.47 CALL added 390380   PUT added 182940  CE_OI=408420 PE_OI=307700
pcr8 =  BSE:SENSEX26O0173100CE   1.14   0.75 CALL added 215740   PUT added 160800  CE_OI=224280 PE_OI=255440
pcr9 =  BSE:SENSEX26O0173000PE   1.97   0.82 CALL added 261640   PUT added 214940  CE_OI=310400 PE_OI=610380
pcr10 =  BSE:SENSEX26O0172900PE   3.79   2.44 CALL added 38620   PUT added 94300  CE_OI=44140 PE_OI=167080
pcr11 =  BSE:SENSEX26O0172800PE   7.38   4.77 CALL added 29080   PUT added 138720  CE_OI=35340 PE_OI=260880
pcr12 =  BSE:SENSEX26O0172700PE   20.06   13.69 CALL added 9420   PUT added 128960  CE_OI=11240 PE_OI=225520
pcr13 =  BSE:SENSEX26O0172600CE   15.61   5.63 CALL added 6120   PUT added 34480  CE_OI=8460 PE_OI=132020
pcr14 =  BSE:SENSEX26O0172500PE   16.75   -1.81 CALL added 17100   PUT unwind -30980  CE_OI=22580 PE_OI=378240
pcr15 =  BSE:SENSEX26O0172400PE   72.66   20.93 CALL added 1400   PUT added 29300  CE_OI=1800 PE_OI=130780
pcr16 =  BSE:SENSEX26O0172300CE   43.85   0.22 CALL added 4920   PUT added 1080  CE_OI=5540 PE_OI=242940
pcr17 =  BSE:SENSEX26O0172200CE   143.98   100.84 CALL added 500   PUT added 50420  CE_OI=820 PE_OI=118060
PCRSUM== 331.24
pcrSummation== 51.84
spotLTP =  72988.52  ATM_STRIKE =  73000
IS_ATM_STRIKE_SHIFT = False  mapStrike = {73000: 73000}
avgOiPcrList2 = [np.float64(30.75), np.float64(24.95), np.float64(19.48)] atmStrikeNotShiftedCount= 3
avgOiPcr9List2 = [np.float64(7.32), np.float64(6.22), np.float64(5.76)] atmStrikeNotShiftedCount= 3
False   3   3
SUPP_RES=== 73000  Buffer= 62
ANCHOR_COMPARE: spot=72988.52 fut=73722.3 basis(fut-spot)=733.78 | SR_spot(PRIMARY)=73000 SR_future=73500 SR_diff(fut-spot)=500 | PCRwin_spot(PRIMARY)=73000 PCRwin_future=73700
CEoich val =  261640.0  PEoich val =  214940.0 , CE > PE by 17.8%
SUPP_RES TOTAL OI: CE= 310400  PE= 610380 , CE < PE by 49.1%
INCR_CHOI: SUPP_RES=73000 role=RESISTANCE fresh_CE=46920 fresh_PE=-3080 -> CE_dominant by 106.6% (resistance HOLDING (bearish)) | cumulative CE=261640.0 PE=214940.0
==========================
FUT_SUPP_RES=== 73500  (FUT_LTP= 73722.3 ) Buffer= 62
FUT CEoich val =  547620.0  PEoich val =  -62360.0 , CE > PE by 111.4%
FUT_SUPP_RES TOTAL OI: CE= 710580  PE= 478860 , CE > PE by 32.6%
OI_SUPP_RES: spot=72988.52 ATM=73000 (win=±500 mode=OI) (ATM_CE_OI=310400 ATM_PE_OI=610380) | SUPPORT=73000PE OI=610380 (dist=0) | RESISTANCE=73500CE OI=710580 (dist=500)
OI_SUPPORT=== 73000
OI_SUPPORT CEoich val = 261640.0  PEoich val = 214940.0 , CE > PE by 17.8%
OI_SUPPORT TOTAL OI: CE= 310400  PE= 610380 , CE < PE by 49.1%
OI_RESISTANCE=== 73500
OI_RESISTANCE CEoich val = 547620.0  PEoich val = -62360.0 , CE > PE by 111.4%
OI_RESISTANCE TOTAL OI: CE= 710580  PE= 478860 , CE > PE by 32.6%
IS_MORNING_WINDOW= True  (active 9:15-9:48 IST)
================================================
==== signal check time ==== 2026-09-28 09:45:00.596893
CHART_PATTERN_DETECTED: INSIDE_BAR | DOUBLE_BOTTOM_FORMING
  PATTERN_CONTEXT: Body= 13.6  Range= 25.7  ExpectedRange= 77.1  RangeRatio= 0.33  O= 73708.7  H= 73728.6  L= 73703.0  C= 73722.3
isPcrDecr9 = True
PCR9_SEQ_DEC: 7.32 -> 6.22 -> 5.76 | pcr2 < pcr1 by -15.0% | pcr3 < pcr2 by -7.4%
isPcrDecr = True
PCR_SEQ_DEC: 30.75 -> 24.95 -> 19.48 | pcr2 < pcr1 by -18.9% | pcr3 < pcr2 by -21.9%
isCE_DominantAtRes_once = True  isCE_DominantAtRes_twice = False  isCE_DominantAtRes_trice = False (CE_res_streak= 1 )
ATMStrike =  73000
AVG_OIPCR= 5.76
avgoiPCROld=  19.48
AVG_OIPCR_9STRIKE= 5.76  (pcr5..pcr13 = ATM +/-4, 9 strikes)
SUPP_RES = 73000
spotLTP = 72988.52
FUT LTP = 73722.3
CEchoi  PechOi = 261640.0    214940.0
====================================
atmPCR= 0.54  belowATM  0.6
CHOI_DOM_GATE: gate_on= True  bull_ok= False  bear_ok= True | isPE_DomSupp_once= False  fresh_PE= -3080 | isCE_DomRes_once= True  fresh_CE= 46920
In Bear trade, slCount=  0  (mode= LOGIC1_MORNING_TRAP )
SPREAD_CALC_AT_ENTRY: SyntheticATMStrike= 73100  ATM_PE= 452.6  ATM_CE= 500.1  AvgATM= 476.35
ATM_GREEKS: CE=BSE:SENSEX26O0173100CE -> {'delta': 0.52, 'gamma': 0.0003, 'theta': -73.35, 'vega': 27.49, 'iv': 17.32}
ATM_GREEKS: PE=BSE:SENSEX26O0173100PE -> {'delta': -0.48, 'gamma': 0.0003, 'theta': -73.35, 'vega': 27.49, 'iv': 17.32}
ATM_IV: ce_iv=17.32 pe_iv=17.32 avg_atm_iv=17.32 iv_skew(PE-CE)=0.0
==================================================
SPREAD_SELECTION (Sensex weekly): Type= CREDIT | DTE= 3 | PremRatio= 0.72 | IVRank= 0.87
SPREAD_REASONS: DTE=3(weekly) | PremRatio=0.72 | IVRank=0.87 | DECISION:CREDIT (ALWAYS_CREDIT=True — debit disabled)
==================================================
SPREAD_DECISION_AT_ENTRY: {'type': 'CREDIT', 'score': 1, 'dte': 3, 'premium_ratio': 0.72, 'iv_rank': 0.87, 'vix_30d_high': 13.47, 'vix_30d_low': 10.38, 'reasons': ['DTE=3(weekly)', 'PremRatio=0.72', 'IVRank=0.87', 'DECISION:CREDIT (ALWAYS_CREDIT=True — debit disabled)']}
ENTRY_MAIN_STRIKE: 73000 ( CREDIT -> spotATM )
ENTRY_ROUTING: spread_type= CREDIT  isBullish= False  isBearish= True
IV-Dynamic: SL= 121  Target= 121  Spread= 400
CREDIT_MAIN_1OTM: bear sell CE strike= 73100 (synthATM 73000 + ONE_OTM 100 )
HEDGE_BY_DELTA: main=73100CE main_delta=0.52 target_hedge_delta=0.26 nearest_strike=73900 nearest_delta=0.26 -> snapped500=74000 (far_otm_snap) hedge=BSE:SENSEX26O0174000CE hedge_delta=0.23
DELTA_CHECK: main=BSE:SENSEX26O0173100CE delta=0.52
DELTA_CHECK: hedge=BSE:SENSEX26O0174000CE delta=0.23
DELTA_CHECK: delta_ratio (|hedge|/|main|) = 0.442
=atmCE= BSE:SENSEX26O0173100CE
=otmCE== BSE:SENSEX26O0174000CE  entryPrice= 500.1  maxHedgePremium= 250.05
hedge_entry_price = 153.85
CREDIT_NET_CREDIT= 346.25
OPT_RANGE_DEBUG: symbol=BSE:SENSEX26O0173100CE | total_candles_after_skip1st=9 | ranges=[65.85, 30.55, 34.45, 18.05, 27.1, 43.25, 23.1, 25.45, 16.7] | median_all=27.1
OPT_OHLC_ENTRY: symbol=BSE:SENSEX26O0173100CE | candles=9 | open=[620.55, 581.6, 591.85, 578.1, 564.7, 547.95, 518.1, 512.3, 515.75] | high=[638.2, 602.55, 611.4, 579.8, 567.1, 548.5, 521.0, 525.95, 516.7] | low=[572.35, 572.0, 576.95, 561.75, 540.0, 505.25, 497.9, 500.5, 500.0] | close=[582.6, 596.05, 579.65, 563.85, 549.0, 518.9, 511.6, 517.7, 500.55] | median_range=27.1
OPT_RANGE_DEBUG: symbol=BSE:SENSEX26O0174000CE | total_candles_after_skip1st=9 | ranges=[18.8, 12.2, 11.75, 7.1, 12.45, 12.8, 6.2, 8.5, 7.9] | median_all=11.75
OPT_OHLC_ENTRY: symbol=BSE:SENSEX26O0174000CE | candles=9 | open=[190.2, 182.4, 187.4, 183.0, 177.9, 168.8, 161.7, 160.55, 161.05] | high=[197.2, 189.8, 194.75, 184.1, 178.4, 169.0, 163.1, 163.7, 161.15] | low=[178.4, 177.6, 183.0, 177.0, 165.95, 156.2, 156.9, 155.2, 153.25] | close=[181.45, 187.5, 183.25, 178.15, 168.7, 160.75, 161.2, 161.55, 153.65] | median_range=11.75
HEDGE_OFFSET: source=DELTA used_ratio=0.442 raw=0.442 | delta_ratio=0.442 range_ratio=0.434 premium_ratio=0.308 | (main_delta=0.52 hedge_delta=0.23 main_range=27.1 hedge_range=11.75) effective_sl=43 -> net_sl_points=23.98
RISK_SIZING: effective_sl_pre=43 main=500.1 hedge=153.85 main_range=27.1 hedge_range=11.75 FIXED_RISK=4000 -> qty=160 (8 lots)
CREDIT_ENTRY: qty= 160
MARGIN_CHECK: qty=160 (8 lots) margin_required=420961.57 avail=959117.73 usable(97%)=930344.2
9 : 45 : 2  =>  BUY   SENSEX26O0174000CE   160   MARKET
9 : 45 : 2  =>  SENSEX26O0174000CE {'code': 1101, 'message': 'Successfully placed order', 's': 'ok', 'id_fyers': '58d1f2c3-e47a-432d-b240-d96bccd5ca95', 'id': '26092800066358'}
entryPrice== 500.1 Target = 379  BSE:SENSEX26O0173100CE  SL = 621
9 : 45 : 2  =>  SELL   SENSEX26O0173100CE   160   MARKET
9 : 45 : 2  =>  SENSEX26O0173100CE {'code': 1101, 'message': 'Successfully placed order', 's': 'ok', 'id_fyers': '9e0c36ac-cdf2-42b7-9be5-2fe9f036ce6f', 'id': '26092800066371'}
Exit OID:  {'code': 1101, 'message': 'Successfully placed order', 's': 'ok', 'id_fyers': '9e0c36ac-cdf2-42b7-9be5-2fe9f036ce6f', 'id': '26092800066371'}   {'code': 1101, 'message': 'Successfully placed order', 's': 'ok', 'id_fyers': '58d1f2c3-e47a-432d-b240-d96bccd5ca95', 'id': '26092800066358'}
ENTRY_SL_TGT: spread= CREDIT  SL= 543.3  Target= 419.3  EntryPrem= 500.3  AnchorSrc= CANDLE_CLOSE  TrailTrigger= 40  SL_Source= OPTION_RANGE(median=27.1,SLx1.6,Tgtx3.0)  (iv_pts= 121  effective_sl= 43 )
09:46:00 In Trade ( CREDIT ). No Exit. ltp= 512.05  SL= 543.3  target= 419.3
09:48:01 In Trade ( CREDIT ). No Exit. ltp= 518.9  SL= 543.3  target= 419.3
09:49:00 In Trade ( CREDIT ). No Exit. ltp= 506.75  SL= 543.3  target= 419.3
09:50:01 In Trade ( CREDIT ). No Exit. ltp= 514.8  SL= 543.3  target= 419.3
09:51:00 In Trade ( CREDIT ). No Exit. ltp= 514.85  SL= 543.3  target= 419.3
09:53:01 In Trade ( CREDIT ). No Exit. ltp= 515.85  SL= 543.3  target= 419.3
09:54:00 In Trade ( CREDIT ). No Exit. ltp= 513.85  SL= 543.3  target= 419.3
09:55:01 In Trade ( CREDIT ). No Exit. ltp= 509.15  SL= 543.3  target= 419.3
09:56:00 In Trade ( CREDIT ). No Exit. ltp= 507.25  SL= 543.3  target= 419.3
09:57:00 In Trade ( CREDIT ). No Exit. ltp= 509.8  SL= 543.3  target= 419.3
09:58:01 In Trade ( CREDIT ). No Exit. ltp= 513.55  SL= 543.3  target= 419.3
09:59:00 In Trade ( CREDIT ). No Exit. ltp= 517.0  SL= 543.3  target= 419.3
10:00:00 In Trade ( CREDIT ). No Exit. ltp= 509.05  SL= 543.3  target= 419.3
10:01:01 In Trade ( CREDIT ). No Exit. ltp= 501.95  SL= 543.3  target= 419.3
10:02:00 In Trade ( CREDIT ). No Exit. ltp= 506.95  SL= 543.3  target= 419.3
10:03:01 In Trade ( CREDIT ). No Exit. ltp= 514.5  SL= 543.3  target= 419.3
10:04:00 In Trade ( CREDIT ). No Exit. ltp= 507.85  SL= 543.3  target= 419.3
10:06:01 In Trade ( CREDIT ). No Exit. ltp= 495.7  SL= 543.3  target= 419.3
10:07:00 In Trade ( CREDIT ). No Exit. ltp= 487.15  SL= 543.3  target= 419.3
10:08:01 In Trade ( CREDIT ). No Exit. ltp= 492.45  SL= 543.3  target= 419.3
10:09:00 In Trade ( CREDIT ). No Exit. ltp= 487.55  SL= 543.3  target= 419.3
10:10:01 In Trade ( CREDIT ). No Exit. ltp= 472.65  SL= 543.3  target= 419.3
10:11:00 In Trade ( CREDIT ). No Exit. ltp= 481.2  SL= 543.3  target= 419.3
10:12:00 In Trade ( CREDIT ). No Exit. ltp= 490.7  SL= 543.3  target= 419.3
10:13:01 In Trade ( CREDIT ). No Exit. ltp= 487.05  SL= 543.3  target= 419.3
10:14:00 In Trade ( CREDIT ). No Exit. ltp= 497.8  SL= 543.3  target= 419.3
10:15:01 In Trade ( CREDIT ). No Exit. ltp= 487.35  SL= 543.3  target= 419.3
10:16:00 In Trade ( CREDIT ). No Exit. ltp= 482.05  SL= 543.3  target= 419.3
TRAILING SL activated! SL moved to breakeven = 500.3
MARGIN_CHECK: qty=320 (16 lots) margin_required=792635.54 avail=618186.16 usable(97%)=599640.58
MARGIN_CHECK: qty=300 (15 lots) margin_required=743095.44 avail=618186.16 usable(97%)=599640.58
MARGIN_CHECK: qty=280 (14 lots) margin_required=693555.94 avail=618186.16 usable(97%)=599640.58
MARGIN_CHECK: qty=260 (13 lots) margin_required=644016.05 avail=618186.16 usable(97%)=599640.58
MARGIN_CHECK: qty=240 (12 lots) margin_required=594476.35 avail=618186.16 usable(97%)=599640.58
10 : 17 : 40  =>  BUY   SENSEX26O0174000CE   240   MARKET
10 : 17 : 40  =>  SENSEX26O0174000CE {'code': 1101, 'message': 'Successfully placed order', 's': 'ok', 'id_fyers': '33ccc055-5598-408d-866b-8951f8fc8c9e', 'id': '26092800102855'}
PYRAMID BUY BSE:SENSEX26O0174000CE qty=240 OID: {'code': 1101, 'message': 'Successfully placed order', 's': 'ok', 'id_fyers': '33ccc055-5598-408d-866b-8951f8fc8c9e', 'id': '26092800102855'}
10 : 17 : 41  =>  SELL   SENSEX26O0173100CE   240   MARKET
10 : 17 : 41  =>  SENSEX26O0173100CE {'code': -99, 'message': 'RED:Margin Shortfall:INR 31,676.19 Available:INR 9,59,117.73 for C-YF00368 [FYERS_RISK_CUG]', 's': 'error', 'id_fyers': '1f65d99b-f32e-4ac5-b48b-bd4dd212562c', 'id': '26092800102889'}
PYRAMID SELL BSE:SENSEX26O0173100CE qty=240 OID: {'code': -99, 'message': 'RED:Margin Shortfall:INR 31,676.19 Available:INR 9,59,117.73 for C-YF00368 [FYERS_RISK_CUG]', 's': 'error', 'id_fyers': '1f65d99b-f32e-4ac5-b48b-bd4dd212562c', 'id': '26092800102889'}
PYRAMID_ABORT: short add leg failed — unwinding orphan long add. resp= {'code': -99, 'message': 'RED:Margin Shortfall:INR 31,676.19 Available:INR 9,59,117.73 for C-YF00368 [FYERS_RISK_CUG]', 's': 'error', 'id_fyers': '1f65d99b-f32e-4ac5-b48b-bd4dd212562c', 'id': '26092800102889'}
10 : 17 : 41  =>  SELL   SENSEX26O0174000CE   240   MARKET
10 : 17 : 41  =>  SENSEX26O0174000CE {'code': 1101, 'message': 'Successfully placed order', 's': 'ok', 'id_fyers': '7c066565-1631-41fb-8f87-cf1df87cee0a', 'id': '26092800102893'}
10:18:00 In Trade ( CREDIT ). No Exit. ltp= 449.8  SL= 500.3  target= 419.3
10:19:01 In Trade ( CREDIT ). No Exit. ltp= 461.35  SL= 500.3  target= 419.3
10:20:00 In Trade ( CREDIT ). No Exit. ltp= 468.05  SL= 500.3  target= 419.3
10:21:01 In Trade ( CREDIT ). No Exit. ltp= 472.75  SL= 500.3  target= 419.3
10:22:00 In Trade ( CREDIT ). No Exit. ltp= 463.9  SL= 500.3  target= 419.3
10:24:01 In Trade ( CREDIT ). No Exit. ltp= 461.45  SL= 500.3  target= 419.3
10:25:00 In Trade ( CREDIT ). No Exit. ltp= 455.0  SL= 500.3  target= 419.3
10:26:01 In Trade ( CREDIT ). No Exit. ltp= 454.9  SL= 500.3  target= 419.3
10:27:00 In Trade ( CREDIT ). No Exit. ltp= 452.6  SL= 500.3  target= 419.3
10:28:01 In Trade ( CREDIT ). No Exit. ltp= 451.25  SL= 500.3  target= 419.3
10:29:00 In Trade ( CREDIT ). No Exit. ltp= 460.75  SL= 500.3  target= 419.3
10:30:00 In Trade ( CREDIT ). No Exit. ltp= 462.85  SL= 500.3  target= 419.3
10:31:01 In Trade ( CREDIT ). No Exit. ltp= 468.75  SL= 500.3  target= 419.3
10:32:00 In Trade ( CREDIT ). No Exit. ltp= 468.9  SL= 500.3  target= 419.3
10:33:01 In Trade ( CREDIT ). No Exit. ltp= 467.65  SL= 500.3  target= 419.3
10:34:00 In Trade ( CREDIT ). No Exit. ltp= 462.35  SL= 500.3  target= 419.3
10:35:00 In Trade ( CREDIT ). No Exit. ltp= 458.05  SL= 500.3  target= 419.3
10:36:01 In Trade ( CREDIT ). No Exit. ltp= 458.4  SL= 500.3  target= 419.3
10:37:00 In Trade ( CREDIT ). No Exit. ltp= 463.95  SL= 500.3  target= 419.3
10:38:01 In Trade ( CREDIT ). No Exit. ltp= 458.3  SL= 500.3  target= 419.3
10:39:00 In Trade ( CREDIT ). No Exit. ltp= 453.5  SL= 500.3  target= 419.3
10:41:01 In Trade ( CREDIT ). No Exit. ltp= 450.5  SL= 500.3  target= 419.3
10:42:00 In Trade ( CREDIT ). No Exit. ltp= 435.2  SL= 500.3  target= 419.3
10:43:01 In Trade ( CREDIT ). No Exit. ltp= 436.55  SL= 500.3  target= 419.3
10:44:00 In Trade ( CREDIT ). No Exit. ltp= 440.95  SL= 500.3  target= 419.3
10:46:01 In Trade ( CREDIT ). No Exit. ltp= 447.85  SL= 500.3  target= 419.3
10:47:00 In Trade ( CREDIT ). No Exit. ltp= 447.9  SL= 500.3  target= 419.3
10:48:01 In Trade ( CREDIT ). No Exit. ltp= 447.3  SL= 500.3  target= 419.3
10:49:00 In Trade ( CREDIT ). No Exit. ltp= 438.1  SL= 500.3  target= 419.3
10:51:01 In Trade ( CREDIT ). No Exit. ltp= 435.15  SL= 500.3  target= 419.3
10:52:00 In Trade ( CREDIT ). No Exit. ltp= 435.35  SL= 500.3  target= 419.3
10:53:01 In Trade ( CREDIT ). No Exit. ltp= 429.7  SL= 500.3  target= 419.3
10:54:00 In Trade ( CREDIT ). No Exit. ltp= 428.85  SL= 500.3  target= 419.3
10:55:01 In Trade ( CREDIT ). No Exit. ltp= 439.5  SL= 500.3  target= 419.3
10:56:01 In Trade ( CREDIT ). No Exit. ltp= 446.45  SL= 500.3  target= 419.3
10:57:00 In Trade ( CREDIT ). No Exit. ltp= 447.8  SL= 500.3  target= 419.3
10:58:01 In Trade ( CREDIT ). No Exit. ltp= 449.35  SL= 500.3  target= 419.3
10:59:00 In Trade ( CREDIT ). No Exit. ltp= 448.55  SL= 500.3  target= 419.3
11:00:01 In Trade ( CREDIT ). No Exit. ltp= 443.05  SL= 500.3  target= 419.3
11:01:00 In Trade ( CREDIT ). No Exit. ltp= 438.3  SL= 500.3  target= 419.3
11:02:00 In Trade ( CREDIT ). No Exit. ltp= 444.0  SL= 500.3  target= 419.3
11:03:01 In Trade ( CREDIT ). No Exit. ltp= 446.3  SL= 500.3  target= 419.3
11:04:00 In Trade ( CREDIT ). No Exit. ltp= 437.0  SL= 500.3  target= 419.3
11:05:01 In Trade ( CREDIT ). No Exit. ltp= 435.95  SL= 500.3  target= 419.3
11:06:01 In Trade ( CREDIT ). No Exit. ltp= 436.0  SL= 500.3  target= 419.3
11:07:00 In Trade ( CREDIT ). No Exit. ltp= 440.55  SL= 500.3  target= 419.3
11:08:01 In Trade ( CREDIT ). No Exit. ltp= 436.8  SL= 500.3  target= 419.3
11:09:00 In Trade ( CREDIT ). No Exit. ltp= 434.65  SL= 500.3  target= 419.3
11:10:01 In Trade ( CREDIT ). No Exit. ltp= 434.8  SL= 500.3  target= 419.3
11:11:01 In Trade ( CREDIT ). No Exit. ltp= 432.75  SL= 500.3  target= 419.3
11:12:00 In Trade ( CREDIT ). No Exit. ltp= 423.85  SL= 500.3  target= 419.3
LTP_TGT_WATCH: ltp=419.3 target=419.3 confirm=1/2
11:13:01 In Trade ( CREDIT ). No Exit. ltp= 429.6  SL= 500.3  target= 419.3
11:14:00 In Trade ( CREDIT ). No Exit. ltp= 431.3  SL= 500.3  target= 419.3
11:15:01 In Trade ( CREDIT ). No Exit. ltp= 430.75  SL= 500.3  target= 419.3
11:16:00 In Trade ( CREDIT ). No Exit. ltp= 428.05  SL= 500.3  target= 419.3
LTP_TGT_WATCH: ltp=419.0 target=419.3 confirm=1/2
LTP_TGT_WATCH: ltp=417.05 target=419.3 confirm=2/2
Target hit (LTP)
REALIZED_OFFSET: main 500.3->417.05 (moved 83.25) hedge 153.85->119.35 (moved 34.5) assumed_ratio=0.4423076923076923 realized_ratio=0.414
11 : 16 : 37  =>  BUY   SENSEX26O0173100CE   160   MARKET
11 : 16 : 37  =>  SENSEX26O0173100CE {'code': 1101, 'message': 'Successfully placed order', 's': 'ok', 'id_fyers': '87ad3a81-e57b-4b3a-9247-de3615b5d6ad', 'id': '26092800153448'}
Exit main (BUY sold leg) OID:  {'code': 1101, 'message': 'Successfully placed order', 's': 'ok', 'id_fyers': '87ad3a81-e57b-4b3a-9247-de3615b5d6ad', 'id': '26092800153448'}
11 : 16 : 37  =>  SELL   SENSEX26O0174000CE   160   MARKET
11 : 16 : 37  =>  SENSEX26O0174000CE {'code': 1101, 'message': 'Successfully placed order', 's': 'ok', 'id_fyers': '9fb91353-e7e4-4fd2-af0d-ba35c176adc2', 'id': '26092800153478'}
Exit hedge (SELL bought leg) OID:  {'code': 1101, 'message': 'Successfully placed order', 's': 'ok', 'id_fyers': '9fb91353-e7e4-4fd2-af0d-ba35c176adc2', 'id': '26092800153478'}
India VIX = 13.98  Spot Price = 72851.17
IV Regime = HIGH (ADAPTIVE: P25= 11.15  P50= 11.53  P75= 12.29 ) | DailyRange = 1454.9 | 3minCandleRange = 76.6 (theoretical= 127.6 ) | ATMoptionMove = 34.5 | SL = 121 | Target = 121 | TrailTrigger = 34 | Spread = 400 | Buffer = 61
IV Params refreshed: {'vix': 13.98, 'bn_price': 72851.17, 'regime': 'HIGH', 'regime_thresholds': 'P25=11.15 P50=11.53 P75=12.29', 'daily_range': 1454.9, 'candle_range': 76.6, 'atm_option_move': 34.5, 'sl_point': 121, 'target_point': 121, 'sl_pct_of_premium': 0.1, 'trail_trigger': 34, 'spread_width': 400, 'support_resistance_buffer': 61}
===
====after 3 min ochain==== 2026-09-28 11:18:00.000003
                                    oipcr   choipcr   CE_OI / PE_OI (same strike)
pcr1 =  BSE:SENSEX26O0173700CE   0.37   -1.29 CALL added 170880   PUT unwind -219680  CE_OI=419020 PE_OI=154160
pcr2 =  BSE:SENSEX26O0173600PE   0.33   -0.88 CALL added 257320   PUT unwind -225220  CE_OI=361980 PE_OI=118740
pcr3 =  BSE:SENSEX26O0173500PE   0.42   -0.2 CALL added 761220   PUT unwind -153380  CE_OI=924180 PE_OI=387840
pcr4 =  BSE:SENSEX26O0173400PE   0.39   0.0 CALL added 425060   PUT added 1360  CE_OI=460320 PE_OI=181320
pcr5 =  BSE:SENSEX26O0173300CE   0.49   -0.01 CALL added 418320   PUT unwind -2220  CE_OI=441400 PE_OI=218080
pcr6 =  BSE:SENSEX26O0173200CE   0.6    0.39 CALL added 541740   PUT added 211500  CE_OI=559780 PE_OI=336260
pcr7 =  BSE:SENSEX26O0173100CE   0.72   0.52 CALL added 449320   PUT added 233920  CE_OI=457860 PE_OI=328560
pcr8 =  BSE:SENSEX26O0173000PE   1.1   0.6 CALL added 677180   PUT added 406200  CE_OI=725940 PE_OI=801640
pcr9 =  BSE:SENSEX26O0172900PE   1.51   1.25 CALL added 246840   PUT added 308020  CE_OI=252360 PE_OI=380800
pcr10 =  BSE:SENSEX26O0172800PE   2.87   2.17 CALL added 149580   PUT added 324940  CE_OI=155840 PE_OI=447100
pcr11 =  BSE:SENSEX26O0172700PE   5.92   4.34 CALL added 54360   PUT added 235780  CE_OI=56180 PE_OI=332340
pcr12 =  BSE:SENSEX26O0172600CE   4.6   1.87 CALL added 31800   PUT added 59460  CE_OI=34140 PE_OI=157000
pcr13 =  BSE:SENSEX26O0172500PE   8.71   2.43 CALL added 57560   PUT added 139880  CE_OI=63040 PE_OI=549100
pcr14 =  BSE:SENSEX26O0172400PE   13.0   5.2 CALL added 12340   PUT added 64180  CE_OI=12740 PE_OI=165660
pcr15 =  BSE:SENSEX26O0172300CE   22.11   0.87 CALL added 10740   PUT added 9360  CE_OI=11360 PE_OI=251220
pcr16 =  BSE:SENSEX26O0172200CE   22.63   10.15 CALL added 4840   PUT added 49120  CE_OI=5160 PE_OI=116760
pcr17 =  BSE:SENSEX26O0172100PE   102.85   40.86 CALL added 880   PUT added 35960  CE_OI=1180 PE_OI=121360
PCRSUM== 188.62
pcrSummation== 26.52
spotLTP =  72852.69  ATM_STRIKE =  72900
IS_ATM_STRIKE_SHIFT = False  mapStrike = {72900: 72900}
avgOiPcrList2 = [np.float64(11.1)] atmStrikeNotShiftedCount= 1
avgOiPcr9List2 = [np.float64(2.95)] atmStrikeNotShiftedCount= 1
False   1   1
SUPP_RES=== 73000  Buffer= 61
ANCHOR_COMPARE: spot=72852.69 fut=73540.35 basis(fut-spot)=687.66 | SR_spot(PRIMARY)=73000 SR_future=73500 SR_diff(fut-spot)=500 | PCRwin_spot(PRIMARY)=72900 PCRwin_future=73500
CEoich val =  677180.0  PEoich val =  406200.0 , CE > PE by 40.0%
SUPP_RES TOTAL OI: CE= 725940  PE= 801640 , CE < PE by 9.4%
INCR_CHOI: SUPP_RES=73000 role=RESISTANCE fresh_CE=415540 fresh_PE=191260 -> CE_dominant by 54.0% (resistance HOLDING (bearish)) | cumulative CE=677180.0 PE=406200.0
==========================
FUT_SUPP_RES=== 73500  (FUT_LTP= 73540.35 ) Buffer= 61
FUT CEoich val =  761220.0  PEoich val =  -153380.0 , CE > PE by 120.1%
FUT_SUPP_RES TOTAL OI: CE= 924180  PE= 387840 , CE > PE by 58.0%
OI_SUPP_RES: spot=72852.69 ATM=72900 (win=±500 mode=CHOI) (ATM_CE_OI=252360 ATM_PE_OI=380800) | SUPPORT=72800PE CHOI=324940 (dist=-100) | RESISTANCE=73000CE CHOI=677180 (dist=100)
OI_SUPPORT=== 72800
OI_SUPPORT CEoich val = 149580.0  PEoich val = 324940.0 , CE < PE by 54.0%
OI_SUPPORT TOTAL OI: CE= 155840  PE= 447100 , CE < PE by 65.1%
OI_RESISTANCE=== 73000
OI_RESISTANCE CEoich val = 677180.0  PEoich val = 406200.0 , CE > PE by 40.0%
OI_RESISTANCE TOTAL OI: CE= 725940  PE= 801640 , CE < PE by 9.4%
IS_MORNING_WINDOW= False  (active 9:15-9:48 IST)
================================================
==== signal check time ==== 2026-09-28 11:18:00.540881
CHART_PATTERN_DETECTED: THREE_BLACK_CROWS | DOUBLE_BOTTOM_FORMING
  PATTERN_CONTEXT: Body= -15.5  Range= 23.2  ExpectedRange= 76.6  RangeRatio= 0.3  O= 73555.9  H= 73559.6  L= 73536.4  C= 73540.4
isCE_DominantAtRes_once = True  isCE_DominantAtRes_twice = True  isCE_DominantAtRes_trice = False (CE_res_streak= 2 )
ATMStrike =  72900
AVG_OIPCR= 2.95
avgoiPCROld=  11.1
AVG_OIPCR_9STRIKE= 2.95  (pcr5..pcr13 = ATM +/-4, 9 strikes)
SUPP_RES = 73000
spotLTP = 72852.69
FUT LTP = 73540.35
CEchoi  PechOi = 677180.0    406200.0
====================================
atmPCR= 0.49  belowATM  0.6
CHOI_DOM_GATE: gate_on= True  bull_ok= False  bear_ok= True | isPE_DomSupp_once= False  fresh_PE= 191260 | isCE_DomRes_once= True  fresh_CE= 415540
India VIX = 13.99  Spot Price = 72875.27
IV Regime = HIGH (ADAPTIVE: P25= 11.15  P50= 11.53  P75= 12.29 ) | DailyRange = 1456.5 | 3minCandleRange = 76.6 (theoretical= 127.7 ) | ATMoptionMove = 34.5 | SL = 121 | Target = 121 | TrailTrigger = 34 | Spread = 400 | Buffer = 61
IV Params refreshed: {'vix': 13.99, 'bn_price': 72875.27, 'regime': 'HIGH', 'regime_thresholds': 'P25=11.15 P50=11.53 P75=12.29', 'daily_range': 1456.5, 'candle_range': 76.6, 'atm_option_move': 34.5, 'sl_point': 121, 'target_point': 121, 'sl_pct_of_premium': 0.1, 'trail_trigger': 34, 'spread_width': 400, 'support_resistance_buffer': 61}
===
====after 3 min ochain==== 2026-09-28 11:21:00.000003
                                    oipcr   choipcr   CE_OI / PE_OI (same strike)
pcr1 =  BSE:SENSEX26O0173700CE   0.37   -1.32 CALL added 167300   PUT unwind -220580  CE_OI=415440 PE_OI=153260
pcr2 =  BSE:SENSEX26O0173600PE   0.33   -0.87 CALL added 258180   PUT unwind -223340  CE_OI=362840 PE_OI=120620
pcr3 =  BSE:SENSEX26O0173500PE   0.43   -0.2 CALL added 752540   PUT unwind -150560  CE_OI=915500 PE_OI=390660
pcr4 =  BSE:SENSEX26O0173400PE   0.4   -0.01 CALL added 411800   PUT unwind -2260  CE_OI=447060 PE_OI=177700
pcr5 =  BSE:SENSEX26O0173300CE   0.49   -0.01 CALL added 415800   PUT unwind -3080  CE_OI=438880 PE_OI=217220
pcr6 =  BSE:SENSEX26O0173200CE   0.58    0.38 CALL added 564220   PUT added 212580  CE_OI=582260 PE_OI=337340
pcr7 =  BSE:SENSEX26O0173100CE   0.72   0.52 CALL added 450140   PUT added 235040  CE_OI=458680 PE_OI=329680
pcr8 =  BSE:SENSEX26O0173000PE   1.09   0.59 CALL added 686440   PUT added 405700  CE_OI=735200 PE_OI=801140
pcr9 =  BSE:SENSEX26O0172900PE   1.48   1.22 CALL added 247460   PUT added 301820  CE_OI=252980 PE_OI=374600
pcr10 =  BSE:SENSEX26O0172800PE   2.93   2.27 CALL added 158020   PUT added 359200  CE_OI=164280 PE_OI=481360
pcr11 =  BSE:SENSEX26O0172700PE   5.58   4.15 CALL added 60260   PUT added 250100  CE_OI=62080 PE_OI=346660
pcr12 =  BSE:SENSEX26O0172600CE   4.88   2.12 CALL added 31160   PUT added 66060  CE_OI=33500 PE_OI=163600
pcr13 =  BSE:SENSEX26O0172500PE   8.79   2.51 CALL added 57500   PUT added 144360  CE_OI=62980 PE_OI=553580
pcr14 =  BSE:SENSEX26O0172400PE   14.65   6.31 CALL added 11460   PUT added 72280  CE_OI=11860 PE_OI=173760
pcr15 =  BSE:SENSEX26O0172300CE   23.4   0.98 CALL added 10140   PUT added 9900  CE_OI=10760 PE_OI=251760
pcr16 =  BSE:SENSEX26O0172200CE   26.18   12.21 CALL added 4240   PUT added 51760  CE_OI=4560 PE_OI=119400
pcr17 =  BSE:SENSEX26O0172100PE   112.42   47.82 CALL added 800   PUT added 38260  CE_OI=1100 PE_OI=123660
PCRSUM== 204.72
pcrSummation== 26.54
spotLTP =  72875.27  ATM_STRIKE =  72900
IS_ATM_STRIKE_SHIFT = False  mapStrike = {72900: 72900}
avgOiPcrList2 = [np.float64(11.1), np.float64(12.04)] atmStrikeNotShiftedCount= 2
avgOiPcr9List2 = [np.float64(2.95), np.float64(2.95)] atmStrikeNotShiftedCount= 2
False   2   2
SUPP_RES=== 73000  Buffer= 61
ANCHOR_COMPARE: spot=72875.27 fut=73563.55 basis(fut-spot)=688.28 | SR_spot(PRIMARY)=73000 SR_future=73500 SR_diff(fut-spot)=500 | PCRwin_spot(PRIMARY)=72900 PCRwin_future=73600
CEoich val =  686440.0  PEoich val =  405700.0 , CE > PE by 40.9%
SUPP_RES TOTAL OI: CE= 735200  PE= 801140 , CE < PE by 8.2%
INCR_CHOI: SUPP_RES=73000 role=RESISTANCE fresh_CE=9260 fresh_PE=-500 -> CE_dominant by 105.4% (resistance HOLDING (bearish)) | cumulative CE=686440.0 PE=405700.0
==========================
FUT_SUPP_RES=== 73500  (FUT_LTP= 73563.55 ) Buffer= 61
FUT CEoich val =  752540.0  PEoich val =  -150560.0 , CE > PE by 120.0%
FUT_SUPP_RES TOTAL OI: CE= 915500  PE= 390660 , CE > PE by 57.3%
OI_SUPP_RES: spot=72875.27 ATM=72900 (win=±500 mode=CHOI) (ATM_CE_OI=252980 ATM_PE_OI=374600) | SUPPORT=72800PE CHOI=359200 (dist=-100) | RESISTANCE=73000CE CHOI=686440 (dist=100)
OI_SUPPORT=== 72800
OI_SUPPORT CEoich val = 158020.0  PEoich val = 359200.0 , CE < PE by 56.0%
OI_SUPPORT TOTAL OI: CE= 164280  PE= 481360 , CE < PE by 65.9%
OI_RESISTANCE=== 73000
OI_RESISTANCE CEoich val = 686440.0  PEoich val = 405700.0 , CE > PE by 40.9%
OI_RESISTANCE TOTAL OI: CE= 735200  PE= 801140 , CE < PE by 8.2%
IS_MORNING_WINDOW= False  (active 9:15-9:48 IST)
================================================
==== signal check time ==== 2026-09-28 11:21:00.555349
CHART_PATTERN_DETECTED: BULLISH_ENGULFING | DOUBLE_TOP_FORMING | DOUBLE_BOTTOM_FORMING
  PATTERN_CONTEXT: Body= 23.2  Range= 48.4  ExpectedRange= 76.6  RangeRatio= 0.63  O= 73540.4  H= 73588.8  L= 73540.4  C= 73563.6
isCE_DominantAtRes_once = True  isCE_DominantAtRes_twice = True  isCE_DominantAtRes_trice = True (CE_res_streak= 3 )
ATMStrike =  72900
AVG_OIPCR= 2.95
avgoiPCROld=  12.04
AVG_OIPCR_9STRIKE= 2.95  (pcr5..pcr13 = ATM +/-4, 9 strikes)
SUPP_RES = 73000
spotLTP = 72875.27
FUT LTP = 73563.55
CEchoi  PechOi = 686440.0    405700.0
====================================
atmPCR= 0.49  belowATM  0.58
CHOI_DOM_GATE: gate_on= True  bull_ok= False  bear_ok= True | isPE_DomSupp_once= False  fresh_PE= -500 | isCE_DomRes_once= True  fresh_CE= 9260
India VIX = 13.98  Spot Price = 72852.87
IV Regime = HIGH (ADAPTIVE: P25= 11.15  P50= 11.53  P75= 12.29 ) | DailyRange = 1455.0 | 3minCandleRange = 76.6 (theoretical= 127.6 ) | ATMoptionMove = 34.5 | SL = 121 | Target = 121 | TrailTrigger = 34 | Spread = 400 | Buffer = 61
IV Params refreshed: {'vix': 13.98, 'bn_price': 72852.87, 'regime': 'HIGH', 'regime_thresholds': 'P25=11.15 P50=11.53 P75=12.29', 'daily_range': 1455.0, 'candle_range': 76.6, 'atm_option_move': 34.5, 'sl_point': 121, 'target_point': 121, 'sl_pct_of_premium': 0.1, 'trail_trigger': 34, 'spread_width': 400, 'support_resistance_buffer': 61}
===
====after 3 min ochain==== 2026-09-28 11:24:00.000003
                                    oipcr   choipcr   CE_OI / PE_OI (same strike)
pcr1 =  BSE:SENSEX26O0173700CE   0.37   -1.31 CALL added 168220   PUT unwind -220900  CE_OI=416360 PE_OI=152940
pcr2 =  BSE:SENSEX26O0173600PE   0.33   -0.87 CALL added 258860   PUT unwind -224140  CE_OI=363520 PE_OI=119820
pcr3 =  BSE:SENSEX26O0173500PE   0.42   -0.2 CALL added 756320   PUT unwind -150920  CE_OI=919280 PE_OI=390300
pcr4 =  BSE:SENSEX26O0173400PE   0.38   -0.01 CALL added 430160   PUT unwind -4060  CE_OI=465420 PE_OI=175900
pcr5 =  BSE:SENSEX26O0173300CE   0.49   -0.01 CALL added 420240   PUT unwind -3600  CE_OI=443320 PE_OI=216700
pcr6 =  BSE:SENSEX26O0173200CE   0.58    0.38 CALL added 570060   PUT added 213880  CE_OI=588100 PE_OI=338640
pcr7 =  BSE:SENSEX26O0173100CE   0.71   0.52 CALL added 457500   PUT added 237660  CE_OI=466040 PE_OI=332300
pcr8 =  BSE:SENSEX26O0173000PE   1.08   0.6 CALL added 700120   PUT added 416780  CE_OI=748880 PE_OI=812220
pcr9 =  BSE:SENSEX26O0172900PE   1.47   1.22 CALL added 256540   PUT added 312800  CE_OI=262060 PE_OI=385580
pcr10 =  BSE:SENSEX26O0172800PE   2.73   2.1 CALL added 165200   PUT added 346300  CE_OI=171460 PE_OI=468460
pcr11 =  BSE:SENSEX26O0172700PE   5.6   4.16 CALL added 60060   PUT added 249860  CE_OI=61880 PE_OI=346420
pcr12 =  BSE:SENSEX26O0172600CE   4.66   1.97 CALL added 32140   PUT added 63240  CE_OI=34480 PE_OI=160780
pcr13 =  BSE:SENSEX26O0172500PE   8.34   2.36 CALL added 60780   PUT added 143620  CE_OI=66260 PE_OI=552840
pcr14 =  BSE:SENSEX26O0172400PE   12.74   5.42 CALL added 13180   PUT added 71480  CE_OI=13580 PE_OI=172960
pcr15 =  BSE:SENSEX26O0172300CE   21.58   0.89 CALL added 11040   PUT added 9800  CE_OI=11660 PE_OI=251660
pcr16 =  BSE:SENSEX26O0172200CE   21.2   9.58 CALL added 5240   PUT added 50220  CE_OI=5560 PE_OI=117860
pcr17 =  BSE:SENSEX26O0172100PE   74.38   27.3 CALL added 1340   PUT added 36580  CE_OI=1640 PE_OI=121980
PCRSUM== 157.06
pcrSummation== 25.66
spotLTP =  72852.87  ATM_STRIKE =  72900
IS_ATM_STRIKE_SHIFT = False  mapStrike = {72900: 72900}
avgOiPcrList2 = [np.float64(11.1), np.float64(12.04), np.float64(9.24)] atmStrikeNotShiftedCount= 3
avgOiPcr9List2 = [np.float64(2.95), np.float64(2.95), np.float64(2.85)] atmStrikeNotShiftedCount= 3
False   3   3
SUPP_RES=== 73000  Buffer= 61
ANCHOR_COMPARE: spot=72852.87 fut=73546.35 basis(fut-spot)=693.48 | SR_spot(PRIMARY)=73000 SR_future=73500 SR_diff(fut-spot)=500 | PCRwin_spot(PRIMARY)=72900 PCRwin_future=73500
CEoich val =  700120.0  PEoich val =  416780.0 , CE > PE by 40.5%
SUPP_RES TOTAL OI: CE= 748880  PE= 812220 , CE < PE by 7.8%
INCR_CHOI: SUPP_RES=73000 role=RESISTANCE fresh_CE=13680 fresh_PE=11080 -> CE_dominant by 19.0% (resistance HOLDING (bearish)) | cumulative CE=700120.0 PE=416780.0
==========================
FUT_SUPP_RES=== 73500  (FUT_LTP= 73546.35 ) Buffer= 61
FUT CEoich val =  756320.0  PEoich val =  -150920.0 , CE > PE by 120.0%
FUT_SUPP_RES TOTAL OI: CE= 919280  PE= 390300 , CE > PE by 57.5%
OI_SUPP_RES: spot=72852.87 ATM=72900 (win=±500 mode=CHOI) (ATM_CE_OI=262060 ATM_PE_OI=385580) | SUPPORT=72800PE CHOI=346300 (dist=-100) | RESISTANCE=73000CE CHOI=700120 (dist=100)
OI_SUPPORT=== 72800
OI_SUPPORT CEoich val = 165200.0  PEoich val = 346300.0 , CE < PE by 52.3%
OI_SUPPORT TOTAL OI: CE= 171460  PE= 468460 , CE < PE by 63.4%
OI_RESISTANCE=== 73000
OI_RESISTANCE CEoich val = 700120.0  PEoich val = 416780.0 , CE > PE by 40.5%
OI_RESISTANCE TOTAL OI: CE= 748880  PE= 812220 , CE < PE by 7.8%
IS_MORNING_WINDOW= False  (active 9:15-9:48 IST)
================================================
==== signal check time ==== 2026-09-28 11:24:00.523774
CHART_PATTERN_DETECTED: INSIDE_BAR | DOUBLE_TOP_FORMING | DOUBLE_BOTTOM_FORMING
  PATTERN_CONTEXT: Body= -13.7  Range= 38.5  ExpectedRange= 76.6  RangeRatio= 0.5  O= 73560.0  H= 73584.9  L= 73546.4  C= 73546.4
PCR9_SEQ_FLAT: 2.95 -> 2.95 -> 2.85 (not monotonic)
recent two = [np.float64(12.04), np.float64(9.24)]
isCE_DominantAtRes_once = True  isCE_DominantAtRes_twice = True  isCE_DominantAtRes_trice = True (CE_res_streak= 4 )
ATMStrike =  72900
AVG_OIPCR= 2.85
avgoiPCROld=  9.24
AVG_OIPCR_9STRIKE= 2.85  (pcr5..pcr13 = ATM +/-4, 9 strikes)
SUPP_RES = 73000
spotLTP = 72852.87
FUT LTP = 73546.35
CEchoi  PechOi = 700120.0    416780.0
====================================
atmPCR= 0.49  belowATM  0.58
CHOI_DOM_GATE: gate_on= True  bull_ok= False  bear_ok= True | isPE_DomSupp_once= False  fresh_PE= 11080 | isCE_DomRes_once= True  fresh_CE= 13680
India VIX = 13.99  Spot Price = 72864.85
IV Regime = HIGH (ADAPTIVE: P25= 11.15  P50= 11.53  P75= 12.29 ) | DailyRange = 1456.3 | 3minCandleRange = 76.6 (theoretical= 127.7 ) | ATMoptionMove = 34.5 | SL = 121 | Target = 121 | TrailTrigger = 34 | Spread = 400 | Buffer = 61
IV Params refreshed: {'vix': 13.99, 'bn_price': 72864.85, 'regime': 'HIGH', 'regime_thresholds': 'P25=11.15 P50=11.53 P75=12.29', 'daily_range': 1456.3, 'candle_range': 76.6, 'atm_option_move': 34.5, 'sl_point': 121, 'target_point': 121, 'sl_pct_of_premium': 0.1, 'trail_trigger': 34, 'spread_width': 400, 'support_resistance_buffer': 61}
===
====after 3 min ochain==== 2026-09-28 11:27:00.000001
                                    oipcr   choipcr   CE_OI / PE_OI (same strike)
pcr1 =  BSE:SENSEX26O0173700CE   0.37   -1.31 CALL added 168420   PUT unwind -221060  CE_OI=416560 PE_OI=152780
pcr2 =  BSE:SENSEX26O0173600PE   0.32   -0.86 CALL added 261660   PUT unwind -225880  CE_OI=366320 PE_OI=118080
pcr3 =  BSE:SENSEX26O0173500PE   0.43   -0.19 CALL added 757640   PUT unwind -145780  CE_OI=920600 PE_OI=395440
pcr4 =  BSE:SENSEX26O0173400PE   0.38   -0.01 CALL added 428340   PUT unwind -4640  CE_OI=463600 PE_OI=175320
pcr5 =  BSE:SENSEX26O0173300CE   0.49   -0.01 CALL added 419200   PUT unwind -2980  CE_OI=442280 PE_OI=217320
pcr6 =  BSE:SENSEX26O0173200CE   0.58    0.38 CALL added 571380   PUT added 216100  CE_OI=589420 PE_OI=340860
pcr7 =  BSE:SENSEX26O0173100CE   0.7   0.51 CALL added 473780   PUT added 240660  CE_OI=482320 PE_OI=335300
pcr8 =  BSE:SENSEX26O0173000PE   1.07   0.59 CALL added 706620   PUT added 415020  CE_OI=755380 PE_OI=810460
pcr9 =  BSE:SENSEX26O0172900PE   1.45   1.2 CALL added 262940   PUT added 316100  CE_OI=268460 PE_OI=388880
pcr10 =  BSE:SENSEX26O0172800PE   2.64   2.03 CALL added 172680   PUT added 350800  CE_OI=178940 PE_OI=472960
pcr11 =  BSE:SENSEX26O0172700PE   5.48   4.06 CALL added 60860   PUT added 247160  CE_OI=62680 PE_OI=343720
pcr12 =  BSE:SENSEX26O0172600CE   4.66   1.99 CALL added 32380   PUT added 64400  CE_OI=34720 PE_OI=161940
pcr13 =  BSE:SENSEX26O0172500PE   8.35   2.4 CALL added 61060   PUT added 146600  CE_OI=66540 PE_OI=555820
pcr14 =  BSE:SENSEX26O0172400PE   12.53   5.27 CALL added 13280   PUT added 69940  CE_OI=13680 PE_OI=171420
pcr15 =  BSE:SENSEX26O0172300CE   21.67   1.06 CALL added 11080   PUT added 11720  CE_OI=11700 PE_OI=253580
pcr16 =  BSE:SENSEX26O0172200CE   20.99   9.54 CALL added 5320   PUT added 50760  CE_OI=5640 PE_OI=118400
pcr17 =  BSE:SENSEX26O0172100PE   73.73   27.21 CALL added 1360   PUT added 37000  CE_OI=1660 PE_OI=122400
PCRSUM== 155.84
pcrSummation== 25.42
spotLTP =  72864.85  ATM_STRIKE =  72900
IS_ATM_STRIKE_SHIFT = False  mapStrike = {72900: 72900}
avgOiPcrList2 = [np.float64(12.04), np.float64(9.24), np.float64(9.17)] atmStrikeNotShiftedCount= 4
avgOiPcr9List2 = [np.float64(2.95), np.float64(2.85), np.float64(2.82)] atmStrikeNotShiftedCount= 4
False   4   3
SUPP_RES=== 73000  Buffer= 61
ANCHOR_COMPARE: spot=72864.85 fut=73560.05 basis(fut-spot)=695.2 | SR_spot(PRIMARY)=73000 SR_future=73500 SR_diff(fut-spot)=500 | PCRwin_spot(PRIMARY)=72900 PCRwin_future=73600
CEoich val =  706620.0  PEoich val =  415020.0 , CE > PE by 41.3%
SUPP_RES TOTAL OI: CE= 755380  PE= 810460 , CE < PE by 6.8%
INCR_CHOI: SUPP_RES=73000 role=RESISTANCE fresh_CE=6500 fresh_PE=-1760 -> CE_dominant by 127.1% (resistance HOLDING (bearish)) | cumulative CE=706620.0 PE=415020.0
==========================
FUT_SUPP_RES=== 73500  (FUT_LTP= 73560.05 ) Buffer= 61
FUT CEoich val =  757640.0  PEoich val =  -145780.0 , CE > PE by 119.2%
FUT_SUPP_RES TOTAL OI: CE= 920600  PE= 395440 , CE > PE by 57.0%
OI_SUPP_RES: spot=72864.85 ATM=72900 (win=±500 mode=CHOI) (ATM_CE_OI=268460 ATM_PE_OI=388880) | SUPPORT=72800PE CHOI=350800 (dist=-100) | RESISTANCE=73000CE CHOI=706620 (dist=100)
OI_SUPPORT=== 72800
OI_SUPPORT CEoich val = 172680.0  PEoich val = 350800.0 , CE < PE by 50.8%
OI_SUPPORT TOTAL OI: CE= 178940  PE= 472960 , CE < PE by 62.2%
OI_RESISTANCE=== 73000
OI_RESISTANCE CEoich val = 706620.0  PEoich val = 415020.0 , CE > PE by 41.3%
OI_RESISTANCE TOTAL OI: CE= 755380  PE= 810460 , CE < PE by 6.8%
IS_MORNING_WINDOW= False  (active 9:15-9:48 IST)
================================================
==== signal check time ==== 2026-09-28 11:27:00.577260
CHART_PATTERN_DETECTED: BULLISH_ENGULFING | DOUBLE_TOP_FORMING | DOUBLE_BOTTOM_FORMING
  PATTERN_CONTEXT: Body= 13.7  Range= 30.7  ExpectedRange= 76.6  RangeRatio= 0.4  O= 73546.4  H= 73571.2  L= 73540.6  C= 73560.0
isPcrDecr9 = True
PCR9_SEQ_DEC: 2.95 -> 2.85 -> 2.82 | pcr2 < pcr1 by -3.4% | pcr3 < pcr2 by -1.1%
isPcrDecr = True
PCR_SEQ_DEC: 12.04 -> 9.24 -> 9.17 | pcr2 < pcr1 by -23.3% | pcr3 < pcr2 by -0.8%
isCE_DominantAtRes_once = True  isCE_DominantAtRes_twice = True  isCE_DominantAtRes_trice = True (CE_res_streak= 5 )
ATMStrike =  72900
AVG_OIPCR= 2.82
avgoiPCROld=  9.17
AVG_OIPCR_9STRIKE= 2.82  (pcr5..pcr13 = ATM +/-4, 9 strikes)
SUPP_RES = 73000
spotLTP = 72864.85
FUT LTP = 73560.05
CEchoi  PechOi = 706620.0    415020.0
====================================
atmPCR= 0.49  belowATM  0.58
CHOI_DOM_GATE: gate_on= True  bull_ok= False  bear_ok= True | isPE_DomSupp_once= False  fresh_PE= -1760 | isCE_DomRes_once= True  fresh_CE= 6500
no trade yet = [np.float64(12.04), np.float64(9.24), np.float64(9.17)]
India VIX = 13.92  Spot Price = 72911.81
IV Regime = HIGH (ADAPTIVE: P25= 11.15  P50= 11.53  P75= 12.29 ) | DailyRange = 1449.9 | 3minCandleRange = 76.3 (theoretical= 127.2 ) | ATMoptionMove = 34.3 | SL = 120 | Target = 120 | TrailTrigger = 34 | Spread = 400 | Buffer = 61
IV Params refreshed: {'vix': 13.92, 'bn_price': 72911.81, 'regime': 'HIGH', 'regime_thresholds': 'P25=11.15 P50=11.53 P75=12.29', 'daily_range': 1449.9, 'candle_range': 76.3, 'atm_option_move': 34.3, 'sl_point': 120, 'target_point': 120, 'sl_pct_of_premium': 0.1, 'trail_trigger': 34, 'spread_width': 400, 'support_resistance_buffer': 61}
===
====after 3 min ochain==== 2026-09-28 11:30:00.000004
                                    oipcr   choipcr   CE_OI / PE_OI (same strike)
pcr1 =  BSE:SENSEX26O0173700CE   0.37   -1.32 CALL added 167060   PUT unwind -221140  CE_OI=415200 PE_OI=152700
pcr2 =  BSE:SENSEX26O0173600PE   0.32   -0.88 CALL added 259720   PUT unwind -227340  CE_OI=364380 PE_OI=116620
pcr3 =  BSE:SENSEX26O0173500PE   0.43   -0.19 CALL added 756280   PUT unwind -144580  CE_OI=919240 PE_OI=396640
pcr4 =  BSE:SENSEX26O0173400PE   0.39   -0.01 CALL added 414700   PUT unwind -4340  CE_OI=449960 PE_OI=175620
pcr5 =  BSE:SENSEX26O0173300CE   0.49   -0.01 CALL added 417820   PUT unwind -3240  CE_OI=440900 PE_OI=217060
pcr6 =  BSE:SENSEX26O0173200CE   0.58    0.38 CALL added 570280   PUT added 215260  CE_OI=588320 PE_OI=340020
pcr7 =  BSE:SENSEX26O0173100CE   0.7   0.51 CALL added 471700   PUT added 242560  CE_OI=480240 PE_OI=337200
pcr8 =  BSE:SENSEX26O0173000PE   1.07   0.58 CALL added 700720   PUT added 407140  CE_OI=749480 PE_OI=802580
pcr9 =  BSE:SENSEX26O0172900PE   1.45   1.21 CALL added 266320   PUT added 321080  CE_OI=271840 PE_OI=393860
pcr10 =  BSE:SENSEX26O0172800PE   2.92   2.29 CALL added 166840   PUT added 382560  CE_OI=173100 PE_OI=504720
pcr11 =  BSE:SENSEX26O0172700PE   5.68   4.27 CALL added 61200   PUT added 261100  CE_OI=63020 PE_OI=357660
pcr12 =  BSE:SENSEX26O0172600CE   4.87   2.23 CALL added 32640   PUT added 72720  CE_OI=34980 PE_OI=170260
pcr13 =  BSE:SENSEX26O0172500PE   8.36   2.46 CALL added 61560   PUT added 151200  CE_OI=67040 PE_OI=560420
pcr14 =  BSE:SENSEX26O0172400PE   12.7   5.37 CALL added 13140   PUT added 70520  CE_OI=13540 PE_OI=172000
pcr15 =  BSE:SENSEX26O0172300CE   21.66   0.78 CALL added 10940   PUT added 8580  CE_OI=11560 PE_OI=250440
pcr16 =  BSE:SENSEX26O0172200CE   20.71   9.28 CALL added 5340   PUT added 49560  CE_OI=5660 PE_OI=117200
pcr17 =  BSE:SENSEX26O0172100PE   73.41   26.81 CALL added 1360   PUT added 36460  CE_OI=1660 PE_OI=121860
PCRSUM== 156.11
pcrSummation== 26.12
spotLTP =  72911.81  ATM_STRIKE =  72900
IS_ATM_STRIKE_SHIFT = False  mapStrike = {72900: 72900}
avgOiPcrList2 = [np.float64(9.24), np.float64(9.17), np.float64(9.18)] atmStrikeNotShiftedCount= 5
avgOiPcr9List2 = [np.float64(2.85), np.float64(2.82), np.float64(2.9)] atmStrikeNotShiftedCount= 5
False   5   3
SUPP_RES=== 73000  Buffer= 61
ANCHOR_COMPARE: spot=72911.81 fut=73589.6 basis(fut-spot)=677.79 | SR_spot(PRIMARY)=73000 SR_future=73500 SR_diff(fut-spot)=500 | PCRwin_spot(PRIMARY)=72900 PCRwin_future=73600
CEoich val =  700720.0  PEoich val =  407140.0 , CE > PE by 41.9%
SUPP_RES TOTAL OI: CE= 749480  PE= 802580 , CE < PE by 6.6%
INCR_CHOI: SUPP_RES=73000 role=RESISTANCE fresh_CE=-5900 fresh_PE=-7880 -> CE_dominant by 25.1% (resistance HOLDING (bearish)) | cumulative CE=700720.0 PE=407140.0
==========================
FUT_SUPP_RES=== 73500  (FUT_LTP= 73589.6 ) Buffer= 61
FUT CEoich val =  756280.0  PEoich val =  -144580.0 , CE > PE by 119.1%
FUT_SUPP_RES TOTAL OI: CE= 919240  PE= 396640 , CE > PE by 56.9%
OI_SUPP_RES: spot=72911.81 ATM=72900 (win=±500 mode=CHOI) (ATM_CE_OI=271840 ATM_PE_OI=393860) | SUPPORT=72800PE CHOI=382560 (dist=-100) | RESISTANCE=73000CE CHOI=700720 (dist=100)
OI_SUPPORT=== 72800
OI_SUPPORT CEoich val = 166840.0  PEoich val = 382560.0 , CE < PE by 56.4%
OI_SUPPORT TOTAL OI: CE= 173100  PE= 504720 , CE < PE by 65.7%
OI_RESISTANCE=== 73000
OI_RESISTANCE CEoich val = 700720.0  PEoich val = 407140.0 , CE > PE by 41.9%
OI_RESISTANCE TOTAL OI: CE= 749480  PE= 802580 , CE < PE by 6.6%
IS_MORNING_WINDOW= False  (active 9:15-9:48 IST)
================================================
==== signal check time ==== 2026-09-28 11:30:00.571055
CHART_PATTERN_DETECTED: SHOOTING_STAR | DOUBLE_BOTTOM_FORMING
  PATTERN_CONTEXT: Body= -3.2  Range= 20.4  ExpectedRange= 76.3  RangeRatio= 0.27  O= 73592.8  H= 73610.0  L= 73589.6  C= 73589.6
PCR9_SEQ_FLAT: 2.85 -> 2.82 -> 2.9 (not monotonic)
recent two = [np.float64(9.17), np.float64(9.18)]
isCE_DominantAtRes_once = True  isCE_DominantAtRes_twice = True  isCE_DominantAtRes_trice = True (CE_res_streak= 6 )
ATMStrike =  72900
AVG_OIPCR= 2.9
avgoiPCROld=  9.18
AVG_OIPCR_9STRIKE= 2.9  (pcr5..pcr13 = ATM +/-4, 9 strikes)
SUPP_RES = 73000
spotLTP = 72911.81
FUT LTP = 73589.6
CEchoi  PechOi = 700720.0    407140.0
====================================
atmPCR= 0.49  belowATM  0.58
CHOI_DOM_GATE: gate_on= True  bull_ok= False  bear_ok= False | isPE_DomSupp_once= False  fresh_PE= -7880 | isCE_DomRes_once= True  fresh_CE= -5900
India VIX = 13.87  Spot Price = 72930.07
IV Regime = HIGH (ADAPTIVE: P25= 11.15  P50= 11.53  P75= 12.29 ) | DailyRange = 1445.1 | 3minCandleRange = 76.0 (theoretical= 126.7 ) | ATMoptionMove = 34.2 | SL = 120 | Target = 120 | TrailTrigger = 34 | Spread = 400 | Buffer = 61
IV Params refreshed: {'vix': 13.87, 'bn_price': 72930.07, 'regime': 'HIGH', 'regime_thresholds': 'P25=11.15 P50=11.53 P75=12.29', 'daily_range': 1445.1, 'candle_range': 76.0, 'atm_option_move': 34.2, 'sl_point': 120, 'target_point': 120, 'sl_pct_of_premium': 0.1, 'trail_trigger': 34, 'spread_width': 400, 'support_resistance_buffer': 61}
===
====after 3 min ochain==== 2026-09-28 11:33:00.000002
                                    oipcr   choipcr   CE_OI / PE_OI (same strike)
pcr1 =  BSE:SENSEX26O0173700CE   0.37   -1.37 CALL added 161900   PUT unwind -221000  CE_OI=410040 PE_OI=152840
pcr2 =  BSE:SENSEX26O0173600PE   0.32   -0.88 CALL added 258460   PUT unwind -226360  CE_OI=363120 PE_OI=117600
pcr3 =  BSE:SENSEX26O0173500PE   0.44   -0.19 CALL added 740860   PUT unwind -139040  CE_OI=903820 PE_OI=402180
pcr4 =  BSE:SENSEX26O0173400PE   0.4   -0.0 CALL added 411440   PUT unwind -1120  CE_OI=446700 PE_OI=178840
pcr5 =  BSE:SENSEX26O0173300CE   0.5   -0.01 CALL added 410460   PUT unwind -3360  CE_OI=433540 PE_OI=216940
pcr6 =  BSE:SENSEX26O0173200CE   0.58    0.38 CALL added 570820   PUT added 215260  CE_OI=588860 PE_OI=340020
pcr7 =  BSE:SENSEX26O0173100CE   0.72   0.53 CALL added 463260   PUT added 243660  CE_OI=471800 PE_OI=338300
pcr8 =  BSE:SENSEX26O0173000PE   1.08   0.59 CALL added 701040   PUT added 416760  CE_OI=749800 PE_OI=812200
pcr9 =  BSE:SENSEX26O0172900PE   1.53   1.29 CALL added 262520   PUT added 337380  CE_OI=268040 PE_OI=410160
pcr10 =  BSE:SENSEX26O0172800PE   2.93   2.3 CALL added 164600   PUT added 377860  CE_OI=170860 PE_OI=500020
pcr11 =  BSE:SENSEX26O0172700PE   5.07   3.77 CALL added 67260   PUT added 253620  CE_OI=69080 PE_OI=350180
pcr12 =  BSE:SENSEX26O0172600CE   5.06   2.38 CALL added 31980   PUT added 76160  CE_OI=34320 PE_OI=173700
pcr13 =  BSE:SENSEX26O0172500PE   8.37   2.38 CALL added 60680   PUT added 144720  CE_OI=66160 PE_OI=553940
pcr14 =  BSE:SENSEX26O0172400PE   13.03   5.69 CALL added 13120   PUT added 74680  CE_OI=13520 PE_OI=176160
pcr15 =  BSE:SENSEX26O0172300CE   23.05   0.91 CALL added 10280   PUT added 9360  CE_OI=10900 PE_OI=251220
pcr16 =  BSE:SENSEX26O0172200CE   22.35   10.2 CALL added 4980   PUT added 50800  CE_OI=5300 PE_OI=118440
pcr17 =  BSE:SENSEX26O0172100PE   71.81   25.54 CALL added 1380   PUT added 35240  CE_OI=1680 PE_OI=120640
PCRSUM== 157.61
pcrSummation== 25.84
spotLTP =  72930.07  ATM_STRIKE =  72900
IS_ATM_STRIKE_SHIFT = False  mapStrike = {72900: 72900}
avgOiPcrList2 = [np.float64(9.17), np.float64(9.18), np.float64(9.27)] atmStrikeNotShiftedCount= 6
avgOiPcr9List2 = [np.float64(2.82), np.float64(2.9), np.float64(2.87)] atmStrikeNotShiftedCount= 6
False   6   3
SUPP_RES=== 73000  Buffer= 61
ANCHOR_COMPARE: spot=72930.07 fut=73641.8 basis(fut-spot)=711.73 | SR_spot(PRIMARY)=73000 SR_future=73500 SR_diff(fut-spot)=500 | PCRwin_spot(PRIMARY)=72900 PCRwin_future=73600
CEoich val =  701040.0  PEoich val =  416760.0 , CE > PE by 40.6%
SUPP_RES TOTAL OI: CE= 749800  PE= 812200 , CE < PE by 7.7%
INCR_CHOI: SUPP_RES=73000 role=RESISTANCE fresh_CE=320 fresh_PE=9620 -> PE_dominant by 96.7% (resistance CHALLENGED (bullish warning)) | cumulative CE=701040.0 PE=416760.0
==========================
FUT_SUPP_RES=== 73500  (FUT_LTP= 73641.8 ) Buffer= 61
FUT CEoich val =  740860.0  PEoich val =  -139040.0 , CE > PE by 118.8%
FUT_SUPP_RES TOTAL OI: CE= 903820  PE= 402180 , CE > PE by 55.5%
OI_SUPP_RES: spot=72930.07 ATM=72900 (win=±500 mode=CHOI) (ATM_CE_OI=268040 ATM_PE_OI=410160) | SUPPORT=72800PE CHOI=377860 (dist=-100) | RESISTANCE=73000CE CHOI=701040 (dist=100)
OI_SUPPORT=== 72800
OI_SUPPORT CEoich val = 164600.0  PEoich val = 377860.0 , CE < PE by 56.4%
OI_SUPPORT TOTAL OI: CE= 170860  PE= 500020 , CE < PE by 65.8%
OI_RESISTANCE=== 73000
OI_RESISTANCE CEoich val = 701040.0  PEoich val = 416760.0 , CE > PE by 40.6%
OI_RESISTANCE TOTAL OI: CE= 749800  PE= 812200 , CE < PE by 7.7%
IS_MORNING_WINDOW= False  (active 9:15-9:48 IST)
================================================
==== signal check time ==== 2026-09-28 11:33:00.594912
CHART_PATTERN_DETECTED: BULLISH_ENGULFING | STRONG_MOMENTUM_BULL
  PATTERN_CONTEXT: Body= 52.2  Range= 52.2  ExpectedRange= 76.0  RangeRatio= 0.69  O= 73589.6  H= 73641.8  L= 73589.6  C= 73641.8
PCR9_SEQ_FLAT: 2.82 -> 2.9 -> 2.87 (not monotonic)
isPcrInc = True
PCR_SEQ_INC: 9.17 -> 9.18 -> 9.27 | pcr2 > pcr1 by +0.1% | pcr3 > pcr2 by +1.0%
ATMStrike =  72900
AVG_OIPCR= 2.87
avgoiPCROld=  9.27
AVG_OIPCR_9STRIKE= 2.87  (pcr5..pcr13 = ATM +/-4, 9 strikes)
SUPP_RES = 73000
spotLTP = 72930.07
FUT LTP = 73641.8
CEchoi  PechOi = 701040.0    416760.0
====================================
atmPCR= 0.5  belowATM  0.58
CHOI_DOM_GATE: gate_on= True  bull_ok= False  bear_ok= False | isPE_DomSupp_once= False  fresh_PE= 9620 | isCE_DomRes_once= False  fresh_CE= 320
no trade yet = [np.float64(9.17), np.float64(9.18), np.float64(9.27)]
India VIX = 13.93  Spot Price = 72895.91
IV Regime = HIGH (ADAPTIVE: P25= 11.15  P50= 11.53  P75= 12.29 ) | DailyRange = 1450.6 | 3minCandleRange = 76.3 (theoretical= 127.2 ) | ATMoptionMove = 34.4 | SL = 120 | Target = 120 | TrailTrigger = 34 | Spread = 400 | Buffer = 61
IV Params refreshed: {'vix': 13.93, 'bn_price': 72895.91, 'regime': 'HIGH', 'regime_thresholds': 'P25=11.15 P50=11.53 P75=12.29', 'daily_range': 1450.6, 'candle_range': 76.3, 'atm_option_move': 34.4, 'sl_point': 120, 'target_point': 120, 'sl_pct_of_premium': 0.1, 'trail_trigger': 34, 'spread_width': 400, 'support_resistance_buffer': 61}
===
====after 3 min ochain==== 2026-09-28 11:36:00.000003
                                    oipcr   choipcr   CE_OI / PE_OI (same strike)
pcr1 =  BSE:SENSEX26O0173700CE   0.37   -1.38 CALL added 160600   PUT unwind -221320  CE_OI=408740 PE_OI=152520
pcr2 =  BSE:SENSEX26O0173600PE   0.32   -0.91 CALL added 251100   PUT unwind -228420  CE_OI=355760 PE_OI=115540
pcr3 =  BSE:SENSEX26O0173500PE   0.45   -0.18 CALL added 742820   PUT unwind -136760  CE_OI=905780 PE_OI=404460
pcr4 =  BSE:SENSEX26O0173400PE   0.4   -0.01 CALL added 405200   PUT unwind -2080  CE_OI=440460 PE_OI=177880
pcr5 =  BSE:SENSEX26O0173300CE   0.48   -0.01 CALL added 425760   PUT unwind -4460  CE_OI=448840 PE_OI=215840
pcr6 =  BSE:SENSEX26O0173200CE   0.59    0.39 CALL added 559340   PUT added 217580  CE_OI=577380 PE_OI=342340
pcr7 =  BSE:SENSEX26O0173100CE   0.76   0.56 CALL added 439840   PUT added 245360  CE_OI=448380 PE_OI=340000
pcr8 =  BSE:SENSEX26O0173000PE   1.11   0.62 CALL added 689600   PUT added 426720  CE_OI=738360 PE_OI=822160
pcr9 =  BSE:SENSEX26O0172900PE   1.62   1.38 CALL added 262040   PUT added 361800  CE_OI=267560 PE_OI=434580
pcr10 =  BSE:SENSEX26O0172800PE   2.63   2.01 CALL added 170420   PUT added 343100  CE_OI=176680 PE_OI=465260
pcr11 =  BSE:SENSEX26O0172700PE   5.07   3.82 CALL added 69600   PUT added 265720  CE_OI=71420 PE_OI=362280
pcr12 =  BSE:SENSEX26O0172600CE   5.11   2.47 CALL added 32400   PUT added 80020  CE_OI=34740 PE_OI=177560
pcr13 =  BSE:SENSEX26O0172500PE   8.37   2.33 CALL added 60140   PUT added 139860  CE_OI=65620 PE_OI=549080
pcr14 =  BSE:SENSEX26O0172400PE   12.44   5.53 CALL added 13960   PUT added 77160  CE_OI=14360 PE_OI=178640
pcr15 =  BSE:SENSEX26O0172300CE   21.45   0.59 CALL added 10960   PUT added 6480  CE_OI=11580 PE_OI=248340
pcr16 =  BSE:SENSEX26O0172200CE   19.59   9.05 CALL added 5820   PUT added 52660  CE_OI=6140 PE_OI=120300
pcr17 =  BSE:SENSEX26O0172100PE   51.44   17.8 CALL added 2080   PUT added 37020  CE_OI=2380 PE_OI=122420
PCRSUM== 132.2
pcrSummation== 25.74
spotLTP =  72899.06  ATM_STRIKE =  72900
IS_ATM_STRIKE_SHIFT = False  mapStrike = {72900: 72900}
avgOiPcrList2 = [np.float64(9.18), np.float64(9.27), np.float64(7.78)] atmStrikeNotShiftedCount= 7
avgOiPcr9List2 = [np.float64(2.9), np.float64(2.87), np.float64(2.86)] atmStrikeNotShiftedCount= 7
False   7   3
SUPP_RES=== 73000  Buffer= 61
ANCHOR_COMPARE: spot=72899.06 fut=73580.0 basis(fut-spot)=680.94 | SR_spot(PRIMARY)=73000 SR_future=73500 SR_diff(fut-spot)=500 | PCRwin_spot(PRIMARY)=72900 PCRwin_future=73600
CEoich val =  689600.0  PEoich val =  426720.0 , CE > PE by 38.1%
SUPP_RES TOTAL OI: CE= 738360  PE= 822160 , CE < PE by 10.2%
INCR_CHOI: SUPP_RES=73000 role=RESISTANCE fresh_CE=-11440 fresh_PE=9960 -> PE_dominant by 187.1% (resistance CHALLENGED (bullish warning)) | cumulative CE=689600.0 PE=426720.0
==========================
FUT_SUPP_RES=== 73500  (FUT_LTP= 73580.0 ) Buffer= 61
FUT CEoich val =  742820.0  PEoich val =  -136760.0 , CE > PE by 118.4%
FUT_SUPP_RES TOTAL OI: CE= 905780  PE= 404460 , CE > PE by 55.3%
OI_SUPP_RES: spot=72899.06 ATM=72900 (win=±500 mode=CHOI) (ATM_CE_OI=267560 ATM_PE_OI=434580) | SUPPORT=72900PE CHOI=361800 (dist=0) | RESISTANCE=73000CE CHOI=689600 (dist=100)
OI_SUPPORT=== 72900
OI_SUPPORT CEoich val = 262040.0  PEoich val = 361800.0 , CE < PE by 27.6%
OI_SUPPORT TOTAL OI: CE= 267560  PE= 434580 , CE < PE by 38.4%
OI_RESISTANCE=== 73000
OI_RESISTANCE CEoich val = 689600.0  PEoich val = 426720.0 , CE > PE by 38.1%
OI_RESISTANCE TOTAL OI: CE= 738360  PE= 822160 , CE < PE by 10.2%
IS_MORNING_WINDOW= False  (active 9:15-9:48 IST)
================================================
==== signal check time ==== 2026-09-28 11:36:00.533044
CHART_PATTERN_DETECTED: STRONG_MOMENTUM_BEAR
  PATTERN_CONTEXT: Body= -60.3  Range= 60.3  ExpectedRange= 76.3  RangeRatio= 0.79  O= 73640.3  H= 73640.3  L= 73580.0  C= 73580.0
isPcrDecr9 = True
PCR9_SEQ_DEC: 2.9 -> 2.87 -> 2.86 | pcr2 < pcr1 by -1.0% | pcr3 < pcr2 by -0.3%
recent two = [np.float64(9.27), np.float64(7.78)]
ATMStrike =  72900
AVG_OIPCR= 2.86
avgoiPCROld=  7.78
AVG_OIPCR_9STRIKE= 2.86  (pcr5..pcr13 = ATM +/-4, 9 strikes)
SUPP_RES = 73000
spotLTP = 72899.06
FUT LTP = 73580.0
CEchoi  PechOi = 689600.0    426720.0
====================================
atmPCR= 0.48  belowATM  0.59
CHOI_DOM_GATE: gate_on= True  bull_ok= False  bear_ok= False | isPE_DomSupp_once= False  fresh_PE= 9960 | isCE_DomRes_once= False  fresh_CE= -11440
India VIX = 13.89  Spot Price = 72941.4
IV Regime = HIGH (ADAPTIVE: P25= 11.15  P50= 11.53  P75= 12.29 ) | DailyRange = 1447.4 | 3minCandleRange = 76.2 (theoretical= 126.9 ) | ATMoptionMove = 34.3 | SL = 120 | Target = 120 | TrailTrigger = 34 | Spread = 400 | Buffer = 61
IV Params refreshed: {'vix': 13.89, 'bn_price': 72941.4, 'regime': 'HIGH', 'regime_thresholds': 'P25=11.15 P50=11.53 P75=12.29', 'daily_range': 1447.4, 'candle_range': 76.2, 'atm_option_move': 34.3, 'sl_point': 120, 'target_point': 120, 'sl_pct_of_premium': 0.1, 'trail_trigger': 34, 'spread_width': 400, 'support_resistance_buffer': 61}
===
====after 3 min ochain==== 2026-09-28 11:39:00.000001
                                    oipcr   choipcr   CE_OI / PE_OI (same strike)
pcr1 =  BSE:SENSEX26O0173700CE   0.37   -1.37 CALL added 161500   PUT unwind -221360  CE_OI=409640 PE_OI=152480
pcr2 =  BSE:SENSEX26O0173600PE   0.32   -0.9 CALL added 253080   PUT unwind -228320  CE_OI=357740 PE_OI=115640
pcr3 =  BSE:SENSEX26O0173500PE   0.44   -0.18 CALL added 759420   PUT unwind -136520  CE_OI=922380 PE_OI=404700
pcr4 =  BSE:SENSEX26O0173400PE   0.4   -0.0 CALL added 416520   PUT unwind -1160  CE_OI=451780 PE_OI=178800
pcr5 =  BSE:SENSEX26O0173300CE   0.47   -0.01 CALL added 429880   PUT unwind -5260  CE_OI=452960 PE_OI=215040
pcr6 =  BSE:SENSEX26O0173200CE   0.61    0.41 CALL added 562000   PUT added 229540  CE_OI=580040 PE_OI=354300
pcr7 =  BSE:SENSEX26O0173100CE   0.77   0.57 CALL added 441600   PUT added 250360  CE_OI=450140 PE_OI=345000
pcr8 =  BSE:SENSEX26O0173000PE   1.16   0.67 CALL added 688780   PUT added 461180  CE_OI=737540 PE_OI=856620
pcr9 =  BSE:SENSEX26O0172900PE   1.65   1.41 CALL added 266640   PUT added 375980  CE_OI=272160 PE_OI=448760
pcr10 =  BSE:SENSEX26O0172800PE   2.82   2.2 CALL added 169240   PUT added 373060  CE_OI=175500 PE_OI=495220
pcr11 =  BSE:SENSEX26O0172700PE   5.11   3.87 CALL added 70460   PUT added 272440  CE_OI=72280 PE_OI=369000
pcr12 =  BSE:SENSEX26O0172600CE   4.85   2.3 CALL added 33740   PUT added 77560  CE_OI=36080 PE_OI=175100
pcr13 =  BSE:SENSEX26O0172500PE   8.38   2.39 CALL added 60660   PUT added 144900  CE_OI=66140 PE_OI=554120
pcr14 =  BSE:SENSEX26O0172400PE   12.75   5.76 CALL added 13800   PUT added 79500  CE_OI=14200 PE_OI=180980
pcr15 =  BSE:SENSEX26O0172300CE   20.68   0.73 CALL added 11480   PUT added 8420  CE_OI=12100 PE_OI=250280
pcr16 =  BSE:SENSEX26O0172200CE   19.52   8.9 CALL added 5780   PUT added 51460  CE_OI=6100 PE_OI=119100
pcr17 =  BSE:SENSEX26O0172100PE   52.87   19.12 CALL added 2060   PUT added 39380  CE_OI=2360 PE_OI=124780
PCRSUM== 133.17
pcrSummation== 25.82
spotLTP =  72941.4  ATM_STRIKE =  72900
IS_ATM_STRIKE_SHIFT = False  mapStrike = {72900: 72900}
avgOiPcrList2 = [np.float64(9.27), np.float64(7.78), np.float64(7.83)] atmStrikeNotShiftedCount= 8
avgOiPcr9List2 = [np.float64(2.87), np.float64(2.86), np.float64(2.87)] atmStrikeNotShiftedCount= 8
False   8   3
SUPP_RES=== 73000  Buffer= 61
ANCHOR_COMPARE: spot=72941.4 fut=73575.45 basis(fut-spot)=634.05 | SR_spot(PRIMARY)=73000 SR_future=73500 SR_diff(fut-spot)=500 | PCRwin_spot(PRIMARY)=72900 PCRwin_future=73600
CEoich val =  688780.0  PEoich val =  461180.0 , CE > PE by 33.0%
SUPP_RES TOTAL OI: CE= 737540  PE= 856620 , CE < PE by 13.9%
INCR_CHOI: SUPP_RES=73000 role=RESISTANCE fresh_CE=-820 fresh_PE=34460 -> PE_dominant by 102.4% (resistance CHALLENGED (bullish warning)) | cumulative CE=688780.0 PE=461180.0
==========================
FUT_SUPP_RES=== 73500  (FUT_LTP= 73575.45 ) Buffer= 61
FUT CEoich val =  759420.0  PEoich val =  -136520.0 , CE > PE by 118.0%
FUT_SUPP_RES TOTAL OI: CE= 922380  PE= 404700 , CE > PE by 56.1%
OI_SUPP_RES: spot=72941.4 ATM=72900 (win=±500 mode=CHOI) (ATM_CE_OI=272160 ATM_PE_OI=448760) | SUPPORT=72900PE CHOI=375980 (dist=0) | RESISTANCE=73000CE CHOI=688780 (dist=100)
OI_SUPPORT=== 72900
OI_SUPPORT CEoich val = 266640.0  PEoich val = 375980.0 , CE < PE by 29.1%
OI_SUPPORT TOTAL OI: CE= 272160  PE= 448760 , CE < PE by 39.4%
OI_RESISTANCE=== 73000
OI_RESISTANCE CEoich val = 688780.0  PEoich val = 461180.0 , CE > PE by 33.0%
OI_RESISTANCE TOTAL OI: CE= 737540  PE= 856620 , CE < PE by 13.9%
IS_MORNING_WINDOW= False  (active 9:15-9:48 IST)
================================================
==== signal check time ==== 2026-09-28 11:39:00.550161
CHART_PATTERN_DETECTED: DOUBLE_BOTTOM_FORMING
  PATTERN_CONTEXT: Body= 0.0  Range= 0.0  ExpectedRange= 76.2  RangeRatio= 0.0  O= 73575.4  H= 73575.4  L= 73575.4  C= 73575.4
PCR9_SEQ_FLAT: 2.87 -> 2.86 -> 2.87 (not monotonic)
recent two = [np.float64(7.78), np.float64(7.83)]
ATMStrike =  72900
AVG_OIPCR= 2.87
avgoiPCROld=  7.83
AVG_OIPCR_9STRIKE= 2.87  (pcr5..pcr13 = ATM +/-4, 9 strikes)
SUPP_RES = 73000
spotLTP = 72941.4
FUT LTP = 73575.45
CEchoi  PechOi = 688780.0    461180.0
====================================
atmPCR= 0.47  belowATM  0.61
CHOI_DOM_GATE: gate_on= True  bull_ok= False  bear_ok= False | isPE_DomSupp_once= False  fresh_PE= 34460 | isCE_DomRes_once= False  fresh_CE= -820
India VIX = 13.83  Spot Price = 72975.32
IV Regime = HIGH (ADAPTIVE: P25= 11.15  P50= 11.53  P75= 12.29 ) | DailyRange = 1441.8 | 3minCandleRange = 75.9 (theoretical= 126.5 ) | ATMoptionMove = 34.1 | SL = 119 | Target = 119 | TrailTrigger = 34 | Spread = 400 | Buffer = 61
IV Params refreshed: {'vix': 13.83, 'bn_price': 72975.32, 'regime': 'HIGH', 'regime_thresholds': 'P25=11.15 P50=11.53 P75=12.29', 'daily_range': 1441.8, 'candle_range': 75.9, 'atm_option_move': 34.1, 'sl_point': 119, 'target_point': 119, 'sl_pct_of_premium': 0.1, 'trail_trigger': 34, 'spread_width': 400, 'support_resistance_buffer': 61}
===
====after 3 min ochain==== 2026-09-28 11:42:00.000003
                                    oipcr   choipcr   CE_OI / PE_OI (same strike)
pcr1 =  BSE:SENSEX26O0173800PE   0.46   -0.74 CALL added 170740   PUT unwind -126860  CE_OI=408860 PE_OI=188120
pcr2 =  BSE:SENSEX26O0173700CE   0.37   -1.36 CALL added 162920   PUT unwind -221060  CE_OI=411060 PE_OI=152780
pcr3 =  BSE:SENSEX26O0173600PE   0.32   -0.91 CALL added 250920   PUT unwind -228980  CE_OI=355580 PE_OI=114980
pcr4 =  BSE:SENSEX26O0173500PE   0.43   -0.17 CALL added 777160   PUT unwind -135620  CE_OI=940120 PE_OI=405600
pcr5 =  BSE:SENSEX26O0173400PE   0.4   -0.0 CALL added 407620   PUT unwind -1320  CE_OI=442880 PE_OI=178640
pcr6 =  BSE:SENSEX26O0173300CE   0.48    -0.01 CALL added 425840   PUT unwind -4400  CE_OI=448920 PE_OI=215900
pcr7 =  BSE:SENSEX26O0173200CE   0.61   0.41 CALL added 570520   PUT added 232860  CE_OI=588560 PE_OI=357620
pcr8 =  BSE:SENSEX26O0173100CE   0.77   0.57 CALL added 447180   PUT added 256620  CE_OI=455720 PE_OI=351260
pcr9 =  BSE:SENSEX26O0173000PE   1.11   0.63 CALL added 711080   PUT added 449700  CE_OI=759840 PE_OI=845140
pcr10 =  BSE:SENSEX26O0172900PE   1.67   1.44 CALL added 269180   PUT added 387040  CE_OI=274700 PE_OI=459820
pcr11 =  BSE:SENSEX26O0172800PE   2.84   2.21 CALL added 166000   PUT added 366800  CE_OI=172260 PE_OI=488960
pcr12 =  BSE:SENSEX26O0172700PE   4.95   3.71 CALL added 70420   PUT added 261240  CE_OI=72240 PE_OI=357800
pcr13 =  BSE:SENSEX26O0172600CE   5.03   2.44 CALL added 33120   PUT added 80840  CE_OI=35460 PE_OI=178380
pcr14 =  BSE:SENSEX26O0172500PE   8.55   2.55 CALL added 60320   PUT added 153520  CE_OI=65800 PE_OI=562740
pcr15 =  BSE:SENSEX26O0172400PE   13.08   6.13 CALL added 13840   PUT added 84840  CE_OI=14240 PE_OI=186320
pcr16 =  BSE:SENSEX26O0172300CE   21.37   0.85 CALL added 11140   PUT added 9440  CE_OI=11760 PE_OI=251300
pcr17 =  BSE:SENSEX26O0172200CE   19.56   8.94 CALL added 5780   PUT added 51700  CE_OI=6100 PE_OI=119340
PCRSUM== 82.0
pcrSummation== 17.86
spotLTP =  72975.32  ATM_STRIKE =  73000
IS_ATM_STRIKE_SHIFT = True  mapStrike = {73000: 73000}
avgOiPcrList2 = [np.float64(4.82)] atmStrikeNotShiftedCount= 1
avgOiPcr9List2 = [np.float64(1.98)] atmStrikeNotShiftedCount= 1
True   1   1
SUPP_RES=== 73000  Buffer= 61
ANCHOR_COMPARE: spot=72975.32 fut=73575.45 basis(fut-spot)=600.13 | SR_spot(PRIMARY)=73000 SR_future=73500 SR_diff(fut-spot)=500 | PCRwin_spot(PRIMARY)=73000 PCRwin_future=73600
CEoich val =  711080.0  PEoich val =  449700.0 , CE > PE by 36.8%
SUPP_RES TOTAL OI: CE= 759840  PE= 845140 , CE < PE by 10.1%
INCR_CHOI: SUPP_RES=73000 role=RESISTANCE fresh_CE=22300 fresh_PE=-11480 -> CE_dominant by 151.5% (resistance HOLDING (bearish)) | cumulative CE=711080.0 PE=449700.0
==========================
FUT_SUPP_RES=== 73500  (FUT_LTP= 73575.45 ) Buffer= 61
FUT CEoich val =  777160.0  PEoich val =  -135620.0 , CE > PE by 117.5%
FUT_SUPP_RES TOTAL OI: CE= 940120  PE= 405600 , CE > PE by 56.9%
OI_SUPP_RES: spot=72975.32 ATM=73000 (win=±500 mode=CHOI) (ATM_CE_OI=759840 ATM_PE_OI=845140) | SUPPORT=73000PE CHOI=449700 (dist=0) | RESISTANCE=73500CE CHOI=777160 (dist=500)
OI_SUPPORT=== 73000
OI_SUPPORT CEoich val = 711080.0  PEoich val = 449700.0 , CE > PE by 36.8%
OI_SUPPORT TOTAL OI: CE= 759840  PE= 845140 , CE < PE by 10.1%
OI_RESISTANCE=== 73500
OI_RESISTANCE CEoich val = 777160.0  PEoich val = -135620.0 , CE > PE by 117.5%
OI_RESISTANCE TOTAL OI: CE= 940120  PE= 405600 , CE > PE by 56.9%
IS_MORNING_WINDOW= False  (active 9:15-9:48 IST)
================================================
==== signal check time ==== 2026-09-28 11:42:00.554779
CHART_PATTERN_DETECTED: INSIDE_BAR | DOUBLE_BOTTOM_FORMING
  PATTERN_CONTEXT: Body= 0.0  Range= 0.0  ExpectedRange= 75.9  RangeRatio= 0.0  O= 73575.4  H= 73575.4  L= 73575.4  C= 73575.4
isCE_DominantAtRes_once = True  isCE_DominantAtRes_twice = False  isCE_DominantAtRes_trice = False (CE_res_streak= 1 )
ATMStrike =  73000
AVG_OIPCR= 1.98
avgoiPCROld=  4.82
AVG_OIPCR_9STRIKE= 1.98  (pcr5..pcr13 = ATM +/-4, 9 strikes)
SUPP_RES = 73000
spotLTP = 72975.32
FUT LTP = 73575.45
CEchoi  PechOi = 711080.0    449700.0
====================================
atmPCR= 0.4  belowATM  0.48
CHOI_DOM_GATE: gate_on= True  bull_ok= False  bear_ok= True | isPE_DomSupp_once= False  fresh_PE= -11480 | isCE_DomRes_once= True  fresh_CE= 22300
India VIX = 13.82  Spot Price = 72965.93
IV Regime = HIGH (ADAPTIVE: P25= 11.15  P50= 11.53  P75= 12.29 ) | DailyRange = 1440.6 | 3minCandleRange = 75.8 (theoretical= 126.3 ) | ATMoptionMove = 34.1 | SL = 119 | Target = 119 | TrailTrigger = 34 | Spread = 400 | Buffer = 61
IV Params refreshed: {'vix': 13.82, 'bn_price': 72965.93, 'regime': 'HIGH', 'regime_thresholds': 'P25=11.15 P50=11.53 P75=12.29', 'daily_range': 1440.6, 'candle_range': 75.8, 'atm_option_move': 34.1, 'sl_point': 119, 'target_point': 119, 'sl_pct_of_premium': 0.1, 'trail_trigger': 34, 'spread_width': 400, 'support_resistance_buffer': 61}
===
====after 3 min ochain==== 2026-09-28 11:45:00.000001
                                    oipcr   choipcr   CE_OI / PE_OI (same strike)
pcr1 =  BSE:SENSEX26O0173800PE   0.46   -0.75 CALL added 170540   PUT unwind -128240  CE_OI=408660 PE_OI=186740
pcr2 =  BSE:SENSEX26O0173700CE   0.38   -1.48 CALL added 151600   PUT unwind -223700  CE_OI=399740 PE_OI=150140
pcr3 =  BSE:SENSEX26O0173600PE   0.32   -0.88 CALL added 256760   PUT unwind -227160  CE_OI=361420 PE_OI=116800
pcr4 =  BSE:SENSEX26O0173500PE   0.45   -0.17 CALL added 752640   PUT unwind -127620  CE_OI=915600 PE_OI=413600
pcr5 =  BSE:SENSEX26O0173400PE   0.4   0.01 CALL added 418160   PUT added 3000  CE_OI=453420 PE_OI=182960
pcr6 =  BSE:SENSEX26O0173300CE   0.49    -0.0 CALL added 423620   PUT unwind -960  CE_OI=446700 PE_OI=219340
pcr7 =  BSE:SENSEX26O0173200CE   0.63   0.42 CALL added 545440   PUT added 229680  CE_OI=563480 PE_OI=354440
pcr8 =  BSE:SENSEX26O0173100CE   0.8   0.6 CALL added 435700   PUT added 260320  CE_OI=444240 PE_OI=354960
pcr9 =  BSE:SENSEX26O0173000PE   1.21   0.72 CALL added 689120   PUT added 499460  CE_OI=737880 PE_OI=894900
pcr10 =  BSE:SENSEX26O0172900PE   1.69   1.46 CALL added 274060   PUT added 399140  CE_OI=279580 PE_OI=471920
pcr11 =  BSE:SENSEX26O0172800PE   3.05   2.39 CALL added 156140   PUT added 372500  CE_OI=162400 PE_OI=494660
pcr12 =  BSE:SENSEX26O0172700PE   4.64   3.35 CALL added 68240   PUT added 228280  CE_OI=70060 PE_OI=324840
pcr13 =  BSE:SENSEX26O0172600CE   5.71   2.85 CALL added 29500   PUT added 84220  CE_OI=31840 PE_OI=181760
pcr14 =  BSE:SENSEX26O0172500PE   8.48   2.41 CALL added 59780   PUT added 143880  CE_OI=65260 PE_OI=553100
pcr15 =  BSE:SENSEX26O0172400PE   13.41   6.6 CALL added 14120   PUT added 93180  CE_OI=14520 PE_OI=194660
pcr16 =  BSE:SENSEX26O0172300CE   22.58   0.79 CALL added 10460   PUT added 8280  CE_OI=11080 PE_OI=250140
pcr17 =  BSE:SENSEX26O0172200CE   19.59   8.67 CALL added 5620   PUT added 48720  CE_OI=5940 PE_OI=116360
PCRSUM== 84.29
pcrSummation== 18.62
spotLTP =  72965.93  ATM_STRIKE =  73000
IS_ATM_STRIKE_SHIFT = False  mapStrike = {73000: 73000}
avgOiPcrList2 = [np.float64(4.82), np.float64(4.96)] atmStrikeNotShiftedCount= 2
avgOiPcr9List2 = [np.float64(1.98), np.float64(2.07)] atmStrikeNotShiftedCount= 2
False   2   2
SUPP_RES=== 73000  Buffer= 61
ANCHOR_COMPARE: spot=72965.93 fut=73661.0 basis(fut-spot)=695.07 | SR_spot(PRIMARY)=73000 SR_future=73500 SR_diff(fut-spot)=500 | PCRwin_spot(PRIMARY)=73000 PCRwin_future=73700
CEoich val =  689120.0  PEoich val =  499460.0 , CE > PE by 27.5%
SUPP_RES TOTAL OI: CE= 737880  PE= 894900 , CE < PE by 17.5%
INCR_CHOI: SUPP_RES=73000 role=RESISTANCE fresh_CE=-21960 fresh_PE=49760 -> PE_dominant by 144.1% (resistance CHALLENGED (bullish warning)) | cumulative CE=689120.0 PE=499460.0
==========================
FUT_SUPP_RES=== 73500  (FUT_LTP= 73661.0 ) Buffer= 61
FUT CEoich val =  752640.0  PEoich val =  -127620.0 , CE > PE by 117.0%
FUT_SUPP_RES TOTAL OI: CE= 915600  PE= 413600 , CE > PE by 54.8%
OI_SUPP_RES: spot=72965.93 ATM=73000 (win=±500 mode=CHOI) (ATM_CE_OI=737880 ATM_PE_OI=894900) | SUPPORT=73000PE CHOI=499460 (dist=0) | RESISTANCE=73500CE CHOI=752640 (dist=500)
OI_SUPPORT=== 73000
OI_SUPPORT CEoich val = 689120.0  PEoich val = 499460.0 , CE > PE by 27.5%
OI_SUPPORT TOTAL OI: CE= 737880  PE= 894900 , CE < PE by 17.5%
OI_RESISTANCE=== 73500
OI_RESISTANCE CEoich val = 752640.0  PEoich val = -127620.0 , CE > PE by 117.0%
OI_RESISTANCE TOTAL OI: CE= 915600  PE= 413600 , CE > PE by 54.8%
IS_MORNING_WINDOW= False  (active 9:15-9:48 IST)
================================================
==== signal check time ==== 2026-09-28 11:45:00.536107
CHART_PATTERN_DETECTED: DOUBLE_BOTTOM_FORMING | STRONG_MOMENTUM_BULL
  PATTERN_CONTEXT: Body= 85.6  Range= 88.2  ExpectedRange= 75.8  RangeRatio= 1.16  O= 73575.4  H= 73663.6  L= 73575.4  C= 73661.0
ATMStrike =  73000
AVG_OIPCR= 2.07
avgoiPCROld=  4.96
AVG_OIPCR_9STRIKE= 2.07  (pcr5..pcr13 = ATM +/-4, 9 strikes)
SUPP_RES = 73000
spotLTP = 72965.93
FUT LTP = 73661.0
CEchoi  PechOi = 689120.0    499460.0
====================================
atmPCR= 0.4  belowATM  0.49
CHOI_DOM_GATE: gate_on= True  bull_ok= False  bear_ok= False | isPE_DomSupp_once= False  fresh_PE= 49760 | isCE_DomRes_once= False  fresh_CE= -21960
India VIX = 13.82  Spot Price = 72968.85
IV Regime = HIGH (ADAPTIVE: P25= 11.15  P50= 11.53  P75= 12.29 ) | DailyRange = 1440.6 | 3minCandleRange = 75.8 (theoretical= 126.4 ) | ATMoptionMove = 34.1 | SL = 119 | Target = 119 | TrailTrigger = 34 | Spread = 400 | Buffer = 61
IV Params refreshed: {'vix': 13.82, 'bn_price': 72968.85, 'regime': 'HIGH', 'regime_thresholds': 'P25=11.15 P50=11.53 P75=12.29', 'daily_range': 1440.6, 'candle_range': 75.8, 'atm_option_move': 34.1, 'sl_point': 119, 'target_point': 119, 'sl_pct_of_premium': 0.1, 'trail_trigger': 34, 'spread_width': 400, 'support_resistance_buffer': 61}
===
====after 3 min ochain==== 2026-09-28 11:48:00.000003
                                    oipcr   choipcr   CE_OI / PE_OI (same strike)
pcr1 =  BSE:SENSEX26O0173800PE   0.46   -0.74 CALL added 172200   PUT unwind -128280  CE_OI=410320 PE_OI=186700
pcr2 =  BSE:SENSEX26O0173700CE   0.37   -1.47 CALL added 152500   PUT unwind -223720  CE_OI=400640 PE_OI=150120
pcr3 =  BSE:SENSEX26O0173600PE   0.32   -0.88 CALL added 257380   PUT unwind -227520  CE_OI=362040 PE_OI=116440
pcr4 =  BSE:SENSEX26O0173500PE   0.48   -0.14 CALL added 743920   PUT unwind -104240  CE_OI=906880 PE_OI=436980
pcr5 =  BSE:SENSEX26O0173400PE   0.4   0.01 CALL added 419740   PUT added 3240  CE_OI=455000 PE_OI=183200
pcr6 =  BSE:SENSEX26O0173300CE   0.5    -0.0 CALL added 419780   PUT unwind -920  CE_OI=442860 PE_OI=219380
pcr7 =  BSE:SENSEX26O0173200CE   0.63   0.42 CALL added 545320   PUT added 230180  CE_OI=563360 PE_OI=354940
pcr8 =  BSE:SENSEX26O0173100CE   0.8   0.6 CALL added 434600   PUT added 261340  CE_OI=443140 PE_OI=355980
pcr9 =  BSE:SENSEX26O0173000PE   1.21   0.73 CALL added 699520   PUT added 507980  CE_OI=748280 PE_OI=903420
pcr10 =  BSE:SENSEX26O0172900PE   1.69   1.47 CALL added 277760   PUT added 407200  CE_OI=283280 PE_OI=479980
pcr11 =  BSE:SENSEX26O0172800PE   3.21   2.53 CALL added 150180   PUT added 380200  CE_OI=156440 PE_OI=502360
pcr12 =  BSE:SENSEX26O0172700PE   4.75   3.44 CALL added 67320   PUT added 231520  CE_OI=69140 PE_OI=328080
pcr13 =  BSE:SENSEX26O0172600CE   5.76   2.89 CALL added 29340   PUT added 84820  CE_OI=31680 PE_OI=182360
pcr14 =  BSE:SENSEX26O0172500PE   8.26   2.41 CALL added 62220   PUT added 149760  CE_OI=67700 PE_OI=558980
pcr15 =  BSE:SENSEX26O0172400PE   13.8   6.87 CALL added 13860   PUT added 95240  CE_OI=14260 PE_OI=196720
pcr16 =  BSE:SENSEX26O0172300CE   23.22   0.88 CALL added 10180   PUT added 8940  CE_OI=10800 PE_OI=250800
pcr17 =  BSE:SENSEX26O0172200CE   19.76   8.85 CALL added 5620   PUT added 49720  CE_OI=5940 PE_OI=117360
PCRSUM== 85.62
pcrSummation== 18.95
spotLTP =  72968.85  ATM_STRIKE =  73000
IS_ATM_STRIKE_SHIFT = False  mapStrike = {73000: 73000}
avgOiPcrList2 = [np.float64(4.82), np.float64(4.96), np.float64(5.04)] atmStrikeNotShiftedCount= 3
avgOiPcr9List2 = [np.float64(1.98), np.float64(2.07), np.float64(2.11)] atmStrikeNotShiftedCount= 3
False   3   3
SUPP_RES=== 73000  Buffer= 61
ANCHOR_COMPARE: spot=72968.85 fut=73630.75 basis(fut-spot)=661.9 | SR_spot(PRIMARY)=73000 SR_future=73500 SR_diff(fut-spot)=500 | PCRwin_spot(PRIMARY)=73000 PCRwin_future=73600
CEoich val =  699520.0  PEoich val =  507980.0 , CE > PE by 27.4%
SUPP_RES TOTAL OI: CE= 748280  PE= 903420 , CE < PE by 17.2%
INCR_CHOI: SUPP_RES=73000 role=RESISTANCE fresh_CE=10400 fresh_PE=8520 -> CE_dominant by 18.1% (resistance HOLDING (bearish)) | cumulative CE=699520.0 PE=507980.0
==========================
FUT_SUPP_RES=== 73500  (FUT_LTP= 73630.75 ) Buffer= 61
FUT CEoich val =  743920.0  PEoich val =  -104240.0 , CE > PE by 114.0%
FUT_SUPP_RES TOTAL OI: CE= 906880  PE= 436980 , CE > PE by 51.8%
OI_SUPP_RES: spot=72968.85 ATM=73000 (win=±500 mode=CHOI) (ATM_CE_OI=748280 ATM_PE_OI=903420) | SUPPORT=73000PE CHOI=507980 (dist=0) | RESISTANCE=73500CE CHOI=743920 (dist=500)
OI_SUPPORT=== 73000
OI_SUPPORT CEoich val = 699520.0  PEoich val = 507980.0 , CE > PE by 27.4%
OI_SUPPORT TOTAL OI: CE= 748280  PE= 903420 , CE < PE by 17.2%
OI_RESISTANCE=== 73500
OI_RESISTANCE CEoich val = 743920.0  PEoich val = -104240.0 , CE > PE by 114.0%
OI_RESISTANCE TOTAL OI: CE= 906880  PE= 436980 , CE > PE by 51.8%
IS_MORNING_WINDOW= False  (active 9:15-9:48 IST)
================================================
==== signal check time ==== 2026-09-28 11:48:00.582386
CHART_PATTERN_DETECTED: INVERTED_HAMMER | INSIDE_BAR | DOUBLE_BOTTOM_FORMING
  PATTERN_CONTEXT: Body= 4.9  Range= 35.1  ExpectedRange= 75.8  RangeRatio= 0.46  O= 73625.8  H= 73661.0  L= 73625.8  C= 73630.8
isPcrInc9 = True
PCR9_SEQ_INC: 1.98 -> 2.07 -> 2.11 | pcr2 > pcr1 by +4.5% | pcr3 > pcr2 by +1.9%
isPcrInc = True
PCR_SEQ_INC: 4.82 -> 4.96 -> 5.04 | pcr2 > pcr1 by +2.9% | pcr3 > pcr2 by +1.6%
isCE_DominantAtRes_once = True  isCE_DominantAtRes_twice = False  isCE_DominantAtRes_trice = False (CE_res_streak= 1 )
ATMStrike =  73000
AVG_OIPCR= 2.11
avgoiPCROld=  5.04
AVG_OIPCR_9STRIKE= 2.11  (pcr5..pcr13 = ATM +/-4, 9 strikes)
SUPP_RES = 73000
spotLTP = 72968.85
FUT LTP = 73630.75
CEchoi  PechOi = 699520.0    507980.0
====================================
atmPCR= 0.4  belowATM  0.5
CHOI_DOM_GATE: gate_on= True  bull_ok= False  bear_ok= True | isPE_DomSupp_once= False  fresh_PE= 8520 | isCE_DomRes_once= True  fresh_CE= 10400
no trade yet = [np.float64(4.82), np.float64(4.96), np.float64(5.04)]
India VIX = 13.89  Spot Price = 72951.78
IV Regime = HIGH (ADAPTIVE: P25= 11.15  P50= 11.53  P75= 12.29 ) | DailyRange = 1447.6 | 3minCandleRange = 76.2 (theoretical= 127.0 ) | ATMoptionMove = 34.3 | SL = 120 | Target = 120 | TrailTrigger = 34 | Spread = 400 | Buffer = 61
IV Params refreshed: {'vix': 13.89, 'bn_price': 72951.78, 'regime': 'HIGH', 'regime_thresholds': 'P25=11.15 P50=11.53 P75=12.29', 'daily_range': 1447.6, 'candle_range': 76.2, 'atm_option_move': 34.3, 'sl_point': 120, 'target_point': 120, 'sl_pct_of_premium': 0.1, 'trail_trigger': 34, 'spread_width': 400, 'support_resistance_buffer': 61}
===
====after 3 min ochain==== 2026-09-28 11:51:00.000003
                                    oipcr   choipcr   CE_OI / PE_OI (same strike)
pcr1 =  BSE:SENSEX26O0173800PE   0.46   -0.76 CALL added 168040   PUT unwind -128380  CE_OI=406160 PE_OI=186600
pcr2 =  BSE:SENSEX26O0173700CE   0.38   -1.48 CALL added 151060   PUT unwind -224100  CE_OI=399200 PE_OI=149740
pcr3 =  BSE:SENSEX26O0173600PE   0.32   -0.88 CALL added 257900   PUT unwind -227160  CE_OI=362560 PE_OI=116800
pcr4 =  BSE:SENSEX26O0173500PE   0.45   -0.17 CALL added 754580   PUT unwind -130940  CE_OI=917540 PE_OI=410280
pcr5 =  BSE:SENSEX26O0173400PE   0.4   0.01 CALL added 422080   PUT added 3180  CE_OI=457340 PE_OI=183140
pcr6 =  BSE:SENSEX26O0173300CE   0.48    -0.01 CALL added 425020   PUT unwind -4020  CE_OI=448100 PE_OI=216280
pcr7 =  BSE:SENSEX26O0173200CE   0.64   0.43 CALL added 537620   PUT added 229400  CE_OI=555660 PE_OI=354160
pcr8 =  BSE:SENSEX26O0173100CE   0.81   0.6 CALL added 432380   PUT added 260400  CE_OI=440920 PE_OI=355040
pcr9 =  BSE:SENSEX26O0173000PE   1.2   0.73 CALL added 706900   PUT added 512960  CE_OI=755660 PE_OI=908400
pcr10 =  BSE:SENSEX26O0172900PE   1.75   1.51 CALL added 268220   PUT added 405780  CE_OI=273740 PE_OI=478560
pcr11 =  BSE:SENSEX26O0172800PE   3.13   2.46 CALL added 154900   PUT added 381560  CE_OI=161160 PE_OI=503720
pcr12 =  BSE:SENSEX26O0172700PE   4.67   3.4 CALL added 69420   PUT added 235820  CE_OI=71240 PE_OI=332380
pcr13 =  BSE:SENSEX26O0172600CE   5.73   2.86 CALL added 29300   PUT added 83760  CE_OI=31640 PE_OI=181300
pcr14 =  BSE:SENSEX26O0172500PE   8.45   2.46 CALL added 60640   PUT added 149360  CE_OI=66120 PE_OI=558580
pcr15 =  BSE:SENSEX26O0172400PE   13.71   6.84 CALL added 13980   PUT added 95660  CE_OI=14380 PE_OI=197140
pcr16 =  BSE:SENSEX26O0172300CE   22.18   0.86 CALL added 10700   PUT added 9180  CE_OI=11320 PE_OI=251040
pcr17 =  BSE:SENSEX26O0172200CE   20.05   9.12 CALL added 5600   PUT added 51060  CE_OI=5920 PE_OI=118700
PCRSUM== 84.81
pcrSummation== 18.81
spotLTP =  72951.78  ATM_STRIKE =  73000
IS_ATM_STRIKE_SHIFT = False  mapStrike = {73000: 73000}
avgOiPcrList2 = [np.float64(4.96), np.float64(5.04), np.float64(4.99)] atmStrikeNotShiftedCount= 4
avgOiPcr9List2 = [np.float64(2.07), np.float64(2.11), np.float64(2.09)] atmStrikeNotShiftedCount= 4
False   4   3
SUPP_RES=== 73000  Buffer= 61
ANCHOR_COMPARE: spot=72951.78 fut=73602.0 basis(fut-spot)=650.22 | SR_spot(PRIMARY)=73000 SR_future=73500 SR_diff(fut-spot)=500 | PCRwin_spot(PRIMARY)=73000 PCRwin_future=73600
CEoich val =  706900.0  PEoich val =  512960.0 , CE > PE by 27.4%
SUPP_RES TOTAL OI: CE= 755660  PE= 908400 , CE < PE by 16.8%
INCR_CHOI: SUPP_RES=73000 role=RESISTANCE fresh_CE=7380 fresh_PE=4980 -> CE_dominant by 32.5% (resistance HOLDING (bearish)) | cumulative CE=706900.0 PE=512960.0
==========================
FUT_SUPP_RES=== 73500  (FUT_LTP= 73602.0 ) Buffer= 61
FUT CEoich val =  754580.0  PEoich val =  -130940.0 , CE > PE by 117.4%
FUT_SUPP_RES TOTAL OI: CE= 917540  PE= 410280 , CE > PE by 55.3%
OI_SUPP_RES: spot=72951.78 ATM=73000 (win=±500 mode=CHOI) (ATM_CE_OI=755660 ATM_PE_OI=908400) | SUPPORT=73000PE CHOI=512960 (dist=0) | RESISTANCE=73500CE CHOI=754580 (dist=500)
OI_SUPPORT=== 73000
OI_SUPPORT CEoich val = 706900.0  PEoich val = 512960.0 , CE > PE by 27.4%
OI_SUPPORT TOTAL OI: CE= 755660  PE= 908400 , CE < PE by 16.8%
OI_RESISTANCE=== 73500
OI_RESISTANCE CEoich val = 754580.0  PEoich val = -130940.0 , CE > PE by 117.4%
OI_RESISTANCE TOTAL OI: CE= 917540  PE= 410280 , CE > PE by 55.3%
IS_MORNING_WINDOW= False  (active 9:15-9:48 IST)
================================================
==== signal check time ==== 2026-09-28 11:51:00.566273
CHART_PATTERN_DETECTED: BEARISH_ENGULFING | DOUBLE_TOP_FORMING
  PATTERN_CONTEXT: Body= -28.8  Range= 54.8  ExpectedRange= 76.2  RangeRatio= 0.72  O= 73630.8  H= 73656.8  L= 73602.0  C= 73602.0
PCR9_SEQ_FLAT: 2.07 -> 2.11 -> 2.09 (not monotonic)
recent two = [np.float64(5.04), np.float64(4.99)]
isCE_DominantAtRes_once = True  isCE_DominantAtRes_twice = True  isCE_DominantAtRes_trice = False (CE_res_streak= 2 )
ATMStrike =  73000
AVG_OIPCR= 2.09
avgoiPCROld=  4.99
AVG_OIPCR_9STRIKE= 2.09  (pcr5..pcr13 = ATM +/-4, 9 strikes)
SUPP_RES = 73000
spotLTP = 72951.78
FUT LTP = 73602.0
CEchoi  PechOi = 706900.0    512960.0
====================================
atmPCR= 0.4  belowATM  0.48
CHOI_DOM_GATE: gate_on= True  bull_ok= False  bear_ok= True | isPE_DomSupp_once= False  fresh_PE= 4980 | isCE_DomRes_once= True  fresh_CE= 7380
India VIX = 13.87  Spot Price = 72949.73
IV Regime = HIGH (ADAPTIVE: P25= 11.15  P50= 11.53  P75= 12.29 ) | DailyRange = 1445.4 | 3minCandleRange = 76.1 (theoretical= 126.8 ) | ATMoptionMove = 34.2 | SL = 120 | Target = 120 | TrailTrigger = 34 | Spread = 400 | Buffer = 61
IV Params refreshed: {'vix': 13.87, 'bn_price': 72949.73, 'regime': 'HIGH', 'regime_thresholds': 'P25=11.15 P50=11.53 P75=12.29', 'daily_range': 1445.4, 'candle_range': 76.1, 'atm_option_move': 34.2, 'sl_point': 120, 'target_point': 120, 'sl_pct_of_premium': 0.1, 'trail_trigger': 34, 'spread_width': 400, 'support_resistance_buffer': 61}
===
====after 3 min ochain==== 2026-09-28 11:54:00.000004
                                    oipcr   choipcr   CE_OI / PE_OI (same strike)
pcr1 =  BSE:SENSEX26O0173700CE   0.38   -1.5 CALL added 149460   PUT unwind -223880  CE_OI=397600 PE_OI=149960
pcr2 =  BSE:SENSEX26O0173600PE   0.32   -0.88 CALL added 259280   PUT unwind -227600  CE_OI=363940 PE_OI=116360
pcr3 =  BSE:SENSEX26O0173500PE   0.43   -0.17 CALL added 778360   PUT unwind -134540  CE_OI=941320 PE_OI=406680
pcr4 =  BSE:SENSEX26O0173400PE   0.4   0.01 CALL added 421000   PUT added 3640  CE_OI=456260 PE_OI=183600
pcr5 =  BSE:SENSEX26O0173300CE   0.48   -0.01 CALL added 426860   PUT unwind -4080  CE_OI=449940 PE_OI=216220
pcr6 =  BSE:SENSEX26O0173200CE   0.64    0.43 CALL added 533940   PUT added 229540  CE_OI=551980 PE_OI=354300
pcr7 =  BSE:SENSEX26O0173100CE   0.79   0.59 CALL added 433420   PUT added 255400  CE_OI=441960 PE_OI=350040
pcr8 =  BSE:SENSEX26O0173000PE   1.21   0.74 CALL added 702740   PUT added 516520  CE_OI=751500 PE_OI=911960
pcr9 =  BSE:SENSEX26O0172900PE   1.94   1.7 CALL added 261520   PUT added 444800  CE_OI=267040 PE_OI=517580
pcr10 =  BSE:SENSEX26O0172800PE   3.12   2.46 CALL added 154080   PUT added 378340  CE_OI=160340 PE_OI=500500
pcr11 =  BSE:SENSEX26O0172700PE   4.76   3.52 CALL added 71280   PUT added 251060  CE_OI=73100 PE_OI=347620
pcr12 =  BSE:SENSEX26O0172600CE   5.88   3.02 CALL added 29220   PUT added 88100  CE_OI=31560 PE_OI=185640
pcr13 =  BSE:SENSEX26O0172500PE   8.6   2.56 CALL added 59920   PUT added 153380  CE_OI=65400 PE_OI=562600
pcr14 =  BSE:SENSEX26O0172400PE   13.82   6.91 CALL added 13880   PUT added 95860  CE_OI=14280 PE_OI=197340
pcr15 =  BSE:SENSEX26O0172300CE   21.49   0.93 CALL added 11120   PUT added 10380  CE_OI=11740 PE_OI=252240
pcr16 =  BSE:SENSEX26O0172200CE   20.13   9.43 CALL added 5720   PUT added 53920  CE_OI=6040 PE_OI=121560
pcr17 =  BSE:SENSEX26O0172100PE   62.64   28.65 CALL added 1960   PUT added 56160  CE_OI=2260 PE_OI=141560
PCRSUM== 147.03
pcrSummation== 27.42
spotLTP =  72949.73  ATM_STRIKE =  72900
IS_ATM_STRIKE_SHIFT = True  mapStrike = {72900: 72900}
avgOiPcrList2 = [np.float64(8.65)] atmStrikeNotShiftedCount= 1
avgOiPcr9List2 = [np.float64(3.05)] atmStrikeNotShiftedCount= 1
True   1   1
SUPP_RES=== 73000  Buffer= 61
ANCHOR_COMPARE: spot=72949.73 fut=73600.0 basis(fut-spot)=650.27 | SR_spot(PRIMARY)=73000 SR_future=73500 SR_diff(fut-spot)=500 | PCRwin_spot(PRIMARY)=72900 PCRwin_future=73600
CEoich val =  702740.0  PEoich val =  516520.0 , CE > PE by 26.5%
SUPP_RES TOTAL OI: CE= 751500  PE= 911960 , CE < PE by 17.6%
INCR_CHOI: SUPP_RES=73000 role=RESISTANCE fresh_CE=-4160 fresh_PE=3560 -> PE_dominant by 185.6% (resistance CHALLENGED (bullish warning)) | cumulative CE=702740.0 PE=516520.0
==========================
FUT_SUPP_RES=== 73500  (FUT_LTP= 73600.0 ) Buffer= 61
FUT CEoich val =  778360.0  PEoich val =  -134540.0 , CE > PE by 117.3%
FUT_SUPP_RES TOTAL OI: CE= 941320  PE= 406680 , CE > PE by 56.8%
OI_SUPP_RES: spot=72949.73 ATM=72900 (win=±500 mode=CHOI) (ATM_CE_OI=267040 ATM_PE_OI=517580) | SUPPORT=72900PE CHOI=444800 (dist=0) | RESISTANCE=73000CE CHOI=702740 (dist=100)
OI_SUPPORT=== 72900
OI_SUPPORT CEoich val = 261520.0  PEoich val = 444800.0 , CE < PE by 41.2%
OI_SUPPORT TOTAL OI: CE= 267040  PE= 517580 , CE < PE by 48.4%
OI_RESISTANCE=== 73000
OI_RESISTANCE CEoich val = 702740.0  PEoich val = 516520.0 , CE > PE by 26.5%
OI_RESISTANCE TOTAL OI: CE= 751500  PE= 911960 , CE < PE by 17.6%
IS_MORNING_WINDOW= False  (active 9:15-9:48 IST)
================================================
==== signal check time ==== 2026-09-28 11:54:00.664780
CHART_PATTERN_DETECTED: SHOOTING_STAR | DOUBLE_TOP_FORMING
  PATTERN_CONTEXT: Body= -2.0  Range= 18.1  ExpectedRange= 76.1  RangeRatio= 0.24  O= 73602.0  H= 73618.1  L= 73600.0  C= 73600.0
ATMStrike =  72900
AVG_OIPCR= 3.05
avgoiPCROld=  8.65
AVG_OIPCR_9STRIKE= 3.05  (pcr5..pcr13 = ATM +/-4, 9 strikes)
SUPP_RES = 73000
spotLTP = 72949.73
FUT LTP = 73600.0
CEchoi  PechOi = 702740.0    516520.0
====================================
atmPCR= 0.48  belowATM  0.64
CHOI_DOM_GATE: gate_on= True  bull_ok= False  bear_ok= False | isPE_DomSupp_once= False  fresh_PE= 3560 | isCE_DomRes_once= False  fresh_CE= -4160
India VIX = 13.88  Spot Price = 72884.47
IV Regime = HIGH (ADAPTIVE: P25= 11.15  P50= 11.53  P75= 12.29 ) | DailyRange = 1445.2 | 3minCandleRange = 76.1 (theoretical= 126.8 ) | ATMoptionMove = 34.2 | SL = 120 | Target = 120 | TrailTrigger = 34 | Spread = 400 | Buffer = 61
IV Params refreshed: {'vix': 13.88, 'bn_price': 72884.47, 'regime': 'HIGH', 'regime_thresholds': 'P25=11.15 P50=11.53 P75=12.29', 'daily_range': 1445.2, 'candle_range': 76.1, 'atm_option_move': 34.2, 'sl_point': 120, 'target_point': 120, 'sl_pct_of_premium': 0.1, 'trail_trigger': 34, 'spread_width': 400, 'support_resistance_buffer': 61}
===
====after 3 min ochain==== 2026-09-28 11:57:00.000001
                                    oipcr   choipcr   CE_OI / PE_OI (same strike)
pcr1 =  BSE:SENSEX26O0173700CE   0.38   -1.52 CALL added 147440   PUT unwind -224680  CE_OI=395580 PE_OI=149160
pcr2 =  BSE:SENSEX26O0173600PE   0.31   -0.87 CALL added 262380   PUT unwind -228820  CE_OI=367040 PE_OI=115140
pcr3 =  BSE:SENSEX26O0173500PE   0.43   -0.17 CALL added 782320   PUT unwind -135620  CE_OI=945280 PE_OI=405600
pcr4 =  BSE:SENSEX26O0173400PE   0.4   0.0 CALL added 419540   PUT added 1680  CE_OI=454800 PE_OI=181640
pcr5 =  BSE:SENSEX26O0173300CE   0.48   -0.02 CALL added 423220   PUT unwind -7380  CE_OI=446300 PE_OI=212920
pcr6 =  BSE:SENSEX26O0173200CE   0.63    0.42 CALL added 542900   PUT added 227040  CE_OI=560940 PE_OI=351800
pcr7 =  BSE:SENSEX26O0173100CE   0.77   0.57 CALL added 436940   PUT added 249100  CE_OI=445480 PE_OI=343740
pcr8 =  BSE:SENSEX26O0173000PE   1.19   0.71 CALL added 707360   PUT added 503400  CE_OI=756120 PE_OI=898840
pcr9 =  BSE:SENSEX26O0172900PE   1.94   1.71 CALL added 264380   PUT added 451660  CE_OI=269900 PE_OI=524440
pcr10 =  BSE:SENSEX26O0172800PE   3.03   2.37 CALL added 155280   PUT added 368100  CE_OI=161540 PE_OI=490260
pcr11 =  BSE:SENSEX26O0172700PE   4.7   3.46 CALL added 70960   PUT added 245720  CE_OI=72780 PE_OI=342280
pcr12 =  BSE:SENSEX26O0172600CE   5.83   2.92 CALL added 28880   PUT added 84360  CE_OI=31220 PE_OI=181900
pcr13 =  BSE:SENSEX26O0172500PE   8.65   2.55 CALL added 59260   PUT added 151020  CE_OI=64740 PE_OI=560240
pcr14 =  BSE:SENSEX26O0172400PE   13.85   6.76 CALL added 13540   PUT added 91580  CE_OI=13940 PE_OI=193060
pcr15 =  BSE:SENSEX26O0172300CE   21.2   0.82 CALL added 11220   PUT added 9160  CE_OI=11840 PE_OI=251020
pcr16 =  BSE:SENSEX26O0172200CE   19.61   8.88 CALL added 5720   PUT added 50800  CE_OI=6040 PE_OI=118440
pcr17 =  BSE:SENSEX26O0172100PE   66.13   30.5 CALL added 1840   PUT added 56120  CE_OI=2140 PE_OI=141520
PCRSUM== 149.53
pcrSummation== 27.22
spotLTP =  72882.01  ATM_STRIKE =  72900
IS_ATM_STRIKE_SHIFT = False  mapStrike = {72900: 72900}
avgOiPcrList2 = [np.float64(8.65), np.float64(8.8)] atmStrikeNotShiftedCount= 2
avgOiPcr9List2 = [np.float64(3.05), np.float64(3.02)] atmStrikeNotShiftedCount= 2
False   2   2
SUPP_RES=== 73000  Buffer= 61
ANCHOR_COMPARE: spot=72882.01 fut=73593.3 basis(fut-spot)=711.29 | SR_spot(PRIMARY)=73000 SR_future=73500 SR_diff(fut-spot)=500 | PCRwin_spot(PRIMARY)=72900 PCRwin_future=73600
CEoich val =  707360.0  PEoich val =  503400.0 , CE > PE by 28.8%
SUPP_RES TOTAL OI: CE= 756120  PE= 898840 , CE < PE by 15.9%
INCR_CHOI: SUPP_RES=73000 role=RESISTANCE fresh_CE=4620 fresh_PE=-13120 -> CE_dominant by 135.2% (resistance HOLDING (bearish)) | cumulative CE=707360.0 PE=503400.0
==========================
FUT_SUPP_RES=== 73500  (FUT_LTP= 73593.3 ) Buffer= 61
FUT CEoich val =  782320.0  PEoich val =  -135620.0 , CE > PE by 117.3%
FUT_SUPP_RES TOTAL OI: CE= 945280  PE= 405600 , CE > PE by 57.1%
OI_SUPP_RES: spot=72882.01 ATM=72900 (win=±500 mode=CHOI) (ATM_CE_OI=269900 ATM_PE_OI=524440) | SUPPORT=72900PE CHOI=451660 (dist=0) | RESISTANCE=73000CE CHOI=707360 (dist=100)
OI_SUPPORT=== 72900
OI_SUPPORT CEoich val = 264380.0  PEoich val = 451660.0 , CE < PE by 41.5%
OI_SUPPORT TOTAL OI: CE= 269900  PE= 524440 , CE < PE by 48.5%
OI_RESISTANCE=== 73000
OI_RESISTANCE CEoich val = 707360.0  PEoich val = 503400.0 , CE > PE by 28.8%
OI_RESISTANCE TOTAL OI: CE= 756120  PE= 898840 , CE < PE by 15.9%
IS_MORNING_WINDOW= False  (active 9:15-9:48 IST)
================================================
==== signal check time ==== 2026-09-28 11:57:00.570627
CHART_PATTERN_DETECTED: THREE_BLACK_CROWS
  PATTERN_CONTEXT: Body= -6.7  Range= 34.4  ExpectedRange= 76.1  RangeRatio= 0.45  O= 73600.0  H= 73604.0  L= 73569.6  C= 73593.3
isCE_DominantAtRes_once = True  isCE_DominantAtRes_twice = False  isCE_DominantAtRes_trice = False (CE_res_streak= 1 )
ATMStrike =  72900
AVG_OIPCR= 3.02
avgoiPCROld=  8.8
AVG_OIPCR_9STRIKE= 3.02  (pcr5..pcr13 = ATM +/-4, 9 strikes)
SUPP_RES = 73000
spotLTP = 72882.01
FUT LTP = 73593.3
CEchoi  PechOi = 707360.0    503400.0
====================================
atmPCR= 0.48  belowATM  0.63
CHOI_DOM_GATE: gate_on= True  bull_ok= False  bear_ok= True | isPE_DomSupp_once= False  fresh_PE= -13120 | isCE_DomRes_once= True  fresh_CE= 4620
India VIX = 13.89  Spot Price = 72907.28
IV Regime = HIGH (ADAPTIVE: P25= 11.15  P50= 11.53  P75= 12.29 ) | DailyRange = 1446.7 | 3minCandleRange = 76.1 (theoretical= 126.9 ) | ATMoptionMove = 34.3 | SL = 120 | Target = 120 | TrailTrigger = 34 | Spread = 400 | Buffer = 61
IV Params refreshed: {'vix': 13.89, 'bn_price': 72907.28, 'regime': 'HIGH', 'regime_thresholds': 'P25=11.15 P50=11.53 P75=12.29', 'daily_range': 1446.7, 'candle_range': 76.1, 'atm_option_move': 34.3, 'sl_point': 120, 'target_point': 120, 'sl_pct_of_premium': 0.1, 'trail_trigger': 34, 'spread_width': 400, 'support_resistance_buffer': 61}
===
====after 3 min ochain==== 2026-09-28 12:00:00.000001
                                    oipcr   choipcr   CE_OI / PE_OI (same strike)
pcr1 =  BSE:SENSEX26O0173700CE   0.37   -1.53 CALL added 148080   PUT unwind -226720  CE_OI=396220 PE_OI=147120
pcr2 =  BSE:SENSEX26O0173600PE   0.3   -0.88 CALL added 265420   PUT unwind -232620  CE_OI=370080 PE_OI=111340
pcr3 =  BSE:SENSEX26O0173500PE   0.43   -0.18 CALL added 769840   PUT unwind -140300  CE_OI=932800 PE_OI=400920
pcr4 =  BSE:SENSEX26O0173400PE   0.38   -0.0 CALL added 431320   PUT unwind -1220  CE_OI=466580 PE_OI=178740
pcr5 =  BSE:SENSEX26O0173300CE   0.46   -0.03 CALL added 426580   PUT unwind -13720  CE_OI=449660 PE_OI=206580
pcr6 =  BSE:SENSEX26O0173200CE   0.58    0.38 CALL added 577000   PUT added 220480  CE_OI=595040 PE_OI=345240
pcr7 =  BSE:SENSEX26O0173100CE   0.77   0.56 CALL added 436960   PUT added 246300  CE_OI=445500 PE_OI=340940
pcr8 =  BSE:SENSEX26O0173000PE   1.13   0.66 CALL added 718640   PUT added 475120  CE_OI=767400 PE_OI=870560
pcr9 =  BSE:SENSEX26O0172900PE   1.76   1.53 CALL added 271840   PUT added 416600  CE_OI=277360 PE_OI=489380
pcr10 =  BSE:SENSEX26O0172800PE   2.78   2.16 CALL added 167100   PUT added 360460  CE_OI=173360 PE_OI=482620
pcr11 =  BSE:SENSEX26O0172700PE   5.33   4.02 CALL added 66200   PUT added 265820  CE_OI=68020 PE_OI=362380
pcr12 =  BSE:SENSEX26O0172600CE   5.22   2.42 CALL added 30480   PUT added 73860  CE_OI=32820 PE_OI=171400
pcr13 =  BSE:SENSEX26O0172500PE   7.26   2.14 CALL added 72060   PUT added 153940  CE_OI=77540 PE_OI=563160
pcr14 =  BSE:SENSEX26O0172400PE   11.86   5.56 CALL added 15340   PUT added 85260  CE_OI=15740 PE_OI=186740
pcr15 =  BSE:SENSEX26O0172300CE   19.79   0.47 CALL added 11880   PUT added 5560  CE_OI=12500 PE_OI=247420
pcr16 =  BSE:SENSEX26O0172200CE   20.15   8.99 CALL added 5480   PUT added 49240  CE_OI=5800 PE_OI=116880
pcr17 =  BSE:SENSEX26O0172100PE   57.44   24.98 CALL added 2100   PUT added 52460  CE_OI=2400 PE_OI=137860
PCRSUM== 136.01
pcrSummation== 25.29
spotLTP =  72907.28  ATM_STRIKE =  72900
IS_ATM_STRIKE_SHIFT = False  mapStrike = {72900: 72900}
avgOiPcrList2 = [np.float64(8.65), np.float64(8.8), np.float64(8.0)] atmStrikeNotShiftedCount= 3
avgOiPcr9List2 = [np.float64(3.05), np.float64(3.02), np.float64(2.81)] atmStrikeNotShiftedCount= 3
False   3   3
SUPP_RES=== 73000  Buffer= 61
ANCHOR_COMPARE: spot=72907.28 fut=73593.3 basis(fut-spot)=686.02 | SR_spot(PRIMARY)=73000 SR_future=73500 SR_diff(fut-spot)=500 | PCRwin_spot(PRIMARY)=72900 PCRwin_future=73600
CEoich val =  718640.0  PEoich val =  475120.0 , CE > PE by 33.9%
SUPP_RES TOTAL OI: CE= 767400  PE= 870560 , CE < PE by 11.8%
INCR_CHOI: SUPP_RES=73000 role=RESISTANCE fresh_CE=11280 fresh_PE=-28280 -> CE_dominant by 139.9% (resistance HOLDING (bearish)) | cumulative CE=718640.0 PE=475120.0
==========================
FUT_SUPP_RES=== 73500  (FUT_LTP= 73593.3 ) Buffer= 61
FUT CEoich val =  769840.0  PEoich val =  -140300.0 , CE > PE by 118.2%
FUT_SUPP_RES TOTAL OI: CE= 932800  PE= 400920 , CE > PE by 57.0%
OI_SUPP_RES: spot=72907.28 ATM=72900 (win=±500 mode=CHOI) (ATM_CE_OI=277360 ATM_PE_OI=489380) | SUPPORT=72900PE CHOI=416600 (dist=0) | RESISTANCE=73000CE CHOI=718640 (dist=100)
OI_SUPPORT=== 72900
OI_SUPPORT CEoich val = 271840.0  PEoich val = 416600.0 , CE < PE by 34.7%
OI_SUPPORT TOTAL OI: CE= 277360  PE= 489380 , CE < PE by 43.3%
OI_RESISTANCE=== 73000
OI_RESISTANCE CEoich val = 718640.0  PEoich val = 475120.0 , CE > PE by 33.9%
OI_RESISTANCE TOTAL OI: CE= 767400  PE= 870560 , CE < PE by 11.8%
IS_MORNING_WINDOW= False  (active 9:15-9:48 IST)
================================================
==== signal check time ==== 2026-09-28 12:00:00.538699
CHART_PATTERN_DETECTED: INSIDE_BAR
  PATTERN_CONTEXT: Body= 0.0  Range= 0.0  ExpectedRange= 76.1  RangeRatio= 0.0  O= 73593.3  H= 73593.3  L= 73593.3  C= 73593.3
isPcrDecr9 = True
PCR9_SEQ_DEC: 3.05 -> 3.02 -> 2.81 | pcr2 < pcr1 by -1.0% | pcr3 < pcr2 by -7.0%
recent two = [np.float64(8.8), np.float64(8.0)]
isCE_DominantAtRes_once = True  isCE_DominantAtRes_twice = True  isCE_DominantAtRes_trice = False (CE_res_streak= 2 )
ATMStrike =  72900
AVG_OIPCR= 2.81
avgoiPCROld=  8.0
AVG_OIPCR_9STRIKE= 2.81  (pcr5..pcr13 = ATM +/-4, 9 strikes)
SUPP_RES = 73000
spotLTP = 72907.28
FUT LTP = 73593.3
CEchoi  PechOi = 718640.0    475120.0
====================================
atmPCR= 0.46  belowATM  0.58
CHOI_DOM_GATE: gate_on= True  bull_ok= False  bear_ok= True | isPE_DomSupp_once= False  fresh_PE= -28280 | isCE_DomRes_once= True  fresh_CE= 11280
India VIX = 13.79  Spot Price = 72928.06
IV Regime = HIGH (ADAPTIVE: P25= 11.15  P50= 11.53  P75= 12.29 ) | DailyRange = 1436.7 | 3minCandleRange = 75.6 (theoretical= 126.0 ) | ATMoptionMove = 34.0 | SL = 119 | Target = 119 | TrailTrigger = 34 | Spread = 400 | Buffer = 60
IV Params refreshed: {'vix': 13.79, 'bn_price': 72928.06, 'regime': 'HIGH', 'regime_thresholds': 'P25=11.15 P50=11.53 P75=12.29', 'daily_range': 1436.7, 'candle_range': 75.6, 'atm_option_move': 34.0, 'sl_point': 119, 'target_point': 119, 'sl_pct_of_premium': 0.1, 'trail_trigger': 34, 'spread_width': 400, 'support_resistance_buffer': 60}
===
====after 3 min ochain==== 2026-09-28 12:03:00.000003
                                    oipcr   choipcr   CE_OI / PE_OI (same strike)
pcr1 =  BSE:SENSEX26O0173700CE   0.37   -1.52 CALL added 148200   PUT unwind -225660  CE_OI=396340 PE_OI=148180
pcr2 =  BSE:SENSEX26O0173600PE   0.3   -0.87 CALL added 268580   PUT unwind -232660  CE_OI=373240 PE_OI=111300
pcr3 =  BSE:SENSEX26O0173500PE   0.43   -0.18 CALL added 773820   PUT unwind -141140  CE_OI=936780 PE_OI=400080
pcr4 =  BSE:SENSEX26O0173400PE   0.38   -0.01 CALL added 431280   PUT unwind -4580  CE_OI=466540 PE_OI=175380
pcr5 =  BSE:SENSEX26O0173300CE   0.46   -0.03 CALL added 430860   PUT unwind -13720  CE_OI=453940 PE_OI=206580
pcr6 =  BSE:SENSEX26O0173200CE   0.58    0.38 CALL added 578280   PUT added 220140  CE_OI=596320 PE_OI=344900
pcr7 =  BSE:SENSEX26O0173100CE   0.76   0.56 CALL added 441220   PUT added 246640  CE_OI=449760 PE_OI=341280
pcr8 =  BSE:SENSEX26O0173000PE   1.11   0.64 CALL added 726460   PUT added 468300  CE_OI=775220 PE_OI=863740
pcr9 =  BSE:SENSEX26O0172900PE   1.71   1.48 CALL added 278820   PUT added 413300  CE_OI=284340 PE_OI=486080
pcr10 =  BSE:SENSEX26O0172800PE   2.75   2.13 CALL added 168420   PUT added 358780  CE_OI=174680 PE_OI=480940
pcr11 =  BSE:SENSEX26O0172700PE   5.39   4.08 CALL added 66520   PUT added 271640  CE_OI=68340 PE_OI=368200
pcr12 =  BSE:SENSEX26O0172600CE   5.16   2.38 CALL added 30680   PUT added 72920  CE_OI=33020 PE_OI=170460
pcr13 =  BSE:SENSEX26O0172500PE   7.93   2.43 CALL added 66380   PUT added 160980  CE_OI=71860 PE_OI=570200
pcr14 =  BSE:SENSEX26O0172400PE   12.01   5.73 CALL added 15400   PUT added 88240  CE_OI=15800 PE_OI=189720
pcr15 =  BSE:SENSEX26O0172300CE   19.54   0.52 CALL added 12080   PUT added 6260  CE_OI=12700 PE_OI=248120
pcr16 =  BSE:SENSEX26O0172200CE   19.96   8.74 CALL added 5460   PUT added 47740  CE_OI=5780 PE_OI=115380
pcr17 =  BSE:SENSEX26O0172100PE   58.72   25.82 CALL added 2060   PUT added 53180  CE_OI=2360 PE_OI=138580
PCRSUM== 137.56
pcrSummation== 25.85
spotLTP =  72928.06  ATM_STRIKE =  72900
IS_ATM_STRIKE_SHIFT = False  mapStrike = {72900: 72900}
avgOiPcrList2 = [np.float64(8.8), np.float64(8.0), np.float64(8.09)] atmStrikeNotShiftedCount= 4
avgOiPcr9List2 = [np.float64(3.02), np.float64(2.81), np.float64(2.87)] atmStrikeNotShiftedCount= 4
False   4   3
SUPP_RES=== 73000  Buffer= 60
ANCHOR_COMPARE: spot=72928.06 fut=73585.2 basis(fut-spot)=657.14 | SR_spot(PRIMARY)=73000 SR_future=73500 SR_diff(fut-spot)=500 | PCRwin_spot(PRIMARY)=72900 PCRwin_future=73600
CEoich val =  726460.0  PEoich val =  468300.0 , CE > PE by 35.5%
SUPP_RES TOTAL OI: CE= 775220  PE= 863740 , CE < PE by 10.2%
INCR_CHOI: SUPP_RES=73000 role=RESISTANCE fresh_CE=7820 fresh_PE=-6820 -> CE_dominant by 187.2% (resistance HOLDING (bearish)) | cumulative CE=726460.0 PE=468300.0
==========================
FUT_SUPP_RES=== 73500  (FUT_LTP= 73585.2 ) Buffer= 60
FUT CEoich val =  773820.0  PEoich val =  -141140.0 , CE > PE by 118.2%
FUT_SUPP_RES TOTAL OI: CE= 936780  PE= 400080 , CE > PE by 57.3%
OI_SUPP_RES: spot=72928.06 ATM=72900 (win=±500 mode=CHOI) (ATM_CE_OI=284340 ATM_PE_OI=486080) | SUPPORT=72900PE CHOI=413300 (dist=0) | RESISTANCE=73000CE CHOI=726460 (dist=100)
OI_SUPPORT=== 72900
OI_SUPPORT CEoich val = 278820.0  PEoich val = 413300.0 , CE < PE by 32.5%
OI_SUPPORT TOTAL OI: CE= 284340  PE= 486080 , CE < PE by 41.5%
OI_RESISTANCE=== 73000
OI_RESISTANCE CEoich val = 726460.0  PEoich val = 468300.0 , CE > PE by 35.5%
OI_RESISTANCE TOTAL OI: CE= 775220  PE= 863740 , CE < PE by 10.2%
IS_MORNING_WINDOW= False  (active 9:15-9:48 IST)
================================================
==== signal check time ==== 2026-09-28 12:03:00.541514
CHART_PATTERN_DETECTED: HAMMER | DOUBLE_BOTTOM_FORMING
  PATTERN_CONTEXT: Body= -4.9  Range= 38.9  ExpectedRange= 75.6  RangeRatio= 0.51  O= 73590.0  H= 73590.0  L= 73551.2  C= 73585.2
PCR9_SEQ_FLAT: 3.02 -> 2.81 -> 2.87 (not monotonic)
recent two = [np.float64(8.0), np.float64(8.09)]
isCE_DominantAtRes_once = True  isCE_DominantAtRes_twice = True  isCE_DominantAtRes_trice = True (CE_res_streak= 3 )
ATMStrike =  72900
AVG_OIPCR= 2.87
avgoiPCROld=  8.09
AVG_OIPCR_9STRIKE= 2.87  (pcr5..pcr13 = ATM +/-4, 9 strikes)
SUPP_RES = 73000
spotLTP = 72928.06
FUT LTP = 73585.2
CEchoi  PechOi = 726460.0    468300.0
====================================
atmPCR= 0.46  belowATM  0.58
CHOI_DOM_GATE: gate_on= True  bull_ok= False  bear_ok= True | isPE_DomSupp_once= False  fresh_PE= -6820 | isCE_DomRes_once= True  fresh_CE= 7820
India VIX = 13.78  Spot Price = 72927.46
IV Regime = HIGH (ADAPTIVE: P25= 11.15  P50= 11.53  P75= 12.29 ) | DailyRange = 1435.6 | 3minCandleRange = 75.5 (theoretical= 125.9 ) | ATMoptionMove = 34.0 | SL = 119 | Target = 119 | TrailTrigger = 34 | Spread = 400 | Buffer = 60
IV Params refreshed: {'vix': 13.78, 'bn_price': 72927.46, 'regime': 'HIGH', 'regime_thresholds': 'P25=11.15 P50=11.53 P75=12.29', 'daily_range': 1435.6, 'candle_range': 75.5, 'atm_option_move': 34.0, 'sl_point': 119, 'target_point': 119, 'sl_pct_of_premium': 0.1, 'trail_trigger': 34, 'spread_width': 400, 'support_resistance_buffer': 60}
===
====after 3 min ochain==== 2026-09-28 12:06:00.000003
                                    oipcr   choipcr   CE_OI / PE_OI (same strike)
pcr1 =  BSE:SENSEX26O0173700CE   0.37   -1.49 CALL added 151160   PUT unwind -225980  CE_OI=399300 PE_OI=147860
pcr2 =  BSE:SENSEX26O0173600PE   0.29   -0.87 CALL added 268640   PUT unwind -233960  CE_OI=373300 PE_OI=110000
pcr3 =  BSE:SENSEX26O0173500PE   0.43   -0.18 CALL added 776900   PUT unwind -140420  CE_OI=939860 PE_OI=400800
pcr4 =  BSE:SENSEX26O0173400PE   0.38   -0.01 CALL added 420240   PUT unwind -5480  CE_OI=455500 PE_OI=174480
pcr5 =  BSE:SENSEX26O0173300CE   0.46   -0.03 CALL added 431640   PUT unwind -11520  CE_OI=454720 PE_OI=208780
pcr6 =  BSE:SENSEX26O0173200CE   0.57    0.38 CALL added 582460   PUT added 219520  CE_OI=600500 PE_OI=344280
pcr7 =  BSE:SENSEX26O0173100CE   0.74   0.54 CALL added 443280   PUT added 238780  CE_OI=451820 PE_OI=333420
pcr8 =  BSE:SENSEX26O0173000PE   1.1   0.63 CALL added 733380   PUT added 462620  CE_OI=782140 PE_OI=858060
pcr9 =  BSE:SENSEX26O0172900PE   1.66   1.44 CALL added 286440   PUT added 412700  CE_OI=291960 PE_OI=485480
pcr10 =  BSE:SENSEX26O0172800PE   2.83   2.21 CALL added 167180   PUT added 368840  CE_OI=173440 PE_OI=491000
pcr11 =  BSE:SENSEX26O0172700PE   5.11   3.89 CALL added 71280   PUT added 277060  CE_OI=73100 PE_OI=373620
pcr12 =  BSE:SENSEX26O0172600CE   5.29   2.55 CALL added 31040   PUT added 79040  CE_OI=33380 PE_OI=176580
pcr13 =  BSE:SENSEX26O0172500PE   8.1   2.46 CALL added 64780   PUT added 159580  CE_OI=70260 PE_OI=568800
pcr14 =  BSE:SENSEX26O0172400PE   11.92   5.66 CALL added 15440   PUT added 87360  CE_OI=15840 PE_OI=188840
pcr15 =  BSE:SENSEX26O0172300CE   19.69   0.55 CALL added 12000   PUT added 6600  CE_OI=12620 PE_OI=248460
pcr16 =  BSE:SENSEX26O0172200CE   20.39   9.11 CALL added 5420   PUT added 49380  CE_OI=5740 PE_OI=117020
pcr17 =  BSE:SENSEX26O0172100PE   58.01   25.32 CALL added 2080   PUT added 52660  CE_OI=2380 PE_OI=138060
PCRSUM== 137.34
pcrSummation== 25.86
spotLTP =  72927.46  ATM_STRIKE =  72900
IS_ATM_STRIKE_SHIFT = False  mapStrike = {72900: 72900}
avgOiPcrList2 = [np.float64(8.0), np.float64(8.09), np.float64(8.08)] atmStrikeNotShiftedCount= 5
avgOiPcr9List2 = [np.float64(2.81), np.float64(2.87), np.float64(2.87)] atmStrikeNotShiftedCount= 5
False   5   3
SUPP_RES=== 73000  Buffer= 60
ANCHOR_COMPARE: spot=72927.46 fut=73585.2 basis(fut-spot)=657.74 | SR_spot(PRIMARY)=73000 SR_future=73500 SR_diff(fut-spot)=500 | PCRwin_spot(PRIMARY)=72900 PCRwin_future=73600
CEoich val =  733380.0  PEoich val =  462620.0 , CE > PE by 36.9%
SUPP_RES TOTAL OI: CE= 782140  PE= 858060 , CE < PE by 8.8%
INCR_CHOI: SUPP_RES=73000 role=RESISTANCE fresh_CE=6920 fresh_PE=-5680 -> CE_dominant by 182.1% (resistance HOLDING (bearish)) | cumulative CE=733380.0 PE=462620.0
==========================
FUT_SUPP_RES=== 73500  (FUT_LTP= 73585.2 ) Buffer= 60
FUT CEoich val =  776900.0  PEoich val =  -140420.0 , CE > PE by 118.1%
FUT_SUPP_RES TOTAL OI: CE= 939860  PE= 400800 , CE > PE by 57.4%
OI_SUPP_RES: spot=72927.46 ATM=72900 (win=±500 mode=CHOI) (ATM_CE_OI=291960 ATM_PE_OI=485480) | SUPPORT=72900PE CHOI=412700 (dist=0) | RESISTANCE=73000CE CHOI=733380 (dist=100)
OI_SUPPORT=== 72900
OI_SUPPORT CEoich val = 286440.0  PEoich val = 412700.0 , CE < PE by 30.6%
OI_SUPPORT TOTAL OI: CE= 291960  PE= 485480 , CE < PE by 39.9%
OI_RESISTANCE=== 73000
OI_RESISTANCE CEoich val = 733380.0  PEoich val = 462620.0 , CE > PE by 36.9%
OI_RESISTANCE TOTAL OI: CE= 782140  PE= 858060 , CE < PE by 8.8%
IS_MORNING_WINDOW= False  (active 9:15-9:48 IST)
================================================
==== signal check time ==== 2026-09-28 12:06:00.570093
CHART_PATTERN_DETECTED: INSIDE_BAR | DOUBLE_TOP_FORMING | DOUBLE_BOTTOM_FORMING
  PATTERN_CONTEXT: Body= 0.0  Range= 0.0  ExpectedRange= 75.5  RangeRatio= 0.0  O= 73585.2  H= 73585.2  L= 73585.2  C= 73585.2
PCR9_SEQ_FLAT: 2.81 -> 2.87 -> 2.87 (not monotonic)
recent two = [np.float64(8.09), np.float64(8.08)]
isCE_DominantAtRes_once = True  isCE_DominantAtRes_twice = True  isCE_DominantAtRes_trice = True (CE_res_streak= 4 )
ATMStrike =  72900
AVG_OIPCR= 2.87
avgoiPCROld=  8.08
AVG_OIPCR_9STRIKE= 2.87  (pcr5..pcr13 = ATM +/-4, 9 strikes)
SUPP_RES = 73000
spotLTP = 72927.46
FUT LTP = 73585.2
CEchoi  PechOi = 733380.0    462620.0
====================================
atmPCR= 0.46  belowATM  0.57
CHOI_DOM_GATE: gate_on= True  bull_ok= False  bear_ok= True | isPE_DomSupp_once= False  fresh_PE= -5680 | isCE_DomRes_once= True  fresh_CE= 6920
India VIX = 13.78  Spot Price = 72935.05
IV Regime = HIGH (ADAPTIVE: P25= 11.15  P50= 11.53  P75= 12.29 ) | DailyRange = 1435.8 | 3minCandleRange = 75.6 (theoretical= 125.9 ) | ATMoptionMove = 34.0 | SL = 119 | Target = 119 | TrailTrigger = 34 | Spread = 400 | Buffer = 60
IV Params refreshed: {'vix': 13.78, 'bn_price': 72935.05, 'regime': 'HIGH', 'regime_thresholds': 'P25=11.15 P50=11.53 P75=12.29', 'daily_range': 1435.8, 'candle_range': 75.6, 'atm_option_move': 34.0, 'sl_point': 119, 'target_point': 119, 'sl_pct_of_premium': 0.1, 'trail_trigger': 34, 'spread_width': 400, 'support_resistance_buffer': 60}
===
====after 3 min ochain==== 2026-09-28 12:09:00.000002
                                    oipcr   choipcr   CE_OI / PE_OI (same strike)
pcr1 =  BSE:SENSEX26O0173700CE   0.38   -1.49 CALL added 150040   PUT unwind -223900  CE_OI=398180 PE_OI=149940
pcr2 =  BSE:SENSEX26O0173600PE   0.29   -0.88 CALL added 267860   PUT unwind -234440  CE_OI=372520 PE_OI=109520
pcr3 =  BSE:SENSEX26O0173500PE   0.43   -0.18 CALL added 771140   PUT unwind -139620  CE_OI=934100 PE_OI=401600
pcr4 =  BSE:SENSEX26O0173400PE   0.38   -0.02 CALL added 420160   PUT unwind -7200  CE_OI=455420 PE_OI=172760
pcr5 =  BSE:SENSEX26O0173300CE   0.46   -0.02 CALL added 429240   PUT unwind -10140  CE_OI=452320 PE_OI=210160
pcr6 =  BSE:SENSEX26O0173200CE   0.57    0.37 CALL added 586260   PUT added 219060  CE_OI=604300 PE_OI=343820
pcr7 =  BSE:SENSEX26O0173100CE   0.73   0.53 CALL added 449300   PUT added 239000  CE_OI=457840 PE_OI=333640
pcr8 =  BSE:SENSEX26O0173000PE   1.08   0.63 CALL added 751420   PUT added 470020  CE_OI=800180 PE_OI=865460
pcr9 =  BSE:SENSEX26O0172900PE   1.71   1.48 CALL added 284820   PUT added 422700  CE_OI=290340 PE_OI=495480
pcr10 =  BSE:SENSEX26O0172800PE   2.87   2.25 CALL added 166120   PUT added 373080  CE_OI=172380 PE_OI=495240
pcr11 =  BSE:SENSEX26O0172700PE   4.83   3.68 CALL added 76580   PUT added 282000  CE_OI=78400 PE_OI=378560
pcr12 =  BSE:SENSEX26O0172600CE   5.29   2.54 CALL added 30900   PUT added 78420  CE_OI=33240 PE_OI=175960
pcr13 =  BSE:SENSEX26O0172500PE   8.17   2.63 CALL added 65860   PUT added 173520  CE_OI=71340 PE_OI=582740
pcr14 =  BSE:SENSEX26O0172400PE   11.99   5.7 CALL added 15380   PUT added 87720  CE_OI=15780 PE_OI=189200
pcr15 =  BSE:SENSEX26O0172300CE   20.26   0.82 CALL added 11800   PUT added 9720  CE_OI=12420 PE_OI=251580
pcr16 =  BSE:SENSEX26O0172200CE   20.59   9.24 CALL added 5380   PUT added 49700  CE_OI=5700 PE_OI=117340
pcr17 =  BSE:SENSEX26O0172100PE   58.16   25.49 CALL added 2080   PUT added 53020  CE_OI=2380 PE_OI=138420
PCRSUM== 138.19
pcrSummation== 25.71
spotLTP =  72935.05  ATM_STRIKE =  72900
IS_ATM_STRIKE_SHIFT = False  mapStrike = {72900: 72900}
avgOiPcrList2 = [np.float64(8.09), np.float64(8.08), np.float64(8.13)] atmStrikeNotShiftedCount= 6
avgOiPcr9List2 = [np.float64(2.87), np.float64(2.87), np.float64(2.86)] atmStrikeNotShiftedCount= 6
False   6   3
SUPP_RES=== 73000  Buffer= 60
ANCHOR_COMPARE: spot=72935.05 fut=73629.8 basis(fut-spot)=694.75 | SR_spot(PRIMARY)=73000 SR_future=73500 SR_diff(fut-spot)=500 | PCRwin_spot(PRIMARY)=72900 PCRwin_future=73600
CEoich val =  751420.0  PEoich val =  470020.0 , CE > PE by 37.4%
SUPP_RES TOTAL OI: CE= 800180  PE= 865460 , CE < PE by 7.5%
INCR_CHOI: SUPP_RES=73000 role=RESISTANCE fresh_CE=18040 fresh_PE=7400 -> CE_dominant by 59.0% (resistance HOLDING (bearish)) | cumulative CE=751420.0 PE=470020.0
==========================
FUT_SUPP_RES=== 73500  (FUT_LTP= 73629.8 ) Buffer= 60
FUT CEoich val =  771140.0  PEoich val =  -139620.0 , CE > PE by 118.1%
FUT_SUPP_RES TOTAL OI: CE= 934100  PE= 401600 , CE > PE by 57.0%
OI_SUPP_RES: spot=72935.05 ATM=72900 (win=±500 mode=CHOI) (ATM_CE_OI=290340 ATM_PE_OI=495480) | SUPPORT=72900PE CHOI=422700 (dist=0) | RESISTANCE=73000CE CHOI=751420 (dist=100)
OI_SUPPORT=== 72900
OI_SUPPORT CEoich val = 284820.0  PEoich val = 422700.0 , CE < PE by 32.6%
OI_SUPPORT TOTAL OI: CE= 290340  PE= 495480 , CE < PE by 41.4%
OI_RESISTANCE=== 73000
OI_RESISTANCE CEoich val = 751420.0  PEoich val = 470020.0 , CE > PE by 37.4%
OI_RESISTANCE TOTAL OI: CE= 800180  PE= 865460 , CE < PE by 7.5%
IS_MORNING_WINDOW= False  (active 9:15-9:48 IST)
================================================
==== signal check time ==== 2026-09-28 12:09:00.545757
CHART_PATTERN: None
PCR9_SEQ_FLAT: 2.87 -> 2.87 -> 2.86 (not monotonic)
recent two = [np.float64(8.08), np.float64(8.13)]
isCE_DominantAtRes_once = True  isCE_DominantAtRes_twice = True  isCE_DominantAtRes_trice = True (CE_res_streak= 5 )
ATMStrike =  72900
AVG_OIPCR= 2.86
avgoiPCROld=  8.13
AVG_OIPCR_9STRIKE= 2.86  (pcr5..pcr13 = ATM +/-4, 9 strikes)
SUPP_RES = 73000
spotLTP = 72935.05
FUT LTP = 73629.8
CEchoi  PechOi = 751420.0    470020.0
====================================
atmPCR= 0.46  belowATM  0.57
CHOI_DOM_GATE: gate_on= True  bull_ok= False  bear_ok= True | isPE_DomSupp_once= False  fresh_PE= 7400 | isCE_DomRes_once= True  fresh_CE= 18040
India VIX = 13.77  Spot Price = 72921.94
IV Regime = HIGH (ADAPTIVE: P25= 11.15  P50= 11.53  P75= 12.29 ) | DailyRange = 1434.5 | 3minCandleRange = 75.5 (theoretical= 125.8 ) | ATMoptionMove = 34.0 | SL = 119 | Target = 119 | TrailTrigger = 34 | Spread = 400 | Buffer = 60
IV Params refreshed: {'vix': 13.77, 'bn_price': 72921.94, 'regime': 'HIGH', 'regime_thresholds': 'P25=11.15 P50=11.53 P75=12.29', 'daily_range': 1434.5, 'candle_range': 75.5, 'atm_option_move': 34.0, 'sl_point': 119, 'target_point': 119, 'sl_pct_of_premium': 0.1, 'trail_trigger': 34, 'spread_width': 400, 'support_resistance_buffer': 60}
===
====after 3 min ochain==== 2026-09-28 12:12:00.000017
                                    oipcr   choipcr   CE_OI / PE_OI (same strike)
pcr1 =  BSE:SENSEX26O0173700CE   0.37   -1.5 CALL added 150120   PUT unwind -224680  CE_OI=398260 PE_OI=149160
pcr2 =  BSE:SENSEX26O0173600PE   0.29   -0.85 CALL added 275520   PUT unwind -233600  CE_OI=380180 PE_OI=110360
pcr3 =  BSE:SENSEX26O0173500PE   0.43   -0.16 CALL added 792400   PUT unwind -128820  CE_OI=955360 PE_OI=412400
pcr4 =  BSE:SENSEX26O0173400PE   0.37   -0.02 CALL added 435380   PUT unwind -6560  CE_OI=470640 PE_OI=173400
pcr5 =  BSE:SENSEX26O0173300CE   0.46   -0.03 CALL added 432660   PUT unwind -10900  CE_OI=455740 PE_OI=209400
pcr6 =  BSE:SENSEX26O0173200CE   0.56    0.37 CALL added 591000   PUT added 219240  CE_OI=609040 PE_OI=344000
pcr7 =  BSE:SENSEX26O0173100CE   0.73   0.53 CALL added 453040   PUT added 240960  CE_OI=461580 PE_OI=335600
pcr8 =  BSE:SENSEX26O0173000PE   1.09   0.64 CALL added 757860   PUT added 486520  CE_OI=806620 PE_OI=881960
pcr9 =  BSE:SENSEX26O0172900PE   1.84   1.62 CALL added 285080   PUT added 463140  CE_OI=290600 PE_OI=535920
pcr10 =  BSE:SENSEX26O0172800PE   3.0   2.35 CALL added 160740   PUT added 378200  CE_OI=167000 PE_OI=500360
pcr11 =  BSE:SENSEX26O0172700PE   4.87   3.72 CALL added 76540   PUT added 284860  CE_OI=78360 PE_OI=381420
pcr12 =  BSE:SENSEX26O0172600CE   5.38   2.66 CALL added 31280   PUT added 83240  CE_OI=33620 PE_OI=180780
pcr13 =  BSE:SENSEX26O0172500PE   7.96   2.56 CALL added 67660   PUT added 173080  CE_OI=73140 PE_OI=582300
pcr14 =  BSE:SENSEX26O0172400PE   12.15   5.86 CALL added 15360   PUT added 89980  CE_OI=15760 PE_OI=191460
pcr15 =  BSE:SENSEX26O0172300CE   20.15   1.0 CALL added 11980   PUT added 12020  CE_OI=12600 PE_OI=253880
pcr16 =  BSE:SENSEX26O0172200CE   19.89   9.03 CALL added 5640   PUT added 50920  CE_OI=5960 PE_OI=118560
pcr17 =  BSE:SENSEX26O0172100PE   58.5   25.88 CALL added 2080   PUT added 53840  CE_OI=2380 PE_OI=139240
PCRSUM== 138.04
pcrSummation== 25.89
spotLTP =  72920.14  ATM_STRIKE =  72900
IS_ATM_STRIKE_SHIFT = False  mapStrike = {72900: 72900}
avgOiPcrList2 = [np.float64(8.08), np.float64(8.13), np.float64(8.12)] atmStrikeNotShiftedCount= 7
avgOiPcr9List2 = [np.float64(2.87), np.float64(2.86), np.float64(2.88)] atmStrikeNotShiftedCount= 7
False   7   3
SUPP_RES=== 73000  Buffer= 60
ANCHOR_COMPARE: spot=72920.14 fut=73580.0 basis(fut-spot)=659.86 | SR_spot(PRIMARY)=73000 SR_future=73500 SR_diff(fut-spot)=500 | PCRwin_spot(PRIMARY)=72900 PCRwin_future=73600
CEoich val =  757860.0  PEoich val =  486520.0 , CE > PE by 35.8%
SUPP_RES TOTAL OI: CE= 806620  PE= 881960 , CE < PE by 8.5%
INCR_CHOI: SUPP_RES=73000 role=RESISTANCE fresh_CE=6440 fresh_PE=16500 -> PE_dominant by 61.0% (resistance CHALLENGED (bullish warning)) | cumulative CE=757860.0 PE=486520.0
==========================
FUT_SUPP_RES=== 73500  (FUT_LTP= 73580.0 ) Buffer= 60
FUT CEoich val =  792400.0  PEoich val =  -128820.0 , CE > PE by 116.3%
FUT_SUPP_RES TOTAL OI: CE= 955360  PE= 412400 , CE > PE by 56.8%
OI_SUPP_RES: spot=72920.14 ATM=72900 (win=±500 mode=CHOI) (ATM_CE_OI=290600 ATM_PE_OI=535920) | SUPPORT=72900PE CHOI=463140 (dist=0) | RESISTANCE=73000CE CHOI=757860 (dist=100)
OI_SUPPORT=== 72900
OI_SUPPORT CEoich val = 285080.0  PEoich val = 463140.0 , CE < PE by 38.4%
OI_SUPPORT TOTAL OI: CE= 290600  PE= 535920 , CE < PE by 45.8%
OI_RESISTANCE=== 73000
OI_RESISTANCE CEoich val = 757860.0  PEoich val = 486520.0 , CE > PE by 35.8%
OI_RESISTANCE TOTAL OI: CE= 806620  PE= 881960 , CE < PE by 8.5%
IS_MORNING_WINDOW= False  (active 9:15-9:48 IST)
================================================
==== signal check time ==== 2026-09-28 12:12:00.554912
CHART_PATTERN_DETECTED: BEARISH_ENGULFING
  PATTERN_CONTEXT: Body= -49.8  Range= 49.8  ExpectedRange= 75.5  RangeRatio= 0.66  O= 73629.8  H= 73629.8  L= 73580.0  C= 73580.0
PCR9_SEQ_FLAT: 2.87 -> 2.86 -> 2.88 (not monotonic)
recent two = [np.float64(8.13), np.float64(8.12)]
ATMStrike =  72900
AVG_OIPCR= 2.88
avgoiPCROld=  8.12
AVG_OIPCR_9STRIKE= 2.88  (pcr5..pcr13 = ATM +/-4, 9 strikes)
SUPP_RES = 73000
spotLTP = 72920.14
FUT LTP = 73580.0
CEchoi  PechOi = 757860.0    486520.0
====================================
atmPCR= 0.46  belowATM  0.56
CHOI_DOM_GATE: gate_on= True  bull_ok= False  bear_ok= False | isPE_DomSupp_once= False  fresh_PE= 16500 | isCE_DomRes_once= False  fresh_CE= 6440
India VIX = 13.77  Spot Price = 72923.54
IV Regime = HIGH (ADAPTIVE: P25= 11.15  P50= 11.53  P75= 12.29 ) | DailyRange = 1434.5 | 3minCandleRange = 75.5 (theoretical= 125.8 ) | ATMoptionMove = 34.0 | SL = 119 | Target = 119 | TrailTrigger = 34 | Spread = 400 | Buffer = 60
IV Params refreshed: {'vix': 13.77, 'bn_price': 72923.54, 'regime': 'HIGH', 'regime_thresholds': 'P25=11.15 P50=11.53 P75=12.29', 'daily_range': 1434.5, 'candle_range': 75.5, 'atm_option_move': 34.0, 'sl_point': 119, 'target_point': 119, 'sl_pct_of_premium': 0.1, 'trail_trigger': 34, 'spread_width': 400, 'support_resistance_buffer': 60}
===
====after 3 min ochain==== 2026-09-28 12:15:00.000001
                                    oipcr   choipcr   CE_OI / PE_OI (same strike)
pcr1 =  BSE:SENSEX26O0173700CE   0.37   -1.47 CALL added 152820   PUT unwind -224280  CE_OI=400960 PE_OI=149560
pcr2 =  BSE:SENSEX26O0173600PE   0.29   -0.85 CALL added 276220   PUT unwind -233800  CE_OI=380880 PE_OI=110160
pcr3 =  BSE:SENSEX26O0173500PE   0.43   -0.16 CALL added 794400   PUT unwind -128200  CE_OI=957360 PE_OI=413020
pcr4 =  BSE:SENSEX26O0173400PE   0.36   -0.02 CALL added 438660   PUT unwind -7320  CE_OI=473920 PE_OI=172640
pcr5 =  BSE:SENSEX26O0173300CE   0.46   -0.02 CALL added 432020   PUT unwind -10100  CE_OI=455100 PE_OI=210200
pcr6 =  BSE:SENSEX26O0173200CE   0.56    0.37 CALL added 591480   PUT added 219220  CE_OI=609520 PE_OI=343980
pcr7 =  BSE:SENSEX26O0173100CE   0.72   0.53 CALL added 453800   PUT added 239760  CE_OI=462340 PE_OI=334400
pcr8 =  BSE:SENSEX26O0173000PE   1.1   0.65 CALL added 756500   PUT added 488320  CE_OI=805260 PE_OI=883760
pcr9 =  BSE:SENSEX26O0172900PE   1.84   1.62 CALL added 287220   PUT added 465120  CE_OI=292740 PE_OI=537900
pcr10 =  BSE:SENSEX26O0172800PE   3.0   2.37 CALL added 163840   PUT added 388540  CE_OI=170100 PE_OI=510700
pcr11 =  BSE:SENSEX26O0172700PE   4.86   3.72 CALL added 77340   PUT added 287960  CE_OI=79160 PE_OI=384520
pcr12 =  BSE:SENSEX26O0172600CE   5.51   2.76 CALL added 30740   PUT added 84760  CE_OI=33080 PE_OI=182300
pcr13 =  BSE:SENSEX26O0172500PE   7.86   2.52 CALL added 68620   PUT added 172900  CE_OI=74100 PE_OI=582120
pcr14 =  BSE:SENSEX26O0172400PE   12.82   6.57 CALL added 15420   PUT added 101260  CE_OI=15820 PE_OI=202740
pcr15 =  BSE:SENSEX26O0172300CE   20.18   1.17 CALL added 12060   PUT added 14080  CE_OI=12680 PE_OI=255940
pcr16 =  BSE:SENSEX26O0172200CE   19.96   9.1 CALL added 5640   PUT added 51320  CE_OI=5960 PE_OI=118960
pcr17 =  BSE:SENSEX26O0172100PE   58.99   26.44 CALL added 2080   PUT added 55000  CE_OI=2380 PE_OI=140400
PCRSUM== 139.31
pcrSummation== 25.91
spotLTP =  72927.02  ATM_STRIKE =  72900
IS_ATM_STRIKE_SHIFT = False  mapStrike = {72900: 72900}
avgOiPcrList2 = [np.float64(8.13), np.float64(8.12), np.float64(8.19)] atmStrikeNotShiftedCount= 8
avgOiPcr9List2 = [np.float64(2.86), np.float64(2.88), np.float64(2.88)] atmStrikeNotShiftedCount= 8
False   8   3
SUPP_RES=== 73000  Buffer= 60
ANCHOR_COMPARE: spot=72927.02 fut=73572.3 basis(fut-spot)=645.28 | SR_spot(PRIMARY)=73000 SR_future=73500 SR_diff(fut-spot)=500 | PCRwin_spot(PRIMARY)=72900 PCRwin_future=73600
CEoich val =  756500.0  PEoich val =  488320.0 , CE > PE by 35.5%
SUPP_RES TOTAL OI: CE= 805260  PE= 883760 , CE < PE by 8.9%
INCR_CHOI: SUPP_RES=73000 role=RESISTANCE fresh_CE=-1360 fresh_PE=1800 -> PE_dominant by 175.6% (resistance CHALLENGED (bullish warning)) | cumulative CE=756500.0 PE=488320.0
==========================
FUT_SUPP_RES=== 73500  (FUT_LTP= 73572.3 ) Buffer= 60
FUT CEoich val =  794400.0  PEoich val =  -128200.0 , CE > PE by 116.1%
FUT_SUPP_RES TOTAL OI: CE= 957360  PE= 413020 , CE > PE by 56.9%
OI_SUPP_RES: spot=72927.02 ATM=72900 (win=±500 mode=CHOI) (ATM_CE_OI=292740 ATM_PE_OI=537900) | SUPPORT=72900PE CHOI=465120 (dist=0) | RESISTANCE=73000CE CHOI=756500 (dist=100)
OI_SUPPORT=== 72900
OI_SUPPORT CEoich val = 287220.0  PEoich val = 465120.0 , CE < PE by 38.2%
OI_SUPPORT TOTAL OI: CE= 292740  PE= 537900 , CE < PE by 45.6%
OI_RESISTANCE=== 73000
OI_RESISTANCE CEoich val = 756500.0  PEoich val = 488320.0 , CE > PE by 35.5%
OI_RESISTANCE TOTAL OI: CE= 805260  PE= 883760 , CE < PE by 8.9%
IS_MORNING_WINDOW= False  (active 9:15-9:48 IST)
================================================
==== signal check time ==== 2026-09-28 12:15:00.663415
CHART_PATTERN_DETECTED: DOUBLE_BOTTOM_FORMING
  PATTERN_CONTEXT: Body= 0.0  Range= 0.0  ExpectedRange= 75.5  RangeRatio= 0.0  O= 73572.3  H= 73572.3  L= 73572.3  C= 73572.3
PCR9_SEQ_FLAT: 2.86 -> 2.88 -> 2.88 (not monotonic)
recent two = [np.float64(8.12), np.float64(8.19)]
ATMStrike =  72900
AVG_OIPCR= 2.88
avgoiPCROld=  8.19
AVG_OIPCR_9STRIKE= 2.88  (pcr5..pcr13 = ATM +/-4, 9 strikes)
SUPP_RES = 73000
spotLTP = 72927.02
FUT LTP = 73572.3
CEchoi  PechOi = 756500.0    488320.0
====================================
atmPCR= 0.46  belowATM  0.56
CHOI_DOM_GATE: gate_on= True  bull_ok= False  bear_ok= False | isPE_DomSupp_once= False  fresh_PE= 1800 | isCE_DomRes_once= False  fresh_CE= -1360
India VIX = 13.76  Spot Price = 72924.99
IV Regime = HIGH (ADAPTIVE: P25= 11.15  P50= 11.53  P75= 12.29 ) | DailyRange = 1433.5 | 3minCandleRange = 75.4 (theoretical= 125.7 ) | ATMoptionMove = 33.9 | SL = 119 | Target = 119 | TrailTrigger = 34 | Spread = 400 | Buffer = 60
IV Params refreshed: {'vix': 13.76, 'bn_price': 72924.99, 'regime': 'HIGH', 'regime_thresholds': 'P25=11.15 P50=11.53 P75=12.29', 'daily_range': 1433.5, 'candle_range': 75.4, 'atm_option_move': 33.9, 'sl_point': 119, 'target_point': 119, 'sl_pct_of_premium': 0.1, 'trail_trigger': 34, 'spread_width': 400, 'support_resistance_buffer': 60}
===
====after 3 min ochain==== 2026-09-28 12:18:00.000001
                                    oipcr   choipcr   CE_OI / PE_OI (same strike)
pcr1 =  BSE:SENSEX26O0173700CE   0.38   -1.49 CALL added 150600   PUT unwind -224260  CE_OI=398740 PE_OI=149580
pcr2 =  BSE:SENSEX26O0173600PE   0.29   -0.84 CALL added 277220   PUT unwind -232980  CE_OI=381880 PE_OI=110980
pcr3 =  BSE:SENSEX26O0173500PE   0.43   -0.16 CALL added 798440   PUT unwind -129340  CE_OI=961400 PE_OI=411880
pcr4 =  BSE:SENSEX26O0173400PE   0.37   -0.01 CALL added 440100   PUT unwind -6260  CE_OI=475360 PE_OI=173700
pcr5 =  BSE:SENSEX26O0173300CE   0.46   -0.03 CALL added 434120   PUT unwind -11320  CE_OI=457200 PE_OI=208980
pcr6 =  BSE:SENSEX26O0173200CE   0.56    0.37 CALL added 592520   PUT added 219620  CE_OI=610560 PE_OI=344380
pcr7 =  BSE:SENSEX26O0173100CE   0.73   0.53 CALL added 457060   PUT added 243900  CE_OI=465600 PE_OI=338540
pcr8 =  BSE:SENSEX26O0173000PE   1.08   0.63 CALL added 774080   PUT added 491460  CE_OI=822840 PE_OI=886900
pcr9 =  BSE:SENSEX26O0172900PE   1.83   1.62 CALL added 293020   PUT added 473740  CE_OI=298540 PE_OI=546520
pcr10 =  BSE:SENSEX26O0172800PE   2.89   2.28 CALL added 169600   PUT added 386820  CE_OI=175860 PE_OI=508980
pcr11 =  BSE:SENSEX26O0172700PE   5.14   3.94 CALL added 72860   PUT added 287220  CE_OI=74680 PE_OI=383780
pcr12 =  BSE:SENSEX26O0172600CE   5.56   2.83 CALL added 30900   PUT added 87300  CE_OI=33240 PE_OI=184840
pcr13 =  BSE:SENSEX26O0172500PE   7.69   2.51 CALL added 70800   PUT added 177400  CE_OI=76280 PE_OI=586620
pcr14 =  BSE:SENSEX26O0172400PE   12.3   6.07 CALL added 15520   PUT added 94280  CE_OI=15920 PE_OI=195760
pcr15 =  BSE:SENSEX26O0172300CE   19.57   1.2 CALL added 12500   PUT added 14960  CE_OI=13120 PE_OI=256820
pcr16 =  BSE:SENSEX26O0172200CE   19.95   9.09 CALL added 5640   PUT added 51260  CE_OI=5960 PE_OI=118900
pcr17 =  BSE:SENSEX26O0172100PE   59.07   26.53 CALL added 2080   PUT added 55180  CE_OI=2380 PE_OI=140580
PCRSUM== 138.3
pcrSummation== 25.94
spotLTP =  72924.99  ATM_STRIKE =  72900
IS_ATM_STRIKE_SHIFT = False  mapStrike = {72900: 72900}
avgOiPcrList2 = [np.float64(8.12), np.float64(8.19), np.float64(8.14)] atmStrikeNotShiftedCount= 9
avgOiPcr9List2 = [np.float64(2.88), np.float64(2.88), np.float64(2.88)] atmStrikeNotShiftedCount= 9
False   9   3
SUPP_RES=== 73000  Buffer= 60
ANCHOR_COMPARE: spot=72924.99 fut=73564.65 basis(fut-spot)=639.66 | SR_spot(PRIMARY)=73000 SR_future=73500 SR_diff(fut-spot)=500 | PCRwin_spot(PRIMARY)=72900 PCRwin_future=73600
CEoich val =  774080.0  PEoich val =  491460.0 , CE > PE by 36.5%
SUPP_RES TOTAL OI: CE= 822840  PE= 886900 , CE < PE by 7.2%
INCR_CHOI: SUPP_RES=73000 role=RESISTANCE fresh_CE=17580 fresh_PE=3140 -> CE_dominant by 82.1% (resistance HOLDING (bearish)) | cumulative CE=774080.0 PE=491460.0
==========================
FUT_SUPP_RES=== 73500  (FUT_LTP= 73564.65 ) Buffer= 60
FUT CEoich val =  798440.0  PEoich val =  -129340.0 , CE > PE by 116.2%
FUT_SUPP_RES TOTAL OI: CE= 961400  PE= 411880 , CE > PE by 57.2%
OI_SUPP_RES: spot=72924.99 ATM=72900 (win=±500 mode=CHOI) (ATM_CE_OI=298540 ATM_PE_OI=546520) | SUPPORT=72900PE CHOI=473740 (dist=0) | RESISTANCE=73000CE CHOI=774080 (dist=100)
OI_SUPPORT=== 72900
OI_SUPPORT CEoich val = 293020.0  PEoich val = 473740.0 , CE < PE by 38.1%
OI_SUPPORT TOTAL OI: CE= 298540  PE= 546520 , CE < PE by 45.4%
OI_RESISTANCE=== 73000
OI_RESISTANCE CEoich val = 774080.0  PEoich val = 491460.0 , CE > PE by 36.5%
OI_RESISTANCE TOTAL OI: CE= 822840  PE= 886900 , CE < PE by 7.2%
IS_MORNING_WINDOW= False  (active 9:15-9:48 IST)
================================================
==== signal check time ==== 2026-09-28 12:18:00.602133
CHART_PATTERN_DETECTED: DOUBLE_BOTTOM_FORMING
  PATTERN_CONTEXT: Body= -7.7  Range= 9.7  ExpectedRange= 75.4  RangeRatio= 0.13  O= 73572.3  H= 73572.3  L= 73562.6  C= 73564.6
PCR9_SEQ_FLAT: 2.88 -> 2.88 -> 2.88 (not monotonic)
recent two = [np.float64(8.19), np.float64(8.14)]
isCE_DominantAtRes_once = True  isCE_DominantAtRes_twice = False  isCE_DominantAtRes_trice = False (CE_res_streak= 1 )
ATMStrike =  72900
AVG_OIPCR= 2.88
avgoiPCROld=  8.14
AVG_OIPCR_9STRIKE= 2.88  (pcr5..pcr13 = ATM +/-4, 9 strikes)
SUPP_RES = 73000
spotLTP = 72924.99
FUT LTP = 73564.65
CEchoi  PechOi = 774080.0    491460.0
====================================
atmPCR= 0.46  belowATM  0.56
CHOI_DOM_GATE: gate_on= True  bull_ok= False  bear_ok= True | isPE_DomSupp_once= False  fresh_PE= 3140 | isCE_DomRes_once= True  fresh_CE= 17580
India VIX = 13.76  Spot Price = 72938.46
IV Regime = HIGH (ADAPTIVE: P25= 11.15  P50= 11.53  P75= 12.29 ) | DailyRange = 1433.8 | 3minCandleRange = 75.4 (theoretical= 125.7 ) | ATMoptionMove = 34.0 | SL = 119 | Target = 119 | TrailTrigger = 34 | Spread = 400 | Buffer = 60
IV Params refreshed: {'vix': 13.76, 'bn_price': 72938.46, 'regime': 'HIGH', 'regime_thresholds': 'P25=11.15 P50=11.53 P75=12.29', 'daily_range': 1433.8, 'candle_range': 75.4, 'atm_option_move': 34.0, 'sl_point': 119, 'target_point': 119, 'sl_pct_of_premium': 0.1, 'trail_trigger': 34, 'spread_width': 400, 'support_resistance_buffer': 60}
===
====after 3 min ochain==== 2026-09-28 12:21:00.000003
                                    oipcr   choipcr   CE_OI / PE_OI (same strike)
pcr1 =  BSE:SENSEX26O0173700CE   0.37   -1.49 CALL added 150780   PUT unwind -224280  CE_OI=398920 PE_OI=149560
pcr2 =  BSE:SENSEX26O0173600PE   0.29   -0.83 CALL added 279080   PUT unwind -232780  CE_OI=383740 PE_OI=111180
pcr3 =  BSE:SENSEX26O0173500PE   0.42   -0.16 CALL added 806940   PUT unwind -130240  CE_OI=969900 PE_OI=410980
pcr4 =  BSE:SENSEX26O0173400PE   0.36   -0.01 CALL added 445380   PUT unwind -5000  CE_OI=480640 PE_OI=174960
pcr5 =  BSE:SENSEX26O0173300CE   0.45   -0.03 CALL added 437460   PUT unwind -11380  CE_OI=460540 PE_OI=208920
pcr6 =  BSE:SENSEX26O0173200CE   0.56    0.37 CALL added 599400   PUT added 221480  CE_OI=617440 PE_OI=346240
pcr7 =  BSE:SENSEX26O0173100CE   0.73   0.54 CALL added 459120   PUT added 247720  CE_OI=467660 PE_OI=342360
pcr8 =  BSE:SENSEX26O0173000PE   1.07   0.63 CALL added 784960   PUT added 493480  CE_OI=833720 PE_OI=888920
pcr9 =  BSE:SENSEX26O0172900PE   1.88   1.67 CALL added 298620   PUT added 499480  CE_OI=304140 PE_OI=572260
pcr10 =  BSE:SENSEX26O0172800PE   2.9   2.29 CALL added 169640   PUT added 388040  CE_OI=175900 PE_OI=510200
pcr11 =  BSE:SENSEX26O0172700PE   5.12   3.93 CALL added 73180   PUT added 287620  CE_OI=75000 PE_OI=384180
pcr12 =  BSE:SENSEX26O0172600CE   5.52   2.79 CALL added 31000   PUT added 86600  CE_OI=33340 PE_OI=184140
pcr13 =  BSE:SENSEX26O0172500PE   7.63   2.46 CALL added 71140   PUT added 175260  CE_OI=76620 PE_OI=584480
pcr14 =  BSE:SENSEX26O0172400PE   12.49   6.26 CALL added 15480   PUT added 96920  CE_OI=15880 PE_OI=198400
pcr15 =  BSE:SENSEX26O0172300CE   19.84   1.08 CALL added 12240   PUT added 13260  CE_OI=12860 PE_OI=255120
pcr16 =  BSE:SENSEX26O0172200CE   19.85   8.91 CALL added 5600   PUT added 49880  CE_OI=5920 PE_OI=117520
pcr17 =  BSE:SENSEX26O0172100PE   59.07   26.53 CALL added 2080   PUT added 55180  CE_OI=2380 PE_OI=140580
PCRSUM== 138.55
pcrSummation== 25.86
spotLTP =  72938.46  ATM_STRIKE =  72900
IS_ATM_STRIKE_SHIFT = False  mapStrike = {72900: 72900}
avgOiPcrList2 = [np.float64(8.19), np.float64(8.14), np.float64(8.15)] atmStrikeNotShiftedCount= 10
avgOiPcr9List2 = [np.float64(2.88), np.float64(2.88), np.float64(2.87)] atmStrikeNotShiftedCount= 10
False   10   3
SUPP_RES=== 73000  Buffer= 60
ANCHOR_COMPARE: spot=72938.46 fut=73589.6 basis(fut-spot)=651.14 | SR_spot(PRIMARY)=73000 SR_future=73500 SR_diff(fut-spot)=500 | PCRwin_spot(PRIMARY)=72900 PCRwin_future=73600
CEoich val =  784960.0  PEoich val =  493480.0 , CE > PE by 37.1%
SUPP_RES TOTAL OI: CE= 833720  PE= 888920 , CE < PE by 6.2%
INCR_CHOI: SUPP_RES=73000 role=RESISTANCE fresh_CE=10880 fresh_PE=2020 -> CE_dominant by 81.4% (resistance HOLDING (bearish)) | cumulative CE=784960.0 PE=493480.0
==========================
FUT_SUPP_RES=== 73500  (FUT_LTP= 73589.6 ) Buffer= 60
FUT CEoich val =  806940.0  PEoich val =  -130240.0 , CE > PE by 116.1%
FUT_SUPP_RES TOTAL OI: CE= 969900  PE= 410980 , CE > PE by 57.6%
OI_SUPP_RES: spot=72938.46 ATM=72900 (win=±500 mode=CHOI) (ATM_CE_OI=304140 ATM_PE_OI=572260) | SUPPORT=72900PE CHOI=499480 (dist=0) | RESISTANCE=73000CE CHOI=784960 (dist=100)
OI_SUPPORT=== 72900
OI_SUPPORT CEoich val = 298620.0  PEoich val = 499480.0 , CE < PE by 40.2%
OI_SUPPORT TOTAL OI: CE= 304140  PE= 572260 , CE < PE by 46.9%
OI_RESISTANCE=== 73000
OI_RESISTANCE CEoich val = 784960.0  PEoich val = 493480.0 , CE > PE by 37.1%
OI_RESISTANCE TOTAL OI: CE= 833720  PE= 888920 , CE < PE by 6.2%
IS_MORNING_WINDOW= False  (active 9:15-9:48 IST)
================================================
==== signal check time ==== 2026-09-28 12:21:00.595993
CHART_PATTERN_DETECTED: BULLISH_ENGULFING | DOUBLE_TOP_FORMING | DOUBLE_BOTTOM_FORMING
  PATTERN_CONTEXT: Body= 25.0  Range= 59.6  ExpectedRange= 75.4  RangeRatio= 0.79  O= 73564.6  H= 73624.2  L= 73564.6  C= 73589.6
PCR9_SEQ_FLAT: 2.88 -> 2.88 -> 2.87 (not monotonic)
recent two = [np.float64(8.14), np.float64(8.15)]
isCE_DominantAtRes_once = True  isCE_DominantAtRes_twice = True  isCE_DominantAtRes_trice = False (CE_res_streak= 2 )
ATMStrike =  72900
AVG_OIPCR= 2.87
avgoiPCROld=  8.15
AVG_OIPCR_9STRIKE= 2.87  (pcr5..pcr13 = ATM +/-4, 9 strikes)
SUPP_RES = 73000
spotLTP = 72938.46
FUT LTP = 73589.6
CEchoi  PechOi = 784960.0    493480.0
====================================
atmPCR= 0.45  belowATM  0.56
CHOI_DOM_GATE: gate_on= True  bull_ok= False  bear_ok= True | isPE_DomSupp_once= False  fresh_PE= 2020 | isCE_DomRes_once= True  fresh_CE= 10880
India VIX = 13.75  Spot Price = 72945.01
IV Regime = HIGH (ADAPTIVE: P25= 11.15  P50= 11.53  P75= 12.29 ) | DailyRange = 1432.8 | 3minCandleRange = 75.4 (theoretical= 125.7 ) | ATMoptionMove = 33.9 | SL = 119 | Target = 119 | TrailTrigger = 34 | Spread = 400 | Buffer = 60
IV Params refreshed: {'vix': 13.75, 'bn_price': 72945.01, 'regime': 'HIGH', 'regime_thresholds': 'P25=11.15 P50=11.53 P75=12.29', 'daily_range': 1432.8, 'candle_range': 75.4, 'atm_option_move': 33.9, 'sl_point': 119, 'target_point': 119, 'sl_pct_of_premium': 0.1, 'trail_trigger': 34, 'spread_width': 400, 'support_resistance_buffer': 60}
===
====after 3 min ochain==== 2026-09-28 12:24:00.000003
                                    oipcr   choipcr   CE_OI / PE_OI (same strike)
pcr1 =  BSE:SENSEX26O0173700CE   0.37   -1.47 CALL added 152260   PUT unwind -224300  CE_OI=400400 PE_OI=149540
pcr2 =  BSE:SENSEX26O0173600PE   0.29   -0.84 CALL added 279200   PUT unwind -233180  CE_OI=383860 PE_OI=110780
pcr3 =  BSE:SENSEX26O0173500PE   0.42   -0.16 CALL added 810360   PUT unwind -130120  CE_OI=973320 PE_OI=411100
pcr4 =  BSE:SENSEX26O0173400PE   0.36   -0.01 CALL added 447200   PUT unwind -5240  CE_OI=482460 PE_OI=174720
pcr5 =  BSE:SENSEX26O0173300CE   0.45   -0.02 CALL added 441940   PUT unwind -10880  CE_OI=465020 PE_OI=209420
pcr6 =  BSE:SENSEX26O0173200CE   0.57    0.38 CALL added 599880   PUT added 228860  CE_OI=617920 PE_OI=353620
pcr7 =  BSE:SENSEX26O0173100CE   0.73   0.54 CALL added 465020   PUT added 249480  CE_OI=473560 PE_OI=344120
pcr8 =  BSE:SENSEX26O0173000PE   1.06   0.62 CALL added 793880   PUT added 494660  CE_OI=842640 PE_OI=890100
pcr9 =  BSE:SENSEX26O0172900PE   1.83   1.62 CALL added 308020   PUT added 499840  CE_OI=313540 PE_OI=572620
pcr10 =  BSE:SENSEX26O0172800PE   2.97   2.35 CALL added 165720   PUT added 388800  CE_OI=171980 PE_OI=510960
pcr11 =  BSE:SENSEX26O0172700PE   5.21   4.02 CALL added 73520   PUT added 295680  CE_OI=75340 PE_OI=392240
pcr12 =  BSE:SENSEX26O0172600CE   5.58   2.88 CALL added 31380   PUT added 90520  CE_OI=33720 PE_OI=188060
pcr13 =  BSE:SENSEX26O0172500PE   7.57   2.49 CALL added 72400   PUT added 180540  CE_OI=77880 PE_OI=589760
pcr14 =  BSE:SENSEX26O0172400PE   12.53   6.3 CALL added 15500   PUT added 97680  CE_OI=15900 PE_OI=199160
pcr15 =  BSE:SENSEX26O0172300CE   20.0   1.25 CALL added 12240   PUT added 15300  CE_OI=12860 PE_OI=257160
pcr16 =  BSE:SENSEX26O0172200CE   20.16   9.2 CALL added 5580   PUT added 51320  CE_OI=5900 PE_OI=118960
pcr17 =  BSE:SENSEX26O0172100PE   59.55   27.08 CALL added 2080   PUT added 56320  CE_OI=2380 PE_OI=141720
PCRSUM== 139.65
pcrSummation== 25.97
spotLTP =  72945.01  ATM_STRIKE =  72900
IS_ATM_STRIKE_SHIFT = False  mapStrike = {72900: 72900}
avgOiPcrList2 = [np.float64(8.14), np.float64(8.15), np.float64(8.21)] atmStrikeNotShiftedCount= 11
avgOiPcr9List2 = [np.float64(2.88), np.float64(2.87), np.float64(2.89)] atmStrikeNotShiftedCount= 11
False   11   3
SUPP_RES=== 73000  Buffer= 60
ANCHOR_COMPARE: spot=72945.01 fut=73603.85 basis(fut-spot)=658.84 | SR_spot(PRIMARY)=73000 SR_future=73500 SR_diff(fut-spot)=500 | PCRwin_spot(PRIMARY)=72900 PCRwin_future=73600
CEoich val =  793880.0  PEoich val =  494660.0 , CE > PE by 37.7%
SUPP_RES TOTAL OI: CE= 842640  PE= 890100 , CE < PE by 5.3%
INCR_CHOI: SUPP_RES=73000 role=RESISTANCE fresh_CE=8920 fresh_PE=1180 -> CE_dominant by 86.8% (resistance HOLDING (bearish)) | cumulative CE=793880.0 PE=494660.0
==========================
FUT_SUPP_RES=== 73500  (FUT_LTP= 73603.85 ) Buffer= 60
FUT CEoich val =  810360.0  PEoich val =  -130120.0 , CE > PE by 116.1%
FUT_SUPP_RES TOTAL OI: CE= 973320  PE= 411100 , CE > PE by 57.8%
OI_SUPP_RES: spot=72945.01 ATM=72900 (win=±500 mode=CHOI) (ATM_CE_OI=313540 ATM_PE_OI=572620) | SUPPORT=72900PE CHOI=499840 (dist=0) | RESISTANCE=73000CE CHOI=793880 (dist=100)
OI_SUPPORT=== 72900
OI_SUPPORT CEoich val = 308020.0  PEoich val = 499840.0 , CE < PE by 38.4%
OI_SUPPORT TOTAL OI: CE= 313540  PE= 572620 , CE < PE by 45.2%
OI_RESISTANCE=== 73000
OI_RESISTANCE CEoich val = 793880.0  PEoich val = 494660.0 , CE > PE by 37.7%
OI_RESISTANCE TOTAL OI: CE= 842640  PE= 890100 , CE < PE by 5.3%
IS_MORNING_WINDOW= False  (active 9:15-9:48 IST)
================================================
==== signal check time ==== 2026-09-28 12:24:00.610169
CHART_PATTERN_DETECTED: INSIDE_BAR | DOUBLE_BOTTOM_FORMING
  PATTERN_CONTEXT: Body= 14.2  Range= 29.5  ExpectedRange= 75.4  RangeRatio= 0.39  O= 73589.6  H= 73619.1  L= 73589.6  C= 73603.8
PCR9_SEQ_FLAT: 2.88 -> 2.87 -> 2.89 (not monotonic)
isPcrInc = True
PCR_SEQ_INC: 8.14 -> 8.15 -> 8.21 | pcr2 > pcr1 by +0.1% | pcr3 > pcr2 by +0.7%
isCE_DominantAtRes_once = True  isCE_DominantAtRes_twice = True  isCE_DominantAtRes_trice = True (CE_res_streak= 3 )
ATMStrike =  72900
AVG_OIPCR= 2.89
avgoiPCROld=  8.21
AVG_OIPCR_9STRIKE= 2.89  (pcr5..pcr13 = ATM +/-4, 9 strikes)
SUPP_RES = 73000
spotLTP = 72945.01
FUT LTP = 73603.85
CEchoi  PechOi = 793880.0    494660.0
====================================
atmPCR= 0.45  belowATM  0.57
CHOI_DOM_GATE: gate_on= True  bull_ok= False  bear_ok= True | isPE_DomSupp_once= False  fresh_PE= 1180 | isCE_DomRes_once= True  fresh_CE= 8920
no trade yet = [np.float64(8.14), np.float64(8.15), np.float64(8.21)]
India VIX = 13.73  Spot Price = 72988.32
IV Regime = HIGH (ADAPTIVE: P25= 11.15  P50= 11.53  P75= 12.29 ) | DailyRange = 1431.6 | 3minCandleRange = 75.3 (theoretical= 125.6 ) | ATMoptionMove = 33.9 | SL = 119 | Target = 119 | TrailTrigger = 34 | Spread = 400 | Buffer = 60
IV Params refreshed: {'vix': 13.73, 'bn_price': 72988.32, 'regime': 'HIGH', 'regime_thresholds': 'P25=11.15 P50=11.53 P75=12.29', 'daily_range': 1431.6, 'candle_range': 75.3, 'atm_option_move': 33.9, 'sl_point': 119, 'target_point': 119, 'sl_pct_of_premium': 0.1, 'trail_trigger': 34, 'spread_width': 400, 'support_resistance_buffer': 60}
===
====after 3 min ochain==== 2026-09-28 12:27:00.000003
                                    oipcr   choipcr   CE_OI / PE_OI (same strike)
pcr1 =  BSE:SENSEX26O0173800PE   0.45   -0.77 CALL added 169760   PUT unwind -130120  CE_OI=407880 PE_OI=184860
pcr2 =  BSE:SENSEX26O0173700CE   0.38   -1.46 CALL added 152400   PUT unwind -222900  CE_OI=400540 PE_OI=150940
pcr3 =  BSE:SENSEX26O0173600PE   0.28   -0.8 CALL added 291220   PUT unwind -234420  CE_OI=395880 PE_OI=109540
pcr4 =  BSE:SENSEX26O0173500PE   0.42   -0.16 CALL added 803680   PUT unwind -131280  CE_OI=966640 PE_OI=409940
pcr5 =  BSE:SENSEX26O0173400PE   0.38   -0.01 CALL added 425140   PUT unwind -4380  CE_OI=460400 PE_OI=175580
pcr6 =  BSE:SENSEX26O0173300CE   0.47    -0.02 CALL added 431540   PUT unwind -7860  CE_OI=454620 PE_OI=212440
pcr7 =  BSE:SENSEX26O0173200CE   0.58   0.39 CALL added 594700   PUT added 231120  CE_OI=612740 PE_OI=355880
pcr8 =  BSE:SENSEX26O0173100CE   0.74   0.55 CALL added 457820   PUT added 250200  CE_OI=466360 PE_OI=344840
pcr9 =  BSE:SENSEX26O0173000PE   1.06   0.63 CALL added 788940   PUT added 494840  CE_OI=837700 PE_OI=890280
pcr10 =  BSE:SENSEX26O0172900PE   1.89   1.68 CALL added 304140   PUT added 512020  CE_OI=309660 PE_OI=584800
pcr11 =  BSE:SENSEX26O0172800PE   3.01   2.38 CALL added 164060   PUT added 391120  CE_OI=170320 PE_OI=513280
pcr12 =  BSE:SENSEX26O0172700PE   5.09   3.93 CALL added 75260   PUT added 295500  CE_OI=77080 PE_OI=392060
pcr13 =  BSE:SENSEX26O0172600CE   5.5   2.81 CALL added 31440   PUT added 88280  CE_OI=33780 PE_OI=185820
pcr14 =  BSE:SENSEX26O0172500PE   7.64   2.46 CALL added 70800   PUT added 173880  CE_OI=76280 PE_OI=583100
pcr15 =  BSE:SENSEX26O0172400PE   12.35   6.12 CALL added 15500   PUT added 94900  CE_OI=15900 PE_OI=196380
pcr16 =  BSE:SENSEX26O0172300CE   20.92   1.33 CALL added 11680   PUT added 15480  CE_OI=12300 PE_OI=257340
pcr17 =  BSE:SENSEX26O0172200CE   20.17   9.13 CALL added 5540   PUT added 50580  CE_OI=5860 PE_OI=118220
PCRSUM== 81.33
pcrSummation== 18.72
spotLTP =  72988.32  ATM_STRIKE =  73000
IS_ATM_STRIKE_SHIFT = True  mapStrike = {73000: 73000}
avgOiPcrList2 = [np.float64(4.78)] atmStrikeNotShiftedCount= 1
avgOiPcr9List2 = [np.float64(2.08)] atmStrikeNotShiftedCount= 1
True   1   1
SUPP_RES=== 73000  Buffer= 60
ANCHOR_COMPARE: spot=72988.32 fut=73629.85 basis(fut-spot)=641.53 | SR_spot(PRIMARY)=73000 SR_future=73500 SR_diff(fut-spot)=500 | PCRwin_spot(PRIMARY)=73000 PCRwin_future=73600
CEoich val =  788940.0  PEoich val =  494840.0 , CE > PE by 37.3%
SUPP_RES TOTAL OI: CE= 837700  PE= 890280 , CE < PE by 5.9%
INCR_CHOI: SUPP_RES=73000 role=RESISTANCE fresh_CE=-4940 fresh_PE=180 -> PE_dominant by 103.6% (resistance CHALLENGED (bullish warning)) | cumulative CE=788940.0 PE=494840.0
==========================
FUT_SUPP_RES=== 73500  (FUT_LTP= 73629.85 ) Buffer= 60
FUT CEoich val =  803680.0  PEoich val =  -131280.0 , CE > PE by 116.3%
FUT_SUPP_RES TOTAL OI: CE= 966640  PE= 409940 , CE > PE by 57.6%
OI_SUPP_RES: spot=72988.32 ATM=73000 (win=±500 mode=CHOI) (ATM_CE_OI=837700 ATM_PE_OI=890280) | SUPPORT=72900PE CHOI=512020 (dist=-100) | RESISTANCE=73500CE CHOI=803680 (dist=500)
OI_SUPPORT=== 72900
OI_SUPPORT CEoich val = 304140.0  PEoich val = 512020.0 , CE < PE by 40.6%
OI_SUPPORT TOTAL OI: CE= 309660  PE= 584800 , CE < PE by 47.0%
OI_RESISTANCE=== 73500
OI_RESISTANCE CEoich val = 803680.0  PEoich val = -131280.0 , CE > PE by 116.3%
OI_RESISTANCE TOTAL OI: CE= 966640  PE= 409940 , CE > PE by 57.6%
IS_MORNING_WINDOW= False  (active 9:15-9:48 IST)
================================================
==== signal check time ==== 2026-09-28 12:27:00.593890
CHART_PATTERN_DETECTED: THREE_WHITE_SOLDIERS | DOUBLE_TOP_FORMING
  PATTERN_CONTEXT: Body= 26.0  Range= 26.0  ExpectedRange= 75.3  RangeRatio= 0.35  O= 73603.8  H= 73629.8  L= 73603.8  C= 73629.8
ATMStrike =  73000
AVG_OIPCR= 2.08
avgoiPCROld=  4.78
AVG_OIPCR_9STRIKE= 2.08  (pcr5..pcr13 = ATM +/-4, 9 strikes)
SUPP_RES = 73000
spotLTP = 72988.32
FUT LTP = 73629.85
CEchoi  PechOi = 788940.0    494840.0
====================================
atmPCR= 0.38  belowATM  0.47
CHOI_DOM_GATE: gate_on= True  bull_ok= False  bear_ok= False | isPE_DomSupp_once= False  fresh_PE= 180 | isCE_DomRes_once= False  fresh_CE= -4940
India VIX = 13.67  Spot Price = 72989.19
IV Regime = HIGH (ADAPTIVE: P25= 11.15  P50= 11.53  P75= 12.29 ) | DailyRange = 1425.4 | 3minCandleRange = 75.0 (theoretical= 125.0 ) | ATMoptionMove = 33.8 | SL = 118 | Target = 118 | TrailTrigger = 34 | Spread = 400 | Buffer = 60
IV Params refreshed: {'vix': 13.67, 'bn_price': 72989.19, 'regime': 'HIGH', 'regime_thresholds': 'P25=11.15 P50=11.53 P75=12.29', 'daily_range': 1425.4, 'candle_range': 75.0, 'atm_option_move': 33.8, 'sl_point': 118, 'target_point': 118, 'sl_pct_of_premium': 0.1, 'trail_trigger': 34, 'spread_width': 400, 'support_resistance_buffer': 60}
===
====after 3 min ochain==== 2026-09-28 12:30:00.000004
                                    oipcr   choipcr   CE_OI / PE_OI (same strike)
pcr1 =  BSE:SENSEX26O0173800PE   0.45   -0.77 CALL added 168820   PUT unwind -130560  CE_OI=406940 PE_OI=184420
pcr2 =  BSE:SENSEX26O0173700CE   0.38   -1.49 CALL added 149800   PUT unwind -222640  CE_OI=397940 PE_OI=151200
pcr3 =  BSE:SENSEX26O0173600PE   0.28   -0.8 CALL added 292200   PUT unwind -234280  CE_OI=396860 PE_OI=109680
pcr4 =  BSE:SENSEX26O0173500PE   0.43   -0.17 CALL added 792960   PUT unwind -133700  CE_OI=955920 PE_OI=407520
pcr5 =  BSE:SENSEX26O0173400PE   0.38   -0.01 CALL added 422860   PUT unwind -4200  CE_OI=458120 PE_OI=175760
pcr6 =  BSE:SENSEX26O0173300CE   0.47    -0.01 CALL added 429900   PUT unwind -6220  CE_OI=452980 PE_OI=214080
pcr7 =  BSE:SENSEX26O0173200CE   0.6   0.41 CALL added 578740   PUT added 234400  CE_OI=596780 PE_OI=359160
pcr8 =  BSE:SENSEX26O0173100CE   0.74   0.55 CALL added 460500   PUT added 251120  CE_OI=469040 PE_OI=345760
pcr9 =  BSE:SENSEX26O0173000PE   1.09   0.66 CALL added 798620   PUT added 525680  CE_OI=847380 PE_OI=921120
pcr10 =  BSE:SENSEX26O0172900PE   1.88   1.68 CALL added 304980   PUT added 511840  CE_OI=310500 PE_OI=584620
pcr11 =  BSE:SENSEX26O0172800PE   3.04   2.41 CALL added 163240   PUT added 393880  CE_OI=169500 PE_OI=516040
pcr12 =  BSE:SENSEX26O0172700PE   4.65   3.47 CALL added 74620   PUT added 258660  CE_OI=76440 PE_OI=355220
pcr13 =  BSE:SENSEX26O0172600CE   5.58   2.87 CALL added 31200   PUT added 89520  CE_OI=33540 PE_OI=187060
pcr14 =  BSE:SENSEX26O0172500PE   8.26   2.68 CALL added 65260   PUT added 175040  CE_OI=70740 PE_OI=584260
pcr15 =  BSE:SENSEX26O0172400PE   12.61   6.38 CALL added 15480   PUT added 98720  CE_OI=15880 PE_OI=200200
pcr16 =  BSE:SENSEX26O0172300CE   20.67   1.26 CALL added 11800   PUT added 14860  CE_OI=12420 PE_OI=256720
pcr17 =  BSE:SENSEX26O0172200CE   20.68   9.71 CALL added 5560   PUT added 53980  CE_OI=5880 PE_OI=121620
PCRSUM== 82.19
pcrSummation== 18.43
spotLTP =  72989.19  ATM_STRIKE =  73000
IS_ATM_STRIKE_SHIFT = False  mapStrike = {73000: 73000}
avgOiPcrList2 = [np.float64(4.78), np.float64(4.83)] atmStrikeNotShiftedCount= 2
avgOiPcr9List2 = [np.float64(2.08), np.float64(2.05)] atmStrikeNotShiftedCount= 2
False   2   2
SUPP_RES=== 73000  Buffer= 60
ANCHOR_COMPARE: spot=72989.19 fut=73650.0 basis(fut-spot)=660.81 | SR_spot(PRIMARY)=73000 SR_future=73500 SR_diff(fut-spot)=500 | PCRwin_spot(PRIMARY)=73000 PCRwin_future=73600
CEoich val =  798620.0  PEoich val =  525680.0 , CE > PE by 34.2%
SUPP_RES TOTAL OI: CE= 847380  PE= 921120 , CE < PE by 8.0%
INCR_CHOI: SUPP_RES=73000 role=RESISTANCE fresh_CE=9680 fresh_PE=30840 -> PE_dominant by 68.6% (resistance CHALLENGED (bullish warning)) | cumulative CE=798620.0 PE=525680.0
==========================
FUT_SUPP_RES=== 73500  (FUT_LTP= 73650.0 ) Buffer= 60
FUT CEoich val =  792960.0  PEoich val =  -133700.0 , CE > PE by 116.9%
FUT_SUPP_RES TOTAL OI: CE= 955920  PE= 407520 , CE > PE by 57.4%
OI_SUPP_RES: spot=72989.19 ATM=73000 (win=±500 mode=CHOI) (ATM_CE_OI=847380 ATM_PE_OI=921120) | SUPPORT=73000PE CHOI=525680 (dist=0) | RESISTANCE=73000CE CHOI=798620 (dist=0) | SAME_STRIKE_PIN (support==resistance, trade the side whose wall breaks)
OI_SUPPORT=== 73000
OI_SUPPORT CEoich val = 798620.0  PEoich val = 525680.0 , CE > PE by 34.2%
OI_SUPPORT TOTAL OI: CE= 847380  PE= 921120 , CE < PE by 8.0%
OI_RESISTANCE=== 73000
OI_RESISTANCE CEoich val = 798620.0  PEoich val = 525680.0 , CE > PE by 34.2%
OI_RESISTANCE TOTAL OI: CE= 847380  PE= 921120 , CE < PE by 8.0%
IS_MORNING_WINDOW= False  (active 9:15-9:48 IST)
================================================
==== signal check time ==== 2026-09-28 12:30:00.679540
CHART_PATTERN: None
ATMStrike =  73000
AVG_OIPCR= 2.05
avgoiPCROld=  4.83
AVG_OIPCR_9STRIKE= 2.05  (pcr5..pcr13 = ATM +/-4, 9 strikes)
SUPP_RES = 73000
spotLTP = 72989.19
FUT LTP = 73650.0
CEchoi  PechOi = 798620.0    525680.0
====================================
atmPCR= 0.38  belowATM  0.47
CHOI_DOM_GATE: gate_on= True  bull_ok= False  bear_ok= False | isPE_DomSupp_once= False  fresh_PE= 30840 | isCE_DomRes_once= False  fresh_CE= 9680
India VIX = 13.74  Spot Price = 72975.04
IV Regime = HIGH (ADAPTIVE: P25= 11.15  P50= 11.53  P75= 12.29 ) | DailyRange = 1432.4 | 3minCandleRange = 75.4 (theoretical= 125.6 ) | ATMoptionMove = 33.9 | SL = 119 | Target = 119 | TrailTrigger = 34 | Spread = 400 | Buffer = 60
IV Params refreshed: {'vix': 13.74, 'bn_price': 72975.04, 'regime': 'HIGH', 'regime_thresholds': 'P25=11.15 P50=11.53 P75=12.29', 'daily_range': 1432.4, 'candle_range': 75.4, 'atm_option_move': 33.9, 'sl_point': 119, 'target_point': 119, 'sl_pct_of_premium': 0.1, 'trail_trigger': 34, 'spread_width': 400, 'support_resistance_buffer': 60}
===
====after 3 min ochain==== 2026-09-28 12:33:00.000002
                                    oipcr   choipcr   CE_OI / PE_OI (same strike)
pcr1 =  BSE:SENSEX26O0173800PE   0.45   -0.77 CALL added 170980   PUT unwind -130960  CE_OI=409100 PE_OI=184020
pcr2 =  BSE:SENSEX26O0173700CE   0.38   -1.46 CALL added 152220   PUT unwind -222660  CE_OI=400360 PE_OI=151180
pcr3 =  BSE:SENSEX26O0173600PE   0.28   -0.84 CALL added 281060   PUT unwind -235020  CE_OI=385720 PE_OI=108940
pcr4 =  BSE:SENSEX26O0173500PE   0.43   -0.16 CALL added 797940   PUT unwind -127640  CE_OI=960900 PE_OI=413580
pcr5 =  BSE:SENSEX26O0173400PE   0.4   -0.0 CALL added 415940   PUT unwind -1300  CE_OI=451200 PE_OI=178660
pcr6 =  BSE:SENSEX26O0173300CE   0.47    -0.01 CALL added 437880   PUT unwind -5420  CE_OI=460960 PE_OI=214880
pcr7 =  BSE:SENSEX26O0173200CE   0.61   0.41 CALL added 573960   PUT added 235080  CE_OI=592000 PE_OI=359840
pcr8 =  BSE:SENSEX26O0173100CE   0.76   0.57 CALL added 445120   PUT added 252240  CE_OI=453660 PE_OI=346880
pcr9 =  BSE:SENSEX26O0173000PE   1.09   0.66 CALL added 801200   PUT added 528160  CE_OI=849960 PE_OI=923600
pcr10 =  BSE:SENSEX26O0172900PE   1.87   1.66 CALL added 301120   PUT added 499340  CE_OI=306640 PE_OI=572120
pcr11 =  BSE:SENSEX26O0172800PE   3.26   2.61 CALL added 157520   PUT added 411560  CE_OI=163780 PE_OI=533720
pcr12 =  BSE:SENSEX26O0172700PE   4.84   3.65 CALL added 73920   PUT added 270100  CE_OI=75740 PE_OI=366660
pcr13 =  BSE:SENSEX26O0172600CE   5.59   2.88 CALL added 31220   PUT added 90060  CE_OI=33560 PE_OI=187600
pcr14 =  BSE:SENSEX26O0172500PE   8.1   2.42 CALL added 64200   PUT added 155460  CE_OI=69680 PE_OI=564680
pcr15 =  BSE:SENSEX26O0172400PE   12.37   6.28 CALL added 15860   PUT added 99600  CE_OI=16260 PE_OI=201080
pcr16 =  BSE:SENSEX26O0172300CE   20.34   1.3 CALL added 12040   PUT added 15700  CE_OI=12660 PE_OI=257560
pcr17 =  BSE:SENSEX26O0172200CE   20.43   9.75 CALL added 5720   PUT added 55760  CE_OI=6040 PE_OI=123400
PCRSUM== 81.67
pcrSummation== 18.89
spotLTP =  72978.41  ATM_STRIKE =  73000
IS_ATM_STRIKE_SHIFT = False  mapStrike = {73000: 73000}
avgOiPcrList2 = [np.float64(4.78), np.float64(4.83), np.float64(4.8)] atmStrikeNotShiftedCount= 3
avgOiPcr9List2 = [np.float64(2.08), np.float64(2.05), np.float64(2.1)] atmStrikeNotShiftedCount= 3
False   3   3
SUPP_RES=== 73000  Buffer= 60
ANCHOR_COMPARE: spot=72978.41 fut=73662.65 basis(fut-spot)=684.24 | SR_spot(PRIMARY)=73000 SR_future=73500 SR_diff(fut-spot)=500 | PCRwin_spot(PRIMARY)=73000 PCRwin_future=73700
CEoich val =  801200.0  PEoich val =  528160.0 , CE > PE by 34.1%
SUPP_RES TOTAL OI: CE= 849960  PE= 923600 , CE < PE by 8.0%
INCR_CHOI: SUPP_RES=73000 role=RESISTANCE fresh_CE=2580 fresh_PE=2480 -> CE_dominant by 3.9% (resistance HOLDING (bearish)) | cumulative CE=801200.0 PE=528160.0
==========================
FUT_SUPP_RES=== 73500  (FUT_LTP= 73662.65 ) Buffer= 60
FUT CEoich val =  797940.0  PEoich val =  -127640.0 , CE > PE by 116.0%
FUT_SUPP_RES TOTAL OI: CE= 960900  PE= 413580 , CE > PE by 57.0%
OI_SUPP_RES: spot=72978.41 ATM=73000 (win=±500 mode=CHOI) (ATM_CE_OI=849960 ATM_PE_OI=923600) | SUPPORT=73000PE CHOI=528160 (dist=0) | RESISTANCE=73000CE CHOI=801200 (dist=0) | SAME_STRIKE_PIN (support==resistance, trade the side whose wall breaks)
OI_SUPPORT=== 73000
OI_SUPPORT CEoich val = 801200.0  PEoich val = 528160.0 , CE > PE by 34.1%
OI_SUPPORT TOTAL OI: CE= 849960  PE= 923600 , CE < PE by 8.0%
OI_RESISTANCE=== 73000
OI_RESISTANCE CEoich val = 801200.0  PEoich val = 528160.0 , CE > PE by 34.1%
OI_RESISTANCE TOTAL OI: CE= 849960  PE= 923600 , CE < PE by 8.0%
IS_MORNING_WINDOW= False  (active 9:15-9:48 IST)
================================================
==== signal check time ==== 2026-09-28 12:33:00.606069
CHART_PATTERN_DETECTED: INSIDE_BAR | DOUBLE_TOP_FORMING
  PATTERN_CONTEXT: Body= 0.0  Range= 0.0  ExpectedRange= 75.4  RangeRatio= 0.0  O= 73650.0  H= 73650.0  L= 73650.0  C= 73650.0
PCR9_SEQ_FLAT: 2.08 -> 2.05 -> 2.1 (not monotonic)
recent two = [np.float64(4.83), np.float64(4.8)]
isCE_DominantAtRes_once = True  isCE_DominantAtRes_twice = False  isCE_DominantAtRes_trice = False (CE_res_streak= 1 )
ATMStrike =  73000
AVG_OIPCR= 2.1
avgoiPCROld=  4.8
AVG_OIPCR_9STRIKE= 2.1  (pcr5..pcr13 = ATM +/-4, 9 strikes)
SUPP_RES = 73000
spotLTP = 72978.41
FUT LTP = 73662.65
CEchoi  PechOi = 801200.0    528160.0
====================================
atmPCR= 0.4  belowATM  0.47
CHOI_DOM_GATE: gate_on= True  bull_ok= False  bear_ok= True | isPE_DomSupp_once= False  fresh_PE= 2480 | isCE_DomRes_once= True  fresh_CE= 2580
India VIX = 13.77  Spot Price = 72946.22
IV Regime = HIGH (ADAPTIVE: P25= 11.15  P50= 11.53  P75= 12.29 ) | DailyRange = 1435.0 | 3minCandleRange = 75.5 (theoretical= 125.9 ) | ATMoptionMove = 34.0 | SL = 119 | Target = 119 | TrailTrigger = 34 | Spread = 400 | Buffer = 60
IV Params refreshed: {'vix': 13.77, 'bn_price': 72946.22, 'regime': 'HIGH', 'regime_thresholds': 'P25=11.15 P50=11.53 P75=12.29', 'daily_range': 1435.0, 'candle_range': 75.5, 'atm_option_move': 34.0, 'sl_point': 119, 'target_point': 119, 'sl_pct_of_premium': 0.1, 'trail_trigger': 34, 'spread_width': 400, 'support_resistance_buffer': 60}
===
====after 3 min ochain==== 2026-09-28 12:36:00.000001
                                    oipcr   choipcr   CE_OI / PE_OI (same strike)
pcr1 =  BSE:SENSEX26O0173700CE   0.38   -1.47 CALL added 151760   PUT unwind -222760  CE_OI=399900 PE_OI=151080
pcr2 =  BSE:SENSEX26O0173600PE   0.28   -0.84 CALL added 281600   PUT unwind -235980  CE_OI=386260 PE_OI=107980
pcr3 =  BSE:SENSEX26O0173500PE   0.43   -0.16 CALL added 798680   PUT unwind -125680  CE_OI=961640 PE_OI=415540
pcr4 =  BSE:SENSEX26O0173400PE   0.39   -0.0 CALL added 425120   PUT unwind -520  CE_OI=460380 PE_OI=179440
pcr5 =  BSE:SENSEX26O0173300CE   0.46   -0.02 CALL added 436240   PUT unwind -7040  CE_OI=459320 PE_OI=213260
pcr6 =  BSE:SENSEX26O0173200CE   0.61    0.41 CALL added 575900   PUT added 237080  CE_OI=593940 PE_OI=361840
pcr7 =  BSE:SENSEX26O0173100CE   0.78   0.58 CALL added 442980   PUT added 259040  CE_OI=451520 PE_OI=353680
pcr8 =  BSE:SENSEX26O0173000PE   1.09   0.66 CALL added 812320   PUT added 540000  CE_OI=861080 PE_OI=935440
pcr9 =  BSE:SENSEX26O0172900PE   1.89   1.68 CALL added 298640   PUT added 502340  CE_OI=304160 PE_OI=575120
pcr10 =  BSE:SENSEX26O0172800PE   3.33   2.69 CALL added 156300   PUT added 419700  CE_OI=162560 PE_OI=541860
pcr11 =  BSE:SENSEX26O0172700PE   4.9   3.71 CALL added 73380   PUT added 272060  CE_OI=75200 PE_OI=368620
pcr12 =  BSE:SENSEX26O0172600CE   5.9   3.14 CALL added 30260   PUT added 94940  CE_OI=32600 PE_OI=192480
pcr13 =  BSE:SENSEX26O0172500PE   8.53   2.85 CALL added 63920   PUT added 182480  CE_OI=69400 PE_OI=591700
pcr14 =  BSE:SENSEX26O0172400PE   12.53   6.46 CALL added 15900   PUT added 102780  CE_OI=16300 PE_OI=204260
pcr15 =  BSE:SENSEX26O0172300CE   20.19   1.45 CALL added 12240   PUT added 17740  CE_OI=12860 PE_OI=259600
pcr16 =  BSE:SENSEX26O0172200CE   21.13   10.3 CALL added 5620   PUT added 57880  CE_OI=5940 PE_OI=125520
pcr17 =  BSE:SENSEX26O0172100PE   63.48   31.89 CALL added 2100   PUT added 66960  CE_OI=2400 PE_OI=152360
PCRSUM== 146.3
pcrSummation== 27.49
spotLTP =  72946.22  ATM_STRIKE =  72900
IS_ATM_STRIKE_SHIFT = True  mapStrike = {72900: 72900}
avgOiPcrList2 = [np.float64(8.61)] atmStrikeNotShiftedCount= 1
avgOiPcr9List2 = [np.float64(3.05)] atmStrikeNotShiftedCount= 1
True   1   1
SUPP_RES=== 73000  Buffer= 60
ANCHOR_COMPARE: spot=72946.22 fut=73625.85 basis(fut-spot)=679.63 | SR_spot(PRIMARY)=73000 SR_future=73500 SR_diff(fut-spot)=500 | PCRwin_spot(PRIMARY)=72900 PCRwin_future=73600
CEoich val =  812320.0  PEoich val =  540000.0 , CE > PE by 33.5%
SUPP_RES TOTAL OI: CE= 861080  PE= 935440 , CE < PE by 7.9%
INCR_CHOI: SUPP_RES=73000 role=RESISTANCE fresh_CE=11120 fresh_PE=11840 -> PE_dominant by 6.1% (resistance CHALLENGED (bullish warning)) | cumulative CE=812320.0 PE=540000.0
==========================
FUT_SUPP_RES=== 73500  (FUT_LTP= 73625.85 ) Buffer= 60
FUT CEoich val =  798680.0  PEoich val =  -125680.0 , CE > PE by 115.7%
FUT_SUPP_RES TOTAL OI: CE= 961640  PE= 415540 , CE > PE by 56.8%
OI_SUPP_RES: spot=72946.22 ATM=72900 (win=±500 mode=CHOI) (ATM_CE_OI=304160 ATM_PE_OI=575120) | SUPPORT=72900PE CHOI=502340 (dist=0) | RESISTANCE=73000CE CHOI=812320 (dist=100)
OI_SUPPORT=== 72900
OI_SUPPORT CEoich val = 298640.0  PEoich val = 502340.0 , CE < PE by 40.6%
OI_SUPPORT TOTAL OI: CE= 304160  PE= 575120 , CE < PE by 47.1%
OI_RESISTANCE=== 73000
OI_RESISTANCE CEoich val = 812320.0  PEoich val = 540000.0 , CE > PE by 33.5%
OI_RESISTANCE TOTAL OI: CE= 861080  PE= 935440 , CE < PE by 7.9%
IS_MORNING_WINDOW= False  (active 9:15-9:48 IST)
================================================
==== signal check time ==== 2026-09-28 12:36:00.608360
CHART_PATTERN_DETECTED: OUTSIDE_BAR | DOUBLE_TOP_FORMING
  PATTERN_CONTEXT: Body= -36.8  Range= 36.8  ExpectedRange= 75.5  RangeRatio= 0.49  O= 73662.6  H= 73662.6  L= 73625.8  C= 73625.8
ATMStrike =  72900
AVG_OIPCR= 3.05
avgoiPCROld=  8.61
AVG_OIPCR_9STRIKE= 3.05  (pcr5..pcr13 = ATM +/-4, 9 strikes)
SUPP_RES = 73000
spotLTP = 72946.22
FUT LTP = 73625.85
CEchoi  PechOi = 812320.0    540000.0
====================================
atmPCR= 0.46  belowATM  0.61
CHOI_DOM_GATE: gate_on= True  bull_ok= False  bear_ok= False | isPE_DomSupp_once= False  fresh_PE= 11840 | isCE_DomRes_once= False  fresh_CE= 11120
India VIX = 13.79  Spot Price = 72953.78
IV Regime = HIGH (ADAPTIVE: P25= 11.15  P50= 11.53  P75= 12.29 ) | DailyRange = 1437.2 | 3minCandleRange = 75.6 (theoretical= 126.0 ) | ATMoptionMove = 34.0 | SL = 119 | Target = 119 | TrailTrigger = 34 | Spread = 400 | Buffer = 61
IV Params refreshed: {'vix': 13.79, 'bn_price': 72953.78, 'regime': 'HIGH', 'regime_thresholds': 'P25=11.15 P50=11.53 P75=12.29', 'daily_range': 1437.2, 'candle_range': 75.6, 'atm_option_move': 34.0, 'sl_point': 119, 'target_point': 119, 'sl_pct_of_premium': 0.1, 'trail_trigger': 34, 'spread_width': 400, 'support_resistance_buffer': 61}
===
====after 3 min ochain==== 2026-09-28 12:39:00.000004
                                    oipcr   choipcr   CE_OI / PE_OI (same strike)
pcr1 =  BSE:SENSEX26O0173800PE   0.45   -0.75 CALL added 174340   PUT unwind -130180  CE_OI=412460 PE_OI=184800
pcr2 =  BSE:SENSEX26O0173700CE   0.37   -1.42 CALL added 156260   PUT unwind -222520  CE_OI=404400 PE_OI=151320
pcr3 =  BSE:SENSEX26O0173600PE   0.28   -0.84 CALL added 282560   PUT unwind -237120  CE_OI=387220 PE_OI=106840
pcr4 =  BSE:SENSEX26O0173500PE   0.43   -0.16 CALL added 801740   PUT unwind -125080  CE_OI=964700 PE_OI=416140
pcr5 =  BSE:SENSEX26O0173400PE   0.38   -0.01 CALL added 426880   PUT unwind -2260  CE_OI=462140 PE_OI=177700
pcr6 =  BSE:SENSEX26O0173300CE   0.46    -0.02 CALL added 435160   PUT unwind -8460  CE_OI=458240 PE_OI=211840
pcr7 =  BSE:SENSEX26O0173200CE   0.61   0.41 CALL added 578420   PUT added 239720  CE_OI=596460 PE_OI=364480
pcr8 =  BSE:SENSEX26O0173100CE   0.78   0.58 CALL added 443340   PUT added 255720  CE_OI=451880 PE_OI=350360
pcr9 =  BSE:SENSEX26O0173000PE   1.08   0.66 CALL added 821320   PUT added 545840  CE_OI=870080 PE_OI=941280
pcr10 =  BSE:SENSEX26O0172900PE   1.96   1.75 CALL added 296940   PUT added 520520  CE_OI=302460 PE_OI=593300
pcr11 =  BSE:SENSEX26O0172800PE   3.29   2.65 CALL added 159700   PUT added 423020  CE_OI=165960 PE_OI=545180
pcr12 =  BSE:SENSEX26O0172700PE   4.89   3.71 CALL added 74220   PUT added 275260  CE_OI=76040 PE_OI=371820
pcr13 =  BSE:SENSEX26O0172600CE   5.62   2.95 CALL added 31620   PUT added 93320  CE_OI=33960 PE_OI=190860
pcr14 =  BSE:SENSEX26O0172500PE   8.6   2.88 CALL added 63340   PUT added 182560  CE_OI=68820 PE_OI=591780
pcr15 =  BSE:SENSEX26O0172400PE   12.2   6.27 CALL added 16280   PUT added 102000  CE_OI=16680 PE_OI=203480
pcr16 =  BSE:SENSEX26O0172300CE   18.12   1.36 CALL added 13760   PUT added 18760  CE_OI=14380 PE_OI=260620
pcr17 =  BSE:SENSEX26O0172200CE   20.42   9.96 CALL added 5840   PUT added 58140  CE_OI=6160 PE_OI=125780
PCRSUM== 79.94
pcrSummation== 19.07
spotLTP =  72953.78  ATM_STRIKE =  73000
IS_ATM_STRIKE_SHIFT = True  mapStrike = {73000: 73000}
avgOiPcrList2 = [np.float64(4.7)] atmStrikeNotShiftedCount= 1
avgOiPcr9List2 = [np.float64(2.12)] atmStrikeNotShiftedCount= 1
True   1   1
SUPP_RES=== 73000  Buffer= 61
ANCHOR_COMPARE: spot=72953.78 fut=73619.0 basis(fut-spot)=665.22 | SR_spot(PRIMARY)=73000 SR_future=73500 SR_diff(fut-spot)=500 | PCRwin_spot(PRIMARY)=73000 PCRwin_future=73600
CEoich val =  821320.0  PEoich val =  545840.0 , CE > PE by 33.5%
SUPP_RES TOTAL OI: CE= 870080  PE= 941280 , CE < PE by 7.6%
INCR_CHOI: SUPP_RES=73000 role=RESISTANCE fresh_CE=9000 fresh_PE=5840 -> CE_dominant by 35.1% (resistance HOLDING (bearish)) | cumulative CE=821320.0 PE=545840.0
==========================
FUT_SUPP_RES=== 73500  (FUT_LTP= 73619.0 ) Buffer= 61
FUT CEoich val =  801740.0  PEoich val =  -125080.0 , CE > PE by 115.6%
FUT_SUPP_RES TOTAL OI: CE= 964700  PE= 416140 , CE > PE by 56.9%
OI_SUPP_RES: spot=72953.78 ATM=73000 (win=±500 mode=CHOI) (ATM_CE_OI=870080 ATM_PE_OI=941280) | SUPPORT=73000PE CHOI=545840 (dist=0) | RESISTANCE=73000CE CHOI=821320 (dist=0) | SAME_STRIKE_PIN (support==resistance, trade the side whose wall breaks)
OI_SUPPORT=== 73000
OI_SUPPORT CEoich val = 821320.0  PEoich val = 545840.0 , CE > PE by 33.5%
OI_SUPPORT TOTAL OI: CE= 870080  PE= 941280 , CE < PE by 7.6%
OI_RESISTANCE=== 73000
OI_RESISTANCE CEoich val = 821320.0  PEoich val = 545840.0 , CE > PE by 33.5%
OI_RESISTANCE TOTAL OI: CE= 870080  PE= 941280 , CE < PE by 7.6%
IS_MORNING_WINDOW= False  (active 9:15-9:48 IST)
================================================
==== signal check time ==== 2026-09-28 12:39:00.596264
CHART_PATTERN_DETECTED: DOUBLE_TOP_FORMING | DOUBLE_BOTTOM_FORMING
  PATTERN_CONTEXT: Body= -6.9  Range= 6.9  ExpectedRange= 75.6  RangeRatio= 0.09  O= 73625.8  H= 73625.8  L= 73619.0  C= 73619.0
isCE_DominantAtRes_once = True  isCE_DominantAtRes_twice = False  isCE_DominantAtRes_trice = False (CE_res_streak= 1 )
ATMStrike =  73000
AVG_OIPCR= 2.12
avgoiPCROld=  4.7
AVG_OIPCR_9STRIKE= 2.12  (pcr5..pcr13 = ATM +/-4, 9 strikes)
SUPP_RES = 73000
spotLTP = 72953.78
FUT LTP = 73619.0
CEchoi  PechOi = 821320.0    545840.0
====================================
atmPCR= 0.38  belowATM  0.46
CHOI_DOM_GATE: gate_on= True  bull_ok= False  bear_ok= True | isPE_DomSupp_once= False  fresh_PE= 5840 | isCE_DomRes_once= True  fresh_CE= 9000
India VIX = 13.77  Spot Price = 72951.48
IV Regime = HIGH (ADAPTIVE: P25= 11.15  P50= 11.53  P75= 12.29 ) | DailyRange = 1435.1 | 3minCandleRange = 75.5 (theoretical= 125.9 ) | ATMoptionMove = 34.0 | SL = 119 | Target = 119 | TrailTrigger = 34 | Spread = 400 | Buffer = 60
IV Params refreshed: {'vix': 13.77, 'bn_price': 72951.48, 'regime': 'HIGH', 'regime_thresholds': 'P25=11.15 P50=11.53 P75=12.29', 'daily_range': 1435.1, 'candle_range': 75.5, 'atm_option_move': 34.0, 'sl_point': 119, 'target_point': 119, 'sl_pct_of_premium': 0.1, 'trail_trigger': 34, 'spread_width': 400, 'support_resistance_buffer': 60}
===
====after 3 min ochain==== 2026-09-28 12:42:00.000003
                                    oipcr   choipcr   CE_OI / PE_OI (same strike)
pcr1 =  BSE:SENSEX26O0173800PE   0.45   -0.75 CALL added 174400   PUT unwind -130260  CE_OI=412520 PE_OI=184720
pcr2 =  BSE:SENSEX26O0173700CE   0.37   -1.43 CALL added 155820   PUT unwind -222520  CE_OI=403960 PE_OI=151320
pcr3 =  BSE:SENSEX26O0173600PE   0.28   -0.84 CALL added 282400   PUT unwind -237000  CE_OI=387060 PE_OI=106960
pcr4 =  BSE:SENSEX26O0173500PE   0.43   -0.16 CALL added 800840   PUT unwind -125560  CE_OI=963800 PE_OI=415660
pcr5 =  BSE:SENSEX26O0173400PE   0.38   -0.01 CALL added 426960   PUT unwind -3340  CE_OI=462220 PE_OI=176620
pcr6 =  BSE:SENSEX26O0173300CE   0.46    -0.02 CALL added 435640   PUT unwind -8680  CE_OI=458720 PE_OI=211620
pcr7 =  BSE:SENSEX26O0173200CE   0.61   0.42 CALL added 577260   PUT added 239580  CE_OI=595300 PE_OI=364340
pcr8 =  BSE:SENSEX26O0173100CE   0.77   0.57 CALL added 446940   PUT added 255740  CE_OI=455480 PE_OI=350380
pcr9 =  BSE:SENSEX26O0173000PE   1.07   0.66 CALL added 834240   PUT added 551880  CE_OI=883000 PE_OI=947320
pcr10 =  BSE:SENSEX26O0172900PE   1.97   1.76 CALL added 300700   PUT added 529560  CE_OI=306220 PE_OI=602340
pcr11 =  BSE:SENSEX26O0172800PE   3.31   2.67 CALL added 159940   PUT added 427820  CE_OI=166200 PE_OI=549980
pcr12 =  BSE:SENSEX26O0172700PE   5.21   4.03 CALL added 74160   PUT added 299140  CE_OI=75980 PE_OI=395700
pcr13 =  BSE:SENSEX26O0172600CE   5.62   2.95 CALL added 31700   PUT added 93600  CE_OI=34040 PE_OI=191140
pcr14 =  BSE:SENSEX26O0172500PE   8.57   2.87 CALL added 63520   PUT added 182400  CE_OI=69000 PE_OI=591620
pcr15 =  BSE:SENSEX26O0172400PE   12.2   6.26 CALL added 16260   PUT added 101740  CE_OI=16660 PE_OI=203220
pcr16 =  BSE:SENSEX26O0172300CE   18.08   1.37 CALL added 13800   PUT added 18860  CE_OI=14420 PE_OI=260720
pcr17 =  BSE:SENSEX26O0172200CE   20.42   9.96 CALL added 5840   PUT added 58160  CE_OI=6160 PE_OI=125800
PCRSUM== 80.2
pcrSummation== 19.4
spotLTP =  72951.48  ATM_STRIKE =  73000
IS_ATM_STRIKE_SHIFT = False  mapStrike = {73000: 73000}
avgOiPcrList2 = [np.float64(4.7), np.float64(4.72)] atmStrikeNotShiftedCount= 2
avgOiPcr9List2 = [np.float64(2.12), np.float64(2.16)] atmStrikeNotShiftedCount= 2
False   2   2
SUPP_RES=== 73000  Buffer= 60
ANCHOR_COMPARE: spot=72951.48 fut=73640.0 basis(fut-spot)=688.52 | SR_spot(PRIMARY)=73000 SR_future=73500 SR_diff(fut-spot)=500 | PCRwin_spot(PRIMARY)=73000 PCRwin_future=73600
CEoich val =  834240.0  PEoich val =  551880.0 , CE > PE by 33.8%
SUPP_RES TOTAL OI: CE= 883000  PE= 947320 , CE < PE by 6.8%
INCR_CHOI: SUPP_RES=73000 role=RESISTANCE fresh_CE=12920 fresh_PE=6040 -> CE_dominant by 53.3% (resistance HOLDING (bearish)) | cumulative CE=834240.0 PE=551880.0
==========================
FUT_SUPP_RES=== 73500  (FUT_LTP= 73640.0 ) Buffer= 60
FUT CEoich val =  800840.0  PEoich val =  -125560.0 , CE > PE by 115.7%
FUT_SUPP_RES TOTAL OI: CE= 963800  PE= 415660 , CE > PE by 56.9%
OI_SUPP_RES: spot=72951.48 ATM=73000 (win=±500 mode=CHOI) (ATM_CE_OI=883000 ATM_PE_OI=947320) | SUPPORT=73000PE CHOI=551880 (dist=0) | RESISTANCE=73000CE CHOI=834240 (dist=0) | SAME_STRIKE_PIN (support==resistance, trade the side whose wall breaks)
OI_SUPPORT=== 73000
OI_SUPPORT CEoich val = 834240.0  PEoich val = 551880.0 , CE > PE by 33.8%
OI_SUPPORT TOTAL OI: CE= 883000  PE= 947320 , CE < PE by 6.8%
OI_RESISTANCE=== 73000
OI_RESISTANCE CEoich val = 834240.0  PEoich val = 551880.0 , CE > PE by 33.8%
OI_RESISTANCE TOTAL OI: CE= 883000  PE= 947320 , CE < PE by 6.8%
IS_MORNING_WINDOW= False  (active 9:15-9:48 IST)
================================================
==== signal check time ==== 2026-09-28 12:42:00.648692
CHART_PATTERN: None
isCE_DominantAtRes_once = True  isCE_DominantAtRes_twice = True  isCE_DominantAtRes_trice = False (CE_res_streak= 2 )
ATMStrike =  73000
AVG_OIPCR= 2.16
avgoiPCROld=  4.72
AVG_OIPCR_9STRIKE= 2.16  (pcr5..pcr13 = ATM +/-4, 9 strikes)
SUPP_RES = 73000
spotLTP = 72951.48
FUT LTP = 73640.0
CEchoi  PechOi = 834240.0    551880.0
====================================
atmPCR= 0.38  belowATM  0.46
CHOI_DOM_GATE: gate_on= True  bull_ok= False  bear_ok= True | isPE_DomSupp_once= False  fresh_PE= 6040 | isCE_DomRes_once= True  fresh_CE= 12920
India VIX = 13.76  Spot Price = 72946.46
IV Regime = HIGH (ADAPTIVE: P25= 11.15  P50= 11.53  P75= 12.29 ) | DailyRange = 1433.9 | 3minCandleRange = 75.5 (theoretical= 125.8 ) | ATMoptionMove = 34.0 | SL = 119 | Target = 119 | TrailTrigger = 34 | Spread = 400 | Buffer = 60
IV Params refreshed: {'vix': 13.76, 'bn_price': 72946.46, 'regime': 'HIGH', 'regime_thresholds': 'P25=11.15 P50=11.53 P75=12.29', 'daily_range': 1433.9, 'candle_range': 75.5, 'atm_option_move': 34.0, 'sl_point': 119, 'target_point': 119, 'sl_pct_of_premium': 0.1, 'trail_trigger': 34, 'spread_width': 400, 'support_resistance_buffer': 60}
===
====after 3 min ochain==== 2026-09-28 12:45:00.000002
                                    oipcr   choipcr   CE_OI / PE_OI (same strike)
pcr1 =  BSE:SENSEX26O0173700CE   0.38   -1.44 CALL added 154360   PUT unwind -222660  CE_OI=402500 PE_OI=151180
pcr2 =  BSE:SENSEX26O0173600PE   0.27   -0.84 CALL added 283560   PUT unwind -237460  CE_OI=388220 PE_OI=106500
pcr3 =  BSE:SENSEX26O0173500PE   0.43   -0.16 CALL added 805200   PUT unwind -127060  CE_OI=968160 PE_OI=414160
pcr4 =  BSE:SENSEX26O0173400PE   0.38   -0.01 CALL added 429280   PUT unwind -2740  CE_OI=464540 PE_OI=177220
pcr5 =  BSE:SENSEX26O0173300CE   0.46   -0.02 CALL added 440100   PUT unwind -7660  CE_OI=463180 PE_OI=212640
pcr6 =  BSE:SENSEX26O0173200CE   0.61    0.41 CALL added 584440   PUT added 240760  CE_OI=602480 PE_OI=365520
pcr7 =  BSE:SENSEX26O0173100CE   0.78   0.59 CALL added 445640   PUT added 261500  CE_OI=454180 PE_OI=356140
pcr8 =  BSE:SENSEX26O0173000PE   1.05   0.64 CALL added 846760   PUT added 543880  CE_OI=895520 PE_OI=939320
pcr9 =  BSE:SENSEX26O0172900PE   1.95   1.74 CALL added 302040   PUT added 525920  CE_OI=307560 PE_OI=598700
pcr10 =  BSE:SENSEX26O0172800PE   3.33   2.69 CALL added 158340   PUT added 426480  CE_OI=164600 PE_OI=548640
pcr11 =  BSE:SENSEX26O0172700PE   5.19   4.01 CALL added 73980   PUT added 296960  CE_OI=75800 PE_OI=393520
pcr12 =  BSE:SENSEX26O0172600CE   5.69   3.0 CALL added 31320   PUT added 93940  CE_OI=33660 PE_OI=191480
pcr13 =  BSE:SENSEX26O0172500PE   8.53   2.79 CALL added 63120   PUT added 175960  CE_OI=68600 PE_OI=585180
pcr14 =  BSE:SENSEX26O0172400PE   12.12   6.17 CALL added 16240   PUT added 100260  CE_OI=16640 PE_OI=201740
pcr15 =  BSE:SENSEX26O0172300CE   18.3   1.3 CALL added 13560   PUT added 17580  CE_OI=14180 PE_OI=259440
pcr16 =  BSE:SENSEX26O0172200CE   20.65   10.16 CALL added 5820   PUT added 59160  CE_OI=6140 PE_OI=126800
pcr17 =  BSE:SENSEX26O0172100PE   62.01   30.5 CALL added 2120   PUT added 64660  CE_OI=2420 PE_OI=150060
PCRSUM== 142.13
pcrSummation== 27.59
spotLTP =  72946.46  ATM_STRIKE =  72900
IS_ATM_STRIKE_SHIFT = True  mapStrike = {72900: 72900}
avgOiPcrList2 = [np.float64(8.36)] atmStrikeNotShiftedCount= 1
avgOiPcr9List2 = [np.float64(3.07)] atmStrikeNotShiftedCount= 1
True   1   1
SUPP_RES=== 73000  Buffer= 60
ANCHOR_COMPARE: spot=72946.46 fut=73640.0 basis(fut-spot)=693.54 | SR_spot(PRIMARY)=73000 SR_future=73500 SR_diff(fut-spot)=500 | PCRwin_spot(PRIMARY)=72900 PCRwin_future=73600
CEoich val =  846760.0  PEoich val =  543880.0 , CE > PE by 35.8%
SUPP_RES TOTAL OI: CE= 895520  PE= 939320 , CE < PE by 4.7%
INCR_CHOI: SUPP_RES=73000 role=RESISTANCE fresh_CE=12520 fresh_PE=-8000 -> CE_dominant by 163.9% (resistance HOLDING (bearish)) | cumulative CE=846760.0 PE=543880.0
==========================
FUT_SUPP_RES=== 73500  (FUT_LTP= 73640.0 ) Buffer= 60
FUT CEoich val =  805200.0  PEoich val =  -127060.0 , CE > PE by 115.8%
FUT_SUPP_RES TOTAL OI: CE= 968160  PE= 414160 , CE > PE by 57.2%
OI_SUPP_RES: spot=72946.46 ATM=72900 (win=±500 mode=CHOI) (ATM_CE_OI=307560 ATM_PE_OI=598700) | SUPPORT=72900PE CHOI=525920 (dist=0) | RESISTANCE=73000CE CHOI=846760 (dist=100)
OI_SUPPORT=== 72900
OI_SUPPORT CEoich val = 302040.0  PEoich val = 525920.0 , CE < PE by 42.6%
OI_SUPPORT TOTAL OI: CE= 307560  PE= 598700 , CE < PE by 48.6%
OI_RESISTANCE=== 73000
OI_RESISTANCE CEoich val = 846760.0  PEoich val = 543880.0 , CE > PE by 35.8%
OI_RESISTANCE TOTAL OI: CE= 895520  PE= 939320 , CE < PE by 4.7%
IS_MORNING_WINDOW= False  (active 9:15-9:48 IST)
================================================
==== signal check time ==== 2026-09-28 12:45:00.637093
CHART_PATTERN_DETECTED: INSIDE_BAR
  PATTERN_CONTEXT: Body= 0.0  Range= 0.0  ExpectedRange= 75.5  RangeRatio= 0.0  O= 73640.0  H= 73640.0  L= 73640.0  C= 73640.0
isCE_DominantAtRes_once = True  isCE_DominantAtRes_twice = True  isCE_DominantAtRes_trice = True (CE_res_streak= 3 )
ATMStrike =  72900
AVG_OIPCR= 3.07
avgoiPCROld=  8.36
AVG_OIPCR_9STRIKE= 3.07  (pcr5..pcr13 = ATM +/-4, 9 strikes)
SUPP_RES = 73000
spotLTP = 72946.46
FUT LTP = 73640.0
CEchoi  PechOi = 846760.0    543880.0
====================================
atmPCR= 0.46  belowATM  0.61
CHOI_DOM_GATE: gate_on= True  bull_ok= False  bear_ok= True | isPE_DomSupp_once= False  fresh_PE= -8000 | isCE_DomRes_once= True  fresh_CE= 12520
India VIX = 13.77  Spot Price = 72936.18
IV Regime = HIGH (ADAPTIVE: P25= 11.15  P50= 11.53  P75= 12.29 ) | DailyRange = 1434.8 | 3minCandleRange = 75.5 (theoretical= 125.8 ) | ATMoptionMove = 34.0 | SL = 119 | Target = 119 | TrailTrigger = 34 | Spread = 400 | Buffer = 60
IV Params refreshed: {'vix': 13.77, 'bn_price': 72936.18, 'regime': 'HIGH', 'regime_thresholds': 'P25=11.15 P50=11.53 P75=12.29', 'daily_range': 1434.8, 'candle_range': 75.5, 'atm_option_move': 34.0, 'sl_point': 119, 'target_point': 119, 'sl_pct_of_premium': 0.1, 'trail_trigger': 34, 'spread_width': 400, 'support_resistance_buffer': 60}
===
====after 3 min ochain==== 2026-09-28 12:48:00.000002
                                    oipcr   choipcr   CE_OI / PE_OI (same strike)
pcr1 =  BSE:SENSEX26O0173700CE   0.37   -1.44 CALL added 155140   PUT unwind -222880  CE_OI=403280 PE_OI=150960
pcr2 =  BSE:SENSEX26O0173600PE   0.27   -0.83 CALL added 286840   PUT unwind -239060  CE_OI=391500 PE_OI=104900
pcr3 =  BSE:SENSEX26O0173500PE   0.43   -0.16 CALL added 798440   PUT unwind -127280  CE_OI=961400 PE_OI=413940
pcr4 =  BSE:SENSEX26O0173400PE   0.38   -0.01 CALL added 434720   PUT unwind -3540  CE_OI=469980 PE_OI=176420
pcr5 =  BSE:SENSEX26O0173300CE   0.46   -0.02 CALL added 436540   PUT unwind -8580  CE_OI=459620 PE_OI=211720
pcr6 =  BSE:SENSEX26O0173200CE   0.61    0.42 CALL added 581080   PUT added 241440  CE_OI=599120 PE_OI=366200
pcr7 =  BSE:SENSEX26O0173100CE   0.78   0.58 CALL added 444360   PUT added 259480  CE_OI=452900 PE_OI=354120
pcr8 =  BSE:SENSEX26O0173000PE   1.1   0.68 CALL added 818600   PUT added 560380  CE_OI=867360 PE_OI=955820
pcr9 =  BSE:SENSEX26O0172900PE   1.97   1.77 CALL added 302140   PUT added 533920  CE_OI=307660 PE_OI=606700
pcr10 =  BSE:SENSEX26O0172800PE   3.45   2.81 CALL added 157600   PUT added 443220  CE_OI=163860 PE_OI=565380
pcr11 =  BSE:SENSEX26O0172700PE   5.23   4.05 CALL added 73740   PUT added 298520  CE_OI=75560 PE_OI=395080
pcr12 =  BSE:SENSEX26O0172600CE   5.79   3.13 CALL added 31540   PUT added 98760  CE_OI=33880 PE_OI=196300
pcr13 =  BSE:SENSEX26O0172500PE   8.5   2.81 CALL added 63760   PUT added 179020  CE_OI=69240 PE_OI=588240
pcr14 =  BSE:SENSEX26O0172400PE   12.24   6.29 CALL added 16240   PUT added 102140  CE_OI=16640 PE_OI=203620
pcr15 =  BSE:SENSEX26O0172300CE   18.24   1.36 CALL added 13660   PUT added 18640  CE_OI=14280 PE_OI=260500
pcr16 =  BSE:SENSEX26O0172200CE   20.6   10.11 CALL added 5820   PUT added 58840  CE_OI=6140 PE_OI=126480
pcr17 =  BSE:SENSEX26O0172100PE   62.3   30.83 CALL added 2120   PUT added 65360  CE_OI=2420 PE_OI=150760
PCRSUM== 142.72
pcrSummation== 27.89
spotLTP =  72936.18  ATM_STRIKE =  72900
IS_ATM_STRIKE_SHIFT = False  mapStrike = {72900: 72900}
avgOiPcrList2 = [np.float64(8.36), np.float64(8.4)] atmStrikeNotShiftedCount= 2
avgOiPcr9List2 = [np.float64(3.07), np.float64(3.1)] atmStrikeNotShiftedCount= 2
False   2   2
SUPP_RES=== 73000  Buffer= 60
ANCHOR_COMPARE: spot=72936.18 fut=73640.0 basis(fut-spot)=703.82 | SR_spot(PRIMARY)=73000 SR_future=73500 SR_diff(fut-spot)=500 | PCRwin_spot(PRIMARY)=72900 PCRwin_future=73600
CEoich val =  818600.0  PEoich val =  560380.0 , CE > PE by 31.5%
SUPP_RES TOTAL OI: CE= 867360  PE= 955820 , CE < PE by 9.3%
INCR_CHOI: SUPP_RES=73000 role=RESISTANCE fresh_CE=-28160 fresh_PE=16500 -> PE_dominant by 158.6% (resistance CHALLENGED (bullish warning)) | cumulative CE=818600.0 PE=560380.0
==========================
FUT_SUPP_RES=== 73500  (FUT_LTP= 73640.0 ) Buffer= 60
FUT CEoich val =  798440.0  PEoich val =  -127280.0 , CE > PE by 115.9%
FUT_SUPP_RES TOTAL OI: CE= 961400  PE= 413940 , CE > PE by 56.9%
OI_SUPP_RES: spot=72936.18 ATM=72900 (win=±500 mode=CHOI) (ATM_CE_OI=307660 ATM_PE_OI=606700) | SUPPORT=72900PE CHOI=533920 (dist=0) | RESISTANCE=73000CE CHOI=818600 (dist=100)
OI_SUPPORT=== 72900
OI_SUPPORT CEoich val = 302140.0  PEoich val = 533920.0 , CE < PE by 43.4%
OI_SUPPORT TOTAL OI: CE= 307660  PE= 606700 , CE < PE by 49.3%
OI_RESISTANCE=== 73000
OI_RESISTANCE CEoich val = 818600.0  PEoich val = 560380.0 , CE > PE by 31.5%
OI_RESISTANCE TOTAL OI: CE= 867360  PE= 955820 , CE < PE by 9.3%
IS_MORNING_WINDOW= False  (active 9:15-9:48 IST)
================================================
==== signal check time ==== 2026-09-28 12:48:00.644622
CHART_PATTERN_DETECTED: INSIDE_BAR | DOUBLE_TOP_FORMING
  PATTERN_CONTEXT: Body= 0.0  Range= 0.0  ExpectedRange= 75.5  RangeRatio= 0.0  O= 73640.0  H= 73640.0  L= 73640.0  C= 73640.0
ATMStrike =  72900
AVG_OIPCR= 3.1
avgoiPCROld=  8.4
AVG_OIPCR_9STRIKE= 3.1  (pcr5..pcr13 = ATM +/-4, 9 strikes)
SUPP_RES = 73000
spotLTP = 72936.18
FUT LTP = 73640.0
CEchoi  PechOi = 818600.0    560380.0
====================================
atmPCR= 0.46  belowATM  0.61
CHOI_DOM_GATE: gate_on= True  bull_ok= False  bear_ok= False | isPE_DomSupp_once= False  fresh_PE= 16500 | isCE_DomRes_once= False  fresh_CE= -28160
India VIX = 13.75  Spot Price = 72942.38
IV Regime = HIGH (ADAPTIVE: P25= 11.15  P50= 11.53  P75= 12.29 ) | DailyRange = 1432.8 | 3minCandleRange = 75.4 (theoretical= 125.7 ) | ATMoptionMove = 33.9 | SL = 119 | Target = 119 | TrailTrigger = 34 | Spread = 400 | Buffer = 60
IV Params refreshed: {'vix': 13.75, 'bn_price': 72942.38, 'regime': 'HIGH', 'regime_thresholds': 'P25=11.15 P50=11.53 P75=12.29', 'daily_range': 1432.8, 'candle_range': 75.4, 'atm_option_move': 33.9, 'sl_point': 119, 'target_point': 119, 'sl_pct_of_premium': 0.1, 'trail_trigger': 34, 'spread_width': 400, 'support_resistance_buffer': 60}
===
====after 3 min ochain==== 2026-09-28 12:51:00
                                    oipcr   choipcr   CE_OI / PE_OI (same strike)
pcr1 =  BSE:SENSEX26O0173700CE   0.37   -1.45 CALL added 154380   PUT unwind -223200  CE_OI=402520 PE_OI=150640
pcr2 =  BSE:SENSEX26O0173600PE   0.27   -0.85 CALL added 283200   PUT unwind -239680  CE_OI=387860 PE_OI=104280
pcr3 =  BSE:SENSEX26O0173500PE   0.43   -0.16 CALL added 803000   PUT unwind -127460  CE_OI=965960 PE_OI=413760
pcr4 =  BSE:SENSEX26O0173400PE   0.37   -0.01 CALL added 434460   PUT unwind -3980  CE_OI=469720 PE_OI=175980
pcr5 =  BSE:SENSEX26O0173300CE   0.46   -0.02 CALL added 436780   PUT unwind -9220  CE_OI=459860 PE_OI=211080
pcr6 =  BSE:SENSEX26O0173200CE   0.61    0.41 CALL added 580540   PUT added 240780  CE_OI=598580 PE_OI=365540
pcr7 =  BSE:SENSEX26O0173100CE   0.77   0.58 CALL added 444660   PUT added 256560  CE_OI=453200 PE_OI=351200
pcr8 =  BSE:SENSEX26O0173000PE   1.11   0.69 CALL added 813700   PUT added 559360  CE_OI=862460 PE_OI=954800
pcr9 =  BSE:SENSEX26O0172900PE   1.97   1.77 CALL added 303440   PUT added 535700  CE_OI=308960 PE_OI=608480
pcr10 =  BSE:SENSEX26O0172800PE   3.47   2.83 CALL added 157780   PUT added 447180  CE_OI=164040 PE_OI=569340
pcr11 =  BSE:SENSEX26O0172700PE   5.29   4.1 CALL added 73480   PUT added 301460  CE_OI=75300 PE_OI=398020
pcr12 =  BSE:SENSEX26O0172600CE   5.7   3.03 CALL added 31580   PUT added 95840  CE_OI=33920 PE_OI=193380
pcr13 =  BSE:SENSEX26O0172500PE   8.48   2.8 CALL added 63880   PUT added 178620  CE_OI=69360 PE_OI=587840
pcr14 =  BSE:SENSEX26O0172400PE   12.18   6.22 CALL added 16220   PUT added 100940  CE_OI=16620 PE_OI=202420
pcr15 =  BSE:SENSEX26O0172300CE   17.98   1.41 CALL added 13920   PUT added 19560  CE_OI=14540 PE_OI=261420
pcr16 =  BSE:SENSEX26O0172200CE   20.65   10.16 CALL added 5820   PUT added 59140  CE_OI=6140 PE_OI=126780
pcr17 =  BSE:SENSEX26O0172100PE   61.98   30.46 CALL added 2120   PUT added 64580  CE_OI=2420 PE_OI=149980
PCRSUM== 142.09
pcrSummation== 27.86
spotLTP =  72942.38  ATM_STRIKE =  72900
IS_ATM_STRIKE_SHIFT = False  mapStrike = {72900: 72900}
avgOiPcrList2 = [np.float64(8.36), np.float64(8.4), np.float64(8.36)] atmStrikeNotShiftedCount= 3
avgOiPcr9List2 = [np.float64(3.07), np.float64(3.1), np.float64(3.1)] atmStrikeNotShiftedCount= 3
False   3   3
SUPP_RES=== 73000  Buffer= 60
ANCHOR_COMPARE: spot=72942.38 fut=73643.05 basis(fut-spot)=700.67 | SR_spot(PRIMARY)=73000 SR_future=73500 SR_diff(fut-spot)=500 | PCRwin_spot(PRIMARY)=72900 PCRwin_future=73600
CEoich val =  813700.0  PEoich val =  559360.0 , CE > PE by 31.3%
SUPP_RES TOTAL OI: CE= 862460  PE= 954800 , CE < PE by 9.7%
INCR_CHOI: SUPP_RES=73000 role=RESISTANCE fresh_CE=-4900 fresh_PE=-1020 -> PE_dominant by 79.2% (resistance CHALLENGED (bullish warning)) | cumulative CE=813700.0 PE=559360.0
==========================
FUT_SUPP_RES=== 73500  (FUT_LTP= 73643.05 ) Buffer= 60
FUT CEoich val =  803000.0  PEoich val =  -127460.0 , CE > PE by 115.9%
FUT_SUPP_RES TOTAL OI: CE= 965960  PE= 413760 , CE > PE by 57.2%
OI_SUPP_RES: spot=72942.38 ATM=72900 (win=±500 mode=CHOI) (ATM_CE_OI=308960 ATM_PE_OI=608480) | SUPPORT=72900PE CHOI=535700 (dist=0) | RESISTANCE=73000CE CHOI=813700 (dist=100)
OI_SUPPORT=== 72900
OI_SUPPORT CEoich val = 303440.0  PEoich val = 535700.0 , CE < PE by 43.4%
OI_SUPPORT TOTAL OI: CE= 308960  PE= 608480 , CE < PE by 49.2%
OI_RESISTANCE=== 73000
OI_RESISTANCE CEoich val = 813700.0  PEoich val = 559360.0 , CE > PE by 31.3%
OI_RESISTANCE TOTAL OI: CE= 862460  PE= 954800 , CE < PE by 9.7%
IS_MORNING_WINDOW= False  (active 9:15-9:48 IST)
================================================
==== signal check time ==== 2026-09-28 12:51:00.651178
CHART_PATTERN_DETECTED: DOUBLE_TOP_FORMING | DOUBLE_BOTTOM_FORMING
  PATTERN_CONTEXT: Body= -0.9  Range= 0.9  ExpectedRange= 75.4  RangeRatio= 0.01  O= 73644.0  H= 73644.0  L= 73643.0  C= 73643.0
PCR9_SEQ_FLAT: 3.07 -> 3.1 -> 3.1 (not monotonic)
recent two = [np.float64(8.4), np.float64(8.36)]
ATMStrike =  72900
AVG_OIPCR= 3.1
avgoiPCROld=  8.36
AVG_OIPCR_9STRIKE= 3.1  (pcr5..pcr13 = ATM +/-4, 9 strikes)
SUPP_RES = 73000
spotLTP = 72942.38
FUT LTP = 73643.05
CEchoi  PechOi = 813700.0    559360.0
====================================
atmPCR= 0.46  belowATM  0.61
CHOI_DOM_GATE: gate_on= True  bull_ok= False  bear_ok= False | isPE_DomSupp_once= False  fresh_PE= -1020 | isCE_DomRes_once= False  fresh_CE= -4900
India VIX = 13.8  Spot Price = 72908.79
IV Regime = HIGH (ADAPTIVE: P25= 11.15  P50= 11.53  P75= 12.29 ) | DailyRange = 1437.3 | 3minCandleRange = 75.6 (theoretical= 126.1 ) | ATMoptionMove = 34.0 | SL = 119 | Target = 119 | TrailTrigger = 34 | Spread = 400 | Buffer = 61
IV Params refreshed: {'vix': 13.8, 'bn_price': 72908.79, 'regime': 'HIGH', 'regime_thresholds': 'P25=11.15 P50=11.53 P75=12.29', 'daily_range': 1437.3, 'candle_range': 75.6, 'atm_option_move': 34.0, 'sl_point': 119, 'target_point': 119, 'sl_pct_of_premium': 0.1, 'trail_trigger': 34, 'spread_width': 400, 'support_resistance_buffer': 61}
===
====after 3 min ochain==== 2026-09-28 12:54:00.000002
                                    oipcr   choipcr   CE_OI / PE_OI (same strike)
pcr1 =  BSE:SENSEX26O0173700CE   0.37   -1.44 CALL added 154780   PUT unwind -223500  CE_OI=402920 PE_OI=150340
pcr2 =  BSE:SENSEX26O0173600PE   0.27   -0.84 CALL added 284320   PUT unwind -239740  CE_OI=388980 PE_OI=104220
pcr3 =  BSE:SENSEX26O0173500PE   0.43   -0.16 CALL added 808040   PUT unwind -128040  CE_OI=971000 PE_OI=413180
pcr4 =  BSE:SENSEX26O0173400PE   0.37   -0.01 CALL added 442000   PUT unwind -3360  CE_OI=477260 PE_OI=176600
pcr5 =  BSE:SENSEX26O0173300CE   0.46   -0.02 CALL added 438520   PUT unwind -9420  CE_OI=461600 PE_OI=210880
pcr6 =  BSE:SENSEX26O0173200CE   0.61    0.41 CALL added 584240   PUT added 240060  CE_OI=602280 PE_OI=364820
pcr7 =  BSE:SENSEX26O0173100CE   0.76   0.57 CALL added 445540   PUT added 252640  CE_OI=454080 PE_OI=347280
pcr8 =  BSE:SENSEX26O0173000PE   1.12   0.7 CALL added 816320   PUT added 573880  CE_OI=865080 PE_OI=969320
pcr9 =  BSE:SENSEX26O0172900PE   1.94   1.73 CALL added 307640   PUT added 533660  CE_OI=313160 PE_OI=606440
pcr10 =  BSE:SENSEX26O0172800PE   3.47   2.82 CALL added 156460   PUT added 441820  CE_OI=162720 PE_OI=563980
pcr11 =  BSE:SENSEX26O0172700PE   5.32   4.11 CALL added 71640   PUT added 294500  CE_OI=73460 PE_OI=391060
pcr12 =  BSE:SENSEX26O0172600CE   5.66   2.99 CALL added 31500   PUT added 94120  CE_OI=33840 PE_OI=191660
pcr13 =  BSE:SENSEX26O0172500PE   8.48   2.82 CALL added 64060   PUT added 180720  CE_OI=69540 PE_OI=589940
pcr14 =  BSE:SENSEX26O0172400PE   12.0   6.04 CALL added 16220   PUT added 98000  CE_OI=16620 PE_OI=199480
pcr15 =  BSE:SENSEX26O0172300CE   17.83   1.32 CALL added 13980   PUT added 18400  CE_OI=14600 PE_OI=260260
pcr16 =  BSE:SENSEX26O0172200CE   20.67   10.22 CALL added 5840   PUT added 59660  CE_OI=6160 PE_OI=127300
pcr17 =  BSE:SENSEX26O0172100PE   62.62   31.2 CALL added 2120   PUT added 66140  CE_OI=2420 PE_OI=151540
PCRSUM== 142.38
pcrSummation== 27.82
spotLTP =  72908.13  ATM_STRIKE =  72900
IS_ATM_STRIKE_SHIFT = False  mapStrike = {72900: 72900}
avgOiPcrList2 = [np.float64(8.4), np.float64(8.36), np.float64(8.38)] atmStrikeNotShiftedCount= 4
avgOiPcr9List2 = [np.float64(3.1), np.float64(3.1), np.float64(3.09)] atmStrikeNotShiftedCount= 4
False   4   3
SUPP_RES=== 73000  Buffer= 61
ANCHOR_COMPARE: spot=72908.13 fut=73605.85 basis(fut-spot)=697.72 | SR_spot(PRIMARY)=73000 SR_future=73500 SR_diff(fut-spot)=500 | PCRwin_spot(PRIMARY)=72900 PCRwin_future=73600
CEoich val =  816320.0  PEoich val =  573880.0 , CE > PE by 29.7%
SUPP_RES TOTAL OI: CE= 865080  PE= 969320 , CE < PE by 10.8%
INCR_CHOI: SUPP_RES=73000 role=RESISTANCE fresh_CE=2620 fresh_PE=14520 -> PE_dominant by 82.0% (resistance CHALLENGED (bullish warning)) | cumulative CE=816320.0 PE=573880.0
==========================
FUT_SUPP_RES=== 73500  (FUT_LTP= 73605.85 ) Buffer= 61
FUT CEoich val =  808040.0  PEoich val =  -128040.0 , CE > PE by 115.8%
FUT_SUPP_RES TOTAL OI: CE= 971000  PE= 413180 , CE > PE by 57.4%
OI_SUPP_RES: spot=72908.13 ATM=72900 (win=±500 mode=CHOI) (ATM_CE_OI=313160 ATM_PE_OI=606440) | SUPPORT=72900PE CHOI=533660 (dist=0) | RESISTANCE=73000CE CHOI=816320 (dist=100)
OI_SUPPORT=== 72900
OI_SUPPORT CEoich val = 307640.0  PEoich val = 533660.0 , CE < PE by 42.4%
OI_SUPPORT TOTAL OI: CE= 313160  PE= 606440 , CE < PE by 48.4%
OI_RESISTANCE=== 73000
OI_RESISTANCE CEoich val = 816320.0  PEoich val = 573880.0 , CE > PE by 29.7%
OI_RESISTANCE TOTAL OI: CE= 865080  PE= 969320 , CE < PE by 10.8%
IS_MORNING_WINDOW= False  (active 9:15-9:48 IST)
================================================
==== signal check time ==== 2026-09-28 12:54:00.598709
CHART_PATTERN_DETECTED: DOUBLE_TOP_FORMING
  PATTERN_CONTEXT: Body= -37.2  Range= 37.2  ExpectedRange= 75.6  RangeRatio= 0.49  O= 73643.0  H= 73643.0  L= 73605.8  C= 73605.8
PCR9_SEQ_FLAT: 3.1 -> 3.1 -> 3.09 (not monotonic)
recent two = [np.float64(8.36), np.float64(8.38)]
ATMStrike =  72900
AVG_OIPCR= 3.09
avgoiPCROld=  8.38
AVG_OIPCR_9STRIKE= 3.09  (pcr5..pcr13 = ATM +/-4, 9 strikes)
SUPP_RES = 73000
spotLTP = 72908.13
FUT LTP = 73605.85
CEchoi  PechOi = 816320.0    573880.0
====================================
atmPCR= 0.46  belowATM  0.61
CHOI_DOM_GATE: gate_on= True  bull_ok= False  bear_ok= False | isPE_DomSupp_once= False  fresh_PE= 14520 | isCE_DomRes_once= False  fresh_CE= 2620
India VIX = 13.8  Spot Price = 72923.27
IV Regime = HIGH (ADAPTIVE: P25= 11.15  P50= 11.53  P75= 12.29 ) | DailyRange = 1437.6 | 3minCandleRange = 75.7 (theoretical= 126.1 ) | ATMoptionMove = 34.0 | SL = 119 | Target = 119 | TrailTrigger = 34 | Spread = 400 | Buffer = 61
IV Params refreshed: {'vix': 13.8, 'bn_price': 72923.27, 'regime': 'HIGH', 'regime_thresholds': 'P25=11.15 P50=11.53 P75=12.29', 'daily_range': 1437.6, 'candle_range': 75.7, 'atm_option_move': 34.0, 'sl_point': 119, 'target_point': 119, 'sl_pct_of_premium': 0.1, 'trail_trigger': 34, 'spread_width': 400, 'support_resistance_buffer': 61}
===
====after 3 min ochain==== 2026-09-28 12:57:00.000001
                                    oipcr   choipcr   CE_OI / PE_OI (same strike)
pcr1 =  BSE:SENSEX26O0173700CE   0.37   -1.41 CALL added 158440   PUT unwind -223000  CE_OI=406580 PE_OI=150840
pcr2 =  BSE:SENSEX26O0173600PE   0.26   -0.86 CALL added 280720   PUT unwind -241960  CE_OI=385380 PE_OI=102000
pcr3 =  BSE:SENSEX26O0173500PE   0.42   -0.16 CALL added 812500   PUT unwind -128980  CE_OI=975460 PE_OI=412240
pcr4 =  BSE:SENSEX26O0173400PE   0.36   -0.01 CALL added 448560   PUT unwind -4880  CE_OI=483820 PE_OI=175080
pcr5 =  BSE:SENSEX26O0173300CE   0.46   -0.02 CALL added 436740   PUT unwind -9280  CE_OI=459820 PE_OI=211020
pcr6 =  BSE:SENSEX26O0173200CE   0.6    0.4 CALL added 581140   PUT added 235200  CE_OI=599180 PE_OI=359960
pcr7 =  BSE:SENSEX26O0173100CE   0.76   0.56 CALL added 449640   PUT added 252440  CE_OI=458180 PE_OI=347080
pcr8 =  BSE:SENSEX26O0173000PE   1.11   0.69 CALL added 808820   PUT added 559640  CE_OI=857580 PE_OI=955080
pcr9 =  BSE:SENSEX26O0172900PE   1.88   1.68 CALL added 311140   PUT added 521460  CE_OI=316660 PE_OI=594240
pcr10 =  BSE:SENSEX26O0172800PE   3.25   2.63 CALL added 164680   PUT added 432820  CE_OI=170940 PE_OI=554980
pcr11 =  BSE:SENSEX26O0172700PE   5.31   4.1 CALL added 71960   PUT added 295320  CE_OI=73780 PE_OI=391880
pcr12 =  BSE:SENSEX26O0172600CE   5.74   3.07 CALL added 31420   PUT added 96340  CE_OI=33760 PE_OI=193880
pcr13 =  BSE:SENSEX26O0172500PE   8.62   2.96 CALL added 63940   PUT added 189180  CE_OI=69420 PE_OI=598400
pcr14 =  BSE:SENSEX26O0172400PE   11.92   5.99 CALL added 16300   PUT added 97620  CE_OI=16700 PE_OI=199100
pcr15 =  BSE:SENSEX26O0172300CE   18.22   1.75 CALL added 14000   PUT added 24500  CE_OI=14620 PE_OI=266360
pcr16 =  BSE:SENSEX26O0172200CE   20.85   10.38 CALL added 5820   PUT added 60400  CE_OI=6140 PE_OI=128040
pcr17 =  BSE:SENSEX26O0172100PE   59.83   29.72 CALL added 2240   PUT added 66580  CE_OI=2540 PE_OI=151980
PCRSUM== 139.96
pcrSummation== 27.73
spotLTP =  72923.27  ATM_STRIKE =  72900
IS_ATM_STRIKE_SHIFT = False  mapStrike = {72900: 72900}
avgOiPcrList2 = [np.float64(8.36), np.float64(8.38), np.float64(8.23)] atmStrikeNotShiftedCount= 5
avgOiPcr9List2 = [np.float64(3.1), np.float64(3.09), np.float64(3.08)] atmStrikeNotShiftedCount= 5
False   5   3
SUPP_RES=== 73000  Buffer= 61
ANCHOR_COMPARE: spot=72923.27 fut=73600.0 basis(fut-spot)=676.73 | SR_spot(PRIMARY)=73000 SR_future=73500 SR_diff(fut-spot)=500 | PCRwin_spot(PRIMARY)=72900 PCRwin_future=73600
CEoich val =  808820.0  PEoich val =  559640.0 , CE > PE by 30.8%
SUPP_RES TOTAL OI: CE= 857580  PE= 955080 , CE < PE by 10.2%
INCR_CHOI: SUPP_RES=73000 role=RESISTANCE fresh_CE=-7500 fresh_PE=-14240 -> CE_dominant by 47.3% (resistance HOLDING (bearish)) | cumulative CE=808820.0 PE=559640.0
==========================
FUT_SUPP_RES=== 73500  (FUT_LTP= 73600.0 ) Buffer= 61
FUT CEoich val =  812500.0  PEoich val =  -128980.0 , CE > PE by 115.9%
FUT_SUPP_RES TOTAL OI: CE= 975460  PE= 412240 , CE > PE by 57.7%
OI_SUPP_RES: spot=72923.27 ATM=72900 (win=±500 mode=CHOI) (ATM_CE_OI=316660 ATM_PE_OI=594240) | SUPPORT=72900PE CHOI=521460 (dist=0) | RESISTANCE=73000CE CHOI=808820 (dist=100)
OI_SUPPORT=== 72900
OI_SUPPORT CEoich val = 311140.0  PEoich val = 521460.0 , CE < PE by 40.3%
OI_SUPPORT TOTAL OI: CE= 316660  PE= 594240 , CE < PE by 46.7%
OI_RESISTANCE=== 73000
OI_RESISTANCE CEoich val = 808820.0  PEoich val = 559640.0 , CE > PE by 30.8%
OI_RESISTANCE TOTAL OI: CE= 857580  PE= 955080 , CE < PE by 10.2%
IS_MORNING_WINDOW= False  (active 9:15-9:48 IST)
================================================
==== signal check time ==== 2026-09-28 12:57:00.623400
CHART_PATTERN_DETECTED: DOUBLE_TOP_FORMING | DOUBLE_BOTTOM_FORMING
  PATTERN_CONTEXT: Body= 0.0  Range= 0.0  ExpectedRange= 75.7  RangeRatio= 0.0  O= 73600.0  H= 73600.0  L= 73600.0  C= 73600.0
isPcrDecr9 = True
PCR9_SEQ_DEC: 3.1 -> 3.09 -> 3.08 | pcr2 < pcr1 by -0.3% | pcr3 < pcr2 by -0.3%
recent two = [np.float64(8.38), np.float64(8.23)]
isCE_DominantAtRes_once = True  isCE_DominantAtRes_twice = False  isCE_DominantAtRes_trice = False (CE_res_streak= 1 )
ATMStrike =  72900
AVG_OIPCR= 3.08
avgoiPCROld=  8.23
AVG_OIPCR_9STRIKE= 3.08  (pcr5..pcr13 = ATM +/-4, 9 strikes)
SUPP_RES = 73000
spotLTP = 72923.27
FUT LTP = 73600.0
CEchoi  PechOi = 808820.0    559640.0
====================================
atmPCR= 0.46  belowATM  0.6
CHOI_DOM_GATE: gate_on= True  bull_ok= False  bear_ok= False | isPE_DomSupp_once= False  fresh_PE= -14240 | isCE_DomRes_once= True  fresh_CE= -7500
India VIX = 13.8  Spot Price = 72919.49
IV Regime = HIGH (ADAPTIVE: P25= 11.15  P50= 11.53  P75= 12.29 ) | DailyRange = 1437.6 | 3minCandleRange = 75.6 (theoretical= 126.1 ) | ATMoptionMove = 34.0 | SL = 119 | Target = 119 | TrailTrigger = 34 | Spread = 400 | Buffer = 61
IV Params refreshed: {'vix': 13.8, 'bn_price': 72919.49, 'regime': 'HIGH', 'regime_thresholds': 'P25=11.15 P50=11.53 P75=12.29', 'daily_range': 1437.6, 'candle_range': 75.6, 'atm_option_move': 34.0, 'sl_point': 119, 'target_point': 119, 'sl_pct_of_premium': 0.1, 'trail_trigger': 34, 'spread_width': 400, 'support_resistance_buffer': 61}
===
====after 3 min ochain==== 2026-09-28 13:00:00.000002
                                    oipcr   choipcr   CE_OI / PE_OI (same strike)
pcr1 =  BSE:SENSEX26O0173700CE   0.37   -1.42 CALL added 157160   PUT unwind -223240  CE_OI=405300 PE_OI=150600
pcr2 =  BSE:SENSEX26O0173600PE   0.26   -0.86 CALL added 282920   PUT unwind -242860  CE_OI=387580 PE_OI=101100
pcr3 =  BSE:SENSEX26O0173500PE   0.42   -0.16 CALL added 809980   PUT unwind -129900  CE_OI=972940 PE_OI=411320
pcr4 =  BSE:SENSEX26O0173400PE   0.36   -0.01 CALL added 445900   PUT unwind -4920  CE_OI=481160 PE_OI=175040
pcr5 =  BSE:SENSEX26O0173300CE   0.46   -0.02 CALL added 435500   PUT unwind -10440  CE_OI=458580 PE_OI=209860
pcr6 =  BSE:SENSEX26O0173200CE   0.61    0.41 CALL added 577580   PUT added 236860  CE_OI=595620 PE_OI=361620
pcr7 =  BSE:SENSEX26O0173100CE   0.75   0.56 CALL added 451320   PUT added 251740  CE_OI=459860 PE_OI=346380
pcr8 =  BSE:SENSEX26O0173000PE   1.1   0.68 CALL added 819300   PUT added 556340  CE_OI=868060 PE_OI=951780
pcr9 =  BSE:SENSEX26O0172900PE   1.87   1.67 CALL added 317140   PUT added 529840  CE_OI=322660 PE_OI=602620
pcr10 =  BSE:SENSEX26O0172800PE   3.3   2.66 CALL added 157220   PUT added 417820  CE_OI=163480 PE_OI=539980
pcr11 =  BSE:SENSEX26O0172700PE   5.29   4.09 CALL added 72200   PUT added 295160  CE_OI=74020 PE_OI=391720
pcr12 =  BSE:SENSEX26O0172600CE   5.65   2.98 CALL added 31660   PUT added 94400  CE_OI=34000 PE_OI=191940
pcr13 =  BSE:SENSEX26O0172500PE   8.34   2.75 CALL added 65020   PUT added 178920  CE_OI=70500 PE_OI=588140
pcr14 =  BSE:SENSEX26O0172400PE   12.0   6.09 CALL added 16360   PUT added 99640  CE_OI=16760 PE_OI=201120
pcr15 =  BSE:SENSEX26O0172300CE   18.49   2.03 CALL added 14000   PUT added 28480  CE_OI=14620 PE_OI=270340
pcr16 =  BSE:SENSEX26O0172200CE   20.62   10.2 CALL added 5860   PUT added 59780  CE_OI=6180 PE_OI=127420
pcr17 =  BSE:SENSEX26O0172100PE   59.76   29.63 CALL added 2240   PUT added 66380  CE_OI=2540 PE_OI=151780
PCRSUM== 139.65
pcrSummation== 27.37
spotLTP =  72919.49  ATM_STRIKE =  72900
IS_ATM_STRIKE_SHIFT = False  mapStrike = {72900: 72900}
avgOiPcrList2 = [np.float64(8.38), np.float64(8.23), np.float64(8.21)] atmStrikeNotShiftedCount= 6
avgOiPcr9List2 = [np.float64(3.09), np.float64(3.08), np.float64(3.04)] atmStrikeNotShiftedCount= 6
False   6   3
SUPP_RES=== 73000  Buffer= 61
ANCHOR_COMPARE: spot=72919.49 fut=73600.0 basis(fut-spot)=680.51 | SR_spot(PRIMARY)=73000 SR_future=73500 SR_diff(fut-spot)=500 | PCRwin_spot(PRIMARY)=72900 PCRwin_future=73600
CEoich val =  819300.0  PEoich val =  556340.0 , CE > PE by 32.1%
SUPP_RES TOTAL OI: CE= 868060  PE= 951780 , CE < PE by 8.8%
INCR_CHOI: SUPP_RES=73000 role=RESISTANCE fresh_CE=10480 fresh_PE=-3300 -> CE_dominant by 131.5% (resistance HOLDING (bearish)) | cumulative CE=819300.0 PE=556340.0
==========================
FUT_SUPP_RES=== 73500  (FUT_LTP= 73600.0 ) Buffer= 61
FUT CEoich val =  809980.0  PEoich val =  -129900.0 , CE > PE by 116.0%
FUT_SUPP_RES TOTAL OI: CE= 972940  PE= 411320 , CE > PE by 57.7%
OI_SUPP_RES: spot=72919.49 ATM=72900 (win=±500 mode=CHOI) (ATM_CE_OI=322660 ATM_PE_OI=602620) | SUPPORT=72900PE CHOI=529840 (dist=0) | RESISTANCE=73000CE CHOI=819300 (dist=100)
OI_SUPPORT=== 72900
OI_SUPPORT CEoich val = 317140.0  PEoich val = 529840.0 , CE < PE by 40.1%
OI_SUPPORT TOTAL OI: CE= 322660  PE= 602620 , CE < PE by 46.5%
OI_RESISTANCE=== 73000
OI_RESISTANCE CEoich val = 819300.0  PEoich val = 556340.0 , CE > PE by 32.1%
OI_RESISTANCE TOTAL OI: CE= 868060  PE= 951780 , CE < PE by 8.8%
IS_MORNING_WINDOW= False  (active 9:15-9:48 IST)
================================================
==== signal check time ==== 2026-09-28 13:00:00.678176
CHART_PATTERN_DETECTED: INSIDE_BAR | DOUBLE_BOTTOM_FORMING
  PATTERN_CONTEXT: Body= 0.0  Range= 0.0  ExpectedRange= 75.6  RangeRatio= 0.0  O= 73600.0  H= 73600.0  L= 73600.0  C= 73600.0
isPcrDecr9 = True
PCR9_SEQ_DEC: 3.09 -> 3.08 -> 3.04 | pcr2 < pcr1 by -0.3% | pcr3 < pcr2 by -1.3%
isPcrDecr = True
PCR_SEQ_DEC: 8.38 -> 8.23 -> 8.21 | pcr2 < pcr1 by -1.8% | pcr3 < pcr2 by -0.2%
isCE_DominantAtRes_once = True  isCE_DominantAtRes_twice = True  isCE_DominantAtRes_trice = False (CE_res_streak= 2 )
ATMStrike =  72900
AVG_OIPCR= 3.04
avgoiPCROld=  8.21
AVG_OIPCR_9STRIKE= 3.04  (pcr5..pcr13 = ATM +/-4, 9 strikes)
SUPP_RES = 73000
spotLTP = 72919.49
FUT LTP = 73600.0
CEchoi  PechOi = 819300.0    556340.0
====================================
atmPCR= 0.46  belowATM  0.61
CHOI_DOM_GATE: gate_on= True  bull_ok= False  bear_ok= True | isPE_DomSupp_once= False  fresh_PE= -3300 | isCE_DomRes_once= True  fresh_CE= 10480
no trade yet = [np.float64(8.38), np.float64(8.23), np.float64(8.21)]
