checkInstrument =  BSE:SENSEX-INDEX
sensexExpDate =  26SEP
BNFut (Sensex futures auto) = BSE:SENSEX26SEPFUT
 -- not entered waiting for time--- 9 : 14
 -- not entered waiting for time--- 9 : 14
 -- not entered waiting for time--- 9 : 14
 -- not entered waiting for time--- 9 : 14
 -- not entered waiting for time--- 9 : 14
 -- not entered waiting for time--- 9 : 14
 -- not entered waiting for time--- 9 : 14
 -- not entered waiting for time--- 9 : 14
 -- not entered waiting for time--- 9 : 14
 -- not entered waiting for time--- 9 : 14
 -- not entered waiting for time--- 9 : 14
 -- not entered waiting for time--- 9 : 14
 -- not entered waiting for time--- 9 : 14
 -- not entered waiting for time--- 9 : 14
 -- not entered waiting for time--- 9 : 14
 -- not entered waiting for time--- 9 : 14
 -- not entered waiting for time--- 9 : 14
 -- not entered waiting for time--- 9 : 14
 -- not entered waiting for time--- 9 : 14
 -- not entered waiting for time--- 9 : 14
 -- not entered waiting for time--- 9 : 14
 -- not entered waiting for time--- 9 : 14
 -- not entered waiting for time--- 9 : 14
 -- not entered waiting for time--- 9 : 14
 -- not entered waiting for time--- 9 : 14
 -- not entered waiting for time--- 9 : 14
 -- not entered waiting for time--- 9 : 14
 -- not entered waiting for time--- 9 : 14
 -- not entered waiting for time--- 9 : 14
 -- not entered waiting for time--- 9 : 14
 -- not entered waiting for time--- 9 : 14
 -- not entered waiting for time--- 9 : 14
 -- not entered waiting for time--- 9 : 14
 -- not entered waiting for time--- 9 : 14
 -- not entered waiting for time--- 9 : 14
 -- not entered waiting for time--- 9 : 14
 -- not entered waiting for time--- 9 : 14
 -- not entered waiting for time--- 9 : 14
 -- not entered waiting for time--- 9 : 15
 -- not entered waiting for time--- 9 : 15
 -- not entered waiting for time--- 9 : 15
 -- not entered waiting for time--- 9 : 15
 -- not entered waiting for time--- 9 : 15
 -- not entered waiting for time--- 9 : 15
 -- not entered waiting for time--- 9 : 15
 -- not entered waiting for time--- 9 : 15
 -- not entered waiting for time--- 9 : 15
 -- not entered waiting for time--- 9 : 15
 -- not entered waiting for time--- 9 : 15
 -- not entered waiting for time--- 9 : 15
 -- not entered waiting for time--- 9 : 15
 -- not entered waiting for time--- 9 : 15
 -- not entered waiting for time--- 9 : 15
 -- not entered waiting for time--- 9 : 15
 -- not entered waiting for time--- 9 : 15
 -- not entered waiting for time--- 9 : 15
 -- not entered waiting for time--- 9 : 15
 -- not entered waiting for time--- 9 : 15
 -- not entered waiting for time--- 9 : 15
 -- not entered waiting for time--- 9 : 15
 -- not entered waiting for time--- 9 : 15
 -- not entered waiting for time--- 9 : 15
 -- not entered waiting for time--- 9 : 15
 -- not entered waiting for time--- 9 : 15
 -- not entered waiting for time--- 9 : 15
 -- not entered waiting for time--- 9 : 15
 -- not entered waiting for time--- 9 : 15
 -- not entered waiting for time--- 9 : 15
 -- not entered waiting for time--- 9 : 15
 -- not entered waiting for time--- 9 : 15
 -- not entered waiting for time--- 9 : 15
 -- not entered waiting for time--- 9 : 15
 -- not entered waiting for time--- 9 : 15
 -- not entered waiting for time--- 9 : 15
 -- not entered waiting for time--- 9 : 15
 -- not entered waiting for time--- 9 : 15
 -- not entered waiting for time--- 9 : 15
 -- not entered waiting for time--- 9 : 15
 -- not entered waiting for time--- 9 : 15
 -- not entered waiting for time--- 9 : 15
 -- not entered waiting for time--- 9 : 15
 -- not entered waiting for time--- 9 : 15
 -- not entered waiting for time--- 9 : 15
 -- not entered waiting for time--- 9 : 15
 -- not entered waiting for time--- 9 : 15
 -- not entered waiting for time--- 9 : 15
 -- not entered waiting for time--- 9 : 15
 -- not entered waiting for time--- 9 : 15
 -- not entered waiting for time--- 9 : 15
 -- not entered waiting for time--- 9 : 15
 -- not entered waiting for time--- 9 : 15
 -- not entered waiting for time--- 9 : 15
 -- not entered waiting for time--- 9 : 15
 -- not entered waiting for time--- 9 : 15
 -- not entered waiting for time--- 9 : 15
 -- not entered waiting for time--- 9 : 15
 -- not entered waiting for time--- 9 : 15
 -- not entered waiting for time--- 9 : 15
 -- not entered waiting for time--- 9 : 16
 -- not entered waiting for time--- 9 : 16
 -- not entered waiting for time--- 9 : 16
 -- not entered waiting for time--- 9 : 16
 -- not entered waiting for time--- 9 : 16
 -- not entered waiting for time--- 9 : 16
 -- not entered waiting for time--- 9 : 16
 -- not entered waiting for time--- 9 : 16
 -- not entered waiting for time--- 9 : 16
 -- not entered waiting for time--- 9 : 16
 -- not entered waiting for time--- 9 : 16
 -- not entered waiting for time--- 9 : 16
 -- not entered waiting for time--- 9 : 16
 -- not entered waiting for time--- 9 : 16
 -- not entered waiting for time--- 9 : 16
 -- not entered waiting for time--- 9 : 16
 -- not entered waiting for time--- 9 : 16
 -- not entered waiting for time--- 9 : 16
 -- not entered waiting for time--- 9 : 16
 -- not entered waiting for time--- 9 : 16
 -- not entered waiting for time--- 9 : 16
 -- not entered waiting for time--- 9 : 16
 -- not entered waiting for time--- 9 : 16
 -- not entered waiting for time--- 9 : 16
 -- not entered waiting for time--- 9 : 16
 -- not entered waiting for time--- 9 : 16
 -- not entered waiting for time--- 9 : 16
 -- not entered waiting for time--- 9 : 16
 -- not entered waiting for time--- 9 : 16
 -- not entered waiting for time--- 9 : 16
 -- not entered waiting for time--- 9 : 16
 -- not entered waiting for time--- 9 : 16
 -- not entered waiting for time--- 9 : 16
 -- not entered waiting for time--- 9 : 16
 -- not entered waiting for time--- 9 : 16
 -- not entered waiting for time--- 9 : 16
 -- not entered waiting for time--- 9 : 16
 -- not entered waiting for time--- 9 : 16
 -- not entered waiting for time--- 9 : 16
 -- not entered waiting for time--- 9 : 16
 -- not entered waiting for time--- 9 : 16
 -- not entered waiting for time--- 9 : 16
 -- not entered waiting for time--- 9 : 16
 -- not entered waiting for time--- 9 : 16
 -- not entered waiting for time--- 9 : 16
 -- not entered waiting for time--- 9 : 16
 -- not entered waiting for time--- 9 : 16
 -- not entered waiting for time--- 9 : 16
 -- not entered waiting for time--- 9 : 16
 -- not entered waiting for time--- 9 : 16
 -- not entered waiting for time--- 9 : 16
 -- not entered waiting for time--- 9 : 16
 -- not entered waiting for time--- 9 : 16
 -- not entered waiting for time--- 9 : 16
 -- not entered waiting for time--- 9 : 16
 -- not entered waiting for time--- 9 : 16
 -- not entered waiting for time--- 9 : 16
 -- not entered waiting for time--- 9 : 16
 -- not entered waiting for time--- 9 : 16
 -- not entered waiting for time--- 9 : 16
Waiting for first candle to form. Current Second ==  0    2
Waiting for first candle to form. Current Second ==  1    2
Waiting for first candle to form. Current Second ==  2    2
Waiting for first candle to form. Current Second ==  3    2
Waiting for first candle to form. Current Second ==  4    2
Waiting for first candle to form. Current Second ==  5    2
Waiting for first candle to form. Current Second ==  6    2
Waiting for first candle to form. Current Second ==  7    2
Waiting for first candle to form. Current Second ==  8    2
Waiting for first candle to form. Current Second ==  9    2
Waiting for first candle to form. Current Second ==  10    2
Waiting for first candle to form. Current Second ==  11    2
Waiting for first candle to form. Current Second ==  12    2
Waiting for first candle to form. Current Second ==  13    2
Waiting for first candle to form. Current Second ==  14    2
Waiting for first candle to form. Current Second ==  15    2
Waiting for first candle to form. Current Second ==  16    2
Waiting for first candle to form. Current Second ==  17    2
Waiting for first candle to form. Current Second ==  18    2
Waiting for first candle to form. Current Second ==  19    2
Waiting for first candle to form. Current Second ==  20    2
Waiting for first candle to form. Current Second ==  21    2
Waiting for first candle to form. Current Second ==  22    2
Waiting for first candle to form. Current Second ==  23    2
Waiting for first candle to form. Current Second ==  24    2
Waiting for first candle to form. Current Second ==  25    2
Waiting for first candle to form. Current Second ==  26    2
Waiting for first candle to form. Current Second ==  27    2
Waiting for first candle to form. Current Second ==  28    2
Waiting for first candle to form. Current Second ==  29    2
Waiting for first candle to form. Current Second ==  30    2
Waiting for first candle to form. Current Second ==  31    2
Waiting for first candle to form. Current Second ==  32    2
Waiting for first candle to form. Current Second ==  33    2
Waiting for first candle to form. Current Second ==  34    2
Waiting for first candle to form. Current Second ==  35    2
Waiting for first candle to form. Current Second ==  36    2
Waiting for first candle to form. Current Second ==  37    2
Waiting for first candle to form. Current Second ==  38    2
Waiting for first candle to form. Current Second ==  39    2
Waiting for first candle to form. Current Second ==  40    2
Waiting for first candle to form. Current Second ==  41    2
Waiting for first candle to form. Current Second ==  42    2
Waiting for first candle to form. Current Second ==  43    2
Waiting for first candle to form. Current Second ==  44    2
Waiting for first candle to form. Current Second ==  45    2
Waiting for first candle to form. Current Second ==  46    2
Waiting for first candle to form. Current Second ==  47    2
Waiting for first candle to form. Current Second ==  48    2
Waiting for first candle to form. Current Second ==  49    2
Waiting for first candle to form. Current Second ==  50    2
Waiting for first candle to form. Current Second ==  51    2
Waiting for first candle to form. Current Second ==  52    2
Waiting for first candle to form. Current Second ==  53    2
Waiting for first candle to form. Current Second ==  54    2
Waiting for first candle to form. Current Second ==  55    2
Waiting for first candle to form. Current Second ==  56    2
Waiting for first candle to form. Current Second ==  57    2
Waiting for first candle to form. Current Second ==  58    2
Waiting for first candle to form. Current Second ==  59    2
India VIX = 11.62  Spot Price = 74700.14
VIX_PERCENTILES_FETCHED: P25= 11.13  P50= 11.38  P75= 11.98  Min= 10.48  Max= 13.47
IV Regime = ELEVATED (ADAPTIVE: P25= 11.13  P50= 11.38  P75= 11.98 ) | DailyRange = 1240.0 | 3minCandleRange = 65.3 (theoretical= 108.8 ) | ATMoptionMove = 29.4 | SL = 103 | Target = 103 | TrailTrigger = 29 | Spread = 300 | Buffer = 42
IV Params refreshed: {'vix': 11.62, 'bn_price': 74700.14, 'regime': 'ELEVATED', 'regime_thresholds': 'P25=11.13 P50=11.38 P75=11.98', 'daily_range': 1240.0, 'candle_range': 65.3, 'atm_option_move': 29.4, 'sl_point': 103, 'target_point': 103, 'sl_pct_of_premium': 0.1, 'trail_trigger': 29, 'spread_width': 300, 'support_resistance_buffer': 42}
IV_RANK_DATA: VIX_30d_High= 13.47  VIX_30d_Low= 10.48  Current= 11.62  IV_Rank= 0.38
===
====after 3 min ochain==== 2026-09-21 09:18:00.697137
/home/ubuntu/trading-bot/Strategy_Sensex_May_2026.py:1365: RuntimeWarning: invalid value encountered in scalar divide
  option_type[index1] == 'PE' else round(oich[index2] / oich[index1], 2)
/home/ubuntu/trading-bot/Strategy_Sensex_May_2026.py:1364: RuntimeWarning: invalid value encountered in scalar divide
  pcr = round(oich[index1] / oich[index2], 2) if option_type[index1] != '' and option_type[index2] != '' and \
                                    oipcr   choipcr   CE_OI / PE_OI (same strike)
pcr1 =  BSE:SENSEX26SEP75500PE   0.13   -0.01 CALL added 49580   PUT unwind -380  CE_OI=355980 PE_OI=47980
pcr2 =  BSE:SENSEX26SEP75400CE   0.15   0.01 CALL added 19460   PUT added 220  CE_OI=109700 PE_OI=16680
pcr3 =  BSE:SENSEX26SEP75300PE   0.12   0.04 CALL added 32520   PUT added 1260  CE_OI=135700 PE_OI=15920
pcr4 =  BSE:SENSEX26SEP75200CE   0.19   0.13 CALL added 15560   PUT added 2020  CE_OI=140240 PE_OI=26280
pcr5 =  BSE:SENSEX26SEP75100CE   0.27   1.08 CALL added 6400   PUT added 6880  CE_OI=222200 PE_OI=61020
pcr6 =  BSE:SENSEX26SEP75000PE   0.45    nan CALL unwind 0   PUT unwind 0  CE_OI=501640 PE_OI=223720
pcr7 =  BSE:SENSEX26SEP74900CE   0.26   0.53 CALL added 17980   PUT added 9480  CE_OI=216160 PE_OI=56720
pcr8 =  BSE:SENSEX26SEP74800PE   0.69   0.78 CALL added 34180   PUT added 26820  CE_OI=184480 PE_OI=128020
pcr9 =  BSE:SENSEX26SEP74700CE   0.92   1.05 CALL added 46900   PUT added 49140  CE_OI=265840 PE_OI=244880
pcr10 =  BSE:SENSEX26SEP74600PE   1.39   0.83 CALL added 72300   PUT added 59660  CE_OI=391440 PE_OI=542480
pcr11 =  BSE:SENSEX26SEP74500PE   1.22   1.76 CALL added 48140   PUT added 84900  CE_OI=894200 PE_OI=1093900
pcr12 =  BSE:SENSEX26SEP74400CE   2.03   2.3 CALL added 14900   PUT added 34300  CE_OI=244000 PE_OI=495700
pcr13 =  BSE:SENSEX26SEP74300PE   2.65   2.72 CALL added 6860   PUT added 18680  CE_OI=125600 PE_OI=332460
pcr14 =  BSE:SENSEX26SEP74200PE   7.54   18.41 CALL added 1860   PUT added 34240  CE_OI=48000 PE_OI=361880
pcr15 =  BSE:SENSEX26SEP74100PE   11.56   21.52 CALL added 1240   PUT added 26680  CE_OI=34320 PE_OI=396680
pcr16 =  BSE:SENSEX26SEP74000CE   5.15   nan CALL unwind 0   PUT unwind 0  CE_OI=78600 PE_OI=405100
pcr17 =  BSE:SENSEX26SEP73900CE   9.98   61.0 CALL added 260   PUT added 15860  CE_OI=14300 PE_OI=142700
PCRSUM== 44.7
pcrSummation== 9.88
spotLTP =  74700.14  ATM_STRIKE =  74700
IS_ATM_STRIKE_SHIFT = False  mapStrike = {74700: 74700}
avgOiPcrList2 = [np.float64(2.63)] atmStrikeNotShiftedCount= 1
avgOiPcr9List2 = [np.float64(1.1)] atmStrikeNotShiftedCount= 1
False   1   1
SUPP_RES=== 74500  Buffer= 42
ANCHOR_COMPARE: spot=74700.14 fut=74700.0 basis(fut-spot)=-0.14 | SR_spot(PRIMARY)=74500 SR_future=74500 SR_diff(fut-spot)=0 | PCRwin_spot(PRIMARY)=74700 PCRwin_future=74700
CEoich val =  48140.0  PEoich val =  84900.0 , CE < PE by 43.3%
SUPP_RES TOTAL OI: CE= 894200  PE= 1093900 , CE < PE by 18.3%
INCR_CHOI: SUPP_RES=74500 role=SUPPORT first sighting (no prev cycle to diff) | cumulative CE=48140.0 PE=84900.0
==========================
FUT_SUPP_RES=== 74500  (FUT_LTP= 74700.0 ) Buffer= 42
FUT CEoich val =  48140.0  PEoich val =  84900.0 , CE < PE by 43.3%
FUT_SUPP_RES TOTAL OI: CE= 894200  PE= 1093900 , CE < PE by 18.3%
OI_SUPP_RES: spot=74700.14 ATM=74700 (win=±500 mode=OI) (ATM_CE_OI=265840 ATM_PE_OI=244880) | SUPPORT=74500PE OI=1093900 (dist=-200) | RESISTANCE=75000CE OI=501640 (dist=300)
OI_SUPPORT=== 74500
OI_SUPPORT CEoich val = 48140.0  PEoich val = 84900.0 , CE < PE by 43.3%
OI_SUPPORT TOTAL OI: CE= 894200  PE= 1093900 , CE < PE by 18.3%
OI_RESISTANCE=== 75000
OI_RESISTANCE CEoich val = 0.0  PEoich val = 0.0 , CE < PE by 0.0%
OI_RESISTANCE TOTAL OI: CE= 501640  PE= 223720 , CE > PE by 55.4%
IS_MORNING_WINDOW= True  (active 9:15-9:48 IST)
================================================
==== signal check time ==== 2026-09-21 09:18:01.723941
CHART_PATTERN_DETECTED: OUTSIDE_BAR
  PATTERN_CONTEXT: Body= 40.9  Range= 140.4  ExpectedRange= 65.3  RangeRatio= 2.15  O= 74659.2  H= 74734.6  L= 74594.2  C= 74700.0
ATMStrike =  74700
AVG_OIPCR= 1.1
avgoiPCROld=  2.63
AVG_OIPCR_9STRIKE= 1.1  (pcr5..pcr13 = ATM +/-4, 9 strikes)
SUPP_RES = 74500
spotLTP = 74700.14
FUT LTP = 74700.0
CEchoi  PechOi = 48140.0    84900.0
====================================
atmPCR= 0.27  belowATM  0.45
CHOI_DOM_GATE: gate_on= True  bull_ok= False  bear_ok= False | isPE_DomSupp_once= False  fresh_PE= 0 | isCE_DomRes_once= False  fresh_CE= 0
India VIX = 11.64  Spot Price = 74691.87
IV Regime = ELEVATED (ADAPTIVE: P25= 11.13  P50= 11.38  P75= 11.98 ) | DailyRange = 1242.0 | 3minCandleRange = 65.4 (theoretical= 108.9 ) | ATMoptionMove = 29.4 | SL = 103 | Target = 103 | TrailTrigger = 29 | Spread = 300 | Buffer = 42
IV Params refreshed: {'vix': 11.64, 'bn_price': 74691.87, 'regime': 'ELEVATED', 'regime_thresholds': 'P25=11.13 P50=11.38 P75=11.98', 'daily_range': 1242.0, 'candle_range': 65.4, 'atm_option_move': 29.4, 'sl_point': 103, 'target_point': 103, 'sl_pct_of_premium': 0.1, 'trail_trigger': 29, 'spread_width': 300, 'support_resistance_buffer': 42}
===
====after 3 min ochain==== 2026-09-21 09:21:00.000002
                                    oipcr   choipcr   CE_OI / PE_OI (same strike)
pcr1 =  BSE:SENSEX26SEP75500PE   0.11   0.01 CALL added 141560   PUT added 1720  CE_OI=447960 PE_OI=50080
pcr2 =  BSE:SENSEX26SEP75400CE   0.13   0.02 CALL added 41420   PUT added 660  CE_OI=131660 PE_OI=17120
pcr3 =  BSE:SENSEX26SEP75300PE   0.13   0.11 CALL added 33600   PUT added 3600  CE_OI=136780 PE_OI=18260
pcr4 =  BSE:SENSEX26SEP75200CE   0.19   0.18 CALL added 21740   PUT added 3860  CE_OI=146420 PE_OI=28120
pcr5 =  BSE:SENSEX26SEP75100CE   0.31   6.2 CALL added 2180   PUT added 13520  CE_OI=217980 PE_OI=67660
pcr6 =  BSE:SENSEX26SEP75000PE   0.48    0.65 CALL added 99580   PUT added 64860  CE_OI=601220 PE_OI=288580
pcr7 =  BSE:SENSEX26SEP74900CE   0.3   0.53 CALL added 55420   PUT added 29360  CE_OI=253600 PE_OI=76600
pcr8 =  BSE:SENSEX26SEP74800PE   0.88   1.28 CALL added 74640   PUT added 95800  CE_OI=224940 PE_OI=197000
pcr9 =  BSE:SENSEX26SEP74700CE   1.22   1.78 CALL added 125120   PUT added 222860  CE_OI=344060 PE_OI=418600
pcr10 =  BSE:SENSEX26SEP74600PE   1.5   1.47 CALL added 128900   PUT added 188840  CE_OI=448040 PE_OI=671660
pcr11 =  BSE:SENSEX26SEP74500PE   1.23   1.6 CALL added 89320   PUT added 143000  CE_OI=935380 PE_OI=1152000
pcr12 =  BSE:SENSEX26SEP74400CE   2.23   4.58 CALL added 21300   PUT added 97640  CE_OI=250400 PE_OI=559040
pcr13 =  BSE:SENSEX26SEP74300PE   3.02   7.59 CALL added 9660   PUT added 73360  CE_OI=128400 PE_OI=387140
pcr14 =  BSE:SENSEX26SEP74200PE   7.9   18.09 CALL added 3600   PUT added 65120  CE_OI=49740 PE_OI=392760
pcr15 =  BSE:SENSEX26SEP74100PE   11.29   12.38 CALL added 3180   PUT added 39380  CE_OI=36260 PE_OI=409380
pcr16 =  BSE:SENSEX26SEP74000CE   6.65   38.95 CALL added 3640   PUT added 141780  CE_OI=82240 PE_OI=546880
pcr17 =  BSE:SENSEX26SEP73900CE   10.58   31.78 CALL added 1020   PUT added 32420  CE_OI=15060 PE_OI=159260
PCRSUM== 48.15
pcrSummation== 11.17
spotLTP =  74691.87  ATM_STRIKE =  74700
IS_ATM_STRIKE_SHIFT = False  mapStrike = {74700: 74700}
avgOiPcrList2 = [np.float64(2.63), np.float64(2.83)] atmStrikeNotShiftedCount= 2
avgOiPcr9List2 = [np.float64(1.1), np.float64(1.24)] atmStrikeNotShiftedCount= 2
False   2   2
SUPP_RES=== 74500  Buffer= 42
ANCHOR_COMPARE: spot=74691.87 fut=74706.55 basis(fut-spot)=14.68 | SR_spot(PRIMARY)=74500 SR_future=74500 SR_diff(fut-spot)=0 | PCRwin_spot(PRIMARY)=74700 PCRwin_future=74700
CEoich val =  89320.0  PEoich val =  143000.0 , CE < PE by 37.5%
SUPP_RES TOTAL OI: CE= 935380  PE= 1152000 , CE < PE by 18.8%
INCR_CHOI: SUPP_RES=74500 role=SUPPORT fresh_CE=41180 fresh_PE=58100 -> PE_dominant by 29.1% (support HOLDING (bullish)) | cumulative CE=89320.0 PE=143000.0
==========================
FUT_SUPP_RES=== 74500  (FUT_LTP= 74706.55 ) Buffer= 42
FUT CEoich val =  89320.0  PEoich val =  143000.0 , CE < PE by 37.5%
FUT_SUPP_RES TOTAL OI: CE= 935380  PE= 1152000 , CE < PE by 18.8%
OI_SUPP_RES: spot=74691.87 ATM=74700 (win=±500 mode=OI) (ATM_CE_OI=344060 ATM_PE_OI=418600) | SUPPORT=74500PE OI=1152000 (dist=-200) | RESISTANCE=75000CE OI=601220 (dist=300)
OI_SUPPORT=== 74500
OI_SUPPORT CEoich val = 89320.0  PEoich val = 143000.0 , CE < PE by 37.5%
OI_SUPPORT TOTAL OI: CE= 935380  PE= 1152000 , CE < PE by 18.8%
OI_RESISTANCE=== 75000
OI_RESISTANCE CEoich val = 99580.0  PEoich val = 64860.0 , CE > PE by 34.9%
OI_RESISTANCE TOTAL OI: CE= 601220  PE= 288580 , CE > PE by 52.0%
IS_MORNING_WINDOW= True  (active 9:15-9:48 IST)
================================================
==== signal check time ==== 2026-09-21 09:21:00.563415
CHART_PATTERN: None
isPE_DominantAtSupp_once = True  isPE_DominantAtSupp_twice = False  isPE_DominantAtSupp_trice = False (PE_supp_streak= 1 )
ATMStrike =  74700
AVG_OIPCR= 1.24
avgoiPCROld=  2.83
AVG_OIPCR_9STRIKE= 1.24  (pcr5..pcr13 = ATM +/-4, 9 strikes)
SUPP_RES = 74500
spotLTP = 74691.87
FUT LTP = 74706.55
CEchoi  PechOi = 89320.0    143000.0
====================================
atmPCR= 0.31  belowATM  0.48
CHOI_DOM_GATE: gate_on= True  bull_ok= True  bear_ok= False | isPE_DomSupp_once= True  fresh_PE= 58100 | isCE_DomRes_once= False  fresh_CE= 41180
India VIX = 11.62  Spot Price = 74709.96
IV Regime = ELEVATED (ADAPTIVE: P25= 11.13  P50= 11.38  P75= 11.98 ) | DailyRange = 1240.2 | 3minCandleRange = 65.3 (theoretical= 108.8 ) | ATMoptionMove = 29.4 | SL = 103 | Target = 103 | TrailTrigger = 29 | Spread = 300 | Buffer = 42
IV Params refreshed: {'vix': 11.62, 'bn_price': 74709.96, 'regime': 'ELEVATED', 'regime_thresholds': 'P25=11.13 P50=11.38 P75=11.98', 'daily_range': 1240.2, 'candle_range': 65.3, 'atm_option_move': 29.4, 'sl_point': 103, 'target_point': 103, 'sl_pct_of_premium': 0.1, 'trail_trigger': 29, 'spread_width': 300, 'support_resistance_buffer': 42}
===
====after 3 min ochain==== 2026-09-21 09:24:00.000004
                                    oipcr   choipcr   CE_OI / PE_OI (same strike)
pcr1 =  BSE:SENSEX26SEP75500PE   0.11   0.02 CALL added 168120   PUT added 3440  CE_OI=474520 PE_OI=51800
pcr2 =  BSE:SENSEX26SEP75400CE   0.12   0.01 CALL added 54280   PUT added 660  CE_OI=144520 PE_OI=17120
pcr3 =  BSE:SENSEX26SEP75300PE   0.15   0.18 CALL added 33600   PUT added 5900  CE_OI=136780 PE_OI=20560
pcr4 =  BSE:SENSEX26SEP75200CE   0.21   0.28 CALL added 22560   PUT added 6240  CE_OI=147240 PE_OI=30500
pcr5 =  BSE:SENSEX26SEP75100CE   0.34   9.17 CALL added 2180   PUT added 20000  CE_OI=217980 PE_OI=74140
pcr6 =  BSE:SENSEX26SEP75000PE   0.52    0.84 CALL added 121160   PUT added 101340  CE_OI=622800 PE_OI=325060
pcr7 =  BSE:SENSEX26SEP74900CE   0.44   1.18 CALL added 55420   PUT added 65380  CE_OI=253600 PE_OI=112620
pcr8 =  BSE:SENSEX26SEP74800PE   0.84   1.02 CALL added 134660   PUT added 137200  CE_OI=284960 PE_OI=238400
pcr9 =  BSE:SENSEX26SEP74700CE   1.4   2.28 CALL added 125120   PUT added 285760  CE_OI=344060 PE_OI=481500
pcr10 =  BSE:SENSEX26SEP74600PE   1.63   1.93 CALL added 130500   PUT added 251640  CE_OI=449640 PE_OI=734460
pcr11 =  BSE:SENSEX26SEP74500PE   1.31   2.72 CALL added 70520   PUT added 192120  CE_OI=916580 PE_OI=1201120
pcr12 =  BSE:SENSEX26SEP74400CE   2.39   7.63 CALL added 16660   PUT added 127120  CE_OI=245760 PE_OI=588520
pcr13 =  BSE:SENSEX26SEP74300PE   3.22   11.67 CALL added 8080   PUT added 94280  CE_OI=126820 PE_OI=408060
pcr14 =  BSE:SENSEX26SEP74200PE   8.09   17.1 CALL added 5080   PUT added 86880  CE_OI=51220 PE_OI=414520
pcr15 =  BSE:SENSEX26SEP74100PE   10.74   6.12 CALL added 3180   PUT added 19460  CE_OI=36260 PE_OI=389460
pcr16 =  BSE:SENSEX26SEP74000CE   7.03   44.33 CALL added 3960   PUT added 175560  CE_OI=82560 PE_OI=580660
pcr17 =  BSE:SENSEX26SEP73900CE   11.12   38.75 CALL added 1060   PUT added 41080  CE_OI=15100 PE_OI=167920
PCRSUM== 49.66
pcrSummation== 12.09
spotLTP =  74707.61  ATM_STRIKE =  74700
IS_ATM_STRIKE_SHIFT = False  mapStrike = {74700: 74700}
avgOiPcrList2 = [np.float64(2.63), np.float64(2.83), np.float64(2.92)] atmStrikeNotShiftedCount= 3
avgOiPcr9List2 = [np.float64(1.1), np.float64(1.24), np.float64(1.34)] atmStrikeNotShiftedCount= 3
False   3   3
SUPP_RES=== 74500  Buffer= 42
ANCHOR_COMPARE: spot=74707.61 fut=74725.0 basis(fut-spot)=17.39 | SR_spot(PRIMARY)=74500 SR_future=74500 SR_diff(fut-spot)=0 | PCRwin_spot(PRIMARY)=74700 PCRwin_future=74700
CEoich val =  70520.0  PEoich val =  192120.0 , CE < PE by 63.3%
SUPP_RES TOTAL OI: CE= 916580  PE= 1201120 , CE < PE by 23.7%
INCR_CHOI: SUPP_RES=74500 role=SUPPORT fresh_CE=-18800 fresh_PE=49120 -> PE_dominant by 138.3% (support HOLDING (bullish)) | cumulative CE=70520.0 PE=192120.0
==========================
FUT_SUPP_RES=== 74500  (FUT_LTP= 74725.0 ) Buffer= 42
FUT CEoich val =  70520.0  PEoich val =  192120.0 , CE < PE by 63.3%
FUT_SUPP_RES TOTAL OI: CE= 916580  PE= 1201120 , CE < PE by 23.7%
OI_SUPP_RES: spot=74707.61 ATM=74700 (win=±500 mode=OI) (ATM_CE_OI=344060 ATM_PE_OI=481500) | SUPPORT=74500PE OI=1201120 (dist=-200) | RESISTANCE=75000CE OI=622800 (dist=300)
OI_SUPPORT=== 74500
OI_SUPPORT CEoich val = 70520.0  PEoich val = 192120.0 , CE < PE by 63.3%
OI_SUPPORT TOTAL OI: CE= 916580  PE= 1201120 , CE < PE by 23.7%
OI_RESISTANCE=== 75000
OI_RESISTANCE CEoich val = 121160.0  PEoich val = 101340.0 , CE > PE by 16.4%
OI_RESISTANCE TOTAL OI: CE= 622800  PE= 325060 , CE > PE by 47.8%
IS_MORNING_WINDOW= True  (active 9:15-9:48 IST)
================================================
==== signal check time ==== 2026-09-21 09:24:00.557596
CHART_PATTERN: None
isPcrInc9 = True
PCR9_SEQ_INC: 1.1 -> 1.24 -> 1.34 | pcr2 > pcr1 by +12.7% | pcr3 > pcr2 by +8.1%
isPcrInc = True
PCR_SEQ_INC: 2.63 -> 2.83 -> 2.92 | pcr2 > pcr1 by +7.6% | pcr3 > pcr2 by +3.2%
isPE_DominantAtSupp_once = True  isPE_DominantAtSupp_twice = True  isPE_DominantAtSupp_trice = False (PE_supp_streak= 2 )
ATMStrike =  74700
AVG_OIPCR= 1.34
avgoiPCROld=  2.92
AVG_OIPCR_9STRIKE= 1.34  (pcr5..pcr13 = ATM +/-4, 9 strikes)
SUPP_RES = 74500
spotLTP = 74707.61
FUT LTP = 74725.0
CEchoi  PechOi = 70520.0    192120.0
====================================
atmPCR= 0.34  belowATM  0.52
CHOI_DOM_GATE: gate_on= True  bull_ok= True  bear_ok= False | isPE_DomSupp_once= True  fresh_PE= 49120 | isCE_DomRes_once= False  fresh_CE= -18800
In Bull trade, slCount =  0  (mode= LOGIC2_TREND_CONVERGENCE )
SPREAD_CALC_AT_ENTRY: SyntheticATMStrike= 74700  ATM_PE= 356.95  ATM_CE= 379.2  AvgATM= 368.07
ATM_GREEKS: CE=BSE:SENSEX26SEP74700CE -> {'delta': 0.51, 'gamma': 0.0004, 'theta': -56.6, 'vega': 28.16, 'iv': 13.11}
ATM_GREEKS: PE=BSE:SENSEX26SEP74700PE -> {'delta': -0.49, 'gamma': 0.0004, 'theta': -56.6, 'vega': 28.16, 'iv': 13.11}
ATM_IV: ce_iv=13.11 pe_iv=13.11 avg_atm_iv=13.11 iv_skew(PE-CE)=0.0
==================================================
SPREAD_SELECTION (Sensex weekly): Type= CREDIT | DTE= 3 | PremRatio= 0.66 | IVRank= 0.38
SPREAD_REASONS: DTE=3(weekly) | PremRatio=0.66 | IVRank=0.38 | DECISION:CREDIT (ALWAYS_CREDIT=True — debit disabled)
==================================================
SPREAD_DECISION_AT_ENTRY: {'type': 'CREDIT', 'score': 1, 'dte': 3, 'premium_ratio': 0.66, 'iv_rank': 0.38, 'vix_30d_high': 13.47, 'vix_30d_low': 10.48, 'reasons': ['DTE=3(weekly)', 'PremRatio=0.66', 'IVRank=0.38', 'DECISION:CREDIT (ALWAYS_CREDIT=True — debit disabled)']}
ENTRY_MAIN_STRIKE: 74700 ( CREDIT -> spotATM )
ENTRY_ROUTING: spread_type= CREDIT  isBullish= True  isBearish= False
IV-Dynamic: SL= 103  Target= 103  Spread= 300
CREDIT_MAIN_1OTM: bull sell PE strike= 74700 (synthATM 74700 - ONE_OTM 0 )
HEDGE_BY_DELTA: main=74700PE main_delta=-0.49 target_hedge_delta=0.245 nearest_strike=74000 nearest_delta=-0.23 -> snapped500=74000 (nearest_is_500mult) hedge=BSE:SENSEX26SEP74000PE hedge_delta=-0.23
DELTA_CHECK: main=BSE:SENSEX26SEP74700PE delta=-0.49
DELTA_CHECK: hedge=BSE:SENSEX26SEP74000PE delta=-0.23
DELTA_CHECK: delta_ratio (|hedge|/|main|) = 0.469
=atmPE= BSE:SENSEX26SEP74700PE
=otmPE== BSE:SENSEX26SEP74000PE  entryPrice= 356.95  maxHedgePremium= 178.475
hedge_entry_price = 131.75
CREDIT_NET_CREDIT= 225.2
OPT_RANGE_DEBUG: symbol=BSE:SENSEX26SEP74700PE | total_candles_after_skip1st=2 | ranges=[30.45, 17.55] | median_all=24.0
OPT_OHLC_ENTRY: symbol=BSE:SENSEX26SEP74700PE | candles=2 | open=[359.6, 354.75] | high=[373.0, 368.3] | low=[342.55, 350.75] | close=[355.75, 357.25] | median_range=24.0
OPT_RANGE_DEBUG: symbol=BSE:SENSEX26SEP74000PE | total_candles_after_skip1st=2 | ranges=[13.1, 8.4] | median_all=10.75
OPT_OHLC_ENTRY: symbol=BSE:SENSEX26SEP74000PE | candles=2 | open=[132.3, 130.7] | high=[137.8, 136.85] | low=[124.7, 128.45] | close=[130.8, 133.4] | median_range=10.75
HEDGE_OFFSET: source=DELTA used_ratio=0.469 raw=0.469 | delta_ratio=0.469 range_ratio=0.448 premium_ratio=0.369 | (main_delta=-0.49 hedge_delta=-0.23 main_range=24.0 hedge_range=10.75) effective_sl=36 -> net_sl_points=19.1
RISK_SIZING: effective_sl_pre=36 main=356.95 hedge=131.75 main_range=24.0 hedge_range=10.75 FIXED_RISK=5000 -> qty=260 (13 lots)
CREDIT_ENTRY: qty= 260
MARGIN_CHECK: qty=260 (13 lots) margin_required=577496.57 avail=971077.48 usable(97%)=941945.16
9 : 24 : 1  =>  BUY   SENSEX26SEP74000PE   260   MARKET
9 : 24 : 1  =>  SENSEX26SEP74000PE {'code': 1101, 'message': 'Successfully placed order', 's': 'ok', 'id_fyers': '708272f5-d7c3-41ff-b783-97d536aab2f6', 'id': '26092100021629'}
entryPrice== 356.95 Target = 254  BSE:SENSEX26SEP74700PE  SL = 460
9 : 24 : 2  =>  SELL   SENSEX26SEP74700PE   260   MARKET
9 : 24 : 2  =>  SENSEX26SEP74700PE {'code': 1101, 'message': 'Successfully placed order', 's': 'ok', 'id_fyers': 'be362547-15a2-4fb3-8956-5b8ea8dbb229', 'id': '26092100021644'}
Exit OID:  {'code': 1101, 'message': 'Successfully placed order', 's': 'ok', 'id_fyers': 'be362547-15a2-4fb3-8956-5b8ea8dbb229', 'id': '26092100021644'}   {'code': 1101, 'message': 'Successfully placed order', 's': 'ok', 'id_fyers': '708272f5-d7c3-41ff-b783-97d536aab2f6', 'id': '26092100021629'}
after entry tradeATMOption = BSE:SENSEX26SEP74700PE
ENTRY_SL_TGT: spread= CREDIT  SL= 395.55  Target= 287.55  EntryPrem= 359.55  AnchorSrc= CANDLE_CLOSE  TrailTrigger= 43  SL_Source= OPTION_RANGE(median=24.0,SLx1.5,Tgtx3.0)  (iv_pts= 103  effective_sl= 36 )
09:25:00 In Trade ( CREDIT ). No Exit. ltp= 368.45  SL= 395.55  target= 287.55
09:26:01 In Trade ( CREDIT ). No Exit. ltp= 358.0  SL= 395.55  target= 287.55
09:27:01 In Trade ( CREDIT ). No Exit. ltp= 356.5  SL= 395.55  target= 287.55
09:28:00 In Trade ( CREDIT ). No Exit. ltp= 351.35  SL= 395.55  target= 287.55
09:29:01 In Trade ( CREDIT ). No Exit. ltp= 350.6  SL= 395.55  target= 287.55
09:30:00 In Trade ( CREDIT ). No Exit. ltp= 339.5  SL= 395.55  target= 287.55
09:31:01 In Trade ( CREDIT ). No Exit. ltp= 331.15  SL= 395.55  target= 287.55
09:32:01 In Trade ( CREDIT ). No Exit. ltp= 337.55  SL= 395.55  target= 287.55
09:33:00 In Trade ( CREDIT ). No Exit. ltp= 342.1  SL= 395.55  target= 287.55
09:34:01 In Trade ( CREDIT ). No Exit. ltp= 338.0  SL= 395.55  target= 287.55
09:35:00 In Trade ( CREDIT ). No Exit. ltp= 342.05  SL= 395.55  target= 287.55
09:36:01 In Trade ( CREDIT ). No Exit. ltp= 331.9  SL= 395.55  target= 287.55
09:37:00 In Trade ( CREDIT ). No Exit. ltp= 346.2  SL= 395.55  target= 287.55
09:38:00 In Trade ( CREDIT ). No Exit. ltp= 354.1  SL= 395.55  target= 287.55
09:39:01 In Trade ( CREDIT ). No Exit. ltp= 353.2  SL= 395.55  target= 287.55
09:40:00 In Trade ( CREDIT ). No Exit. ltp= 352.9  SL= 395.55  target= 287.55
09:41:01 In Trade ( CREDIT ). No Exit. ltp= 361.9  SL= 395.55  target= 287.55
09:42:00 In Trade ( CREDIT ). No Exit. ltp= 358.9  SL= 395.55  target= 287.55
09:43:00 In Trade ( CREDIT ). No Exit. ltp= 363.0  SL= 395.55  target= 287.55
09:44:01 In Trade ( CREDIT ). No Exit. ltp= 355.25  SL= 395.55  target= 287.55
09:45:00 In Trade ( CREDIT ). No Exit. ltp= 352.65  SL= 395.55  target= 287.55
09:46:01 In Trade ( CREDIT ). No Exit. ltp= 346.0  SL= 395.55  target= 287.55
09:47:00 In Trade ( CREDIT ). No Exit. ltp= 339.0  SL= 395.55  target= 287.55
09:49:01 In Trade ( CREDIT ). No Exit. ltp= 337.55  SL= 395.55  target= 287.55
09:50:00 In Trade ( CREDIT ). No Exit. ltp= 340.85  SL= 395.55  target= 287.55
09:51:01 In Trade ( CREDIT ). No Exit. ltp= 337.95  SL= 395.55  target= 287.55
09:52:00 In Trade ( CREDIT ). No Exit. ltp= 335.75  SL= 395.55  target= 287.55
09:53:01 In Trade ( CREDIT ). No Exit. ltp= 332.9  SL= 395.55  target= 287.55
09:54:01 In Trade ( CREDIT ). No Exit. ltp= 341.35  SL= 395.55  target= 287.55
09:55:00 In Trade ( CREDIT ). No Exit. ltp= 348.25  SL= 395.55  target= 287.55
09:56:01 In Trade ( CREDIT ). No Exit. ltp= 346.2  SL= 395.55  target= 287.55
09:57:00 In Trade ( CREDIT ). No Exit. ltp= 345.2  SL= 395.55  target= 287.55
09:58:01 In Trade ( CREDIT ). No Exit. ltp= 338.3  SL= 395.55  target= 287.55
09:59:01 In Trade ( CREDIT ). No Exit. ltp= 350.8  SL= 395.55  target= 287.55
10:00:00 In Trade ( CREDIT ). No Exit. ltp= 343.0  SL= 395.55  target= 287.55
10:01:01 In Trade ( CREDIT ). No Exit. ltp= 348.25  SL= 395.55  target= 287.55
10:02:00 In Trade ( CREDIT ). No Exit. ltp= 352.25  SL= 395.55  target= 287.55
10:03:01 In Trade ( CREDIT ). No Exit. ltp= 354.6  SL= 395.55  target= 287.55
10:04:01 In Trade ( CREDIT ). No Exit. ltp= 361.65  SL= 395.55  target= 287.55
10:05:00 In Trade ( CREDIT ). No Exit. ltp= 358.6  SL= 395.55  target= 287.55
10:06:01 In Trade ( CREDIT ). No Exit. ltp= 360.65  SL= 395.55  target= 287.55
10:07:00 In Trade ( CREDIT ). No Exit. ltp= 365.35  SL= 395.55  target= 287.55
10:08:01 In Trade ( CREDIT ). No Exit. ltp= 363.95  SL= 395.55  target= 287.55
10:09:01 In Trade ( CREDIT ). No Exit. ltp= 358.3  SL= 395.55  target= 287.55
10:10:00 In Trade ( CREDIT ). No Exit. ltp= 355.25  SL= 395.55  target= 287.55
10:11:01 In Trade ( CREDIT ). No Exit. ltp= 354.7  SL= 395.55  target= 287.55
10:12:00 In Trade ( CREDIT ). No Exit. ltp= 344.35  SL= 395.55  target= 287.55
10:13:01 In Trade ( CREDIT ). No Exit. ltp= 353.05  SL= 395.55  target= 287.55
10:14:00 In Trade ( CREDIT ). No Exit. ltp= 366.2  SL= 395.55  target= 287.55
10:15:00 In Trade ( CREDIT ). No Exit. ltp= 369.85  SL= 395.55  target= 287.55
10:16:01 In Trade ( CREDIT ). No Exit. ltp= 369.2  SL= 395.55  target= 287.55
10:17:00 In Trade ( CREDIT ). No Exit. ltp= 358.95  SL= 395.55  target= 287.55
10:18:01 In Trade ( CREDIT ). No Exit. ltp= 367.45  SL= 395.55  target= 287.55
10:19:00 In Trade ( CREDIT ). No Exit. ltp= 364.65  SL= 395.55  target= 287.55
10:20:00 In Trade ( CREDIT ). No Exit. ltp= 369.65  SL= 395.55  target= 287.55
10:21:01 In Trade ( CREDIT ). No Exit. ltp= 370.6  SL= 395.55  target= 287.55
10:22:00 In Trade ( CREDIT ). No Exit. ltp= 369.4  SL= 395.55  target= 287.55
10:23:01 In Trade ( CREDIT ). No Exit. ltp= 368.85  SL= 395.55  target= 287.55
10:24:00 In Trade ( CREDIT ). No Exit. ltp= 364.05  SL= 395.55  target= 287.55
10:25:00 In Trade ( CREDIT ). No Exit. ltp= 371.45  SL= 395.55  target= 287.55
10:26:01 In Trade ( CREDIT ). No Exit. ltp= 379.0  SL= 395.55  target= 287.55
10:27:00 In Trade ( CREDIT ). No Exit. ltp= 377.15  SL= 395.55  target= 287.55
10:28:01 In Trade ( CREDIT ). No Exit. ltp= 379.8  SL= 395.55  target= 287.55
10:29:00 In Trade ( CREDIT ). No Exit. ltp= 373.05  SL= 395.55  target= 287.55
10:30:00 In Trade ( CREDIT ). No Exit. ltp= 365.3  SL= 395.55  target= 287.55
10:31:01 In Trade ( CREDIT ). No Exit. ltp= 370.4  SL= 395.55  target= 287.55
10:32:00 In Trade ( CREDIT ). No Exit. ltp= 368.95  SL= 395.55  target= 287.55
10:33:01 In Trade ( CREDIT ). No Exit. ltp= 371.95  SL= 395.55  target= 287.55
10:34:01 In Trade ( CREDIT ). No Exit. ltp= 377.8  SL= 395.55  target= 287.55
10:35:00 In Trade ( CREDIT ). No Exit. ltp= 377.8  SL= 395.55  target= 287.55
10:36:01 In Trade ( CREDIT ). No Exit. ltp= 376.0  SL= 395.55  target= 287.55
10:37:00 In Trade ( CREDIT ). No Exit. ltp= 375.95  SL= 395.55  target= 287.55
10:39:01 In Trade ( CREDIT ). No Exit. ltp= 373.95  SL= 395.55  target= 287.55
10:40:00 In Trade ( CREDIT ). No Exit. ltp= 379.95  SL= 395.55  target= 287.55
10:41:01 In Trade ( CREDIT ). No Exit. ltp= 377.2  SL= 395.55  target= 287.55
10:42:00 In Trade ( CREDIT ). No Exit. ltp= 366.35  SL= 395.55  target= 287.55
10:43:00 In Trade ( CREDIT ). No Exit. ltp= 361.35  SL= 395.55  target= 287.55
10:44:01 In Trade ( CREDIT ). No Exit. ltp= 362.6  SL= 395.55  target= 287.55
10:45:00 In Trade ( CREDIT ). No Exit. ltp= 357.6  SL= 395.55  target= 287.55
10:46:01 In Trade ( CREDIT ). No Exit. ltp= 346.4  SL= 395.55  target= 287.55
10:47:01 In Trade ( CREDIT ). No Exit. ltp= 349.45  SL= 395.55  target= 287.55
10:48:00 In Trade ( CREDIT ). No Exit. ltp= 357.4  SL= 395.55  target= 287.55
10:49:01 In Trade ( CREDIT ). No Exit. ltp= 360.75  SL= 395.55  target= 287.55
10:50:00 In Trade ( CREDIT ). No Exit. ltp= 354.6  SL= 395.55  target= 287.55
10:51:00 In Trade ( CREDIT ). No Exit. ltp= 356.05  SL= 395.55  target= 287.55
10:52:01 In Trade ( CREDIT ). No Exit. ltp= 351.1  SL= 395.55  target= 287.55
10:53:00 In Trade ( CREDIT ). No Exit. ltp= 350.7  SL= 395.55  target= 287.55
10:54:01 In Trade ( CREDIT ). No Exit. ltp= 345.45  SL= 395.55  target= 287.55
10:55:01 In Trade ( CREDIT ). No Exit. ltp= 348.25  SL= 395.55  target= 287.55
10:56:00 In Trade ( CREDIT ). No Exit. ltp= 355.75  SL= 395.55  target= 287.55
10:57:01 In Trade ( CREDIT ). No Exit. ltp= 349.0  SL= 395.55  target= 287.55
10:58:00 In Trade ( CREDIT ). No Exit. ltp= 349.15  SL= 395.55  target= 287.55
10:59:00 In Trade ( CREDIT ). No Exit. ltp= 351.9  SL= 395.55  target= 287.55
11:00:01 In Trade ( CREDIT ). No Exit. ltp= 344.25  SL= 395.55  target= 287.55
11:01:00 In Trade ( CREDIT ). No Exit. ltp= 348.85  SL= 395.55  target= 287.55
11:03:01 In Trade ( CREDIT ). No Exit. ltp= 347.7  SL= 395.55  target= 287.55
11:04:00 In Trade ( CREDIT ). No Exit. ltp= 341.45  SL= 395.55  target= 287.55
11:05:01 In Trade ( CREDIT ). No Exit. ltp= 341.75  SL= 395.55  target= 287.55
11:06:00 In Trade ( CREDIT ). No Exit. ltp= 346.0  SL= 395.55  target= 287.55
11:07:00 In Trade ( CREDIT ). No Exit. ltp= 343.95  SL= 395.55  target= 287.55
11:08:01 In Trade ( CREDIT ). No Exit. ltp= 337.75  SL= 395.55  target= 287.55
11:09:00 In Trade ( CREDIT ). No Exit. ltp= 337.15  SL= 395.55  target= 287.55
11:10:01 In Trade ( CREDIT ). No Exit. ltp= 334.6  SL= 395.55  target= 287.55
11:11:01 In Trade ( CREDIT ). No Exit. ltp= 333.0  SL= 395.55  target= 287.55
11:12:00 In Trade ( CREDIT ). No Exit. ltp= 327.5  SL= 395.55  target= 287.55
11:13:01 In Trade ( CREDIT ). No Exit. ltp= 330.0  SL= 395.55  target= 287.55
11:14:00 In Trade ( CREDIT ). No Exit. ltp= 326.25  SL= 395.55  target= 287.55
11:15:00 In Trade ( CREDIT ). No Exit. ltp= 329.35  SL= 395.55  target= 287.55
11:16:01 In Trade ( CREDIT ). No Exit. ltp= 332.4  SL= 395.55  target= 287.55
11:17:00 In Trade ( CREDIT ). No Exit. ltp= 335.5  SL= 395.55  target= 287.55
11:19:01 In Trade ( CREDIT ). No Exit. ltp= 340.5  SL= 395.55  target= 287.55
11:20:00 In Trade ( CREDIT ). No Exit. ltp= 338.0  SL= 395.55  target= 287.55
11:21:01 In Trade ( CREDIT ). No Exit. ltp= 336.7  SL= 395.55  target= 287.55
11:22:01 In Trade ( CREDIT ). No Exit. ltp= 337.25  SL= 395.55  target= 287.55
11:23:00 In Trade ( CREDIT ). No Exit. ltp= 333.9  SL= 395.55  target= 287.55
11:24:01 In Trade ( CREDIT ). No Exit. ltp= 328.8  SL= 395.55  target= 287.55
11:25:00 In Trade ( CREDIT ). No Exit. ltp= 332.35  SL= 395.55  target= 287.55
11:26:00 In Trade ( CREDIT ). No Exit. ltp= 334.05  SL= 395.55  target= 287.55
11:27:01 In Trade ( CREDIT ). No Exit. ltp= 334.45  SL= 395.55  target= 287.55
11:28:00 In Trade ( CREDIT ). No Exit. ltp= 334.05  SL= 395.55  target= 287.55
11:29:01 In Trade ( CREDIT ). No Exit. ltp= 330.8  SL= 395.55  target= 287.55
11:30:01 In Trade ( CREDIT ). No Exit. ltp= 330.65  SL= 395.55  target= 287.55
11:31:00 In Trade ( CREDIT ). No Exit. ltp= 328.3  SL= 395.55  target= 287.55
11:32:01 In Trade ( CREDIT ). No Exit. ltp= 325.25  SL= 395.55  target= 287.55
11:33:00 In Trade ( CREDIT ). No Exit. ltp= 325.5  SL= 395.55  target= 287.55
11:34:00 In Trade ( CREDIT ). No Exit. ltp= 318.5  SL= 395.55  target= 287.55
TRAILING SL activated! SL moved to breakeven = 359.55
11:35:01 In Trade ( CREDIT ). No Exit. ltp= 319.3  SL= 359.55  target= 287.55
11:36:01 In Trade ( CREDIT ). No Exit. ltp= 325.0  SL= 359.55  target= 287.55
11:37:01 In Trade ( CREDIT ). No Exit. ltp= 326.5  SL= 359.55  target= 287.55
11:38:00 In Trade ( CREDIT ). No Exit. ltp= 326.5  SL= 359.55  target= 287.55
11:39:01 In Trade ( CREDIT ). No Exit. ltp= 330.25  SL= 359.55  target= 287.55
11:40:00 In Trade ( CREDIT ). No Exit. ltp= 330.75  SL= 359.55  target= 287.55
11:41:00 In Trade ( CREDIT ). No Exit. ltp= 331.8  SL= 359.55  target= 287.55
11:42:01 In Trade ( CREDIT ). No Exit. ltp= 326.9  SL= 359.55  target= 287.55
11:43:00 In Trade ( CREDIT ). No Exit. ltp= 324.05  SL= 359.55  target= 287.55
11:44:01 In Trade ( CREDIT ). No Exit. ltp= 322.3  SL= 359.55  target= 287.55
11:45:01 In Trade ( CREDIT ). No Exit. ltp= 321.0  SL= 359.55  target= 287.55
11:46:00 In Trade ( CREDIT ). No Exit. ltp= 322.7  SL= 359.55  target= 287.55
11:47:01 In Trade ( CREDIT ). No Exit. ltp= 329.05  SL= 359.55  target= 287.55
11:48:00 In Trade ( CREDIT ). No Exit. ltp= 328.35  SL= 359.55  target= 287.55
11:49:00 In Trade ( CREDIT ). No Exit. ltp= 325.4  SL= 359.55  target= 287.55
11:50:01 In Trade ( CREDIT ). No Exit. ltp= 326.35  SL= 359.55  target= 287.55
11:51:00 In Trade ( CREDIT ). No Exit. ltp= 322.0  SL= 359.55  target= 287.55
11:52:00 In Trade ( CREDIT ). No Exit. ltp= 322.3  SL= 359.55  target= 287.55
11:53:01 In Trade ( CREDIT ). No Exit. ltp= 316.5  SL= 359.55  target= 287.55
11:54:00 In Trade ( CREDIT ). No Exit. ltp= 311.25  SL= 359.55  target= 287.55
11:56:01 In Trade ( CREDIT ). No Exit. ltp= 300.05  SL= 359.55  target= 287.55
11:57:00 In Trade ( CREDIT ). No Exit. ltp= 296.45  SL= 359.55  target= 287.55
11:58:01 In Trade ( CREDIT ). No Exit. ltp= 295.0  SL= 359.55  target= 287.55
LTP_TGT_WATCH: ltp=285.65 target=287.55 confirm=1/2
LTP_TGT_WATCH: ltp=287.35 target=287.55 confirm=1/2
LTP_TGT_WATCH: ltp=287.2 target=287.55 confirm=2/2
Target hit (LTP)
REALIZED_OFFSET: main 359.55->287.2 (moved 72.35) hedge 131.75->99.2 (moved 32.55) assumed_ratio=0.46938775510204084 realized_ratio=0.45
11 : 59 : 7  =>  BUY   SENSEX26SEP74700PE   260   MARKET
11 : 59 : 7  =>  SENSEX26SEP74700PE {'code': 1101, 'message': 'Successfully placed order', 's': 'ok', 'id_fyers': '228210a7-6b8e-481c-a5f8-5aafe9f58410', 'id': '26092100161595'}
Exit main (BUY sold leg) OID:  {'code': 1101, 'message': 'Successfully placed order', 's': 'ok', 'id_fyers': '228210a7-6b8e-481c-a5f8-5aafe9f58410', 'id': '26092100161595'}
11 : 59 : 8  =>  SELL   SENSEX26SEP74000PE   260   MARKET
11 : 59 : 8  =>  SENSEX26SEP74000PE {'code': 1101, 'message': 'Successfully placed order', 's': 'ok', 'id_fyers': 'ad98e3b3-7621-4d5f-92e0-31e50eb7fb72', 'id': '26092100161606'}
Exit hedge (SELL bought leg) OID:  {'code': 1101, 'message': 'Successfully placed order', 's': 'ok', 'id_fyers': 'ad98e3b3-7621-4d5f-92e0-31e50eb7fb72', 'id': '26092100161606'}
India VIX = 11.37  Spot Price = 74854.66
IV Regime = NORMAL (ADAPTIVE: P25= 11.13  P50= 11.38  P75= 11.98 ) | DailyRange = 1215.9 | 3minCandleRange = 64.0 (theoretical= 106.6 ) | ATMoptionMove = 28.8 | SL = 101 | Target = 101 | TrailTrigger = 29 | Spread = 300 | Buffer = 32
IV Params refreshed: {'vix': 11.37, 'bn_price': 74854.66, 'regime': 'NORMAL', 'regime_thresholds': 'P25=11.13 P50=11.38 P75=11.98', 'daily_range': 1215.9, 'candle_range': 64.0, 'atm_option_move': 28.8, 'sl_point': 101, 'target_point': 101, 'sl_pct_of_premium': 0.1, 'trail_trigger': 29, 'spread_width': 300, 'support_resistance_buffer': 32}
===
====after 3 min ochain==== 2026-09-21 12:00:00.000003
                                    oipcr   choipcr   CE_OI / PE_OI (same strike)
pcr1 =  BSE:SENSEX26SEP75700PE   0.05   0.05 CALL added 380820   PUT added 18000  CE_OI=503700 PE_OI=25180
pcr2 =  BSE:SENSEX26SEP75600CE   0.02   0.01 CALL added 145600   PUT added 1240  CE_OI=275440 PE_OI=5840
pcr3 =  BSE:SENSEX26SEP75500PE   0.11   0.05 CALL added 297380   PUT added 15300  CE_OI=603780 PE_OI=63660
pcr4 =  BSE:SENSEX26SEP75400CE   0.12   0.07 CALL added 144900   PUT added 10600  CE_OI=235140 PE_OI=27060
pcr5 =  BSE:SENSEX26SEP75300PE   0.14   0.13 CALL added 131880   PUT added 17660  CE_OI=235060 PE_OI=32320
pcr6 =  BSE:SENSEX26SEP75200CE   0.23    0.25 CALL added 159220   PUT added 40000  CE_OI=283900 PE_OI=64260
pcr7 =  BSE:SENSEX26SEP75100CE   0.26   0.28 CALL added 144220   PUT added 40040  CE_OI=360020 PE_OI=94180
pcr8 =  BSE:SENSEX26SEP75000PE   0.54   0.65 CALL added 404820   PUT added 264980  CE_OI=906460 PE_OI=488700
pcr9 =  BSE:SENSEX26SEP74900CE   0.63   0.95 CALL added 237540   PUT added 226200  CE_OI=435720 PE_OI=273440
pcr10 =  BSE:SENSEX26SEP74800PE   1.09   1.2 CALL added 547740   PUT added 659680  CE_OI=698040 PE_OI=760880
pcr11 =  BSE:SENSEX26SEP74700CE   1.5   1.71 CALL added 618560   PUT added 1059020  CE_OI=837500 PE_OI=1254760
pcr12 =  BSE:SENSEX26SEP74600PE   2.61   5.4 CALL added 125180   PUT added 675400  CE_OI=444320 PE_OI=1158220
pcr13 =  BSE:SENSEX26SEP74500PE   1.74   10.16 CALL added 55440   PUT added 563540  CE_OI=901500 PE_OI=1572540
pcr14 =  BSE:SENSEX26SEP74400CE   3.57   -21.02 CALL unwind -14540   PUT added 305600  CE_OI=214560 PE_OI=767000
pcr15 =  BSE:SENSEX26SEP74300PE   4.94   81.48 CALL added 3560   PUT added 290080  CE_OI=122300 PE_OI=603860
pcr16 =  BSE:SENSEX26SEP74200PE   9.43   20.26 CALL added 9920   PUT added 200940  CE_OI=56060 PE_OI=528580
pcr17 =  BSE:SENSEX26SEP74100PE   13.83   -862.2 CALL unwind -100   PUT added 86220  CE_OI=32980 PE_OI=456220
PCRSUM== 40.81
pcrSummation== 8.74
spotLTP =  74854.66  ATM_STRIKE =  74900
IS_ATM_STRIKE_SHIFT = False  mapStrike = {74900: 74900}
avgOiPcrList2 = [np.float64(2.4)] atmStrikeNotShiftedCount= 1
avgOiPcr9List2 = [np.float64(0.97)] atmStrikeNotShiftedCount= 1
False   1   1
SUPP_RES=== 75000  Buffer= 32
ANCHOR_COMPARE: spot=74854.66 fut=74831.55 basis(fut-spot)=-23.11 | SR_spot(PRIMARY)=75000 SR_future=75000 SR_diff(fut-spot)=0 | PCRwin_spot(PRIMARY)=74900 PCRwin_future=74800
CEoich val =  404820.0  PEoich val =  264980.0 , CE > PE by 34.5%
SUPP_RES TOTAL OI: CE= 906460  PE= 488700 , CE > PE by 46.1%
INCR_CHOI: SUPP_RES=75000 role=RESISTANCE first sighting (no prev cycle to diff) | cumulative CE=404820.0 PE=264980.0
==========================
FUT_SUPP_RES=== 75000  (FUT_LTP= 74831.55 ) Buffer= 32
FUT CEoich val =  404820.0  PEoich val =  264980.0 , CE > PE by 34.5%
FUT_SUPP_RES TOTAL OI: CE= 906460  PE= 488700 , CE > PE by 46.1%
OI_SUPP_RES: spot=74854.66 ATM=74900 (win=±500 mode=CHOI) (ATM_CE_OI=435720 ATM_PE_OI=273440) | SUPPORT=74700PE CHOI=1059020 (dist=-200) | RESISTANCE=75000CE CHOI=404820 (dist=100)
OI_SUPPORT=== 74700
OI_SUPPORT CEoich val = 618560.0  PEoich val = 1059020.0 , CE < PE by 41.6%
OI_SUPPORT TOTAL OI: CE= 837500  PE= 1254760 , CE < PE by 33.3%
OI_RESISTANCE=== 75000
OI_RESISTANCE CEoich val = 404820.0  PEoich val = 264980.0 , CE > PE by 34.5%
OI_RESISTANCE TOTAL OI: CE= 906460  PE= 488700 , CE > PE by 46.1%
IS_MORNING_WINDOW= False  (active 9:15-9:48 IST)
================================================
==== signal check time ==== 2026-09-21 12:00:00.747707
CHART_PATTERN: None
isPE_DominantAtSupp_once = True  isPE_DominantAtSupp_twice = True  isPE_DominantAtSupp_trice = False (PE_supp_streak= 2 )
ATMStrike =  74900
AVG_OIPCR= 0.97
avgoiPCROld=  2.4
AVG_OIPCR_9STRIKE= 0.97  (pcr5..pcr13 = ATM +/-4, 9 strikes)
SUPP_RES = 75000
spotLTP = 74854.66
FUT LTP = 74831.55
CEchoi  PechOi = 404820.0    264980.0
====================================
atmPCR= 0.14  belowATM  0.23
CHOI_DOM_GATE: gate_on= True  bull_ok= True  bear_ok= False | isPE_DomSupp_once= True  fresh_PE= 0 | isCE_DomRes_once= False  fresh_CE= 0
India VIX = 11.41  Spot Price = 74849.53
IV Regime = ELEVATED (ADAPTIVE: P25= 11.13  P50= 11.38  P75= 11.98 ) | DailyRange = 1220.0 | 3minCandleRange = 64.2 (theoretical= 107.0 ) | ATMoptionMove = 28.9 | SL = 101 | Target = 101 | TrailTrigger = 29 | Spread = 300 | Buffer = 42
IV Params refreshed: {'vix': 11.41, 'bn_price': 74849.53, 'regime': 'ELEVATED', 'regime_thresholds': 'P25=11.13 P50=11.38 P75=11.98', 'daily_range': 1220.0, 'candle_range': 64.2, 'atm_option_move': 28.9, 'sl_point': 101, 'target_point': 101, 'sl_pct_of_premium': 0.1, 'trail_trigger': 29, 'spread_width': 300, 'support_resistance_buffer': 42}
===
====after 3 min ochain==== 2026-09-21 12:03:00.000004
                                    oipcr   choipcr   CE_OI / PE_OI (same strike)
pcr1 =  BSE:SENSEX26SEP75600CE   0.02   0.01 CALL added 141760   PUT added 1660  CE_OI=271600 PE_OI=6260
pcr2 =  BSE:SENSEX26SEP75500PE   0.1   0.05 CALL added 325420   PUT added 16520  CE_OI=631820 PE_OI=64880
pcr3 =  BSE:SENSEX26SEP75400CE   0.13   0.1 CALL added 142660   PUT added 14440  CE_OI=232900 PE_OI=30900
pcr4 =  BSE:SENSEX26SEP75300PE   0.15   0.16 CALL added 124060   PUT added 19420  CE_OI=227240 PE_OI=34080
pcr5 =  BSE:SENSEX26SEP75200CE   0.23   0.26 CALL added 164840   PUT added 43080  CE_OI=289520 PE_OI=67340
pcr6 =  BSE:SENSEX26SEP75100CE   0.27    0.3 CALL added 137020   PUT added 41460  CE_OI=352820 PE_OI=95600
pcr7 =  BSE:SENSEX26SEP75000PE   0.59   0.79 CALL added 357160   PUT added 282400  CE_OI=858800 PE_OI=506120
pcr8 =  BSE:SENSEX26SEP74900CE   0.66   0.97 CALL added 264740   PUT added 256320  CE_OI=462920 PE_OI=303560
pcr9 =  BSE:SENSEX26SEP74800PE   1.18   1.32 CALL added 521360   PUT added 689240  CE_OI=671660 PE_OI=790440
pcr10 =  BSE:SENSEX26SEP74700CE   1.56   1.81 CALL added 595260   PUT added 1074980  CE_OI=814200 PE_OI=1270720
pcr11 =  BSE:SENSEX26SEP74600PE   2.71   6.39 CALL added 104280   PUT added 666620  CE_OI=423420 PE_OI=1149440
pcr12 =  BSE:SENSEX26SEP74500PE   1.78   9.13 CALL added 67120   PUT added 613040  CE_OI=913180 PE_OI=1622040
pcr13 =  BSE:SENSEX26SEP74400CE   3.88   -13.29 CALL unwind -24840   PUT added 330160  CE_OI=204260 PE_OI=791560
pcr14 =  BSE:SENSEX26SEP74300PE   4.97   305.8 CALL added 920   PUT added 281340  CE_OI=119660 PE_OI=595120
pcr15 =  BSE:SENSEX26SEP74200PE   9.68   24.6 CALL added 7980   PUT added 196320  CE_OI=54120 PE_OI=523960
pcr16 =  BSE:SENSEX26SEP74100PE   14.25   -76.34 CALL unwind -1120   PUT added 85500  CE_OI=31960 PE_OI=455500
pcr17 =  BSE:SENSEX26SEP74000CE   9.34   123.62 CALL added 2880   PUT added 356020  CE_OI=81480 PE_OI=761120
PCRSUM== 51.5
pcrSummation== 12.86
spotLTP =  74849.53  ATM_STRIKE =  74800
IS_ATM_STRIKE_SHIFT = True  mapStrike = {74800: 74800}
avgOiPcrList2 = [np.float64(3.03)] atmStrikeNotShiftedCount= 1
avgOiPcr9List2 = [np.float64(1.43)] atmStrikeNotShiftedCount= 1
True   1   1
SUPP_RES=== 75000  Buffer= 42
ANCHOR_COMPARE: spot=74849.53 fut=74872.3 basis(fut-spot)=22.77 | SR_spot(PRIMARY)=75000 SR_future=75000 SR_diff(fut-spot)=0 | PCRwin_spot(PRIMARY)=74800 PCRwin_future=74900
CEoich val =  357160.0  PEoich val =  282400.0 , CE > PE by 20.9%
SUPP_RES TOTAL OI: CE= 858800  PE= 506120 , CE > PE by 41.1%
INCR_CHOI: SUPP_RES=75000 role=RESISTANCE fresh_CE=-47660 fresh_PE=17420 -> PE_dominant by 136.6% (resistance CHALLENGED (bullish warning)) | cumulative CE=357160.0 PE=282400.0
==========================
FUT_SUPP_RES=== 75000  (FUT_LTP= 74872.3 ) Buffer= 42
FUT CEoich val =  357160.0  PEoich val =  282400.0 , CE > PE by 20.9%
FUT_SUPP_RES TOTAL OI: CE= 858800  PE= 506120 , CE > PE by 41.1%
OI_SUPP_RES: spot=74849.53 ATM=74800 (win=±500 mode=CHOI) (ATM_CE_OI=671660 ATM_PE_OI=790440) | SUPPORT=74700PE CHOI=1074980 (dist=-100) | RESISTANCE=74800CE CHOI=521360 (dist=0)
OI_SUPPORT=== 74700
OI_SUPPORT CEoich val = 595260.0  PEoich val = 1074980.0 , CE < PE by 44.6%
OI_SUPPORT TOTAL OI: CE= 814200  PE= 1270720 , CE < PE by 35.9%
OI_RESISTANCE=== 74800
OI_RESISTANCE CEoich val = 521360.0  PEoich val = 689240.0 , CE < PE by 24.4%
OI_RESISTANCE TOTAL OI: CE= 671660  PE= 790440 , CE < PE by 15.0%
IS_MORNING_WINDOW= False  (active 9:15-9:48 IST)
================================================
==== signal check time ==== 2026-09-21 12:03:00.611946
CHART_PATTERN_DETECTED: BULLISH_ENGULFING | DOUBLE_TOP_FORMING
  PATTERN_CONTEXT: Body= 40.8  Range= 47.8  ExpectedRange= 64.2  RangeRatio= 0.74  O= 74831.6  H= 74879.4  L= 74831.6  C= 74872.3
ATMStrike =  74800
AVG_OIPCR= 1.43
avgoiPCROld=  3.03
AVG_OIPCR_9STRIKE= 1.43  (pcr5..pcr13 = ATM +/-4, 9 strikes)
SUPP_RES = 75000
spotLTP = 74849.53
FUT LTP = 74872.3
CEchoi  PechOi = 357160.0    282400.0
====================================
atmPCR= 0.23  belowATM  0.27
CHOI_DOM_GATE: gate_on= True  bull_ok= False  bear_ok= False | isPE_DomSupp_once= False  fresh_PE= 17420 | isCE_DomRes_once= False  fresh_CE= -47660
India VIX = 11.38  Spot Price = 74844.66
IV Regime = NORMAL (ADAPTIVE: P25= 11.13  P50= 11.38  P75= 11.98 ) | DailyRange = 1216.8 | 3minCandleRange = 64.0 (theoretical= 106.7 ) | ATMoptionMove = 28.8 | SL = 101 | Target = 101 | TrailTrigger = 29 | Spread = 300 | Buffer = 32
IV Params refreshed: {'vix': 11.38, 'bn_price': 74844.66, 'regime': 'NORMAL', 'regime_thresholds': 'P25=11.13 P50=11.38 P75=11.98', 'daily_range': 1216.8, 'candle_range': 64.0, 'atm_option_move': 28.8, 'sl_point': 101, 'target_point': 101, 'sl_pct_of_premium': 0.1, 'trail_trigger': 29, 'spread_width': 300, 'support_resistance_buffer': 32}
===
====after 3 min ochain==== 2026-09-21 12:06:00.000001
                                    oipcr   choipcr   CE_OI / PE_OI (same strike)
pcr1 =  BSE:SENSEX26SEP75600CE   0.02   0.01 CALL added 143680   PUT added 1640  CE_OI=273520 PE_OI=6240
pcr2 =  BSE:SENSEX26SEP75500PE   0.11   0.06 CALL added 326560   PUT added 18240  CE_OI=632960 PE_OI=66600
pcr3 =  BSE:SENSEX26SEP75400CE   0.14   0.11 CALL added 141200   PUT added 15140  CE_OI=231440 PE_OI=31600
pcr4 =  BSE:SENSEX26SEP75300PE   0.15   0.16 CALL added 126500   PUT added 20160  CE_OI=229680 PE_OI=34820
pcr5 =  BSE:SENSEX26SEP75200CE   0.23   0.25 CALL added 174220   PUT added 43860  CE_OI=298900 PE_OI=68120
pcr6 =  BSE:SENSEX26SEP75100CE   0.27    0.31 CALL added 135100   PUT added 42220  CE_OI=350900 PE_OI=96360
pcr7 =  BSE:SENSEX26SEP75000PE   0.59   0.79 CALL added 364960   PUT added 289540  CE_OI=866600 PE_OI=513260
pcr8 =  BSE:SENSEX26SEP74900CE   0.66   0.95 CALL added 293740   PUT added 279100  CE_OI=491920 PE_OI=326340
pcr9 =  BSE:SENSEX26SEP74800PE   1.21   1.37 CALL added 529140   PUT added 723560  CE_OI=679440 PE_OI=824760
pcr10 =  BSE:SENSEX26SEP74700CE   1.58   1.83 CALL added 590340   PUT added 1079460  CE_OI=809280 PE_OI=1275200
pcr11 =  BSE:SENSEX26SEP74600PE   2.76   6.84 CALL added 97360   PUT added 666220  CE_OI=416500 PE_OI=1149040
pcr12 =  BSE:SENSEX26SEP74500PE   1.83   13.14 CALL added 47340   PUT added 621860  CE_OI=893400 PE_OI=1630860
pcr13 =  BSE:SENSEX26SEP74400CE   3.84   -14.84 CALL unwind -22440   PUT added 333020  CE_OI=206660 PE_OI=794420
pcr14 =  BSE:SENSEX26SEP74300PE   4.94   144.1 CALL added 1960   PUT added 282440  CE_OI=120700 PE_OI=596220
pcr15 =  BSE:SENSEX26SEP74200PE   9.79   25.44 CALL added 7920   PUT added 201480  CE_OI=54060 PE_OI=529120
pcr16 =  BSE:SENSEX26SEP74100PE   14.37   -60.9 CALL unwind -1400   PUT added 85260  CE_OI=31680 PE_OI=455260
pcr17 =  BSE:SENSEX26SEP74000CE   9.57   182.93 CALL added 2000   PUT added 365860  CE_OI=80600 PE_OI=770960
PCRSUM== 52.06
pcrSummation== 12.97
spotLTP =  74844.66  ATM_STRIKE =  74800
IS_ATM_STRIKE_SHIFT = False  mapStrike = {74800: 74800}
avgOiPcrList2 = [np.float64(3.03), np.float64(3.06)] atmStrikeNotShiftedCount= 2
avgOiPcr9List2 = [np.float64(1.43), np.float64(1.44)] atmStrikeNotShiftedCount= 2
False   2   2
SUPP_RES=== 75000  Buffer= 32
ANCHOR_COMPARE: spot=74844.66 fut=74840.0 basis(fut-spot)=-4.66 | SR_spot(PRIMARY)=75000 SR_future=75000 SR_diff(fut-spot)=0 | PCRwin_spot(PRIMARY)=74800 PCRwin_future=74800
CEoich val =  364960.0  PEoich val =  289540.0 , CE > PE by 20.7%
SUPP_RES TOTAL OI: CE= 866600  PE= 513260 , CE > PE by 40.8%
INCR_CHOI: SUPP_RES=75000 role=RESISTANCE fresh_CE=7800 fresh_PE=7140 -> CE_dominant by 8.5% (resistance HOLDING (bearish)) | cumulative CE=364960.0 PE=289540.0
==========================
FUT_SUPP_RES=== 75000  (FUT_LTP= 74840.0 ) Buffer= 32
FUT CEoich val =  364960.0  PEoich val =  289540.0 , CE > PE by 20.7%
FUT_SUPP_RES TOTAL OI: CE= 866600  PE= 513260 , CE > PE by 40.8%
OI_SUPP_RES: spot=74844.66 ATM=74800 (win=±500 mode=CHOI) (ATM_CE_OI=679440 ATM_PE_OI=824760) | SUPPORT=74700PE CHOI=1079460 (dist=-100) | RESISTANCE=74800CE CHOI=529140 (dist=0)
OI_SUPPORT=== 74700
OI_SUPPORT CEoich val = 590340.0  PEoich val = 1079460.0 , CE < PE by 45.3%
OI_SUPPORT TOTAL OI: CE= 809280  PE= 1275200 , CE < PE by 36.5%
OI_RESISTANCE=== 74800
OI_RESISTANCE CEoich val = 529140.0  PEoich val = 723560.0 , CE < PE by 26.9%
OI_RESISTANCE TOTAL OI: CE= 679440  PE= 824760 , CE < PE by 17.6%
IS_MORNING_WINDOW= False  (active 9:15-9:48 IST)
================================================
==== signal check time ==== 2026-09-21 12:06:00.580276
CHART_PATTERN_DETECTED: INSIDE_BAR | DOUBLE_TOP_FORMING
  PATTERN_CONTEXT: Body= -32.3  Range= 32.3  ExpectedRange= 64.0  RangeRatio= 0.5  O= 74872.3  H= 74872.3  L= 74840.0  C= 74840.0
isCE_DominantAtRes_once = True  isCE_DominantAtRes_twice = False  isCE_DominantAtRes_trice = False (CE_res_streak= 1 )
ATMStrike =  74800
AVG_OIPCR= 1.44
avgoiPCROld=  3.06
AVG_OIPCR_9STRIKE= 1.44  (pcr5..pcr13 = ATM +/-4, 9 strikes)
SUPP_RES = 75000
spotLTP = 74844.66
FUT LTP = 74840.0
CEchoi  PechOi = 364960.0    289540.0
====================================
atmPCR= 0.23  belowATM  0.27
CHOI_DOM_GATE: gate_on= True  bull_ok= False  bear_ok= True | isPE_DomSupp_once= False  fresh_PE= 7140 | isCE_DomRes_once= True  fresh_CE= 7800
India VIX = 11.39  Spot Price = 74841.79
IV Regime = ELEVATED (ADAPTIVE: P25= 11.13  P50= 11.38  P75= 11.98 ) | DailyRange = 1217.8 | 3minCandleRange = 64.1 (theoretical= 106.8 ) | ATMoptionMove = 28.8 | SL = 101 | Target = 101 | TrailTrigger = 29 | Spread = 300 | Buffer = 42
IV Params refreshed: {'vix': 11.39, 'bn_price': 74841.79, 'regime': 'ELEVATED', 'regime_thresholds': 'P25=11.13 P50=11.38 P75=11.98', 'daily_range': 1217.8, 'candle_range': 64.1, 'atm_option_move': 28.8, 'sl_point': 101, 'target_point': 101, 'sl_pct_of_premium': 0.1, 'trail_trigger': 29, 'spread_width': 300, 'support_resistance_buffer': 42}
===
====after 3 min ochain==== 2026-09-21 12:09:00.000001
                                    oipcr   choipcr   CE_OI / PE_OI (same strike)
pcr1 =  BSE:SENSEX26SEP75600CE   0.02   0.01 CALL added 143980   PUT added 1680  CE_OI=273820 PE_OI=6280
pcr2 =  BSE:SENSEX26SEP75500PE   0.1   0.05 CALL added 324340   PUT added 16580  CE_OI=630740 PE_OI=64940
pcr3 =  BSE:SENSEX26SEP75400CE   0.15   0.12 CALL added 139560   PUT added 17120  CE_OI=229800 PE_OI=33580
pcr4 =  BSE:SENSEX26SEP75300PE   0.15   0.16 CALL added 126720   PUT added 20080  CE_OI=229900 PE_OI=34740
pcr5 =  BSE:SENSEX26SEP75200CE   0.24   0.27 CALL added 176020   PUT added 47380  CE_OI=300700 PE_OI=71640
pcr6 =  BSE:SENSEX26SEP75100CE   0.28    0.32 CALL added 137160   PUT added 43260  CE_OI=352960 PE_OI=97400
pcr7 =  BSE:SENSEX26SEP75000PE   0.6   0.81 CALL added 362440   PUT added 292540  CE_OI=864080 PE_OI=516260
pcr8 =  BSE:SENSEX26SEP74900CE   0.76   1.18 CALL added 252720   PUT added 297300  CE_OI=450900 PE_OI=344540
pcr9 =  BSE:SENSEX26SEP74800PE   1.19   1.34 CALL added 532260   PUT added 712200  CE_OI=682560 PE_OI=813400
pcr10 =  BSE:SENSEX26SEP74700CE   1.57   1.81 CALL added 600420   PUT added 1089160  CE_OI=819360 PE_OI=1284900
pcr11 =  BSE:SENSEX26SEP74600PE   2.78   7.17 CALL added 92480   PUT added 663340  CE_OI=411620 PE_OI=1146160
pcr12 =  BSE:SENSEX26SEP74500PE   1.96   -194.92 CALL unwind -3280   PUT added 639340  CE_OI=842780 PE_OI=1648340
pcr13 =  BSE:SENSEX26SEP74400CE   3.85   -11.85 CALL unwind -26780   PUT added 317420  CE_OI=202320 PE_OI=778820
pcr14 =  BSE:SENSEX26SEP74300PE   4.98   192.43 CALL added 1480   PUT added 284800  CE_OI=120220 PE_OI=598580
pcr15 =  BSE:SENSEX26SEP74200PE   9.79   25.68 CALL added 7820   PUT added 200840  CE_OI=53960 PE_OI=528480
pcr16 =  BSE:SENSEX26SEP74100PE   12.39   -21.44 CALL unwind -1180   PUT added 25300  CE_OI=31900 PE_OI=395300
pcr17 =  BSE:SENSEX26SEP74000CE   9.57   173.28 CALL added 2120   PUT added 367360  CE_OI=80720 PE_OI=772460
PCRSUM== 50.38
pcrSummation== 13.23
spotLTP =  74842.36  ATM_STRIKE =  74800
IS_ATM_STRIKE_SHIFT = False  mapStrike = {74800: 74800}
avgOiPcrList2 = [np.float64(3.03), np.float64(3.06), np.float64(2.96)] atmStrikeNotShiftedCount= 3
avgOiPcr9List2 = [np.float64(1.43), np.float64(1.44), np.float64(1.47)] atmStrikeNotShiftedCount= 3
False   3   3
SUPP_RES=== 75000  Buffer= 42
ANCHOR_COMPARE: spot=74842.36 fut=74858.55 basis(fut-spot)=16.19 | SR_spot(PRIMARY)=75000 SR_future=75000 SR_diff(fut-spot)=0 | PCRwin_spot(PRIMARY)=74800 PCRwin_future=74900
CEoich val =  362440.0  PEoich val =  292540.0 , CE > PE by 19.3%
SUPP_RES TOTAL OI: CE= 864080  PE= 516260 , CE > PE by 40.3%
INCR_CHOI: SUPP_RES=75000 role=RESISTANCE fresh_CE=-2520 fresh_PE=3000 -> PE_dominant by 184.0% (resistance CHALLENGED (bullish warning)) | cumulative CE=362440.0 PE=292540.0
==========================
FUT_SUPP_RES=== 75000  (FUT_LTP= 74858.55 ) Buffer= 42
FUT CEoich val =  362440.0  PEoich val =  292540.0 , CE > PE by 19.3%
FUT_SUPP_RES TOTAL OI: CE= 864080  PE= 516260 , CE > PE by 40.3%
OI_SUPP_RES: spot=74842.36 ATM=74800 (win=±500 mode=CHOI) (ATM_CE_OI=682560 ATM_PE_OI=813400) | SUPPORT=74700PE CHOI=1089160 (dist=-100) | RESISTANCE=74800CE CHOI=532260 (dist=0)
OI_SUPPORT=== 74700
OI_SUPPORT CEoich val = 600420.0  PEoich val = 1089160.0 , CE < PE by 44.9%
OI_SUPPORT TOTAL OI: CE= 819360  PE= 1284900 , CE < PE by 36.2%
OI_RESISTANCE=== 74800
OI_RESISTANCE CEoich val = 532260.0  PEoich val = 712200.0 , CE < PE by 25.3%
OI_RESISTANCE TOTAL OI: CE= 682560  PE= 813400 , CE < PE by 16.1%
IS_MORNING_WINDOW= False  (active 9:15-9:48 IST)
================================================
==== signal check time ==== 2026-09-21 12:09:00.578801
CHART_PATTERN_DETECTED: INSIDE_BAR | DOUBLE_TOP_FORMING | DOUBLE_BOTTOM_FORMING
  PATTERN_CONTEXT: Body= 18.6  Range= 18.6  ExpectedRange= 64.1  RangeRatio= 0.29  O= 74840.0  H= 74858.6  L= 74840.0  C= 74858.6
isPcrInc9 = True
PCR9_SEQ_INC: 1.43 -> 1.44 -> 1.47 | pcr2 > pcr1 by +0.7% | pcr3 > pcr2 by +2.1%
recent two = [np.float64(3.06), np.float64(2.96)]
ATMStrike =  74800
AVG_OIPCR= 1.47
avgoiPCROld=  2.96
AVG_OIPCR_9STRIKE= 1.47  (pcr5..pcr13 = ATM +/-4, 9 strikes)
SUPP_RES = 75000
spotLTP = 74842.36
FUT LTP = 74858.55
CEchoi  PechOi = 362440.0    292540.0
====================================
atmPCR= 0.24  belowATM  0.28
CHOI_DOM_GATE: gate_on= True  bull_ok= False  bear_ok= False | isPE_DomSupp_once= False  fresh_PE= 3000 | isCE_DomRes_once= False  fresh_CE= -2520
India VIX = 11.42  Spot Price = 74819.31
IV Regime = ELEVATED (ADAPTIVE: P25= 11.13  P50= 11.38  P75= 11.98 ) | DailyRange = 1220.6 | 3minCandleRange = 64.2 (theoretical= 107.1 ) | ATMoptionMove = 28.9 | SL = 101 | Target = 101 | TrailTrigger = 29 | Spread = 300 | Buffer = 42
IV Params refreshed: {'vix': 11.42, 'bn_price': 74819.31, 'regime': 'ELEVATED', 'regime_thresholds': 'P25=11.13 P50=11.38 P75=11.98', 'daily_range': 1220.6, 'candle_range': 64.2, 'atm_option_move': 28.9, 'sl_point': 101, 'target_point': 101, 'sl_pct_of_premium': 0.1, 'trail_trigger': 29, 'spread_width': 300, 'support_resistance_buffer': 42}
===
====after 3 min ochain==== 2026-09-21 12:12:00.000002
                                    oipcr   choipcr   CE_OI / PE_OI (same strike)
pcr1 =  BSE:SENSEX26SEP75600CE   0.02   0.01 CALL added 143580   PUT added 1740  CE_OI=273420 PE_OI=6340
pcr2 =  BSE:SENSEX26SEP75500PE   0.1   0.04 CALL added 324380   PUT added 12600  CE_OI=630780 PE_OI=60960
pcr3 =  BSE:SENSEX26SEP75400CE   0.14   0.11 CALL added 140820   PUT added 15620  CE_OI=231060 PE_OI=32080
pcr4 =  BSE:SENSEX26SEP75300PE   0.15   0.15 CALL added 128100   PUT added 19120  CE_OI=231280 PE_OI=33780
pcr5 =  BSE:SENSEX26SEP75200CE   0.24   0.28 CALL added 176560   PUT added 48640  CE_OI=301240 PE_OI=72900
pcr6 =  BSE:SENSEX26SEP75100CE   0.28    0.33 CALL added 130920   PUT added 43540  CE_OI=346720 PE_OI=97680
pcr7 =  BSE:SENSEX26SEP75000PE   0.58   0.74 CALL added 408220   PUT added 302260  CE_OI=909860 PE_OI=525980
pcr8 =  BSE:SENSEX26SEP74900CE   0.76   1.16 CALL added 262740   PUT added 303860  CE_OI=460920 PE_OI=351100
pcr9 =  BSE:SENSEX26SEP74800PE   1.19   1.33 CALL added 551960   PUT added 731760  CE_OI=702260 PE_OI=832960
pcr10 =  BSE:SENSEX26SEP74700CE   1.54   1.77 CALL added 606760   PUT added 1076360  CE_OI=825700 PE_OI=1272100
pcr11 =  BSE:SENSEX26SEP74600PE   2.77   7.15 CALL added 91600   PUT added 654820  CE_OI=410740 PE_OI=1137640
pcr12 =  BSE:SENSEX26SEP74500PE   1.98   -65.45 CALL unwind -9840   PUT added 644000  CE_OI=836220 PE_OI=1653000
pcr13 =  BSE:SENSEX26SEP74400CE   3.94   -10.81 CALL unwind -29900   PUT added 323320  CE_OI=199200 PE_OI=784720
pcr14 =  BSE:SENSEX26SEP74300PE   4.99   183.76 CALL added 1560   PUT added 286660  CE_OI=120300 PE_OI=600440
pcr15 =  BSE:SENSEX26SEP74200PE   9.81   25.54 CALL added 7940   PUT added 202800  CE_OI=54080 PE_OI=530440
pcr16 =  BSE:SENSEX26SEP74100PE   12.59   -37.83 CALL unwind -920   PUT added 34800  CE_OI=32160 PE_OI=404800
pcr17 =  BSE:SENSEX26SEP74000CE   9.71   281.06 CALL added 1320   PUT added 371000  CE_OI=79920 PE_OI=776100
PCRSUM== 50.79
pcrSummation== 13.28
spotLTP =  74820.59  ATM_STRIKE =  74800
IS_ATM_STRIKE_SHIFT = False  mapStrike = {74800: 74800}
avgOiPcrList2 = [np.float64(3.06), np.float64(2.96), np.float64(2.99)] atmStrikeNotShiftedCount= 4
avgOiPcr9List2 = [np.float64(1.44), np.float64(1.47), np.float64(1.48)] atmStrikeNotShiftedCount= 4
False   4   3
SUPP_RES=== 75000  Buffer= 42
ANCHOR_COMPARE: spot=74820.59 fut=74858.55 basis(fut-spot)=37.96 | SR_spot(PRIMARY)=75000 SR_future=75000 SR_diff(fut-spot)=0 | PCRwin_spot(PRIMARY)=74800 PCRwin_future=74900
CEoich val =  408220.0  PEoich val =  302260.0 , CE > PE by 26.0%
SUPP_RES TOTAL OI: CE= 909860  PE= 525980 , CE > PE by 42.2%
INCR_CHOI: SUPP_RES=75000 role=RESISTANCE fresh_CE=45780 fresh_PE=9720 -> CE_dominant by 78.8% (resistance HOLDING (bearish)) | cumulative CE=408220.0 PE=302260.0
==========================
FUT_SUPP_RES=== 75000  (FUT_LTP= 74858.55 ) Buffer= 42
FUT CEoich val =  408220.0  PEoich val =  302260.0 , CE > PE by 26.0%
FUT_SUPP_RES TOTAL OI: CE= 909860  PE= 525980 , CE > PE by 42.2%
OI_SUPP_RES: spot=74820.59 ATM=74800 (win=±500 mode=CHOI) (ATM_CE_OI=702260 ATM_PE_OI=832960) | SUPPORT=74700PE CHOI=1076360 (dist=-100) | RESISTANCE=74800CE CHOI=551960 (dist=0)
OI_SUPPORT=== 74700
OI_SUPPORT CEoich val = 606760.0  PEoich val = 1076360.0 , CE < PE by 43.6%
OI_SUPPORT TOTAL OI: CE= 825700  PE= 1272100 , CE < PE by 35.1%
OI_RESISTANCE=== 74800
OI_RESISTANCE CEoich val = 551960.0  PEoich val = 731760.0 , CE < PE by 24.6%
OI_RESISTANCE TOTAL OI: CE= 702260  PE= 832960 , CE < PE by 15.7%
IS_MORNING_WINDOW= False  (active 9:15-9:48 IST)
================================================
==== signal check time ==== 2026-09-21 12:12:00.632649
CHART_PATTERN_DETECTED: INSIDE_BAR | DOUBLE_BOTTOM_FORMING
  PATTERN_CONTEXT: Body= 0.0  Range= 0.0  ExpectedRange= 64.2  RangeRatio= 0.0  O= 74858.6  H= 74858.6  L= 74858.6  C= 74858.6
isPcrInc9 = True
PCR9_SEQ_INC: 1.44 -> 1.47 -> 1.48 | pcr2 > pcr1 by +2.1% | pcr3 > pcr2 by +0.7%
recent two = [np.float64(2.96), np.float64(2.99)]
isCE_DominantAtRes_once = True  isCE_DominantAtRes_twice = False  isCE_DominantAtRes_trice = False (CE_res_streak= 1 )
ATMStrike =  74800
AVG_OIPCR= 1.48
avgoiPCROld=  2.99
AVG_OIPCR_9STRIKE= 1.48  (pcr5..pcr13 = ATM +/-4, 9 strikes)
SUPP_RES = 75000
spotLTP = 74820.59
FUT LTP = 74858.55
CEchoi  PechOi = 408220.0    302260.0
====================================
atmPCR= 0.24  belowATM  0.28
CHOI_DOM_GATE: gate_on= True  bull_ok= False  bear_ok= True | isPE_DomSupp_once= False  fresh_PE= 9720 | isCE_DomRes_once= True  fresh_CE= 45780
India VIX = 11.4  Spot Price = 74811.04
IV Regime = ELEVATED (ADAPTIVE: P25= 11.13  P50= 11.38  P75= 11.98 ) | DailyRange = 1218.4 | 3minCandleRange = 64.1 (theoretical= 106.9 ) | ATMoptionMove = 28.9 | SL = 101 | Target = 101 | TrailTrigger = 29 | Spread = 300 | Buffer = 42
IV Params refreshed: {'vix': 11.4, 'bn_price': 74811.04, 'regime': 'ELEVATED', 'regime_thresholds': 'P25=11.13 P50=11.38 P75=11.98', 'daily_range': 1218.4, 'candle_range': 64.1, 'atm_option_move': 28.9, 'sl_point': 101, 'target_point': 101, 'sl_pct_of_premium': 0.1, 'trail_trigger': 29, 'spread_width': 300, 'support_resistance_buffer': 42}
===
====after 3 min ochain==== 2026-09-21 12:15:00.000001
                                    oipcr   choipcr   CE_OI / PE_OI (same strike)
pcr1 =  BSE:SENSEX26SEP75600CE   0.02   0.01 CALL added 141760   PUT added 1700  CE_OI=271600 PE_OI=6300
pcr2 =  BSE:SENSEX26SEP75500PE   0.1   0.04 CALL added 326580   PUT added 12300  CE_OI=632980 PE_OI=60660
pcr3 =  BSE:SENSEX26SEP75400CE   0.14   0.11 CALL added 141440   PUT added 15560  CE_OI=231680 PE_OI=32020
pcr4 =  BSE:SENSEX26SEP75300PE   0.14   0.15 CALL added 130600   PUT added 18980  CE_OI=233780 PE_OI=33640
pcr5 =  BSE:SENSEX26SEP75200CE   0.24   0.27 CALL added 182960   PUT added 48800  CE_OI=307640 PE_OI=73060
pcr6 =  BSE:SENSEX26SEP75100CE   0.27    0.31 CALL added 141100   PUT added 43300  CE_OI=356900 PE_OI=97440
pcr7 =  BSE:SENSEX26SEP75000PE   0.58   0.74 CALL added 420720   PUT added 311140  CE_OI=922360 PE_OI=534860
pcr8 =  BSE:SENSEX26SEP74900CE   0.74   1.09 CALL added 278160   PUT added 303140  CE_OI=476340 PE_OI=350380
pcr9 =  BSE:SENSEX26SEP74800PE   1.17   1.3 CALL added 561780   PUT added 732280  CE_OI=712080 PE_OI=833480
pcr10 =  BSE:SENSEX26SEP74700CE   1.54   1.77 CALL added 606160   PUT added 1073200  CE_OI=825100 PE_OI=1268940
pcr11 =  BSE:SENSEX26SEP74600PE   2.73   6.62 CALL added 99560   PUT added 658900  CE_OI=418700 PE_OI=1141720
pcr12 =  BSE:SENSEX26SEP74500PE   1.99   -58.02 CALL unwind -11180   PUT added 648700  CE_OI=834880 PE_OI=1657700
pcr13 =  BSE:SENSEX26SEP74400CE   3.91   -11.21 CALL unwind -28680   PUT added 321440  CE_OI=200420 PE_OI=782840
pcr14 =  BSE:SENSEX26SEP74300PE   4.96   148.22 CALL added 1920   PUT added 284580  CE_OI=120660 PE_OI=598360
pcr15 =  BSE:SENSEX26SEP74200PE   9.6   23.17 CALL added 8500   PUT added 196940  CE_OI=54640 PE_OI=524580
pcr16 =  BSE:SENSEX26SEP74100PE   12.38   -73.22 CALL unwind -460   PUT added 33680  CE_OI=32620 PE_OI=403680
pcr17 =  BSE:SENSEX26SEP74000CE   9.79   285.68 CALL added 1320   PUT added 377100  CE_OI=79920 PE_OI=782200
PCRSUM== 50.3
pcrSummation== 13.17
spotLTP =  74811.04  ATM_STRIKE =  74800
IS_ATM_STRIKE_SHIFT = False  mapStrike = {74800: 74800}
avgOiPcrList2 = [np.float64(2.96), np.float64(2.99), np.float64(2.96)] atmStrikeNotShiftedCount= 5
avgOiPcr9List2 = [np.float64(1.47), np.float64(1.48), np.float64(1.46)] atmStrikeNotShiftedCount= 5
False   5   3
SUPP_RES=== 75000  Buffer= 42
ANCHOR_COMPARE: spot=74811.04 fut=74858.55 basis(fut-spot)=47.51 | SR_spot(PRIMARY)=75000 SR_future=75000 SR_diff(fut-spot)=0 | PCRwin_spot(PRIMARY)=74800 PCRwin_future=74900
CEoich val =  420720.0  PEoich val =  311140.0 , CE > PE by 26.0%
SUPP_RES TOTAL OI: CE= 922360  PE= 534860 , CE > PE by 42.0%
INCR_CHOI: SUPP_RES=75000 role=RESISTANCE fresh_CE=12500 fresh_PE=8880 -> CE_dominant by 29.0% (resistance HOLDING (bearish)) | cumulative CE=420720.0 PE=311140.0
==========================
FUT_SUPP_RES=== 75000  (FUT_LTP= 74858.55 ) Buffer= 42
FUT CEoich val =  420720.0  PEoich val =  311140.0 , CE > PE by 26.0%
FUT_SUPP_RES TOTAL OI: CE= 922360  PE= 534860 , CE > PE by 42.0%
OI_SUPP_RES: spot=74811.04 ATM=74800 (win=±500 mode=CHOI) (ATM_CE_OI=712080 ATM_PE_OI=833480) | SUPPORT=74700PE CHOI=1073200 (dist=-100) | RESISTANCE=74800CE CHOI=561780 (dist=0)
OI_SUPPORT=== 74700
OI_SUPPORT CEoich val = 606160.0  PEoich val = 1073200.0 , CE < PE by 43.5%
OI_SUPPORT TOTAL OI: CE= 825100  PE= 1268940 , CE < PE by 35.0%
OI_RESISTANCE=== 74800
OI_RESISTANCE CEoich val = 561780.0  PEoich val = 732280.0 , CE < PE by 23.3%
OI_RESISTANCE TOTAL OI: CE= 712080  PE= 833480 , CE < PE by 14.6%
IS_MORNING_WINDOW= False  (active 9:15-9:48 IST)
================================================
==== signal check time ==== 2026-09-21 12:15:00.595175
CHART_PATTERN_DETECTED: INSIDE_BAR | DOUBLE_TOP_FORMING | DOUBLE_BOTTOM_FORMING
  PATTERN_CONTEXT: Body= 0.0  Range= 0.0  ExpectedRange= 64.1  RangeRatio= 0.0  O= 74858.6  H= 74858.6  L= 74858.6  C= 74858.6
PCR9_SEQ_FLAT: 1.47 -> 1.48 -> 1.46 (not monotonic)
recent two = [np.float64(2.99), np.float64(2.96)]
isCE_DominantAtRes_once = True  isCE_DominantAtRes_twice = True  isCE_DominantAtRes_trice = False (CE_res_streak= 2 )
ATMStrike =  74800
AVG_OIPCR= 1.46
avgoiPCROld=  2.96
AVG_OIPCR_9STRIKE= 1.46  (pcr5..pcr13 = ATM +/-4, 9 strikes)
SUPP_RES = 75000
spotLTP = 74811.04
FUT LTP = 74858.55
CEchoi  PechOi = 420720.0    311140.0
====================================
atmPCR= 0.24  belowATM  0.27
CHOI_DOM_GATE: gate_on= True  bull_ok= False  bear_ok= True | isPE_DomSupp_once= False  fresh_PE= 8880 | isCE_DomRes_once= True  fresh_CE= 12500
India VIX = 11.42  Spot Price = 74817.71
IV Regime = ELEVATED (ADAPTIVE: P25= 11.13  P50= 11.38  P75= 11.98 ) | DailyRange = 1220.6 | 3minCandleRange = 64.2 (theoretical= 107.1 ) | ATMoptionMove = 28.9 | SL = 101 | Target = 101 | TrailTrigger = 29 | Spread = 300 | Buffer = 42
IV Params refreshed: {'vix': 11.42, 'bn_price': 74817.71, 'regime': 'ELEVATED', 'regime_thresholds': 'P25=11.13 P50=11.38 P75=11.98', 'daily_range': 1220.6, 'candle_range': 64.2, 'atm_option_move': 28.9, 'sl_point': 101, 'target_point': 101, 'sl_pct_of_premium': 0.1, 'trail_trigger': 29, 'spread_width': 300, 'support_resistance_buffer': 42}
===
====after 3 min ochain==== 2026-09-21 12:18:00.000001
                                    oipcr   choipcr   CE_OI / PE_OI (same strike)
pcr1 =  BSE:SENSEX26SEP75600CE   0.03   0.02 CALL added 145040   PUT added 2520  CE_OI=274880 PE_OI=7120
pcr2 =  BSE:SENSEX26SEP75500PE   0.1   0.04 CALL added 330660   PUT added 12340  CE_OI=637060 PE_OI=60700
pcr3 =  BSE:SENSEX26SEP75400CE   0.14   0.11 CALL added 143520   PUT added 15520  CE_OI=233760 PE_OI=31980
pcr4 =  BSE:SENSEX26SEP75300PE   0.14   0.14 CALL added 134680   PUT added 19260  CE_OI=237860 PE_OI=33920
pcr5 =  BSE:SENSEX26SEP75200CE   0.23   0.26 CALL added 185440   PUT added 48500  CE_OI=310120 PE_OI=72760
pcr6 =  BSE:SENSEX26SEP75100CE   0.28    0.31 CALL added 143520   PUT added 44720  CE_OI=359320 PE_OI=98860
pcr7 =  BSE:SENSEX26SEP75000PE   0.57   0.71 CALL added 434300   PUT added 310040  CE_OI=935940 PE_OI=533760
pcr8 =  BSE:SENSEX26SEP74900CE   0.72   1.05 CALL added 287480   PUT added 301500  CE_OI=485660 PE_OI=348740
pcr9 =  BSE:SENSEX26SEP74800PE   1.16   1.29 CALL added 570840   PUT added 734080  CE_OI=721140 PE_OI=835280
pcr10 =  BSE:SENSEX26SEP74700CE   1.54   1.78 CALL added 605500   PUT added 1077260  CE_OI=824440 PE_OI=1273000
pcr11 =  BSE:SENSEX26SEP74600PE   2.73   6.67 CALL added 98420   PUT added 656140  CE_OI=417560 PE_OI=1138960
pcr12 =  BSE:SENSEX26SEP74500PE   1.98   -43.49 CALL unwind -14580   PUT added 634020  CE_OI=831480 PE_OI=1643020
pcr13 =  BSE:SENSEX26SEP74400CE   3.89   -11.89 CALL unwind -27220   PUT added 323720  CE_OI=201880 PE_OI=785120
pcr14 =  BSE:SENSEX26SEP74300PE   4.96   148.46 CALL added 1920   PUT added 285040  CE_OI=120660 PE_OI=598820
pcr15 =  BSE:SENSEX26SEP74200PE   9.64   23.64 CALL added 8360   PUT added 197660  CE_OI=54500 PE_OI=525300
pcr16 =  BSE:SENSEX26SEP74100PE   12.21   -72.6 CALL unwind -400   PUT added 29040  CE_OI=32680 PE_OI=399040
pcr17 =  BSE:SENSEX26SEP74000CE   9.72   298.98 CALL added 1240   PUT added 370740  CE_OI=79840 PE_OI=775840
PCRSUM== 50.04
pcrSummation== 13.1
spotLTP =  74817.71  ATM_STRIKE =  74800
IS_ATM_STRIKE_SHIFT = False  mapStrike = {74800: 74800}
avgOiPcrList2 = [np.float64(2.99), np.float64(2.96), np.float64(2.94)] atmStrikeNotShiftedCount= 6
avgOiPcr9List2 = [np.float64(1.48), np.float64(1.46), np.float64(1.46)] atmStrikeNotShiftedCount= 6
False   6   3
SUPP_RES=== 75000  Buffer= 42
ANCHOR_COMPARE: spot=74817.71 fut=74858.55 basis(fut-spot)=40.84 | SR_spot(PRIMARY)=75000 SR_future=75000 SR_diff(fut-spot)=0 | PCRwin_spot(PRIMARY)=74800 PCRwin_future=74900
CEoich val =  434300.0  PEoich val =  310040.0 , CE > PE by 28.6%
SUPP_RES TOTAL OI: CE= 935940  PE= 533760 , CE > PE by 43.0%
INCR_CHOI: SUPP_RES=75000 role=RESISTANCE fresh_CE=13580 fresh_PE=-1100 -> CE_dominant by 108.1% (resistance HOLDING (bearish)) | cumulative CE=434300.0 PE=310040.0
==========================
FUT_SUPP_RES=== 75000  (FUT_LTP= 74858.55 ) Buffer= 42
FUT CEoich val =  434300.0  PEoich val =  310040.0 , CE > PE by 28.6%
FUT_SUPP_RES TOTAL OI: CE= 935940  PE= 533760 , CE > PE by 43.0%
OI_SUPP_RES: spot=74817.71 ATM=74800 (win=±500 mode=CHOI) (ATM_CE_OI=721140 ATM_PE_OI=835280) | SUPPORT=74700PE CHOI=1077260 (dist=-100) | RESISTANCE=74800CE CHOI=570840 (dist=0)
OI_SUPPORT=== 74700
OI_SUPPORT CEoich val = 605500.0  PEoich val = 1077260.0 , CE < PE by 43.8%
OI_SUPPORT TOTAL OI: CE= 824440  PE= 1273000 , CE < PE by 35.2%
OI_RESISTANCE=== 74800
OI_RESISTANCE CEoich val = 570840.0  PEoich val = 734080.0 , CE < PE by 22.2%
OI_RESISTANCE TOTAL OI: CE= 721140  PE= 835280 , CE < PE by 13.7%
IS_MORNING_WINDOW= False  (active 9:15-9:48 IST)
================================================
==== signal check time ==== 2026-09-21 12:18:00.557097
CHART_PATTERN_DETECTED: INSIDE_BAR | DOUBLE_TOP_FORMING | DOUBLE_BOTTOM_FORMING
  PATTERN_CONTEXT: Body= 0.0  Range= 0.0  ExpectedRange= 64.2  RangeRatio= 0.0  O= 74858.6  H= 74858.6  L= 74858.6  C= 74858.6
PCR9_SEQ_FLAT: 1.48 -> 1.46 -> 1.46 (not monotonic)
isPcrDecr = True
PCR_SEQ_DEC: 2.99 -> 2.96 -> 2.94 | pcr2 < pcr1 by -1.0% | pcr3 < pcr2 by -0.7%
isCE_DominantAtRes_once = True  isCE_DominantAtRes_twice = True  isCE_DominantAtRes_trice = True (CE_res_streak= 3 )
ATMStrike =  74800
AVG_OIPCR= 1.46
avgoiPCROld=  2.94
AVG_OIPCR_9STRIKE= 1.46  (pcr5..pcr13 = ATM +/-4, 9 strikes)
SUPP_RES = 75000
spotLTP = 74817.71
FUT LTP = 74858.55
CEchoi  PechOi = 434300.0    310040.0
====================================
atmPCR= 0.23  belowATM  0.28
CHOI_DOM_GATE: gate_on= True  bull_ok= False  bear_ok= True | isPE_DomSupp_once= False  fresh_PE= -1100 | isCE_DomRes_once= True  fresh_CE= 13580
no trade yet = [np.float64(2.99), np.float64(2.96), np.float64(2.94)]
India VIX = 11.4  Spot Price = 74806.58
IV Regime = ELEVATED (ADAPTIVE: P25= 11.13  P50= 11.38  P75= 11.98 ) | DailyRange = 1218.3 | 3minCandleRange = 64.1 (theoretical= 106.9 ) | ATMoptionMove = 28.8 | SL = 101 | Target = 101 | TrailTrigger = 29 | Spread = 300 | Buffer = 42
IV Params refreshed: {'vix': 11.4, 'bn_price': 74806.58, 'regime': 'ELEVATED', 'regime_thresholds': 'P25=11.13 P50=11.38 P75=11.98', 'daily_range': 1218.3, 'candle_range': 64.1, 'atm_option_move': 28.8, 'sl_point': 101, 'target_point': 101, 'sl_pct_of_premium': 0.1, 'trail_trigger': 29, 'spread_width': 300, 'support_resistance_buffer': 42}
===
====after 3 min ochain==== 2026-09-21 12:21:00.000001
                                    oipcr   choipcr   CE_OI / PE_OI (same strike)
pcr1 =  BSE:SENSEX26SEP75600CE   0.03   0.02 CALL added 143940   PUT added 2480  CE_OI=273780 PE_OI=7080
pcr2 =  BSE:SENSEX26SEP75500PE   0.09   0.04 CALL added 334660   PUT added 12240  CE_OI=641060 PE_OI=60600
pcr3 =  BSE:SENSEX26SEP75400CE   0.14   0.11 CALL added 142560   PUT added 15520  CE_OI=232800 PE_OI=31980
pcr4 =  BSE:SENSEX26SEP75300PE   0.14   0.14 CALL added 135460   PUT added 19040  CE_OI=238640 PE_OI=33700
pcr5 =  BSE:SENSEX26SEP75200CE   0.23   0.26 CALL added 186720   PUT added 48020  CE_OI=311400 PE_OI=72280
pcr6 =  BSE:SENSEX26SEP75100CE   0.27    0.3 CALL added 149900   PUT added 44980  CE_OI=365700 PE_OI=99120
pcr7 =  BSE:SENSEX26SEP75000PE   0.56   0.7 CALL added 438680   PUT added 305100  CE_OI=940320 PE_OI=528820
pcr8 =  BSE:SENSEX26SEP74900CE   0.71   1.02 CALL added 299520   PUT added 304860  CE_OI=497700 PE_OI=352100
pcr9 =  BSE:SENSEX26SEP74800PE   1.15   1.28 CALL added 573320   PUT added 732500  CE_OI=723620 PE_OI=833700
pcr10 =  BSE:SENSEX26SEP74700CE   1.55   1.79 CALL added 598520   PUT added 1072180  CE_OI=817460 PE_OI=1267920
pcr11 =  BSE:SENSEX26SEP74600PE   2.73   6.67 CALL added 98200   PUT added 654620  CE_OI=417340 PE_OI=1137440
pcr12 =  BSE:SENSEX26SEP74500PE   1.97   -42.08 CALL unwind -14980   PUT added 630300  CE_OI=831080 PE_OI=1639300
pcr13 =  BSE:SENSEX26SEP74400CE   3.92   -11.64 CALL unwind -28080   PUT added 326740  CE_OI=201020 PE_OI=788140
pcr14 =  BSE:SENSEX26SEP74300PE   4.93   129.79 CALL added 2180   PUT added 282940  CE_OI=120920 PE_OI=596720
pcr15 =  BSE:SENSEX26SEP74200PE   9.57   23.22 CALL added 8360   PUT added 194120  CE_OI=54500 PE_OI=521760
pcr16 =  BSE:SENSEX26SEP74100PE   12.19   -74.89 CALL unwind -380   PUT added 28460  CE_OI=32700 PE_OI=398460
pcr17 =  BSE:SENSEX26SEP74000CE   9.66   304.5 CALL added 1200   PUT added 365400  CE_OI=79800 PE_OI=770500
PCRSUM== 49.84
pcrSummation== 13.09
spotLTP =  74806.58  ATM_STRIKE =  74800
IS_ATM_STRIKE_SHIFT = False  mapStrike = {74800: 74800}
avgOiPcrList2 = [np.float64(2.96), np.float64(2.94), np.float64(2.93)] atmStrikeNotShiftedCount= 7
avgOiPcr9List2 = [np.float64(1.46), np.float64(1.46), np.float64(1.45)] atmStrikeNotShiftedCount= 7
False   7   3
SUPP_RES=== 75000  Buffer= 42
ANCHOR_COMPARE: spot=74806.58 fut=74837.35 basis(fut-spot)=30.77 | SR_spot(PRIMARY)=75000 SR_future=75000 SR_diff(fut-spot)=0 | PCRwin_spot(PRIMARY)=74800 PCRwin_future=74800
CEoich val =  438680.0  PEoich val =  305100.0 , CE > PE by 30.5%
SUPP_RES TOTAL OI: CE= 940320  PE= 528820 , CE > PE by 43.8%
INCR_CHOI: SUPP_RES=75000 role=RESISTANCE fresh_CE=4380 fresh_PE=-4940 -> CE_dominant by 188.7% (resistance HOLDING (bearish)) | cumulative CE=438680.0 PE=305100.0
==========================
FUT_SUPP_RES=== 75000  (FUT_LTP= 74837.35 ) Buffer= 42
FUT CEoich val =  438680.0  PEoich val =  305100.0 , CE > PE by 30.5%
FUT_SUPP_RES TOTAL OI: CE= 940320  PE= 528820 , CE > PE by 43.8%
OI_SUPP_RES: spot=74806.58 ATM=74800 (win=±500 mode=CHOI) (ATM_CE_OI=723620 ATM_PE_OI=833700) | SUPPORT=74700PE CHOI=1072180 (dist=-100) | RESISTANCE=74800CE CHOI=573320 (dist=0)
OI_SUPPORT=== 74700
OI_SUPPORT CEoich val = 598520.0  PEoich val = 1072180.0 , CE < PE by 44.2%
OI_SUPPORT TOTAL OI: CE= 817460  PE= 1267920 , CE < PE by 35.5%
OI_RESISTANCE=== 74800
OI_RESISTANCE CEoich val = 573320.0  PEoich val = 732500.0 , CE < PE by 21.7%
OI_RESISTANCE TOTAL OI: CE= 723620  PE= 833700 , CE < PE by 13.2%
IS_MORNING_WINDOW= False  (active 9:15-9:48 IST)
================================================
==== signal check time ==== 2026-09-21 12:21:00.605455
CHART_PATTERN_DETECTED: DOUBLE_TOP_FORMING
  PATTERN_CONTEXT: Body= -2.6  Range= 2.6  ExpectedRange= 64.1  RangeRatio= 0.04  O= 74840.0  H= 74840.0  L= 74837.4  C= 74837.4
PCR9_SEQ_FLAT: 1.46 -> 1.46 -> 1.45 (not monotonic)
isPcrDecr = True
PCR_SEQ_DEC: 2.96 -> 2.94 -> 2.93 | pcr2 < pcr1 by -0.7% | pcr3 < pcr2 by -0.3%
isCE_DominantAtRes_once = True  isCE_DominantAtRes_twice = True  isCE_DominantAtRes_trice = True (CE_res_streak= 4 )
ATMStrike =  74800
AVG_OIPCR= 1.45
avgoiPCROld=  2.93
AVG_OIPCR_9STRIKE= 1.45  (pcr5..pcr13 = ATM +/-4, 9 strikes)
SUPP_RES = 75000
spotLTP = 74806.58
FUT LTP = 74837.35
CEchoi  PechOi = 438680.0    305100.0
====================================
atmPCR= 0.23  belowATM  0.27
CHOI_DOM_GATE: gate_on= True  bull_ok= False  bear_ok= True | isPE_DomSupp_once= False  fresh_PE= -4940 | isCE_DomRes_once= True  fresh_CE= 4380
no trade yet = [np.float64(2.96), np.float64(2.94), np.float64(2.93)]
India VIX = 11.41  Spot Price = 74798.01
IV Regime = ELEVATED (ADAPTIVE: P25= 11.13  P50= 11.38  P75= 11.98 ) | DailyRange = 1219.2 | 3minCandleRange = 64.2 (theoretical= 106.9 ) | ATMoptionMove = 28.9 | SL = 101 | Target = 101 | TrailTrigger = 29 | Spread = 300 | Buffer = 42
IV Params refreshed: {'vix': 11.41, 'bn_price': 74798.01, 'regime': 'ELEVATED', 'regime_thresholds': 'P25=11.13 P50=11.38 P75=11.98', 'daily_range': 1219.2, 'candle_range': 64.2, 'atm_option_move': 28.9, 'sl_point': 101, 'target_point': 101, 'sl_pct_of_premium': 0.1, 'trail_trigger': 29, 'spread_width': 300, 'support_resistance_buffer': 42}
===
====after 3 min ochain==== 2026-09-21 12:24:00.000160
                                    oipcr   choipcr   CE_OI / PE_OI (same strike)
pcr1 =  BSE:SENSEX26SEP75600CE   0.03   0.02 CALL added 145680   PUT added 2480  CE_OI=275520 PE_OI=7080
pcr2 =  BSE:SENSEX26SEP75500PE   0.09   0.04 CALL added 337360   PUT added 12680  CE_OI=643760 PE_OI=61040
pcr3 =  BSE:SENSEX26SEP75400CE   0.14   0.11 CALL added 144300   PUT added 15860  CE_OI=234540 PE_OI=32320
pcr4 =  BSE:SENSEX26SEP75300PE   0.15   0.15 CALL added 127180   PUT added 19160  CE_OI=230360 PE_OI=33820
pcr5 =  BSE:SENSEX26SEP75200CE   0.23   0.26 CALL added 187960   PUT added 48320  CE_OI=312640 PE_OI=72580
pcr6 =  BSE:SENSEX26SEP75100CE   0.27    0.3 CALL added 151960   PUT added 45260  CE_OI=367760 PE_OI=99400
pcr7 =  BSE:SENSEX26SEP75000PE   0.57   0.71 CALL added 439280   PUT added 311200  CE_OI=940920 PE_OI=534920
pcr8 =  BSE:SENSEX26SEP74900CE   0.7   0.99 CALL added 311440   PUT added 308840  CE_OI=509620 PE_OI=356080
pcr9 =  BSE:SENSEX26SEP74800PE   1.16   1.28 CALL added 573860   PUT added 737400  CE_OI=724160 PE_OI=838600
pcr10 =  BSE:SENSEX26SEP74700CE   1.57   1.82 CALL added 596380   PUT added 1086680  CE_OI=815320 PE_OI=1282420
pcr11 =  BSE:SENSEX26SEP74600PE   2.7   6.44 CALL added 101120   PUT added 650900  CE_OI=420260 PE_OI=1133720
pcr12 =  BSE:SENSEX26SEP74500PE   1.98   -35.95 CALL unwind -17560   PUT added 631300  CE_OI=828500 PE_OI=1640300
pcr13 =  BSE:SENSEX26SEP74400CE   3.97   -10.92 CALL unwind -30080   PUT added 328360  CE_OI=199020 PE_OI=789760
pcr14 =  BSE:SENSEX26SEP74300PE   4.95   201.04 CALL added 1400   PUT added 281460  CE_OI=120140 PE_OI=595240
pcr15 =  BSE:SENSEX26SEP74200PE   9.49   22.31 CALL added 8600   PUT added 191840  CE_OI=54740 PE_OI=519480
pcr16 =  BSE:SENSEX26SEP74100PE   12.28   -101.31 CALL unwind -320   PUT added 32420  CE_OI=32760 PE_OI=402420
pcr17 =  BSE:SENSEX26SEP74000CE   9.56   342.35 CALL added 1040   PUT added 356040  CE_OI=79640 PE_OI=761140
PCRSUM== 49.84
pcrSummation== 13.15
spotLTP =  74798.01  ATM_STRIKE =  74800
IS_ATM_STRIKE_SHIFT = False  mapStrike = {74800: 74800}
avgOiPcrList2 = [np.float64(2.94), np.float64(2.93), np.float64(2.93)] atmStrikeNotShiftedCount= 8
avgOiPcr9List2 = [np.float64(1.46), np.float64(1.45), np.float64(1.46)] atmStrikeNotShiftedCount= 8
False   8   3
SUPP_RES=== 75000  Buffer= 42
ANCHOR_COMPARE: spot=74798.01 fut=74831.55 basis(fut-spot)=33.54 | SR_spot(PRIMARY)=75000 SR_future=75000 SR_diff(fut-spot)=0 | PCRwin_spot(PRIMARY)=74800 PCRwin_future=74800
CEoich val =  439280.0  PEoich val =  311200.0 , CE > PE by 29.2%
SUPP_RES TOTAL OI: CE= 940920  PE= 534920 , CE > PE by 43.1%
INCR_CHOI: SUPP_RES=75000 role=RESISTANCE fresh_CE=600 fresh_PE=6100 -> PE_dominant by 90.2% (resistance CHALLENGED (bullish warning)) | cumulative CE=439280.0 PE=311200.0
==========================
FUT_SUPP_RES=== 75000  (FUT_LTP= 74831.55 ) Buffer= 42
FUT CEoich val =  439280.0  PEoich val =  311200.0 , CE > PE by 29.2%
FUT_SUPP_RES TOTAL OI: CE= 940920  PE= 534920 , CE > PE by 43.1%
OI_SUPP_RES: spot=74798.01 ATM=74800 (win=±500 mode=CHOI) (ATM_CE_OI=724160 ATM_PE_OI=838600) | SUPPORT=74700PE CHOI=1086680 (dist=-100) | RESISTANCE=74800CE CHOI=573860 (dist=0)
OI_SUPPORT=== 74700
OI_SUPPORT CEoich val = 596380.0  PEoich val = 1086680.0 , CE < PE by 45.1%
OI_SUPPORT TOTAL OI: CE= 815320  PE= 1282420 , CE < PE by 36.4%
OI_RESISTANCE=== 74800
OI_RESISTANCE CEoich val = 573860.0  PEoich val = 737400.0 , CE < PE by 22.2%
OI_RESISTANCE TOTAL OI: CE= 724160  PE= 838600 , CE < PE by 13.6%
IS_MORNING_WINDOW= False  (active 9:15-9:48 IST)
================================================
==== signal check time ==== 2026-09-21 12:24:00.589781
CHART_PATTERN_DETECTED: DOUBLE_TOP_FORMING | DOUBLE_BOTTOM_FORMING
  PATTERN_CONTEXT: Body= -5.8  Range= 5.8  ExpectedRange= 64.2  RangeRatio= 0.09  O= 74837.4  H= 74837.4  L= 74831.6  C= 74831.6
PCR9_SEQ_FLAT: 1.46 -> 1.45 -> 1.46 (not monotonic)
neither = [np.float64(2.93)]
ATMStrike =  74800
AVG_OIPCR= 1.46
avgoiPCROld=  2.93
AVG_OIPCR_9STRIKE= 1.46  (pcr5..pcr13 = ATM +/-4, 9 strikes)
SUPP_RES = 75000
spotLTP = 74798.01
FUT LTP = 74831.55
CEchoi  PechOi = 439280.0    311200.0
====================================
atmPCR= 0.23  belowATM  0.27
CHOI_DOM_GATE: gate_on= True  bull_ok= False  bear_ok= False | isPE_DomSupp_once= False  fresh_PE= 6100 | isCE_DomRes_once= False  fresh_CE= 600
India VIX = 11.39  Spot Price = 74819.38
IV Regime = ELEVATED (ADAPTIVE: P25= 11.13  P50= 11.38  P75= 11.98 ) | DailyRange = 1217.4 | 3minCandleRange = 64.1 (theoretical= 106.8 ) | ATMoptionMove = 28.8 | SL = 101 | Target = 101 | TrailTrigger = 29 | Spread = 300 | Buffer = 42
IV Params refreshed: {'vix': 11.39, 'bn_price': 74819.38, 'regime': 'ELEVATED', 'regime_thresholds': 'P25=11.13 P50=11.38 P75=11.98', 'daily_range': 1217.4, 'candle_range': 64.1, 'atm_option_move': 28.8, 'sl_point': 101, 'target_point': 101, 'sl_pct_of_premium': 0.1, 'trail_trigger': 29, 'spread_width': 300, 'support_resistance_buffer': 42}
===
====after 3 min ochain==== 2026-09-21 12:27:00.008735
                                    oipcr   choipcr   CE_OI / PE_OI (same strike)
pcr1 =  BSE:SENSEX26SEP75600CE   0.03   0.02 CALL added 144580   PUT added 2460  CE_OI=274420 PE_OI=7060
pcr2 =  BSE:SENSEX26SEP75500PE   0.09   0.04 CALL added 338760   PUT added 12920  CE_OI=645160 PE_OI=61280
pcr3 =  BSE:SENSEX26SEP75400CE   0.14   0.11 CALL added 144120   PUT added 15280  CE_OI=234360 PE_OI=31740
pcr4 =  BSE:SENSEX26SEP75300PE   0.15   0.15 CALL added 126820   PUT added 19300  CE_OI=230000 PE_OI=33960
pcr5 =  BSE:SENSEX26SEP75200CE   0.23   0.25 CALL added 187060   PUT added 47300  CE_OI=311740 PE_OI=71560
pcr6 =  BSE:SENSEX26SEP75100CE   0.27    0.3 CALL added 150000   PUT added 45120  CE_OI=365800 PE_OI=99260
pcr7 =  BSE:SENSEX26SEP75000PE   0.56   0.68 CALL added 447200   PUT added 306240  CE_OI=948840 PE_OI=529960
pcr8 =  BSE:SENSEX26SEP74900CE   0.68   0.94 CALL added 328220   PUT added 308580  CE_OI=526400 PE_OI=355820
pcr9 =  BSE:SENSEX26SEP74800PE   1.17   1.3 CALL added 572140   PUT added 744980  CE_OI=722440 PE_OI=846180
pcr10 =  BSE:SENSEX26SEP74700CE   1.55   1.79 CALL added 603880   PUT added 1080940  CE_OI=822820 PE_OI=1276680
pcr11 =  BSE:SENSEX26SEP74600PE   2.72   6.67 CALL added 97860   PUT added 652940  CE_OI=417000 PE_OI=1135760
pcr12 =  BSE:SENSEX26SEP74500PE   1.97   -42.34 CALL unwind -14760   PUT added 625000  CE_OI=831300 PE_OI=1634000
pcr13 =  BSE:SENSEX26SEP74400CE   3.96   -10.83 CALL unwind -30180   PUT added 326980  CE_OI=198920 PE_OI=788380
pcr14 =  BSE:SENSEX26SEP74300PE   4.98   200.7 CALL added 1420   PUT added 285000  CE_OI=120160 PE_OI=598780
pcr15 =  BSE:SENSEX26SEP74200PE   9.5   22.4 CALL added 8580   PUT added 192200  CE_OI=54720 PE_OI=519840
pcr16 =  BSE:SENSEX26SEP74100PE   12.27   -212.25 CALL unwind -160   PUT added 33960  CE_OI=32920 PE_OI=403960
pcr17 =  BSE:SENSEX26SEP74000CE   9.53   306.07 CALL added 1160   PUT added 355040  CE_OI=79760 PE_OI=760140
PCRSUM== 49.8
pcrSummation== 13.11
spotLTP =  74819.68  ATM_STRIKE =  74800
IS_ATM_STRIKE_SHIFT = False  mapStrike = {74800: 74800}
avgOiPcrList2 = [np.float64(2.93), np.float64(2.93)] atmStrikeNotShiftedCount= 9
avgOiPcr9List2 = [np.float64(1.46), np.float64(1.46)] atmStrikeNotShiftedCount= 9
False   9   2
SUPP_RES=== 75000  Buffer= 42
ANCHOR_COMPARE: spot=74819.68 fut=74799.2 basis(fut-spot)=-20.48 | SR_spot(PRIMARY)=75000 SR_future=75000 SR_diff(fut-spot)=0 | PCRwin_spot(PRIMARY)=74800 PCRwin_future=74800
CEoich val =  447200.0  PEoich val =  306240.0 , CE > PE by 31.5%
SUPP_RES TOTAL OI: CE= 948840  PE= 529960 , CE > PE by 44.1%
INCR_CHOI: SUPP_RES=75000 role=RESISTANCE fresh_CE=7920 fresh_PE=-4960 -> CE_dominant by 162.6% (resistance HOLDING (bearish)) | cumulative CE=447200.0 PE=306240.0
==========================
FUT_SUPP_RES=== 75000  (FUT_LTP= 74799.2 ) Buffer= 42
FUT CEoich val =  447200.0  PEoich val =  306240.0 , CE > PE by 31.5%
FUT_SUPP_RES TOTAL OI: CE= 948840  PE= 529960 , CE > PE by 44.1%
OI_SUPP_RES: spot=74819.68 ATM=74800 (win=±500 mode=CHOI) (ATM_CE_OI=722440 ATM_PE_OI=846180) | SUPPORT=74700PE CHOI=1080940 (dist=-100) | RESISTANCE=74800CE CHOI=572140 (dist=0)
OI_SUPPORT=== 74700
OI_SUPPORT CEoich val = 603880.0  PEoich val = 1080940.0 , CE < PE by 44.1%
OI_SUPPORT TOTAL OI: CE= 822820  PE= 1276680 , CE < PE by 35.6%
OI_RESISTANCE=== 74800
OI_RESISTANCE CEoich val = 572140.0  PEoich val = 744980.0 , CE < PE by 23.2%
OI_RESISTANCE TOTAL OI: CE= 722440  PE= 846180 , CE < PE by 14.6%
IS_MORNING_WINDOW= False  (active 9:15-9:48 IST)
================================================
==== signal check time ==== 2026-09-21 12:27:00.575509
CHART_PATTERN: None
isCE_DominantAtRes_once = True  isCE_DominantAtRes_twice = False  isCE_DominantAtRes_trice = False (CE_res_streak= 1 )
ATMStrike =  74800
AVG_OIPCR= 1.46
avgoiPCROld=  2.93
AVG_OIPCR_9STRIKE= 1.46  (pcr5..pcr13 = ATM +/-4, 9 strikes)
SUPP_RES = 75000
spotLTP = 74819.68
FUT LTP = 74799.2
CEchoi  PechOi = 447200.0    306240.0
====================================
atmPCR= 0.23  belowATM  0.27
CHOI_DOM_GATE: gate_on= True  bull_ok= False  bear_ok= True | isPE_DomSupp_once= False  fresh_PE= -4960 | isCE_DomRes_once= True  fresh_CE= 7920
India VIX = 11.37  Spot Price = 74825.67
IV Regime = NORMAL (ADAPTIVE: P25= 11.13  P50= 11.38  P75= 11.98 ) | DailyRange = 1215.4 | 3minCandleRange = 64.0 (theoretical= 106.6 ) | ATMoptionMove = 28.8 | SL = 101 | Target = 101 | TrailTrigger = 29 | Spread = 300 | Buffer = 32
IV Params refreshed: {'vix': 11.37, 'bn_price': 74825.67, 'regime': 'NORMAL', 'regime_thresholds': 'P25=11.13 P50=11.38 P75=11.98', 'daily_range': 1215.4, 'candle_range': 64.0, 'atm_option_move': 28.8, 'sl_point': 101, 'target_point': 101, 'sl_pct_of_premium': 0.1, 'trail_trigger': 29, 'spread_width': 300, 'support_resistance_buffer': 32}
===
====after 3 min ochain==== 2026-09-21 12:30:00.000001
                                    oipcr   choipcr   CE_OI / PE_OI (same strike)
pcr1 =  BSE:SENSEX26SEP75600CE   0.03   0.02 CALL added 145440   PUT added 2460  CE_OI=275280 PE_OI=7060
pcr2 =  BSE:SENSEX26SEP75500PE   0.1   0.04 CALL added 339580   PUT added 13580  CE_OI=645980 PE_OI=61940
pcr3 =  BSE:SENSEX26SEP75400CE   0.13   0.1 CALL added 145820   PUT added 15220  CE_OI=236060 PE_OI=31680
pcr4 =  BSE:SENSEX26SEP75300PE   0.15   0.15 CALL added 128320   PUT added 19340  CE_OI=231500 PE_OI=34000
pcr5 =  BSE:SENSEX26SEP75200CE   0.23   0.25 CALL added 188900   PUT added 47260  CE_OI=313580 PE_OI=71520
pcr6 =  BSE:SENSEX26SEP75100CE   0.27    0.3 CALL added 152280   PUT added 45360  CE_OI=368080 PE_OI=99500
pcr7 =  BSE:SENSEX26SEP75000PE   0.55   0.67 CALL added 454400   PUT added 306180  CE_OI=956040 PE_OI=529900
pcr8 =  BSE:SENSEX26SEP74900CE   0.67   0.92 CALL added 333700   PUT added 308440  CE_OI=531880 PE_OI=355680
pcr9 =  BSE:SENSEX26SEP74800PE   1.18   1.31 CALL added 573840   PUT added 752300  CE_OI=724140 PE_OI=853500
pcr10 =  BSE:SENSEX26SEP74700CE   1.55   1.79 CALL added 604200   PUT added 1080600  CE_OI=823140 PE_OI=1276340
pcr11 =  BSE:SENSEX26SEP74600PE   2.68   6.44 CALL added 98840   PUT added 636600  CE_OI=417980 PE_OI=1119420
pcr12 =  BSE:SENSEX26SEP74500PE   1.98   -29.98 CALL unwind -20800   PUT added 623660  CE_OI=825260 PE_OI=1632660
pcr13 =  BSE:SENSEX26SEP74400CE   3.95   -10.9 CALL unwind -29900   PUT added 326000  CE_OI=199200 PE_OI=787400
pcr14 =  BSE:SENSEX26SEP74300PE   4.93   128.27 CALL added 2200   PUT added 282200  CE_OI=120940 PE_OI=595980
pcr15 =  BSE:SENSEX26SEP74200PE   9.47   21.88 CALL added 8800   PUT added 192520  CE_OI=54940 PE_OI=520160
pcr16 =  BSE:SENSEX26SEP74100PE   12.29   -443.5 CALL unwind -80   PUT added 35480  CE_OI=33000 PE_OI=405480
pcr17 =  BSE:SENSEX26SEP74000CE   9.55   335.43 CALL added 1060   PUT added 355560  CE_OI=79660 PE_OI=760660
PCRSUM== 49.71
pcrSummation== 13.06
spotLTP =  74826.26  ATM_STRIKE =  74800
IS_ATM_STRIKE_SHIFT = False  mapStrike = {74800: 74800}
avgOiPcrList2 = [np.float64(2.93), np.float64(2.93), np.float64(2.92)] atmStrikeNotShiftedCount= 10
avgOiPcr9List2 = [np.float64(1.46), np.float64(1.46), np.float64(1.45)] atmStrikeNotShiftedCount= 10
False   10   3
SUPP_RES=== 75000  Buffer= 32
ANCHOR_COMPARE: spot=74826.26 fut=74801.5 basis(fut-spot)=-24.76 | SR_spot(PRIMARY)=75000 SR_future=75000 SR_diff(fut-spot)=0 | PCRwin_spot(PRIMARY)=74800 PCRwin_future=74800
CEoich val =  454400.0  PEoich val =  306180.0 , CE > PE by 32.6%
SUPP_RES TOTAL OI: CE= 956040  PE= 529900 , CE > PE by 44.6%
INCR_CHOI: SUPP_RES=75000 role=RESISTANCE fresh_CE=7200 fresh_PE=-60 -> CE_dominant by 100.8% (resistance HOLDING (bearish)) | cumulative CE=454400.0 PE=306180.0
==========================
FUT_SUPP_RES=== 75000  (FUT_LTP= 74801.5 ) Buffer= 32
FUT CEoich val =  454400.0  PEoich val =  306180.0 , CE > PE by 32.6%
FUT_SUPP_RES TOTAL OI: CE= 956040  PE= 529900 , CE > PE by 44.6%
OI_SUPP_RES: spot=74826.26 ATM=74800 (win=±500 mode=CHOI) (ATM_CE_OI=724140 ATM_PE_OI=853500) | SUPPORT=74700PE CHOI=1080600 (dist=-100) | RESISTANCE=74800CE CHOI=573840 (dist=0)
OI_SUPPORT=== 74700
OI_SUPPORT CEoich val = 604200.0  PEoich val = 1080600.0 , CE < PE by 44.1%
OI_SUPPORT TOTAL OI: CE= 823140  PE= 1276340 , CE < PE by 35.5%
OI_RESISTANCE=== 74800
OI_RESISTANCE CEoich val = 573840.0  PEoich val = 752300.0 , CE < PE by 23.7%
OI_RESISTANCE TOTAL OI: CE= 724140  PE= 853500 , CE < PE by 15.2%
IS_MORNING_WINDOW= False  (active 9:15-9:48 IST)
================================================
==== signal check time ==== 2026-09-21 12:30:00.596445
CHART_PATTERN_DETECTED: DOUBLE_BOTTOM_FORMING
  PATTERN_CONTEXT: Body= 2.3  Range= 2.3  ExpectedRange= 64.0  RangeRatio= 0.04  O= 74799.2  H= 74801.5  L= 74799.2  C= 74801.5
PCR9_SEQ_FLAT: 1.46 -> 1.46 -> 1.45 (not monotonic)
recent two = [np.float64(2.93), np.float64(2.92)]
isCE_DominantAtRes_once = True  isCE_DominantAtRes_twice = True  isCE_DominantAtRes_trice = False (CE_res_streak= 2 )
ATMStrike =  74800
AVG_OIPCR= 1.45
avgoiPCROld=  2.92
AVG_OIPCR_9STRIKE= 1.45  (pcr5..pcr13 = ATM +/-4, 9 strikes)
SUPP_RES = 75000
spotLTP = 74826.26
FUT LTP = 74801.5
CEchoi  PechOi = 454400.0    306180.0
====================================
atmPCR= 0.23  belowATM  0.27
CHOI_DOM_GATE: gate_on= True  bull_ok= False  bear_ok= True | isPE_DomSupp_once= False  fresh_PE= -60 | isCE_DomRes_once= True  fresh_CE= 7200
India VIX = 11.4  Spot Price = 74820.01
IV Regime = ELEVATED (ADAPTIVE: P25= 11.13  P50= 11.38  P75= 11.98 ) | DailyRange = 1218.5 | 3minCandleRange = 64.1 (theoretical= 106.9 ) | ATMoptionMove = 28.9 | SL = 101 | Target = 101 | TrailTrigger = 29 | Spread = 300 | Buffer = 42
IV Params refreshed: {'vix': 11.4, 'bn_price': 74820.01, 'regime': 'ELEVATED', 'regime_thresholds': 'P25=11.13 P50=11.38 P75=11.98', 'daily_range': 1218.5, 'candle_range': 64.1, 'atm_option_move': 28.9, 'sl_point': 101, 'target_point': 101, 'sl_pct_of_premium': 0.1, 'trail_trigger': 29, 'spread_width': 300, 'support_resistance_buffer': 42}
===
====after 3 min ochain==== 2026-09-21 12:33:00.000001
                                    oipcr   choipcr   CE_OI / PE_OI (same strike)
pcr1 =  BSE:SENSEX26SEP75600CE   0.03   0.02 CALL added 143700   PUT added 2480  CE_OI=273540 PE_OI=7080
pcr2 =  BSE:SENSEX26SEP75500PE   0.1   0.04 CALL added 325860   PUT added 14120  CE_OI=632260 PE_OI=62480
pcr3 =  BSE:SENSEX26SEP75400CE   0.14   0.11 CALL added 143960   PUT added 15660  CE_OI=234200 PE_OI=32120
pcr4 =  BSE:SENSEX26SEP75300PE   0.15   0.16 CALL added 126100   PUT added 19560  CE_OI=229280 PE_OI=34220
pcr5 =  BSE:SENSEX26SEP75200CE   0.24   0.26 CALL added 187080   PUT added 49040  CE_OI=311760 PE_OI=73300
pcr6 =  BSE:SENSEX26SEP75100CE   0.28    0.32 CALL added 151020   PUT added 48080  CE_OI=366820 PE_OI=102220
pcr7 =  BSE:SENSEX26SEP75000PE   0.55   0.67 CALL added 455320   PUT added 305440  CE_OI=956960 PE_OI=529160
pcr8 =  BSE:SENSEX26SEP74900CE   0.66   0.91 CALL added 339280   PUT added 307200  CE_OI=537460 PE_OI=354440
pcr9 =  BSE:SENSEX26SEP74800PE   1.18   1.32 CALL added 577100   PUT added 760440  CE_OI=727400 PE_OI=861640
pcr10 =  BSE:SENSEX26SEP74700CE   1.56   1.8 CALL added 600380   PUT added 1080120  CE_OI=819320 PE_OI=1275860
pcr11 =  BSE:SENSEX26SEP74600PE   2.71   6.82 CALL added 93360   PUT added 637100  CE_OI=412500 PE_OI=1119920
pcr12 =  BSE:SENSEX26SEP74500PE   1.98   -27.08 CALL unwind -23020   PUT added 623460  CE_OI=823040 PE_OI=1632460
pcr13 =  BSE:SENSEX26SEP74400CE   3.99   -10.98 CALL unwind -30180   PUT added 331400  CE_OI=198920 PE_OI=792800
pcr14 =  BSE:SENSEX26SEP74300PE   4.96   133.72 CALL added 2140   PUT added 286160  CE_OI=120880 PE_OI=599940
pcr15 =  BSE:SENSEX26SEP74200PE   9.5   22.35 CALL added 8620   PUT added 192660  CE_OI=54760 PE_OI=520300
pcr16 =  BSE:SENSEX26SEP74100PE   12.34   -369.6 CALL unwind -100   PUT added 36960  CE_OI=32980 PE_OI=406960
pcr17 =  BSE:SENSEX26SEP74000CE   9.55   284.08 CALL added 1260   PUT added 357940  CE_OI=79860 PE_OI=763040
PCRSUM== 49.92
pcrSummation== 13.15
spotLTP =  74820.01  ATM_STRIKE =  74800
IS_ATM_STRIKE_SHIFT = False  mapStrike = {74800: 74800}
avgOiPcrList2 = [np.float64(2.93), np.float64(2.92), np.float64(2.94)] atmStrikeNotShiftedCount= 11
avgOiPcr9List2 = [np.float64(1.46), np.float64(1.45), np.float64(1.46)] atmStrikeNotShiftedCount= 11
False   11   3
SUPP_RES=== 75000  Buffer= 42
ANCHOR_COMPARE: spot=74820.01 fut=74801.5 basis(fut-spot)=-18.51 | SR_spot(PRIMARY)=75000 SR_future=75000 SR_diff(fut-spot)=0 | PCRwin_spot(PRIMARY)=74800 PCRwin_future=74800
CEoich val =  455320.0  PEoich val =  305440.0 , CE > PE by 32.9%
SUPP_RES TOTAL OI: CE= 956960  PE= 529160 , CE > PE by 44.7%
INCR_CHOI: SUPP_RES=75000 role=RESISTANCE fresh_CE=920 fresh_PE=-740 -> CE_dominant by 180.4% (resistance HOLDING (bearish)) | cumulative CE=455320.0 PE=305440.0
==========================
FUT_SUPP_RES=== 75000  (FUT_LTP= 74801.5 ) Buffer= 42
FUT CEoich val =  455320.0  PEoich val =  305440.0 , CE > PE by 32.9%
FUT_SUPP_RES TOTAL OI: CE= 956960  PE= 529160 , CE > PE by 44.7%
OI_SUPP_RES: spot=74820.01 ATM=74800 (win=±500 mode=CHOI) (ATM_CE_OI=727400 ATM_PE_OI=861640) | SUPPORT=74700PE CHOI=1080120 (dist=-100) | RESISTANCE=74800CE CHOI=577100 (dist=0)
OI_SUPPORT=== 74700
OI_SUPPORT CEoich val = 600380.0  PEoich val = 1080120.0 , CE < PE by 44.4%
OI_SUPPORT TOTAL OI: CE= 819320  PE= 1275860 , CE < PE by 35.8%
OI_RESISTANCE=== 74800
OI_RESISTANCE CEoich val = 577100.0  PEoich val = 760440.0 , CE < PE by 24.1%
OI_RESISTANCE TOTAL OI: CE= 727400  PE= 861640 , CE < PE by 15.6%
IS_MORNING_WINDOW= False  (active 9:15-9:48 IST)
================================================
==== signal check time ==== 2026-09-21 12:33:00.596845
CHART_PATTERN_DETECTED: INSIDE_BAR | DOUBLE_BOTTOM_FORMING
  PATTERN_CONTEXT: Body= 0.0  Range= 0.0  ExpectedRange= 64.1  RangeRatio= 0.0  O= 74801.5  H= 74801.5  L= 74801.5  C= 74801.5
PCR9_SEQ_FLAT: 1.46 -> 1.45 -> 1.46 (not monotonic)
recent two = [np.float64(2.92), np.float64(2.94)]
isCE_DominantAtRes_once = True  isCE_DominantAtRes_twice = True  isCE_DominantAtRes_trice = True (CE_res_streak= 3 )
ATMStrike =  74800
AVG_OIPCR= 1.46
avgoiPCROld=  2.94
AVG_OIPCR_9STRIKE= 1.46  (pcr5..pcr13 = ATM +/-4, 9 strikes)
SUPP_RES = 75000
spotLTP = 74820.01
FUT LTP = 74801.5
CEchoi  PechOi = 455320.0    305440.0
====================================
atmPCR= 0.24  belowATM  0.28
CHOI_DOM_GATE: gate_on= True  bull_ok= False  bear_ok= True | isPE_DomSupp_once= False  fresh_PE= -740 | isCE_DomRes_once= True  fresh_CE= 920
India VIX = 11.37  Spot Price = 74809.07
IV Regime = NORMAL (ADAPTIVE: P25= 11.13  P50= 11.38  P75= 11.98 ) | DailyRange = 1215.1 | 3minCandleRange = 63.9 (theoretical= 106.6 ) | ATMoptionMove = 28.8 | SL = 101 | Target = 101 | TrailTrigger = 29 | Spread = 300 | Buffer = 32
IV Params refreshed: {'vix': 11.37, 'bn_price': 74809.07, 'regime': 'NORMAL', 'regime_thresholds': 'P25=11.13 P50=11.38 P75=11.98', 'daily_range': 1215.1, 'candle_range': 63.9, 'atm_option_move': 28.8, 'sl_point': 101, 'target_point': 101, 'sl_pct_of_premium': 0.1, 'trail_trigger': 29, 'spread_width': 300, 'support_resistance_buffer': 32}
===
====after 3 min ochain==== 2026-09-21 12:36:00.000003
                                    oipcr   choipcr   CE_OI / PE_OI (same strike)
pcr1 =  BSE:SENSEX26SEP75600CE   0.03   0.02 CALL added 145820   PUT added 2420  CE_OI=275660 PE_OI=7020
pcr2 =  BSE:SENSEX26SEP75500PE   0.1   0.04 CALL added 334780   PUT added 13640  CE_OI=641180 PE_OI=62000
pcr3 =  BSE:SENSEX26SEP75400CE   0.14   0.11 CALL added 145820   PUT added 15680  CE_OI=236060 PE_OI=32140
pcr4 =  BSE:SENSEX26SEP75300PE   0.15   0.15 CALL added 128580   PUT added 19880  CE_OI=231760 PE_OI=34540
pcr5 =  BSE:SENSEX26SEP75200CE   0.23   0.25 CALL added 195620   PUT added 49100  CE_OI=320300 PE_OI=73360
pcr6 =  BSE:SENSEX26SEP75100CE   0.27    0.29 CALL added 162100   PUT added 47700  CE_OI=377900 PE_OI=101840
pcr7 =  BSE:SENSEX26SEP75000PE   0.55   0.65 CALL added 470980   PUT added 308440  CE_OI=972620 PE_OI=532160
pcr8 =  BSE:SENSEX26SEP74900CE   0.64   0.87 CALL added 355360   PUT added 308960  CE_OI=553540 PE_OI=356200
pcr9 =  BSE:SENSEX26SEP74800PE   1.18   1.31 CALL added 580800   PUT added 762160  CE_OI=731100 PE_OI=863360
pcr10 =  BSE:SENSEX26SEP74700CE   1.52   1.75 CALL added 615740   PUT added 1076160  CE_OI=834680 PE_OI=1271900
pcr11 =  BSE:SENSEX26SEP74600PE   2.69   6.6 CALL added 95680   PUT added 631340  CE_OI=414820 PE_OI=1114160
pcr12 =  BSE:SENSEX26SEP74500PE   1.98   -21.03 CALL unwind -29120   PUT added 612440  CE_OI=816940 PE_OI=1621440
pcr13 =  BSE:SENSEX26SEP74400CE   4.0   -10.73 CALL unwind -30900   PUT added 331680  CE_OI=198200 PE_OI=793080
pcr14 =  BSE:SENSEX26SEP74300PE   4.95   174.36 CALL added 1620   PUT added 282460  CE_OI=120360 PE_OI=596240
pcr15 =  BSE:SENSEX26SEP74200PE   9.44   21.97 CALL added 8620   PUT added 189380  CE_OI=54760 PE_OI=517020
pcr16 =  BSE:SENSEX26SEP74100PE   12.31   -252.86 CALL unwind -140   PUT added 35400  CE_OI=32940 PE_OI=405400
pcr17 =  BSE:SENSEX26SEP74000CE   9.48   263.24 CALL added 1340   PUT added 352740  CE_OI=79940 PE_OI=757840
PCRSUM== 49.66
pcrSummation== 13.06
spotLTP =  74809.07  ATM_STRIKE =  74800
IS_ATM_STRIKE_SHIFT = False  mapStrike = {74800: 74800}
avgOiPcrList2 = [np.float64(2.92), np.float64(2.94), np.float64(2.92)] atmStrikeNotShiftedCount= 12
avgOiPcr9List2 = [np.float64(1.45), np.float64(1.46), np.float64(1.45)] atmStrikeNotShiftedCount= 12
False   12   3
SUPP_RES=== 75000  Buffer= 32
ANCHOR_COMPARE: spot=74809.07 fut=74796.7 basis(fut-spot)=-12.37 | SR_spot(PRIMARY)=75000 SR_future=75000 SR_diff(fut-spot)=0 | PCRwin_spot(PRIMARY)=74800 PCRwin_future=74800
CEoich val =  470980.0  PEoich val =  308440.0 , CE > PE by 34.5%
SUPP_RES TOTAL OI: CE= 972620  PE= 532160 , CE > PE by 45.3%
INCR_CHOI: SUPP_RES=75000 role=RESISTANCE fresh_CE=15660 fresh_PE=3000 -> CE_dominant by 80.8% (resistance HOLDING (bearish)) | cumulative CE=470980.0 PE=308440.0
==========================
FUT_SUPP_RES=== 75000  (FUT_LTP= 74796.7 ) Buffer= 32
FUT CEoich val =  470980.0  PEoich val =  308440.0 , CE > PE by 34.5%
FUT_SUPP_RES TOTAL OI: CE= 972620  PE= 532160 , CE > PE by 45.3%
OI_SUPP_RES: spot=74809.07 ATM=74800 (win=±500 mode=CHOI) (ATM_CE_OI=731100 ATM_PE_OI=863360) | SUPPORT=74700PE CHOI=1076160 (dist=-100) | RESISTANCE=74800CE CHOI=580800 (dist=0)
OI_SUPPORT=== 74700
OI_SUPPORT CEoich val = 615740.0  PEoich val = 1076160.0 , CE < PE by 42.8%
OI_SUPPORT TOTAL OI: CE= 834680  PE= 1271900 , CE < PE by 34.4%
OI_RESISTANCE=== 74800
OI_RESISTANCE CEoich val = 580800.0  PEoich val = 762160.0 , CE < PE by 23.8%
OI_RESISTANCE TOTAL OI: CE= 731100  PE= 863360 , CE < PE by 15.3%
IS_MORNING_WINDOW= False  (active 9:15-9:48 IST)
================================================
==== signal check time ==== 2026-09-21 12:36:00.628218
CHART_PATTERN_DETECTED: DOUBLE_TOP_FORMING | DOUBLE_BOTTOM_FORMING
  PATTERN_CONTEXT: Body= -4.8  Range= 4.8  ExpectedRange= 63.9  RangeRatio= 0.08  O= 74801.5  H= 74801.5  L= 74796.7  C= 74796.7
PCR9_SEQ_FLAT: 1.45 -> 1.46 -> 1.45 (not monotonic)
recent two = [np.float64(2.94), np.float64(2.92)]
isCE_DominantAtRes_once = True  isCE_DominantAtRes_twice = True  isCE_DominantAtRes_trice = True (CE_res_streak= 4 )
ATMStrike =  74800
AVG_OIPCR= 1.45
avgoiPCROld=  2.92
AVG_OIPCR_9STRIKE= 1.45  (pcr5..pcr13 = ATM +/-4, 9 strikes)
SUPP_RES = 75000
spotLTP = 74809.07
FUT LTP = 74796.7
CEchoi  PechOi = 470980.0    308440.0
====================================
atmPCR= 0.23  belowATM  0.27
CHOI_DOM_GATE: gate_on= True  bull_ok= False  bear_ok= True | isPE_DomSupp_once= False  fresh_PE= 3000 | isCE_DomRes_once= True  fresh_CE= 15660
India VIX = 11.39  Spot Price = 74820.26
IV Regime = ELEVATED (ADAPTIVE: P25= 11.13  P50= 11.38  P75= 11.98 ) | DailyRange = 1217.4 | 3minCandleRange = 64.1 (theoretical= 106.8 ) | ATMoptionMove = 28.8 | SL = 101 | Target = 101 | TrailTrigger = 29 | Spread = 300 | Buffer = 42
IV Params refreshed: {'vix': 11.39, 'bn_price': 74820.26, 'regime': 'ELEVATED', 'regime_thresholds': 'P25=11.13 P50=11.38 P75=11.98', 'daily_range': 1217.4, 'candle_range': 64.1, 'atm_option_move': 28.8, 'sl_point': 101, 'target_point': 101, 'sl_pct_of_premium': 0.1, 'trail_trigger': 29, 'spread_width': 300, 'support_resistance_buffer': 42}
===
====after 3 min ochain==== 2026-09-21 12:39:00.000003
                                    oipcr   choipcr   CE_OI / PE_OI (same strike)
pcr1 =  BSE:SENSEX26SEP75600CE   0.03   0.02 CALL added 145760   PUT added 3240  CE_OI=275600 PE_OI=7840
pcr2 =  BSE:SENSEX26SEP75500PE   0.1   0.04 CALL added 334020   PUT added 12580  CE_OI=640420 PE_OI=60940
pcr3 =  BSE:SENSEX26SEP75400CE   0.14   0.11 CALL added 146660   PUT added 15720  CE_OI=236900 PE_OI=32180
pcr4 =  BSE:SENSEX26SEP75300PE   0.15   0.15 CALL added 134600   PUT added 20440  CE_OI=237780 PE_OI=35100
pcr5 =  BSE:SENSEX26SEP75200CE   0.22   0.24 CALL added 205440   PUT added 49380  CE_OI=330120 PE_OI=73640
pcr6 =  BSE:SENSEX26SEP75100CE   0.28    0.31 CALL added 161380   PUT added 49660  CE_OI=377180 PE_OI=103800
pcr7 =  BSE:SENSEX26SEP75000PE   0.55   0.66 CALL added 475440   PUT added 311820  CE_OI=977080 PE_OI=535540
pcr8 =  BSE:SENSEX26SEP74900CE   0.65   0.88 CALL added 354800   PUT added 311300  CE_OI=552980 PE_OI=358540
pcr9 =  BSE:SENSEX26SEP74800PE   1.17   1.3 CALL added 595180   PUT added 774700  CE_OI=745480 PE_OI=875900
pcr10 =  BSE:SENSEX26SEP74700CE   1.52   1.74 CALL added 616400   PUT added 1073340  CE_OI=835340 PE_OI=1269080
pcr11 =  BSE:SENSEX26SEP74600PE   2.67   6.42 CALL added 98480   PUT added 632640  CE_OI=417620 PE_OI=1115460
pcr12 =  BSE:SENSEX26SEP74500PE   2.0   -21.31 CALL unwind -29480   PUT added 628220  CE_OI=816580 PE_OI=1637220
pcr13 =  BSE:SENSEX26SEP74400CE   3.99   -11.06 CALL unwind -30120   PUT added 333060  CE_OI=198980 PE_OI=794460
pcr14 =  BSE:SENSEX26SEP74300PE   4.98   157.33 CALL added 1820   PUT added 286340  CE_OI=120560 PE_OI=600120
pcr15 =  BSE:SENSEX26SEP74200PE   9.28   19.41 CALL added 9920   PUT added 192500  CE_OI=56060 PE_OI=520140
pcr16 =  BSE:SENSEX26SEP74100PE   12.24   361.4 CALL added 100   PUT added 36140  CE_OI=33180 PE_OI=406140
pcr17 =  BSE:SENSEX26SEP74000CE   9.7   276.4 CALL added 1340   PUT added 370380  CE_OI=79940 PE_OI=775480
PCRSUM== 49.67
pcrSummation== 13.05
spotLTP =  74820.26  ATM_STRIKE =  74800
IS_ATM_STRIKE_SHIFT = False  mapStrike = {74800: 74800}
avgOiPcrList2 = [np.float64(2.94), np.float64(2.92), np.float64(2.92)] atmStrikeNotShiftedCount= 13
avgOiPcr9List2 = [np.float64(1.46), np.float64(1.45), np.float64(1.45)] atmStrikeNotShiftedCount= 13
False   13   3
SUPP_RES=== 75000  Buffer= 42
ANCHOR_COMPARE: spot=74820.26 fut=74800.0 basis(fut-spot)=-20.26 | SR_spot(PRIMARY)=75000 SR_future=75000 SR_diff(fut-spot)=0 | PCRwin_spot(PRIMARY)=74800 PCRwin_future=74800
CEoich val =  475440.0  PEoich val =  311820.0 , CE > PE by 34.4%
SUPP_RES TOTAL OI: CE= 977080  PE= 535540 , CE > PE by 45.2%
INCR_CHOI: SUPP_RES=75000 role=RESISTANCE fresh_CE=4460 fresh_PE=3380 -> CE_dominant by 24.2% (resistance HOLDING (bearish)) | cumulative CE=475440.0 PE=311820.0
==========================
FUT_SUPP_RES=== 75000  (FUT_LTP= 74800.0 ) Buffer= 42
FUT CEoich val =  475440.0  PEoich val =  311820.0 , CE > PE by 34.4%
FUT_SUPP_RES TOTAL OI: CE= 977080  PE= 535540 , CE > PE by 45.2%
OI_SUPP_RES: spot=74820.26 ATM=74800 (win=±500 mode=CHOI) (ATM_CE_OI=745480 ATM_PE_OI=875900) | SUPPORT=74700PE CHOI=1073340 (dist=-100) | RESISTANCE=74800CE CHOI=595180 (dist=0)
OI_SUPPORT=== 74700
OI_SUPPORT CEoich val = 616400.0  PEoich val = 1073340.0 , CE < PE by 42.6%
OI_SUPPORT TOTAL OI: CE= 835340  PE= 1269080 , CE < PE by 34.2%
OI_RESISTANCE=== 74800
OI_RESISTANCE CEoich val = 595180.0  PEoich val = 774700.0 , CE < PE by 23.2%
OI_RESISTANCE TOTAL OI: CE= 745480  PE= 875900 , CE < PE by 14.9%
IS_MORNING_WINDOW= False  (active 9:15-9:48 IST)
================================================
==== signal check time ==== 2026-09-21 12:39:00.601255
CHART_PATTERN_DETECTED: INSIDE_BAR | DOUBLE_TOP_FORMING | DOUBLE_BOTTOM_FORMING
  PATTERN_CONTEXT: Body= 0.0  Range= 0.0  ExpectedRange= 64.1  RangeRatio= 0.0  O= 74800.0  H= 74800.0  L= 74800.0  C= 74800.0
PCR9_SEQ_FLAT: 1.46 -> 1.45 -> 1.45 (not monotonic)
neither = [np.float64(2.92)]
isCE_DominantAtRes_once = True  isCE_DominantAtRes_twice = True  isCE_DominantAtRes_trice = True (CE_res_streak= 5 )
ATMStrike =  74800
AVG_OIPCR= 1.45
avgoiPCROld=  2.92
AVG_OIPCR_9STRIKE= 1.45  (pcr5..pcr13 = ATM +/-4, 9 strikes)
SUPP_RES = 75000
spotLTP = 74820.26
FUT LTP = 74800.0
CEchoi  PechOi = 475440.0    311820.0
====================================
atmPCR= 0.22  belowATM  0.28
CHOI_DOM_GATE: gate_on= True  bull_ok= False  bear_ok= True | isPE_DomSupp_once= False  fresh_PE= 3380 | isCE_DomRes_once= True  fresh_CE= 4460
India VIX = 11.4  Spot Price = 74803.23
IV Regime = ELEVATED (ADAPTIVE: P25= 11.13  P50= 11.38  P75= 11.98 ) | DailyRange = 1218.2 | 3minCandleRange = 64.1 (theoretical= 106.8 ) | ATMoptionMove = 28.8 | SL = 101 | Target = 101 | TrailTrigger = 29 | Spread = 300 | Buffer = 42
IV Params refreshed: {'vix': 11.4, 'bn_price': 74803.23, 'regime': 'ELEVATED', 'regime_thresholds': 'P25=11.13 P50=11.38 P75=11.98', 'daily_range': 1218.2, 'candle_range': 64.1, 'atm_option_move': 28.8, 'sl_point': 101, 'target_point': 101, 'sl_pct_of_premium': 0.1, 'trail_trigger': 29, 'spread_width': 300, 'support_resistance_buffer': 42}
===
====after 3 min ochain==== 2026-09-21 12:42:00.000003
                                    oipcr   choipcr   CE_OI / PE_OI (same strike)
pcr1 =  BSE:SENSEX26SEP75600CE   0.03   0.02 CALL added 146980   PUT added 3280  CE_OI=276820 PE_OI=7880
pcr2 =  BSE:SENSEX26SEP75500PE   0.09   0.04 CALL added 343740   PUT added 12700  CE_OI=650140 PE_OI=61060
pcr3 =  BSE:SENSEX26SEP75400CE   0.13   0.1 CALL added 147860   PUT added 15060  CE_OI=238100 PE_OI=31520
pcr4 =  BSE:SENSEX26SEP75300PE   0.15   0.15 CALL added 138100   PUT added 20440  CE_OI=241280 PE_OI=35100
pcr5 =  BSE:SENSEX26SEP75200CE   0.22   0.24 CALL added 204040   PUT added 48460  CE_OI=328720 PE_OI=72720
pcr6 =  BSE:SENSEX26SEP75100CE   0.27    0.29 CALL added 165120   PUT added 47700  CE_OI=380920 PE_OI=101840
pcr7 =  BSE:SENSEX26SEP75000PE   0.53   0.62 CALL added 494220   PUT added 308320  CE_OI=995860 PE_OI=532040
pcr8 =  BSE:SENSEX26SEP74900CE   0.64   0.86 CALL added 353260   PUT added 305080  CE_OI=551440 PE_OI=352320
pcr9 =  BSE:SENSEX26SEP74800PE   1.18   1.31 CALL added 587840   PUT added 768360  CE_OI=738140 PE_OI=869560
pcr10 =  BSE:SENSEX26SEP74700CE   1.53   1.76 CALL added 605760   PUT added 1065500  CE_OI=824700 PE_OI=1261240
pcr11 =  BSE:SENSEX26SEP74600PE   2.65   6.3 CALL added 99400   PUT added 626180  CE_OI=418540 PE_OI=1109000
pcr12 =  BSE:SENSEX26SEP74500PE   1.96   -21.8 CALL unwind -27500   PUT added 599420  CE_OI=818560 PE_OI=1608420
pcr13 =  BSE:SENSEX26SEP74400CE   4.01   -10.63 CALL unwind -31200   PUT added 331620  CE_OI=197900 PE_OI=793020
pcr14 =  BSE:SENSEX26SEP74300PE   4.94   118.78 CALL added 2400   PUT added 285060  CE_OI=121140 PE_OI=598840
pcr15 =  BSE:SENSEX26SEP74200PE   9.3   19.74 CALL added 9740   PUT added 192240  CE_OI=55880 PE_OI=519880
pcr16 =  BSE:SENSEX26SEP74100PE   12.19   289.0 CALL added 120   PUT added 34680  CE_OI=33200 PE_OI=404680
pcr17 =  BSE:SENSEX26SEP74000CE   9.65   290.1 CALL added 1260   PUT added 365520  CE_OI=79860 PE_OI=770620
PCRSUM== 49.47
pcrSummation== 12.99
spotLTP =  74803.23  ATM_STRIKE =  74800
IS_ATM_STRIKE_SHIFT = False  mapStrike = {74800: 74800}
avgOiPcrList2 = [np.float64(2.92), np.float64(2.91)] atmStrikeNotShiftedCount= 14
avgOiPcr9List2 = [np.float64(1.45), np.float64(1.44)] atmStrikeNotShiftedCount= 14
False   14   2
SUPP_RES=== 75000  Buffer= 42
ANCHOR_COMPARE: spot=74803.23 fut=74788.15 basis(fut-spot)=-15.08 | SR_spot(PRIMARY)=75000 SR_future=75000 SR_diff(fut-spot)=0 | PCRwin_spot(PRIMARY)=74800 PCRwin_future=74800
CEoich val =  494220.0  PEoich val =  308320.0 , CE > PE by 37.6%
SUPP_RES TOTAL OI: CE= 995860  PE= 532040 , CE > PE by 46.6%
INCR_CHOI: SUPP_RES=75000 role=RESISTANCE fresh_CE=18780 fresh_PE=-3500 -> CE_dominant by 118.6% (resistance HOLDING (bearish)) | cumulative CE=494220.0 PE=308320.0
==========================
FUT_SUPP_RES=== 75000  (FUT_LTP= 74788.15 ) Buffer= 42
FUT CEoich val =  494220.0  PEoich val =  308320.0 , CE > PE by 37.6%
FUT_SUPP_RES TOTAL OI: CE= 995860  PE= 532040 , CE > PE by 46.6%
OI_SUPP_RES: spot=74803.23 ATM=74800 (win=±500 mode=CHOI) (ATM_CE_OI=738140 ATM_PE_OI=869560) | SUPPORT=74700PE CHOI=1065500 (dist=-100) | RESISTANCE=74800CE CHOI=587840 (dist=0)
OI_SUPPORT=== 74700
OI_SUPPORT CEoich val = 605760.0  PEoich val = 1065500.0 , CE < PE by 43.1%
OI_SUPPORT TOTAL OI: CE= 824700  PE= 1261240 , CE < PE by 34.6%
OI_RESISTANCE=== 74800
OI_RESISTANCE CEoich val = 587840.0  PEoich val = 768360.0 , CE < PE by 23.5%
OI_RESISTANCE TOTAL OI: CE= 738140  PE= 869560 , CE < PE by 15.1%
IS_MORNING_WINDOW= False  (active 9:15-9:48 IST)
================================================
==== signal check time ==== 2026-09-21 12:42:00.616067
CHART_PATTERN_DETECTED: DOUBLE_TOP_FORMING | DOUBLE_BOTTOM_FORMING
  PATTERN_CONTEXT: Body= 0.0  Range= 0.0  ExpectedRange= 64.1  RangeRatio= 0.0  O= 74788.2  H= 74788.2  L= 74788.2  C= 74788.2
isCE_DominantAtRes_once = True  isCE_DominantAtRes_twice = True  isCE_DominantAtRes_trice = True (CE_res_streak= 6 )
ATMStrike =  74800
AVG_OIPCR= 1.44
avgoiPCROld=  2.91
AVG_OIPCR_9STRIKE= 1.44  (pcr5..pcr13 = ATM +/-4, 9 strikes)
SUPP_RES = 75000
spotLTP = 74803.23
FUT LTP = 74788.15
CEchoi  PechOi = 494220.0    308320.0
====================================
atmPCR= 0.22  belowATM  0.27
CHOI_DOM_GATE: gate_on= True  bull_ok= False  bear_ok= True | isPE_DomSupp_once= False  fresh_PE= -3500 | isCE_DomRes_once= True  fresh_CE= 18780
India VIX = 11.37  Spot Price = 74815.43
IV Regime = NORMAL (ADAPTIVE: P25= 11.13  P50= 11.38  P75= 11.98 ) | DailyRange = 1215.2 | 3minCandleRange = 63.9 (theoretical= 106.6 ) | ATMoptionMove = 28.8 | SL = 101 | Target = 101 | TrailTrigger = 29 | Spread = 300 | Buffer = 32
IV Params refreshed: {'vix': 11.37, 'bn_price': 74815.43, 'regime': 'NORMAL', 'regime_thresholds': 'P25=11.13 P50=11.38 P75=11.98', 'daily_range': 1215.2, 'candle_range': 63.9, 'atm_option_move': 28.8, 'sl_point': 101, 'target_point': 101, 'sl_pct_of_premium': 0.1, 'trail_trigger': 29, 'spread_width': 300, 'support_resistance_buffer': 32}
===
====after 3 min ochain==== 2026-09-21 12:45:00.000003
                                    oipcr   choipcr   CE_OI / PE_OI (same strike)
pcr1 =  BSE:SENSEX26SEP75600CE   0.03   0.02 CALL added 142600   PUT added 3340  CE_OI=272440 PE_OI=7940
pcr2 =  BSE:SENSEX26SEP75500PE   0.09   0.04 CALL added 341320   PUT added 12060  CE_OI=647720 PE_OI=60420
pcr3 =  BSE:SENSEX26SEP75400CE   0.13   0.1 CALL added 147680   PUT added 15100  CE_OI=237920 PE_OI=31560
pcr4 =  BSE:SENSEX26SEP75300PE   0.14   0.15 CALL added 138880   PUT added 20180  CE_OI=242060 PE_OI=34840
pcr5 =  BSE:SENSEX26SEP75200CE   0.22   0.23 CALL added 207060   PUT added 47880  CE_OI=331740 PE_OI=72140
pcr6 =  BSE:SENSEX26SEP75100CE   0.27    0.29 CALL added 169500   PUT added 48420  CE_OI=385300 PE_OI=102560
pcr7 =  BSE:SENSEX26SEP75000PE   0.53   0.62 CALL added 494040   PUT added 307200  CE_OI=995680 PE_OI=530920
pcr8 =  BSE:SENSEX26SEP74900CE   0.65   0.89 CALL added 347780   PUT added 308660  CE_OI=545960 PE_OI=355900
pcr9 =  BSE:SENSEX26SEP74800PE   1.18   1.31 CALL added 589880   PUT added 772600  CE_OI=740180 PE_OI=873800
pcr10 =  BSE:SENSEX26SEP74700CE   1.52   1.74 CALL added 611560   PUT added 1063280  CE_OI=830500 PE_OI=1259020
pcr11 =  BSE:SENSEX26SEP74600PE   2.67   6.45 CALL added 98100   PUT added 632800  CE_OI=417240 PE_OI=1115620
pcr12 =  BSE:SENSEX26SEP74500PE   1.98   -23.79 CALL unwind -25760   PUT added 612940  CE_OI=820300 PE_OI=1621940
pcr13 =  BSE:SENSEX26SEP74400CE   4.01   -10.82 CALL unwind -30780   PUT added 333140  CE_OI=198320 PE_OI=794540
pcr14 =  BSE:SENSEX26SEP74300PE   4.96   136.28 CALL added 2100   PUT added 286180  CE_OI=120840 PE_OI=599960
pcr15 =  BSE:SENSEX26SEP74200PE   9.17   18.31 CALL added 10460   PUT added 191520  CE_OI=56600 PE_OI=519160
pcr16 =  BSE:SENSEX26SEP74100PE   12.17   338.2 CALL added 100   PUT added 33820  CE_OI=33180 PE_OI=403820
pcr17 =  BSE:SENSEX26SEP74000CE   9.68   271.32 CALL added 1360   PUT added 369000  CE_OI=79960 PE_OI=774100
PCRSUM== 49.4
pcrSummation== 13.03
spotLTP =  74815.43  ATM_STRIKE =  74800
IS_ATM_STRIKE_SHIFT = False  mapStrike = {74800: 74800}
avgOiPcrList2 = [np.float64(2.92), np.float64(2.91), np.float64(2.91)] atmStrikeNotShiftedCount= 15
avgOiPcr9List2 = [np.float64(1.45), np.float64(1.44), np.float64(1.45)] atmStrikeNotShiftedCount= 15
False   15   3
SUPP_RES=== 75000  Buffer= 32
ANCHOR_COMPARE: spot=74815.43 fut=74800.0 basis(fut-spot)=-15.43 | SR_spot(PRIMARY)=75000 SR_future=75000 SR_diff(fut-spot)=0 | PCRwin_spot(PRIMARY)=74800 PCRwin_future=74800
CEoich val =  494040.0  PEoich val =  307200.0 , CE > PE by 37.8%
SUPP_RES TOTAL OI: CE= 995680  PE= 530920 , CE > PE by 46.7%
INCR_CHOI: SUPP_RES=75000 role=RESISTANCE fresh_CE=-180 fresh_PE=-1120 -> CE_dominant by 83.9% (resistance HOLDING (bearish)) | cumulative CE=494040.0 PE=307200.0
==========================
FUT_SUPP_RES=== 75000  (FUT_LTP= 74800.0 ) Buffer= 32
FUT CEoich val =  494040.0  PEoich val =  307200.0 , CE > PE by 37.8%
FUT_SUPP_RES TOTAL OI: CE= 995680  PE= 530920 , CE > PE by 46.7%
OI_SUPP_RES: spot=74815.43 ATM=74800 (win=±500 mode=CHOI) (ATM_CE_OI=740180 ATM_PE_OI=873800) | SUPPORT=74700PE CHOI=1063280 (dist=-100) | RESISTANCE=74800CE CHOI=589880 (dist=0)
OI_SUPPORT=== 74700
OI_SUPPORT CEoich val = 611560.0  PEoich val = 1063280.0 , CE < PE by 42.5%
OI_SUPPORT TOTAL OI: CE= 830500  PE= 1259020 , CE < PE by 34.0%
OI_RESISTANCE=== 74800
OI_RESISTANCE CEoich val = 589880.0  PEoich val = 772600.0 , CE < PE by 23.7%
OI_RESISTANCE TOTAL OI: CE= 740180  PE= 873800 , CE < PE by 15.3%
IS_MORNING_WINDOW= False  (active 9:15-9:48 IST)
================================================
==== signal check time ==== 2026-09-21 12:45:00.659338
CHART_PATTERN_DETECTED: DOUBLE_TOP_FORMING | DOUBLE_BOTTOM_FORMING
  PATTERN_CONTEXT: Body= 11.9  Range= 11.9  ExpectedRange= 63.9  RangeRatio= 0.19  O= 74788.2  H= 74800.0  L= 74788.2  C= 74800.0
PCR9_SEQ_FLAT: 1.45 -> 1.44 -> 1.45 (not monotonic)
neither = [np.float64(2.91)]
isCE_DominantAtRes_once = True  isCE_DominantAtRes_twice = True  isCE_DominantAtRes_trice = True (CE_res_streak= 7 )
ATMStrike =  74800
AVG_OIPCR= 1.45
avgoiPCROld=  2.91
AVG_OIPCR_9STRIKE= 1.45  (pcr5..pcr13 = ATM +/-4, 9 strikes)
SUPP_RES = 75000
spotLTP = 74815.43
FUT LTP = 74800.0
CEchoi  PechOi = 494040.0    307200.0
====================================
atmPCR= 0.22  belowATM  0.27
CHOI_DOM_GATE: gate_on= True  bull_ok= False  bear_ok= False | isPE_DomSupp_once= False  fresh_PE= -1120 | isCE_DomRes_once= True  fresh_CE= -180
India VIX = 11.38  Spot Price = 74821.1
IV Regime = NORMAL (ADAPTIVE: P25= 11.13  P50= 11.38  P75= 11.98 ) | DailyRange = 1216.4 | 3minCandleRange = 64.0 (theoretical= 106.7 ) | ATMoptionMove = 28.8 | SL = 101 | Target = 101 | TrailTrigger = 29 | Spread = 300 | Buffer = 32
IV Params refreshed: {'vix': 11.38, 'bn_price': 74821.1, 'regime': 'NORMAL', 'regime_thresholds': 'P25=11.13 P50=11.38 P75=11.98', 'daily_range': 1216.4, 'candle_range': 64.0, 'atm_option_move': 28.8, 'sl_point': 101, 'target_point': 101, 'sl_pct_of_premium': 0.1, 'trail_trigger': 29, 'spread_width': 300, 'support_resistance_buffer': 32}
===
====after 3 min ochain==== 2026-09-21 12:48:00.000002
                                    oipcr   choipcr   CE_OI / PE_OI (same strike)
pcr1 =  BSE:SENSEX26SEP75600CE   0.03   0.02 CALL added 145320   PUT added 3380  CE_OI=275160 PE_OI=7980
pcr2 =  BSE:SENSEX26SEP75500PE   0.09   0.04 CALL added 341280   PUT added 12000  CE_OI=647680 PE_OI=60360
pcr3 =  BSE:SENSEX26SEP75400CE   0.13   0.1 CALL added 150740   PUT added 14800  CE_OI=240980 PE_OI=31260
pcr4 =  BSE:SENSEX26SEP75300PE   0.15   0.15 CALL added 138980   PUT added 20840  CE_OI=242160 PE_OI=35500
pcr5 =  BSE:SENSEX26SEP75200CE   0.22   0.24 CALL added 212260   PUT added 49960  CE_OI=336940 PE_OI=74220
pcr6 =  BSE:SENSEX26SEP75100CE   0.27    0.31 CALL added 160480   PUT added 49020  CE_OI=376280 PE_OI=103160
pcr7 =  BSE:SENSEX26SEP75000PE   0.54   0.64 CALL added 494820   PUT added 318180  CE_OI=996460 PE_OI=541900
pcr8 =  BSE:SENSEX26SEP74900CE   0.65   0.88 CALL added 355820   PUT added 314260  CE_OI=554000 PE_OI=361500
pcr9 =  BSE:SENSEX26SEP74800PE   1.18   1.31 CALL added 590420   PUT added 776360  CE_OI=740720 PE_OI=877560
pcr10 =  BSE:SENSEX26SEP74700CE   1.51   1.73 CALL added 619420   PUT added 1069400  CE_OI=838360 PE_OI=1265140
pcr11 =  BSE:SENSEX26SEP74600PE   2.66   6.21 CALL added 103400   PUT added 641600  CE_OI=422540 PE_OI=1124420
pcr12 =  BSE:SENSEX26SEP74500PE   1.97   -20.66 CALL unwind -29100   PUT added 601280  CE_OI=816960 PE_OI=1610280
pcr13 =  BSE:SENSEX26SEP74400CE   4.04   -11.03 CALL unwind -30800   PUT added 339760  CE_OI=198300 PE_OI=801160
pcr14 =  BSE:SENSEX26SEP74300PE   5.01   224.38 CALL added 1280   PUT added 287200  CE_OI=120020 PE_OI=600980
pcr15 =  BSE:SENSEX26SEP74200PE   9.17   18.5 CALL added 10260   PUT added 189820  CE_OI=56400 PE_OI=517460
pcr16 =  BSE:SENSEX26SEP74100PE   12.27   -212.0 CALL unwind -160   PUT added 33920  CE_OI=32920 PE_OI=403920
pcr17 =  BSE:SENSEX26SEP74000CE   9.61   259.71 CALL added 1400   PUT added 363600  CE_OI=80000 PE_OI=768700
PCRSUM== 49.5
pcrSummation== 13.04
spotLTP =  74820.12  ATM_STRIKE =  74800
IS_ATM_STRIKE_SHIFT = False  mapStrike = {74800: 74800}
avgOiPcrList2 = [np.float64(2.91), np.float64(2.91)] atmStrikeNotShiftedCount= 16
avgOiPcr9List2 = [np.float64(1.45), np.float64(1.45)] atmStrikeNotShiftedCount= 16
False   16   2
SUPP_RES=== 75000  Buffer= 32
ANCHOR_COMPARE: spot=74820.12 fut=74847.85 basis(fut-spot)=27.73 | SR_spot(PRIMARY)=75000 SR_future=75000 SR_diff(fut-spot)=0 | PCRwin_spot(PRIMARY)=74800 PCRwin_future=74800
CEoich val =  494820.0  PEoich val =  318180.0 , CE > PE by 35.7%
SUPP_RES TOTAL OI: CE= 996460  PE= 541900 , CE > PE by 45.6%
INCR_CHOI: SUPP_RES=75000 role=RESISTANCE fresh_CE=780 fresh_PE=10980 -> PE_dominant by 92.9% (resistance CHALLENGED (bullish warning)) | cumulative CE=494820.0 PE=318180.0
==========================
FUT_SUPP_RES=== 75000  (FUT_LTP= 74847.85 ) Buffer= 32
FUT CEoich val =  494820.0  PEoich val =  318180.0 , CE > PE by 35.7%
FUT_SUPP_RES TOTAL OI: CE= 996460  PE= 541900 , CE > PE by 45.6%
OI_SUPP_RES: spot=74820.12 ATM=74800 (win=±500 mode=CHOI) (ATM_CE_OI=740720 ATM_PE_OI=877560) | SUPPORT=74700PE CHOI=1069400 (dist=-100) | RESISTANCE=74800CE CHOI=590420 (dist=0)
OI_SUPPORT=== 74700
OI_SUPPORT CEoich val = 619420.0  PEoich val = 1069400.0 , CE < PE by 42.1%
OI_SUPPORT TOTAL OI: CE= 838360  PE= 1265140 , CE < PE by 33.7%
OI_RESISTANCE=== 74800
OI_RESISTANCE CEoich val = 590420.0  PEoich val = 776360.0 , CE < PE by 24.0%
OI_RESISTANCE TOTAL OI: CE= 740720  PE= 877560 , CE < PE by 15.6%
IS_MORNING_WINDOW= False  (active 9:15-9:48 IST)
================================================
==== signal check time ==== 2026-09-21 12:48:00.592846
CHART_PATTERN_DETECTED: DOUBLE_BOTTOM_FORMING
  PATTERN_CONTEXT: Body= 47.9  Range= 47.9  ExpectedRange= 64.0  RangeRatio= 0.75  O= 74800.0  H= 74847.8  L= 74800.0  C= 74847.8
ATMStrike =  74800
AVG_OIPCR= 1.45
avgoiPCROld=  2.91
AVG_OIPCR_9STRIKE= 1.45  (pcr5..pcr13 = ATM +/-4, 9 strikes)
SUPP_RES = 75000
spotLTP = 74820.12
FUT LTP = 74847.85
CEchoi  PechOi = 494820.0    318180.0
====================================
atmPCR= 0.22  belowATM  0.27
CHOI_DOM_GATE: gate_on= True  bull_ok= False  bear_ok= False | isPE_DomSupp_once= False  fresh_PE= 10980 | isCE_DomRes_once= False  fresh_CE= 780
India VIX = 11.37  Spot Price = 74819.64
IV Regime = NORMAL (ADAPTIVE: P25= 11.13  P50= 11.38  P75= 11.98 ) | DailyRange = 1215.3 | 3minCandleRange = 64.0 (theoretical= 106.6 ) | ATMoptionMove = 28.8 | SL = 101 | Target = 101 | TrailTrigger = 29 | Spread = 300 | Buffer = 32
IV Params refreshed: {'vix': 11.37, 'bn_price': 74819.64, 'regime': 'NORMAL', 'regime_thresholds': 'P25=11.13 P50=11.38 P75=11.98', 'daily_range': 1215.3, 'candle_range': 64.0, 'atm_option_move': 28.8, 'sl_point': 101, 'target_point': 101, 'sl_pct_of_premium': 0.1, 'trail_trigger': 29, 'spread_width': 300, 'support_resistance_buffer': 32}
===
====after 3 min ochain==== 2026-09-21 12:51:00.000002
                                    oipcr   choipcr   CE_OI / PE_OI (same strike)
pcr1 =  BSE:SENSEX26SEP75600CE   0.03   0.02 CALL added 144320   PUT added 3420  CE_OI=274160 PE_OI=8020
pcr2 =  BSE:SENSEX26SEP75500PE   0.09   0.03 CALL added 351420   PUT added 12040  CE_OI=657820 PE_OI=60400
pcr3 =  BSE:SENSEX26SEP75400CE   0.13   0.1 CALL added 150900   PUT added 14920  CE_OI=241140 PE_OI=31380
pcr4 =  BSE:SENSEX26SEP75300PE   0.15   0.15 CALL added 140480   PUT added 21160  CE_OI=243660 PE_OI=35820
pcr5 =  BSE:SENSEX26SEP75200CE   0.22   0.23 CALL added 213260   PUT added 49760  CE_OI=337940 PE_OI=74020
pcr6 =  BSE:SENSEX26SEP75100CE   0.28    0.31 CALL added 161300   PUT added 49680  CE_OI=377100 PE_OI=103820
pcr7 =  BSE:SENSEX26SEP75000PE   0.54   0.64 CALL added 495180   PUT added 315740  CE_OI=996820 PE_OI=539460
pcr8 =  BSE:SENSEX26SEP74900CE   0.66   0.89 CALL added 356920   PUT added 317480  CE_OI=555100 PE_OI=364720
pcr9 =  BSE:SENSEX26SEP74800PE   1.17   1.29 CALL added 599660   PUT added 774620  CE_OI=749960 PE_OI=875820
pcr10 =  BSE:SENSEX26SEP74700CE   1.52   1.75 CALL added 614140   PUT added 1073920  CE_OI=833080 PE_OI=1269660
pcr11 =  BSE:SENSEX26SEP74600PE   2.67   6.26 CALL added 102740   PUT added 643660  CE_OI=421880 PE_OI=1126480
pcr12 =  BSE:SENSEX26SEP74500PE   1.98   -21.13 CALL unwind -28680   PUT added 606120  CE_OI=817380 PE_OI=1615120
pcr13 =  BSE:SENSEX26SEP74400CE   4.05   -11.12 CALL unwind -30740   PUT added 341680  CE_OI=198360 PE_OI=803080
pcr14 =  BSE:SENSEX26SEP74300PE   5.01   232.1 CALL added 1240   PUT added 287800  CE_OI=119980 PE_OI=601580
pcr15 =  BSE:SENSEX26SEP74200PE   9.18   18.56 CALL added 10220   PUT added 189640  CE_OI=56360 PE_OI=517280
pcr16 =  BSE:SENSEX26SEP74100PE   12.23   -275.83 CALL unwind -120   PUT added 33100  CE_OI=32960 PE_OI=403100
pcr17 =  BSE:SENSEX26SEP74000CE   9.62   283.88 CALL added 1280   PUT added 363360  CE_OI=79880 PE_OI=768460
PCRSUM== 49.53
pcrSummation== 13.09
spotLTP =  74819.64  ATM_STRIKE =  74800
IS_ATM_STRIKE_SHIFT = False  mapStrike = {74800: 74800}
avgOiPcrList2 = [np.float64(2.91), np.float64(2.91), np.float64(2.91)] atmStrikeNotShiftedCount= 17
avgOiPcr9List2 = [np.float64(1.45), np.float64(1.45), np.float64(1.45)] atmStrikeNotShiftedCount= 17
False   17   3
SUPP_RES=== 75000  Buffer= 32
ANCHOR_COMPARE: spot=74819.64 fut=74847.85 basis(fut-spot)=28.21 | SR_spot(PRIMARY)=75000 SR_future=75000 SR_diff(fut-spot)=0 | PCRwin_spot(PRIMARY)=74800 PCRwin_future=74800
CEoich val =  495180.0  PEoich val =  315740.0 , CE > PE by 36.2%
SUPP_RES TOTAL OI: CE= 996820  PE= 539460 , CE > PE by 45.9%
INCR_CHOI: SUPP_RES=75000 role=RESISTANCE fresh_CE=360 fresh_PE=-2440 -> CE_dominant by 114.8% (resistance HOLDING (bearish)) | cumulative CE=495180.0 PE=315740.0
==========================
FUT_SUPP_RES=== 75000  (FUT_LTP= 74847.85 ) Buffer= 32
FUT CEoich val =  495180.0  PEoich val =  315740.0 , CE > PE by 36.2%
FUT_SUPP_RES TOTAL OI: CE= 996820  PE= 539460 , CE > PE by 45.9%
OI_SUPP_RES: spot=74819.64 ATM=74800 (win=±500 mode=CHOI) (ATM_CE_OI=749960 ATM_PE_OI=875820) | SUPPORT=74700PE CHOI=1073920 (dist=-100) | RESISTANCE=74800CE CHOI=599660 (dist=0)
OI_SUPPORT=== 74700
OI_SUPPORT CEoich val = 614140.0  PEoich val = 1073920.0 , CE < PE by 42.8%
OI_SUPPORT TOTAL OI: CE= 833080  PE= 1269660 , CE < PE by 34.4%
OI_RESISTANCE=== 74800
OI_RESISTANCE CEoich val = 599660.0  PEoich val = 774620.0 , CE < PE by 22.6%
OI_RESISTANCE TOTAL OI: CE= 749960  PE= 875820 , CE < PE by 14.4%
IS_MORNING_WINDOW= False  (active 9:15-9:48 IST)
================================================
==== signal check time ==== 2026-09-21 12:51:00.625094
CHART_PATTERN_DETECTED: INSIDE_BAR | DOUBLE_TOP_FORMING | DOUBLE_BOTTOM_FORMING
  PATTERN_CONTEXT: Body= 0.0  Range= 0.0  ExpectedRange= 64.0  RangeRatio= 0.0  O= 74847.8  H= 74847.8  L= 74847.8  C= 74847.8
PCR9_SEQ_FLAT: 1.45 -> 1.45 -> 1.45 (not monotonic)
neither = [np.float64(2.91)]
isCE_DominantAtRes_once = True  isCE_DominantAtRes_twice = False  isCE_DominantAtRes_trice = False (CE_res_streak= 1 )
ATMStrike =  74800
AVG_OIPCR= 1.45
avgoiPCROld=  2.91
AVG_OIPCR_9STRIKE= 1.45  (pcr5..pcr13 = ATM +/-4, 9 strikes)
SUPP_RES = 75000
spotLTP = 74819.64
FUT LTP = 74847.85
CEchoi  PechOi = 495180.0    315740.0
====================================
atmPCR= 0.22  belowATM  0.28
CHOI_DOM_GATE: gate_on= True  bull_ok= False  bear_ok= True | isPE_DomSupp_once= False  fresh_PE= -2440 | isCE_DomRes_once= True  fresh_CE= 360
India VIX = 11.4  Spot Price = 74818.76
IV Regime = ELEVATED (ADAPTIVE: P25= 11.13  P50= 11.38  P75= 11.98 ) | DailyRange = 1218.5 | 3minCandleRange = 64.1 (theoretical= 106.9 ) | ATMoptionMove = 28.9 | SL = 101 | Target = 101 | TrailTrigger = 29 | Spread = 300 | Buffer = 42
IV Params refreshed: {'vix': 11.4, 'bn_price': 74818.76, 'regime': 'ELEVATED', 'regime_thresholds': 'P25=11.13 P50=11.38 P75=11.98', 'daily_range': 1218.5, 'candle_range': 64.1, 'atm_option_move': 28.9, 'sl_point': 101, 'target_point': 101, 'sl_pct_of_premium': 0.1, 'trail_trigger': 29, 'spread_width': 300, 'support_resistance_buffer': 42}
===
====after 3 min ochain==== 2026-09-21 12:54:00.000001
                                    oipcr   choipcr   CE_OI / PE_OI (same strike)
pcr1 =  BSE:SENSEX26SEP75600CE   0.03   0.02 CALL added 143740   PUT added 3440  CE_OI=273580 PE_OI=8040
pcr2 =  BSE:SENSEX26SEP75500PE   0.09   0.03 CALL added 348100   PUT added 11980  CE_OI=654500 PE_OI=60340
pcr3 =  BSE:SENSEX26SEP75400CE   0.13   0.1 CALL added 151020   PUT added 14760  CE_OI=241260 PE_OI=31220
pcr4 =  BSE:SENSEX26SEP75300PE   0.15   0.15 CALL added 141640   PUT added 20860  CE_OI=244820 PE_OI=35520
pcr5 =  BSE:SENSEX26SEP75200CE   0.22   0.23 CALL added 213900   PUT added 49420  CE_OI=338580 PE_OI=73680
pcr6 =  BSE:SENSEX26SEP75100CE   0.28    0.31 CALL added 159860   PUT added 49960  CE_OI=375660 PE_OI=104100
pcr7 =  BSE:SENSEX26SEP75000PE   0.54   0.63 CALL added 496100   PUT added 314300  CE_OI=997740 PE_OI=538020
pcr8 =  BSE:SENSEX26SEP74900CE   0.65   0.87 CALL added 367420   PUT added 320000  CE_OI=565600 PE_OI=367240
pcr9 =  BSE:SENSEX26SEP74800PE   1.17   1.3 CALL added 602240   PUT added 781660  CE_OI=752540 PE_OI=882860
pcr10 =  BSE:SENSEX26SEP74700CE   1.51   1.73 CALL added 619800   PUT added 1072920  CE_OI=838740 PE_OI=1268660
pcr11 =  BSE:SENSEX26SEP74600PE   2.67   6.21 CALL added 103920   PUT added 644880  CE_OI=423060 PE_OI=1127700
pcr12 =  BSE:SENSEX26SEP74500PE   1.98   -21.91 CALL unwind -27780   PUT added 608540  CE_OI=818280 PE_OI=1617540
pcr13 =  BSE:SENSEX26SEP74400CE   4.05   -11.26 CALL unwind -30500   PUT added 343520  CE_OI=198600 PE_OI=804920
pcr14 =  BSE:SENSEX26SEP74300PE   5.01   170.68 CALL added 1700   PUT added 290160  CE_OI=120440 PE_OI=603940
pcr15 =  BSE:SENSEX26SEP74200PE   9.22   18.85 CALL added 10140   PUT added 191160  CE_OI=56280 PE_OI=518800
pcr16 =  BSE:SENSEX26SEP74100PE   12.25   -183.44 CALL unwind -180   PUT added 33020  CE_OI=32900 PE_OI=403020
pcr17 =  BSE:SENSEX26SEP74000CE   9.62   297.25 CALL added 1220   PUT added 362640  CE_OI=79820 PE_OI=767740
PCRSUM== 49.57
pcrSummation== 13.07
spotLTP =  74818.76  ATM_STRIKE =  74800
IS_ATM_STRIKE_SHIFT = False  mapStrike = {74800: 74800}
avgOiPcrList2 = [np.float64(2.91), np.float64(2.92)] atmStrikeNotShiftedCount= 18
avgOiPcr9List2 = [np.float64(1.45), np.float64(1.45)] atmStrikeNotShiftedCount= 18
False   18   2
SUPP_RES=== 75000  Buffer= 42
ANCHOR_COMPARE: spot=74818.76 fut=74847.85 basis(fut-spot)=29.09 | SR_spot(PRIMARY)=75000 SR_future=75000 SR_diff(fut-spot)=0 | PCRwin_spot(PRIMARY)=74800 PCRwin_future=74800
CEoich val =  496100.0  PEoich val =  314300.0 , CE > PE by 36.6%
SUPP_RES TOTAL OI: CE= 997740  PE= 538020 , CE > PE by 46.1%
INCR_CHOI: SUPP_RES=75000 role=RESISTANCE fresh_CE=920 fresh_PE=-1440 -> CE_dominant by 163.9% (resistance HOLDING (bearish)) | cumulative CE=496100.0 PE=314300.0
==========================
FUT_SUPP_RES=== 75000  (FUT_LTP= 74847.85 ) Buffer= 42
FUT CEoich val =  496100.0  PEoich val =  314300.0 , CE > PE by 36.6%
FUT_SUPP_RES TOTAL OI: CE= 997740  PE= 538020 , CE > PE by 46.1%
OI_SUPP_RES: spot=74818.76 ATM=74800 (win=±500 mode=CHOI) (ATM_CE_OI=752540 ATM_PE_OI=882860) | SUPPORT=74700PE CHOI=1072920 (dist=-100) | RESISTANCE=74800CE CHOI=602240 (dist=0)
OI_SUPPORT=== 74700
OI_SUPPORT CEoich val = 619800.0  PEoich val = 1072920.0 , CE < PE by 42.2%
OI_SUPPORT TOTAL OI: CE= 838740  PE= 1268660 , CE < PE by 33.9%
OI_RESISTANCE=== 74800
OI_RESISTANCE CEoich val = 602240.0  PEoich val = 781660.0 , CE < PE by 23.0%
OI_RESISTANCE TOTAL OI: CE= 752540  PE= 882860 , CE < PE by 14.8%
IS_MORNING_WINDOW= False  (active 9:15-9:48 IST)
================================================
==== signal check time ==== 2026-09-21 12:54:00.608925
CHART_PATTERN_DETECTED: INSIDE_BAR | DOUBLE_TOP_FORMING
  PATTERN_CONTEXT: Body= 0.0  Range= 0.0  ExpectedRange= 64.1  RangeRatio= 0.0  O= 74847.8  H= 74847.8  L= 74847.8  C= 74847.8
isCE_DominantAtRes_once = True  isCE_DominantAtRes_twice = True  isCE_DominantAtRes_trice = False (CE_res_streak= 2 )
ATMStrike =  74800
AVG_OIPCR= 1.45
avgoiPCROld=  2.92
AVG_OIPCR_9STRIKE= 1.45  (pcr5..pcr13 = ATM +/-4, 9 strikes)
SUPP_RES = 75000
spotLTP = 74818.76
FUT LTP = 74847.85
CEchoi  PechOi = 496100.0    314300.0
====================================
atmPCR= 0.22  belowATM  0.28
CHOI_DOM_GATE: gate_on= True  bull_ok= False  bear_ok= True | isPE_DomSupp_once= False  fresh_PE= -1440 | isCE_DomRes_once= True  fresh_CE= 920
India VIX = 11.36  Spot Price = 74823.39
IV Regime = NORMAL (ADAPTIVE: P25= 11.13  P50= 11.38  P75= 11.98 ) | DailyRange = 1214.3 | 3minCandleRange = 63.9 (theoretical= 106.5 ) | ATMoptionMove = 28.8 | SL = 101 | Target = 101 | TrailTrigger = 29 | Spread = 300 | Buffer = 32
IV Params refreshed: {'vix': 11.36, 'bn_price': 74823.39, 'regime': 'NORMAL', 'regime_thresholds': 'P25=11.13 P50=11.38 P75=11.98', 'daily_range': 1214.3, 'candle_range': 63.9, 'atm_option_move': 28.8, 'sl_point': 101, 'target_point': 101, 'sl_pct_of_premium': 0.1, 'trail_trigger': 29, 'spread_width': 300, 'support_resistance_buffer': 32}
===
====after 3 min ochain==== 2026-09-21 12:57:00.000002
                                    oipcr   choipcr   CE_OI / PE_OI (same strike)
pcr1 =  BSE:SENSEX26SEP75600CE   0.03   0.02 CALL added 142240   PUT added 3440  CE_OI=272080 PE_OI=8040
pcr2 =  BSE:SENSEX26SEP75500PE   0.09   0.03 CALL added 344200   PUT added 12020  CE_OI=650600 PE_OI=60380
pcr3 =  BSE:SENSEX26SEP75400CE   0.13   0.1 CALL added 151820   PUT added 14740  CE_OI=242060 PE_OI=31200
pcr4 =  BSE:SENSEX26SEP75300PE   0.14   0.15 CALL added 143800   PUT added 20940  CE_OI=246980 PE_OI=35600
pcr5 =  BSE:SENSEX26SEP75200CE   0.22   0.23 CALL added 216180   PUT added 49380  CE_OI=340860 PE_OI=73640
pcr6 =  BSE:SENSEX26SEP75100CE   0.28    0.31 CALL added 160960   PUT added 49820  CE_OI=376760 PE_OI=103960
pcr7 =  BSE:SENSEX26SEP75000PE   0.54   0.63 CALL added 499320   PUT added 314820  CE_OI=1000960 PE_OI=538540
pcr8 =  BSE:SENSEX26SEP74900CE   0.66   0.88 CALL added 366040   PUT added 323140  CE_OI=564220 PE_OI=370380
pcr9 =  BSE:SENSEX26SEP74800PE   1.16   1.28 CALL added 609180   PUT added 778680  CE_OI=759480 PE_OI=879880
pcr10 =  BSE:SENSEX26SEP74700CE   1.52   1.73 CALL added 621960   PUT added 1078600  CE_OI=840900 PE_OI=1274340
pcr11 =  BSE:SENSEX26SEP74600PE   2.69   6.39 CALL added 101940   PUT added 651460  CE_OI=421080 PE_OI=1134280
pcr12 =  BSE:SENSEX26SEP74500PE   1.96   -31.74 CALL unwind -19300   PUT added 612600  CE_OI=826760 PE_OI=1621600
pcr13 =  BSE:SENSEX26SEP74400CE   4.07   -11.09 CALL unwind -31020   PUT added 344020  CE_OI=198080 PE_OI=805420
pcr14 =  BSE:SENSEX26SEP74300PE   5.05   228.19 CALL added 1280   PUT added 292080  CE_OI=120020 PE_OI=605860
pcr15 =  BSE:SENSEX26SEP74200PE   9.22   18.83 CALL added 10180   PUT added 191700  CE_OI=56320 PE_OI=519340
pcr16 =  BSE:SENSEX26SEP74100PE   12.26   -185.56 CALL unwind -180   PUT added 33400  CE_OI=32900 PE_OI=403400
pcr17 =  BSE:SENSEX26SEP74000CE   9.58   277.32 CALL added 1300   PUT added 360520  CE_OI=79900 PE_OI=765620
PCRSUM== 49.6
pcrSummation== 13.1
spotLTP =  74823.39  ATM_STRIKE =  74800
IS_ATM_STRIKE_SHIFT = False  mapStrike = {74800: 74800}
avgOiPcrList2 = [np.float64(2.91), np.float64(2.92), np.float64(2.92)] atmStrikeNotShiftedCount= 19
avgOiPcr9List2 = [np.float64(1.45), np.float64(1.45), np.float64(1.46)] atmStrikeNotShiftedCount= 19
False   19   3
SUPP_RES=== 75000  Buffer= 32
ANCHOR_COMPARE: spot=74823.39 fut=74836.0 basis(fut-spot)=12.61 | SR_spot(PRIMARY)=75000 SR_future=75000 SR_diff(fut-spot)=0 | PCRwin_spot(PRIMARY)=74800 PCRwin_future=74800
CEoich val =  499320.0  PEoich val =  314820.0 , CE > PE by 37.0%
SUPP_RES TOTAL OI: CE= 1000960  PE= 538540 , CE > PE by 46.2%
INCR_CHOI: SUPP_RES=75000 role=RESISTANCE fresh_CE=3220 fresh_PE=520 -> CE_dominant by 83.9% (resistance HOLDING (bearish)) | cumulative CE=499320.0 PE=314820.0
==========================
FUT_SUPP_RES=== 75000  (FUT_LTP= 74836.0 ) Buffer= 32
FUT CEoich val =  499320.0  PEoich val =  314820.0 , CE > PE by 37.0%
FUT_SUPP_RES TOTAL OI: CE= 1000960  PE= 538540 , CE > PE by 46.2%
OI_SUPP_RES: spot=74823.39 ATM=74800 (win=±500 mode=CHOI) (ATM_CE_OI=759480 ATM_PE_OI=879880) | SUPPORT=74700PE CHOI=1078600 (dist=-100) | RESISTANCE=74800CE CHOI=609180 (dist=0)
OI_SUPPORT=== 74700
OI_SUPPORT CEoich val = 621960.0  PEoich val = 1078600.0 , CE < PE by 42.3%
OI_SUPPORT TOTAL OI: CE= 840900  PE= 1274340 , CE < PE by 34.0%
OI_RESISTANCE=== 74800
OI_RESISTANCE CEoich val = 609180.0  PEoich val = 778680.0 , CE < PE by 21.8%
OI_RESISTANCE TOTAL OI: CE= 759480  PE= 879880 , CE < PE by 13.7%
IS_MORNING_WINDOW= False  (active 9:15-9:48 IST)
================================================
==== signal check time ==== 2026-09-21 12:57:00.617133
CHART_PATTERN_DETECTED: DOUBLE_TOP_FORMING
  PATTERN_CONTEXT: Body= -11.9  Range= 11.9  ExpectedRange= 63.9  RangeRatio= 0.19  O= 74847.8  H= 74847.8  L= 74836.0  C= 74836.0
PCR9_SEQ_FLAT: 1.45 -> 1.45 -> 1.46 (not monotonic)
neither = [np.float64(2.92)]
isCE_DominantAtRes_once = True  isCE_DominantAtRes_twice = True  isCE_DominantAtRes_trice = True (CE_res_streak= 3 )
ATMStrike =  74800
AVG_OIPCR= 1.46
avgoiPCROld=  2.92
AVG_OIPCR_9STRIKE= 1.46  (pcr5..pcr13 = ATM +/-4, 9 strikes)
SUPP_RES = 75000
spotLTP = 74823.39
FUT LTP = 74836.0
CEchoi  PechOi = 499320.0    314820.0
====================================
atmPCR= 0.22  belowATM  0.28
CHOI_DOM_GATE: gate_on= True  bull_ok= False  bear_ok= True | isPE_DomSupp_once= False  fresh_PE= 520 | isCE_DomRes_once= True  fresh_CE= 3220
India VIX = 11.4  Spot Price = 74826.66
IV Regime = ELEVATED (ADAPTIVE: P25= 11.13  P50= 11.38  P75= 11.98 ) | DailyRange = 1218.6 | 3minCandleRange = 64.1 (theoretical= 106.9 ) | ATMoptionMove = 28.9 | SL = 101 | Target = 101 | TrailTrigger = 29 | Spread = 300 | Buffer = 42
IV Params refreshed: {'vix': 11.4, 'bn_price': 74826.66, 'regime': 'ELEVATED', 'regime_thresholds': 'P25=11.13 P50=11.38 P75=11.98', 'daily_range': 1218.6, 'candle_range': 64.1, 'atm_option_move': 28.9, 'sl_point': 101, 'target_point': 101, 'sl_pct_of_premium': 0.1, 'trail_trigger': 29, 'spread_width': 300, 'support_resistance_buffer': 42}
===
====after 3 min ochain==== 2026-09-21 13:00:00.000003
                                    oipcr   choipcr   CE_OI / PE_OI (same strike)
pcr1 =  BSE:SENSEX26SEP75600CE   0.03   0.02 CALL added 142700   PUT added 3220  CE_OI=272540 PE_OI=7820
pcr2 =  BSE:SENSEX26SEP75500PE   0.09   0.03 CALL added 348940   PUT added 12020  CE_OI=655340 PE_OI=60380
pcr3 =  BSE:SENSEX26SEP75400CE   0.13   0.1 CALL added 152940   PUT added 14780  CE_OI=243180 PE_OI=31240
pcr4 =  BSE:SENSEX26SEP75300PE   0.14   0.14 CALL added 145960   PUT added 21100  CE_OI=249140 PE_OI=35760
pcr5 =  BSE:SENSEX26SEP75200CE   0.22   0.23 CALL added 214960   PUT added 49620  CE_OI=339640 PE_OI=73880
pcr6 =  BSE:SENSEX26SEP75100CE   0.28    0.31 CALL added 162400   PUT added 50940  CE_OI=378200 PE_OI=105080
pcr7 =  BSE:SENSEX26SEP75000PE   0.54   0.63 CALL added 509480   PUT added 318680  CE_OI=1011120 PE_OI=542400
pcr8 =  BSE:SENSEX26SEP74900CE   0.66   0.88 CALL added 366320   PUT added 324120  CE_OI=564500 PE_OI=371360
pcr9 =  BSE:SENSEX26SEP74800PE   1.14   1.25 CALL added 626540   PUT added 781300  CE_OI=776840 PE_OI=882500
pcr10 =  BSE:SENSEX26SEP74700CE   1.51   1.72 CALL added 627260   PUT added 1080080  CE_OI=846200 PE_OI=1275820
pcr11 =  BSE:SENSEX26SEP74600PE   2.71   6.52 CALL added 99920   PUT added 651400  CE_OI=419060 PE_OI=1134220
pcr12 =  BSE:SENSEX26SEP74500PE   1.96   -28.04 CALL unwind -21600   PUT added 605680  CE_OI=824460 PE_OI=1614680
pcr13 =  BSE:SENSEX26SEP74400CE   4.08   -11.01 CALL unwind -31320   PUT added 344940  CE_OI=197780 PE_OI=806340
pcr14 =  BSE:SENSEX26SEP74300PE   5.06   240.23 CALL added 1220   PUT added 293080  CE_OI=119960 PE_OI=606860
pcr15 =  BSE:SENSEX26SEP74200PE   9.29   19.4 CALL added 9980   PUT added 193580  CE_OI=56120 PE_OI=521220
pcr16 =  BSE:SENSEX26SEP74100PE   12.3   -141.58 CALL unwind -240   PUT added 33980  CE_OI=32840 PE_OI=403980
pcr17 =  BSE:SENSEX26SEP74000CE   9.46   238.14 CALL added 1480   PUT added 352440  CE_OI=80080 PE_OI=757540
PCRSUM== 49.6
pcrSummation== 13.1
spotLTP =  74826.66  ATM_STRIKE =  74800
IS_ATM_STRIKE_SHIFT = False  mapStrike = {74800: 74800}
avgOiPcrList2 = [np.float64(2.92), np.float64(2.92)] atmStrikeNotShiftedCount= 20
avgOiPcr9List2 = [np.float64(1.46), np.float64(1.46)] atmStrikeNotShiftedCount= 20
False   20   2
SUPP_RES=== 75000  Buffer= 42
ANCHOR_COMPARE: spot=74826.66 fut=74836.0 basis(fut-spot)=9.34 | SR_spot(PRIMARY)=75000 SR_future=75000 SR_diff(fut-spot)=0 | PCRwin_spot(PRIMARY)=74800 PCRwin_future=74800
CEoich val =  509480.0  PEoich val =  318680.0 , CE > PE by 37.4%
SUPP_RES TOTAL OI: CE= 1011120  PE= 542400 , CE > PE by 46.4%
INCR_CHOI: SUPP_RES=75000 role=RESISTANCE fresh_CE=10160 fresh_PE=3860 -> CE_dominant by 62.0% (resistance HOLDING (bearish)) | cumulative CE=509480.0 PE=318680.0
==========================
FUT_SUPP_RES=== 75000  (FUT_LTP= 74836.0 ) Buffer= 42
FUT CEoich val =  509480.0  PEoich val =  318680.0 , CE > PE by 37.4%
FUT_SUPP_RES TOTAL OI: CE= 1011120  PE= 542400 , CE > PE by 46.4%
OI_SUPP_RES: spot=74826.66 ATM=74800 (win=±500 mode=CHOI) (ATM_CE_OI=776840 ATM_PE_OI=882500) | SUPPORT=74700PE CHOI=1080080 (dist=-100) | RESISTANCE=74800CE CHOI=626540 (dist=0)
OI_SUPPORT=== 74700
OI_SUPPORT CEoich val = 627260.0  PEoich val = 1080080.0 , CE < PE by 41.9%
OI_SUPPORT TOTAL OI: CE= 846200  PE= 1275820 , CE < PE by 33.7%
OI_RESISTANCE=== 74800
OI_RESISTANCE CEoich val = 626540.0  PEoich val = 781300.0 , CE < PE by 19.8%
OI_RESISTANCE TOTAL OI: CE= 776840  PE= 882500 , CE < PE by 12.0%
IS_MORNING_WINDOW= False  (active 9:15-9:48 IST)
================================================
==== signal check time ==== 2026-09-21 13:00:00.613863
CHART_PATTERN_DETECTED: INSIDE_BAR | DOUBLE_TOP_FORMING | DOUBLE_BOTTOM_FORMING
  PATTERN_CONTEXT: Body= 0.0  Range= 0.0  ExpectedRange= 64.1  RangeRatio= 0.0  O= 74836.0  H= 74836.0  L= 74836.0  C= 74836.0
isCE_DominantAtRes_once = True  isCE_DominantAtRes_twice = True  isCE_DominantAtRes_trice = True (CE_res_streak= 4 )
ATMStrike =  74800
AVG_OIPCR= 1.46
avgoiPCROld=  2.92
AVG_OIPCR_9STRIKE= 1.46  (pcr5..pcr13 = ATM +/-4, 9 strikes)
SUPP_RES = 75000
spotLTP = 74826.66
FUT LTP = 74836.0
CEchoi  PechOi = 509480.0    318680.0
====================================
atmPCR= 0.22  belowATM  0.28
CHOI_DOM_GATE: gate_on= True  bull_ok= False  bear_ok= True | isPE_DomSupp_once= False  fresh_PE= 3860 | isCE_DomRes_once= True  fresh_CE= 10160
India VIX = 11.39  Spot Price = 74826.76
IV Regime = ELEVATED (ADAPTIVE: P25= 11.13  P50= 11.38  P75= 11.98 ) | DailyRange = 1217.5 | 3minCandleRange = 64.1 (theoretical= 106.8 ) | ATMoptionMove = 28.8 | SL = 101 | Target = 101 | TrailTrigger = 29 | Spread = 300 | Buffer = 42
IV Params refreshed: {'vix': 11.39, 'bn_price': 74826.76, 'regime': 'ELEVATED', 'regime_thresholds': 'P25=11.13 P50=11.38 P75=11.98', 'daily_range': 1217.5, 'candle_range': 64.1, 'atm_option_move': 28.8, 'sl_point': 101, 'target_point': 101, 'sl_pct_of_premium': 0.1, 'trail_trigger': 29, 'spread_width': 300, 'support_resistance_buffer': 42}
===
====after 3 min ochain==== 2026-09-21 13:03:00.000004
                                    oipcr   choipcr   CE_OI / PE_OI (same strike)
pcr1 =  BSE:SENSEX26SEP75600CE   0.03   0.02 CALL added 142360   PUT added 3180  CE_OI=272200 PE_OI=7780
pcr2 =  BSE:SENSEX26SEP75500PE   0.09   0.03 CALL added 355020   PUT added 12000  CE_OI=661420 PE_OI=60360
pcr3 =  BSE:SENSEX26SEP75400CE   0.13   0.1 CALL added 152020   PUT added 14800  CE_OI=242260 PE_OI=31260
pcr4 =  BSE:SENSEX26SEP75300PE   0.14   0.15 CALL added 148300   PUT added 21720  CE_OI=251480 PE_OI=36380
pcr5 =  BSE:SENSEX26SEP75200CE   0.22   0.23 CALL added 214660   PUT added 49340  CE_OI=339340 PE_OI=73600
pcr6 =  BSE:SENSEX26SEP75100CE   0.28    0.31 CALL added 167040   PUT added 51620  CE_OI=382840 PE_OI=105760
pcr7 =  BSE:SENSEX26SEP75000PE   0.53   0.62 CALL added 513060   PUT added 319040  CE_OI=1014700 PE_OI=542760
pcr8 =  BSE:SENSEX26SEP74900CE   0.64   0.85 CALL added 380460   PUT added 324400  CE_OI=578640 PE_OI=371640
pcr9 =  BSE:SENSEX26SEP74800PE   1.12   1.23 CALL added 631080   PUT added 777480  CE_OI=781380 PE_OI=878680
pcr10 =  BSE:SENSEX26SEP74700CE   1.49   1.7 CALL added 632620   PUT added 1076260  CE_OI=851560 PE_OI=1272000
pcr11 =  BSE:SENSEX26SEP74600PE   2.7   6.5 CALL added 100160   PUT added 651200  CE_OI=419300 PE_OI=1134020
pcr12 =  BSE:SENSEX26SEP74500PE   1.96   -31.18 CALL unwind -19500   PUT added 607960  CE_OI=826560 PE_OI=1616960
pcr13 =  BSE:SENSEX26SEP74400CE   4.09   -11.02 CALL unwind -31440   PUT added 346440  CE_OI=197660 PE_OI=807840
pcr14 =  BSE:SENSEX26SEP74300PE   5.04   217.79 CALL added 1340   PUT added 291840  CE_OI=120080 PE_OI=605620
pcr15 =  BSE:SENSEX26SEP74200PE   9.3   19.43 CALL added 10000   PUT added 194300  CE_OI=56140 PE_OI=521940
pcr16 =  BSE:SENSEX26SEP74100PE   12.32   -132.54 CALL unwind -260   PUT added 34460  CE_OI=32820 PE_OI=404460
pcr17 =  BSE:SENSEX26SEP74000CE   9.5   276.5 CALL added 1280   PUT added 353920  CE_OI=79880 PE_OI=759020
PCRSUM== 49.58
pcrSummation== 13.03
spotLTP =  74826.76  ATM_STRIKE =  74800
IS_ATM_STRIKE_SHIFT = False  mapStrike = {74800: 74800}
avgOiPcrList2 = [np.float64(2.92), np.float64(2.92), np.float64(2.92)] atmStrikeNotShiftedCount= 21
avgOiPcr9List2 = [np.float64(1.46), np.float64(1.46), np.float64(1.45)] atmStrikeNotShiftedCount= 21
False   21   3
SUPP_RES=== 75000  Buffer= 42
ANCHOR_COMPARE: spot=74826.76 fut=74790.4 basis(fut-spot)=-36.36 | SR_spot(PRIMARY)=75000 SR_future=75000 SR_diff(fut-spot)=0 | PCRwin_spot(PRIMARY)=74800 PCRwin_future=74800
CEoich val =  513060.0  PEoich val =  319040.0 , CE > PE by 37.8%
SUPP_RES TOTAL OI: CE= 1014700  PE= 542760 , CE > PE by 46.5%
INCR_CHOI: SUPP_RES=75000 role=RESISTANCE fresh_CE=3580 fresh_PE=360 -> CE_dominant by 89.9% (resistance HOLDING (bearish)) | cumulative CE=513060.0 PE=319040.0
==========================
FUT_SUPP_RES=== 75000  (FUT_LTP= 74790.4 ) Buffer= 42
FUT CEoich val =  513060.0  PEoich val =  319040.0 , CE > PE by 37.8%
FUT_SUPP_RES TOTAL OI: CE= 1014700  PE= 542760 , CE > PE by 46.5%
OI_SUPP_RES: spot=74826.76 ATM=74800 (win=±500 mode=CHOI) (ATM_CE_OI=781380 ATM_PE_OI=878680) | SUPPORT=74700PE CHOI=1076260 (dist=-100) | RESISTANCE=74800CE CHOI=631080 (dist=0)
OI_SUPPORT=== 74700
OI_SUPPORT CEoich val = 632620.0  PEoich val = 1076260.0 , CE < PE by 41.2%
OI_SUPPORT TOTAL OI: CE= 851560  PE= 1272000 , CE < PE by 33.1%
OI_RESISTANCE=== 74800
OI_RESISTANCE CEoich val = 631080.0  PEoich val = 777480.0 , CE < PE by 18.8%
OI_RESISTANCE TOTAL OI: CE= 781380  PE= 878680 , CE < PE by 11.1%
IS_MORNING_WINDOW= False  (active 9:15-9:48 IST)
================================================
==== signal check time ==== 2026-09-21 13:03:00.608539
CHART_PATTERN_DETECTED: DOUBLE_TOP_FORMING
  PATTERN_CONTEXT: Body= -45.6  Range= 45.6  ExpectedRange= 64.1  RangeRatio= 0.71  O= 74836.0  H= 74836.0  L= 74790.4  C= 74790.4
PCR9_SEQ_FLAT: 1.46 -> 1.46 -> 1.45 (not monotonic)
neither = [np.float64(2.92)]
isCE_DominantAtRes_once = True  isCE_DominantAtRes_twice = True  isCE_DominantAtRes_trice = True (CE_res_streak= 5 )
ATMStrike =  74800
AVG_OIPCR= 1.45
avgoiPCROld=  2.92
AVG_OIPCR_9STRIKE= 1.45  (pcr5..pcr13 = ATM +/-4, 9 strikes)
SUPP_RES = 75000
spotLTP = 74826.76
FUT LTP = 74790.4
CEchoi  PechOi = 513060.0    319040.0
====================================
atmPCR= 0.22  belowATM  0.28
CHOI_DOM_GATE: gate_on= True  bull_ok= False  bear_ok= True | isPE_DomSupp_once= False  fresh_PE= 360 | isCE_DomRes_once= True  fresh_CE= 3580
India VIX = 11.41  Spot Price = 74803.48
IV Regime = ELEVATED (ADAPTIVE: P25= 11.13  P50= 11.38  P75= 11.98 ) | DailyRange = 1219.3 | 3minCandleRange = 64.2 (theoretical= 106.9 ) | ATMoptionMove = 28.9 | SL = 101 | Target = 101 | TrailTrigger = 29 | Spread = 300 | Buffer = 42
IV Params refreshed: {'vix': 11.41, 'bn_price': 74803.48, 'regime': 'ELEVATED', 'regime_thresholds': 'P25=11.13 P50=11.38 P75=11.98', 'daily_range': 1219.3, 'candle_range': 64.2, 'atm_option_move': 28.9, 'sl_point': 101, 'target_point': 101, 'sl_pct_of_premium': 0.1, 'trail_trigger': 29, 'spread_width': 300, 'support_resistance_buffer': 42}
===
====after 3 min ochain==== 2026-09-21 13:06:00.000001
                                    oipcr   choipcr   CE_OI / PE_OI (same strike)
pcr1 =  BSE:SENSEX26SEP75600CE   0.03   0.02 CALL added 141680   PUT added 3140  CE_OI=271520 PE_OI=7740
pcr2 =  BSE:SENSEX26SEP75500PE   0.09   0.04 CALL added 356840   PUT added 13220  CE_OI=663240 PE_OI=61580
pcr3 =  BSE:SENSEX26SEP75400CE   0.13   0.1 CALL added 148560   PUT added 14480  CE_OI=238800 PE_OI=30940
pcr4 =  BSE:SENSEX26SEP75300PE   0.14   0.13 CALL added 157640   PUT added 20980  CE_OI=260820 PE_OI=35640
pcr5 =  BSE:SENSEX26SEP75200CE   0.21   0.22 CALL added 219440   PUT added 48880  CE_OI=344120 PE_OI=73140
pcr6 =  BSE:SENSEX26SEP75100CE   0.28    0.31 CALL added 168360   PUT added 51560  CE_OI=384160 PE_OI=105700
pcr7 =  BSE:SENSEX26SEP75000PE   0.53   0.62 CALL added 516660   PUT added 320740  CE_OI=1018300 PE_OI=544460
pcr8 =  BSE:SENSEX26SEP74900CE   0.67   0.89 CALL added 374340   PUT added 333860  CE_OI=572520 PE_OI=381100
pcr9 =  BSE:SENSEX26SEP74800PE   1.13   1.24 CALL added 636220   PUT added 786060  CE_OI=786520 PE_OI=887260
pcr10 =  BSE:SENSEX26SEP74700CE   1.54   1.77 CALL added 610040   PUT added 1081720  CE_OI=828980 PE_OI=1277460
pcr11 =  BSE:SENSEX26SEP74600PE   2.69   6.35 CALL added 102140   PUT added 648560  CE_OI=421280 PE_OI=1131380
pcr12 =  BSE:SENSEX26SEP74500PE   1.97   -29.01 CALL unwind -21120   PUT added 612640  CE_OI=824940 PE_OI=1621640
pcr13 =  BSE:SENSEX26SEP74400CE   3.95   -14.37 CALL unwind -24180   PUT added 347400  CE_OI=204920 PE_OI=808800
pcr14 =  BSE:SENSEX26SEP74300PE   5.06   175.64 CALL added 1680   PUT added 295080  CE_OI=120420 PE_OI=608860
pcr15 =  BSE:SENSEX26SEP74200PE   9.16   18.28 CALL added 10440   PUT added 190840  CE_OI=56580 PE_OI=518480
pcr16 =  BSE:SENSEX26SEP74100PE   12.29   -291.83 CALL unwind -120   PUT added 35020  CE_OI=32960 PE_OI=405020
pcr17 =  BSE:SENSEX26SEP74000CE   9.56   250.12 CALL added 1440   PUT added 360180  CE_OI=80040 PE_OI=765280
PCRSUM== 49.43
pcrSummation== 12.97
spotLTP =  74808.07  ATM_STRIKE =  74800
IS_ATM_STRIKE_SHIFT = False  mapStrike = {74800: 74800}
avgOiPcrList2 = [np.float64(2.92), np.float64(2.91)] atmStrikeNotShiftedCount= 22
avgOiPcr9List2 = [np.float64(1.45), np.float64(1.44)] atmStrikeNotShiftedCount= 22
False   22   2
SUPP_RES=== 75000  Buffer= 42
ANCHOR_COMPARE: spot=74808.07 fut=74790.4 basis(fut-spot)=-17.67 | SR_spot(PRIMARY)=75000 SR_future=75000 SR_diff(fut-spot)=0 | PCRwin_spot(PRIMARY)=74800 PCRwin_future=74800
CEoich val =  516660.0  PEoich val =  320740.0 , CE > PE by 37.9%
SUPP_RES TOTAL OI: CE= 1018300  PE= 544460 , CE > PE by 46.5%
INCR_CHOI: SUPP_RES=75000 role=RESISTANCE fresh_CE=3600 fresh_PE=1700 -> CE_dominant by 52.8% (resistance HOLDING (bearish)) | cumulative CE=516660.0 PE=320740.0
==========================
FUT_SUPP_RES=== 75000  (FUT_LTP= 74790.4 ) Buffer= 42
FUT CEoich val =  516660.0  PEoich val =  320740.0 , CE > PE by 37.9%
FUT_SUPP_RES TOTAL OI: CE= 1018300  PE= 544460 , CE > PE by 46.5%
OI_SUPP_RES: spot=74808.07 ATM=74800 (win=±500 mode=CHOI) (ATM_CE_OI=786520 ATM_PE_OI=887260) | SUPPORT=74700PE CHOI=1081720 (dist=-100) | RESISTANCE=74800CE CHOI=636220 (dist=0)
OI_SUPPORT=== 74700
OI_SUPPORT CEoich val = 610040.0  PEoich val = 1081720.0 , CE < PE by 43.6%
OI_SUPPORT TOTAL OI: CE= 828980  PE= 1277460 , CE < PE by 35.1%
OI_RESISTANCE=== 74800
OI_RESISTANCE CEoich val = 636220.0  PEoich val = 786060.0 , CE < PE by 19.1%
OI_RESISTANCE TOTAL OI: CE= 786520  PE= 887260 , CE < PE by 11.4%
IS_MORNING_WINDOW= False  (active 9:15-9:48 IST)
================================================
==== signal check time ==== 2026-09-21 13:06:00.659446
CHART_PATTERN_DETECTED: INSIDE_BAR | DOUBLE_TOP_FORMING | DOUBLE_BOTTOM_FORMING
  PATTERN_CONTEXT: Body= 0.0  Range= 0.0  ExpectedRange= 64.2  RangeRatio= 0.0  O= 74790.4  H= 74790.4  L= 74790.4  C= 74790.4
isCE_DominantAtRes_once = True  isCE_DominantAtRes_twice = True  isCE_DominantAtRes_trice = True (CE_res_streak= 6 )
ATMStrike =  74800
AVG_OIPCR= 1.44
avgoiPCROld=  2.91
AVG_OIPCR_9STRIKE= 1.44  (pcr5..pcr13 = ATM +/-4, 9 strikes)
SUPP_RES = 75000
spotLTP = 74808.07
FUT LTP = 74790.4
CEchoi  PechOi = 516660.0    320740.0
====================================
atmPCR= 0.21  belowATM  0.28
CHOI_DOM_GATE: gate_on= True  bull_ok= False  bear_ok= True | isPE_DomSupp_once= False  fresh_PE= 1700 | isCE_DomRes_once= True  fresh_CE= 3600
India VIX = 11.41  Spot Price = 74789.64
IV Regime = ELEVATED (ADAPTIVE: P25= 11.13  P50= 11.38  P75= 11.98 ) | DailyRange = 1219.1 | 3minCandleRange = 64.2 (theoretical= 106.9 ) | ATMoptionMove = 28.9 | SL = 101 | Target = 101 | TrailTrigger = 29 | Spread = 300 | Buffer = 42
IV Params refreshed: {'vix': 11.41, 'bn_price': 74789.64, 'regime': 'ELEVATED', 'regime_thresholds': 'P25=11.13 P50=11.38 P75=11.98', 'daily_range': 1219.1, 'candle_range': 64.2, 'atm_option_move': 28.9, 'sl_point': 101, 'target_point': 101, 'sl_pct_of_premium': 0.1, 'trail_trigger': 29, 'spread_width': 300, 'support_resistance_buffer': 42}
===
====after 3 min ochain==== 2026-09-21 13:09:00.000002
                                    oipcr   choipcr   CE_OI / PE_OI (same strike)
pcr1 =  BSE:SENSEX26SEP75600CE   0.03   0.02 CALL added 139740   PUT added 3080  CE_OI=269580 PE_OI=7680
pcr2 =  BSE:SENSEX26SEP75500PE   0.09   0.04 CALL added 357700   PUT added 12900  CE_OI=664100 PE_OI=61260
pcr3 =  BSE:SENSEX26SEP75400CE   0.13   0.09 CALL added 146840   PUT added 13360  CE_OI=237080 PE_OI=29820
pcr4 =  BSE:SENSEX26SEP75300PE   0.14   0.13 CALL added 159160   PUT added 20840  CE_OI=262340 PE_OI=35500
pcr5 =  BSE:SENSEX26SEP75200CE   0.21   0.23 CALL added 214840   PUT added 48480  CE_OI=339520 PE_OI=72740
pcr6 =  BSE:SENSEX26SEP75100CE   0.27    0.3 CALL added 172260   PUT added 51760  CE_OI=388060 PE_OI=105900
pcr7 =  BSE:SENSEX26SEP75000PE   0.53   0.62 CALL added 511880   PUT added 317820  CE_OI=1013520 PE_OI=541540
pcr8 =  BSE:SENSEX26SEP74900CE   0.65   0.87 CALL added 379820   PUT added 330740  CE_OI=578000 PE_OI=377980
pcr9 =  BSE:SENSEX26SEP74800PE   1.13   1.23 CALL added 641760   PUT added 790660  CE_OI=792060 PE_OI=891860
pcr10 =  BSE:SENSEX26SEP74700CE   1.55   1.79 CALL added 606680   PUT added 1084000  CE_OI=825620 PE_OI=1279740
pcr11 =  BSE:SENSEX26SEP74600PE   2.66   6.21 CALL added 103520   PUT added 643060  CE_OI=422660 PE_OI=1125880
pcr12 =  BSE:SENSEX26SEP74500PE   1.93   -49.45 CALL unwind -12180   PUT added 602300  CE_OI=833880 PE_OI=1611300
pcr13 =  BSE:SENSEX26SEP74400CE   3.89   -15.01 CALL unwind -22740   PUT added 341400  CE_OI=206360 PE_OI=802800
pcr14 =  BSE:SENSEX26SEP74300PE   5.06   141.54 CALL added 2100   PUT added 297240  CE_OI=120840 PE_OI=611020
pcr15 =  BSE:SENSEX26SEP74200PE   9.19   18.23 CALL added 10640   PUT added 193980  CE_OI=56780 PE_OI=521620
pcr16 =  BSE:SENSEX26SEP74100PE   12.13   116.67 CALL added 300   PUT added 35000  CE_OI=33380 PE_OI=405000
pcr17 =  BSE:SENSEX26SEP74000CE   9.48   227.46 CALL added 1560   PUT added 354840  CE_OI=80160 PE_OI=759940
PCRSUM== 49.07
pcrSummation== 12.82
spotLTP =  74789.64  ATM_STRIKE =  74800
IS_ATM_STRIKE_SHIFT = False  mapStrike = {74800: 74800}
avgOiPcrList2 = [np.float64(2.92), np.float64(2.91), np.float64(2.89)] atmStrikeNotShiftedCount= 23
avgOiPcr9List2 = [np.float64(1.45), np.float64(1.44), np.float64(1.42)] atmStrikeNotShiftedCount= 23
False   23   3
SUPP_RES=== 75000  Buffer= 42
ANCHOR_COMPARE: spot=74789.64 fut=74790.4 basis(fut-spot)=0.76 | SR_spot(PRIMARY)=75000 SR_future=75000 SR_diff(fut-spot)=0 | PCRwin_spot(PRIMARY)=74800 PCRwin_future=74800
CEoich val =  511880.0  PEoich val =  317820.0 , CE > PE by 37.9%
SUPP_RES TOTAL OI: CE= 1013520  PE= 541540 , CE > PE by 46.6%
INCR_CHOI: SUPP_RES=75000 role=RESISTANCE fresh_CE=-4780 fresh_PE=-2920 -> PE_dominant by 38.9% (resistance CHALLENGED (bullish warning)) | cumulative CE=511880.0 PE=317820.0
==========================
FUT_SUPP_RES=== 75000  (FUT_LTP= 74790.4 ) Buffer= 42
FUT CEoich val =  511880.0  PEoich val =  317820.0 , CE > PE by 37.9%
FUT_SUPP_RES TOTAL OI: CE= 1013520  PE= 541540 , CE > PE by 46.6%
OI_SUPP_RES: spot=74789.64 ATM=74800 (win=±500 mode=CHOI) (ATM_CE_OI=792060 ATM_PE_OI=891860) | SUPPORT=74700PE CHOI=1084000 (dist=-100) | RESISTANCE=74800CE CHOI=641760 (dist=0)
OI_SUPPORT=== 74700
OI_SUPPORT CEoich val = 606680.0  PEoich val = 1084000.0 , CE < PE by 44.0%
OI_SUPPORT TOTAL OI: CE= 825620  PE= 1279740 , CE < PE by 35.5%
OI_RESISTANCE=== 74800
OI_RESISTANCE CEoich val = 641760.0  PEoich val = 790660.0 , CE < PE by 18.8%
OI_RESISTANCE TOTAL OI: CE= 792060  PE= 891860 , CE < PE by 11.2%
IS_MORNING_WINDOW= False  (active 9:15-9:48 IST)
================================================
==== signal check time ==== 2026-09-21 13:09:00.567338
CHART_PATTERN_DETECTED: INSIDE_BAR | DOUBLE_BOTTOM_FORMING
  PATTERN_CONTEXT: Body= 0.0  Range= 0.0  ExpectedRange= 64.2  RangeRatio= 0.0  O= 74790.4  H= 74790.4  L= 74790.4  C= 74790.4
isPcrDecr9 = True
PCR9_SEQ_DEC: 1.45 -> 1.44 -> 1.42 | pcr2 < pcr1 by -0.7% | pcr3 < pcr2 by -1.4%
isPcrDecr = True
PCR_SEQ_DEC: 2.92 -> 2.91 -> 2.89 | pcr2 < pcr1 by -0.3% | pcr3 < pcr2 by -0.7%
ATMStrike =  74800
AVG_OIPCR= 1.42
avgoiPCROld=  2.89
AVG_OIPCR_9STRIKE= 1.42  (pcr5..pcr13 = ATM +/-4, 9 strikes)
SUPP_RES = 75000
spotLTP = 74789.64
FUT LTP = 74790.4
CEchoi  PechOi = 511880.0    317820.0
====================================
atmPCR= 0.21  belowATM  0.27
CHOI_DOM_GATE: gate_on= True  bull_ok= False  bear_ok= False | isPE_DomSupp_once= False  fresh_PE= -2920 | isCE_DomRes_once= False  fresh_CE= -4780
no trade yet = [np.float64(2.92), np.float64(2.91), np.float64(2.89)]
India VIX = 11.36  Spot Price = 74779.73
IV Regime = NORMAL (ADAPTIVE: P25= 11.13  P50= 11.38  P75= 11.98 ) | DailyRange = 1213.6 | 3minCandleRange = 63.9 (theoretical= 106.4 ) | ATMoptionMove = 28.7 | SL = 101 | Target = 101 | TrailTrigger = 29 | Spread = 300 | Buffer = 32
IV Params refreshed: {'vix': 11.36, 'bn_price': 74779.73, 'regime': 'NORMAL', 'regime_thresholds': 'P25=11.13 P50=11.38 P75=11.98', 'daily_range': 1213.6, 'candle_range': 63.9, 'atm_option_move': 28.7, 'sl_point': 101, 'target_point': 101, 'sl_pct_of_premium': 0.1, 'trail_trigger': 29, 'spread_width': 300, 'support_resistance_buffer': 32}
===
====after 3 min ochain==== 2026-09-21 13:12:00.000050
                                    oipcr   choipcr   CE_OI / PE_OI (same strike)
pcr1 =  BSE:SENSEX26SEP75600CE   0.03   0.02 CALL added 137580   PUT added 3400  CE_OI=267420 PE_OI=8000
pcr2 =  BSE:SENSEX26SEP75500PE   0.09   0.03 CALL added 353360   PUT added 11860  CE_OI=659760 PE_OI=60220
pcr3 =  BSE:SENSEX26SEP75400CE   0.12   0.09 CALL added 150440   PUT added 12840  CE_OI=240680 PE_OI=29300
pcr4 =  BSE:SENSEX26SEP75300PE   0.13   0.12 CALL added 159300   PUT added 18840  CE_OI=262480 PE_OI=33500
pcr5 =  BSE:SENSEX26SEP75200CE   0.21   0.22 CALL added 215920   PUT added 48040  CE_OI=340600 PE_OI=72300
pcr6 =  BSE:SENSEX26SEP75100CE   0.28    0.31 CALL added 164980   PUT added 51440  CE_OI=380780 PE_OI=105580
pcr7 =  BSE:SENSEX26SEP75000PE   0.52   0.59 CALL added 523840   PUT added 310340  CE_OI=1025480 PE_OI=534060
pcr8 =  BSE:SENSEX26SEP74900CE   0.64   0.84 CALL added 390240   PUT added 329060  CE_OI=588420 PE_OI=376300
pcr9 =  BSE:SENSEX26SEP74800PE   1.07   1.16 CALL added 673640   PUT added 780940  CE_OI=823940 PE_OI=882140
pcr10 =  BSE:SENSEX26SEP74700CE   1.54   1.77 CALL added 614960   PUT added 1086460  CE_OI=833900 PE_OI=1282200
pcr11 =  BSE:SENSEX26SEP74600PE   2.62   5.89 CALL added 108420   PUT added 638920  CE_OI=427560 PE_OI=1121740
pcr12 =  BSE:SENSEX26SEP74500PE   1.94   -54.02 CALL unwind -11320   PUT added 611520  CE_OI=834740 PE_OI=1620520
pcr13 =  BSE:SENSEX26SEP74400CE   3.91   -14.97 CALL unwind -23040   PUT added 344940  CE_OI=206060 PE_OI=806340
pcr14 =  BSE:SENSEX26SEP74300PE   5.0   126.6 CALL added 2300   PUT added 291180  CE_OI=121040 PE_OI=604960
pcr15 =  BSE:SENSEX26SEP74200PE   9.16   17.61 CALL added 11240   PUT added 197960  CE_OI=57380 PE_OI=525600
pcr16 =  BSE:SENSEX26SEP74100PE   11.67   24.48 CALL added 1260   PUT added 30840  CE_OI=34340 PE_OI=400840
pcr17 =  BSE:SENSEX26SEP74000CE   9.46   164.68 CALL added 2180   PUT added 359000  CE_OI=80780 PE_OI=764100
PCRSUM== 48.39
pcrSummation== 12.73
spotLTP =  74779.73  ATM_STRIKE =  74800
IS_ATM_STRIKE_SHIFT = False  mapStrike = {74800: 74800}
avgOiPcrList2 = [np.float64(2.91), np.float64(2.89), np.float64(2.85)] atmStrikeNotShiftedCount= 24
avgOiPcr9List2 = [np.float64(1.44), np.float64(1.42), np.float64(1.41)] atmStrikeNotShiftedCount= 24
False   24   3
SUPP_RES=== 75000  Buffer= 32
ANCHOR_COMPARE: spot=74779.73 fut=74790.4 basis(fut-spot)=10.67 | SR_spot(PRIMARY)=75000 SR_future=75000 SR_diff(fut-spot)=0 | PCRwin_spot(PRIMARY)=74800 PCRwin_future=74800
CEoich val =  523840.0  PEoich val =  310340.0 , CE > PE by 40.8%
SUPP_RES TOTAL OI: CE= 1025480  PE= 534060 , CE > PE by 47.9%
INCR_CHOI: SUPP_RES=75000 role=RESISTANCE fresh_CE=11960 fresh_PE=-7480 -> CE_dominant by 162.5% (resistance HOLDING (bearish)) | cumulative CE=523840.0 PE=310340.0
==========================
FUT_SUPP_RES=== 75000  (FUT_LTP= 74790.4 ) Buffer= 32
FUT CEoich val =  523840.0  PEoich val =  310340.0 , CE > PE by 40.8%
FUT_SUPP_RES TOTAL OI: CE= 1025480  PE= 534060 , CE > PE by 47.9%
OI_SUPP_RES: spot=74779.73 ATM=74800 (win=±500 mode=CHOI) (ATM_CE_OI=823940 ATM_PE_OI=882140) | SUPPORT=74700PE CHOI=1086460 (dist=-100) | RESISTANCE=74800CE CHOI=673640 (dist=0)
OI_SUPPORT=== 74700
OI_SUPPORT CEoich val = 614960.0  PEoich val = 1086460.0 , CE < PE by 43.4%
OI_SUPPORT TOTAL OI: CE= 833900  PE= 1282200 , CE < PE by 35.0%
OI_RESISTANCE=== 74800
OI_RESISTANCE CEoich val = 673640.0  PEoich val = 780940.0 , CE < PE by 13.7%
OI_RESISTANCE TOTAL OI: CE= 823940  PE= 882140 , CE < PE by 6.6%
IS_MORNING_WINDOW= False  (active 9:15-9:48 IST)
================================================
==== signal check time ==== 2026-09-21 13:12:00.615781
CHART_PATTERN_DETECTED: INSIDE_BAR | DOUBLE_BOTTOM_FORMING
  PATTERN_CONTEXT: Body= 0.0  Range= 0.0  ExpectedRange= 63.9  RangeRatio= 0.0  O= 74790.4  H= 74790.4  L= 74790.4  C= 74790.4
isPcrDecr9 = True
PCR9_SEQ_DEC: 1.44 -> 1.42 -> 1.41 | pcr2 < pcr1 by -1.4% | pcr3 < pcr2 by -0.7%
isPcrDecr = True
PCR_SEQ_DEC: 2.91 -> 2.89 -> 2.85 | pcr2 < pcr1 by -0.7% | pcr3 < pcr2 by -1.4%
isCE_DominantAtRes_once = True  isCE_DominantAtRes_twice = False  isCE_DominantAtRes_trice = False (CE_res_streak= 1 )
ATMStrike =  74800
AVG_OIPCR= 1.41
avgoiPCROld=  2.85
AVG_OIPCR_9STRIKE= 1.41  (pcr5..pcr13 = ATM +/-4, 9 strikes)
SUPP_RES = 75000
spotLTP = 74779.73
FUT LTP = 74790.4
CEchoi  PechOi = 523840.0    310340.0
====================================
atmPCR= 0.21  belowATM  0.28
CHOI_DOM_GATE: gate_on= True  bull_ok= False  bear_ok= True | isPE_DomSupp_once= False  fresh_PE= -7480 | isCE_DomRes_once= True  fresh_CE= 11960
no trade yet = [np.float64(2.91), np.float64(2.89), np.float64(2.85)]
India VIX = 11.39  Spot Price = 74815.96
IV Regime = ELEVATED (ADAPTIVE: P25= 11.13  P50= 11.38  P75= 11.98 ) | DailyRange = 1217.4 | 3minCandleRange = 64.1 (theoretical= 106.8 ) | ATMoptionMove = 28.8 | SL = 101 | Target = 101 | TrailTrigger = 29 | Spread = 300 | Buffer = 42
IV Params refreshed: {'vix': 11.39, 'bn_price': 74815.96, 'regime': 'ELEVATED', 'regime_thresholds': 'P25=11.13 P50=11.38 P75=11.98', 'daily_range': 1217.4, 'candle_range': 64.1, 'atm_option_move': 28.8, 'sl_point': 101, 'target_point': 101, 'sl_pct_of_premium': 0.1, 'trail_trigger': 29, 'spread_width': 300, 'support_resistance_buffer': 42}
===
====after 3 min ochain==== 2026-09-21 13:15:00.000002
                                    oipcr   choipcr   CE_OI / PE_OI (same strike)
pcr1 =  BSE:SENSEX26SEP75600CE   0.03   0.03 CALL added 136120   PUT added 3420  CE_OI=265960 PE_OI=8020
pcr2 =  BSE:SENSEX26SEP75500PE   0.09   0.03 CALL added 351500   PUT added 11500  CE_OI=657900 PE_OI=59860
pcr3 =  BSE:SENSEX26SEP75400CE   0.12   0.08 CALL added 152480   PUT added 12400  CE_OI=242720 PE_OI=28860
pcr4 =  BSE:SENSEX26SEP75300PE   0.13   0.12 CALL added 156320   PUT added 18840  CE_OI=259500 PE_OI=33500
pcr5 =  BSE:SENSEX26SEP75200CE   0.21   0.22 CALL added 216740   PUT added 47680  CE_OI=341420 PE_OI=71940
pcr6 =  BSE:SENSEX26SEP75100CE   0.28    0.31 CALL added 161140   PUT added 50500  CE_OI=376940 PE_OI=104640
pcr7 =  BSE:SENSEX26SEP75000PE   0.51   0.57 CALL added 528960   PUT added 302420  CE_OI=1030600 PE_OI=526140
pcr8 =  BSE:SENSEX26SEP74900CE   0.65   0.86 CALL added 378160   PUT added 326840  CE_OI=576340 PE_OI=374080
pcr9 =  BSE:SENSEX26SEP74800PE   1.04   1.12 CALL added 677540   PUT added 760740  CE_OI=827840 PE_OI=861940
pcr10 =  BSE:SENSEX26SEP74700CE   1.52   1.74 CALL added 624360   PUT added 1086380  CE_OI=843300 PE_OI=1282120
pcr11 =  BSE:SENSEX26SEP74600PE   2.62   5.77 CALL added 111940   PUT added 645380  CE_OI=431080 PE_OI=1128200
pcr12 =  BSE:SENSEX26SEP74500PE   1.92   -74.82 CALL unwind -8060   PUT added 603080  CE_OI=838000 PE_OI=1612080
pcr13 =  BSE:SENSEX26SEP74400CE   3.85   -17.06 CALL unwind -20160   PUT added 344000  CE_OI=208940 PE_OI=805400
pcr14 =  BSE:SENSEX26SEP74300PE   4.93   105.56 CALL added 2700   PUT added 285000  CE_OI=121440 PE_OI=598780
pcr15 =  BSE:SENSEX26SEP74200PE   9.11   17.29 CALL added 11340   PUT added 196020  CE_OI=57480 PE_OI=523660
pcr16 =  BSE:SENSEX26SEP74100PE   11.68   24.14 CALL added 1320   PUT added 31860  CE_OI=34400 PE_OI=401860
pcr17 =  BSE:SENSEX26SEP74000CE   9.48   154.92 CALL added 2340   PUT added 362520  CE_OI=80940 PE_OI=767620
PCRSUM== 48.17
pcrSummation== 12.6
spotLTP =  74815.96  ATM_STRIKE =  74800
IS_ATM_STRIKE_SHIFT = False  mapStrike = {74800: 74800}
avgOiPcrList2 = [np.float64(2.89), np.float64(2.85), np.float64(2.83)] atmStrikeNotShiftedCount= 25
avgOiPcr9List2 = [np.float64(1.42), np.float64(1.41), np.float64(1.4)] atmStrikeNotShiftedCount= 25
False   25   3
SUPP_RES=== 75000  Buffer= 42
ANCHOR_COMPARE: spot=74815.96 fut=74790.4 basis(fut-spot)=-25.56 | SR_spot(PRIMARY)=75000 SR_future=75000 SR_diff(fut-spot)=0 | PCRwin_spot(PRIMARY)=74800 PCRwin_future=74800
CEoich val =  528960.0  PEoich val =  302420.0 , CE > PE by 42.8%
SUPP_RES TOTAL OI: CE= 1030600  PE= 526140 , CE > PE by 48.9%
INCR_CHOI: SUPP_RES=75000 role=RESISTANCE fresh_CE=5120 fresh_PE=-7920 -> CE_dominant by 164.6% (resistance HOLDING (bearish)) | cumulative CE=528960.0 PE=302420.0
==========================
FUT_SUPP_RES=== 75000  (FUT_LTP= 74790.4 ) Buffer= 42
FUT CEoich val =  528960.0  PEoich val =  302420.0 , CE > PE by 42.8%
FUT_SUPP_RES TOTAL OI: CE= 1030600  PE= 526140 , CE > PE by 48.9%
OI_SUPP_RES: spot=74815.96 ATM=74800 (win=±500 mode=CHOI) (ATM_CE_OI=827840 ATM_PE_OI=861940) | SUPPORT=74700PE CHOI=1086380 (dist=-100) | RESISTANCE=74800CE CHOI=677540 (dist=0)
OI_SUPPORT=== 74700
OI_SUPPORT CEoich val = 624360.0  PEoich val = 1086380.0 , CE < PE by 42.5%
OI_SUPPORT TOTAL OI: CE= 843300  PE= 1282120 , CE < PE by 34.2%
OI_RESISTANCE=== 74800
OI_RESISTANCE CEoich val = 677540.0  PEoich val = 760740.0 , CE < PE by 10.9%
OI_RESISTANCE TOTAL OI: CE= 827840  PE= 861940 , CE < PE by 4.0%
IS_MORNING_WINDOW= False  (active 9:15-9:48 IST)
================================================
==== signal check time ==== 2026-09-21 13:15:00.588047
CHART_PATTERN_DETECTED: INSIDE_BAR | DOUBLE_TOP_FORMING | DOUBLE_BOTTOM_FORMING
  PATTERN_CONTEXT: Body= 0.0  Range= 0.0  ExpectedRange= 64.1  RangeRatio= 0.0  O= 74790.4  H= 74790.4  L= 74790.4  C= 74790.4
isPcrDecr9 = True
PCR9_SEQ_DEC: 1.42 -> 1.41 -> 1.4 | pcr2 < pcr1 by -0.7% | pcr3 < pcr2 by -0.7%
isPcrDecr = True
PCR_SEQ_DEC: 2.89 -> 2.85 -> 2.83 | pcr2 < pcr1 by -1.4% | pcr3 < pcr2 by -0.7%
isCE_DominantAtRes_once = True  isCE_DominantAtRes_twice = True  isCE_DominantAtRes_trice = False (CE_res_streak= 2 )
ATMStrike =  74800
AVG_OIPCR= 1.4
avgoiPCROld=  2.83
AVG_OIPCR_9STRIKE= 1.4  (pcr5..pcr13 = ATM +/-4, 9 strikes)
SUPP_RES = 75000
spotLTP = 74815.96
FUT LTP = 74790.4
CEchoi  PechOi = 528960.0    302420.0
====================================
atmPCR= 0.21  belowATM  0.28
CHOI_DOM_GATE: gate_on= True  bull_ok= False  bear_ok= True | isPE_DomSupp_once= False  fresh_PE= -7920 | isCE_DomRes_once= True  fresh_CE= 5120
no trade yet = [np.float64(2.89), np.float64(2.85), np.float64(2.83)]
India VIX = 11.4  Spot Price = 74849.03
IV Regime = ELEVATED (ADAPTIVE: P25= 11.13  P50= 11.38  P75= 11.98 ) | DailyRange = 1219.0 | 3minCandleRange = 64.1 (theoretical= 106.9 ) | ATMoptionMove = 28.9 | SL = 101 | Target = 101 | TrailTrigger = 29 | Spread = 300 | Buffer = 42
IV Params refreshed: {'vix': 11.4, 'bn_price': 74849.03, 'regime': 'ELEVATED', 'regime_thresholds': 'P25=11.13 P50=11.38 P75=11.98', 'daily_range': 1219.0, 'candle_range': 64.1, 'atm_option_move': 28.9, 'sl_point': 101, 'target_point': 101, 'sl_pct_of_premium': 0.1, 'trail_trigger': 29, 'spread_width': 300, 'support_resistance_buffer': 42}
===
====after 3 min ochain==== 2026-09-21 13:18:00.000002
                                    oipcr   choipcr   CE_OI / PE_OI (same strike)
pcr1 =  BSE:SENSEX26SEP75600CE   0.03   0.02 CALL added 138360   PUT added 3220  CE_OI=268200 PE_OI=7820
pcr2 =  BSE:SENSEX26SEP75500PE   0.09   0.03 CALL added 358580   PUT added 11700  CE_OI=664980 PE_OI=60060
pcr3 =  BSE:SENSEX26SEP75400CE   0.12   0.08 CALL added 148520   PUT added 12420  CE_OI=238760 PE_OI=28880
pcr4 =  BSE:SENSEX26SEP75300PE   0.13   0.11 CALL added 169080   PUT added 19420  CE_OI=272260 PE_OI=34080
pcr5 =  BSE:SENSEX26SEP75200CE   0.27   0.31 CALL added 214620   PUT added 67060  CE_OI=339300 PE_OI=91320
pcr6 =  BSE:SENSEX26SEP75100CE   0.28    0.31 CALL added 161200   PUT added 49760  CE_OI=377000 PE_OI=103900
pcr7 =  BSE:SENSEX26SEP75000PE   0.51   0.57 CALL added 553520   PUT added 316140  CE_OI=1055160 PE_OI=539860
pcr8 =  BSE:SENSEX26SEP74900CE   0.63   0.84 CALL added 378920   PUT added 318020  CE_OI=577100 PE_OI=365260
pcr9 =  BSE:SENSEX26SEP74800PE   1.02   1.1 CALL added 677180   PUT added 743840  CE_OI=827480 PE_OI=845040
pcr10 =  BSE:SENSEX26SEP74700CE   1.5   1.71 CALL added 626100   PUT added 1071700  CE_OI=845040 PE_OI=1267440
pcr11 =  BSE:SENSEX26SEP74600PE   2.58   5.56 CALL added 114880   PUT added 639080  CE_OI=434020 PE_OI=1121900
pcr12 =  BSE:SENSEX26SEP74500PE   1.9   -46.98 CALL unwind -12180   PUT added 572260  CE_OI=833880 PE_OI=1581260
pcr13 =  BSE:SENSEX26SEP74400CE   3.91   -13.44 CALL unwind -25080   PUT added 337180  CE_OI=204020 PE_OI=798580
pcr14 =  BSE:SENSEX26SEP74300PE   4.87   79.33 CALL added 3560   PUT added 282420  CE_OI=122300 PE_OI=596200
pcr15 =  BSE:SENSEX26SEP74200PE   9.25   17.99 CALL added 11340   PUT added 204060  CE_OI=57480 PE_OI=531700
pcr16 =  BSE:SENSEX26SEP74100PE   11.96   47.61 CALL added 720   PUT added 34280  CE_OI=33800 PE_OI=404280
pcr17 =  BSE:SENSEX26SEP74000CE   9.25   158.44 CALL added 2160   PUT added 342220  CE_OI=80760 PE_OI=747320
PCRSUM== 48.3
pcrSummation== 12.6
spotLTP =  74849.03  ATM_STRIKE =  74800
IS_ATM_STRIKE_SHIFT = False  mapStrike = {74800: 74800}
avgOiPcrList2 = [np.float64(2.85), np.float64(2.83), np.float64(2.84)] atmStrikeNotShiftedCount= 26
avgOiPcr9List2 = [np.float64(1.41), np.float64(1.4), np.float64(1.4)] atmStrikeNotShiftedCount= 26
False   26   3
SUPP_RES=== 75000  Buffer= 42
ANCHOR_COMPARE: spot=74849.03 fut=74792.85 basis(fut-spot)=-56.18 | SR_spot(PRIMARY)=75000 SR_future=75000 SR_diff(fut-spot)=0 | PCRwin_spot(PRIMARY)=74800 PCRwin_future=74800
CEoich val =  553520.0  PEoich val =  316140.0 , CE > PE by 42.9%
SUPP_RES TOTAL OI: CE= 1055160  PE= 539860 , CE > PE by 48.8%
INCR_CHOI: SUPP_RES=75000 role=RESISTANCE fresh_CE=24560 fresh_PE=13720 -> CE_dominant by 44.1% (resistance HOLDING (bearish)) | cumulative CE=553520.0 PE=316140.0
==========================
FUT_SUPP_RES=== 75000  (FUT_LTP= 74792.85 ) Buffer= 42
FUT CEoich val =  553520.0  PEoich val =  316140.0 , CE > PE by 42.9%
FUT_SUPP_RES TOTAL OI: CE= 1055160  PE= 539860 , CE > PE by 48.8%
OI_SUPP_RES: spot=74849.03 ATM=74800 (win=±500 mode=CHOI) (ATM_CE_OI=827480 ATM_PE_OI=845040) | SUPPORT=74700PE CHOI=1071700 (dist=-100) | RESISTANCE=74800CE CHOI=677180 (dist=0)
OI_SUPPORT=== 74700
OI_SUPPORT CEoich val = 626100.0  PEoich val = 1071700.0 , CE < PE by 41.6%
OI_SUPPORT TOTAL OI: CE= 845040  PE= 1267440 , CE < PE by 33.3%
OI_RESISTANCE=== 74800
OI_RESISTANCE CEoich val = 677180.0  PEoich val = 743840.0 , CE < PE by 9.0%
OI_RESISTANCE TOTAL OI: CE= 827480  PE= 845040 , CE < PE by 2.1%
IS_MORNING_WINDOW= False  (active 9:15-9:48 IST)
================================================
==== signal check time ==== 2026-09-21 13:18:00.582329
CHART_PATTERN_DETECTED: DOUBLE_TOP_FORMING | DOUBLE_BOTTOM_FORMING
  PATTERN_CONTEXT: Body= 2.5  Range= 2.5  ExpectedRange= 64.1  RangeRatio= 0.04  O= 74790.4  H= 74792.8  L= 74790.4  C= 74792.8
PCR9_SEQ_FLAT: 1.41 -> 1.4 -> 1.4 (not monotonic)
recent two = [np.float64(2.83), np.float64(2.84)]
isCE_DominantAtRes_once = True  isCE_DominantAtRes_twice = True  isCE_DominantAtRes_trice = True (CE_res_streak= 3 )
ATMStrike =  74800
AVG_OIPCR= 1.4
avgoiPCROld=  2.84
AVG_OIPCR_9STRIKE= 1.4  (pcr5..pcr13 = ATM +/-4, 9 strikes)
SUPP_RES = 75000
spotLTP = 74849.03
FUT LTP = 74792.85
CEchoi  PechOi = 553520.0    316140.0
====================================
atmPCR= 0.27  belowATM  0.28
CHOI_DOM_GATE: gate_on= True  bull_ok= False  bear_ok= True | isPE_DomSupp_once= False  fresh_PE= 13720 | isCE_DomRes_once= True  fresh_CE= 24560
India VIX = 11.32  Spot Price = 74872.17
IV Regime = NORMAL (ADAPTIVE: P25= 11.13  P50= 11.38  P75= 11.98 ) | DailyRange = 1210.8 | 3minCandleRange = 63.7 (theoretical= 106.2 ) | ATMoptionMove = 28.7 | SL = 100 | Target = 100 | TrailTrigger = 29 | Spread = 300 | Buffer = 32
IV Params refreshed: {'vix': 11.32, 'bn_price': 74872.17, 'regime': 'NORMAL', 'regime_thresholds': 'P25=11.13 P50=11.38 P75=11.98', 'daily_range': 1210.8, 'candle_range': 63.7, 'atm_option_move': 28.7, 'sl_point': 100, 'target_point': 100, 'sl_pct_of_premium': 0.1, 'trail_trigger': 29, 'spread_width': 300, 'support_resistance_buffer': 32}
===
====after 3 min ochain==== 2026-09-21 13:21:00.000001
                                    oipcr   choipcr   CE_OI / PE_OI (same strike)
pcr1 =  BSE:SENSEX26SEP75700PE   0.05   0.05 CALL added 399000   PUT added 19600  CE_OI=521880 PE_OI=26780
pcr2 =  BSE:SENSEX26SEP75600CE   0.03   0.03 CALL added 141740   PUT added 3660  CE_OI=271580 PE_OI=8260
pcr3 =  BSE:SENSEX26SEP75500PE   0.09   0.03 CALL added 364340   PUT added 12180  CE_OI=670740 PE_OI=60540
pcr4 =  BSE:SENSEX26SEP75400CE   0.12   0.09 CALL added 156840   PUT added 13340  CE_OI=247080 PE_OI=29800
pcr5 =  BSE:SENSEX26SEP75300PE   0.13   0.13 CALL added 163880   PUT added 20600  CE_OI=267060 PE_OI=35260
pcr6 =  BSE:SENSEX26SEP75200CE   0.28    0.33 CALL added 208840   PUT added 69640  CE_OI=333520 PE_OI=93900
pcr7 =  BSE:SENSEX26SEP75100CE   0.27   0.31 CALL added 166100   PUT added 50860  CE_OI=381900 PE_OI=105000
pcr8 =  BSE:SENSEX26SEP75000PE   0.52   0.59 CALL added 542200   PUT added 319880  CE_OI=1043840 PE_OI=543600
pcr9 =  BSE:SENSEX26SEP74900CE   0.65   0.88 CALL added 367820   PUT added 323280  CE_OI=566000 PE_OI=370520
pcr10 =  BSE:SENSEX26SEP74800PE   1.06   1.15 CALL added 652580   PUT added 752160  CE_OI=802880 PE_OI=853360
pcr11 =  BSE:SENSEX26SEP74700CE   1.5   1.72 CALL added 628060   PUT added 1077180  CE_OI=847000 PE_OI=1272920
pcr12 =  BSE:SENSEX26SEP74600PE   2.62   5.84 CALL added 110000   PUT added 642360  CE_OI=429140 PE_OI=1125180
pcr13 =  BSE:SENSEX26SEP74500PE   1.91   -37.61 CALL unwind -15320   PUT added 576200  CE_OI=830740 PE_OI=1585200
pcr14 =  BSE:SENSEX26SEP74400CE   3.81   -11.37 CALL unwind -27080   PUT added 308000  CE_OI=202020 PE_OI=769400
pcr15 =  BSE:SENSEX26SEP74300PE   5.05   653.55 CALL added 440   PUT added 287560  CE_OI=119180 PE_OI=601340
pcr16 =  BSE:SENSEX26SEP74200PE   9.37   18.46 CALL added 11520   PUT added 212620  CE_OI=57660 PE_OI=540260
pcr17 =  BSE:SENSEX26SEP74100PE   11.96   46.49 CALL added 740   PUT added 34400  CE_OI=33820 PE_OI=404400
PCRSUM== 39.42
pcrSummation== 8.94
spotLTP =  74872.17  ATM_STRIKE =  74900
IS_ATM_STRIKE_SHIFT = True  mapStrike = {74900: 74900}
avgOiPcrList2 = [np.float64(2.32)] atmStrikeNotShiftedCount= 1
avgOiPcr9List2 = [np.float64(0.99)] atmStrikeNotShiftedCount= 1
True   1   1
SUPP_RES=== 75000  Buffer= 32
ANCHOR_COMPARE: spot=74872.17 fut=74827.1 basis(fut-spot)=-45.07 | SR_spot(PRIMARY)=75000 SR_future=75000 SR_diff(fut-spot)=0 | PCRwin_spot(PRIMARY)=74900 PCRwin_future=74800
CEoich val =  542200.0  PEoich val =  319880.0 , CE > PE by 41.0%
SUPP_RES TOTAL OI: CE= 1043840  PE= 543600 , CE > PE by 47.9%
INCR_CHOI: SUPP_RES=75000 role=RESISTANCE fresh_CE=-11320 fresh_PE=3740 -> PE_dominant by 133.0% (resistance CHALLENGED (bullish warning)) | cumulative CE=542200.0 PE=319880.0
==========================
FUT_SUPP_RES=== 75000  (FUT_LTP= 74827.1 ) Buffer= 32
FUT CEoich val =  542200.0  PEoich val =  319880.0 , CE > PE by 41.0%
FUT_SUPP_RES TOTAL OI: CE= 1043840  PE= 543600 , CE > PE by 47.9%
OI_SUPP_RES: spot=74872.17 ATM=74900 (win=±500 mode=CHOI) (ATM_CE_OI=566000 ATM_PE_OI=370520) | SUPPORT=74700PE CHOI=1077180 (dist=-200) | RESISTANCE=75000CE CHOI=542200 (dist=100)
OI_SUPPORT=== 74700
OI_SUPPORT CEoich val = 628060.0  PEoich val = 1077180.0 , CE < PE by 41.7%
OI_SUPPORT TOTAL OI: CE= 847000  PE= 1272920 , CE < PE by 33.5%
OI_RESISTANCE=== 75000
OI_RESISTANCE CEoich val = 542200.0  PEoich val = 319880.0 , CE > PE by 41.0%
OI_RESISTANCE TOTAL OI: CE= 1043840  PE= 543600 , CE > PE by 47.9%
IS_MORNING_WINDOW= False  (active 9:15-9:48 IST)
================================================
==== signal check time ==== 2026-09-21 13:21:00.597963
CHART_PATTERN_DETECTED: DOUBLE_BOTTOM_FORMING
  PATTERN_CONTEXT: Body= 34.2  Range= 43.1  ExpectedRange= 63.7  RangeRatio= 0.68  O= 74792.8  H= 74836.0  L= 74792.8  C= 74827.1
ATMStrike =  74900
AVG_OIPCR= 0.99
avgoiPCROld=  2.32
AVG_OIPCR_9STRIKE= 0.99  (pcr5..pcr13 = ATM +/-4, 9 strikes)
SUPP_RES = 75000
spotLTP = 74872.17
FUT LTP = 74827.1
CEchoi  PechOi = 542200.0    319880.0
====================================
atmPCR= 0.13  belowATM  0.28
CHOI_DOM_GATE: gate_on= True  bull_ok= False  bear_ok= False | isPE_DomSupp_once= False  fresh_PE= 3740 | isCE_DomRes_once= False  fresh_CE= -11320
India VIX = 11.33  Spot Price = 74870.77
IV Regime = NORMAL (ADAPTIVE: P25= 11.13  P50= 11.38  P75= 11.98 ) | DailyRange = 1211.8 | 3minCandleRange = 63.8 (theoretical= 106.3 ) | ATMoptionMove = 28.7 | SL = 100 | Target = 100 | TrailTrigger = 29 | Spread = 300 | Buffer = 32
IV Params refreshed: {'vix': 11.33, 'bn_price': 74870.77, 'regime': 'NORMAL', 'regime_thresholds': 'P25=11.13 P50=11.38 P75=11.98', 'daily_range': 1211.8, 'candle_range': 63.8, 'atm_option_move': 28.7, 'sl_point': 100, 'target_point': 100, 'sl_pct_of_premium': 0.1, 'trail_trigger': 29, 'spread_width': 300, 'support_resistance_buffer': 32}
===
====after 3 min ochain==== 2026-09-21 13:24:00.000002
                                    oipcr   choipcr   CE_OI / PE_OI (same strike)
pcr1 =  BSE:SENSEX26SEP75700PE   0.05   0.05 CALL added 400740   PUT added 19660  CE_OI=523620 PE_OI=26840
pcr2 =  BSE:SENSEX26SEP75600CE   0.03   0.03 CALL added 141660   PUT added 3720  CE_OI=271500 PE_OI=8320
pcr3 =  BSE:SENSEX26SEP75500PE   0.09   0.04 CALL added 366680   PUT added 13780  CE_OI=673080 PE_OI=62140
pcr4 =  BSE:SENSEX26SEP75400CE   0.13   0.1 CALL added 157180   PUT added 15140  CE_OI=247420 PE_OI=31600
pcr5 =  BSE:SENSEX26SEP75300PE   0.14   0.14 CALL added 156620   PUT added 22160  CE_OI=259800 PE_OI=36820
pcr6 =  BSE:SENSEX26SEP75200CE   0.28    0.33 CALL added 213660   PUT added 71000  CE_OI=338340 PE_OI=95260
pcr7 =  BSE:SENSEX26SEP75100CE   0.28   0.31 CALL added 177320   PUT added 55700  CE_OI=393120 PE_OI=109840
pcr8 =  BSE:SENSEX26SEP75000PE   0.53   0.6 CALL added 552560   PUT added 331680  CE_OI=1054200 PE_OI=555400
pcr9 =  BSE:SENSEX26SEP74900CE   0.66   0.89 CALL added 370340   PUT added 329120  CE_OI=568520 PE_OI=376360
pcr10 =  BSE:SENSEX26SEP74800PE   1.12   1.23 CALL added 635280   PUT added 780960  CE_OI=785580 PE_OI=882160
pcr11 =  BSE:SENSEX26SEP74700CE   1.56   1.8 CALL added 599180   PUT added 1078980  CE_OI=818120 PE_OI=1274720
pcr12 =  BSE:SENSEX26SEP74600PE   2.65   5.97 CALL added 108780   PUT added 649180  CE_OI=427920 PE_OI=1132000
pcr13 =  BSE:SENSEX26SEP74500PE   1.88   -35.36 CALL unwind -15660   PUT added 553700  CE_OI=830400 PE_OI=1562700
pcr14 =  BSE:SENSEX26SEP74400CE   3.82   -10.61 CALL unwind -28660   PUT added 304060  CE_OI=200440 PE_OI=765460
pcr15 =  BSE:SENSEX26SEP74300PE   5.04   200.4 CALL added 1460   PUT added 292580  CE_OI=120200 PE_OI=606360
pcr16 =  BSE:SENSEX26SEP74200PE   9.57   20.28 CALL added 10640   PUT added 215740  CE_OI=56780 PE_OI=543380
pcr17 =  BSE:SENSEX26SEP74100PE   12.02   74.5 CALL added 440   PUT added 32780  CE_OI=33520 PE_OI=402780
PCRSUM== 39.85
pcrSummation== 9.1
spotLTP =  74873.99  ATM_STRIKE =  74900
IS_ATM_STRIKE_SHIFT = False  mapStrike = {74900: 74900}
avgOiPcrList2 = [np.float64(2.32), np.float64(2.34)] atmStrikeNotShiftedCount= 2
avgOiPcr9List2 = [np.float64(0.99), np.float64(1.01)] atmStrikeNotShiftedCount= 2
False   2   2
SUPP_RES=== 75000  Buffer= 32
ANCHOR_COMPARE: spot=74873.99 fut=74841.0 basis(fut-spot)=-32.99 | SR_spot(PRIMARY)=75000 SR_future=75000 SR_diff(fut-spot)=0 | PCRwin_spot(PRIMARY)=74900 PCRwin_future=74800
CEoich val =  552560.0  PEoich val =  331680.0 , CE > PE by 40.0%
SUPP_RES TOTAL OI: CE= 1054200  PE= 555400 , CE > PE by 47.3%
INCR_CHOI: SUPP_RES=75000 role=RESISTANCE fresh_CE=10360 fresh_PE=11800 -> PE_dominant by 12.2% (resistance CHALLENGED (bullish warning)) | cumulative CE=552560.0 PE=331680.0
==========================
FUT_SUPP_RES=== 75000  (FUT_LTP= 74841.0 ) Buffer= 32
FUT CEoich val =  552560.0  PEoich val =  331680.0 , CE > PE by 40.0%
FUT_SUPP_RES TOTAL OI: CE= 1054200  PE= 555400 , CE > PE by 47.3%
OI_SUPP_RES: spot=74873.99 ATM=74900 (win=±500 mode=CHOI) (ATM_CE_OI=568520 ATM_PE_OI=376360) | SUPPORT=74700PE CHOI=1078980 (dist=-200) | RESISTANCE=75000CE CHOI=552560 (dist=100)
OI_SUPPORT=== 74700
OI_SUPPORT CEoich val = 599180.0  PEoich val = 1078980.0 , CE < PE by 44.5%
OI_SUPPORT TOTAL OI: CE= 818120  PE= 1274720 , CE < PE by 35.8%
OI_RESISTANCE=== 75000
OI_RESISTANCE CEoich val = 552560.0  PEoich val = 331680.0 , CE > PE by 40.0%
OI_RESISTANCE TOTAL OI: CE= 1054200  PE= 555400 , CE > PE by 47.3%
IS_MORNING_WINDOW= False  (active 9:15-9:48 IST)
================================================
==== signal check time ==== 2026-09-21 13:24:00.596088
CHART_PATTERN_DETECTED: THREE_WHITE_SOLDIERS | DOUBLE_TOP_FORMING | DOUBLE_BOTTOM_FORMING
  PATTERN_CONTEXT: Body= 13.9  Range= 13.9  ExpectedRange= 63.8  RangeRatio= 0.22  O= 74827.1  H= 74841.0  L= 74827.1  C= 74841.0
ATMStrike =  74900
AVG_OIPCR= 1.01
avgoiPCROld=  2.34
AVG_OIPCR_9STRIKE= 1.01  (pcr5..pcr13 = ATM +/-4, 9 strikes)
SUPP_RES = 75000
spotLTP = 74873.99
FUT LTP = 74841.0
CEchoi  PechOi = 552560.0    331680.0
====================================
atmPCR= 0.14  belowATM  0.28
CHOI_DOM_GATE: gate_on= True  bull_ok= False  bear_ok= False | isPE_DomSupp_once= False  fresh_PE= 11800 | isCE_DomRes_once= False  fresh_CE= 10360
India VIX = 11.31  Spot Price = 74877.27
IV Regime = NORMAL (ADAPTIVE: P25= 11.13  P50= 11.38  P75= 11.98 ) | DailyRange = 1209.8 | 3minCandleRange = 63.7 (theoretical= 106.1 ) | ATMoptionMove = 28.6 | SL = 100 | Target = 100 | TrailTrigger = 29 | Spread = 300 | Buffer = 32
IV Params refreshed: {'vix': 11.31, 'bn_price': 74877.27, 'regime': 'NORMAL', 'regime_thresholds': 'P25=11.13 P50=11.38 P75=11.98', 'daily_range': 1209.8, 'candle_range': 63.7, 'atm_option_move': 28.6, 'sl_point': 100, 'target_point': 100, 'sl_pct_of_premium': 0.1, 'trail_trigger': 29, 'spread_width': 300, 'support_resistance_buffer': 32}
===
====after 3 min ochain==== 2026-09-21 13:27:00.000003
                                    oipcr   choipcr   CE_OI / PE_OI (same strike)
pcr1 =  BSE:SENSEX26SEP75700PE   0.06   0.06 CALL added 400500   PUT added 24980  CE_OI=523380 PE_OI=32160
pcr2 =  BSE:SENSEX26SEP75600CE   0.03   0.03 CALL added 139360   PUT added 3620  CE_OI=269200 PE_OI=8220
pcr3 =  BSE:SENSEX26SEP75500PE   0.09   0.04 CALL added 364920   PUT added 14700  CE_OI=671320 PE_OI=63060
pcr4 =  BSE:SENSEX26SEP75400CE   0.13   0.1 CALL added 156000   PUT added 15240  CE_OI=246240 PE_OI=31700
pcr5 =  BSE:SENSEX26SEP75300PE   0.14   0.14 CALL added 161280   PUT added 23280  CE_OI=264460 PE_OI=37940
pcr6 =  BSE:SENSEX26SEP75200CE   0.3    0.36 CALL added 202220   PUT added 72840  CE_OI=326900 PE_OI=97100
pcr7 =  BSE:SENSEX26SEP75100CE   0.29   0.35 CALL added 169340   PUT added 58440  CE_OI=385140 PE_OI=112580
pcr8 =  BSE:SENSEX26SEP75000PE   0.55   0.65 CALL added 533700   PUT added 346940  CE_OI=1035340 PE_OI=570660
pcr9 =  BSE:SENSEX26SEP74900CE   0.71   0.97 CALL added 355500   PUT added 345000  CE_OI=553680 PE_OI=392240
pcr10 =  BSE:SENSEX26SEP74800PE   1.12   1.23 CALL added 650400   PUT added 796760  CE_OI=800700 PE_OI=897960
pcr11 =  BSE:SENSEX26SEP74700CE   1.65   1.95 CALL added 562180   PUT added 1094440  CE_OI=781120 PE_OI=1290180
pcr12 =  BSE:SENSEX26SEP74600PE   2.69   6.24 CALL added 105720   PUT added 659240  CE_OI=424860 PE_OI=1142060
pcr13 =  BSE:SENSEX26SEP74500PE   1.92   -30.47 CALL unwind -18960   PUT added 577640  CE_OI=827100 PE_OI=1586640
pcr14 =  BSE:SENSEX26SEP74400CE   3.82   -10.46 CALL unwind -28960   PUT added 303040  CE_OI=200140 PE_OI=764440
pcr15 =  BSE:SENSEX26SEP74300PE   5.1   191.78 CALL added 1560   PUT added 299180  CE_OI=120300 PE_OI=612960
pcr16 =  BSE:SENSEX26SEP74200PE   9.69   22.0 CALL added 9720   PUT added 213820  CE_OI=55860 PE_OI=541460
pcr17 =  BSE:SENSEX26SEP74100PE   12.06   75.0 CALL added 460   PUT added 34500  CE_OI=33540 PE_OI=404500
PCRSUM== 40.35
pcrSummation== 9.37
spotLTP =  74878.55  ATM_STRIKE =  74900
IS_ATM_STRIKE_SHIFT = False  mapStrike = {74900: 74900}
avgOiPcrList2 = [np.float64(2.32), np.float64(2.34), np.float64(2.37)] atmStrikeNotShiftedCount= 3
avgOiPcr9List2 = [np.float64(0.99), np.float64(1.01), np.float64(1.04)] atmStrikeNotShiftedCount= 3
False   3   3
SUPP_RES=== 75000  Buffer= 32
ANCHOR_COMPARE: spot=74878.55 fut=74841.0 basis(fut-spot)=-37.55 | SR_spot(PRIMARY)=75000 SR_future=75000 SR_diff(fut-spot)=0 | PCRwin_spot(PRIMARY)=74900 PCRwin_future=74800
CEoich val =  533700.0  PEoich val =  346940.0 , CE > PE by 35.0%
SUPP_RES TOTAL OI: CE= 1035340  PE= 570660 , CE > PE by 44.9%
INCR_CHOI: SUPP_RES=75000 role=RESISTANCE fresh_CE=-18860 fresh_PE=15260 -> PE_dominant by 180.9% (resistance CHALLENGED (bullish warning)) | cumulative CE=533700.0 PE=346940.0
==========================
FUT_SUPP_RES=== 75000  (FUT_LTP= 74841.0 ) Buffer= 32
FUT CEoich val =  533700.0  PEoich val =  346940.0 , CE > PE by 35.0%
FUT_SUPP_RES TOTAL OI: CE= 1035340  PE= 570660 , CE > PE by 44.9%
OI_SUPP_RES: spot=74878.55 ATM=74900 (win=±500 mode=CHOI) (ATM_CE_OI=553680 ATM_PE_OI=392240) | SUPPORT=74700PE CHOI=1094440 (dist=-200) | RESISTANCE=75000CE CHOI=533700 (dist=100)
OI_SUPPORT=== 74700
OI_SUPPORT CEoich val = 562180.0  PEoich val = 1094440.0 , CE < PE by 48.6%
OI_SUPPORT TOTAL OI: CE= 781120  PE= 1290180 , CE < PE by 39.5%
OI_RESISTANCE=== 75000
OI_RESISTANCE CEoich val = 533700.0  PEoich val = 346940.0 , CE > PE by 35.0%
OI_RESISTANCE TOTAL OI: CE= 1035340  PE= 570660 , CE > PE by 44.9%
IS_MORNING_WINDOW= False  (active 9:15-9:48 IST)
================================================
==== signal check time ==== 2026-09-21 13:27:00.603972
CHART_PATTERN_DETECTED: INSIDE_BAR | DOUBLE_TOP_FORMING
  PATTERN_CONTEXT: Body= 0.0  Range= 0.0  ExpectedRange= 63.7  RangeRatio= 0.0  O= 74841.0  H= 74841.0  L= 74841.0  C= 74841.0
isPcrInc9 = True
PCR9_SEQ_INC: 0.99 -> 1.01 -> 1.04 | pcr2 > pcr1 by +2.0% | pcr3 > pcr2 by +3.0%
isPcrInc = True
PCR_SEQ_INC: 2.32 -> 2.34 -> 2.37 | pcr2 > pcr1 by +0.9% | pcr3 > pcr2 by +1.3%
ATMStrike =  74900
AVG_OIPCR= 1.04
avgoiPCROld=  2.37
AVG_OIPCR_9STRIKE= 1.04  (pcr5..pcr13 = ATM +/-4, 9 strikes)
SUPP_RES = 75000
spotLTP = 74878.55
FUT LTP = 74841.0
CEchoi  PechOi = 533700.0    346940.0
====================================
atmPCR= 0.14  belowATM  0.3
CHOI_DOM_GATE: gate_on= True  bull_ok= False  bear_ok= False | isPE_DomSupp_once= False  fresh_PE= 15260 | isCE_DomRes_once= False  fresh_CE= -18860
no trade yet = [np.float64(2.32), np.float64(2.34), np.float64(2.37)]
India VIX = 11.31  Spot Price = 74883.69
IV Regime = NORMAL (ADAPTIVE: P25= 11.13  P50= 11.38  P75= 11.98 ) | DailyRange = 1209.9 | 3minCandleRange = 63.7 (theoretical= 106.1 ) | ATMoptionMove = 28.7 | SL = 100 | Target = 100 | TrailTrigger = 29 | Spread = 300 | Buffer = 32
IV Params refreshed: {'vix': 11.31, 'bn_price': 74883.69, 'regime': 'NORMAL', 'regime_thresholds': 'P25=11.13 P50=11.38 P75=11.98', 'daily_range': 1209.9, 'candle_range': 63.7, 'atm_option_move': 28.7, 'sl_point': 100, 'target_point': 100, 'sl_pct_of_premium': 0.1, 'trail_trigger': 29, 'spread_width': 300, 'support_resistance_buffer': 32}
===
====after 3 min ochain==== 2026-09-21 13:30:00.000002
                                    oipcr   choipcr   CE_OI / PE_OI (same strike)
pcr1 =  BSE:SENSEX26SEP75700PE   0.06   0.06 CALL added 398540   PUT added 24700  CE_OI=521420 PE_OI=31880
pcr2 =  BSE:SENSEX26SEP75600CE   0.03   0.03 CALL added 139280   PUT added 3920  CE_OI=269120 PE_OI=8520
pcr3 =  BSE:SENSEX26SEP75500PE   0.1   0.04 CALL added 369860   PUT added 16300  CE_OI=676260 PE_OI=64660
pcr4 =  BSE:SENSEX26SEP75400CE   0.13   0.1 CALL added 156160   PUT added 15860  CE_OI=246400 PE_OI=32320
pcr5 =  BSE:SENSEX26SEP75300PE   0.14   0.15 CALL added 160240   PUT added 23420  CE_OI=263420 PE_OI=38080
pcr6 =  BSE:SENSEX26SEP75200CE   0.31    0.38 CALL added 201880   PUT added 76360  CE_OI=326560 PE_OI=100620
pcr7 =  BSE:SENSEX26SEP75100CE   0.3   0.35 CALL added 166380   PUT added 58920  CE_OI=382180 PE_OI=113060
pcr8 =  BSE:SENSEX26SEP75000PE   0.57   0.69 CALL added 523140   PUT added 359700  CE_OI=1024780 PE_OI=583420
pcr9 =  BSE:SENSEX26SEP74900CE   0.74   1.02 CALL added 361460   PUT added 368420  CE_OI=559640 PE_OI=415660
pcr10 =  BSE:SENSEX26SEP74800PE   1.19   1.32 CALL added 640400   PUT added 842660  CE_OI=790700 PE_OI=943860
pcr11 =  BSE:SENSEX26SEP74700CE   1.7   2.01 CALL added 555780   PUT added 1118380  CE_OI=774720 PE_OI=1314120
pcr12 =  BSE:SENSEX26SEP74600PE   2.71   6.28 CALL added 106820   PUT added 671140  CE_OI=425960 PE_OI=1153960
pcr13 =  BSE:SENSEX26SEP74500PE   1.94   -27.42 CALL unwind -21400   PUT added 586760  CE_OI=824660 PE_OI=1595760
pcr14 =  BSE:SENSEX26SEP74400CE   3.86   -10.35 CALL unwind -29720   PUT added 307500  CE_OI=199380 PE_OI=768900
pcr15 =  BSE:SENSEX26SEP74300PE   5.15   329.07 CALL added 920   PUT added 302740  CE_OI=119660 PE_OI=616520
pcr16 =  BSE:SENSEX26SEP74200PE   9.89   24.35 CALL added 8880   PUT added 216240  CE_OI=55020 PE_OI=543880
pcr17 =  BSE:SENSEX26SEP74100PE   12.07   73.33 CALL added 480   PUT added 35200  CE_OI=33560 PE_OI=405200
PCRSUM== 40.89
pcrSummation== 9.6
spotLTP =  74883.69  ATM_STRIKE =  74900
IS_ATM_STRIKE_SHIFT = False  mapStrike = {74900: 74900}
avgOiPcrList2 = [np.float64(2.34), np.float64(2.37), np.float64(2.41)] atmStrikeNotShiftedCount= 4
avgOiPcr9List2 = [np.float64(1.01), np.float64(1.04), np.float64(1.07)] atmStrikeNotShiftedCount= 4
False   4   3
SUPP_RES=== 75000  Buffer= 32
ANCHOR_COMPARE: spot=74883.69 fut=74879.95 basis(fut-spot)=-3.74 | SR_spot(PRIMARY)=75000 SR_future=75000 SR_diff(fut-spot)=0 | PCRwin_spot(PRIMARY)=74900 PCRwin_future=74900
CEoich val =  523140.0  PEoich val =  359700.0 , CE > PE by 31.2%
SUPP_RES TOTAL OI: CE= 1024780  PE= 583420 , CE > PE by 43.1%
INCR_CHOI: SUPP_RES=75000 role=RESISTANCE fresh_CE=-10560 fresh_PE=12760 -> PE_dominant by 182.8% (resistance CHALLENGED (bullish warning)) | cumulative CE=523140.0 PE=359700.0
==========================
FUT_SUPP_RES=== 75000  (FUT_LTP= 74879.95 ) Buffer= 32
FUT CEoich val =  523140.0  PEoich val =  359700.0 , CE > PE by 31.2%
FUT_SUPP_RES TOTAL OI: CE= 1024780  PE= 583420 , CE > PE by 43.1%
OI_SUPP_RES: spot=74883.69 ATM=74900 (win=±500 mode=CHOI) (ATM_CE_OI=559640 ATM_PE_OI=415660) | SUPPORT=74700PE CHOI=1118380 (dist=-200) | RESISTANCE=75000CE CHOI=523140 (dist=100)
OI_SUPPORT=== 74700
OI_SUPPORT CEoich val = 555780.0  PEoich val = 1118380.0 , CE < PE by 50.3%
OI_SUPPORT TOTAL OI: CE= 774720  PE= 1314120 , CE < PE by 41.0%
OI_RESISTANCE=== 75000
OI_RESISTANCE CEoich val = 523140.0  PEoich val = 359700.0 , CE > PE by 31.2%
OI_RESISTANCE TOTAL OI: CE= 1024780  PE= 583420 , CE > PE by 43.1%
IS_MORNING_WINDOW= False  (active 9:15-9:48 IST)
================================================
==== signal check time ==== 2026-09-21 13:30:00.598947
CHART_PATTERN_DETECTED: OUTSIDE_BAR
  PATTERN_CONTEXT: Body= 41.9  Range= 41.9  ExpectedRange= 63.7  RangeRatio= 0.66  O= 74838.0  H= 74880.0  L= 74838.0  C= 74880.0
isPcrInc9 = True
PCR9_SEQ_INC: 1.01 -> 1.04 -> 1.07 | pcr2 > pcr1 by +3.0% | pcr3 > pcr2 by +2.9%
isPcrInc = True
PCR_SEQ_INC: 2.34 -> 2.37 -> 2.41 | pcr2 > pcr1 by +1.3% | pcr3 > pcr2 by +1.7%
ATMStrike =  74900
AVG_OIPCR= 1.07
avgoiPCROld=  2.41
AVG_OIPCR_9STRIKE= 1.07  (pcr5..pcr13 = ATM +/-4, 9 strikes)
SUPP_RES = 75000
spotLTP = 74883.69
FUT LTP = 74879.95
CEchoi  PechOi = 523140.0    359700.0
====================================
atmPCR= 0.14  belowATM  0.31
CHOI_DOM_GATE: gate_on= True  bull_ok= False  bear_ok= False | isPE_DomSupp_once= False  fresh_PE= 12760 | isCE_DomRes_once= False  fresh_CE= -10560
no trade yet = [np.float64(2.34), np.float64(2.37), np.float64(2.41)]
India VIX = 11.26  Spot Price = 74887.27
IV Regime = NORMAL (ADAPTIVE: P25= 11.13  P50= 11.38  P75= 11.98 ) | DailyRange = 1204.6 | 3minCandleRange = 63.4 (theoretical= 105.7 ) | ATMoptionMove = 28.5 | SL = 100 | Target = 100 | TrailTrigger = 29 | Spread = 300 | Buffer = 32
IV Params refreshed: {'vix': 11.26, 'bn_price': 74887.27, 'regime': 'NORMAL', 'regime_thresholds': 'P25=11.13 P50=11.38 P75=11.98', 'daily_range': 1204.6, 'candle_range': 63.4, 'atm_option_move': 28.5, 'sl_point': 100, 'target_point': 100, 'sl_pct_of_premium': 0.1, 'trail_trigger': 29, 'spread_width': 300, 'support_resistance_buffer': 32}
===
====after 3 min ochain==== 2026-09-21 13:33:00.000004
                                    oipcr   choipcr   CE_OI / PE_OI (same strike)
pcr1 =  BSE:SENSEX26SEP75700PE   0.06   0.06 CALL added 401540   PUT added 24480  CE_OI=524420 PE_OI=31660
pcr2 =  BSE:SENSEX26SEP75600CE   0.03   0.03 CALL added 137980   PUT added 4100  CE_OI=267820 PE_OI=8700
pcr3 =  BSE:SENSEX26SEP75500PE   0.1   0.05 CALL added 375840   PUT added 17300  CE_OI=682240 PE_OI=65660
pcr4 =  BSE:SENSEX26SEP75400CE   0.13   0.1 CALL added 164120   PUT added 16380  CE_OI=254360 PE_OI=32840
pcr5 =  BSE:SENSEX26SEP75300PE   0.15   0.16 CALL added 149780   PUT added 23560  CE_OI=252960 PE_OI=38220
pcr6 =  BSE:SENSEX26SEP75200CE   0.34    0.43 CALL added 194960   PUT added 82960  CE_OI=319640 PE_OI=107220
pcr7 =  BSE:SENSEX26SEP75100CE   0.31   0.4 CALL added 156940   PUT added 62240  CE_OI=372740 PE_OI=116380
pcr8 =  BSE:SENSEX26SEP75000PE   0.58   0.7 CALL added 538860   PUT added 379800  CE_OI=1040500 PE_OI=603520
pcr9 =  BSE:SENSEX26SEP74900CE   0.84   1.17 CALL added 352560   PUT added 412840  CE_OI=550740 PE_OI=460080
pcr10 =  BSE:SENSEX26SEP74800PE   1.23   1.36 CALL added 643060   PUT added 877180  CE_OI=793360 PE_OI=978380
pcr11 =  BSE:SENSEX26SEP74700CE   1.75   2.1 CALL added 541820   PUT added 1136180  CE_OI=760760 PE_OI=1331920
pcr12 =  BSE:SENSEX26SEP74600PE   2.76   6.7 CALL added 101380   PUT added 678860  CE_OI=420520 PE_OI=1161680
pcr13 =  BSE:SENSEX26SEP74500PE   1.99   -25.44 CALL unwind -24720   PUT added 628960  CE_OI=821340 PE_OI=1637960
pcr14 =  BSE:SENSEX26SEP74400CE   3.92   -9.8 CALL unwind -31760   PUT added 311340  CE_OI=197340 PE_OI=772740
pcr15 =  BSE:SENSEX26SEP74300PE   5.2   1019.33 CALL added 300   PUT added 305800  CE_OI=119040 PE_OI=619580
pcr16 =  BSE:SENSEX26SEP74200PE   9.99   25.55 CALL added 8580   PUT added 219200  CE_OI=54720 PE_OI=546840
pcr17 =  BSE:SENSEX26SEP74100PE   12.27   97.57 CALL added 420   PUT added 40980  CE_OI=33500 PE_OI=410980
PCRSUM== 41.65
pcrSummation== 9.95
spotLTP =  74887.27  ATM_STRIKE =  74900
IS_ATM_STRIKE_SHIFT = False  mapStrike = {74900: 74900}
avgOiPcrList2 = [np.float64(2.37), np.float64(2.41), np.float64(2.45)] atmStrikeNotShiftedCount= 5
avgOiPcr9List2 = [np.float64(1.04), np.float64(1.07), np.float64(1.11)] atmStrikeNotShiftedCount= 5
False   5   3
SUPP_RES=== 75000  Buffer= 32
ANCHOR_COMPARE: spot=74887.27 fut=74879.95 basis(fut-spot)=-7.32 | SR_spot(PRIMARY)=75000 SR_future=75000 SR_diff(fut-spot)=0 | PCRwin_spot(PRIMARY)=74900 PCRwin_future=74900
CEoich val =  538860.0  PEoich val =  379800.0 , CE > PE by 29.5%
SUPP_RES TOTAL OI: CE= 1040500  PE= 603520 , CE > PE by 42.0%
INCR_CHOI: SUPP_RES=75000 role=RESISTANCE fresh_CE=15720 fresh_PE=20100 -> PE_dominant by 21.8% (resistance CHALLENGED (bullish warning)) | cumulative CE=538860.0 PE=379800.0
==========================
FUT_SUPP_RES=== 75000  (FUT_LTP= 74879.95 ) Buffer= 32
FUT CEoich val =  538860.0  PEoich val =  379800.0 , CE > PE by 29.5%
FUT_SUPP_RES TOTAL OI: CE= 1040500  PE= 603520 , CE > PE by 42.0%
OI_SUPP_RES: spot=74887.27 ATM=74900 (win=±500 mode=CHOI) (ATM_CE_OI=550740 ATM_PE_OI=460080) | SUPPORT=74700PE CHOI=1136180 (dist=-200) | RESISTANCE=75000CE CHOI=538860 (dist=100)
OI_SUPPORT=== 74700
OI_SUPPORT CEoich val = 541820.0  PEoich val = 1136180.0 , CE < PE by 52.3%
OI_SUPPORT TOTAL OI: CE= 760760  PE= 1331920 , CE < PE by 42.9%
OI_RESISTANCE=== 75000
OI_RESISTANCE CEoich val = 538860.0  PEoich val = 379800.0 , CE > PE by 29.5%
OI_RESISTANCE TOTAL OI: CE= 1040500  PE= 603520 , CE > PE by 42.0%
IS_MORNING_WINDOW= False  (active 9:15-9:48 IST)
================================================
==== signal check time ==== 2026-09-21 13:33:00.583009
CHART_PATTERN_DETECTED: INSIDE_BAR | DOUBLE_TOP_FORMING | DOUBLE_BOTTOM_FORMING
  PATTERN_CONTEXT: Body= 0.0  Range= 0.0  ExpectedRange= 63.4  RangeRatio= 0.0  O= 74880.0  H= 74880.0  L= 74880.0  C= 74880.0
isPcrInc9 = True
PCR9_SEQ_INC: 1.04 -> 1.07 -> 1.11 | pcr2 > pcr1 by +2.9% | pcr3 > pcr2 by +3.7%
isPcrInc = True
PCR_SEQ_INC: 2.37 -> 2.41 -> 2.45 | pcr2 > pcr1 by +1.7% | pcr3 > pcr2 by +1.7%
ATMStrike =  74900
AVG_OIPCR= 1.11
avgoiPCROld=  2.45
AVG_OIPCR_9STRIKE= 1.11  (pcr5..pcr13 = ATM +/-4, 9 strikes)
SUPP_RES = 75000
spotLTP = 74887.27
FUT LTP = 74879.95
CEchoi  PechOi = 538860.0    379800.0
====================================
atmPCR= 0.15  belowATM  0.34
CHOI_DOM_GATE: gate_on= True  bull_ok= False  bear_ok= False | isPE_DomSupp_once= False  fresh_PE= 20100 | isCE_DomRes_once= False  fresh_CE= 15720
no trade yet = [np.float64(2.37), np.float64(2.41), np.float64(2.45)]
India VIX = 11.26  Spot Price = 74902.35
IV Regime = NORMAL (ADAPTIVE: P25= 11.13  P50= 11.38  P75= 11.98 ) | DailyRange = 1204.9 | 3minCandleRange = 63.4 (theoretical= 105.7 ) | ATMoptionMove = 28.5 | SL = 100 | Target = 100 | TrailTrigger = 29 | Spread = 300 | Buffer = 32
IV Params refreshed: {'vix': 11.26, 'bn_price': 74902.35, 'regime': 'NORMAL', 'regime_thresholds': 'P25=11.13 P50=11.38 P75=11.98', 'daily_range': 1204.9, 'candle_range': 63.4, 'atm_option_move': 28.5, 'sl_point': 100, 'target_point': 100, 'sl_pct_of_premium': 0.1, 'trail_trigger': 29, 'spread_width': 300, 'support_resistance_buffer': 32}
===
====after 3 min ochain==== 2026-09-21 13:36:00.000001
                                    oipcr   choipcr   CE_OI / PE_OI (same strike)
pcr1 =  BSE:SENSEX26SEP75700PE   0.06   0.06 CALL added 396520   PUT added 24560  CE_OI=519400 PE_OI=31740
pcr2 =  BSE:SENSEX26SEP75600CE   0.03   0.03 CALL added 140300   PUT added 4080  CE_OI=270140 PE_OI=8680
pcr3 =  BSE:SENSEX26SEP75500PE   0.1   0.05 CALL added 373420   PUT added 17480  CE_OI=679820 PE_OI=65840
pcr4 =  BSE:SENSEX26SEP75400CE   0.14   0.11 CALL added 161260   PUT added 17940  CE_OI=251500 PE_OI=34400
pcr5 =  BSE:SENSEX26SEP75300PE   0.16   0.17 CALL added 151380   PUT added 25660  CE_OI=254560 PE_OI=40320
pcr6 =  BSE:SENSEX26SEP75200CE   0.35    0.45 CALL added 200080   PUT added 90820  CE_OI=324760 PE_OI=115080
pcr7 =  BSE:SENSEX26SEP75100CE   0.33   0.44 CALL added 148840   PUT added 65720  CE_OI=364640 PE_OI=119860
pcr8 =  BSE:SENSEX26SEP75000PE   0.59   0.74 CALL added 521180   PUT added 384300  CE_OI=1022820 PE_OI=608020
pcr9 =  BSE:SENSEX26SEP74900CE   0.83   1.16 CALL added 362820   PUT added 420220  CE_OI=561000 PE_OI=467460
pcr10 =  BSE:SENSEX26SEP74800PE   1.29   1.45 CALL added 599900   PUT added 868800  CE_OI=750200 PE_OI=970000
pcr11 =  BSE:SENSEX26SEP74700CE   1.76   2.12 CALL added 534840   PUT added 1134160  CE_OI=753780 PE_OI=1329900
pcr12 =  BSE:SENSEX26SEP74600PE   2.79   7.01 CALL added 96460   PUT added 676580  CE_OI=415600 PE_OI=1159400
pcr13 =  BSE:SENSEX26SEP74500PE   2.08   -19.31 CALL unwind -35000   PUT added 675780  CE_OI=811060 PE_OI=1684780
pcr14 =  BSE:SENSEX26SEP74400CE   3.72   -7.97 CALL unwind -33380   PUT added 266120  CE_OI=195720 PE_OI=727520
pcr15 =  BSE:SENSEX26SEP74300PE   5.17   -1662.67 CALL unwind -180   PUT added 299280  CE_OI=118560 PE_OI=613060
pcr16 =  BSE:SENSEX26SEP74200PE   10.29   30.9 CALL added 7140   PUT added 220660  CE_OI=53280 PE_OI=548300
pcr17 =  BSE:SENSEX26SEP74100PE   12.41   301.57 CALL added 140   PUT added 42220  CE_OI=33220 PE_OI=412220
PCRSUM== 42.1
pcrSummation== 10.18
spotLTP =  74902.35  ATM_STRIKE =  74900
IS_ATM_STRIKE_SHIFT = False  mapStrike = {74900: 74900}
avgOiPcrList2 = [np.float64(2.41), np.float64(2.45), np.float64(2.48)] atmStrikeNotShiftedCount= 6
avgOiPcr9List2 = [np.float64(1.07), np.float64(1.11), np.float64(1.13)] atmStrikeNotShiftedCount= 6
False   6   3
SUPP_RES=== 75000  Buffer= 32
ANCHOR_COMPARE: spot=74902.35 fut=74858.95 basis(fut-spot)=-43.4 | SR_spot(PRIMARY)=75000 SR_future=75000 SR_diff(fut-spot)=0 | PCRwin_spot(PRIMARY)=74900 PCRwin_future=74900
CEoich val =  521180.0  PEoich val =  384300.0 , CE > PE by 26.3%
SUPP_RES TOTAL OI: CE= 1022820  PE= 608020 , CE > PE by 40.6%
INCR_CHOI: SUPP_RES=75000 role=RESISTANCE fresh_CE=-17680 fresh_PE=4500 -> PE_dominant by 125.5% (resistance CHALLENGED (bullish warning)) | cumulative CE=521180.0 PE=384300.0
==========================
FUT_SUPP_RES=== 75000  (FUT_LTP= 74858.95 ) Buffer= 32
FUT CEoich val =  521180.0  PEoich val =  384300.0 , CE > PE by 26.3%
FUT_SUPP_RES TOTAL OI: CE= 1022820  PE= 608020 , CE > PE by 40.6%
OI_SUPP_RES: spot=74902.35 ATM=74900 (win=±500 mode=CHOI) (ATM_CE_OI=561000 ATM_PE_OI=467460) | SUPPORT=74700PE CHOI=1134160 (dist=-200) | RESISTANCE=75000CE CHOI=521180 (dist=100)
OI_SUPPORT=== 74700
OI_SUPPORT CEoich val = 534840.0  PEoich val = 1134160.0 , CE < PE by 52.8%
OI_SUPPORT TOTAL OI: CE= 753780  PE= 1329900 , CE < PE by 43.3%
OI_RESISTANCE=== 75000
OI_RESISTANCE CEoich val = 521180.0  PEoich val = 384300.0 , CE > PE by 26.3%
OI_RESISTANCE TOTAL OI: CE= 1022820  PE= 608020 , CE > PE by 40.6%
IS_MORNING_WINDOW= False  (active 9:15-9:48 IST)
================================================
==== signal check time ==== 2026-09-21 13:36:00.621909
CHART_PATTERN_DETECTED: DOUBLE_BOTTOM_FORMING
  PATTERN_CONTEXT: Body= 8.9  Range= 8.9  ExpectedRange= 63.4  RangeRatio= 0.14  O= 74850.0  H= 74859.0  L= 74850.0  C= 74859.0
isPcrInc9 = True
PCR9_SEQ_INC: 1.07 -> 1.11 -> 1.13 | pcr2 > pcr1 by +3.7% | pcr3 > pcr2 by +1.8%
isPcrInc = True
PCR_SEQ_INC: 2.41 -> 2.45 -> 2.48 | pcr2 > pcr1 by +1.7% | pcr3 > pcr2 by +1.2%
ATMStrike =  74900
AVG_OIPCR= 1.13
avgoiPCROld=  2.48
AVG_OIPCR_9STRIKE= 1.13  (pcr5..pcr13 = ATM +/-4, 9 strikes)
SUPP_RES = 75000
spotLTP = 74902.35
FUT LTP = 74858.95
CEchoi  PechOi = 521180.0    384300.0
====================================
atmPCR= 0.16  belowATM  0.35
CHOI_DOM_GATE: gate_on= True  bull_ok= False  bear_ok= False | isPE_DomSupp_once= False  fresh_PE= 4500 | isCE_DomRes_once= False  fresh_CE= -17680
no trade yet = [np.float64(2.41), np.float64(2.45), np.float64(2.48)]
India VIX = 11.27  Spot Price = 74892.66
IV Regime = NORMAL (ADAPTIVE: P25= 11.13  P50= 11.38  P75= 11.98 ) | DailyRange = 1205.8 | 3minCandleRange = 63.5 (theoretical= 105.8 ) | ATMoptionMove = 28.6 | SL = 100 | Target = 100 | TrailTrigger = 29 | Spread = 300 | Buffer = 32
IV Params refreshed: {'vix': 11.27, 'bn_price': 74892.66, 'regime': 'NORMAL', 'regime_thresholds': 'P25=11.13 P50=11.38 P75=11.98', 'daily_range': 1205.8, 'candle_range': 63.5, 'atm_option_move': 28.6, 'sl_point': 100, 'target_point': 100, 'sl_pct_of_premium': 0.1, 'trail_trigger': 29, 'spread_width': 300, 'support_resistance_buffer': 32}
===
====after 3 min ochain==== 2026-09-21 13:39:00.000004
                                    oipcr   choipcr   CE_OI / PE_OI (same strike)
pcr1 =  BSE:SENSEX26SEP75700PE   0.06   0.06 CALL added 396680   PUT added 24060  CE_OI=519560 PE_OI=31240
pcr2 =  BSE:SENSEX26SEP75600CE   0.03   0.03 CALL added 142600   PUT added 4300  CE_OI=272440 PE_OI=8900
pcr3 =  BSE:SENSEX26SEP75500PE   0.1   0.05 CALL added 382080   PUT added 18320  CE_OI=688480 PE_OI=66680
pcr4 =  BSE:SENSEX26SEP75400CE   0.14   0.11 CALL added 159340   PUT added 17720  CE_OI=249580 PE_OI=34180
pcr5 =  BSE:SENSEX26SEP75300PE   0.15   0.16 CALL added 165000   PUT added 25600  CE_OI=268180 PE_OI=40260
pcr6 =  BSE:SENSEX26SEP75200CE   0.35    0.45 CALL added 202380   PUT added 90900  CE_OI=327060 PE_OI=115160
pcr7 =  BSE:SENSEX26SEP75100CE   0.33   0.44 CALL added 156560   PUT added 69280  CE_OI=372360 PE_OI=123420
pcr8 =  BSE:SENSEX26SEP75000PE   0.6   0.76 CALL added 523460   PUT added 395740  CE_OI=1025100 PE_OI=619460
pcr9 =  BSE:SENSEX26SEP74900CE   0.88   1.25 CALL added 350880   PUT added 437540  CE_OI=549060 PE_OI=484780
pcr10 =  BSE:SENSEX26SEP74800PE   1.3   1.46 CALL added 597000   PUT added 872740  CE_OI=747300 PE_OI=973940
pcr11 =  BSE:SENSEX26SEP74700CE   1.79   2.17 CALL added 524440   PUT added 1135700  CE_OI=743380 PE_OI=1331440
pcr12 =  BSE:SENSEX26SEP74600PE   2.8   7.05 CALL added 96300   PUT added 678880  CE_OI=415440 PE_OI=1161700
pcr13 =  BSE:SENSEX26SEP74500PE   2.1   -16.13 CALL unwind -42220   PUT added 681000  CE_OI=803840 PE_OI=1690000
pcr14 =  BSE:SENSEX26SEP74400CE   3.73   -7.78 CALL unwind -34220   PUT added 266240  CE_OI=194880 PE_OI=727640
pcr15 =  BSE:SENSEX26SEP74300PE   5.14   1353.55 CALL added 220   PUT added 297780  CE_OI=118960 PE_OI=611560
pcr16 =  BSE:SENSEX26SEP74200PE   10.18   30.04 CALL added 7160   PUT added 215060  CE_OI=53300 PE_OI=542700
pcr17 =  BSE:SENSEX26SEP74100PE   12.22   78.08 CALL added 520   PUT added 40600  CE_OI=33600 PE_OI=410600
PCRSUM== 41.9
pcrSummation== 10.3
spotLTP =  74892.66  ATM_STRIKE =  74900
IS_ATM_STRIKE_SHIFT = False  mapStrike = {74900: 74900}
avgOiPcrList2 = [np.float64(2.45), np.float64(2.48), np.float64(2.46)] atmStrikeNotShiftedCount= 7
avgOiPcr9List2 = [np.float64(1.11), np.float64(1.13), np.float64(1.14)] atmStrikeNotShiftedCount= 7
False   7   3
SUPP_RES=== 75000  Buffer= 32
ANCHOR_COMPARE: spot=74892.66 fut=74849.4 basis(fut-spot)=-43.26 | SR_spot(PRIMARY)=75000 SR_future=75000 SR_diff(fut-spot)=0 | PCRwin_spot(PRIMARY)=74900 PCRwin_future=74800
CEoich val =  523460.0  PEoich val =  395740.0 , CE > PE by 24.4%
SUPP_RES TOTAL OI: CE= 1025100  PE= 619460 , CE > PE by 39.6%
INCR_CHOI: SUPP_RES=75000 role=RESISTANCE fresh_CE=2280 fresh_PE=11440 -> PE_dominant by 80.1% (resistance CHALLENGED (bullish warning)) | cumulative CE=523460.0 PE=395740.0
==========================
FUT_SUPP_RES=== 75000  (FUT_LTP= 74849.4 ) Buffer= 32
FUT CEoich val =  523460.0  PEoich val =  395740.0 , CE > PE by 24.4%
FUT_SUPP_RES TOTAL OI: CE= 1025100  PE= 619460 , CE > PE by 39.6%
OI_SUPP_RES: spot=74892.66 ATM=74900 (win=±500 mode=CHOI) (ATM_CE_OI=549060 ATM_PE_OI=484780) | SUPPORT=74700PE CHOI=1135700 (dist=-200) | RESISTANCE=75000CE CHOI=523460 (dist=100)
OI_SUPPORT=== 74700
OI_SUPPORT CEoich val = 524440.0  PEoich val = 1135700.0 , CE < PE by 53.8%
OI_SUPPORT TOTAL OI: CE= 743380  PE= 1331440 , CE < PE by 44.2%
OI_RESISTANCE=== 75000
OI_RESISTANCE CEoich val = 523460.0  PEoich val = 395740.0 , CE > PE by 24.4%
OI_RESISTANCE TOTAL OI: CE= 1025100  PE= 619460 , CE > PE by 39.6%
IS_MORNING_WINDOW= False  (active 9:15-9:48 IST)
================================================
==== signal check time ==== 2026-09-21 13:39:00.586880
CHART_PATTERN_DETECTED: BEARISH_ENGULFING | OUTSIDE_BAR | DOUBLE_TOP_FORMING | DOUBLE_BOTTOM_FORMING
  PATTERN_CONTEXT: Body= -15.6  Range= 15.6  ExpectedRange= 63.5  RangeRatio= 0.25  O= 74865.0  H= 74865.0  L= 74849.4  C= 74849.4
isPcrInc9 = True
PCR9_SEQ_INC: 1.11 -> 1.13 -> 1.14 | pcr2 > pcr1 by +1.8% | pcr3 > pcr2 by +0.9%
recent two = [np.float64(2.48), np.float64(2.46)]
ATMStrike =  74900
AVG_OIPCR= 1.14
avgoiPCROld=  2.46
AVG_OIPCR_9STRIKE= 1.14  (pcr5..pcr13 = ATM +/-4, 9 strikes)
SUPP_RES = 75000
spotLTP = 74892.66
FUT LTP = 74849.4
CEchoi  PechOi = 523460.0    395740.0
====================================
atmPCR= 0.15  belowATM  0.35
CHOI_DOM_GATE: gate_on= True  bull_ok= False  bear_ok= False | isPE_DomSupp_once= False  fresh_PE= 11440 | isCE_DomRes_once= False  fresh_CE= 2280
India VIX = 11.27  Spot Price = 74887.78
IV Regime = NORMAL (ADAPTIVE: P25= 11.13  P50= 11.38  P75= 11.98 ) | DailyRange = 1205.7 | 3minCandleRange = 63.4 (theoretical= 105.7 ) | ATMoptionMove = 28.6 | SL = 100 | Target = 100 | TrailTrigger = 29 | Spread = 300 | Buffer = 32
IV Params refreshed: {'vix': 11.27, 'bn_price': 74887.78, 'regime': 'NORMAL', 'regime_thresholds': 'P25=11.13 P50=11.38 P75=11.98', 'daily_range': 1205.7, 'candle_range': 63.4, 'atm_option_move': 28.6, 'sl_point': 100, 'target_point': 100, 'sl_pct_of_premium': 0.1, 'trail_trigger': 29, 'spread_width': 300, 'support_resistance_buffer': 32}
===
====after 3 min ochain==== 2026-09-21 13:42:00.000001
                                    oipcr   choipcr   CE_OI / PE_OI (same strike)
pcr1 =  BSE:SENSEX26SEP75700PE   0.06   0.06 CALL added 396420   PUT added 23960  CE_OI=519300 PE_OI=31140
pcr2 =  BSE:SENSEX26SEP75600CE   0.03   0.03 CALL added 138260   PUT added 4360  CE_OI=268100 PE_OI=8960
pcr3 =  BSE:SENSEX26SEP75500PE   0.1   0.05 CALL added 382400   PUT added 18080  CE_OI=688800 PE_OI=66440
pcr4 =  BSE:SENSEX26SEP75400CE   0.13   0.11 CALL added 158480   PUT added 16680  CE_OI=248720 PE_OI=33140
pcr5 =  BSE:SENSEX26SEP75300PE   0.15   0.15 CALL added 166140   PUT added 25000  CE_OI=269320 PE_OI=39660
pcr6 =  BSE:SENSEX26SEP75200CE   0.35    0.44 CALL added 204740   PUT added 90240  CE_OI=329420 PE_OI=114500
pcr7 =  BSE:SENSEX26SEP75100CE   0.33   0.44 CALL added 156840   PUT added 69080  CE_OI=372640 PE_OI=123220
pcr8 =  BSE:SENSEX26SEP75000PE   0.59   0.73 CALL added 542840   PUT added 396000  CE_OI=1044480 PE_OI=619720
pcr9 =  BSE:SENSEX26SEP74900CE   0.87   1.22 CALL added 360480   PUT added 440600  CE_OI=558660 PE_OI=487840
pcr10 =  BSE:SENSEX26SEP74800PE   1.3   1.46 CALL added 591300   PUT added 866060  CE_OI=741600 PE_OI=967260
pcr11 =  BSE:SENSEX26SEP74700CE   1.8   2.18 CALL added 520140   PUT added 1134720  CE_OI=739080 PE_OI=1330460
pcr12 =  BSE:SENSEX26SEP74600PE   2.8   7.13 CALL added 95240   PUT added 679020  CE_OI=414380 PE_OI=1161840
pcr13 =  BSE:SENSEX26SEP74500PE   2.11   -12.65 CALL unwind -52520   PUT added 664440  CE_OI=793540 PE_OI=1673440
pcr14 =  BSE:SENSEX26SEP74400CE   3.81   -6.91 CALL unwind -38420   PUT added 265460  CE_OI=190680 PE_OI=726860
pcr15 =  BSE:SENSEX26SEP74300PE   5.13   4927.67 CALL added 60   PUT added 295660  CE_OI=118800 PE_OI=609440
pcr16 =  BSE:SENSEX26SEP74200PE   10.07   29.62 CALL added 7020   PUT added 207900  CE_OI=53160 PE_OI=535540
pcr17 =  BSE:SENSEX26SEP74100PE   12.21   68.83 CALL added 600   PUT added 41300  CE_OI=33680 PE_OI=411300
PCRSUM== 41.84
pcrSummation== 10.3
spotLTP =  74887.78  ATM_STRIKE =  74900
IS_ATM_STRIKE_SHIFT = False  mapStrike = {74900: 74900}
avgOiPcrList2 = [np.float64(2.48), np.float64(2.46), np.float64(2.46)] atmStrikeNotShiftedCount= 8
avgOiPcr9List2 = [np.float64(1.13), np.float64(1.14), np.float64(1.14)] atmStrikeNotShiftedCount= 8
False   8   3
SUPP_RES=== 75000  Buffer= 32
ANCHOR_COMPARE: spot=74887.78 fut=74875.0 basis(fut-spot)=-12.78 | SR_spot(PRIMARY)=75000 SR_future=75000 SR_diff(fut-spot)=0 | PCRwin_spot(PRIMARY)=74900 PCRwin_future=74900
CEoich val =  542840.0  PEoich val =  396000.0 , CE > PE by 27.1%
SUPP_RES TOTAL OI: CE= 1044480  PE= 619720 , CE > PE by 40.7%
INCR_CHOI: SUPP_RES=75000 role=RESISTANCE fresh_CE=19380 fresh_PE=260 -> CE_dominant by 98.7% (resistance HOLDING (bearish)) | cumulative CE=542840.0 PE=396000.0
==========================
FUT_SUPP_RES=== 75000  (FUT_LTP= 74875.0 ) Buffer= 32
FUT CEoich val =  542840.0  PEoich val =  396000.0 , CE > PE by 27.1%
FUT_SUPP_RES TOTAL OI: CE= 1044480  PE= 619720 , CE > PE by 40.7%
OI_SUPP_RES: spot=74887.78 ATM=74900 (win=±500 mode=CHOI) (ATM_CE_OI=558660 ATM_PE_OI=487840) | SUPPORT=74700PE CHOI=1134720 (dist=-200) | RESISTANCE=75000CE CHOI=542840 (dist=100)
OI_SUPPORT=== 74700
OI_SUPPORT CEoich val = 520140.0  PEoich val = 1134720.0 , CE < PE by 54.2%
OI_SUPPORT TOTAL OI: CE= 739080  PE= 1330460 , CE < PE by 44.4%
OI_RESISTANCE=== 75000
OI_RESISTANCE CEoich val = 542840.0  PEoich val = 396000.0 , CE > PE by 27.1%
OI_RESISTANCE TOTAL OI: CE= 1044480  PE= 619720 , CE > PE by 40.7%
IS_MORNING_WINDOW= False  (active 9:15-9:48 IST)
================================================
==== signal check time ==== 2026-09-21 13:42:00.612903
CHART_PATTERN_DETECTED: BULLISH_ENGULFING | DOUBLE_TOP_FORMING | DOUBLE_BOTTOM_FORMING
  PATTERN_CONTEXT: Body= 25.6  Range= 25.6  ExpectedRange= 63.4  RangeRatio= 0.4  O= 74849.4  H= 74875.0  L= 74849.4  C= 74875.0
PCR9_SEQ_FLAT: 1.13 -> 1.14 -> 1.14 (not monotonic)
neither = [np.float64(2.46)]
isCE_DominantAtRes_once = True  isCE_DominantAtRes_twice = False  isCE_DominantAtRes_trice = False (CE_res_streak= 1 )
ATMStrike =  74900
AVG_OIPCR= 1.14
avgoiPCROld=  2.46
AVG_OIPCR_9STRIKE= 1.14  (pcr5..pcr13 = ATM +/-4, 9 strikes)
SUPP_RES = 75000
spotLTP = 74887.78
FUT LTP = 74875.0
CEchoi  PechOi = 542840.0    396000.0
====================================
atmPCR= 0.15  belowATM  0.35
CHOI_DOM_GATE: gate_on= True  bull_ok= False  bear_ok= True | isPE_DomSupp_once= False  fresh_PE= 260 | isCE_DomRes_once= True  fresh_CE= 19380
India VIX = 11.27  Spot Price = 74882.14
IV Regime = NORMAL (ADAPTIVE: P25= 11.13  P50= 11.38  P75= 11.98 ) | DailyRange = 1205.6 | 3minCandleRange = 63.4 (theoretical= 105.7 ) | ATMoptionMove = 28.5 | SL = 100 | Target = 100 | TrailTrigger = 29 | Spread = 300 | Buffer = 32
IV Params refreshed: {'vix': 11.27, 'bn_price': 74882.14, 'regime': 'NORMAL', 'regime_thresholds': 'P25=11.13 P50=11.38 P75=11.98', 'daily_range': 1205.6, 'candle_range': 63.4, 'atm_option_move': 28.5, 'sl_point': 100, 'target_point': 100, 'sl_pct_of_premium': 0.1, 'trail_trigger': 29, 'spread_width': 300, 'support_resistance_buffer': 32}
===
====after 3 min ochain==== 2026-09-21 13:45:00.000002
                                    oipcr   choipcr   CE_OI / PE_OI (same strike)
pcr1 =  BSE:SENSEX26SEP75700PE   0.06   0.06 CALL added 398060   PUT added 23800  CE_OI=520940 PE_OI=30980
pcr2 =  BSE:SENSEX26SEP75600CE   0.03   0.03 CALL added 138320   PUT added 4380  CE_OI=268160 PE_OI=8980
pcr3 =  BSE:SENSEX26SEP75500PE   0.1   0.05 CALL added 377920   PUT added 18040  CE_OI=684320 PE_OI=66400
pcr4 =  BSE:SENSEX26SEP75400CE   0.14   0.11 CALL added 155360   PUT added 17080  CE_OI=245600 PE_OI=33540
pcr5 =  BSE:SENSEX26SEP75300PE   0.15   0.15 CALL added 168940   PUT added 25320  CE_OI=272120 PE_OI=39980
pcr6 =  BSE:SENSEX26SEP75200CE   0.34    0.42 CALL added 208160   PUT added 87980  CE_OI=332840 PE_OI=112240
pcr7 =  BSE:SENSEX26SEP75100CE   0.34   0.46 CALL added 153780   PUT added 70420  CE_OI=369580 PE_OI=124560
pcr8 =  BSE:SENSEX26SEP75000PE   0.6   0.75 CALL added 542500   PUT added 406140  CE_OI=1044140 PE_OI=629860
pcr9 =  BSE:SENSEX26SEP74900CE   0.82   1.11 CALL added 410720   PUT added 455020  CE_OI=608900 PE_OI=502260
pcr10 =  BSE:SENSEX26SEP74800PE   1.29   1.45 CALL added 593160   PUT added 857960  CE_OI=743460 PE_OI=959160
pcr11 =  BSE:SENSEX26SEP74700CE   1.82   2.22 CALL added 510480   PUT added 1133420  CE_OI=729420 PE_OI=1329160
pcr12 =  BSE:SENSEX26SEP74600PE   2.86   7.8 CALL added 86760   PUT added 676320  CE_OI=405900 PE_OI=1159140
pcr13 =  BSE:SENSEX26SEP74500PE   2.11   -12.0 CALL unwind -55040   PUT added 660440  CE_OI=791020 PE_OI=1669440
pcr14 =  BSE:SENSEX26SEP74400CE   3.81   -6.89 CALL unwind -38440   PUT added 264960  CE_OI=190660 PE_OI=726360
pcr15 =  BSE:SENSEX26SEP74300PE   5.14   -506.38 CALL unwind -580   PUT added 293700  CE_OI=118160 PE_OI=607480
pcr16 =  BSE:SENSEX26SEP74200PE   10.16   32.83 CALL added 6220   PUT added 204180  CE_OI=52360 PE_OI=531820
pcr17 =  BSE:SENSEX26SEP74100PE   12.31   110.11 CALL added 380   PUT added 41840  CE_OI=33460 PE_OI=411840
PCRSUM== 42.08
pcrSummation== 10.33
spotLTP =  74882.14  ATM_STRIKE =  74900
IS_ATM_STRIKE_SHIFT = False  mapStrike = {74900: 74900}
avgOiPcrList2 = [np.float64(2.46), np.float64(2.48)] atmStrikeNotShiftedCount= 9
avgOiPcr9List2 = [np.float64(1.14), np.float64(1.15)] atmStrikeNotShiftedCount= 9
False   9   2
SUPP_RES=== 75000  Buffer= 32
ANCHOR_COMPARE: spot=74882.14 fut=74875.0 basis(fut-spot)=-7.14 | SR_spot(PRIMARY)=75000 SR_future=75000 SR_diff(fut-spot)=0 | PCRwin_spot(PRIMARY)=74900 PCRwin_future=74900
CEoich val =  542500.0  PEoich val =  406140.0 , CE > PE by 25.1%
SUPP_RES TOTAL OI: CE= 1044140  PE= 629860 , CE > PE by 39.7%
INCR_CHOI: SUPP_RES=75000 role=RESISTANCE fresh_CE=-340 fresh_PE=10140 -> PE_dominant by 103.4% (resistance CHALLENGED (bullish warning)) | cumulative CE=542500.0 PE=406140.0
==========================
FUT_SUPP_RES=== 75000  (FUT_LTP= 74875.0 ) Buffer= 32
FUT CEoich val =  542500.0  PEoich val =  406140.0 , CE > PE by 25.1%
FUT_SUPP_RES TOTAL OI: CE= 1044140  PE= 629860 , CE > PE by 39.7%
OI_SUPP_RES: spot=74882.14 ATM=74900 (win=±500 mode=CHOI) (ATM_CE_OI=608900 ATM_PE_OI=502260) | SUPPORT=74700PE CHOI=1133420 (dist=-200) | RESISTANCE=75000CE CHOI=542500 (dist=100)
OI_SUPPORT=== 74700
OI_SUPPORT CEoich val = 510480.0  PEoich val = 1133420.0 , CE < PE by 55.0%
OI_SUPPORT TOTAL OI: CE= 729420  PE= 1329160 , CE < PE by 45.1%
OI_RESISTANCE=== 75000
OI_RESISTANCE CEoich val = 542500.0  PEoich val = 406140.0 , CE > PE by 25.1%
OI_RESISTANCE TOTAL OI: CE= 1044140  PE= 629860 , CE > PE by 39.7%
IS_MORNING_WINDOW= False  (active 9:15-9:48 IST)
================================================
==== signal check time ==== 2026-09-21 13:45:00.620658
CHART_PATTERN_DETECTED: INSIDE_BAR | DOUBLE_TOP_FORMING | DOUBLE_BOTTOM_FORMING
  PATTERN_CONTEXT: Body= 0.0  Range= 0.0  ExpectedRange= 63.4  RangeRatio= 0.0  O= 74875.0  H= 74875.0  L= 74875.0  C= 74875.0
ATMStrike =  74900
AVG_OIPCR= 1.15
avgoiPCROld=  2.48
AVG_OIPCR_9STRIKE= 1.15  (pcr5..pcr13 = ATM +/-4, 9 strikes)
SUPP_RES = 75000
spotLTP = 74882.14
FUT LTP = 74875.0
CEchoi  PechOi = 542500.0    406140.0
====================================
atmPCR= 0.15  belowATM  0.34
CHOI_DOM_GATE: gate_on= True  bull_ok= False  bear_ok= False | isPE_DomSupp_once= False  fresh_PE= 10140 | isCE_DomRes_once= False  fresh_CE= -340
India VIX = 11.27  Spot Price = 74887.42
IV Regime = NORMAL (ADAPTIVE: P25= 11.13  P50= 11.38  P75= 11.98 ) | DailyRange = 1205.7 | 3minCandleRange = 63.4 (theoretical= 105.7 ) | ATMoptionMove = 28.6 | SL = 100 | Target = 100 | TrailTrigger = 29 | Spread = 300 | Buffer = 32
IV Params refreshed: {'vix': 11.27, 'bn_price': 74887.42, 'regime': 'NORMAL', 'regime_thresholds': 'P25=11.13 P50=11.38 P75=11.98', 'daily_range': 1205.7, 'candle_range': 63.4, 'atm_option_move': 28.6, 'sl_point': 100, 'target_point': 100, 'sl_pct_of_premium': 0.1, 'trail_trigger': 29, 'spread_width': 300, 'support_resistance_buffer': 32}
===
====after 3 min ochain==== 2026-09-21 13:48:00.000001
                                    oipcr   choipcr   CE_OI / PE_OI (same strike)
pcr1 =  BSE:SENSEX26SEP75700PE   0.06   0.06 CALL added 397480   PUT added 23760  CE_OI=520360 PE_OI=30940
pcr2 =  BSE:SENSEX26SEP75600CE   0.03   0.03 CALL added 139320   PUT added 4420  CE_OI=269160 PE_OI=9020
pcr3 =  BSE:SENSEX26SEP75500PE   0.1   0.05 CALL added 377160   PUT added 18000  CE_OI=683560 PE_OI=66360
pcr4 =  BSE:SENSEX26SEP75400CE   0.13   0.11 CALL added 155900   PUT added 16500  CE_OI=246140 PE_OI=32960
pcr5 =  BSE:SENSEX26SEP75300PE   0.15   0.16 CALL added 175200   PUT added 27360  CE_OI=278380 PE_OI=42020
pcr6 =  BSE:SENSEX26SEP75200CE   0.33    0.41 CALL added 212960   PUT added 86400  CE_OI=337640 PE_OI=110660
pcr7 =  BSE:SENSEX26SEP75100CE   0.33   0.44 CALL added 160520   PUT added 69980  CE_OI=376320 PE_OI=124120
pcr8 =  BSE:SENSEX26SEP75000PE   0.6   0.74 CALL added 547420   PUT added 403500  CE_OI=1049060 PE_OI=627220
pcr9 =  BSE:SENSEX26SEP74900CE   0.84   1.14 CALL added 409420   PUT added 465900  CE_OI=607600 PE_OI=513140
pcr10 =  BSE:SENSEX26SEP74800PE   1.29   1.45 CALL added 595340   PUT added 862820  CE_OI=745640 PE_OI=964020
pcr11 =  BSE:SENSEX26SEP74700CE   1.83   2.23 CALL added 512160   PUT added 1140080  CE_OI=731100 PE_OI=1335820
pcr12 =  BSE:SENSEX26SEP74600PE   2.85   7.69 CALL added 88040   PUT added 676820  CE_OI=407180 PE_OI=1159640
pcr13 =  BSE:SENSEX26SEP74500PE   2.12   -11.59 CALL unwind -57320   PUT added 664160  CE_OI=788740 PE_OI=1673160
pcr14 =  BSE:SENSEX26SEP74400CE   3.82   -6.96 CALL unwind -38300   PUT added 266600  CE_OI=190800 PE_OI=728000
pcr15 =  BSE:SENSEX26SEP74300PE   5.21   -226.14 CALL unwind -1320   PUT added 298500  CE_OI=117420 PE_OI=612280
pcr16 =  BSE:SENSEX26SEP74200PE   10.15   32.18 CALL added 6380   PUT added 205340  CE_OI=52520 PE_OI=532980
pcr17 =  BSE:SENSEX26SEP74100PE   12.34   118.44 CALL added 360   PUT added 42640  CE_OI=33440 PE_OI=412640
PCRSUM== 42.18
pcrSummation== 10.34
spotLTP =  74887.42  ATM_STRIKE =  74900
IS_ATM_STRIKE_SHIFT = False  mapStrike = {74900: 74900}
avgOiPcrList2 = [np.float64(2.46), np.float64(2.48), np.float64(2.48)] atmStrikeNotShiftedCount= 10
avgOiPcr9List2 = [np.float64(1.14), np.float64(1.15), np.float64(1.15)] atmStrikeNotShiftedCount= 10
False   10   3
SUPP_RES=== 75000  Buffer= 32
ANCHOR_COMPARE: spot=74887.42 fut=74875.0 basis(fut-spot)=-12.42 | SR_spot(PRIMARY)=75000 SR_future=75000 SR_diff(fut-spot)=0 | PCRwin_spot(PRIMARY)=74900 PCRwin_future=74900
CEoich val =  547420.0  PEoich val =  403500.0 , CE > PE by 26.3%
SUPP_RES TOTAL OI: CE= 1049060  PE= 627220 , CE > PE by 40.2%
INCR_CHOI: SUPP_RES=75000 role=RESISTANCE fresh_CE=4920 fresh_PE=-2640 -> CE_dominant by 153.7% (resistance HOLDING (bearish)) | cumulative CE=547420.0 PE=403500.0
==========================
FUT_SUPP_RES=== 75000  (FUT_LTP= 74875.0 ) Buffer= 32
FUT CEoich val =  547420.0  PEoich val =  403500.0 , CE > PE by 26.3%
FUT_SUPP_RES TOTAL OI: CE= 1049060  PE= 627220 , CE > PE by 40.2%
OI_SUPP_RES: spot=74887.42 ATM=74900 (win=±500 mode=CHOI) (ATM_CE_OI=607600 ATM_PE_OI=513140) | SUPPORT=74700PE CHOI=1140080 (dist=-200) | RESISTANCE=75000CE CHOI=547420 (dist=100)
OI_SUPPORT=== 74700
OI_SUPPORT CEoich val = 512160.0  PEoich val = 1140080.0 , CE < PE by 55.1%
OI_SUPPORT TOTAL OI: CE= 731100  PE= 1335820 , CE < PE by 45.3%
OI_RESISTANCE=== 75000
OI_RESISTANCE CEoich val = 547420.0  PEoich val = 403500.0 , CE > PE by 26.3%
OI_RESISTANCE TOTAL OI: CE= 1049060  PE= 627220 , CE > PE by 40.2%
IS_MORNING_WINDOW= False  (active 9:15-9:48 IST)
================================================
==== signal check time ==== 2026-09-21 13:48:00.970415
CHART_PATTERN_DETECTED: INSIDE_BAR | DOUBLE_TOP_FORMING
  PATTERN_CONTEXT: Body= 0.0  Range= 0.0  ExpectedRange= 63.4  RangeRatio= 0.0  O= 74875.0  H= 74875.0  L= 74875.0  C= 74875.0
PCR9_SEQ_FLAT: 1.14 -> 1.15 -> 1.15 (not monotonic)
neither = [np.float64(2.48)]
isCE_DominantAtRes_once = True  isCE_DominantAtRes_twice = False  isCE_DominantAtRes_trice = False (CE_res_streak= 1 )
ATMStrike =  74900
AVG_OIPCR= 1.15
avgoiPCROld=  2.48
AVG_OIPCR_9STRIKE= 1.15  (pcr5..pcr13 = ATM +/-4, 9 strikes)
SUPP_RES = 75000
spotLTP = 74887.42
FUT LTP = 74875.0
CEchoi  PechOi = 547420.0    403500.0
====================================
atmPCR= 0.15  belowATM  0.33
CHOI_DOM_GATE: gate_on= True  bull_ok= False  bear_ok= True | isPE_DomSupp_once= False  fresh_PE= -2640 | isCE_DomRes_once= True  fresh_CE= 4920
India VIX = 11.25  Spot Price = 74897.75
IV Regime = NORMAL (ADAPTIVE: P25= 11.13  P50= 11.38  P75= 11.98 ) | DailyRange = 1203.7 | 3minCandleRange = 63.3 (theoretical= 105.6 ) | ATMoptionMove = 28.5 | SL = 100 | Target = 100 | TrailTrigger = 29 | Spread = 300 | Buffer = 32
IV Params refreshed: {'vix': 11.25, 'bn_price': 74897.75, 'regime': 'NORMAL', 'regime_thresholds': 'P25=11.13 P50=11.38 P75=11.98', 'daily_range': 1203.7, 'candle_range': 63.3, 'atm_option_move': 28.5, 'sl_point': 100, 'target_point': 100, 'sl_pct_of_premium': 0.1, 'trail_trigger': 29, 'spread_width': 300, 'support_resistance_buffer': 32}
===
====after 3 min ochain==== 2026-09-21 13:51:00.000002
                                    oipcr   choipcr   CE_OI / PE_OI (same strike)
pcr1 =  BSE:SENSEX26SEP75700PE   0.06   0.06 CALL added 396560   PUT added 23660  CE_OI=519440 PE_OI=30840
pcr2 =  BSE:SENSEX26SEP75600CE   0.03   0.03 CALL added 140080   PUT added 4560  CE_OI=269920 PE_OI=9160
pcr3 =  BSE:SENSEX26SEP75500PE   0.1   0.05 CALL added 381760   PUT added 18120  CE_OI=688160 PE_OI=66480
pcr4 =  BSE:SENSEX26SEP75400CE   0.14   0.11 CALL added 156380   PUT added 16920  CE_OI=246620 PE_OI=33380
pcr5 =  BSE:SENSEX26SEP75300PE   0.15   0.15 CALL added 179320   PUT added 27400  CE_OI=282500 PE_OI=42060
pcr6 =  BSE:SENSEX26SEP75200CE   0.33    0.4 CALL added 214800   PUT added 86500  CE_OI=339480 PE_OI=110760
pcr7 =  BSE:SENSEX26SEP75100CE   0.33   0.45 CALL added 154480   PUT added 69080  CE_OI=370280 PE_OI=123220
pcr8 =  BSE:SENSEX26SEP75000PE   0.6   0.73 CALL added 561140   PUT added 410060  CE_OI=1062780 PE_OI=633780
pcr9 =  BSE:SENSEX26SEP74900CE   0.84   1.12 CALL added 415620   PUT added 466620  CE_OI=613800 PE_OI=513860
pcr10 =  BSE:SENSEX26SEP74800PE   1.27   1.42 CALL added 597240   PUT added 849340  CE_OI=747540 PE_OI=950540
pcr11 =  BSE:SENSEX26SEP74700CE   1.83   2.22 CALL added 517960   PUT added 1150180  CE_OI=736900 PE_OI=1345920
pcr12 =  BSE:SENSEX26SEP74600PE   2.86   7.83 CALL added 86540   PUT added 677520  CE_OI=405680 PE_OI=1160340
pcr13 =  BSE:SENSEX26SEP74500PE   2.14   -9.71 CALL unwind -67820   PUT added 658340  CE_OI=778240 PE_OI=1667340
pcr14 =  BSE:SENSEX26SEP74400CE   3.82   -7.13 CALL unwind -37720   PUT added 268800  CE_OI=191380 PE_OI=730200
pcr15 =  BSE:SENSEX26SEP74300PE   5.2   -275.98 CALL unwind -1080   PUT added 298060  CE_OI=117660 PE_OI=611840
pcr16 =  BSE:SENSEX26SEP74200PE   10.19   32.54 CALL added 6380   PUT added 207620  CE_OI=52520 PE_OI=535260
pcr17 =  BSE:SENSEX26SEP74100PE   11.11   7.07 CALL added 600   PUT added 4240  CE_OI=33680 PE_OI=374240
PCRSUM== 41.0
pcrSummation== 10.35
spotLTP =  74897.75  ATM_STRIKE =  74900
IS_ATM_STRIKE_SHIFT = False  mapStrike = {74900: 74900}
avgOiPcrList2 = [np.float64(2.48), np.float64(2.41)] atmStrikeNotShiftedCount= 11
avgOiPcr9List2 = [np.float64(1.15), np.float64(1.15)] atmStrikeNotShiftedCount= 11
False   11   2
SUPP_RES=== 75000  Buffer= 32
ANCHOR_COMPARE: spot=74897.75 fut=74838.5 basis(fut-spot)=-59.25 | SR_spot(PRIMARY)=75000 SR_future=75000 SR_diff(fut-spot)=0 | PCRwin_spot(PRIMARY)=74900 PCRwin_future=74800
CEoich val =  561140.0  PEoich val =  410060.0 , CE > PE by 26.9%
SUPP_RES TOTAL OI: CE= 1062780  PE= 633780 , CE > PE by 40.4%
INCR_CHOI: SUPP_RES=75000 role=RESISTANCE fresh_CE=13720 fresh_PE=6560 -> CE_dominant by 52.2% (resistance HOLDING (bearish)) | cumulative CE=561140.0 PE=410060.0
==========================
FUT_SUPP_RES=== 75000  (FUT_LTP= 74838.5 ) Buffer= 32
FUT CEoich val =  561140.0  PEoich val =  410060.0 , CE > PE by 26.9%
FUT_SUPP_RES TOTAL OI: CE= 1062780  PE= 633780 , CE > PE by 40.4%
OI_SUPP_RES: spot=74897.75 ATM=74900 (win=±500 mode=CHOI) (ATM_CE_OI=613800 ATM_PE_OI=513860) | SUPPORT=74700PE CHOI=1150180 (dist=-200) | RESISTANCE=75000CE CHOI=561140 (dist=100)
OI_SUPPORT=== 74700
OI_SUPPORT CEoich val = 517960.0  PEoich val = 1150180.0 , CE < PE by 55.0%
OI_SUPPORT TOTAL OI: CE= 736900  PE= 1345920 , CE < PE by 45.2%
OI_RESISTANCE=== 75000
OI_RESISTANCE CEoich val = 561140.0  PEoich val = 410060.0 , CE > PE by 26.9%
OI_RESISTANCE TOTAL OI: CE= 1062780  PE= 633780 , CE > PE by 40.4%
IS_MORNING_WINDOW= False  (active 9:15-9:48 IST)
================================================
==== signal check time ==== 2026-09-21 13:51:00.595862
CHART_PATTERN_DETECTED: DOUBLE_TOP_FORMING | DOUBLE_BOTTOM_FORMING
  PATTERN_CONTEXT: Body= -29.5  Range= 33.9  ExpectedRange= 63.3  RangeRatio= 0.54  O= 74868.0  H= 74868.0  L= 74834.2  C= 74838.5
isCE_DominantAtRes_once = True  isCE_DominantAtRes_twice = True  isCE_DominantAtRes_trice = False (CE_res_streak= 2 )
ATMStrike =  74900
AVG_OIPCR= 1.15
avgoiPCROld=  2.41
AVG_OIPCR_9STRIKE= 1.15  (pcr5..pcr13 = ATM +/-4, 9 strikes)
SUPP_RES = 75000
spotLTP = 74897.75
FUT LTP = 74838.5
CEchoi  PechOi = 561140.0    410060.0
====================================
atmPCR= 0.15  belowATM  0.33
CHOI_DOM_GATE: gate_on= True  bull_ok= False  bear_ok= True | isPE_DomSupp_once= False  fresh_PE= 6560 | isCE_DomRes_once= True  fresh_CE= 13720
India VIX = 11.25  Spot Price = 74904.33
IV Regime = NORMAL (ADAPTIVE: P25= 11.13  P50= 11.38  P75= 11.98 ) | DailyRange = 1203.8 | 3minCandleRange = 63.3 (theoretical= 105.6 ) | ATMoptionMove = 28.5 | SL = 100 | Target = 100 | TrailTrigger = 29 | Spread = 300 | Buffer = 32
IV Params refreshed: {'vix': 11.25, 'bn_price': 74904.33, 'regime': 'NORMAL', 'regime_thresholds': 'P25=11.13 P50=11.38 P75=11.98', 'daily_range': 1203.8, 'candle_range': 63.3, 'atm_option_move': 28.5, 'sl_point': 100, 'target_point': 100, 'sl_pct_of_premium': 0.1, 'trail_trigger': 29, 'spread_width': 300, 'support_resistance_buffer': 32}
===
====after 3 min ochain==== 2026-09-21 13:54:00.000003
                                    oipcr   choipcr   CE_OI / PE_OI (same strike)
pcr1 =  BSE:SENSEX26SEP75700PE   0.06   0.06 CALL added 396320   PUT added 24420  CE_OI=519200 PE_OI=31600
pcr2 =  BSE:SENSEX26SEP75600CE   0.03   0.03 CALL added 139580   PUT added 4540  CE_OI=269420 PE_OI=9140
pcr3 =  BSE:SENSEX26SEP75500PE   0.1   0.05 CALL added 380300   PUT added 18440  CE_OI=686700 PE_OI=66800
pcr4 =  BSE:SENSEX26SEP75400CE   0.14   0.11 CALL added 150340   PUT added 16740  CE_OI=240580 PE_OI=33200
pcr5 =  BSE:SENSEX26SEP75300PE   0.16   0.16 CALL added 182780   PUT added 30080  CE_OI=285960 PE_OI=44740
pcr6 =  BSE:SENSEX26SEP75200CE   0.35    0.44 CALL added 207300   PUT added 92220  CE_OI=331980 PE_OI=116480
pcr7 =  BSE:SENSEX26SEP75100CE   0.34   0.46 CALL added 157500   PUT added 72620  CE_OI=373300 PE_OI=126760
pcr8 =  BSE:SENSEX26SEP75000PE   0.62   0.78 CALL added 534720   PUT added 415220  CE_OI=1036360 PE_OI=638940
pcr9 =  BSE:SENSEX26SEP74900CE   0.94   1.32 CALL added 357000   PUT added 473020  CE_OI=555180 PE_OI=520260
pcr10 =  BSE:SENSEX26SEP74800PE   1.32   1.49 CALL added 584060   PUT added 868900  CE_OI=734360 PE_OI=970100
pcr11 =  BSE:SENSEX26SEP74700CE   1.85   2.26 CALL added 510180   PUT added 1152300  CE_OI=729120 PE_OI=1348040
pcr12 =  BSE:SENSEX26SEP74600PE   2.87   8.05 CALL added 83400   PUT added 671760  CE_OI=402540 PE_OI=1154580
pcr13 =  BSE:SENSEX26SEP74500PE   2.15   -9.17 CALL unwind -71840   PUT added 658740  CE_OI=774220 PE_OI=1667740
pcr14 =  BSE:SENSEX26SEP74400CE   3.87   -6.85 CALL unwind -39640   PUT added 271640  CE_OI=189460 PE_OI=733040
pcr15 =  BSE:SENSEX26SEP74300PE   5.28   -102.68 CALL unwind -2900   PUT added 297760  CE_OI=115840 PE_OI=611540
pcr16 =  BSE:SENSEX26SEP74200PE   10.2   33.15 CALL added 6220   PUT added 206200  CE_OI=52360 PE_OI=533840
pcr17 =  BSE:SENSEX26SEP74100PE   11.14   8.27 CALL added 520   PUT added 4300  CE_OI=33600 PE_OI=374300
PCRSUM== 41.42
pcrSummation== 10.6
spotLTP =  74904.33  ATM_STRIKE =  74900
IS_ATM_STRIKE_SHIFT = False  mapStrike = {74900: 74900}
avgOiPcrList2 = [np.float64(2.48), np.float64(2.41), np.float64(2.44)] atmStrikeNotShiftedCount= 12
avgOiPcr9List2 = [np.float64(1.15), np.float64(1.15), np.float64(1.18)] atmStrikeNotShiftedCount= 12
False   12   3
SUPP_RES=== 75000  Buffer= 32
ANCHOR_COMPARE: spot=74904.33 fut=74888.0 basis(fut-spot)=-16.33 | SR_spot(PRIMARY)=75000 SR_future=75000 SR_diff(fut-spot)=0 | PCRwin_spot(PRIMARY)=74900 PCRwin_future=74900
CEoich val =  534720.0  PEoich val =  415220.0 , CE > PE by 22.3%
SUPP_RES TOTAL OI: CE= 1036360  PE= 638940 , CE > PE by 38.3%
INCR_CHOI: SUPP_RES=75000 role=RESISTANCE fresh_CE=-26420 fresh_PE=5160 -> PE_dominant by 119.5% (resistance CHALLENGED (bullish warning)) | cumulative CE=534720.0 PE=415220.0
==========================
FUT_SUPP_RES=== 75000  (FUT_LTP= 74888.0 ) Buffer= 32
FUT CEoich val =  534720.0  PEoich val =  415220.0 , CE > PE by 22.3%
FUT_SUPP_RES TOTAL OI: CE= 1036360  PE= 638940 , CE > PE by 38.3%
OI_SUPP_RES: spot=74904.33 ATM=74900 (win=±500 mode=CHOI) (ATM_CE_OI=555180 ATM_PE_OI=520260) | SUPPORT=74700PE CHOI=1152300 (dist=-200) | RESISTANCE=75000CE CHOI=534720 (dist=100)
OI_SUPPORT=== 74700
OI_SUPPORT CEoich val = 510180.0  PEoich val = 1152300.0 , CE < PE by 55.7%
OI_SUPPORT TOTAL OI: CE= 729120  PE= 1348040 , CE < PE by 45.9%
OI_RESISTANCE=== 75000
OI_RESISTANCE CEoich val = 534720.0  PEoich val = 415220.0 , CE > PE by 22.3%
OI_RESISTANCE TOTAL OI: CE= 1036360  PE= 638940 , CE > PE by 38.3%
IS_MORNING_WINDOW= False  (active 9:15-9:48 IST)
================================================
==== signal check time ==== 2026-09-21 13:54:00.624252
CHART_PATTERN_DETECTED: DOUBLE_TOP_FORMING
  PATTERN_CONTEXT: Body= 21.7  Range= 21.7  ExpectedRange= 63.3  RangeRatio= 0.34  O= 74866.3  H= 74888.0  L= 74866.3  C= 74888.0
PCR9_SEQ_FLAT: 1.15 -> 1.15 -> 1.18 (not monotonic)
recent two = [np.float64(2.41), np.float64(2.44)]
ATMStrike =  74900
AVG_OIPCR= 1.18
avgoiPCROld=  2.44
AVG_OIPCR_9STRIKE= 1.18  (pcr5..pcr13 = ATM +/-4, 9 strikes)
SUPP_RES = 75000
spotLTP = 74904.33
FUT LTP = 74888.0
CEchoi  PechOi = 534720.0    415220.0
====================================
atmPCR= 0.16  belowATM  0.35
CHOI_DOM_GATE: gate_on= True  bull_ok= False  bear_ok= False | isPE_DomSupp_once= False  fresh_PE= 5160 | isCE_DomRes_once= False  fresh_CE= -26420
India VIX = 11.24  Spot Price = 74913.71
IV Regime = NORMAL (ADAPTIVE: P25= 11.13  P50= 11.38  P75= 11.98 ) | DailyRange = 1202.9 | 3minCandleRange = 63.3 (theoretical= 105.5 ) | ATMoptionMove = 28.5 | SL = 100 | Target = 100 | TrailTrigger = 28 | Spread = 300 | Buffer = 32
IV Params refreshed: {'vix': 11.24, 'bn_price': 74913.71, 'regime': 'NORMAL', 'regime_thresholds': 'P25=11.13 P50=11.38 P75=11.98', 'daily_range': 1202.9, 'candle_range': 63.3, 'atm_option_move': 28.5, 'sl_point': 100, 'target_point': 100, 'sl_pct_of_premium': 0.1, 'trail_trigger': 28, 'spread_width': 300, 'support_resistance_buffer': 32}
===
====after 3 min ochain==== 2026-09-21 13:57:00.000026
                                    oipcr   choipcr   CE_OI / PE_OI (same strike)
pcr1 =  BSE:SENSEX26SEP75700PE   0.07   0.07 CALL added 397100   PUT added 27160  CE_OI=519980 PE_OI=34340
pcr2 =  BSE:SENSEX26SEP75600CE   0.03   0.03 CALL added 139640   PUT added 4660  CE_OI=269480 PE_OI=9260
pcr3 =  BSE:SENSEX26SEP75500PE   0.1   0.05 CALL added 390640   PUT added 19800  CE_OI=697040 PE_OI=68160
pcr4 =  BSE:SENSEX26SEP75400CE   0.14   0.11 CALL added 153440   PUT added 16880  CE_OI=243680 PE_OI=33340
pcr5 =  BSE:SENSEX26SEP75300PE   0.16   0.17 CALL added 178900   PUT added 29700  CE_OI=282080 PE_OI=44360
pcr6 =  BSE:SENSEX26SEP75200CE   0.34    0.42 CALL added 215080   PUT added 91300  CE_OI=339760 PE_OI=115560
pcr7 =  BSE:SENSEX26SEP75100CE   0.34   0.47 CALL added 160480   PUT added 75340  CE_OI=376280 PE_OI=129480
pcr8 =  BSE:SENSEX26SEP75000PE   0.61   0.76 CALL added 560700   PUT added 426020  CE_OI=1062340 PE_OI=649740
pcr9 =  BSE:SENSEX26SEP74900CE   0.96   1.35 CALL added 365360   PUT added 491620  CE_OI=563540 PE_OI=538860
pcr10 =  BSE:SENSEX26SEP74800PE   1.32   1.49 CALL added 577360   PUT added 860680  CE_OI=727660 PE_OI=961880
pcr11 =  BSE:SENSEX26SEP74700CE   1.82   2.21 CALL added 520000   PUT added 1148340  CE_OI=738940 PE_OI=1344080
pcr12 =  BSE:SENSEX26SEP74600PE   2.85   7.99 CALL added 82960   PUT added 663000  CE_OI=402100 PE_OI=1145820
pcr13 =  BSE:SENSEX26SEP74500PE   2.19   -7.74 CALL unwind -84880   PUT added 656700  CE_OI=761180 PE_OI=1665700
pcr14 =  BSE:SENSEX26SEP74400CE   3.82   -6.78 CALL unwind -38960   PUT added 264040  CE_OI=190140 PE_OI=725440
pcr15 =  BSE:SENSEX26SEP74300PE   5.46   -82.9 CALL unwind -3780   PUT added 313360  CE_OI=114960 PE_OI=627140
pcr16 =  BSE:SENSEX26SEP74200PE   10.26   34.63 CALL added 5980   PUT added 207100  CE_OI=52120 PE_OI=534740
pcr17 =  BSE:SENSEX26SEP74100PE   11.0   2.95 CALL added 780   PUT added 2300  CE_OI=33860 PE_OI=372300
PCRSUM== 41.47
pcrSummation== 10.59
spotLTP =  74913.71  ATM_STRIKE =  74900
IS_ATM_STRIKE_SHIFT = False  mapStrike = {74900: 74900}
avgOiPcrList2 = [np.float64(2.41), np.float64(2.44), np.float64(2.44)] atmStrikeNotShiftedCount= 13
avgOiPcr9List2 = [np.float64(1.15), np.float64(1.18), np.float64(1.18)] atmStrikeNotShiftedCount= 13
False   13   3
SUPP_RES=== 75000  Buffer= 32
ANCHOR_COMPARE: spot=74913.71 fut=74888.0 basis(fut-spot)=-25.71 | SR_spot(PRIMARY)=75000 SR_future=75000 SR_diff(fut-spot)=0 | PCRwin_spot(PRIMARY)=74900 PCRwin_future=74900
CEoich val =  560700.0  PEoich val =  426020.0 , CE > PE by 24.0%
SUPP_RES TOTAL OI: CE= 1062340  PE= 649740 , CE > PE by 38.8%
INCR_CHOI: SUPP_RES=75000 role=RESISTANCE fresh_CE=25980 fresh_PE=10800 -> CE_dominant by 58.4% (resistance HOLDING (bearish)) | cumulative CE=560700.0 PE=426020.0
==========================
FUT_SUPP_RES=== 75000  (FUT_LTP= 74888.0 ) Buffer= 32
FUT CEoich val =  560700.0  PEoich val =  426020.0 , CE > PE by 24.0%
FUT_SUPP_RES TOTAL OI: CE= 1062340  PE= 649740 , CE > PE by 38.8%
OI_SUPP_RES: spot=74913.71 ATM=74900 (win=±500 mode=CHOI) (ATM_CE_OI=563540 ATM_PE_OI=538860) | SUPPORT=74700PE CHOI=1148340 (dist=-200) | RESISTANCE=75000CE CHOI=560700 (dist=100)
OI_SUPPORT=== 74700
OI_SUPPORT CEoich val = 520000.0  PEoich val = 1148340.0 , CE < PE by 54.7%
OI_SUPPORT TOTAL OI: CE= 738940  PE= 1344080 , CE < PE by 45.0%
OI_RESISTANCE=== 75000
OI_RESISTANCE CEoich val = 560700.0  PEoich val = 426020.0 , CE > PE by 24.0%
OI_RESISTANCE TOTAL OI: CE= 1062340  PE= 649740 , CE > PE by 38.8%
IS_MORNING_WINDOW= False  (active 9:15-9:48 IST)
================================================
==== signal check time ==== 2026-09-21 13:57:00.602297
CHART_PATTERN_DETECTED: INSIDE_BAR | DOUBLE_TOP_FORMING
  PATTERN_CONTEXT: Body= 0.0  Range= 0.0  ExpectedRange= 63.3  RangeRatio= 0.0  O= 74888.0  H= 74888.0  L= 74888.0  C= 74888.0
PCR9_SEQ_FLAT: 1.15 -> 1.18 -> 1.18 (not monotonic)
neither = [np.float64(2.44)]
isCE_DominantAtRes_once = True  isCE_DominantAtRes_twice = False  isCE_DominantAtRes_trice = False (CE_res_streak= 1 )
ATMStrike =  74900
AVG_OIPCR= 1.18
avgoiPCROld=  2.44
AVG_OIPCR_9STRIKE= 1.18  (pcr5..pcr13 = ATM +/-4, 9 strikes)
SUPP_RES = 75000
spotLTP = 74913.71
FUT LTP = 74888.0
CEchoi  PechOi = 560700.0    426020.0
====================================
atmPCR= 0.16  belowATM  0.34
CHOI_DOM_GATE: gate_on= True  bull_ok= False  bear_ok= True | isPE_DomSupp_once= False  fresh_PE= 10800 | isCE_DomRes_once= True  fresh_CE= 25980
India VIX = 11.21  Spot Price = 74978.47
IV Regime = NORMAL (ADAPTIVE: P25= 11.13  P50= 11.38  P75= 11.98 ) | DailyRange = 1200.7 | 3minCandleRange = 63.2 (theoretical= 105.3 ) | ATMoptionMove = 28.4 | SL = 100 | Target = 100 | TrailTrigger = 28 | Spread = 300 | Buffer = 32
IV Params refreshed: {'vix': 11.21, 'bn_price': 74978.47, 'regime': 'NORMAL', 'regime_thresholds': 'P25=11.13 P50=11.38 P75=11.98', 'daily_range': 1200.7, 'candle_range': 63.2, 'atm_option_move': 28.4, 'sl_point': 100, 'target_point': 100, 'sl_pct_of_premium': 0.1, 'trail_trigger': 28, 'spread_width': 300, 'support_resistance_buffer': 32}
===
====after 3 min ochain==== 2026-09-21 14:00:00.000003
                                    oipcr   choipcr   CE_OI / PE_OI (same strike)
pcr1 =  BSE:SENSEX26SEP75800CE   0.02   0.02 CALL added 146440   PUT added 2480  CE_OI=241120 PE_OI=5620
pcr2 =  BSE:SENSEX26SEP75700PE   0.07   0.07 CALL added 391060   PUT added 27860  CE_OI=513940 PE_OI=35040
pcr3 =  BSE:SENSEX26SEP75600CE   0.04   0.05 CALL added 130640   PUT added 5900  CE_OI=260480 PE_OI=10500
pcr4 =  BSE:SENSEX26SEP75500PE   0.11   0.07 CALL added 323160   PUT added 22540  CE_OI=629560 PE_OI=70900
pcr5 =  BSE:SENSEX26SEP75400CE   0.16   0.14 CALL added 143320   PUT added 20640  CE_OI=233560 PE_OI=37100
pcr6 =  BSE:SENSEX26SEP75300PE   0.2    0.24 CALL added 150580   PUT added 36740  CE_OI=253760 PE_OI=51400
pcr7 =  BSE:SENSEX26SEP75200CE   0.53   0.82 CALL added 144900   PUT added 118960  CE_OI=269580 PE_OI=143220
pcr8 =  BSE:SENSEX26SEP75100CE   0.39   0.6 CALL added 147980   PUT added 88300  CE_OI=363780 PE_OI=142440
pcr9 =  BSE:SENSEX26SEP75000PE   0.7   0.97 CALL added 474140   PUT added 458360  CE_OI=975780 PE_OI=682080
pcr10 =  BSE:SENSEX26SEP74900CE   1.1   1.69 CALL added 290360   PUT added 490940  CE_OI=488540 PE_OI=538180
pcr11 =  BSE:SENSEX26SEP74800PE   1.5   1.76 CALL added 481380   PUT added 847120  CE_OI=631680 PE_OI=948320
pcr12 =  BSE:SENSEX26SEP74700CE   2.11   2.74 CALL added 425140   PUT added 1164220  CE_OI=644080 PE_OI=1359960
pcr13 =  BSE:SENSEX26SEP74600PE   3.35   14.76 CALL added 51520   PUT added 760340  CE_OI=370660 PE_OI=1243160
pcr14 =  BSE:SENSEX26SEP74500PE   2.23   -4.41 CALL unwind -132640   PUT added 584320  CE_OI=713420 PE_OI=1593320
pcr15 =  BSE:SENSEX26SEP74400CE   3.91   -5.66 CALL unwind -45340   PUT added 256600  CE_OI=183760 PE_OI=718000
pcr16 =  BSE:SENSEX26SEP74300PE   5.76   -26.14 CALL unwind -11620   PUT added 303740  CE_OI=107120 PE_OI=617520
pcr17 =  BSE:SENSEX26SEP74200PE   10.58   45.0 CALL added 4660   PUT added 209700  CE_OI=50800 PE_OI=537340
PCRSUM== 32.76
pcrSummation== 10.04
spotLTP =  74978.47  ATM_STRIKE =  75000
IS_ATM_STRIKE_SHIFT = True  mapStrike = {75000: 75000}
avgOiPcrList2 = [np.float64(1.93)] atmStrikeNotShiftedCount= 1
avgOiPcr9List2 = [np.float64(1.12)] atmStrikeNotShiftedCount= 1
True   1   1
SUPP_RES=== 75000  Buffer= 32
ANCHOR_COMPARE: spot=74978.47 fut=74930.15 basis(fut-spot)=-48.32 | SR_spot(PRIMARY)=75000 SR_future=75000 SR_diff(fut-spot)=0 | PCRwin_spot(PRIMARY)=75000 PCRwin_future=74900
CEoich val =  474140.0  PEoich val =  458360.0 , CE > PE by 3.3%
SUPP_RES TOTAL OI: CE= 975780  PE= 682080 , CE > PE by 30.1%
INCR_CHOI: SUPP_RES=75000 role=RESISTANCE fresh_CE=-86560 fresh_PE=32340 -> PE_dominant by 137.4% (resistance CHALLENGED (bullish warning)) | cumulative CE=474140.0 PE=458360.0
==========================
FUT_SUPP_RES=== 75000  (FUT_LTP= 74930.15 ) Buffer= 32
FUT CEoich val =  474140.0  PEoich val =  458360.0 , CE > PE by 3.3%
FUT_SUPP_RES TOTAL OI: CE= 975780  PE= 682080 , CE > PE by 30.1%
OI_SUPP_RES: spot=74978.47 ATM=75000 (win=±500 mode=CHOI) (ATM_CE_OI=975780 ATM_PE_OI=682080) | SUPPORT=74700PE CHOI=1164220 (dist=-300) | RESISTANCE=75000CE CHOI=474140 (dist=0)
OI_SUPPORT=== 74700
OI_SUPPORT CEoich val = 425140.0  PEoich val = 1164220.0 , CE < PE by 63.5%
OI_SUPPORT TOTAL OI: CE= 644080  PE= 1359960 , CE < PE by 52.6%
OI_RESISTANCE=== 75000
OI_RESISTANCE CEoich val = 474140.0  PEoich val = 458360.0 , CE > PE by 3.3%
OI_RESISTANCE TOTAL OI: CE= 975780  PE= 682080 , CE > PE by 30.1%
IS_MORNING_WINDOW= False  (active 9:15-9:48 IST)
================================================
==== signal check time ==== 2026-09-21 14:00:00.612165
CHART_PATTERN_DETECTED: STRONG_MOMENTUM_BULL
  PATTERN_CONTEXT: Body= 86.1  Range= 88.1  ExpectedRange= 63.2  RangeRatio= 1.39  O= 74894.0  H= 74982.1  L= 74894.0  C= 74980.1
ATMStrike =  75000
AVG_OIPCR= 1.12
avgoiPCROld=  1.93
AVG_OIPCR_9STRIKE= 1.12  (pcr5..pcr13 = ATM +/-4, 9 strikes)
SUPP_RES = 75000
spotLTP = 74978.47
FUT LTP = 74930.15
CEchoi  PechOi = 474140.0    458360.0
====================================
atmPCR= 0.16  belowATM  0.2
CHOI_DOM_GATE: gate_on= True  bull_ok= False  bear_ok= False | isPE_DomSupp_once= False  fresh_PE= 32340 | isCE_DomRes_once= False  fresh_CE= -86560
India VIX = 11.21  Spot Price = 74975.58
IV Regime = NORMAL (ADAPTIVE: P25= 11.13  P50= 11.38  P75= 11.98 ) | DailyRange = 1200.7 | 3minCandleRange = 63.2 (theoretical= 105.3 ) | ATMoptionMove = 28.4 | SL = 100 | Target = 100 | TrailTrigger = 28 | Spread = 300 | Buffer = 32
IV Params refreshed: {'vix': 11.21, 'bn_price': 74975.58, 'regime': 'NORMAL', 'regime_thresholds': 'P25=11.13 P50=11.38 P75=11.98', 'daily_range': 1200.7, 'candle_range': 63.2, 'atm_option_move': 28.4, 'sl_point': 100, 'target_point': 100, 'sl_pct_of_premium': 0.1, 'trail_trigger': 28, 'spread_width': 300, 'support_resistance_buffer': 32}
===
====after 3 min ochain==== 2026-09-21 14:03:00.000002
                                    oipcr   choipcr   CE_OI / PE_OI (same strike)
pcr1 =  BSE:SENSEX26SEP75800CE   0.02   0.02 CALL added 146500   PUT added 2260  CE_OI=241180 PE_OI=5400
pcr2 =  BSE:SENSEX26SEP75700PE   0.06   0.06 CALL added 321100   PUT added 20560  CE_OI=443980 PE_OI=27740
pcr3 =  BSE:SENSEX26SEP75600CE   0.04   0.05 CALL added 136700   PUT added 6160  CE_OI=266540 PE_OI=10760
pcr4 =  BSE:SENSEX26SEP75500PE   0.12   0.08 CALL added 326560   PUT added 26720  CE_OI=632960 PE_OI=75080
pcr5 =  BSE:SENSEX26SEP75400CE   0.17   0.16 CALL added 143260   PUT added 22460  CE_OI=233500 PE_OI=38920
pcr6 =  BSE:SENSEX26SEP75300PE   0.22    0.27 CALL added 152580   PUT added 40760  CE_OI=255760 PE_OI=55420
pcr7 =  BSE:SENSEX26SEP75200CE   0.54   0.83 CALL added 153700   PUT added 127020  CE_OI=278380 PE_OI=151280
pcr8 =  BSE:SENSEX26SEP75100CE   0.39   0.55 CALL added 181780   PUT added 100260  CE_OI=397580 PE_OI=154400
pcr9 =  BSE:SENSEX26SEP75000PE   0.74   1.02 CALL added 517520   PUT added 527060  CE_OI=1019160 PE_OI=750780
pcr10 =  BSE:SENSEX26SEP74900CE   1.19   1.87 CALL added 281180   PUT added 524720  CE_OI=479360 PE_OI=571960
pcr11 =  BSE:SENSEX26SEP74800PE   1.58   1.88 CALL added 453580   PUT added 854080  CE_OI=603880 PE_OI=955280
pcr12 =  BSE:SENSEX26SEP74700CE   2.13   2.77 CALL added 420320   PUT added 1163480  CE_OI=639260 PE_OI=1359220
pcr13 =  BSE:SENSEX26SEP74600PE   3.54   18.24 CALL added 43940   PUT added 801400  CE_OI=363080 PE_OI=1284220
pcr14 =  BSE:SENSEX26SEP74500PE   2.25   -4.01 CALL unwind -142520   PUT added 572120  CE_OI=703540 PE_OI=1581120
pcr15 =  BSE:SENSEX26SEP74400CE   3.94   -5.52 CALL unwind -46640   PUT added 257460  CE_OI=182460 PE_OI=718860
pcr16 =  BSE:SENSEX26SEP74300PE   5.44   -67.99 CALL unwind -4520   PUT added 307300  CE_OI=114220 PE_OI=621080
pcr17 =  BSE:SENSEX26SEP74200PE   10.52   42.43 CALL added 4940   PUT added 209580  CE_OI=51080 PE_OI=537220
PCRSUM== 32.89
pcrSummation== 10.5
spotLTP =  74980.96  ATM_STRIKE =  75000
IS_ATM_STRIKE_SHIFT = False  mapStrike = {75000: 75000}
avgOiPcrList2 = [np.float64(1.93), np.float64(1.93)] atmStrikeNotShiftedCount= 2
avgOiPcr9List2 = [np.float64(1.12), np.float64(1.17)] atmStrikeNotShiftedCount= 2
False   2   2
SUPP_RES=== 75000  Buffer= 32
ANCHOR_COMPARE: spot=74980.96 fut=74918.75 basis(fut-spot)=-62.21 | SR_spot(PRIMARY)=75000 SR_future=75000 SR_diff(fut-spot)=0 | PCRwin_spot(PRIMARY)=75000 PCRwin_future=74900
CEoich val =  517520.0  PEoich val =  527060.0 , CE < PE by 1.8%
SUPP_RES TOTAL OI: CE= 1019160  PE= 750780 , CE > PE by 26.3%
INCR_CHOI: SUPP_RES=75000 role=RESISTANCE fresh_CE=43380 fresh_PE=68700 -> PE_dominant by 36.9% (resistance CHALLENGED (bullish warning)) | cumulative CE=517520.0 PE=527060.0
==========================
FUT_SUPP_RES=== 75000  (FUT_LTP= 74918.75 ) Buffer= 32
FUT CEoich val =  517520.0  PEoich val =  527060.0 , CE < PE by 1.8%
FUT_SUPP_RES TOTAL OI: CE= 1019160  PE= 750780 , CE > PE by 26.3%
OI_SUPP_RES: spot=74980.96 ATM=75000 (win=±500 mode=CHOI) (ATM_CE_OI=1019160 ATM_PE_OI=750780) | SUPPORT=74700PE CHOI=1163480 (dist=-300) | RESISTANCE=75000CE CHOI=517520 (dist=0)
OI_SUPPORT=== 74700
OI_SUPPORT CEoich val = 420320.0  PEoich val = 1163480.0 , CE < PE by 63.9%
OI_SUPPORT TOTAL OI: CE= 639260  PE= 1359220 , CE < PE by 53.0%
OI_RESISTANCE=== 75000
OI_RESISTANCE CEoich val = 517520.0  PEoich val = 527060.0 , CE < PE by 1.8%
OI_RESISTANCE TOTAL OI: CE= 1019160  PE= 750780 , CE > PE by 26.3%
IS_MORNING_WINDOW= False  (active 9:15-9:48 IST)
================================================
==== signal check time ==== 2026-09-21 14:03:00.580701
CHART_PATTERN_DETECTED: SHOOTING_STAR | INSIDE_BAR
  PATTERN_CONTEXT: Body= -11.4  Range= 55.2  ExpectedRange= 63.2  RangeRatio= 0.87  O= 74930.2  H= 74974.0  L= 74918.8  C= 74918.8
ATMStrike =  75000
AVG_OIPCR= 1.17
avgoiPCROld=  1.93
AVG_OIPCR_9STRIKE= 1.17  (pcr5..pcr13 = ATM +/-4, 9 strikes)
SUPP_RES = 75000
spotLTP = 74980.96
FUT LTP = 74918.75
CEchoi  PechOi = 517520.0    527060.0
====================================
atmPCR= 0.17  belowATM  0.22
CHOI_DOM_GATE: gate_on= True  bull_ok= False  bear_ok= False | isPE_DomSupp_once= False  fresh_PE= 68700 | isCE_DomRes_once= False  fresh_CE= 43380
India VIX = 11.19  Spot Price = 74961.24
IV Regime = NORMAL (ADAPTIVE: P25= 11.13  P50= 11.38  P75= 11.98 ) | DailyRange = 1198.3 | 3minCandleRange = 63.1 (theoretical= 105.1 ) | ATMoptionMove = 28.4 | SL = 99 | Target = 99 | TrailTrigger = 28 | Spread = 300 | Buffer = 32
IV Params refreshed: {'vix': 11.19, 'bn_price': 74961.24, 'regime': 'NORMAL', 'regime_thresholds': 'P25=11.13 P50=11.38 P75=11.98', 'daily_range': 1198.3, 'candle_range': 63.1, 'atm_option_move': 28.4, 'sl_point': 99, 'target_point': 99, 'sl_pct_of_premium': 0.1, 'trail_trigger': 28, 'spread_width': 300, 'support_resistance_buffer': 32}
===
====after 3 min ochain==== 2026-09-21 14:06:00.000001
                                    oipcr   choipcr   CE_OI / PE_OI (same strike)
pcr1 =  BSE:SENSEX26SEP75800CE   0.02   0.02 CALL added 147060   PUT added 2240  CE_OI=241740 PE_OI=5380
pcr2 =  BSE:SENSEX26SEP75700PE   0.06   0.06 CALL added 319640   PUT added 20280  CE_OI=442520 PE_OI=27460
pcr3 =  BSE:SENSEX26SEP75600CE   0.04   0.04 CALL added 143800   PUT added 6220  CE_OI=273640 PE_OI=10820
pcr4 =  BSE:SENSEX26SEP75500PE   0.12   0.08 CALL added 340960   PUT added 26760  CE_OI=647360 PE_OI=75120
pcr5 =  BSE:SENSEX26SEP75400CE   0.17   0.16 CALL added 148880   PUT added 23100  CE_OI=239120 PE_OI=39560
pcr6 =  BSE:SENSEX26SEP75300PE   0.21    0.25 CALL added 163720   PUT added 41480  CE_OI=266900 PE_OI=56140
pcr7 =  BSE:SENSEX26SEP75200CE   0.53   0.8 CALL added 161980   PUT added 129100  CE_OI=286660 PE_OI=153360
pcr8 =  BSE:SENSEX26SEP75100CE   0.38   0.53 CALL added 194600   PUT added 103440  CE_OI=410400 PE_OI=157580
pcr9 =  BSE:SENSEX26SEP75000PE   0.75   1.03 CALL added 540760   PUT added 555720  CE_OI=1042400 PE_OI=779440
pcr10 =  BSE:SENSEX26SEP74900CE   1.2   1.9 CALL added 276020   PUT added 523380  CE_OI=474200 PE_OI=570620
pcr11 =  BSE:SENSEX26SEP74800PE   1.6   1.92 CALL added 446380   PUT added 855400  CE_OI=596680 PE_OI=956600
pcr12 =  BSE:SENSEX26SEP74700CE   2.12   2.75 CALL added 422560   PUT added 1161960  CE_OI=641500 PE_OI=1357700
pcr13 =  BSE:SENSEX26SEP74600PE   3.54   17.81 CALL added 45300   PUT added 806720  CE_OI=364440 PE_OI=1289540
pcr14 =  BSE:SENSEX26SEP74500PE   2.31   -3.37 CALL unwind -165920   PUT added 559940  CE_OI=680140 PE_OI=1568940
pcr15 =  BSE:SENSEX26SEP74400CE   3.94   -5.55 CALL unwind -46460   PUT added 257820  CE_OI=182640 PE_OI=719220
pcr16 =  BSE:SENSEX26SEP74300PE   5.39   -70.06 CALL unwind -4320   PUT added 302680  CE_OI=114420 PE_OI=616460
pcr17 =  BSE:SENSEX26SEP74200PE   10.18   36.85 CALL added 5320   PUT added 196060  CE_OI=51460 PE_OI=523700
PCRSUM== 32.56
pcrSummation== 10.5
spotLTP =  74961.24  ATM_STRIKE =  75000
IS_ATM_STRIKE_SHIFT = False  mapStrike = {75000: 75000}
avgOiPcrList2 = [np.float64(1.93), np.float64(1.93), np.float64(1.92)] atmStrikeNotShiftedCount= 3
avgOiPcr9List2 = [np.float64(1.12), np.float64(1.17), np.float64(1.17)] atmStrikeNotShiftedCount= 3
False   3   3
SUPP_RES=== 75000  Buffer= 32
ANCHOR_COMPARE: spot=74961.24 fut=74918.75 basis(fut-spot)=-42.49 | SR_spot(PRIMARY)=75000 SR_future=75000 SR_diff(fut-spot)=0 | PCRwin_spot(PRIMARY)=75000 PCRwin_future=74900
CEoich val =  540760.0  PEoich val =  555720.0 , CE < PE by 2.7%
SUPP_RES TOTAL OI: CE= 1042400  PE= 779440 , CE > PE by 25.2%
INCR_CHOI: SUPP_RES=75000 role=RESISTANCE fresh_CE=23240 fresh_PE=28660 -> PE_dominant by 18.9% (resistance CHALLENGED (bullish warning)) | cumulative CE=540760.0 PE=555720.0
==========================
FUT_SUPP_RES=== 75000  (FUT_LTP= 74918.75 ) Buffer= 32
FUT CEoich val =  540760.0  PEoich val =  555720.0 , CE < PE by 2.7%
FUT_SUPP_RES TOTAL OI: CE= 1042400  PE= 779440 , CE > PE by 25.2%
OI_SUPP_RES: spot=74961.24 ATM=75000 (win=±500 mode=CHOI) (ATM_CE_OI=1042400 ATM_PE_OI=779440) | SUPPORT=74700PE CHOI=1161960 (dist=-300) | RESISTANCE=75000CE CHOI=540760 (dist=0)
OI_SUPPORT=== 74700
OI_SUPPORT CEoich val = 422560.0  PEoich val = 1161960.0 , CE < PE by 63.6%
OI_SUPPORT TOTAL OI: CE= 641500  PE= 1357700 , CE < PE by 52.8%
OI_RESISTANCE=== 75000
OI_RESISTANCE CEoich val = 540760.0  PEoich val = 555720.0 , CE < PE by 2.7%
OI_RESISTANCE TOTAL OI: CE= 1042400  PE= 779440 , CE > PE by 25.2%
IS_MORNING_WINDOW= False  (active 9:15-9:48 IST)
================================================
==== signal check time ==== 2026-09-21 14:06:00.581759
CHART_PATTERN_DETECTED: INSIDE_BAR
  PATTERN_CONTEXT: Body= 0.0  Range= 0.0  ExpectedRange= 63.1  RangeRatio= 0.0  O= 74918.8  H= 74918.8  L= 74918.8  C= 74918.8
PCR9_SEQ_FLAT: 1.12 -> 1.17 -> 1.17 (not monotonic)
recent two = [np.float64(1.93), np.float64(1.92)]
ATMStrike =  75000
AVG_OIPCR= 1.17
avgoiPCROld=  1.92
AVG_OIPCR_9STRIKE= 1.17  (pcr5..pcr13 = ATM +/-4, 9 strikes)
SUPP_RES = 75000
spotLTP = 74961.24
FUT LTP = 74918.75
CEchoi  PechOi = 540760.0    555720.0
====================================
atmPCR= 0.17  belowATM  0.21
CHOI_DOM_GATE: gate_on= True  bull_ok= False  bear_ok= False | isPE_DomSupp_once= False  fresh_PE= 28660 | isCE_DomRes_once= False  fresh_CE= 23240
India VIX = 11.24  Spot Price = 74950.97
IV Regime = NORMAL (ADAPTIVE: P25= 11.13  P50= 11.38  P75= 11.98 ) | DailyRange = 1203.5 | 3minCandleRange = 63.3 (theoretical= 105.6 ) | ATMoptionMove = 28.5 | SL = 100 | Target = 100 | TrailTrigger = 28 | Spread = 300 | Buffer = 32
IV Params refreshed: {'vix': 11.24, 'bn_price': 74950.97, 'regime': 'NORMAL', 'regime_thresholds': 'P25=11.13 P50=11.38 P75=11.98', 'daily_range': 1203.5, 'candle_range': 63.3, 'atm_option_move': 28.5, 'sl_point': 100, 'target_point': 100, 'sl_pct_of_premium': 0.1, 'trail_trigger': 28, 'spread_width': 300, 'support_resistance_buffer': 32}
===
====after 3 min ochain==== 2026-09-21 14:09:00.000003
                                    oipcr   choipcr   CE_OI / PE_OI (same strike)
pcr1 =  BSE:SENSEX26SEP75800CE   0.02   0.02 CALL added 153980   PUT added 2360  CE_OI=248660 PE_OI=5500
pcr2 =  BSE:SENSEX26SEP75700PE   0.06   0.06 CALL added 277820   PUT added 17800  CE_OI=400700 PE_OI=24980
pcr3 =  BSE:SENSEX26SEP75600CE   0.04   0.05 CALL added 143580   PUT added 6500  CE_OI=273420 PE_OI=11100
pcr4 =  BSE:SENSEX26SEP75500PE   0.12   0.08 CALL added 337200   PUT added 27200  CE_OI=643600 PE_OI=75560
pcr5 =  BSE:SENSEX26SEP75400CE   0.17   0.16 CALL added 152580   PUT added 24360  CE_OI=242820 PE_OI=40820
pcr6 =  BSE:SENSEX26SEP75300PE   0.21    0.25 CALL added 162620   PUT added 41120  CE_OI=265800 PE_OI=55780
pcr7 =  BSE:SENSEX26SEP75200CE   0.51   0.75 CALL added 159320   PUT added 120160  CE_OI=284000 PE_OI=144420
pcr8 =  BSE:SENSEX26SEP75100CE   0.39   0.53 CALL added 200820   PUT added 107060  CE_OI=416620 PE_OI=161200
pcr9 =  BSE:SENSEX26SEP75000PE   0.75   1.03 CALL added 566160   PUT added 580380  CE_OI=1067800 PE_OI=804100
pcr10 =  BSE:SENSEX26SEP74900CE   1.21   1.89 CALL added 282400   PUT added 534700  CE_OI=480580 PE_OI=581940
pcr11 =  BSE:SENSEX26SEP74800PE   1.62   1.94 CALL added 447180   PUT added 867920  CE_OI=597480 PE_OI=969120
pcr12 =  BSE:SENSEX26SEP74700CE   2.14   2.79 CALL added 417700   PUT added 1163900  CE_OI=636640 PE_OI=1359640
pcr13 =  BSE:SENSEX26SEP74600PE   3.58   20.21 CALL added 39760   PUT added 803500  CE_OI=358900 PE_OI=1286320
pcr14 =  BSE:SENSEX26SEP74500PE   2.35   -3.06 CALL unwind -180520   PUT added 551700  CE_OI=665540 PE_OI=1560700
pcr15 =  BSE:SENSEX26SEP74400CE   4.04   -5.45 CALL unwind -48960   PUT added 266660  CE_OI=180140 PE_OI=728060
pcr16 =  BSE:SENSEX26SEP74300PE   5.42   -70.32 CALL unwind -4360   PUT added 306580  CE_OI=114380 PE_OI=620360
pcr17 =  BSE:SENSEX26SEP74200PE   10.11   36.53 CALL added 5260   PUT added 192140  CE_OI=51400 PE_OI=519780
PCRSUM== 32.74
pcrSummation== 10.58
spotLTP =  74950.97  ATM_STRIKE =  75000
IS_ATM_STRIKE_SHIFT = False  mapStrike = {75000: 75000}
avgOiPcrList2 = [np.float64(1.93), np.float64(1.92), np.float64(1.93)] atmStrikeNotShiftedCount= 4
avgOiPcr9List2 = [np.float64(1.17), np.float64(1.17), np.float64(1.18)] atmStrikeNotShiftedCount= 4
False   4   3
SUPP_RES=== 75000  Buffer= 32
ANCHOR_COMPARE: spot=74950.97 fut=74918.75 basis(fut-spot)=-32.22 | SR_spot(PRIMARY)=75000 SR_future=75000 SR_diff(fut-spot)=0 | PCRwin_spot(PRIMARY)=75000 PCRwin_future=74900
CEoich val =  566160.0  PEoich val =  580380.0 , CE < PE by 2.5%
SUPP_RES TOTAL OI: CE= 1067800  PE= 804100 , CE > PE by 24.7%
INCR_CHOI: SUPP_RES=75000 role=RESISTANCE fresh_CE=25400 fresh_PE=24660 -> CE_dominant by 2.9% (resistance HOLDING (bearish)) | cumulative CE=566160.0 PE=580380.0
==========================
FUT_SUPP_RES=== 75000  (FUT_LTP= 74918.75 ) Buffer= 32
FUT CEoich val =  566160.0  PEoich val =  580380.0 , CE < PE by 2.5%
FUT_SUPP_RES TOTAL OI: CE= 1067800  PE= 804100 , CE > PE by 24.7%
OI_SUPP_RES: spot=74950.97 ATM=75000 (win=±500 mode=CHOI) (ATM_CE_OI=1067800 ATM_PE_OI=804100) | SUPPORT=74700PE CHOI=1163900 (dist=-300) | RESISTANCE=75000CE CHOI=566160 (dist=0)
OI_SUPPORT=== 74700
OI_SUPPORT CEoich val = 417700.0  PEoich val = 1163900.0 , CE < PE by 64.1%
OI_SUPPORT TOTAL OI: CE= 636640  PE= 1359640 , CE < PE by 53.2%
OI_RESISTANCE=== 75000
OI_RESISTANCE CEoich val = 566160.0  PEoich val = 580380.0 , CE < PE by 2.5%
OI_RESISTANCE TOTAL OI: CE= 1067800  PE= 804100 , CE > PE by 24.7%
IS_MORNING_WINDOW= False  (active 9:15-9:48 IST)
================================================
==== signal check time ==== 2026-09-21 14:09:00.618826
CHART_PATTERN_DETECTED: INSIDE_BAR
  PATTERN_CONTEXT: Body= 0.0  Range= 0.0  ExpectedRange= 63.3  RangeRatio= 0.0  O= 74918.8  H= 74918.8  L= 74918.8  C= 74918.8
PCR9_SEQ_FLAT: 1.17 -> 1.17 -> 1.18 (not monotonic)
recent two = [np.float64(1.92), np.float64(1.93)]
isCE_DominantAtRes_once = True  isCE_DominantAtRes_twice = False  isCE_DominantAtRes_trice = False (CE_res_streak= 1 )
ATMStrike =  75000
AVG_OIPCR= 1.18
avgoiPCROld=  1.93
AVG_OIPCR_9STRIKE= 1.18  (pcr5..pcr13 = ATM +/-4, 9 strikes)
SUPP_RES = 75000
spotLTP = 74950.97
FUT LTP = 74918.75
CEchoi  PechOi = 566160.0    580380.0
====================================
atmPCR= 0.17  belowATM  0.21
CHOI_DOM_GATE: gate_on= True  bull_ok= False  bear_ok= True | isPE_DomSupp_once= False  fresh_PE= 24660 | isCE_DomRes_once= True  fresh_CE= 25400
India VIX = 11.25  Spot Price = 74956.1
IV Regime = NORMAL (ADAPTIVE: P25= 11.13  P50= 11.38  P75= 11.98 ) | DailyRange = 1204.7 | 3minCandleRange = 63.4 (theoretical= 105.7 ) | ATMoptionMove = 28.5 | SL = 100 | Target = 100 | TrailTrigger = 29 | Spread = 300 | Buffer = 32
IV Params refreshed: {'vix': 11.25, 'bn_price': 74956.1, 'regime': 'NORMAL', 'regime_thresholds': 'P25=11.13 P50=11.38 P75=11.98', 'daily_range': 1204.7, 'candle_range': 63.4, 'atm_option_move': 28.5, 'sl_point': 100, 'target_point': 100, 'sl_pct_of_premium': 0.1, 'trail_trigger': 29, 'spread_width': 300, 'support_resistance_buffer': 32}
===
====after 3 min ochain==== 2026-09-21 14:12:00.000002
                                    oipcr   choipcr   CE_OI / PE_OI (same strike)
pcr1 =  BSE:SENSEX26SEP75800CE   0.02   0.02 CALL added 149880   PUT added 2360  CE_OI=244560 PE_OI=5500
pcr2 =  BSE:SENSEX26SEP75700PE   0.06   0.07 CALL added 268620   PUT added 17520  CE_OI=391500 PE_OI=24700
pcr3 =  BSE:SENSEX26SEP75600CE   0.04   0.05 CALL added 139900   PUT added 6420  CE_OI=269740 PE_OI=11020
pcr4 =  BSE:SENSEX26SEP75500PE   0.12   0.08 CALL added 327980   PUT added 24660  CE_OI=634380 PE_OI=73020
pcr5 =  BSE:SENSEX26SEP75400CE   0.17   0.16 CALL added 147940   PUT added 24060  CE_OI=238180 PE_OI=40520
pcr6 =  BSE:SENSEX26SEP75300PE   0.2    0.24 CALL added 172300   PUT added 41060  CE_OI=275480 PE_OI=55720
pcr7 =  BSE:SENSEX26SEP75200CE   0.5   0.73 CALL added 163360   PUT added 118940  CE_OI=288040 PE_OI=143200
pcr8 =  BSE:SENSEX26SEP75100CE   0.38   0.52 CALL added 201660   PUT added 105460  CE_OI=417460 PE_OI=159600
pcr9 =  BSE:SENSEX26SEP75000PE   0.76   1.02 CALL added 610060   PUT added 621340  CE_OI=1111700 PE_OI=845060
pcr10 =  BSE:SENSEX26SEP74900CE   1.2   1.86 CALL added 290820   PUT added 539500  CE_OI=489000 PE_OI=586740
pcr11 =  BSE:SENSEX26SEP74800PE   1.62   1.94 CALL added 446300   PUT added 866360  CE_OI=596600 PE_OI=967560
pcr12 =  BSE:SENSEX26SEP74700CE   2.15   2.83 CALL added 410780   PUT added 1161020  CE_OI=629720 PE_OI=1356760
pcr13 =  BSE:SENSEX26SEP74600PE   3.59   20.64 CALL added 38920   PUT added 803260  CE_OI=358060 PE_OI=1286080
pcr14 =  BSE:SENSEX26SEP74500PE   2.42   -2.59 CALL unwind -207080   PUT added 535940  CE_OI=638980 PE_OI=1544940
pcr15 =  BSE:SENSEX26SEP74400CE   4.01   -5.37 CALL unwind -48660   PUT added 261360  CE_OI=180440 PE_OI=722760
pcr16 =  BSE:SENSEX26SEP74300PE   5.59   -41.94 CALL unwind -7360   PUT added 308660  CE_OI=111380 PE_OI=622440
pcr17 =  BSE:SENSEX26SEP74200PE   10.13   37.17 CALL added 5160   PUT added 191780  CE_OI=51300 PE_OI=519420
PCRSUM== 32.96
pcrSummation== 10.57
spotLTP =  74956.1  ATM_STRIKE =  75000
IS_ATM_STRIKE_SHIFT = False  mapStrike = {75000: 75000}
avgOiPcrList2 = [np.float64(1.92), np.float64(1.93), np.float64(1.94)] atmStrikeNotShiftedCount= 5
avgOiPcr9List2 = [np.float64(1.17), np.float64(1.18), np.float64(1.17)] atmStrikeNotShiftedCount= 5
False   5   3
SUPP_RES=== 75000  Buffer= 32
ANCHOR_COMPARE: spot=74956.1 fut=74905.5 basis(fut-spot)=-50.6 | SR_spot(PRIMARY)=75000 SR_future=75000 SR_diff(fut-spot)=0 | PCRwin_spot(PRIMARY)=75000 PCRwin_future=74900
CEoich val =  610060.0  PEoich val =  621340.0 , CE < PE by 1.8%
SUPP_RES TOTAL OI: CE= 1111700  PE= 845060 , CE > PE by 24.0%
INCR_CHOI: SUPP_RES=75000 role=RESISTANCE fresh_CE=43900 fresh_PE=40960 -> CE_dominant by 6.7% (resistance HOLDING (bearish)) | cumulative CE=610060.0 PE=621340.0
==========================
FUT_SUPP_RES=== 75000  (FUT_LTP= 74905.5 ) Buffer= 32
FUT CEoich val =  610060.0  PEoich val =  621340.0 , CE < PE by 1.8%
FUT_SUPP_RES TOTAL OI: CE= 1111700  PE= 845060 , CE > PE by 24.0%
OI_SUPP_RES: spot=74956.1 ATM=75000 (win=±500 mode=CHOI) (ATM_CE_OI=1111700 ATM_PE_OI=845060) | SUPPORT=74700PE CHOI=1161020 (dist=-300) | RESISTANCE=75000CE CHOI=610060 (dist=0)
OI_SUPPORT=== 74700
OI_SUPPORT CEoich val = 410780.0  PEoich val = 1161020.0 , CE < PE by 64.6%
OI_SUPPORT TOTAL OI: CE= 629720  PE= 1356760 , CE < PE by 53.6%
OI_RESISTANCE=== 75000
OI_RESISTANCE CEoich val = 610060.0  PEoich val = 621340.0 , CE < PE by 1.8%
OI_RESISTANCE TOTAL OI: CE= 1111700  PE= 845060 , CE > PE by 24.0%
IS_MORNING_WINDOW= False  (active 9:15-9:48 IST)
================================================
==== signal check time ==== 2026-09-21 14:12:00.596449
CHART_PATTERN_DETECTED: OUTSIDE_BAR | DOUBLE_BOTTOM_FORMING
  PATTERN_CONTEXT: Body= -43.9  Range= 45.2  ExpectedRange= 63.4  RangeRatio= 0.71  O= 74949.4  H= 74950.8  L= 74905.5  C= 74905.5
PCR9_SEQ_FLAT: 1.17 -> 1.18 -> 1.17 (not monotonic)
isPcrInc = True
PCR_SEQ_INC: 1.92 -> 1.93 -> 1.94 | pcr2 > pcr1 by +0.5% | pcr3 > pcr2 by +0.5%
isCE_DominantAtRes_once = True  isCE_DominantAtRes_twice = True  isCE_DominantAtRes_trice = False (CE_res_streak= 2 )
ATMStrike =  75000
AVG_OIPCR= 1.17
avgoiPCROld=  1.94
AVG_OIPCR_9STRIKE= 1.17  (pcr5..pcr13 = ATM +/-4, 9 strikes)
SUPP_RES = 75000
spotLTP = 74956.1
FUT LTP = 74905.5
CEchoi  PechOi = 610060.0    621340.0
====================================
atmPCR= 0.17  belowATM  0.2
CHOI_DOM_GATE: gate_on= True  bull_ok= False  bear_ok= True | isPE_DomSupp_once= False  fresh_PE= 40960 | isCE_DomRes_once= True  fresh_CE= 43900
no trade yet = [np.float64(1.92), np.float64(1.93), np.float64(1.94)]
India VIX = 11.27  Spot Price = 74950.34
IV Regime = NORMAL (ADAPTIVE: P25= 11.13  P50= 11.38  P75= 11.98 ) | DailyRange = 1206.7 | 3minCandleRange = 63.5 (theoretical= 105.8 ) | ATMoptionMove = 28.6 | SL = 100 | Target = 100 | TrailTrigger = 29 | Spread = 300 | Buffer = 32
IV Params refreshed: {'vix': 11.27, 'bn_price': 74950.34, 'regime': 'NORMAL', 'regime_thresholds': 'P25=11.13 P50=11.38 P75=11.98', 'daily_range': 1206.7, 'candle_range': 63.5, 'atm_option_move': 28.6, 'sl_point': 100, 'target_point': 100, 'sl_pct_of_premium': 0.1, 'trail_trigger': 29, 'spread_width': 300, 'support_resistance_buffer': 32}
===
====after 3 min ochain==== 2026-09-21 14:15:00.000003
                                    oipcr   choipcr   CE_OI / PE_OI (same strike)
pcr1 =  BSE:SENSEX26SEP75800CE   0.02   0.02 CALL added 147020   PUT added 2600  CE_OI=241700 PE_OI=5740
pcr2 =  BSE:SENSEX26SEP75700PE   0.06   0.06 CALL added 265280   PUT added 16460  CE_OI=388160 PE_OI=23640
pcr3 =  BSE:SENSEX26SEP75600CE   0.04   0.05 CALL added 135680   PUT added 6560  CE_OI=265520 PE_OI=11160
pcr4 =  BSE:SENSEX26SEP75500PE   0.12   0.08 CALL added 319320   PUT added 25200  CE_OI=625720 PE_OI=73560
pcr5 =  BSE:SENSEX26SEP75400CE   0.17   0.16 CALL added 149320   PUT added 23940  CE_OI=239560 PE_OI=40400
pcr6 =  BSE:SENSEX26SEP75300PE   0.2    0.24 CALL added 164260   PUT added 39020  CE_OI=267440 PE_OI=53680
pcr7 =  BSE:SENSEX26SEP75200CE   0.5   0.74 CALL added 158240   PUT added 117480  CE_OI=282920 PE_OI=141740
pcr8 =  BSE:SENSEX26SEP75100CE   0.38   0.5 CALL added 210920   PUT added 106020  CE_OI=426720 PE_OI=160160
pcr9 =  BSE:SENSEX26SEP75000PE   0.74   0.97 CALL added 635120   PUT added 618200  CE_OI=1136760 PE_OI=841920
pcr10 =  BSE:SENSEX26SEP74900CE   1.16   1.76 CALL added 303700   PUT added 534600  CE_OI=501880 PE_OI=581840
pcr11 =  BSE:SENSEX26SEP74800PE   1.69   2.05 CALL added 426680   PUT added 876600  CE_OI=576980 PE_OI=977800
pcr12 =  BSE:SENSEX26SEP74700CE   2.16   2.84 CALL added 409300   PUT added 1161840  CE_OI=628240 PE_OI=1357580
pcr13 =  BSE:SENSEX26SEP74600PE   3.59   21.11 CALL added 37920   PUT added 800680  CE_OI=357060 PE_OI=1283500
pcr14 =  BSE:SENSEX26SEP74500PE   2.42   -2.47 CALL unwind -212060   PUT added 524180  CE_OI=634000 PE_OI=1533180
pcr15 =  BSE:SENSEX26SEP74400CE   3.98   -5.33 CALL unwind -48320   PUT added 257780  CE_OI=180780 PE_OI=719180
pcr16 =  BSE:SENSEX26SEP74300PE   5.48   -62.83 CALL unwind -4940   PUT added 310360  CE_OI=113800 PE_OI=624140
pcr17 =  BSE:SENSEX26SEP74200PE   10.08   35.93 CALL added 5320   PUT added 191160  CE_OI=51460 PE_OI=518800
PCRSUM== 32.79
pcrSummation== 10.59
spotLTP =  74950.34  ATM_STRIKE =  75000
IS_ATM_STRIKE_SHIFT = False  mapStrike = {75000: 75000}
avgOiPcrList2 = [np.float64(1.93), np.float64(1.94), np.float64(1.93)] atmStrikeNotShiftedCount= 6
avgOiPcr9List2 = [np.float64(1.18), np.float64(1.17), np.float64(1.18)] atmStrikeNotShiftedCount= 6
False   6   3
SUPP_RES=== 75000  Buffer= 32
ANCHOR_COMPARE: spot=74950.34 fut=74907.65 basis(fut-spot)=-42.69 | SR_spot(PRIMARY)=75000 SR_future=75000 SR_diff(fut-spot)=0 | PCRwin_spot(PRIMARY)=75000 PCRwin_future=74900
CEoich val =  635120.0  PEoich val =  618200.0 , CE > PE by 2.7%
SUPP_RES TOTAL OI: CE= 1136760  PE= 841920 , CE > PE by 25.9%
INCR_CHOI: SUPP_RES=75000 role=RESISTANCE fresh_CE=25060 fresh_PE=-3140 -> CE_dominant by 112.5% (resistance HOLDING (bearish)) | cumulative CE=635120.0 PE=618200.0
==========================
FUT_SUPP_RES=== 75000  (FUT_LTP= 74907.65 ) Buffer= 32
FUT CEoich val =  635120.0  PEoich val =  618200.0 , CE > PE by 2.7%
FUT_SUPP_RES TOTAL OI: CE= 1136760  PE= 841920 , CE > PE by 25.9%
OI_SUPP_RES: spot=74950.34 ATM=75000 (win=±500 mode=CHOI) (ATM_CE_OI=1136760 ATM_PE_OI=841920) | SUPPORT=74700PE CHOI=1161840 (dist=-300) | RESISTANCE=75000CE CHOI=635120 (dist=0)
OI_SUPPORT=== 74700
OI_SUPPORT CEoich val = 409300.0  PEoich val = 1161840.0 , CE < PE by 64.8%
OI_SUPPORT TOTAL OI: CE= 628240  PE= 1357580 , CE < PE by 53.7%
OI_RESISTANCE=== 75000
OI_RESISTANCE CEoich val = 635120.0  PEoich val = 618200.0 , CE > PE by 2.7%
OI_RESISTANCE TOTAL OI: CE= 1136760  PE= 841920 , CE > PE by 25.9%
IS_MORNING_WINDOW= False  (active 9:15-9:48 IST)
================================================
==== signal check time ==== 2026-09-21 14:15:00.598014
CHART_PATTERN_DETECTED: INSIDE_BAR | DOUBLE_BOTTOM_FORMING
  PATTERN_CONTEXT: Body= 0.0  Range= 0.0  ExpectedRange= 63.5  RangeRatio= 0.0  O= 74907.6  H= 74907.6  L= 74907.6  C= 74907.6
PCR9_SEQ_FLAT: 1.18 -> 1.17 -> 1.18 (not monotonic)
recent two = [np.float64(1.94), np.float64(1.93)]
isCE_DominantAtRes_once = True  isCE_DominantAtRes_twice = True  isCE_DominantAtRes_trice = True (CE_res_streak= 3 )
ATMStrike =  75000
AVG_OIPCR= 1.18
avgoiPCROld=  1.93
AVG_OIPCR_9STRIKE= 1.18  (pcr5..pcr13 = ATM +/-4, 9 strikes)
SUPP_RES = 75000
spotLTP = 74950.34
FUT LTP = 74907.65
CEchoi  PechOi = 635120.0    618200.0
====================================
atmPCR= 0.17  belowATM  0.2
CHOI_DOM_GATE: gate_on= True  bull_ok= False  bear_ok= True | isPE_DomSupp_once= False  fresh_PE= -3140 | isCE_DomRes_once= True  fresh_CE= 25060
India VIX = 11.28  Spot Price = 74954.82
IV Regime = NORMAL (ADAPTIVE: P25= 11.13  P50= 11.38  P75= 11.98 ) | DailyRange = 1207.8 | 3minCandleRange = 63.6 (theoretical= 105.9 ) | ATMoptionMove = 28.6 | SL = 100 | Target = 100 | TrailTrigger = 29 | Spread = 300 | Buffer = 32
IV Params refreshed: {'vix': 11.28, 'bn_price': 74954.82, 'regime': 'NORMAL', 'regime_thresholds': 'P25=11.13 P50=11.38 P75=11.98', 'daily_range': 1207.8, 'candle_range': 63.6, 'atm_option_move': 28.6, 'sl_point': 100, 'target_point': 100, 'sl_pct_of_premium': 0.1, 'trail_trigger': 29, 'spread_width': 300, 'support_resistance_buffer': 32}
===
====after 3 min ochain==== 2026-09-21 14:18:00.000002
                                    oipcr   choipcr   CE_OI / PE_OI (same strike)
pcr1 =  BSE:SENSEX26SEP75800CE   0.02   0.02 CALL added 139040   PUT added 2600  CE_OI=233720 PE_OI=5740
pcr2 =  BSE:SENSEX26SEP75700PE   0.06   0.06 CALL added 274880   PUT added 16260  CE_OI=397760 PE_OI=23440
pcr3 =  BSE:SENSEX26SEP75600CE   0.04   0.05 CALL added 138560   PUT added 6580  CE_OI=268400 PE_OI=11180
pcr4 =  BSE:SENSEX26SEP75500PE   0.12   0.08 CALL added 319680   PUT added 25360  CE_OI=626080 PE_OI=73720
pcr5 =  BSE:SENSEX26SEP75400CE   0.17   0.16 CALL added 151100   PUT added 23800  CE_OI=241340 PE_OI=40260
pcr6 =  BSE:SENSEX26SEP75300PE   0.22    0.27 CALL added 167640   PUT added 44580  CE_OI=270820 PE_OI=59240
pcr7 =  BSE:SENSEX26SEP75200CE   0.48   0.69 CALL added 170420   PUT added 117280  CE_OI=295100 PE_OI=141540
pcr8 =  BSE:SENSEX26SEP75100CE   0.37   0.48 CALL added 219680   PUT added 104920  CE_OI=435480 PE_OI=159060
pcr9 =  BSE:SENSEX26SEP75000PE   0.69   0.87 CALL added 660840   PUT added 577880  CE_OI=1162480 PE_OI=801600
pcr10 =  BSE:SENSEX26SEP74900CE   1.15   1.73 CALL added 307660   PUT added 533580  CE_OI=505840 PE_OI=580820
pcr11 =  BSE:SENSEX26SEP74800PE   1.67   2.02 CALL added 435960   PUT added 878960  CE_OI=586260 PE_OI=980160
pcr12 =  BSE:SENSEX26SEP74700CE   2.17   2.85 CALL added 407580   PUT added 1162800  CE_OI=626520 PE_OI=1358540
pcr13 =  BSE:SENSEX26SEP74600PE   3.59   20.93 CALL added 38200   PUT added 799660  CE_OI=357340 PE_OI=1282480
pcr14 =  BSE:SENSEX26SEP74500PE   2.41   -2.42 CALL unwind -213100   PUT added 516100  CE_OI=632960 PE_OI=1525100
pcr15 =  BSE:SENSEX26SEP74400CE   3.98   -5.29 CALL unwind -48600   PUT added 257180  CE_OI=180500 PE_OI=718580
pcr16 =  BSE:SENSEX26SEP74300PE   5.47   -65.04 CALL unwind -4760   PUT added 309600  CE_OI=113980 PE_OI=623380
pcr17 =  BSE:SENSEX26SEP74200PE   10.1   35.59 CALL added 5420   PUT added 192880  CE_OI=51560 PE_OI=520520
PCRSUM== 32.71
pcrSummation== 10.51
spotLTP =  74954.82  ATM_STRIKE =  75000
IS_ATM_STRIKE_SHIFT = False  mapStrike = {75000: 75000}
avgOiPcrList2 = [np.float64(1.94), np.float64(1.93), np.float64(1.92)] atmStrikeNotShiftedCount= 7
avgOiPcr9List2 = [np.float64(1.17), np.float64(1.18), np.float64(1.17)] atmStrikeNotShiftedCount= 7
False   7   3
SUPP_RES=== 75000  Buffer= 32
ANCHOR_COMPARE: spot=74954.82 fut=74907.65 basis(fut-spot)=-47.17 | SR_spot(PRIMARY)=75000 SR_future=75000 SR_diff(fut-spot)=0 | PCRwin_spot(PRIMARY)=75000 PCRwin_future=74900
CEoich val =  660840.0  PEoich val =  577880.0 , CE > PE by 12.6%
SUPP_RES TOTAL OI: CE= 1162480  PE= 801600 , CE > PE by 31.0%
INCR_CHOI: SUPP_RES=75000 role=RESISTANCE fresh_CE=25720 fresh_PE=-40320 -> CE_dominant by 163.8% (resistance HOLDING (bearish)) | cumulative CE=660840.0 PE=577880.0
==========================
FUT_SUPP_RES=== 75000  (FUT_LTP= 74907.65 ) Buffer= 32
FUT CEoich val =  660840.0  PEoich val =  577880.0 , CE > PE by 12.6%
FUT_SUPP_RES TOTAL OI: CE= 1162480  PE= 801600 , CE > PE by 31.0%
OI_SUPP_RES: spot=74954.82 ATM=75000 (win=±500 mode=CHOI) (ATM_CE_OI=1162480 ATM_PE_OI=801600) | SUPPORT=74700PE CHOI=1162800 (dist=-300) | RESISTANCE=75000CE CHOI=660840 (dist=0)
OI_SUPPORT=== 74700
OI_SUPPORT CEoich val = 407580.0  PEoich val = 1162800.0 , CE < PE by 64.9%
OI_SUPPORT TOTAL OI: CE= 626520  PE= 1358540 , CE < PE by 53.9%
OI_RESISTANCE=== 75000
OI_RESISTANCE CEoich val = 660840.0  PEoich val = 577880.0 , CE > PE by 12.6%
OI_RESISTANCE TOTAL OI: CE= 1162480  PE= 801600 , CE > PE by 31.0%
IS_MORNING_WINDOW= False  (active 9:15-9:48 IST)
================================================
==== signal check time ==== 2026-09-21 14:18:00.614597
CHART_PATTERN_DETECTED: INSIDE_BAR | DOUBLE_BOTTOM_FORMING
  PATTERN_CONTEXT: Body= 0.0  Range= 0.0  ExpectedRange= 63.6  RangeRatio= 0.0  O= 74907.6  H= 74907.6  L= 74907.6  C= 74907.6
PCR9_SEQ_FLAT: 1.17 -> 1.18 -> 1.17 (not monotonic)
isPcrDecr = True
PCR_SEQ_DEC: 1.94 -> 1.93 -> 1.92 | pcr2 < pcr1 by -0.5% | pcr3 < pcr2 by -0.5%
isCE_DominantAtRes_once = True  isCE_DominantAtRes_twice = True  isCE_DominantAtRes_trice = True (CE_res_streak= 4 )
ATMStrike =  75000
AVG_OIPCR= 1.17
avgoiPCROld=  1.92
AVG_OIPCR_9STRIKE= 1.17  (pcr5..pcr13 = ATM +/-4, 9 strikes)
SUPP_RES = 75000
spotLTP = 74954.82
FUT LTP = 74907.65
CEchoi  PechOi = 660840.0    577880.0
====================================
atmPCR= 0.17  belowATM  0.22
CHOI_DOM_GATE: gate_on= True  bull_ok= False  bear_ok= True | isPE_DomSupp_once= False  fresh_PE= -40320 | isCE_DomRes_once= True  fresh_CE= 25720
no trade yet = [np.float64(1.94), np.float64(1.93), np.float64(1.92)]
India VIX = 11.27  Spot Price = 74979.39
IV Regime = NORMAL (ADAPTIVE: P25= 11.13  P50= 11.38  P75= 11.98 ) | DailyRange = 1207.2 | 3minCandleRange = 63.5 (theoretical= 105.9 ) | ATMoptionMove = 28.6 | SL = 100 | Target = 100 | TrailTrigger = 29 | Spread = 300 | Buffer = 32
IV Params refreshed: {'vix': 11.27, 'bn_price': 74979.39, 'regime': 'NORMAL', 'regime_thresholds': 'P25=11.13 P50=11.38 P75=11.98', 'daily_range': 1207.2, 'candle_range': 63.5, 'atm_option_move': 28.6, 'sl_point': 100, 'target_point': 100, 'sl_pct_of_premium': 0.1, 'trail_trigger': 29, 'spread_width': 300, 'support_resistance_buffer': 32}
===
====after 3 min ochain==== 2026-09-21 14:21:00.000004
                                    oipcr   choipcr   CE_OI / PE_OI (same strike)
pcr1 =  BSE:SENSEX26SEP75800CE   0.02   0.02 CALL added 146220   PUT added 2740  CE_OI=240900 PE_OI=5880
pcr2 =  BSE:SENSEX26SEP75700PE   0.06   0.06 CALL added 267220   PUT added 16260  CE_OI=390100 PE_OI=23440
pcr3 =  BSE:SENSEX26SEP75600CE   0.04   0.05 CALL added 139360   PUT added 6680  CE_OI=269200 PE_OI=11280
pcr4 =  BSE:SENSEX26SEP75500PE   0.12   0.08 CALL added 325240   PUT added 24740  CE_OI=631640 PE_OI=73100
pcr5 =  BSE:SENSEX26SEP75400CE   0.16   0.15 CALL added 154240   PUT added 23700  CE_OI=244480 PE_OI=40160
pcr6 =  BSE:SENSEX26SEP75300PE   0.23    0.28 CALL added 170260   PUT added 47460  CE_OI=273440 PE_OI=62120
pcr7 =  BSE:SENSEX26SEP75200CE   0.48   0.68 CALL added 176000   PUT added 119280  CE_OI=300680 PE_OI=143540
pcr8 =  BSE:SENSEX26SEP75100CE   0.36   0.46 CALL added 234920   PUT added 107300  CE_OI=450720 PE_OI=161440
pcr9 =  BSE:SENSEX26SEP75000PE   0.68   0.86 CALL added 673920   PUT added 580780  CE_OI=1175560 PE_OI=804500
pcr10 =  BSE:SENSEX26SEP74900CE   1.17   1.77 CALL added 312440   PUT added 552080  CE_OI=510620 PE_OI=599320
pcr11 =  BSE:SENSEX26SEP74800PE   1.68   2.02 CALL added 431180   PUT added 872980  CE_OI=581480 PE_OI=974180
pcr12 =  BSE:SENSEX26SEP74700CE   2.18   2.88 CALL added 403280   PUT added 1163360  CE_OI=622220 PE_OI=1359100
pcr13 =  BSE:SENSEX26SEP74600PE   3.58   20.44 CALL added 39060   PUT added 798200  CE_OI=358200 PE_OI=1281020
pcr14 =  BSE:SENSEX26SEP74500PE   2.45   -2.52 CALL unwind -213520   PUT added 537960  CE_OI=632540 PE_OI=1546960
pcr15 =  BSE:SENSEX26SEP74400CE   3.97   -5.47 CALL unwind -47580   PUT added 260100  CE_OI=181520 PE_OI=721500
pcr16 =  BSE:SENSEX26SEP74300PE   5.42   -63.32 CALL unwind -4800   PUT added 303960  CE_OI=113940 PE_OI=617740
pcr17 =  BSE:SENSEX26SEP74200PE   10.08   35.47 CALL added 5420   PUT added 192240  CE_OI=51560 PE_OI=519880
PCRSUM== 32.68
pcrSummation== 10.52
spotLTP =  74979.03  ATM_STRIKE =  75000
IS_ATM_STRIKE_SHIFT = False  mapStrike = {75000: 75000}
avgOiPcrList2 = [np.float64(1.93), np.float64(1.92), np.float64(1.92)] atmStrikeNotShiftedCount= 8
avgOiPcr9List2 = [np.float64(1.18), np.float64(1.17), np.float64(1.17)] atmStrikeNotShiftedCount= 8
False   8   3
SUPP_RES=== 75000  Buffer= 32
ANCHOR_COMPARE: spot=74979.03 fut=74939.0 basis(fut-spot)=-40.03 | SR_spot(PRIMARY)=75000 SR_future=75000 SR_diff(fut-spot)=0 | PCRwin_spot(PRIMARY)=75000 PCRwin_future=74900
CEoich val =  673920.0  PEoich val =  580780.0 , CE > PE by 13.8%
SUPP_RES TOTAL OI: CE= 1175560  PE= 804500 , CE > PE by 31.6%
INCR_CHOI: SUPP_RES=75000 role=RESISTANCE fresh_CE=13080 fresh_PE=2900 -> CE_dominant by 77.8% (resistance HOLDING (bearish)) | cumulative CE=673920.0 PE=580780.0
==========================
FUT_SUPP_RES=== 75000  (FUT_LTP= 74939.0 ) Buffer= 32
FUT CEoich val =  673920.0  PEoich val =  580780.0 , CE > PE by 13.8%
FUT_SUPP_RES TOTAL OI: CE= 1175560  PE= 804500 , CE > PE by 31.6%
OI_SUPP_RES: spot=74979.03 ATM=75000 (win=±500 mode=CHOI) (ATM_CE_OI=1175560 ATM_PE_OI=804500) | SUPPORT=74700PE CHOI=1163360 (dist=-300) | RESISTANCE=75000CE CHOI=673920 (dist=0)
OI_SUPPORT=== 74700
OI_SUPPORT CEoich val = 403280.0  PEoich val = 1163360.0 , CE < PE by 65.3%
OI_SUPPORT TOTAL OI: CE= 622220  PE= 1359100 , CE < PE by 54.2%
OI_RESISTANCE=== 75000
OI_RESISTANCE CEoich val = 673920.0  PEoich val = 580780.0 , CE > PE by 13.8%
OI_RESISTANCE TOTAL OI: CE= 1175560  PE= 804500 , CE > PE by 31.6%
IS_MORNING_WINDOW= False  (active 9:15-9:48 IST)
================================================
==== signal check time ==== 2026-09-21 14:21:00.629395
CHART_PATTERN_DETECTED: DOUBLE_TOP_FORMING | DOUBLE_BOTTOM_FORMING
  PATTERN_CONTEXT: Body= 4.0  Range= 4.0  ExpectedRange= 63.5  RangeRatio= 0.06  O= 74935.0  H= 74939.0  L= 74935.0  C= 74939.0
PCR9_SEQ_FLAT: 1.18 -> 1.17 -> 1.17 (not monotonic)
neither = [np.float64(1.92)]
isCE_DominantAtRes_once = True  isCE_DominantAtRes_twice = True  isCE_DominantAtRes_trice = True (CE_res_streak= 5 )
ATMStrike =  75000
AVG_OIPCR= 1.17
avgoiPCROld=  1.92
AVG_OIPCR_9STRIKE= 1.17  (pcr5..pcr13 = ATM +/-4, 9 strikes)
SUPP_RES = 75000
spotLTP = 74979.03
FUT LTP = 74939.0
CEchoi  PechOi = 673920.0    580780.0
====================================
atmPCR= 0.16  belowATM  0.23
CHOI_DOM_GATE: gate_on= True  bull_ok= False  bear_ok= True | isPE_DomSupp_once= False  fresh_PE= 2900 | isCE_DomRes_once= True  fresh_CE= 13080
India VIX = 11.28  Spot Price = 74947.55
IV Regime = NORMAL (ADAPTIVE: P25= 11.13  P50= 11.38  P75= 11.98 ) | DailyRange = 1207.7 | 3minCandleRange = 63.6 (theoretical= 105.9 ) | ATMoptionMove = 28.6 | SL = 100 | Target = 100 | TrailTrigger = 29 | Spread = 300 | Buffer = 32
IV Params refreshed: {'vix': 11.28, 'bn_price': 74947.55, 'regime': 'NORMAL', 'regime_thresholds': 'P25=11.13 P50=11.38 P75=11.98', 'daily_range': 1207.7, 'candle_range': 63.6, 'atm_option_move': 28.6, 'sl_point': 100, 'target_point': 100, 'sl_pct_of_premium': 0.1, 'trail_trigger': 29, 'spread_width': 300, 'support_resistance_buffer': 32}
===
====after 3 min ochain==== 2026-09-21 14:24:00.000001
                                    oipcr   choipcr   CE_OI / PE_OI (same strike)
pcr1 =  BSE:SENSEX26SEP75700PE   0.06   0.06 CALL added 259320   PUT added 16160  CE_OI=382200 PE_OI=23340
pcr2 =  BSE:SENSEX26SEP75600CE   0.04   0.05 CALL added 141820   PUT added 6660  CE_OI=271660 PE_OI=11260
pcr3 =  BSE:SENSEX26SEP75500PE   0.12   0.08 CALL added 334000   PUT added 25420  CE_OI=640400 PE_OI=73780
pcr4 =  BSE:SENSEX26SEP75400CE   0.16   0.15 CALL added 154660   PUT added 23540  CE_OI=244900 PE_OI=40000
pcr5 =  BSE:SENSEX26SEP75300PE   0.23   0.29 CALL added 165180   PUT added 48300  CE_OI=268360 PE_OI=62960
pcr6 =  BSE:SENSEX26SEP75200CE   0.48    0.69 CALL added 177320   PUT added 122160  CE_OI=302000 PE_OI=146420
pcr7 =  BSE:SENSEX26SEP75100CE   0.36   0.46 CALL added 241860   PUT added 112060  CE_OI=457660 PE_OI=166200
pcr8 =  BSE:SENSEX26SEP75000PE   0.69   0.88 CALL added 678440   PUT added 593840  CE_OI=1180080 PE_OI=817560
pcr9 =  BSE:SENSEX26SEP74900CE   1.15   1.72 CALL added 320020   PUT added 550360  CE_OI=518200 PE_OI=597600
pcr10 =  BSE:SENSEX26SEP74800PE   1.68   2.02 CALL added 430740   PUT added 872240  CE_OI=581040 PE_OI=973440
pcr11 =  BSE:SENSEX26SEP74700CE   2.18   2.88 CALL added 403840   PUT added 1162240  CE_OI=622780 PE_OI=1357980
pcr12 =  BSE:SENSEX26SEP74600PE   3.59   22.1 CALL added 35860   PUT added 792480  CE_OI=355000 PE_OI=1275300
pcr13 =  BSE:SENSEX26SEP74500PE   2.46   -2.46 CALL unwind -218040   PUT added 535900  CE_OI=628020 PE_OI=1544900
pcr14 =  BSE:SENSEX26SEP74400CE   4.01   -5.35 CALL unwind -48900   PUT added 261500  CE_OI=180200 PE_OI=722900
pcr15 =  BSE:SENSEX26SEP74300PE   5.5   -41.26 CALL unwind -7260   PUT added 299540  CE_OI=111480 PE_OI=613320
pcr16 =  BSE:SENSEX26SEP74200PE   10.1   35.62 CALL added 5420   PUT added 193080  CE_OI=51560 PE_OI=520720
pcr17 =  BSE:SENSEX26SEP74100PE   12.62   -20.28 CALL unwind -1440   PUT added 29200  CE_OI=31640 PE_OI=399200
PCRSUM== 45.43
pcrSummation== 12.82
spotLTP =  74947.55  ATM_STRIKE =  74900
IS_ATM_STRIKE_SHIFT = True  mapStrike = {74900: 74900}
avgOiPcrList2 = [np.float64(2.67)] atmStrikeNotShiftedCount= 1
avgOiPcr9List2 = [np.float64(1.42)] atmStrikeNotShiftedCount= 1
True   1   1
SUPP_RES=== 75000  Buffer= 32
ANCHOR_COMPARE: spot=74947.55 fut=74913.8 basis(fut-spot)=-33.75 | SR_spot(PRIMARY)=75000 SR_future=75000 SR_diff(fut-spot)=0 | PCRwin_spot(PRIMARY)=74900 PCRwin_future=74900
CEoich val =  678440.0  PEoich val =  593840.0 , CE > PE by 12.5%
SUPP_RES TOTAL OI: CE= 1180080  PE= 817560 , CE > PE by 30.7%
INCR_CHOI: SUPP_RES=75000 role=RESISTANCE fresh_CE=4520 fresh_PE=13060 -> PE_dominant by 65.4% (resistance CHALLENGED (bullish warning)) | cumulative CE=678440.0 PE=593840.0
==========================
FUT_SUPP_RES=== 75000  (FUT_LTP= 74913.8 ) Buffer= 32
FUT CEoich val =  678440.0  PEoich val =  593840.0 , CE > PE by 12.5%
FUT_SUPP_RES TOTAL OI: CE= 1180080  PE= 817560 , CE > PE by 30.7%
OI_SUPP_RES: spot=74947.55 ATM=74900 (win=±500 mode=CHOI) (ATM_CE_OI=518200 ATM_PE_OI=597600) | SUPPORT=74700PE CHOI=1162240 (dist=-200) | RESISTANCE=75000CE CHOI=678440 (dist=100)
OI_SUPPORT=== 74700
OI_SUPPORT CEoich val = 403840.0  PEoich val = 1162240.0 , CE < PE by 65.3%
OI_SUPPORT TOTAL OI: CE= 622780  PE= 1357980 , CE < PE by 54.1%
OI_RESISTANCE=== 75000
OI_RESISTANCE CEoich val = 678440.0  PEoich val = 593840.0 , CE > PE by 12.5%
OI_RESISTANCE TOTAL OI: CE= 1180080  PE= 817560 , CE > PE by 30.7%
IS_MORNING_WINDOW= False  (active 9:15-9:48 IST)
================================================
==== signal check time ==== 2026-09-21 14:24:00.598816
CHART_PATTERN_DETECTED: DOUBLE_BOTTOM_FORMING
  PATTERN_CONTEXT: Body= 0.0  Range= 0.0  ExpectedRange= 63.6  RangeRatio= 0.0  O= 74913.8  H= 74913.8  L= 74913.8  C= 74913.8
ATMStrike =  74900
AVG_OIPCR= 1.42
avgoiPCROld=  2.67
AVG_OIPCR_9STRIKE= 1.42  (pcr5..pcr13 = ATM +/-4, 9 strikes)
SUPP_RES = 75000
spotLTP = 74947.55
FUT LTP = 74913.8
CEchoi  PechOi = 678440.0    593840.0
====================================
atmPCR= 0.23  belowATM  0.48
CHOI_DOM_GATE: gate_on= True  bull_ok= False  bear_ok= False | isPE_DomSupp_once= False  fresh_PE= 13060 | isCE_DomRes_once= False  fresh_CE= 4520
India VIX = 11.29  Spot Price = 74948.07
IV Regime = NORMAL (ADAPTIVE: P25= 11.13  P50= 11.38  P75= 11.98 ) | DailyRange = 1208.8 | 3minCandleRange = 63.6 (theoretical= 106.0 ) | ATMoptionMove = 28.6 | SL = 100 | Target = 100 | TrailTrigger = 29 | Spread = 300 | Buffer = 32
IV Params refreshed: {'vix': 11.29, 'bn_price': 74948.07, 'regime': 'NORMAL', 'regime_thresholds': 'P25=11.13 P50=11.38 P75=11.98', 'daily_range': 1208.8, 'candle_range': 63.6, 'atm_option_move': 28.6, 'sl_point': 100, 'target_point': 100, 'sl_pct_of_premium': 0.1, 'trail_trigger': 29, 'spread_width': 300, 'support_resistance_buffer': 32}
===
====after 3 min ochain==== 2026-09-21 14:27:00.000003
                                    oipcr   choipcr   CE_OI / PE_OI (same strike)
pcr1 =  BSE:SENSEX26SEP75700PE   0.06   0.06 CALL added 255900   PUT added 16180  CE_OI=378780 PE_OI=23360
pcr2 =  BSE:SENSEX26SEP75600CE   0.04   0.05 CALL added 142740   PUT added 6700  CE_OI=272580 PE_OI=11300
pcr3 =  BSE:SENSEX26SEP75500PE   0.11   0.08 CALL added 335560   PUT added 25280  CE_OI=641960 PE_OI=73640
pcr4 =  BSE:SENSEX26SEP75400CE   0.17   0.16 CALL added 154480   PUT added 24680  CE_OI=244720 PE_OI=41140
pcr5 =  BSE:SENSEX26SEP75300PE   0.23   0.29 CALL added 168220   PUT added 48660  CE_OI=271400 PE_OI=63320
pcr6 =  BSE:SENSEX26SEP75200CE   0.48    0.68 CALL added 182580   PUT added 123460  CE_OI=307260 PE_OI=147720
pcr7 =  BSE:SENSEX26SEP75100CE   0.36   0.45 CALL added 254500   PUT added 113960  CE_OI=470300 PE_OI=168100
pcr8 =  BSE:SENSEX26SEP75000PE   0.7   0.89 CALL added 698400   PUT added 620600  CE_OI=1200040 PE_OI=844320
pcr9 =  BSE:SENSEX26SEP74900CE   1.15   1.71 CALL added 328840   PUT added 560820  CE_OI=527020 PE_OI=608060
pcr10 =  BSE:SENSEX26SEP74800PE   1.7   2.06 CALL added 426860   PUT added 877820  CE_OI=577160 PE_OI=979020
pcr11 =  BSE:SENSEX26SEP74700CE   2.18   2.89 CALL added 399720   PUT added 1154920  CE_OI=618660 PE_OI=1350660
pcr12 =  BSE:SENSEX26SEP74600PE   3.58   21.21 CALL added 37460   PUT added 794500  CE_OI=356600 PE_OI=1277320
pcr13 =  BSE:SENSEX26SEP74500PE   2.49   -2.36 CALL unwind -226380   PUT added 534080  CE_OI=619680 PE_OI=1543080
pcr14 =  BSE:SENSEX26SEP74400CE   3.99   -5.28 CALL unwind -48760   PUT added 257660  CE_OI=180340 PE_OI=719060
pcr15 =  BSE:SENSEX26SEP74300PE   5.47   -42.36 CALL unwind -7020   PUT added 297340  CE_OI=111720 PE_OI=611120
pcr16 =  BSE:SENSEX26SEP74200PE   10.1   34.61 CALL added 5640   PUT added 195200  CE_OI=51780 PE_OI=522840
pcr17 =  BSE:SENSEX26SEP74100PE   12.57   -17.95 CALL unwind -1500   PUT added 26920  CE_OI=31580 PE_OI=396920
PCRSUM== 45.38
pcrSummation== 12.87
spotLTP =  74948.07  ATM_STRIKE =  74900
IS_ATM_STRIKE_SHIFT = False  mapStrike = {74900: 74900}
avgOiPcrList2 = [np.float64(2.67), np.float64(2.67)] atmStrikeNotShiftedCount= 2
avgOiPcr9List2 = [np.float64(1.42), np.float64(1.43)] atmStrikeNotShiftedCount= 2
False   2   2
SUPP_RES=== 75000  Buffer= 32
ANCHOR_COMPARE: spot=74948.07 fut=74906.2 basis(fut-spot)=-41.87 | SR_spot(PRIMARY)=75000 SR_future=75000 SR_diff(fut-spot)=0 | PCRwin_spot(PRIMARY)=74900 PCRwin_future=74900
CEoich val =  698400.0  PEoich val =  620600.0 , CE > PE by 11.1%
SUPP_RES TOTAL OI: CE= 1200040  PE= 844320 , CE > PE by 29.6%
INCR_CHOI: SUPP_RES=75000 role=RESISTANCE fresh_CE=19960 fresh_PE=26760 -> PE_dominant by 25.4% (resistance CHALLENGED (bullish warning)) | cumulative CE=698400.0 PE=620600.0
==========================
FUT_SUPP_RES=== 75000  (FUT_LTP= 74906.2 ) Buffer= 32
FUT CEoich val =  698400.0  PEoich val =  620600.0 , CE > PE by 11.1%
FUT_SUPP_RES TOTAL OI: CE= 1200040  PE= 844320 , CE > PE by 29.6%
OI_SUPP_RES: spot=74948.07 ATM=74900 (win=±500 mode=CHOI) (ATM_CE_OI=527020 ATM_PE_OI=608060) | SUPPORT=74700PE CHOI=1154920 (dist=-200) | RESISTANCE=75000CE CHOI=698400 (dist=100)
OI_SUPPORT=== 74700
OI_SUPPORT CEoich val = 399720.0  PEoich val = 1154920.0 , CE < PE by 65.4%
OI_SUPPORT TOTAL OI: CE= 618660  PE= 1350660 , CE < PE by 54.2%
OI_RESISTANCE=== 75000
OI_RESISTANCE CEoich val = 698400.0  PEoich val = 620600.0 , CE > PE by 11.1%
OI_RESISTANCE TOTAL OI: CE= 1200040  PE= 844320 , CE > PE by 29.6%
IS_MORNING_WINDOW= False  (active 9:15-9:48 IST)
================================================
==== signal check time ==== 2026-09-21 14:27:00.600789
CHART_PATTERN_DETECTED: DOUBLE_BOTTOM_FORMING
  PATTERN_CONTEXT: Body= 0.0  Range= 0.0  ExpectedRange= 63.6  RangeRatio= 0.0  O= 74906.2  H= 74906.2  L= 74906.2  C= 74906.2
ATMStrike =  74900
AVG_OIPCR= 1.43
avgoiPCROld=  2.67
AVG_OIPCR_9STRIKE= 1.43  (pcr5..pcr13 = ATM +/-4, 9 strikes)
SUPP_RES = 75000
spotLTP = 74948.07
FUT LTP = 74906.2
CEchoi  PechOi = 698400.0    620600.0
====================================
atmPCR= 0.23  belowATM  0.48
CHOI_DOM_GATE: gate_on= True  bull_ok= False  bear_ok= False | isPE_DomSupp_once= False  fresh_PE= 26760 | isCE_DomRes_once= False  fresh_CE= 19960
India VIX = 11.28  Spot Price = 74932.76
IV Regime = NORMAL (ADAPTIVE: P25= 11.13  P50= 11.38  P75= 11.98 ) | DailyRange = 1207.5 | 3minCandleRange = 63.5 (theoretical= 105.9 ) | ATMoptionMove = 28.6 | SL = 100 | Target = 100 | TrailTrigger = 29 | Spread = 300 | Buffer = 32
IV Params refreshed: {'vix': 11.28, 'bn_price': 74932.76, 'regime': 'NORMAL', 'regime_thresholds': 'P25=11.13 P50=11.38 P75=11.98', 'daily_range': 1207.5, 'candle_range': 63.5, 'atm_option_move': 28.6, 'sl_point': 100, 'target_point': 100, 'sl_pct_of_premium': 0.1, 'trail_trigger': 29, 'spread_width': 300, 'support_resistance_buffer': 32}
===
====after 3 min ochain==== 2026-09-21 14:30:00.000002
                                    oipcr   choipcr   CE_OI / PE_OI (same strike)
pcr1 =  BSE:SENSEX26SEP75700PE   0.06   0.07 CALL added 240440   PUT added 15940  CE_OI=363320 PE_OI=23120
pcr2 =  BSE:SENSEX26SEP75600CE   0.04   0.05 CALL added 142480   PUT added 6660  CE_OI=272320 PE_OI=11260
pcr3 =  BSE:SENSEX26SEP75500PE   0.11   0.07 CALL added 343380   PUT added 24660  CE_OI=649780 PE_OI=73020
pcr4 =  BSE:SENSEX26SEP75400CE   0.17   0.16 CALL added 154080   PUT added 24060  CE_OI=244320 PE_OI=40520
pcr5 =  BSE:SENSEX26SEP75300PE   0.24   0.29 CALL added 179120   PUT added 52280  CE_OI=282300 PE_OI=66940
pcr6 =  BSE:SENSEX26SEP75200CE   0.47    0.64 CALL added 193180   PUT added 124240  CE_OI=317860 PE_OI=148500
pcr7 =  BSE:SENSEX26SEP75100CE   0.37   0.48 CALL added 237860   PUT added 113800  CE_OI=453660 PE_OI=167940
pcr8 =  BSE:SENSEX26SEP75000PE   0.68   0.85 CALL added 713420   PUT added 605060  CE_OI=1215060 PE_OI=828780
pcr9 =  BSE:SENSEX26SEP74900CE   1.16   1.72 CALL added 324380   PUT added 557100  CE_OI=522560 PE_OI=604340
pcr10 =  BSE:SENSEX26SEP74800PE   1.69   2.05 CALL added 423580   PUT added 868920  CE_OI=573880 PE_OI=970120
pcr11 =  BSE:SENSEX26SEP74700CE   2.18   2.89 CALL added 393580   PUT added 1138860  CE_OI=612520 PE_OI=1334600
pcr12 =  BSE:SENSEX26SEP74600PE   3.61   24.22 CALL added 32480   PUT added 786700  CE_OI=351620 PE_OI=1269520
pcr13 =  BSE:SENSEX26SEP74500PE   2.55   -2.04 CALL unwind -249960   PUT added 509360  CE_OI=596100 PE_OI=1518360
pcr14 =  BSE:SENSEX26SEP74400CE   3.97   -5.61 CALL unwind -46800   PUT added 262660  CE_OI=182300 PE_OI=724060
pcr15 =  BSE:SENSEX26SEP74300PE   5.46   -40.71 CALL unwind -7240   PUT added 294740  CE_OI=111500 PE_OI=608520
pcr16 =  BSE:SENSEX26SEP74200PE   10.04   33.32 CALL added 5820   PUT added 193900  CE_OI=51960 PE_OI=521540
pcr17 =  BSE:SENSEX26SEP74100PE   12.85   -20.42 CALL unwind -1660   PUT added 33900  CE_OI=31420 PE_OI=403900
PCRSUM== 45.65
pcrSummation== 12.95
spotLTP =  74932.76  ATM_STRIKE =  74900
IS_ATM_STRIKE_SHIFT = False  mapStrike = {74900: 74900}
avgOiPcrList2 = [np.float64(2.67), np.float64(2.67), np.float64(2.69)] atmStrikeNotShiftedCount= 3
avgOiPcr9List2 = [np.float64(1.42), np.float64(1.43), np.float64(1.44)] atmStrikeNotShiftedCount= 3
False   3   3
SUPP_RES=== 75000  Buffer= 32
ANCHOR_COMPARE: spot=74932.76 fut=74906.2 basis(fut-spot)=-26.56 | SR_spot(PRIMARY)=75000 SR_future=75000 SR_diff(fut-spot)=0 | PCRwin_spot(PRIMARY)=74900 PCRwin_future=74900
CEoich val =  713420.0  PEoich val =  605060.0 , CE > PE by 15.2%
SUPP_RES TOTAL OI: CE= 1215060  PE= 828780 , CE > PE by 31.8%
INCR_CHOI: SUPP_RES=75000 role=RESISTANCE fresh_CE=15020 fresh_PE=-15540 -> CE_dominant by 196.7% (resistance HOLDING (bearish)) | cumulative CE=713420.0 PE=605060.0
==========================
FUT_SUPP_RES=== 75000  (FUT_LTP= 74906.2 ) Buffer= 32
FUT CEoich val =  713420.0  PEoich val =  605060.0 , CE > PE by 15.2%
FUT_SUPP_RES TOTAL OI: CE= 1215060  PE= 828780 , CE > PE by 31.8%
OI_SUPP_RES: spot=74932.76 ATM=74900 (win=±500 mode=CHOI) (ATM_CE_OI=522560 ATM_PE_OI=604340) | SUPPORT=74700PE CHOI=1138860 (dist=-200) | RESISTANCE=75000CE CHOI=713420 (dist=100)
OI_SUPPORT=== 74700
OI_SUPPORT CEoich val = 393580.0  PEoich val = 1138860.0 , CE < PE by 65.4%
OI_SUPPORT TOTAL OI: CE= 612520  PE= 1334600 , CE < PE by 54.1%
OI_RESISTANCE=== 75000
OI_RESISTANCE CEoich val = 713420.0  PEoich val = 605060.0 , CE > PE by 15.2%
OI_RESISTANCE TOTAL OI: CE= 1215060  PE= 828780 , CE > PE by 31.8%
IS_MORNING_WINDOW= False  (active 9:15-9:48 IST)
================================================
==== signal check time ==== 2026-09-21 14:30:00.652060
CHART_PATTERN_DETECTED: INSIDE_BAR | DOUBLE_BOTTOM_FORMING
  PATTERN_CONTEXT: Body= 0.0  Range= 0.0  ExpectedRange= 63.5  RangeRatio= 0.0  O= 74906.2  H= 74906.2  L= 74906.2  C= 74906.2
isPcrInc9 = True
PCR9_SEQ_INC: 1.42 -> 1.43 -> 1.44 | pcr2 > pcr1 by +0.7% | pcr3 > pcr2 by +0.7%
recent two = [np.float64(2.67), np.float64(2.69)]
isCE_DominantAtRes_once = True  isCE_DominantAtRes_twice = False  isCE_DominantAtRes_trice = False (CE_res_streak= 1 )
ATMStrike =  74900
AVG_OIPCR= 1.44
avgoiPCROld=  2.69
AVG_OIPCR_9STRIKE= 1.44  (pcr5..pcr13 = ATM +/-4, 9 strikes)
SUPP_RES = 75000
spotLTP = 74932.76
FUT LTP = 74906.2
CEchoi  PechOi = 713420.0    605060.0
====================================
atmPCR= 0.24  belowATM  0.47
CHOI_DOM_GATE: gate_on= True  bull_ok= False  bear_ok= True | isPE_DomSupp_once= False  fresh_PE= -15540 | isCE_DomRes_once= True  fresh_CE= 15020
India VIX = 11.33  Spot Price = 74938.17
IV Regime = NORMAL (ADAPTIVE: P25= 11.13  P50= 11.38  P75= 11.98 ) | DailyRange = 1212.9 | 3minCandleRange = 63.8 (theoretical= 106.4 ) | ATMoptionMove = 28.7 | SL = 101 | Target = 101 | TrailTrigger = 29 | Spread = 300 | Buffer = 32
IV Params refreshed: {'vix': 11.33, 'bn_price': 74938.17, 'regime': 'NORMAL', 'regime_thresholds': 'P25=11.13 P50=11.38 P75=11.98', 'daily_range': 1212.9, 'candle_range': 63.8, 'atm_option_move': 28.7, 'sl_point': 101, 'target_point': 101, 'sl_pct_of_premium': 0.1, 'trail_trigger': 29, 'spread_width': 300, 'support_resistance_buffer': 32}
===
====after 3 min ochain==== 2026-09-21 14:33:00.000004
                                    oipcr   choipcr   CE_OI / PE_OI (same strike)
pcr1 =  BSE:SENSEX26SEP75700PE   0.06   0.07 CALL added 234140   PUT added 15920  CE_OI=357020 PE_OI=23100
pcr2 =  BSE:SENSEX26SEP75600CE   0.04   0.05 CALL added 137740   PUT added 6700  CE_OI=267580 PE_OI=11300
pcr3 =  BSE:SENSEX26SEP75500PE   0.11   0.07 CALL added 341520   PUT added 25200  CE_OI=647920 PE_OI=73560
pcr4 =  BSE:SENSEX26SEP75400CE   0.15   0.13 CALL added 157040   PUT added 21200  CE_OI=247280 PE_OI=37660
pcr5 =  BSE:SENSEX26SEP75300PE   0.23   0.28 CALL added 178180   PUT added 49420  CE_OI=281360 PE_OI=64080
pcr6 =  BSE:SENSEX26SEP75200CE   0.45    0.61 CALL added 190540   PUT added 116500  CE_OI=315220 PE_OI=140760
pcr7 =  BSE:SENSEX26SEP75100CE   0.37   0.48 CALL added 241400   PUT added 116980  CE_OI=457200 PE_OI=171120
pcr8 =  BSE:SENSEX26SEP75000PE   0.68   0.85 CALL added 707080   PUT added 604060  CE_OI=1208720 PE_OI=827780
pcr9 =  BSE:SENSEX26SEP74900CE   1.15   1.7 CALL added 329820   PUT added 560680  CE_OI=528000 PE_OI=607920
pcr10 =  BSE:SENSEX26SEP74800PE   1.68   2.04 CALL added 416100   PUT added 848100  CE_OI=566400 PE_OI=949300
pcr11 =  BSE:SENSEX26SEP74700CE   2.21   2.96 CALL added 385420   PUT added 1139220  CE_OI=604360 PE_OI=1334960
pcr12 =  BSE:SENSEX26SEP74600PE   3.66   28.21 CALL added 27880   PUT added 786380  CE_OI=347020 PE_OI=1269200
pcr13 =  BSE:SENSEX26SEP74500PE   2.63   -1.94 CALL unwind -265480   PUT added 515680  CE_OI=580580 PE_OI=1524680
pcr14 =  BSE:SENSEX26SEP74400CE   3.89   -6.1 CALL unwind -42960   PUT added 262120  CE_OI=186140 PE_OI=723520
pcr15 =  BSE:SENSEX26SEP74300PE   5.46   -42.63 CALL unwind -6960   PUT added 296680  CE_OI=111780 PE_OI=610460
pcr16 =  BSE:SENSEX26SEP74200PE   10.05   34.5 CALL added 5560   PUT added 191800  CE_OI=51700 PE_OI=519440
pcr17 =  BSE:SENSEX26SEP74100PE   13.18   -20.54 CALL unwind -1960   PUT added 40260  CE_OI=31120 PE_OI=410260
PCRSUM== 46.0
pcrSummation== 13.06
spotLTP =  74938.17  ATM_STRIKE =  74900
IS_ATM_STRIKE_SHIFT = False  mapStrike = {74900: 74900}
avgOiPcrList2 = [np.float64(2.67), np.float64(2.69), np.float64(2.71)] atmStrikeNotShiftedCount= 4
avgOiPcr9List2 = [np.float64(1.43), np.float64(1.44), np.float64(1.45)] atmStrikeNotShiftedCount= 4
False   4   3
SUPP_RES=== 75000  Buffer= 32
ANCHOR_COMPARE: spot=74938.17 fut=74887.1 basis(fut-spot)=-51.07 | SR_spot(PRIMARY)=75000 SR_future=75000 SR_diff(fut-spot)=0 | PCRwin_spot(PRIMARY)=74900 PCRwin_future=74900
CEoich val =  707080.0  PEoich val =  604060.0 , CE > PE by 14.6%
SUPP_RES TOTAL OI: CE= 1208720  PE= 827780 , CE > PE by 31.5%
INCR_CHOI: SUPP_RES=75000 role=RESISTANCE fresh_CE=-6340 fresh_PE=-1000 -> PE_dominant by 84.2% (resistance CHALLENGED (bullish warning)) | cumulative CE=707080.0 PE=604060.0
==========================
FUT_SUPP_RES=== 75000  (FUT_LTP= 74887.1 ) Buffer= 32
FUT CEoich val =  707080.0  PEoich val =  604060.0 , CE > PE by 14.6%
FUT_SUPP_RES TOTAL OI: CE= 1208720  PE= 827780 , CE > PE by 31.5%
OI_SUPP_RES: spot=74938.17 ATM=74900 (win=±500 mode=CHOI) (ATM_CE_OI=528000 ATM_PE_OI=607920) | SUPPORT=74700PE CHOI=1139220 (dist=-200) | RESISTANCE=75000CE CHOI=707080 (dist=100)
OI_SUPPORT=== 74700
OI_SUPPORT CEoich val = 385420.0  PEoich val = 1139220.0 , CE < PE by 66.2%
OI_SUPPORT TOTAL OI: CE= 604360  PE= 1334960 , CE < PE by 54.7%
OI_RESISTANCE=== 75000
OI_RESISTANCE CEoich val = 707080.0  PEoich val = 604060.0 , CE > PE by 14.6%
OI_RESISTANCE TOTAL OI: CE= 1208720  PE= 827780 , CE > PE by 31.5%
IS_MORNING_WINDOW= False  (active 9:15-9:48 IST)
================================================
==== signal check time ==== 2026-09-21 14:33:00.648094
CHART_PATTERN_DETECTED: DOUBLE_TOP_FORMING | DOUBLE_BOTTOM_FORMING
  PATTERN_CONTEXT: Body= -19.1  Range= 19.1  ExpectedRange= 63.8  RangeRatio= 0.3  O= 74906.2  H= 74906.2  L= 74887.1  C= 74887.1
isPcrInc9 = True
PCR9_SEQ_INC: 1.43 -> 1.44 -> 1.45 | pcr2 > pcr1 by +0.7% | pcr3 > pcr2 by +0.7%
isPcrInc = True
PCR_SEQ_INC: 2.67 -> 2.69 -> 2.71 | pcr2 > pcr1 by +0.7% | pcr3 > pcr2 by +0.7%
ATMStrike =  74900
AVG_OIPCR= 1.45
avgoiPCROld=  2.71
AVG_OIPCR_9STRIKE= 1.45  (pcr5..pcr13 = ATM +/-4, 9 strikes)
SUPP_RES = 75000
spotLTP = 74938.17
FUT LTP = 74887.1
CEchoi  PechOi = 707080.0    604060.0
====================================
atmPCR= 0.23  belowATM  0.45
CHOI_DOM_GATE: gate_on= True  bull_ok= False  bear_ok= False | isPE_DomSupp_once= False  fresh_PE= -1000 | isCE_DomRes_once= False  fresh_CE= -6340
no trade yet = [np.float64(2.67), np.float64(2.69), np.float64(2.71)]
India VIX = 11.33  Spot Price = 74918.48
IV Regime = NORMAL (ADAPTIVE: P25= 11.13  P50= 11.38  P75= 11.98 ) | DailyRange = 1212.6 | 3minCandleRange = 63.8 (theoretical= 106.4 ) | ATMoptionMove = 28.7 | SL = 101 | Target = 101 | TrailTrigger = 29 | Spread = 300 | Buffer = 32
IV Params refreshed: {'vix': 11.33, 'bn_price': 74918.48, 'regime': 'NORMAL', 'regime_thresholds': 'P25=11.13 P50=11.38 P75=11.98', 'daily_range': 1212.6, 'candle_range': 63.8, 'atm_option_move': 28.7, 'sl_point': 101, 'target_point': 101, 'sl_pct_of_premium': 0.1, 'trail_trigger': 29, 'spread_width': 300, 'support_resistance_buffer': 32}
===
====after 3 min ochain==== 2026-09-21 14:36:00.000004
                                    oipcr   choipcr   CE_OI / PE_OI (same strike)
pcr1 =  BSE:SENSEX26SEP75700PE   0.07   0.07 CALL added 232620   PUT added 16040  CE_OI=355500 PE_OI=23220
pcr2 =  BSE:SENSEX26SEP75600CE   0.04   0.05 CALL added 137360   PUT added 6800  CE_OI=267200 PE_OI=11400
pcr3 =  BSE:SENSEX26SEP75500PE   0.11   0.07 CALL added 338880   PUT added 24800  CE_OI=645280 PE_OI=73160
pcr4 =  BSE:SENSEX26SEP75400CE   0.15   0.13 CALL added 157080   PUT added 20120  CE_OI=247320 PE_OI=36580
pcr5 =  BSE:SENSEX26SEP75300PE   0.23   0.27 CALL added 184300   PUT added 50280  CE_OI=287480 PE_OI=64940
pcr6 =  BSE:SENSEX26SEP75200CE   0.45    0.62 CALL added 187660   PUT added 116000  CE_OI=312340 PE_OI=140260
pcr7 =  BSE:SENSEX26SEP75100CE   0.37   0.48 CALL added 244900   PUT added 117700  CE_OI=460700 PE_OI=171840
pcr8 =  BSE:SENSEX26SEP75000PE   0.68   0.84 CALL added 724600   PUT added 605320  CE_OI=1226240 PE_OI=829040
pcr9 =  BSE:SENSEX26SEP74900CE   1.13   1.67 CALL added 333000   PUT added 554880  CE_OI=531180 PE_OI=602120
pcr10 =  BSE:SENSEX26SEP74800PE   1.66   2.02 CALL added 415860   PUT added 841000  CE_OI=566160 PE_OI=942200
pcr11 =  BSE:SENSEX26SEP74700CE   2.18   2.91 CALL added 385620   PUT added 1121980  CE_OI=604560 PE_OI=1317720
pcr12 =  BSE:SENSEX26SEP74600PE   3.68   29.94 CALL added 26340   PUT added 788740  CE_OI=345480 PE_OI=1271560
pcr13 =  BSE:SENSEX26SEP74500PE   2.64   -1.94 CALL unwind -267680   PUT added 520200  CE_OI=578380 PE_OI=1529200
pcr14 =  BSE:SENSEX26SEP74400CE   3.89   -6.12 CALL unwind -43000   PUT added 263080  CE_OI=186100 PE_OI=724480
pcr15 =  BSE:SENSEX26SEP74300PE   5.36   -50.83 CALL unwind -5740   PUT added 291740  CE_OI=113000 PE_OI=605520
pcr16 =  BSE:SENSEX26SEP74200PE   10.02   34.35 CALL added 5540   PUT added 190320  CE_OI=51680 PE_OI=517960
pcr17 =  BSE:SENSEX26SEP74100PE   13.21   -20.64 CALL unwind -1980   PUT added 40860  CE_OI=31100 PE_OI=410860
PCRSUM== 45.87
pcrSummation== 13.02
spotLTP =  74918.48  ATM_STRIKE =  74900
IS_ATM_STRIKE_SHIFT = False  mapStrike = {74900: 74900}
avgOiPcrList2 = [np.float64(2.69), np.float64(2.71), np.float64(2.7)] atmStrikeNotShiftedCount= 5
avgOiPcr9List2 = [np.float64(1.44), np.float64(1.45), np.float64(1.45)] atmStrikeNotShiftedCount= 5
False   5   3
SUPP_RES=== 75000  Buffer= 32
ANCHOR_COMPARE: spot=74918.48 fut=74887.1 basis(fut-spot)=-31.38 | SR_spot(PRIMARY)=75000 SR_future=75000 SR_diff(fut-spot)=0 | PCRwin_spot(PRIMARY)=74900 PCRwin_future=74900
CEoich val =  724600.0  PEoich val =  605320.0 , CE > PE by 16.5%
SUPP_RES TOTAL OI: CE= 1226240  PE= 829040 , CE > PE by 32.4%
INCR_CHOI: SUPP_RES=75000 role=RESISTANCE fresh_CE=17520 fresh_PE=1260 -> CE_dominant by 92.8% (resistance HOLDING (bearish)) | cumulative CE=724600.0 PE=605320.0
==========================
FUT_SUPP_RES=== 75000  (FUT_LTP= 74887.1 ) Buffer= 32
FUT CEoich val =  724600.0  PEoich val =  605320.0 , CE > PE by 16.5%
FUT_SUPP_RES TOTAL OI: CE= 1226240  PE= 829040 , CE > PE by 32.4%
OI_SUPP_RES: spot=74918.48 ATM=74900 (win=±500 mode=CHOI) (ATM_CE_OI=531180 ATM_PE_OI=602120) | SUPPORT=74700PE CHOI=1121980 (dist=-200) | RESISTANCE=75000CE CHOI=724600 (dist=100)
OI_SUPPORT=== 74700
OI_SUPPORT CEoich val = 385620.0  PEoich val = 1121980.0 , CE < PE by 65.6%
OI_SUPPORT TOTAL OI: CE= 604560  PE= 1317720 , CE < PE by 54.1%
OI_RESISTANCE=== 75000
OI_RESISTANCE CEoich val = 724600.0  PEoich val = 605320.0 , CE > PE by 16.5%
OI_RESISTANCE TOTAL OI: CE= 1226240  PE= 829040 , CE > PE by 32.4%
IS_MORNING_WINDOW= False  (active 9:15-9:48 IST)
================================================
==== signal check time ==== 2026-09-21 14:36:00.687043
CHART_PATTERN_DETECTED: INSIDE_BAR | DOUBLE_TOP_FORMING | DOUBLE_BOTTOM_FORMING
  PATTERN_CONTEXT: Body= 0.0  Range= 0.0  ExpectedRange= 63.8  RangeRatio= 0.0  O= 74887.1  H= 74887.1  L= 74887.1  C= 74887.1
PCR9_SEQ_FLAT: 1.44 -> 1.45 -> 1.45 (not monotonic)
recent two = [np.float64(2.71), np.float64(2.7)]
isCE_DominantAtRes_once = True  isCE_DominantAtRes_twice = False  isCE_DominantAtRes_trice = False (CE_res_streak= 1 )
ATMStrike =  74900
AVG_OIPCR= 1.45
avgoiPCROld=  2.7
AVG_OIPCR_9STRIKE= 1.45  (pcr5..pcr13 = ATM +/-4, 9 strikes)
SUPP_RES = 75000
spotLTP = 74918.48
FUT LTP = 74887.1
CEchoi  PechOi = 724600.0    605320.0
====================================
atmPCR= 0.23  belowATM  0.45
CHOI_DOM_GATE: gate_on= True  bull_ok= False  bear_ok= True | isPE_DomSupp_once= False  fresh_PE= 1260 | isCE_DomRes_once= True  fresh_CE= 17520
India VIX = 11.34  Spot Price = 74941.31
IV Regime = NORMAL (ADAPTIVE: P25= 11.13  P50= 11.38  P75= 11.98 ) | DailyRange = 1214.0 | 3minCandleRange = 63.9 (theoretical= 106.5 ) | ATMoptionMove = 28.7 | SL = 101 | Target = 101 | TrailTrigger = 29 | Spread = 300 | Buffer = 32
IV Params refreshed: {'vix': 11.34, 'bn_price': 74941.31, 'regime': 'NORMAL', 'regime_thresholds': 'P25=11.13 P50=11.38 P75=11.98', 'daily_range': 1214.0, 'candle_range': 63.9, 'atm_option_move': 28.7, 'sl_point': 101, 'target_point': 101, 'sl_pct_of_premium': 0.1, 'trail_trigger': 29, 'spread_width': 300, 'support_resistance_buffer': 32}
===
====after 3 min ochain==== 2026-09-21 14:39:00.000001
                                    oipcr   choipcr   CE_OI / PE_OI (same strike)
pcr1 =  BSE:SENSEX26SEP75700PE   0.06   0.07 CALL added 232060   PUT added 15880  CE_OI=354940 PE_OI=23060
pcr2 =  BSE:SENSEX26SEP75600CE   0.04   0.05 CALL added 136680   PUT added 6920  CE_OI=266520 PE_OI=11520
pcr3 =  BSE:SENSEX26SEP75500PE   0.11   0.07 CALL added 337980   PUT added 24740  CE_OI=644380 PE_OI=73100
pcr4 =  BSE:SENSEX26SEP75400CE   0.16   0.14 CALL added 157780   PUT added 22700  CE_OI=248020 PE_OI=39160
pcr5 =  BSE:SENSEX26SEP75300PE   0.22   0.26 CALL added 191520   PUT added 50100  CE_OI=294700 PE_OI=64760
pcr6 =  BSE:SENSEX26SEP75200CE   0.43    0.59 CALL added 190540   PUT added 111960  CE_OI=315220 PE_OI=136220
pcr7 =  BSE:SENSEX26SEP75100CE   0.39   0.52 CALL added 232980   PUT added 120140  CE_OI=448780 PE_OI=174280
pcr8 =  BSE:SENSEX26SEP75000PE   0.68   0.84 CALL added 712180   PUT added 600100  CE_OI=1213820 PE_OI=823820
pcr9 =  BSE:SENSEX26SEP74900CE   1.14   1.68 CALL added 334800   PUT added 562420  CE_OI=532980 PE_OI=609660
pcr10 =  BSE:SENSEX26SEP74800PE   1.67   2.03 CALL added 415700   PUT added 845020  CE_OI=566000 PE_OI=946220
pcr11 =  BSE:SENSEX26SEP74700CE   2.2   2.94 CALL added 380900   PUT added 1121580  CE_OI=599840 PE_OI=1317320
pcr12 =  BSE:SENSEX26SEP74600PE   3.78   44.7 CALL added 17720   PUT added 792000  CE_OI=336860 PE_OI=1274820
pcr13 =  BSE:SENSEX26SEP74500PE   2.65   -1.91 CALL unwind -270040   PUT added 515520  CE_OI=576020 PE_OI=1524520
pcr14 =  BSE:SENSEX26SEP74400CE   3.91   -5.93 CALL unwind -44080   PUT added 261300  CE_OI=185020 PE_OI=722700
pcr15 =  BSE:SENSEX26SEP74300PE   5.38   -50.96 CALL unwind -5760   PUT added 293520  CE_OI=112980 PE_OI=607300
pcr16 =  BSE:SENSEX26SEP74200PE   10.02   34.11 CALL added 5580   PUT added 190360  CE_OI=51720 PE_OI=518000
pcr17 =  BSE:SENSEX26SEP74100PE   13.21   -20.57 CALL unwind -1980   PUT added 40720  CE_OI=31100 PE_OI=410720
PCRSUM== 46.05
pcrSummation== 13.16
spotLTP =  74941.79  ATM_STRIKE =  74900
IS_ATM_STRIKE_SHIFT = False  mapStrike = {74900: 74900}
avgOiPcrList2 = [np.float64(2.71), np.float64(2.7), np.float64(2.71)] atmStrikeNotShiftedCount= 6
avgOiPcr9List2 = [np.float64(1.45), np.float64(1.45), np.float64(1.46)] atmStrikeNotShiftedCount= 6
False   6   3
SUPP_RES=== 75000  Buffer= 32
ANCHOR_COMPARE: spot=74941.79 fut=74900.0 basis(fut-spot)=-41.79 | SR_spot(PRIMARY)=75000 SR_future=75000 SR_diff(fut-spot)=0 | PCRwin_spot(PRIMARY)=74900 PCRwin_future=74900
CEoich val =  712180.0  PEoich val =  600100.0 , CE > PE by 15.7%
SUPP_RES TOTAL OI: CE= 1213820  PE= 823820 , CE > PE by 32.1%
INCR_CHOI: SUPP_RES=75000 role=RESISTANCE fresh_CE=-12420 fresh_PE=-5220 -> PE_dominant by 58.0% (resistance CHALLENGED (bullish warning)) | cumulative CE=712180.0 PE=600100.0
==========================
FUT_SUPP_RES=== 75000  (FUT_LTP= 74900.0 ) Buffer= 32
FUT CEoich val =  712180.0  PEoich val =  600100.0 , CE > PE by 15.7%
FUT_SUPP_RES TOTAL OI: CE= 1213820  PE= 823820 , CE > PE by 32.1%
OI_SUPP_RES: spot=74941.79 ATM=74900 (win=±500 mode=CHOI) (ATM_CE_OI=532980 ATM_PE_OI=609660) | SUPPORT=74700PE CHOI=1121580 (dist=-200) | RESISTANCE=75000CE CHOI=712180 (dist=100)
OI_SUPPORT=== 74700
OI_SUPPORT CEoich val = 380900.0  PEoich val = 1121580.0 , CE < PE by 66.0%
OI_SUPPORT TOTAL OI: CE= 599840  PE= 1317320 , CE < PE by 54.5%
OI_RESISTANCE=== 75000
OI_RESISTANCE CEoich val = 712180.0  PEoich val = 600100.0 , CE > PE by 15.7%
OI_RESISTANCE TOTAL OI: CE= 1213820  PE= 823820 , CE > PE by 32.1%
IS_MORNING_WINDOW= False  (active 9:15-9:48 IST)
================================================
==== signal check time ==== 2026-09-21 14:39:00.626860
CHART_PATTERN_DETECTED: DOUBLE_TOP_FORMING | DOUBLE_BOTTOM_FORMING
  PATTERN_CONTEXT: Body= 12.9  Range= 12.9  ExpectedRange= 63.9  RangeRatio= 0.2  O= 74887.1  H= 74900.0  L= 74887.1  C= 74900.0
PCR9_SEQ_FLAT: 1.45 -> 1.45 -> 1.46 (not monotonic)
recent two = [np.float64(2.7), np.float64(2.71)]
ATMStrike =  74900
AVG_OIPCR= 1.46
avgoiPCROld=  2.71
AVG_OIPCR_9STRIKE= 1.46  (pcr5..pcr13 = ATM +/-4, 9 strikes)
SUPP_RES = 75000
spotLTP = 74941.79
FUT LTP = 74900.0
CEchoi  PechOi = 712180.0    600100.0
====================================
atmPCR= 0.22  belowATM  0.43
CHOI_DOM_GATE: gate_on= True  bull_ok= False  bear_ok= False | isPE_DomSupp_once= False  fresh_PE= -5220 | isCE_DomRes_once= False  fresh_CE= -12420
India VIX = 11.3  Spot Price = 74934.95
IV Regime = NORMAL (ADAPTIVE: P25= 11.13  P50= 11.38  P75= 11.98 ) | DailyRange = 1209.7 | 3minCandleRange = 63.7 (theoretical= 106.1 ) | ATMoptionMove = 28.6 | SL = 100 | Target = 100 | TrailTrigger = 29 | Spread = 300 | Buffer = 32
IV Params refreshed: {'vix': 11.3, 'bn_price': 74934.95, 'regime': 'NORMAL', 'regime_thresholds': 'P25=11.13 P50=11.38 P75=11.98', 'daily_range': 1209.7, 'candle_range': 63.7, 'atm_option_move': 28.6, 'sl_point': 100, 'target_point': 100, 'sl_pct_of_premium': 0.1, 'trail_trigger': 29, 'spread_width': 300, 'support_resistance_buffer': 32}
===
====after 3 min ochain==== 2026-09-21 14:42:00.000002
                                    oipcr   choipcr   CE_OI / PE_OI (same strike)
pcr1 =  BSE:SENSEX26SEP75700PE   0.06   0.07 CALL added 240020   PUT added 15880  CE_OI=362900 PE_OI=23060
pcr2 =  BSE:SENSEX26SEP75600CE   0.04   0.05 CALL added 136700   PUT added 7040  CE_OI=266540 PE_OI=11640
pcr3 =  BSE:SENSEX26SEP75500PE   0.11   0.07 CALL added 342480   PUT added 24940  CE_OI=648880 PE_OI=73300
pcr4 =  BSE:SENSEX26SEP75400CE   0.17   0.16 CALL added 145920   PUT added 23200  CE_OI=236160 PE_OI=39660
pcr5 =  BSE:SENSEX26SEP75300PE   0.21   0.25 CALL added 184200   PUT added 46420  CE_OI=287380 PE_OI=61080
pcr6 =  BSE:SENSEX26SEP75200CE   0.41    0.55 CALL added 203160   PUT added 111700  CE_OI=327840 PE_OI=135960
pcr7 =  BSE:SENSEX26SEP75100CE   0.38   0.5 CALL added 240580   PUT added 120560  CE_OI=456380 PE_OI=174700
pcr8 =  BSE:SENSEX26SEP75000PE   0.66   0.81 CALL added 724360   PUT added 586200  CE_OI=1226000 PE_OI=809920
pcr9 =  BSE:SENSEX26SEP74900CE   1.13   1.67 CALL added 328320   PUT added 549840  CE_OI=526500 PE_OI=597080
pcr10 =  BSE:SENSEX26SEP74800PE   1.67   2.03 CALL added 414400   PUT added 841060  CE_OI=564700 PE_OI=942260
pcr11 =  BSE:SENSEX26SEP74700CE   2.19   2.94 CALL added 378180   PUT added 1110300  CE_OI=597120 PE_OI=1306040
pcr12 =  BSE:SENSEX26SEP74600PE   3.85   78.58 CALL added 9980   PUT added 784220  CE_OI=329120 PE_OI=1267040
pcr13 =  BSE:SENSEX26SEP74500PE   2.61   -1.87 CALL unwind -267700   PUT added 500260  CE_OI=578360 PE_OI=1509260
pcr14 =  BSE:SENSEX26SEP74400CE   3.84   -5.78 CALL unwind -43420   PUT added 250880  CE_OI=185680 PE_OI=712280
pcr15 =  BSE:SENSEX26SEP74300PE   5.3   -53.91 CALL unwind -5320   PUT added 286820  CE_OI=113420 PE_OI=600600
pcr16 =  BSE:SENSEX26SEP74200PE   10.06   34.02 CALL added 5700   PUT added 193940  CE_OI=51840 PE_OI=521580
pcr17 =  BSE:SENSEX26SEP74100PE   13.02   -19.23 CALL unwind -1880   PUT added 36160  CE_OI=31200 PE_OI=406160
PCRSUM== 45.71
pcrSummation== 13.11
spotLTP =  74934.95  ATM_STRIKE =  74900
IS_ATM_STRIKE_SHIFT = False  mapStrike = {74900: 74900}
avgOiPcrList2 = [np.float64(2.7), np.float64(2.71), np.float64(2.69)] atmStrikeNotShiftedCount= 7
avgOiPcr9List2 = [np.float64(1.45), np.float64(1.46), np.float64(1.46)] atmStrikeNotShiftedCount= 7
False   7   3
SUPP_RES=== 75000  Buffer= 32
ANCHOR_COMPARE: spot=74934.95 fut=74900.0 basis(fut-spot)=-34.95 | SR_spot(PRIMARY)=75000 SR_future=75000 SR_diff(fut-spot)=0 | PCRwin_spot(PRIMARY)=74900 PCRwin_future=74900
CEoich val =  724360.0  PEoich val =  586200.0 , CE > PE by 19.1%
SUPP_RES TOTAL OI: CE= 1226000  PE= 809920 , CE > PE by 33.9%
INCR_CHOI: SUPP_RES=75000 role=RESISTANCE fresh_CE=12180 fresh_PE=-13900 -> CE_dominant by 187.6% (resistance HOLDING (bearish)) | cumulative CE=724360.0 PE=586200.0
==========================
FUT_SUPP_RES=== 75000  (FUT_LTP= 74900.0 ) Buffer= 32
FUT CEoich val =  724360.0  PEoich val =  586200.0 , CE > PE by 19.1%
FUT_SUPP_RES TOTAL OI: CE= 1226000  PE= 809920 , CE > PE by 33.9%
OI_SUPP_RES: spot=74934.95 ATM=74900 (win=±500 mode=CHOI) (ATM_CE_OI=526500 ATM_PE_OI=597080) | SUPPORT=74700PE CHOI=1110300 (dist=-200) | RESISTANCE=75000CE CHOI=724360 (dist=100)
OI_SUPPORT=== 74700
OI_SUPPORT CEoich val = 378180.0  PEoich val = 1110300.0 , CE < PE by 65.9%
OI_SUPPORT TOTAL OI: CE= 597120  PE= 1306040 , CE < PE by 54.3%
OI_RESISTANCE=== 75000
OI_RESISTANCE CEoich val = 724360.0  PEoich val = 586200.0 , CE > PE by 19.1%
OI_RESISTANCE TOTAL OI: CE= 1226000  PE= 809920 , CE > PE by 33.9%
IS_MORNING_WINDOW= False  (active 9:15-9:48 IST)
================================================
==== signal check time ==== 2026-09-21 14:42:00.616047
CHART_PATTERN_DETECTED: INSIDE_BAR | DOUBLE_TOP_FORMING | DOUBLE_BOTTOM_FORMING
  PATTERN_CONTEXT: Body= 0.0  Range= 0.0  ExpectedRange= 63.7  RangeRatio= 0.0  O= 74900.0  H= 74900.0  L= 74900.0  C= 74900.0
PCR9_SEQ_FLAT: 1.45 -> 1.46 -> 1.46 (not monotonic)
recent two = [np.float64(2.71), np.float64(2.69)]
isCE_DominantAtRes_once = True  isCE_DominantAtRes_twice = False  isCE_DominantAtRes_trice = False (CE_res_streak= 1 )
ATMStrike =  74900
AVG_OIPCR= 1.46
avgoiPCROld=  2.69
AVG_OIPCR_9STRIKE= 1.46  (pcr5..pcr13 = ATM +/-4, 9 strikes)
SUPP_RES = 75000
spotLTP = 74934.95
FUT LTP = 74900.0
CEchoi  PechOi = 724360.0    586200.0
====================================
atmPCR= 0.21  belowATM  0.41
CHOI_DOM_GATE: gate_on= True  bull_ok= False  bear_ok= True | isPE_DomSupp_once= False  fresh_PE= -13900 | isCE_DomRes_once= True  fresh_CE= 12180
India VIX = 11.28  Spot Price = 74942.14
IV Regime = NORMAL (ADAPTIVE: P25= 11.13  P50= 11.38  P75= 11.98 ) | DailyRange = 1207.6 | 3minCandleRange = 63.6 (theoretical= 105.9 ) | ATMoptionMove = 28.6 | SL = 100 | Target = 100 | TrailTrigger = 29 | Spread = 300 | Buffer = 32
IV Params refreshed: {'vix': 11.28, 'bn_price': 74942.14, 'regime': 'NORMAL', 'regime_thresholds': 'P25=11.13 P50=11.38 P75=11.98', 'daily_range': 1207.6, 'candle_range': 63.6, 'atm_option_move': 28.6, 'sl_point': 100, 'target_point': 100, 'sl_pct_of_premium': 0.1, 'trail_trigger': 29, 'spread_width': 300, 'support_resistance_buffer': 32}
===
====after 3 min ochain==== 2026-09-21 14:45:00.000001
                                    oipcr   choipcr   CE_OI / PE_OI (same strike)
pcr1 =  BSE:SENSEX26SEP75700PE   0.06   0.07 CALL added 237520   PUT added 15840  CE_OI=360400 PE_OI=23020
pcr2 =  BSE:SENSEX26SEP75600CE   0.04   0.05 CALL added 134940   PUT added 7100  CE_OI=264780 PE_OI=11700
pcr3 =  BSE:SENSEX26SEP75500PE   0.11   0.07 CALL added 341880   PUT added 25200  CE_OI=648280 PE_OI=73560
pcr4 =  BSE:SENSEX26SEP75400CE   0.17   0.16 CALL added 144760   PUT added 23360  CE_OI=235000 PE_OI=39820
pcr5 =  BSE:SENSEX26SEP75300PE   0.22   0.26 CALL added 178680   PUT added 46820  CE_OI=281860 PE_OI=61480
pcr6 =  BSE:SENSEX26SEP75200CE   0.41    0.55 CALL added 201900   PUT added 110920  CE_OI=326580 PE_OI=135180
pcr7 =  BSE:SENSEX26SEP75100CE   0.38   0.49 CALL added 247860   PUT added 121060  CE_OI=463660 PE_OI=175200
pcr8 =  BSE:SENSEX26SEP75000PE   0.66   0.8 CALL added 730140   PUT added 584780  CE_OI=1231780 PE_OI=808500
pcr9 =  BSE:SENSEX26SEP74900CE   1.1   1.61 CALL added 336680   PUT added 542940  CE_OI=534860 PE_OI=590180
pcr10 =  BSE:SENSEX26SEP74800PE   1.67   2.04 CALL added 414020   PUT added 843560  CE_OI=564320 PE_OI=944760
pcr11 =  BSE:SENSEX26SEP74700CE   2.19   2.94 CALL added 374660   PUT added 1102280  CE_OI=593600 PE_OI=1298020
pcr12 =  BSE:SENSEX26SEP74600PE   3.86   100.83 CALL added 7740   PUT added 780420  CE_OI=326880 PE_OI=1263240
pcr13 =  BSE:SENSEX26SEP74500PE   2.65   -1.78 CALL unwind -277840   PUT added 494300  CE_OI=568220 PE_OI=1503300
pcr14 =  BSE:SENSEX26SEP74400CE   3.83   -5.66 CALL unwind -43900   PUT added 248680  CE_OI=185200 PE_OI=710080
pcr15 =  BSE:SENSEX26SEP74300PE   5.31   -50.84 CALL unwind -5640   PUT added 286740  CE_OI=113100 PE_OI=600520
pcr16 =  BSE:SENSEX26SEP74200PE   10.01   33.48 CALL added 5720   PUT added 191480  CE_OI=51860 PE_OI=519120
pcr17 =  BSE:SENSEX26SEP74100PE   12.89   -19.18 CALL unwind -1760   PUT added 33760  CE_OI=31320 PE_OI=403760
PCRSUM== 45.56
pcrSummation== 13.14
spotLTP =  74942.14  ATM_STRIKE =  74900
IS_ATM_STRIKE_SHIFT = False  mapStrike = {74900: 74900}
avgOiPcrList2 = [np.float64(2.71), np.float64(2.69), np.float64(2.68)] atmStrikeNotShiftedCount= 8
avgOiPcr9List2 = [np.float64(1.46), np.float64(1.46), np.float64(1.46)] atmStrikeNotShiftedCount= 8
False   8   3
SUPP_RES=== 75000  Buffer= 32
ANCHOR_COMPARE: spot=74942.14 fut=74900.0 basis(fut-spot)=-42.14 | SR_spot(PRIMARY)=75000 SR_future=75000 SR_diff(fut-spot)=0 | PCRwin_spot(PRIMARY)=74900 PCRwin_future=74900
CEoich val =  730140.0  PEoich val =  584780.0 , CE > PE by 19.9%
SUPP_RES TOTAL OI: CE= 1231780  PE= 808500 , CE > PE by 34.4%
INCR_CHOI: SUPP_RES=75000 role=RESISTANCE fresh_CE=5780 fresh_PE=-1420 -> CE_dominant by 124.6% (resistance HOLDING (bearish)) | cumulative CE=730140.0 PE=584780.0
==========================
FUT_SUPP_RES=== 75000  (FUT_LTP= 74900.0 ) Buffer= 32
FUT CEoich val =  730140.0  PEoich val =  584780.0 , CE > PE by 19.9%
FUT_SUPP_RES TOTAL OI: CE= 1231780  PE= 808500 , CE > PE by 34.4%
OI_SUPP_RES: spot=74942.14 ATM=74900 (win=±500 mode=CHOI) (ATM_CE_OI=534860 ATM_PE_OI=590180) | SUPPORT=74700PE CHOI=1102280 (dist=-200) | RESISTANCE=75000CE CHOI=730140 (dist=100)
OI_SUPPORT=== 74700
OI_SUPPORT CEoich val = 374660.0  PEoich val = 1102280.0 , CE < PE by 66.0%
OI_SUPPORT TOTAL OI: CE= 593600  PE= 1298020 , CE < PE by 54.3%
OI_RESISTANCE=== 75000
OI_RESISTANCE CEoich val = 730140.0  PEoich val = 584780.0 , CE > PE by 19.9%
OI_RESISTANCE TOTAL OI: CE= 1231780  PE= 808500 , CE > PE by 34.4%
IS_MORNING_WINDOW= False  (active 9:15-9:48 IST)
================================================
==== signal check time ==== 2026-09-21 14:45:00.585881
CHART_PATTERN_DETECTED: INSIDE_BAR | DOUBLE_TOP_FORMING | DOUBLE_BOTTOM_FORMING
  PATTERN_CONTEXT: Body= 0.0  Range= 0.0  ExpectedRange= 63.6  RangeRatio= 0.0  O= 74900.0  H= 74900.0  L= 74900.0  C= 74900.0
PCR9_SEQ_FLAT: 1.46 -> 1.46 -> 1.46 (not monotonic)
isPcrDecr = True
PCR_SEQ_DEC: 2.71 -> 2.69 -> 2.68 | pcr2 < pcr1 by -0.7% | pcr3 < pcr2 by -0.4%
isCE_DominantAtRes_once = True  isCE_DominantAtRes_twice = True  isCE_DominantAtRes_trice = False (CE_res_streak= 2 )
ATMStrike =  74900
AVG_OIPCR= 1.46
avgoiPCROld=  2.68
AVG_OIPCR_9STRIKE= 1.46  (pcr5..pcr13 = ATM +/-4, 9 strikes)
SUPP_RES = 75000
spotLTP = 74942.14
FUT LTP = 74900.0
CEchoi  PechOi = 730140.0    584780.0
====================================
atmPCR= 0.22  belowATM  0.41
CHOI_DOM_GATE: gate_on= True  bull_ok= False  bear_ok= True | isPE_DomSupp_once= False  fresh_PE= -1420 | isCE_DomRes_once= True  fresh_CE= 5780
no trade yet = [np.float64(2.71), np.float64(2.69), np.float64(2.68)]
India VIX = 11.31  Spot Price = 74945.39
IV Regime = NORMAL (ADAPTIVE: P25= 11.13  P50= 11.38  P75= 11.98 ) | DailyRange = 1210.9 | 3minCandleRange = 63.7 (theoretical= 106.2 ) | ATMoptionMove = 28.7 | SL = 100 | Target = 100 | TrailTrigger = 29 | Spread = 300 | Buffer = 32
IV Params refreshed: {'vix': 11.31, 'bn_price': 74945.39, 'regime': 'NORMAL', 'regime_thresholds': 'P25=11.13 P50=11.38 P75=11.98', 'daily_range': 1210.9, 'candle_range': 63.7, 'atm_option_move': 28.7, 'sl_point': 100, 'target_point': 100, 'sl_pct_of_premium': 0.1, 'trail_trigger': 29, 'spread_width': 300, 'support_resistance_buffer': 32}
===
====after 3 min ochain==== 2026-09-21 14:48:00.000003
                                    oipcr   choipcr   CE_OI / PE_OI (same strike)
pcr1 =  BSE:SENSEX26SEP75700PE   0.06   0.07 CALL added 240160   PUT added 15860  CE_OI=363040 PE_OI=23040
pcr2 =  BSE:SENSEX26SEP75600CE   0.04   0.05 CALL added 133400   PUT added 7060  CE_OI=263240 PE_OI=11660
pcr3 =  BSE:SENSEX26SEP75500PE   0.11   0.07 CALL added 337960   PUT added 24880  CE_OI=644360 PE_OI=73240
pcr4 =  BSE:SENSEX26SEP75400CE   0.16   0.15 CALL added 154320   PUT added 23420  CE_OI=244560 PE_OI=39880
pcr5 =  BSE:SENSEX26SEP75300PE   0.23   0.29 CALL added 162120   PUT added 46380  CE_OI=265300 PE_OI=61040
pcr6 =  BSE:SENSEX26SEP75200CE   0.44    0.61 CALL added 180080   PUT added 109900  CE_OI=304760 PE_OI=134160
pcr7 =  BSE:SENSEX26SEP75100CE   0.39   0.52 CALL added 231020   PUT added 120360  CE_OI=446820 PE_OI=174500
pcr8 =  BSE:SENSEX26SEP75000PE   0.66   0.8 CALL added 710400   PUT added 571440  CE_OI=1212040 PE_OI=795160
pcr9 =  BSE:SENSEX26SEP74900CE   1.11   1.63 CALL added 332220   PUT added 540480  CE_OI=530400 PE_OI=587720
pcr10 =  BSE:SENSEX26SEP74800PE   1.68   2.05 CALL added 403200   PUT added 826840  CE_OI=553500 PE_OI=928040
pcr11 =  BSE:SENSEX26SEP74700CE   2.19   2.95 CALL added 371720   PUT added 1095360  CE_OI=590660 PE_OI=1291100
pcr12 =  BSE:SENSEX26SEP74600PE   3.88   168.86 CALL added 4580   PUT added 773380  CE_OI=323720 PE_OI=1256200
pcr13 =  BSE:SENSEX26SEP74500PE   2.63   -1.64 CALL unwind -285080   PUT added 466320  CE_OI=560980 PE_OI=1475320
pcr14 =  BSE:SENSEX26SEP74400CE   3.83   -5.7 CALL unwind -43720   PUT added 249280  CE_OI=185380 PE_OI=710680
pcr15 =  BSE:SENSEX26SEP74300PE   5.24   -44.49 CALL unwind -6200   PUT added 275860  CE_OI=112540 PE_OI=589640
pcr16 =  BSE:SENSEX26SEP74200PE   10.03   34.54 CALL added 5520   PUT added 190640  CE_OI=51660 PE_OI=518280
pcr17 =  BSE:SENSEX26SEP74100PE   12.91   -18.07 CALL unwind -1840   PUT added 33240  CE_OI=31240 PE_OI=403240
PCRSUM== 45.59
pcrSummation== 13.21
spotLTP =  74945.39  ATM_STRIKE =  74900
IS_ATM_STRIKE_SHIFT = False  mapStrike = {74900: 74900}
avgOiPcrList2 = [np.float64(2.69), np.float64(2.68), np.float64(2.68)] atmStrikeNotShiftedCount= 9
avgOiPcr9List2 = [np.float64(1.46), np.float64(1.46), np.float64(1.47)] atmStrikeNotShiftedCount= 9
False   9   3
SUPP_RES=== 75000  Buffer= 32
ANCHOR_COMPARE: spot=74945.39 fut=74896.4 basis(fut-spot)=-48.99 | SR_spot(PRIMARY)=75000 SR_future=75000 SR_diff(fut-spot)=0 | PCRwin_spot(PRIMARY)=74900 PCRwin_future=74900
CEoich val =  710400.0  PEoich val =  571440.0 , CE > PE by 19.6%
SUPP_RES TOTAL OI: CE= 1212040  PE= 795160 , CE > PE by 34.4%
INCR_CHOI: SUPP_RES=75000 role=RESISTANCE fresh_CE=-19740 fresh_PE=-13340 -> PE_dominant by 32.4% (resistance CHALLENGED (bullish warning)) | cumulative CE=710400.0 PE=571440.0
==========================
FUT_SUPP_RES=== 75000  (FUT_LTP= 74896.4 ) Buffer= 32
FUT CEoich val =  710400.0  PEoich val =  571440.0 , CE > PE by 19.6%
FUT_SUPP_RES TOTAL OI: CE= 1212040  PE= 795160 , CE > PE by 34.4%
OI_SUPP_RES: spot=74945.39 ATM=74900 (win=±500 mode=CHOI) (ATM_CE_OI=530400 ATM_PE_OI=587720) | SUPPORT=74700PE CHOI=1095360 (dist=-200) | RESISTANCE=75000CE CHOI=710400 (dist=100)
OI_SUPPORT=== 74700
OI_SUPPORT CEoich val = 371720.0  PEoich val = 1095360.0 , CE < PE by 66.1%
OI_SUPPORT TOTAL OI: CE= 590660  PE= 1291100 , CE < PE by 54.3%
OI_RESISTANCE=== 75000
OI_RESISTANCE CEoich val = 710400.0  PEoich val = 571440.0 , CE > PE by 19.6%
OI_RESISTANCE TOTAL OI: CE= 1212040  PE= 795160 , CE > PE by 34.4%
IS_MORNING_WINDOW= False  (active 9:15-9:48 IST)
================================================
==== signal check time ==== 2026-09-21 14:48:00.661961
CHART_PATTERN_DETECTED: DOUBLE_TOP_FORMING | DOUBLE_BOTTOM_FORMING
  PATTERN_CONTEXT: Body= -3.6  Range= 3.6  ExpectedRange= 63.7  RangeRatio= 0.06  O= 74900.0  H= 74900.0  L= 74896.4  C= 74896.4
PCR9_SEQ_FLAT: 1.46 -> 1.46 -> 1.47 (not monotonic)
neither = [np.float64(2.68)]
ATMStrike =  74900
AVG_OIPCR= 1.47
avgoiPCROld=  2.68
AVG_OIPCR_9STRIKE= 1.47  (pcr5..pcr13 = ATM +/-4, 9 strikes)
SUPP_RES = 75000
spotLTP = 74945.39
FUT LTP = 74896.4
CEchoi  PechOi = 710400.0    571440.0
====================================
atmPCR= 0.23  belowATM  0.44
CHOI_DOM_GATE: gate_on= True  bull_ok= False  bear_ok= False | isPE_DomSupp_once= False  fresh_PE= -13340 | isCE_DomRes_once= False  fresh_CE= -19740
India VIX = 11.29  Spot Price = 74953.28
IV Regime = NORMAL (ADAPTIVE: P25= 11.13  P50= 11.38  P75= 11.98 ) | DailyRange = 1208.9 | 3minCandleRange = 63.6 (theoretical= 106.0 ) | ATMoptionMove = 28.6 | SL = 100 | Target = 100 | TrailTrigger = 29 | Spread = 300 | Buffer = 32
IV Params refreshed: {'vix': 11.29, 'bn_price': 74953.28, 'regime': 'NORMAL', 'regime_thresholds': 'P25=11.13 P50=11.38 P75=11.98', 'daily_range': 1208.9, 'candle_range': 63.6, 'atm_option_move': 28.6, 'sl_point': 100, 'target_point': 100, 'sl_pct_of_premium': 0.1, 'trail_trigger': 29, 'spread_width': 300, 'support_resistance_buffer': 32}
===
====after 3 min ochain==== 2026-09-21 14:51:00.000003
                                    oipcr   choipcr   CE_OI / PE_OI (same strike)
pcr1 =  BSE:SENSEX26SEP75800CE   0.02   0.02 CALL added 141680   PUT added 2340  CE_OI=236360 PE_OI=5480
pcr2 =  BSE:SENSEX26SEP75700PE   0.07   0.07 CALL added 231220   PUT added 15840  CE_OI=354100 PE_OI=23020
pcr3 =  BSE:SENSEX26SEP75600CE   0.04   0.05 CALL added 133000   PUT added 6960  CE_OI=262840 PE_OI=11560
pcr4 =  BSE:SENSEX26SEP75500PE   0.11   0.07 CALL added 332760   PUT added 24760  CE_OI=639160 PE_OI=73120
pcr5 =  BSE:SENSEX26SEP75400CE   0.17   0.16 CALL added 148340   PUT added 23280  CE_OI=238580 PE_OI=39740
pcr6 =  BSE:SENSEX26SEP75300PE   0.23    0.29 CALL added 166280   PUT added 47540  CE_OI=269460 PE_OI=62200
pcr7 =  BSE:SENSEX26SEP75200CE   0.45   0.64 CALL added 173860   PUT added 111560  CE_OI=298540 PE_OI=135820
pcr8 =  BSE:SENSEX26SEP75100CE   0.39   0.53 CALL added 228540   PUT added 120100  CE_OI=444340 PE_OI=174240
pcr9 =  BSE:SENSEX26SEP75000PE   0.66   0.81 CALL added 704760   PUT added 573040  CE_OI=1206400 PE_OI=796760
pcr10 =  BSE:SENSEX26SEP74900CE   1.12   1.66 CALL added 326720   PUT added 542180  CE_OI=524900 PE_OI=589420
pcr11 =  BSE:SENSEX26SEP74800PE   1.68   2.06 CALL added 401500   PUT added 827220  CE_OI=551800 PE_OI=928420
pcr12 =  BSE:SENSEX26SEP74700CE   2.17   2.93 CALL added 372120   PUT added 1089780  CE_OI=591060 PE_OI=1285520
pcr13 =  BSE:SENSEX26SEP74600PE   3.93   3858.6 CALL added 200   PUT added 771720  CE_OI=319340 PE_OI=1254540
pcr14 =  BSE:SENSEX26SEP74500PE   2.61   -1.62 CALL unwind -283840   PUT added 459100  CE_OI=562220 PE_OI=1468100
pcr15 =  BSE:SENSEX26SEP74400CE   3.82   -5.65 CALL unwind -43780   PUT added 247380  CE_OI=185320 PE_OI=708780
pcr16 =  BSE:SENSEX26SEP74300PE   5.28   -40.89 CALL unwind -6780   PUT added 277260  CE_OI=111960 PE_OI=591040
pcr17 =  BSE:SENSEX26SEP74200PE   10.11   36.77 CALL added 5200   PUT added 191220  CE_OI=51340 PE_OI=518860
PCRSUM== 32.86
pcrSummation== 10.8
spotLTP =  74953.28  ATM_STRIKE =  75000
IS_ATM_STRIKE_SHIFT = True  mapStrike = {75000: 75000}
avgOiPcrList2 = [np.float64(1.93)] atmStrikeNotShiftedCount= 1
avgOiPcr9List2 = [np.float64(1.2)] atmStrikeNotShiftedCount= 1
True   1   1
SUPP_RES=== 75000  Buffer= 32
ANCHOR_COMPARE: spot=74953.28 fut=74901.1 basis(fut-spot)=-52.18 | SR_spot(PRIMARY)=75000 SR_future=75000 SR_diff(fut-spot)=0 | PCRwin_spot(PRIMARY)=75000 PCRwin_future=74900
CEoich val =  704760.0  PEoich val =  573040.0 , CE > PE by 18.7%
SUPP_RES TOTAL OI: CE= 1206400  PE= 796760 , CE > PE by 34.0%
INCR_CHOI: SUPP_RES=75000 role=RESISTANCE fresh_CE=-5640 fresh_PE=1600 -> PE_dominant by 128.4% (resistance CHALLENGED (bullish warning)) | cumulative CE=704760.0 PE=573040.0
==========================
FUT_SUPP_RES=== 75000  (FUT_LTP= 74901.1 ) Buffer= 32
FUT CEoich val =  704760.0  PEoich val =  573040.0 , CE > PE by 18.7%
FUT_SUPP_RES TOTAL OI: CE= 1206400  PE= 796760 , CE > PE by 34.0%
OI_SUPP_RES: spot=74953.28 ATM=75000 (win=±500 mode=CHOI) (ATM_CE_OI=1206400 ATM_PE_OI=796760) | SUPPORT=74700PE CHOI=1089780 (dist=-300) | RESISTANCE=75000CE CHOI=704760 (dist=0)
OI_SUPPORT=== 74700
OI_SUPPORT CEoich val = 372120.0  PEoich val = 1089780.0 , CE < PE by 65.9%
OI_SUPPORT TOTAL OI: CE= 591060  PE= 1285520 , CE < PE by 54.0%
OI_RESISTANCE=== 75000
OI_RESISTANCE CEoich val = 704760.0  PEoich val = 573040.0 , CE > PE by 18.7%
OI_RESISTANCE TOTAL OI: CE= 1206400  PE= 796760 , CE > PE by 34.0%
IS_MORNING_WINDOW= False  (active 9:15-9:48 IST)
================================================
==== signal check time ==== 2026-09-21 14:51:00.562275
CHART_PATTERN_DETECTED: DOUBLE_TOP_FORMING | DOUBLE_BOTTOM_FORMING
  PATTERN_CONTEXT: Body= -5.9  Range= 12.9  ExpectedRange= 63.6  RangeRatio= 0.2  O= 74907.0  H= 74914.0  L= 74901.1  C= 74901.1
ATMStrike =  75000
AVG_OIPCR= 1.2
avgoiPCROld=  1.93
AVG_OIPCR_9STRIKE= 1.2  (pcr5..pcr13 = ATM +/-4, 9 strikes)
SUPP_RES = 75000
spotLTP = 74953.28
FUT LTP = 74901.1
CEchoi  PechOi = 704760.0    573040.0
====================================
atmPCR= 0.17  belowATM  0.23
CHOI_DOM_GATE: gate_on= True  bull_ok= False  bear_ok= False | isPE_DomSupp_once= False  fresh_PE= 1600 | isCE_DomRes_once= False  fresh_CE= -5640
India VIX = 11.26  Spot Price = 74941.84
IV Regime = NORMAL (ADAPTIVE: P25= 11.13  P50= 11.38  P75= 11.98 ) | DailyRange = 1205.5 | 3minCandleRange = 63.4 (theoretical= 105.7 ) | ATMoptionMove = 28.5 | SL = 100 | Target = 100 | TrailTrigger = 29 | Spread = 300 | Buffer = 32
IV Params refreshed: {'vix': 11.26, 'bn_price': 74941.84, 'regime': 'NORMAL', 'regime_thresholds': 'P25=11.13 P50=11.38 P75=11.98', 'daily_range': 1205.5, 'candle_range': 63.4, 'atm_option_move': 28.5, 'sl_point': 100, 'target_point': 100, 'sl_pct_of_premium': 0.1, 'trail_trigger': 29, 'spread_width': 300, 'support_resistance_buffer': 32}
===
====after 3 min ochain==== 2026-09-21 14:54:00.000001
                                    oipcr   choipcr   CE_OI / PE_OI (same strike)
pcr1 =  BSE:SENSEX26SEP75700PE   0.07   0.07 CALL added 219520   PUT added 15700  CE_OI=342400 PE_OI=22880
pcr2 =  BSE:SENSEX26SEP75600CE   0.04   0.05 CALL added 136240   PUT added 6880  CE_OI=266080 PE_OI=11480
pcr3 =  BSE:SENSEX26SEP75500PE   0.11   0.07 CALL added 339760   PUT added 25260  CE_OI=646160 PE_OI=73620
pcr4 =  BSE:SENSEX26SEP75400CE   0.16   0.15 CALL added 152080   PUT added 23140  CE_OI=242320 PE_OI=39600
pcr5 =  BSE:SENSEX26SEP75300PE   0.24   0.31 CALL added 160860   PUT added 49140  CE_OI=264040 PE_OI=63800
pcr6 =  BSE:SENSEX26SEP75200CE   0.46    0.64 CALL added 179300   PUT added 114440  CE_OI=303980 PE_OI=138700
pcr7 =  BSE:SENSEX26SEP75100CE   0.39   0.52 CALL added 232760   PUT added 121320  CE_OI=448560 PE_OI=175460
pcr8 =  BSE:SENSEX26SEP75000PE   0.66   0.81 CALL added 712000   PUT added 577420  CE_OI=1213640 PE_OI=801140
pcr9 =  BSE:SENSEX26SEP74900CE   1.12   1.65 CALL added 327880   PUT added 541480  CE_OI=526060 PE_OI=588720
pcr10 =  BSE:SENSEX26SEP74800PE   1.67   2.05 CALL added 398480   PUT added 817180  CE_OI=548780 PE_OI=918380
pcr11 =  BSE:SENSEX26SEP74700CE   2.14   2.88 CALL added 374520   PUT added 1076900  CE_OI=593460 PE_OI=1272640
pcr12 =  BSE:SENSEX26SEP74600PE   3.91   -425.61 CALL unwind -1780   PUT added 757580  CE_OI=317360 PE_OI=1240400
pcr13 =  BSE:SENSEX26SEP74500PE   2.6   -1.47 CALL unwind -293200   PUT added 429580  CE_OI=552860 PE_OI=1438580
pcr14 =  BSE:SENSEX26SEP74400CE   3.82   -5.43 CALL unwind -44700   PUT added 242900  CE_OI=184400 PE_OI=704300
pcr15 =  BSE:SENSEX26SEP74300PE   5.32   -34.62 CALL unwind -7960   PUT added 275540  CE_OI=110780 PE_OI=589320
pcr16 =  BSE:SENSEX26SEP74200PE   10.3   46.44 CALL added 4080   PUT added 189480  CE_OI=50220 PE_OI=517120
pcr17 =  BSE:SENSEX26SEP74100PE   13.06   -14.65 CALL unwind -2240   PUT added 32820  CE_OI=30840 PE_OI=402820
PCRSUM== 46.07
pcrSummation== 13.19
spotLTP =  74941.84  ATM_STRIKE =  74900
IS_ATM_STRIKE_SHIFT = True  mapStrike = {74900: 74900}
avgOiPcrList2 = [np.float64(2.71)] atmStrikeNotShiftedCount= 1
avgOiPcr9List2 = [np.float64(1.47)] atmStrikeNotShiftedCount= 1
True   1   1
SUPP_RES=== 75000  Buffer= 32
ANCHOR_COMPARE: spot=74941.84 fut=74901.1 basis(fut-spot)=-40.74 | SR_spot(PRIMARY)=75000 SR_future=75000 SR_diff(fut-spot)=0 | PCRwin_spot(PRIMARY)=74900 PCRwin_future=74900
CEoich val =  712000.0  PEoich val =  577420.0 , CE > PE by 18.9%
SUPP_RES TOTAL OI: CE= 1213640  PE= 801140 , CE > PE by 34.0%
INCR_CHOI: SUPP_RES=75000 role=RESISTANCE fresh_CE=7240 fresh_PE=4380 -> CE_dominant by 39.5% (resistance HOLDING (bearish)) | cumulative CE=712000.0 PE=577420.0
==========================
FUT_SUPP_RES=== 75000  (FUT_LTP= 74901.1 ) Buffer= 32
FUT CEoich val =  712000.0  PEoich val =  577420.0 , CE > PE by 18.9%
FUT_SUPP_RES TOTAL OI: CE= 1213640  PE= 801140 , CE > PE by 34.0%
OI_SUPP_RES: spot=74941.84 ATM=74900 (win=±500 mode=CHOI) (ATM_CE_OI=526060 ATM_PE_OI=588720) | SUPPORT=74700PE CHOI=1076900 (dist=-200) | RESISTANCE=75000CE CHOI=712000 (dist=100)
OI_SUPPORT=== 74700
OI_SUPPORT CEoich val = 374520.0  PEoich val = 1076900.0 , CE < PE by 65.2%
OI_SUPPORT TOTAL OI: CE= 593460  PE= 1272640 , CE < PE by 53.4%
OI_RESISTANCE=== 75000
OI_RESISTANCE CEoich val = 712000.0  PEoich val = 577420.0 , CE > PE by 18.9%
OI_RESISTANCE TOTAL OI: CE= 1213640  PE= 801140 , CE > PE by 34.0%
IS_MORNING_WINDOW= False  (active 9:15-9:48 IST)
================================================
==== signal check time ==== 2026-09-21 14:54:00.573220
CHART_PATTERN_DETECTED: INSIDE_BAR | DOUBLE_TOP_FORMING | DOUBLE_BOTTOM_FORMING
  PATTERN_CONTEXT: Body= 0.0  Range= 0.0  ExpectedRange= 63.4  RangeRatio= 0.0  O= 74901.1  H= 74901.1  L= 74901.1  C= 74901.1
isCE_DominantAtRes_once = True  isCE_DominantAtRes_twice = False  isCE_DominantAtRes_trice = False (CE_res_streak= 1 )
ATMStrike =  74900
AVG_OIPCR= 1.47
avgoiPCROld=  2.71
AVG_OIPCR_9STRIKE= 1.47  (pcr5..pcr13 = ATM +/-4, 9 strikes)
SUPP_RES = 75000
spotLTP = 74941.84
FUT LTP = 74901.1
CEchoi  PechOi = 712000.0    577420.0
====================================
atmPCR= 0.24  belowATM  0.46
CHOI_DOM_GATE: gate_on= True  bull_ok= False  bear_ok= True | isPE_DomSupp_once= False  fresh_PE= 4380 | isCE_DomRes_once= True  fresh_CE= 7240
India VIX = 11.25  Spot Price = 74938.08
IV Regime = NORMAL (ADAPTIVE: P25= 11.13  P50= 11.38  P75= 11.98 ) | DailyRange = 1204.4 | 3minCandleRange = 63.4 (theoretical= 105.6 ) | ATMoptionMove = 28.5 | SL = 100 | Target = 100 | TrailTrigger = 29 | Spread = 300 | Buffer = 32
IV Params refreshed: {'vix': 11.25, 'bn_price': 74938.08, 'regime': 'NORMAL', 'regime_thresholds': 'P25=11.13 P50=11.38 P75=11.98', 'daily_range': 1204.4, 'candle_range': 63.4, 'atm_option_move': 28.5, 'sl_point': 100, 'target_point': 100, 'sl_pct_of_premium': 0.1, 'trail_trigger': 29, 'spread_width': 300, 'support_resistance_buffer': 32}
===
====after 3 min ochain==== 2026-09-21 14:57:00.000001
                                    oipcr   choipcr   CE_OI / PE_OI (same strike)
pcr1 =  BSE:SENSEX26SEP75700PE   0.07   0.07 CALL added 217380   PUT added 15700  CE_OI=340260 PE_OI=22880
pcr2 =  BSE:SENSEX26SEP75600CE   0.04   0.05 CALL added 132900   PUT added 6900  CE_OI=262740 PE_OI=11500
pcr3 =  BSE:SENSEX26SEP75500PE   0.11   0.08 CALL added 337840   PUT added 25520  CE_OI=644240 PE_OI=73880
pcr4 =  BSE:SENSEX26SEP75400CE   0.16   0.15 CALL added 150760   PUT added 23280  CE_OI=241000 PE_OI=39740
pcr5 =  BSE:SENSEX26SEP75300PE   0.24   0.31 CALL added 160920   PUT added 49260  CE_OI=264100 PE_OI=63920
pcr6 =  BSE:SENSEX26SEP75200CE   0.46    0.63 CALL added 181140   PUT added 114960  CE_OI=305820 PE_OI=139220
pcr7 =  BSE:SENSEX26SEP75100CE   0.38   0.5 CALL added 234360   PUT added 117240  CE_OI=450160 PE_OI=171380
pcr8 =  BSE:SENSEX26SEP75000PE   0.66   0.81 CALL added 716240   PUT added 576880  CE_OI=1217880 PE_OI=800600
pcr9 =  BSE:SENSEX26SEP74900CE   1.11   1.63 CALL added 329780   PUT added 539180  CE_OI=527960 PE_OI=586420
pcr10 =  BSE:SENSEX26SEP74800PE   1.65   2.03 CALL added 394080   PUT added 798320  CE_OI=544380 PE_OI=899520
pcr11 =  BSE:SENSEX26SEP74700CE   2.13   2.86 CALL added 370100   PUT added 1056740  CE_OI=589040 PE_OI=1252480
pcr12 =  BSE:SENSEX26SEP74600PE   3.9   -300.48 CALL unwind -2500   PUT added 751200  CE_OI=316640 PE_OI=1234020
pcr13 =  BSE:SENSEX26SEP74500PE   2.61   -1.4 CALL unwind -298860   PUT added 418420  CE_OI=547200 PE_OI=1427420
pcr14 =  BSE:SENSEX26SEP74400CE   3.82   -5.27 CALL unwind -45420   PUT added 239540  CE_OI=183680 PE_OI=700940
pcr15 =  BSE:SENSEX26SEP74300PE   5.32   -34.39 CALL unwind -8000   PUT added 275120  CE_OI=110740 PE_OI=588900
pcr16 =  BSE:SENSEX26SEP74200PE   10.16   44.87 CALL added 4060   PUT added 182160  CE_OI=50200 PE_OI=509800
pcr17 =  BSE:SENSEX26SEP74100PE   13.05   -14.23 CALL unwind -2260   PUT added 32160  CE_OI=30820 PE_OI=402160
PCRSUM== 45.87
pcrSummation== 13.14
spotLTP =  74937.08  ATM_STRIKE =  74900
IS_ATM_STRIKE_SHIFT = False  mapStrike = {74900: 74900}
avgOiPcrList2 = [np.float64(2.71), np.float64(2.7)] atmStrikeNotShiftedCount= 2
avgOiPcr9List2 = [np.float64(1.47), np.float64(1.46)] atmStrikeNotShiftedCount= 2
False   2   2
SUPP_RES=== 75000  Buffer= 32
ANCHOR_COMPARE: spot=74937.08 fut=74901.1 basis(fut-spot)=-35.98 | SR_spot(PRIMARY)=75000 SR_future=75000 SR_diff(fut-spot)=0 | PCRwin_spot(PRIMARY)=74900 PCRwin_future=74900
CEoich val =  716240.0  PEoich val =  576880.0 , CE > PE by 19.5%
SUPP_RES TOTAL OI: CE= 1217880  PE= 800600 , CE > PE by 34.3%
INCR_CHOI: SUPP_RES=75000 role=RESISTANCE fresh_CE=4240 fresh_PE=-540 -> CE_dominant by 112.7% (resistance HOLDING (bearish)) | cumulative CE=716240.0 PE=576880.0
==========================
FUT_SUPP_RES=== 75000  (FUT_LTP= 74901.1 ) Buffer= 32
FUT CEoich val =  716240.0  PEoich val =  576880.0 , CE > PE by 19.5%
FUT_SUPP_RES TOTAL OI: CE= 1217880  PE= 800600 , CE > PE by 34.3%
OI_SUPP_RES: spot=74937.08 ATM=74900 (win=±500 mode=CHOI) (ATM_CE_OI=527960 ATM_PE_OI=586420) | SUPPORT=74700PE CHOI=1056740 (dist=-200) | RESISTANCE=75000CE CHOI=716240 (dist=100)
OI_SUPPORT=== 74700
OI_SUPPORT CEoich val = 370100.0  PEoich val = 1056740.0 , CE < PE by 65.0%
OI_SUPPORT TOTAL OI: CE= 589040  PE= 1252480 , CE < PE by 53.0%
OI_RESISTANCE=== 75000
OI_RESISTANCE CEoich val = 716240.0  PEoich val = 576880.0 , CE > PE by 19.5%
OI_RESISTANCE TOTAL OI: CE= 1217880  PE= 800600 , CE > PE by 34.3%
IS_MORNING_WINDOW= False  (active 9:15-9:48 IST)
================================================
==== signal check time ==== 2026-09-21 14:57:00.562906
CHART_PATTERN_DETECTED: INSIDE_BAR | DOUBLE_TOP_FORMING | DOUBLE_BOTTOM_FORMING
  PATTERN_CONTEXT: Body= 0.0  Range= 0.0  ExpectedRange= 63.4  RangeRatio= 0.0  O= 74901.1  H= 74901.1  L= 74901.1  C= 74901.1
isCE_DominantAtRes_once = True  isCE_DominantAtRes_twice = True  isCE_DominantAtRes_trice = False (CE_res_streak= 2 )
ATMStrike =  74900
AVG_OIPCR= 1.46
avgoiPCROld=  2.7
AVG_OIPCR_9STRIKE= 1.46  (pcr5..pcr13 = ATM +/-4, 9 strikes)
SUPP_RES = 75000
spotLTP = 74937.08
FUT LTP = 74901.1
CEchoi  PechOi = 716240.0    576880.0
====================================
atmPCR= 0.24  belowATM  0.46
CHOI_DOM_GATE: gate_on= True  bull_ok= False  bear_ok= True | isPE_DomSupp_once= False  fresh_PE= -540 | isCE_DomRes_once= True  fresh_CE= 4240
India VIX = 11.27  Spot Price = 74929.06
IV Regime = NORMAL (ADAPTIVE: P25= 11.13  P50= 11.38  P75= 11.98 ) | DailyRange = 1206.4 | 3minCandleRange = 63.5 (theoretical= 105.8 ) | ATMoptionMove = 28.6 | SL = 100 | Target = 100 | TrailTrigger = 29 | Spread = 300 | Buffer = 32
IV Params refreshed: {'vix': 11.27, 'bn_price': 74929.06, 'regime': 'NORMAL', 'regime_thresholds': 'P25=11.13 P50=11.38 P75=11.98', 'daily_range': 1206.4, 'candle_range': 63.5, 'atm_option_move': 28.6, 'sl_point': 100, 'target_point': 100, 'sl_pct_of_premium': 0.1, 'trail_trigger': 29, 'spread_width': 300, 'support_resistance_buffer': 32}
===
====after 3 min ochain==== 2026-09-21 15:00:00.000002
                                    oipcr   choipcr   CE_OI / PE_OI (same strike)
pcr1 =  BSE:SENSEX26SEP75700PE   0.07   0.07 CALL added 214360   PUT added 15680  CE_OI=337240 PE_OI=22860
pcr2 =  BSE:SENSEX26SEP75600CE   0.04   0.05 CALL added 131660   PUT added 6860  CE_OI=261500 PE_OI=11460
pcr3 =  BSE:SENSEX26SEP75500PE   0.12   0.08 CALL added 337200   PUT added 27320  CE_OI=643600 PE_OI=75680
pcr4 =  BSE:SENSEX26SEP75400CE   0.16   0.15 CALL added 148420   PUT added 22840  CE_OI=238660 PE_OI=39300
pcr5 =  BSE:SENSEX26SEP75300PE   0.24   0.3 CALL added 163660   PUT added 49540  CE_OI=266840 PE_OI=64200
pcr6 =  BSE:SENSEX26SEP75200CE   0.45    0.63 CALL added 179720   PUT added 114100  CE_OI=304400 PE_OI=138360
pcr7 =  BSE:SENSEX26SEP75100CE   0.38   0.5 CALL added 229420   PUT added 115600  CE_OI=445220 PE_OI=169740
pcr8 =  BSE:SENSEX26SEP75000PE   0.72   0.96 CALL added 595600   PUT added 569800  CE_OI=1097240 PE_OI=793520
pcr9 =  BSE:SENSEX26SEP74900CE   1.12   1.66 CALL added 321240   PUT added 533360  CE_OI=519420 PE_OI=580600
pcr10 =  BSE:SENSEX26SEP74800PE   1.63   2.0 CALL added 389600   PUT added 778300  CE_OI=539900 PE_OI=879500
pcr11 =  BSE:SENSEX26SEP74700CE   2.1   2.82 CALL added 364960   PUT added 1030060  CE_OI=583900 PE_OI=1225800
pcr12 =  BSE:SENSEX26SEP74600PE   4.23   -12.84 CALL unwind -50860   PUT added 652820  CE_OI=268280 PE_OI=1135640
pcr13 =  BSE:SENSEX26SEP74500PE   2.59   -1.32 CALL unwind -302280   PUT added 400460  CE_OI=543780 PE_OI=1409460
pcr14 =  BSE:SENSEX26SEP74400CE   3.8   -4.93 CALL unwind -46820   PUT added 231020  CE_OI=182280 PE_OI=692420
pcr15 =  BSE:SENSEX26SEP74300PE   5.35   -31.81 CALL unwind -8640   PUT added 274800  CE_OI=110100 PE_OI=588580
pcr16 =  BSE:SENSEX26SEP74200PE   8.62   28.03 CALL added 3620   PUT added 101480  CE_OI=49760 PE_OI=429120
pcr17 =  BSE:SENSEX26SEP74100PE   13.12   -14.27 CALL unwind -2340   PUT added 33400  CE_OI=30740 PE_OI=403400
PCRSUM== 44.74
pcrSummation== 13.46
spotLTP =  74929.06  ATM_STRIKE =  74900
IS_ATM_STRIKE_SHIFT = False  mapStrike = {74900: 74900}
avgOiPcrList2 = [np.float64(2.71), np.float64(2.7), np.float64(2.63)] atmStrikeNotShiftedCount= 3
avgOiPcr9List2 = [np.float64(1.47), np.float64(1.46), np.float64(1.5)] atmStrikeNotShiftedCount= 3
False   3   3
SUPP_RES=== 75000  Buffer= 32
ANCHOR_COMPARE: spot=74929.06 fut=74901.1 basis(fut-spot)=-27.96 | SR_spot(PRIMARY)=75000 SR_future=75000 SR_diff(fut-spot)=0 | PCRwin_spot(PRIMARY)=74900 PCRwin_future=74900
CEoich val =  595600.0  PEoich val =  569800.0 , CE > PE by 4.3%
SUPP_RES TOTAL OI: CE= 1097240  PE= 793520 , CE > PE by 27.7%
INCR_CHOI: SUPP_RES=75000 role=RESISTANCE fresh_CE=-120640 fresh_PE=-7080 -> PE_dominant by 94.1% (resistance CHALLENGED (bullish warning)) | cumulative CE=595600.0 PE=569800.0
==========================
FUT_SUPP_RES=== 75000  (FUT_LTP= 74901.1 ) Buffer= 32
FUT CEoich val =  595600.0  PEoich val =  569800.0 , CE > PE by 4.3%
FUT_SUPP_RES TOTAL OI: CE= 1097240  PE= 793520 , CE > PE by 27.7%
OI_SUPP_RES: spot=74929.06 ATM=74900 (win=±500 mode=CHOI) (ATM_CE_OI=519420 ATM_PE_OI=580600) | SUPPORT=74700PE CHOI=1030060 (dist=-200) | RESISTANCE=75000CE CHOI=595600 (dist=100)
OI_SUPPORT=== 74700
OI_SUPPORT CEoich val = 364960.0  PEoich val = 1030060.0 , CE < PE by 64.6%
OI_SUPPORT TOTAL OI: CE= 583900  PE= 1225800 , CE < PE by 52.4%
OI_RESISTANCE=== 75000
OI_RESISTANCE CEoich val = 595600.0  PEoich val = 569800.0 , CE > PE by 4.3%
OI_RESISTANCE TOTAL OI: CE= 1097240  PE= 793520 , CE > PE by 27.7%
IS_MORNING_WINDOW= False  (active 9:15-9:48 IST)
================================================
==== signal check time ==== 2026-09-21 15:00:00.584904
CHART_PATTERN_DETECTED: INSIDE_BAR | DOUBLE_TOP_FORMING | DOUBLE_BOTTOM_FORMING
  PATTERN_CONTEXT: Body= 0.0  Range= 0.0  ExpectedRange= 63.5  RangeRatio= 0.0  O= 74901.1  H= 74901.1  L= 74901.1  C= 74901.1
PCR9_SEQ_FLAT: 1.47 -> 1.46 -> 1.5 (not monotonic)
isPcrDecr = True
PCR_SEQ_DEC: 2.71 -> 2.7 -> 2.63 | pcr2 < pcr1 by -0.4% | pcr3 < pcr2 by -2.6%
ATMStrike =  74900
AVG_OIPCR= 1.5
avgoiPCROld=  2.63
AVG_OIPCR_9STRIKE= 1.5  (pcr5..pcr13 = ATM +/-4, 9 strikes)
SUPP_RES = 75000
spotLTP = 74929.06
FUT LTP = 74901.1
CEchoi  PechOi = 595600.0    569800.0
====================================
atmPCR= 0.24  belowATM  0.45
CHOI_DOM_GATE: gate_on= True  bull_ok= False  bear_ok= False | isPE_DomSupp_once= False  fresh_PE= -7080 | isCE_DomRes_once= False  fresh_CE= -120640
no trade yet = [np.float64(2.71), np.float64(2.7), np.float64(2.63)]
India VIX = 11.28  Spot Price = 74924.06
IV Regime = NORMAL (ADAPTIVE: P25= 11.13  P50= 11.38  P75= 11.98 ) | DailyRange = 1207.3 | 3minCandleRange = 63.5 (theoretical= 105.9 ) | ATMoptionMove = 28.6 | SL = 100 | Target = 100 | TrailTrigger = 29 | Spread = 300 | Buffer = 32
IV Params refreshed: {'vix': 11.28, 'bn_price': 74924.06, 'regime': 'NORMAL', 'regime_thresholds': 'P25=11.13 P50=11.38 P75=11.98', 'daily_range': 1207.3, 'candle_range': 63.5, 'atm_option_move': 28.6, 'sl_point': 100, 'target_point': 100, 'sl_pct_of_premium': 0.1, 'trail_trigger': 29, 'spread_width': 300, 'support_resistance_buffer': 32}
===
====after 3 min ochain==== 2026-09-21 15:03:00.000003
                                    oipcr   choipcr   CE_OI / PE_OI (same strike)
pcr1 =  BSE:SENSEX26SEP75700PE   0.07   0.07 CALL added 205460   PUT added 15260  CE_OI=328340 PE_OI=22440
pcr2 =  BSE:SENSEX26SEP75600CE   0.04   0.05 CALL added 126360   PUT added 6280  CE_OI=256200 PE_OI=10880
pcr3 =  BSE:SENSEX26SEP75500PE   0.12   0.08 CALL added 331900   PUT added 26680  CE_OI=638300 PE_OI=75040
pcr4 =  BSE:SENSEX26SEP75400CE   0.17   0.16 CALL added 146300   PUT added 22900  CE_OI=236540 PE_OI=39360
pcr5 =  BSE:SENSEX26SEP75300PE   0.24   0.31 CALL added 162640   PUT added 49880  CE_OI=265820 PE_OI=64540
pcr6 =  BSE:SENSEX26SEP75200CE   0.46    0.65 CALL added 177400   PUT added 114500  CE_OI=302080 PE_OI=138760
pcr7 =  BSE:SENSEX26SEP75100CE   0.38   0.49 CALL added 231580   PUT added 113840  CE_OI=447380 PE_OI=167980
pcr8 =  BSE:SENSEX26SEP75000PE   0.74   0.99 CALL added 573860   PUT added 568540  CE_OI=1075500 PE_OI=792260
pcr9 =  BSE:SENSEX26SEP74900CE   1.16   1.74 CALL added 313400   PUT added 546860  CE_OI=511580 PE_OI=594100
pcr10 =  BSE:SENSEX26SEP74800PE   1.66   2.06 CALL added 376020   PUT added 773840  CE_OI=526320 PE_OI=875040
pcr11 =  BSE:SENSEX26SEP74700CE   2.12   2.88 CALL added 356040   PUT added 1025680  CE_OI=574980 PE_OI=1221420
pcr12 =  BSE:SENSEX26SEP74600PE   4.22   -12.6 CALL unwind -51360   PUT added 647380  CE_OI=267780 PE_OI=1130200
pcr13 =  BSE:SENSEX26SEP74500PE   2.66   -1.26 CALL unwind -316540   PUT added 398120  CE_OI=529520 PE_OI=1407120
pcr14 =  BSE:SENSEX26SEP74400CE   3.88   -4.65 CALL unwind -50060   PUT added 232920  CE_OI=179040 PE_OI=694320
pcr15 =  BSE:SENSEX26SEP74300PE   5.41   -28.52 CALL unwind -9680   PUT added 276040  CE_OI=109060 PE_OI=589820
pcr16 =  BSE:SENSEX26SEP74200PE   8.61   26.8 CALL added 3840   PUT added 102920  CE_OI=49980 PE_OI=430560
pcr17 =  BSE:SENSEX26SEP74100PE   13.33   -16.75 CALL unwind -2360   PUT added 39520  CE_OI=30720 PE_OI=409520
PCRSUM== 45.27
pcrSummation== 13.64
spotLTP =  74924.06  ATM_STRIKE =  74900
IS_ATM_STRIKE_SHIFT = False  mapStrike = {74900: 74900}
avgOiPcrList2 = [np.float64(2.7), np.float64(2.63), np.float64(2.66)] atmStrikeNotShiftedCount= 4
avgOiPcr9List2 = [np.float64(1.46), np.float64(1.5), np.float64(1.52)] atmStrikeNotShiftedCount= 4
False   4   3
SUPP_RES=== 75000  Buffer= 32
ANCHOR_COMPARE: spot=74924.06 fut=74893.35 basis(fut-spot)=-30.71 | SR_spot(PRIMARY)=75000 SR_future=75000 SR_diff(fut-spot)=0 | PCRwin_spot(PRIMARY)=74900 PCRwin_future=74900
CEoich val =  573860.0  PEoich val =  568540.0 , CE > PE by 0.9%
SUPP_RES TOTAL OI: CE= 1075500  PE= 792260 , CE > PE by 26.3%
INCR_CHOI: SUPP_RES=75000 role=RESISTANCE fresh_CE=-21740 fresh_PE=-1260 -> PE_dominant by 94.2% (resistance CHALLENGED (bullish warning)) | cumulative CE=573860.0 PE=568540.0
==========================
FUT_SUPP_RES=== 75000  (FUT_LTP= 74893.35 ) Buffer= 32
FUT CEoich val =  573860.0  PEoich val =  568540.0 , CE > PE by 0.9%
FUT_SUPP_RES TOTAL OI: CE= 1075500  PE= 792260 , CE > PE by 26.3%
OI_SUPP_RES: spot=74924.06 ATM=74900 (win=±500 mode=CHOI) (ATM_CE_OI=511580 ATM_PE_OI=594100) | SUPPORT=74700PE CHOI=1025680 (dist=-200) | RESISTANCE=75000CE CHOI=573860 (dist=100)
OI_SUPPORT=== 74700
OI_SUPPORT CEoich val = 356040.0  PEoich val = 1025680.0 , CE < PE by 65.3%
OI_SUPPORT TOTAL OI: CE= 574980  PE= 1221420 , CE < PE by 52.9%
OI_RESISTANCE=== 75000
OI_RESISTANCE CEoich val = 573860.0  PEoich val = 568540.0 , CE > PE by 0.9%
OI_RESISTANCE TOTAL OI: CE= 1075500  PE= 792260 , CE > PE by 26.3%
IS_MORNING_WINDOW= False  (active 9:15-9:48 IST)
================================================
==== signal check time ==== 2026-09-21 15:03:00.546724
CHART_PATTERN_DETECTED: DOUBLE_TOP_FORMING
  PATTERN_CONTEXT: Body= 17.3  Range= 17.7  ExpectedRange= 63.5  RangeRatio= 0.28  O= 74876.0  H= 74893.8  L= 74876.0  C= 74893.4
isPcrInc9 = True
PCR9_SEQ_INC: 1.46 -> 1.5 -> 1.52 | pcr2 > pcr1 by +2.7% | pcr3 > pcr2 by +1.3%
recent two = [np.float64(2.63), np.float64(2.66)]
ATMStrike =  74900
AVG_OIPCR= 1.52
avgoiPCROld=  2.66
AVG_OIPCR_9STRIKE= 1.52  (pcr5..pcr13 = ATM +/-4, 9 strikes)
SUPP_RES = 75000
spotLTP = 74924.06
FUT LTP = 74893.35
CEchoi  PechOi = 573860.0    568540.0
====================================
atmPCR= 0.24  belowATM  0.46
CHOI_DOM_GATE: gate_on= True  bull_ok= False  bear_ok= False | isPE_DomSupp_once= False  fresh_PE= -1260 | isCE_DomRes_once= False  fresh_CE= -21740
India VIX = 11.28  Spot Price = 74920.01
IV Regime = NORMAL (ADAPTIVE: P25= 11.13  P50= 11.38  P75= 11.98 ) | DailyRange = 1207.3 | 3minCandleRange = 63.5 (theoretical= 105.9 ) | ATMoptionMove = 28.6 | SL = 100 | Target = 100 | TrailTrigger = 29 | Spread = 300 | Buffer = 32
IV Params refreshed: {'vix': 11.28, 'bn_price': 74920.01, 'regime': 'NORMAL', 'regime_thresholds': 'P25=11.13 P50=11.38 P75=11.98', 'daily_range': 1207.3, 'candle_range': 63.5, 'atm_option_move': 28.6, 'sl_point': 100, 'target_point': 100, 'sl_pct_of_premium': 0.1, 'trail_trigger': 29, 'spread_width': 300, 'support_resistance_buffer': 32}
===
====after 3 min ochain==== 2026-09-21 15:06:00.000004
                                    oipcr   choipcr   CE_OI / PE_OI (same strike)
pcr1 =  BSE:SENSEX26SEP75700PE   0.07   0.07 CALL added 209720   PUT added 15220  CE_OI=332600 PE_OI=22400
pcr2 =  BSE:SENSEX26SEP75600CE   0.04   0.05 CALL added 122300   PUT added 6140  CE_OI=252140 PE_OI=10740
pcr3 =  BSE:SENSEX26SEP75500PE   0.12   0.08 CALL added 326720   PUT added 25900  CE_OI=633120 PE_OI=74260
pcr4 =  BSE:SENSEX26SEP75400CE   0.17   0.16 CALL added 144220   PUT added 23100  CE_OI=234460 PE_OI=39560
pcr5 =  BSE:SENSEX26SEP75300PE   0.25   0.32 CALL added 158920   PUT added 51540  CE_OI=262100 PE_OI=66200
pcr6 =  BSE:SENSEX26SEP75200CE   0.46    0.64 CALL added 179460   PUT added 114640  CE_OI=304140 PE_OI=138900
pcr7 =  BSE:SENSEX26SEP75100CE   0.37   0.47 CALL added 240240   PUT added 112500  CE_OI=456040 PE_OI=166640
pcr8 =  BSE:SENSEX26SEP75000PE   0.74   0.99 CALL added 575240   PUT added 568700  CE_OI=1076880 PE_OI=792420
pcr9 =  BSE:SENSEX26SEP74900CE   1.16   1.75 CALL added 308420   PUT added 539620  CE_OI=506600 PE_OI=586860
pcr10 =  BSE:SENSEX26SEP74800PE   1.64   2.03 CALL added 376020   PUT added 762840  CE_OI=526320 PE_OI=864040
pcr11 =  BSE:SENSEX26SEP74700CE   2.11   2.86 CALL added 353920   PUT added 1012860  CE_OI=572860 PE_OI=1208600
pcr12 =  BSE:SENSEX26SEP74600PE   4.25   -11.42 CALL unwind -55800   PUT added 637500  CE_OI=263340 PE_OI=1120320
pcr13 =  BSE:SENSEX26SEP74500PE   2.65   -1.24 CALL unwind -317240   PUT added 392080  CE_OI=528820 PE_OI=1401080
pcr14 =  BSE:SENSEX26SEP74400CE   3.88   -4.57 CALL unwind -50660   PUT added 231360  CE_OI=178440 PE_OI=692760
pcr15 =  BSE:SENSEX26SEP74300PE   5.4   -25.7 CALL unwind -10540   PUT added 270900  CE_OI=108200 PE_OI=584680
pcr16 =  BSE:SENSEX26SEP74200PE   8.57   26.4 CALL added 3800   PUT added 100320  CE_OI=49940 PE_OI=427960
pcr17 =  BSE:SENSEX26SEP74100PE   13.18   -16.27 CALL unwind -2240   PUT added 36440  CE_OI=30840 PE_OI=406440
PCRSUM== 45.06
pcrSummation== 13.63
spotLTP =  74920.01  ATM_STRIKE =  74900
IS_ATM_STRIKE_SHIFT = False  mapStrike = {74900: 74900}
avgOiPcrList2 = [np.float64(2.63), np.float64(2.66), np.float64(2.65)] atmStrikeNotShiftedCount= 5
avgOiPcr9List2 = [np.float64(1.5), np.float64(1.52), np.float64(1.51)] atmStrikeNotShiftedCount= 5
False   5   3
SUPP_RES=== 75000  Buffer= 32
ANCHOR_COMPARE: spot=74920.01 fut=74906.0 basis(fut-spot)=-14.01 | SR_spot(PRIMARY)=75000 SR_future=75000 SR_diff(fut-spot)=0 | PCRwin_spot(PRIMARY)=74900 PCRwin_future=74900
CEoich val =  575240.0  PEoich val =  568700.0 , CE > PE by 1.1%
SUPP_RES TOTAL OI: CE= 1076880  PE= 792420 , CE > PE by 26.4%
INCR_CHOI: SUPP_RES=75000 role=RESISTANCE fresh_CE=1380 fresh_PE=160 -> CE_dominant by 88.4% (resistance HOLDING (bearish)) | cumulative CE=575240.0 PE=568700.0
==========================
FUT_SUPP_RES=== 75000  (FUT_LTP= 74906.0 ) Buffer= 32
FUT CEoich val =  575240.0  PEoich val =  568700.0 , CE > PE by 1.1%
FUT_SUPP_RES TOTAL OI: CE= 1076880  PE= 792420 , CE > PE by 26.4%
OI_SUPP_RES: spot=74920.01 ATM=74900 (win=±500 mode=CHOI) (ATM_CE_OI=506600 ATM_PE_OI=586860) | SUPPORT=74700PE CHOI=1012860 (dist=-200) | RESISTANCE=75000CE CHOI=575240 (dist=100)
OI_SUPPORT=== 74700
OI_SUPPORT CEoich val = 353920.0  PEoich val = 1012860.0 , CE < PE by 65.1%
OI_SUPPORT TOTAL OI: CE= 572860  PE= 1208600 , CE < PE by 52.6%
OI_RESISTANCE=== 75000
OI_RESISTANCE CEoich val = 575240.0  PEoich val = 568700.0 , CE > PE by 1.1%
OI_RESISTANCE TOTAL OI: CE= 1076880  PE= 792420 , CE > PE by 26.4%
IS_MORNING_WINDOW= False  (active 9:15-9:48 IST)
================================================
==== signal check time ==== 2026-09-21 15:06:00.577778
CHART_PATTERN_DETECTED: HAMMER | DOUBLE_TOP_FORMING
  PATTERN_CONTEXT: Body= 7.0  Range= 22.1  ExpectedRange= 63.5  RangeRatio= 0.35  O= 74899.0  H= 74906.0  L= 74883.9  C= 74906.0
PCR9_SEQ_FLAT: 1.5 -> 1.52 -> 1.51 (not monotonic)
recent two = [np.float64(2.66), np.float64(2.65)]
isCE_DominantAtRes_once = True  isCE_DominantAtRes_twice = False  isCE_DominantAtRes_trice = False (CE_res_streak= 1 )
ATMStrike =  74900
AVG_OIPCR= 1.51
avgoiPCROld=  2.65
AVG_OIPCR_9STRIKE= 1.51  (pcr5..pcr13 = ATM +/-4, 9 strikes)
SUPP_RES = 75000
spotLTP = 74920.01
FUT LTP = 74906.0
CEchoi  PechOi = 575240.0    568700.0
====================================
atmPCR= 0.25  belowATM  0.46
CHOI_DOM_GATE: gate_on= True  bull_ok= False  bear_ok= True | isPE_DomSupp_once= False  fresh_PE= 160 | isCE_DomRes_once= True  fresh_CE= 1380
India VIX = 11.28  Spot Price = 74910.65
IV Regime = NORMAL (ADAPTIVE: P25= 11.13  P50= 11.38  P75= 11.98 ) | DailyRange = 1207.1 | 3minCandleRange = 63.5 (theoretical= 105.9 ) | ATMoptionMove = 28.6 | SL = 100 | Target = 100 | TrailTrigger = 29 | Spread = 300 | Buffer = 32
IV Params refreshed: {'vix': 11.28, 'bn_price': 74910.65, 'regime': 'NORMAL', 'regime_thresholds': 'P25=11.13 P50=11.38 P75=11.98', 'daily_range': 1207.1, 'candle_range': 63.5, 'atm_option_move': 28.6, 'sl_point': 100, 'target_point': 100, 'sl_pct_of_premium': 0.1, 'trail_trigger': 29, 'spread_width': 300, 'support_resistance_buffer': 32}
===
====after 3 min ochain==== 2026-09-21 15:09:00.000001
                                    oipcr   choipcr   CE_OI / PE_OI (same strike)
pcr1 =  BSE:SENSEX26SEP75700PE   0.07   0.07 CALL added 207040   PUT added 15180  CE_OI=329920 PE_OI=22360
pcr2 =  BSE:SENSEX26SEP75600CE   0.04   0.05 CALL added 121120   PUT added 6080  CE_OI=250960 PE_OI=10680
pcr3 =  BSE:SENSEX26SEP75500PE   0.11   0.07 CALL added 343200   PUT added 25300  CE_OI=649600 PE_OI=73660
pcr4 =  BSE:SENSEX26SEP75400CE   0.17   0.15 CALL added 140620   PUT added 21760  CE_OI=230860 PE_OI=38220
pcr5 =  BSE:SENSEX26SEP75300PE   0.25   0.32 CALL added 160260   PUT added 51020  CE_OI=263440 PE_OI=65680
pcr6 =  BSE:SENSEX26SEP75200CE   0.47    0.67 CALL added 170900   PUT added 113760  CE_OI=295580 PE_OI=138020
pcr7 =  BSE:SENSEX26SEP75100CE   0.37   0.47 CALL added 234460   PUT added 110520  CE_OI=450260 PE_OI=164660
pcr8 =  BSE:SENSEX26SEP75000PE   0.73   0.98 CALL added 572560   PUT added 563600  CE_OI=1074200 PE_OI=787320
pcr9 =  BSE:SENSEX26SEP74900CE   1.16   1.79 CALL added 295700   PUT added 528060  CE_OI=493880 PE_OI=575300
pcr10 =  BSE:SENSEX26SEP74800PE   1.62   2.01 CALL added 370320   PUT added 744200  CE_OI=520620 PE_OI=845400
pcr11 =  BSE:SENSEX26SEP74700CE   2.1   2.88 CALL added 343160   PUT added 987060  CE_OI=562100 PE_OI=1182800
pcr12 =  BSE:SENSEX26SEP74600PE   4.25   -10.65 CALL unwind -58560   PUT added 623920  CE_OI=260580 PE_OI=1106740
pcr13 =  BSE:SENSEX26SEP74500PE   2.65   -1.18 CALL unwind -321880   PUT added 380360  CE_OI=524180 PE_OI=1389360
pcr14 =  BSE:SENSEX26SEP74400CE   3.86   -4.31 CALL unwind -51840   PUT added 223500  CE_OI=177260 PE_OI=684900
pcr15 =  BSE:SENSEX26SEP74300PE   5.39   -24.87 CALL unwind -10780   PUT added 268140  CE_OI=107960 PE_OI=581920
pcr16 =  BSE:SENSEX26SEP74200PE   8.5   25.31 CALL added 3840   PUT added 97200  CE_OI=49980 PE_OI=424840
pcr17 =  BSE:SENSEX26SEP74100PE   13.34   -15.59 CALL unwind -2460   PUT added 38340  CE_OI=30620 PE_OI=408340
PCRSUM== 45.08
pcrSummation== 13.6
spotLTP =  74910.65  ATM_STRIKE =  74900
IS_ATM_STRIKE_SHIFT = False  mapStrike = {74900: 74900}
avgOiPcrList2 = [np.float64(2.66), np.float64(2.65), np.float64(2.65)] atmStrikeNotShiftedCount= 6
avgOiPcr9List2 = [np.float64(1.52), np.float64(1.51), np.float64(1.51)] atmStrikeNotShiftedCount= 6
False   6   3
SUPP_RES=== 75000  Buffer= 32
ANCHOR_COMPARE: spot=74910.65 fut=74906.0 basis(fut-spot)=-4.65 | SR_spot(PRIMARY)=75000 SR_future=75000 SR_diff(fut-spot)=0 | PCRwin_spot(PRIMARY)=74900 PCRwin_future=74900
CEoich val =  572560.0  PEoich val =  563600.0 , CE > PE by 1.6%
SUPP_RES TOTAL OI: CE= 1074200  PE= 787320 , CE > PE by 26.7%
INCR_CHOI: SUPP_RES=75000 role=RESISTANCE fresh_CE=-2680 fresh_PE=-5100 -> CE_dominant by 47.5% (resistance HOLDING (bearish)) | cumulative CE=572560.0 PE=563600.0
==========================
FUT_SUPP_RES=== 75000  (FUT_LTP= 74906.0 ) Buffer= 32
FUT CEoich val =  572560.0  PEoich val =  563600.0 , CE > PE by 1.6%
FUT_SUPP_RES TOTAL OI: CE= 1074200  PE= 787320 , CE > PE by 26.7%
OI_SUPP_RES: spot=74910.65 ATM=74900 (win=±500 mode=CHOI) (ATM_CE_OI=493880 ATM_PE_OI=575300) | SUPPORT=74700PE CHOI=987060 (dist=-200) | RESISTANCE=75000CE CHOI=572560 (dist=100)
OI_SUPPORT=== 74700
OI_SUPPORT CEoich val = 343160.0  PEoich val = 987060.0 , CE < PE by 65.2%
OI_SUPPORT TOTAL OI: CE= 562100  PE= 1182800 , CE < PE by 52.5%
OI_RESISTANCE=== 75000
OI_RESISTANCE CEoich val = 572560.0  PEoich val = 563600.0 , CE > PE by 1.6%
OI_RESISTANCE TOTAL OI: CE= 1074200  PE= 787320 , CE > PE by 26.7%
IS_MORNING_WINDOW= False  (active 9:15-9:48 IST)
================================================
==== signal check time ==== 2026-09-21 15:09:00.701233
CHART_PATTERN_DETECTED: INSIDE_BAR | DOUBLE_TOP_FORMING
  PATTERN_CONTEXT: Body= 0.0  Range= 0.0  ExpectedRange= 63.5  RangeRatio= 0.0  O= 74906.0  H= 74906.0  L= 74906.0  C= 74906.0
PCR9_SEQ_FLAT: 1.52 -> 1.51 -> 1.51 (not monotonic)
neither = [np.float64(2.65)]
isCE_DominantAtRes_once = True  isCE_DominantAtRes_twice = True  isCE_DominantAtRes_trice = False (CE_res_streak= 2 )
ATMStrike =  74900
AVG_OIPCR= 1.51
avgoiPCROld=  2.65
AVG_OIPCR_9STRIKE= 1.51  (pcr5..pcr13 = ATM +/-4, 9 strikes)
SUPP_RES = 75000
spotLTP = 74910.65
FUT LTP = 74906.0
CEchoi  PechOi = 572560.0    563600.0
====================================
atmPCR= 0.25  belowATM  0.47
CHOI_DOM_GATE: gate_on= True  bull_ok= False  bear_ok= False | isPE_DomSupp_once= False  fresh_PE= -5100 | isCE_DomRes_once= True  fresh_CE= -2680
India VIX = 11.27  Spot Price = 74904.79
IV Regime = NORMAL (ADAPTIVE: P25= 11.13  P50= 11.38  P75= 11.98 ) | DailyRange = 1206.0 | 3minCandleRange = 63.5 (theoretical= 105.8 ) | ATMoptionMove = 28.6 | SL = 100 | Target = 100 | TrailTrigger = 29 | Spread = 300 | Buffer = 32
IV Params refreshed: {'vix': 11.27, 'bn_price': 74904.79, 'regime': 'NORMAL', 'regime_thresholds': 'P25=11.13 P50=11.38 P75=11.98', 'daily_range': 1206.0, 'candle_range': 63.5, 'atm_option_move': 28.6, 'sl_point': 100, 'target_point': 100, 'sl_pct_of_premium': 0.1, 'trail_trigger': 29, 'spread_width': 300, 'support_resistance_buffer': 32}
===
====after 3 min ochain==== 2026-09-21 15:12:00.000002
                                    oipcr   choipcr   CE_OI / PE_OI (same strike)
pcr1 =  BSE:SENSEX26SEP75700PE   0.07   0.07 CALL added 204400   PUT added 15240  CE_OI=327280 PE_OI=22420
pcr2 =  BSE:SENSEX26SEP75600CE   0.04   0.05 CALL added 123800   PUT added 6020  CE_OI=253640 PE_OI=10620
pcr3 =  BSE:SENSEX26SEP75500PE   0.11   0.07 CALL added 339760   PUT added 24920  CE_OI=646160 PE_OI=73280
pcr4 =  BSE:SENSEX26SEP75400CE   0.17   0.16 CALL added 137980   PUT added 21680  CE_OI=228220 PE_OI=38140
pcr5 =  BSE:SENSEX26SEP75300PE   0.25   0.32 CALL added 163600   PUT added 51560  CE_OI=266780 PE_OI=66220
pcr6 =  BSE:SENSEX26SEP75200CE   0.46    0.66 CALL added 172420   PUT added 113620  CE_OI=297100 PE_OI=137880
pcr7 =  BSE:SENSEX26SEP75100CE   0.37   0.48 CALL added 226560   PUT added 109140  CE_OI=442360 PE_OI=163280
pcr8 =  BSE:SENSEX26SEP75000PE   0.72   0.97 CALL added 566880   PUT added 547560  CE_OI=1068520 PE_OI=771280
pcr9 =  BSE:SENSEX26SEP74900CE   1.17   1.81 CALL added 287060   PUT added 520000  CE_OI=485240 PE_OI=567240
pcr10 =  BSE:SENSEX26SEP74800PE   1.62   2.01 CALL added 356280   PUT added 717780  CE_OI=506580 PE_OI=818980
pcr11 =  BSE:SENSEX26SEP74700CE   2.11   2.92 CALL added 326520   PUT added 952820  CE_OI=545460 PE_OI=1148560
pcr12 =  BSE:SENSEX26SEP74600PE   4.28   -8.83 CALL unwind -67400   PUT added 595240  CE_OI=251740 PE_OI=1078060
pcr13 =  BSE:SENSEX26SEP74500PE   2.63   -1.12 CALL unwind -323900   PUT added 363640  CE_OI=522160 PE_OI=1372640
pcr14 =  BSE:SENSEX26SEP74400CE   3.86   -4.24 CALL unwind -52280   PUT added 221900  CE_OI=176820 PE_OI=683300
pcr15 =  BSE:SENSEX26SEP74300PE   5.44   -23.82 CALL unwind -11360   PUT added 270640  CE_OI=107380 PE_OI=584420
pcr16 =  BSE:SENSEX26SEP74200PE   8.43   24.53 CALL added 3800   PUT added 93200  CE_OI=49940 PE_OI=420840
pcr17 =  BSE:SENSEX26SEP74100PE   12.79   -9.02 CALL unwind -2440   PUT added 22000  CE_OI=30640 PE_OI=392000
PCRSUM== 44.52
pcrSummation== 13.61
spotLTP =  74904.79  ATM_STRIKE =  74900
IS_ATM_STRIKE_SHIFT = False  mapStrike = {74900: 74900}
avgOiPcrList2 = [np.float64(2.65), np.float64(2.62)] atmStrikeNotShiftedCount= 7
avgOiPcr9List2 = [np.float64(1.51), np.float64(1.51)] atmStrikeNotShiftedCount= 7
False   7   2
SUPP_RES=== 75000  Buffer= 32
ANCHOR_COMPARE: spot=74904.79 fut=74877.15 basis(fut-spot)=-27.64 | SR_spot(PRIMARY)=75000 SR_future=75000 SR_diff(fut-spot)=0 | PCRwin_spot(PRIMARY)=74900 PCRwin_future=74900
CEoich val =  566880.0  PEoich val =  547560.0 , CE > PE by 3.4%
SUPP_RES TOTAL OI: CE= 1068520  PE= 771280 , CE > PE by 27.8%
INCR_CHOI: SUPP_RES=75000 role=RESISTANCE fresh_CE=-5680 fresh_PE=-16040 -> CE_dominant by 64.6% (resistance HOLDING (bearish)) | cumulative CE=566880.0 PE=547560.0
==========================
FUT_SUPP_RES=== 75000  (FUT_LTP= 74877.15 ) Buffer= 32
FUT CEoich val =  566880.0  PEoich val =  547560.0 , CE > PE by 3.4%
FUT_SUPP_RES TOTAL OI: CE= 1068520  PE= 771280 , CE > PE by 27.8%
OI_SUPP_RES: spot=74904.79 ATM=74900 (win=±500 mode=CHOI) (ATM_CE_OI=485240 ATM_PE_OI=567240) | SUPPORT=74700PE CHOI=952820 (dist=-200) | RESISTANCE=75000CE CHOI=566880 (dist=100)
OI_SUPPORT=== 74700
OI_SUPPORT CEoich val = 326520.0  PEoich val = 952820.0 , CE < PE by 65.7%
OI_SUPPORT TOTAL OI: CE= 545460  PE= 1148560 , CE < PE by 52.5%
OI_RESISTANCE=== 75000
OI_RESISTANCE CEoich val = 566880.0  PEoich val = 547560.0 , CE > PE by 3.4%
OI_RESISTANCE TOTAL OI: CE= 1068520  PE= 771280 , CE > PE by 27.8%
IS_MORNING_WINDOW= False  (active 9:15-9:48 IST)
================================================
==== signal check time ==== 2026-09-21 15:12:00.552869
CHART_PATTERN_DETECTED: DOUBLE_TOP_FORMING | DOUBLE_BOTTOM_FORMING
  PATTERN_CONTEXT: Body= -7.9  Range= 10.1  ExpectedRange= 63.5  RangeRatio= 0.16  O= 74885.0  H= 74885.0  L= 74874.9  C= 74877.2
isCE_DominantAtRes_once = True  isCE_DominantAtRes_twice = True  isCE_DominantAtRes_trice = True (CE_res_streak= 3 )
ATMStrike =  74900
AVG_OIPCR= 1.51
avgoiPCROld=  2.62
AVG_OIPCR_9STRIKE= 1.51  (pcr5..pcr13 = ATM +/-4, 9 strikes)
SUPP_RES = 75000
spotLTP = 74904.79
FUT LTP = 74877.15
CEchoi  PechOi = 566880.0    547560.0
====================================
atmPCR= 0.25  belowATM  0.46
CHOI_DOM_GATE: gate_on= True  bull_ok= False  bear_ok= False | isPE_DomSupp_once= False  fresh_PE= -16040 | isCE_DomRes_once= True  fresh_CE= -5680
India VIX = 11.26  Spot Price = 74893.77
IV Regime = NORMAL (ADAPTIVE: P25= 11.13  P50= 11.38  P75= 11.98 ) | DailyRange = 1204.7 | 3minCandleRange = 63.4 (theoretical= 105.7 ) | ATMoptionMove = 28.5 | SL = 100 | Target = 100 | TrailTrigger = 29 | Spread = 300 | Buffer = 32
IV Params refreshed: {'vix': 11.26, 'bn_price': 74893.77, 'regime': 'NORMAL', 'regime_thresholds': 'P25=11.13 P50=11.38 P75=11.98', 'daily_range': 1204.7, 'candle_range': 63.4, 'atm_option_move': 28.5, 'sl_point': 100, 'target_point': 100, 'sl_pct_of_premium': 0.1, 'trail_trigger': 29, 'spread_width': 300, 'support_resistance_buffer': 32}
===
====after 3 min ochain==== 2026-09-21 15:15:00.000004
                                    oipcr   choipcr   CE_OI / PE_OI (same strike)
pcr1 =  BSE:SENSEX26SEP75700PE   0.07   0.08 CALL added 194760   PUT added 14960  CE_OI=317640 PE_OI=22140
pcr2 =  BSE:SENSEX26SEP75600CE   0.04   0.05 CALL added 124660   PUT added 5940  CE_OI=254500 PE_OI=10540
pcr3 =  BSE:SENSEX26SEP75500PE   0.11   0.07 CALL added 346420   PUT added 23640  CE_OI=652820 PE_OI=72000
pcr4 =  BSE:SENSEX26SEP75400CE   0.17   0.15 CALL added 135340   PUT added 20900  CE_OI=225580 PE_OI=37360
pcr5 =  BSE:SENSEX26SEP75300PE   0.25   0.33 CALL added 153140   PUT added 50420  CE_OI=256320 PE_OI=65080
pcr6 =  BSE:SENSEX26SEP75200CE   0.46    0.65 CALL added 171200   PUT added 111600  CE_OI=295880 PE_OI=135860
pcr7 =  BSE:SENSEX26SEP75100CE   0.35   0.44 CALL added 227420   PUT added 101060  CE_OI=443220 PE_OI=155200
pcr8 =  BSE:SENSEX26SEP75000PE   0.68   0.88 CALL added 588260   PUT added 515000  CE_OI=1089900 PE_OI=738720
pcr9 =  BSE:SENSEX26SEP74900CE   1.12   1.72 CALL added 289280   PUT added 497540  CE_OI=487460 PE_OI=544780
pcr10 =  BSE:SENSEX26SEP74800PE   1.63   2.05 CALL added 339080   PUT added 696540  CE_OI=489380 PE_OI=797740
pcr11 =  BSE:SENSEX26SEP74700CE   2.07   2.86 CALL added 322060   PUT added 922200  CE_OI=541000 PE_OI=1117940
pcr12 =  BSE:SENSEX26SEP74600PE   4.17   -8.7 CALL unwind -65900   PUT added 573040  CE_OI=253240 PE_OI=1055860
pcr13 =  BSE:SENSEX26SEP74500PE   2.62   -1.09 CALL unwind -325700   PUT added 354140  CE_OI=520360 PE_OI=1363140
pcr14 =  BSE:SENSEX26SEP74400CE   3.86   -3.89 CALL unwind -54520   PUT added 212300  CE_OI=174580 PE_OI=673700
pcr15 =  BSE:SENSEX26SEP74300PE   5.42   -21.4 CALL unwind -12280   PUT added 262760  CE_OI=106460 PE_OI=576540
pcr16 =  BSE:SENSEX26SEP74200PE   8.03   18.4 CALL added 4140   PUT added 76160  CE_OI=50280 PE_OI=403800
pcr17 =  BSE:SENSEX26SEP74100PE   12.85   -9.49 CALL unwind -2460   PUT added 23340  CE_OI=30620 PE_OI=393340
PCRSUM== 43.9
pcrSummation== 13.35
spotLTP =  74894.86  ATM_STRIKE =  74900
IS_ATM_STRIKE_SHIFT = False  mapStrike = {74900: 74900}
avgOiPcrList2 = [np.float64(2.65), np.float64(2.62), np.float64(2.58)] atmStrikeNotShiftedCount= 8
avgOiPcr9List2 = [np.float64(1.51), np.float64(1.51), np.float64(1.48)] atmStrikeNotShiftedCount= 8
False   8   3
SUPP_RES=== 75000  Buffer= 32
ANCHOR_COMPARE: spot=74894.86 fut=74875.25 basis(fut-spot)=-19.61 | SR_spot(PRIMARY)=75000 SR_future=75000 SR_diff(fut-spot)=0 | PCRwin_spot(PRIMARY)=74900 PCRwin_future=74900
CEoich val =  588260.0  PEoich val =  515000.0 , CE > PE by 12.5%
SUPP_RES TOTAL OI: CE= 1089900  PE= 738720 , CE > PE by 32.2%
INCR_CHOI: SUPP_RES=75000 role=RESISTANCE fresh_CE=21380 fresh_PE=-32560 -> CE_dominant by 165.7% (resistance HOLDING (bearish)) | cumulative CE=588260.0 PE=515000.0
==========================
FUT_SUPP_RES=== 75000  (FUT_LTP= 74875.25 ) Buffer= 32
FUT CEoich val =  588260.0  PEoich val =  515000.0 , CE > PE by 12.5%
FUT_SUPP_RES TOTAL OI: CE= 1089900  PE= 738720 , CE > PE by 32.2%
OI_SUPP_RES: spot=74894.86 ATM=74900 (win=±500 mode=CHOI) (ATM_CE_OI=487460 ATM_PE_OI=544780) | SUPPORT=74700PE CHOI=922200 (dist=-200) | RESISTANCE=75000CE CHOI=588260 (dist=100)
OI_SUPPORT=== 74700
OI_SUPPORT CEoich val = 322060.0  PEoich val = 922200.0 , CE < PE by 65.1%
OI_SUPPORT TOTAL OI: CE= 541000  PE= 1117940 , CE < PE by 51.6%
OI_RESISTANCE=== 75000
OI_RESISTANCE CEoich val = 588260.0  PEoich val = 515000.0 , CE > PE by 12.5%
OI_RESISTANCE TOTAL OI: CE= 1089900  PE= 738720 , CE > PE by 32.2%
IS_MORNING_WINDOW= False  (active 9:15-9:48 IST)
================================================
==== signal check time ==== 2026-09-21 15:15:00.607092
CHART_PATTERN_DETECTED: DOUBLE_BOTTOM_FORMING
  PATTERN_CONTEXT: Body= 8.4  Range= 11.1  ExpectedRange= 63.4  RangeRatio= 0.18  O= 74866.8  H= 74875.2  L= 74864.1  C= 74875.2
PCR9_SEQ_FLAT: 1.51 -> 1.51 -> 1.48 (not monotonic)
isPcrDecr = True
PCR_SEQ_DEC: 2.65 -> 2.62 -> 2.58 | pcr2 < pcr1 by -1.1% | pcr3 < pcr2 by -1.5%
isCE_DominantAtRes_once = True  isCE_DominantAtRes_twice = True  isCE_DominantAtRes_trice = True (CE_res_streak= 4 )
ATMStrike =  74900
AVG_OIPCR= 1.48
avgoiPCROld=  2.58
AVG_OIPCR_9STRIKE= 1.48  (pcr5..pcr13 = ATM +/-4, 9 strikes)
SUPP_RES = 75000
spotLTP = 74894.86
FUT LTP = 74875.25
CEchoi  PechOi = 588260.0    515000.0
====================================
atmPCR= 0.25  belowATM  0.46
CHOI_DOM_GATE: gate_on= True  bull_ok= False  bear_ok= True | isPE_DomSupp_once= False  fresh_PE= -32560 | isCE_DomRes_once= True  fresh_CE= 21380
no trade yet = [np.float64(2.65), np.float64(2.62), np.float64(2.58)]
India VIX = 11.23  Spot Price = 74894.86
IV Regime = NORMAL (ADAPTIVE: P25= 11.13  P50= 11.38  P75= 11.98 ) | DailyRange = 1201.5 | 3minCandleRange = 63.2 (theoretical= 105.4 ) | ATMoptionMove = 28.5 | SL = 100 | Target = 100 | TrailTrigger = 28 | Spread = 300 | Buffer = 32
IV Params refreshed: {'vix': 11.23, 'bn_price': 74894.86, 'regime': 'NORMAL', 'regime_thresholds': 'P25=11.13 P50=11.38 P75=11.98', 'daily_range': 1201.5, 'candle_range': 63.2, 'atm_option_move': 28.5, 'sl_point': 100, 'target_point': 100, 'sl_pct_of_premium': 0.1, 'trail_trigger': 28, 'spread_width': 300, 'support_resistance_buffer': 32}
===
====after 3 min ochain==== 2026-09-21 15:18:00.000003
                                    oipcr   choipcr   CE_OI / PE_OI (same strike)
pcr1 =  BSE:SENSEX26SEP75700PE   0.07   0.08 CALL added 193180   PUT added 14640  CE_OI=316060 PE_OI=21820
pcr2 =  BSE:SENSEX26SEP75600CE   0.04   0.05 CALL added 127600   PUT added 6080  CE_OI=257440 PE_OI=10680
pcr3 =  BSE:SENSEX26SEP75500PE   0.11   0.07 CALL added 343140   PUT added 23120  CE_OI=649540 PE_OI=71480
pcr4 =  BSE:SENSEX26SEP75400CE   0.15   0.14 CALL added 138180   PUT added 18920  CE_OI=228420 PE_OI=35380
pcr5 =  BSE:SENSEX26SEP75300PE   0.25   0.32 CALL added 153900   PUT added 50000  CE_OI=257080 PE_OI=64660
pcr6 =  BSE:SENSEX26SEP75200CE   0.45    0.64 CALL added 169080   PUT added 108180  CE_OI=293760 PE_OI=132440
pcr7 =  BSE:SENSEX26SEP75100CE   0.34   0.42 CALL added 222140   PUT added 93960  CE_OI=437940 PE_OI=148100
pcr8 =  BSE:SENSEX26SEP75000PE   0.66   0.85 CALL added 578040   PUT added 489060  CE_OI=1079680 PE_OI=712780
pcr9 =  BSE:SENSEX26SEP74900CE   1.07   1.64 CALL added 293520   PUT added 480160  CE_OI=491700 PE_OI=527400
pcr10 =  BSE:SENSEX26SEP74800PE   1.64   2.09 CALL added 320060   PUT added 668420  CE_OI=470360 PE_OI=769620
pcr11 =  BSE:SENSEX26SEP74700CE   2.09   2.97 CALL added 299100   PUT added 888880  CE_OI=518040 PE_OI=1084620
pcr12 =  BSE:SENSEX26SEP74600PE   4.16   -7.47 CALL unwind -72620   PUT added 542560  CE_OI=246520 PE_OI=1025380
pcr13 =  BSE:SENSEX26SEP74500PE   2.53   -0.94 CALL unwind -326100   PUT added 306120  CE_OI=519960 PE_OI=1315120
pcr14 =  BSE:SENSEX26SEP74400CE   3.85   -3.84 CALL unwind -54720   PUT added 210340  CE_OI=174380 PE_OI=671740
pcr15 =  BSE:SENSEX26SEP74300PE   5.42   -20.32 CALL unwind -12800   PUT added 260080  CE_OI=105940 PE_OI=573860
pcr16 =  BSE:SENSEX26SEP74200PE   7.87   16.6 CALL added 4060   PUT added 67380  CE_OI=50200 PE_OI=395020
pcr17 =  BSE:SENSEX26SEP74100PE   12.76   -8.31 CALL unwind -2480   PUT added 20600  CE_OI=30600 PE_OI=390600
PCRSUM== 43.46
pcrSummation== 13.19
spotLTP =  74894.86  ATM_STRIKE =  74900
IS_ATM_STRIKE_SHIFT = False  mapStrike = {74900: 74900}
avgOiPcrList2 = [np.float64(2.62), np.float64(2.58), np.float64(2.56)] atmStrikeNotShiftedCount= 9
avgOiPcr9List2 = [np.float64(1.51), np.float64(1.48), np.float64(1.47)] atmStrikeNotShiftedCount= 9
False   9   3
SUPP_RES=== 75000  Buffer= 32
ANCHOR_COMPARE: spot=74894.86 fut=74875.25 basis(fut-spot)=-19.61 | SR_spot(PRIMARY)=75000 SR_future=75000 SR_diff(fut-spot)=0 | PCRwin_spot(PRIMARY)=74900 PCRwin_future=74900
CEoich val =  578040.0  PEoich val =  489060.0 , CE > PE by 15.4%
SUPP_RES TOTAL OI: CE= 1079680  PE= 712780 , CE > PE by 34.0%
INCR_CHOI: SUPP_RES=75000 role=RESISTANCE fresh_CE=-10220 fresh_PE=-25940 -> CE_dominant by 60.6% (resistance HOLDING (bearish)) | cumulative CE=578040.0 PE=489060.0
==========================
FUT_SUPP_RES=== 75000  (FUT_LTP= 74875.25 ) Buffer= 32
FUT CEoich val =  578040.0  PEoich val =  489060.0 , CE > PE by 15.4%
FUT_SUPP_RES TOTAL OI: CE= 1079680  PE= 712780 , CE > PE by 34.0%
OI_SUPP_RES: spot=74894.86 ATM=74900 (win=±500 mode=CHOI) (ATM_CE_OI=491700 ATM_PE_OI=527400) | SUPPORT=74700PE CHOI=888880 (dist=-200) | RESISTANCE=75000CE CHOI=578040 (dist=100)
OI_SUPPORT=== 74700
OI_SUPPORT CEoich val = 299100.0  PEoich val = 888880.0 , CE < PE by 66.4%
OI_SUPPORT TOTAL OI: CE= 518040  PE= 1084620 , CE < PE by 52.2%
OI_RESISTANCE=== 75000
OI_RESISTANCE CEoich val = 578040.0  PEoich val = 489060.0 , CE > PE by 15.4%
OI_RESISTANCE TOTAL OI: CE= 1079680  PE= 712780 , CE > PE by 34.0%
IS_MORNING_WINDOW= False  (active 9:15-9:48 IST)
================================================
==== signal check time ==== 2026-09-21 15:18:00.593953
CHART_PATTERN_DETECTED: INSIDE_BAR | DOUBLE_BOTTOM_FORMING
  PATTERN_CONTEXT: Body= 0.0  Range= 0.0  ExpectedRange= 63.2  RangeRatio= 0.0  O= 74875.2  H= 74875.2  L= 74875.2  C= 74875.2
isPcrDecr9 = True
PCR9_SEQ_DEC: 1.51 -> 1.48 -> 1.47 | pcr2 < pcr1 by -2.0% | pcr3 < pcr2 by -0.7%
isPcrDecr = True
PCR_SEQ_DEC: 2.62 -> 2.58 -> 2.56 | pcr2 < pcr1 by -1.5% | pcr3 < pcr2 by -0.8%
isCE_DominantAtRes_once = True  isCE_DominantAtRes_twice = True  isCE_DominantAtRes_trice = True (CE_res_streak= 5 )
ATMStrike =  74900
AVG_OIPCR= 1.47
avgoiPCROld=  2.56
AVG_OIPCR_9STRIKE= 1.47  (pcr5..pcr13 = ATM +/-4, 9 strikes)
SUPP_RES = 75000
spotLTP = 74894.86
FUT LTP = 74875.25
CEchoi  PechOi = 578040.0    489060.0
====================================
atmPCR= 0.25  belowATM  0.45
CHOI_DOM_GATE: gate_on= True  bull_ok= False  bear_ok= False | isPE_DomSupp_once= False  fresh_PE= -25940 | isCE_DomRes_once= True  fresh_CE= -10220
no trade yet = [np.float64(2.62), np.float64(2.58), np.float64(2.56)]
India VIX = 11.22  Spot Price = 74894.86
IV Regime = NORMAL (ADAPTIVE: P25= 11.13  P50= 11.38  P75= 11.98 ) | DailyRange = 1200.5 | 3minCandleRange = 63.2 (theoretical= 105.3 ) | ATMoptionMove = 28.4 | SL = 99 | Target = 99 | TrailTrigger = 28 | Spread = 300 | Buffer = 32
IV Params refreshed: {'vix': 11.22, 'bn_price': 74894.86, 'regime': 'NORMAL', 'regime_thresholds': 'P25=11.13 P50=11.38 P75=11.98', 'daily_range': 1200.5, 'candle_range': 63.2, 'atm_option_move': 28.4, 'sl_point': 99, 'target_point': 99, 'sl_pct_of_premium': 0.1, 'trail_trigger': 28, 'spread_width': 300, 'support_resistance_buffer': 32}
===
====after 3 min ochain==== 2026-09-21 15:21:00.000002
                                    oipcr   choipcr   CE_OI / PE_OI (same strike)
pcr1 =  BSE:SENSEX26SEP75700PE   0.07   0.08 CALL added 179000   PUT added 13580  CE_OI=301880 PE_OI=20760
pcr2 =  BSE:SENSEX26SEP75600CE   0.04   0.05 CALL added 108980   PUT added 5920  CE_OI=238820 PE_OI=10520
pcr3 =  BSE:SENSEX26SEP75500PE   0.11   0.07 CALL added 313740   PUT added 21500  CE_OI=620140 PE_OI=69860
pcr4 =  BSE:SENSEX26SEP75400CE   0.16   0.15 CALL added 133280   PUT added 20180  CE_OI=223520 PE_OI=36640
pcr5 =  BSE:SENSEX26SEP75300PE   0.26   0.33 CALL added 156160   PUT added 51900  CE_OI=259340 PE_OI=66560
pcr6 =  BSE:SENSEX26SEP75200CE   0.45    0.65 CALL added 157840   PUT added 102940  CE_OI=282520 PE_OI=127200
pcr7 =  BSE:SENSEX26SEP75100CE   0.31   0.38 CALL added 196500   PUT added 74660  CE_OI=412300 PE_OI=128800
pcr8 =  BSE:SENSEX26SEP75000PE   0.67   0.89 CALL added 526800   PUT added 467880  CE_OI=1028440 PE_OI=691600
pcr9 =  BSE:SENSEX26SEP74900CE   1.05   1.69 CALL added 251400   PUT added 424120  CE_OI=449580 PE_OI=471360
pcr10 =  BSE:SENSEX26SEP74800PE   1.67   2.19 CALL added 289660   PUT added 633560  CE_OI=439960 PE_OI=734760
pcr11 =  BSE:SENSEX26SEP74700CE   2.05   2.96 CALL added 278240   PUT added 822660  CE_OI=497180 PE_OI=1018400
pcr12 =  BSE:SENSEX26SEP74600PE   4.17   -5.86 CALL unwind -84560   PUT added 495800  CE_OI=234580 PE_OI=978620
pcr13 =  BSE:SENSEX26SEP74500PE   2.54   -0.83 CALL unwind -337580   PUT added 280960  CE_OI=508480 PE_OI=1289960
pcr14 =  BSE:SENSEX26SEP74400CE   3.78   -3.41 CALL unwind -56360   PUT added 191920  CE_OI=172740 PE_OI=653320
pcr15 =  BSE:SENSEX26SEP74300PE   5.35   -20.16 CALL unwind -12600   PUT added 254000  CE_OI=106140 PE_OI=567780
pcr16 =  BSE:SENSEX26SEP74200PE   7.25   8.39 CALL added 6040   PUT added 50700  CE_OI=52180 PE_OI=378340
pcr17 =  BSE:SENSEX26SEP74100PE   11.75   3.76 CALL unwind -2320   PUT unwind -8720  CE_OI=30760 PE_OI=361280
PCRSUM== 41.68
pcrSummation== 13.17
spotLTP =  74894.86  ATM_STRIKE =  74900
IS_ATM_STRIKE_SHIFT = False  mapStrike = {74900: 74900}
avgOiPcrList2 = [np.float64(2.58), np.float64(2.56), np.float64(2.45)] atmStrikeNotShiftedCount= 10
avgOiPcr9List2 = [np.float64(1.48), np.float64(1.47), np.float64(1.46)] atmStrikeNotShiftedCount= 10
False   10   3
SUPP_RES=== 75000  Buffer= 32
ANCHOR_COMPARE: spot=74894.86 fut=74914.0 basis(fut-spot)=19.14 | SR_spot(PRIMARY)=75000 SR_future=75000 SR_diff(fut-spot)=0 | PCRwin_spot(PRIMARY)=74900 PCRwin_future=74900
CEoich val =  526800.0  PEoich val =  467880.0 , CE > PE by 11.2%
SUPP_RES TOTAL OI: CE= 1028440  PE= 691600 , CE > PE by 32.8%
INCR_CHOI: SUPP_RES=75000 role=RESISTANCE fresh_CE=-51240 fresh_PE=-21180 -> PE_dominant by 58.7% (resistance CHALLENGED (bullish warning)) | cumulative CE=526800.0 PE=467880.0
==========================
FUT_SUPP_RES=== 75000  (FUT_LTP= 74914.0 ) Buffer= 32
FUT CEoich val =  526800.0  PEoich val =  467880.0 , CE > PE by 11.2%
FUT_SUPP_RES TOTAL OI: CE= 1028440  PE= 691600 , CE > PE by 32.8%
OI_SUPP_RES: spot=74894.86 ATM=74900 (win=±500 mode=CHOI) (ATM_CE_OI=449580 ATM_PE_OI=471360) | SUPPORT=74700PE CHOI=822660 (dist=-200) | RESISTANCE=75000CE CHOI=526800 (dist=100)
OI_SUPPORT=== 74700
OI_SUPPORT CEoich val = 278240.0  PEoich val = 822660.0 , CE < PE by 66.2%
OI_SUPPORT TOTAL OI: CE= 497180  PE= 1018400 , CE < PE by 51.2%
OI_RESISTANCE=== 75000
OI_RESISTANCE CEoich val = 526800.0  PEoich val = 467880.0 , CE > PE by 11.2%
OI_RESISTANCE TOTAL OI: CE= 1028440  PE= 691600 , CE > PE by 32.8%
IS_MORNING_WINDOW= False  (active 9:15-9:48 IST)
================================================
==== signal check time ==== 2026-09-21 15:21:00.782991
CHART_PATTERN_DETECTED: DOUBLE_BOTTOM_FORMING
  PATTERN_CONTEXT: Body= 38.8  Range= 38.8  ExpectedRange= 63.2  RangeRatio= 0.61  O= 74875.2  H= 74914.0  L= 74875.2  C= 74914.0
isPcrDecr9 = True
PCR9_SEQ_DEC: 1.48 -> 1.47 -> 1.46 | pcr2 < pcr1 by -0.7% | pcr3 < pcr2 by -0.7%
isPcrDecr = True
PCR_SEQ_DEC: 2.58 -> 2.56 -> 2.45 | pcr2 < pcr1 by -0.8% | pcr3 < pcr2 by -4.3%
ATMStrike =  74900
AVG_OIPCR= 1.46
avgoiPCROld=  2.45
AVG_OIPCR_9STRIKE= 1.46  (pcr5..pcr13 = ATM +/-4, 9 strikes)
SUPP_RES = 75000
spotLTP = 74894.86
FUT LTP = 74914.0
CEchoi  PechOi = 526800.0    467880.0
====================================
atmPCR= 0.26  belowATM  0.45
CHOI_DOM_GATE: gate_on= True  bull_ok= False  bear_ok= False | isPE_DomSupp_once= False  fresh_PE= -21180 | isCE_DomRes_once= False  fresh_CE= -51240
no trade yet = [np.float64(2.58), np.float64(2.56), np.float64(2.45)]
End Of the Day
============================================================
DAILY_SUMMARY: Date= 2026-09-21  SpreadType= CREDIT  DTE= 3  IVRank= 0.38  PremRatio= 0.66  SLCount= 0  TargetCount= 1
============================================================
