checkInstrument =  BSE:SENSEX-INDEX
sensexExpDate =  26910
BNFut (Sensex futures auto) = BSE:SENSEX26SEPFUT
 -- not entered waiting for time--- 9 : 14
 -- not entered waiting for time--- 9 : 14
 -- not entered waiting for time--- 9 : 14
 -- not entered waiting for time--- 9 : 14
 -- not entered waiting for time--- 9 : 14
 -- not entered waiting for time--- 9 : 14
 -- not entered waiting for time--- 9 : 14
 -- not entered waiting for time--- 9 : 14
 -- not entered waiting for time--- 9 : 14
 -- not entered waiting for time--- 9 : 14
 -- not entered waiting for time--- 9 : 14
 -- not entered waiting for time--- 9 : 14
 -- not entered waiting for time--- 9 : 14
 -- not entered waiting for time--- 9 : 14
 -- not entered waiting for time--- 9 : 14
 -- not entered waiting for time--- 9 : 14
 -- not entered waiting for time--- 9 : 14
 -- not entered waiting for time--- 9 : 14
 -- not entered waiting for time--- 9 : 14
 -- not entered waiting for time--- 9 : 14
 -- not entered waiting for time--- 9 : 14
 -- not entered waiting for time--- 9 : 14
 -- not entered waiting for time--- 9 : 14
 -- not entered waiting for time--- 9 : 14
 -- not entered waiting for time--- 9 : 14
 -- not entered waiting for time--- 9 : 14
 -- not entered waiting for time--- 9 : 14
 -- not entered waiting for time--- 9 : 14
 -- not entered waiting for time--- 9 : 14
 -- not entered waiting for time--- 9 : 14
 -- not entered waiting for time--- 9 : 14
 -- not entered waiting for time--- 9 : 14
 -- not entered waiting for time--- 9 : 14
 -- not entered waiting for time--- 9 : 14
 -- not entered waiting for time--- 9 : 14
 -- not entered waiting for time--- 9 : 14
 -- not entered waiting for time--- 9 : 14
 -- not entered waiting for time--- 9 : 14
 -- not entered waiting for time--- 9 : 15
 -- not entered waiting for time--- 9 : 15
 -- not entered waiting for time--- 9 : 15
 -- not entered waiting for time--- 9 : 15
 -- not entered waiting for time--- 9 : 15
 -- not entered waiting for time--- 9 : 15
 -- not entered waiting for time--- 9 : 15
 -- not entered waiting for time--- 9 : 15
 -- not entered waiting for time--- 9 : 15
 -- not entered waiting for time--- 9 : 15
 -- not entered waiting for time--- 9 : 15
 -- not entered waiting for time--- 9 : 15
 -- not entered waiting for time--- 9 : 15
 -- not entered waiting for time--- 9 : 15
 -- not entered waiting for time--- 9 : 15
 -- not entered waiting for time--- 9 : 15
 -- not entered waiting for time--- 9 : 15
 -- not entered waiting for time--- 9 : 15
 -- not entered waiting for time--- 9 : 15
 -- not entered waiting for time--- 9 : 15
 -- not entered waiting for time--- 9 : 15
 -- not entered waiting for time--- 9 : 15
 -- not entered waiting for time--- 9 : 15
 -- not entered waiting for time--- 9 : 15
 -- not entered waiting for time--- 9 : 15
 -- not entered waiting for time--- 9 : 15
 -- not entered waiting for time--- 9 : 15
 -- not entered waiting for time--- 9 : 15
 -- not entered waiting for time--- 9 : 15
 -- not entered waiting for time--- 9 : 15
 -- not entered waiting for time--- 9 : 15
 -- not entered waiting for time--- 9 : 15
 -- not entered waiting for time--- 9 : 15
 -- not entered waiting for time--- 9 : 15
 -- not entered waiting for time--- 9 : 15
 -- not entered waiting for time--- 9 : 15
 -- not entered waiting for time--- 9 : 15
 -- not entered waiting for time--- 9 : 15
 -- not entered waiting for time--- 9 : 15
 -- not entered waiting for time--- 9 : 15
 -- not entered waiting for time--- 9 : 15
 -- not entered waiting for time--- 9 : 15
 -- not entered waiting for time--- 9 : 15
 -- not entered waiting for time--- 9 : 15
 -- not entered waiting for time--- 9 : 15
 -- not entered waiting for time--- 9 : 15
 -- not entered waiting for time--- 9 : 15
 -- not entered waiting for time--- 9 : 15
 -- not entered waiting for time--- 9 : 15
 -- not entered waiting for time--- 9 : 15
 -- not entered waiting for time--- 9 : 15
 -- not entered waiting for time--- 9 : 15
 -- not entered waiting for time--- 9 : 15
 -- not entered waiting for time--- 9 : 15
 -- not entered waiting for time--- 9 : 15
 -- not entered waiting for time--- 9 : 15
 -- not entered waiting for time--- 9 : 15
 -- not entered waiting for time--- 9 : 15
 -- not entered waiting for time--- 9 : 15
 -- not entered waiting for time--- 9 : 15
 -- not entered waiting for time--- 9 : 16
 -- not entered waiting for time--- 9 : 16
 -- not entered waiting for time--- 9 : 16
 -- not entered waiting for time--- 9 : 16
 -- not entered waiting for time--- 9 : 16
 -- not entered waiting for time--- 9 : 16
 -- not entered waiting for time--- 9 : 16
 -- not entered waiting for time--- 9 : 16
 -- not entered waiting for time--- 9 : 16
 -- not entered waiting for time--- 9 : 16
 -- not entered waiting for time--- 9 : 16
 -- not entered waiting for time--- 9 : 16
 -- not entered waiting for time--- 9 : 16
 -- not entered waiting for time--- 9 : 16
 -- not entered waiting for time--- 9 : 16
 -- not entered waiting for time--- 9 : 16
 -- not entered waiting for time--- 9 : 16
 -- not entered waiting for time--- 9 : 16
 -- not entered waiting for time--- 9 : 16
 -- not entered waiting for time--- 9 : 16
 -- not entered waiting for time--- 9 : 16
 -- not entered waiting for time--- 9 : 16
 -- not entered waiting for time--- 9 : 16
 -- not entered waiting for time--- 9 : 16
 -- not entered waiting for time--- 9 : 16
 -- not entered waiting for time--- 9 : 16
 -- not entered waiting for time--- 9 : 16
 -- not entered waiting for time--- 9 : 16
 -- not entered waiting for time--- 9 : 16
 -- not entered waiting for time--- 9 : 16
 -- not entered waiting for time--- 9 : 16
 -- not entered waiting for time--- 9 : 16
 -- not entered waiting for time--- 9 : 16
 -- not entered waiting for time--- 9 : 16
 -- not entered waiting for time--- 9 : 16
 -- not entered waiting for time--- 9 : 16
 -- not entered waiting for time--- 9 : 16
 -- not entered waiting for time--- 9 : 16
 -- not entered waiting for time--- 9 : 16
 -- not entered waiting for time--- 9 : 16
 -- not entered waiting for time--- 9 : 16
 -- not entered waiting for time--- 9 : 16
 -- not entered waiting for time--- 9 : 16
 -- not entered waiting for time--- 9 : 16
 -- not entered waiting for time--- 9 : 16
 -- not entered waiting for time--- 9 : 16
 -- not entered waiting for time--- 9 : 16
 -- not entered waiting for time--- 9 : 16
 -- not entered waiting for time--- 9 : 16
 -- not entered waiting for time--- 9 : 16
 -- not entered waiting for time--- 9 : 16
 -- not entered waiting for time--- 9 : 16
 -- not entered waiting for time--- 9 : 16
 -- not entered waiting for time--- 9 : 16
 -- not entered waiting for time--- 9 : 16
 -- not entered waiting for time--- 9 : 16
 -- not entered waiting for time--- 9 : 16
 -- not entered waiting for time--- 9 : 16
 -- not entered waiting for time--- 9 : 16
 -- not entered waiting for time--- 9 : 16
Waiting for first candle to form. Current Second ==  0    2
Waiting for first candle to form. Current Second ==  1    2
Waiting for first candle to form. Current Second ==  2    2
Waiting for first candle to form. Current Second ==  3    2
Waiting for first candle to form. Current Second ==  4    2
Waiting for first candle to form. Current Second ==  5    2
Waiting for first candle to form. Current Second ==  6    2
Waiting for first candle to form. Current Second ==  7    2
Waiting for first candle to form. Current Second ==  8    2
Waiting for first candle to form. Current Second ==  9    2
Waiting for first candle to form. Current Second ==  10    2
Waiting for first candle to form. Current Second ==  11    2
Waiting for first candle to form. Current Second ==  12    2
Waiting for first candle to form. Current Second ==  13    2
Waiting for first candle to form. Current Second ==  14    2
Waiting for first candle to form. Current Second ==  15    2
Waiting for first candle to form. Current Second ==  16    2
Waiting for first candle to form. Current Second ==  17    2
Waiting for first candle to form. Current Second ==  18    2
Waiting for first candle to form. Current Second ==  19    2
Waiting for first candle to form. Current Second ==  20    2
Waiting for first candle to form. Current Second ==  21    2
Waiting for first candle to form. Current Second ==  22    2
Waiting for first candle to form. Current Second ==  23    2
Waiting for first candle to form. Current Second ==  24    2
Waiting for first candle to form. Current Second ==  25    2
Waiting for first candle to form. Current Second ==  26    2
Waiting for first candle to form. Current Second ==  27    2
Waiting for first candle to form. Current Second ==  28    2
Waiting for first candle to form. Current Second ==  29    2
Waiting for first candle to form. Current Second ==  30    2
Waiting for first candle to form. Current Second ==  31    2
Waiting for first candle to form. Current Second ==  32    2
Waiting for first candle to form. Current Second ==  33    2
Waiting for first candle to form. Current Second ==  34    2
Waiting for first candle to form. Current Second ==  35    2
Waiting for first candle to form. Current Second ==  36    2
Waiting for first candle to form. Current Second ==  37    2
Waiting for first candle to form. Current Second ==  38    2
Waiting for first candle to form. Current Second ==  39    2
Waiting for first candle to form. Current Second ==  40    2
Waiting for first candle to form. Current Second ==  41    2
Waiting for first candle to form. Current Second ==  42    2
Waiting for first candle to form. Current Second ==  43    2
Waiting for first candle to form. Current Second ==  44    2
Waiting for first candle to form. Current Second ==  45    2
Waiting for first candle to form. Current Second ==  46    2
Waiting for first candle to form. Current Second ==  47    2
Waiting for first candle to form. Current Second ==  48    2
Waiting for first candle to form. Current Second ==  49    2
Waiting for first candle to form. Current Second ==  50    2
Waiting for first candle to form. Current Second ==  51    2
Waiting for first candle to form. Current Second ==  52    2
Waiting for first candle to form. Current Second ==  53    2
Waiting for first candle to form. Current Second ==  54    2
Waiting for first candle to form. Current Second ==  55    2
Waiting for first candle to form. Current Second ==  56    2
Waiting for first candle to form. Current Second ==  57    2
Waiting for first candle to form. Current Second ==  58    2
Waiting for first candle to form. Current Second ==  59    2
India VIX = 11.6  Spot Price = 75009.02
VIX_PERCENTILES_FETCHED: P25= 11.04  P50= 11.29  P75= 11.49  Min= 10.48  Max= 12.21
IV Regime = HIGH (ADAPTIVE: P25= 11.04  P50= 11.29  P75= 11.49 ) | DailyRange = 1243.0 | 3minCandleRange = 65.4 (theoretical= 109.0 ) | ATMoptionMove = 29.4 | SL = 103 | Target = 103 | TrailTrigger = 29 | Spread = 300 | Buffer = 52
IV Params refreshed: {'vix': 11.6, 'bn_price': 75009.02, 'regime': 'HIGH', 'regime_thresholds': 'P25=11.04 P50=11.29 P75=11.49', 'daily_range': 1243.0, 'candle_range': 65.4, 'atm_option_move': 29.4, 'sl_point': 103, 'target_point': 103, 'sl_pct_of_premium': 0.1, 'trail_trigger': 29, 'spread_width': 300, 'support_resistance_buffer': 52}
IV_RANK_DATA: VIX_30d_High= 12.21  VIX_30d_Low= 10.48  Current= 11.6  IV_Rank= 0.65
===
====after 3 min ochain==== 2026-09-09 09:18:00.782542
/home/ubuntu/trading-bot/Strategy_Sensex_May_2026.py:2417: RuntimeWarning: divide by zero encountered in scalar divide
  pcr15 = round(oi[-29] / oi[-30], 2) if option_type[-29] == 'PE' else round(oi[-30] / oi[-29], 2)
/home/ubuntu/trading-bot/Strategy_Sensex_May_2026.py:1331: RuntimeWarning: divide by zero encountered in scalar divide
  option_type[index1] == 'PE' else round(oich[index2] / oich[index1], 2)
                                    oipcr   choipcr   CE_OI / PE_OI (same strike)
pcr1 =  BSE:SENSEX2691075800PE   0.32   -0.37 CALL added 244420   PUT unwind -91340  CE_OI=1090540 PE_OI=350700
pcr2 =  BSE:SENSEX2691075700PE   0.27   -0.61 CALL added 223000   PUT unwind -136080  CE_OI=896080 PE_OI=238700
pcr3 =  BSE:SENSEX2691075600CE   0.48   -1.06 CALL added 194380   PUT unwind -206400  CE_OI=767980 PE_OI=370180
pcr4 =  BSE:SENSEX2691075500CE   0.86   -0.15 CALL added 586800   PUT unwind -86200  CE_OI=973080 PE_OI=839180
pcr5 =  BSE:SENSEX2691075400PE   0.87   -0.25 CALL added 212040   PUT unwind -52920  CE_OI=292140 PE_OI=254720
pcr6 =  BSE:SENSEX2691075300PE   1.24    0.03 CALL added 289140   PUT added 8820  CE_OI=331200 PE_OI=410380
pcr7 =  BSE:SENSEX2691075200PE   1.16   0.52 CALL added 478160   PUT added 248660  CE_OI=519540 PE_OI=602720
pcr8 =  BSE:SENSEX2691075100CE   1.3   0.81 CALL added 417080   PUT added 338400  CE_OI=437680 PE_OI=569560
pcr9 =  BSE:SENSEX2691075000PE   3.78   0.81 CALL added 322840   PUT added 261300  CE_OI=401720 PE_OI=1518180
pcr10 =  BSE:SENSEX2691074900PE   12.4   4.58 CALL added 30180   PUT added 138260  CE_OI=42040 PE_OI=521400
pcr11 =  BSE:SENSEX2691074800PE   28.71   5.14 CALL added 20220   PUT added 103840  CE_OI=29820 PE_OI=856180
pcr12 =  BSE:SENSEX2691074700CE   32.44   9.24 CALL added 12680   PUT added 117180  CE_OI=17840 PE_OI=578760
pcr13 =  BSE:SENSEX2691074600PE   67.97   5.85 CALL added 4400   PUT added 25720  CE_OI=8860 PE_OI=602220
pcr14 =  BSE:SENSEX2691074500PE   61.15   14.74 CALL added 13640   PUT added 201100  CE_OI=22280 PE_OI=1362360
pcr15 =  BSE:SENSEX2691074400PE   inf   inf CALL unwind 0   PUT added 87980  CE_OI=0 PE_OI=363160
pcr16 =  BSE:SENSEX2691074300PE   3205.2   520.4 CALL added 100   PUT added 52040  CE_OI=100 PE_OI=320520
pcr17 =  BSE:SENSEX2691074200CE   911.05   70.95 CALL added 380   PUT added 26960  CE_OI=400 PE_OI=364420
PCRSUM== inf
pcrSummation== 149.87
VOLPCRSUM== 10.79
spotLTP =  75005.85  ATM_STRIKE =  75000
IS_ATM_STRIKE_SHIFT = False  mapStrike = {75000: 75000}
avgOiPcrList2 = [np.float64(inf)] atmStrikeNotShiftedCount= 1
False   1   1
SUPP_RES=== 75000  Buffer= 52
ANCHOR_COMPARE: spot=75005.85 fut=75516.8 basis(fut-spot)=510.95 | SR_spot(PRIMARY)=75000 SR_future=75500 SR_diff(fut-spot)=500 | PCRwin_spot(PRIMARY)=75000 PCRwin_future=75500
CEoich val =  322840.0  PEoich val =  261300.0 , CE > PE by 19.1%
SUPP_RES TOTAL OI: CE= 401720  PE= 1518180 , CE < PE by 73.5%
FUT_SUPP_RES=== 75500  (FUT_LTP= 75516.8 ) Buffer= 52
FUT CEoich val =  586800.0  PEoich val =  -86200.0 , CE > PE by 114.7%
FUT_SUPP_RES TOTAL OI: CE= 973080  PE= 839180 , CE > PE by 13.8%
OI_SUPP_RES: spot=75005.85 ATM=75000 (ATM_CE_OI=401720 ATM_PE_OI=1518180) | SUPPORT=75000PE OI=1518180 (dist=0) | RESISTANCE=75800CE OI=1090540 (dist=800)
OI_SUPPORT=== 75000
OI_SUPPORT CEoich val = 322840.0  PEoich val = 261300.0 , CE > PE by 19.1%
OI_SUPPORT TOTAL OI: CE= 401720  PE= 1518180 , CE < PE by 73.5%
OI_RESISTANCE=== 75800
OI_RESISTANCE CEoich val = 244420.0  PEoich val = -91340.0 , CE > PE by 137.4%
OI_RESISTANCE TOTAL OI: CE= 1090540  PE= 350700 , CE > PE by 67.8%
IS_MORNING_WINDOW= True  (active 9:15-9:48 IST)
================================================
==== signal check time ==== 2026-09-09 09:18:01.973951
IS_CHOI_DIFF_GT_25PERC== False
RSI_VAL1== 12.19
RSI_VAL2== 12.19
FUT_3m_OHLC O= 75800.0  H= 75800.0  L= 75481.0  C= 75516.8  Range= 318.9
CHART_PATTERN_DETECTED: EVENING_STAR | STRONG_MOMENTUM_BEAR
  PATTERN_CONTEXT: Body= -283.2  Range= 318.9  ExpectedRange= 65.4  RangeRatio= 4.88  O= 75800.0  H= 75800.0  L= 75481.0  C= 75516.8
newSynthFut =  75000
ATMStrike =  75000
AVG_OIPCR= 16.65
avgoiPCROld=  inf
SUPP_RES = 75000
FUT LTP = 75516.8
CEchoi  PechOi = 322840.0    261300.0
====================================
AVG_VOLPCR= 1.2
atmPCR= 0.87  belowATM  1.24
atmVolPCR= 1.07  belowATM  1.26
False   75516.8   75000   False   False   12.19
India VIX = 11.51  Spot Price = 75058.97
IV Regime = HIGH (ADAPTIVE: P25= 11.04  P50= 11.29  P75= 11.49 ) | DailyRange = 1234.2 | 3minCandleRange = 64.9 (theoretical= 108.2 ) | ATMoptionMove = 29.2 | SL = 102 | Target = 102 | TrailTrigger = 29 | Spread = 300 | Buffer = 52
IV Params refreshed: {'vix': 11.51, 'bn_price': 75058.97, 'regime': 'HIGH', 'regime_thresholds': 'P25=11.04 P50=11.29 P75=11.49', 'daily_range': 1234.2, 'candle_range': 64.9, 'atm_option_move': 29.2, 'sl_point': 102, 'target_point': 102, 'sl_pct_of_premium': 0.1, 'trail_trigger': 29, 'spread_width': 300, 'support_resistance_buffer': 52}
===
====after 3 min ochain==== 2026-09-09 09:21:00.000003
                                    oipcr   choipcr   CE_OI / PE_OI (same strike)
pcr1 =  BSE:SENSEX2691075900CE   0.28   -0.36 CALL added 141020   PUT unwind -51380  CE_OI=819480 PE_OI=229740
pcr2 =  BSE:SENSEX2691075800PE   0.29   -0.22 CALL added 387720   PUT unwind -86320  CE_OI=1233840 PE_OI=355720
pcr3 =  BSE:SENSEX2691075700PE   0.19   -0.3 CALL added 509900   PUT unwind -152480  CE_OI=1182980 PE_OI=222300
pcr4 =  BSE:SENSEX2691075600CE   0.34   -0.62 CALL added 402900   PUT unwind -248540  CE_OI=976500 PE_OI=328040
pcr5 =  BSE:SENSEX2691075500CE   0.46   -0.23 CALL added 1082680   PUT unwind -253160  CE_OI=1468960 PE_OI=672220
pcr6 =  BSE:SENSEX2691075400PE   0.46    -0.08 CALL added 499640   PUT unwind -39400  CE_OI=579740 PE_OI=268240
pcr7 =  BSE:SENSEX2691075300PE   0.65   0.05 CALL added 627820   PUT added 31960  CE_OI=669880 PE_OI=433520
pcr8 =  BSE:SENSEX2691075200PE   0.99   0.63 CALL added 856400   PUT added 535640  CE_OI=897780 PE_OI=889700
pcr9 =  BSE:SENSEX2691075100CE   0.93   0.65 CALL added 753620   PUT added 492120  CE_OI=774220 PE_OI=723280
pcr10 =  BSE:SENSEX2691075000PE   2.03   0.89 CALL added 962100   PUT added 853080  CE_OI=1040980 PE_OI=2109960
pcr11 =  BSE:SENSEX2691074900PE   5.73   3.32 CALL added 131140   PUT added 435960  CE_OI=143000 PE_OI=819100
pcr12 =  BSE:SENSEX2691074800PE   13.35   3.64 CALL added 64240   PUT added 233760  CE_OI=73840 PE_OI=986100
pcr13 =  BSE:SENSEX2691074700CE   16.16   6.65 CALL added 39800   PUT added 264820  CE_OI=44960 PE_OI=726400
pcr14 =  BSE:SENSEX2691074600PE   47.18   12.04 CALL added 10420   PUT added 125500  CE_OI=14880 PE_OI=702000
pcr15 =  BSE:SENSEX2691074500PE   29.54   10.85 CALL added 48480   PUT added 525940  CE_OI=57120 PE_OI=1687200
pcr16 =  BSE:SENSEX2691074400PE   745.22   363.03 CALL added 720   PUT added 261380  CE_OI=720 PE_OI=536560
pcr17 =  BSE:SENSEX2691074300PE   489.98   170.36 CALL added 840   PUT added 143100  CE_OI=840 PE_OI=411580
PCRSUM== 1353.78
pcrSummation== 40.76
VOLPCRSUM== 6.37
spotLTP =  75058.97  ATM_STRIKE =  75100
IS_ATM_STRIKE_SHIFT = True  mapStrike = {75100: 75100}
avgOiPcrList2 = [np.float64(79.63)] atmStrikeNotShiftedCount= 1
True   1   1
SUPP_RES=== 75000  Buffer= 52
ANCHOR_COMPARE: spot=75058.97 fut=75530.0 basis(fut-spot)=471.03 | SR_spot(PRIMARY)=75000 SR_future=75500 SR_diff(fut-spot)=500 | PCRwin_spot(PRIMARY)=75100 PCRwin_future=75500
CEoich val =  962100.0  PEoich val =  853080.0 , CE > PE by 11.3%
SUPP_RES TOTAL OI: CE= 1040980  PE= 2109960 , CE < PE by 50.7%
FUT_SUPP_RES=== 75500  (FUT_LTP= 75530.0 ) Buffer= 52
FUT CEoich val =  1082680.0  PEoich val =  -253160.0 , CE > PE by 123.4%
FUT_SUPP_RES TOTAL OI: CE= 1468960  PE= 672220 , CE > PE by 54.2%
OI_SUPP_RES: spot=75058.97 ATM=75100 (ATM_CE_OI=774220 ATM_PE_OI=723280) | SUPPORT=75000PE OI=2109960 (dist=-100) | RESISTANCE=75500CE OI=1468960 (dist=400)
OI_SUPPORT=== 75000
OI_SUPPORT CEoich val = 962100.0  PEoich val = 853080.0 , CE > PE by 11.3%
OI_SUPPORT TOTAL OI: CE= 1040980  PE= 2109960 , CE < PE by 50.7%
OI_RESISTANCE=== 75500
OI_RESISTANCE CEoich val = 1082680.0  PEoich val = -253160.0 , CE > PE by 123.4%
OI_RESISTANCE TOTAL OI: CE= 1468960  PE= 672220 , CE > PE by 54.2%
IS_MORNING_WINDOW= True  (active 9:15-9:48 IST)
================================================
==== signal check time ==== 2026-09-09 09:21:00.592641
IS_CHOI_DIFF_GT_25PERC== False
RSI_VAL1== 13.77
RSI_VAL2== 13.77
FUT_3m_OHLC O= 75520.0  H= 75545.6  L= 75520.0  C= 75530.0  Range= 25.6
CHART_PATTERN_DETECTED: INSIDE_BAR
  PATTERN_CONTEXT: Body= 10.0  Range= 25.6  ExpectedRange= 64.9  RangeRatio= 0.39  O= 75520.0  H= 75545.6  L= 75520.0  C= 75530.0
newSynthFut =  75100
ATMStrike =  75100
AVG_OIPCR= 4.53
avgoiPCROld=  79.63
SUPP_RES = 75000
FUT LTP = 75530.0
CEchoi  PechOi = 962100.0    853080.0
====================================
AVG_VOLPCR= 0.71
atmPCR= 0.46  belowATM  0.46
atmVolPCR= 0.57  belowATM  0.83
False   75530.0   75000   False   False   13.77
India VIX = 11.49  Spot Price = 75047.23
IV Regime = ELEVATED (ADAPTIVE: P25= 11.04  P50= 11.29  P75= 11.49 ) | DailyRange = 1231.8 | 3minCandleRange = 64.8 (theoretical= 108.0 ) | ATMoptionMove = 29.2 | SL = 102 | Target = 102 | TrailTrigger = 29 | Spread = 300 | Buffer = 42
IV Params refreshed: {'vix': 11.49, 'bn_price': 75047.23, 'regime': 'ELEVATED', 'regime_thresholds': 'P25=11.04 P50=11.29 P75=11.49', 'daily_range': 1231.8, 'candle_range': 64.8, 'atm_option_move': 29.2, 'sl_point': 102, 'target_point': 102, 'sl_pct_of_premium': 0.1, 'trail_trigger': 29, 'spread_width': 300, 'support_resistance_buffer': 42}
===
====after 3 min ochain==== 2026-09-09 09:24:00.000001
                                    oipcr   choipcr   CE_OI / PE_OI (same strike)
pcr1 =  BSE:SENSEX2691075800PE   0.23   -0.26 CALL added 514180   PUT unwind -135300  CE_OI=1360300 PE_OI=306740
pcr2 =  BSE:SENSEX2691075700PE   0.17   -0.24 CALL added 642140   PUT unwind -151660  CE_OI=1315220 PE_OI=223120
pcr3 =  BSE:SENSEX2691075600CE   0.29   -0.57 CALL added 477640   PUT unwind -272660  CE_OI=1051240 PE_OI=303920
pcr4 =  BSE:SENSEX2691075500CE   0.38   -0.23 CALL added 1258960   PUT unwind -292500  CE_OI=1645240 PE_OI=632880
pcr5 =  BSE:SENSEX2691075400PE   0.37   -0.02 CALL added 704600   PUT unwind -13840  CE_OI=784700 PE_OI=293800
pcr6 =  BSE:SENSEX2691075300PE   0.58    0.11 CALL added 797240   PUT added 88900  CE_OI=839300 PE_OI=490460
pcr7 =  BSE:SENSEX2691075200PE   0.88   0.62 CALL added 1242060   PUT added 775160  CE_OI=1283440 PE_OI=1129220
pcr8 =  BSE:SENSEX2691075100CE   0.99   0.76 CALL added 935160   PUT added 710400  CE_OI=955760 PE_OI=941560
pcr9 =  BSE:SENSEX2691075000PE   2.19   1.27 CALL added 1183420   PUT added 1505620  CE_OI=1262300 PE_OI=2762500
pcr10 =  BSE:SENSEX2691074900PE   5.87   3.83 CALL added 154220   PUT added 591060  CE_OI=166080 PE_OI=974200
pcr11 =  BSE:SENSEX2691074800PE   11.02   3.85 CALL added 90160   PUT added 346780  CE_OI=99760 PE_OI=1099120
pcr12 =  BSE:SENSEX2691074700CE   19.25   9.61 CALL added 37560   PUT added 360860  CE_OI=42720 PE_OI=822440
pcr13 =  BSE:SENSEX2691074600PE   46.01   17.14 CALL added 12860   PUT added 220400  CE_OI=17320 PE_OI=796900
pcr14 =  BSE:SENSEX2691074500PE   29.92   13.12 CALL added 53760   PUT added 705520  CE_OI=62400 PE_OI=1866780
pcr15 =  BSE:SENSEX2691074400PE   522.36   317.0 CALL added 1340   PUT added 424780  CE_OI=1340 PE_OI=699960
pcr16 =  BSE:SENSEX2691074300PE   343.16   145.75 CALL added 1360   PUT added 198220  CE_OI=1360 PE_OI=466700
pcr17 =  BSE:SENSEX2691074200CE   357.04   121.1 CALL added 1400   PUT added 169540  CE_OI=1420 PE_OI=507000
PCRSUM== 1340.71
pcrSummation== 87.16
VOLPCRSUM== 8.7
spotLTP =  75047.23  ATM_STRIKE =  75000
IS_ATM_STRIKE_SHIFT = True  mapStrike = {75000: 75000}
avgOiPcrList2 = [np.float64(78.87)] atmStrikeNotShiftedCount= 1
True   1   1
SUPP_RES=== 75000  Buffer= 42
ANCHOR_COMPARE: spot=75047.23 fut=75530.0 basis(fut-spot)=482.77 | SR_spot(PRIMARY)=75000 SR_future=75500 SR_diff(fut-spot)=500 | PCRwin_spot(PRIMARY)=75000 PCRwin_future=75500
CEoich val =  1183420.0  PEoich val =  1505620.0 , CE < PE by 21.4%
SUPP_RES TOTAL OI: CE= 1262300  PE= 2762500 , CE < PE by 54.3%
FUT_SUPP_RES=== 75500  (FUT_LTP= 75530.0 ) Buffer= 42
FUT CEoich val =  1258960.0  PEoich val =  -292500.0 , CE > PE by 123.2%
FUT_SUPP_RES TOTAL OI: CE= 1645240  PE= 632880 , CE > PE by 61.5%
OI_SUPP_RES: spot=75047.23 ATM=75000 (ATM_CE_OI=1262300 ATM_PE_OI=2762500) | SUPPORT=75000PE OI=2762500 (dist=0) | RESISTANCE=75500CE OI=1645240 (dist=500)
OI_SUPPORT=== 75000
OI_SUPPORT CEoich val = 1183420.0  PEoich val = 1505620.0 , CE < PE by 21.4%
OI_SUPPORT TOTAL OI: CE= 1262300  PE= 2762500 , CE < PE by 54.3%
OI_RESISTANCE=== 75500
OI_RESISTANCE CEoich val = 1258960.0  PEoich val = -292500.0 , CE > PE by 123.2%
OI_RESISTANCE TOTAL OI: CE= 1645240  PE= 632880 , CE > PE by 61.5%
IS_MORNING_WINDOW= True  (active 9:15-9:48 IST)
================================================
==== signal check time ==== 2026-09-09 09:24:00.570412
IS_CHOI_DIFF_GT_25PERC== False
RSI_VAL1== 13.77
RSI_VAL2== 13.77
FUT_3m_OHLC O= 75540.0  H= 75550.0  L= 75520.0  C= 75530.0  Range= 30.0
CHART_PATTERN: None
newSynthFut =  75000
ATMStrike =  75000
AVG_OIPCR= 9.68
avgoiPCROld=  78.87
SUPP_RES = 75000
FUT LTP = 75530.0
CEchoi  PechOi = 1183420.0    1505620.0
====================================
AVG_VOLPCR= 0.97
atmPCR= 0.37  belowATM  0.58
atmVolPCR= 0.78  belowATM  0.91
False   75530.0   75000   False   False   13.77
India VIX = 11.52  Spot Price = 75068.89
IV Regime = HIGH (ADAPTIVE: P25= 11.04  P50= 11.29  P75= 11.49 ) | DailyRange = 1235.4 | 3minCandleRange = 65.0 (theoretical= 108.4 ) | ATMoptionMove = 29.3 | SL = 102 | Target = 102 | TrailTrigger = 29 | Spread = 300 | Buffer = 52
IV Params refreshed: {'vix': 11.52, 'bn_price': 75068.89, 'regime': 'HIGH', 'regime_thresholds': 'P25=11.04 P50=11.29 P75=11.49', 'daily_range': 1235.4, 'candle_range': 65.0, 'atm_option_move': 29.3, 'sl_point': 102, 'target_point': 102, 'sl_pct_of_premium': 0.1, 'trail_trigger': 29, 'spread_width': 300, 'support_resistance_buffer': 52}
===
====after 3 min ochain==== 2026-09-09 09:27:00.000002
                                    oipcr   choipcr   CE_OI / PE_OI (same strike)
pcr1 =  BSE:SENSEX2691075900CE   0.22   -0.34 CALL added 233720   PUT unwind -80200  CE_OI=912180 PE_OI=200920
pcr2 =  BSE:SENSEX2691075800PE   0.23   -0.2 CALL added 565780   PUT unwind -112980  CE_OI=1411900 PE_OI=329060
pcr3 =  BSE:SENSEX2691075700PE   0.15   -0.18 CALL added 822420   PUT unwind -151300  CE_OI=1495500 PE_OI=223480
pcr4 =  BSE:SENSEX2691075600CE   0.27   -0.5 CALL added 546120   PUT unwind -275000  CE_OI=1119720 PE_OI=301580
pcr5 =  BSE:SENSEX2691075500CE   0.35   -0.2 CALL added 1452300   PUT unwind -289000  CE_OI=1838580 PE_OI=636380
pcr6 =  BSE:SENSEX2691075400PE   0.34    -0.02 CALL added 779020   PUT unwind -12200  CE_OI=859120 PE_OI=295440
pcr7 =  BSE:SENSEX2691075300PE   0.53   0.13 CALL added 939400   PUT added 122020  CE_OI=981460 PE_OI=523580
pcr8 =  BSE:SENSEX2691075200PE   0.82   0.59 CALL added 1443400   PUT added 856540  CE_OI=1484780 PE_OI=1210600
pcr9 =  BSE:SENSEX2691075100CE   0.96   0.77 CALL added 1084060   PUT added 833000  CE_OI=1104660 PE_OI=1064160
pcr10 =  BSE:SENSEX2691075000PE   2.15   1.33 CALL added 1324640   PUT added 1761820  CE_OI=1403520 PE_OI=3018700
pcr11 =  BSE:SENSEX2691074900PE   5.22   3.51 CALL added 187780   PUT added 659820  CE_OI=199640 PE_OI=1042960
pcr12 =  BSE:SENSEX2691074800PE   11.52   4.95 CALL added 97640   PUT added 483140  CE_OI=107240 PE_OI=1235480
pcr13 =  BSE:SENSEX2691074700CE   16.82   9.02 CALL added 48060   PUT added 433600  CE_OI=53220 PE_OI=895180
pcr14 =  BSE:SENSEX2691074600PE   43.23   20.03 CALL added 16540   PUT added 331300  CE_OI=21000 PE_OI=907800
pcr15 =  BSE:SENSEX2691074500PE   29.21   14.17 CALL added 60420   PUT added 856120  CE_OI=69060 PE_OI=2017380
pcr16 =  BSE:SENSEX2691074400PE   482.01   312.15 CALL added 1620   PUT added 505680  CE_OI=1620 PE_OI=780860
pcr17 =  BSE:SENSEX2691074300PE   372.01   174.6 CALL added 1360   PUT added 237460  CE_OI=1360 PE_OI=505940
PCRSUM== 966.04
pcrSummation== 38.71
VOLPCRSUM== 5.569999999999999
spotLTP =  75063.55  ATM_STRIKE =  75100
IS_ATM_STRIKE_SHIFT = True  mapStrike = {75100: 75100}
avgOiPcrList2 = [np.float64(56.83)] atmStrikeNotShiftedCount= 1
True   1   1
SUPP_RES=== 75000  Buffer= 52
ANCHOR_COMPARE: spot=75063.55 fut=75551.6 basis(fut-spot)=488.05 | SR_spot(PRIMARY)=75000 SR_future=75500 SR_diff(fut-spot)=500 | PCRwin_spot(PRIMARY)=75100 PCRwin_future=75600
CEoich val =  1324640.0  PEoich val =  1761820.0 , CE < PE by 24.8%
SUPP_RES TOTAL OI: CE= 1403520  PE= 3018700 , CE < PE by 53.5%
FUT_SUPP_RES=== 75500  (FUT_LTP= 75551.6 ) Buffer= 52
FUT CEoich val =  1452300.0  PEoich val =  -289000.0 , CE > PE by 119.9%
FUT_SUPP_RES TOTAL OI: CE= 1838580  PE= 636380 , CE > PE by 65.4%
OI_SUPP_RES: spot=75063.55 ATM=75100 (ATM_CE_OI=1104660 ATM_PE_OI=1064160) | SUPPORT=75000PE OI=3018700 (dist=-100) | RESISTANCE=75500CE OI=1838580 (dist=400)
OI_SUPPORT=== 75000
OI_SUPPORT CEoich val = 1324640.0  PEoich val = 1761820.0 , CE < PE by 24.8%
OI_SUPPORT TOTAL OI: CE= 1403520  PE= 3018700 , CE < PE by 53.5%
OI_RESISTANCE=== 75500
OI_RESISTANCE CEoich val = 1452300.0  PEoich val = -289000.0 , CE > PE by 119.9%
OI_RESISTANCE TOTAL OI: CE= 1838580  PE= 636380 , CE > PE by 65.4%
IS_MORNING_WINDOW= True  (active 9:15-9:48 IST)
================================================
==== signal check time ==== 2026-09-09 09:27:00.620690
IS_CHOI_DIFF_GT_25PERC== False
RSI_VAL1== 16.6
RSI_VAL2== 16.6
FUT_3m_OHLC O= 75542.5  H= 75575.0  L= 75530.0  C= 75551.6  Range= 44.9
CHART_PATTERN: None
newSynthFut =  75100
ATMStrike =  75100
AVG_OIPCR= 4.3
avgoiPCROld=  56.83
SUPP_RES = 75000
FUT LTP = 75551.6
CEchoi  PechOi = 1324640.0    1761820.0
====================================
AVG_VOLPCR= 0.62
atmPCR= 0.35  belowATM  0.34
atmVolPCR= 0.47  belowATM  0.75
False   75551.6   75000   False   False   16.6
India VIX = 11.62  Spot Price = 75050.04
IV Regime = HIGH (ADAPTIVE: P25= 11.04  P50= 11.29  P75= 11.49 ) | DailyRange = 1245.8 | 3minCandleRange = 65.6 (theoretical= 109.3 ) | ATMoptionMove = 29.5 | SL = 103 | Target = 103 | TrailTrigger = 30 | Spread = 300 | Buffer = 52
IV Params refreshed: {'vix': 11.62, 'bn_price': 75050.04, 'regime': 'HIGH', 'regime_thresholds': 'P25=11.04 P50=11.29 P75=11.49', 'daily_range': 1245.8, 'candle_range': 65.6, 'atm_option_move': 29.5, 'sl_point': 103, 'target_point': 103, 'sl_pct_of_premium': 0.1, 'trail_trigger': 30, 'spread_width': 300, 'support_resistance_buffer': 52}
===
====after 3 min ochain==== 2026-09-09 09:30:00.000002
                                    oipcr   choipcr   CE_OI / PE_OI (same strike)
pcr1 =  BSE:SENSEX2691075900CE   0.2   -0.29 CALL added 286700   PUT unwind -84520  CE_OI=965160 PE_OI=196600
pcr2 =  BSE:SENSEX2691075800PE   0.2   -0.2 CALL added 670220   PUT unwind -135760  CE_OI=1516340 PE_OI=306280
pcr3 =  BSE:SENSEX2691075700PE   0.13   -0.17 CALL added 939480   PUT unwind -159240  CE_OI=1612560 PE_OI=215540
pcr4 =  BSE:SENSEX2691075600CE   0.25   -0.38 CALL added 681640   PUT unwind -257720  CE_OI=1255240 PE_OI=318860
pcr5 =  BSE:SENSEX2691075500CE   0.29   -0.18 CALL added 1697580   PUT unwind -311020  CE_OI=2083860 PE_OI=614360
pcr6 =  BSE:SENSEX2691075400PE   0.34    0.01 CALL added 851480   PUT added 9240  CE_OI=931580 PE_OI=316880
pcr7 =  BSE:SENSEX2691075300PE   0.53   0.17 CALL added 1072240   PUT added 185480  CE_OI=1114300 PE_OI=587040
pcr8 =  BSE:SENSEX2691075200PE   0.86   0.65 CALL added 1586660   PUT added 1038420  CE_OI=1628040 PE_OI=1392480
pcr9 =  BSE:SENSEX2691075100CE   1.03   0.87 CALL added 1269720   PUT added 1102400  CE_OI=1290320 PE_OI=1333560
pcr10 =  BSE:SENSEX2691075000PE   2.11   1.42 CALL added 1583540   PUT added 2248220  CE_OI=1662420 PE_OI=3505100
pcr11 =  BSE:SENSEX2691074900PE   5.5   3.98 CALL added 208760   PUT added 830120  CE_OI=220620 PE_OI=1213260
pcr12 =  BSE:SENSEX2691074800PE   11.54   5.92 CALL added 114280   PUT added 676880  CE_OI=123880 PE_OI=1429220
pcr13 =  BSE:SENSEX2691074700CE   18.75   11.5 CALL added 50320   PUT added 578800  CE_OI=55480 PE_OI=1040380
pcr14 =  BSE:SENSEX2691074600PE   42.3   22.53 CALL added 19620   PUT added 442060  CE_OI=24080 PE_OI=1018560
pcr15 =  BSE:SENSEX2691074500PE   29.86   16.5 CALL added 67640   PUT added 1116140  CE_OI=76280 PE_OI=2277400
pcr16 =  BSE:SENSEX2691074400PE   322.38   228.14 CALL added 2920   PUT added 666160  CE_OI=2920 PE_OI=941340
pcr17 =  BSE:SENSEX2691074300PE   557.26   308.67 CALL added 1080   PUT added 333360  CE_OI=1080 PE_OI=601840
PCRSUM== 993.53
pcrSummation== 40.95
VOLPCRSUM== 5.44
spotLTP =  75050.04  ATM_STRIKE =  75100
IS_ATM_STRIKE_SHIFT = False  mapStrike = {75100: 75100}
avgOiPcrList2 = [np.float64(56.83), np.float64(58.44)] atmStrikeNotShiftedCount= 2
False   2   2
SUPP_RES=== 75000  Buffer= 52
ANCHOR_COMPARE: spot=75050.04 fut=75530.9 basis(fut-spot)=480.86 | SR_spot(PRIMARY)=75000 SR_future=75500 SR_diff(fut-spot)=500 | PCRwin_spot(PRIMARY)=75100 PCRwin_future=75500
CEoich val =  1583540.0  PEoich val =  2248220.0 , CE < PE by 29.6%
SUPP_RES TOTAL OI: CE= 1662420  PE= 3505100 , CE < PE by 52.6%
FUT_SUPP_RES=== 75500  (FUT_LTP= 75530.9 ) Buffer= 52
FUT CEoich val =  1697580.0  PEoich val =  -311020.0 , CE > PE by 118.3%
FUT_SUPP_RES TOTAL OI: CE= 2083860  PE= 614360 , CE > PE by 70.5%
OI_SUPP_RES: spot=75050.04 ATM=75100 (ATM_CE_OI=1290320 ATM_PE_OI=1333560) | SUPPORT=75000PE OI=3505100 (dist=-100) | RESISTANCE=75500CE OI=2083860 (dist=400)
OI_SUPPORT=== 75000
OI_SUPPORT CEoich val = 1583540.0  PEoich val = 2248220.0 , CE < PE by 29.6%
OI_SUPPORT TOTAL OI: CE= 1662420  PE= 3505100 , CE < PE by 52.6%
OI_RESISTANCE=== 75500
OI_RESISTANCE CEoich val = 1697580.0  PEoich val = -311020.0 , CE > PE by 118.3%
OI_RESISTANCE TOTAL OI: CE= 2083860  PE= 614360 , CE > PE by 70.5%
IS_MORNING_WINDOW= True  (active 9:15-9:48 IST)
================================================
==== signal check time ==== 2026-09-09 09:30:00.594457
IS_CHOI_DIFF_GT_25PERC== True
RSI_VAL1== 16.06
RSI_VAL2== 16.06
FUT_3m_OHLC O= 75548.7  H= 75550.7  L= 75520.0  C= 75530.9  Range= 30.7
CHART_PATTERN_DETECTED: DOUBLE_BOTTOM_FORMING
  PATTERN_CONTEXT: Body= -17.8  Range= 30.7  ExpectedRange= 65.6  RangeRatio= 0.47  O= 75548.7  H= 75550.7  L= 75520.0  C= 75530.9
newSynthFut =  75100
ATMStrike =  75100
AVG_OIPCR= 4.55
avgoiPCROld=  58.44
SUPP_RES = 75000
FUT LTP = 75530.9
CEchoi  PechOi = 1583540.0    2248220.0
====================================
AVG_VOLPCR= 0.6
atmPCR= 0.29  belowATM  0.34
atmVolPCR= 0.45  belowATM  0.74
True   75530.9   75000   False   False   16.06
India VIX = 11.65  Spot Price = 75055.24
IV Regime = HIGH (ADAPTIVE: P25= 11.04  P50= 11.29  P75= 11.49 ) | DailyRange = 1249.1 | 3minCandleRange = 65.7 (theoretical= 109.6 ) | ATMoptionMove = 29.6 | SL = 104 | Target = 104 | TrailTrigger = 30 | Spread = 300 | Buffer = 53
IV Params refreshed: {'vix': 11.65, 'bn_price': 75055.24, 'regime': 'HIGH', 'regime_thresholds': 'P25=11.04 P50=11.29 P75=11.49', 'daily_range': 1249.1, 'candle_range': 65.7, 'atm_option_move': 29.6, 'sl_point': 104, 'target_point': 104, 'sl_pct_of_premium': 0.1, 'trail_trigger': 30, 'spread_width': 300, 'support_resistance_buffer': 53}
===
====after 3 min ochain==== 2026-09-09 09:33:00.000003
                                    oipcr   choipcr   CE_OI / PE_OI (same strike)
pcr1 =  BSE:SENSEX2691075900CE   0.2   -0.3 CALL added 288420   PUT unwind -87360  CE_OI=966880 PE_OI=193760
pcr2 =  BSE:SENSEX2691075800PE   0.19   -0.21 CALL added 691060   PUT unwind -143120  CE_OI=1537180 PE_OI=298920
pcr3 =  BSE:SENSEX2691075700PE   0.13   -0.16 CALL added 1003680   PUT unwind -164060  CE_OI=1676760 PE_OI=210720
pcr4 =  BSE:SENSEX2691075600CE   0.25   -0.36 CALL added 697440   PUT unwind -254540  CE_OI=1271040 PE_OI=322040
pcr5 =  BSE:SENSEX2691075500CE   0.29   -0.16 CALL added 1786860   PUT unwind -293760  CE_OI=2173140 PE_OI=631620
pcr6 =  BSE:SENSEX2691075400PE   0.33    0.03 CALL added 912840   PUT added 23200  CE_OI=992940 PE_OI=330840
pcr7 =  BSE:SENSEX2691075300PE   0.49   0.16 CALL added 1142900   PUT added 181540  CE_OI=1184960 PE_OI=583100
pcr8 =  BSE:SENSEX2691075200PE   0.86   0.67 CALL added 1672100   PUT added 1121360  CE_OI=1713480 PE_OI=1475420
pcr9 =  BSE:SENSEX2691075100CE   1.1   0.94 CALL added 1343720   PUT added 1269380  CE_OI=1364320 PE_OI=1500540
pcr10 =  BSE:SENSEX2691075000PE   2.25   1.58 CALL added 1601020   PUT added 2525600  CE_OI=1679900 PE_OI=3782480
pcr11 =  BSE:SENSEX2691074900PE   5.84   4.37 CALL added 213820   PUT added 935260  CE_OI=225680 PE_OI=1318400
pcr12 =  BSE:SENSEX2691074800PE   11.51   6.24 CALL added 121680   PUT added 758680  CE_OI=131280 PE_OI=1511020
pcr13 =  BSE:SENSEX2691074700CE   19.44   12.49 CALL added 51940   PUT added 648640  CE_OI=57100 PE_OI=1110220
pcr14 =  BSE:SENSEX2691074600PE   44.95   25.37 CALL added 19200   PUT added 487080  CE_OI=23660 PE_OI=1063580
pcr15 =  BSE:SENSEX2691074500PE   31.05   17.89 CALL added 67880   PUT added 1214400  CE_OI=76520 PE_OI=2375660
pcr16 =  BSE:SENSEX2691074400PE   305.08   211.48 CALL added 2940   PUT added 621760  CE_OI=2940 PE_OI=896940
pcr17 =  BSE:SENSEX2691074300PE   587.96   329.81 CALL added 1040   PUT added 343000  CE_OI=1040 PE_OI=611480
PCRSUM== 1011.92
pcrSummation== 42.11
VOLPCRSUM== 5.3100000000000005
spotLTP =  75055.24  ATM_STRIKE =  75100
IS_ATM_STRIKE_SHIFT = False  mapStrike = {75100: 75100}
avgOiPcrList2 = [np.float64(56.83), np.float64(58.44), np.float64(59.52)] atmStrikeNotShiftedCount= 3
False   3   3
SUPP_RES=== 75000  Buffer= 53
ANCHOR_COMPARE: spot=75055.24 fut=75543.7 basis(fut-spot)=488.46 | SR_spot(PRIMARY)=75000 SR_future=75500 SR_diff(fut-spot)=500 | PCRwin_spot(PRIMARY)=75100 PCRwin_future=75500
CEoich val =  1601020.0  PEoich val =  2525600.0 , CE < PE by 36.6%
SUPP_RES TOTAL OI: CE= 1679900  PE= 3782480 , CE < PE by 55.6%
FUT_SUPP_RES=== 75500  (FUT_LTP= 75543.7 ) Buffer= 53
FUT CEoich val =  1786860.0  PEoich val =  -293760.0 , CE > PE by 116.4%
FUT_SUPP_RES TOTAL OI: CE= 2173140  PE= 631620 , CE > PE by 70.9%
OI_SUPP_RES: spot=75055.24 ATM=75100 (ATM_CE_OI=1364320 ATM_PE_OI=1500540) | SUPPORT=75000PE OI=3782480 (dist=-100) | RESISTANCE=75500CE OI=2173140 (dist=400)
OI_SUPPORT=== 75000
OI_SUPPORT CEoich val = 1601020.0  PEoich val = 2525600.0 , CE < PE by 36.6%
OI_SUPPORT TOTAL OI: CE= 1679900  PE= 3782480 , CE < PE by 55.6%
OI_RESISTANCE=== 75500
OI_RESISTANCE CEoich val = 1786860.0  PEoich val = -293760.0 , CE > PE by 116.4%
OI_RESISTANCE TOTAL OI: CE= 2173140  PE= 631620 , CE > PE by 70.9%
IS_MORNING_WINDOW= True  (active 9:15-9:48 IST)
================================================
==== signal check time ==== 2026-09-09 09:33:00.588425
IS_CHOI_DIFF_GT_25PERC== True
RSI_VAL1== 17.85
RSI_VAL2== 17.85
FUT_3m_OHLC O= 75530.9  H= 75550.7  L= 75521.0  C= 75543.7  Range= 29.7
CHART_PATTERN_DETECTED: INSIDE_BAR | DOUBLE_BOTTOM_FORMING
  PATTERN_CONTEXT: Body= 12.8  Range= 29.7  ExpectedRange= 65.7  RangeRatio= 0.45  O= 75530.9  H= 75550.7  L= 75521.0  C= 75543.7
isPcrInc = True
newSynthFut =  75100
ATMStrike =  75100
AVG_OIPCR= 4.68
avgoiPCROld=  59.52
SUPP_RES = 75000
FUT LTP = 75543.7
CEchoi  PechOi = 1601020.0    2525600.0
====================================
AVG_VOLPCR= 0.59
atmPCR= 0.29  belowATM  0.33
atmVolPCR= 0.43  belowATM  0.72
True   75543.7   75000   True   False   17.85
In Bull trade, slCount =  0  (mode= LOGIC2_TREND_CONVERGENCE )
SPREAD_CALC_AT_ENTRY: SyntheticATMStrike= 75100  ATM_PE= 229.5  ATM_CE= 302.8  AvgATM= 266.15
ATM_GREEKS: CE=BSE:SENSEX2691075100CE -> {'delta': 0.55, 'gamma': 0.0006, 'theta': -104.8, 'vega': 17.47, 'iv': 15.05}
ATM_GREEKS: PE=BSE:SENSEX2691075100PE -> {'delta': -0.45, 'gamma': 0.0006, 'theta': -104.8, 'vega': 17.47, 'iv': 15.05}
ATM_IV: ce_iv=15.05 pe_iv=15.05 avg_atm_iv=15.05 iv_skew(PE-CE)=0.0
==================================================
SPREAD_SELECTION (Sensex weekly): Type= CREDIT | DTE= 1 | PremRatio= 0.47 | IVRank= 0.65
SPREAD_REASONS: DTE=1(weekly) | PremRatio=0.47 | IVRank=0.65 | DECISION:CREDIT (default — theta favors seller for weekly)
==================================================
SPREAD_DECISION_AT_ENTRY: {'type': 'CREDIT', 'score': 1, 'dte': 1, 'premium_ratio': 0.47, 'iv_rank': 0.65, 'vix_30d_high': 12.21, 'vix_30d_low': 10.48, 'reasons': ['DTE=1(weekly)', 'PremRatio=0.47', 'IVRank=0.65', 'DECISION:CREDIT (default — theta favors seller for weekly)']}
ENTRY_ROUTING: spread_type= CREDIT  isBullish= True  isBearish= False
IV-Dynamic: SL= 104  Target= 104  Spread= 300
HEDGE_BY_DELTA: main=75100PE main_delta=-0.45 target_hedge_delta=0.225 nearest_strike=74700 nearest_delta=-0.24 -> snapped500=74500 (far_otm_snap) hedge=BSE:SENSEX2691074500PE hedge_delta=-0.16
DELTA_CHECK: main=BSE:SENSEX2691075100PE delta=-0.45
DELTA_CHECK: hedge=BSE:SENSEX2691074500PE delta=-0.16
DELTA_CHECK: delta_ratio (|hedge|/|main|) = 0.356
=atmPE= BSE:SENSEX2691075100PE
=otmPE== BSE:SENSEX2691074500PE  entryPrice= 230.05  maxHedgePremium= 115.025
hedge_entry_price = 60.45
CREDIT_NET_CREDIT= 169.6
OPT_RANGE_DEBUG: symbol=BSE:SENSEX2691075100PE | total_candles_after_skip1st=5 | ranges=[20.35, 20.15, 23.0, 13.9, 19.3] | median_all=20.15
OPT_OHLC_ENTRY: symbol=BSE:SENSEX2691075100PE | candles=5 | open=[252.05, 238.85, 243.9, 237.7, 240.15] | high=[254.75, 251.25, 247.75, 244.55, 240.15] | low=[234.4, 231.1, 224.75, 230.65, 220.85] | close=[239.95, 244.55, 237.15, 238.8, 230.0] | median_range=20.15
OPT_RANGE_DEBUG: symbol=BSE:SENSEX2691074500PE | total_candles_after_skip1st=5 | ranges=[6.95, 7.95, 8.75, 5.05, 6.2] | median_all=6.95
OPT_OHLC_ENTRY: symbol=BSE:SENSEX2691074500PE | candles=5 | open=[68.7, 63.85, 66.3, 62.15, 63.6] | high=[69.6, 69.25, 67.65, 65.5, 63.6] | low=[62.65, 61.3, 58.9, 60.45, 57.4] | close=[64.2, 66.35, 62.0, 63.0, 60.5] | median_range=6.95
HEDGE_OFFSET: source=DELTA used_ratio=0.356 raw=0.356 | delta_ratio=0.356 range_ratio=0.345 premium_ratio=0.263 | (main_delta=-0.45 hedge_delta=-0.16 main_range=20.15 hedge_range=6.95) effective_sl=34 -> net_sl_points=21.91
RISK_SIZING: effective_sl_pre=34 main=230.05 hedge=60.45 main_range=20.15 hedge_range=6.95 FIXED_RISK=10000 -> qty=440 (22 lots)
CREDIT_ENTRY: qty= 440
MARGIN_CHECK: qty=440 (22 lots) margin_required=929485.7 avail=1030117.5 usable(97%)=999213.97
9 : 33 : 2  =>  BUY   SENSEX2691074500PE   440   MARKET
9 : 33 : 2  =>  SENSEX2691074500PE {'code': 1101, 'message': 'Successfully placed order', 's': 'ok', 'id_fyers': '97f156cd-0b91-432d-8e1c-a92b75e6b2ca', 'id': '26090900039739'}
entryPrice== 230.05 Target = 126  BSE:SENSEX2691075100PE  SL = 334
9 : 33 : 2  =>  SELL   SENSEX2691075100PE   440   MARKET
9 : 33 : 2  =>  SENSEX2691075100PE {'code': 1101, 'message': 'Successfully placed order', 's': 'ok', 'id_fyers': '5af60c8d-4425-487f-80e6-4db167b18088', 'id': '26090900039748'}
Exit OID:  {'code': 1101, 'message': 'Successfully placed order', 's': 'ok', 'id_fyers': '5af60c8d-4425-487f-80e6-4db167b18088', 'id': '26090900039748'}   {'code': 1101, 'message': 'Successfully placed order', 's': 'ok', 'id_fyers': '97f156cd-0b91-432d-8e1c-a92b75e6b2ca', 'id': '26090900039739'}
after entry tradeATMOption = BSE:SENSEX2691075100PE
ENTRY_SL_TGT: spread= CREDIT  SL= 264.05  Target= 159.05  EntryPrem= 230.05  AnchorSrc= CANDLE_CLOSE  TrailTrigger= 43  SL_Source= OPTION_RANGE(median=20.15,SLx1.7,Tgtx3.5)  (iv_pts= 104  effective_sl= 34 )
09:34:00 In Trade ( CREDIT ). No Exit. ltp= 231.1  SL= 264.05  target= 159.05
09:35:00 In Trade ( CREDIT ). No Exit. ltp= 223.1  SL= 264.05  target= 159.05
09:36:01 In Trade ( CREDIT ). No Exit. ltp= 228.0  SL= 264.05  target= 159.05
09:37:00 In Trade ( CREDIT ). No Exit. ltp= 224.5  SL= 264.05  target= 159.05
09:39:01 In Trade ( CREDIT ). No Exit. ltp= 210.7  SL= 264.05  target= 159.05
09:40:00 In Trade ( CREDIT ). No Exit. ltp= 209.85  SL= 264.05  target= 159.05
09:41:00 In Trade ( CREDIT ). No Exit. ltp= 205.5  SL= 264.05  target= 159.05
09:42:01 In Trade ( CREDIT ). No Exit. ltp= 210.9  SL= 264.05  target= 159.05
09:43:00 In Trade ( CREDIT ). No Exit. ltp= 206.55  SL= 264.05  target= 159.05
09:44:01 In Trade ( CREDIT ). No Exit. ltp= 205.25  SL= 264.05  target= 159.05
09:45:01 In Trade ( CREDIT ). No Exit. ltp= 209.9  SL= 264.05  target= 159.05
09:46:00 In Trade ( CREDIT ). No Exit. ltp= 215.35  SL= 264.05  target= 159.05
09:47:01 In Trade ( CREDIT ). No Exit. ltp= 218.25  SL= 264.05  target= 159.05
09:48:00 In Trade ( CREDIT ). No Exit. ltp= 224.35  SL= 264.05  target= 159.05
09:50:01 In Trade ( CREDIT ). No Exit. ltp= 238.7  SL= 264.05  target= 159.05
09:51:00 In Trade ( CREDIT ). No Exit. ltp= 244.0  SL= 264.05  target= 159.05
09:52:01 In Trade ( CREDIT ). No Exit. ltp= 243.85  SL= 264.05  target= 159.05
09:53:01 In Trade ( CREDIT ). No Exit. ltp= 239.8  SL= 264.05  target= 159.05
09:54:00 In Trade ( CREDIT ). No Exit. ltp= 244.25  SL= 264.05  target= 159.05
09:55:01 In Trade ( CREDIT ). No Exit. ltp= 242.1  SL= 264.05  target= 159.05
09:56:00 In Trade ( CREDIT ). No Exit. ltp= 241.8  SL= 264.05  target= 159.05
09:57:00 In Trade ( CREDIT ). No Exit. ltp= 245.35  SL= 264.05  target= 159.05
09:58:01 In Trade ( CREDIT ). No Exit. ltp= 243.35  SL= 264.05  target= 159.05
09:59:00 In Trade ( CREDIT ). No Exit. ltp= 251.15  SL= 264.05  target= 159.05
10:00:01 In Trade ( CREDIT ). No Exit. ltp= 250.15  SL= 264.05  target= 159.05
10:01:01 In Trade ( CREDIT ). No Exit. ltp= 261.85  SL= 264.05  target= 159.05
LTP_SL_WATCH: ltp=264.7 SL=264.05 confirm=1/2
LTP_SL_WATCH: ltp=266.35 SL=264.05 confirm=1/2
LTP_SL_WATCH: ltp=264.65 SL=264.05 confirm=2/2
SL Hit (LTP)
slCount = 1
REALIZED_OFFSET: main 230.05->264.65 (moved 34.6) hedge 60.45->68.45 (moved 8.0) assumed_ratio=0.35555555555555557 realized_ratio=0.231
10 : 1 : 24  =>  BUY   SENSEX2691075100PE   440   MARKET
10 : 1 : 24  =>  SENSEX2691075100PE {'code': 1101, 'message': 'Successfully placed order', 's': 'ok', 'id_fyers': '2fc71a68-4181-46d1-bc91-2ce9da441371', 'id': '26090900078338'}
Exit main (BUY sold leg) OID:  {'code': 1101, 'message': 'Successfully placed order', 's': 'ok', 'id_fyers': '2fc71a68-4181-46d1-bc91-2ce9da441371', 'id': '26090900078338'}
10 : 1 : 25  =>  SELL   SENSEX2691074500PE   440   MARKET
10 : 1 : 25  =>  SENSEX2691074500PE {'code': 1101, 'message': 'Successfully placed order', 's': 'ok', 'id_fyers': 'f3fb2bc7-5796-42c3-87be-d93cf847128e', 'id': '26090900078355'}
Exit hedge (SELL bought leg) OID:  {'code': 1101, 'message': 'Successfully placed order', 's': 'ok', 'id_fyers': 'f3fb2bc7-5796-42c3-87be-d93cf847128e', 'id': '26090900078355'}
India VIX = 11.7  Spot Price = 74974.76
IV Regime = HIGH (ADAPTIVE: P25= 11.04  P50= 11.29  P75= 11.49 ) | DailyRange = 1253.1 | 3minCandleRange = 65.9 (theoretical= 109.9 ) | ATMoptionMove = 29.7 | SL = 104 | Target = 104 | TrailTrigger = 30 | Spread = 300 | Buffer = 53
IV Params refreshed: {'vix': 11.7, 'bn_price': 74974.76, 'regime': 'HIGH', 'regime_thresholds': 'P25=11.04 P50=11.29 P75=11.49', 'daily_range': 1253.1, 'candle_range': 65.9, 'atm_option_move': 29.7, 'sl_point': 104, 'target_point': 104, 'sl_pct_of_premium': 0.1, 'trail_trigger': 30, 'spread_width': 300, 'support_resistance_buffer': 53}
===
====after 3 min ochain==== 2026-09-09 10:03:00.000004
                                    oipcr   choipcr   CE_OI / PE_OI (same strike)
pcr1 =  BSE:SENSEX2691075800PE   0.13   -0.14 CALL added 1194060   PUT unwind -170240  CE_OI=2040180 PE_OI=271800
pcr2 =  BSE:SENSEX2691075700PE   0.11   -0.18 CALL added 1021000   PUT unwind -181860  CE_OI=1694080 PE_OI=192920
pcr3 =  BSE:SENSEX2691075600CE   0.15   -0.28 CALL added 1124380   PUT unwind -316880  CE_OI=1697980 PE_OI=259700
pcr4 =  BSE:SENSEX2691075500CE   0.17   -0.14 CALL added 2779140   PUT unwind -393680  CE_OI=3165420 PE_OI=531700
pcr5 =  BSE:SENSEX2691075400PE   0.2   -0.0 CALL added 1414620   PUT unwind -4400  CE_OI=1494720 PE_OI=303240
pcr6 =  BSE:SENSEX2691075300PE   0.32    0.11 CALL added 1776240   PUT added 189160  CE_OI=1818300 PE_OI=590720
pcr7 =  BSE:SENSEX2691075200PE   0.52   0.39 CALL added 2638320   PUT added 1040280  CE_OI=2679700 PE_OI=1394340
pcr8 =  BSE:SENSEX2691075100CE   0.64   0.55 CALL added 2310100   PUT added 1267420  CE_OI=2330700 PE_OI=1498580
pcr9 =  BSE:SENSEX2691075000PE   1.38   0.96 CALL added 2731680   PUT added 2631320  CE_OI=2810560 PE_OI=3888200
pcr10 =  BSE:SENSEX2691074900PE   3.57   2.74 CALL added 410420   PUT added 1125580  CE_OI=422280 PE_OI=1508720
pcr11 =  BSE:SENSEX2691074800PE   6.45   3.81 CALL added 260760   PUT added 992700  CE_OI=270360 PE_OI=1745040
pcr12 =  BSE:SENSEX2691074700CE   14.84   10.57 CALL added 90220   PUT added 953760  CE_OI=95380 PE_OI=1415340
pcr13 =  BSE:SENSEX2691074600PE   25.04   14.65 CALL added 44760   PUT added 655860  CE_OI=49220 PE_OI=1232360
pcr14 =  BSE:SENSEX2691074500PE   22.94   13.86 CALL added 106160   PUT added 1471780  CE_OI=114800 PE_OI=2633040
pcr15 =  BSE:SENSEX2691074400PE   150.53   114.6 CALL added 7660   PUT added 877860  CE_OI=7660 PE_OI=1153040
pcr16 =  BSE:SENSEX2691074300PE   200.92   147.01 CALL added 4980   PUT added 732120  CE_OI=4980 PE_OI=1000600
pcr17 =  BSE:SENSEX2691074200CE   254.11   159.68 CALL added 3520   PUT added 562080  CE_OI=3540 PE_OI=899540
PCRSUM== 682.02
pcrSummation== 52.96
VOLPCRSUM== 6.889999999999999
spotLTP =  74975.06  ATM_STRIKE =  75000
IS_ATM_STRIKE_SHIFT = False  mapStrike = {75000: 75000}
avgOiPcrList2 = [np.float64(40.12)] atmStrikeNotShiftedCount= 1
False   1   1
SUPP_RES=== 75000  Buffer= 53
ANCHOR_COMPARE: spot=74975.06 fut=75450.0 basis(fut-spot)=474.94 | SR_spot(PRIMARY)=75000 SR_future=75500 SR_diff(fut-spot)=500 | PCRwin_spot(PRIMARY)=75000 PCRwin_future=75400
CEoich val =  2731680.0  PEoich val =  2631320.0 , CE > PE by 3.7%
SUPP_RES TOTAL OI: CE= 2810560  PE= 3888200 , CE < PE by 27.7%
FUT_SUPP_RES=== 75500  (FUT_LTP= 75450.0 ) Buffer= 53
FUT CEoich val =  2779140.0  PEoich val =  -393680.0 , CE > PE by 114.2%
FUT_SUPP_RES TOTAL OI: CE= 3165420  PE= 531700 , CE > PE by 83.2%
OI_SUPP_RES: spot=74975.06 ATM=75000 (ATM_CE_OI=2810560 ATM_PE_OI=3888200) | SUPPORT=75000PE OI=3888200 (dist=0) | RESISTANCE=75500CE OI=3165420 (dist=500)
OI_SUPPORT=== 75000
OI_SUPPORT CEoich val = 2731680.0  PEoich val = 2631320.0 , CE > PE by 3.7%
OI_SUPPORT TOTAL OI: CE= 2810560  PE= 3888200 , CE < PE by 27.7%
OI_RESISTANCE=== 75500
OI_RESISTANCE CEoich val = 2779140.0  PEoich val = -393680.0 , CE > PE by 114.2%
OI_RESISTANCE TOTAL OI: CE= 3165420  PE= 531700 , CE > PE by 83.2%
IS_MORNING_WINDOW= False  (active 9:15-9:48 IST)
================================================
==== signal check time ==== 2026-09-09 10:03:00.644035
IS_CHOI_DIFF_GT_25PERC== False
RSI_VAL1== 20.74
RSI_VAL2== 20.74
FUT_3m_OHLC O= 75460.0  H= 75460.0  L= 75405.8  C= 75450.0  Range= 54.2
CHART_PATTERN_DETECTED: THREE_BLACK_CROWS | HAMMER
  PATTERN_CONTEXT: Body= -10.0  Range= 54.2  ExpectedRange= 65.9  RangeRatio= 0.82  O= 75460.0  H= 75460.0  L= 75405.8  C= 75450.0
newSynthFut =  75000
ATMStrike =  75000
AVG_OIPCR= 5.88
avgoiPCROld=  40.12
SUPP_RES = 75000
FUT LTP = 75450.0
CEchoi  PechOi = 2731680.0    2631320.0
====================================
AVG_VOLPCR= 0.77
atmPCR= 0.2  belowATM  0.32
atmVolPCR= 0.6  belowATM  0.65
False   75450.0   75000   False   False   20.74
India VIX = 11.72  Spot Price = 74969.13
IV Regime = HIGH (ADAPTIVE: P25= 11.04  P50= 11.29  P75= 11.49 ) | DailyRange = 1255.2 | 3minCandleRange = 66.1 (theoretical= 110.1 ) | ATMoptionMove = 29.7 | SL = 104 | Target = 104 | TrailTrigger = 30 | Spread = 300 | Buffer = 53
IV Params refreshed: {'vix': 11.72, 'bn_price': 74969.13, 'regime': 'HIGH', 'regime_thresholds': 'P25=11.04 P50=11.29 P75=11.49', 'daily_range': 1255.2, 'candle_range': 66.1, 'atm_option_move': 29.7, 'sl_point': 104, 'target_point': 104, 'sl_pct_of_premium': 0.1, 'trail_trigger': 30, 'spread_width': 300, 'support_resistance_buffer': 53}
===
====after 3 min ochain==== 2026-09-09 10:06:00.000002
                                    oipcr   choipcr   CE_OI / PE_OI (same strike)
pcr1 =  BSE:SENSEX2691075800PE   0.13   -0.14 CALL added 1194060   PUT unwind -171720  CE_OI=2040180 PE_OI=270320
pcr2 =  BSE:SENSEX2691075700PE   0.11   -0.17 CALL added 1050140   PUT unwind -183300  CE_OI=1723220 PE_OI=191480
pcr3 =  BSE:SENSEX2691075600CE   0.14   -0.26 CALL added 1245940   PUT unwind -319860  CE_OI=1819540 PE_OI=256720
pcr4 =  BSE:SENSEX2691075500CE   0.16   -0.15 CALL added 2790360   PUT unwind -404720  CE_OI=3176640 PE_OI=520660
pcr5 =  BSE:SENSEX2691075400PE   0.2   -0.0 CALL added 1446600   PUT unwind -4400  CE_OI=1526700 PE_OI=303240
pcr6 =  BSE:SENSEX2691075300PE   0.31    0.1 CALL added 1823720   PUT added 178920  CE_OI=1865780 PE_OI=580480
pcr7 =  BSE:SENSEX2691075200PE   0.5   0.38 CALL added 2770420   PUT added 1040280  CE_OI=2811800 PE_OI=1394340
pcr8 =  BSE:SENSEX2691075100CE   0.63   0.53 CALL added 2310100   PUT added 1229740  CE_OI=2330700 PE_OI=1460900
pcr9 =  BSE:SENSEX2691075000PE   1.33   0.93 CALL added 2840140   PUT added 2631320  CE_OI=2919020 PE_OI=3888200
pcr10 =  BSE:SENSEX2691074900PE   3.13   2.42 CALL added 488060   PUT added 1179520  CE_OI=499920 PE_OI=1562660
pcr11 =  BSE:SENSEX2691074800PE   5.82   3.31 CALL added 277500   PUT added 918740  CE_OI=287100 PE_OI=1671080
pcr12 =  BSE:SENSEX2691074700CE   13.6   9.66 CALL added 99300   PUT added 959320  CE_OI=104460 PE_OI=1420900
pcr13 =  BSE:SENSEX2691074600PE   22.98   13.44 CALL added 49660   PUT added 667300  CE_OI=54120 PE_OI=1243800
pcr14 =  BSE:SENSEX2691074500PE   22.76   13.85 CALL added 108160   PUT added 1497500  CE_OI=116800 PE_OI=2658760
pcr15 =  BSE:SENSEX2691074400PE   135.36   102.99 CALL added 8500   PUT added 875380  CE_OI=8500 PE_OI=1150560
pcr16 =  BSE:SENSEX2691074300PE   196.04   144.21 CALL added 5180   PUT added 747000  CE_OI=5180 PE_OI=1015480
pcr17 =  BSE:SENSEX2691074200CE   266.84   168.58 CALL added 3380   PUT added 569800  CE_OI=3400 PE_OI=907260
PCRSUM== 670.04
pcrSummation== 48.5
VOLPCRSUM== 6.790000000000001
spotLTP =  74969.13  ATM_STRIKE =  75000
IS_ATM_STRIKE_SHIFT = False  mapStrike = {75000: 75000}
avgOiPcrList2 = [np.float64(40.12), np.float64(39.41)] atmStrikeNotShiftedCount= 2
False   2   2
SUPP_RES=== 75000  Buffer= 53
ANCHOR_COMPARE: spot=74969.13 fut=75425.0 basis(fut-spot)=455.87 | SR_spot(PRIMARY)=75000 SR_future=75500 SR_diff(fut-spot)=500 | PCRwin_spot(PRIMARY)=75000 PCRwin_future=75400
CEoich val =  2840140.0  PEoich val =  2631320.0 , CE > PE by 7.4%
SUPP_RES TOTAL OI: CE= 2919020  PE= 3888200 , CE < PE by 24.9%
FUT_SUPP_RES=== 75500  (FUT_LTP= 75425.0 ) Buffer= 53
FUT CEoich val =  2790360.0  PEoich val =  -404720.0 , CE > PE by 114.5%
FUT_SUPP_RES TOTAL OI: CE= 3176640  PE= 520660 , CE > PE by 83.6%
OI_SUPP_RES: spot=74969.13 ATM=75000 (ATM_CE_OI=2919020 ATM_PE_OI=3888200) | SUPPORT=75000PE OI=3888200 (dist=0) | RESISTANCE=75500CE OI=3176640 (dist=500)
OI_SUPPORT=== 75000
OI_SUPPORT CEoich val = 2840140.0  PEoich val = 2631320.0 , CE > PE by 7.4%
OI_SUPPORT TOTAL OI: CE= 2919020  PE= 3888200 , CE < PE by 24.9%
OI_RESISTANCE=== 75500
OI_RESISTANCE CEoich val = 2790360.0  PEoich val = -404720.0 , CE > PE by 114.5%
OI_RESISTANCE TOTAL OI: CE= 3176640  PE= 520660 , CE > PE by 83.6%
IS_MORNING_WINDOW= False  (active 9:15-9:48 IST)
================================================
==== signal check time ==== 2026-09-09 10:06:00.620712
IS_CHOI_DIFF_GT_25PERC== False
RSI_VAL1== 19.57
RSI_VAL2== 19.57
FUT_3m_OHLC O= 75412.5  H= 75425.0  L= 75409.7  C= 75425.0  Range= 15.3
CHART_PATTERN_DETECTED: INSIDE_BAR | DOUBLE_TOP_FORMING | DOUBLE_BOTTOM_FORMING
  PATTERN_CONTEXT: Body= 12.5  Range= 15.3  ExpectedRange= 66.1  RangeRatio= 0.23  O= 75412.5  H= 75425.0  L= 75409.7  C= 75425.0
newSynthFut =  75000
ATMStrike =  75000
AVG_OIPCR= 5.39
avgoiPCROld=  39.41
SUPP_RES = 75000
FUT LTP = 75425.0
CEchoi  PechOi = 2840140.0    2631320.0
====================================
AVG_VOLPCR= 0.75
atmPCR= 0.2  belowATM  0.31
atmVolPCR= 0.6  belowATM  0.64
False   75425.0   75000   False   False   19.57
India VIX = 11.75  Spot Price = 74945.49
IV Regime = HIGH (ADAPTIVE: P25= 11.04  P50= 11.29  P75= 11.49 ) | DailyRange = 1258.0 | 3minCandleRange = 66.2 (theoretical= 110.3 ) | ATMoptionMove = 29.8 | SL = 104 | Target = 104 | TrailTrigger = 30 | Spread = 300 | Buffer = 53
IV Params refreshed: {'vix': 11.75, 'bn_price': 74945.49, 'regime': 'HIGH', 'regime_thresholds': 'P25=11.04 P50=11.29 P75=11.49', 'daily_range': 1258.0, 'candle_range': 66.2, 'atm_option_move': 29.8, 'sl_point': 104, 'target_point': 104, 'sl_pct_of_premium': 0.1, 'trail_trigger': 30, 'spread_width': 300, 'support_resistance_buffer': 53}
===
====after 3 min ochain==== 2026-09-09 10:09:00.000001
                                    oipcr   choipcr   CE_OI / PE_OI (same strike)
pcr1 =  BSE:SENSEX2691075700PE   0.11   -0.18 CALL added 1052500   PUT unwind -191000  CE_OI=1725580 PE_OI=183780
pcr2 =  BSE:SENSEX2691075600CE   0.13   -0.25 CALL added 1333000   PUT unwind -330560  CE_OI=1906600 PE_OI=246020
pcr3 =  BSE:SENSEX2691075500CE   0.15   -0.14 CALL added 2924400   PUT unwind -420040  CE_OI=3310680 PE_OI=505340
pcr4 =  BSE:SENSEX2691075400PE   0.18   -0.02 CALL added 1466640   PUT unwind -22780  CE_OI=1546740 PE_OI=284860
pcr5 =  BSE:SENSEX2691075300PE   0.29   0.08 CALL added 1832740   PUT added 144280  CE_OI=1874800 PE_OI=545840
pcr6 =  BSE:SENSEX2691075200PE   0.44    0.32 CALL added 2869940   PUT added 917100  CE_OI=2911320 PE_OI=1271160
pcr7 =  BSE:SENSEX2691075100CE   0.52   0.43 CALL added 2563820   PUT added 1110520  CE_OI=2584420 PE_OI=1341680
pcr8 =  BSE:SENSEX2691075000PE   1.2   0.81 CALL added 2964080   PUT added 2400340  CE_OI=3042960 PE_OI=3657220
pcr9 =  BSE:SENSEX2691074900PE   2.8   2.13 CALL added 522260   PUT added 1114360  CE_OI=534120 PE_OI=1497500
pcr10 =  BSE:SENSEX2691074800PE   5.28   2.9 CALL added 295380   PUT added 857700  CE_OI=304980 PE_OI=1610040
pcr11 =  BSE:SENSEX2691074700CE   12.38   8.64 CALL added 106360   PUT added 918840  CE_OI=111520 PE_OI=1380420
pcr12 =  BSE:SENSEX2691074600PE   19.27   10.94 CALL added 58840   PUT added 643580  CE_OI=63300 PE_OI=1220080
pcr13 =  BSE:SENSEX2691074500PE   19.66   11.82 CALL added 126440   PUT added 1495000  CE_OI=135080 PE_OI=2656260
pcr14 =  BSE:SENSEX2691074400PE   112.33   85.61 CALL added 10300   PUT added 881820  CE_OI=10300 PE_OI=1157000
pcr15 =  BSE:SENSEX2691074300PE   180.31   132.53 CALL added 5620   PUT added 744840  CE_OI=5620 PE_OI=1013320
pcr16 =  BSE:SENSEX2691074200CE   248.55   157.2 CALL added 3640   PUT added 572220  CE_OI=3660 PE_OI=909680
pcr17 =  BSE:SENSEX2691074100CE   620.95   384.37 CALL added 760   PUT added 292120  CE_OI=760 PE_OI=471920
PCRSUM== 1224.55
pcrSummation== 61.84
VOLPCRSUM== 11.77
spotLTP =  74945.49  ATM_STRIKE =  74900
IS_ATM_STRIKE_SHIFT = True  mapStrike = {74900: 74900}
avgOiPcrList2 = [np.float64(72.03)] atmStrikeNotShiftedCount= 1
True   1   1
SUPP_RES=== 75000  Buffer= 53
ANCHOR_COMPARE: spot=74945.49 fut=75430.0 basis(fut-spot)=484.51 | SR_spot(PRIMARY)=75000 SR_future=75500 SR_diff(fut-spot)=500 | PCRwin_spot(PRIMARY)=74900 PCRwin_future=75400
CEoich val =  2964080.0  PEoich val =  2400340.0 , CE > PE by 19.0%
SUPP_RES TOTAL OI: CE= 3042960  PE= 3657220 , CE < PE by 16.8%
FUT_SUPP_RES=== 75500  (FUT_LTP= 75430.0 ) Buffer= 53
FUT CEoich val =  2924400.0  PEoich val =  -420040.0 , CE > PE by 114.4%
FUT_SUPP_RES TOTAL OI: CE= 3310680  PE= 505340 , CE > PE by 84.7%
OI_SUPP_RES: spot=74945.49 ATM=74900 (ATM_CE_OI=534120 ATM_PE_OI=1497500) | SUPPORT=75000PE OI=3657220 (dist=100) | RESISTANCE=75500CE OI=3310680 (dist=600)
OI_SUPPORT=== 75000
OI_SUPPORT CEoich val = 2964080.0  PEoich val = 2400340.0 , CE > PE by 19.0%
OI_SUPPORT TOTAL OI: CE= 3042960  PE= 3657220 , CE < PE by 16.8%
OI_RESISTANCE=== 75500
OI_RESISTANCE CEoich val = 2924400.0  PEoich val = -420040.0 , CE > PE by 114.4%
OI_RESISTANCE TOTAL OI: CE= 3310680  PE= 505340 , CE > PE by 84.7%
IS_MORNING_WINDOW= False  (active 9:15-9:48 IST)
================================================
==== signal check time ==== 2026-09-09 10:09:00.612022
IS_CHOI_DIFF_GT_25PERC== False
RSI_VAL1== 20.54
RSI_VAL2== 20.54
FUT_3m_OHLC O= 75425.0  H= 75439.3  L= 75425.0  C= 75430.0  Range= 14.3
CHART_PATTERN_DETECTED: DOUBLE_BOTTOM_FORMING
  PATTERN_CONTEXT: Body= 5.0  Range= 14.3  ExpectedRange= 66.2  RangeRatio= 0.22  O= 75425.0  H= 75439.3  L= 75425.0  C= 75430.0
newSynthFut =  74900
ATMStrike =  74900
AVG_OIPCR= 6.87
avgoiPCROld=  72.03
SUPP_RES = 75000
FUT LTP = 75430.0
CEchoi  PechOi = 2964080.0    2400340.0
====================================
AVG_VOLPCR= 1.31
atmPCR= 0.29  belowATM  0.44
atmVolPCR= 0.64  belowATM  0.97
False   75430.0   75000   False   False   20.54
India VIX = 11.78  Spot Price = 74938.95
IV Regime = HIGH (ADAPTIVE: P25= 11.04  P50= 11.29  P75= 11.49 ) | DailyRange = 1261.1 | 3minCandleRange = 66.4 (theoretical= 110.6 ) | ATMoptionMove = 29.9 | SL = 105 | Target = 105 | TrailTrigger = 30 | Spread = 300 | Buffer = 53
IV Params refreshed: {'vix': 11.78, 'bn_price': 74938.95, 'regime': 'HIGH', 'regime_thresholds': 'P25=11.04 P50=11.29 P75=11.49', 'daily_range': 1261.1, 'candle_range': 66.4, 'atm_option_move': 29.9, 'sl_point': 105, 'target_point': 105, 'sl_pct_of_premium': 0.1, 'trail_trigger': 30, 'spread_width': 300, 'support_resistance_buffer': 53}
===
====after 3 min ochain==== 2026-09-09 10:12:00.000001
                                    oipcr   choipcr   CE_OI / PE_OI (same strike)
pcr1 =  BSE:SENSEX2691075700PE   0.1   -0.18 CALL added 1071820   PUT unwind -192920  CE_OI=1744900 PE_OI=181860
pcr2 =  BSE:SENSEX2691075600CE   0.13   -0.25 CALL added 1355380   PUT unwind -332140  CE_OI=1928980 PE_OI=244440
pcr3 =  BSE:SENSEX2691075500CE   0.15   -0.14 CALL added 2952700   PUT unwind -413820  CE_OI=3338980 PE_OI=511560
pcr4 =  BSE:SENSEX2691075400PE   0.2   0.01 CALL added 1498860   PUT added 9380  CE_OI=1578960 PE_OI=317020
pcr5 =  BSE:SENSEX2691075300PE   0.29   0.09 CALL added 1891460   PUT added 165220  CE_OI=1933520 PE_OI=566780
pcr6 =  BSE:SENSEX2691075200PE   0.42    0.31 CALL added 2938040   PUT added 899260  CE_OI=2979420 PE_OI=1253320
pcr7 =  BSE:SENSEX2691075100CE   0.52   0.43 CALL added 2599800   PUT added 1126720  CE_OI=2620400 PE_OI=1357880
pcr8 =  BSE:SENSEX2691075000PE   1.13   0.77 CALL added 3212360   PUT added 2458720  CE_OI=3291240 PE_OI=3715600
pcr9 =  BSE:SENSEX2691074900PE   2.62   2.03 CALL added 595380   PUT added 1208880  CE_OI=607240 PE_OI=1592020
pcr10 =  BSE:SENSEX2691074800PE   5.21   2.94 CALL added 309760   PUT added 911740  CE_OI=319360 PE_OI=1664080
pcr11 =  BSE:SENSEX2691074700CE   11.74   8.26 CALL added 115140   PUT added 950820  CE_OI=120300 PE_OI=1412400
pcr12 =  BSE:SENSEX2691074600PE   18.32   10.55 CALL added 63660   PUT added 671520  CE_OI=68120 PE_OI=1248020
pcr13 =  BSE:SENSEX2691074500PE   17.19   10.33 CALL added 147600   PUT added 1524080  CE_OI=156240 PE_OI=2685340
pcr14 =  BSE:SENSEX2691074400PE   108.73   82.63 CALL added 10540   PUT added 870880  CE_OI=10540 PE_OI=1146060
pcr15 =  BSE:SENSEX2691074300PE   181.78   134.35 CALL added 5660   PUT added 760400  CE_OI=5660 PE_OI=1028880
pcr16 =  BSE:SENSEX2691074200CE   245.07   155.67 CALL added 3720   PUT added 579100  CE_OI=3740 PE_OI=916560
pcr17 =  BSE:SENSEX2691074100CE   619.64   389.13 CALL added 780   PUT added 303520  CE_OI=780 PE_OI=483320
PCRSUM== 1213.24
pcrSummation== 57.44
VOLPCRSUM== 11.75
spotLTP =  74938.95  ATM_STRIKE =  74900
IS_ATM_STRIKE_SHIFT = False  mapStrike = {74900: 74900}
avgOiPcrList2 = [np.float64(72.03), np.float64(71.37)] atmStrikeNotShiftedCount= 2
False   2   2
SUPP_RES=== 75000  Buffer= 53
ANCHOR_COMPARE: spot=74938.95 fut=75425.0 basis(fut-spot)=486.05 | SR_spot(PRIMARY)=75000 SR_future=75500 SR_diff(fut-spot)=500 | PCRwin_spot(PRIMARY)=74900 PCRwin_future=75400
CEoich val =  3212360.0  PEoich val =  2458720.0 , CE > PE by 23.5%
SUPP_RES TOTAL OI: CE= 3291240  PE= 3715600 , CE < PE by 11.4%
FUT_SUPP_RES=== 75500  (FUT_LTP= 75425.0 ) Buffer= 53
FUT CEoich val =  2952700.0  PEoich val =  -413820.0 , CE > PE by 114.0%
FUT_SUPP_RES TOTAL OI: CE= 3338980  PE= 511560 , CE > PE by 84.7%
OI_SUPP_RES: spot=74938.95 ATM=74900 (ATM_CE_OI=607240 ATM_PE_OI=1592020) | SUPPORT=75000PE OI=3715600 (dist=100) | RESISTANCE=75500CE OI=3338980 (dist=600)
OI_SUPPORT=== 75000
OI_SUPPORT CEoich val = 3212360.0  PEoich val = 2458720.0 , CE > PE by 23.5%
OI_SUPPORT TOTAL OI: CE= 3291240  PE= 3715600 , CE < PE by 11.4%
OI_RESISTANCE=== 75500
OI_RESISTANCE CEoich val = 2952700.0  PEoich val = -413820.0 , CE > PE by 114.0%
OI_RESISTANCE TOTAL OI: CE= 3338980  PE= 511560 , CE > PE by 84.7%
IS_MORNING_WINDOW= False  (active 9:15-9:48 IST)
================================================
==== signal check time ==== 2026-09-09 10:12:00.618148
IS_CHOI_DIFF_GT_25PERC== False
RSI_VAL1== 20.27
RSI_VAL2== 20.27
FUT_3m_OHLC O= 75440.0  H= 75440.0  L= 75425.0  C= 75425.0  Range= 15.0
CHART_PATTERN_DETECTED: BEARISH_ENGULFING | DOUBLE_TOP_FORMING | DOUBLE_BOTTOM_FORMING
  PATTERN_CONTEXT: Body= -15.0  Range= 15.0  ExpectedRange= 66.4  RangeRatio= 0.23  O= 75440.0  H= 75440.0  L= 75425.0  C= 75425.0
newSynthFut =  74900
ATMStrike =  74900
AVG_OIPCR= 6.38
avgoiPCROld=  71.37
SUPP_RES = 75000
FUT LTP = 75425.0
CEchoi  PechOi = 3212360.0    2458720.0
====================================
AVG_VOLPCR= 1.31
atmPCR= 0.29  belowATM  0.42
atmVolPCR= 0.65  belowATM  0.97
False   75425.0   75000   False   False   20.27
India VIX = 11.79  Spot Price = 74970.11
IV Regime = HIGH (ADAPTIVE: P25= 11.04  P50= 11.29  P75= 11.49 ) | DailyRange = 1262.7 | 3minCandleRange = 66.4 (theoretical= 110.7 ) | ATMoptionMove = 29.9 | SL = 105 | Target = 105 | TrailTrigger = 30 | Spread = 300 | Buffer = 53
IV Params refreshed: {'vix': 11.79, 'bn_price': 74970.11, 'regime': 'HIGH', 'regime_thresholds': 'P25=11.04 P50=11.29 P75=11.49', 'daily_range': 1262.7, 'candle_range': 66.4, 'atm_option_move': 29.9, 'sl_point': 105, 'target_point': 105, 'sl_pct_of_premium': 0.1, 'trail_trigger': 30, 'spread_width': 300, 'support_resistance_buffer': 53}
===
====after 3 min ochain==== 2026-09-09 10:15:00.000004
                                    oipcr   choipcr   CE_OI / PE_OI (same strike)
pcr1 =  BSE:SENSEX2691075800PE   0.13   -0.15 CALL added 1158660   PUT unwind -174360  CE_OI=2004780 PE_OI=267680
pcr2 =  BSE:SENSEX2691075700PE   0.1   -0.18 CALL added 1094740   PUT unwind -194820  CE_OI=1767820 PE_OI=179960
pcr3 =  BSE:SENSEX2691075600CE   0.12   -0.25 CALL added 1364060   PUT unwind -342440  CE_OI=1937660 PE_OI=234140
pcr4 =  BSE:SENSEX2691075500CE   0.15   -0.15 CALL added 2900640   PUT unwind -426860  CE_OI=3286920 PE_OI=498520
pcr5 =  BSE:SENSEX2691075400PE   0.18   -0.01 CALL added 1534540   PUT unwind -18120  CE_OI=1614640 PE_OI=289520
pcr6 =  BSE:SENSEX2691075300PE   0.3    0.1 CALL added 1926500   PUT added 188180  CE_OI=1968560 PE_OI=589740
pcr7 =  BSE:SENSEX2691075200PE   0.38   0.27 CALL added 2964540   PUT added 791300  CE_OI=3005920 PE_OI=1145360
pcr8 =  BSE:SENSEX2691075100CE   0.49   0.41 CALL added 2610260   PUT added 1063880  CE_OI=2630860 PE_OI=1295040
pcr9 =  BSE:SENSEX2691075000PE   1.08   0.73 CALL added 3300080   PUT added 2405800  CE_OI=3378960 PE_OI=3662680
pcr10 =  BSE:SENSEX2691074900PE   2.6   2.04 CALL added 627520   PUT added 1280340  CE_OI=639380 PE_OI=1663480
pcr11 =  BSE:SENSEX2691074800PE   5.02   2.81 CALL added 319440   PUT added 898320  CE_OI=329040 PE_OI=1650660
pcr12 =  BSE:SENSEX2691074700CE   11.22   7.86 CALL added 120280   PUT added 945800  CE_OI=125440 PE_OI=1407380
pcr13 =  BSE:SENSEX2691074600PE   17.18   9.84 CALL added 68140   PUT added 670740  CE_OI=72600 PE_OI=1247240
pcr14 =  BSE:SENSEX2691074500PE   16.06   9.58 CALL added 157660   PUT added 1509860  CE_OI=166300 PE_OI=2671120
pcr15 =  BSE:SENSEX2691074400PE   100.28   76.4 CALL added 11520   PUT added 880100  CE_OI=11520 PE_OI=1155280
pcr16 =  BSE:SENSEX2691074300PE   174.85   129.81 CALL added 5960   PUT added 773640  CE_OI=5960 PE_OI=1042120
pcr17 =  BSE:SENSEX2691074200CE   227.88   145.06 CALL added 4020   PUT added 583160  CE_OI=4040 PE_OI=920620
PCRSUM== 558.02
pcrSummation== 38.45
VOLPCRSUM== 6.7299999999999995
spotLTP =  74970.11  ATM_STRIKE =  75000
IS_ATM_STRIKE_SHIFT = True  mapStrike = {75000: 75000}
avgOiPcrList2 = [np.float64(32.82)] atmStrikeNotShiftedCount= 1
True   1   1
SUPP_RES=== 75000  Buffer= 53
ANCHOR_COMPARE: spot=74970.11 fut=75466.6 basis(fut-spot)=496.49 | SR_spot(PRIMARY)=75000 SR_future=75500 SR_diff(fut-spot)=500 | PCRwin_spot(PRIMARY)=75000 PCRwin_future=75500
CEoich val =  3300080.0  PEoich val =  2405800.0 , CE > PE by 27.1%
SUPP_RES TOTAL OI: CE= 3378960  PE= 3662680 , CE < PE by 7.7%
FUT_SUPP_RES=== 75500  (FUT_LTP= 75466.6 ) Buffer= 53
FUT CEoich val =  2900640.0  PEoich val =  -426860.0 , CE > PE by 114.7%
FUT_SUPP_RES TOTAL OI: CE= 3286920  PE= 498520 , CE > PE by 84.8%
OI_SUPP_RES: spot=74970.11 ATM=75000 (ATM_CE_OI=3378960 ATM_PE_OI=3662680) | SUPPORT=75000PE OI=3662680 (dist=0) | RESISTANCE=75000CE OI=3378960 (dist=0) | SAME_STRIKE_PIN (support==resistance, trade the side whose wall breaks)
OI_SUPPORT=== 75000
OI_SUPPORT CEoich val = 3300080.0  PEoich val = 2405800.0 , CE > PE by 27.1%
OI_SUPPORT TOTAL OI: CE= 3378960  PE= 3662680 , CE < PE by 7.7%
OI_RESISTANCE=== 75000
OI_RESISTANCE CEoich val = 3300080.0  PEoich val = 2405800.0 , CE > PE by 27.1%
OI_RESISTANCE TOTAL OI: CE= 3378960  PE= 3662680 , CE < PE by 7.7%
IS_MORNING_WINDOW= False  (active 9:15-9:48 IST)
================================================
==== signal check time ==== 2026-09-09 10:15:00.618646
IS_CHOI_DIFF_GT_25PERC== True
RSI_VAL1== 28.48
RSI_VAL2== 28.48
FUT_3m_OHLC O= 75425.0  H= 75466.6  L= 75425.0  C= 75466.6  Range= 41.6
CHART_PATTERN_DETECTED: BULLISH_ENGULFING | DOUBLE_BOTTOM_FORMING
  PATTERN_CONTEXT: Body= 41.6  Range= 41.6  ExpectedRange= 66.4  RangeRatio= 0.63  O= 75425.0  H= 75466.6  L= 75425.0  C= 75466.6
newSynthFut =  75000
ATMStrike =  75000
AVG_OIPCR= 4.27
avgoiPCROld=  32.82
SUPP_RES = 75000
FUT LTP = 75466.6
CEchoi  PechOi = 3300080.0    2405800.0
====================================
AVG_VOLPCR= 0.75
atmPCR= 0.18  belowATM  0.3
atmVolPCR= 0.6  belowATM  0.65
True   75466.6   75000   False   False   28.48
India VIX = 11.72  Spot Price = 75018.77
IV Regime = HIGH (ADAPTIVE: P25= 11.04  P50= 11.29  P75= 11.49 ) | DailyRange = 1256.0 | 3minCandleRange = 66.1 (theoretical= 110.2 ) | ATMoptionMove = 29.7 | SL = 104 | Target = 104 | TrailTrigger = 30 | Spread = 300 | Buffer = 53
IV Params refreshed: {'vix': 11.72, 'bn_price': 75018.77, 'regime': 'HIGH', 'regime_thresholds': 'P25=11.04 P50=11.29 P75=11.49', 'daily_range': 1256.0, 'candle_range': 66.1, 'atm_option_move': 29.7, 'sl_point': 104, 'target_point': 104, 'sl_pct_of_premium': 0.1, 'trail_trigger': 30, 'spread_width': 300, 'support_resistance_buffer': 53}
===
====after 3 min ochain==== 2026-09-09 10:18:00.000001
                                    oipcr   choipcr   CE_OI / PE_OI (same strike)
pcr1 =  BSE:SENSEX2691075800PE   0.13   -0.15 CALL added 1156380   PUT unwind -174500  CE_OI=2002500 PE_OI=267540
pcr2 =  BSE:SENSEX2691075700PE   0.1   -0.18 CALL added 1085200   PUT unwind -194080  CE_OI=1758280 PE_OI=180700
pcr3 =  BSE:SENSEX2691075600CE   0.12   -0.26 CALL added 1371320   PUT unwind -349800  CE_OI=1944920 PE_OI=226780
pcr4 =  BSE:SENSEX2691075500CE   0.15   -0.14 CALL added 2954180   PUT unwind -425400  CE_OI=3340460 PE_OI=499980
pcr5 =  BSE:SENSEX2691075400PE   0.18   -0.01 CALL added 1570440   PUT unwind -8760  CE_OI=1650540 PE_OI=298880
pcr6 =  BSE:SENSEX2691075300PE   0.29    0.1 CALL added 1978600   PUT added 188400  CE_OI=2020660 PE_OI=589960
pcr7 =  BSE:SENSEX2691075200PE   0.38   0.27 CALL added 3028740   PUT added 825080  CE_OI=3070120 PE_OI=1179140
pcr8 =  BSE:SENSEX2691075100CE   0.5   0.42 CALL added 2639260   PUT added 1106180  CE_OI=2659860 PE_OI=1337340
pcr9 =  BSE:SENSEX2691075000PE   1.08   0.73 CALL added 3354460   PUT added 2445720  CE_OI=3433340 PE_OI=3702600
pcr10 =  BSE:SENSEX2691074900PE   2.66   2.11 CALL added 641720   PUT added 1355780  CE_OI=653580 PE_OI=1738920
pcr11 =  BSE:SENSEX2691074800PE   5.24   3.01 CALL added 315240   PUT added 949580  CE_OI=324840 PE_OI=1701920
pcr12 =  BSE:SENSEX2691074700CE   11.74   8.34 CALL added 117820   PUT added 982260  CE_OI=122980 PE_OI=1443840
pcr13 =  BSE:SENSEX2691074600PE   17.36   10.18 CALL added 69560   PUT added 708360  CE_OI=74020 PE_OI=1284860
pcr14 =  BSE:SENSEX2691074500PE   17.09   10.37 CALL added 150800   PUT added 1563820  CE_OI=159440 PE_OI=2725080
pcr15 =  BSE:SENSEX2691074400PE   105.84   81.36 CALL added 11240   PUT added 914440  CE_OI=11240 PE_OI=1189620
pcr16 =  BSE:SENSEX2691074300PE   173.7   128.51 CALL added 5940   PUT added 763320  CE_OI=5940 PE_OI=1031800
pcr17 =  BSE:SENSEX2691074200CE   236.86   153.68 CALL added 4000   PUT added 614720  CE_OI=4020 PE_OI=952180
PCRSUM== 573.42
pcrSummation== 39.43
VOLPCRSUM== 6.609999999999999
spotLTP =  75018.72  ATM_STRIKE =  75000
IS_ATM_STRIKE_SHIFT = False  mapStrike = {75000: 75000}
avgOiPcrList2 = [np.float64(32.82), np.float64(33.73)] atmStrikeNotShiftedCount= 2
False   2   2
SUPP_RES=== 75000  Buffer= 53
ANCHOR_COMPARE: spot=75018.72 fut=75478.0 basis(fut-spot)=459.28 | SR_spot(PRIMARY)=75000 SR_future=75500 SR_diff(fut-spot)=500 | PCRwin_spot(PRIMARY)=75000 PCRwin_future=75500
CEoich val =  3354460.0  PEoich val =  2445720.0 , CE > PE by 27.1%
SUPP_RES TOTAL OI: CE= 3433340  PE= 3702600 , CE < PE by 7.3%
FUT_SUPP_RES=== 75500  (FUT_LTP= 75478.0 ) Buffer= 53
FUT CEoich val =  2954180.0  PEoich val =  -425400.0 , CE > PE by 114.4%
FUT_SUPP_RES TOTAL OI: CE= 3340460  PE= 499980 , CE > PE by 85.0%
OI_SUPP_RES: spot=75018.72 ATM=75000 (ATM_CE_OI=3433340 ATM_PE_OI=3702600) | SUPPORT=75000PE OI=3702600 (dist=0) | RESISTANCE=75000CE OI=3433340 (dist=0) | SAME_STRIKE_PIN (support==resistance, trade the side whose wall breaks)
OI_SUPPORT=== 75000
OI_SUPPORT CEoich val = 3354460.0  PEoich val = 2445720.0 , CE > PE by 27.1%
OI_SUPPORT TOTAL OI: CE= 3433340  PE= 3702600 , CE < PE by 7.3%
OI_RESISTANCE=== 75000
OI_RESISTANCE CEoich val = 3354460.0  PEoich val = 2445720.0 , CE > PE by 27.1%
OI_RESISTANCE TOTAL OI: CE= 3433340  PE= 3702600 , CE < PE by 7.3%
IS_MORNING_WINDOW= False  (active 9:15-9:48 IST)
================================================
==== signal check time ==== 2026-09-09 10:18:00.623097
IS_CHOI_DIFF_GT_25PERC== True
RSI_VAL1== 30.58
RSI_VAL2== 30.58
FUT_3m_OHLC O= 75470.0  H= 75478.0  L= 75428.0  C= 75478.0  Range= 50.0
CHART_PATTERN_DETECTED: HAMMER | DOUBLE_TOP_FORMING | DOUBLE_BOTTOM_FORMING
  PATTERN_CONTEXT: Body= 8.0  Range= 50.0  ExpectedRange= 66.1  RangeRatio= 0.76  O= 75470.0  H= 75478.0  L= 75428.0  C= 75478.0
newSynthFut =  75000
ATMStrike =  75000
AVG_OIPCR= 4.38
avgoiPCROld=  33.73
SUPP_RES = 75000
FUT LTP = 75478.0
CEchoi  PechOi = 3354460.0    2445720.0
====================================
AVG_VOLPCR= 0.73
atmPCR= 0.18  belowATM  0.29
atmVolPCR= 0.6  belowATM  0.64
True   75478.0   75000   False   False   30.58
India VIX = 11.65  Spot Price = 75088.96
IV Regime = HIGH (ADAPTIVE: P25= 11.04  P50= 11.29  P75= 11.49 ) | DailyRange = 1249.7 | 3minCandleRange = 65.8 (theoretical= 109.6 ) | ATMoptionMove = 29.6 | SL = 104 | Target = 104 | TrailTrigger = 30 | Spread = 300 | Buffer = 53
IV Params refreshed: {'vix': 11.65, 'bn_price': 75088.96, 'regime': 'HIGH', 'regime_thresholds': 'P25=11.04 P50=11.29 P75=11.49', 'daily_range': 1249.7, 'candle_range': 65.8, 'atm_option_move': 29.6, 'sl_point': 104, 'target_point': 104, 'sl_pct_of_premium': 0.1, 'trail_trigger': 30, 'spread_width': 300, 'support_resistance_buffer': 53}
===
====after 3 min ochain==== 2026-09-09 10:21:00.000373
                                    oipcr   choipcr   CE_OI / PE_OI (same strike)
pcr1 =  BSE:SENSEX2691075900CE   0.15   -0.2 CALL added 520660   PUT unwind -102960  CE_OI=1199120 PE_OI=178160
pcr2 =  BSE:SENSEX2691075800PE   0.13   -0.15 CALL added 1162980   PUT unwind -179540  CE_OI=2009100 PE_OI=262500
pcr3 =  BSE:SENSEX2691075700PE   0.1   -0.18 CALL added 1091860   PUT unwind -195180  CE_OI=1764940 PE_OI=179600
pcr4 =  BSE:SENSEX2691075600CE   0.11   -0.25 CALL added 1388600   PUT unwind -351060  CE_OI=1962200 PE_OI=225520
pcr5 =  BSE:SENSEX2691075500CE   0.15   -0.15 CALL added 2911440   PUT unwind -429400  CE_OI=3297720 PE_OI=495980
pcr6 =  BSE:SENSEX2691075400PE   0.18    -0.01 CALL added 1572240   PUT unwind -18200  CE_OI=1652340 PE_OI=289440
pcr7 =  BSE:SENSEX2691075300PE   0.29   0.1 CALL added 1957040   PUT added 186340  CE_OI=1999100 PE_OI=587900
pcr8 =  BSE:SENSEX2691075200PE   0.4   0.29 CALL added 2962220   PUT added 850360  CE_OI=3003600 PE_OI=1204420
pcr9 =  BSE:SENSEX2691075100CE   0.53   0.45 CALL added 2619880   PUT added 1174140  CE_OI=2640480 PE_OI=1405300
pcr10 =  BSE:SENSEX2691075000PE   1.13   0.77 CALL added 3249060   PUT added 2496720  CE_OI=3327940 PE_OI=3753600
pcr11 =  BSE:SENSEX2691074900PE   2.96   2.37 CALL added 589680   PUT added 1397140  CE_OI=601540 PE_OI=1780280
pcr12 =  BSE:SENSEX2691074800PE   5.89   3.4 CALL added 279960   PUT added 953020  CE_OI=289560 PE_OI=1705360
pcr13 =  BSE:SENSEX2691074700CE   12.98   9.31 CALL added 107380   PUT added 999540  CE_OI=112540 PE_OI=1461120
pcr14 =  BSE:SENSEX2691074600PE   19.66   11.77 CALL added 61940   PUT added 729120  CE_OI=66400 PE_OI=1305620
pcr15 =  BSE:SENSEX2691074500PE   18.34   11.23 CALL added 141000   PUT added 1583600  CE_OI=149640 PE_OI=2744860
pcr16 =  BSE:SENSEX2691074400PE   126.12   97.22 CALL added 9520   PUT added 925520  CE_OI=9520 PE_OI=1200700
pcr17 =  BSE:SENSEX2691074300PE   206.12   152.64 CALL added 5020   PUT added 766240  CE_OI=5020 PE_OI=1034720
PCRSUM== 395.24
pcrSummation== 24.51
VOLPCRSUM== 4.180000000000001
spotLTP =  75092.82  ATM_STRIKE =  75100
IS_ATM_STRIKE_SHIFT = True  mapStrike = {75100: 75100}
avgOiPcrList2 = [np.float64(23.25)] atmStrikeNotShiftedCount= 1
True   1   1
SUPP_RES=== 75000  Buffer= 53
ANCHOR_COMPARE: spot=75092.82 fut=75520.0 basis(fut-spot)=427.18 | SR_spot(PRIMARY)=75000 SR_future=75500 SR_diff(fut-spot)=500 | PCRwin_spot(PRIMARY)=75100 PCRwin_future=75500
CEoich val =  3249060.0  PEoich val =  2496720.0 , CE > PE by 23.2%
SUPP_RES TOTAL OI: CE= 3327940  PE= 3753600 , CE < PE by 11.3%
FUT_SUPP_RES=== 75500  (FUT_LTP= 75520.0 ) Buffer= 53
FUT CEoich val =  2911440.0  PEoich val =  -429400.0 , CE > PE by 114.7%
FUT_SUPP_RES TOTAL OI: CE= 3297720  PE= 495980 , CE > PE by 85.0%
OI_SUPP_RES: spot=75092.82 ATM=75100 (ATM_CE_OI=2640480 ATM_PE_OI=1405300) | SUPPORT=75000PE OI=3753600 (dist=-100) | RESISTANCE=75000CE OI=3327940 (dist=-100) | SAME_STRIKE_PIN (support==resistance, trade the side whose wall breaks)
OI_SUPPORT=== 75000
OI_SUPPORT CEoich val = 3249060.0  PEoich val = 2496720.0 , CE > PE by 23.2%
OI_SUPPORT TOTAL OI: CE= 3327940  PE= 3753600 , CE < PE by 11.3%
OI_RESISTANCE=== 75000
OI_RESISTANCE CEoich val = 3249060.0  PEoich val = 2496720.0 , CE > PE by 23.2%
OI_RESISTANCE TOTAL OI: CE= 3327940  PE= 3753600 , CE < PE by 11.3%
IS_MORNING_WINDOW= False  (active 9:15-9:48 IST)
================================================
==== signal check time ==== 2026-09-09 10:21:00.663098
IS_CHOI_DIFF_GT_25PERC== False
RSI_VAL1== 37.85
RSI_VAL2== 37.85
FUT_3m_OHLC O= 75480.0  H= 75520.0  L= 75480.0  C= 75520.0  Range= 40.0
CHART_PATTERN_DETECTED: THREE_WHITE_SOLDIERS | DOUBLE_BOTTOM_FORMING
  PATTERN_CONTEXT: Body= 40.0  Range= 40.0  ExpectedRange= 65.8  RangeRatio= 0.61  O= 75480.0  H= 75520.0  L= 75480.0  C= 75520.0
newSynthFut =  75100
ATMStrike =  75100
AVG_OIPCR= 2.72
avgoiPCROld=  23.25
SUPP_RES = 75000
FUT LTP = 75520.0
CEchoi  PechOi = 3249060.0    2496720.0
====================================
AVG_VOLPCR= 0.46
atmPCR= 0.15  belowATM  0.18
atmVolPCR= 0.28  belowATM  0.58
False   75520.0   75000   False   False   37.85
India VIX = 11.64  Spot Price = 75108.19
IV Regime = HIGH (ADAPTIVE: P25= 11.04  P50= 11.29  P75= 11.49 ) | DailyRange = 1248.9 | 3minCandleRange = 65.7 (theoretical= 109.5 ) | ATMoptionMove = 29.6 | SL = 104 | Target = 104 | TrailTrigger = 30 | Spread = 300 | Buffer = 53
IV Params refreshed: {'vix': 11.64, 'bn_price': 75108.19, 'regime': 'HIGH', 'regime_thresholds': 'P25=11.04 P50=11.29 P75=11.49', 'daily_range': 1248.9, 'candle_range': 65.7, 'atm_option_move': 29.6, 'sl_point': 104, 'target_point': 104, 'sl_pct_of_premium': 0.1, 'trail_trigger': 30, 'spread_width': 300, 'support_resistance_buffer': 53}
===
====after 3 min ochain==== 2026-09-09 10:24:00.000002
                                    oipcr   choipcr   CE_OI / PE_OI (same strike)
pcr1 =  BSE:SENSEX2691075900CE   0.15   -0.22 CALL added 485480   PUT unwind -105720  CE_OI=1163940 PE_OI=175400
pcr2 =  BSE:SENSEX2691075800PE   0.12   -0.29 CALL added 844900   PUT unwind -244300  CE_OI=1691020 PE_OI=197740
pcr3 =  BSE:SENSEX2691075700PE   0.11   -0.18 CALL added 1051640   PUT unwind -188980  CE_OI=1724720 PE_OI=185800
pcr4 =  BSE:SENSEX2691075600CE   0.11   -0.25 CALL added 1391580   PUT unwind -352500  CE_OI=1965180 PE_OI=224080
pcr5 =  BSE:SENSEX2691075500CE   0.16   -0.15 CALL added 2805340   PUT unwind -408120  CE_OI=3191620 PE_OI=517260
pcr6 =  BSE:SENSEX2691075400PE   0.2    0.01 CALL added 1527000   PUT added 14960  CE_OI=1607100 PE_OI=322600
pcr7 =  BSE:SENSEX2691075300PE   0.35   0.14 CALL added 1818880   PUT added 255540  CE_OI=1860940 PE_OI=657100
pcr8 =  BSE:SENSEX2691075200PE   0.46   0.34 CALL added 2727380   PUT added 931640  CE_OI=2768760 PE_OI=1285700
pcr9 =  BSE:SENSEX2691075100CE   0.76   0.67 CALL added 2332580   PUT added 1556700  CE_OI=2353180 PE_OI=1787860
pcr10 =  BSE:SENSEX2691075000PE   1.59   1.16 CALL added 2641020   PUT added 3067320  CE_OI=2719900 PE_OI=4324200
pcr11 =  BSE:SENSEX2691074900PE   3.93   3.21 CALL added 465040   PUT added 1491400  CE_OI=476900 PE_OI=1874540
pcr12 =  BSE:SENSEX2691074800PE   7.99   4.95 CALL added 222020   PUT added 1097920  CE_OI=231620 PE_OI=1850260
pcr13 =  BSE:SENSEX2691074700CE   15.51   11.42 CALL added 93320   PUT added 1066180  CE_OI=98480 PE_OI=1527760
pcr14 =  BSE:SENSEX2691074600PE   23.76   14.89 CALL added 53060   PUT added 790300  CE_OI=57520 PE_OI=1366800
pcr15 =  BSE:SENSEX2691074500PE   23.48   14.75 CALL added 109800   PUT added 1619520  CE_OI=118440 PE_OI=2780780
pcr16 =  BSE:SENSEX2691074400PE   207.74   161.57 CALL added 5960   PUT added 962940  CE_OI=5960 PE_OI=1238120
pcr17 =  BSE:SENSEX2691074300PE   257.62   192.46 CALL added 4120   PUT added 792920  CE_OI=4120 PE_OI=1061400
PCRSUM== 544.04
pcrSummation== 30.95
VOLPCRSUM== 4.09
spotLTP =  75108.19  ATM_STRIKE =  75100
IS_ATM_STRIKE_SHIFT = False  mapStrike = {75100: 75100}
avgOiPcrList2 = [np.float64(23.25), np.float64(32.0)] atmStrikeNotShiftedCount= 2
False   2   2
SUPP_RES=== 75000  Buffer= 53
ANCHOR_COMPARE: spot=75108.19 fut=75575.0 basis(fut-spot)=466.81 | SR_spot(PRIMARY)=75000 SR_future=75500 SR_diff(fut-spot)=500 | PCRwin_spot(PRIMARY)=75100 PCRwin_future=75600
CEoich val =  2641020.0  PEoich val =  3067320.0 , CE < PE by 13.9%
SUPP_RES TOTAL OI: CE= 2719900  PE= 4324200 , CE < PE by 37.1%
FUT_SUPP_RES=== 75500  (FUT_LTP= 75575.0 ) Buffer= 53
FUT CEoich val =  2805340.0  PEoich val =  -408120.0 , CE > PE by 114.5%
FUT_SUPP_RES TOTAL OI: CE= 3191620  PE= 517260 , CE > PE by 83.8%
OI_SUPP_RES: spot=75108.19 ATM=75100 (ATM_CE_OI=2353180 ATM_PE_OI=1787860) | SUPPORT=75000PE OI=4324200 (dist=-100) | RESISTANCE=75500CE OI=3191620 (dist=400)
OI_SUPPORT=== 75000
OI_SUPPORT CEoich val = 2641020.0  PEoich val = 3067320.0 , CE < PE by 13.9%
OI_SUPPORT TOTAL OI: CE= 2719900  PE= 4324200 , CE < PE by 37.1%
OI_RESISTANCE=== 75500
OI_RESISTANCE CEoich val = 2805340.0  PEoich val = -408120.0 , CE > PE by 114.5%
OI_RESISTANCE TOTAL OI: CE= 3191620  PE= 517260 , CE > PE by 83.8%
IS_MORNING_WINDOW= False  (active 9:15-9:48 IST)
================================================
==== signal check time ==== 2026-09-09 10:24:00.643814
IS_CHOI_DIFF_GT_25PERC== False
RSI_VAL1== 45.85
RSI_VAL2== 45.85
FUT_3m_OHLC O= 75520.0  H= 75575.0  L= 75520.0  C= 75575.0  Range= 55.0
CHART_PATTERN_DETECTED: THREE_WHITE_SOLDIERS | STRONG_MOMENTUM_BULL
  PATTERN_CONTEXT: Body= 55.0  Range= 55.0  ExpectedRange= 65.7  RangeRatio= 0.84  O= 75520.0  H= 75575.0  L= 75520.0  C= 75575.0
newSynthFut =  75100
ATMStrike =  75100
AVG_OIPCR= 3.44
avgoiPCROld=  32.0
SUPP_RES = 75000
FUT LTP = 75575.0
CEchoi  PechOi = 2641020.0    3067320.0
====================================
AVG_VOLPCR= 0.45
atmPCR= 0.16  belowATM  0.2
atmVolPCR= 0.27  belowATM  0.56
False   75575.0   75000   False   False   45.85
India VIX = 11.65  Spot Price = 75112.32
IV Regime = HIGH (ADAPTIVE: P25= 11.04  P50= 11.29  P75= 11.49 ) | DailyRange = 1250.1 | 3minCandleRange = 65.8 (theoretical= 109.6 ) | ATMoptionMove = 29.6 | SL = 104 | Target = 104 | TrailTrigger = 30 | Spread = 300 | Buffer = 53
IV Params refreshed: {'vix': 11.65, 'bn_price': 75112.32, 'regime': 'HIGH', 'regime_thresholds': 'P25=11.04 P50=11.29 P75=11.49', 'daily_range': 1250.1, 'candle_range': 65.8, 'atm_option_move': 29.6, 'sl_point': 104, 'target_point': 104, 'sl_pct_of_premium': 0.1, 'trail_trigger': 30, 'spread_width': 300, 'support_resistance_buffer': 53}
===
====after 3 min ochain==== 2026-09-09 10:27:00.000004
                                    oipcr   choipcr   CE_OI / PE_OI (same strike)
pcr1 =  BSE:SENSEX2691075900CE   0.15   -0.24 CALL added 446440   PUT unwind -108840  CE_OI=1124900 PE_OI=172280
pcr2 =  BSE:SENSEX2691075800PE   0.11   -0.34 CALL added 754580   PUT unwind -259440  CE_OI=1600700 PE_OI=182600
pcr3 =  BSE:SENSEX2691075700PE   0.11   -0.18 CALL added 1028740   PUT unwind -184820  CE_OI=1701820 PE_OI=189960
pcr4 =  BSE:SENSEX2691075600CE   0.13   -0.27 CALL added 1270460   PUT unwind -345780  CE_OI=1844060 PE_OI=230800
pcr5 =  BSE:SENSEX2691075500CE   0.17   -0.15 CALL added 2687020   PUT unwind -408120  CE_OI=3073300 PE_OI=517260
pcr6 =  BSE:SENSEX2691075400PE   0.26    0.05 CALL added 1347960   PUT added 69020  CE_OI=1428060 PE_OI=376660
pcr7 =  BSE:SENSEX2691075300PE   0.48   0.24 CALL added 1651640   PUT added 403520  CE_OI=1693700 PE_OI=805080
pcr8 =  BSE:SENSEX2691075200PE   0.58   0.45 CALL added 2410440   PUT added 1074560  CE_OI=2451820 PE_OI=1428620
pcr9 =  BSE:SENSEX2691075100CE   1.03   0.93 CALL added 1951900   PUT added 1806240  CE_OI=1972500 PE_OI=2037400
pcr10 =  BSE:SENSEX2691075000PE   2.06   1.55 CALL added 2149320   PUT added 3334160  CE_OI=2228200 PE_OI=4591040
pcr11 =  BSE:SENSEX2691074900PE   5.01   4.11 CALL added 362540   PUT added 1491400  CE_OI=374400 PE_OI=1874540
pcr12 =  BSE:SENSEX2691074800PE   8.83   5.44 CALL added 196720   PUT added 1070360  CE_OI=206320 PE_OI=1822700
pcr13 =  BSE:SENSEX2691074700CE   18.43   13.76 CALL added 78540   PUT added 1080960  CE_OI=83700 PE_OI=1542540
pcr14 =  BSE:SENSEX2691074600PE   24.33   15.51 CALL added 53060   PUT added 823180  CE_OI=57520 PE_OI=1399680
pcr15 =  BSE:SENSEX2691074500PE   25.85   16.65 CALL added 101980   PUT added 1698080  CE_OI=110620 PE_OI=2859340
pcr16 =  BSE:SENSEX2691074400PE   249.5   193.57 CALL added 4920   PUT added 952360  CE_OI=4920 PE_OI=1227540
pcr17 =  BSE:SENSEX2691074300PE   250.48   186.55 CALL added 4200   PUT added 783520  CE_OI=4200 PE_OI=1052000
PCRSUM== 587.51
pcrSummation== 36.85
VOLPCRSUM== 4.0
spotLTP =  75112.32  ATM_STRIKE =  75100
IS_ATM_STRIKE_SHIFT = False  mapStrike = {75100: 75100}
avgOiPcrList2 = [np.float64(23.25), np.float64(32.0), np.float64(34.56)] atmStrikeNotShiftedCount= 3
False   3   3
SUPP_RES=== 75000  Buffer= 53
ANCHOR_COMPARE: spot=75112.32 fut=75580.1 basis(fut-spot)=467.78 | SR_spot(PRIMARY)=75000 SR_future=75500 SR_diff(fut-spot)=500 | PCRwin_spot(PRIMARY)=75100 PCRwin_future=75600
CEoich val =  2149320.0  PEoich val =  3334160.0 , CE < PE by 35.5%
SUPP_RES TOTAL OI: CE= 2228200  PE= 4591040 , CE < PE by 51.5%
FUT_SUPP_RES=== 75500  (FUT_LTP= 75580.1 ) Buffer= 53
FUT CEoich val =  2687020.0  PEoich val =  -408120.0 , CE > PE by 115.2%
FUT_SUPP_RES TOTAL OI: CE= 3073300  PE= 517260 , CE > PE by 83.2%
OI_SUPP_RES: spot=75112.32 ATM=75100 (ATM_CE_OI=1972500 ATM_PE_OI=2037400) | SUPPORT=75000PE OI=4591040 (dist=-100) | RESISTANCE=75500CE OI=3073300 (dist=400)
OI_SUPPORT=== 75000
OI_SUPPORT CEoich val = 2149320.0  PEoich val = 3334160.0 , CE < PE by 35.5%
OI_SUPPORT TOTAL OI: CE= 2228200  PE= 4591040 , CE < PE by 51.5%
OI_RESISTANCE=== 75500
OI_RESISTANCE CEoich val = 2687020.0  PEoich val = -408120.0 , CE > PE by 115.2%
OI_RESISTANCE TOTAL OI: CE= 3073300  PE= 517260 , CE > PE by 83.2%
IS_MORNING_WINDOW= False  (active 9:15-9:48 IST)
================================================
==== signal check time ==== 2026-09-09 10:27:00.584135
IS_CHOI_DIFF_GT_25PERC== True
RSI_VAL1== 46.53
RSI_VAL2== 46.53
FUT_3m_OHLC O= 75580.0  H= 75599.0  L= 75544.8  C= 75580.1  Range= 54.2
CHART_PATTERN_DETECTED: THREE_WHITE_SOLDIERS
  PATTERN_CONTEXT: Body= 0.1  Range= 54.2  ExpectedRange= 65.8  RangeRatio= 0.82  O= 75580.0  H= 75599.0  L= 75544.8  C= 75580.1
isPcrInc = True
newSynthFut =  75100
ATMStrike =  75100
AVG_OIPCR= 4.09
avgoiPCROld=  34.56
SUPP_RES = 75000
FUT LTP = 75580.1
CEchoi  PechOi = 2149320.0    3334160.0
====================================
AVG_VOLPCR= 0.44
atmPCR= 0.17  belowATM  0.26
atmVolPCR= 0.26  belowATM  0.55
True   75580.1   75000   True   False   46.53
In Bull trade, slCount =  1  (mode= LOGIC2_TREND_CONVERGENCE )
SPREAD_CALC_AT_ENTRY: SyntheticATMStrike= 75200  ATM_PE= 266.0  ATM_CE= 249.8  AvgATM= 257.9
ATM_GREEKS: CE=BSE:SENSEX2691075200CE -> {'delta': 0.49, 'gamma': 0.0006, 'theta': -105.93, 'vega': 17.32, 'iv': 14.89}
ATM_GREEKS: PE=BSE:SENSEX2691075200PE -> {'delta': -0.51, 'gamma': 0.0006, 'theta': -105.93, 'vega': 17.32, 'iv': 14.89}
ATM_IV: ce_iv=14.89 pe_iv=14.89 avg_atm_iv=14.89 iv_skew(PE-CE)=0.0
==================================================
SPREAD_SELECTION (Sensex weekly): Type= CREDIT | DTE= 1 | PremRatio= 0.46 | IVRank= 0.65
SPREAD_REASONS: DTE=1(weekly) | PremRatio=0.46 | IVRank=0.65 | DECISION:CREDIT (default — theta favors seller for weekly)
==================================================
SPREAD_DECISION_AT_ENTRY: {'type': 'CREDIT', 'score': 1, 'dte': 1, 'premium_ratio': 0.46, 'iv_rank': 0.65, 'vix_30d_high': 12.21, 'vix_30d_low': 10.48, 'reasons': ['DTE=1(weekly)', 'PremRatio=0.46', 'IVRank=0.65', 'DECISION:CREDIT (default — theta favors seller for weekly)']}
ENTRY_ROUTING: spread_type= CREDIT  isBullish= True  isBearish= False
IV-Dynamic: SL= 104  Target= 104  Spread= 300
HEDGE_BY_DELTA: main=75200PE main_delta=-0.51 target_hedge_delta=0.255 nearest_strike=74700 nearest_delta=-0.23 -> snapped500=74500 (far_otm_snap) hedge=BSE:SENSEX2691074500PE hedge_delta=-0.16
DELTA_CHECK: main=BSE:SENSEX2691075200PE delta=-0.51
DELTA_CHECK: hedge=BSE:SENSEX2691074500PE delta=-0.16
DELTA_CHECK: delta_ratio (|hedge|/|main|) = 0.314
=atmPE= BSE:SENSEX2691075200PE
=otmPE== BSE:SENSEX2691074500PE  entryPrice= 266.85  maxHedgePremium= 133.425
hedge_entry_price = 56.45
CREDIT_NET_CREDIT= 210.4
OPT_RANGE_DEBUG: symbol=BSE:SENSEX2691075200PE | total_candles_after_skip1st=10 | ranges=[17.6, 24.65, 10.55, 25.4, 22.45, 24.4, 21.05, 29.4, 21.65, 33.75] | median_all=23.43
OPT_OHLC_ENTRY: symbol=BSE:SENSEX2691075200PE | candles=10 | open=[295.55, 300.35, 313.9, 319.25, 329.3, 333.35, 316.25, 300.2, 275.85, 255.3] | high=[308.55, 325.0, 320.6, 339.05, 347.35, 333.35, 320.55, 300.2, 279.35, 268.6] | low=[290.95, 300.35, 310.05, 313.65, 324.9, 308.95, 299.5, 270.8, 257.7, 234.85] | close=[300.0, 313.35, 319.9, 330.4, 334.4, 316.5, 302.0, 277.2, 257.7, 266.5] | median_range=23.43
OPT_RANGE_DEBUG: symbol=BSE:SENSEX2691074500PE | total_candles_after_skip1st=10 | ranges=[5.2, 7.3, 3.25, 9.25, 7.5, 7.6, 6.95, 7.35, 4.85, 8.6] | median_all=7.32
OPT_OHLC_ENTRY: symbol=BSE:SENSEX2691074500PE | candles=10 | open=[61.85, 63.2, 68.0, 68.2, 71.35, 73.8, 68.45, 62.85, 56.85, 52.95] | high=[66.0, 70.25, 69.4, 75.55, 78.2, 73.8, 69.55, 62.85, 58.2, 56.8] | low=[60.8, 62.95, 66.15, 66.3, 70.7, 66.2, 62.6, 55.5, 53.35, 48.2] | close=[63.35, 67.45, 68.6, 71.85, 73.9, 68.3, 63.25, 57.1, 53.5, 56.4] | median_range=7.32
HEDGE_OFFSET: source=DELTA used_ratio=0.314 raw=0.314 | delta_ratio=0.314 range_ratio=0.312 premium_ratio=0.212 | (main_delta=-0.51 hedge_delta=-0.16 main_range=23.43 hedge_range=7.32) effective_sl=40 -> net_sl_points=27.45
RISK_SIZING: effective_sl_pre=40 main=266.85 hedge=56.45 main_range=23.43 hedge_range=7.32 FIXED_RISK=10000 -> qty=360 (18 lots)
CREDIT_ENTRY: qty= 360
MARGIN_CHECK: qty=360 (18 lots) margin_required=790828.98 avail=1017314.5 usable(97%)=986795.06
10 : 27 : 2  =>  BUY   SENSEX2691074500PE   360   MARKET
10 : 27 : 2  =>  SENSEX2691074500PE {'code': 1101, 'message': 'Successfully placed order', 's': 'ok', 'id_fyers': 'b7932228-73c4-4107-bb9e-801af62a3a28', 'id': '26090900111211'}
entryPrice== 266.85 Target = 163  BSE:SENSEX2691075200PE  SL = 371
10 : 27 : 2  =>  SELL   SENSEX2691075200PE   360   MARKET
10 : 27 : 2  =>  SENSEX2691075200PE {'code': 1101, 'message': 'Successfully placed order', 's': 'ok', 'id_fyers': 'a67e2e5e-84b1-4700-8d6c-7198eb1d530d', 'id': '26090900111217'}
Exit OID:  {'code': 1101, 'message': 'Successfully placed order', 's': 'ok', 'id_fyers': 'a67e2e5e-84b1-4700-8d6c-7198eb1d530d', 'id': '26090900111217'}   {'code': 1101, 'message': 'Successfully placed order', 's': 'ok', 'id_fyers': 'b7932228-73c4-4107-bb9e-801af62a3a28', 'id': '26090900111211'}
after entry tradeATMOption = BSE:SENSEX2691075200PE
ENTRY_SL_TGT: spread= CREDIT  SL= 306.95  Target= 184.95  EntryPrem= 266.95  AnchorSrc= CANDLE_CLOSE  TrailTrigger= 49  SL_Source= OPTION_RANGE(median=23.43,SLx1.7,Tgtx3.5)  (iv_pts= 104  effective_sl= 40 )
10:28:00 In Trade ( CREDIT ). No Exit. ltp= 256.1  SL= 306.95  target= 184.95
10:29:00 In Trade ( CREDIT ). No Exit. ltp= 251.15  SL= 306.95  target= 184.95
10:30:01 In Trade ( CREDIT ). No Exit. ltp= 254.8  SL= 306.95  target= 184.95
10:31:00 In Trade ( CREDIT ). No Exit. ltp= 258.8  SL= 306.95  target= 184.95
10:32:00 In Trade ( CREDIT ). No Exit. ltp= 265.1  SL= 306.95  target= 184.95
10:33:01 In Trade ( CREDIT ). No Exit. ltp= 265.8  SL= 306.95  target= 184.95
10:34:00 In Trade ( CREDIT ). No Exit. ltp= 264.7  SL= 306.95  target= 184.95
10:36:01 In Trade ( CREDIT ). No Exit. ltp= 276.4  SL= 306.95  target= 184.95
10:37:00 In Trade ( CREDIT ). No Exit. ltp= 270.3  SL= 306.95  target= 184.95
10:38:01 In Trade ( CREDIT ). No Exit. ltp= 280.55  SL= 306.95  target= 184.95
10:39:01 In Trade ( CREDIT ). No Exit. ltp= 289.4  SL= 306.95  target= 184.95
10:40:00 In Trade ( CREDIT ). No Exit. ltp= 288.2  SL= 306.95  target= 184.95
10:41:01 In Trade ( CREDIT ). No Exit. ltp= 294.0  SL= 306.95  target= 184.95
10:42:00 In Trade ( CREDIT ). No Exit. ltp= 293.85  SL= 306.95  target= 184.95
10:43:00 In Trade ( CREDIT ). No Exit. ltp= 300.95  SL= 306.95  target= 184.95
10:44:01 In Trade ( CREDIT ). No Exit. ltp= 299.25  SL= 306.95  target= 184.95
10:45:00 In Trade ( CREDIT ). No Exit. ltp= 291.4  SL= 306.95  target= 184.95
10:47:01 In Trade ( CREDIT ). No Exit. ltp= 283.8  SL= 306.95  target= 184.95
10:48:00 In Trade ( CREDIT ). No Exit. ltp= 284.0  SL= 306.95  target= 184.95
10:50:01 In Trade ( CREDIT ). No Exit. ltp= 278.0  SL= 306.95  target= 184.95
10:51:00 In Trade ( CREDIT ). No Exit. ltp= 278.8  SL= 306.95  target= 184.95
10:52:01 In Trade ( CREDIT ). No Exit. ltp= 290.85  SL= 306.95  target= 184.95
10:53:01 In Trade ( CREDIT ). No Exit. ltp= 287.95  SL= 306.95  target= 184.95
10:54:00 In Trade ( CREDIT ). No Exit. ltp= 281.35  SL= 306.95  target= 184.95
10:55:01 In Trade ( CREDIT ). No Exit. ltp= 272.5  SL= 306.95  target= 184.95
10:56:00 In Trade ( CREDIT ). No Exit. ltp= 268.45  SL= 306.95  target= 184.95
10:57:00 In Trade ( CREDIT ). No Exit. ltp= 269.4  SL= 306.95  target= 184.95
10:58:01 In Trade ( CREDIT ). No Exit. ltp= 267.5  SL= 306.95  target= 184.95
10:59:00 In Trade ( CREDIT ). No Exit. ltp= 267.9  SL= 306.95  target= 184.95
11:00:00 In Trade ( CREDIT ). No Exit. ltp= 259.4  SL= 306.95  target= 184.95
11:01:01 In Trade ( CREDIT ). No Exit. ltp= 246.9  SL= 306.95  target= 184.95
11:02:00 In Trade ( CREDIT ). No Exit. ltp= 255.05  SL= 306.95  target= 184.95
11:03:00 In Trade ( CREDIT ). No Exit. ltp= 254.6  SL= 306.95  target= 184.95
11:04:01 In Trade ( CREDIT ). No Exit. ltp= 252.5  SL= 306.95  target= 184.95
11:05:00 In Trade ( CREDIT ). No Exit. ltp= 256.7  SL= 306.95  target= 184.95
11:07:01 In Trade ( CREDIT ). No Exit. ltp= 264.2  SL= 306.95  target= 184.95
11:08:00 In Trade ( CREDIT ). No Exit. ltp= 263.0  SL= 306.95  target= 184.95
11:10:01 In Trade ( CREDIT ). No Exit. ltp= 260.7  SL= 306.95  target= 184.95
11:11:00 In Trade ( CREDIT ). No Exit. ltp= 261.95  SL= 306.95  target= 184.95
11:12:01 In Trade ( CREDIT ). No Exit. ltp= 261.2  SL= 306.95  target= 184.95
11:13:01 In Trade ( CREDIT ). No Exit. ltp= 264.75  SL= 306.95  target= 184.95
11:14:00 In Trade ( CREDIT ). No Exit. ltp= 264.75  SL= 306.95  target= 184.95
11:15:01 In Trade ( CREDIT ). No Exit. ltp= 266.55  SL= 306.95  target= 184.95
11:16:01 In Trade ( CREDIT ). No Exit. ltp= 262.75  SL= 306.95  target= 184.95
11:17:00 In Trade ( CREDIT ). No Exit. ltp= 267.75  SL= 306.95  target= 184.95
11:18:01 In Trade ( CREDIT ). No Exit. ltp= 268.45  SL= 306.95  target= 184.95
11:19:01 In Trade ( CREDIT ). No Exit. ltp= 266.25  SL= 306.95  target= 184.95
11:20:00 In Trade ( CREDIT ). No Exit. ltp= 256.75  SL= 306.95  target= 184.95
11:21:01 In Trade ( CREDIT ). No Exit. ltp= 255.85  SL= 306.95  target= 184.95
11:22:01 In Trade ( CREDIT ). No Exit. ltp= 265.85  SL= 306.95  target= 184.95
11:23:00 In Trade ( CREDIT ). No Exit. ltp= 270.6  SL= 306.95  target= 184.95
11:24:01 In Trade ( CREDIT ). No Exit. ltp= 269.5  SL= 306.95  target= 184.95
11:25:00 In Trade ( CREDIT ). No Exit. ltp= 266.75  SL= 306.95  target= 184.95
11:26:00 In Trade ( CREDIT ). No Exit. ltp= 259.6  SL= 306.95  target= 184.95
11:27:01 In Trade ( CREDIT ). No Exit. ltp= 267.25  SL= 306.95  target= 184.95
11:28:00 In Trade ( CREDIT ). No Exit. ltp= 268.1  SL= 306.95  target= 184.95
11:30:01 In Trade ( CREDIT ). No Exit. ltp= 265.45  SL= 306.95  target= 184.95
11:31:00 In Trade ( CREDIT ). No Exit. ltp= 263.35  SL= 306.95  target= 184.95
11:32:01 In Trade ( CREDIT ). No Exit. ltp= 263.55  SL= 306.95  target= 184.95
11:33:01 In Trade ( CREDIT ). No Exit. ltp= 263.3  SL= 306.95  target= 184.95
11:34:00 In Trade ( CREDIT ). No Exit. ltp= 262.8  SL= 306.95  target= 184.95
11:35:01 In Trade ( CREDIT ). No Exit. ltp= 266.55  SL= 306.95  target= 184.95
11:36:01 In Trade ( CREDIT ). No Exit. ltp= 261.3  SL= 306.95  target= 184.95
11:37:00 In Trade ( CREDIT ). No Exit. ltp= 266.35  SL= 306.95  target= 184.95
11:39:01 In Trade ( CREDIT ). No Exit. ltp= 265.5  SL= 306.95  target= 184.95
11:40:00 In Trade ( CREDIT ). No Exit. ltp= 265.85  SL= 306.95  target= 184.95
11:41:01 In Trade ( CREDIT ). No Exit. ltp= 264.3  SL= 306.95  target= 184.95
11:42:01 In Trade ( CREDIT ). No Exit. ltp= 258.95  SL= 306.95  target= 184.95
11:43:00 In Trade ( CREDIT ). No Exit. ltp= 255.9  SL= 306.95  target= 184.95
11:44:01 In Trade ( CREDIT ). No Exit. ltp= 252.65  SL= 306.95  target= 184.95
11:45:01 In Trade ( CREDIT ). No Exit. ltp= 251.6  SL= 306.95  target= 184.95
11:46:00 In Trade ( CREDIT ). No Exit. ltp= 253.85  SL= 306.95  target= 184.95
11:47:01 In Trade ( CREDIT ). No Exit. ltp= 257.85  SL= 306.95  target= 184.95
11:48:00 In Trade ( CREDIT ). No Exit. ltp= 255.05  SL= 306.95  target= 184.95
11:49:00 In Trade ( CREDIT ). No Exit. ltp= 260.7  SL= 306.95  target= 184.95
11:50:01 In Trade ( CREDIT ). No Exit. ltp= 266.0  SL= 306.95  target= 184.95
11:51:01 In Trade ( CREDIT ). No Exit. ltp= 273.0  SL= 306.95  target= 184.95
11:52:00 In Trade ( CREDIT ). No Exit. ltp= 274.75  SL= 306.95  target= 184.95
11:53:01 In Trade ( CREDIT ). No Exit. ltp= 285.55  SL= 306.95  target= 184.95
11:54:01 In Trade ( CREDIT ). No Exit. ltp= 280.7  SL= 306.95  target= 184.95
11:55:00 In Trade ( CREDIT ). No Exit. ltp= 286.55  SL= 306.95  target= 184.95
11:56:01 In Trade ( CREDIT ). No Exit. ltp= 290.95  SL= 306.95  target= 184.95
11:57:00 In Trade ( CREDIT ). No Exit. ltp= 293.6  SL= 306.95  target= 184.95
11:58:00 In Trade ( CREDIT ). No Exit. ltp= 293.85  SL= 306.95  target= 184.95
11:59:01 In Trade ( CREDIT ). No Exit. ltp= 301.8  SL= 306.95  target= 184.95
LTP_SL_WATCH: ltp=313.75 SL=306.95 confirm=1/2
LTP_SL_WATCH: ltp=307.0 SL=306.95 confirm=2/2
SL Hit (LTP)
slCount = 2
REALIZED_OFFSET: main 266.95->307.0 (moved 40.05) hedge 56.45->61.9 (moved 5.45) assumed_ratio=0.3137254901960784 realized_ratio=0.136
11 : 59 : 10  =>  BUY   SENSEX2691075200PE   360   MARKET
11 : 59 : 10  =>  SENSEX2691075200PE {'code': 1101, 'message': 'Successfully placed order', 's': 'ok', 'id_fyers': '6047e0c1-5ae2-43db-a042-ba60114cc187', 'id': '26090900180056'}
Exit main (BUY sold leg) OID:  {'code': 1101, 'message': 'Successfully placed order', 's': 'ok', 'id_fyers': '6047e0c1-5ae2-43db-a042-ba60114cc187', 'id': '26090900180056'}
11 : 59 : 10  =>  SELL   SENSEX2691074500PE   360   MARKET
11 : 59 : 10  =>  SENSEX2691074500PE {'code': 1101, 'message': 'Successfully placed order', 's': 'ok', 'id_fyers': '581d5370-443d-4ac4-a2ab-b8ef0a310b01', 'id': '26090900180070'}
Exit hedge (SELL bought leg) OID:  {'code': 1101, 'message': 'Successfully placed order', 's': 'ok', 'id_fyers': '581d5370-443d-4ac4-a2ab-b8ef0a310b01', 'id': '26090900180070'}
India VIX = 11.71  Spot Price = 74973.78
IV Regime = HIGH (ADAPTIVE: P25= 11.04  P50= 11.29  P75= 11.49 ) | DailyRange = 1254.2 | 3minCandleRange = 66.0 (theoretical= 110.0 ) | ATMoptionMove = 29.7 | SL = 104 | Target = 104 | TrailTrigger = 30 | Spread = 300 | Buffer = 53
IV Params refreshed: {'vix': 11.71, 'bn_price': 74973.78, 'regime': 'HIGH', 'regime_thresholds': 'P25=11.04 P50=11.29 P75=11.49', 'daily_range': 1254.2, 'candle_range': 66.0, 'atm_option_move': 29.7, 'sl_point': 104, 'target_point': 104, 'sl_pct_of_premium': 0.1, 'trail_trigger': 30, 'spread_width': 300, 'support_resistance_buffer': 53}
===
====after 3 min ochain==== 2026-09-09 12:00:00.000002
                                    oipcr   choipcr   CE_OI / PE_OI (same strike)
pcr1 =  BSE:SENSEX2691075800PE   0.09   -0.25 CALL added 1083420   PUT unwind -269980  CE_OI=1929540 PE_OI=172060
pcr2 =  BSE:SENSEX2691075700PE   0.09   -0.17 CALL added 1183200   PUT unwind -203420  CE_OI=1856280 PE_OI=171360
pcr3 =  BSE:SENSEX2691075600CE   0.1   -0.22 CALL added 1639660   PUT unwind -360100  CE_OI=2213260 PE_OI=216480
pcr4 =  BSE:SENSEX2691075500CE   0.13   -0.13 CALL added 3409740   PUT unwind -427820  CE_OI=3796020 PE_OI=497560
pcr5 =  BSE:SENSEX2691075400PE   0.18   0.02 CALL added 1745380   PUT added 30060  CE_OI=1825480 PE_OI=337700
pcr6 =  BSE:SENSEX2691075300PE   0.33    0.16 CALL added 2237460   PUT added 354420  CE_OI=2279520 PE_OI=755980
pcr7 =  BSE:SENSEX2691075200PE   0.52   0.41 CALL added 3029480   PUT added 1229080  CE_OI=3070860 PE_OI=1583140
pcr8 =  BSE:SENSEX2691075100CE   0.85   0.77 CALL added 2711100   PUT added 2092420  CE_OI=2731700 PE_OI=2323580
pcr9 =  BSE:SENSEX2691075000PE   1.84   1.41 CALL added 2604680   PUT added 3673780  CE_OI=2683560 PE_OI=4930660
pcr10 =  BSE:SENSEX2691074900PE   3.96   3.29 CALL added 507240   PUT added 1670400  CE_OI=519100 PE_OI=2053540
pcr11 =  BSE:SENSEX2691074800PE   7.92   5.17 CALL added 246040   PUT added 1271840  CE_OI=255640 PE_OI=2024180
pcr12 =  BSE:SENSEX2691074700CE   10.53   7.93 CALL added 156840   PUT added 1244500  CE_OI=162000 PE_OI=1706080
pcr13 =  BSE:SENSEX2691074600PE   25.67   17.28 CALL added 55100   PUT added 952140  CE_OI=59560 PE_OI=1528640
pcr14 =  BSE:SENSEX2691074500PE   24.35   16.36 CALL added 118940   PUT added 1945560  CE_OI=127580 PE_OI=3106820
pcr15 =  BSE:SENSEX2691074400PE   112.3   87.64 CALL added 11160   PUT added 978040  CE_OI=11160 PE_OI=1253220
pcr16 =  BSE:SENSEX2691074300PE   130.57   97.01 CALL added 8000   PUT added 776100  CE_OI=8000 PE_OI=1044580
pcr17 =  BSE:SENSEX2691074200CE   136.58   88.06 CALL added 6900   PUT added 607640  CE_OI=6920 PE_OI=945100
PCRSUM== 456.01
pcrSummation== 51.8
VOLPCRSUM== 5.720000000000001
spotLTP =  74973.78  ATM_STRIKE =  75000
IS_ATM_STRIKE_SHIFT = False  mapStrike = {75000: 75000}
avgOiPcrList2 = [np.float64(26.82)] atmStrikeNotShiftedCount= 1
False   1   1
SUPP_RES=== 75000  Buffer= 53
ANCHOR_COMPARE: spot=74973.78 fut=75450.0 basis(fut-spot)=476.22 | SR_spot(PRIMARY)=75000 SR_future=75500 SR_diff(fut-spot)=500 | PCRwin_spot(PRIMARY)=75000 PCRwin_future=75400
CEoich val =  2604680.0  PEoich val =  3673780.0 , CE < PE by 29.1%
SUPP_RES TOTAL OI: CE= 2683560  PE= 4930660 , CE < PE by 45.6%
FUT_SUPP_RES=== 75500  (FUT_LTP= 75450.0 ) Buffer= 53
FUT CEoich val =  3409740.0  PEoich val =  -427820.0 , CE > PE by 112.5%
FUT_SUPP_RES TOTAL OI: CE= 3796020  PE= 497560 , CE > PE by 86.9%
OI_SUPP_RES: spot=74973.78 ATM=75000 (ATM_CE_OI=2683560 ATM_PE_OI=4930660) | SUPPORT=75000PE OI=4930660 (dist=0) | RESISTANCE=75500CE OI=3796020 (dist=500)
OI_SUPPORT=== 75000
OI_SUPPORT CEoich val = 2604680.0  PEoich val = 3673780.0 , CE < PE by 29.1%
OI_SUPPORT TOTAL OI: CE= 2683560  PE= 4930660 , CE < PE by 45.6%
OI_RESISTANCE=== 75500
OI_RESISTANCE CEoich val = 3409740.0  PEoich val = -427820.0 , CE > PE by 112.5%
OI_RESISTANCE TOTAL OI: CE= 3796020  PE= 497560 , CE > PE by 86.9%
IS_MORNING_WINDOW= False  (active 9:15-9:48 IST)
================================================
==== signal check time ==== 2026-09-09 12:00:00.648316
IS_CHOI_DIFF_GT_25PERC== True
RSI_VAL1== 33.03
RSI_VAL2== 33.03
FUT_3m_OHLC O= 75489.6  H= 75490.0  L= 75450.0  C= 75450.0  Range= 40.0
CHART_PATTERN_DETECTED: THREE_BLACK_CROWS
  PATTERN_CONTEXT: Body= -39.6  Range= 40.0  ExpectedRange= 66.0  RangeRatio= 0.61  O= 75489.6  H= 75490.0  L= 75450.0  C= 75450.0
newSynthFut =  75000
ATMStrike =  75000
AVG_OIPCR= 5.76
avgoiPCROld=  26.82
SUPP_RES = 75000
FUT LTP = 75450.0
CEchoi  PechOi = 2604680.0    3673780.0
====================================
AVG_VOLPCR= 0.64
atmPCR= 0.18  belowATM  0.33
atmVolPCR= 0.44  belowATM  0.57
True   75450.0   75000   False   False   33.03
India VIX = 11.73  Spot Price = 74944.67
IV Regime = HIGH (ADAPTIVE: P25= 11.04  P50= 11.29  P75= 11.49 ) | DailyRange = 1255.9 | 3minCandleRange = 66.1 (theoretical= 110.1 ) | ATMoptionMove = 29.7 | SL = 104 | Target = 104 | TrailTrigger = 30 | Spread = 300 | Buffer = 53
IV Params refreshed: {'vix': 11.73, 'bn_price': 74944.67, 'regime': 'HIGH', 'regime_thresholds': 'P25=11.04 P50=11.29 P75=11.49', 'daily_range': 1255.9, 'candle_range': 66.1, 'atm_option_move': 29.7, 'sl_point': 104, 'target_point': 104, 'sl_pct_of_premium': 0.1, 'trail_trigger': 30, 'spread_width': 300, 'support_resistance_buffer': 53}
===
====after 3 min ochain==== 2026-09-09 12:03:00.000001
                                    oipcr   choipcr   CE_OI / PE_OI (same strike)
pcr1 =  BSE:SENSEX2691075700PE   0.09   -0.17 CALL added 1185240   PUT unwind -206180  CE_OI=1858320 PE_OI=168600
pcr2 =  BSE:SENSEX2691075600CE   0.1   -0.23 CALL added 1618600   PUT unwind -366800  CE_OI=2192200 PE_OI=209780
pcr3 =  BSE:SENSEX2691075500CE   0.13   -0.13 CALL added 3436880   PUT unwind -431100  CE_OI=3823160 PE_OI=494280
pcr4 =  BSE:SENSEX2691075400PE   0.17   0.0 CALL added 1794820   PUT added 8960  CE_OI=1874920 PE_OI=316600
pcr5 =  BSE:SENSEX2691075300PE   0.29   0.12 CALL added 2277820   PUT added 281940  CE_OI=2319880 PE_OI=683500
pcr6 =  BSE:SENSEX2691075200PE   0.45    0.35 CALL added 3095400   PUT added 1070900  CE_OI=3136780 PE_OI=1424960
pcr7 =  BSE:SENSEX2691075100CE   0.7   0.63 CALL added 2884180   PUT added 1809700  CE_OI=2904780 PE_OI=2040860
pcr8 =  BSE:SENSEX2691075000PE   1.52   1.13 CALL added 2906040   PUT added 3284620  CE_OI=2984920 PE_OI=4541500
pcr9 =  BSE:SENSEX2691074900PE   3.4   2.8 CALL added 567260   PUT added 1587600  CE_OI=579120 PE_OI=1970740
pcr10 =  BSE:SENSEX2691074800PE   6.86   4.37 CALL added 276280   PUT added 1207700  CE_OI=285880 PE_OI=1960040
pcr11 =  BSE:SENSEX2691074700CE   9.21   6.8 CALL added 172020   PUT added 1170160  CE_OI=177180 PE_OI=1631740
pcr12 =  BSE:SENSEX2691074600PE   22.67   15.07 CALL added 62540   PUT added 942300  CE_OI=67000 PE_OI=1518800
pcr13 =  BSE:SENSEX2691074500PE   20.89   13.71 CALL added 136580   PUT added 1872220  CE_OI=145220 PE_OI=3033480
pcr14 =  BSE:SENSEX2691074400PE   102.57   80.09 CALL added 12240   PUT added 980260  CE_OI=12240 PE_OI=1255440
pcr15 =  BSE:SENSEX2691074300PE   123.37   91.48 CALL added 8420   PUT added 770300  CE_OI=8420 PE_OI=1038780
pcr16 =  BSE:SENSEX2691074200CE   120.83   77.32 CALL added 7700   PUT added 595360  CE_OI=7720 PE_OI=932820
pcr17 =  BSE:SENSEX2691074100CE   183.87   129.71 CALL added 3320   PUT added 430640  CE_OI=3320 PE_OI=610440
PCRSUM== 597.12
pcrSummation== 65.99
VOLPCRSUM== 9.51
spotLTP =  74944.67  ATM_STRIKE =  74900
IS_ATM_STRIKE_SHIFT = True  mapStrike = {74900: 74900}
avgOiPcrList2 = [np.float64(35.12)] atmStrikeNotShiftedCount= 1
True   1   1
SUPP_RES=== 75000  Buffer= 53
ANCHOR_COMPARE: spot=74944.67 fut=75415.0 basis(fut-spot)=470.33 | SR_spot(PRIMARY)=75000 SR_future=75500 SR_diff(fut-spot)=500 | PCRwin_spot(PRIMARY)=74900 PCRwin_future=75400
CEoich val =  2906040.0  PEoich val =  3284620.0 , CE < PE by 11.5%
SUPP_RES TOTAL OI: CE= 2984920  PE= 4541500 , CE < PE by 34.3%
FUT_SUPP_RES=== 75500  (FUT_LTP= 75415.0 ) Buffer= 53
FUT CEoich val =  3436880.0  PEoich val =  -431100.0 , CE > PE by 112.5%
FUT_SUPP_RES TOTAL OI: CE= 3823160  PE= 494280 , CE > PE by 87.1%
OI_SUPP_RES: spot=74944.67 ATM=74900 (ATM_CE_OI=579120 ATM_PE_OI=1970740) | SUPPORT=75000PE OI=4541500 (dist=100) | RESISTANCE=75500CE OI=3823160 (dist=600)
OI_SUPPORT=== 75000
OI_SUPPORT CEoich val = 2906040.0  PEoich val = 3284620.0 , CE < PE by 11.5%
OI_SUPPORT TOTAL OI: CE= 2984920  PE= 4541500 , CE < PE by 34.3%
OI_RESISTANCE=== 75500
OI_RESISTANCE CEoich val = 3436880.0  PEoich val = -431100.0 , CE > PE by 112.5%
OI_RESISTANCE TOTAL OI: CE= 3823160  PE= 494280 , CE > PE by 87.1%
IS_MORNING_WINDOW= False  (active 9:15-9:48 IST)
================================================
==== signal check time ==== 2026-09-09 12:03:00.592464
IS_CHOI_DIFF_GT_25PERC== False
RSI_VAL1== 29.12
RSI_VAL2== 29.12
FUT_3m_OHLC O= 75430.4  H= 75430.4  L= 75405.0  C= 75415.0  Range= 25.4
CHART_PATTERN_DETECTED: THREE_BLACK_CROWS
  PATTERN_CONTEXT: Body= -15.4  Range= 25.4  ExpectedRange= 66.1  RangeRatio= 0.38  O= 75430.4  H= 75430.4  L= 75405.0  C= 75415.0
newSynthFut =  74900
ATMStrike =  74900
AVG_OIPCR= 7.33
avgoiPCROld=  35.12
SUPP_RES = 75000
FUT LTP = 75415.0
CEchoi  PechOi = 2906040.0    3284620.0
====================================
AVG_VOLPCR= 1.06
atmPCR= 0.29  belowATM  0.45
atmVolPCR= 0.58  belowATM  0.8
False   75415.0   75000   False   False   29.12
India VIX = 11.74  Spot Price = 74943.48
IV Regime = HIGH (ADAPTIVE: P25= 11.04  P50= 11.29  P75= 11.49 ) | DailyRange = 1256.9 | 3minCandleRange = 66.1 (theoretical= 110.2 ) | ATMoptionMove = 29.8 | SL = 104 | Target = 104 | TrailTrigger = 30 | Spread = 300 | Buffer = 53
IV Params refreshed: {'vix': 11.74, 'bn_price': 74943.48, 'regime': 'HIGH', 'regime_thresholds': 'P25=11.04 P50=11.29 P75=11.49', 'daily_range': 1256.9, 'candle_range': 66.1, 'atm_option_move': 29.8, 'sl_point': 104, 'target_point': 104, 'sl_pct_of_premium': 0.1, 'trail_trigger': 30, 'spread_width': 300, 'support_resistance_buffer': 53}
===
====after 3 min ochain==== 2026-09-09 12:06:00.000003
                                    oipcr   choipcr   CE_OI / PE_OI (same strike)
pcr1 =  BSE:SENSEX2691075700PE   0.08   -0.16 CALL added 1278160   PUT unwind -208960  CE_OI=1951240 PE_OI=165820
pcr2 =  BSE:SENSEX2691075600CE   0.1   -0.25 CALL added 1504620   PUT unwind -372880  CE_OI=2078220 PE_OI=203700
pcr3 =  BSE:SENSEX2691075500CE   0.12   -0.13 CALL added 3538420   PUT unwind -455580  CE_OI=3924700 PE_OI=469800
pcr4 =  BSE:SENSEX2691075400PE   0.16   -0.0 CALL added 1849560   PUT unwind -4220  CE_OI=1929660 PE_OI=303420
pcr5 =  BSE:SENSEX2691075300PE   0.28   0.12 CALL added 2345200   PUT added 276700  CE_OI=2387260 PE_OI=678260
pcr6 =  BSE:SENSEX2691075200PE   0.4    0.29 CALL added 3177340   PUT added 917760  CE_OI=3218720 PE_OI=1271820
pcr7 =  BSE:SENSEX2691075100CE   0.59   0.52 CALL added 2978900   PUT added 1545560  CE_OI=2999500 PE_OI=1776720
pcr8 =  BSE:SENSEX2691075000PE   1.31   0.94 CALL added 3184720   PUT added 3002460  CE_OI=3263600 PE_OI=4259340
pcr9 =  BSE:SENSEX2691074900PE   2.91   2.36 CALL added 629100   PUT added 1484200  CE_OI=640960 PE_OI=1867340
pcr10 =  BSE:SENSEX2691074800PE   5.59   3.35 CALL added 312720   PUT added 1048300  CE_OI=322320 PE_OI=1800640
pcr11 =  BSE:SENSEX2691074700CE   8.29   6.01 CALL added 184180   PUT added 1107160  CE_OI=189340 PE_OI=1568740
pcr12 =  BSE:SENSEX2691074600PE   19.27   12.42 CALL added 71560   PUT added 888740  CE_OI=76020 PE_OI=1465240
pcr13 =  BSE:SENSEX2691074500PE   19.61   12.69 CALL added 143280   PUT added 1817560  CE_OI=151920 PE_OI=2978820
pcr14 =  BSE:SENSEX2691074400PE   83.81   65.53 CALL added 15060   PUT added 986940  CE_OI=15060 PE_OI=1262120
pcr15 =  BSE:SENSEX2691074300PE   104.53   77.58 CALL added 9960   PUT added 772660  CE_OI=9960 PE_OI=1041140
pcr16 =  BSE:SENSEX2691074200CE   116.72   73.42 CALL added 7740   PUT added 568260  CE_OI=7760 PE_OI=905720
pcr17 =  BSE:SENSEX2691074100CE   189.66   134.17 CALL added 3240   PUT added 434700  CE_OI=3240 PE_OI=614500
PCRSUM== 553.43
pcrSummation== 58.25
VOLPCRSUM== 9.48
spotLTP =  74943.48  ATM_STRIKE =  74900
IS_ATM_STRIKE_SHIFT = False  mapStrike = {74900: 74900}
avgOiPcrList2 = [np.float64(35.12), np.float64(32.55)] atmStrikeNotShiftedCount= 2
False   2   2
SUPP_RES=== 75000  Buffer= 53
ANCHOR_COMPARE: spot=74943.48 fut=75436.35 basis(fut-spot)=492.87 | SR_spot(PRIMARY)=75000 SR_future=75500 SR_diff(fut-spot)=500 | PCRwin_spot(PRIMARY)=74900 PCRwin_future=75400
CEoich val =  3184720.0  PEoich val =  3002460.0 , CE > PE by 5.7%
SUPP_RES TOTAL OI: CE= 3263600  PE= 4259340 , CE < PE by 23.4%
FUT_SUPP_RES=== 75500  (FUT_LTP= 75436.35 ) Buffer= 53
FUT CEoich val =  3538420.0  PEoich val =  -455580.0 , CE > PE by 112.9%
FUT_SUPP_RES TOTAL OI: CE= 3924700  PE= 469800 , CE > PE by 88.0%
OI_SUPP_RES: spot=74943.48 ATM=74900 (ATM_CE_OI=640960 ATM_PE_OI=1867340) | SUPPORT=75000PE OI=4259340 (dist=100) | RESISTANCE=75500CE OI=3924700 (dist=600)
OI_SUPPORT=== 75000
OI_SUPPORT CEoich val = 3184720.0  PEoich val = 3002460.0 , CE > PE by 5.7%
OI_SUPPORT TOTAL OI: CE= 3263600  PE= 4259340 , CE < PE by 23.4%
OI_RESISTANCE=== 75500
OI_RESISTANCE CEoich val = 3538420.0  PEoich val = -455580.0 , CE > PE by 112.9%
OI_RESISTANCE TOTAL OI: CE= 3924700  PE= 469800 , CE > PE by 88.0%
IS_MORNING_WINDOW= False  (active 9:15-9:48 IST)
================================================
==== signal check time ==== 2026-09-09 12:06:00.618426
IS_CHOI_DIFF_GT_25PERC== False
RSI_VAL1== 34.23
RSI_VAL2== 34.23
FUT_3m_OHLC O= 75428.8  H= 75437.4  L= 75415.0  C= 75436.4  Range= 22.4
CHART_PATTERN: None
newSynthFut =  74900
ATMStrike =  74900
AVG_OIPCR= 6.47
avgoiPCROld=  32.55
SUPP_RES = 75000
FUT LTP = 75436.35
CEchoi  PechOi = 3184720.0    3002460.0
====================================
AVG_VOLPCR= 1.05
atmPCR= 0.28  belowATM  0.4
atmVolPCR= 0.58  belowATM  0.8
False   75436.35   75000   False   False   34.23
India VIX = 11.74  Spot Price = 74932.04
IV Regime = HIGH (ADAPTIVE: P25= 11.04  P50= 11.29  P75= 11.49 ) | DailyRange = 1256.7 | 3minCandleRange = 66.1 (theoretical= 110.2 ) | ATMoptionMove = 29.8 | SL = 104 | Target = 104 | TrailTrigger = 30 | Spread = 300 | Buffer = 53
IV Params refreshed: {'vix': 11.74, 'bn_price': 74932.04, 'regime': 'HIGH', 'regime_thresholds': 'P25=11.04 P50=11.29 P75=11.49', 'daily_range': 1256.7, 'candle_range': 66.1, 'atm_option_move': 29.8, 'sl_point': 104, 'target_point': 104, 'sl_pct_of_premium': 0.1, 'trail_trigger': 30, 'spread_width': 300, 'support_resistance_buffer': 53}
===
====after 3 min ochain==== 2026-09-09 12:09:00.000001
                                    oipcr   choipcr   CE_OI / PE_OI (same strike)
pcr1 =  BSE:SENSEX2691075700PE   0.08   -0.16 CALL added 1313660   PUT unwind -211800  CE_OI=1986740 PE_OI=162980
pcr2 =  BSE:SENSEX2691075600CE   0.09   -0.24 CALL added 1544220   PUT unwind -377060  CE_OI=2117820 PE_OI=199520
pcr3 =  BSE:SENSEX2691075500CE   0.12   -0.13 CALL added 3624100   PUT unwind -457400  CE_OI=4010380 PE_OI=467980
pcr4 =  BSE:SENSEX2691075400PE   0.15   -0.01 CALL added 1843040   PUT unwind -10920  CE_OI=1923140 PE_OI=296720
pcr5 =  BSE:SENSEX2691075300PE   0.26   0.1 CALL added 2393320   PUT added 241840  CE_OI=2435380 PE_OI=643400
pcr6 =  BSE:SENSEX2691075200PE   0.37    0.27 CALL added 3220060   PUT added 859640  CE_OI=3261440 PE_OI=1213700
pcr7 =  BSE:SENSEX2691075100CE   0.53   0.46 CALL added 3100640   PUT added 1427640  CE_OI=3121240 PE_OI=1658800
pcr8 =  BSE:SENSEX2691075000PE   1.22   0.87 CALL added 3346420   PUT added 2924980  CE_OI=3425300 PE_OI=4181860
pcr9 =  BSE:SENSEX2691074900PE   2.47   1.99 CALL added 736980   PUT added 1465420  CE_OI=748840 PE_OI=1848560
pcr10 =  BSE:SENSEX2691074800PE   4.82   2.78 CALL added 347020   PUT added 965300  CE_OI=356620 PE_OI=1717640
pcr11 =  BSE:SENSEX2691074700CE   8.08   5.82 CALL added 186000   PUT added 1083200  CE_OI=191160 PE_OI=1544780
pcr12 =  BSE:SENSEX2691074600PE   17.53   11.14 CALL added 78040   PUT added 869560  CE_OI=82500 PE_OI=1446060
pcr13 =  BSE:SENSEX2691074500PE   17.38   11.1 CALL added 161080   PUT added 1787800  CE_OI=169720 PE_OI=2949060
pcr14 =  BSE:SENSEX2691074400PE   73.36   56.98 CALL added 16800   PUT added 957320  CE_OI=16800 PE_OI=1232500
pcr15 =  BSE:SENSEX2691074300PE   96.06   71.3 CALL added 10840   PUT added 772860  CE_OI=10840 PE_OI=1041340
pcr16 =  BSE:SENSEX2691074200CE   112.17   69.19 CALL added 7800   PUT added 539720  CE_OI=7820 PE_OI=877180
pcr17 =  BSE:SENSEX2691074100CE   181.01   127.81 CALL added 3380   PUT added 432000  CE_OI=3380 PE_OI=611800
PCRSUM== 515.7
pcrSummation== 52.66
VOLPCRSUM== 9.5
spotLTP =  74932.04  ATM_STRIKE =  74900
IS_ATM_STRIKE_SHIFT = False  mapStrike = {74900: 74900}
avgOiPcrList2 = [np.float64(35.12), np.float64(32.55), np.float64(30.34)] atmStrikeNotShiftedCount= 3
False   3   3
SUPP_RES=== 75000  Buffer= 53
ANCHOR_COMPARE: spot=74932.04 fut=75431.0 basis(fut-spot)=498.96 | SR_spot(PRIMARY)=75000 SR_future=75500 SR_diff(fut-spot)=500 | PCRwin_spot(PRIMARY)=74900 PCRwin_future=75400
CEoich val =  3346420.0  PEoich val =  2924980.0 , CE > PE by 12.6%
SUPP_RES TOTAL OI: CE= 3425300  PE= 4181860 , CE < PE by 18.1%
FUT_SUPP_RES=== 75500  (FUT_LTP= 75431.0 ) Buffer= 53
FUT CEoich val =  3624100.0  PEoich val =  -457400.0 , CE > PE by 112.6%
FUT_SUPP_RES TOTAL OI: CE= 4010380  PE= 467980 , CE > PE by 88.3%
OI_SUPP_RES: spot=74932.04 ATM=74900 (ATM_CE_OI=748840 ATM_PE_OI=1848560) | SUPPORT=75000PE OI=4181860 (dist=100) | RESISTANCE=75500CE OI=4010380 (dist=600)
OI_SUPPORT=== 75000
OI_SUPPORT CEoich val = 3346420.0  PEoich val = 2924980.0 , CE > PE by 12.6%
OI_SUPPORT TOTAL OI: CE= 3425300  PE= 4181860 , CE < PE by 18.1%
OI_RESISTANCE=== 75500
OI_RESISTANCE CEoich val = 3624100.0  PEoich val = -457400.0 , CE > PE by 112.6%
OI_RESISTANCE TOTAL OI: CE= 4010380  PE= 467980 , CE > PE by 88.3%
IS_MORNING_WINDOW= False  (active 9:15-9:48 IST)
================================================
==== signal check time ==== 2026-09-09 12:09:00.612557
IS_CHOI_DIFF_GT_25PERC== False
RSI_VAL1== 33.58
RSI_VAL2== 33.58
FUT_3m_OHLC O= 75422.4  H= 75436.0  L= 75420.0  C= 75431.0  Range= 16.0
CHART_PATTERN_DETECTED: INSIDE_BAR | DOUBLE_BOTTOM_FORMING
  PATTERN_CONTEXT: Body= 8.6  Range= 16.0  ExpectedRange= 66.1  RangeRatio= 0.24  O= 75422.4  H= 75436.0  L= 75420.0  C= 75431.0
isPcrDecr = True
newSynthFut =  74900
ATMStrike =  74900
AVG_OIPCR= 5.85
avgoiPCROld=  30.34
SUPP_RES = 75000
FUT LTP = 75431.0
CEchoi  PechOi = 3346420.0    2924980.0
====================================
AVG_VOLPCR= 1.06
atmPCR= 0.26  belowATM  0.37
atmVolPCR= 0.58  belowATM  0.8
False   75431.0   75000   False   True   33.58
no trade yet = [np.float64(35.12), np.float64(32.55), np.float64(30.34)]
India VIX = 11.75  Spot Price = 74929.54
IV Regime = HIGH (ADAPTIVE: P25= 11.04  P50= 11.29  P75= 11.49 ) | DailyRange = 1257.7 | 3minCandleRange = 66.2 (theoretical= 110.3 ) | ATMoptionMove = 29.8 | SL = 104 | Target = 104 | TrailTrigger = 30 | Spread = 300 | Buffer = 53
IV Params refreshed: {'vix': 11.75, 'bn_price': 74929.54, 'regime': 'HIGH', 'regime_thresholds': 'P25=11.04 P50=11.29 P75=11.49', 'daily_range': 1257.7, 'candle_range': 66.2, 'atm_option_move': 29.8, 'sl_point': 104, 'target_point': 104, 'sl_pct_of_premium': 0.1, 'trail_trigger': 30, 'spread_width': 300, 'support_resistance_buffer': 53}
===
====after 3 min ochain==== 2026-09-09 12:12:00.000003
                                    oipcr   choipcr   CE_OI / PE_OI (same strike)
pcr1 =  BSE:SENSEX2691075700PE   0.08   -0.16 CALL added 1335300   PUT unwind -213160  CE_OI=2008380 PE_OI=161620
pcr2 =  BSE:SENSEX2691075600CE   0.1   -0.26 CALL added 1473340   PUT unwind -381740  CE_OI=2046940 PE_OI=194840
pcr3 =  BSE:SENSEX2691075500CE   0.11   -0.13 CALL added 3695500   PUT unwind -476560  CE_OI=4081780 PE_OI=448820
pcr4 =  BSE:SENSEX2691075400PE   0.15   -0.01 CALL added 1836420   PUT unwind -12340  CE_OI=1916520 PE_OI=295300
pcr5 =  BSE:SENSEX2691075300PE   0.25   0.09 CALL added 2473480   PUT added 229440  CE_OI=2515540 PE_OI=631000
pcr6 =  BSE:SENSEX2691075200PE   0.36    0.25 CALL added 3293180   PUT added 838920  CE_OI=3334560 PE_OI=1192980
pcr7 =  BSE:SENSEX2691075100CE   0.49   0.42 CALL added 3246160   PUT added 1356000  CE_OI=3266760 PE_OI=1587160
pcr8 =  BSE:SENSEX2691075000PE   1.1   0.77 CALL added 3576000   PUT added 2763780  CE_OI=3654880 PE_OI=4020660
pcr9 =  BSE:SENSEX2691074900PE   2.15   1.74 CALL added 877340   PUT added 1527060  CE_OI=889200 PE_OI=1910200
pcr10 =  BSE:SENSEX2691074800PE   4.48   2.6 CALL added 376240   PUT added 977720  CE_OI=385840 PE_OI=1730060
pcr11 =  BSE:SENSEX2691074700CE   7.31   5.23 CALL added 203660   PUT added 1064920  CE_OI=208820 PE_OI=1526500
pcr12 =  BSE:SENSEX2691074600PE   18.41   12.18 CALL added 79340   PUT added 966260  CE_OI=83800 PE_OI=1542760
pcr13 =  BSE:SENSEX2691074500PE   15.94   10.13 CALL added 176220   PUT added 1784740  CE_OI=184860 PE_OI=2946000
pcr14 =  BSE:SENSEX2691074400PE   61.8   46.97 CALL added 18560   PUT added 871820  CE_OI=18560 PE_OI=1147000
pcr15 =  BSE:SENSEX2691074300PE   105.18   78.23 CALL added 9960   PUT added 779160  CE_OI=9960 PE_OI=1047640
pcr16 =  BSE:SENSEX2691074200CE   106.44   63.88 CALL added 7880   PUT added 503380  CE_OI=7900 PE_OI=840840
pcr17 =  BSE:SENSEX2691074100CE   172.38   119.18 CALL added 3380   PUT added 402840  CE_OI=3380 PE_OI=582640
PCRSUM== 496.73
pcrSummation== 50.49
VOLPCRSUM== 9.48
spotLTP =  74929.54  ATM_STRIKE =  74900
IS_ATM_STRIKE_SHIFT = False  mapStrike = {74900: 74900}
avgOiPcrList2 = [np.float64(32.55), np.float64(30.34), np.float64(29.22)] atmStrikeNotShiftedCount= 4
False   4   3
SUPP_RES=== 75000  Buffer= 53
ANCHOR_COMPARE: spot=74929.54 fut=75431.0 basis(fut-spot)=501.46 | SR_spot(PRIMARY)=75000 SR_future=75500 SR_diff(fut-spot)=500 | PCRwin_spot(PRIMARY)=74900 PCRwin_future=75400
CEoich val =  3576000.0  PEoich val =  2763780.0 , CE > PE by 22.7%
SUPP_RES TOTAL OI: CE= 3654880  PE= 4020660 , CE < PE by 9.1%
FUT_SUPP_RES=== 75500  (FUT_LTP= 75431.0 ) Buffer= 53
FUT CEoich val =  3695500.0  PEoich val =  -476560.0 , CE > PE by 112.9%
FUT_SUPP_RES TOTAL OI: CE= 4081780  PE= 448820 , CE > PE by 89.0%
OI_SUPP_RES: spot=74929.54 ATM=74900 (ATM_CE_OI=889200 ATM_PE_OI=1910200) | SUPPORT=75000PE OI=4020660 (dist=100) | RESISTANCE=75500CE OI=4081780 (dist=600)
OI_SUPPORT=== 75000
OI_SUPPORT CEoich val = 3576000.0  PEoich val = 2763780.0 , CE > PE by 22.7%
OI_SUPPORT TOTAL OI: CE= 3654880  PE= 4020660 , CE < PE by 9.1%
OI_RESISTANCE=== 75500
OI_RESISTANCE CEoich val = 3695500.0  PEoich val = -476560.0 , CE > PE by 112.9%
OI_RESISTANCE TOTAL OI: CE= 4081780  PE= 448820 , CE > PE by 89.0%
IS_MORNING_WINDOW= False  (active 9:15-9:48 IST)
================================================
==== signal check time ==== 2026-09-09 12:12:00.694773
IS_CHOI_DIFF_GT_25PERC== False
RSI_VAL1== 33.58
RSI_VAL2== 33.58
FUT_3m_OHLC O= 75431.0  H= 75431.0  L= 75431.0  C= 75431.0  Range= 0.0
CHART_PATTERN_DETECTED: INSIDE_BAR | DOUBLE_TOP_FORMING | DOUBLE_BOTTOM_FORMING
  PATTERN_CONTEXT: Body= 0.0  Range= 0.0  ExpectedRange= 66.2  RangeRatio= 0.0  O= 75431.0  H= 75431.0  L= 75431.0  C= 75431.0
isPcrDecr = True
newSynthFut =  74900
ATMStrike =  74900
AVG_OIPCR= 5.61
avgoiPCROld=  29.22
SUPP_RES = 75000
FUT LTP = 75431.0
CEchoi  PechOi = 3576000.0    2763780.0
====================================
AVG_VOLPCR= 1.05
atmPCR= 0.25  belowATM  0.36
atmVolPCR= 0.58  belowATM  0.8
False   75431.0   75000   False   True   33.58
no trade yet = [np.float64(32.55), np.float64(30.34), np.float64(29.22)]
India VIX = 11.72  Spot Price = 74947.95
IV Regime = HIGH (ADAPTIVE: P25= 11.04  P50= 11.29  P75= 11.49 ) | DailyRange = 1254.8 | 3minCandleRange = 66.0 (theoretical= 110.1 ) | ATMoptionMove = 29.7 | SL = 104 | Target = 104 | TrailTrigger = 30 | Spread = 300 | Buffer = 53
IV Params refreshed: {'vix': 11.72, 'bn_price': 74947.95, 'regime': 'HIGH', 'regime_thresholds': 'P25=11.04 P50=11.29 P75=11.49', 'daily_range': 1254.8, 'candle_range': 66.0, 'atm_option_move': 29.7, 'sl_point': 104, 'target_point': 104, 'sl_pct_of_premium': 0.1, 'trail_trigger': 30, 'spread_width': 300, 'support_resistance_buffer': 53}
===
====after 3 min ochain==== 2026-09-09 12:15:00.000004
                                    oipcr   choipcr   CE_OI / PE_OI (same strike)
pcr1 =  BSE:SENSEX2691075800PE   0.08   -0.24 CALL added 1174920   PUT unwind -277540  CE_OI=2021040 PE_OI=164500
pcr2 =  BSE:SENSEX2691075700PE   0.08   -0.16 CALL added 1335880   PUT unwind -214020  CE_OI=2008960 PE_OI=160760
pcr3 =  BSE:SENSEX2691075600CE   0.1   -0.26 CALL added 1474880   PUT unwind -381920  CE_OI=2048480 PE_OI=194660
pcr4 =  BSE:SENSEX2691075500CE   0.11   -0.13 CALL added 3713960   PUT unwind -473120  CE_OI=4100240 PE_OI=452260
pcr5 =  BSE:SENSEX2691075400PE   0.15   -0.01 CALL added 1859200   PUT unwind -11540  CE_OI=1939300 PE_OI=296100
pcr6 =  BSE:SENSEX2691075300PE   0.26    0.1 CALL added 2423120   PUT added 239580  CE_OI=2465180 PE_OI=641140
pcr7 =  BSE:SENSEX2691075200PE   0.34   0.24 CALL added 3373880   PUT added 810260  CE_OI=3415260 PE_OI=1164320
pcr8 =  BSE:SENSEX2691075100CE   0.47   0.41 CALL added 3290060   PUT added 1339720  CE_OI=3310660 PE_OI=1570880
pcr9 =  BSE:SENSEX2691075000PE   1.1   0.77 CALL added 3586560   PUT added 2767700  CE_OI=3665440 PE_OI=4024580
pcr10 =  BSE:SENSEX2691074900PE   1.89   1.52 CALL added 964820   PUT added 1467480  CE_OI=976680 PE_OI=1850620
pcr11 =  BSE:SENSEX2691074800PE   4.99   2.93 CALL added 342180   PUT added 1003920  CE_OI=351780 PE_OI=1756260
pcr12 =  BSE:SENSEX2691074700CE   6.98   4.94 CALL added 208220   PUT added 1027760  CE_OI=213380 PE_OI=1489340
pcr13 =  BSE:SENSEX2691074600PE   17.76   11.53 CALL added 79900   PUT added 921340  CE_OI=84360 PE_OI=1497840
pcr14 =  BSE:SENSEX2691074500PE   17.17   10.87 CALL added 160840   PUT added 1748600  CE_OI=169480 PE_OI=2909860
pcr15 =  BSE:SENSEX2691074400PE   79.37   60.41 CALL added 14520   PUT added 877220  CE_OI=14520 PE_OI=1152400
pcr16 =  BSE:SENSEX2691074300PE   109.03   81.12 CALL added 9620   PUT added 780360  CE_OI=9620 PE_OI=1048840
pcr17 =  BSE:SENSEX2691074200CE   111.61   67.03 CALL added 7520   PUT added 504080  CE_OI=7540 PE_OI=841540
PCRSUM== 351.49
pcrSummation== 33.94
VOLPCRSUM== 5.65
spotLTP =  74955.93  ATM_STRIKE =  75000
IS_ATM_STRIKE_SHIFT = True  mapStrike = {75000: 75000}
avgOiPcrList2 = [np.float64(20.68)] atmStrikeNotShiftedCount= 1
True   1   1
SUPP_RES=== 75000  Buffer= 53
ANCHOR_COMPARE: spot=74955.93 fut=75450.95 basis(fut-spot)=495.02 | SR_spot(PRIMARY)=75000 SR_future=75500 SR_diff(fut-spot)=500 | PCRwin_spot(PRIMARY)=75000 PCRwin_future=75500
CEoich val =  3586560.0  PEoich val =  2767700.0 , CE > PE by 22.8%
SUPP_RES TOTAL OI: CE= 3665440  PE= 4024580 , CE < PE by 8.9%
FUT_SUPP_RES=== 75500  (FUT_LTP= 75450.95 ) Buffer= 53
FUT CEoich val =  3713960.0  PEoich val =  -473120.0 , CE > PE by 112.7%
FUT_SUPP_RES TOTAL OI: CE= 4100240  PE= 452260 , CE > PE by 89.0%
OI_SUPP_RES: spot=74955.93 ATM=75000 (ATM_CE_OI=3665440 ATM_PE_OI=4024580) | SUPPORT=75000PE OI=4024580 (dist=0) | RESISTANCE=75500CE OI=4100240 (dist=500)
OI_SUPPORT=== 75000
OI_SUPPORT CEoich val = 3586560.0  PEoich val = 2767700.0 , CE > PE by 22.8%
OI_SUPPORT TOTAL OI: CE= 3665440  PE= 4024580 , CE < PE by 8.9%
OI_RESISTANCE=== 75500
OI_RESISTANCE CEoich val = 3713960.0  PEoich val = -473120.0 , CE > PE by 112.7%
OI_RESISTANCE TOTAL OI: CE= 4100240  PE= 452260 , CE > PE by 89.0%
IS_MORNING_WINDOW= False  (active 9:15-9:48 IST)
================================================
==== signal check time ==== 2026-09-09 12:15:00.614724
IS_CHOI_DIFF_GT_25PERC== False
RSI_VAL1== 38.64
RSI_VAL2== 38.64
FUT_3m_OHLC O= 75401.0  H= 75451.0  L= 75401.0  C= 75451.0  Range= 49.9
CHART_PATTERN_DETECTED: OUTSIDE_BAR | DOUBLE_TOP_FORMING | DOUBLE_BOTTOM_FORMING
  PATTERN_CONTEXT: Body= 49.9  Range= 49.9  ExpectedRange= 66.0  RangeRatio= 0.76  O= 75401.0  H= 75451.0  L= 75401.0  C= 75451.0
newSynthFut =  75000
ATMStrike =  75000
AVG_OIPCR= 3.77
avgoiPCROld=  20.68
SUPP_RES = 75000
FUT LTP = 75450.95
CEchoi  PechOi = 3586560.0    2767700.0
====================================
AVG_VOLPCR= 0.63
atmPCR= 0.15  belowATM  0.26
atmVolPCR= 0.43  belowATM  0.58
False   75450.95   75000   False   False   38.64
India VIX = 11.72  Spot Price = 74976.38
IV Regime = HIGH (ADAPTIVE: P25= 11.04  P50= 11.29  P75= 11.49 ) | DailyRange = 1255.3 | 3minCandleRange = 66.1 (theoretical= 110.1 ) | ATMoptionMove = 29.7 | SL = 104 | Target = 104 | TrailTrigger = 30 | Spread = 300 | Buffer = 53
IV Params refreshed: {'vix': 11.72, 'bn_price': 74976.38, 'regime': 'HIGH', 'regime_thresholds': 'P25=11.04 P50=11.29 P75=11.49', 'daily_range': 1255.3, 'candle_range': 66.1, 'atm_option_move': 29.7, 'sl_point': 104, 'target_point': 104, 'sl_pct_of_premium': 0.1, 'trail_trigger': 30, 'spread_width': 300, 'support_resistance_buffer': 53}
===
====after 3 min ochain==== 2026-09-09 12:18:00.000124
                                    oipcr   choipcr   CE_OI / PE_OI (same strike)
pcr1 =  BSE:SENSEX2691075800PE   0.08   -0.24 CALL added 1179340   PUT unwind -277440  CE_OI=2025460 PE_OI=164600
pcr2 =  BSE:SENSEX2691075700PE   0.08   -0.16 CALL added 1353820   PUT unwind -215740  CE_OI=2026900 PE_OI=159040
pcr3 =  BSE:SENSEX2691075600CE   0.09   -0.25 CALL added 1509720   PUT unwind -382920  CE_OI=2083320 PE_OI=193660
pcr4 =  BSE:SENSEX2691075500CE   0.11   -0.12 CALL added 3738580   PUT unwind -464780  CE_OI=4124860 PE_OI=460600
pcr5 =  BSE:SENSEX2691075400PE   0.15   -0.01 CALL added 1860580   PUT unwind -10300  CE_OI=1940680 PE_OI=297340
pcr6 =  BSE:SENSEX2691075300PE   0.26    0.1 CALL added 2433160   PUT added 237760  CE_OI=2475220 PE_OI=639320
pcr7 =  BSE:SENSEX2691075200PE   0.34   0.24 CALL added 3420300   PUT added 821820  CE_OI=3461680 PE_OI=1175880
pcr8 =  BSE:SENSEX2691075100CE   0.48   0.41 CALL added 3317600   PUT added 1375200  CE_OI=3338200 PE_OI=1606360
pcr9 =  BSE:SENSEX2691075000PE   1.08   0.76 CALL added 3639720   PUT added 2773540  CE_OI=3718600 PE_OI=4030420
pcr10 =  BSE:SENSEX2691074900PE   1.95   1.57 CALL added 951120   PUT added 1497980  CE_OI=962980 PE_OI=1881120
pcr11 =  BSE:SENSEX2691074800PE   4.92   2.91 CALL added 350660   PUT added 1021200  CE_OI=360260 PE_OI=1773540
pcr12 =  BSE:SENSEX2691074700CE   7.27   5.16 CALL added 200980   PUT added 1037440  CE_OI=206140 PE_OI=1499020
pcr13 =  BSE:SENSEX2691074600PE   16.38   10.48 CALL added 85260   PUT added 893520  CE_OI=89720 PE_OI=1470020
pcr14 =  BSE:SENSEX2691074500PE   17.77   11.28 CALL added 155300   PUT added 1751500  CE_OI=163940 PE_OI=2912760
pcr15 =  BSE:SENSEX2691074400PE   87.56   67.21 CALL added 13520   PUT added 908640  CE_OI=13520 PE_OI=1183820
pcr16 =  BSE:SENSEX2691074300PE   113.56   84.63 CALL added 9280   PUT added 785360  CE_OI=9280 PE_OI=1053840
pcr17 =  BSE:SENSEX2691074200CE   111.46   67.23 CALL added 7580   PUT added 509620  CE_OI=7600 PE_OI=847080
PCRSUM== 363.54
pcrSummation== 32.83
VOLPCRSUM== 5.609999999999999
spotLTP =  74976.81  ATM_STRIKE =  75000
IS_ATM_STRIKE_SHIFT = False  mapStrike = {75000: 75000}
avgOiPcrList2 = [np.float64(20.68), np.float64(21.38)] atmStrikeNotShiftedCount= 2
False   2   2
SUPP_RES=== 75000  Buffer= 53
ANCHOR_COMPARE: spot=74976.81 fut=75410.0 basis(fut-spot)=433.19 | SR_spot(PRIMARY)=75000 SR_future=75500 SR_diff(fut-spot)=500 | PCRwin_spot(PRIMARY)=75000 PCRwin_future=75400
CEoich val =  3639720.0  PEoich val =  2773540.0 , CE > PE by 23.8%
SUPP_RES TOTAL OI: CE= 3718600  PE= 4030420 , CE < PE by 7.7%
FUT_SUPP_RES=== 75500  (FUT_LTP= 75410.0 ) Buffer= 53
FUT CEoich val =  3738580.0  PEoich val =  -464780.0 , CE > PE by 112.4%
FUT_SUPP_RES TOTAL OI: CE= 4124860  PE= 460600 , CE > PE by 88.8%
OI_SUPP_RES: spot=74976.81 ATM=75000 (ATM_CE_OI=3718600 ATM_PE_OI=4030420) | SUPPORT=75000PE OI=4030420 (dist=0) | RESISTANCE=75500CE OI=4124860 (dist=500)
OI_SUPPORT=== 75000
OI_SUPPORT CEoich val = 3639720.0  PEoich val = 2773540.0 , CE > PE by 23.8%
OI_SUPPORT TOTAL OI: CE= 3718600  PE= 4030420 , CE < PE by 7.7%
OI_RESISTANCE=== 75500
OI_RESISTANCE CEoich val = 3738580.0  PEoich val = -464780.0 , CE > PE by 112.4%
OI_RESISTANCE TOTAL OI: CE= 4124860  PE= 460600 , CE > PE by 88.8%
IS_MORNING_WINDOW= False  (active 9:15-9:48 IST)
================================================
==== signal check time ==== 2026-09-09 12:18:00.646163
IS_CHOI_DIFF_GT_25PERC== False
RSI_VAL1== 33.07
RSI_VAL2== 33.07
FUT_3m_OHLC O= 75410.0  H= 75410.0  L= 75410.0  C= 75410.0  Range= 0.0
CHART_PATTERN_DETECTED: INSIDE_BAR | DOUBLE_TOP_FORMING | DOUBLE_BOTTOM_FORMING
  PATTERN_CONTEXT: Body= 0.0  Range= 0.0  ExpectedRange= 66.1  RangeRatio= 0.0  O= 75410.0  H= 75410.0  L= 75410.0  C= 75410.0
newSynthFut =  75000
ATMStrike =  75000
AVG_OIPCR= 3.65
avgoiPCROld=  21.38
SUPP_RES = 75000
FUT LTP = 75410.0
CEchoi  PechOi = 3639720.0    2773540.0
====================================
AVG_VOLPCR= 0.62
atmPCR= 0.15  belowATM  0.26
atmVolPCR= 0.43  belowATM  0.57
False   75410.0   75000   False   False   33.07
India VIX = 11.72  Spot Price = 74937.74
IV Regime = HIGH (ADAPTIVE: P25= 11.04  P50= 11.29  P75= 11.49 ) | DailyRange = 1254.7 | 3minCandleRange = 66.0 (theoretical= 110.0 ) | ATMoptionMove = 29.7 | SL = 104 | Target = 104 | TrailTrigger = 30 | Spread = 300 | Buffer = 53
IV Params refreshed: {'vix': 11.72, 'bn_price': 74937.74, 'regime': 'HIGH', 'regime_thresholds': 'P25=11.04 P50=11.29 P75=11.49', 'daily_range': 1254.7, 'candle_range': 66.0, 'atm_option_move': 29.7, 'sl_point': 104, 'target_point': 104, 'sl_pct_of_premium': 0.1, 'trail_trigger': 30, 'spread_width': 300, 'support_resistance_buffer': 53}
===
====after 3 min ochain==== 2026-09-09 12:21:00.000001
                                    oipcr   choipcr   CE_OI / PE_OI (same strike)
pcr1 =  BSE:SENSEX2691075700PE   0.08   -0.16 CALL added 1351720   PUT unwind -215740  CE_OI=2024800 PE_OI=159040
pcr2 =  BSE:SENSEX2691075600CE   0.09   -0.25 CALL added 1529020   PUT unwind -384000  CE_OI=2102620 PE_OI=192580
pcr3 =  BSE:SENSEX2691075500CE   0.11   -0.12 CALL added 3768300   PUT unwind -468300  CE_OI=4154580 PE_OI=457080
pcr4 =  BSE:SENSEX2691075400PE   0.15   -0.01 CALL added 1881980   PUT unwind -17300  CE_OI=1962080 PE_OI=290340
pcr5 =  BSE:SENSEX2691075300PE   0.26   0.1 CALL added 2443500   PUT added 241120  CE_OI=2485560 PE_OI=642680
pcr6 =  BSE:SENSEX2691075200PE   0.34    0.24 CALL added 3408380   PUT added 820900  CE_OI=3449760 PE_OI=1174960
pcr7 =  BSE:SENSEX2691075100CE   0.48   0.41 CALL added 3358460   PUT added 1378880  CE_OI=3379060 PE_OI=1610040
pcr8 =  BSE:SENSEX2691075000PE   1.07   0.75 CALL added 3685200   PUT added 2767040  CE_OI=3764080 PE_OI=4023920
pcr9 =  BSE:SENSEX2691074900PE   1.86   1.51 CALL added 1005740   PUT added 1513720  CE_OI=1017600 PE_OI=1896860
pcr10 =  BSE:SENSEX2691074800PE   4.55   2.64 CALL added 370680   PUT added 978180  CE_OI=380280 PE_OI=1730520
pcr11 =  BSE:SENSEX2691074700CE   7.15   5.05 CALL added 202920   PUT added 1025260  CE_OI=208080 PE_OI=1486840
pcr12 =  BSE:SENSEX2691074600PE   16.24   10.32 CALL added 85040   PUT added 877200  CE_OI=89500 PE_OI=1453700
pcr13 =  BSE:SENSEX2691074500PE   17.26   10.92 CALL added 159560   PUT added 1742600  CE_OI=168200 PE_OI=2903860
pcr14 =  BSE:SENSEX2691074400PE   86.01   66.01 CALL added 13760   PUT added 908300  CE_OI=13760 PE_OI=1183480
pcr15 =  BSE:SENSEX2691074300PE   107.63   80.29 CALL added 9820   PUT added 788460  CE_OI=9820 PE_OI=1056940
pcr16 =  BSE:SENSEX2691074200CE   114.8   69.99 CALL added 7480   PUT added 523520  CE_OI=7500 PE_OI=860980
pcr17 =  BSE:SENSEX2691074100CE   181.88   127.72 CALL added 3320   PUT added 424040  CE_OI=3320 PE_OI=603840
PCRSUM== 539.96
pcrSummation== 49.21
VOLPCRSUM== 9.240000000000002
spotLTP =  74937.74  ATM_STRIKE =  74900
IS_ATM_STRIKE_SHIFT = True  mapStrike = {74900: 74900}
avgOiPcrList2 = [np.float64(31.76)] atmStrikeNotShiftedCount= 1
True   1   1
SUPP_RES=== 75000  Buffer= 53
ANCHOR_COMPARE: spot=74937.74 fut=75410.0 basis(fut-spot)=472.26 | SR_spot(PRIMARY)=75000 SR_future=75500 SR_diff(fut-spot)=500 | PCRwin_spot(PRIMARY)=74900 PCRwin_future=75400
CEoich val =  3685200.0  PEoich val =  2767040.0 , CE > PE by 24.9%
SUPP_RES TOTAL OI: CE= 3764080  PE= 4023920 , CE < PE by 6.5%
FUT_SUPP_RES=== 75500  (FUT_LTP= 75410.0 ) Buffer= 53
FUT CEoich val =  3768300.0  PEoich val =  -468300.0 , CE > PE by 112.4%
FUT_SUPP_RES TOTAL OI: CE= 4154580  PE= 457080 , CE > PE by 89.0%
OI_SUPP_RES: spot=74937.74 ATM=74900 (ATM_CE_OI=1017600 ATM_PE_OI=1896860) | SUPPORT=75000PE OI=4023920 (dist=100) | RESISTANCE=75500CE OI=4154580 (dist=600)
OI_SUPPORT=== 75000
OI_SUPPORT CEoich val = 3685200.0  PEoich val = 2767040.0 , CE > PE by 24.9%
OI_SUPPORT TOTAL OI: CE= 3764080  PE= 4023920 , CE < PE by 6.5%
OI_RESISTANCE=== 75500
OI_RESISTANCE CEoich val = 3768300.0  PEoich val = -468300.0 , CE > PE by 112.4%
OI_RESISTANCE TOTAL OI: CE= 4154580  PE= 457080 , CE > PE by 89.0%
IS_MORNING_WINDOW= False  (active 9:15-9:48 IST)
================================================
==== signal check time ==== 2026-09-09 12:21:00.604755
IS_CHOI_DIFF_GT_25PERC== False
RSI_VAL1== 33.07
RSI_VAL2== 33.07
FUT_3m_OHLC O= 75410.0  H= 75410.0  L= 75410.0  C= 75410.0  Range= 0.0
CHART_PATTERN_DETECTED: INSIDE_BAR | DOUBLE_BOTTOM_FORMING
  PATTERN_CONTEXT: Body= 0.0  Range= 0.0  ExpectedRange= 66.0  RangeRatio= 0.0  O= 75410.0  H= 75410.0  L= 75410.0  C= 75410.0
newSynthFut =  74900
ATMStrike =  74900
AVG_OIPCR= 5.47
avgoiPCROld=  31.76
SUPP_RES = 75000
FUT LTP = 75410.0
CEchoi  PechOi = 3685200.0    2767040.0
====================================
AVG_VOLPCR= 1.03
atmPCR= 0.26  belowATM  0.34
atmVolPCR= 0.57  belowATM  0.79
False   75410.0   75000   False   False   33.07
India VIX = 11.71  Spot Price = 74943.21
IV Regime = HIGH (ADAPTIVE: P25= 11.04  P50= 11.29  P75= 11.49 ) | DailyRange = 1253.7 | 3minCandleRange = 66.0 (theoretical= 110.0 ) | ATMoptionMove = 29.7 | SL = 104 | Target = 104 | TrailTrigger = 30 | Spread = 300 | Buffer = 53
IV Params refreshed: {'vix': 11.71, 'bn_price': 74943.21, 'regime': 'HIGH', 'regime_thresholds': 'P25=11.04 P50=11.29 P75=11.49', 'daily_range': 1253.7, 'candle_range': 66.0, 'atm_option_move': 29.7, 'sl_point': 104, 'target_point': 104, 'sl_pct_of_premium': 0.1, 'trail_trigger': 30, 'spread_width': 300, 'support_resistance_buffer': 53}
===
====after 3 min ochain==== 2026-09-09 12:24:00.000004
                                    oipcr   choipcr   CE_OI / PE_OI (same strike)
pcr1 =  BSE:SENSEX2691075700PE   0.08   -0.16 CALL added 1348380   PUT unwind -215000  CE_OI=2021460 PE_OI=159780
pcr2 =  BSE:SENSEX2691075600CE   0.09   -0.25 CALL added 1509980   PUT unwind -383900  CE_OI=2083580 PE_OI=192680
pcr3 =  BSE:SENSEX2691075500CE   0.11   -0.12 CALL added 3771660   PUT unwind -469200  CE_OI=4157940 PE_OI=456180
pcr4 =  BSE:SENSEX2691075400PE   0.15   -0.01 CALL added 1879040   PUT unwind -14820  CE_OI=1959140 PE_OI=292820
pcr5 =  BSE:SENSEX2691075300PE   0.25   0.09 CALL added 2446160   PUT added 227740  CE_OI=2488220 PE_OI=629300
pcr6 =  BSE:SENSEX2691075200PE   0.34    0.24 CALL added 3407200   PUT added 827060  CE_OI=3448580 PE_OI=1181120
pcr7 =  BSE:SENSEX2691075100CE   0.49   0.42 CALL added 3353420   PUT added 1405300  CE_OI=3374020 PE_OI=1636460
pcr8 =  BSE:SENSEX2691075000PE   1.07   0.75 CALL added 3707600   PUT added 2792100  CE_OI=3786480 PE_OI=4048980
pcr9 =  BSE:SENSEX2691074900PE   1.93   1.57 CALL added 1012240   PUT added 1590260  CE_OI=1024100 PE_OI=1973400
pcr10 =  BSE:SENSEX2691074800PE   4.52   2.67 CALL added 384140   PUT added 1026500  CE_OI=393740 PE_OI=1778840
pcr11 =  BSE:SENSEX2691074700CE   7.33   5.23 CALL added 202720   PUT added 1061200  CE_OI=207880 PE_OI=1522780
pcr12 =  BSE:SENSEX2691074600PE   15.89   10.14 CALL added 87940   PUT added 891360  CE_OI=92400 PE_OI=1467860
pcr13 =  BSE:SENSEX2691074500PE   17.38   11.09 CALL added 160860   PUT added 1784500  CE_OI=169500 PE_OI=2945760
pcr14 =  BSE:SENSEX2691074400PE   88.1   67.75 CALL added 13520   PUT added 915920  CE_OI=13520 PE_OI=1191100
pcr15 =  BSE:SENSEX2691074300PE   108.13   80.9 CALL added 9860   PUT added 797700  CE_OI=9860 PE_OI=1066180
pcr16 =  BSE:SENSEX2691074200CE   114.52   69.59 CALL added 7460   PUT added 519140  CE_OI=7480 PE_OI=856600
pcr17 =  BSE:SENSEX2691074100CE   186.76   131.95 CALL added 3280   PUT added 432780  CE_OI=3280 PE_OI=612580
PCRSUM== 547.14
pcrSummation== 49.2
VOLPCRSUM== 9.22
spotLTP =  74943.21  ATM_STRIKE =  74900
IS_ATM_STRIKE_SHIFT = False  mapStrike = {74900: 74900}
avgOiPcrList2 = [np.float64(31.76), np.float64(32.18)] atmStrikeNotShiftedCount= 2
False   2   2
SUPP_RES=== 75000  Buffer= 53
ANCHOR_COMPARE: spot=74943.21 fut=75400.0 basis(fut-spot)=456.79 | SR_spot(PRIMARY)=75000 SR_future=75500 SR_diff(fut-spot)=500 | PCRwin_spot(PRIMARY)=74900 PCRwin_future=75400
CEoich val =  3707600.0  PEoich val =  2792100.0 , CE > PE by 24.7%
SUPP_RES TOTAL OI: CE= 3786480  PE= 4048980 , CE < PE by 6.5%
FUT_SUPP_RES=== 75500  (FUT_LTP= 75400.0 ) Buffer= 53
FUT CEoich val =  3771660.0  PEoich val =  -469200.0 , CE > PE by 112.4%
FUT_SUPP_RES TOTAL OI: CE= 4157940  PE= 456180 , CE > PE by 89.0%
OI_SUPP_RES: spot=74943.21 ATM=74900 (ATM_CE_OI=1024100 ATM_PE_OI=1973400) | SUPPORT=75000PE OI=4048980 (dist=100) | RESISTANCE=75500CE OI=4157940 (dist=600)
OI_SUPPORT=== 75000
OI_SUPPORT CEoich val = 3707600.0  PEoich val = 2792100.0 , CE > PE by 24.7%
OI_SUPPORT TOTAL OI: CE= 3786480  PE= 4048980 , CE < PE by 6.5%
OI_RESISTANCE=== 75500
OI_RESISTANCE CEoich val = 3771660.0  PEoich val = -469200.0 , CE > PE by 112.4%
OI_RESISTANCE TOTAL OI: CE= 4157940  PE= 456180 , CE > PE by 89.0%
IS_MORNING_WINDOW= False  (active 9:15-9:48 IST)
================================================
==== signal check time ==== 2026-09-09 12:24:00.590046
IS_CHOI_DIFF_GT_25PERC== False
RSI_VAL1== 31.77
RSI_VAL2== 31.77
FUT_3m_OHLC O= 75400.0  H= 75400.0  L= 75400.0  C= 75400.0  Range= 0.0
CHART_PATTERN_DETECTED: DOUBLE_BOTTOM_FORMING
  PATTERN_CONTEXT: Body= 0.0  Range= 0.0  ExpectedRange= 66.0  RangeRatio= 0.0  O= 75400.0  H= 75400.0  L= 75400.0  C= 75400.0
newSynthFut =  74900
ATMStrike =  74900
AVG_OIPCR= 5.47
avgoiPCROld=  32.18
SUPP_RES = 75000
FUT LTP = 75400.0
CEchoi  PechOi = 3707600.0    2792100.0
====================================
AVG_VOLPCR= 1.02
atmPCR= 0.25  belowATM  0.34
atmVolPCR= 0.57  belowATM  0.79
False   75400.0   75000   False   False   31.77
India VIX = 11.69  Spot Price = 74991.41
IV Regime = HIGH (ADAPTIVE: P25= 11.04  P50= 11.29  P75= 11.49 ) | DailyRange = 1252.4 | 3minCandleRange = 65.9 (theoretical= 109.8 ) | ATMoptionMove = 29.7 | SL = 104 | Target = 104 | TrailTrigger = 30 | Spread = 300 | Buffer = 53
IV Params refreshed: {'vix': 11.69, 'bn_price': 74991.41, 'regime': 'HIGH', 'regime_thresholds': 'P25=11.04 P50=11.29 P75=11.49', 'daily_range': 1252.4, 'candle_range': 65.9, 'atm_option_move': 29.7, 'sl_point': 104, 'target_point': 104, 'sl_pct_of_premium': 0.1, 'trail_trigger': 30, 'spread_width': 300, 'support_resistance_buffer': 53}
===
====after 3 min ochain==== 2026-09-09 12:27:00.000004
                                    oipcr   choipcr   CE_OI / PE_OI (same strike)
pcr1 =  BSE:SENSEX2691075800PE   0.08   -0.24 CALL added 1180480   PUT unwind -278020  CE_OI=2026600 PE_OI=164020
pcr2 =  BSE:SENSEX2691075700PE   0.08   -0.16 CALL added 1367120   PUT unwind -215700  CE_OI=2040200 PE_OI=159080
pcr3 =  BSE:SENSEX2691075600CE   0.09   -0.25 CALL added 1509560   PUT unwind -383960  CE_OI=2083160 PE_OI=192620
pcr4 =  BSE:SENSEX2691075500CE   0.11   -0.12 CALL added 3793260   PUT unwind -470380  CE_OI=4179540 PE_OI=455000
pcr5 =  BSE:SENSEX2691075400PE   0.14   -0.01 CALL added 1883260   PUT unwind -24260  CE_OI=1963360 PE_OI=283380
pcr6 =  BSE:SENSEX2691075300PE   0.25    0.1 CALL added 2452500   PUT added 234000  CE_OI=2494560 PE_OI=635560
pcr7 =  BSE:SENSEX2691075200PE   0.34   0.24 CALL added 3416640   PUT added 822320  CE_OI=3458020 PE_OI=1176380
pcr8 =  BSE:SENSEX2691075100CE   0.48   0.41 CALL added 3346060   PUT added 1380520  CE_OI=3366660 PE_OI=1611680
pcr9 =  BSE:SENSEX2691075000PE   1.06   0.75 CALL added 3752260   PUT added 2811780  CE_OI=3831140 PE_OI=4068660
pcr10 =  BSE:SENSEX2691074900PE   1.94   1.58 CALL added 1018840   PUT added 1612480  CE_OI=1030700 PE_OI=1995620
pcr11 =  BSE:SENSEX2691074800PE   4.73   2.84 CALL added 373380   PUT added 1059540  CE_OI=382980 PE_OI=1811880
pcr12 =  BSE:SENSEX2691074700CE   7.29   5.2 CALL added 202880   PUT added 1054720  CE_OI=208040 PE_OI=1516300
pcr13 =  BSE:SENSEX2691074600PE   17.02   10.96 CALL added 82580   PUT added 905000  CE_OI=87040 PE_OI=1481500
pcr14 =  BSE:SENSEX2691074500PE   17.25   11.01 CALL added 162080   PUT added 1783780  CE_OI=170720 PE_OI=2945040
pcr15 =  BSE:SENSEX2691074400PE   87.11   67.09 CALL added 13740   PUT added 921780  CE_OI=13740 PE_OI=1196960
pcr16 =  BSE:SENSEX2691074300PE   104.76   78.38 CALL added 10180   PUT added 797940  CE_OI=10180 PE_OI=1066420
pcr17 =  BSE:SENSEX2691074200CE   109.45   64.02 CALL added 7380   PUT added 472440  CE_OI=7400 PE_OI=809900
PCRSUM== 352.18
pcrSummation== 33.25
VOLPCRSUM== 5.54
spotLTP =  74991.41  ATM_STRIKE =  75000
IS_ATM_STRIKE_SHIFT = True  mapStrike = {75000: 75000}
avgOiPcrList2 = [np.float64(20.72)] atmStrikeNotShiftedCount= 1
True   1   1
SUPP_RES=== 75000  Buffer= 53
ANCHOR_COMPARE: spot=74991.41 fut=75450.95 basis(fut-spot)=459.54 | SR_spot(PRIMARY)=75000 SR_future=75500 SR_diff(fut-spot)=500 | PCRwin_spot(PRIMARY)=75000 PCRwin_future=75500
CEoich val =  3752260.0  PEoich val =  2811780.0 , CE > PE by 25.1%
SUPP_RES TOTAL OI: CE= 3831140  PE= 4068660 , CE < PE by 5.8%
FUT_SUPP_RES=== 75500  (FUT_LTP= 75450.95 ) Buffer= 53
FUT CEoich val =  3793260.0  PEoich val =  -470380.0 , CE > PE by 112.4%
FUT_SUPP_RES TOTAL OI: CE= 4179540  PE= 455000 , CE > PE by 89.1%
OI_SUPP_RES: spot=74991.41 ATM=75000 (ATM_CE_OI=3831140 ATM_PE_OI=4068660) | SUPPORT=75000PE OI=4068660 (dist=0) | RESISTANCE=75500CE OI=4179540 (dist=500)
OI_SUPPORT=== 75000
OI_SUPPORT CEoich val = 3752260.0  PEoich val = 2811780.0 , CE > PE by 25.1%
OI_SUPPORT TOTAL OI: CE= 3831140  PE= 4068660 , CE < PE by 5.8%
OI_RESISTANCE=== 75500
OI_RESISTANCE CEoich val = 3793260.0  PEoich val = -470380.0 , CE > PE by 112.4%
OI_RESISTANCE TOTAL OI: CE= 4179540  PE= 455000 , CE > PE by 89.1%
IS_MORNING_WINDOW= False  (active 9:15-9:48 IST)
================================================
==== signal check time ==== 2026-09-09 12:27:00.593999
IS_CHOI_DIFF_GT_25PERC== True
RSI_VAL1== 43.86
RSI_VAL2== 43.86
FUT_3m_OHLC O= 75400.0  H= 75451.0  L= 75400.0  C= 75451.0  Range= 50.9
CHART_PATTERN_DETECTED: DOUBLE_BOTTOM_FORMING | STRONG_MOMENTUM_BULL
  PATTERN_CONTEXT: Body= 50.9  Range= 50.9  ExpectedRange= 65.9  RangeRatio= 0.77  O= 75400.0  H= 75451.0  L= 75400.0  C= 75451.0
newSynthFut =  75000
ATMStrike =  75000
AVG_OIPCR= 3.69
avgoiPCROld=  20.72
SUPP_RES = 75000
FUT LTP = 75450.95
CEchoi  PechOi = 3752260.0    2811780.0
====================================
AVG_VOLPCR= 0.62
atmPCR= 0.14  belowATM  0.25
atmVolPCR= 0.42  belowATM  0.57
True   75450.95   75000   False   False   43.86
India VIX = 11.62  Spot Price = 75025.77
IV Regime = HIGH (ADAPTIVE: P25= 11.04  P50= 11.29  P75= 11.49 ) | DailyRange = 1245.4 | 3minCandleRange = 65.5 (theoretical= 109.2 ) | ATMoptionMove = 29.5 | SL = 103 | Target = 103 | TrailTrigger = 29 | Spread = 300 | Buffer = 52
IV Params refreshed: {'vix': 11.62, 'bn_price': 75025.77, 'regime': 'HIGH', 'regime_thresholds': 'P25=11.04 P50=11.29 P75=11.49', 'daily_range': 1245.4, 'candle_range': 65.5, 'atm_option_move': 29.5, 'sl_point': 103, 'target_point': 103, 'sl_pct_of_premium': 0.1, 'trail_trigger': 29, 'spread_width': 300, 'support_resistance_buffer': 52}
===
====after 3 min ochain==== 2026-09-09 12:30:00.000004
                                    oipcr   choipcr   CE_OI / PE_OI (same strike)
pcr1 =  BSE:SENSEX2691075800PE   0.08   -0.24 CALL added 1171140   PUT unwind -278160  CE_OI=2017260 PE_OI=163880
pcr2 =  BSE:SENSEX2691075700PE   0.08   -0.16 CALL added 1379580   PUT unwind -217320  CE_OI=2052660 PE_OI=157460
pcr3 =  BSE:SENSEX2691075600CE   0.09   -0.25 CALL added 1535380   PUT unwind -385220  CE_OI=2108980 PE_OI=191360
pcr4 =  BSE:SENSEX2691075500CE   0.11   -0.12 CALL added 3817120   PUT unwind -468500  CE_OI=4203400 PE_OI=456880
pcr5 =  BSE:SENSEX2691075400PE   0.14   -0.02 CALL added 1888100   PUT unwind -28980  CE_OI=1968200 PE_OI=278660
pcr6 =  BSE:SENSEX2691075300PE   0.26    0.1 CALL added 2462540   PUT added 239020  CE_OI=2504600 PE_OI=640580
pcr7 =  BSE:SENSEX2691075200PE   0.34   0.24 CALL added 3443820   PUT added 828100  CE_OI=3485200 PE_OI=1182160
pcr8 =  BSE:SENSEX2691075100CE   0.49   0.43 CALL added 3308740   PUT added 1414620  CE_OI=3329340 PE_OI=1645780
pcr9 =  BSE:SENSEX2691075000PE   1.11   0.78 CALL added 3637340   PUT added 2849920  CE_OI=3716220 PE_OI=4106800
pcr10 =  BSE:SENSEX2691074900PE   2.01   1.64 CALL added 982080   PUT added 1614560  CE_OI=993940 PE_OI=1997700
pcr11 =  BSE:SENSEX2691074800PE   4.83   2.82 CALL added 351200   PUT added 989860  CE_OI=360800 PE_OI=1742200
pcr12 =  BSE:SENSEX2691074700CE   7.44   5.27 CALL added 194380   PUT added 1023460  CE_OI=199540 PE_OI=1485040
pcr13 =  BSE:SENSEX2691074600PE   15.86   10.11 CALL added 88020   PUT added 889880  CE_OI=92480 PE_OI=1466380
pcr14 =  BSE:SENSEX2691074500PE   18.1   11.54 CALL added 153240   PUT added 1768460  CE_OI=161880 PE_OI=2929720
pcr15 =  BSE:SENSEX2691074400PE   91.62   70.23 CALL added 12860   PUT added 903100  CE_OI=12860 PE_OI=1178280
pcr16 =  BSE:SENSEX2691074300PE   108.48   80.8 CALL added 9700   PUT added 783740  CE_OI=9700 PE_OI=1052220
pcr17 =  BSE:SENSEX2691074200CE   103.18   58.57 CALL added 7520   PUT added 440480  CE_OI=7540 PE_OI=777940
PCRSUM== 354.22
pcrSummation== 32.48
VOLPCRSUM== 5.49
spotLTP =  75025.77  ATM_STRIKE =  75000
IS_ATM_STRIKE_SHIFT = False  mapStrike = {75000: 75000}
avgOiPcrList2 = [np.float64(20.72), np.float64(20.84)] atmStrikeNotShiftedCount= 2
False   2   2
SUPP_RES=== 75000  Buffer= 52
ANCHOR_COMPARE: spot=75025.77 fut=75488.1 basis(fut-spot)=462.33 | SR_spot(PRIMARY)=75000 SR_future=75500 SR_diff(fut-spot)=500 | PCRwin_spot(PRIMARY)=75000 PCRwin_future=75500
CEoich val =  3637340.0  PEoich val =  2849920.0 , CE > PE by 21.6%
SUPP_RES TOTAL OI: CE= 3716220  PE= 4106800 , CE < PE by 9.5%
FUT_SUPP_RES=== 75500  (FUT_LTP= 75488.1 ) Buffer= 52
FUT CEoich val =  3817120.0  PEoich val =  -468500.0 , CE > PE by 112.3%
FUT_SUPP_RES TOTAL OI: CE= 4203400  PE= 456880 , CE > PE by 89.1%
OI_SUPP_RES: spot=75025.77 ATM=75000 (ATM_CE_OI=3716220 ATM_PE_OI=4106800) | SUPPORT=75000PE OI=4106800 (dist=0) | RESISTANCE=75500CE OI=4203400 (dist=500)
OI_SUPPORT=== 75000
OI_SUPPORT CEoich val = 3637340.0  PEoich val = 2849920.0 , CE > PE by 21.6%
OI_SUPPORT TOTAL OI: CE= 3716220  PE= 4106800 , CE < PE by 9.5%
OI_RESISTANCE=== 75500
OI_RESISTANCE CEoich val = 3817120.0  PEoich val = -468500.0 , CE > PE by 112.3%
OI_RESISTANCE TOTAL OI: CE= 4203400  PE= 456880 , CE > PE by 89.1%
IS_MORNING_WINDOW= False  (active 9:15-9:48 IST)
================================================
==== signal check time ==== 2026-09-09 12:30:00.624612
IS_CHOI_DIFF_GT_25PERC== False
RSI_VAL1== 50.72
RSI_VAL2== 50.72
FUT_3m_OHLC O= 75467.3  H= 75488.1  L= 75455.0  C= 75488.1  Range= 33.1
CHART_PATTERN_DETECTED: DOUBLE_BOTTOM_FORMING
  PATTERN_CONTEXT: Body= 20.8  Range= 33.1  ExpectedRange= 65.5  RangeRatio= 0.51  O= 75467.3  H= 75488.1  L= 75455.0  C= 75488.1
newSynthFut =  75000
ATMStrike =  75000
AVG_OIPCR= 3.61
avgoiPCROld=  20.84
SUPP_RES = 75000
FUT LTP = 75488.1
CEchoi  PechOi = 3637340.0    2849920.0
====================================
AVG_VOLPCR= 0.61
atmPCR= 0.14  belowATM  0.26
atmVolPCR= 0.42  belowATM  0.57
False   75488.1   75000   False   False   50.72
India VIX = 11.57  Spot Price = 75092.16
IV Regime = HIGH (ADAPTIVE: P25= 11.04  P50= 11.29  P75= 11.49 ) | DailyRange = 1241.2 | 3minCandleRange = 65.3 (theoretical= 108.9 ) | ATMoptionMove = 29.4 | SL = 103 | Target = 103 | TrailTrigger = 29 | Spread = 300 | Buffer = 52
IV Params refreshed: {'vix': 11.57, 'bn_price': 75092.16, 'regime': 'HIGH', 'regime_thresholds': 'P25=11.04 P50=11.29 P75=11.49', 'daily_range': 1241.2, 'candle_range': 65.3, 'atm_option_move': 29.4, 'sl_point': 103, 'target_point': 103, 'sl_pct_of_premium': 0.1, 'trail_trigger': 29, 'spread_width': 300, 'support_resistance_buffer': 52}
===
====after 3 min ochain==== 2026-09-09 12:33:00.000001
                                    oipcr   choipcr   CE_OI / PE_OI (same strike)
pcr1 =  BSE:SENSEX2691075900CE   0.09   -0.14 CALL added 944120   PUT unwind -128960  CE_OI=1622580 PE_OI=152160
pcr2 =  BSE:SENSEX2691075800PE   0.08   -0.24 CALL added 1146360   PUT unwind -277120  CE_OI=1992480 PE_OI=164920
pcr3 =  BSE:SENSEX2691075700PE   0.08   -0.16 CALL added 1401080   PUT unwind -217320  CE_OI=2074160 PE_OI=157460
pcr4 =  BSE:SENSEX2691075600CE   0.09   -0.25 CALL added 1537380   PUT unwind -384580  CE_OI=2110980 PE_OI=192000
pcr5 =  BSE:SENSEX2691075500CE   0.11   -0.12 CALL added 3827820   PUT unwind -446260  CE_OI=4214100 PE_OI=479120
pcr6 =  BSE:SENSEX2691075400PE   0.15    -0.01 CALL added 1872600   PUT unwind -22940  CE_OI=1952700 PE_OI=284700
pcr7 =  BSE:SENSEX2691075300PE   0.27   0.11 CALL added 2439120   PUT added 272940  CE_OI=2481180 PE_OI=674500
pcr8 =  BSE:SENSEX2691075200PE   0.35   0.25 CALL added 3332300   PUT added 841140  CE_OI=3373680 PE_OI=1195200
pcr9 =  BSE:SENSEX2691075100CE   0.51   0.45 CALL added 3250660   PUT added 1452580  CE_OI=3271260 PE_OI=1683740
pcr10 =  BSE:SENSEX2691075000PE   1.21   0.87 CALL added 3365540   PUT added 2911680  CE_OI=3444420 PE_OI=4168560
pcr11 =  BSE:SENSEX2691074900PE   2.26   1.85 CALL added 859060   PUT added 1588660  CE_OI=870920 PE_OI=1971800
pcr12 =  BSE:SENSEX2691074800PE   5.08   2.98 CALL added 334280   PUT added 995200  CE_OI=343880 PE_OI=1747540
pcr13 =  BSE:SENSEX2691074700CE   8.1   5.77 CALL added 180080   PUT added 1039060  CE_OI=185240 PE_OI=1500640
pcr14 =  BSE:SENSEX2691074600PE   19.01   12.25 CALL added 72660   PUT added 889740  CE_OI=77120 PE_OI=1466240
pcr15 =  BSE:SENSEX2691074500PE   19.94   12.83 CALL added 139020   PUT added 1783320  CE_OI=147660 PE_OI=2944580
pcr16 =  BSE:SENSEX2691074400PE   103.68   79.54 CALL added 11400   PUT added 906780  CE_OI=11400 PE_OI=1181960
pcr17 =  BSE:SENSEX2691074300PE   114.58   84.95 CALL added 9060   PUT added 769620  CE_OI=9060 PE_OI=1038100
PCRSUM== 275.59
pcrSummation== 18.04
VOLPCRSUM== 3.46
spotLTP =  75093.66  ATM_STRIKE =  75100
IS_ATM_STRIKE_SHIFT = True  mapStrike = {75100: 75100}
avgOiPcrList2 = [np.float64(16.21)] atmStrikeNotShiftedCount= 1
True   1   1
SUPP_RES=== 75000  Buffer= 52
ANCHOR_COMPARE: spot=75093.66 fut=75500.0 basis(fut-spot)=406.34 | SR_spot(PRIMARY)=75000 SR_future=75500 SR_diff(fut-spot)=500 | PCRwin_spot(PRIMARY)=75100 PCRwin_future=75500
CEoich val =  3365540.0  PEoich val =  2911680.0 , CE > PE by 13.5%
SUPP_RES TOTAL OI: CE= 3444420  PE= 4168560 , CE < PE by 17.4%
FUT_SUPP_RES=== 75500  (FUT_LTP= 75500.0 ) Buffer= 52
FUT CEoich val =  3827820.0  PEoich val =  -446260.0 , CE > PE by 111.7%
FUT_SUPP_RES TOTAL OI: CE= 4214100  PE= 479120 , CE > PE by 88.6%
OI_SUPP_RES: spot=75093.66 ATM=75100 (ATM_CE_OI=3271260 ATM_PE_OI=1683740) | SUPPORT=75000PE OI=4168560 (dist=-100) | RESISTANCE=75500CE OI=4214100 (dist=400)
OI_SUPPORT=== 75000
OI_SUPPORT CEoich val = 3365540.0  PEoich val = 2911680.0 , CE > PE by 13.5%
OI_SUPPORT TOTAL OI: CE= 3444420  PE= 4168560 , CE < PE by 17.4%
OI_RESISTANCE=== 75500
OI_RESISTANCE CEoich val = 3827820.0  PEoich val = -446260.0 , CE > PE by 111.7%
OI_RESISTANCE TOTAL OI: CE= 4214100  PE= 479120 , CE > PE by 88.6%
IS_MORNING_WINDOW= False  (active 9:15-9:48 IST)
================================================
==== signal check time ==== 2026-09-09 12:33:00.592432
IS_CHOI_DIFF_GT_25PERC== False
RSI_VAL1== 52.71
RSI_VAL2== 52.71
FUT_3m_OHLC O= 75488.1  H= 75500.0  L= 75488.1  C= 75500.0  Range= 11.9
CHART_PATTERN_DETECTED: THREE_WHITE_SOLDIERS | DOUBLE_TOP_FORMING
  PATTERN_CONTEXT: Body= 11.9  Range= 11.9  ExpectedRange= 65.3  RangeRatio= 0.18  O= 75488.1  H= 75500.0  L= 75488.1  C= 75500.0
newSynthFut =  75100
ATMStrike =  75100
AVG_OIPCR= 2.0
avgoiPCROld=  16.21
SUPP_RES = 75000
FUT LTP = 75500.0
CEchoi  PechOi = 3365540.0    2911680.0
====================================
AVG_VOLPCR= 0.38
atmPCR= 0.11  belowATM  0.15
atmVolPCR= 0.19  belowATM  0.42
False   75500.0   75000   False   False   52.71
India VIX = 11.61  Spot Price = 75192.7
IV Regime = HIGH (ADAPTIVE: P25= 11.04  P50= 11.29  P75= 11.49 ) | DailyRange = 1247.1 | 3minCandleRange = 65.6 (theoretical= 109.4 ) | ATMoptionMove = 29.5 | SL = 103 | Target = 103 | TrailTrigger = 30 | Spread = 300 | Buffer = 53
IV Params refreshed: {'vix': 11.61, 'bn_price': 75192.7, 'regime': 'HIGH', 'regime_thresholds': 'P25=11.04 P50=11.29 P75=11.49', 'daily_range': 1247.1, 'candle_range': 65.6, 'atm_option_move': 29.5, 'sl_point': 103, 'target_point': 103, 'sl_pct_of_premium': 0.1, 'trail_trigger': 30, 'spread_width': 300, 'support_resistance_buffer': 53}
===
====after 3 min ochain==== 2026-09-09 12:36:00.000025
                                    oipcr   choipcr   CE_OI / PE_OI (same strike)
pcr1 =  BSE:SENSEX2691076000CE   0.1   -0.11 CALL added 2235840   PUT unwind -242100  CE_OI=4078820 PE_OI=403540
pcr2 =  BSE:SENSEX2691075900CE   0.09   -0.14 CALL added 942060   PUT unwind -129500  CE_OI=1620520 PE_OI=151620
pcr3 =  BSE:SENSEX2691075800PE   0.08   -0.24 CALL added 1146560   PUT unwind -277180  CE_OI=1992680 PE_OI=164860
pcr4 =  BSE:SENSEX2691075700PE   0.07   -0.16 CALL added 1376780   PUT unwind -225300  CE_OI=2049860 PE_OI=149480
pcr5 =  BSE:SENSEX2691075600CE   0.09   -0.26 CALL added 1461320   PUT unwind -385880  CE_OI=2034920 PE_OI=190700
pcr6 =  BSE:SENSEX2691075500CE   0.12    -0.12 CALL added 3685560   PUT unwind -425380  CE_OI=4071840 PE_OI=500000
pcr7 =  BSE:SENSEX2691075400PE   0.15   -0.01 CALL added 1812220   PUT unwind -17720  CE_OI=1892320 PE_OI=289920
pcr8 =  BSE:SENSEX2691075300PE   0.28   0.11 CALL added 2360380   PUT added 260800  CE_OI=2402440 PE_OI=662360
pcr9 =  BSE:SENSEX2691075200PE   0.39   0.29 CALL added 3204500   PUT added 923600  CE_OI=3245880 PE_OI=1277660
pcr10 =  BSE:SENSEX2691075100CE   0.6   0.53 CALL added 3039260   PUT added 1610320  CE_OI=3059860 PE_OI=1841480
pcr11 =  BSE:SENSEX2691075000PE   1.39   1.01 CALL added 3042680   PUT added 3085820  CE_OI=3121560 PE_OI=4342700
pcr12 =  BSE:SENSEX2691074900PE   2.72   2.24 CALL added 730300   PUT added 1637400  CE_OI=742160 PE_OI=2020540
pcr13 =  BSE:SENSEX2691074800PE   5.93   3.52 CALL added 289400   PUT added 1019460  CE_OI=299000 PE_OI=1771800
pcr14 =  BSE:SENSEX2691074700CE   9.61   7.02 CALL added 159120   PUT added 1117540  CE_OI=164280 PE_OI=1579120
pcr15 =  BSE:SENSEX2691074600PE   19.93   12.62 CALL added 66700   PUT added 841540  CE_OI=71160 PE_OI=1418040
pcr16 =  BSE:SENSEX2691074500PE   21.45   13.89 CALL added 129220   PUT added 1795160  CE_OI=137860 PE_OI=2956420
pcr17 =  BSE:SENSEX2691074400PE   103.6   78.62 CALL added 11020   PUT added 866440  CE_OI=11020 PE_OI=1141620
PCRSUM== 166.6
pcrSummation== 11.67
VOLPCRSUM== 2.17
spotLTP =  75189.14  ATM_STRIKE =  75200
IS_ATM_STRIKE_SHIFT = True  mapStrike = {75200: 75200}
avgOiPcrList2 = [np.float64(9.8)] atmStrikeNotShiftedCount= 1
True   1   1
SUPP_RES=== 75000  Buffer= 53
ANCHOR_COMPARE: spot=75189.14 fut=75640.0 basis(fut-spot)=450.86 | SR_spot(PRIMARY)=75000 SR_future=75500 SR_diff(fut-spot)=500 | PCRwin_spot(PRIMARY)=75200 PCRwin_future=75600
CEoich val =  3042680.0  PEoich val =  3085820.0 , CE < PE by 1.4%
SUPP_RES TOTAL OI: CE= 3121560  PE= 4342700 , CE < PE by 28.1%
FUT_SUPP_RES=== 75500  (FUT_LTP= 75640.0 ) Buffer= 53
FUT CEoich val =  3685560.0  PEoich val =  -425380.0 , CE > PE by 111.5%
FUT_SUPP_RES TOTAL OI: CE= 4071840  PE= 500000 , CE > PE by 87.7%
OI_SUPP_RES: spot=75189.14 ATM=75200 (ATM_CE_OI=3245880 ATM_PE_OI=1277660) | SUPPORT=75000PE OI=4342700 (dist=-200) | RESISTANCE=76000CE OI=4078820 (dist=800)
OI_SUPPORT=== 75000
OI_SUPPORT CEoich val = 3042680.0  PEoich val = 3085820.0 , CE < PE by 1.4%
OI_SUPPORT TOTAL OI: CE= 3121560  PE= 4342700 , CE < PE by 28.1%
OI_RESISTANCE=== 76000
OI_RESISTANCE CEoich val = 2235840.0  PEoich val = -242100.0 , CE > PE by 110.8%
OI_RESISTANCE TOTAL OI: CE= 4078820  PE= 403540 , CE > PE by 90.1%
IS_MORNING_WINDOW= False  (active 9:15-9:48 IST)
================================================
==== signal check time ==== 2026-09-09 12:36:00.591616
IS_CHOI_DIFF_GT_25PERC== False
RSI_VAL1== 68.73
RSI_VAL2== 68.73
FUT_3m_OHLC O= 75542.0  H= 75650.4  L= 75542.0  C= 75640.0  Range= 108.4
CHART_PATTERN_DETECTED: THREE_WHITE_SOLDIERS | STRONG_MOMENTUM_BULL
  PATTERN_CONTEXT: Body= 98.0  Range= 108.4  ExpectedRange= 65.6  RangeRatio= 1.65  O= 75542.0  H= 75650.4  L= 75542.0  C= 75640.0
newSynthFut =  75200
ATMStrike =  75200
AVG_OIPCR= 1.3
avgoiPCROld=  9.8
SUPP_RES = 75000
FUT LTP = 75640.0
CEchoi  PechOi = 3042680.0    3085820.0
====================================
AVG_VOLPCR= 0.24
atmPCR= 0.09  belowATM  0.12
atmVolPCR= 0.1  belowATM  0.18
False   75640.0   75000   False   False   68.73
India VIX = 11.6  Spot Price = 75185.54
IV Regime = HIGH (ADAPTIVE: P25= 11.04  P50= 11.29  P75= 11.49 ) | DailyRange = 1245.9 | 3minCandleRange = 65.6 (theoretical= 109.3 ) | ATMoptionMove = 29.5 | SL = 103 | Target = 103 | TrailTrigger = 30 | Spread = 300 | Buffer = 52
IV Params refreshed: {'vix': 11.6, 'bn_price': 75185.54, 'regime': 'HIGH', 'regime_thresholds': 'P25=11.04 P50=11.29 P75=11.49', 'daily_range': 1245.9, 'candle_range': 65.6, 'atm_option_move': 29.5, 'sl_point': 103, 'target_point': 103, 'sl_pct_of_premium': 0.1, 'trail_trigger': 30, 'spread_width': 300, 'support_resistance_buffer': 52}
===
====after 3 min ochain==== 2026-09-09 12:39:00.000004
                                    oipcr   choipcr   CE_OI / PE_OI (same strike)
pcr1 =  BSE:SENSEX2691076000CE   0.11   -0.13 CALL added 1817900   PUT unwind -240760  CE_OI=3660880 PE_OI=404880
pcr2 =  BSE:SENSEX2691075900CE   0.11   -0.17 CALL added 745440   PUT unwind -127060  CE_OI=1423900 PE_OI=154060
pcr3 =  BSE:SENSEX2691075800PE   0.09   -0.28 CALL added 974320   PUT unwind -274480  CE_OI=1820440 PE_OI=167560
pcr4 =  BSE:SENSEX2691075700PE   0.09   -0.18 CALL added 1164580   PUT unwind -204800  CE_OI=1837660 PE_OI=169980
pcr5 =  BSE:SENSEX2691075600CE   0.11   -0.27 CALL added 1380700   PUT unwind -370320  CE_OI=1954300 PE_OI=206260
pcr6 =  BSE:SENSEX2691075500CE   0.17    -0.13 CALL added 2835940   PUT unwind -375800  CE_OI=3222220 PE_OI=549580
pcr7 =  BSE:SENSEX2691075400PE   0.24   0.04 CALL added 1463620   PUT added 63320  CE_OI=1543720 PE_OI=370960
pcr8 =  BSE:SENSEX2691075300PE   0.53   0.32 CALL added 1787240   PUT added 569300  CE_OI=1829300 PE_OI=970860
pcr9 =  BSE:SENSEX2691075200PE   0.8   0.67 CALL added 2458720   PUT added 1656300  CE_OI=2500100 PE_OI=2010360
pcr10 =  BSE:SENSEX2691075100CE   1.19   1.09 CALL added 1961880   PUT added 2134740  CE_OI=1982480 PE_OI=2365900
pcr11 =  BSE:SENSEX2691075000PE   2.27   1.73 CALL added 1995560   PUT added 3445500  CE_OI=2074440 PE_OI=4702380
pcr12 =  BSE:SENSEX2691074900PE   4.13   3.46 CALL added 497100   PUT added 1718320  CE_OI=508960 PE_OI=2101460
pcr13 =  BSE:SENSEX2691074800PE   8.87   5.56 CALL added 201100   PUT added 1117380  CE_OI=210700 PE_OI=1869720
pcr14 =  BSE:SENSEX2691074700CE   15.08   11.25 CALL added 100180   PUT added 1127320  CE_OI=105340 PE_OI=1588900
pcr15 =  BSE:SENSEX2691074600PE   24.97   15.93 CALL added 51460   PUT added 819740  CE_OI=55920 PE_OI=1396240
pcr16 =  BSE:SENSEX2691074500PE   25.33   16.09 CALL added 101980   PUT added 1640880  CE_OI=110620 PE_OI=2802140
pcr17 =  BSE:SENSEX2691074400PE   129.52   95.12 CALL added 8000   PUT added 760980  CE_OI=8000 PE_OI=1036160
PCRSUM== 213.61
pcrSummation== 18.31
VOLPCRSUM== 2.17
spotLTP =  75185.54  ATM_STRIKE =  75200
IS_ATM_STRIKE_SHIFT = False  mapStrike = {75200: 75200}
avgOiPcrList2 = [np.float64(9.8), np.float64(12.57)] atmStrikeNotShiftedCount= 2
False   2   2
SUPP_RES=== 75000  Buffer= 52
ANCHOR_COMPARE: spot=75185.54 fut=75640.0 basis(fut-spot)=454.46 | SR_spot(PRIMARY)=75000 SR_future=75500 SR_diff(fut-spot)=500 | PCRwin_spot(PRIMARY)=75200 PCRwin_future=75600
CEoich val =  1995560.0  PEoich val =  3445500.0 , CE < PE by 42.1%
SUPP_RES TOTAL OI: CE= 2074440  PE= 4702380 , CE < PE by 55.9%
FUT_SUPP_RES=== 75500  (FUT_LTP= 75640.0 ) Buffer= 52
FUT CEoich val =  2835940.0  PEoich val =  -375800.0 , CE > PE by 113.3%
FUT_SUPP_RES TOTAL OI: CE= 3222220  PE= 549580 , CE > PE by 82.9%
OI_SUPP_RES: spot=75185.54 ATM=75200 (ATM_CE_OI=2500100 ATM_PE_OI=2010360) | SUPPORT=75000PE OI=4702380 (dist=-200) | RESISTANCE=76000CE OI=3660880 (dist=800)
OI_SUPPORT=== 75000
OI_SUPPORT CEoich val = 1995560.0  PEoich val = 3445500.0 , CE < PE by 42.1%
OI_SUPPORT TOTAL OI: CE= 2074440  PE= 4702380 , CE < PE by 55.9%
OI_RESISTANCE=== 76000
OI_RESISTANCE CEoich val = 1817900.0  PEoich val = -240760.0 , CE > PE by 113.2%
OI_RESISTANCE TOTAL OI: CE= 3660880  PE= 404880 , CE > PE by 88.9%
IS_MORNING_WINDOW= False  (active 9:15-9:48 IST)
================================================
==== signal check time ==== 2026-09-09 12:39:00.625320
IS_CHOI_DIFF_GT_25PERC== True
RSI_VAL1== 68.73
RSI_VAL2== 68.73
FUT_3m_OHLC O= 75655.0  H= 75655.0  L= 75620.0  C= 75640.0  Range= 34.9
CHART_PATTERN_DETECTED: DOUBLE_TOP_FORMING
  PATTERN_CONTEXT: Body= -14.9  Range= 34.9  ExpectedRange= 65.6  RangeRatio= 0.53  O= 75655.0  H= 75655.0  L= 75620.0  C= 75640.0
newSynthFut =  75200
ATMStrike =  75200
AVG_OIPCR= 2.03
avgoiPCROld=  12.57
SUPP_RES = 75000
FUT LTP = 75640.0
CEchoi  PechOi = 1995560.0    3445500.0
====================================
AVG_VOLPCR= 0.24
atmPCR= 0.11  belowATM  0.17
atmVolPCR= 0.1  belowATM  0.18
True   75640.0   75000   False   False   68.73
India VIX = 11.59  Spot Price = 75189.59
IV Regime = HIGH (ADAPTIVE: P25= 11.04  P50= 11.29  P75= 11.49 ) | DailyRange = 1244.9 | 3minCandleRange = 65.5 (theoretical= 109.2 ) | ATMoptionMove = 29.5 | SL = 103 | Target = 103 | TrailTrigger = 29 | Spread = 300 | Buffer = 52
IV Params refreshed: {'vix': 11.59, 'bn_price': 75189.59, 'regime': 'HIGH', 'regime_thresholds': 'P25=11.04 P50=11.29 P75=11.49', 'daily_range': 1244.9, 'candle_range': 65.5, 'atm_option_move': 29.5, 'sl_point': 103, 'target_point': 103, 'sl_pct_of_premium': 0.1, 'trail_trigger': 29, 'spread_width': 300, 'support_resistance_buffer': 52}
===
====after 3 min ochain==== 2026-09-09 12:42:00.000001
                                    oipcr   choipcr   CE_OI / PE_OI (same strike)
pcr1 =  BSE:SENSEX2691076000CE   0.11   -0.13 CALL added 1839980   PUT unwind -238140  CE_OI=3682960 PE_OI=407500
pcr2 =  BSE:SENSEX2691075900CE   0.11   -0.18 CALL added 720280   PUT unwind -127160  CE_OI=1398740 PE_OI=153960
pcr3 =  BSE:SENSEX2691075800PE   0.09   -0.27 CALL added 1007900   PUT unwind -274300  CE_OI=1854020 PE_OI=167740
pcr4 =  BSE:SENSEX2691075700PE   0.1   -0.17 CALL added 1160020   PUT unwind -193760  CE_OI=1833100 PE_OI=181020
pcr5 =  BSE:SENSEX2691075600CE   0.11   -0.27 CALL added 1364140   PUT unwind -367980  CE_OI=1937740 PE_OI=208600
pcr6 =  BSE:SENSEX2691075500CE   0.18    -0.13 CALL added 2775560   PUT unwind -368760  CE_OI=3161840 PE_OI=556620
pcr7 =  BSE:SENSEX2691075400PE   0.25   0.06 CALL added 1464920   PUT added 81000  CE_OI=1545020 PE_OI=388640
pcr8 =  BSE:SENSEX2691075300PE   0.54   0.33 CALL added 1807220   PUT added 597160  CE_OI=1849280 PE_OI=998720
pcr9 =  BSE:SENSEX2691075200PE   0.88   0.75 CALL added 2477740   PUT added 1869520  CE_OI=2519120 PE_OI=2223580
pcr10 =  BSE:SENSEX2691075100CE   1.29   1.18 CALL added 1877960   PUT added 2208640  CE_OI=1898560 PE_OI=2439800
pcr11 =  BSE:SENSEX2691075000PE   2.31   1.77 CALL added 1980600   PUT added 3503340  CE_OI=2059480 PE_OI=4760220
pcr12 =  BSE:SENSEX2691074900PE   4.33   3.64 CALL added 480300   PUT added 1748500  CE_OI=492160 PE_OI=2131640
pcr13 =  BSE:SENSEX2691074800PE   8.76   5.65 CALL added 215180   PUT added 1216020  CE_OI=224780 PE_OI=1968360
pcr14 =  BSE:SENSEX2691074700CE   15.91   11.97 CALL added 96500   PUT added 1155400  CE_OI=101660 PE_OI=1616980
pcr15 =  BSE:SENSEX2691074600PE   26.95   18.14 CALL added 51800   PUT added 939680  CE_OI=56260 PE_OI=1516180
pcr16 =  BSE:SENSEX2691074500PE   28.21   18.21 CALL added 91760   PUT added 1671040  CE_OI=100400 PE_OI=2832300
pcr17 =  BSE:SENSEX2691074400PE   149.72   112.02 CALL added 7300   PUT added 817760  CE_OI=7300 PE_OI=1092940
PCRSUM== 239.85
pcrSummation== 18.65
VOLPCRSUM== 2.16
spotLTP =  75189.59  ATM_STRIKE =  75200
IS_ATM_STRIKE_SHIFT = False  mapStrike = {75200: 75200}
avgOiPcrList2 = [np.float64(9.8), np.float64(12.57), np.float64(14.11)] atmStrikeNotShiftedCount= 3
False   3   3
SUPP_RES=== 75000  Buffer= 52
ANCHOR_COMPARE: spot=75189.59 fut=75620.0 basis(fut-spot)=430.41 | SR_spot(PRIMARY)=75000 SR_future=75500 SR_diff(fut-spot)=500 | PCRwin_spot(PRIMARY)=75200 PCRwin_future=75600
CEoich val =  1980600.0  PEoich val =  3503340.0 , CE < PE by 43.5%
SUPP_RES TOTAL OI: CE= 2059480  PE= 4760220 , CE < PE by 56.7%
FUT_SUPP_RES=== 75500  (FUT_LTP= 75620.0 ) Buffer= 52
FUT CEoich val =  2775560.0  PEoich val =  -368760.0 , CE > PE by 113.3%
FUT_SUPP_RES TOTAL OI: CE= 3161840  PE= 556620 , CE > PE by 82.4%
OI_SUPP_RES: spot=75189.59 ATM=75200 (ATM_CE_OI=2519120 ATM_PE_OI=2223580) | SUPPORT=75000PE OI=4760220 (dist=-200) | RESISTANCE=76000CE OI=3682960 (dist=800)
OI_SUPPORT=== 75000
OI_SUPPORT CEoich val = 1980600.0  PEoich val = 3503340.0 , CE < PE by 43.5%
OI_SUPPORT TOTAL OI: CE= 2059480  PE= 4760220 , CE < PE by 56.7%
OI_RESISTANCE=== 76000
OI_RESISTANCE CEoich val = 1839980.0  PEoich val = -238140.0 , CE > PE by 112.9%
OI_RESISTANCE TOTAL OI: CE= 3682960  PE= 407500 , CE > PE by 88.9%
IS_MORNING_WINDOW= False  (active 9:15-9:48 IST)
================================================
==== signal check time ==== 2026-09-09 12:42:00.625047
IS_CHOI_DIFF_GT_25PERC== True
RSI_VAL1== 65.08
RSI_VAL2== 65.08
FUT_3m_OHLC O= 75620.0  H= 75637.1  L= 75620.0  C= 75620.0  Range= 17.1
CHART_PATTERN_DETECTED: INSIDE_BAR | DOUBLE_TOP_FORMING
  PATTERN_CONTEXT: Body= 0.0  Range= 17.1  ExpectedRange= 65.5  RangeRatio= 0.26  O= 75620.0  H= 75637.1  L= 75620.0  C= 75620.0
isPcrInc = True
newSynthFut =  75200
ATMStrike =  75200
AVG_OIPCR= 2.07
avgoiPCROld=  14.11
SUPP_RES = 75000
FUT LTP = 75620.0
CEchoi  PechOi = 1980600.0    3503340.0
====================================
AVG_VOLPCR= 0.24
atmPCR= 0.11  belowATM  0.18
atmVolPCR= 0.1  belowATM  0.18
True   75620.0   75000   True   False   65.08
no trade yet = [np.float64(9.8), np.float64(12.57), np.float64(14.11)]
India VIX = 11.59  Spot Price = 75207.81
IV Regime = HIGH (ADAPTIVE: P25= 11.04  P50= 11.29  P75= 11.49 ) | DailyRange = 1245.2 | 3minCandleRange = 65.5 (theoretical= 109.2 ) | ATMoptionMove = 29.5 | SL = 103 | Target = 103 | TrailTrigger = 29 | Spread = 300 | Buffer = 52
IV Params refreshed: {'vix': 11.59, 'bn_price': 75207.81, 'regime': 'HIGH', 'regime_thresholds': 'P25=11.04 P50=11.29 P75=11.49', 'daily_range': 1245.2, 'candle_range': 65.5, 'atm_option_move': 29.5, 'sl_point': 103, 'target_point': 103, 'sl_pct_of_premium': 0.1, 'trail_trigger': 29, 'spread_width': 300, 'support_resistance_buffer': 52}
===
====after 3 min ochain==== 2026-09-09 12:45:00.000003
                                    oipcr   choipcr   CE_OI / PE_OI (same strike)
pcr1 =  BSE:SENSEX2691076000CE   0.11   -0.13 CALL added 1795600   PUT unwind -236840  CE_OI=3638580 PE_OI=408800
pcr2 =  BSE:SENSEX2691075900CE   0.12   -0.19 CALL added 661060   PUT unwind -126480  CE_OI=1339520 PE_OI=154640
pcr3 =  BSE:SENSEX2691075800PE   0.09   -0.29 CALL added 955260   PUT unwind -276260  CE_OI=1801380 PE_OI=165780
pcr4 =  BSE:SENSEX2691075700PE   0.11   -0.18 CALL added 1068340   PUT unwind -187100  CE_OI=1741420 PE_OI=187680
pcr5 =  BSE:SENSEX2691075600CE   0.12   -0.27 CALL added 1298820   PUT unwind -356200  CE_OI=1872420 PE_OI=220380
pcr6 =  BSE:SENSEX2691075500CE   0.19    -0.12 CALL added 2716040   PUT unwind -334200  CE_OI=3102320 PE_OI=591180
pcr7 =  BSE:SENSEX2691075400PE   0.3   0.09 CALL added 1404400   PUT added 130680  CE_OI=1484500 PE_OI=438320
pcr8 =  BSE:SENSEX2691075300PE   0.61   0.4 CALL added 1759840   PUT added 703580  CE_OI=1801900 PE_OI=1105140
pcr9 =  BSE:SENSEX2691075200PE   1.01   0.88 CALL added 2456200   PUT added 2160000  CE_OI=2497580 PE_OI=2514060
pcr10 =  BSE:SENSEX2691075100CE   1.46   1.34 CALL added 1717500   PUT added 2302800  CE_OI=1738100 PE_OI=2533960
pcr11 =  BSE:SENSEX2691075000PE   2.43   1.88 CALL added 1919860   PUT added 3606880  CE_OI=1998740 PE_OI=4863760
pcr12 =  BSE:SENSEX2691074900PE   4.23   3.56 CALL added 492780   PUT added 1753940  CE_OI=504640 PE_OI=2137080
pcr13 =  BSE:SENSEX2691074800PE   10.22   6.73 CALL added 187160   PUT added 1259260  CE_OI=196760 PE_OI=2011600
pcr14 =  BSE:SENSEX2691074700CE   16.66   12.6 CALL added 92460   PUT added 1165160  CE_OI=97620 PE_OI=1626740
pcr15 =  BSE:SENSEX2691074600PE   27.61   18.45 CALL added 49480   PUT added 912940  CE_OI=53940 PE_OI=1489440
pcr16 =  BSE:SENSEX2691074500PE   28.92   18.46 CALL added 87100   PUT added 1607680  CE_OI=95740 PE_OI=2768940
pcr17 =  BSE:SENSEX2691074400PE   124.38   92.16 CALL added 8540   PUT added 787020  CE_OI=8540 PE_OI=1062200
PCRSUM== 218.57
pcrSummation== 20.57
VOLPCRSUM== 2.13
spotLTP =  75207.81  ATM_STRIKE =  75200
IS_ATM_STRIKE_SHIFT = False  mapStrike = {75200: 75200}
avgOiPcrList2 = [np.float64(12.57), np.float64(14.11), np.float64(12.86)] atmStrikeNotShiftedCount= 4
False   4   3
SUPP_RES=== 75000  Buffer= 52
ANCHOR_COMPARE: spot=75207.81 fut=75639.8 basis(fut-spot)=431.99 | SR_spot(PRIMARY)=75000 SR_future=75500 SR_diff(fut-spot)=500 | PCRwin_spot(PRIMARY)=75200 PCRwin_future=75600
CEoich val =  1919860.0  PEoich val =  3606880.0 , CE < PE by 46.8%
SUPP_RES TOTAL OI: CE= 1998740  PE= 4863760 , CE < PE by 58.9%
FUT_SUPP_RES=== 75500  (FUT_LTP= 75639.8 ) Buffer= 52
FUT CEoich val =  2716040.0  PEoich val =  -334200.0 , CE > PE by 112.3%
FUT_SUPP_RES TOTAL OI: CE= 3102320  PE= 591180 , CE > PE by 80.9%
OI_SUPP_RES: spot=75207.81 ATM=75200 (ATM_CE_OI=2497580 ATM_PE_OI=2514060) | SUPPORT=75000PE OI=4863760 (dist=-200) | RESISTANCE=76000CE OI=3638580 (dist=800)
OI_SUPPORT=== 75000
OI_SUPPORT CEoich val = 1919860.0  PEoich val = 3606880.0 , CE < PE by 46.8%
OI_SUPPORT TOTAL OI: CE= 1998740  PE= 4863760 , CE < PE by 58.9%
OI_RESISTANCE=== 76000
OI_RESISTANCE CEoich val = 1795600.0  PEoich val = -236840.0 , CE > PE by 113.2%
OI_RESISTANCE TOTAL OI: CE= 3638580  PE= 408800 , CE > PE by 88.8%
IS_MORNING_WINDOW= False  (active 9:15-9:48 IST)
================================================
==== signal check time ==== 2026-09-09 12:45:00.659430
IS_CHOI_DIFF_GT_25PERC== True
RSI_VAL1== 66.95
RSI_VAL2== 66.95
FUT_3m_OHLC O= 75649.0  H= 75655.0  L= 75639.8  C= 75639.8  Range= 15.2
CHART_PATTERN_DETECTED: DOUBLE_TOP_FORMING
  PATTERN_CONTEXT: Body= -9.2  Range= 15.2  ExpectedRange= 65.5  RangeRatio= 0.23  O= 75649.0  H= 75655.0  L= 75639.8  C= 75639.8
recent two = [np.float64(14.11), np.float64(12.86)]
newSynthFut =  75200
ATMStrike =  75200
AVG_OIPCR= 2.29
avgoiPCROld=  12.86
SUPP_RES = 75000
FUT LTP = 75639.8
CEchoi  PechOi = 1919860.0    3606880.0
====================================
AVG_VOLPCR= 0.24
atmPCR= 0.12  belowATM  0.19
atmVolPCR= 0.1  belowATM  0.17
True   75639.8   75000   False   False   66.95
India VIX = 11.59  Spot Price = 75207.49
IV Regime = HIGH (ADAPTIVE: P25= 11.04  P50= 11.29  P75= 11.49 ) | DailyRange = 1245.2 | 3minCandleRange = 65.5 (theoretical= 109.2 ) | ATMoptionMove = 29.5 | SL = 103 | Target = 103 | TrailTrigger = 29 | Spread = 300 | Buffer = 52
IV Params refreshed: {'vix': 11.59, 'bn_price': 75207.49, 'regime': 'HIGH', 'regime_thresholds': 'P25=11.04 P50=11.29 P75=11.49', 'daily_range': 1245.2, 'candle_range': 65.5, 'atm_option_move': 29.5, 'sl_point': 103, 'target_point': 103, 'sl_pct_of_premium': 0.1, 'trail_trigger': 29, 'spread_width': 300, 'support_resistance_buffer': 52}
===
====after 3 min ochain==== 2026-09-09 12:48:00.000004
                                    oipcr   choipcr   CE_OI / PE_OI (same strike)
pcr1 =  BSE:SENSEX2691076000CE   0.11   -0.13 CALL added 1907540   PUT unwind -245060  CE_OI=3750520 PE_OI=400580
pcr2 =  BSE:SENSEX2691075900CE   0.11   -0.17 CALL added 722480   PUT unwind -125740  CE_OI=1400940 PE_OI=155380
pcr3 =  BSE:SENSEX2691075800PE   0.09   -0.28 CALL added 966080   PUT unwind -274440  CE_OI=1812200 PE_OI=167600
pcr4 =  BSE:SENSEX2691075700PE   0.11   -0.17 CALL added 1111820   PUT unwind -187140  CE_OI=1784900 PE_OI=187640
pcr5 =  BSE:SENSEX2691075600CE   0.12   -0.28 CALL added 1267600   PUT unwind -354560  CE_OI=1841200 PE_OI=222020
pcr6 =  BSE:SENSEX2691075500CE   0.19    -0.12 CALL added 2760460   PUT unwind -325480  CE_OI=3146740 PE_OI=599900
pcr7 =  BSE:SENSEX2691075400PE   0.31   0.11 CALL added 1429480   PUT added 158680  CE_OI=1509580 PE_OI=466320
pcr8 =  BSE:SENSEX2691075300PE   0.71   0.5 CALL added 1771460   PUT added 877440  CE_OI=1813520 PE_OI=1279000
pcr9 =  BSE:SENSEX2691075200PE   1.11   0.98 CALL added 2401480   PUT added 2350740  CE_OI=2442860 PE_OI=2704800
pcr10 =  BSE:SENSEX2691075100CE   1.55   1.43 CALL added 1649100   PUT added 2355980  CE_OI=1669700 PE_OI=2587140
pcr11 =  BSE:SENSEX2691075000PE   2.6   2.03 CALL added 1855960   PUT added 3767840  CE_OI=1934840 PE_OI=5024720
pcr12 =  BSE:SENSEX2691074900PE   4.64   3.94 CALL added 467160   PUT added 1841420  CE_OI=479020 PE_OI=2224560
pcr13 =  BSE:SENSEX2691074800PE   10.48   6.99 CALL added 186880   PUT added 1306580  CE_OI=196480 PE_OI=2058920
pcr14 =  BSE:SENSEX2691074700CE   17.15   13.09 CALL added 91860   PUT added 1202140  CE_OI=97020 PE_OI=1663720
pcr15 =  BSE:SENSEX2691074600PE   28.76   19.54 CALL added 48600   PUT added 949500  CE_OI=53060 PE_OI=1526000
pcr16 =  BSE:SENSEX2691074500PE   30.57   19.88 CALL added 83900   PUT added 1667960  CE_OI=92540 PE_OI=2829220
pcr17 =  BSE:SENSEX2691074400PE   128.66   94.94 CALL added 8160   PUT added 774680  CE_OI=8160 PE_OI=1049860
PCRSUM== 227.27
pcrSummation== 21.71
VOLPCRSUM== 2.12
spotLTP =  75207.49  ATM_STRIKE =  75200
IS_ATM_STRIKE_SHIFT = False  mapStrike = {75200: 75200}
avgOiPcrList2 = [np.float64(14.11), np.float64(12.86), np.float64(13.37)] atmStrikeNotShiftedCount= 5
False   5   3
SUPP_RES=== 75000  Buffer= 52
ANCHOR_COMPARE: spot=75207.49 fut=75639.8 basis(fut-spot)=432.31 | SR_spot(PRIMARY)=75000 SR_future=75500 SR_diff(fut-spot)=500 | PCRwin_spot(PRIMARY)=75200 PCRwin_future=75600
CEoich val =  1855960.0  PEoich val =  3767840.0 , CE < PE by 50.7%
SUPP_RES TOTAL OI: CE= 1934840  PE= 5024720 , CE < PE by 61.5%
FUT_SUPP_RES=== 75500  (FUT_LTP= 75639.8 ) Buffer= 52
FUT CEoich val =  2760460.0  PEoich val =  -325480.0 , CE > PE by 111.8%
FUT_SUPP_RES TOTAL OI: CE= 3146740  PE= 599900 , CE > PE by 80.9%
OI_SUPP_RES: spot=75207.49 ATM=75200 (ATM_CE_OI=2442860 ATM_PE_OI=2704800) | SUPPORT=75000PE OI=5024720 (dist=-200) | RESISTANCE=76000CE OI=3750520 (dist=800)
OI_SUPPORT=== 75000
OI_SUPPORT CEoich val = 1855960.0  PEoich val = 3767840.0 , CE < PE by 50.7%
OI_SUPPORT TOTAL OI: CE= 1934840  PE= 5024720 , CE < PE by 61.5%
OI_RESISTANCE=== 76000
OI_RESISTANCE CEoich val = 1907540.0  PEoich val = -245060.0 , CE > PE by 112.8%
OI_RESISTANCE TOTAL OI: CE= 3750520  PE= 400580 , CE > PE by 89.3%
IS_MORNING_WINDOW= False  (active 9:15-9:48 IST)
================================================
==== signal check time ==== 2026-09-09 12:48:00.613013
IS_CHOI_DIFF_GT_25PERC== True
RSI_VAL1== 66.95
RSI_VAL2== 66.95
FUT_3m_OHLC O= 75631.0  H= 75639.8  L= 75608.5  C= 75639.8  Range= 31.3
CHART_PATTERN_DETECTED: HAMMER | DOUBLE_TOP_FORMING | DOUBLE_BOTTOM_FORMING
  PATTERN_CONTEXT: Body= 8.8  Range= 31.3  ExpectedRange= 65.5  RangeRatio= 0.48  O= 75631.0  H= 75639.8  L= 75608.5  C= 75639.8
recent two = [np.float64(12.86), np.float64(13.37)]
newSynthFut =  75200
ATMStrike =  75200
AVG_OIPCR= 2.41
avgoiPCROld=  13.37
SUPP_RES = 75000
FUT LTP = 75639.8
CEchoi  PechOi = 1855960.0    3767840.0
====================================
AVG_VOLPCR= 0.24
atmPCR= 0.12  belowATM  0.19
atmVolPCR= 0.1  belowATM  0.17
True   75639.8   75000   False   False   66.95
India VIX = 11.58  Spot Price = 75199.29
IV Regime = HIGH (ADAPTIVE: P25= 11.04  P50= 11.29  P75= 11.49 ) | DailyRange = 1244.0 | 3minCandleRange = 65.5 (theoretical= 109.1 ) | ATMoptionMove = 29.5 | SL = 103 | Target = 103 | TrailTrigger = 29 | Spread = 300 | Buffer = 52
IV Params refreshed: {'vix': 11.58, 'bn_price': 75199.29, 'regime': 'HIGH', 'regime_thresholds': 'P25=11.04 P50=11.29 P75=11.49', 'daily_range': 1244.0, 'candle_range': 65.5, 'atm_option_move': 29.5, 'sl_point': 103, 'target_point': 103, 'sl_pct_of_premium': 0.1, 'trail_trigger': 29, 'spread_width': 300, 'support_resistance_buffer': 52}
===
====after 3 min ochain==== 2026-09-09 12:51:00.000004
                                    oipcr   choipcr   CE_OI / PE_OI (same strike)
pcr1 =  BSE:SENSEX2691076000CE   0.11   -0.13 CALL added 1887940   PUT unwind -243460  CE_OI=3730920 PE_OI=402180
pcr2 =  BSE:SENSEX2691075900CE   0.11   -0.18 CALL added 734920   PUT unwind -128860  CE_OI=1413380 PE_OI=152260
pcr3 =  BSE:SENSEX2691075800PE   0.09   -0.28 CALL added 983940   PUT unwind -274780  CE_OI=1830060 PE_OI=167260
pcr4 =  BSE:SENSEX2691075700PE   0.11   -0.17 CALL added 1117100   PUT unwind -184640  CE_OI=1790180 PE_OI=190140
pcr5 =  BSE:SENSEX2691075600CE   0.12   -0.27 CALL added 1291900   PUT unwind -351640  CE_OI=1865500 PE_OI=224940
pcr6 =  BSE:SENSEX2691075500CE   0.2    -0.1 CALL added 2805480   PUT unwind -294040  CE_OI=3191760 PE_OI=631340
pcr7 =  BSE:SENSEX2691075400PE   0.33   0.13 CALL added 1449920   PUT added 192100  CE_OI=1530020 PE_OI=499740
pcr8 =  BSE:SENSEX2691075300PE   0.72   0.52 CALL added 1851560   PUT added 962280  CE_OI=1893620 PE_OI=1363840
pcr9 =  BSE:SENSEX2691075200PE   1.15   1.03 CALL added 2415140   PUT added 2482200  CE_OI=2456520 PE_OI=2836260
pcr10 =  BSE:SENSEX2691075100CE   1.6   1.48 CALL added 1635820   PUT added 2421480  CE_OI=1656420 PE_OI=2652640
pcr11 =  BSE:SENSEX2691075000PE   2.62   2.06 CALL added 1867700   PUT added 3843180  CE_OI=1946580 PE_OI=5100060
pcr12 =  BSE:SENSEX2691074900PE   4.75   4.04 CALL added 460580   PUT added 1860660  CE_OI=472440 PE_OI=2243800
pcr13 =  BSE:SENSEX2691074800PE   10.52   7.05 CALL added 187880   PUT added 1325020  CE_OI=197480 PE_OI=2077360
pcr14 =  BSE:SENSEX2691074700CE   17.86   13.78 CALL added 90700   PUT added 1250200  CE_OI=95860 PE_OI=1711780
pcr15 =  BSE:SENSEX2691074600PE   29.08   19.81 CALL added 48180   PUT added 954360  CE_OI=52640 PE_OI=1530860
pcr16 =  BSE:SENSEX2691074500PE   30.17   19.28 CALL added 82760   PUT added 1595860  CE_OI=91400 PE_OI=2757120
pcr17 =  BSE:SENSEX2691074400PE   129.96   95.56 CALL added 8000   PUT added 764460  CE_OI=8000 PE_OI=1039640
PCRSUM== 229.5
pcrSummation== 22.01
VOLPCRSUM== 2.12
spotLTP =  75199.29  ATM_STRIKE =  75200
IS_ATM_STRIKE_SHIFT = False  mapStrike = {75200: 75200}
avgOiPcrList2 = [np.float64(12.86), np.float64(13.37), np.float64(13.5)] atmStrikeNotShiftedCount= 6
False   6   3
SUPP_RES=== 75000  Buffer= 52
ANCHOR_COMPARE: spot=75199.29 fut=75606.4 basis(fut-spot)=407.11 | SR_spot(PRIMARY)=75000 SR_future=75500 SR_diff(fut-spot)=500 | PCRwin_spot(PRIMARY)=75200 PCRwin_future=75600
CEoich val =  1867700.0  PEoich val =  3843180.0 , CE < PE by 51.4%
SUPP_RES TOTAL OI: CE= 1946580  PE= 5100060 , CE < PE by 61.8%
FUT_SUPP_RES=== 75500  (FUT_LTP= 75606.4 ) Buffer= 52
FUT CEoich val =  2805480.0  PEoich val =  -294040.0 , CE > PE by 110.5%
FUT_SUPP_RES TOTAL OI: CE= 3191760  PE= 631340 , CE > PE by 80.2%
OI_SUPP_RES: spot=75199.29 ATM=75200 (ATM_CE_OI=2456520 ATM_PE_OI=2836260) | SUPPORT=75000PE OI=5100060 (dist=-200) | RESISTANCE=76000CE OI=3730920 (dist=800)
OI_SUPPORT=== 75000
OI_SUPPORT CEoich val = 1867700.0  PEoich val = 3843180.0 , CE < PE by 51.4%
OI_SUPPORT TOTAL OI: CE= 1946580  PE= 5100060 , CE < PE by 61.8%
OI_RESISTANCE=== 76000
OI_RESISTANCE CEoich val = 1887940.0  PEoich val = -243460.0 , CE > PE by 112.9%
OI_RESISTANCE TOTAL OI: CE= 3730920  PE= 402180 , CE > PE by 89.2%
IS_MORNING_WINDOW= False  (active 9:15-9:48 IST)
================================================
==== signal check time ==== 2026-09-09 12:51:00.631776
IS_CHOI_DIFF_GT_25PERC== True
RSI_VAL1== 60.59
RSI_VAL2== 60.59
FUT_3m_OHLC O= 75620.4  H= 75624.4  L= 75606.4  C= 75606.4  Range= 18.1
CHART_PATTERN_DETECTED: DOUBLE_TOP_FORMING | DOUBLE_BOTTOM_FORMING
  PATTERN_CONTEXT: Body= -14.0  Range= 18.1  ExpectedRange= 65.5  RangeRatio= 0.28  O= 75620.4  H= 75624.4  L= 75606.4  C= 75606.4
isPcrInc = True
newSynthFut =  75200
ATMStrike =  75200
AVG_OIPCR= 2.45
avgoiPCROld=  13.5
SUPP_RES = 75000
FUT LTP = 75606.4
CEchoi  PechOi = 1867700.0    3843180.0
====================================
AVG_VOLPCR= 0.24
atmPCR= 0.12  belowATM  0.2
atmVolPCR= 0.1  belowATM  0.17
True   75606.4   75000   True   False   60.59
no trade yet = [np.float64(12.86), np.float64(13.37), np.float64(13.5)]
India VIX = 11.56  Spot Price = 75174.91
IV Regime = HIGH (ADAPTIVE: P25= 11.04  P50= 11.29  P75= 11.49 ) | DailyRange = 1241.5 | 3minCandleRange = 65.3 (theoretical= 108.9 ) | ATMoptionMove = 29.4 | SL = 103 | Target = 103 | TrailTrigger = 29 | Spread = 300 | Buffer = 52
IV Params refreshed: {'vix': 11.56, 'bn_price': 75174.91, 'regime': 'HIGH', 'regime_thresholds': 'P25=11.04 P50=11.29 P75=11.49', 'daily_range': 1241.5, 'candle_range': 65.3, 'atm_option_move': 29.4, 'sl_point': 103, 'target_point': 103, 'sl_pct_of_premium': 0.1, 'trail_trigger': 29, 'spread_width': 300, 'support_resistance_buffer': 52}
===
====after 3 min ochain==== 2026-09-09 12:54:00.000003
                                    oipcr   choipcr   CE_OI / PE_OI (same strike)
pcr1 =  BSE:SENSEX2691076000CE   0.11   -0.12 CALL added 1951860   PUT unwind -243460  CE_OI=3794840 PE_OI=402180
pcr2 =  BSE:SENSEX2691075900CE   0.11   -0.17 CALL added 742080   PUT unwind -129140  CE_OI=1420540 PE_OI=151980
pcr3 =  BSE:SENSEX2691075800PE   0.09   -0.27 CALL added 1003180   PUT unwind -275860  CE_OI=1849300 PE_OI=166180
pcr4 =  BSE:SENSEX2691075700PE   0.11   -0.16 CALL added 1114580   PUT unwind -181120  CE_OI=1787660 PE_OI=193660
pcr5 =  BSE:SENSEX2691075600CE   0.12   -0.26 CALL added 1345880   PUT unwind -353580  CE_OI=1919480 PE_OI=223000
pcr6 =  BSE:SENSEX2691075500CE   0.19    -0.11 CALL added 2853260   PUT unwind -310300  CE_OI=3239540 PE_OI=615080
pcr7 =  BSE:SENSEX2691075400PE   0.33   0.14 CALL added 1490060   PUT added 202820  CE_OI=1570160 PE_OI=510460
pcr8 =  BSE:SENSEX2691075300PE   0.71   0.52 CALL added 1889780   PUT added 974920  CE_OI=1931840 PE_OI=1376480
pcr9 =  BSE:SENSEX2691075200PE   1.18   1.06 CALL added 2379480   PUT added 2514000  CE_OI=2420860 PE_OI=2868060
pcr10 =  BSE:SENSEX2691075100CE   1.63   1.51 CALL added 1625400   PUT added 2447580  CE_OI=1646000 PE_OI=2678740
pcr11 =  BSE:SENSEX2691075000PE   2.67   2.11 CALL added 1853340   PUT added 3908100  CE_OI=1932220 PE_OI=5164980
pcr12 =  BSE:SENSEX2691074900PE   4.89   4.18 CALL added 454040   PUT added 1895900  CE_OI=465900 PE_OI=2279040
pcr13 =  BSE:SENSEX2691074800PE   10.33   6.97 CALL added 194340   PUT added 1354880  CE_OI=203940 PE_OI=2107220
pcr14 =  BSE:SENSEX2691074700CE   18.27   14.13 CALL added 88720   PUT added 1253620  CE_OI=93880 PE_OI=1715200
pcr15 =  BSE:SENSEX2691074600PE   29.61   20.2 CALL added 47240   PUT added 954360  CE_OI=51700 PE_OI=1530860
pcr16 =  BSE:SENSEX2691074500PE   30.57   19.73 CALL added 82760   PUT added 1632620  CE_OI=91400 PE_OI=2793880
pcr17 =  BSE:SENSEX2691074400PE   111.79   82.2 CALL added 9300   PUT added 764460  CE_OI=9300 PE_OI=1039640
PCRSUM== 212.71
pcrSummation== 22.05
VOLPCRSUM== 2.12
spotLTP =  75172.79  ATM_STRIKE =  75200
IS_ATM_STRIKE_SHIFT = False  mapStrike = {75200: 75200}
avgOiPcrList2 = [np.float64(13.37), np.float64(13.5), np.float64(12.51)] atmStrikeNotShiftedCount= 7
False   7   3
SUPP_RES=== 75000  Buffer= 52
ANCHOR_COMPARE: spot=75172.79 fut=75600.0 basis(fut-spot)=427.21 | SR_spot(PRIMARY)=75000 SR_future=75500 SR_diff(fut-spot)=500 | PCRwin_spot(PRIMARY)=75200 PCRwin_future=75600
CEoich val =  1853340.0  PEoich val =  3908100.0 , CE < PE by 52.6%
SUPP_RES TOTAL OI: CE= 1932220  PE= 5164980 , CE < PE by 62.6%
FUT_SUPP_RES=== 75500  (FUT_LTP= 75600.0 ) Buffer= 52
FUT CEoich val =  2853260.0  PEoich val =  -310300.0 , CE > PE by 110.9%
FUT_SUPP_RES TOTAL OI: CE= 3239540  PE= 615080 , CE > PE by 81.0%
OI_SUPP_RES: spot=75172.79 ATM=75200 (ATM_CE_OI=2420860 ATM_PE_OI=2868060) | SUPPORT=75000PE OI=5164980 (dist=-200) | RESISTANCE=76000CE OI=3794840 (dist=800)
OI_SUPPORT=== 75000
OI_SUPPORT CEoich val = 1853340.0  PEoich val = 3908100.0 , CE < PE by 52.6%
OI_SUPPORT TOTAL OI: CE= 1932220  PE= 5164980 , CE < PE by 62.6%
OI_RESISTANCE=== 76000
OI_RESISTANCE CEoich val = 1951860.0  PEoich val = -243460.0 , CE > PE by 112.5%
OI_RESISTANCE TOTAL OI: CE= 3794840  PE= 402180 , CE > PE by 89.4%
IS_MORNING_WINDOW= False  (active 9:15-9:48 IST)
================================================
==== signal check time ==== 2026-09-09 12:54:00.597778
IS_CHOI_DIFF_GT_25PERC== True
RSI_VAL1== 59.43
RSI_VAL2== 59.43
FUT_3m_OHLC O= 75602.6  H= 75647.8  L= 75600.0  C= 75600.0  Range= 47.8
CHART_PATTERN_DETECTED: SHOOTING_STAR | OUTSIDE_BAR | DOUBLE_TOP_FORMING | DOUBLE_BOTTOM_FORMING
  PATTERN_CONTEXT: Body= -2.6  Range= 47.8  ExpectedRange= 65.3  RangeRatio= 0.73  O= 75602.6  H= 75647.8  L= 75600.0  C= 75600.0
recent two = [np.float64(13.5), np.float64(12.51)]
newSynthFut =  75200
ATMStrike =  75200
AVG_OIPCR= 2.45
avgoiPCROld=  12.51
SUPP_RES = 75000
FUT LTP = 75600.0
CEchoi  PechOi = 1853340.0    3908100.0
====================================
AVG_VOLPCR= 0.24
atmPCR= 0.12  belowATM  0.19
atmVolPCR= 0.1  belowATM  0.17
True   75600.0   75000   False   False   59.43
India VIX = 11.57  Spot Price = 75197.0
IV Regime = HIGH (ADAPTIVE: P25= 11.04  P50= 11.29  P75= 11.49 ) | DailyRange = 1242.9 | 3minCandleRange = 65.4 (theoretical= 109.0 ) | ATMoptionMove = 29.4 | SL = 103 | Target = 103 | TrailTrigger = 29 | Spread = 300 | Buffer = 52
IV Params refreshed: {'vix': 11.57, 'bn_price': 75197.0, 'regime': 'HIGH', 'regime_thresholds': 'P25=11.04 P50=11.29 P75=11.49', 'daily_range': 1242.9, 'candle_range': 65.4, 'atm_option_move': 29.4, 'sl_point': 103, 'target_point': 103, 'sl_pct_of_premium': 0.1, 'trail_trigger': 29, 'spread_width': 300, 'support_resistance_buffer': 52}
===
====after 3 min ochain==== 2026-09-09 12:57:00.000004
                                    oipcr   choipcr   CE_OI / PE_OI (same strike)
pcr1 =  BSE:SENSEX2691076000CE   0.1   -0.12 CALL added 2078380   PUT unwind -252780  CE_OI=3921360 PE_OI=392860
pcr2 =  BSE:SENSEX2691075900CE   0.11   -0.18 CALL added 727240   PUT unwind -130320  CE_OI=1405700 PE_OI=150800
pcr3 =  BSE:SENSEX2691075800PE   0.09   -0.29 CALL added 964140   PUT unwind -276260  CE_OI=1810260 PE_OI=165780
pcr4 =  BSE:SENSEX2691075700PE   0.1   -0.18 CALL added 1121180   PUT unwind -198840  CE_OI=1794260 PE_OI=175940
pcr5 =  BSE:SENSEX2691075600CE   0.11   -0.26 CALL added 1384380   PUT unwind -355220  CE_OI=1957980 PE_OI=221360
pcr6 =  BSE:SENSEX2691075500CE   0.18    -0.12 CALL added 2848360   PUT unwind -336240  CE_OI=3234640 PE_OI=589140
pcr7 =  BSE:SENSEX2691075400PE   0.32   0.13 CALL added 1493320   PUT added 192880  CE_OI=1573420 PE_OI=500520
pcr8 =  BSE:SENSEX2691075300PE   0.68   0.49 CALL added 1906460   PUT added 930900  CE_OI=1948520 PE_OI=1332460
pcr9 =  BSE:SENSEX2691075200PE   1.2   1.07 CALL added 2331120   PUT added 2489840  CE_OI=2372500 PE_OI=2843900
pcr10 =  BSE:SENSEX2691075100CE   1.62   1.5 CALL added 1642100   PUT added 2457640  CE_OI=1662700 PE_OI=2688800
pcr11 =  BSE:SENSEX2691075000PE   2.65   2.08 CALL added 1829860   PUT added 3801620  CE_OI=1908740 PE_OI=5058500
pcr12 =  BSE:SENSEX2691074900PE   5.13   4.41 CALL added 447000   PUT added 1971940  CE_OI=458860 PE_OI=2355080
pcr13 =  BSE:SENSEX2691074800PE   10.13   6.93 CALL added 204380   PUT added 1415920  CE_OI=213980 PE_OI=2168260
pcr14 =  BSE:SENSEX2691074700CE   18.08   14.01 CALL added 90500   PUT added 1267480  CE_OI=95660 PE_OI=1729060
pcr15 =  BSE:SENSEX2691074600PE   29.27   19.81 CALL added 47160   PUT added 934240  CE_OI=51620 PE_OI=1510740
pcr16 =  BSE:SENSEX2691074500PE   30.64   20.14 CALL added 85440   PUT added 1720900  CE_OI=94080 PE_OI=2882160
pcr17 =  BSE:SENSEX2691074400PE   103.16   74.79 CALL added 9700   PUT added 725480  CE_OI=9700 PE_OI=1000660
PCRSUM== 203.57
pcrSummation== 22.02
VOLPCRSUM== 2.14
spotLTP =  75197.0  ATM_STRIKE =  75200
IS_ATM_STRIKE_SHIFT = False  mapStrike = {75200: 75200}
avgOiPcrList2 = [np.float64(13.5), np.float64(12.51), np.float64(11.97)] atmStrikeNotShiftedCount= 8
False   8   3
SUPP_RES=== 75000  Buffer= 52
ANCHOR_COMPARE: spot=75197.0 fut=75600.0 basis(fut-spot)=403.0 | SR_spot(PRIMARY)=75000 SR_future=75500 SR_diff(fut-spot)=500 | PCRwin_spot(PRIMARY)=75200 PCRwin_future=75600
CEoich val =  1829860.0  PEoich val =  3801620.0 , CE < PE by 51.9%
SUPP_RES TOTAL OI: CE= 1908740  PE= 5058500 , CE < PE by 62.3%
FUT_SUPP_RES=== 75500  (FUT_LTP= 75600.0 ) Buffer= 52
FUT CEoich val =  2848360.0  PEoich val =  -336240.0 , CE > PE by 111.8%
FUT_SUPP_RES TOTAL OI: CE= 3234640  PE= 589140 , CE > PE by 81.8%
OI_SUPP_RES: spot=75197.0 ATM=75200 (ATM_CE_OI=2372500 ATM_PE_OI=2843900) | SUPPORT=75000PE OI=5058500 (dist=-200) | RESISTANCE=76000CE OI=3921360 (dist=800)
OI_SUPPORT=== 75000
OI_SUPPORT CEoich val = 1829860.0  PEoich val = 3801620.0 , CE < PE by 51.9%
OI_SUPPORT TOTAL OI: CE= 1908740  PE= 5058500 , CE < PE by 62.3%
OI_RESISTANCE=== 76000
OI_RESISTANCE CEoich val = 2078380.0  PEoich val = -252780.0 , CE > PE by 112.2%
OI_RESISTANCE TOTAL OI: CE= 3921360  PE= 392860 , CE > PE by 90.0%
IS_MORNING_WINDOW= False  (active 9:15-9:48 IST)
================================================
==== signal check time ==== 2026-09-09 12:57:00.618100
IS_CHOI_DIFF_GT_25PERC== True
RSI_VAL1== 59.43
RSI_VAL2== 59.43
FUT_3m_OHLC O= 75600.0  H= 75600.0  L= 75600.0  C= 75600.0  Range= 0.0
CHART_PATTERN_DETECTED: INSIDE_BAR | DOUBLE_TOP_FORMING | DOUBLE_BOTTOM_FORMING
  PATTERN_CONTEXT: Body= 0.0  Range= 0.0  ExpectedRange= 65.4  RangeRatio= 0.0  O= 75600.0  H= 75600.0  L= 75600.0  C= 75600.0
isPcrDecr = True
newSynthFut =  75200
ATMStrike =  75200
AVG_OIPCR= 2.45
avgoiPCROld=  11.97
SUPP_RES = 75000
FUT LTP = 75600.0
CEchoi  PechOi = 1829860.0    3801620.0
====================================
AVG_VOLPCR= 0.24
atmPCR= 0.11  belowATM  0.18
atmVolPCR= 0.1  belowATM  0.17
True   75600.0   75000   False   True   59.43
no trade yet = [np.float64(13.5), np.float64(12.51), np.float64(11.97)]
India VIX = 11.59  Spot Price = 75208.12
IV Regime = HIGH (ADAPTIVE: P25= 11.04  P50= 11.29  P75= 11.49 ) | DailyRange = 1245.2 | 3minCandleRange = 65.5 (theoretical= 109.2 ) | ATMoptionMove = 29.5 | SL = 103 | Target = 103 | TrailTrigger = 29 | Spread = 300 | Buffer = 52
IV Params refreshed: {'vix': 11.59, 'bn_price': 75208.12, 'regime': 'HIGH', 'regime_thresholds': 'P25=11.04 P50=11.29 P75=11.49', 'daily_range': 1245.2, 'candle_range': 65.5, 'atm_option_move': 29.5, 'sl_point': 103, 'target_point': 103, 'sl_pct_of_premium': 0.1, 'trail_trigger': 29, 'spread_width': 300, 'support_resistance_buffer': 52}
===
====after 3 min ochain==== 2026-09-09 13:00:00.000003
                                    oipcr   choipcr   CE_OI / PE_OI (same strike)
pcr1 =  BSE:SENSEX2691076000CE   0.1   -0.12 CALL added 2086900   PUT unwind -250580  CE_OI=3929880 PE_OI=395060
pcr2 =  BSE:SENSEX2691075900CE   0.11   -0.18 CALL added 742120   PUT unwind -130560  CE_OI=1420580 PE_OI=150560
pcr3 =  BSE:SENSEX2691075800PE   0.09   -0.29 CALL added 962280   PUT unwind -277260  CE_OI=1808400 PE_OI=164780
pcr4 =  BSE:SENSEX2691075700PE   0.1   -0.17 CALL added 1159200   PUT unwind -197200  CE_OI=1832280 PE_OI=177580
pcr5 =  BSE:SENSEX2691075600CE   0.11   -0.26 CALL added 1404000   PUT unwind -359640  CE_OI=1977600 PE_OI=216940
pcr6 =  BSE:SENSEX2691075500CE   0.18    -0.12 CALL added 2828840   PUT unwind -346180  CE_OI=3215120 PE_OI=579200
pcr7 =  BSE:SENSEX2691075400PE   0.3   0.11 CALL added 1512020   PUT added 166660  CE_OI=1592120 PE_OI=474300
pcr8 =  BSE:SENSEX2691075300PE   0.63   0.44 CALL added 1944060   PUT added 850700  CE_OI=1986120 PE_OI=1252260
pcr9 =  BSE:SENSEX2691075200PE   1.19   1.06 CALL added 2370320   PUT added 2514340  CE_OI=2411700 PE_OI=2868400
pcr10 =  BSE:SENSEX2691075100CE   1.64   1.52 CALL added 1645180   PUT added 2500400  CE_OI=1665780 PE_OI=2731560
pcr11 =  BSE:SENSEX2691075000PE   2.64   2.07 CALL added 1846420   PUT added 3827980  CE_OI=1925300 PE_OI=5084860
pcr12 =  BSE:SENSEX2691074900PE   5.31   4.59 CALL added 446300   PUT added 2050320  CE_OI=458160 PE_OI=2433460
pcr13 =  BSE:SENSEX2691074800PE   10.45   7.16 CALL added 198540   PUT added 1422440  CE_OI=208140 PE_OI=2174780
pcr14 =  BSE:SENSEX2691074700CE   20.67   16.38 CALL added 82800   PUT added 1356600  CE_OI=87960 PE_OI=1818180
pcr15 =  BSE:SENSEX2691074600PE   29.51   20.17 CALL added 47620   PUT added 960260  CE_OI=52080 PE_OI=1536760
pcr16 =  BSE:SENSEX2691074500PE   31.45   20.69 CALL added 82660   PUT added 1710560  CE_OI=91300 PE_OI=2871820
pcr17 =  BSE:SENSEX2691074400PE   103.33   75.01 CALL added 9720   PUT added 729140  CE_OI=9720 PE_OI=1004320
PCRSUM== 207.81
pcrSummation== 22.45
VOLPCRSUM== 2.14
spotLTP =  75208.12  ATM_STRIKE =  75200
IS_ATM_STRIKE_SHIFT = False  mapStrike = {75200: 75200}
avgOiPcrList2 = [np.float64(12.51), np.float64(11.97), np.float64(12.22)] atmStrikeNotShiftedCount= 9
False   9   3
SUPP_RES=== 75000  Buffer= 52
ANCHOR_COMPARE: spot=75208.12 fut=75620.0 basis(fut-spot)=411.88 | SR_spot(PRIMARY)=75000 SR_future=75500 SR_diff(fut-spot)=500 | PCRwin_spot(PRIMARY)=75200 PCRwin_future=75600
CEoich val =  1846420.0  PEoich val =  3827980.0 , CE < PE by 51.8%
SUPP_RES TOTAL OI: CE= 1925300  PE= 5084860 , CE < PE by 62.1%
FUT_SUPP_RES=== 75500  (FUT_LTP= 75620.0 ) Buffer= 52
FUT CEoich val =  2828840.0  PEoich val =  -346180.0 , CE > PE by 112.2%
FUT_SUPP_RES TOTAL OI: CE= 3215120  PE= 579200 , CE > PE by 82.0%
OI_SUPP_RES: spot=75208.12 ATM=75200 (ATM_CE_OI=2411700 ATM_PE_OI=2868400) | SUPPORT=75000PE OI=5084860 (dist=-200) | RESISTANCE=76000CE OI=3929880 (dist=800)
OI_SUPPORT=== 75000
OI_SUPPORT CEoich val = 1846420.0  PEoich val = 3827980.0 , CE < PE by 51.8%
OI_SUPPORT TOTAL OI: CE= 1925300  PE= 5084860 , CE < PE by 62.1%
OI_RESISTANCE=== 76000
OI_RESISTANCE CEoich val = 2086900.0  PEoich val = -250580.0 , CE > PE by 112.0%
OI_RESISTANCE TOTAL OI: CE= 3929880  PE= 395060 , CE > PE by 89.9%
IS_MORNING_WINDOW= False  (active 9:15-9:48 IST)
================================================
==== signal check time ==== 2026-09-09 13:00:00.622383
IS_CHOI_DIFF_GT_25PERC== True
RSI_VAL1== 62.07
RSI_VAL2== 62.07
FUT_3m_OHLC O= 75600.0  H= 75620.0  L= 75600.0  C= 75620.0  Range= 20.0
CHART_PATTERN_DETECTED: DOUBLE_BOTTOM_FORMING
  PATTERN_CONTEXT: Body= 20.0  Range= 20.0  ExpectedRange= 65.5  RangeRatio= 0.31  O= 75600.0  H= 75620.0  L= 75600.0  C= 75620.0
recent two = [np.float64(11.97), np.float64(12.22)]
newSynthFut =  75200
ATMStrike =  75200
AVG_OIPCR= 2.49
avgoiPCROld=  12.22
SUPP_RES = 75000
FUT LTP = 75620.0
CEchoi  PechOi = 1846420.0    3827980.0
====================================
AVG_VOLPCR= 0.24
atmPCR= 0.11  belowATM  0.18
atmVolPCR= 0.1  belowATM  0.17
True   75620.0   75000   False   False   62.07
India VIX = 11.56  Spot Price = 75153.71
IV Regime = HIGH (ADAPTIVE: P25= 11.04  P50= 11.29  P75= 11.49 ) | DailyRange = 1241.1 | 3minCandleRange = 65.3 (theoretical= 108.9 ) | ATMoptionMove = 29.4 | SL = 103 | Target = 103 | TrailTrigger = 29 | Spread = 300 | Buffer = 52
IV Params refreshed: {'vix': 11.56, 'bn_price': 75153.71, 'regime': 'HIGH', 'regime_thresholds': 'P25=11.04 P50=11.29 P75=11.49', 'daily_range': 1241.1, 'candle_range': 65.3, 'atm_option_move': 29.4, 'sl_point': 103, 'target_point': 103, 'sl_pct_of_premium': 0.1, 'trail_trigger': 29, 'spread_width': 300, 'support_resistance_buffer': 52}
===
====after 3 min ochain==== 2026-09-09 13:03:00.000096
                                    oipcr   choipcr   CE_OI / PE_OI (same strike)
pcr1 =  BSE:SENSEX2691076000CE   0.1   -0.12 CALL added 2048760   PUT unwind -250220  CE_OI=3891740 PE_OI=395420
pcr2 =  BSE:SENSEX2691075900CE   0.1   -0.17 CALL added 785760   PUT unwind -130320  CE_OI=1464220 PE_OI=150800
pcr3 =  BSE:SENSEX2691075800PE   0.1   -0.27 CALL added 966620   PUT unwind -262220  CE_OI=1812740 PE_OI=179820
pcr4 =  BSE:SENSEX2691075700PE   0.1   -0.16 CALL added 1204480   PUT unwind -193160  CE_OI=1877560 PE_OI=181620
pcr5 =  BSE:SENSEX2691075600CE   0.11   -0.25 CALL added 1427680   PUT unwind -351280  CE_OI=2001280 PE_OI=225300
pcr6 =  BSE:SENSEX2691075500CE   0.18    -0.11 CALL added 2857780   PUT unwind -325740  CE_OI=3244060 PE_OI=599640
pcr7 =  BSE:SENSEX2691075400PE   0.32   0.13 CALL added 1521540   PUT added 203100  CE_OI=1601640 PE_OI=510740
pcr8 =  BSE:SENSEX2691075300PE   0.65   0.46 CALL added 1975480   PUT added 917740  CE_OI=2017540 PE_OI=1319300
pcr9 =  BSE:SENSEX2691075200PE   1.2   1.07 CALL added 2435560   PUT added 2611220  CE_OI=2476940 PE_OI=2965280
pcr10 =  BSE:SENSEX2691075100CE   1.69   1.57 CALL added 1625240   PUT added 2550560  CE_OI=1645840 PE_OI=2781720
pcr11 =  BSE:SENSEX2691075000PE   2.76   2.19 CALL added 1826840   PUT added 3996180  CE_OI=1905720 PE_OI=5253060
pcr12 =  BSE:SENSEX2691074900PE   5.26   4.55 CALL added 449060   PUT added 2042320  CE_OI=460920 PE_OI=2425460
pcr13 =  BSE:SENSEX2691074800PE   11.29   7.88 CALL added 189060   PUT added 1490440  CE_OI=198660 PE_OI=2242780
pcr14 =  BSE:SENSEX2691074700CE   21.2   16.83 CALL added 80500   PUT added 1354660  CE_OI=85660 PE_OI=1816240
pcr15 =  BSE:SENSEX2691074600PE   28.05   18.92 CALL added 49440   PUT added 935520  CE_OI=53900 PE_OI=1512020
pcr16 =  BSE:SENSEX2691074500PE   31.35   20.53 CALL added 82280   PUT added 1689460  CE_OI=90920 PE_OI=2850720
pcr17 =  BSE:SENSEX2691074400PE   99.83   72.25 CALL added 9980   PUT added 721100  CE_OI=9980 PE_OI=996280
PCRSUM== 204.29
pcrSummation== 23.46
VOLPCRSUM== 2.1500000000000004
spotLTP =  75153.71  ATM_STRIKE =  75200
IS_ATM_STRIKE_SHIFT = False  mapStrike = {75200: 75200}
avgOiPcrList2 = [np.float64(11.97), np.float64(12.22), np.float64(12.02)] atmStrikeNotShiftedCount= 10
False   10   3
SUPP_RES=== 75000  Buffer= 52
ANCHOR_COMPARE: spot=75153.71 fut=75607.4 basis(fut-spot)=453.69 | SR_spot(PRIMARY)=75000 SR_future=75500 SR_diff(fut-spot)=500 | PCRwin_spot(PRIMARY)=75200 PCRwin_future=75600
CEoich val =  1826840.0  PEoich val =  3996180.0 , CE < PE by 54.3%
SUPP_RES TOTAL OI: CE= 1905720  PE= 5253060 , CE < PE by 63.7%
FUT_SUPP_RES=== 75500  (FUT_LTP= 75607.4 ) Buffer= 52
FUT CEoich val =  2857780.0  PEoich val =  -325740.0 , CE > PE by 111.4%
FUT_SUPP_RES TOTAL OI: CE= 3244060  PE= 599640 , CE > PE by 81.5%
OI_SUPP_RES: spot=75153.71 ATM=75200 (ATM_CE_OI=2476940 ATM_PE_OI=2965280) | SUPPORT=75000PE OI=5253060 (dist=-200) | RESISTANCE=76000CE OI=3891740 (dist=800)
OI_SUPPORT=== 75000
OI_SUPPORT CEoich val = 1826840.0  PEoich val = 3996180.0 , CE < PE by 54.3%
OI_SUPPORT TOTAL OI: CE= 1905720  PE= 5253060 , CE < PE by 63.7%
OI_RESISTANCE=== 76000
OI_RESISTANCE CEoich val = 2048760.0  PEoich val = -250220.0 , CE > PE by 112.2%
OI_RESISTANCE TOTAL OI: CE= 3891740  PE= 395420 , CE > PE by 89.8%
IS_MORNING_WINDOW= False  (active 9:15-9:48 IST)
================================================
==== signal check time ==== 2026-09-09 13:03:00.654393
IS_CHOI_DIFF_GT_25PERC== True
RSI_VAL1== 59.44
RSI_VAL2== 59.44
FUT_3m_OHLC O= 75655.0  H= 75655.0  L= 75607.4  C= 75607.4  Range= 47.6
CHART_PATTERN_DETECTED: DOUBLE_TOP_FORMING | DOUBLE_BOTTOM_FORMING
  PATTERN_CONTEXT: Body= -47.6  Range= 47.6  ExpectedRange= 65.3  RangeRatio= 0.73  O= 75655.0  H= 75655.0  L= 75607.4  C= 75607.4
recent two = [np.float64(12.22), np.float64(12.02)]
newSynthFut =  75200
ATMStrike =  75200
AVG_OIPCR= 2.61
avgoiPCROld=  12.02
SUPP_RES = 75000
FUT LTP = 75607.4
CEchoi  PechOi = 1826840.0    3996180.0
====================================
AVG_VOLPCR= 0.24
atmPCR= 0.11  belowATM  0.18
atmVolPCR= 0.1  belowATM  0.17
True   75607.4   75000   False   False   59.44
India VIX = 11.55  Spot Price = 75168.9
IV Regime = HIGH (ADAPTIVE: P25= 11.04  P50= 11.29  P75= 11.49 ) | DailyRange = 1240.3 | 3minCandleRange = 65.3 (theoretical= 108.8 ) | ATMoptionMove = 29.4 | SL = 103 | Target = 103 | TrailTrigger = 29 | Spread = 300 | Buffer = 52
IV Params refreshed: {'vix': 11.55, 'bn_price': 75168.9, 'regime': 'HIGH', 'regime_thresholds': 'P25=11.04 P50=11.29 P75=11.49', 'daily_range': 1240.3, 'candle_range': 65.3, 'atm_option_move': 29.4, 'sl_point': 103, 'target_point': 103, 'sl_pct_of_premium': 0.1, 'trail_trigger': 29, 'spread_width': 300, 'support_resistance_buffer': 52}
===
====after 3 min ochain==== 2026-09-09 13:06:00.000001
                                    oipcr   choipcr   CE_OI / PE_OI (same strike)
pcr1 =  BSE:SENSEX2691076000CE   0.1   -0.12 CALL added 2075240   PUT unwind -254260  CE_OI=3918220 PE_OI=391380
pcr2 =  BSE:SENSEX2691075900CE   0.1   -0.16 CALL added 786980   PUT unwind -129460  CE_OI=1465440 PE_OI=151660
pcr3 =  BSE:SENSEX2691075800PE   0.09   -0.29 CALL added 954100   PUT unwind -277700  CE_OI=1800220 PE_OI=164340
pcr4 =  BSE:SENSEX2691075700PE   0.09   -0.16 CALL added 1215300   PUT unwind -198100  CE_OI=1888380 PE_OI=176680
pcr5 =  BSE:SENSEX2691075600CE   0.11   -0.25 CALL added 1433800   PUT unwind -351540  CE_OI=2007400 PE_OI=225040
pcr6 =  BSE:SENSEX2691075500CE   0.18    -0.12 CALL added 2949800   PUT unwind -339240  CE_OI=3336080 PE_OI=586140
pcr7 =  BSE:SENSEX2691075400PE   0.3   0.13 CALL added 1601820   PUT added 200860  CE_OI=1681920 PE_OI=508500
pcr8 =  BSE:SENSEX2691075300PE   0.63   0.45 CALL added 2047800   PUT added 914520  CE_OI=2089860 PE_OI=1316080
pcr9 =  BSE:SENSEX2691075200PE   1.23   1.11 CALL added 2427040   PUT added 2688980  CE_OI=2468420 PE_OI=3043040
pcr10 =  BSE:SENSEX2691075100CE   1.74   1.62 CALL added 1622540   PUT added 2626380  CE_OI=1643140 PE_OI=2857540
pcr11 =  BSE:SENSEX2691075000PE   2.77   2.2 CALL added 1821860   PUT added 4001280  CE_OI=1900740 PE_OI=5258160
pcr12 =  BSE:SENSEX2691074900PE   5.47   4.75 CALL added 442900   PUT added 2105480  CE_OI=454760 PE_OI=2488620
pcr13 =  BSE:SENSEX2691074800PE   11.15   7.85 CALL added 195300   PUT added 1532180  CE_OI=204900 PE_OI=2284520
pcr14 =  BSE:SENSEX2691074700CE   20.64   16.45 CALL added 84780   PUT added 1394960  CE_OI=89940 PE_OI=1856540
pcr15 =  BSE:SENSEX2691074600PE   28.96   19.93 CALL added 49520   PUT added 986960  CE_OI=53980 PE_OI=1563460
pcr16 =  BSE:SENSEX2691074500PE   31.32   20.76 CALL added 84340   PUT added 1750500  CE_OI=92980 PE_OI=2911760
pcr17 =  BSE:SENSEX2691074400PE   100.51   72.77 CALL added 9920   PUT added 721920  CE_OI=9920 PE_OI=997100
PCRSUM== 205.39
pcrSummation== 23.58
VOLPCRSUM== 2.1500000000000004
spotLTP =  75168.9  ATM_STRIKE =  75200
IS_ATM_STRIKE_SHIFT = False  mapStrike = {75200: 75200}
avgOiPcrList2 = [np.float64(12.22), np.float64(12.02), np.float64(12.08)] atmStrikeNotShiftedCount= 11
False   11   3
SUPP_RES=== 75000  Buffer= 52
ANCHOR_COMPARE: spot=75168.9 fut=75583.85 basis(fut-spot)=414.95 | SR_spot(PRIMARY)=75000 SR_future=75500 SR_diff(fut-spot)=500 | PCRwin_spot(PRIMARY)=75200 PCRwin_future=75600
CEoich val =  1821860.0  PEoich val =  4001280.0 , CE < PE by 54.5%
SUPP_RES TOTAL OI: CE= 1900740  PE= 5258160 , CE < PE by 63.9%
FUT_SUPP_RES=== 75500  (FUT_LTP= 75583.85 ) Buffer= 52
FUT CEoich val =  2949800.0  PEoich val =  -339240.0 , CE > PE by 111.5%
FUT_SUPP_RES TOTAL OI: CE= 3336080  PE= 586140 , CE > PE by 82.4%
OI_SUPP_RES: spot=75168.9 ATM=75200 (ATM_CE_OI=2468420 ATM_PE_OI=3043040) | SUPPORT=75000PE OI=5258160 (dist=-200) | RESISTANCE=76000CE OI=3918220 (dist=800)
OI_SUPPORT=== 75000
OI_SUPPORT CEoich val = 1821860.0  PEoich val = 4001280.0 , CE < PE by 54.5%
OI_SUPPORT TOTAL OI: CE= 1900740  PE= 5258160 , CE < PE by 63.9%
OI_RESISTANCE=== 76000
OI_RESISTANCE CEoich val = 2075240.0  PEoich val = -254260.0 , CE > PE by 112.3%
OI_RESISTANCE TOTAL OI: CE= 3918220  PE= 391380 , CE > PE by 90.0%
IS_MORNING_WINDOW= False  (active 9:15-9:48 IST)
================================================
==== signal check time ==== 2026-09-09 13:06:00.623560
IS_CHOI_DIFF_GT_25PERC== True
RSI_VAL1== 54.78
RSI_VAL2== 54.78
FUT_3m_OHLC O= 75600.0  H= 75625.0  L= 75583.8  C= 75583.8  Range= 41.1
CHART_PATTERN_DETECTED: DOUBLE_BOTTOM_FORMING
  PATTERN_CONTEXT: Body= -16.1  Range= 41.1  ExpectedRange= 65.3  RangeRatio= 0.63  O= 75600.0  H= 75625.0  L= 75583.8  C= 75583.8
recent two = [np.float64(12.02), np.float64(12.08)]
newSynthFut =  75200
ATMStrike =  75200
AVG_OIPCR= 2.62
avgoiPCROld=  12.08
SUPP_RES = 75000
FUT LTP = 75583.85
CEchoi  PechOi = 1821860.0    4001280.0
====================================
AVG_VOLPCR= 0.24
atmPCR= 0.11  belowATM  0.18
atmVolPCR= 0.1  belowATM  0.17
True   75583.85   75000   False   False   54.78
India VIX = 11.54  Spot Price = 75186.76
IV Regime = HIGH (ADAPTIVE: P25= 11.04  P50= 11.29  P75= 11.49 ) | DailyRange = 1239.5 | 3minCandleRange = 65.2 (theoretical= 108.7 ) | ATMoptionMove = 29.4 | SL = 103 | Target = 103 | TrailTrigger = 29 | Spread = 300 | Buffer = 52
IV Params refreshed: {'vix': 11.54, 'bn_price': 75186.76, 'regime': 'HIGH', 'regime_thresholds': 'P25=11.04 P50=11.29 P75=11.49', 'daily_range': 1239.5, 'candle_range': 65.2, 'atm_option_move': 29.4, 'sl_point': 103, 'target_point': 103, 'sl_pct_of_premium': 0.1, 'trail_trigger': 29, 'spread_width': 300, 'support_resistance_buffer': 52}
===
====after 3 min ochain==== 2026-09-09 13:09:00.000003
                                    oipcr   choipcr   CE_OI / PE_OI (same strike)
pcr1 =  BSE:SENSEX2691076000CE   0.1   -0.12 CALL added 2088300   PUT unwind -253420  CE_OI=3931280 PE_OI=392220
pcr2 =  BSE:SENSEX2691075900CE   0.1   -0.16 CALL added 809240   PUT unwind -129840  CE_OI=1487700 PE_OI=151280
pcr3 =  BSE:SENSEX2691075800PE   0.09   -0.3 CALL added 921220   PUT unwind -277600  CE_OI=1767340 PE_OI=164440
pcr4 =  BSE:SENSEX2691075700PE   0.09   -0.16 CALL added 1233180   PUT unwind -198300  CE_OI=1906260 PE_OI=176480
pcr5 =  BSE:SENSEX2691075600CE   0.11   -0.24 CALL added 1474280   PUT unwind -349600  CE_OI=2047880 PE_OI=226980
pcr6 =  BSE:SENSEX2691075500CE   0.18    -0.11 CALL added 2991240   PUT unwind -333860  CE_OI=3377520 PE_OI=591520
pcr7 =  BSE:SENSEX2691075400PE   0.31   0.14 CALL added 1619400   PUT added 218820  CE_OI=1699500 PE_OI=526460
pcr8 =  BSE:SENSEX2691075300PE   0.66   0.48 CALL added 2087300   PUT added 1005740  CE_OI=2129360 PE_OI=1407300
pcr9 =  BSE:SENSEX2691075200PE   1.26   1.13 CALL added 2468280   PUT added 2797200  CE_OI=2509660 PE_OI=3151260
pcr10 =  BSE:SENSEX2691075100CE   1.76   1.64 CALL added 1619720   PUT added 2660360  CE_OI=1640320 PE_OI=2891520
pcr11 =  BSE:SENSEX2691075000PE   2.74   2.18 CALL added 1833260   PUT added 3990060  CE_OI=1912140 PE_OI=5246940
pcr12 =  BSE:SENSEX2691074900PE   5.44   4.72 CALL added 445900   PUT added 2104940  CE_OI=457760 PE_OI=2488080
pcr13 =  BSE:SENSEX2691074800PE   11.49   8.08 CALL added 188520   PUT added 1523640  CE_OI=198120 PE_OI=2275980
pcr14 =  BSE:SENSEX2691074700CE   20.32   16.06 CALL added 83800   PUT added 1345840  CE_OI=88960 PE_OI=1807420
pcr15 =  BSE:SENSEX2691074600PE   29.72   20.6 CALL added 48700   PUT added 1003200  CE_OI=53160 PE_OI=1579700
pcr16 =  BSE:SENSEX2691074500PE   30.56   19.92 CALL added 84280   PUT added 1678640  CE_OI=92920 PE_OI=2839900
pcr17 =  BSE:SENSEX2691074400PE   100.75   72.78 CALL added 9840   PUT added 716160  CE_OI=9840 PE_OI=991340
PCRSUM== 205.68
pcrSummation== 23.95
VOLPCRSUM== 2.1500000000000004
spotLTP =  75186.76  ATM_STRIKE =  75200
IS_ATM_STRIKE_SHIFT = False  mapStrike = {75200: 75200}
avgOiPcrList2 = [np.float64(12.02), np.float64(12.08), np.float64(12.1)] atmStrikeNotShiftedCount= 12
False   12   3
SUPP_RES=== 75000  Buffer= 52
ANCHOR_COMPARE: spot=75186.76 fut=75640.0 basis(fut-spot)=453.24 | SR_spot(PRIMARY)=75000 SR_future=75500 SR_diff(fut-spot)=500 | PCRwin_spot(PRIMARY)=75200 PCRwin_future=75600
CEoich val =  1833260.0  PEoich val =  3990060.0 , CE < PE by 54.1%
SUPP_RES TOTAL OI: CE= 1912140  PE= 5246940 , CE < PE by 63.6%
FUT_SUPP_RES=== 75500  (FUT_LTP= 75640.0 ) Buffer= 52
FUT CEoich val =  2991240.0  PEoich val =  -333860.0 , CE > PE by 111.2%
FUT_SUPP_RES TOTAL OI: CE= 3377520  PE= 591520 , CE > PE by 82.5%
OI_SUPP_RES: spot=75186.76 ATM=75200 (ATM_CE_OI=2509660 ATM_PE_OI=3151260) | SUPPORT=75000PE OI=5246940 (dist=-200) | RESISTANCE=76000CE OI=3931280 (dist=800)
OI_SUPPORT=== 75000
OI_SUPPORT CEoich val = 1833260.0  PEoich val = 3990060.0 , CE < PE by 54.1%
OI_SUPPORT TOTAL OI: CE= 1912140  PE= 5246940 , CE < PE by 63.6%
OI_RESISTANCE=== 76000
OI_RESISTANCE CEoich val = 2088300.0  PEoich val = -253420.0 , CE > PE by 112.1%
OI_RESISTANCE TOTAL OI: CE= 3931280  PE= 392220 , CE > PE by 90.0%
IS_MORNING_WINDOW= False  (active 9:15-9:48 IST)
================================================
==== signal check time ==== 2026-09-09 13:09:00.597067
IS_CHOI_DIFF_GT_25PERC== True
RSI_VAL1== 62.36
RSI_VAL2== 62.36
FUT_3m_OHLC O= 75583.8  H= 75640.0  L= 75583.8  C= 75640.0  Range= 56.1
CHART_PATTERN_DETECTED: BULLISH_ENGULFING | DOUBLE_TOP_FORMING | DOUBLE_BOTTOM_FORMING | STRONG_MOMENTUM_BULL
  PATTERN_CONTEXT: Body= 56.1  Range= 56.1  ExpectedRange= 65.2  RangeRatio= 0.86  O= 75583.8  H= 75640.0  L= 75583.8  C= 75640.0
isPcrInc = True
newSynthFut =  75200
ATMStrike =  75200
AVG_OIPCR= 2.66
avgoiPCROld=  12.1
SUPP_RES = 75000
FUT LTP = 75640.0
CEchoi  PechOi = 1833260.0    3990060.0
====================================
AVG_VOLPCR= 0.24
atmPCR= 0.11  belowATM  0.18
atmVolPCR= 0.1  belowATM  0.17
True   75640.0   75000   True   False   62.36
no trade yet = [np.float64(12.02), np.float64(12.08), np.float64(12.1)]
India VIX = 11.57  Spot Price = 75151.18
IV Regime = HIGH (ADAPTIVE: P25= 11.04  P50= 11.29  P75= 11.49 ) | DailyRange = 1242.1 | 3minCandleRange = 65.4 (theoretical= 108.9 ) | ATMoptionMove = 29.4 | SL = 103 | Target = 103 | TrailTrigger = 29 | Spread = 300 | Buffer = 52
IV Params refreshed: {'vix': 11.57, 'bn_price': 75151.18, 'regime': 'HIGH', 'regime_thresholds': 'P25=11.04 P50=11.29 P75=11.49', 'daily_range': 1242.1, 'candle_range': 65.4, 'atm_option_move': 29.4, 'sl_point': 103, 'target_point': 103, 'sl_pct_of_premium': 0.1, 'trail_trigger': 29, 'spread_width': 300, 'support_resistance_buffer': 52}
===
====after 3 min ochain==== 2026-09-09 13:12:00.000027
                                    oipcr   choipcr   CE_OI / PE_OI (same strike)
pcr1 =  BSE:SENSEX2691076000CE   0.1   -0.11 CALL added 2259160   PUT unwind -254100  CE_OI=4102140 PE_OI=391540
pcr2 =  BSE:SENSEX2691075900CE   0.1   -0.16 CALL added 806280   PUT unwind -129860  CE_OI=1484740 PE_OI=151260
pcr3 =  BSE:SENSEX2691075800PE   0.09   -0.3 CALL added 924240   PUT unwind -277420  CE_OI=1770360 PE_OI=164620
pcr4 =  BSE:SENSEX2691075700PE   0.09   -0.16 CALL added 1248700   PUT unwind -198780  CE_OI=1921780 PE_OI=176000
pcr5 =  BSE:SENSEX2691075600CE   0.11   -0.24 CALL added 1439700   PUT unwind -351700  CE_OI=2013300 PE_OI=224880
pcr6 =  BSE:SENSEX2691075500CE   0.17    -0.11 CALL added 2997200   PUT unwind -334560  CE_OI=3383480 PE_OI=590820
pcr7 =  BSE:SENSEX2691075400PE   0.31   0.13 CALL added 1619520   PUT added 216200  CE_OI=1699620 PE_OI=523840
pcr8 =  BSE:SENSEX2691075300PE   0.66   0.48 CALL added 2059680   PUT added 983900  CE_OI=2101740 PE_OI=1385460
pcr9 =  BSE:SENSEX2691075200PE   1.25   1.13 CALL added 2459840   PUT added 2784900  CE_OI=2501220 PE_OI=3138960
pcr10 =  BSE:SENSEX2691075100CE   1.77   1.65 CALL added 1608960   PUT added 2654420  CE_OI=1629560 PE_OI=2885580
pcr11 =  BSE:SENSEX2691075000PE   2.77   2.2 CALL added 1823840   PUT added 4007940  CE_OI=1902720 PE_OI=5264820
pcr12 =  BSE:SENSEX2691074900PE   5.48   4.77 CALL added 446640   PUT added 2129460  CE_OI=458500 PE_OI=2512600
pcr13 =  BSE:SENSEX2691074800PE   11.31   7.98 CALL added 193160   PUT added 1541560  CE_OI=202760 PE_OI=2293900
pcr14 =  BSE:SENSEX2691074700CE   20.23   16.01 CALL added 84800   PUT added 1357980  CE_OI=89960 PE_OI=1819560
pcr15 =  BSE:SENSEX2691074600PE   30.25   21.1 CALL added 48260   PUT added 1018460  CE_OI=52720 PE_OI=1594960
pcr16 =  BSE:SENSEX2691074500PE   30.73   20.1 CALL added 84320   PUT added 1695220  CE_OI=92960 PE_OI=2856480
pcr17 =  BSE:SENSEX2691074400PE   103.34   74.79 CALL added 9640   PUT added 720980  CE_OI=9640 PE_OI=996160
PCRSUM== 208.76
pcrSummation== 23.83
VOLPCRSUM== 2.1500000000000004
spotLTP =  75151.46  ATM_STRIKE =  75200
IS_ATM_STRIKE_SHIFT = False  mapStrike = {75200: 75200}
avgOiPcrList2 = [np.float64(12.08), np.float64(12.1), np.float64(12.28)] atmStrikeNotShiftedCount= 13
False   13   3
SUPP_RES=== 75000  Buffer= 52
ANCHOR_COMPARE: spot=75151.46 fut=75640.0 basis(fut-spot)=488.54 | SR_spot(PRIMARY)=75000 SR_future=75500 SR_diff(fut-spot)=500 | PCRwin_spot(PRIMARY)=75200 PCRwin_future=75600
CEoich val =  1823840.0  PEoich val =  4007940.0 , CE < PE by 54.5%
SUPP_RES TOTAL OI: CE= 1902720  PE= 5264820 , CE < PE by 63.9%
FUT_SUPP_RES=== 75500  (FUT_LTP= 75640.0 ) Buffer= 52
FUT CEoich val =  2997200.0  PEoich val =  -334560.0 , CE > PE by 111.2%
FUT_SUPP_RES TOTAL OI: CE= 3383480  PE= 590820 , CE > PE by 82.5%
OI_SUPP_RES: spot=75151.46 ATM=75200 (ATM_CE_OI=2501220 ATM_PE_OI=3138960) | SUPPORT=75000PE OI=5264820 (dist=-200) | RESISTANCE=76000CE OI=4102140 (dist=800)
OI_SUPPORT=== 75000
OI_SUPPORT CEoich val = 1823840.0  PEoich val = 4007940.0 , CE < PE by 54.5%
OI_SUPPORT TOTAL OI: CE= 1902720  PE= 5264820 , CE < PE by 63.9%
OI_RESISTANCE=== 76000
OI_RESISTANCE CEoich val = 2259160.0  PEoich val = -254100.0 , CE > PE by 111.2%
OI_RESISTANCE TOTAL OI: CE= 4102140  PE= 391540 , CE > PE by 90.5%
IS_MORNING_WINDOW= False  (active 9:15-9:48 IST)
================================================
==== signal check time ==== 2026-09-09 13:12:00.622509
IS_CHOI_DIFF_GT_25PERC== True
RSI_VAL1== 62.36
RSI_VAL2== 62.36
FUT_3m_OHLC O= 75640.0  H= 75640.0  L= 75640.0  C= 75640.0  Range= 0.0
CHART_PATTERN_DETECTED: INSIDE_BAR | DOUBLE_TOP_FORMING
  PATTERN_CONTEXT: Body= 0.0  Range= 0.0  ExpectedRange= 65.4  RangeRatio= 0.0  O= 75640.0  H= 75640.0  L= 75640.0  C= 75640.0
isPcrInc = True
newSynthFut =  75200
ATMStrike =  75200
AVG_OIPCR= 2.65
avgoiPCROld=  12.28
SUPP_RES = 75000
FUT LTP = 75640.0
CEchoi  PechOi = 1823840.0    4007940.0
====================================
AVG_VOLPCR= 0.24
atmPCR= 0.11  belowATM  0.17
atmVolPCR= 0.1  belowATM  0.17
True   75640.0   75000   True   False   62.36
no trade yet = [np.float64(12.08), np.float64(12.1), np.float64(12.28)]
India VIX = 11.58  Spot Price = 75144.12
IV Regime = HIGH (ADAPTIVE: P25= 11.04  P50= 11.29  P75= 11.49 ) | DailyRange = 1243.1 | 3minCandleRange = 65.4 (theoretical= 109.0 ) | ATMoptionMove = 29.4 | SL = 103 | Target = 103 | TrailTrigger = 29 | Spread = 300 | Buffer = 52
IV Params refreshed: {'vix': 11.58, 'bn_price': 75144.12, 'regime': 'HIGH', 'regime_thresholds': 'P25=11.04 P50=11.29 P75=11.49', 'daily_range': 1243.1, 'candle_range': 65.4, 'atm_option_move': 29.4, 'sl_point': 103, 'target_point': 103, 'sl_pct_of_premium': 0.1, 'trail_trigger': 29, 'spread_width': 300, 'support_resistance_buffer': 52}
===
====after 3 min ochain==== 2026-09-09 13:15:00.000003
                                    oipcr   choipcr   CE_OI / PE_OI (same strike)
pcr1 =  BSE:SENSEX2691075900CE   0.1   -0.16 CALL added 800620   PUT unwind -129800  CE_OI=1479080 PE_OI=151320
pcr2 =  BSE:SENSEX2691075800PE   0.1   -0.32 CALL added 872740   PUT unwind -277060  CE_OI=1718860 PE_OI=164980
pcr3 =  BSE:SENSEX2691075700PE   0.09   -0.16 CALL added 1238700   PUT unwind -197400  CE_OI=1911780 PE_OI=177380
pcr4 =  BSE:SENSEX2691075600CE   0.11   -0.26 CALL added 1370460   PUT unwind -353840  CE_OI=1944060 PE_OI=222740
pcr5 =  BSE:SENSEX2691075500CE   0.17   -0.12 CALL added 2984980   PUT unwind -346260  CE_OI=3371260 PE_OI=579120
pcr6 =  BSE:SENSEX2691075400PE   0.3    0.13 CALL added 1626540   PUT added 209080  CE_OI=1706640 PE_OI=516720
pcr7 =  BSE:SENSEX2691075300PE   0.65   0.46 CALL added 2046880   PUT added 946120  CE_OI=2088940 PE_OI=1347680
pcr8 =  BSE:SENSEX2691075200PE   1.27   1.15 CALL added 2431600   PUT added 2786820  CE_OI=2472980 PE_OI=3140880
pcr9 =  BSE:SENSEX2691075100CE   1.71   1.59 CALL added 1642740   PUT added 2619860  CE_OI=1663340 PE_OI=2851020
pcr10 =  BSE:SENSEX2691075000PE   2.77   2.2 CALL added 1824260   PUT added 4013800  CE_OI=1903140 PE_OI=5270680
pcr11 =  BSE:SENSEX2691074900PE   5.64   4.93 CALL added 441880   PUT added 2177900  CE_OI=453740 PE_OI=2561040
pcr12 =  BSE:SENSEX2691074800PE   10.93   7.61 CALL added 195220   PUT added 1485520  CE_OI=204820 PE_OI=2237860
pcr13 =  BSE:SENSEX2691074700CE   20.17   16.11 CALL added 88080   PUT added 1419120  CE_OI=93240 PE_OI=1880700
pcr14 =  BSE:SENSEX2691074600PE   29.32   20.53 CALL added 50660   PUT added 1039840  CE_OI=55120 PE_OI=1616340
pcr15 =  BSE:SENSEX2691074500PE   29.96   20.19 CALL added 92360   PUT added 1864900  CE_OI=101000 PE_OI=3026160
pcr16 =  BSE:SENSEX2691074400PE   99.04   71.85 CALL added 10120   PUT added 727120  CE_OI=10120 PE_OI=1002300
pcr17 =  BSE:SENSEX2691074300PE   184.78   138.97 CALL added 5860   PUT added 814340  CE_OI=5860 PE_OI=1082820
PCRSUM== 387.11
pcrSummation== 43.61
VOLPCRSUM== 3.3600000000000003
spotLTP =  75144.12  ATM_STRIKE =  75100
IS_ATM_STRIKE_SHIFT = True  mapStrike = {75100: 75100}
avgOiPcrList2 = [np.float64(22.77)] atmStrikeNotShiftedCount= 1
True   1   1
SUPP_RES=== 75000  Buffer= 52
ANCHOR_COMPARE: spot=75144.12 fut=75569.0 basis(fut-spot)=424.88 | SR_spot(PRIMARY)=75000 SR_future=75500 SR_diff(fut-spot)=500 | PCRwin_spot(PRIMARY)=75100 PCRwin_future=75600
CEoich val =  1824260.0  PEoich val =  4013800.0 , CE < PE by 54.6%
SUPP_RES TOTAL OI: CE= 1903140  PE= 5270680 , CE < PE by 63.9%
FUT_SUPP_RES=== 75500  (FUT_LTP= 75569.0 ) Buffer= 52
FUT CEoich val =  2984980.0  PEoich val =  -346260.0 , CE > PE by 111.6%
FUT_SUPP_RES TOTAL OI: CE= 3371260  PE= 579120 , CE > PE by 82.8%
OI_SUPP_RES: spot=75144.12 ATM=75100 (ATM_CE_OI=1663340 ATM_PE_OI=2851020) | SUPPORT=75000PE OI=5270680 (dist=-100) | RESISTANCE=75500CE OI=3371260 (dist=400)
OI_SUPPORT=== 75000
OI_SUPPORT CEoich val = 1824260.0  PEoich val = 4013800.0 , CE < PE by 54.6%
OI_SUPPORT TOTAL OI: CE= 1903140  PE= 5270680 , CE < PE by 63.9%
OI_RESISTANCE=== 75500
OI_RESISTANCE CEoich val = 2984980.0  PEoich val = -346260.0 , CE > PE by 111.6%
OI_RESISTANCE TOTAL OI: CE= 3371260  PE= 579120 , CE > PE by 82.8%
IS_MORNING_WINDOW= False  (active 9:15-9:48 IST)
================================================
==== signal check time ==== 2026-09-09 13:15:00.572852
IS_CHOI_DIFF_GT_25PERC== True
RSI_VAL1== 50.05
RSI_VAL2== 50.05
FUT_3m_OHLC O= 75600.0  H= 75600.0  L= 75559.0  C= 75569.0  Range= 40.9
CHART_PATTERN_DETECTED: EVENING_STAR | DOUBLE_TOP_FORMING
  PATTERN_CONTEXT: Body= -31.0  Range= 40.9  ExpectedRange= 65.4  RangeRatio= 0.63  O= 75600.0  H= 75600.0  L= 75559.0  C= 75569.0
newSynthFut =  75100
ATMStrike =  75100
AVG_OIPCR= 4.85
avgoiPCROld=  22.77
SUPP_RES = 75000
FUT LTP = 75569.0
CEchoi  PechOi = 1824260.0    4013800.0
====================================
AVG_VOLPCR= 0.37
atmPCR= 0.17  belowATM  0.3
atmVolPCR= 0.17  belowATM  0.37
True   75569.0   75000   False   False   50.05
India VIX = 11.57  Spot Price = 75134.8
IV Regime = HIGH (ADAPTIVE: P25= 11.04  P50= 11.29  P75= 11.49 ) | DailyRange = 1241.9 | 3minCandleRange = 65.4 (theoretical= 108.9 ) | ATMoptionMove = 29.4 | SL = 103 | Target = 103 | TrailTrigger = 29 | Spread = 300 | Buffer = 52
IV Params refreshed: {'vix': 11.57, 'bn_price': 75134.8, 'regime': 'HIGH', 'regime_thresholds': 'P25=11.04 P50=11.29 P75=11.49', 'daily_range': 1241.9, 'candle_range': 65.4, 'atm_option_move': 29.4, 'sl_point': 103, 'target_point': 103, 'sl_pct_of_premium': 0.1, 'trail_trigger': 29, 'spread_width': 300, 'support_resistance_buffer': 52}
===
====after 3 min ochain==== 2026-09-09 13:18:00.000003
                                    oipcr   choipcr   CE_OI / PE_OI (same strike)
pcr1 =  BSE:SENSEX2691075900CE   0.1   -0.17 CALL added 786160   PUT unwind -130500  CE_OI=1464620 PE_OI=150620
pcr2 =  BSE:SENSEX2691075800PE   0.09   -0.31 CALL added 885740   PUT unwind -277520  CE_OI=1731860 PE_OI=164520
pcr3 =  BSE:SENSEX2691075700PE   0.09   -0.16 CALL added 1272040   PUT unwind -199780  CE_OI=1945120 PE_OI=175000
pcr4 =  BSE:SENSEX2691075600CE   0.11   -0.25 CALL added 1395340   PUT unwind -351100  CE_OI=1968940 PE_OI=225480
pcr5 =  BSE:SENSEX2691075500CE   0.16   -0.12 CALL added 3039420   PUT unwind -364380  CE_OI=3425700 PE_OI=561000
pcr6 =  BSE:SENSEX2691075400PE   0.3    0.13 CALL added 1652860   PUT added 209460  CE_OI=1732960 PE_OI=517100
pcr7 =  BSE:SENSEX2691075300PE   0.62   0.44 CALL added 2089320   PUT added 922980  CE_OI=2131380 PE_OI=1324540
pcr8 =  BSE:SENSEX2691075200PE   1.25   1.13 CALL added 2501540   PUT added 2817100  CE_OI=2542920 PE_OI=3171160
pcr9 =  BSE:SENSEX2691075100CE   1.72   1.6 CALL added 1672900   PUT added 2675980  CE_OI=1693500 PE_OI=2907140
pcr10 =  BSE:SENSEX2691075000PE   2.75   2.18 CALL added 1827640   PUT added 3981880  CE_OI=1906520 PE_OI=5238760
pcr11 =  BSE:SENSEX2691074900PE   5.41   4.72 CALL added 460700   PUT added 2173960  CE_OI=472560 PE_OI=2557100
pcr12 =  BSE:SENSEX2691074800PE   10.51   7.34 CALL added 205440   PUT added 1507720  CE_OI=215040 PE_OI=2260060
pcr13 =  BSE:SENSEX2691074700CE   20.46   16.42 CALL added 88280   PUT added 1449780  CE_OI=93440 PE_OI=1911360
pcr14 =  BSE:SENSEX2691074600PE   29.19   20.39 CALL added 50680   PUT added 1033220  CE_OI=55140 PE_OI=1609720
pcr15 =  BSE:SENSEX2691074500PE   29.06   19.34 CALL added 93680   PUT added 1811760  CE_OI=102320 PE_OI=2973020
pcr16 =  BSE:SENSEX2691074400PE   100.69   73.22 CALL added 10020   PUT added 733700  CE_OI=10020 PE_OI=1008880
pcr17 =  BSE:SENSEX2691074300PE   185.73   139.91 CALL added 5860   PUT added 819900  CE_OI=5860 PE_OI=1088380
PCRSUM== 388.24
pcrSummation== 43.18
VOLPCRSUM== 3.3600000000000003
spotLTP =  75134.8  ATM_STRIKE =  75100
IS_ATM_STRIKE_SHIFT = False  mapStrike = {75100: 75100}
avgOiPcrList2 = [np.float64(22.77), np.float64(22.84)] atmStrikeNotShiftedCount= 2
False   2   2
SUPP_RES=== 75000  Buffer= 52
ANCHOR_COMPARE: spot=75134.8 fut=75598.1 basis(fut-spot)=463.3 | SR_spot(PRIMARY)=75000 SR_future=75500 SR_diff(fut-spot)=500 | PCRwin_spot(PRIMARY)=75100 PCRwin_future=75600
CEoich val =  1827640.0  PEoich val =  3981880.0 , CE < PE by 54.1%
SUPP_RES TOTAL OI: CE= 1906520  PE= 5238760 , CE < PE by 63.6%
FUT_SUPP_RES=== 75500  (FUT_LTP= 75598.1 ) Buffer= 52
FUT CEoich val =  3039420.0  PEoich val =  -364380.0 , CE > PE by 112.0%
FUT_SUPP_RES TOTAL OI: CE= 3425700  PE= 561000 , CE > PE by 83.6%
OI_SUPP_RES: spot=75134.8 ATM=75100 (ATM_CE_OI=1693500 ATM_PE_OI=2907140) | SUPPORT=75000PE OI=5238760 (dist=-100) | RESISTANCE=75500CE OI=3425700 (dist=400)
OI_SUPPORT=== 75000
OI_SUPPORT CEoich val = 1827640.0  PEoich val = 3981880.0 , CE < PE by 54.1%
OI_SUPPORT TOTAL OI: CE= 1906520  PE= 5238760 , CE < PE by 63.6%
OI_RESISTANCE=== 75500
OI_RESISTANCE CEoich val = 3039420.0  PEoich val = -364380.0 , CE > PE by 112.0%
OI_RESISTANCE TOTAL OI: CE= 3425700  PE= 561000 , CE > PE by 83.6%
IS_MORNING_WINDOW= False  (active 9:15-9:48 IST)
================================================
==== signal check time ==== 2026-09-09 13:18:00.607517
IS_CHOI_DIFF_GT_25PERC== True
RSI_VAL1== 54.06
RSI_VAL2== 54.06
FUT_3m_OHLC O= 75563.5  H= 75598.1  L= 75563.5  C= 75598.1  Range= 34.6
CHART_PATTERN_DETECTED: INSIDE_BAR
  PATTERN_CONTEXT: Body= 34.6  Range= 34.6  ExpectedRange= 65.4  RangeRatio= 0.53  O= 75563.5  H= 75598.1  L= 75563.5  C= 75598.1
newSynthFut =  75100
ATMStrike =  75100
AVG_OIPCR= 4.8
avgoiPCROld=  22.84
SUPP_RES = 75000
FUT LTP = 75598.1
CEchoi  PechOi = 1827640.0    3981880.0
====================================
AVG_VOLPCR= 0.37
atmPCR= 0.16  belowATM  0.3
atmVolPCR= 0.17  belowATM  0.37
True   75598.1   75000   False   False   54.06
India VIX = 11.56  Spot Price = 75140.89
IV Regime = HIGH (ADAPTIVE: P25= 11.04  P50= 11.29  P75= 11.49 ) | DailyRange = 1240.9 | 3minCandleRange = 65.3 (theoretical= 108.8 ) | ATMoptionMove = 29.4 | SL = 103 | Target = 103 | TrailTrigger = 29 | Spread = 300 | Buffer = 52
IV Params refreshed: {'vix': 11.56, 'bn_price': 75140.89, 'regime': 'HIGH', 'regime_thresholds': 'P25=11.04 P50=11.29 P75=11.49', 'daily_range': 1240.9, 'candle_range': 65.3, 'atm_option_move': 29.4, 'sl_point': 103, 'target_point': 103, 'sl_pct_of_premium': 0.1, 'trail_trigger': 29, 'spread_width': 300, 'support_resistance_buffer': 52}
===
====after 3 min ochain==== 2026-09-09 13:21:00.000003
                                    oipcr   choipcr   CE_OI / PE_OI (same strike)
pcr1 =  BSE:SENSEX2691075900CE   0.1   -0.17 CALL added 787220   PUT unwind -130560  CE_OI=1465680 PE_OI=150560
pcr2 =  BSE:SENSEX2691075800PE   0.09   -0.32 CALL added 888120   PUT unwind -280380  CE_OI=1734240 PE_OI=161660
pcr3 =  BSE:SENSEX2691075700PE   0.09   -0.16 CALL added 1294320   PUT unwind -203300  CE_OI=1967400 PE_OI=171480
pcr4 =  BSE:SENSEX2691075600CE   0.11   -0.25 CALL added 1423940   PUT unwind -351640  CE_OI=1997540 PE_OI=224940
pcr5 =  BSE:SENSEX2691075500CE   0.16   -0.12 CALL added 3102080   PUT unwind -369640  CE_OI=3488360 PE_OI=555740
pcr6 =  BSE:SENSEX2691075400PE   0.28    0.11 CALL added 1697260   PUT added 195020  CE_OI=1777360 PE_OI=502660
pcr7 =  BSE:SENSEX2691075300PE   0.6   0.43 CALL added 2115820   PUT added 902760  CE_OI=2157880 PE_OI=1304320
pcr8 =  BSE:SENSEX2691075200PE   1.21   1.09 CALL added 2549880   PUT added 2772960  CE_OI=2591260 PE_OI=3127020
pcr9 =  BSE:SENSEX2691075100CE   1.68   1.57 CALL added 1707260   PUT added 2676080  CE_OI=1727860 PE_OI=2907240
pcr10 =  BSE:SENSEX2691075000PE   2.74   2.17 CALL added 1831840   PUT added 3976000  CE_OI=1910720 PE_OI=5232880
pcr11 =  BSE:SENSEX2691074900PE   5.3   4.62 CALL added 469060   PUT added 2166780  CE_OI=480920 PE_OI=2549920
pcr12 =  BSE:SENSEX2691074800PE   10.19   7.04 CALL added 207560   PUT added 1461380  CE_OI=217160 PE_OI=2213720
pcr13 =  BSE:SENSEX2691074700CE   20.05   16.04 CALL added 89220   PUT added 1431060  CE_OI=94380 PE_OI=1892640
pcr14 =  BSE:SENSEX2691074600PE   29.16   20.42 CALL added 51060   PUT added 1042680  CE_OI=55520 PE_OI=1619180
pcr15 =  BSE:SENSEX2691074500PE   28.69   19.1 CALL added 95180   PUT added 1817820  CE_OI=103820 PE_OI=2979080
pcr16 =  BSE:SENSEX2691074400PE   109.8   79.95 CALL added 9220   PUT added 737160  CE_OI=9220 PE_OI=1012340
pcr17 =  BSE:SENSEX2691074300PE   184.98   138.69 CALL added 5800   PUT added 804380  CE_OI=5800 PE_OI=1072860
PCRSUM== 395.23
pcrSummation== 42.21
VOLPCRSUM== 3.37
spotLTP =  75140.89  ATM_STRIKE =  75100
IS_ATM_STRIKE_SHIFT = False  mapStrike = {75100: 75100}
avgOiPcrList2 = [np.float64(22.77), np.float64(22.84), np.float64(23.25)] atmStrikeNotShiftedCount= 3
False   3   3
SUPP_RES=== 75000  Buffer= 52
ANCHOR_COMPARE: spot=75140.89 fut=75592.65 basis(fut-spot)=451.76 | SR_spot(PRIMARY)=75000 SR_future=75500 SR_diff(fut-spot)=500 | PCRwin_spot(PRIMARY)=75100 PCRwin_future=75600
CEoich val =  1831840.0  PEoich val =  3976000.0 , CE < PE by 53.9%
SUPP_RES TOTAL OI: CE= 1910720  PE= 5232880 , CE < PE by 63.5%
FUT_SUPP_RES=== 75500  (FUT_LTP= 75592.65 ) Buffer= 52
FUT CEoich val =  3102080.0  PEoich val =  -369640.0 , CE > PE by 111.9%
FUT_SUPP_RES TOTAL OI: CE= 3488360  PE= 555740 , CE > PE by 84.1%
OI_SUPP_RES: spot=75140.89 ATM=75100 (ATM_CE_OI=1727860 ATM_PE_OI=2907240) | SUPPORT=75000PE OI=5232880 (dist=-100) | RESISTANCE=75500CE OI=3488360 (dist=400)
OI_SUPPORT=== 75000
OI_SUPPORT CEoich val = 1831840.0  PEoich val = 3976000.0 , CE < PE by 53.9%
OI_SUPPORT TOTAL OI: CE= 1910720  PE= 5232880 , CE < PE by 63.5%
OI_RESISTANCE=== 75500
OI_RESISTANCE CEoich val = 3102080.0  PEoich val = -369640.0 , CE > PE by 111.9%
OI_RESISTANCE TOTAL OI: CE= 3488360  PE= 555740 , CE > PE by 84.1%
IS_MORNING_WINDOW= False  (active 9:15-9:48 IST)
================================================
==== signal check time ==== 2026-09-09 13:21:00.623956
IS_CHOI_DIFF_GT_25PERC== True
RSI_VAL1== 53.2
RSI_VAL2== 53.2
FUT_3m_OHLC O= 75598.0  H= 75598.0  L= 75592.6  C= 75592.6  Range= 5.4
CHART_PATTERN_DETECTED: INSIDE_BAR
  PATTERN_CONTEXT: Body= -5.4  Range= 5.4  ExpectedRange= 65.3  RangeRatio= 0.08  O= 75598.0  H= 75598.0  L= 75592.6  C= 75592.6
isPcrInc = True
newSynthFut =  75100
ATMStrike =  75100
AVG_OIPCR= 4.69
avgoiPCROld=  23.25
SUPP_RES = 75000
FUT LTP = 75592.65
CEchoi  PechOi = 1831840.0    3976000.0
====================================
AVG_VOLPCR= 0.37
atmPCR= 0.16  belowATM  0.28
atmVolPCR= 0.17  belowATM  0.37
True   75592.65   75000   True   False   53.2
no trade yet = [np.float64(22.77), np.float64(22.84), np.float64(23.25)]
India VIX = 11.58  Spot Price = 75160.39
IV Regime = HIGH (ADAPTIVE: P25= 11.04  P50= 11.29  P75= 11.49 ) | DailyRange = 1243.4 | 3minCandleRange = 65.4 (theoretical= 109.1 ) | ATMoptionMove = 29.4 | SL = 103 | Target = 103 | TrailTrigger = 29 | Spread = 300 | Buffer = 52
IV Params refreshed: {'vix': 11.58, 'bn_price': 75160.39, 'regime': 'HIGH', 'regime_thresholds': 'P25=11.04 P50=11.29 P75=11.49', 'daily_range': 1243.4, 'candle_range': 65.4, 'atm_option_move': 29.4, 'sl_point': 103, 'target_point': 103, 'sl_pct_of_premium': 0.1, 'trail_trigger': 29, 'spread_width': 300, 'support_resistance_buffer': 52}
===
====after 3 min ochain==== 2026-09-09 13:24:00.000116
                                    oipcr   choipcr   CE_OI / PE_OI (same strike)
pcr1 =  BSE:SENSEX2691076000CE   0.09   -0.11 CALL added 2309120   PUT unwind -255280  CE_OI=4152100 PE_OI=390360
pcr2 =  BSE:SENSEX2691075900CE   0.1   -0.16 CALL added 828300   PUT unwind -130560  CE_OI=1506760 PE_OI=150560
pcr3 =  BSE:SENSEX2691075800PE   0.09   -0.32 CALL added 901860   PUT unwind -284680  CE_OI=1747980 PE_OI=157360
pcr4 =  BSE:SENSEX2691075700PE   0.09   -0.16 CALL added 1301120   PUT unwind -204060  CE_OI=1974200 PE_OI=170720
pcr5 =  BSE:SENSEX2691075600CE   0.11   -0.24 CALL added 1465980   PUT unwind -355480  CE_OI=2039580 PE_OI=221100
pcr6 =  BSE:SENSEX2691075500CE   0.16    -0.13 CALL added 3027520   PUT unwind -383940  CE_OI=3413800 PE_OI=541440
pcr7 =  BSE:SENSEX2691075400PE   0.27   0.1 CALL added 1732920   PUT added 174500  CE_OI=1813020 PE_OI=482140
pcr8 =  BSE:SENSEX2691075300PE   0.58   0.4 CALL added 2136180   PUT added 861540  CE_OI=2178240 PE_OI=1263100
pcr9 =  BSE:SENSEX2691075200PE   1.16   1.04 CALL added 2534600   PUT added 2645340  CE_OI=2575980 PE_OI=2999400
pcr10 =  BSE:SENSEX2691075100CE   1.66   1.55 CALL added 1714200   PUT added 2650720  CE_OI=1734800 PE_OI=2881880
pcr11 =  BSE:SENSEX2691075000PE   2.69   2.12 CALL added 1828940   PUT added 3878340  CE_OI=1907820 PE_OI=5135220
pcr12 =  BSE:SENSEX2691074900PE   5.4   4.71 CALL added 459300   PUT added 2162340  CE_OI=471160 PE_OI=2545480
pcr13 =  BSE:SENSEX2691074800PE   10.27   7.07 CALL added 204420   PUT added 1444620  CE_OI=214020 PE_OI=2196960
pcr14 =  BSE:SENSEX2691074700CE   18.9   14.96 CALL added 92360   PUT added 1381380  CE_OI=97520 PE_OI=1842960
pcr15 =  BSE:SENSEX2691074600PE   29.37   20.47 CALL added 50060   PUT added 1024680  CE_OI=54520 PE_OI=1601180
pcr16 =  BSE:SENSEX2691074500PE   30.26   20.0 CALL added 87700   PUT added 1754340  CE_OI=96340 PE_OI=2915600
pcr17 =  BSE:SENSEX2691074400PE   111.33   80.62 CALL added 8960   PUT added 722340  CE_OI=8960 PE_OI=997520
PCRSUM== 212.53
pcrSummation== 22.3
VOLPCRSUM== 2.17
spotLTP =  75160.39  ATM_STRIKE =  75200
IS_ATM_STRIKE_SHIFT = True  mapStrike = {75200: 75200}
avgOiPcrList2 = [np.float64(12.5)] atmStrikeNotShiftedCount= 1
True   1   1
SUPP_RES=== 75000  Buffer= 52
ANCHOR_COMPARE: spot=75160.39 fut=75592.65 basis(fut-spot)=432.26 | SR_spot(PRIMARY)=75000 SR_future=75500 SR_diff(fut-spot)=500 | PCRwin_spot(PRIMARY)=75200 PCRwin_future=75600
CEoich val =  1828940.0  PEoich val =  3878340.0 , CE < PE by 52.8%
SUPP_RES TOTAL OI: CE= 1907820  PE= 5135220 , CE < PE by 62.8%
FUT_SUPP_RES=== 75500  (FUT_LTP= 75592.65 ) Buffer= 52
FUT CEoich val =  3027520.0  PEoich val =  -383940.0 , CE > PE by 112.7%
FUT_SUPP_RES TOTAL OI: CE= 3413800  PE= 541440 , CE > PE by 84.1%
OI_SUPP_RES: spot=75160.39 ATM=75200 (ATM_CE_OI=2575980 ATM_PE_OI=2999400) | SUPPORT=75000PE OI=5135220 (dist=-200) | RESISTANCE=76000CE OI=4152100 (dist=800)
OI_SUPPORT=== 75000
OI_SUPPORT CEoich val = 1828940.0  PEoich val = 3878340.0 , CE < PE by 52.8%
OI_SUPPORT TOTAL OI: CE= 1907820  PE= 5135220 , CE < PE by 62.8%
OI_RESISTANCE=== 76000
OI_RESISTANCE CEoich val = 2309120.0  PEoich val = -255280.0 , CE > PE by 111.1%
OI_RESISTANCE TOTAL OI: CE= 4152100  PE= 390360 , CE > PE by 90.6%
IS_MORNING_WINDOW= False  (active 9:15-9:48 IST)
================================================
==== signal check time ==== 2026-09-09 13:24:00.657521
IS_CHOI_DIFF_GT_25PERC== True
RSI_VAL1== 53.2
RSI_VAL2== 53.2
FUT_3m_OHLC O= 75592.6  H= 75592.6  L= 75592.6  C= 75592.6  Range= 0.0
CHART_PATTERN_DETECTED: INSIDE_BAR | DOUBLE_TOP_FORMING
  PATTERN_CONTEXT: Body= 0.0  Range= 0.0  ExpectedRange= 65.4  RangeRatio= 0.0  O= 75592.6  H= 75592.6  L= 75592.6  C= 75592.6
newSynthFut =  75200
ATMStrike =  75200
AVG_OIPCR= 2.48
avgoiPCROld=  12.5
SUPP_RES = 75000
FUT LTP = 75592.65
CEchoi  PechOi = 1828940.0    3878340.0
====================================
AVG_VOLPCR= 0.24
atmPCR= 0.11  belowATM  0.16
atmVolPCR= 0.09  belowATM  0.17
True   75592.65   75000   False   False   53.2
India VIX = 11.57  Spot Price = 75177.25
IV Regime = HIGH (ADAPTIVE: P25= 11.04  P50= 11.29  P75= 11.49 ) | DailyRange = 1242.6 | 3minCandleRange = 65.4 (theoretical= 109.0 ) | ATMoptionMove = 29.4 | SL = 103 | Target = 103 | TrailTrigger = 29 | Spread = 300 | Buffer = 52
IV Params refreshed: {'vix': 11.57, 'bn_price': 75177.25, 'regime': 'HIGH', 'regime_thresholds': 'P25=11.04 P50=11.29 P75=11.49', 'daily_range': 1242.6, 'candle_range': 65.4, 'atm_option_move': 29.4, 'sl_point': 103, 'target_point': 103, 'sl_pct_of_premium': 0.1, 'trail_trigger': 29, 'spread_width': 300, 'support_resistance_buffer': 52}
===
====after 3 min ochain==== 2026-09-09 13:27:00.000001
                                    oipcr   choipcr   CE_OI / PE_OI (same strike)
pcr1 =  BSE:SENSEX2691076000CE   0.09   -0.1 CALL added 2457560   PUT unwind -256340  CE_OI=4300540 PE_OI=389300
pcr2 =  BSE:SENSEX2691075900CE   0.1   -0.16 CALL added 828960   PUT unwind -130820  CE_OI=1507420 PE_OI=150300
pcr3 =  BSE:SENSEX2691075800PE   0.09   -0.31 CALL added 934600   PUT unwind -285220  CE_OI=1780720 PE_OI=156820
pcr4 =  BSE:SENSEX2691075700PE   0.09   -0.16 CALL added 1293000   PUT unwind -204460  CE_OI=1966080 PE_OI=170320
pcr5 =  BSE:SENSEX2691075600CE   0.11   -0.24 CALL added 1481120   PUT unwind -356460  CE_OI=2054720 PE_OI=220120
pcr6 =  BSE:SENSEX2691075500CE   0.16    -0.12 CALL added 3093900   PUT unwind -376920  CE_OI=3480180 PE_OI=548460
pcr7 =  BSE:SENSEX2691075400PE   0.27   0.1 CALL added 1777360   PUT added 185900  CE_OI=1857460 PE_OI=493540
pcr8 =  BSE:SENSEX2691075300PE   0.56   0.38 CALL added 2197580   PUT added 841460  CE_OI=2239640 PE_OI=1243020
pcr9 =  BSE:SENSEX2691075200PE   1.13   1.01 CALL added 2604860   PUT added 2625740  CE_OI=2646240 PE_OI=2979800
pcr10 =  BSE:SENSEX2691075100CE   1.63   1.51 CALL added 1747500   PUT added 2642480  CE_OI=1768100 PE_OI=2873640
pcr11 =  BSE:SENSEX2691075000PE   2.71   2.14 CALL added 1833240   PUT added 3932160  CE_OI=1912120 PE_OI=5189040
pcr12 =  BSE:SENSEX2691074900PE   5.3   4.62 CALL added 465560   PUT added 2149340  CE_OI=477420 PE_OI=2532480
pcr13 =  BSE:SENSEX2691074800PE   10.39   7.15 CALL added 201080   PUT added 1437360  CE_OI=210680 PE_OI=2189700
pcr14 =  BSE:SENSEX2691074700CE   18.56   14.66 CALL added 93780   PUT added 1374600  CE_OI=98940 PE_OI=1836180
pcr15 =  BSE:SENSEX2691074600PE   29.06   20.19 CALL added 50420   PUT added 1018080  CE_OI=54880 PE_OI=1594580
pcr16 =  BSE:SENSEX2691074500PE   30.46   20.25 CALL added 87980   PUT added 1781900  CE_OI=96620 PE_OI=2943160
pcr17 =  BSE:SENSEX2691074400PE   111.29   80.71 CALL added 9000   PUT added 726420  CE_OI=9000 PE_OI=1001600
PCRSUM== 212.0
pcrSummation== 22.26
VOLPCRSUM== 2.16
spotLTP =  75177.25  ATM_STRIKE =  75200
IS_ATM_STRIKE_SHIFT = False  mapStrike = {75200: 75200}
avgOiPcrList2 = [np.float64(12.5), np.float64(12.47)] atmStrikeNotShiftedCount= 2
False   2   2
SUPP_RES=== 75000  Buffer= 52
ANCHOR_COMPARE: spot=75177.25 fut=75618.6 basis(fut-spot)=441.35 | SR_spot(PRIMARY)=75000 SR_future=75500 SR_diff(fut-spot)=500 | PCRwin_spot(PRIMARY)=75200 PCRwin_future=75600
CEoich val =  1833240.0  PEoich val =  3932160.0 , CE < PE by 53.4%
SUPP_RES TOTAL OI: CE= 1912120  PE= 5189040 , CE < PE by 63.2%
FUT_SUPP_RES=== 75500  (FUT_LTP= 75618.6 ) Buffer= 52
FUT CEoich val =  3093900.0  PEoich val =  -376920.0 , CE > PE by 112.2%
FUT_SUPP_RES TOTAL OI: CE= 3480180  PE= 548460 , CE > PE by 84.2%
OI_SUPP_RES: spot=75177.25 ATM=75200 (ATM_CE_OI=2646240 ATM_PE_OI=2979800) | SUPPORT=75000PE OI=5189040 (dist=-200) | RESISTANCE=76000CE OI=4300540 (dist=800)
OI_SUPPORT=== 75000
OI_SUPPORT CEoich val = 1833240.0  PEoich val = 3932160.0 , CE < PE by 53.4%
OI_SUPPORT TOTAL OI: CE= 1912120  PE= 5189040 , CE < PE by 63.2%
OI_RESISTANCE=== 76000
OI_RESISTANCE CEoich val = 2457560.0  PEoich val = -256340.0 , CE > PE by 110.4%
OI_RESISTANCE TOTAL OI: CE= 4300540  PE= 389300 , CE > PE by 90.9%
IS_MORNING_WINDOW= False  (active 9:15-9:48 IST)
================================================
==== signal check time ==== 2026-09-09 13:27:00.584383
IS_CHOI_DIFF_GT_25PERC== True
RSI_VAL1== 56.98
RSI_VAL2== 56.98
FUT_3m_OHLC O= 75592.6  H= 75618.6  L= 75592.6  C= 75618.6  Range= 26.0
CHART_PATTERN: None
newSynthFut =  75200
ATMStrike =  75200
AVG_OIPCR= 2.47
avgoiPCROld=  12.47
SUPP_RES = 75000
FUT LTP = 75618.6
CEchoi  PechOi = 1833240.0    3932160.0
====================================
AVG_VOLPCR= 0.24
atmPCR= 0.11  belowATM  0.16
atmVolPCR= 0.09  belowATM  0.17
True   75618.6   75000   False   False   56.98
India VIX = 11.6  Spot Price = 75192.04
IV Regime = HIGH (ADAPTIVE: P25= 11.04  P50= 11.29  P75= 11.49 ) | DailyRange = 1246.0 | 3minCandleRange = 65.6 (theoretical= 109.3 ) | ATMoptionMove = 29.5 | SL = 103 | Target = 103 | TrailTrigger = 30 | Spread = 300 | Buffer = 52
IV Params refreshed: {'vix': 11.6, 'bn_price': 75192.04, 'regime': 'HIGH', 'regime_thresholds': 'P25=11.04 P50=11.29 P75=11.49', 'daily_range': 1246.0, 'candle_range': 65.6, 'atm_option_move': 29.5, 'sl_point': 103, 'target_point': 103, 'sl_pct_of_premium': 0.1, 'trail_trigger': 30, 'spread_width': 300, 'support_resistance_buffer': 52}
===
====after 3 min ochain==== 2026-09-09 13:30:00.000001
                                    oipcr   choipcr   CE_OI / PE_OI (same strike)
pcr1 =  BSE:SENSEX2691076000CE   0.09   -0.1 CALL added 2451920   PUT unwind -254880  CE_OI=4294900 PE_OI=390760
pcr2 =  BSE:SENSEX2691075900CE   0.1   -0.16 CALL added 843740   PUT unwind -130920  CE_OI=1522200 PE_OI=150200
pcr3 =  BSE:SENSEX2691075800PE   0.09   -0.3 CALL added 942060   PUT unwind -285420  CE_OI=1788180 PE_OI=156620
pcr4 =  BSE:SENSEX2691075700PE   0.09   -0.16 CALL added 1289540   PUT unwind -203040  CE_OI=1962620 PE_OI=171740
pcr5 =  BSE:SENSEX2691075600CE   0.11   -0.23 CALL added 1506780   PUT unwind -351980  CE_OI=2080380 PE_OI=224600
pcr6 =  BSE:SENSEX2691075500CE   0.16    -0.12 CALL added 3113820   PUT unwind -371940  CE_OI=3500100 PE_OI=553440
pcr7 =  BSE:SENSEX2691075400PE   0.27   0.11 CALL added 1797680   PUT added 190820  CE_OI=1877780 PE_OI=498460
pcr8 =  BSE:SENSEX2691075300PE   0.56   0.39 CALL added 2207940   PUT added 858740  CE_OI=2250000 PE_OI=1260300
pcr9 =  BSE:SENSEX2691075200PE   1.15   1.03 CALL added 2586200   PUT added 2674460  CE_OI=2627580 PE_OI=3028520
pcr10 =  BSE:SENSEX2691075100CE   1.64   1.53 CALL added 1761360   PUT added 2695440  CE_OI=1781960 PE_OI=2926600
pcr11 =  BSE:SENSEX2691075000PE   2.68   2.11 CALL added 1837700   PUT added 3870040  CE_OI=1916580 PE_OI=5126920
pcr12 =  BSE:SENSEX2691074900PE   5.28   4.59 CALL added 464960   PUT added 2133500  CE_OI=476820 PE_OI=2516640
pcr13 =  BSE:SENSEX2691074800PE   10.5   7.27 CALL added 201520   PUT added 1465200  CE_OI=211120 PE_OI=2217540
pcr14 =  BSE:SENSEX2691074700CE   18.5   14.61 CALL added 94220   PUT added 1376640  CE_OI=99380 PE_OI=1838220
pcr15 =  BSE:SENSEX2691074600PE   29.05   20.22 CALL added 50620   PUT added 1023680  CE_OI=55080 PE_OI=1600180
pcr16 =  BSE:SENSEX2691074500PE   30.49   20.26 CALL added 87780   PUT added 1778200  CE_OI=96420 PE_OI=2939460
pcr17 =  BSE:SENSEX2691074400PE   113.37   82.66 CALL added 8960   PUT added 740600  CE_OI=8960 PE_OI=1015780
PCRSUM== 214.13
pcrSummation== 22.35
VOLPCRSUM== 2.16
spotLTP =  75192.04  ATM_STRIKE =  75200
IS_ATM_STRIKE_SHIFT = False  mapStrike = {75200: 75200}
avgOiPcrList2 = [np.float64(12.5), np.float64(12.47), np.float64(12.6)] atmStrikeNotShiftedCount= 3
False   3   3
SUPP_RES=== 75000  Buffer= 52
ANCHOR_COMPARE: spot=75192.04 fut=75622.25 basis(fut-spot)=430.21 | SR_spot(PRIMARY)=75000 SR_future=75500 SR_diff(fut-spot)=500 | PCRwin_spot(PRIMARY)=75200 PCRwin_future=75600
CEoich val =  1837700.0  PEoich val =  3870040.0 , CE < PE by 52.5%
SUPP_RES TOTAL OI: CE= 1916580  PE= 5126920 , CE < PE by 62.6%
FUT_SUPP_RES=== 75500  (FUT_LTP= 75622.25 ) Buffer= 52
FUT CEoich val =  3113820.0  PEoich val =  -371940.0 , CE > PE by 111.9%
FUT_SUPP_RES TOTAL OI: CE= 3500100  PE= 553440 , CE > PE by 84.2%
OI_SUPP_RES: spot=75192.04 ATM=75200 (ATM_CE_OI=2627580 ATM_PE_OI=3028520) | SUPPORT=75000PE OI=5126920 (dist=-200) | RESISTANCE=76000CE OI=4294900 (dist=800)
OI_SUPPORT=== 75000
OI_SUPPORT CEoich val = 1837700.0  PEoich val = 3870040.0 , CE < PE by 52.5%
OI_SUPPORT TOTAL OI: CE= 1916580  PE= 5126920 , CE < PE by 62.6%
OI_RESISTANCE=== 76000
OI_RESISTANCE CEoich val = 2451920.0  PEoich val = -254880.0 , CE > PE by 110.4%
OI_RESISTANCE TOTAL OI: CE= 4294900  PE= 390760 , CE > PE by 90.9%
IS_MORNING_WINDOW= False  (active 9:15-9:48 IST)
================================================
==== signal check time ==== 2026-09-09 13:30:00.778306
IS_CHOI_DIFF_GT_25PERC== True
RSI_VAL1== 57.5
RSI_VAL2== 57.5
FUT_3m_OHLC O= 75618.6  H= 75622.2  L= 75618.6  C= 75622.2  Range= 3.6
CHART_PATTERN_DETECTED: DOUBLE_TOP_FORMING | DOUBLE_BOTTOM_FORMING
  PATTERN_CONTEXT: Body= 3.6  Range= 3.6  ExpectedRange= 65.6  RangeRatio= 0.05  O= 75618.6  H= 75622.2  L= 75618.6  C= 75622.2
recent two = [np.float64(12.47), np.float64(12.6)]
newSynthFut =  75200
ATMStrike =  75200
AVG_OIPCR= 2.48
avgoiPCROld=  12.6
SUPP_RES = 75000
FUT LTP = 75622.25
CEchoi  PechOi = 1837700.0    3870040.0
====================================
AVG_VOLPCR= 0.24
atmPCR= 0.11  belowATM  0.16
atmVolPCR= 0.09  belowATM  0.17
True   75622.25   75000   False   False   57.5
India VIX = 11.59  Spot Price = 75188.66
IV Regime = HIGH (ADAPTIVE: P25= 11.04  P50= 11.29  P75= 11.49 ) | DailyRange = 1244.9 | 3minCandleRange = 65.5 (theoretical= 109.2 ) | ATMoptionMove = 29.5 | SL = 103 | Target = 103 | TrailTrigger = 29 | Spread = 300 | Buffer = 52
IV Params refreshed: {'vix': 11.59, 'bn_price': 75188.66, 'regime': 'HIGH', 'regime_thresholds': 'P25=11.04 P50=11.29 P75=11.49', 'daily_range': 1244.9, 'candle_range': 65.5, 'atm_option_move': 29.5, 'sl_point': 103, 'target_point': 103, 'sl_pct_of_premium': 0.1, 'trail_trigger': 29, 'spread_width': 300, 'support_resistance_buffer': 52}
===
====after 3 min ochain==== 2026-09-09 13:33:00.014137
                                    oipcr   choipcr   CE_OI / PE_OI (same strike)
pcr1 =  BSE:SENSEX2691076000CE   0.09   -0.11 CALL added 2457360   PUT unwind -258080  CE_OI=4300340 PE_OI=387560
pcr2 =  BSE:SENSEX2691075900CE   0.1   -0.16 CALL added 837700   PUT unwind -131240  CE_OI=1516160 PE_OI=149880
pcr3 =  BSE:SENSEX2691075800PE   0.09   -0.31 CALL added 917800   PUT unwind -280920  CE_OI=1763920 PE_OI=161120
pcr4 =  BSE:SENSEX2691075700PE   0.09   -0.15 CALL added 1350480   PUT unwind -199640  CE_OI=2023560 PE_OI=175140
pcr5 =  BSE:SENSEX2691075600CE   0.11   -0.23 CALL added 1520760   PUT unwind -343660  CE_OI=2094360 PE_OI=232920
pcr6 =  BSE:SENSEX2691075500CE   0.17    -0.11 CALL added 3095900   PUT unwind -340660  CE_OI=3482180 PE_OI=584720
pcr7 =  BSE:SENSEX2691075400PE   0.28   0.12 CALL added 1829680   PUT added 225820  CE_OI=1909780 PE_OI=533460
pcr8 =  BSE:SENSEX2691075300PE   0.57   0.4 CALL added 2204820   PUT added 879800  CE_OI=2246880 PE_OI=1281360
pcr9 =  BSE:SENSEX2691075200PE   1.14   1.03 CALL added 2648960   PUT added 2725140  CE_OI=2690340 PE_OI=3079200
pcr10 =  BSE:SENSEX2691075100CE   1.7   1.59 CALL added 1714280   PUT added 2725160  CE_OI=1734880 PE_OI=2956320
pcr11 =  BSE:SENSEX2691075000PE   2.7   2.13 CALL added 1821460   PUT added 3880060  CE_OI=1900340 PE_OI=5136940
pcr12 =  BSE:SENSEX2691074900PE   5.28   4.6 CALL added 465680   PUT added 2140240  CE_OI=477540 PE_OI=2523380
pcr13 =  BSE:SENSEX2691074800PE   10.8   7.51 CALL added 197240   PUT added 1481200  CE_OI=206840 PE_OI=2233540
pcr14 =  BSE:SENSEX2691074700CE   19.3   15.28 CALL added 90100   PUT added 1376940  CE_OI=95260 PE_OI=1838520
pcr15 =  BSE:SENSEX2691074600PE   28.68   19.9 CALL added 51080   PUT added 1016260  CE_OI=55540 PE_OI=1592760
pcr16 =  BSE:SENSEX2691074500PE   29.66   19.21 CALL added 86600   PUT added 1663780  CE_OI=95240 PE_OI=2825040
pcr17 =  BSE:SENSEX2691074400PE   112.37   82.2 CALL added 9120   PUT added 749620  CE_OI=9120 PE_OI=1024800
PCRSUM== 213.13
pcrSummation== 22.75
VOLPCRSUM== 2.16
spotLTP =  75192.82  ATM_STRIKE =  75200
IS_ATM_STRIKE_SHIFT = False  mapStrike = {75200: 75200}
avgOiPcrList2 = [np.float64(12.47), np.float64(12.6), np.float64(12.54)] atmStrikeNotShiftedCount= 4
False   4   3
SUPP_RES=== 75000  Buffer= 52
ANCHOR_COMPARE: spot=75192.82 fut=75600.45 basis(fut-spot)=407.63 | SR_spot(PRIMARY)=75000 SR_future=75500 SR_diff(fut-spot)=500 | PCRwin_spot(PRIMARY)=75200 PCRwin_future=75600
CEoich val =  1821460.0  PEoich val =  3880060.0 , CE < PE by 53.1%
SUPP_RES TOTAL OI: CE= 1900340  PE= 5136940 , CE < PE by 63.0%
FUT_SUPP_RES=== 75500  (FUT_LTP= 75600.45 ) Buffer= 52
FUT CEoich val =  3095900.0  PEoich val =  -340660.0 , CE > PE by 111.0%
FUT_SUPP_RES TOTAL OI: CE= 3482180  PE= 584720 , CE > PE by 83.2%
OI_SUPP_RES: spot=75192.82 ATM=75200 (ATM_CE_OI=2690340 ATM_PE_OI=3079200) | SUPPORT=75000PE OI=5136940 (dist=-200) | RESISTANCE=76000CE OI=4300340 (dist=800)
OI_SUPPORT=== 75000
OI_SUPPORT CEoich val = 1821460.0  PEoich val = 3880060.0 , CE < PE by 53.1%
OI_SUPPORT TOTAL OI: CE= 1900340  PE= 5136940 , CE < PE by 63.0%
OI_RESISTANCE=== 76000
OI_RESISTANCE CEoich val = 2457360.0  PEoich val = -258080.0 , CE > PE by 110.5%
OI_RESISTANCE TOTAL OI: CE= 4300340  PE= 387560 , CE > PE by 91.0%
IS_MORNING_WINDOW= False  (active 9:15-9:48 IST)
================================================
==== signal check time ==== 2026-09-09 13:33:00.668437
IS_CHOI_DIFF_GT_25PERC== True
RSI_VAL1== 53.35
RSI_VAL2== 53.35
FUT_3m_OHLC O= 75600.4  H= 75600.4  L= 75600.4  C= 75600.4  Range= 0.0
CHART_PATTERN_DETECTED: DOUBLE_BOTTOM_FORMING
  PATTERN_CONTEXT: Body= 0.0  Range= 0.0  ExpectedRange= 65.5  RangeRatio= 0.0  O= 75600.4  H= 75600.4  L= 75600.4  C= 75600.4
recent two = [np.float64(12.6), np.float64(12.54)]
newSynthFut =  75200
ATMStrike =  75200
AVG_OIPCR= 2.53
avgoiPCROld=  12.54
SUPP_RES = 75000
FUT LTP = 75600.45
CEchoi  PechOi = 1821460.0    3880060.0
====================================
AVG_VOLPCR= 0.24
atmPCR= 0.11  belowATM  0.17
atmVolPCR= 0.09  belowATM  0.17
True   75600.45   75000   False   False   53.35
India VIX = 11.6  Spot Price = 75157.1
IV Regime = HIGH (ADAPTIVE: P25= 11.04  P50= 11.29  P75= 11.49 ) | DailyRange = 1245.5 | 3minCandleRange = 65.5 (theoretical= 109.2 ) | ATMoptionMove = 29.5 | SL = 103 | Target = 103 | TrailTrigger = 29 | Spread = 300 | Buffer = 52
IV Params refreshed: {'vix': 11.6, 'bn_price': 75157.1, 'regime': 'HIGH', 'regime_thresholds': 'P25=11.04 P50=11.29 P75=11.49', 'daily_range': 1245.5, 'candle_range': 65.5, 'atm_option_move': 29.5, 'sl_point': 103, 'target_point': 103, 'sl_pct_of_premium': 0.1, 'trail_trigger': 29, 'spread_width': 300, 'support_resistance_buffer': 52}
===
====after 3 min ochain==== 2026-09-09 13:36:00.015072
                                    oipcr   choipcr   CE_OI / PE_OI (same strike)
pcr1 =  BSE:SENSEX2691076000CE   0.09   -0.1 CALL added 2496480   PUT unwind -261000  CE_OI=4339460 PE_OI=384640
pcr2 =  BSE:SENSEX2691075900CE   0.1   -0.16 CALL added 828800   PUT unwind -130940  CE_OI=1507260 PE_OI=150180
pcr3 =  BSE:SENSEX2691075800PE   0.09   -0.31 CALL added 922420   PUT unwind -283080  CE_OI=1768540 PE_OI=158960
pcr4 =  BSE:SENSEX2691075700PE   0.09   -0.14 CALL added 1378980   PUT unwind -199820  CE_OI=2052060 PE_OI=174960
pcr5 =  BSE:SENSEX2691075600CE   0.11   -0.23 CALL added 1486480   PUT unwind -346260  CE_OI=2060080 PE_OI=230320
pcr6 =  BSE:SENSEX2691075500CE   0.17    -0.11 CALL added 3100200   PUT unwind -332680  CE_OI=3486480 PE_OI=592700
pcr7 =  BSE:SENSEX2691075400PE   0.26   0.11 CALL added 1818180   PUT added 194380  CE_OI=1898280 PE_OI=502020
pcr8 =  BSE:SENSEX2691075300PE   0.57   0.4 CALL added 2177820   PUT added 862460  CE_OI=2219880 PE_OI=1264020
pcr9 =  BSE:SENSEX2691075200PE   1.18   1.06 CALL added 2632480   PUT added 2791860  CE_OI=2673860 PE_OI=3145920
pcr10 =  BSE:SENSEX2691075100CE   1.68   1.57 CALL added 1734620   PUT added 2717060  CE_OI=1755220 PE_OI=2948220
pcr11 =  BSE:SENSEX2691075000PE   2.7   2.13 CALL added 1822060   PUT added 3880440  CE_OI=1900940 PE_OI=5137320
pcr12 =  BSE:SENSEX2691074900PE   5.36   4.67 CALL added 463260   PUT added 2161180  CE_OI=475120 PE_OI=2544320
pcr13 =  BSE:SENSEX2691074800PE   10.75   7.53 CALL added 201660   PUT added 1518040  CE_OI=211260 PE_OI=2270380
pcr14 =  BSE:SENSEX2691074700CE   18.99   15.03 CALL added 91740   PUT added 1378660  CE_OI=96900 PE_OI=1840240
pcr15 =  BSE:SENSEX2691074600PE   29.21   20.53 CALL added 51380   PUT added 1054640  CE_OI=55840 PE_OI=1631140
pcr16 =  BSE:SENSEX2691074500PE   29.83   19.5 CALL added 87500   PUT added 1706200  CE_OI=96140 PE_OI=2867460
pcr17 =  BSE:SENSEX2691074400PE   113.07   82.63 CALL added 9040   PUT added 747000  CE_OI=9040 PE_OI=1022180
PCRSUM== 214.25
pcrSummation== 22.78
VOLPCRSUM== 2.17
spotLTP =  75157.1  ATM_STRIKE =  75200
IS_ATM_STRIKE_SHIFT = False  mapStrike = {75200: 75200}
avgOiPcrList2 = [np.float64(12.6), np.float64(12.54), np.float64(12.6)] atmStrikeNotShiftedCount= 5
False   5   3
SUPP_RES=== 75000  Buffer= 52
ANCHOR_COMPARE: spot=75157.1 fut=75600.0 basis(fut-spot)=442.9 | SR_spot(PRIMARY)=75000 SR_future=75500 SR_diff(fut-spot)=500 | PCRwin_spot(PRIMARY)=75200 PCRwin_future=75600
CEoich val =  1822060.0  PEoich val =  3880440.0 , CE < PE by 53.0%
SUPP_RES TOTAL OI: CE= 1900940  PE= 5137320 , CE < PE by 63.0%
FUT_SUPP_RES=== 75500  (FUT_LTP= 75600.0 ) Buffer= 52
FUT CEoich val =  3100200.0  PEoich val =  -332680.0 , CE > PE by 110.7%
FUT_SUPP_RES TOTAL OI: CE= 3486480  PE= 592700 , CE > PE by 83.0%
OI_SUPP_RES: spot=75157.1 ATM=75200 (ATM_CE_OI=2673860 ATM_PE_OI=3145920) | SUPPORT=75000PE OI=5137320 (dist=-200) | RESISTANCE=76000CE OI=4339460 (dist=800)
OI_SUPPORT=== 75000
OI_SUPPORT CEoich val = 1822060.0  PEoich val = 3880440.0 , CE < PE by 53.0%
OI_SUPPORT TOTAL OI: CE= 1900940  PE= 5137320 , CE < PE by 63.0%
OI_RESISTANCE=== 76000
OI_RESISTANCE CEoich val = 2496480.0  PEoich val = -261000.0 , CE > PE by 110.5%
OI_RESISTANCE TOTAL OI: CE= 4339460  PE= 384640 , CE > PE by 91.1%
IS_MORNING_WINDOW= False  (active 9:15-9:48 IST)
================================================
==== signal check time ==== 2026-09-09 13:36:00.646803
IS_CHOI_DIFF_GT_25PERC== True
RSI_VAL1== 53.26
RSI_VAL2== 53.26
FUT_3m_OHLC O= 75600.4  H= 75600.4  L= 75600.0  C= 75600.0  Range= 0.4
CHART_PATTERN_DETECTED: DOUBLE_BOTTOM_FORMING
  PATTERN_CONTEXT: Body= -0.4  Range= 0.4  ExpectedRange= 65.5  RangeRatio= 0.01  O= 75600.4  H= 75600.4  L= 75600.0  C= 75600.0
recent two = [np.float64(12.54), np.float64(12.6)]
newSynthFut =  75200
ATMStrike =  75200
AVG_OIPCR= 2.53
avgoiPCROld=  12.6
SUPP_RES = 75000
FUT LTP = 75600.0
CEchoi  PechOi = 1822060.0    3880440.0
====================================
AVG_VOLPCR= 0.24
atmPCR= 0.11  belowATM  0.17
atmVolPCR= 0.09  belowATM  0.17
True   75600.0   75000   False   False   53.26
India VIX = 11.58  Spot Price = 75174.34
IV Regime = HIGH (ADAPTIVE: P25= 11.04  P50= 11.29  P75= 11.49 ) | DailyRange = 1243.6 | 3minCandleRange = 65.4 (theoretical= 109.1 ) | ATMoptionMove = 29.4 | SL = 103 | Target = 103 | TrailTrigger = 29 | Spread = 300 | Buffer = 52
IV Params refreshed: {'vix': 11.58, 'bn_price': 75174.34, 'regime': 'HIGH', 'regime_thresholds': 'P25=11.04 P50=11.29 P75=11.49', 'daily_range': 1243.6, 'candle_range': 65.4, 'atm_option_move': 29.4, 'sl_point': 103, 'target_point': 103, 'sl_pct_of_premium': 0.1, 'trail_trigger': 29, 'spread_width': 300, 'support_resistance_buffer': 52}
===
====after 3 min ochain==== 2026-09-09 13:39:00.014066
                                    oipcr   choipcr   CE_OI / PE_OI (same strike)
pcr1 =  BSE:SENSEX2691076000CE   0.09   -0.11 CALL added 2440800   PUT unwind -261080  CE_OI=4283780 PE_OI=384560
pcr2 =  BSE:SENSEX2691075900CE   0.1   -0.16 CALL added 812340   PUT unwind -131040  CE_OI=1490800 PE_OI=150080
pcr3 =  BSE:SENSEX2691075800PE   0.09   -0.3 CALL added 933600   PUT unwind -283180  CE_OI=1779720 PE_OI=158860
pcr4 =  BSE:SENSEX2691075700PE   0.09   -0.15 CALL added 1364760   PUT unwind -201340  CE_OI=2037840 PE_OI=173440
pcr5 =  BSE:SENSEX2691075600CE   0.11   -0.23 CALL added 1481700   PUT unwind -343620  CE_OI=2055300 PE_OI=232960
pcr6 =  BSE:SENSEX2691075500CE   0.17    -0.11 CALL added 3151660   PUT unwind -336500  CE_OI=3537940 PE_OI=588880
pcr7 =  BSE:SENSEX2691075400PE   0.27   0.11 CALL added 1801700   PUT added 194320  CE_OI=1881800 PE_OI=501960
pcr8 =  BSE:SENSEX2691075300PE   0.57   0.4 CALL added 2183140   PUT added 876980  CE_OI=2225200 PE_OI=1278540
pcr9 =  BSE:SENSEX2691075200PE   1.2   1.08 CALL added 2618400   PUT added 2839700  CE_OI=2659780 PE_OI=3193760
pcr10 =  BSE:SENSEX2691075100CE   1.71   1.6 CALL added 1727120   PUT added 2760400  CE_OI=1747720 PE_OI=2991560
pcr11 =  BSE:SENSEX2691075000PE   2.72   2.14 CALL added 1808880   PUT added 3874420  CE_OI=1887760 PE_OI=5131300
pcr12 =  BSE:SENSEX2691074900PE   5.38   4.69 CALL added 464340   PUT added 2178380  CE_OI=476200 PE_OI=2561520
pcr13 =  BSE:SENSEX2691074800PE   11.13   7.86 CALL added 197600   PUT added 1553600  CE_OI=207200 PE_OI=2305940
pcr14 =  BSE:SENSEX2691074700CE   19.21   15.22 CALL added 90980   PUT added 1385160  CE_OI=96140 PE_OI=1846740
pcr15 =  BSE:SENSEX2691074600PE   29.35   20.72 CALL added 51620   PUT added 1069620  CE_OI=56080 PE_OI=1646120
pcr16 =  BSE:SENSEX2691074500PE   29.49   19.25 CALL added 88480   PUT added 1703220  CE_OI=97120 PE_OI=2864480
pcr17 =  BSE:SENSEX2691074400PE   110.63   80.85 CALL added 9240   PUT added 747080  CE_OI=9240 PE_OI=1022260
PCRSUM== 212.31
pcrSummation== 23.26
VOLPCRSUM== 2.17
spotLTP =  75174.34  ATM_STRIKE =  75200
IS_ATM_STRIKE_SHIFT = False  mapStrike = {75200: 75200}
avgOiPcrList2 = [np.float64(12.54), np.float64(12.6), np.float64(12.49)] atmStrikeNotShiftedCount= 6
False   6   3
SUPP_RES=== 75000  Buffer= 52
ANCHOR_COMPARE: spot=75174.34 fut=75600.0 basis(fut-spot)=425.66 | SR_spot(PRIMARY)=75000 SR_future=75500 SR_diff(fut-spot)=500 | PCRwin_spot(PRIMARY)=75200 PCRwin_future=75600
CEoich val =  1808880.0  PEoich val =  3874420.0 , CE < PE by 53.3%
SUPP_RES TOTAL OI: CE= 1887760  PE= 5131300 , CE < PE by 63.2%
FUT_SUPP_RES=== 75500  (FUT_LTP= 75600.0 ) Buffer= 52
FUT CEoich val =  3151660.0  PEoich val =  -336500.0 , CE > PE by 110.7%
FUT_SUPP_RES TOTAL OI: CE= 3537940  PE= 588880 , CE > PE by 83.4%
OI_SUPP_RES: spot=75174.34 ATM=75200 (ATM_CE_OI=2659780 ATM_PE_OI=3193760) | SUPPORT=75000PE OI=5131300 (dist=-200) | RESISTANCE=76000CE OI=4283780 (dist=800)
OI_SUPPORT=== 75000
OI_SUPPORT CEoich val = 1808880.0  PEoich val = 3874420.0 , CE < PE by 53.3%
OI_SUPPORT TOTAL OI: CE= 1887760  PE= 5131300 , CE < PE by 63.2%
OI_RESISTANCE=== 76000
OI_RESISTANCE CEoich val = 2440800.0  PEoich val = -261080.0 , CE > PE by 110.7%
OI_RESISTANCE TOTAL OI: CE= 4283780  PE= 384560 , CE > PE by 91.0%
IS_MORNING_WINDOW= False  (active 9:15-9:48 IST)
================================================
==== signal check time ==== 2026-09-09 13:39:00.642220
IS_CHOI_DIFF_GT_25PERC== True
RSI_VAL1== 53.26
RSI_VAL2== 53.26
FUT_3m_OHLC O= 75600.0  H= 75600.0  L= 75600.0  C= 75600.0  Range= 0.0
CHART_PATTERN_DETECTED: INSIDE_BAR | DOUBLE_BOTTOM_FORMING
  PATTERN_CONTEXT: Body= 0.0  Range= 0.0  ExpectedRange= 65.4  RangeRatio= 0.0  O= 75600.0  H= 75600.0  L= 75600.0  C= 75600.0
recent two = [np.float64(12.6), np.float64(12.49)]
newSynthFut =  75200
ATMStrike =  75200
AVG_OIPCR= 2.58
avgoiPCROld=  12.49
SUPP_RES = 75000
FUT LTP = 75600.0
CEchoi  PechOi = 1808880.0    3874420.0
====================================
AVG_VOLPCR= 0.24
atmPCR= 0.11  belowATM  0.17
atmVolPCR= 0.09  belowATM  0.17
True   75600.0   75000   False   False   53.26
India VIX = 11.62  Spot Price = 75191.22
IV Regime = HIGH (ADAPTIVE: P25= 11.04  P50= 11.29  P75= 11.49 ) | DailyRange = 1248.2 | 3minCandleRange = 65.7 (theoretical= 109.5 ) | ATMoptionMove = 29.6 | SL = 103 | Target = 103 | TrailTrigger = 30 | Spread = 300 | Buffer = 53
IV Params refreshed: {'vix': 11.62, 'bn_price': 75191.22, 'regime': 'HIGH', 'regime_thresholds': 'P25=11.04 P50=11.29 P75=11.49', 'daily_range': 1248.2, 'candle_range': 65.7, 'atm_option_move': 29.6, 'sl_point': 103, 'target_point': 103, 'sl_pct_of_premium': 0.1, 'trail_trigger': 30, 'spread_width': 300, 'support_resistance_buffer': 53}
===
====after 3 min ochain==== 2026-09-09 13:42:00.018022
                                    oipcr   choipcr   CE_OI / PE_OI (same strike)
pcr1 =  BSE:SENSEX2691076000CE   0.09   -0.11 CALL added 2443860   PUT unwind -259740  CE_OI=4286840 PE_OI=385900
pcr2 =  BSE:SENSEX2691075900CE   0.1   -0.16 CALL added 813480   PUT unwind -131080  CE_OI=1491940 PE_OI=150040
pcr3 =  BSE:SENSEX2691075800PE   0.09   -0.31 CALL added 927560   PUT unwind -283100  CE_OI=1773680 PE_OI=158940
pcr4 =  BSE:SENSEX2691075700PE   0.09   -0.15 CALL added 1295540   PUT unwind -199780  CE_OI=1968620 PE_OI=175000
pcr5 =  BSE:SENSEX2691075600CE   0.11   -0.23 CALL added 1518060   PUT unwind -342960  CE_OI=2091660 PE_OI=233620
pcr6 =  BSE:SENSEX2691075500CE   0.17    -0.11 CALL added 3148040   PUT unwind -336300  CE_OI=3534320 PE_OI=589080
pcr7 =  BSE:SENSEX2691075400PE   0.26   0.1 CALL added 1819900   PUT added 190640  CE_OI=1900000 PE_OI=498280
pcr8 =  BSE:SENSEX2691075300PE   0.57   0.4 CALL added 2219700   PUT added 882460  CE_OI=2261760 PE_OI=1284020
pcr9 =  BSE:SENSEX2691075200PE   1.21   1.09 CALL added 2643260   PUT added 2881220  CE_OI=2684640 PE_OI=3235280
pcr10 =  BSE:SENSEX2691075100CE   1.71   1.59 CALL added 1731400   PUT added 2756960  CE_OI=1752000 PE_OI=2988120
pcr11 =  BSE:SENSEX2691075000PE   2.7   2.13 CALL added 1816580   PUT added 3866480  CE_OI=1895460 PE_OI=5123360
pcr12 =  BSE:SENSEX2691074900PE   5.4   4.71 CALL added 464320   PUT added 2186520  CE_OI=476180 PE_OI=2569660
pcr13 =  BSE:SENSEX2691074800PE   11.01   7.75 CALL added 198140   PUT added 1535320  CE_OI=207740 PE_OI=2287660
pcr14 =  BSE:SENSEX2691074700CE   19.04   15.04 CALL added 90720   PUT added 1364060  CE_OI=95880 PE_OI=1825640
pcr15 =  BSE:SENSEX2691074600PE   28.55   19.84 CALL added 51560   PUT added 1023060  CE_OI=56020 PE_OI=1599560
pcr16 =  BSE:SENSEX2691074500PE   29.51   19.14 CALL added 87340   PUT added 1671500  CE_OI=95980 PE_OI=2832760
pcr17 =  BSE:SENSEX2691074400PE   110.68   80.89 CALL added 9240   PUT added 747460  CE_OI=9240 PE_OI=1022640
PCRSUM== 211.29
pcrSummation== 23.14
VOLPCRSUM== 2.17
spotLTP =  75191.99  ATM_STRIKE =  75200
IS_ATM_STRIKE_SHIFT = False  mapStrike = {75200: 75200}
avgOiPcrList2 = [np.float64(12.6), np.float64(12.49), np.float64(12.43)] atmStrikeNotShiftedCount= 7
False   7   3
SUPP_RES=== 75000  Buffer= 53
ANCHOR_COMPARE: spot=75191.99 fut=75598.0 basis(fut-spot)=406.01 | SR_spot(PRIMARY)=75000 SR_future=75500 SR_diff(fut-spot)=500 | PCRwin_spot(PRIMARY)=75200 PCRwin_future=75600
CEoich val =  1816580.0  PEoich val =  3866480.0 , CE < PE by 53.0%
SUPP_RES TOTAL OI: CE= 1895460  PE= 5123360 , CE < PE by 63.0%
FUT_SUPP_RES=== 75500  (FUT_LTP= 75598.0 ) Buffer= 53
FUT CEoich val =  3148040.0  PEoich val =  -336300.0 , CE > PE by 110.7%
FUT_SUPP_RES TOTAL OI: CE= 3534320  PE= 589080 , CE > PE by 83.3%
OI_SUPP_RES: spot=75191.99 ATM=75200 (ATM_CE_OI=2684640 ATM_PE_OI=3235280) | SUPPORT=75000PE OI=5123360 (dist=-200) | RESISTANCE=76000CE OI=4286840 (dist=800)
OI_SUPPORT=== 75000
OI_SUPPORT CEoich val = 1816580.0  PEoich val = 3866480.0 , CE < PE by 53.0%
OI_SUPPORT TOTAL OI: CE= 1895460  PE= 5123360 , CE < PE by 63.0%
OI_RESISTANCE=== 76000
OI_RESISTANCE CEoich val = 2443860.0  PEoich val = -259740.0 , CE > PE by 110.6%
OI_RESISTANCE TOTAL OI: CE= 4286840  PE= 385900 , CE > PE by 91.0%
IS_MORNING_WINDOW= False  (active 9:15-9:48 IST)
================================================
==== signal check time ==== 2026-09-09 13:42:01.118225
IS_CHOI_DIFF_GT_25PERC== True
RSI_VAL1== 52.83
RSI_VAL2== 52.83
FUT_3m_OHLC O= 75600.0  H= 75600.0  L= 75598.0  C= 75598.0  Range= 2.0
CHART_PATTERN_DETECTED: DOUBLE_TOP_FORMING | DOUBLE_BOTTOM_FORMING
  PATTERN_CONTEXT: Body= -2.0  Range= 2.0  ExpectedRange= 65.7  RangeRatio= 0.03  O= 75600.0  H= 75600.0  L= 75598.0  C= 75598.0
isPcrDecr = True
newSynthFut =  75200
ATMStrike =  75200
AVG_OIPCR= 2.57
avgoiPCROld=  12.43
SUPP_RES = 75000
FUT LTP = 75598.0
CEchoi  PechOi = 1816580.0    3866480.0
====================================
AVG_VOLPCR= 0.24
atmPCR= 0.11  belowATM  0.17
atmVolPCR= 0.09  belowATM  0.17
True   75598.0   75000   False   True   52.83
no trade yet = [np.float64(12.6), np.float64(12.49), np.float64(12.43)]
India VIX = 11.56  Spot Price = 75179.03
IV Regime = HIGH (ADAPTIVE: P25= 11.04  P50= 11.29  P75= 11.49 ) | DailyRange = 1241.5 | 3minCandleRange = 65.3 (theoretical= 108.9 ) | ATMoptionMove = 29.4 | SL = 103 | Target = 103 | TrailTrigger = 29 | Spread = 300 | Buffer = 52
IV Params refreshed: {'vix': 11.56, 'bn_price': 75179.03, 'regime': 'HIGH', 'regime_thresholds': 'P25=11.04 P50=11.29 P75=11.49', 'daily_range': 1241.5, 'candle_range': 65.3, 'atm_option_move': 29.4, 'sl_point': 103, 'target_point': 103, 'sl_pct_of_premium': 0.1, 'trail_trigger': 29, 'spread_width': 300, 'support_resistance_buffer': 52}
===
====after 3 min ochain==== 2026-09-09 13:45:00.014552
                                    oipcr   choipcr   CE_OI / PE_OI (same strike)
pcr1 =  BSE:SENSEX2691076000CE   0.09   -0.11 CALL added 2397740   PUT unwind -259340  CE_OI=4240720 PE_OI=386300
pcr2 =  BSE:SENSEX2691075900CE   0.1   -0.16 CALL added 810540   PUT unwind -130860  CE_OI=1489000 PE_OI=150260
pcr3 =  BSE:SENSEX2691075800PE   0.09   -0.31 CALL added 913620   PUT unwind -282080  CE_OI=1759740 PE_OI=159960
pcr4 =  BSE:SENSEX2691075700PE   0.09   -0.15 CALL added 1281460   PUT unwind -197120  CE_OI=1954540 PE_OI=177660
pcr5 =  BSE:SENSEX2691075600CE   0.12   -0.22 CALL added 1511720   PUT unwind -333660  CE_OI=2085320 PE_OI=242920
pcr6 =  BSE:SENSEX2691075500CE   0.17    -0.1 CALL added 3123100   PUT unwind -312160  CE_OI=3509380 PE_OI=613220
pcr7 =  BSE:SENSEX2691075400PE   0.27   0.12 CALL added 1813400   PUT added 212760  CE_OI=1893500 PE_OI=520400
pcr8 =  BSE:SENSEX2691075300PE   0.6   0.43 CALL added 2190760   PUT added 942400  CE_OI=2232820 PE_OI=1343960
pcr9 =  BSE:SENSEX2691075200PE   1.25   1.13 CALL added 2622340   PUT added 2968720  CE_OI=2663720 PE_OI=3322780
pcr10 =  BSE:SENSEX2691075100CE   1.77   1.66 CALL added 1703580   PUT added 2828420  CE_OI=1724180 PE_OI=3059580
pcr11 =  BSE:SENSEX2691075000PE   2.79   2.22 CALL added 1795100   PUT added 3978380  CE_OI=1873980 PE_OI=5235260
pcr12 =  BSE:SENSEX2691074900PE   5.49   4.8 CALL added 462840   PUT added 2222580  CE_OI=474700 PE_OI=2605720
pcr13 =  BSE:SENSEX2691074800PE   10.8   7.64 CALL added 205760   PUT added 1572680  CE_OI=215360 PE_OI=2325020
pcr14 =  BSE:SENSEX2691074700CE   19.32   15.29 CALL added 89840   PUT added 1373480  CE_OI=95000 PE_OI=1835060
pcr15 =  BSE:SENSEX2691074600PE   28.58   19.87 CALL added 51600   PUT added 1025500  CE_OI=56060 PE_OI=1602000
pcr16 =  BSE:SENSEX2691074500PE   29.88   19.43 CALL added 86440   PUT added 1679880  CE_OI=95080 PE_OI=2841140
pcr17 =  BSE:SENSEX2691074400PE   108.39   78.87 CALL added 9320   PUT added 735040  CE_OI=9320 PE_OI=1010220
PCRSUM== 209.8
pcrSummation== 23.26
VOLPCRSUM== 2.17
spotLTP =  75179.03  ATM_STRIKE =  75200
IS_ATM_STRIKE_SHIFT = False  mapStrike = {75200: 75200}
avgOiPcrList2 = [np.float64(12.49), np.float64(12.43), np.float64(12.34)] atmStrikeNotShiftedCount= 8
False   8   3
SUPP_RES=== 75000  Buffer= 52
ANCHOR_COMPARE: spot=75179.03 fut=75600.0 basis(fut-spot)=420.97 | SR_spot(PRIMARY)=75000 SR_future=75500 SR_diff(fut-spot)=500 | PCRwin_spot(PRIMARY)=75200 PCRwin_future=75600
CEoich val =  1795100.0  PEoich val =  3978380.0 , CE < PE by 54.9%
SUPP_RES TOTAL OI: CE= 1873980  PE= 5235260 , CE < PE by 64.2%
FUT_SUPP_RES=== 75500  (FUT_LTP= 75600.0 ) Buffer= 52
FUT CEoich val =  3123100.0  PEoich val =  -312160.0 , CE > PE by 110.0%
FUT_SUPP_RES TOTAL OI: CE= 3509380  PE= 613220 , CE > PE by 82.5%
OI_SUPP_RES: spot=75179.03 ATM=75200 (ATM_CE_OI=2663720 ATM_PE_OI=3322780) | SUPPORT=75000PE OI=5235260 (dist=-200) | RESISTANCE=76000CE OI=4240720 (dist=800)
OI_SUPPORT=== 75000
OI_SUPPORT CEoich val = 1795100.0  PEoich val = 3978380.0 , CE < PE by 54.9%
OI_SUPPORT TOTAL OI: CE= 1873980  PE= 5235260 , CE < PE by 64.2%
OI_RESISTANCE=== 76000
OI_RESISTANCE CEoich val = 2397740.0  PEoich val = -259340.0 , CE > PE by 110.8%
OI_RESISTANCE TOTAL OI: CE= 4240720  PE= 386300 , CE > PE by 90.9%
IS_MORNING_WINDOW= False  (active 9:15-9:48 IST)
================================================
==== signal check time ==== 2026-09-09 13:45:00.661374
IS_CHOI_DIFF_GT_25PERC== True
RSI_VAL1== 53.24
RSI_VAL2== 53.24
FUT_3m_OHLC O= 75600.0  H= 75600.0  L= 75600.0  C= 75600.0  Range= 0.0
CHART_PATTERN_DETECTED: INSIDE_BAR | DOUBLE_TOP_FORMING | DOUBLE_BOTTOM_FORMING
  PATTERN_CONTEXT: Body= 0.0  Range= 0.0  ExpectedRange= 65.3  RangeRatio= 0.0  O= 75600.0  H= 75600.0  L= 75600.0  C= 75600.0
isPcrDecr = True
newSynthFut =  75200
ATMStrike =  75200
AVG_OIPCR= 2.58
avgoiPCROld=  12.34
SUPP_RES = 75000
FUT LTP = 75600.0
CEchoi  PechOi = 1795100.0    3978380.0
====================================
AVG_VOLPCR= 0.24
atmPCR= 0.12  belowATM  0.17
atmVolPCR= 0.09  belowATM  0.17
True   75600.0   75000   False   True   53.24
no trade yet = [np.float64(12.49), np.float64(12.43), np.float64(12.34)]
India VIX = 11.57  Spot Price = 75173.62
IV Regime = HIGH (ADAPTIVE: P25= 11.04  P50= 11.29  P75= 11.49 ) | DailyRange = 1242.5 | 3minCandleRange = 65.4 (theoretical= 109.0 ) | ATMoptionMove = 29.4 | SL = 103 | Target = 103 | TrailTrigger = 29 | Spread = 300 | Buffer = 52
IV Params refreshed: {'vix': 11.57, 'bn_price': 75173.62, 'regime': 'HIGH', 'regime_thresholds': 'P25=11.04 P50=11.29 P75=11.49', 'daily_range': 1242.5, 'candle_range': 65.4, 'atm_option_move': 29.4, 'sl_point': 103, 'target_point': 103, 'sl_pct_of_premium': 0.1, 'trail_trigger': 29, 'spread_width': 300, 'support_resistance_buffer': 52}
===
====after 3 min ochain==== 2026-09-09 13:48:00.012643
                                    oipcr   choipcr   CE_OI / PE_OI (same strike)
pcr1 =  BSE:SENSEX2691076000CE   0.09   -0.11 CALL added 2439900   PUT unwind -259220  CE_OI=4282880 PE_OI=386420
pcr2 =  BSE:SENSEX2691075900CE   0.1   -0.16 CALL added 795000   PUT unwind -130660  CE_OI=1473460 PE_OI=150460
pcr3 =  BSE:SENSEX2691075800PE   0.09   -0.3 CALL added 926060   PUT unwind -281160  CE_OI=1772180 PE_OI=160880
pcr4 =  BSE:SENSEX2691075700PE   0.09   -0.15 CALL added 1288280   PUT unwind -197340  CE_OI=1961360 PE_OI=177440
pcr5 =  BSE:SENSEX2691075600CE   0.12   -0.22 CALL added 1489600   PUT unwind -334360  CE_OI=2063200 PE_OI=242220
pcr6 =  BSE:SENSEX2691075500CE   0.17    -0.1 CALL added 3084560   PUT unwind -320060  CE_OI=3470840 PE_OI=605320
pcr7 =  BSE:SENSEX2691075400PE   0.27   0.11 CALL added 1819060   PUT added 202760  CE_OI=1899160 PE_OI=510400
pcr8 =  BSE:SENSEX2691075300PE   0.6   0.42 CALL added 2148900   PUT added 907020  CE_OI=2190960 PE_OI=1308580
pcr9 =  BSE:SENSEX2691075200PE   1.25   1.14 CALL added 2623760   PUT added 2983940  CE_OI=2665140 PE_OI=3338000
pcr10 =  BSE:SENSEX2691075100CE   1.77   1.66 CALL added 1690860   PUT added 2806400  CE_OI=1711460 PE_OI=3037560
pcr11 =  BSE:SENSEX2691075000PE   2.78   2.2 CALL added 1790000   PUT added 3940600  CE_OI=1868880 PE_OI=5197480
pcr12 =  BSE:SENSEX2691074900PE   5.58   4.89 CALL added 456980   PUT added 2233180  CE_OI=468840 PE_OI=2616320
pcr13 =  BSE:SENSEX2691074800PE   10.44   7.32 CALL added 209060   PUT added 1529800  CE_OI=218660 PE_OI=2282140
pcr14 =  BSE:SENSEX2691074700CE   19.36   15.32 CALL added 89580   PUT added 1372380  CE_OI=94740 PE_OI=1833960
pcr15 =  BSE:SENSEX2691074600PE   28.74   20.0 CALL added 51300   PUT added 1025940  CE_OI=55760 PE_OI=1602440
pcr16 =  BSE:SENSEX2691074500PE   29.64   19.2 CALL added 86660   PUT added 1663440  CE_OI=95300 PE_OI=2824700
pcr17 =  BSE:SENSEX2691074400PE   109.78   80.13 CALL added 9280   PUT added 743580  CE_OI=9280 PE_OI=1018760
PCRSUM== 210.87
pcrSummation== 22.98
VOLPCRSUM== 2.17
spotLTP =  75173.62  ATM_STRIKE =  75200
IS_ATM_STRIKE_SHIFT = False  mapStrike = {75200: 75200}
avgOiPcrList2 = [np.float64(12.43), np.float64(12.34), np.float64(12.4)] atmStrikeNotShiftedCount= 9
False   9   3
SUPP_RES=== 75000  Buffer= 52
ANCHOR_COMPARE: spot=75173.62 fut=75600.0 basis(fut-spot)=426.38 | SR_spot(PRIMARY)=75000 SR_future=75500 SR_diff(fut-spot)=500 | PCRwin_spot(PRIMARY)=75200 PCRwin_future=75600
CEoich val =  1790000.0  PEoich val =  3940600.0 , CE < PE by 54.6%
SUPP_RES TOTAL OI: CE= 1868880  PE= 5197480 , CE < PE by 64.0%
FUT_SUPP_RES=== 75500  (FUT_LTP= 75600.0 ) Buffer= 52
FUT CEoich val =  3084560.0  PEoich val =  -320060.0 , CE > PE by 110.4%
FUT_SUPP_RES TOTAL OI: CE= 3470840  PE= 605320 , CE > PE by 82.6%
OI_SUPP_RES: spot=75173.62 ATM=75200 (ATM_CE_OI=2665140 ATM_PE_OI=3338000) | SUPPORT=75000PE OI=5197480 (dist=-200) | RESISTANCE=76000CE OI=4282880 (dist=800)
OI_SUPPORT=== 75000
OI_SUPPORT CEoich val = 1790000.0  PEoich val = 3940600.0 , CE < PE by 54.6%
OI_SUPPORT TOTAL OI: CE= 1868880  PE= 5197480 , CE < PE by 64.0%
OI_RESISTANCE=== 76000
OI_RESISTANCE CEoich val = 2439900.0  PEoich val = -259220.0 , CE > PE by 110.6%
OI_RESISTANCE TOTAL OI: CE= 4282880  PE= 386420 , CE > PE by 91.0%
IS_MORNING_WINDOW= False  (active 9:15-9:48 IST)
================================================
==== signal check time ==== 2026-09-09 13:48:00.665546
IS_CHOI_DIFF_GT_25PERC== True
RSI_VAL1== 53.24
RSI_VAL2== 53.24
FUT_3m_OHLC O= 75600.0  H= 75600.0  L= 75600.0  C= 75600.0  Range= 0.0
CHART_PATTERN_DETECTED: INSIDE_BAR | DOUBLE_TOP_FORMING | DOUBLE_BOTTOM_FORMING
  PATTERN_CONTEXT: Body= 0.0  Range= 0.0  ExpectedRange= 65.4  RangeRatio= 0.0  O= 75600.0  H= 75600.0  L= 75600.0  C= 75600.0
recent two = [np.float64(12.34), np.float64(12.4)]
newSynthFut =  75200
ATMStrike =  75200
AVG_OIPCR= 2.55
avgoiPCROld=  12.4
SUPP_RES = 75000
FUT LTP = 75600.0
CEchoi  PechOi = 1790000.0    3940600.0
====================================
AVG_VOLPCR= 0.24
atmPCR= 0.12  belowATM  0.17
atmVolPCR= 0.09  belowATM  0.17
True   75600.0   75000   False   False   53.24
India VIX = 11.57  Spot Price = 75175.14
IV Regime = HIGH (ADAPTIVE: P25= 11.04  P50= 11.29  P75= 11.49 ) | DailyRange = 1242.5 | 3minCandleRange = 65.4 (theoretical= 109.0 ) | ATMoptionMove = 29.4 | SL = 103 | Target = 103 | TrailTrigger = 29 | Spread = 300 | Buffer = 52
IV Params refreshed: {'vix': 11.57, 'bn_price': 75175.14, 'regime': 'HIGH', 'regime_thresholds': 'P25=11.04 P50=11.29 P75=11.49', 'daily_range': 1242.5, 'candle_range': 65.4, 'atm_option_move': 29.4, 'sl_point': 103, 'target_point': 103, 'sl_pct_of_premium': 0.1, 'trail_trigger': 29, 'spread_width': 300, 'support_resistance_buffer': 52}
===
====after 3 min ochain==== 2026-09-09 13:51:00.017106
                                    oipcr   choipcr   CE_OI / PE_OI (same strike)
pcr1 =  BSE:SENSEX2691076000CE   0.09   -0.11 CALL added 2446640   PUT unwind -261700  CE_OI=4289620 PE_OI=383940
pcr2 =  BSE:SENSEX2691075900CE   0.1   -0.16 CALL added 790300   PUT unwind -130160  CE_OI=1468760 PE_OI=150960
pcr3 =  BSE:SENSEX2691075800PE   0.09   -0.3 CALL added 934060   PUT unwind -281780  CE_OI=1780180 PE_OI=160260
pcr4 =  BSE:SENSEX2691075700PE   0.09   -0.15 CALL added 1308500   PUT unwind -198400  CE_OI=1981580 PE_OI=176380
pcr5 =  BSE:SENSEX2691075600CE   0.11   -0.23 CALL added 1495500   PUT unwind -339260  CE_OI=2069100 PE_OI=237320
pcr6 =  BSE:SENSEX2691075500CE   0.17    -0.11 CALL added 3154400   PUT unwind -335420  CE_OI=3540680 PE_OI=589960
pcr7 =  BSE:SENSEX2691075400PE   0.26   0.11 CALL added 1821480   PUT added 194000  CE_OI=1901580 PE_OI=501640
pcr8 =  BSE:SENSEX2691075300PE   0.58   0.41 CALL added 2183040   PUT added 884840  CE_OI=2225100 PE_OI=1286400
pcr9 =  BSE:SENSEX2691075200PE   1.22   1.11 CALL added 2668520   PUT added 2953740  CE_OI=2709900 PE_OI=3307800
pcr10 =  BSE:SENSEX2691075100CE   1.74   1.62 CALL added 1713720   PUT added 2784400  CE_OI=1734320 PE_OI=3015560
pcr11 =  BSE:SENSEX2691075000PE   2.76   2.18 CALL added 1787840   PUT added 3899980  CE_OI=1866720 PE_OI=5156860
pcr12 =  BSE:SENSEX2691074900PE   5.54   4.85 CALL added 457900   PUT added 2220140  CE_OI=469760 PE_OI=2603280
pcr13 =  BSE:SENSEX2691074800PE   9.97   6.98 CALL added 219500   PUT added 1531820  CE_OI=229100 PE_OI=2284160
pcr14 =  BSE:SENSEX2691074700CE   19.37   15.36 CALL added 90100   PUT added 1384040  CE_OI=95260 PE_OI=1845620
pcr15 =  BSE:SENSEX2691074600PE   28.78   20.1 CALL added 51620   PUT added 1037660  CE_OI=56080 PE_OI=1614160
pcr16 =  BSE:SENSEX2691074500PE   29.23   18.98 CALL added 88640   PUT added 1682120  CE_OI=97280 PE_OI=2843380
pcr17 =  BSE:SENSEX2691074400PE   110.86   81.21 CALL added 9280   PUT added 753620  CE_OI=9280 PE_OI=1028800
PCRSUM== 210.96
pcrSummation== 22.35
VOLPCRSUM== 2.17
spotLTP =  75174.03  ATM_STRIKE =  75200
IS_ATM_STRIKE_SHIFT = False  mapStrike = {75200: 75200}
avgOiPcrList2 = [np.float64(12.34), np.float64(12.4), np.float64(12.41)] atmStrikeNotShiftedCount= 10
False   10   3
SUPP_RES=== 75000  Buffer= 52
ANCHOR_COMPARE: spot=75174.03 fut=75587.65 basis(fut-spot)=413.62 | SR_spot(PRIMARY)=75000 SR_future=75500 SR_diff(fut-spot)=500 | PCRwin_spot(PRIMARY)=75200 PCRwin_future=75600
CEoich val =  1787840.0  PEoich val =  3899980.0 , CE < PE by 54.2%
SUPP_RES TOTAL OI: CE= 1866720  PE= 5156860 , CE < PE by 63.8%
FUT_SUPP_RES=== 75500  (FUT_LTP= 75587.65 ) Buffer= 52
FUT CEoich val =  3154400.0  PEoich val =  -335420.0 , CE > PE by 110.6%
FUT_SUPP_RES TOTAL OI: CE= 3540680  PE= 589960 , CE > PE by 83.3%
OI_SUPP_RES: spot=75174.03 ATM=75200 (ATM_CE_OI=2709900 ATM_PE_OI=3307800) | SUPPORT=75000PE OI=5156860 (dist=-200) | RESISTANCE=76000CE OI=4289620 (dist=800)
OI_SUPPORT=== 75000
OI_SUPPORT CEoich val = 1787840.0  PEoich val = 3899980.0 , CE < PE by 54.2%
OI_SUPPORT TOTAL OI: CE= 1866720  PE= 5156860 , CE < PE by 63.8%
OI_RESISTANCE=== 76000
OI_RESISTANCE CEoich val = 2446640.0  PEoich val = -261700.0 , CE > PE by 110.7%
OI_RESISTANCE TOTAL OI: CE= 4289620  PE= 383940 , CE > PE by 91.0%
IS_MORNING_WINDOW= False  (active 9:15-9:48 IST)
================================================
==== signal check time ==== 2026-09-09 13:51:00.644438
IS_CHOI_DIFF_GT_25PERC== True
RSI_VAL1== 50.11
RSI_VAL2== 50.11
FUT_3m_OHLC O= 75600.0  H= 75600.0  L= 75587.6  C= 75587.6  Range= 12.4
CHART_PATTERN_DETECTED: DOUBLE_TOP_FORMING | DOUBLE_BOTTOM_FORMING
  PATTERN_CONTEXT: Body= -12.4  Range= 12.4  ExpectedRange= 65.4  RangeRatio= 0.19  O= 75600.0  H= 75600.0  L= 75587.6  C= 75587.6
isPcrInc = True
newSynthFut =  75200
ATMStrike =  75200
AVG_OIPCR= 2.48
avgoiPCROld=  12.41
SUPP_RES = 75000
FUT LTP = 75587.65
CEchoi  PechOi = 1787840.0    3899980.0
====================================
AVG_VOLPCR= 0.24
atmPCR= 0.11  belowATM  0.17
atmVolPCR= 0.09  belowATM  0.17
True   75587.65   75000   True   False   50.11
no trade yet = [np.float64(12.34), np.float64(12.4), np.float64(12.41)]
India VIX = 11.56  Spot Price = 75180.14
IV Regime = HIGH (ADAPTIVE: P25= 11.04  P50= 11.29  P75= 11.49 ) | DailyRange = 1241.5 | 3minCandleRange = 65.3 (theoretical= 108.9 ) | ATMoptionMove = 29.4 | SL = 103 | Target = 103 | TrailTrigger = 29 | Spread = 300 | Buffer = 52
IV Params refreshed: {'vix': 11.56, 'bn_price': 75180.14, 'regime': 'HIGH', 'regime_thresholds': 'P25=11.04 P50=11.29 P75=11.49', 'daily_range': 1241.5, 'candle_range': 65.3, 'atm_option_move': 29.4, 'sl_point': 103, 'target_point': 103, 'sl_pct_of_premium': 0.1, 'trail_trigger': 29, 'spread_width': 300, 'support_resistance_buffer': 52}
===
====after 3 min ochain==== 2026-09-09 13:54:00.013072
                                    oipcr   choipcr   CE_OI / PE_OI (same strike)
pcr1 =  BSE:SENSEX2691076000CE   0.09   -0.11 CALL added 2437840   PUT unwind -258960  CE_OI=4280820 PE_OI=386680
pcr2 =  BSE:SENSEX2691075900CE   0.1   -0.16 CALL added 795500   PUT unwind -130060  CE_OI=1473960 PE_OI=151060
pcr3 =  BSE:SENSEX2691075800PE   0.09   -0.3 CALL added 942860   PUT unwind -280780  CE_OI=1788980 PE_OI=161260
pcr4 =  BSE:SENSEX2691075700PE   0.09   -0.15 CALL added 1310640   PUT unwind -198240  CE_OI=1983720 PE_OI=176540
pcr5 =  BSE:SENSEX2691075600CE   0.11   -0.22 CALL added 1532500   PUT unwind -338740  CE_OI=2106100 PE_OI=237840
pcr6 =  BSE:SENSEX2691075500CE   0.17    -0.1 CALL added 3146780   PUT unwind -329520  CE_OI=3533060 PE_OI=595860
pcr7 =  BSE:SENSEX2691075400PE   0.26   0.11 CALL added 1810820   PUT added 191020  CE_OI=1890920 PE_OI=498660
pcr8 =  BSE:SENSEX2691075300PE   0.59   0.41 CALL added 2184740   PUT added 904260  CE_OI=2226800 PE_OI=1305820
pcr9 =  BSE:SENSEX2691075200PE   1.23   1.11 CALL added 2670500   PUT added 2974880  CE_OI=2711880 PE_OI=3328940
pcr10 =  BSE:SENSEX2691075100CE   1.76   1.64 CALL added 1711040   PUT added 2811180  CE_OI=1731640 PE_OI=3042340
pcr11 =  BSE:SENSEX2691075000PE   2.79   2.21 CALL added 1777120   PUT added 3925580  CE_OI=1856000 PE_OI=5182460
pcr12 =  BSE:SENSEX2691074900PE   5.5   4.81 CALL added 461160   PUT added 2220400  CE_OI=473020 PE_OI=2603540
pcr13 =  BSE:SENSEX2691074800PE   10.5   7.35 CALL added 206920   PUT added 1520460  CE_OI=216520 PE_OI=2272800
pcr14 =  BSE:SENSEX2691074700CE   18.84   14.86 CALL added 91700   PUT added 1362820  CE_OI=96860 PE_OI=1824400
pcr15 =  BSE:SENSEX2691074600PE   28.66   19.94 CALL added 51480   PUT added 1026620  CE_OI=55940 PE_OI=1603120
pcr16 =  BSE:SENSEX2691074500PE   29.16   18.88 CALL added 88460   PUT added 1670240  CE_OI=97100 PE_OI=2831500
pcr17 =  BSE:SENSEX2691074400PE   110.9   81.31 CALL added 9300   PUT added 756160  CE_OI=9300 PE_OI=1031340
PCRSUM== 210.84
pcrSummation== 22.91
VOLPCRSUM== 2.18
spotLTP =  75180.14  ATM_STRIKE =  75200
IS_ATM_STRIKE_SHIFT = False  mapStrike = {75200: 75200}
avgOiPcrList2 = [np.float64(12.4), np.float64(12.41), np.float64(12.4)] atmStrikeNotShiftedCount= 11
False   11   3
SUPP_RES=== 75000  Buffer= 52
ANCHOR_COMPARE: spot=75180.14 fut=75587.65 basis(fut-spot)=407.51 | SR_spot(PRIMARY)=75000 SR_future=75500 SR_diff(fut-spot)=500 | PCRwin_spot(PRIMARY)=75200 PCRwin_future=75600
CEoich val =  1777120.0  PEoich val =  3925580.0 , CE < PE by 54.7%
SUPP_RES TOTAL OI: CE= 1856000  PE= 5182460 , CE < PE by 64.2%
FUT_SUPP_RES=== 75500  (FUT_LTP= 75587.65 ) Buffer= 52
FUT CEoich val =  3146780.0  PEoich val =  -329520.0 , CE > PE by 110.5%
FUT_SUPP_RES TOTAL OI: CE= 3533060  PE= 595860 , CE > PE by 83.1%
OI_SUPP_RES: spot=75180.14 ATM=75200 (ATM_CE_OI=2711880 ATM_PE_OI=3328940) | SUPPORT=75000PE OI=5182460 (dist=-200) | RESISTANCE=76000CE OI=4280820 (dist=800)
OI_SUPPORT=== 75000
OI_SUPPORT CEoich val = 1777120.0  PEoich val = 3925580.0 , CE < PE by 54.7%
OI_SUPPORT TOTAL OI: CE= 1856000  PE= 5182460 , CE < PE by 64.2%
OI_RESISTANCE=== 76000
OI_RESISTANCE CEoich val = 2437840.0  PEoich val = -258960.0 , CE > PE by 110.6%
OI_RESISTANCE TOTAL OI: CE= 4280820  PE= 386680 , CE > PE by 91.0%
IS_MORNING_WINDOW= False  (active 9:15-9:48 IST)
================================================
==== signal check time ==== 2026-09-09 13:54:00.633389
IS_CHOI_DIFF_GT_25PERC== True
RSI_VAL1== 50.11
RSI_VAL2== 50.11
FUT_3m_OHLC O= 75587.6  H= 75587.6  L= 75587.6  C= 75587.6  Range= 0.0
CHART_PATTERN_DETECTED: INSIDE_BAR | DOUBLE_TOP_FORMING | DOUBLE_BOTTOM_FORMING
  PATTERN_CONTEXT: Body= 0.0  Range= 0.0  ExpectedRange= 65.3  RangeRatio= 0.0  O= 75587.6  H= 75587.6  L= 75587.6  C= 75587.6
recent two = [np.float64(12.41), np.float64(12.4)]
newSynthFut =  75200
ATMStrike =  75200
AVG_OIPCR= 2.55
avgoiPCROld=  12.4
SUPP_RES = 75000
FUT LTP = 75587.65
CEchoi  PechOi = 1777120.0    3925580.0
====================================
AVG_VOLPCR= 0.24
atmPCR= 0.11  belowATM  0.17
atmVolPCR= 0.09  belowATM  0.17
True   75587.65   75000   False   False   50.11
India VIX = 11.58  Spot Price = 75137.76
IV Regime = HIGH (ADAPTIVE: P25= 11.04  P50= 11.29  P75= 11.49 ) | DailyRange = 1243.0 | 3minCandleRange = 65.4 (theoretical= 109.0 ) | ATMoptionMove = 29.4 | SL = 103 | Target = 103 | TrailTrigger = 29 | Spread = 300 | Buffer = 52
IV Params refreshed: {'vix': 11.58, 'bn_price': 75137.76, 'regime': 'HIGH', 'regime_thresholds': 'P25=11.04 P50=11.29 P75=11.49', 'daily_range': 1243.0, 'candle_range': 65.4, 'atm_option_move': 29.4, 'sl_point': 103, 'target_point': 103, 'sl_pct_of_premium': 0.1, 'trail_trigger': 29, 'spread_width': 300, 'support_resistance_buffer': 52}
===
====after 3 min ochain==== 2026-09-09 13:57:00.012817
                                    oipcr   choipcr   CE_OI / PE_OI (same strike)
pcr1 =  BSE:SENSEX2691075900CE   0.1   -0.16 CALL added 803800   PUT unwind -128080  CE_OI=1482260 PE_OI=153040
pcr2 =  BSE:SENSEX2691075800PE   0.09   -0.29 CALL added 949920   PUT unwind -280220  CE_OI=1796040 PE_OI=161820
pcr3 =  BSE:SENSEX2691075700PE   0.09   -0.15 CALL added 1332220   PUT unwind -196260  CE_OI=2005300 PE_OI=178520
pcr4 =  BSE:SENSEX2691075600CE   0.11   -0.22 CALL added 1560300   PUT unwind -338380  CE_OI=2133900 PE_OI=238200
pcr5 =  BSE:SENSEX2691075500CE   0.17   -0.1 CALL added 3126000   PUT unwind -326880  CE_OI=3512280 PE_OI=598500
pcr6 =  BSE:SENSEX2691075400PE   0.27    0.11 CALL added 1816960   PUT added 195760  CE_OI=1897060 PE_OI=503400
pcr7 =  BSE:SENSEX2691075300PE   0.58   0.41 CALL added 2204780   PUT added 908060  CE_OI=2246840 PE_OI=1309620
pcr8 =  BSE:SENSEX2691075200PE   1.23   1.12 CALL added 2673400   PUT added 2990080  CE_OI=2714780 PE_OI=3344140
pcr9 =  BSE:SENSEX2691075100CE   1.73   1.62 CALL added 1727500   PUT added 2801300  CE_OI=1748100 PE_OI=3032460
pcr10 =  BSE:SENSEX2691075000PE   2.79   2.21 CALL added 1773300   PUT added 3916120  CE_OI=1852180 PE_OI=5173000
pcr11 =  BSE:SENSEX2691074900PE   5.51   4.82 CALL added 460720   PUT added 2219780  CE_OI=472580 PE_OI=2602920
pcr12 =  BSE:SENSEX2691074800PE   10.64   7.43 CALL added 202400   PUT added 1503960  CE_OI=212000 PE_OI=2256300
pcr13 =  BSE:SENSEX2691074700CE   18.53   14.57 CALL added 92460   PUT added 1347260  CE_OI=97620 PE_OI=1808840
pcr14 =  BSE:SENSEX2691074600PE   28.93   20.29 CALL added 51780   PUT added 1050620  CE_OI=56240 PE_OI=1627120
pcr15 =  BSE:SENSEX2691074500PE   29.07   18.84 CALL added 88960   PUT added 1675760  CE_OI=97600 PE_OI=2837020
pcr16 =  BSE:SENSEX2691074400PE   109.88   80.73 CALL added 9440   PUT added 762100  CE_OI=9440 PE_OI=1037280
pcr17 =  BSE:SENSEX2691074300PE   117.93   85.11 CALL added 8180   PUT added 696180  CE_OI=8180 PE_OI=964660
PCRSUM== 327.65
pcrSummation== 41.45
VOLPCRSUM== 3.4
spotLTP =  75137.76  ATM_STRIKE =  75100
IS_ATM_STRIKE_SHIFT = True  mapStrike = {75100: 75100}
avgOiPcrList2 = [np.float64(19.27)] atmStrikeNotShiftedCount= 1
True   1   1
SUPP_RES=== 75000  Buffer= 52
ANCHOR_COMPARE: spot=75137.76 fut=75580.0 basis(fut-spot)=442.24 | SR_spot(PRIMARY)=75000 SR_future=75500 SR_diff(fut-spot)=500 | PCRwin_spot(PRIMARY)=75100 PCRwin_future=75600
CEoich val =  1773300.0  PEoich val =  3916120.0 , CE < PE by 54.7%
SUPP_RES TOTAL OI: CE= 1852180  PE= 5173000 , CE < PE by 64.2%
FUT_SUPP_RES=== 75500  (FUT_LTP= 75580.0 ) Buffer= 52
FUT CEoich val =  3126000.0  PEoich val =  -326880.0 , CE > PE by 110.5%
FUT_SUPP_RES TOTAL OI: CE= 3512280  PE= 598500 , CE > PE by 83.0%
OI_SUPP_RES: spot=75137.76 ATM=75100 (ATM_CE_OI=1748100 ATM_PE_OI=3032460) | SUPPORT=75000PE OI=5173000 (dist=-100) | RESISTANCE=75500CE OI=3512280 (dist=400)
OI_SUPPORT=== 75000
OI_SUPPORT CEoich val = 1773300.0  PEoich val = 3916120.0 , CE < PE by 54.7%
OI_SUPPORT TOTAL OI: CE= 1852180  PE= 5173000 , CE < PE by 64.2%
OI_RESISTANCE=== 75500
OI_RESISTANCE CEoich val = 3126000.0  PEoich val = -326880.0 , CE > PE by 110.5%
OI_RESISTANCE TOTAL OI: CE= 3512280  PE= 598500 , CE > PE by 83.0%
IS_MORNING_WINDOW= False  (active 9:15-9:48 IST)
================================================
==== signal check time ==== 2026-09-09 13:57:00.618603
IS_CHOI_DIFF_GT_25PERC== True
RSI_VAL1== 48.07
RSI_VAL2== 48.07
FUT_3m_OHLC O= 75598.0  H= 75598.0  L= 75580.0  C= 75580.0  Range= 17.9
CHART_PATTERN_DETECTED: OUTSIDE_BAR | DOUBLE_TOP_FORMING | DOUBLE_BOTTOM_FORMING
  PATTERN_CONTEXT: Body= -17.9  Range= 17.9  ExpectedRange= 65.4  RangeRatio= 0.27  O= 75598.0  H= 75598.0  L= 75580.0  C= 75580.0
newSynthFut =  75100
ATMStrike =  75100
AVG_OIPCR= 4.61
avgoiPCROld=  19.27
SUPP_RES = 75000
FUT LTP = 75580.0
CEchoi  PechOi = 1773300.0    3916120.0
====================================
AVG_VOLPCR= 0.38
atmPCR= 0.17  belowATM  0.27
atmVolPCR= 0.16  belowATM  0.37
True   75580.0   75000   False   False   48.07
India VIX = 11.56  Spot Price = 75164.62
IV Regime = HIGH (ADAPTIVE: P25= 11.04  P50= 11.29  P75= 11.49 ) | DailyRange = 1241.3 | 3minCandleRange = 65.3 (theoretical= 108.9 ) | ATMoptionMove = 29.4 | SL = 103 | Target = 103 | TrailTrigger = 29 | Spread = 300 | Buffer = 52
IV Params refreshed: {'vix': 11.56, 'bn_price': 75164.62, 'regime': 'HIGH', 'regime_thresholds': 'P25=11.04 P50=11.29 P75=11.49', 'daily_range': 1241.3, 'candle_range': 65.3, 'atm_option_move': 29.4, 'sl_point': 103, 'target_point': 103, 'sl_pct_of_premium': 0.1, 'trail_trigger': 29, 'spread_width': 300, 'support_resistance_buffer': 52}
===
====after 3 min ochain==== 2026-09-09 14:00:00.016374
                                    oipcr   choipcr   CE_OI / PE_OI (same strike)
pcr1 =  BSE:SENSEX2691076000CE   0.09   -0.11 CALL added 2423480   PUT unwind -268140  CE_OI=4266460 PE_OI=377500
pcr2 =  BSE:SENSEX2691075900CE   0.1   -0.16 CALL added 828260   PUT unwind -132320  CE_OI=1506720 PE_OI=148800
pcr3 =  BSE:SENSEX2691075800PE   0.09   -0.3 CALL added 950940   PUT unwind -284100  CE_OI=1797060 PE_OI=157940
pcr4 =  BSE:SENSEX2691075700PE   0.09   -0.16 CALL added 1290140   PUT unwind -200800  CE_OI=1963220 PE_OI=173980
pcr5 =  BSE:SENSEX2691075600CE   0.11   -0.21 CALL added 1598000   PUT unwind -340420  CE_OI=2171600 PE_OI=236160
pcr6 =  BSE:SENSEX2691075500CE   0.17    -0.12 CALL added 3055700   PUT unwind -354760  CE_OI=3441980 PE_OI=570620
pcr7 =  BSE:SENSEX2691075400PE   0.25   0.09 CALL added 1804040   PUT added 163440  CE_OI=1884140 PE_OI=471080
pcr8 =  BSE:SENSEX2691075300PE   0.54   0.37 CALL added 2267340   PUT added 849060  CE_OI=2309400 PE_OI=1250620
pcr9 =  BSE:SENSEX2691075200PE   1.2   1.09 CALL added 2655980   PUT added 2882280  CE_OI=2697360 PE_OI=3236340
pcr10 =  BSE:SENSEX2691075100CE   1.73   1.62 CALL added 1719100   PUT added 2778340  CE_OI=1739700 PE_OI=3009500
pcr11 =  BSE:SENSEX2691075000PE   2.81   2.23 CALL added 1765280   PUT added 3929740  CE_OI=1844160 PE_OI=5186620
pcr12 =  BSE:SENSEX2691074900PE   5.57   4.88 CALL added 455040   PUT added 2218560  CE_OI=466900 PE_OI=2601700
pcr13 =  BSE:SENSEX2691074800PE   10.28   7.1 CALL added 205680   PUT added 1460840  CE_OI=215280 PE_OI=2213180
pcr14 =  BSE:SENSEX2691074700CE   19.66   15.61 CALL added 88960   PUT added 1388900  CE_OI=94120 PE_OI=1850480
pcr15 =  BSE:SENSEX2691074600PE   30.05   21.5 CALL added 51780   PUT added 1113400  CE_OI=56240 PE_OI=1689900
pcr16 =  BSE:SENSEX2691074500PE   29.18   19.15 CALL added 90720   PUT added 1737600  CE_OI=99360 PE_OI=2898860
pcr17 =  BSE:SENSEX2691074400PE   109.75   81.08 CALL added 9600   PUT added 778400  CE_OI=9600 PE_OI=1053580
PCRSUM== 211.67
pcrSummation== 22.66
VOLPCRSUM== 2.16
spotLTP =  75164.62  ATM_STRIKE =  75200
IS_ATM_STRIKE_SHIFT = True  mapStrike = {75200: 75200}
avgOiPcrList2 = [np.float64(12.45)] atmStrikeNotShiftedCount= 1
True   1   1
SUPP_RES=== 75000  Buffer= 52
ANCHOR_COMPARE: spot=75164.62 fut=75580.0 basis(fut-spot)=415.38 | SR_spot(PRIMARY)=75000 SR_future=75500 SR_diff(fut-spot)=500 | PCRwin_spot(PRIMARY)=75200 PCRwin_future=75600
CEoich val =  1765280.0  PEoich val =  3929740.0 , CE < PE by 55.1%
SUPP_RES TOTAL OI: CE= 1844160  PE= 5186620 , CE < PE by 64.4%
FUT_SUPP_RES=== 75500  (FUT_LTP= 75580.0 ) Buffer= 52
FUT CEoich val =  3055700.0  PEoich val =  -354760.0 , CE > PE by 111.6%
FUT_SUPP_RES TOTAL OI: CE= 3441980  PE= 570620 , CE > PE by 83.4%
OI_SUPP_RES: spot=75164.62 ATM=75200 (ATM_CE_OI=2697360 ATM_PE_OI=3236340) | SUPPORT=75000PE OI=5186620 (dist=-200) | RESISTANCE=76000CE OI=4266460 (dist=800)
OI_SUPPORT=== 75000
OI_SUPPORT CEoich val = 1765280.0  PEoich val = 3929740.0 , CE < PE by 55.1%
OI_SUPPORT TOTAL OI: CE= 1844160  PE= 5186620 , CE < PE by 64.4%
OI_RESISTANCE=== 76000
OI_RESISTANCE CEoich val = 2423480.0  PEoich val = -268140.0 , CE > PE by 111.1%
OI_RESISTANCE TOTAL OI: CE= 4266460  PE= 377500 , CE > PE by 91.2%
IS_MORNING_WINDOW= False  (active 9:15-9:48 IST)
================================================
==== signal check time ==== 2026-09-09 14:00:00.753471
IS_CHOI_DIFF_GT_25PERC== True
RSI_VAL1== 48.07
RSI_VAL2== 48.07
FUT_3m_OHLC O= 75580.0  H= 75580.0  L= 75580.0  C= 75580.0  Range= 0.0
CHART_PATTERN_DETECTED: INSIDE_BAR | DOUBLE_TOP_FORMING | DOUBLE_BOTTOM_FORMING
  PATTERN_CONTEXT: Body= 0.0  Range= 0.0  ExpectedRange= 65.3  RangeRatio= 0.0  O= 75580.0  H= 75580.0  L= 75580.0  C= 75580.0
newSynthFut =  75200
ATMStrike =  75200
AVG_OIPCR= 2.52
avgoiPCROld=  12.45
SUPP_RES = 75000
FUT LTP = 75580.0
CEchoi  PechOi = 1765280.0    3929740.0
====================================
AVG_VOLPCR= 0.24
atmPCR= 0.11  belowATM  0.17
atmVolPCR= 0.09  belowATM  0.16
True   75580.0   75000   False   False   48.07
India VIX = 11.53  Spot Price = 75195.94
IV Regime = HIGH (ADAPTIVE: P25= 11.04  P50= 11.29  P75= 11.49 ) | DailyRange = 1238.6 | 3minCandleRange = 65.2 (theoretical= 108.6 ) | ATMoptionMove = 29.3 | SL = 103 | Target = 103 | TrailTrigger = 29 | Spread = 300 | Buffer = 52
IV Params refreshed: {'vix': 11.53, 'bn_price': 75195.94, 'regime': 'HIGH', 'regime_thresholds': 'P25=11.04 P50=11.29 P75=11.49', 'daily_range': 1238.6, 'candle_range': 65.2, 'atm_option_move': 29.3, 'sl_point': 103, 'target_point': 103, 'sl_pct_of_premium': 0.1, 'trail_trigger': 29, 'spread_width': 300, 'support_resistance_buffer': 52}
===
====after 3 min ochain==== 2026-09-09 14:03:00.015771
                                    oipcr   choipcr   CE_OI / PE_OI (same strike)
pcr1 =  BSE:SENSEX2691076000CE   0.09   -0.11 CALL added 2446580   PUT unwind -264880  CE_OI=4289560 PE_OI=380760
pcr2 =  BSE:SENSEX2691075900CE   0.11   -0.14 CALL added 841380   PUT unwind -119220  CE_OI=1519840 PE_OI=161900
pcr3 =  BSE:SENSEX2691075800PE   0.09   -0.31 CALL added 905340   PUT unwind -284440  CE_OI=1751460 PE_OI=157600
pcr4 =  BSE:SENSEX2691075700PE   0.09   -0.16 CALL added 1242940   PUT unwind -197080  CE_OI=1916020 PE_OI=177700
pcr5 =  BSE:SENSEX2691075600CE   0.11   -0.21 CALL added 1595560   PUT unwind -337720  CE_OI=2169160 PE_OI=238860
pcr6 =  BSE:SENSEX2691075500CE   0.18    -0.11 CALL added 3028120   PUT unwind -325460  CE_OI=3414400 PE_OI=599920
pcr7 =  BSE:SENSEX2691075400PE   0.27   0.11 CALL added 1831620   PUT added 201660  CE_OI=1911720 PE_OI=509300
pcr8 =  BSE:SENSEX2691075300PE   0.6   0.43 CALL added 2181000   PUT added 942500  CE_OI=2223060 PE_OI=1344060
pcr9 =  BSE:SENSEX2691075200PE   1.27   1.16 CALL added 2599740   PUT added 3003440  CE_OI=2641120 PE_OI=3357500
pcr10 =  BSE:SENSEX2691075100CE   1.81   1.69 CALL added 1683940   PUT added 2849740  CE_OI=1704540 PE_OI=3080900
pcr11 =  BSE:SENSEX2691075000PE   2.87   2.28 CALL added 1752240   PUT added 4003520  CE_OI=1831120 PE_OI=5260400
pcr12 =  BSE:SENSEX2691074900PE   5.89   5.16 CALL added 428960   PUT added 2215300  CE_OI=440820 PE_OI=2598440
pcr13 =  BSE:SENSEX2691074800PE   11.1   7.73 CALL added 192060   PUT added 1485080  CE_OI=201660 PE_OI=2237420
pcr14 =  BSE:SENSEX2691074700CE   19.68   15.64 CALL added 88980   PUT added 1391480  CE_OI=94140 PE_OI=1853060
pcr15 =  BSE:SENSEX2691074600PE   29.8   21.24 CALL added 51780   PUT added 1099720  CE_OI=56240 PE_OI=1676220
pcr16 =  BSE:SENSEX2691074500PE   29.19   19.15 CALL added 90560   PUT added 1734380  CE_OI=99200 PE_OI=2895640
pcr17 =  BSE:SENSEX2691074400PE   107.96   79.99 CALL added 9840   PUT added 787100  CE_OI=9840 PE_OI=1062280
PCRSUM== 211.11
pcrSummation== 24.1
VOLPCRSUM== 2.18
spotLTP =  75195.94  ATM_STRIKE =  75200
IS_ATM_STRIKE_SHIFT = False  mapStrike = {75200: 75200}
avgOiPcrList2 = [np.float64(12.45), np.float64(12.42)] atmStrikeNotShiftedCount= 2
False   2   2
SUPP_RES=== 75000  Buffer= 52
ANCHOR_COMPARE: spot=75195.94 fut=75625.0 basis(fut-spot)=429.06 | SR_spot(PRIMARY)=75000 SR_future=75500 SR_diff(fut-spot)=500 | PCRwin_spot(PRIMARY)=75200 PCRwin_future=75600
CEoich val =  1752240.0  PEoich val =  4003520.0 , CE < PE by 56.2%
SUPP_RES TOTAL OI: CE= 1831120  PE= 5260400 , CE < PE by 65.2%
FUT_SUPP_RES=== 75500  (FUT_LTP= 75625.0 ) Buffer= 52
FUT CEoich val =  3028120.0  PEoich val =  -325460.0 , CE > PE by 110.7%
FUT_SUPP_RES TOTAL OI: CE= 3414400  PE= 599920 , CE > PE by 82.4%
OI_SUPP_RES: spot=75195.94 ATM=75200 (ATM_CE_OI=2641120 ATM_PE_OI=3357500) | SUPPORT=75000PE OI=5260400 (dist=-200) | RESISTANCE=76000CE OI=4289560 (dist=800)
OI_SUPPORT=== 75000
OI_SUPPORT CEoich val = 1752240.0  PEoich val = 4003520.0 , CE < PE by 56.2%
OI_SUPPORT TOTAL OI: CE= 1831120  PE= 5260400 , CE < PE by 65.2%
OI_RESISTANCE=== 76000
OI_RESISTANCE CEoich val = 2446580.0  PEoich val = -264880.0 , CE > PE by 110.8%
OI_RESISTANCE TOTAL OI: CE= 4289560  PE= 380760 , CE > PE by 91.1%
IS_MORNING_WINDOW= False  (active 9:15-9:48 IST)
================================================
==== signal check time ==== 2026-09-09 14:03:00.681915
IS_CHOI_DIFF_GT_25PERC== True
RSI_VAL1== 59.7
RSI_VAL2== 53.76
FUT_3m_OHLC O= 75600.0  H= 75600.0  L= 75600.0  C= 75600.0  Range= 0.0
CHART_PATTERN_DETECTED: DOUBLE_BOTTOM_FORMING
  PATTERN_CONTEXT: Body= 0.0  Range= 0.0  ExpectedRange= 65.2  RangeRatio= 0.0  O= 75600.0  H= 75600.0  L= 75600.0  C= 75600.0
newSynthFut =  75200
ATMStrike =  75200
AVG_OIPCR= 2.68
avgoiPCROld=  12.42
SUPP_RES = 75000
FUT LTP = 75625.0
CEchoi  PechOi = 1752240.0    4003520.0
====================================
AVG_VOLPCR= 0.24
atmPCR= 0.11  belowATM  0.18
atmVolPCR= 0.09  belowATM  0.17
True   75625.0   75000   False   False   53.76
India VIX = 11.53  Spot Price = 75189.51
IV Regime = HIGH (ADAPTIVE: P25= 11.04  P50= 11.29  P75= 11.49 ) | DailyRange = 1238.5 | 3minCandleRange = 65.2 (theoretical= 108.6 ) | ATMoptionMove = 29.3 | SL = 103 | Target = 103 | TrailTrigger = 29 | Spread = 300 | Buffer = 52
IV Params refreshed: {'vix': 11.53, 'bn_price': 75189.51, 'regime': 'HIGH', 'regime_thresholds': 'P25=11.04 P50=11.29 P75=11.49', 'daily_range': 1238.5, 'candle_range': 65.2, 'atm_option_move': 29.3, 'sl_point': 103, 'target_point': 103, 'sl_pct_of_premium': 0.1, 'trail_trigger': 29, 'spread_width': 300, 'support_resistance_buffer': 52}
===
====after 3 min ochain==== 2026-09-09 14:06:00.014674
                                    oipcr   choipcr   CE_OI / PE_OI (same strike)
pcr1 =  BSE:SENSEX2691076000CE   0.09   -0.11 CALL added 2464600   PUT unwind -262400  CE_OI=4307580 PE_OI=383240
pcr2 =  BSE:SENSEX2691075900CE   0.11   -0.15 CALL added 816280   PUT unwind -120800  CE_OI=1494740 PE_OI=160320
pcr3 =  BSE:SENSEX2691075800PE   0.09   -0.31 CALL added 901460   PUT unwind -283620  CE_OI=1747580 PE_OI=158420
pcr4 =  BSE:SENSEX2691075700PE   0.09   -0.16 CALL added 1257220   PUT unwind -195120  CE_OI=1930300 PE_OI=179660
pcr5 =  BSE:SENSEX2691075600CE   0.11   -0.21 CALL added 1622060   PUT unwind -332960  CE_OI=2195660 PE_OI=243620
pcr6 =  BSE:SENSEX2691075500CE   0.18    -0.1 CALL added 3078260   PUT unwind -302400  CE_OI=3464540 PE_OI=622980
pcr7 =  BSE:SENSEX2691075400PE   0.27   0.12 CALL added 1868320   PUT added 221360  CE_OI=1948420 PE_OI=529000
pcr8 =  BSE:SENSEX2691075300PE   0.61   0.44 CALL added 2168360   PUT added 951160  CE_OI=2210420 PE_OI=1352720
pcr9 =  BSE:SENSEX2691075200PE   1.29   1.18 CALL added 2628040   PUT added 3090260  CE_OI=2669420 PE_OI=3444320
pcr10 =  BSE:SENSEX2691075100CE   1.85   1.73 CALL added 1668400   PUT added 2886580  CE_OI=1689000 PE_OI=3117740
pcr11 =  BSE:SENSEX2691075000PE   2.86   2.28 CALL added 1766160   PUT added 4025880  CE_OI=1845040 PE_OI=5282760
pcr12 =  BSE:SENSEX2691074900PE   5.96   5.22 CALL added 422820   PUT added 2206020  CE_OI=434680 PE_OI=2589160
pcr13 =  BSE:SENSEX2691074800PE   11.26   7.86 CALL added 189680   PUT added 1491240  CE_OI=199280 PE_OI=2243580
pcr14 =  BSE:SENSEX2691074700CE   19.77   15.65 CALL added 87220   PUT added 1365040  CE_OI=92380 PE_OI=1826620
pcr15 =  BSE:SENSEX2691074600PE   29.51   20.89 CALL added 51620   PUT added 1078160  CE_OI=56080 PE_OI=1654660
pcr16 =  BSE:SENSEX2691074500PE   28.35   18.33 CALL added 91460   PUT added 1676720  CE_OI=100100 PE_OI=2837980
pcr17 =  BSE:SENSEX2691074400PE   104.22   77.35 CALL added 10240   PUT added 792020  CE_OI=10240 PE_OI=1067200
PCRSUM== 206.62
pcrSummation== 24.39
VOLPCRSUM== 2.18
spotLTP =  75189.51  ATM_STRIKE =  75200
IS_ATM_STRIKE_SHIFT = False  mapStrike = {75200: 75200}
avgOiPcrList2 = [np.float64(12.45), np.float64(12.42), np.float64(12.15)] atmStrikeNotShiftedCount= 3
False   3   3
SUPP_RES=== 75000  Buffer= 52
ANCHOR_COMPARE: spot=75189.51 fut=75621.0 basis(fut-spot)=431.49 | SR_spot(PRIMARY)=75000 SR_future=75500 SR_diff(fut-spot)=500 | PCRwin_spot(PRIMARY)=75200 PCRwin_future=75600
CEoich val =  1766160.0  PEoich val =  4025880.0 , CE < PE by 56.1%
SUPP_RES TOTAL OI: CE= 1845040  PE= 5282760 , CE < PE by 65.1%
FUT_SUPP_RES=== 75500  (FUT_LTP= 75621.0 ) Buffer= 52
FUT CEoich val =  3078260.0  PEoich val =  -302400.0 , CE > PE by 109.8%
FUT_SUPP_RES TOTAL OI: CE= 3464540  PE= 622980 , CE > PE by 82.0%
OI_SUPP_RES: spot=75189.51 ATM=75200 (ATM_CE_OI=2669420 ATM_PE_OI=3444320) | SUPPORT=75000PE OI=5282760 (dist=-200) | RESISTANCE=76000CE OI=4307580 (dist=800)
OI_SUPPORT=== 75000
OI_SUPPORT CEoich val = 1766160.0  PEoich val = 4025880.0 , CE < PE by 56.1%
OI_SUPPORT TOTAL OI: CE= 1845040  PE= 5282760 , CE < PE by 65.1%
OI_RESISTANCE=== 76000
OI_RESISTANCE CEoich val = 2464600.0  PEoich val = -262400.0 , CE > PE by 110.6%
OI_RESISTANCE TOTAL OI: CE= 4307580  PE= 383240 , CE > PE by 91.1%
IS_MORNING_WINDOW= False  (active 9:15-9:48 IST)
================================================
==== signal check time ==== 2026-09-09 14:06:00.649809
IS_CHOI_DIFF_GT_25PERC== True
RSI_VAL1== 58.86
RSI_VAL2== 58.86
FUT_3m_OHLC O= 75625.0  H= 75625.0  L= 75621.0  C= 75621.0  Range= 4.0
CHART_PATTERN_DETECTED: DOUBLE_BOTTOM_FORMING
  PATTERN_CONTEXT: Body= -4.0  Range= 4.0  ExpectedRange= 65.2  RangeRatio= 0.06  O= 75625.0  H= 75625.0  L= 75621.0  C= 75621.0
isPcrDecr = True
newSynthFut =  75200
ATMStrike =  75200
AVG_OIPCR= 2.71
avgoiPCROld=  12.15
SUPP_RES = 75000
FUT LTP = 75621.0
CEchoi  PechOi = 1766160.0    4025880.0
====================================
AVG_VOLPCR= 0.24
atmPCR= 0.11  belowATM  0.18
atmVolPCR= 0.09  belowATM  0.17
True   75621.0   75000   False   True   58.86
no trade yet = [np.float64(12.45), np.float64(12.42), np.float64(12.15)]
India VIX = 11.54  Spot Price = 75203.19
IV Regime = HIGH (ADAPTIVE: P25= 11.04  P50= 11.29  P75= 11.49 ) | DailyRange = 1239.8 | 3minCandleRange = 65.2 (theoretical= 108.7 ) | ATMoptionMove = 29.4 | SL = 103 | Target = 103 | TrailTrigger = 29 | Spread = 300 | Buffer = 52
IV Params refreshed: {'vix': 11.54, 'bn_price': 75203.19, 'regime': 'HIGH', 'regime_thresholds': 'P25=11.04 P50=11.29 P75=11.49', 'daily_range': 1239.8, 'candle_range': 65.2, 'atm_option_move': 29.4, 'sl_point': 103, 'target_point': 103, 'sl_pct_of_premium': 0.1, 'trail_trigger': 29, 'spread_width': 300, 'support_resistance_buffer': 52}
===
====after 3 min ochain==== 2026-09-09 14:09:00.012412
                                    oipcr   choipcr   CE_OI / PE_OI (same strike)
pcr1 =  BSE:SENSEX2691076000CE   0.09   -0.11 CALL added 2459520   PUT unwind -262300  CE_OI=4302500 PE_OI=383340
pcr2 =  BSE:SENSEX2691075900CE   0.11   -0.15 CALL added 832120   PUT unwind -120700  CE_OI=1510580 PE_OI=160420
pcr3 =  BSE:SENSEX2691075800PE   0.09   -0.3 CALL added 933840   PUT unwind -282540  CE_OI=1779960 PE_OI=159500
pcr4 =  BSE:SENSEX2691075700PE   0.09   -0.15 CALL added 1294500   PUT unwind -191660  CE_OI=1967580 PE_OI=183120
pcr5 =  BSE:SENSEX2691075600CE   0.11   -0.2 CALL added 1662760   PUT unwind -329220  CE_OI=2236360 PE_OI=247360
pcr6 =  BSE:SENSEX2691075500CE   0.17    -0.1 CALL added 3098800   PUT unwind -325100  CE_OI=3485080 PE_OI=600280
pcr7 =  BSE:SENSEX2691075400PE   0.27   0.12 CALL added 1900760   PUT added 229000  CE_OI=1980860 PE_OI=536640
pcr8 =  BSE:SENSEX2691075300PE   0.59   0.42 CALL added 2222720   PUT added 943660  CE_OI=2264780 PE_OI=1345220
pcr9 =  BSE:SENSEX2691075200PE   1.25   1.14 CALL added 2683340   PUT added 3058140  CE_OI=2724720 PE_OI=3412200
pcr10 =  BSE:SENSEX2691075100CE   1.8   1.69 CALL added 1681060   PUT added 2832820  CE_OI=1701660 PE_OI=3063980
pcr11 =  BSE:SENSEX2691075000PE   2.88   2.29 CALL added 1744180   PUT added 3991080  CE_OI=1823060 PE_OI=5247960
pcr12 =  BSE:SENSEX2691074900PE   5.92   5.19 CALL added 423600   PUT added 2196840  CE_OI=435460 PE_OI=2579980
pcr13 =  BSE:SENSEX2691074800PE   11.05   7.66 CALL added 190760   PUT added 1460880  CE_OI=200360 PE_OI=2213220
pcr14 =  BSE:SENSEX2691074700CE   20.23   15.98 CALL added 84180   PUT added 1345440  CE_OI=89340 PE_OI=1807020
pcr15 =  BSE:SENSEX2691074600PE   28.6   19.99 CALL added 52140   PUT added 1042400  CE_OI=56600 PE_OI=1618900
pcr16 =  BSE:SENSEX2691074500PE   25.45   16.32 CALL added 103160   PUT added 1683980  CE_OI=111800 PE_OI=2845240
pcr17 =  BSE:SENSEX2691074400PE   109.56   81.54 CALL added 9820   PUT added 800720  CE_OI=9820 PE_OI=1075900
PCRSUM== 208.26
pcrSummation== 24.04
VOLPCRSUM== 2.18
spotLTP =  75200.7  ATM_STRIKE =  75200
IS_ATM_STRIKE_SHIFT = False  mapStrike = {75200: 75200}
avgOiPcrList2 = [np.float64(12.42), np.float64(12.15), np.float64(12.25)] atmStrikeNotShiftedCount= 4
False   4   3
SUPP_RES=== 75000  Buffer= 52
ANCHOR_COMPARE: spot=75200.7 fut=75621.0 basis(fut-spot)=420.3 | SR_spot(PRIMARY)=75000 SR_future=75500 SR_diff(fut-spot)=500 | PCRwin_spot(PRIMARY)=75200 PCRwin_future=75600
CEoich val =  1744180.0  PEoich val =  3991080.0 , CE < PE by 56.3%
SUPP_RES TOTAL OI: CE= 1823060  PE= 5247960 , CE < PE by 65.3%
FUT_SUPP_RES=== 75500  (FUT_LTP= 75621.0 ) Buffer= 52
FUT CEoich val =  3098800.0  PEoich val =  -325100.0 , CE > PE by 110.5%
FUT_SUPP_RES TOTAL OI: CE= 3485080  PE= 600280 , CE > PE by 82.8%
OI_SUPP_RES: spot=75200.7 ATM=75200 (ATM_CE_OI=2724720 ATM_PE_OI=3412200) | SUPPORT=75000PE OI=5247960 (dist=-200) | RESISTANCE=76000CE OI=4302500 (dist=800)
OI_SUPPORT=== 75000
OI_SUPPORT CEoich val = 1744180.0  PEoich val = 3991080.0 , CE < PE by 56.3%
OI_SUPPORT TOTAL OI: CE= 1823060  PE= 5247960 , CE < PE by 65.3%
OI_RESISTANCE=== 76000
OI_RESISTANCE CEoich val = 2459520.0  PEoich val = -262300.0 , CE > PE by 110.7%
OI_RESISTANCE TOTAL OI: CE= 4302500  PE= 383340 , CE > PE by 91.1%
IS_MORNING_WINDOW= False  (active 9:15-9:48 IST)
================================================
==== signal check time ==== 2026-09-09 14:09:00.639193
IS_CHOI_DIFF_GT_25PERC== True
RSI_VAL1== 58.86
RSI_VAL2== 58.86
FUT_3m_OHLC O= 75621.0  H= 75621.0  L= 75621.0  C= 75621.0  Range= 0.0
CHART_PATTERN_DETECTED: INSIDE_BAR | DOUBLE_TOP_FORMING
  PATTERN_CONTEXT: Body= 0.0  Range= 0.0  ExpectedRange= 65.2  RangeRatio= 0.0  O= 75621.0  H= 75621.0  L= 75621.0  C= 75621.0
recent two = [np.float64(12.15), np.float64(12.25)]
newSynthFut =  75200
ATMStrike =  75200
AVG_OIPCR= 2.67
avgoiPCROld=  12.25
SUPP_RES = 75000
FUT LTP = 75621.0
CEchoi  PechOi = 1744180.0    3991080.0
====================================
AVG_VOLPCR= 0.24
atmPCR= 0.11  belowATM  0.17
atmVolPCR= 0.09  belowATM  0.17
True   75621.0   75000   False   False   58.86
India VIX = 11.59  Spot Price = 75176.75
IV Regime = HIGH (ADAPTIVE: P25= 11.04  P50= 11.29  P75= 11.49 ) | DailyRange = 1244.7 | 3minCandleRange = 65.5 (theoretical= 109.2 ) | ATMoptionMove = 29.5 | SL = 103 | Target = 103 | TrailTrigger = 29 | Spread = 300 | Buffer = 52
IV Params refreshed: {'vix': 11.59, 'bn_price': 75176.75, 'regime': 'HIGH', 'regime_thresholds': 'P25=11.04 P50=11.29 P75=11.49', 'daily_range': 1244.7, 'candle_range': 65.5, 'atm_option_move': 29.5, 'sl_point': 103, 'target_point': 103, 'sl_pct_of_premium': 0.1, 'trail_trigger': 29, 'spread_width': 300, 'support_resistance_buffer': 52}
===
====after 3 min ochain==== 2026-09-09 14:12:00.026761
                                    oipcr   choipcr   CE_OI / PE_OI (same strike)
pcr1 =  BSE:SENSEX2691076000CE   0.09   -0.11 CALL added 2442900   PUT unwind -267880  CE_OI=4285880 PE_OI=377760
pcr2 =  BSE:SENSEX2691075900CE   0.1   -0.16 CALL added 814540   PUT unwind -126780  CE_OI=1493000 PE_OI=154340
pcr3 =  BSE:SENSEX2691075800PE   0.09   -0.3 CALL added 960840   PUT unwind -284540  CE_OI=1806960 PE_OI=157500
pcr4 =  BSE:SENSEX2691075700PE   0.09   -0.15 CALL added 1273880   PUT unwind -193400  CE_OI=1946960 PE_OI=181380
pcr5 =  BSE:SENSEX2691075600CE   0.11   -0.2 CALL added 1668160   PUT unwind -333460  CE_OI=2241760 PE_OI=243120
pcr6 =  BSE:SENSEX2691075500CE   0.17    -0.1 CALL added 3132140   PUT unwind -328760  CE_OI=3518420 PE_OI=596620
pcr7 =  BSE:SENSEX2691075400PE   0.25   0.11 CALL added 1956380   PUT added 209180  CE_OI=2036480 PE_OI=516820
pcr8 =  BSE:SENSEX2691075300PE   0.57   0.4 CALL added 2236740   PUT added 891900  CE_OI=2278800 PE_OI=1293460
pcr9 =  BSE:SENSEX2691075200PE   1.25   1.13 CALL added 2647000   PUT added 2995860  CE_OI=2688380 PE_OI=3349920
pcr10 =  BSE:SENSEX2691075100CE   1.77   1.66 CALL added 1692720   PUT added 2802800  CE_OI=1713320 PE_OI=3033960
pcr11 =  BSE:SENSEX2691075000PE   2.85   2.26 CALL added 1745480   PUT added 3948460  CE_OI=1824360 PE_OI=5205340
pcr12 =  BSE:SENSEX2691074900PE   5.96   5.23 CALL added 427160   PUT added 2233760  CE_OI=439020 PE_OI=2616900
pcr13 =  BSE:SENSEX2691074800PE   11.61   8.09 CALL added 182100   PUT added 1473800  CE_OI=191700 PE_OI=2226140
pcr14 =  BSE:SENSEX2691074700CE   20.14   15.96 CALL added 85440   PUT added 1363440  CE_OI=90600 PE_OI=1825020
pcr15 =  BSE:SENSEX2691074600PE   29.19   20.52 CALL added 51520   PUT added 1057300  CE_OI=55980 PE_OI=1633800
pcr16 =  BSE:SENSEX2691074500PE   24.55   15.62 CALL added 106280   PUT added 1660560  CE_OI=114920 PE_OI=2821820
pcr17 =  BSE:SENSEX2691074400PE   112.06   83.28 CALL added 9560   PUT added 796140  CE_OI=9560 PE_OI=1071320
PCRSUM== 210.85
pcrSummation== 24.54
VOLPCRSUM== 2.17
spotLTP =  75176.75  ATM_STRIKE =  75200
IS_ATM_STRIKE_SHIFT = False  mapStrike = {75200: 75200}
avgOiPcrList2 = [np.float64(12.15), np.float64(12.25), np.float64(12.4)] atmStrikeNotShiftedCount= 5
False   5   3
SUPP_RES=== 75000  Buffer= 52
ANCHOR_COMPARE: spot=75176.75 fut=75554.0 basis(fut-spot)=377.25 | SR_spot(PRIMARY)=75000 SR_future=75500 SR_diff(fut-spot)=500 | PCRwin_spot(PRIMARY)=75200 PCRwin_future=75600
CEoich val =  1745480.0  PEoich val =  3948460.0 , CE < PE by 55.8%
SUPP_RES TOTAL OI: CE= 1824360  PE= 5205340 , CE < PE by 65.0%
FUT_SUPP_RES=== 75500  (FUT_LTP= 75554.0 ) Buffer= 52
FUT CEoich val =  3132140.0  PEoich val =  -328760.0 , CE > PE by 110.5%
FUT_SUPP_RES TOTAL OI: CE= 3518420  PE= 596620 , CE > PE by 83.0%
OI_SUPP_RES: spot=75176.75 ATM=75200 (ATM_CE_OI=2688380 ATM_PE_OI=3349920) | SUPPORT=75000PE OI=5205340 (dist=-200) | RESISTANCE=76000CE OI=4285880 (dist=800)
OI_SUPPORT=== 75000
OI_SUPPORT CEoich val = 1745480.0  PEoich val = 3948460.0 , CE < PE by 55.8%
OI_SUPPORT TOTAL OI: CE= 1824360  PE= 5205340 , CE < PE by 65.0%
OI_RESISTANCE=== 76000
OI_RESISTANCE CEoich val = 2442900.0  PEoich val = -267880.0 , CE > PE by 111.0%
OI_RESISTANCE TOTAL OI: CE= 4285880  PE= 377760 , CE > PE by 91.2%
IS_MORNING_WINDOW= False  (active 9:15-9:48 IST)
================================================
==== signal check time ==== 2026-09-09 14:12:00.637673
IS_CHOI_DIFF_GT_25PERC== True
RSI_VAL1== 41.81
RSI_VAL2== 41.81
FUT_3m_OHLC O= 75600.0  H= 75600.0  L= 75554.0  C= 75554.0  Range= 46.0
CHART_PATTERN: None
isPcrInc = True
newSynthFut =  75200
ATMStrike =  75200
AVG_OIPCR= 2.73
avgoiPCROld=  12.4
SUPP_RES = 75000
FUT LTP = 75554.0
CEchoi  PechOi = 1745480.0    3948460.0
====================================
AVG_VOLPCR= 0.24
atmPCR= 0.11  belowATM  0.17
atmVolPCR= 0.09  belowATM  0.16
True   75554.0   75000   True   False   41.81
no trade yet = [np.float64(12.15), np.float64(12.25), np.float64(12.4)]
India VIX = 11.58  Spot Price = 75144.06
IV Regime = HIGH (ADAPTIVE: P25= 11.04  P50= 11.29  P75= 11.49 ) | DailyRange = 1243.1 | 3minCandleRange = 65.4 (theoretical= 109.0 ) | ATMoptionMove = 29.4 | SL = 103 | Target = 103 | TrailTrigger = 29 | Spread = 300 | Buffer = 52
IV Params refreshed: {'vix': 11.58, 'bn_price': 75144.06, 'regime': 'HIGH', 'regime_thresholds': 'P25=11.04 P50=11.29 P75=11.49', 'daily_range': 1243.1, 'candle_range': 65.4, 'atm_option_move': 29.4, 'sl_point': 103, 'target_point': 103, 'sl_pct_of_premium': 0.1, 'trail_trigger': 29, 'spread_width': 300, 'support_resistance_buffer': 52}
===
====after 3 min ochain==== 2026-09-09 14:15:00.012025
                                    oipcr   choipcr   CE_OI / PE_OI (same strike)
pcr1 =  BSE:SENSEX2691075900CE   0.1   -0.16 CALL added 818240   PUT unwind -126940  CE_OI=1496700 PE_OI=154180
pcr2 =  BSE:SENSEX2691075800PE   0.09   -0.29 CALL added 985280   PUT unwind -283760  CE_OI=1831400 PE_OI=158280
pcr3 =  BSE:SENSEX2691075700PE   0.09   -0.15 CALL added 1329140   PUT unwind -195680  CE_OI=2002220 PE_OI=179100
pcr4 =  BSE:SENSEX2691075600CE   0.11   -0.2 CALL added 1703960   PUT unwind -332600  CE_OI=2277560 PE_OI=243980
pcr5 =  BSE:SENSEX2691075500CE   0.17   -0.1 CALL added 3155880   PUT unwind -314600  CE_OI=3542160 PE_OI=610780
pcr6 =  BSE:SENSEX2691075400PE   0.25    0.11 CALL added 1942920   PUT added 207940  CE_OI=2023020 PE_OI=515580
pcr7 =  BSE:SENSEX2691075300PE   0.57   0.4 CALL added 2219900   PUT added 881940  CE_OI=2261960 PE_OI=1283500
pcr8 =  BSE:SENSEX2691075200PE   1.27   1.15 CALL added 2654440   PUT added 3060620  CE_OI=2695820 PE_OI=3414680
pcr9 =  BSE:SENSEX2691075100CE   1.76   1.65 CALL added 1717020   PUT added 2828760  CE_OI=1737620 PE_OI=3059920
pcr10 =  BSE:SENSEX2691075000PE   2.88   2.29 CALL added 1740960   PUT added 3986560  CE_OI=1819840 PE_OI=5243440
pcr11 =  BSE:SENSEX2691074900PE   5.68   4.95 CALL added 431540   PUT added 2136680  CE_OI=443400 PE_OI=2519820
pcr12 =  BSE:SENSEX2691074800PE   11.04   7.58 CALL added 187020   PUT added 1417600  CE_OI=196620 PE_OI=2169940
pcr13 =  BSE:SENSEX2691074700CE   20.23   16.02 CALL added 84920   PUT added 1360720  CE_OI=90080 PE_OI=1822300
pcr14 =  BSE:SENSEX2691074600PE   29.15   20.56 CALL added 51960   PUT added 1068380  CE_OI=56420 PE_OI=1644880
pcr15 =  BSE:SENSEX2691074500PE   24.5   15.56 CALL added 106220   PUT added 1652920  CE_OI=114860 PE_OI=2814180
pcr16 =  BSE:SENSEX2691074400PE   114.09   84.94 CALL added 9440   PUT added 801860  CE_OI=9440 PE_OI=1077040
pcr17 =  BSE:SENSEX2691074300PE   122.54   86.65 CALL added 7480   PUT added 648120  CE_OI=7480 PE_OI=916600
PCRSUM== 334.52
pcrSummation== 43.85
VOLPCRSUM== 3.43
spotLTP =  75144.06  ATM_STRIKE =  75100
IS_ATM_STRIKE_SHIFT = True  mapStrike = {75100: 75100}
avgOiPcrList2 = [np.float64(19.68)] atmStrikeNotShiftedCount= 1
True   1   1
SUPP_RES=== 75000  Buffer= 52
ANCHOR_COMPARE: spot=75144.06 fut=75533.8 basis(fut-spot)=389.74 | SR_spot(PRIMARY)=75000 SR_future=75500 SR_diff(fut-spot)=500 | PCRwin_spot(PRIMARY)=75100 PCRwin_future=75500
CEoich val =  1740960.0  PEoich val =  3986560.0 , CE < PE by 56.3%
SUPP_RES TOTAL OI: CE= 1819840  PE= 5243440 , CE < PE by 65.3%
FUT_SUPP_RES=== 75500  (FUT_LTP= 75533.8 ) Buffer= 52
FUT CEoich val =  3155880.0  PEoich val =  -314600.0 , CE > PE by 110.0%
FUT_SUPP_RES TOTAL OI: CE= 3542160  PE= 610780 , CE > PE by 82.8%
OI_SUPP_RES: spot=75144.06 ATM=75100 (ATM_CE_OI=1737620 ATM_PE_OI=3059920) | SUPPORT=75000PE OI=5243440 (dist=-100) | RESISTANCE=75500CE OI=3542160 (dist=400)
OI_SUPPORT=== 75000
OI_SUPPORT CEoich val = 1740960.0  PEoich val = 3986560.0 , CE < PE by 56.3%
OI_SUPPORT TOTAL OI: CE= 1819840  PE= 5243440 , CE < PE by 65.3%
OI_RESISTANCE=== 75500
OI_RESISTANCE CEoich val = 3155880.0  PEoich val = -314600.0 , CE > PE by 110.0%
OI_RESISTANCE TOTAL OI: CE= 3542160  PE= 610780 , CE > PE by 82.8%
IS_MORNING_WINDOW= False  (active 9:15-9:48 IST)
================================================
==== signal check time ==== 2026-09-09 14:15:00.642611
IS_CHOI_DIFF_GT_25PERC== True
RSI_VAL1== 38.21
RSI_VAL2== 38.21
FUT_3m_OHLC O= 75554.0  H= 75604.0  L= 75531.5  C= 75533.8  Range= 72.5
CHART_PATTERN_DETECTED: SHOOTING_STAR | OUTSIDE_BAR
  PATTERN_CONTEXT: Body= -20.2  Range= 72.5  ExpectedRange= 65.4  RangeRatio= 1.11  O= 75554.0  H= 75604.0  L= 75531.5  C= 75533.8
newSynthFut =  75100
ATMStrike =  75100
AVG_OIPCR= 4.87
avgoiPCROld=  19.68
SUPP_RES = 75000
FUT LTP = 75533.8
CEchoi  PechOi = 1740960.0    3986560.0
====================================
AVG_VOLPCR= 0.38
atmPCR= 0.17  belowATM  0.25
atmVolPCR= 0.16  belowATM  0.36
True   75533.8   75000   False   False   38.21
India VIX = 11.58  Spot Price = 75140.15
IV Regime = HIGH (ADAPTIVE: P25= 11.04  P50= 11.29  P75= 11.49 ) | DailyRange = 1243.0 | 3minCandleRange = 65.4 (theoretical= 109.0 ) | ATMoptionMove = 29.4 | SL = 103 | Target = 103 | TrailTrigger = 29 | Spread = 300 | Buffer = 52
IV Params refreshed: {'vix': 11.58, 'bn_price': 75140.15, 'regime': 'HIGH', 'regime_thresholds': 'P25=11.04 P50=11.29 P75=11.49', 'daily_range': 1243.0, 'candle_range': 65.4, 'atm_option_move': 29.4, 'sl_point': 103, 'target_point': 103, 'sl_pct_of_premium': 0.1, 'trail_trigger': 29, 'spread_width': 300, 'support_resistance_buffer': 52}
===
====after 3 min ochain==== 2026-09-09 14:18:00.011937
                                    oipcr   choipcr   CE_OI / PE_OI (same strike)
pcr1 =  BSE:SENSEX2691075900CE   0.1   -0.15 CALL added 838180   PUT unwind -128860  CE_OI=1516640 PE_OI=152260
pcr2 =  BSE:SENSEX2691075800PE   0.09   -0.3 CALL added 945120   PUT unwind -286560  CE_OI=1791240 PE_OI=155480
pcr3 =  BSE:SENSEX2691075700PE   0.09   -0.15 CALL added 1321920   PUT unwind -199380  CE_OI=1995000 PE_OI=175400
pcr4 =  BSE:SENSEX2691075600CE   0.11   -0.2 CALL added 1669300   PUT unwind -330420  CE_OI=2242900 PE_OI=246160
pcr5 =  BSE:SENSEX2691075500CE   0.17   -0.1 CALL added 3164600   PUT unwind -322360  CE_OI=3550880 PE_OI=603020
pcr6 =  BSE:SENSEX2691075400PE   0.24    0.09 CALL added 1970520   PUT added 175400  CE_OI=2050620 PE_OI=483040
pcr7 =  BSE:SENSEX2691075300PE   0.52   0.35 CALL added 2242680   PUT added 791020  CE_OI=2284740 PE_OI=1192580
pcr8 =  BSE:SENSEX2691075200PE   1.16   1.05 CALL added 2765120   PUT added 2911460  CE_OI=2806500 PE_OI=3265520
pcr9 =  BSE:SENSEX2691075100CE   1.71   1.6 CALL added 1753060   PUT added 2798740  CE_OI=1773660 PE_OI=3029900
pcr10 =  BSE:SENSEX2691075000PE   2.82   2.24 CALL added 1763560   PUT added 3947200  CE_OI=1842440 PE_OI=5204080
pcr11 =  BSE:SENSEX2691074900PE   5.49   4.77 CALL added 447480   PUT added 2136660  CE_OI=459340 PE_OI=2519800
pcr12 =  BSE:SENSEX2691074800PE   10.54   7.32 CALL added 202360   PUT added 1481380  CE_OI=211960 PE_OI=2233720
pcr13 =  BSE:SENSEX2691074700CE   19.49   15.47 CALL added 89740   PUT added 1388060  CE_OI=94900 PE_OI=1849640
pcr14 =  BSE:SENSEX2691074600PE   30.0   21.48 CALL added 51980   PUT added 1116540  CE_OI=56440 PE_OI=1693040
pcr15 =  BSE:SENSEX2691074500PE   24.09   15.4 CALL added 109640   PUT added 1688080  CE_OI=118280 PE_OI=2849340
pcr16 =  BSE:SENSEX2691074400PE   114.23   84.96 CALL added 9400   PUT added 798580  CE_OI=9400 PE_OI=1073760
pcr17 =  BSE:SENSEX2691074300PE   108.52   76.93 CALL added 8500   PUT added 653900  CE_OI=8500 PE_OI=922380
PCRSUM== 319.37
pcrSummation== 42.14
VOLPCRSUM== 3.44
spotLTP =  75140.15  ATM_STRIKE =  75100
IS_ATM_STRIKE_SHIFT = False  mapStrike = {75100: 75100}
avgOiPcrList2 = [np.float64(19.68), np.float64(18.79)] atmStrikeNotShiftedCount= 2
False   2   2
SUPP_RES=== 75000  Buffer= 52
ANCHOR_COMPARE: spot=75140.15 fut=75574.4 basis(fut-spot)=434.25 | SR_spot(PRIMARY)=75000 SR_future=75500 SR_diff(fut-spot)=500 | PCRwin_spot(PRIMARY)=75100 PCRwin_future=75600
CEoich val =  1763560.0  PEoich val =  3947200.0 , CE < PE by 55.3%
SUPP_RES TOTAL OI: CE= 1842440  PE= 5204080 , CE < PE by 64.6%
FUT_SUPP_RES=== 75500  (FUT_LTP= 75574.4 ) Buffer= 52
FUT CEoich val =  3164600.0  PEoich val =  -322360.0 , CE > PE by 110.2%
FUT_SUPP_RES TOTAL OI: CE= 3550880  PE= 603020 , CE > PE by 83.0%
OI_SUPP_RES: spot=75140.15 ATM=75100 (ATM_CE_OI=1773660 ATM_PE_OI=3029900) | SUPPORT=75000PE OI=5204080 (dist=-100) | RESISTANCE=75500CE OI=3550880 (dist=400)
OI_SUPPORT=== 75000
OI_SUPPORT CEoich val = 1763560.0  PEoich val = 3947200.0 , CE < PE by 55.3%
OI_SUPPORT TOTAL OI: CE= 1842440  PE= 5204080 , CE < PE by 64.6%
OI_RESISTANCE=== 75500
OI_RESISTANCE CEoich val = 3164600.0  PEoich val = -322360.0 , CE > PE by 110.2%
OI_RESISTANCE TOTAL OI: CE= 3550880  PE= 603020 , CE > PE by 83.0%
IS_MORNING_WINDOW= False  (active 9:15-9:48 IST)
================================================
==== signal check time ==== 2026-09-09 14:18:00.670965
IS_CHOI_DIFF_GT_25PERC== True
RSI_VAL1== 47.91
RSI_VAL2== 47.91
FUT_3m_OHLC O= 75533.8  H= 75576.6  L= 75533.8  C= 75574.4  Range= 42.8
CHART_PATTERN_DETECTED: BULLISH_ENGULFING | INSIDE_BAR | DOUBLE_TOP_FORMING
  PATTERN_CONTEXT: Body= 40.6  Range= 42.8  ExpectedRange= 65.4  RangeRatio= 0.65  O= 75533.8  H= 75576.6  L= 75533.8  C= 75574.4
newSynthFut =  75100
ATMStrike =  75100
AVG_OIPCR= 4.68
avgoiPCROld=  18.79
SUPP_RES = 75000
FUT LTP = 75574.4
CEchoi  PechOi = 1763560.0    3947200.0
====================================
AVG_VOLPCR= 0.38
atmPCR= 0.17  belowATM  0.24
atmVolPCR= 0.17  belowATM  0.36
True   75574.4   75000   False   False   47.91
India VIX = 11.58  Spot Price = 75137.81
IV Regime = HIGH (ADAPTIVE: P25= 11.04  P50= 11.29  P75= 11.49 ) | DailyRange = 1243.0 | 3minCandleRange = 65.4 (theoretical= 109.0 ) | ATMoptionMove = 29.4 | SL = 103 | Target = 103 | TrailTrigger = 29 | Spread = 300 | Buffer = 52
IV Params refreshed: {'vix': 11.58, 'bn_price': 75137.81, 'regime': 'HIGH', 'regime_thresholds': 'P25=11.04 P50=11.29 P75=11.49', 'daily_range': 1243.0, 'candle_range': 65.4, 'atm_option_move': 29.4, 'sl_point': 103, 'target_point': 103, 'sl_pct_of_premium': 0.1, 'trail_trigger': 29, 'spread_width': 300, 'support_resistance_buffer': 52}
===
====after 3 min ochain==== 2026-09-09 14:21:00.012414
                                    oipcr   choipcr   CE_OI / PE_OI (same strike)
pcr1 =  BSE:SENSEX2691075900CE   0.1   -0.16 CALL added 803680   PUT unwind -131100  CE_OI=1482140 PE_OI=150020
pcr2 =  BSE:SENSEX2691075800PE   0.09   -0.32 CALL added 916960   PUT unwind -288980  CE_OI=1763080 PE_OI=153060
pcr3 =  BSE:SENSEX2691075700PE   0.09   -0.15 CALL added 1309060   PUT unwind -200220  CE_OI=1982140 PE_OI=174560
pcr4 =  BSE:SENSEX2691075600CE   0.11   -0.21 CALL added 1629720   PUT unwind -342920  CE_OI=2203320 PE_OI=233660
pcr5 =  BSE:SENSEX2691075500CE   0.17   -0.11 CALL added 3114440   PUT unwind -333180  CE_OI=3500720 PE_OI=592200
pcr6 =  BSE:SENSEX2691075400PE   0.24    0.09 CALL added 1960960   PUT added 173520  CE_OI=2041060 PE_OI=481160
pcr7 =  BSE:SENSEX2691075300PE   0.51   0.34 CALL added 2271940   PUT added 770780  CE_OI=2314000 PE_OI=1172340
pcr8 =  BSE:SENSEX2691075200PE   1.11   1.0 CALL added 2830880   PUT added 2842720  CE_OI=2872260 PE_OI=3196780
pcr9 =  BSE:SENSEX2691075100CE   1.67   1.56 CALL added 1788540   PUT added 2793980  CE_OI=1809140 PE_OI=3025140
pcr10 =  BSE:SENSEX2691075000PE   2.85   2.26 CALL added 1760340   PUT added 3981060  CE_OI=1839220 PE_OI=5237940
pcr11 =  BSE:SENSEX2691074900PE   5.5   4.79 CALL added 448740   PUT added 2149680  CE_OI=460600 PE_OI=2532820
pcr12 =  BSE:SENSEX2691074800PE   11.44   8.1 CALL added 192360   PUT added 1557560  CE_OI=201960 PE_OI=2309900
pcr13 =  BSE:SENSEX2691074700CE   17.67   13.91 CALL added 98520   PUT added 1370500  CE_OI=103680 PE_OI=1832080
pcr14 =  BSE:SENSEX2691074600PE   29.83   21.48 CALL added 53140   PUT added 1141560  CE_OI=57600 PE_OI=1718060
pcr15 =  BSE:SENSEX2691074500PE   24.68   15.86 CALL added 107480   PUT added 1704400  CE_OI=116120 PE_OI=2865660
pcr16 =  BSE:SENSEX2691074400PE   110.84   82.12 CALL added 9580   PUT added 786700  CE_OI=9580 PE_OI=1061880
pcr17 =  BSE:SENSEX2691074300PE   120.98   85.74 CALL added 7620   PUT added 653360  CE_OI=7620 PE_OI=921840
PCRSUM== 327.88
pcrSummation== 41.16
VOLPCRSUM== 3.45
spotLTP =  75137.81  ATM_STRIKE =  75100
IS_ATM_STRIKE_SHIFT = False  mapStrike = {75100: 75100}
avgOiPcrList2 = [np.float64(19.68), np.float64(18.79), np.float64(19.29)] atmStrikeNotShiftedCount= 3
False   3   3
SUPP_RES=== 75000  Buffer= 52
ANCHOR_COMPARE: spot=75137.81 fut=75551.0 basis(fut-spot)=413.19 | SR_spot(PRIMARY)=75000 SR_future=75500 SR_diff(fut-spot)=500 | PCRwin_spot(PRIMARY)=75100 PCRwin_future=75600
CEoich val =  1760340.0  PEoich val =  3981060.0 , CE < PE by 55.8%
SUPP_RES TOTAL OI: CE= 1839220  PE= 5237940 , CE < PE by 64.9%
FUT_SUPP_RES=== 75500  (FUT_LTP= 75551.0 ) Buffer= 52
FUT CEoich val =  3114440.0  PEoich val =  -333180.0 , CE > PE by 110.7%
FUT_SUPP_RES TOTAL OI: CE= 3500720  PE= 592200 , CE > PE by 83.1%
OI_SUPP_RES: spot=75137.81 ATM=75100 (ATM_CE_OI=1809140 ATM_PE_OI=3025140) | SUPPORT=75000PE OI=5237940 (dist=-100) | RESISTANCE=75500CE OI=3500720 (dist=400)
OI_SUPPORT=== 75000
OI_SUPPORT CEoich val = 1760340.0  PEoich val = 3981060.0 , CE < PE by 55.8%
OI_SUPPORT TOTAL OI: CE= 1839220  PE= 5237940 , CE < PE by 64.9%
OI_RESISTANCE=== 75500
OI_RESISTANCE CEoich val = 3114440.0  PEoich val = -333180.0 , CE > PE by 110.7%
OI_RESISTANCE TOTAL OI: CE= 3500720  PE= 592200 , CE > PE by 83.1%
IS_MORNING_WINDOW= False  (active 9:15-9:48 IST)
================================================
==== signal check time ==== 2026-09-09 14:21:00.627584
IS_CHOI_DIFF_GT_25PERC== True
RSI_VAL1== 43.66
RSI_VAL2== 43.66
FUT_3m_OHLC O= 75574.4  H= 75574.4  L= 75545.0  C= 75551.0  Range= 29.4
CHART_PATTERN_DETECTED: INSIDE_BAR | DOUBLE_BOTTOM_FORMING
  PATTERN_CONTEXT: Body= -23.4  Range= 29.4  ExpectedRange= 65.4  RangeRatio= 0.45  O= 75574.4  H= 75574.4  L= 75545.0  C= 75551.0
recent two = [np.float64(18.79), np.float64(19.29)]
newSynthFut =  75100
ATMStrike =  75100
AVG_OIPCR= 4.57
avgoiPCROld=  19.29
SUPP_RES = 75000
FUT LTP = 75551.0
CEchoi  PechOi = 1760340.0    3981060.0
====================================
AVG_VOLPCR= 0.38
atmPCR= 0.17  belowATM  0.24
atmVolPCR= 0.17  belowATM  0.36
True   75551.0   75000   False   False   43.66
India VIX = 11.55  Spot Price = 75138.89
IV Regime = HIGH (ADAPTIVE: P25= 11.04  P50= 11.29  P75= 11.49 ) | DailyRange = 1239.8 | 3minCandleRange = 65.2 (theoretical= 108.7 ) | ATMoptionMove = 29.4 | SL = 103 | Target = 103 | TrailTrigger = 29 | Spread = 300 | Buffer = 52
IV Params refreshed: {'vix': 11.55, 'bn_price': 75138.89, 'regime': 'HIGH', 'regime_thresholds': 'P25=11.04 P50=11.29 P75=11.49', 'daily_range': 1239.8, 'candle_range': 65.2, 'atm_option_move': 29.4, 'sl_point': 103, 'target_point': 103, 'sl_pct_of_premium': 0.1, 'trail_trigger': 29, 'spread_width': 300, 'support_resistance_buffer': 52}
===
====after 3 min ochain==== 2026-09-09 14:24:00.018718
                                    oipcr   choipcr   CE_OI / PE_OI (same strike)
pcr1 =  BSE:SENSEX2691075900CE   0.1   -0.16 CALL added 799520   PUT unwind -131440  CE_OI=1477980 PE_OI=149680
pcr2 =  BSE:SENSEX2691075800PE   0.09   -0.31 CALL added 925480   PUT unwind -288520  CE_OI=1771600 PE_OI=153520
pcr3 =  BSE:SENSEX2691075700PE   0.09   -0.15 CALL added 1303580   PUT unwind -201380  CE_OI=1976660 PE_OI=173400
pcr4 =  BSE:SENSEX2691075600CE   0.11   -0.21 CALL added 1601820   PUT unwind -343680  CE_OI=2175420 PE_OI=232900
pcr5 =  BSE:SENSEX2691075500CE   0.17   -0.1 CALL added 3113180   PUT unwind -322040  CE_OI=3499460 PE_OI=603340
pcr6 =  BSE:SENSEX2691075400PE   0.22    0.08 CALL added 1966080   PUT added 151520  CE_OI=2046180 PE_OI=459160
pcr7 =  BSE:SENSEX2691075300PE   0.51   0.34 CALL added 2282500   PUT added 776520  CE_OI=2324560 PE_OI=1178080
pcr8 =  BSE:SENSEX2691075200PE   1.12   1.01 CALL added 2772380   PUT added 2796600  CE_OI=2813760 PE_OI=3150660
pcr9 =  BSE:SENSEX2691075100CE   1.64   1.53 CALL added 1806280   PUT added 2760740  CE_OI=1826880 PE_OI=2991900
pcr10 =  BSE:SENSEX2691075000PE   2.87   2.27 CALL added 1736420   PUT added 3949900  CE_OI=1815300 PE_OI=5206780
pcr11 =  BSE:SENSEX2691074900PE   5.3   4.61 CALL added 466280   PUT added 2149400  CE_OI=478140 PE_OI=2532540
pcr12 =  BSE:SENSEX2691074800PE   11.24   7.96 CALL added 196340   PUT added 1562560  CE_OI=205940 PE_OI=2314900
pcr13 =  BSE:SENSEX2691074700CE   17.48   13.74 CALL added 99160   PUT added 1362220  CE_OI=104320 PE_OI=1823800
pcr14 =  BSE:SENSEX2691074600PE   29.48   21.06 CALL added 52860   PUT added 1113460  CE_OI=57320 PE_OI=1689960
pcr15 =  BSE:SENSEX2691074500PE   24.08   15.45 CALL added 110440   PUT added 1706620  CE_OI=119080 PE_OI=2867880
pcr16 =  BSE:SENSEX2691074400PE   112.81   83.54 CALL added 9400   PUT added 785240  CE_OI=9400 PE_OI=1060420
pcr17 =  BSE:SENSEX2691074300PE   119.58   84.26 CALL added 7600   PUT added 640360  CE_OI=7600 PE_OI=908840
PCRSUM== 326.89
pcrSummation== 40.55
VOLPCRSUM== 3.4400000000000004
spotLTP =  75138.89  ATM_STRIKE =  75100
IS_ATM_STRIKE_SHIFT = False  mapStrike = {75100: 75100}
avgOiPcrList2 = [np.float64(18.79), np.float64(19.29), np.float64(19.23)] atmStrikeNotShiftedCount= 4
False   4   3
SUPP_RES=== 75000  Buffer= 52
ANCHOR_COMPARE: spot=75138.89 fut=75550.05 basis(fut-spot)=411.16 | SR_spot(PRIMARY)=75000 SR_future=75500 SR_diff(fut-spot)=500 | PCRwin_spot(PRIMARY)=75100 PCRwin_future=75600
CEoich val =  1736420.0  PEoich val =  3949900.0 , CE < PE by 56.0%
SUPP_RES TOTAL OI: CE= 1815300  PE= 5206780 , CE < PE by 65.1%
FUT_SUPP_RES=== 75500  (FUT_LTP= 75550.05 ) Buffer= 52
FUT CEoich val =  3113180.0  PEoich val =  -322040.0 , CE > PE by 110.3%
FUT_SUPP_RES TOTAL OI: CE= 3499460  PE= 603340 , CE > PE by 82.8%
OI_SUPP_RES: spot=75138.89 ATM=75100 (ATM_CE_OI=1826880 ATM_PE_OI=2991900) | SUPPORT=75000PE OI=5206780 (dist=-100) | RESISTANCE=75500CE OI=3499460 (dist=400)
OI_SUPPORT=== 75000
OI_SUPPORT CEoich val = 1736420.0  PEoich val = 3949900.0 , CE < PE by 56.0%
OI_SUPPORT TOTAL OI: CE= 1815300  PE= 5206780 , CE < PE by 65.1%
OI_RESISTANCE=== 75500
OI_RESISTANCE CEoich val = 3113180.0  PEoich val = -322040.0 , CE > PE by 110.3%
OI_RESISTANCE TOTAL OI: CE= 3499460  PE= 603340 , CE > PE by 82.8%
IS_MORNING_WINDOW= False  (active 9:15-9:48 IST)
================================================
==== signal check time ==== 2026-09-09 14:24:00.663487
IS_CHOI_DIFF_GT_25PERC== True
RSI_VAL1== 43.49
RSI_VAL2== 43.49
FUT_3m_OHLC O= 75575.0  H= 75575.0  L= 75550.0  C= 75550.0  Range= 24.9
CHART_PATTERN_DETECTED: DOUBLE_BOTTOM_FORMING
  PATTERN_CONTEXT: Body= -24.9  Range= 24.9  ExpectedRange= 65.2  RangeRatio= 0.38  O= 75575.0  H= 75575.0  L= 75550.0  C= 75550.0
recent two = [np.float64(19.29), np.float64(19.23)]
newSynthFut =  75100
ATMStrike =  75100
AVG_OIPCR= 4.51
avgoiPCROld=  19.23
SUPP_RES = 75000
FUT LTP = 75550.05
CEchoi  PechOi = 1736420.0    3949900.0
====================================
AVG_VOLPCR= 0.38
atmPCR= 0.17  belowATM  0.22
atmVolPCR= 0.16  belowATM  0.36
True   75550.05   75000   False   False   43.49
India VIX = 11.59  Spot Price = 75129.14
IV Regime = HIGH (ADAPTIVE: P25= 11.04  P50= 11.29  P75= 11.49 ) | DailyRange = 1243.9 | 3minCandleRange = 65.5 (theoretical= 109.1 ) | ATMoptionMove = 29.5 | SL = 103 | Target = 103 | TrailTrigger = 29 | Spread = 300 | Buffer = 52
IV Params refreshed: {'vix': 11.59, 'bn_price': 75129.14, 'regime': 'HIGH', 'regime_thresholds': 'P25=11.04 P50=11.29 P75=11.49', 'daily_range': 1243.9, 'candle_range': 65.5, 'atm_option_move': 29.5, 'sl_point': 103, 'target_point': 103, 'sl_pct_of_premium': 0.1, 'trail_trigger': 29, 'spread_width': 300, 'support_resistance_buffer': 52}
===
====after 3 min ochain==== 2026-09-09 14:27:00.029374
                                    oipcr   choipcr   CE_OI / PE_OI (same strike)
pcr1 =  BSE:SENSEX2691075900CE   0.1   -0.16 CALL added 803240   PUT unwind -131020  CE_OI=1481700 PE_OI=150100
pcr2 =  BSE:SENSEX2691075800PE   0.09   -0.31 CALL added 918280   PUT unwind -287420  CE_OI=1764400 PE_OI=154620
pcr3 =  BSE:SENSEX2691075700PE   0.09   -0.15 CALL added 1313880   PUT unwind -198900  CE_OI=1986960 PE_OI=175880
pcr4 =  BSE:SENSEX2691075600CE   0.11   -0.21 CALL added 1619580   PUT unwind -342140  CE_OI=2193180 PE_OI=234440
pcr5 =  BSE:SENSEX2691075500CE   0.17   -0.1 CALL added 3083000   PUT unwind -319840  CE_OI=3469280 PE_OI=605540
pcr6 =  BSE:SENSEX2691075400PE   0.24    0.09 CALL added 1981100   PUT added 185840  CE_OI=2061200 PE_OI=493480
pcr7 =  BSE:SENSEX2691075300PE   0.51   0.34 CALL added 2275900   PUT added 773940  CE_OI=2317960 PE_OI=1175500
pcr8 =  BSE:SENSEX2691075200PE   1.08   0.97 CALL added 2820760   PUT added 2749840  CE_OI=2862140 PE_OI=3103900
pcr9 =  BSE:SENSEX2691075100CE   1.66   1.55 CALL added 1805600   PUT added 2805620  CE_OI=1826200 PE_OI=3036780
pcr10 =  BSE:SENSEX2691075000PE   2.89   2.3 CALL added 1729800   PUT added 3970920  CE_OI=1808680 PE_OI=5227800
pcr11 =  BSE:SENSEX2691074900PE   5.36   4.66 CALL added 459340   PUT added 2141100  CE_OI=471200 PE_OI=2524240
pcr12 =  BSE:SENSEX2691074800PE   10.97   7.75 CALL added 200660   PUT added 1554740  CE_OI=210260 PE_OI=2307080
pcr13 =  BSE:SENSEX2691074700CE   17.24   13.45 CALL added 98300   PUT added 1322520  CE_OI=103460 PE_OI=1784100
pcr14 =  BSE:SENSEX2691074600PE   28.65   20.41 CALL added 54420   PUT added 1110600  CE_OI=58880 PE_OI=1687100
pcr15 =  BSE:SENSEX2691074500PE   23.39   15.01 CALL added 114400   PUT added 1717020  CE_OI=123040 PE_OI=2878280
pcr16 =  BSE:SENSEX2691074400PE   112.17   83.27 CALL added 9520   PUT added 792720  CE_OI=9520 PE_OI=1067900
pcr17 =  BSE:SENSEX2691074300PE   120.4   84.98 CALL added 7580   PUT added 644160  CE_OI=7580 PE_OI=912640
PCRSUM== 325.12
pcrSummation== 40.12
VOLPCRSUM== 3.45
spotLTP =  75129.14  ATM_STRIKE =  75100
IS_ATM_STRIKE_SHIFT = False  mapStrike = {75100: 75100}
avgOiPcrList2 = [np.float64(19.29), np.float64(19.23), np.float64(19.12)] atmStrikeNotShiftedCount= 5
False   5   3
SUPP_RES=== 75000  Buffer= 52
ANCHOR_COMPARE: spot=75129.14 fut=75570.0 basis(fut-spot)=440.86 | SR_spot(PRIMARY)=75000 SR_future=75500 SR_diff(fut-spot)=500 | PCRwin_spot(PRIMARY)=75100 PCRwin_future=75600
CEoich val =  1729800.0  PEoich val =  3970920.0 , CE < PE by 56.4%
SUPP_RES TOTAL OI: CE= 1808680  PE= 5227800 , CE < PE by 65.4%
FUT_SUPP_RES=== 75500  (FUT_LTP= 75570.0 ) Buffer= 52
FUT CEoich val =  3083000.0  PEoich val =  -319840.0 , CE > PE by 110.4%
FUT_SUPP_RES TOTAL OI: CE= 3469280  PE= 605540 , CE > PE by 82.5%
OI_SUPP_RES: spot=75129.14 ATM=75100 (ATM_CE_OI=1826200 ATM_PE_OI=3036780) | SUPPORT=75000PE OI=5227800 (dist=-100) | RESISTANCE=75500CE OI=3469280 (dist=400)
OI_SUPPORT=== 75000
OI_SUPPORT CEoich val = 1729800.0  PEoich val = 3970920.0 , CE < PE by 56.4%
OI_SUPPORT TOTAL OI: CE= 1808680  PE= 5227800 , CE < PE by 65.4%
OI_RESISTANCE=== 75500
OI_RESISTANCE CEoich val = 3083000.0  PEoich val = -319840.0 , CE > PE by 110.4%
OI_RESISTANCE TOTAL OI: CE= 3469280  PE= 605540 , CE > PE by 82.5%
IS_MORNING_WINDOW= False  (active 9:15-9:48 IST)
================================================
==== signal check time ==== 2026-09-09 14:27:00.659525
IS_CHOI_DIFF_GT_25PERC== True
RSI_VAL1== 48.03
RSI_VAL2== 48.03
FUT_3m_OHLC O= 75570.0  H= 75570.0  L= 75570.0  C= 75570.0  Range= 0.0
CHART_PATTERN_DETECTED: INSIDE_BAR | DOUBLE_TOP_FORMING | DOUBLE_BOTTOM_FORMING
  PATTERN_CONTEXT: Body= 0.0  Range= 0.0  ExpectedRange= 65.5  RangeRatio= 0.0  O= 75570.0  H= 75570.0  L= 75570.0  C= 75570.0
isPcrDecr = True
newSynthFut =  75100
ATMStrike =  75100
AVG_OIPCR= 4.46
avgoiPCROld=  19.12
SUPP_RES = 75000
FUT LTP = 75570.0
CEchoi  PechOi = 1729800.0    3970920.0
====================================
AVG_VOLPCR= 0.38
atmPCR= 0.17  belowATM  0.24
atmVolPCR= 0.16  belowATM  0.36
True   75570.0   75000   False   True   48.03
no trade yet = [np.float64(19.29), np.float64(19.23), np.float64(19.12)]
India VIX = 11.6  Spot Price = 75105.33
IV Regime = HIGH (ADAPTIVE: P25= 11.04  P50= 11.29  P75= 11.49 ) | DailyRange = 1244.6 | 3minCandleRange = 65.5 (theoretical= 109.2 ) | ATMoptionMove = 29.5 | SL = 103 | Target = 103 | TrailTrigger = 29 | Spread = 300 | Buffer = 52
IV Params refreshed: {'vix': 11.6, 'bn_price': 75105.33, 'regime': 'HIGH', 'regime_thresholds': 'P25=11.04 P50=11.29 P75=11.49', 'daily_range': 1244.6, 'candle_range': 65.5, 'atm_option_move': 29.5, 'sl_point': 103, 'target_point': 103, 'sl_pct_of_premium': 0.1, 'trail_trigger': 29, 'spread_width': 300, 'support_resistance_buffer': 52}
===
====after 3 min ochain==== 2026-09-09 14:30:00.014664
                                    oipcr   choipcr   CE_OI / PE_OI (same strike)
pcr1 =  BSE:SENSEX2691075900CE   0.1   -0.17 CALL added 792140   PUT unwind -132280  CE_OI=1470600 PE_OI=148840
pcr2 =  BSE:SENSEX2691075800PE   0.09   -0.32 CALL added 907740   PUT unwind -288060  CE_OI=1753860 PE_OI=153980
pcr3 =  BSE:SENSEX2691075700PE   0.09   -0.15 CALL added 1283260   PUT unwind -198640  CE_OI=1956340 PE_OI=176140
pcr4 =  BSE:SENSEX2691075600CE   0.11   -0.22 CALL added 1574980   PUT unwind -341320  CE_OI=2148580 PE_OI=235260
pcr5 =  BSE:SENSEX2691075500CE   0.18   -0.11 CALL added 3041360   PUT unwind -322260  CE_OI=3427640 PE_OI=603120
pcr6 =  BSE:SENSEX2691075400PE   0.22    0.08 CALL added 1986880   PUT added 152140  CE_OI=2066980 PE_OI=459780
pcr7 =  BSE:SENSEX2691075300PE   0.5   0.33 CALL added 2240380   PUT added 745200  CE_OI=2282440 PE_OI=1146760
pcr8 =  BSE:SENSEX2691075200PE   1.12   1.01 CALL added 2792080   PUT added 2826780  CE_OI=2833460 PE_OI=3180840
pcr9 =  BSE:SENSEX2691075100CE   1.67   1.56 CALL added 1816100   PUT added 2832340  CE_OI=1836700 PE_OI=3063500
pcr10 =  BSE:SENSEX2691075000PE   2.9   2.31 CALL added 1736540   PUT added 4008340  CE_OI=1815420 PE_OI=5265220
pcr11 =  BSE:SENSEX2691074900PE   5.36   4.67 CALL added 463340   PUT added 2163540  CE_OI=475200 PE_OI=2546680
pcr12 =  BSE:SENSEX2691074800PE   11.17   7.79 CALL added 190640   PUT added 1484340  CE_OI=200240 PE_OI=2236680
pcr13 =  BSE:SENSEX2691074700CE   18.16   14.29 CALL added 95000   PUT added 1357800  CE_OI=100160 PE_OI=1819380
pcr14 =  BSE:SENSEX2691074600PE   28.62   20.44 CALL added 54860   PUT added 1121120  CE_OI=59320 PE_OI=1697620
pcr15 =  BSE:SENSEX2691074500PE   23.8   15.56 CALL added 115860   PUT added 1802220  CE_OI=124500 PE_OI=2963480
pcr16 =  BSE:SENSEX2691074400PE   114.21   85.12 CALL added 9460   PUT added 805240  CE_OI=9460 PE_OI=1080420
pcr17 =  BSE:SENSEX2691074300PE   121.76   86.34 CALL added 7580   PUT added 654460  CE_OI=7580 PE_OI=922940
PCRSUM== 330.06
pcrSummation== 41.28
VOLPCRSUM== 3.46
spotLTP =  75105.89  ATM_STRIKE =  75100
IS_ATM_STRIKE_SHIFT = False  mapStrike = {75100: 75100}
avgOiPcrList2 = [np.float64(19.23), np.float64(19.12), np.float64(19.42)] atmStrikeNotShiftedCount= 6
False   6   3
SUPP_RES=== 75000  Buffer= 52
ANCHOR_COMPARE: spot=75105.89 fut=75575.35 basis(fut-spot)=469.46 | SR_spot(PRIMARY)=75000 SR_future=75500 SR_diff(fut-spot)=500 | PCRwin_spot(PRIMARY)=75100 PCRwin_future=75600
CEoich val =  1736540.0  PEoich val =  4008340.0 , CE < PE by 56.7%
SUPP_RES TOTAL OI: CE= 1815420  PE= 5265220 , CE < PE by 65.5%
FUT_SUPP_RES=== 75500  (FUT_LTP= 75575.35 ) Buffer= 52
FUT CEoich val =  3041360.0  PEoich val =  -322260.0 , CE > PE by 110.6%
FUT_SUPP_RES TOTAL OI: CE= 3427640  PE= 603120 , CE > PE by 82.4%
OI_SUPP_RES: spot=75105.89 ATM=75100 (ATM_CE_OI=1836700 ATM_PE_OI=3063500) | SUPPORT=75000PE OI=5265220 (dist=-100) | RESISTANCE=75500CE OI=3427640 (dist=400)
OI_SUPPORT=== 75000
OI_SUPPORT CEoich val = 1736540.0  PEoich val = 4008340.0 , CE < PE by 56.7%
OI_SUPPORT TOTAL OI: CE= 1815420  PE= 5265220 , CE < PE by 65.5%
OI_RESISTANCE=== 75500
OI_RESISTANCE CEoich val = 3041360.0  PEoich val = -322260.0 , CE > PE by 110.6%
OI_RESISTANCE TOTAL OI: CE= 3427640  PE= 603120 , CE > PE by 82.4%
IS_MORNING_WINDOW= False  (active 9:15-9:48 IST)
================================================
==== signal check time ==== 2026-09-09 14:30:00.739348
IS_CHOI_DIFF_GT_25PERC== True
RSI_VAL1== 49.21
RSI_VAL2== 49.21
FUT_3m_OHLC O= 75570.0  H= 75575.4  L= 75570.0  C= 75575.4  Range= 5.4
CHART_PATTERN_DETECTED: DOUBLE_TOP_FORMING
  PATTERN_CONTEXT: Body= 5.4  Range= 5.4  ExpectedRange= 65.5  RangeRatio= 0.08  O= 75570.0  H= 75575.4  L= 75570.0  C= 75575.4
recent two = [np.float64(19.12), np.float64(19.42)]
newSynthFut =  75100
ATMStrike =  75100
AVG_OIPCR= 4.59
avgoiPCROld=  19.42
SUPP_RES = 75000
FUT LTP = 75575.35
CEchoi  PechOi = 1736540.0    4008340.0
====================================
AVG_VOLPCR= 0.38
atmPCR= 0.18  belowATM  0.22
atmVolPCR= 0.16  belowATM  0.36
True   75575.35   75000   False   False   49.21
India VIX = 11.59  Spot Price = 75071.56
IV Regime = HIGH (ADAPTIVE: P25= 11.04  P50= 11.29  P75= 11.49 ) | DailyRange = 1243.0 | 3minCandleRange = 65.4 (theoretical= 109.0 ) | ATMoptionMove = 29.4 | SL = 103 | Target = 103 | TrailTrigger = 29 | Spread = 300 | Buffer = 52
IV Params refreshed: {'vix': 11.59, 'bn_price': 75071.56, 'regime': 'HIGH', 'regime_thresholds': 'P25=11.04 P50=11.29 P75=11.49', 'daily_range': 1243.0, 'candle_range': 65.4, 'atm_option_move': 29.4, 'sl_point': 103, 'target_point': 103, 'sl_pct_of_premium': 0.1, 'trail_trigger': 29, 'spread_width': 300, 'support_resistance_buffer': 52}
===
====after 3 min ochain==== 2026-09-09 14:33:00.013273
                                    oipcr   choipcr   CE_OI / PE_OI (same strike)
pcr1 =  BSE:SENSEX2691075900CE   0.1   -0.17 CALL added 767580   PUT unwind -132280  CE_OI=1446040 PE_OI=148840
pcr2 =  BSE:SENSEX2691075800PE   0.09   -0.34 CALL added 855220   PUT unwind -291080  CE_OI=1701340 PE_OI=150960
pcr3 =  BSE:SENSEX2691075700PE   0.09   -0.17 CALL added 1203900   PUT unwind -200200  CE_OI=1876980 PE_OI=174580
pcr4 =  BSE:SENSEX2691075600CE   0.11   -0.22 CALL added 1541660   PUT unwind -344660  CE_OI=2115260 PE_OI=231920
pcr5 =  BSE:SENSEX2691075500CE   0.16   -0.13 CALL added 3000100   PUT unwind -379500  CE_OI=3386380 PE_OI=545880
pcr6 =  BSE:SENSEX2691075400PE   0.2    0.05 CALL added 1932960   PUT added 93640  CE_OI=2013060 PE_OI=401280
pcr7 =  BSE:SENSEX2691075300PE   0.47   0.29 CALL added 2179960   PUT added 640640  CE_OI=2222020 PE_OI=1042200
pcr8 =  BSE:SENSEX2691075200PE   1.02   0.91 CALL added 2835560   PUT added 2592160  CE_OI=2876940 PE_OI=2946220
pcr9 =  BSE:SENSEX2691075100CE   1.46   1.36 CALL added 1960980   PUT added 2667440  CE_OI=1981580 PE_OI=2898600
pcr10 =  BSE:SENSEX2691075000PE   2.81   2.23 CALL added 1789560   PUT added 3996460  CE_OI=1868440 PE_OI=5253340
pcr11 =  BSE:SENSEX2691074900PE   5.22   4.51 CALL added 457160   PUT added 2063380  CE_OI=469020 PE_OI=2446520
pcr12 =  BSE:SENSEX2691074800PE   10.37   7.06 CALL added 197480   PUT added 1394320  CE_OI=207080 PE_OI=2146660
pcr13 =  BSE:SENSEX2691074700CE   16.71   13.13 CALL added 104880   PUT added 1377140  CE_OI=110040 PE_OI=1838720
pcr14 =  BSE:SENSEX2691074600PE   26.79   18.97 CALL added 58400   PUT added 1107600  CE_OI=62860 PE_OI=1684100
pcr15 =  BSE:SENSEX2691074500PE   27.25   18.06 CALL added 100700   PUT added 1818240  CE_OI=109340 PE_OI=2979500
pcr16 =  BSE:SENSEX2691074400PE   105.14   78.27 CALL added 10240   PUT added 801480  CE_OI=10240 PE_OI=1076660
pcr17 =  BSE:SENSEX2691074300PE   124.27   88.94 CALL added 7600   PUT added 675980  CE_OI=7600 PE_OI=944460
PCRSUM== 322.26
pcrSummation== 38.42
VOLPCRSUM== 3.48
spotLTP =  75071.56  ATM_STRIKE =  75100
IS_ATM_STRIKE_SHIFT = False  mapStrike = {75100: 75100}
avgOiPcrList2 = [np.float64(19.12), np.float64(19.42), np.float64(18.96)] atmStrikeNotShiftedCount= 7
False   7   3
SUPP_RES=== 75000  Buffer= 52
ANCHOR_COMPARE: spot=75071.56 fut=75520.0 basis(fut-spot)=448.44 | SR_spot(PRIMARY)=75000 SR_future=75500 SR_diff(fut-spot)=500 | PCRwin_spot(PRIMARY)=75100 PCRwin_future=75500
CEoich val =  1789560.0  PEoich val =  3996460.0 , CE < PE by 55.2%
SUPP_RES TOTAL OI: CE= 1868440  PE= 5253340 , CE < PE by 64.4%
FUT_SUPP_RES=== 75500  (FUT_LTP= 75520.0 ) Buffer= 52
FUT CEoich val =  3000100.0  PEoich val =  -379500.0 , CE > PE by 112.6%
FUT_SUPP_RES TOTAL OI: CE= 3386380  PE= 545880 , CE > PE by 83.9%
OI_SUPP_RES: spot=75071.56 ATM=75100 (ATM_CE_OI=1981580 ATM_PE_OI=2898600) | SUPPORT=75000PE OI=5253340 (dist=-100) | RESISTANCE=75500CE OI=3386380 (dist=400)
OI_SUPPORT=== 75000
OI_SUPPORT CEoich val = 1789560.0  PEoich val = 3996460.0 , CE < PE by 55.2%
OI_SUPPORT TOTAL OI: CE= 1868440  PE= 5253340 , CE < PE by 64.4%
OI_RESISTANCE=== 75500
OI_RESISTANCE CEoich val = 3000100.0  PEoich val = -379500.0 , CE > PE by 112.6%
OI_RESISTANCE TOTAL OI: CE= 3386380  PE= 545880 , CE > PE by 83.9%
IS_MORNING_WINDOW= False  (active 9:15-9:48 IST)
================================================
==== signal check time ==== 2026-09-09 14:33:00.662321
IS_CHOI_DIFF_GT_25PERC== True
RSI_VAL1== 39.28
RSI_VAL2== 39.28
FUT_3m_OHLC O= 75545.0  H= 75545.0  L= 75520.0  C= 75520.0  Range= 25.0
CHART_PATTERN_DETECTED: DOUBLE_TOP_FORMING
  PATTERN_CONTEXT: Body= -25.0  Range= 25.0  ExpectedRange= 65.4  RangeRatio= 0.38  O= 75545.0  H= 75545.0  L= 75520.0  C= 75520.0
recent two = [np.float64(19.42), np.float64(18.96)]
newSynthFut =  75100
ATMStrike =  75100
AVG_OIPCR= 4.27
avgoiPCROld=  18.96
SUPP_RES = 75000
FUT LTP = 75520.0
CEchoi  PechOi = 1789560.0    3996460.0
====================================
AVG_VOLPCR= 0.39
atmPCR= 0.16  belowATM  0.2
atmVolPCR= 0.16  belowATM  0.36
True   75520.0   75000   False   False   39.28
India VIX = 11.64  Spot Price = 75019.87
IV Regime = HIGH (ADAPTIVE: P25= 11.04  P50= 11.29  P75= 11.49 ) | DailyRange = 1247.5 | 3minCandleRange = 65.6 (theoretical= 109.4 ) | ATMoptionMove = 29.5 | SL = 103 | Target = 103 | TrailTrigger = 30 | Spread = 300 | Buffer = 53
IV Params refreshed: {'vix': 11.64, 'bn_price': 75019.87, 'regime': 'HIGH', 'regime_thresholds': 'P25=11.04 P50=11.29 P75=11.49', 'daily_range': 1247.5, 'candle_range': 65.6, 'atm_option_move': 29.5, 'sl_point': 103, 'target_point': 103, 'sl_pct_of_premium': 0.1, 'trail_trigger': 30, 'spread_width': 300, 'support_resistance_buffer': 53}
===
====after 3 min ochain==== 2026-09-09 14:36:00.025610
                                    oipcr   choipcr   CE_OI / PE_OI (same strike)
pcr1 =  BSE:SENSEX2691075800PE   0.09   -0.36 CALL added 811880   PUT unwind -291320  CE_OI=1658000 PE_OI=150720
pcr2 =  BSE:SENSEX2691075700PE   0.09   -0.17 CALL added 1175440   PUT unwind -204340  CE_OI=1848520 PE_OI=170440
pcr3 =  BSE:SENSEX2691075600CE   0.11   -0.26 CALL added 1358700   PUT unwind -355040  CE_OI=1932300 PE_OI=221540
pcr4 =  BSE:SENSEX2691075500CE   0.15   -0.13 CALL added 3088640   PUT unwind -394300  CE_OI=3474920 PE_OI=531080
pcr5 =  BSE:SENSEX2691075400PE   0.18   0.02 CALL added 1834660   PUT added 45760  CE_OI=1914760 PE_OI=353400
pcr6 =  BSE:SENSEX2691075300PE   0.43    0.25 CALL added 2168780   PUT added 550840  CE_OI=2210840 PE_OI=952400
pcr7 =  BSE:SENSEX2691075200PE   0.84   0.73 CALL added 3014960   PUT added 2213700  CE_OI=3056340 PE_OI=2567760
pcr8 =  BSE:SENSEX2691075100CE   1.25   1.15 CALL added 2114820   PUT added 2433040  CE_OI=2135420 PE_OI=2664200
pcr9 =  BSE:SENSEX2691075000PE   2.47   1.91 CALL added 1924160   PUT added 3681400  CE_OI=2003040 PE_OI=4938280
pcr10 =  BSE:SENSEX2691074900PE   5.1   4.36 CALL added 435060   PUT added 1897580  CE_OI=446920 PE_OI=2280720
pcr11 =  BSE:SENSEX2691074800PE   9.42   6.25 CALL added 208760   PUT added 1304940  CE_OI=218360 PE_OI=2057280
pcr12 =  BSE:SENSEX2691074700CE   15.21   11.73 CALL added 110040   PUT added 1291120  CE_OI=115200 PE_OI=1752700
pcr13 =  BSE:SENSEX2691074600PE   25.17   17.41 CALL added 59860   PUT added 1042220  CE_OI=64320 PE_OI=1618720
pcr14 =  BSE:SENSEX2691074500PE   25.35   16.4 CALL added 105200   PUT added 1725120  CE_OI=113840 PE_OI=2886380
pcr15 =  BSE:SENSEX2691074400PE   102.68   76.11 CALL added 10360   PUT added 788540  CE_OI=10360 PE_OI=1063720
pcr16 =  BSE:SENSEX2691074300PE   128.67   91.99 CALL added 7320   PUT added 673380  CE_OI=7320 PE_OI=941860
pcr17 =  BSE:SENSEX2691074200CE   151.76   100.15 CALL added 6480   PUT added 648960  CE_OI=6500 PE_OI=986420
PCRSUM== 468.97
pcrSummation== 60.07
VOLPCRSUM== 5.609999999999999
spotLTP =  75019.87  ATM_STRIKE =  75000
IS_ATM_STRIKE_SHIFT = True  mapStrike = {75000: 75000}
avgOiPcrList2 = [np.float64(27.59)] atmStrikeNotShiftedCount= 1
True   1   1
SUPP_RES=== 75000  Buffer= 53
ANCHOR_COMPARE: spot=75019.87 fut=75507.1 basis(fut-spot)=487.23 | SR_spot(PRIMARY)=75000 SR_future=75500 SR_diff(fut-spot)=500 | PCRwin_spot(PRIMARY)=75000 PCRwin_future=75500
CEoich val =  1924160.0  PEoich val =  3681400.0 , CE < PE by 47.7%
SUPP_RES TOTAL OI: CE= 2003040  PE= 4938280 , CE < PE by 59.4%
FUT_SUPP_RES=== 75500  (FUT_LTP= 75507.1 ) Buffer= 53
FUT CEoich val =  3088640.0  PEoich val =  -394300.0 , CE > PE by 112.8%
FUT_SUPP_RES TOTAL OI: CE= 3474920  PE= 531080 , CE > PE by 84.7%
OI_SUPP_RES: spot=75019.87 ATM=75000 (ATM_CE_OI=2003040 ATM_PE_OI=4938280) | SUPPORT=75000PE OI=4938280 (dist=0) | RESISTANCE=75500CE OI=3474920 (dist=500)
OI_SUPPORT=== 75000
OI_SUPPORT CEoich val = 1924160.0  PEoich val = 3681400.0 , CE < PE by 47.7%
OI_SUPPORT TOTAL OI: CE= 2003040  PE= 4938280 , CE < PE by 59.4%
OI_RESISTANCE=== 75500
OI_RESISTANCE CEoich val = 3088640.0  PEoich val = -394300.0 , CE > PE by 112.8%
OI_RESISTANCE TOTAL OI: CE= 3474920  PE= 531080 , CE > PE by 84.7%
IS_MORNING_WINDOW= False  (active 9:15-9:48 IST)
================================================
==== signal check time ==== 2026-09-09 14:36:00.644370
IS_CHOI_DIFF_GT_25PERC== True
RSI_VAL1== 37.39
RSI_VAL2== 37.39
FUT_3m_OHLC O= 75500.0  H= 75514.2  L= 75487.6  C= 75507.1  Range= 26.6
CHART_PATTERN: None
newSynthFut =  75000
ATMStrike =  75000
AVG_OIPCR= 6.67
avgoiPCROld=  27.59
SUPP_RES = 75000
FUT LTP = 75507.1
CEchoi  PechOi = 1924160.0    3681400.0
====================================
AVG_VOLPCR= 0.62
atmPCR= 0.18  belowATM  0.43
atmVolPCR= 0.36  belowATM  0.56
True   75507.1   75000   False   False   37.39
India VIX = 11.65  Spot Price = 74965.58
IV Regime = HIGH (ADAPTIVE: P25= 11.04  P50= 11.29  P75= 11.49 ) | DailyRange = 1247.6 | 3minCandleRange = 65.7 (theoretical= 109.4 ) | ATMoptionMove = 29.5 | SL = 103 | Target = 103 | TrailTrigger = 30 | Spread = 300 | Buffer = 53
IV Params refreshed: {'vix': 11.65, 'bn_price': 74965.58, 'regime': 'HIGH', 'regime_thresholds': 'P25=11.04 P50=11.29 P75=11.49', 'daily_range': 1247.6, 'candle_range': 65.7, 'atm_option_move': 29.5, 'sl_point': 103, 'target_point': 103, 'sl_pct_of_premium': 0.1, 'trail_trigger': 30, 'spread_width': 300, 'support_resistance_buffer': 53}
===
====after 3 min ochain==== 2026-09-09 14:39:00.000001
                                    oipcr   choipcr   CE_OI / PE_OI (same strike)
pcr1 =  BSE:SENSEX2691075800PE   0.09   -0.37 CALL added 789300   PUT unwind -291780  CE_OI=1635420 PE_OI=150260
pcr2 =  BSE:SENSEX2691075700PE   0.09   -0.18 CALL added 1162960   PUT unwind -209100  CE_OI=1836040 PE_OI=165680
pcr3 =  BSE:SENSEX2691075600CE   0.11   -0.27 CALL added 1365980   PUT unwind -364180  CE_OI=1939580 PE_OI=212400
pcr4 =  BSE:SENSEX2691075500CE   0.14   -0.14 CALL added 3028100   PUT unwind -430840  CE_OI=3414380 PE_OI=494540
pcr5 =  BSE:SENSEX2691075400PE   0.18   0.01 CALL added 1807560   PUT added 25620  CE_OI=1887660 PE_OI=333260
pcr6 =  BSE:SENSEX2691075300PE   0.36    0.19 CALL added 2282300   PUT added 432580  CE_OI=2324360 PE_OI=834140
pcr7 =  BSE:SENSEX2691075200PE   0.7   0.6 CALL added 3057220   PUT added 1821440  CE_OI=3098600 PE_OI=2175500
pcr8 =  BSE:SENSEX2691075100CE   0.99   0.9 CALL added 2265740   PUT added 2028140  CE_OI=2286340 PE_OI=2259300
pcr9 =  BSE:SENSEX2691075000PE   2.03   1.52 CALL added 2150780   PUT added 3270820  CE_OI=2229660 PE_OI=4527700
pcr10 =  BSE:SENSEX2691074900PE   4.24   3.56 CALL added 485640   PUT added 1727960  CE_OI=497500 PE_OI=2111100
pcr11 =  BSE:SENSEX2691074800PE   7.64   4.81 CALL added 240660   PUT added 1158660  CE_OI=250260 PE_OI=1911000
pcr12 =  BSE:SENSEX2691074700CE   14.44   10.97 CALL added 111600   PUT added 1224180  CE_OI=116760 PE_OI=1685760
pcr13 =  BSE:SENSEX2691074600PE   22.64   14.56 CALL added 58820   PUT added 856260  CE_OI=63280 PE_OI=1432760
pcr14 =  BSE:SENSEX2691074500PE   22.37   14.08 CALL added 116680   PUT added 1642560  CE_OI=125320 PE_OI=2803820
pcr15 =  BSE:SENSEX2691074400PE   91.66   66.91 CALL added 11120   PUT added 744080  CE_OI=11120 PE_OI=1019260
pcr16 =  BSE:SENSEX2691074300PE   129.44   92.04 CALL added 7180   PUT added 660880  CE_OI=7180 PE_OI=929360
pcr17 =  BSE:SENSEX2691074200CE   137.96   91.08 CALL added 7140   PUT added 650320  CE_OI=7160 PE_OI=987780
PCRSUM== 435.08
pcrSummation== 53.22
VOLPCRSUM== 5.65
spotLTP =  74965.58  ATM_STRIKE =  75000
IS_ATM_STRIKE_SHIFT = False  mapStrike = {75000: 75000}
avgOiPcrList2 = [np.float64(27.59), np.float64(25.59)] atmStrikeNotShiftedCount= 2
False   2   2
SUPP_RES=== 75000  Buffer= 53
ANCHOR_COMPARE: spot=74965.58 fut=75450.0 basis(fut-spot)=484.42 | SR_spot(PRIMARY)=75000 SR_future=75500 SR_diff(fut-spot)=500 | PCRwin_spot(PRIMARY)=75000 PCRwin_future=75400
CEoich val =  2150780.0  PEoich val =  3270820.0 , CE < PE by 34.2%
SUPP_RES TOTAL OI: CE= 2229660  PE= 4527700 , CE < PE by 50.8%
FUT_SUPP_RES=== 75500  (FUT_LTP= 75450.0 ) Buffer= 53
FUT CEoich val =  3028100.0  PEoich val =  -430840.0 , CE > PE by 114.2%
FUT_SUPP_RES TOTAL OI: CE= 3414380  PE= 494540 , CE > PE by 85.5%
OI_SUPP_RES: spot=74965.58 ATM=75000 (ATM_CE_OI=2229660 ATM_PE_OI=4527700) | SUPPORT=75000PE OI=4527700 (dist=0) | RESISTANCE=75500CE OI=3414380 (dist=500)
OI_SUPPORT=== 75000
OI_SUPPORT CEoich val = 2150780.0  PEoich val = 3270820.0 , CE < PE by 34.2%
OI_SUPPORT TOTAL OI: CE= 2229660  PE= 4527700 , CE < PE by 50.8%
OI_RESISTANCE=== 75500
OI_RESISTANCE CEoich val = 3028100.0  PEoich val = -430840.0 , CE > PE by 114.2%
OI_RESISTANCE TOTAL OI: CE= 3414380  PE= 494540 , CE > PE by 85.5%
IS_MORNING_WINDOW= False  (active 9:15-9:48 IST)
================================================
==== signal check time ==== 2026-09-09 14:39:00.626808
IS_CHOI_DIFF_GT_25PERC== True
RSI_VAL1== 30.4
RSI_VAL2== 30.4
FUT_3m_OHLC O= 75507.1  H= 75507.1  L= 75450.0  C= 75450.0  Range= 57.1
CHART_PATTERN_DETECTED: BEARISH_ENGULFING | STRONG_MOMENTUM_BEAR
  PATTERN_CONTEXT: Body= -57.1  Range= 57.1  ExpectedRange= 65.7  RangeRatio= 0.87  O= 75507.1  H= 75507.1  L= 75450.0  C= 75450.0
newSynthFut =  75000
ATMStrike =  75000
AVG_OIPCR= 5.91
avgoiPCROld=  25.59
SUPP_RES = 75000
FUT LTP = 75450.0
CEchoi  PechOi = 2150780.0    3270820.0
====================================
AVG_VOLPCR= 0.63
atmPCR= 0.18  belowATM  0.36
atmVolPCR= 0.36  belowATM  0.56
True   75450.0   75000   False   False   30.4
India VIX = 11.68  Spot Price = 74962.87
IV Regime = HIGH (ADAPTIVE: P25= 11.04  P50= 11.29  P75= 11.49 ) | DailyRange = 1250.8 | 3minCandleRange = 65.8 (theoretical= 109.7 ) | ATMoptionMove = 29.6 | SL = 104 | Target = 104 | TrailTrigger = 30 | Spread = 300 | Buffer = 53
IV Params refreshed: {'vix': 11.68, 'bn_price': 74962.87, 'regime': 'HIGH', 'regime_thresholds': 'P25=11.04 P50=11.29 P75=11.49', 'daily_range': 1250.8, 'candle_range': 65.8, 'atm_option_move': 29.6, 'sl_point': 104, 'target_point': 104, 'sl_pct_of_premium': 0.1, 'trail_trigger': 30, 'spread_width': 300, 'support_resistance_buffer': 53}
===
====after 3 min ochain==== 2026-09-09 14:42:00.018383
                                    oipcr   choipcr   CE_OI / PE_OI (same strike)
pcr1 =  BSE:SENSEX2691075800PE   0.09   -0.37 CALL added 786040   PUT unwind -292880  CE_OI=1632160 PE_OI=149160
pcr2 =  BSE:SENSEX2691075700PE   0.09   -0.2 CALL added 1104780   PUT unwind -218220  CE_OI=1777860 PE_OI=156560
pcr3 =  BSE:SENSEX2691075600CE   0.1   -0.24 CALL added 1511040   PUT unwind -367680  CE_OI=2084640 PE_OI=208900
pcr4 =  BSE:SENSEX2691075500CE   0.14   -0.15 CALL added 3048440   PUT unwind -450800  CE_OI=3434720 PE_OI=474580
pcr5 =  BSE:SENSEX2691075400PE   0.18   0.02 CALL added 1777060   PUT added 27160  CE_OI=1857160 PE_OI=334800
pcr6 =  BSE:SENSEX2691075300PE   0.34    0.17 CALL added 2277580   PUT added 392800  CE_OI=2319640 PE_OI=794360
pcr7 =  BSE:SENSEX2691075200PE   0.62   0.51 CALL added 3101540   PUT added 1584980  CE_OI=3142920 PE_OI=1939040
pcr8 =  BSE:SENSEX2691075100CE   0.84   0.75 CALL added 2391660   PUT added 1793100  CE_OI=2412260 PE_OI=2024260
pcr9 =  BSE:SENSEX2691075000PE   1.81   1.35 CALL added 2402520   PUT added 3234520  CE_OI=2481400 PE_OI=4491400
pcr10 =  BSE:SENSEX2691074900PE   3.72   3.13 CALL added 575160   PUT added 1802380  CE_OI=587020 PE_OI=2185520
pcr11 =  BSE:SENSEX2691074800PE   7.24   4.63 CALL added 262160   PUT added 1214120  CE_OI=271760 PE_OI=1966460
pcr12 =  BSE:SENSEX2691074700CE   13.3   10.08 CALL added 121920   PUT added 1228360  CE_OI=127080 PE_OI=1689940
pcr13 =  BSE:SENSEX2691074600PE   20.84   13.24 CALL added 63640   PUT added 842540  CE_OI=68100 PE_OI=1419040
pcr14 =  BSE:SENSEX2691074500PE   22.37   14.37 CALL added 121040   PUT added 1739140  CE_OI=129680 PE_OI=2900400
pcr15 =  BSE:SENSEX2691074400PE   90.94   67.62 CALL added 11800   PUT added 797920  CE_OI=11800 PE_OI=1073100
pcr16 =  BSE:SENSEX2691074300PE   124.18   89.94 CALL added 7840   PUT added 705120  CE_OI=7840 PE_OI=973600
pcr17 =  BSE:SENSEX2691074200CE   135.11   90.24 CALL added 7460   PUT added 673180  CE_OI=7480 PE_OI=1010640
PCRSUM== 421.91
pcrSummation== 48.89
VOLPCRSUM== 5.66
spotLTP =  74962.87  ATM_STRIKE =  75000
IS_ATM_STRIKE_SHIFT = False  mapStrike = {75000: 75000}
avgOiPcrList2 = [np.float64(27.59), np.float64(25.59), np.float64(24.82)] atmStrikeNotShiftedCount= 3
False   3   3
SUPP_RES=== 75000  Buffer= 53
ANCHOR_COMPARE: spot=74962.87 fut=75461.9 basis(fut-spot)=499.03 | SR_spot(PRIMARY)=75000 SR_future=75500 SR_diff(fut-spot)=500 | PCRwin_spot(PRIMARY)=75000 PCRwin_future=75500
CEoich val =  2402520.0  PEoich val =  3234520.0 , CE < PE by 25.7%
SUPP_RES TOTAL OI: CE= 2481400  PE= 4491400 , CE < PE by 44.8%
FUT_SUPP_RES=== 75500  (FUT_LTP= 75461.9 ) Buffer= 53
FUT CEoich val =  3048440.0  PEoich val =  -450800.0 , CE > PE by 114.8%
FUT_SUPP_RES TOTAL OI: CE= 3434720  PE= 474580 , CE > PE by 86.2%
OI_SUPP_RES: spot=74962.87 ATM=75000 (ATM_CE_OI=2481400 ATM_PE_OI=4491400) | SUPPORT=75000PE OI=4491400 (dist=0) | RESISTANCE=75500CE OI=3434720 (dist=500)
OI_SUPPORT=== 75000
OI_SUPPORT CEoich val = 2402520.0  PEoich val = 3234520.0 , CE < PE by 25.7%
OI_SUPPORT TOTAL OI: CE= 2481400  PE= 4491400 , CE < PE by 44.8%
OI_RESISTANCE=== 75500
OI_RESISTANCE CEoich val = 3048440.0  PEoich val = -450800.0 , CE > PE by 114.8%
OI_RESISTANCE TOTAL OI: CE= 3434720  PE= 474580 , CE > PE by 86.2%
IS_MORNING_WINDOW= False  (active 9:15-9:48 IST)
================================================
==== signal check time ==== 2026-09-09 14:42:00.654627
IS_CHOI_DIFF_GT_25PERC== True
RSI_VAL1== 33.2
RSI_VAL2== 33.2
FUT_3m_OHLC O= 75474.4  H= 75474.4  L= 75450.0  C= 75461.9  Range= 24.4
CHART_PATTERN_DETECTED: INSIDE_BAR | DOUBLE_BOTTOM_FORMING
  PATTERN_CONTEXT: Body= -12.5  Range= 24.4  ExpectedRange= 65.8  RangeRatio= 0.37  O= 75474.4  H= 75474.4  L= 75450.0  C= 75461.9
isPcrDecr = True
newSynthFut =  75000
ATMStrike =  75000
AVG_OIPCR= 5.43
avgoiPCROld=  24.82
SUPP_RES = 75000
FUT LTP = 75461.9
CEchoi  PechOi = 2402520.0    3234520.0
====================================
AVG_VOLPCR= 0.63
atmPCR= 0.18  belowATM  0.34
atmVolPCR= 0.36  belowATM  0.56
True   75461.9   75000   False   True   33.2
no trade yet = [np.float64(27.59), np.float64(25.59), np.float64(24.82)]
India VIX = 11.69  Spot Price = 74962.62
IV Regime = HIGH (ADAPTIVE: P25= 11.04  P50= 11.29  P75= 11.49 ) | DailyRange = 1251.9 | 3minCandleRange = 65.9 (theoretical= 109.8 ) | ATMoptionMove = 29.6 | SL = 104 | Target = 104 | TrailTrigger = 30 | Spread = 300 | Buffer = 53
IV Params refreshed: {'vix': 11.69, 'bn_price': 74962.62, 'regime': 'HIGH', 'regime_thresholds': 'P25=11.04 P50=11.29 P75=11.49', 'daily_range': 1251.9, 'candle_range': 65.9, 'atm_option_move': 29.6, 'sl_point': 104, 'target_point': 104, 'sl_pct_of_premium': 0.1, 'trail_trigger': 30, 'spread_width': 300, 'support_resistance_buffer': 53}
===
====after 3 min ochain==== 2026-09-09 14:45:00.015614
                                    oipcr   choipcr   CE_OI / PE_OI (same strike)
pcr1 =  BSE:SENSEX2691075800PE   0.09   -0.38 CALL added 759960   PUT unwind -292540  CE_OI=1606080 PE_OI=149500
pcr2 =  BSE:SENSEX2691075700PE   0.09   -0.19 CALL added 1124160   PUT unwind -217980  CE_OI=1797240 PE_OI=156800
pcr3 =  BSE:SENSEX2691075600CE   0.1   -0.24 CALL added 1532740   PUT unwind -367960  CE_OI=2106340 PE_OI=208620
pcr4 =  BSE:SENSEX2691075500CE   0.14   -0.15 CALL added 3086500   PUT unwind -452160  CE_OI=3472780 PE_OI=473220
pcr5 =  BSE:SENSEX2691075400PE   0.17   0.01 CALL added 1789260   PUT added 19100  CE_OI=1869360 PE_OI=326740
pcr6 =  BSE:SENSEX2691075300PE   0.33    0.16 CALL added 2350440   PUT added 377000  CE_OI=2392500 PE_OI=778560
pcr7 =  BSE:SENSEX2691075200PE   0.57   0.46 CALL added 3130680   PUT added 1454140  CE_OI=3172060 PE_OI=1808200
pcr8 =  BSE:SENSEX2691075100CE   0.78   0.69 CALL added 2485840   PUT added 1719360  CE_OI=2506440 PE_OI=1950520
pcr9 =  BSE:SENSEX2691075000PE   1.73   1.28 CALL added 2507140   PUT added 3208700  CE_OI=2586020 PE_OI=4465580
pcr10 =  BSE:SENSEX2691074900PE   3.65   3.11 CALL added 628820   PUT added 1957160  CE_OI=640680 PE_OI=2340300
pcr11 =  BSE:SENSEX2691074800PE   6.68   4.26 CALL added 283460   PUT added 1206600  CE_OI=293060 PE_OI=1958940
pcr12 =  BSE:SENSEX2691074700CE   12.4   9.43 CALL added 133680   PUT added 1260680  CE_OI=138840 PE_OI=1722260
pcr13 =  BSE:SENSEX2691074600PE   20.03   12.67 CALL added 66240   PUT added 839340  CE_OI=70700 PE_OI=1415840
pcr14 =  BSE:SENSEX2691074500PE   21.94   14.18 CALL added 125160   PUT added 1774940  CE_OI=133800 PE_OI=2936200
pcr15 =  BSE:SENSEX2691074400PE   92.95   69.47 CALL added 11720   PUT added 814200  CE_OI=11720 PE_OI=1089380
pcr16 =  BSE:SENSEX2691074300PE   123.03   89.64 CALL added 8040   PUT added 720680  CE_OI=8040 PE_OI=989160
pcr17 =  BSE:SENSEX2691074200CE   130.59   87.55 CALL added 7780   PUT added 681120  CE_OI=7800 PE_OI=1018580
PCRSUM== 415.27
pcrSummation== 46.34
VOLPCRSUM== 5.66
spotLTP =  74962.62  ATM_STRIKE =  75000
IS_ATM_STRIKE_SHIFT = False  mapStrike = {75000: 75000}
avgOiPcrList2 = [np.float64(25.59), np.float64(24.82), np.float64(24.43)] atmStrikeNotShiftedCount= 4
False   4   3
SUPP_RES=== 75000  Buffer= 53
ANCHOR_COMPARE: spot=74962.62 fut=75437.65 basis(fut-spot)=475.03 | SR_spot(PRIMARY)=75000 SR_future=75500 SR_diff(fut-spot)=500 | PCRwin_spot(PRIMARY)=75000 PCRwin_future=75400
CEoich val =  2507140.0  PEoich val =  3208700.0 , CE < PE by 21.9%
SUPP_RES TOTAL OI: CE= 2586020  PE= 4465580 , CE < PE by 42.1%
FUT_SUPP_RES=== 75500  (FUT_LTP= 75437.65 ) Buffer= 53
FUT CEoich val =  3086500.0  PEoich val =  -452160.0 , CE > PE by 114.6%
FUT_SUPP_RES TOTAL OI: CE= 3472780  PE= 473220 , CE > PE by 86.4%
OI_SUPP_RES: spot=74962.62 ATM=75000 (ATM_CE_OI=2586020 ATM_PE_OI=4465580) | SUPPORT=75000PE OI=4465580 (dist=0) | RESISTANCE=75500CE OI=3472780 (dist=500)
OI_SUPPORT=== 75000
OI_SUPPORT CEoich val = 2507140.0  PEoich val = 3208700.0 , CE < PE by 21.9%
OI_SUPPORT TOTAL OI: CE= 2586020  PE= 4465580 , CE < PE by 42.1%
OI_RESISTANCE=== 75500
OI_RESISTANCE CEoich val = 3086500.0  PEoich val = -452160.0 , CE > PE by 114.6%
OI_RESISTANCE TOTAL OI: CE= 3472780  PE= 473220 , CE > PE by 86.4%
IS_MORNING_WINDOW= False  (active 9:15-9:48 IST)
================================================
==== signal check time ==== 2026-09-09 14:45:00.665028
IS_CHOI_DIFF_GT_25PERC== False
RSI_VAL1== 30.51
RSI_VAL2== 30.51
FUT_3m_OHLC O= 75450.0  H= 75461.9  L= 75437.6  C= 75437.6  Range= 24.2
CHART_PATTERN_DETECTED: DOUBLE_BOTTOM_FORMING
  PATTERN_CONTEXT: Body= -12.4  Range= 24.2  ExpectedRange= 65.9  RangeRatio= 0.37  O= 75450.0  H= 75461.9  L= 75437.6  C= 75437.6
isPcrDecr = True
newSynthFut =  75000
ATMStrike =  75000
AVG_OIPCR= 5.15
avgoiPCROld=  24.43
SUPP_RES = 75000
FUT LTP = 75437.65
CEchoi  PechOi = 2507140.0    3208700.0
====================================
AVG_VOLPCR= 0.63
atmPCR= 0.17  belowATM  0.33
atmVolPCR= 0.36  belowATM  0.56
False   75437.65   75000   False   True   30.51
no trade yet = [np.float64(25.59), np.float64(24.82), np.float64(24.43)]
India VIX = 11.72  Spot Price = 74929.5
IV Regime = HIGH (ADAPTIVE: P25= 11.04  P50= 11.29  P75= 11.49 ) | DailyRange = 1254.5 | 3minCandleRange = 66.0 (theoretical= 110.0 ) | ATMoptionMove = 29.7 | SL = 104 | Target = 104 | TrailTrigger = 30 | Spread = 300 | Buffer = 53
IV Params refreshed: {'vix': 11.72, 'bn_price': 74929.5, 'regime': 'HIGH', 'regime_thresholds': 'P25=11.04 P50=11.29 P75=11.49', 'daily_range': 1254.5, 'candle_range': 66.0, 'atm_option_move': 29.7, 'sl_point': 104, 'target_point': 104, 'sl_pct_of_premium': 0.1, 'trail_trigger': 30, 'spread_width': 300, 'support_resistance_buffer': 53}
===
====after 3 min ochain==== 2026-09-09 14:48:00.012159
                                    oipcr   choipcr   CE_OI / PE_OI (same strike)
pcr1 =  BSE:SENSEX2691075700PE   0.09   -0.2 CALL added 1120580   PUT unwind -219480  CE_OI=1793660 PE_OI=155300
pcr2 =  BSE:SENSEX2691075600CE   0.1   -0.24 CALL added 1544180   PUT unwind -371900  CE_OI=2117780 PE_OI=204680
pcr3 =  BSE:SENSEX2691075500CE   0.14   -0.14 CALL added 3133280   PUT unwind -450160  CE_OI=3519560 PE_OI=475220
pcr4 =  BSE:SENSEX2691075400PE   0.17   0.01 CALL added 1839460   PUT added 23640  CE_OI=1919560 PE_OI=331280
pcr5 =  BSE:SENSEX2691075300PE   0.3   0.14 CALL added 2487460   PUT added 350040  CE_OI=2529520 PE_OI=751600
pcr6 =  BSE:SENSEX2691075200PE   0.55    0.44 CALL added 3192940   PUT added 1417180  CE_OI=3234320 PE_OI=1771240
pcr7 =  BSE:SENSEX2691075100CE   0.72   0.63 CALL added 2545940   PUT added 1610580  CE_OI=2566540 PE_OI=1841740
pcr8 =  BSE:SENSEX2691075000PE   1.61   1.18 CALL added 2658000   PUT added 3135940  CE_OI=2736880 PE_OI=4392820
pcr9 =  BSE:SENSEX2691074900PE   3.25   2.75 CALL added 694360   PUT added 1908580  CE_OI=706220 PE_OI=2291720
pcr10 =  BSE:SENSEX2691074800PE   7.27   4.76 CALL added 271160   PUT added 1290040  CE_OI=280760 PE_OI=2042380
pcr11 =  BSE:SENSEX2691074700CE   11.96   9.08 CALL added 138700   PUT added 1259700  CE_OI=143860 PE_OI=1721280
pcr12 =  BSE:SENSEX2691074600PE   18.5   11.51 CALL added 70660   PUT added 813540  CE_OI=75120 PE_OI=1390040
pcr13 =  BSE:SENSEX2691074500PE   21.54   13.89 CALL added 127380   PUT added 1768920  CE_OI=136020 PE_OI=2930180
pcr14 =  BSE:SENSEX2691074400PE   83.65   62.74 CALL added 13160   PUT added 825680  CE_OI=13160 PE_OI=1100860
pcr15 =  BSE:SENSEX2691074300PE   118.52   86.55 CALL added 8400   PUT added 727060  CE_OI=8400 PE_OI=995540
pcr16 =  BSE:SENSEX2691074200CE   124.93   82.96 CALL added 7980   PUT added 662000  CE_OI=8000 PE_OI=999460
pcr17 =  BSE:SENSEX2691074100CE   117.26   81.73 CALL added 5060   PUT added 413560  CE_OI=5060 PE_OI=593360
PCRSUM== 510.56
pcrSummation== 65.7
VOLPCRSUM== 9.55
spotLTP =  74925.5  ATM_STRIKE =  74900
IS_ATM_STRIKE_SHIFT = True  mapStrike = {74900: 74900}
avgOiPcrList2 = [np.float64(30.03)] atmStrikeNotShiftedCount= 1
True   1   1
SUPP_RES=== 75000  Buffer= 53
ANCHOR_COMPARE: spot=74925.5 fut=75429.0 basis(fut-spot)=503.5 | SR_spot(PRIMARY)=75000 SR_future=75500 SR_diff(fut-spot)=500 | PCRwin_spot(PRIMARY)=74900 PCRwin_future=75400
CEoich val =  2658000.0  PEoich val =  3135940.0 , CE < PE by 15.2%
SUPP_RES TOTAL OI: CE= 2736880  PE= 4392820 , CE < PE by 37.7%
FUT_SUPP_RES=== 75500  (FUT_LTP= 75429.0 ) Buffer= 53
FUT CEoich val =  3133280.0  PEoich val =  -450160.0 , CE > PE by 114.4%
FUT_SUPP_RES TOTAL OI: CE= 3519560  PE= 475220 , CE > PE by 86.5%
OI_SUPP_RES: spot=74925.5 ATM=74900 (ATM_CE_OI=706220 ATM_PE_OI=2291720) | SUPPORT=75000PE OI=4392820 (dist=100) | RESISTANCE=75500CE OI=3519560 (dist=600)
OI_SUPPORT=== 75000
OI_SUPPORT CEoich val = 2658000.0  PEoich val = 3135940.0 , CE < PE by 15.2%
OI_SUPPORT TOTAL OI: CE= 2736880  PE= 4392820 , CE < PE by 37.7%
OI_RESISTANCE=== 75500
OI_RESISTANCE CEoich val = 3133280.0  PEoich val = -450160.0 , CE > PE by 114.4%
OI_RESISTANCE TOTAL OI: CE= 3519560  PE= 475220 , CE > PE by 86.5%
IS_MORNING_WINDOW= False  (active 9:15-9:48 IST)
================================================
==== signal check time ==== 2026-09-09 14:48:00.664986
IS_CHOI_DIFF_GT_25PERC== False
RSI_VAL1== 29.59
RSI_VAL2== 29.59
FUT_3m_OHLC O= 75412.4  H= 75429.0  L= 75412.4  C= 75429.0  Range= 16.6
CHART_PATTERN: None
newSynthFut =  74900
ATMStrike =  74900
AVG_OIPCR= 7.3
avgoiPCROld=  30.03
SUPP_RES = 75000
FUT LTP = 75429.0
CEchoi  PechOi = 2658000.0    3135940.0
====================================
AVG_VOLPCR= 1.06
atmPCR= 0.3  belowATM  0.55
atmVolPCR= 0.55  belowATM  0.89
False   75429.0   75000   False   False   29.59
India VIX = 11.72  Spot Price = 74951.1
IV Regime = HIGH (ADAPTIVE: P25= 11.04  P50= 11.29  P75= 11.49 ) | DailyRange = 1254.9 | 3minCandleRange = 66.0 (theoretical= 110.1 ) | ATMoptionMove = 29.7 | SL = 104 | Target = 104 | TrailTrigger = 30 | Spread = 300 | Buffer = 53
IV Params refreshed: {'vix': 11.72, 'bn_price': 74951.1, 'regime': 'HIGH', 'regime_thresholds': 'P25=11.04 P50=11.29 P75=11.49', 'daily_range': 1254.9, 'candle_range': 66.0, 'atm_option_move': 29.7, 'sl_point': 104, 'target_point': 104, 'sl_pct_of_premium': 0.1, 'trail_trigger': 30, 'spread_width': 300, 'support_resistance_buffer': 53}
===
====after 3 min ochain==== 2026-09-09 14:51:00.019877
                                    oipcr   choipcr   CE_OI / PE_OI (same strike)
pcr1 =  BSE:SENSEX2691075800PE   0.09   -0.36 CALL added 810120   PUT unwind -293240  CE_OI=1656240 PE_OI=148800
pcr2 =  BSE:SENSEX2691075700PE   0.08   -0.19 CALL added 1138380   PUT unwind -220880  CE_OI=1811460 PE_OI=153900
pcr3 =  BSE:SENSEX2691075600CE   0.11   -0.24 CALL added 1463340   PUT unwind -357080  CE_OI=2036940 PE_OI=219500
pcr4 =  BSE:SENSEX2691075500CE   0.12   -0.15 CALL added 3161360   PUT unwind -489960  CE_OI=3547640 PE_OI=435420
pcr5 =  BSE:SENSEX2691075400PE   0.17   0.01 CALL added 1849040   PUT added 11740  CE_OI=1929140 PE_OI=319380
pcr6 =  BSE:SENSEX2691075300PE   0.28    0.12 CALL added 2521320   PUT added 314880  CE_OI=2563380 PE_OI=716440
pcr7 =  BSE:SENSEX2691075200PE   0.53   0.42 CALL added 3234360   PUT added 1366680  CE_OI=3275740 PE_OI=1720740
pcr8 =  BSE:SENSEX2691075100CE   0.65   0.56 CALL added 2592600   PUT added 1462320  CE_OI=2613200 PE_OI=1693480
pcr9 =  BSE:SENSEX2691075000PE   1.43   1.04 CALL added 2914080   PUT added 3018740  CE_OI=2992960 PE_OI=4275620
pcr10 =  BSE:SENSEX2691074900PE   2.84   2.39 CALL added 775100   PUT added 1853520  CE_OI=786960 PE_OI=2236660
pcr11 =  BSE:SENSEX2691074800PE   7.36   4.9 CALL added 277580   PUT added 1360000  CE_OI=287180 PE_OI=2112340
pcr12 =  BSE:SENSEX2691074700CE   10.4   7.88 CALL added 161860   PUT added 1275680  CE_OI=167020 PE_OI=1737260
pcr13 =  BSE:SENSEX2691074600PE   18.08   11.25 CALL added 72600   PUT added 816620  CE_OI=77060 PE_OI=1393120
pcr14 =  BSE:SENSEX2691074500PE   20.55   13.0 CALL added 130240   PUT added 1692860  CE_OI=138880 PE_OI=2854120
pcr15 =  BSE:SENSEX2691074400PE   82.28   61.93 CALL added 13520   PUT added 837300  CE_OI=13520 PE_OI=1112480
pcr16 =  BSE:SENSEX2691074300PE   131.96   97.27 CALL added 7740   PUT added 752860  CE_OI=7740 PE_OI=1021340
pcr17 =  BSE:SENSEX2691074200CE   125.66   84.2 CALL added 8080   PUT added 680360  CE_OI=8100 PE_OI=1017820
PCRSUM== 402.59
pcrSummation== 41.74
VOLPCRSUM== 5.640000000000001
spotLTP =  74956.03  ATM_STRIKE =  75000
IS_ATM_STRIKE_SHIFT = True  mapStrike = {75000: 75000}
avgOiPcrList2 = [np.float64(23.68)] atmStrikeNotShiftedCount= 1
True   1   1
SUPP_RES=== 75000  Buffer= 53
ANCHOR_COMPARE: spot=74956.03 fut=75450.0 basis(fut-spot)=493.97 | SR_spot(PRIMARY)=75000 SR_future=75500 SR_diff(fut-spot)=500 | PCRwin_spot(PRIMARY)=75000 PCRwin_future=75400
CEoich val =  2914080.0  PEoich val =  3018740.0 , CE < PE by 3.5%
SUPP_RES TOTAL OI: CE= 2992960  PE= 4275620 , CE < PE by 30.0%
FUT_SUPP_RES=== 75500  (FUT_LTP= 75450.0 ) Buffer= 53
FUT CEoich val =  3161360.0  PEoich val =  -489960.0 , CE > PE by 115.5%
FUT_SUPP_RES TOTAL OI: CE= 3547640  PE= 435420 , CE > PE by 87.7%
OI_SUPP_RES: spot=74956.03 ATM=75000 (ATM_CE_OI=2992960 ATM_PE_OI=4275620) | SUPPORT=75000PE OI=4275620 (dist=0) | RESISTANCE=75500CE OI=3547640 (dist=500)
OI_SUPPORT=== 75000
OI_SUPPORT CEoich val = 2914080.0  PEoich val = 3018740.0 , CE < PE by 3.5%
OI_SUPPORT TOTAL OI: CE= 2992960  PE= 4275620 , CE < PE by 30.0%
OI_RESISTANCE=== 75500
OI_RESISTANCE CEoich val = 3161360.0  PEoich val = -489960.0 , CE > PE by 115.5%
OI_RESISTANCE TOTAL OI: CE= 3547640  PE= 435420 , CE > PE by 87.7%
IS_MORNING_WINDOW= False  (active 9:15-9:48 IST)
================================================
==== signal check time ==== 2026-09-09 14:51:00.715208
IS_CHOI_DIFF_GT_25PERC== False
RSI_VAL1== 34.74
RSI_VAL2== 34.74
FUT_3m_OHLC O= 75447.0  H= 75450.0  L= 75431.0  C= 75450.0  Range= 19.0
CHART_PATTERN_DETECTED: HAMMER
  PATTERN_CONTEXT: Body= 3.0  Range= 19.0  ExpectedRange= 66.0  RangeRatio= 0.29  O= 75447.0  H= 75450.0  L= 75431.0  C= 75450.0
newSynthFut =  75000
ATMStrike =  75000
AVG_OIPCR= 4.64
avgoiPCROld=  23.68
SUPP_RES = 75000
FUT LTP = 75450.0
CEchoi  PechOi = 2914080.0    3018740.0
====================================
AVG_VOLPCR= 0.63
atmPCR= 0.17  belowATM  0.28
atmVolPCR= 0.36  belowATM  0.55
False   75450.0   75000   False   False   34.74
India VIX = 11.73  Spot Price = 74949.53
IV Regime = HIGH (ADAPTIVE: P25= 11.04  P50= 11.29  P75= 11.49 ) | DailyRange = 1255.9 | 3minCandleRange = 66.1 (theoretical= 110.2 ) | ATMoptionMove = 29.7 | SL = 104 | Target = 104 | TrailTrigger = 30 | Spread = 300 | Buffer = 53
IV Params refreshed: {'vix': 11.73, 'bn_price': 74949.53, 'regime': 'HIGH', 'regime_thresholds': 'P25=11.04 P50=11.29 P75=11.49', 'daily_range': 1255.9, 'candle_range': 66.1, 'atm_option_move': 29.7, 'sl_point': 104, 'target_point': 104, 'sl_pct_of_premium': 0.1, 'trail_trigger': 30, 'spread_width': 300, 'support_resistance_buffer': 53}
===
====after 3 min ochain==== 2026-09-09 14:54:00.000562
                                    oipcr   choipcr   CE_OI / PE_OI (same strike)
pcr1 =  BSE:SENSEX2691075700PE   0.08   -0.18 CALL added 1208220   PUT unwind -221400  CE_OI=1881300 PE_OI=153380
pcr2 =  BSE:SENSEX2691075600CE   0.11   -0.23 CALL added 1505480   PUT unwind -348240  CE_OI=2079080 PE_OI=228340
pcr3 =  BSE:SENSEX2691075500CE   0.12   -0.14 CALL added 3333100   PUT unwind -476220  CE_OI=3719380 PE_OI=449160
pcr4 =  BSE:SENSEX2691075400PE   0.16   0.0 CALL added 1854560   PUT added 7660  CE_OI=1934660 PE_OI=315300
pcr5 =  BSE:SENSEX2691075300PE   0.27   0.12 CALL added 2584380   PUT added 311620  CE_OI=2626440 PE_OI=713180
pcr6 =  BSE:SENSEX2691075200PE   0.49    0.39 CALL added 3281020   PUT added 1274500  CE_OI=3322400 PE_OI=1628560
pcr7 =  BSE:SENSEX2691075100CE   0.62   0.54 CALL added 2672760   PUT added 1438840  CE_OI=2693360 PE_OI=1670000
pcr8 =  BSE:SENSEX2691075000PE   1.34   0.97 CALL added 3129000   PUT added 3033160  CE_OI=3207880 PE_OI=4290040
pcr9 =  BSE:SENSEX2691074900PE   2.66   2.24 CALL added 839940   PUT added 1885400  CE_OI=851800 PE_OI=2268540
pcr10 =  BSE:SENSEX2691074800PE   6.69   4.52 CALL added 316380   PUT added 1430040  CE_OI=325980 PE_OI=2182380
pcr11 =  BSE:SENSEX2691074700CE   10.99   8.36 CALL added 153660   PUT added 1284460  CE_OI=158820 PE_OI=1746040
pcr12 =  BSE:SENSEX2691074600PE   18.6   11.69 CALL added 71420   PUT added 835060  CE_OI=75880 PE_OI=1411560
pcr13 =  BSE:SENSEX2691074500PE   20.94   13.39 CALL added 129880   PUT added 1739400  CE_OI=138520 PE_OI=2900660
pcr14 =  BSE:SENSEX2691074400PE   88.15   67.01 CALL added 13020   PUT added 872480  CE_OI=13020 PE_OI=1147660
pcr15 =  BSE:SENSEX2691074300PE   144.28   106.68 CALL added 7140   PUT added 761680  CE_OI=7140 PE_OI=1030160
pcr16 =  BSE:SENSEX2691074200CE   141.81   94.54 CALL added 7080   PUT added 669360  CE_OI=7100 PE_OI=1006820
pcr17 =  BSE:SENSEX2691074100CE   121.03   82.61 CALL added 4680   PUT added 386600  CE_OI=4680 PE_OI=566400
PCRSUM== 558.34
pcrSummation== 62.6
VOLPCRSUM== 9.51
spotLTP =  74949.53  ATM_STRIKE =  74900
IS_ATM_STRIKE_SHIFT = True  mapStrike = {74900: 74900}
avgOiPcrList2 = [np.float64(32.84)] atmStrikeNotShiftedCount= 1
True   1   1
SUPP_RES=== 75000  Buffer= 53
ANCHOR_COMPARE: spot=74949.53 fut=75450.0 basis(fut-spot)=500.47 | SR_spot(PRIMARY)=75000 SR_future=75500 SR_diff(fut-spot)=500 | PCRwin_spot(PRIMARY)=74900 PCRwin_future=75400
CEoich val =  3129000.0  PEoich val =  3033160.0 , CE > PE by 3.1%
SUPP_RES TOTAL OI: CE= 3207880  PE= 4290040 , CE < PE by 25.2%
FUT_SUPP_RES=== 75500  (FUT_LTP= 75450.0 ) Buffer= 53
FUT CEoich val =  3333100.0  PEoich val =  -476220.0 , CE > PE by 114.3%
FUT_SUPP_RES TOTAL OI: CE= 3719380  PE= 449160 , CE > PE by 87.9%
OI_SUPP_RES: spot=74949.53 ATM=74900 (ATM_CE_OI=851800 ATM_PE_OI=2268540) | SUPPORT=75000PE OI=4290040 (dist=100) | RESISTANCE=75500CE OI=3719380 (dist=600)
OI_SUPPORT=== 75000
OI_SUPPORT CEoich val = 3129000.0  PEoich val = 3033160.0 , CE > PE by 3.1%
OI_SUPPORT TOTAL OI: CE= 3207880  PE= 4290040 , CE < PE by 25.2%
OI_RESISTANCE=== 75500
OI_RESISTANCE CEoich val = 3333100.0  PEoich val = -476220.0 , CE > PE by 114.3%
OI_RESISTANCE TOTAL OI: CE= 3719380  PE= 449160 , CE > PE by 87.9%
IS_MORNING_WINDOW= False  (active 9:15-9:48 IST)
================================================
==== signal check time ==== 2026-09-09 14:54:00.666400
IS_CHOI_DIFF_GT_25PERC== False
RSI_VAL1== 34.74
RSI_VAL2== 34.74
FUT_3m_OHLC O= 75450.0  H= 75458.4  L= 75450.0  C= 75450.0  Range= 8.4
CHART_PATTERN_DETECTED: DOUBLE_TOP_FORMING
  PATTERN_CONTEXT: Body= 0.0  Range= 8.4  ExpectedRange= 66.1  RangeRatio= 0.13  O= 75450.0  H= 75458.4  L= 75450.0  C= 75450.0
newSynthFut =  74900
ATMStrike =  74900
AVG_OIPCR= 6.96
avgoiPCROld=  32.84
SUPP_RES = 75000
FUT LTP = 75450.0
CEchoi  PechOi = 3129000.0    3033160.0
====================================
AVG_VOLPCR= 1.06
atmPCR= 0.27  belowATM  0.49
atmVolPCR= 0.55  belowATM  0.89
False   75450.0   75000   False   False   34.74
India VIX = 11.74  Spot Price = 74927.99
IV Regime = HIGH (ADAPTIVE: P25= 11.04  P50= 11.29  P75= 11.49 ) | DailyRange = 1256.6 | 3minCandleRange = 66.1 (theoretical= 110.2 ) | ATMoptionMove = 29.8 | SL = 104 | Target = 104 | TrailTrigger = 30 | Spread = 300 | Buffer = 53
IV Params refreshed: {'vix': 11.74, 'bn_price': 74927.99, 'regime': 'HIGH', 'regime_thresholds': 'P25=11.04 P50=11.29 P75=11.49', 'daily_range': 1256.6, 'candle_range': 66.1, 'atm_option_move': 29.8, 'sl_point': 104, 'target_point': 104, 'sl_pct_of_premium': 0.1, 'trail_trigger': 30, 'spread_width': 300, 'support_resistance_buffer': 53}
===
====after 3 min ochain==== 2026-09-09 14:57:00.014950
                                    oipcr   choipcr   CE_OI / PE_OI (same strike)
pcr1 =  BSE:SENSEX2691075700PE   0.08   -0.18 CALL added 1211020   PUT unwind -222160  CE_OI=1884100 PE_OI=152620
pcr2 =  BSE:SENSEX2691075600CE   0.11   -0.23 CALL added 1514740   PUT unwind -349160  CE_OI=2088340 PE_OI=227420
pcr3 =  BSE:SENSEX2691075500CE   0.12   -0.14 CALL added 3288680   PUT unwind -473900  CE_OI=3674960 PE_OI=451480
pcr4 =  BSE:SENSEX2691075400PE   0.16   0.0 CALL added 1855200   PUT added 7440  CE_OI=1935300 PE_OI=315080
pcr5 =  BSE:SENSEX2691075300PE   0.27   0.12 CALL added 2582900   PUT added 309460  CE_OI=2624960 PE_OI=711020
pcr6 =  BSE:SENSEX2691075200PE   0.48    0.38 CALL added 3286440   PUT added 1248720  CE_OI=3327820 PE_OI=1602780
pcr7 =  BSE:SENSEX2691075100CE   0.61   0.53 CALL added 2678440   PUT added 1422780  CE_OI=2699040 PE_OI=1653940
pcr8 =  BSE:SENSEX2691075000PE   1.29   0.92 CALL added 3189880   PUT added 2944340  CE_OI=3268760 PE_OI=4201220
pcr9 =  BSE:SENSEX2691074900PE   2.65   2.23 CALL added 844760   PUT added 1883500  CE_OI=856620 PE_OI=2266640
pcr10 =  BSE:SENSEX2691074800PE   6.5   4.38 CALL added 325780   PUT added 1428060  CE_OI=335380 PE_OI=2180400
pcr11 =  BSE:SENSEX2691074700CE   11.07   8.44 CALL added 153720   PUT added 1297980  CE_OI=158880 PE_OI=1759560
pcr12 =  BSE:SENSEX2691074600PE   18.47   11.52 CALL added 71020   PUT added 817820  CE_OI=75480 PE_OI=1394320
pcr13 =  BSE:SENSEX2691074500PE   18.49   11.72 CALL added 147960   PUT added 1734240  CE_OI=156600 PE_OI=2895500
pcr14 =  BSE:SENSEX2691074400PE   88.61   67.22 CALL added 12860   PUT added 864400  CE_OI=12860 PE_OI=1139580
pcr15 =  BSE:SENSEX2691074300PE   137.62   101.64 CALL added 7460   PUT added 758200  CE_OI=7460 PE_OI=1026680
pcr16 =  BSE:SENSEX2691074200CE   137.85   91.1 CALL added 7160   PUT added 652280  CE_OI=7180 PE_OI=989740
pcr17 =  BSE:SENSEX2691074100CE   122.04   83.29 CALL added 4640   PUT added 386480  CE_OI=4640 PE_OI=566280
PCRSUM== 546.42
pcrSummation== 59.83
VOLPCRSUM== 9.47
spotLTP =  74927.99  ATM_STRIKE =  74900
IS_ATM_STRIKE_SHIFT = False  mapStrike = {74900: 74900}
avgOiPcrList2 = [np.float64(32.84), np.float64(32.14)] atmStrikeNotShiftedCount= 2
False   2   2
SUPP_RES=== 75000  Buffer= 53
ANCHOR_COMPARE: spot=74927.99 fut=75440.0 basis(fut-spot)=512.01 | SR_spot(PRIMARY)=75000 SR_future=75500 SR_diff(fut-spot)=500 | PCRwin_spot(PRIMARY)=74900 PCRwin_future=75400
CEoich val =  3189880.0  PEoich val =  2944340.0 , CE > PE by 7.7%
SUPP_RES TOTAL OI: CE= 3268760  PE= 4201220 , CE < PE by 22.2%
FUT_SUPP_RES=== 75500  (FUT_LTP= 75440.0 ) Buffer= 53
FUT CEoich val =  3288680.0  PEoich val =  -473900.0 , CE > PE by 114.4%
FUT_SUPP_RES TOTAL OI: CE= 3674960  PE= 451480 , CE > PE by 87.7%
OI_SUPP_RES: spot=74927.99 ATM=74900 (ATM_CE_OI=856620 ATM_PE_OI=2266640) | SUPPORT=75000PE OI=4201220 (dist=100) | RESISTANCE=75500CE OI=3674960 (dist=600)
OI_SUPPORT=== 75000
OI_SUPPORT CEoich val = 3189880.0  PEoich val = 2944340.0 , CE > PE by 7.7%
OI_SUPPORT TOTAL OI: CE= 3268760  PE= 4201220 , CE < PE by 22.2%
OI_RESISTANCE=== 75500
OI_RESISTANCE CEoich val = 3288680.0  PEoich val = -473900.0 , CE > PE by 114.4%
OI_RESISTANCE TOTAL OI: CE= 3674960  PE= 451480 , CE > PE by 87.7%
IS_MORNING_WINDOW= False  (active 9:15-9:48 IST)
================================================
==== signal check time ==== 2026-09-09 14:57:00.653811
IS_CHOI_DIFF_GT_25PERC== False
RSI_VAL1== 33.39
RSI_VAL2== 33.39
FUT_3m_OHLC O= 75450.0  H= 75453.0  L= 75440.0  C= 75440.0  Range= 13.0
CHART_PATTERN_DETECTED: DOUBLE_TOP_FORMING
  PATTERN_CONTEXT: Body= -10.0  Range= 13.0  ExpectedRange= 66.1  RangeRatio= 0.2  O= 75450.0  H= 75453.0  L= 75440.0  C= 75440.0
newSynthFut =  74900
ATMStrike =  74900
AVG_OIPCR= 6.65
avgoiPCROld=  32.14
SUPP_RES = 75000
FUT LTP = 75440.0
CEchoi  PechOi = 3189880.0    2944340.0
====================================
AVG_VOLPCR= 1.05
atmPCR= 0.27  belowATM  0.48
atmVolPCR= 0.55  belowATM  0.89
False   75440.0   75000   False   False   33.39
India VIX = 11.77  Spot Price = 74938.45
IV Regime = HIGH (ADAPTIVE: P25= 11.04  P50= 11.29  P75= 11.49 ) | DailyRange = 1260.0 | 3minCandleRange = 66.3 (theoretical= 110.5 ) | ATMoptionMove = 29.8 | SL = 104 | Target = 104 | TrailTrigger = 30 | Spread = 300 | Buffer = 53
IV Params refreshed: {'vix': 11.77, 'bn_price': 74938.45, 'regime': 'HIGH', 'regime_thresholds': 'P25=11.04 P50=11.29 P75=11.49', 'daily_range': 1260.0, 'candle_range': 66.3, 'atm_option_move': 29.8, 'sl_point': 104, 'target_point': 104, 'sl_pct_of_premium': 0.1, 'trail_trigger': 30, 'spread_width': 300, 'support_resistance_buffer': 53}
===
====after 3 min ochain==== 2026-09-09 15:00:00.013269
                                    oipcr   choipcr   CE_OI / PE_OI (same strike)
pcr1 =  BSE:SENSEX2691075700PE   0.08   -0.18 CALL added 1224580   PUT unwind -222600  CE_OI=1897660 PE_OI=152180
pcr2 =  BSE:SENSEX2691075600CE   0.11   -0.24 CALL added 1470440   PUT unwind -349420  CE_OI=2044040 PE_OI=227160
pcr3 =  BSE:SENSEX2691075500CE   0.12   -0.15 CALL added 3251220   PUT unwind -484080  CE_OI=3637500 PE_OI=441300
pcr4 =  BSE:SENSEX2691075400PE   0.16   0.0 CALL added 1839240   PUT added 1360  CE_OI=1919340 PE_OI=309000
pcr5 =  BSE:SENSEX2691075300PE   0.27   0.12 CALL added 2589060   PUT added 302300  CE_OI=2631120 PE_OI=703860
pcr6 =  BSE:SENSEX2691075200PE   0.49    0.38 CALL added 3243220   PUT added 1245640  CE_OI=3284600 PE_OI=1599700
pcr7 =  BSE:SENSEX2691075100CE   0.62   0.54 CALL added 2642540   PUT added 1422080  CE_OI=2663140 PE_OI=1653240
pcr8 =  BSE:SENSEX2691075000PE   1.3   0.94 CALL added 3170540   PUT added 2965460  CE_OI=3249420 PE_OI=4222340
pcr9 =  BSE:SENSEX2691074900PE   2.69   2.27 CALL added 835420   PUT added 1896080  CE_OI=847280 PE_OI=2279220
pcr10 =  BSE:SENSEX2691074800PE   6.46   4.39 CALL added 332500   PUT added 1458200  CE_OI=342100 PE_OI=2210540
pcr11 =  BSE:SENSEX2691074700CE   10.85   8.27 CALL added 156920   PUT added 1297620  CE_OI=162080 PE_OI=1759200
pcr12 =  BSE:SENSEX2691074600PE   18.13   11.4 CALL added 73740   PUT added 840940  CE_OI=78200 PE_OI=1417440
pcr13 =  BSE:SENSEX2691074500PE   18.3   11.74 CALL added 152900   PUT added 1794360  CE_OI=161540 PE_OI=2955620
pcr14 =  BSE:SENSEX2691074400PE   87.14   65.85 CALL added 12920   PUT added 850720  CE_OI=12920 PE_OI=1125900
pcr15 =  BSE:SENSEX2691074300PE   114.25   84.42 CALL added 9000   PUT added 759760  CE_OI=9000 PE_OI=1028240
pcr16 =  BSE:SENSEX2691074200CE   139.86   92.86 CALL added 7120   PUT added 661160  CE_OI=7140 PE_OI=998620
pcr17 =  BSE:SENSEX2691074100CE   125.55   85.94 CALL added 4540   PUT added 390180  CE_OI=4540 PE_OI=569980
PCRSUM== 526.38
pcrSummation== 59.11
VOLPCRSUM== 9.440000000000001
spotLTP =  74938.45  ATM_STRIKE =  74900
IS_ATM_STRIKE_SHIFT = False  mapStrike = {74900: 74900}
avgOiPcrList2 = [np.float64(32.84), np.float64(32.14), np.float64(30.96)] atmStrikeNotShiftedCount= 3
False   3   3
SUPP_RES=== 75000  Buffer= 53
ANCHOR_COMPARE: spot=74938.45 fut=75440.0 basis(fut-spot)=501.55 | SR_spot(PRIMARY)=75000 SR_future=75500 SR_diff(fut-spot)=500 | PCRwin_spot(PRIMARY)=74900 PCRwin_future=75400
CEoich val =  3170540.0  PEoich val =  2965460.0 , CE > PE by 6.5%
SUPP_RES TOTAL OI: CE= 3249420  PE= 4222340 , CE < PE by 23.0%
FUT_SUPP_RES=== 75500  (FUT_LTP= 75440.0 ) Buffer= 53
FUT CEoich val =  3251220.0  PEoich val =  -484080.0 , CE > PE by 114.9%
FUT_SUPP_RES TOTAL OI: CE= 3637500  PE= 441300 , CE > PE by 87.9%
OI_SUPP_RES: spot=74938.45 ATM=74900 (ATM_CE_OI=847280 ATM_PE_OI=2279220) | SUPPORT=75000PE OI=4222340 (dist=100) | RESISTANCE=75500CE OI=3637500 (dist=600)
OI_SUPPORT=== 75000
OI_SUPPORT CEoich val = 3170540.0  PEoich val = 2965460.0 , CE > PE by 6.5%
OI_SUPPORT TOTAL OI: CE= 3249420  PE= 4222340 , CE < PE by 23.0%
OI_RESISTANCE=== 75500
OI_RESISTANCE CEoich val = 3251220.0  PEoich val = -484080.0 , CE > PE by 114.9%
OI_RESISTANCE TOTAL OI: CE= 3637500  PE= 441300 , CE > PE by 87.9%
IS_MORNING_WINDOW= False  (active 9:15-9:48 IST)
================================================
==== signal check time ==== 2026-09-09 15:00:00.767758
IS_CHOI_DIFF_GT_25PERC== False
RSI_VAL1== 33.39
RSI_VAL2== 33.39
FUT_3m_OHLC O= 75440.0  H= 75457.4  L= 75440.0  C= 75440.0  Range= 17.4
CHART_PATTERN_DETECTED: DOUBLE_TOP_FORMING | DOUBLE_BOTTOM_FORMING
  PATTERN_CONTEXT: Body= 0.0  Range= 17.4  ExpectedRange= 66.3  RangeRatio= 0.26  O= 75440.0  H= 75457.4  L= 75440.0  C= 75440.0
isPcrDecr = True
newSynthFut =  74900
ATMStrike =  74900
AVG_OIPCR= 6.57
avgoiPCROld=  30.96
SUPP_RES = 75000
FUT LTP = 75440.0
CEchoi  PechOi = 3170540.0    2965460.0
====================================
AVG_VOLPCR= 1.05
atmPCR= 0.27  belowATM  0.49
atmVolPCR= 0.55  belowATM  0.89
False   75440.0   75000   False   True   33.39
no trade yet = [np.float64(32.84), np.float64(32.14), np.float64(30.96)]
India VIX = 11.79  Spot Price = 74920.25
IV Regime = HIGH (ADAPTIVE: P25= 11.04  P50= 11.29  P75= 11.49 ) | DailyRange = 1261.9 | 3minCandleRange = 66.4 (theoretical= 110.7 ) | ATMoptionMove = 29.9 | SL = 105 | Target = 105 | TrailTrigger = 30 | Spread = 300 | Buffer = 53
IV Params refreshed: {'vix': 11.79, 'bn_price': 74920.25, 'regime': 'HIGH', 'regime_thresholds': 'P25=11.04 P50=11.29 P75=11.49', 'daily_range': 1261.9, 'candle_range': 66.4, 'atm_option_move': 29.9, 'sl_point': 105, 'target_point': 105, 'sl_pct_of_premium': 0.1, 'trail_trigger': 30, 'spread_width': 300, 'support_resistance_buffer': 53}
===
====after 3 min ochain==== 2026-09-09 15:03:00.013668
                                    oipcr   choipcr   CE_OI / PE_OI (same strike)
pcr1 =  BSE:SENSEX2691075700PE   0.08   -0.19 CALL added 1196800   PUT unwind -223880  CE_OI=1869880 PE_OI=150900
pcr2 =  BSE:SENSEX2691075600CE   0.11   -0.24 CALL added 1467380   PUT unwind -351520  CE_OI=2040980 PE_OI=225060
pcr3 =  BSE:SENSEX2691075500CE   0.12   -0.15 CALL added 3239180   PUT unwind -484080  CE_OI=3625460 PE_OI=441300
pcr4 =  BSE:SENSEX2691075400PE   0.16   -0.0 CALL added 1839960   PUT unwind -7500  CE_OI=1920060 PE_OI=300140
pcr5 =  BSE:SENSEX2691075300PE   0.27   0.12 CALL added 2585440   PUT added 302300  CE_OI=2627500 PE_OI=703860
pcr6 =  BSE:SENSEX2691075200PE   0.47    0.37 CALL added 3182160   PUT added 1173640  CE_OI=3223540 PE_OI=1527700
pcr7 =  BSE:SENSEX2691075100CE   0.6   0.52 CALL added 2626580   PUT added 1362060  CE_OI=2647180 PE_OI=1593220
pcr8 =  BSE:SENSEX2691075000PE   1.26   0.9 CALL added 3207880   PUT added 2874040  CE_OI=3286760 PE_OI=4130920
pcr9 =  BSE:SENSEX2691074900PE   2.67   2.25 CALL added 842220   PUT added 1896080  CE_OI=854080 PE_OI=2279220
pcr10 =  BSE:SENSEX2691074800PE   6.41   4.32 CALL added 330380   PUT added 1426220  CE_OI=339980 PE_OI=2178560
pcr11 =  BSE:SENSEX2691074700CE   10.31   7.76 CALL added 160140   PUT added 1241920  CE_OI=165300 PE_OI=1703500
pcr12 =  BSE:SENSEX2691074600PE   17.65   10.9 CALL added 73740   PUT added 803820  CE_OI=78200 PE_OI=1380320
pcr13 =  BSE:SENSEX2691074500PE   17.36   10.91 CALL added 156620   PUT added 1708440  CE_OI=165260 PE_OI=2869700
pcr14 =  BSE:SENSEX2691074400PE   48.07   36.17 CALL added 23120   PUT added 836180  CE_OI=23120 PE_OI=1111360
pcr15 =  BSE:SENSEX2691074300PE   123.71   91.13 CALL added 8240   PUT added 750880  CE_OI=8240 PE_OI=1019360
pcr16 =  BSE:SENSEX2691074200CE   138.57   91.16 CALL added 7060   PUT added 643620  CE_OI=7080 PE_OI=981080
pcr17 =  BSE:SENSEX2691074100CE   139.93   94.06 CALL added 3920   PUT added 368720  CE_OI=3920 PE_OI=548520
PCRSUM== 507.75
pcrSummation== 57.0
VOLPCRSUM== 9.379999999999999
spotLTP =  74920.25  ATM_STRIKE =  74900
IS_ATM_STRIKE_SHIFT = False  mapStrike = {74900: 74900}
avgOiPcrList2 = [np.float64(32.14), np.float64(30.96), np.float64(29.87)] atmStrikeNotShiftedCount= 4
False   4   3
SUPP_RES=== 75000  Buffer= 53
ANCHOR_COMPARE: spot=74920.25 fut=75440.55 basis(fut-spot)=520.3 | SR_spot(PRIMARY)=75000 SR_future=75500 SR_diff(fut-spot)=500 | PCRwin_spot(PRIMARY)=74900 PCRwin_future=75400
CEoich val =  3207880.0  PEoich val =  2874040.0 , CE > PE by 10.4%
SUPP_RES TOTAL OI: CE= 3286760  PE= 4130920 , CE < PE by 20.4%
FUT_SUPP_RES=== 75500  (FUT_LTP= 75440.55 ) Buffer= 53
FUT CEoich val =  3239180.0  PEoich val =  -484080.0 , CE > PE by 114.9%
FUT_SUPP_RES TOTAL OI: CE= 3625460  PE= 441300 , CE > PE by 87.8%
OI_SUPP_RES: spot=74920.25 ATM=74900 (ATM_CE_OI=854080 ATM_PE_OI=2279220) | SUPPORT=75000PE OI=4130920 (dist=100) | RESISTANCE=75500CE OI=3625460 (dist=600)
OI_SUPPORT=== 75000
OI_SUPPORT CEoich val = 3207880.0  PEoich val = 2874040.0 , CE > PE by 10.4%
OI_SUPPORT TOTAL OI: CE= 3286760  PE= 4130920 , CE < PE by 20.4%
OI_RESISTANCE=== 75500
OI_RESISTANCE CEoich val = 3239180.0  PEoich val = -484080.0 , CE > PE by 114.9%
OI_RESISTANCE TOTAL OI: CE= 3625460  PE= 441300 , CE > PE by 87.8%
IS_MORNING_WINDOW= False  (active 9:15-9:48 IST)
================================================
==== signal check time ==== 2026-09-09 15:03:00.671266
IS_CHOI_DIFF_GT_25PERC== False
RSI_VAL1== 33.56
RSI_VAL2== 33.56
FUT_3m_OHLC O= 75442.0  H= 75452.3  L= 75429.0  C= 75440.6  Range= 23.3
CHART_PATTERN_DETECTED: DOUBLE_TOP_FORMING | DOUBLE_BOTTOM_FORMING
  PATTERN_CONTEXT: Body= -1.4  Range= 23.3  ExpectedRange= 66.4  RangeRatio= 0.35  O= 75442.0  H= 75452.3  L= 75429.0  C= 75440.6
isPcrDecr = True
newSynthFut =  74900
ATMStrike =  74900
AVG_OIPCR= 6.33
avgoiPCROld=  29.87
SUPP_RES = 75000
FUT LTP = 75440.55
CEchoi  PechOi = 3207880.0    2874040.0
====================================
AVG_VOLPCR= 1.04
atmPCR= 0.27  belowATM  0.47
atmVolPCR= 0.55  belowATM  0.88
False   75440.55   75000   False   True   33.56
no trade yet = [np.float64(32.14), np.float64(30.96), np.float64(29.87)]
India VIX = 11.84  Spot Price = 74847.28
IV Regime = HIGH (ADAPTIVE: P25= 11.04  P50= 11.29  P75= 11.49 ) | DailyRange = 1266.0 | 3minCandleRange = 66.6 (theoretical= 111.0 ) | ATMoptionMove = 30.0 | SL = 105 | Target = 105 | TrailTrigger = 30 | Spread = 300 | Buffer = 53
IV Params refreshed: {'vix': 11.84, 'bn_price': 74847.28, 'regime': 'HIGH', 'regime_thresholds': 'P25=11.04 P50=11.29 P75=11.49', 'daily_range': 1266.0, 'candle_range': 66.6, 'atm_option_move': 30.0, 'sl_point': 105, 'target_point': 105, 'sl_pct_of_premium': 0.1, 'trail_trigger': 30, 'spread_width': 300, 'support_resistance_buffer': 53}
===
====after 3 min ochain==== 2026-09-09 15:06:00.015103
                                    oipcr   choipcr   CE_OI / PE_OI (same strike)
pcr1 =  BSE:SENSEX2691075600CE   0.11   -0.26 CALL added 1367020   PUT unwind -356880  CE_OI=1940620 PE_OI=219700
pcr2 =  BSE:SENSEX2691075500CE   0.12   -0.16 CALL added 3157740   PUT unwind -497600  CE_OI=3544020 PE_OI=427780
pcr3 =  BSE:SENSEX2691075400PE   0.17   -0.0 CALL added 1711960   PUT unwind -3620  CE_OI=1792060 PE_OI=304020
pcr4 =  BSE:SENSEX2691075300PE   0.25   0.1 CALL added 2658820   PUT added 271080  CE_OI=2700880 PE_OI=672640
pcr5 =  BSE:SENSEX2691075200PE   0.44   0.33 CALL added 3059020   PUT added 997420  CE_OI=3100400 PE_OI=1351480
pcr6 =  BSE:SENSEX2691075100CE   0.55    0.47 CALL added 2624120   PUT added 1230320  CE_OI=2644720 PE_OI=1461480
pcr7 =  BSE:SENSEX2691075000PE   1.15   0.79 CALL added 3215420   PUT added 2543140  CE_OI=3294300 PE_OI=3800020
pcr8 =  BSE:SENSEX2691074900PE   2.37   1.98 CALL added 910660   PUT added 1801260  CE_OI=922520 PE_OI=2184400
pcr9 =  BSE:SENSEX2691074800PE   5.79   3.89 CALL added 366800   PUT added 1427980  CE_OI=376400 PE_OI=2180320
pcr10 =  BSE:SENSEX2691074700CE   9.23   6.76 CALL added 167580   PUT added 1132900  CE_OI=172740 PE_OI=1594480
pcr11 =  BSE:SENSEX2691074600PE   15.9   9.46 CALL added 78540   PUT added 743080  CE_OI=83000 PE_OI=1319580
pcr12 =  BSE:SENSEX2691074500PE   16.07   9.87 CALL added 165020   PUT added 1629140  CE_OI=173660 PE_OI=2790400
pcr13 =  BSE:SENSEX2691074400PE   35.74   26.73 CALL added 30560   PUT added 816900  CE_OI=30560 PE_OI=1092080
pcr14 =  BSE:SENSEX2691074300PE   111.99   82.42 CALL added 9080   PUT added 748360  CE_OI=9080 PE_OI=1016840
pcr15 =  BSE:SENSEX2691074200CE   135.24   88.74 CALL added 7200   PUT added 638940  CE_OI=7220 PE_OI=976400
pcr16 =  BSE:SENSEX2691074100CE   132.4   91.72 CALL added 4420   PUT added 405400  CE_OI=4420 PE_OI=585200
pcr17 =  BSE:SENSEX2691074000CE   94.32   50.91 CALL added 22780   PUT added 1159800  CE_OI=24480 PE_OI=2308920
PCRSUM== 561.84
pcrSummation== 87.24
VOLPCRSUM== 17.99
spotLTP =  74848.47  ATM_STRIKE =  74800
IS_ATM_STRIKE_SHIFT = True  mapStrike = {74800: 74800}
avgOiPcrList2 = [np.float64(33.05)] atmStrikeNotShiftedCount= 1
True   1   1
SUPP_RES=== 75000  Buffer= 53
ANCHOR_COMPARE: spot=74848.47 fut=75317.95 basis(fut-spot)=469.48 | SR_spot(PRIMARY)=75000 SR_future=75500 SR_diff(fut-spot)=500 | PCRwin_spot(PRIMARY)=74800 PCRwin_future=75300
CEoich val =  3215420.0  PEoich val =  2543140.0 , CE > PE by 20.9%
SUPP_RES TOTAL OI: CE= 3294300  PE= 3800020 , CE < PE by 13.3%
FUT_SUPP_RES=== 75500  (FUT_LTP= 75317.95 ) Buffer= 53
FUT CEoich val =  3157740.0  PEoich val =  -497600.0 , CE > PE by 115.8%
FUT_SUPP_RES TOTAL OI: CE= 3544020  PE= 427780 , CE > PE by 87.9%
OI_SUPP_RES: spot=74848.47 ATM=74800 (ATM_CE_OI=376400 ATM_PE_OI=2180320) | SUPPORT=75000PE OI=3800020 (dist=200) | RESISTANCE=75500CE OI=3544020 (dist=700)
OI_SUPPORT=== 75000
OI_SUPPORT CEoich val = 3215420.0  PEoich val = 2543140.0 , CE > PE by 20.9%
OI_SUPPORT TOTAL OI: CE= 3294300  PE= 3800020 , CE < PE by 13.3%
OI_RESISTANCE=== 75500
OI_RESISTANCE CEoich val = 3157740.0  PEoich val = -497600.0 , CE > PE by 115.8%
OI_RESISTANCE TOTAL OI: CE= 3544020  PE= 427780 , CE > PE by 87.9%
IS_MORNING_WINDOW= False  (active 9:15-9:48 IST)
================================================
==== signal check time ==== 2026-09-09 15:06:00.667615
IS_CHOI_DIFF_GT_25PERC== False
RSI_VAL1== 21.05
RSI_VAL2== 21.05
FUT_3m_OHLC O= 75405.0  H= 75405.0  L= 75305.0  C= 75318.0  Range= 100.0
CHART_PATTERN_DETECTED: DOUBLE_TOP_FORMING | STRONG_MOMENTUM_BEAR
  PATTERN_CONTEXT: Body= -87.1  Range= 100.0  ExpectedRange= 66.6  RangeRatio= 1.5  O= 75405.0  H= 75405.0  L= 75305.0  C= 75318.0
newSynthFut =  74800
ATMStrike =  74800
AVG_OIPCR= 9.69
avgoiPCROld=  33.05
SUPP_RES = 75000
FUT LTP = 75317.95
CEchoi  PechOi = 3215420.0    2543140.0
====================================
AVG_VOLPCR= 2.0
atmPCR= 0.44  belowATM  0.55
atmVolPCR= 0.88  belowATM  1.34
False   75317.95   75000   False   False   21.05
India VIX = 11.81  Spot Price = 74885.76
IV Regime = HIGH (ADAPTIVE: P25= 11.04  P50= 11.29  P75= 11.49 ) | DailyRange = 1263.4 | 3minCandleRange = 66.5 (theoretical= 110.8 ) | ATMoptionMove = 29.9 | SL = 105 | Target = 105 | TrailTrigger = 30 | Spread = 300 | Buffer = 53
IV Params refreshed: {'vix': 11.81, 'bn_price': 74885.76, 'regime': 'HIGH', 'regime_thresholds': 'P25=11.04 P50=11.29 P75=11.49', 'daily_range': 1263.4, 'candle_range': 66.5, 'atm_option_move': 29.9, 'sl_point': 105, 'target_point': 105, 'sl_pct_of_premium': 0.1, 'trail_trigger': 30, 'spread_width': 300, 'support_resistance_buffer': 53}
===
====after 3 min ochain==== 2026-09-09 15:09:00.016705
                                    oipcr   choipcr   CE_OI / PE_OI (same strike)
pcr1 =  BSE:SENSEX2691075700PE   0.08   -0.21 CALL added 1106520   PUT unwind -229280  CE_OI=1779600 PE_OI=145500
pcr2 =  BSE:SENSEX2691075600CE   0.12   -0.28 CALL added 1285000   PUT unwind -354000  CE_OI=1858600 PE_OI=222580
pcr3 =  BSE:SENSEX2691075500CE   0.12   -0.16 CALL added 3159800   PUT unwind -498280  CE_OI=3546080 PE_OI=427100
pcr4 =  BSE:SENSEX2691075400PE   0.18   -0.01 CALL added 1597640   PUT unwind -8400  CE_OI=1677740 PE_OI=299240
pcr5 =  BSE:SENSEX2691075300PE   0.25   0.09 CALL added 2457600   PUT added 216980  CE_OI=2499660 PE_OI=618540
pcr6 =  BSE:SENSEX2691075200PE   0.36    0.24 CALL added 3052240   PUT added 746820  CE_OI=3093620 PE_OI=1100880
pcr7 =  BSE:SENSEX2691075100CE   0.44   0.35 CALL added 2497980   PUT added 884800  CE_OI=2518580 PE_OI=1115960
pcr8 =  BSE:SENSEX2691075000PE   0.92   0.58 CALL added 3390840   PUT added 1950280  CE_OI=3469720 PE_OI=3207160
pcr9 =  BSE:SENSEX2691074900PE   1.41   1.09 CALL added 1116020   PUT added 1211560  CE_OI=1127880 PE_OI=1594700
pcr10 =  BSE:SENSEX2691074800PE   4.11   2.81 CALL added 549460   PUT added 1544400  CE_OI=559060 PE_OI=2296740
pcr11 =  BSE:SENSEX2691074700CE   5.79   3.76 CALL added 212820   PUT added 801060  CE_OI=217980 PE_OI=1262640
pcr12 =  BSE:SENSEX2691074600PE   12.77   6.72 CALL added 85960   PUT added 577800  CE_OI=90420 PE_OI=1154300
pcr13 =  BSE:SENSEX2691074500PE   12.27   6.92 CALL added 197100   PUT added 1363680  CE_OI=205740 PE_OI=2524940
pcr14 =  BSE:SENSEX2691074400PE   33.52   25.12 CALL added 32740   PUT added 822380  CE_OI=32740 PE_OI=1097560
pcr15 =  BSE:SENSEX2691074300PE   93.59   67.88 CALL added 10440   PUT added 708640  CE_OI=10440 PE_OI=977120
pcr16 =  BSE:SENSEX2691074200CE   121.15   81.83 CALL added 8520   PUT added 697180  CE_OI=8540 PE_OI=1034640
pcr17 =  BSE:SENSEX2691074100CE   114.65   79.8 CALL added 5160   PUT added 411780  CE_OI=5160 PE_OI=591580
PCRSUM== 401.73
pcrSummation== 38.32
VOLPCRSUM== 9.18
spotLTP =  74885.76  ATM_STRIKE =  74900
IS_ATM_STRIKE_SHIFT = True  mapStrike = {74900: 74900}
avgOiPcrList2 = [np.float64(23.63)] atmStrikeNotShiftedCount= 1
True   1   1
SUPP_RES=== 75000  Buffer= 53
ANCHOR_COMPARE: spot=74885.76 fut=75379.9 basis(fut-spot)=494.14 | SR_spot(PRIMARY)=75000 SR_future=75500 SR_diff(fut-spot)=500 | PCRwin_spot(PRIMARY)=74900 PCRwin_future=75400
CEoich val =  3390840.0  PEoich val =  1950280.0 , CE > PE by 42.5%
SUPP_RES TOTAL OI: CE= 3469720  PE= 3207160 , CE > PE by 7.6%
FUT_SUPP_RES=== 75500  (FUT_LTP= 75379.9 ) Buffer= 53
FUT CEoich val =  3159800.0  PEoich val =  -498280.0 , CE > PE by 115.8%
FUT_SUPP_RES TOTAL OI: CE= 3546080  PE= 427100 , CE > PE by 88.0%
OI_SUPP_RES: spot=74885.76 ATM=74900 (ATM_CE_OI=1127880 ATM_PE_OI=1594700) | SUPPORT=75000PE OI=3207160 (dist=100) | RESISTANCE=75500CE OI=3546080 (dist=600)
OI_SUPPORT=== 75000
OI_SUPPORT CEoich val = 3390840.0  PEoich val = 1950280.0 , CE > PE by 42.5%
OI_SUPPORT TOTAL OI: CE= 3469720  PE= 3207160 , CE > PE by 7.6%
OI_RESISTANCE=== 75500
OI_RESISTANCE CEoich val = 3159800.0  PEoich val = -498280.0 , CE > PE by 115.8%
OI_RESISTANCE TOTAL OI: CE= 3546080  PE= 427100 , CE > PE by 88.0%
IS_MORNING_WINDOW= False  (active 9:15-9:48 IST)
================================================
==== signal check time ==== 2026-09-09 15:09:00.702468
IS_CHOI_DIFF_GT_25PERC== True
RSI_VAL1== 34.36
RSI_VAL2== 34.36
FUT_3m_OHLC O= 75328.4  H= 75379.9  L= 75301.0  C= 75379.9  Range= 78.9
CHART_PATTERN: None
newSynthFut =  74900
ATMStrike =  74900
AVG_OIPCR= 4.26
avgoiPCROld=  23.63
SUPP_RES = 75000
FUT LTP = 75379.9
CEchoi  PechOi = 3390840.0    1950280.0
====================================
AVG_VOLPCR= 1.02
atmPCR= 0.25  belowATM  0.36
atmVolPCR= 0.53  belowATM  0.87
True   75379.9   75000   False   False   34.36
