checkInstrument =  BSE:SENSEX-INDEX
sensexExpDate =  26910
BNFut (Sensex futures auto) = BSE:SENSEX26SEPFUT
 -- not entered waiting for time--- 9 : 14
 -- not entered waiting for time--- 9 : 14
 -- not entered waiting for time--- 9 : 14
 -- not entered waiting for time--- 9 : 14
 -- not entered waiting for time--- 9 : 14
 -- not entered waiting for time--- 9 : 14
 -- not entered waiting for time--- 9 : 14
 -- not entered waiting for time--- 9 : 14
 -- not entered waiting for time--- 9 : 14
 -- not entered waiting for time--- 9 : 14
 -- not entered waiting for time--- 9 : 14
 -- not entered waiting for time--- 9 : 14
 -- not entered waiting for time--- 9 : 14
 -- not entered waiting for time--- 9 : 14
 -- not entered waiting for time--- 9 : 14
 -- not entered waiting for time--- 9 : 14
 -- not entered waiting for time--- 9 : 14
 -- not entered waiting for time--- 9 : 14
 -- not entered waiting for time--- 9 : 14
 -- not entered waiting for time--- 9 : 14
 -- not entered waiting for time--- 9 : 14
 -- not entered waiting for time--- 9 : 14
 -- not entered waiting for time--- 9 : 14
 -- not entered waiting for time--- 9 : 14
 -- not entered waiting for time--- 9 : 14
 -- not entered waiting for time--- 9 : 14
 -- not entered waiting for time--- 9 : 14
 -- not entered waiting for time--- 9 : 14
 -- not entered waiting for time--- 9 : 14
 -- not entered waiting for time--- 9 : 14
 -- not entered waiting for time--- 9 : 14
 -- not entered waiting for time--- 9 : 14
 -- not entered waiting for time--- 9 : 14
 -- not entered waiting for time--- 9 : 14
 -- not entered waiting for time--- 9 : 14
 -- not entered waiting for time--- 9 : 14
 -- not entered waiting for time--- 9 : 14
 -- not entered waiting for time--- 9 : 14
 -- not entered waiting for time--- 9 : 15
 -- not entered waiting for time--- 9 : 15
 -- not entered waiting for time--- 9 : 15
 -- not entered waiting for time--- 9 : 15
 -- not entered waiting for time--- 9 : 15
 -- not entered waiting for time--- 9 : 15
 -- not entered waiting for time--- 9 : 15
 -- not entered waiting for time--- 9 : 15
 -- not entered waiting for time--- 9 : 15
 -- not entered waiting for time--- 9 : 15
 -- not entered waiting for time--- 9 : 15
 -- not entered waiting for time--- 9 : 15
 -- not entered waiting for time--- 9 : 15
 -- not entered waiting for time--- 9 : 15
 -- not entered waiting for time--- 9 : 15
 -- not entered waiting for time--- 9 : 15
 -- not entered waiting for time--- 9 : 15
 -- not entered waiting for time--- 9 : 15
 -- not entered waiting for time--- 9 : 15
 -- not entered waiting for time--- 9 : 15
 -- not entered waiting for time--- 9 : 15
 -- not entered waiting for time--- 9 : 15
 -- not entered waiting for time--- 9 : 15
 -- not entered waiting for time--- 9 : 15
 -- not entered waiting for time--- 9 : 15
 -- not entered waiting for time--- 9 : 15
 -- not entered waiting for time--- 9 : 15
 -- not entered waiting for time--- 9 : 15
 -- not entered waiting for time--- 9 : 15
 -- not entered waiting for time--- 9 : 15
 -- not entered waiting for time--- 9 : 15
 -- not entered waiting for time--- 9 : 15
 -- not entered waiting for time--- 9 : 15
 -- not entered waiting for time--- 9 : 15
 -- not entered waiting for time--- 9 : 15
 -- not entered waiting for time--- 9 : 15
 -- not entered waiting for time--- 9 : 15
 -- not entered waiting for time--- 9 : 15
 -- not entered waiting for time--- 9 : 15
 -- not entered waiting for time--- 9 : 15
 -- not entered waiting for time--- 9 : 15
 -- not entered waiting for time--- 9 : 15
 -- not entered waiting for time--- 9 : 15
 -- not entered waiting for time--- 9 : 15
 -- not entered waiting for time--- 9 : 15
 -- not entered waiting for time--- 9 : 15
 -- not entered waiting for time--- 9 : 15
 -- not entered waiting for time--- 9 : 15
 -- not entered waiting for time--- 9 : 15
 -- not entered waiting for time--- 9 : 15
 -- not entered waiting for time--- 9 : 15
 -- not entered waiting for time--- 9 : 15
 -- not entered waiting for time--- 9 : 15
 -- not entered waiting for time--- 9 : 15
 -- not entered waiting for time--- 9 : 15
 -- not entered waiting for time--- 9 : 15
 -- not entered waiting for time--- 9 : 15
 -- not entered waiting for time--- 9 : 15
 -- not entered waiting for time--- 9 : 15
 -- not entered waiting for time--- 9 : 15
 -- not entered waiting for time--- 9 : 16
 -- not entered waiting for time--- 9 : 16
 -- not entered waiting for time--- 9 : 16
 -- not entered waiting for time--- 9 : 16
 -- not entered waiting for time--- 9 : 16
 -- not entered waiting for time--- 9 : 16
 -- not entered waiting for time--- 9 : 16
 -- not entered waiting for time--- 9 : 16
 -- not entered waiting for time--- 9 : 16
 -- not entered waiting for time--- 9 : 16
 -- not entered waiting for time--- 9 : 16
 -- not entered waiting for time--- 9 : 16
 -- not entered waiting for time--- 9 : 16
 -- not entered waiting for time--- 9 : 16
 -- not entered waiting for time--- 9 : 16
 -- not entered waiting for time--- 9 : 16
 -- not entered waiting for time--- 9 : 16
 -- not entered waiting for time--- 9 : 16
 -- not entered waiting for time--- 9 : 16
 -- not entered waiting for time--- 9 : 16
 -- not entered waiting for time--- 9 : 16
 -- not entered waiting for time--- 9 : 16
 -- not entered waiting for time--- 9 : 16
 -- not entered waiting for time--- 9 : 16
 -- not entered waiting for time--- 9 : 16
 -- not entered waiting for time--- 9 : 16
 -- not entered waiting for time--- 9 : 16
 -- not entered waiting for time--- 9 : 16
 -- not entered waiting for time--- 9 : 16
 -- not entered waiting for time--- 9 : 16
 -- not entered waiting for time--- 9 : 16
 -- not entered waiting for time--- 9 : 16
 -- not entered waiting for time--- 9 : 16
 -- not entered waiting for time--- 9 : 16
 -- not entered waiting for time--- 9 : 16
 -- not entered waiting for time--- 9 : 16
 -- not entered waiting for time--- 9 : 16
 -- not entered waiting for time--- 9 : 16
 -- not entered waiting for time--- 9 : 16
 -- not entered waiting for time--- 9 : 16
 -- not entered waiting for time--- 9 : 16
 -- not entered waiting for time--- 9 : 16
 -- not entered waiting for time--- 9 : 16
 -- not entered waiting for time--- 9 : 16
 -- not entered waiting for time--- 9 : 16
 -- not entered waiting for time--- 9 : 16
 -- not entered waiting for time--- 9 : 16
 -- not entered waiting for time--- 9 : 16
 -- not entered waiting for time--- 9 : 16
 -- not entered waiting for time--- 9 : 16
 -- not entered waiting for time--- 9 : 16
 -- not entered waiting for time--- 9 : 16
 -- not entered waiting for time--- 9 : 16
 -- not entered waiting for time--- 9 : 16
 -- not entered waiting for time--- 9 : 16
 -- not entered waiting for time--- 9 : 16
 -- not entered waiting for time--- 9 : 16
 -- not entered waiting for time--- 9 : 16
 -- not entered waiting for time--- 9 : 16
 -- not entered waiting for time--- 9 : 16
Waiting for first candle to form. Current Second ==  0    2
Waiting for first candle to form. Current Second ==  1    2
Waiting for first candle to form. Current Second ==  2    2
Waiting for first candle to form. Current Second ==  3    2
Waiting for first candle to form. Current Second ==  4    2
Waiting for first candle to form. Current Second ==  5    2
Waiting for first candle to form. Current Second ==  6    2
Waiting for first candle to form. Current Second ==  7    2
Waiting for first candle to form. Current Second ==  8    2
Waiting for first candle to form. Current Second ==  9    2
Waiting for first candle to form. Current Second ==  10    2
Waiting for first candle to form. Current Second ==  11    2
Waiting for first candle to form. Current Second ==  12    2
Waiting for first candle to form. Current Second ==  13    2
Waiting for first candle to form. Current Second ==  14    2
Waiting for first candle to form. Current Second ==  15    2
Waiting for first candle to form. Current Second ==  16    2
Waiting for first candle to form. Current Second ==  17    2
Waiting for first candle to form. Current Second ==  18    2
Waiting for first candle to form. Current Second ==  19    2
Waiting for first candle to form. Current Second ==  20    2
Waiting for first candle to form. Current Second ==  21    2
Waiting for first candle to form. Current Second ==  22    2
Waiting for first candle to form. Current Second ==  23    2
Waiting for first candle to form. Current Second ==  24    2
Waiting for first candle to form. Current Second ==  25    2
Waiting for first candle to form. Current Second ==  26    2
Waiting for first candle to form. Current Second ==  27    2
Waiting for first candle to form. Current Second ==  28    2
Waiting for first candle to form. Current Second ==  29    2
Waiting for first candle to form. Current Second ==  30    2
Waiting for first candle to form. Current Second ==  31    2
Waiting for first candle to form. Current Second ==  32    2
Waiting for first candle to form. Current Second ==  33    2
Waiting for first candle to form. Current Second ==  34    2
Waiting for first candle to form. Current Second ==  35    2
Waiting for first candle to form. Current Second ==  36    2
Waiting for first candle to form. Current Second ==  37    2
Waiting for first candle to form. Current Second ==  38    2
Waiting for first candle to form. Current Second ==  39    2
Waiting for first candle to form. Current Second ==  40    2
Waiting for first candle to form. Current Second ==  41    2
Waiting for first candle to form. Current Second ==  42    2
Waiting for first candle to form. Current Second ==  43    2
Waiting for first candle to form. Current Second ==  44    2
Waiting for first candle to form. Current Second ==  45    2
Waiting for first candle to form. Current Second ==  46    2
Waiting for first candle to form. Current Second ==  47    2
Waiting for first candle to form. Current Second ==  48    2
Waiting for first candle to form. Current Second ==  49    2
Waiting for first candle to form. Current Second ==  50    2
Waiting for first candle to form. Current Second ==  51    2
Waiting for first candle to form. Current Second ==  52    2
Waiting for first candle to form. Current Second ==  53    2
Waiting for first candle to form. Current Second ==  54    2
Waiting for first candle to form. Current Second ==  55    2
Waiting for first candle to form. Current Second ==  56    2
Waiting for first candle to form. Current Second ==  57    2
Waiting for first candle to form. Current Second ==  58    2
Waiting for first candle to form. Current Second ==  59    2
India VIX = 11.76  Spot Price = 74849.88
VIX_PERCENTILES_FETCHED: P25= 11.04  P50= 11.29  P75= 11.49  Min= 10.48  Max= 11.98
IV Regime = HIGH (ADAPTIVE: P25= 11.04  P50= 11.29  P75= 11.49 ) | DailyRange = 1257.5 | 3minCandleRange = 66.2 (theoretical= 110.3 ) | ATMoptionMove = 29.8 | SL = 104 | Target = 104 | TrailTrigger = 30 | Spread = 300 | Buffer = 53
IV Params refreshed: {'vix': 11.76, 'bn_price': 74849.88, 'regime': 'HIGH', 'regime_thresholds': 'P25=11.04 P50=11.29 P75=11.49', 'daily_range': 1257.5, 'candle_range': 66.2, 'atm_option_move': 29.8, 'sl_point': 104, 'target_point': 104, 'sl_pct_of_premium': 0.1, 'trail_trigger': 30, 'spread_width': 300, 'support_resistance_buffer': 53}
IV_RANK_DATA: VIX_30d_High= 11.98  VIX_30d_Low= 10.48  Current= 11.76  IV_Rank= 0.85
===
====after 3 min ochain==== 2026-09-10 09:18:00.622836
                                    oipcr   choipcr   CE_OI / PE_OI (same strike)
pcr1 =  BSE:SENSEX2691075600PE   0.11   0.0 CALL added 201600   PUT added 700  CE_OI=1518380 PE_OI=160780
pcr2 =  BSE:SENSEX2691075500PE   0.11   0.04 CALL added 514180   PUT added 21440  CE_OI=3074740 PE_OI=344400
pcr3 =  BSE:SENSEX2691075400CE   0.17   0.03 CALL added 142700   PUT added 4660  CE_OI=1283740 PE_OI=222260
pcr4 =  BSE:SENSEX2691075300PE   0.23   -0.02 CALL added 356300   PUT unwind -7580  CE_OI=1926880 PE_OI=434660
pcr5 =  BSE:SENSEX2691075200CE   0.29   0.01 CALL added 400620   PUT added 5340  CE_OI=2185640 PE_OI=639540
pcr6 =  BSE:SENSEX2691075100CE   0.28    0.03 CALL added 353100   PUT added 11400  CE_OI=2220040 PE_OI=627760
pcr7 =  BSE:SENSEX2691075000CE   0.58   0.36 CALL added 777980   PUT added 276260  CE_OI=3277300 PE_OI=1903700
pcr8 =  BSE:SENSEX2691074900PE   0.8   0.68 CALL added 655360   PUT added 448020  CE_OI=1463040 PE_OI=1168340
pcr9 =  BSE:SENSEX2691074800PE   1.32   3.38 CALL added 239880   PUT added 811980  CE_OI=1266920 PE_OI=1675200
pcr10 =  BSE:SENSEX2691074700PE   2.72   3.1 CALL added 216640   PUT added 671320  CE_OI=488180 PE_OI=1328380
pcr11 =  BSE:SENSEX2691074600CE   7.12   7.89 CALL added 69460   PUT added 547800  CE_OI=175420 PE_OI=1249040
pcr12 =  BSE:SENSEX2691074500PE   10.64   12.68 CALL added 62820   PUT added 796740  CE_OI=215300 PE_OI=2291440
pcr13 =  BSE:SENSEX2691074400CE   29.05   28.47 CALL added 12160   PUT added 346220  CE_OI=34700 PE_OI=1008120
pcr14 =  BSE:SENSEX2691074300PE   45.93   22.78 CALL added 9940   PUT added 226480  CE_OI=21800 PE_OI=1001340
pcr15 =  BSE:SENSEX2691074200CE   54.07   23.66 CALL added 7480   PUT added 176980  CE_OI=19040 PE_OI=1029560
pcr16 =  BSE:SENSEX2691074100CE   106.43   534.52 CALL added 660   PUT added 352780  CE_OI=8920 PE_OI=949400
pcr17 =  BSE:SENSEX2691074000PE   68.25   -781.81 CALL unwind -640   PUT added 500360  CE_OI=35220 PE_OI=2403680
PCRSUM== 328.1
pcrSummation== 23.98
VOLPCRSUM== 2.7399999999999998
spotLTP =  74856.96  ATM_STRIKE =  74900
IS_ATM_STRIKE_SHIFT = False  mapStrike = {74900: 74900}
avgOiPcrList2 = [np.float64(19.3)] atmStrikeNotShiftedCount= 1
False   1   1
SUPP_RES=== 75000  Buffer= 53
ANCHOR_COMPARE: spot=74856.96 fut=75248.0 basis(fut-spot)=391.04 | SR_spot(PRIMARY)=75000 SR_future=75000 SR_diff(fut-spot)=0 | PCRwin_spot(PRIMARY)=74900 PCRwin_future=75200
CEoich val =  777980.0  PEoich val =  276260.0 , CE > PE by 64.5%
SUPP_RES TOTAL OI: CE= 3277300  PE= 1903700 , CE > PE by 41.9%
INCR_CHOI: SUPP_RES=75000 role=RESISTANCE first sighting (no prev cycle to diff) | cumulative CE=777980.0 PE=276260.0
FUT_SUPP_RES=== 75000  (FUT_LTP= 75248.0 ) Buffer= 53
FUT CEoich val =  777980.0  PEoich val =  276260.0 , CE > PE by 64.5%
FUT_SUPP_RES TOTAL OI: CE= 3277300  PE= 1903700 , CE > PE by 41.9%
OI_SUPP_RES: spot=74856.96 ATM=74900 (ATM_CE_OI=1463040 ATM_PE_OI=1168340) | SUPPORT=74000PE OI=2403680 (dist=-900) | RESISTANCE=75000CE OI=3277300 (dist=100)
OI_SUPPORT=== 74000
OI_SUPPORT CEoich val = -640.0  PEoich val = 500360.0 , CE < PE by 100.1%
OI_SUPPORT TOTAL OI: CE= 35220  PE= 2403680 , CE < PE by 98.5%
OI_RESISTANCE=== 75000
OI_RESISTANCE CEoich val = 777980.0  PEoich val = 276260.0 , CE > PE by 64.5%
OI_RESISTANCE TOTAL OI: CE= 3277300  PE= 1903700 , CE > PE by 41.9%
IS_MORNING_WINDOW= True  (active 9:15-9:48 IST)
================================================
==== signal check time ==== 2026-09-10 09:18:01.874721
IS_CHOI_DIFF_GT_25PERC== True
RSI_VAL1== 26.8
RSI_VAL2== 26.8
FUT_3m_OHLC O= 75180.0  H= 75276.9  L= 75130.0  C= 75248.0  Range= 146.8
CHART_PATTERN_DETECTED: DOUBLE_TOP_FORMING
  PATTERN_CONTEXT: Body= 68.0  Range= 146.8  ExpectedRange= 66.2  RangeRatio= 2.22  O= 75180.0  H= 75276.9  L= 75130.0  C= 75248.0
newSynthFut =  74900
ATMStrike =  74900
AVG_OIPCR= 2.66
avgoiPCROld=  19.3
SUPP_RES = 75000
FUT LTP = 75248.0
CEchoi  PechOi = 777980.0    276260.0
====================================
AVG_VOLPCR= 0.3
atmPCR= 0.29  belowATM  0.28
atmVolPCR= 0.12  belowATM  0.18
True   75248.0   75000   False   False   26.8
India VIX = 11.67  Spot Price = 74810.56
IV Regime = HIGH (ADAPTIVE: P25= 11.04  P50= 11.29  P75= 11.49 ) | DailyRange = 1247.2 | 3minCandleRange = 65.6 (theoretical= 109.4 ) | ATMoptionMove = 29.5 | SL = 103 | Target = 103 | TrailTrigger = 30 | Spread = 300 | Buffer = 53
IV Params refreshed: {'vix': 11.67, 'bn_price': 74810.56, 'regime': 'HIGH', 'regime_thresholds': 'P25=11.04 P50=11.29 P75=11.49', 'daily_range': 1247.2, 'candle_range': 65.6, 'atm_option_move': 29.5, 'sl_point': 103, 'target_point': 103, 'sl_pct_of_premium': 0.1, 'trail_trigger': 30, 'spread_width': 300, 'support_resistance_buffer': 53}
===
====after 3 min ochain==== 2026-09-10 09:21:00.000001
                                    oipcr   choipcr   CE_OI / PE_OI (same strike)
pcr1 =  BSE:SENSEX2691075600PE   0.1   -0.01 CALL added 327500   PUT unwind -2820  CE_OI=1644280 PE_OI=157260
pcr2 =  BSE:SENSEX2691075500PE   0.1   0.04 CALL added 985980   PUT added 38900  CE_OI=3546540 PE_OI=361860
pcr3 =  BSE:SENSEX2691075400CE   0.13   -0.05 CALL added 343400   PUT unwind -17760  CE_OI=1484440 PE_OI=199840
pcr4 =  BSE:SENSEX2691075300PE   0.19   -0.04 CALL added 621920   PUT unwind -26380  CE_OI=2192500 PE_OI=415860
pcr5 =  BSE:SENSEX2691075200CE   0.26   0.04 CALL added 743940   PUT added 26700  CE_OI=2528960 PE_OI=660900
pcr6 =  BSE:SENSEX2691075100CE   0.26    0.06 CALL added 685240   PUT added 38280  CE_OI=2552180 PE_OI=654640
pcr7 =  BSE:SENSEX2691075000CE   0.58   0.46 CALL added 1535180   PUT added 712740  CE_OI=4034500 PE_OI=2340180
pcr8 =  BSE:SENSEX2691074900PE   0.8   0.75 CALL added 1406160   PUT added 1061140  CE_OI=2213840 PE_OI=1781460
pcr9 =  BSE:SENSEX2691074800PE   1.54   2.47 CALL added 773140   PUT added 1911020  CE_OI=1800180 PE_OI=2774240
pcr10 =  BSE:SENSEX2691074700PE   3.61   4.57 CALL added 337320   PUT added 1540440  CE_OI=608860 PE_OI=2197500
pcr11 =  BSE:SENSEX2691074600CE   9.23   12.02 CALL added 99180   PUT added 1192000  CE_OI=205140 PE_OI=1893240
pcr12 =  BSE:SENSEX2691074500PE   11.47   13.16 CALL added 149440   PUT added 1966880  CE_OI=301920 PE_OI=3461580
pcr13 =  BSE:SENSEX2691074400CE   31.16   32.73 CALL added 25880   PUT added 847000  CE_OI=48420 PE_OI=1508900
pcr14 =  BSE:SENSEX2691074300PE   40.62   26.96 CALL added 21460   PUT added 578520  CE_OI=33320 PE_OI=1353380
pcr15 =  BSE:SENSEX2691074200CE   63.56   51.75 CALL added 9980   PUT added 516460  CE_OI=21540 PE_OI=1369040
pcr16 =  BSE:SENSEX2691074100CE   108.4   215.11 CALL added 2800   PUT added 602300  CE_OI=11060 PE_OI=1198920
pcr17 =  BSE:SENSEX2691074000PE   85.76   -685.3 CALL unwind -1520   PUT added 1041660  CE_OI=34340 PE_OI=2944980
PCRSUM== 357.77
pcrSummation== 58.91
VOLPCRSUM== 2.91
spotLTP =  74810.56  ATM_STRIKE =  74800
IS_ATM_STRIKE_SHIFT = True  mapStrike = {74800: 74800}
avgOiPcrList2 = [np.float64(21.05)] atmStrikeNotShiftedCount= 1
True   1   1
SUPP_RES=== 75000  Buffer= 53
ANCHOR_COMPARE: spot=74810.56 fut=75205.85 basis(fut-spot)=395.29 | SR_spot(PRIMARY)=75000 SR_future=75000 SR_diff(fut-spot)=0 | PCRwin_spot(PRIMARY)=74800 PCRwin_future=75200
CEoich val =  1535180.0  PEoich val =  712740.0 , CE > PE by 53.6%
SUPP_RES TOTAL OI: CE= 4034500  PE= 2340180 , CE > PE by 42.0%
INCR_CHOI: SUPP_RES=75000 role=RESISTANCE fresh_CE=757200 fresh_PE=436480 -> CE_dominant by 42.4% (resistance HOLDING (bearish)) | cumulative CE=1535180.0 PE=712740.0
FUT_SUPP_RES=== 75000  (FUT_LTP= 75205.85 ) Buffer= 53
FUT CEoich val =  1535180.0  PEoich val =  712740.0 , CE > PE by 53.6%
FUT_SUPP_RES TOTAL OI: CE= 4034500  PE= 2340180 , CE > PE by 42.0%
OI_SUPP_RES: spot=74810.56 ATM=74800 (ATM_CE_OI=1800180 ATM_PE_OI=2774240) | SUPPORT=74500PE OI=3461580 (dist=-300) | RESISTANCE=75000CE OI=4034500 (dist=200)
OI_SUPPORT=== 74500
OI_SUPPORT CEoich val = 149440.0  PEoich val = 1966880.0 , CE < PE by 92.4%
OI_SUPPORT TOTAL OI: CE= 301920  PE= 3461580 , CE < PE by 91.3%
OI_RESISTANCE=== 75000
OI_RESISTANCE CEoich val = 1535180.0  PEoich val = 712740.0 , CE > PE by 53.6%
OI_RESISTANCE TOTAL OI: CE= 4034500  PE= 2340180 , CE > PE by 42.0%
IS_MORNING_WINDOW= True  (active 9:15-9:48 IST)
================================================
==== signal check time ==== 2026-09-10 09:21:00.649026
IS_CHOI_DIFF_GT_25PERC== True
RSI_VAL1== 23.75
RSI_VAL2== 23.75
FUT_3m_OHLC O= 75248.0  H= 75290.0  L= 75205.8  C= 75205.8  Range= 84.1
CHART_PATTERN_DETECTED: DOUBLE_TOP_FORMING
  PATTERN_CONTEXT: Body= -42.1  Range= 84.1  ExpectedRange= 65.6  RangeRatio= 1.28  O= 75248.0  H= 75290.0  L= 75205.8  C= 75205.8
newSynthFut =  74800
ATMStrike =  74800
AVG_OIPCR= 6.55
avgoiPCROld=  21.05
SUPP_RES = 75000
FUT LTP = 75205.85
CEchoi  PechOi = 1535180.0    712740.0
====================================
AVG_VOLPCR= 0.32
atmPCR= 0.26  belowATM  0.26
atmVolPCR= 0.11  belowATM  0.17
True   75205.85   75000   False   False   23.75
India VIX = 11.75  Spot Price = 74723.12
IV Regime = HIGH (ADAPTIVE: P25= 11.04  P50= 11.29  P75= 11.49 ) | DailyRange = 1254.3 | 3minCandleRange = 66.0 (theoretical= 110.0 ) | ATMoptionMove = 29.7 | SL = 104 | Target = 104 | TrailTrigger = 30 | Spread = 300 | Buffer = 53
IV Params refreshed: {'vix': 11.75, 'bn_price': 74723.12, 'regime': 'HIGH', 'regime_thresholds': 'P25=11.04 P50=11.29 P75=11.49', 'daily_range': 1254.3, 'candle_range': 66.0, 'atm_option_move': 29.7, 'sl_point': 104, 'target_point': 104, 'sl_pct_of_premium': 0.1, 'trail_trigger': 30, 'spread_width': 300, 'support_resistance_buffer': 53}
===
====after 3 min ochain==== 2026-09-10 09:24:00.000002
                                    oipcr   choipcr   CE_OI / PE_OI (same strike)
pcr1 =  BSE:SENSEX2691075500PE   0.09   0.01 CALL added 1397860   PUT added 13760  CE_OI=3958420 PE_OI=336720
pcr2 =  BSE:SENSEX2691075400CE   0.11   -0.07 CALL added 542040   PUT unwind -35380  CE_OI=1683080 PE_OI=182220
pcr3 =  BSE:SENSEX2691075300PE   0.17   -0.04 CALL added 890940   PUT unwind -32120  CE_OI=2461520 PE_OI=410120
pcr4 =  BSE:SENSEX2691075200CE   0.23   0.02 CALL added 1081140   PUT added 22940  CE_OI=2866160 PE_OI=657140
pcr5 =  BSE:SENSEX2691075100CE   0.25   0.1 CALL added 1017620   PUT added 102080  CE_OI=2884560 PE_OI=718440
pcr6 =  BSE:SENSEX2691075000CE   0.52    0.37 CALL added 2240380   PUT added 836840  CE_OI=4739700 PE_OI=2464280
pcr7 =  BSE:SENSEX2691074900PE   0.74   0.68 CALL added 2237820   PUT added 1531920  CE_OI=3045500 PE_OI=2252240
pcr8 =  BSE:SENSEX2691074800PE   1.96   3.44 CALL added 773140   PUT added 2657400  CE_OI=1800180 PE_OI=3520620
pcr9 =  BSE:SENSEX2691074700PE   3.78   4.63 CALL added 432820   PUT added 2003860  CE_OI=704360 PE_OI=2660920
pcr10 =  BSE:SENSEX2691074600CE   8.29   9.37 CALL added 164980   PUT added 1545040  CE_OI=270940 PE_OI=2246280
pcr11 =  BSE:SENSEX2691074500PE   12.17   14.0 CALL added 196580   PUT added 2752720  CE_OI=349060 PE_OI=4247420
pcr12 =  BSE:SENSEX2691074400CE   28.03   27.31 CALL added 41800   PUT added 1141400  CE_OI=64340 PE_OI=1803300
pcr13 =  BSE:SENSEX2691074300PE   45.47   35.38 CALL added 23340   PUT added 825740  CE_OI=35200 PE_OI=1600600
pcr14 =  BSE:SENSEX2691074200CE   47.8   30.24 CALL added 17080   PUT added 516460  CE_OI=28640 PE_OI=1369040
pcr15 =  BSE:SENSEX2691074100CE   91.85   118.07 CALL added 6180   PUT added 729700  CE_OI=14440 PE_OI=1326320
pcr16 =  BSE:SENSEX2691074000PE   102.63   -2175.41 CALL unwind -780   PUT added 1696820  CE_OI=35080 PE_OI=3600140
pcr17 =  BSE:SENSEX2691073900PE   171.51   553.33 CALL added 860   PUT added 475860  CE_OI=5380 PE_OI=922720
PCRSUM== 515.6
pcrSummation== 101.21
VOLPCRSUM== 5.75
spotLTP =  74723.12  ATM_STRIKE =  74700
IS_ATM_STRIKE_SHIFT = True  mapStrike = {74700: 74700}
avgOiPcrList2 = [np.float64(30.33)] atmStrikeNotShiftedCount= 1
True   1   1
SUPP_RES=== 74500  Buffer= 53
ANCHOR_COMPARE: spot=74723.12 fut=75126.3 basis(fut-spot)=403.18 | SR_spot(PRIMARY)=74500 SR_future=75000 SR_diff(fut-spot)=500 | PCRwin_spot(PRIMARY)=74700 PCRwin_future=75100
CEoich val =  196580.0  PEoich val =  2752720.0 , CE < PE by 92.9%
SUPP_RES TOTAL OI: CE= 349060  PE= 4247420 , CE < PE by 91.8%
INCR_CHOI: SUPP_RES=74500 role=SUPPORT first sighting (no prev cycle to diff) | cumulative CE=196580.0 PE=2752720.0
FUT_SUPP_RES=== 75000  (FUT_LTP= 75126.3 ) Buffer= 53
FUT CEoich val =  2240380.0  PEoich val =  836840.0 , CE > PE by 62.6%
FUT_SUPP_RES TOTAL OI: CE= 4739700  PE= 2464280 , CE > PE by 48.0%
OI_SUPP_RES: spot=74723.12 ATM=74700 (ATM_CE_OI=704360 ATM_PE_OI=2660920) | SUPPORT=74500PE OI=4247420 (dist=-200) | RESISTANCE=75000CE OI=4739700 (dist=300)
OI_SUPPORT=== 74500
OI_SUPPORT CEoich val = 196580.0  PEoich val = 2752720.0 , CE < PE by 92.9%
OI_SUPPORT TOTAL OI: CE= 349060  PE= 4247420 , CE < PE by 91.8%
OI_RESISTANCE=== 75000
OI_RESISTANCE CEoich val = 2240380.0  PEoich val = 836840.0 , CE > PE by 62.6%
OI_RESISTANCE TOTAL OI: CE= 4739700  PE= 2464280 , CE > PE by 48.0%
IS_MORNING_WINDOW= True  (active 9:15-9:48 IST)
================================================
==== signal check time ==== 2026-09-10 09:24:00.627018
IS_CHOI_DIFF_GT_25PERC== True
RSI_VAL1== 19.28
RSI_VAL2== 19.28
FUT_3m_OHLC O= 75268.0  H= 75268.0  L= 75119.4  C= 75126.3  Range= 148.6
CHART_PATTERN_DETECTED: DOUBLE_TOP_FORMING | DOUBLE_BOTTOM_FORMING | STRONG_MOMENTUM_BEAR
  PATTERN_CONTEXT: Body= -141.7  Range= 148.6  ExpectedRange= 66.0  RangeRatio= 2.25  O= 75268.0  H= 75268.0  L= 75119.4  C= 75126.3
newSynthFut =  74700
ATMStrike =  74700
AVG_OIPCR= 11.25
avgoiPCROld=  30.33
SUPP_RES = 74500
FUT LTP = 75126.3
CEchoi  PechOi = 196580.0    2752720.0
====================================
AVG_VOLPCR= 0.64
atmPCR= 0.25  belowATM  0.52
atmVolPCR= 0.18  belowATM  0.4
True   75126.3   74500   False   False   19.28
India VIX = 11.75  Spot Price = 74750.85
IV Regime = HIGH (ADAPTIVE: P25= 11.04  P50= 11.29  P75= 11.49 ) | DailyRange = 1254.7 | 3minCandleRange = 66.0 (theoretical= 110.0 ) | ATMoptionMove = 29.7 | SL = 104 | Target = 104 | TrailTrigger = 30 | Spread = 300 | Buffer = 53
IV Params refreshed: {'vix': 11.75, 'bn_price': 74750.85, 'regime': 'HIGH', 'regime_thresholds': 'P25=11.04 P50=11.29 P75=11.49', 'daily_range': 1254.7, 'candle_range': 66.0, 'atm_option_move': 29.7, 'sl_point': 104, 'target_point': 104, 'sl_pct_of_premium': 0.1, 'trail_trigger': 30, 'spread_width': 300, 'support_resistance_buffer': 53}
===
====after 3 min ochain==== 2026-09-10 09:27:00.000002
                                    oipcr   choipcr   CE_OI / PE_OI (same strike)
pcr1 =  BSE:SENSEX2691075600PE   0.08   -0.01 CALL added 591080   PUT unwind -7100  CE_OI=1907860 PE_OI=152980
pcr2 =  BSE:SENSEX2691075500PE   0.07   -0.01 CALL added 1668720   PUT unwind -14200  CE_OI=4229280 PE_OI=308760
pcr3 =  BSE:SENSEX2691075400CE   0.09   -0.08 CALL added 648220   PUT unwind -50580  CE_OI=1789260 PE_OI=167020
pcr4 =  BSE:SENSEX2691075300PE   0.15   -0.04 CALL added 1049620   PUT unwind -43060  CE_OI=2620200 PE_OI=399180
pcr5 =  BSE:SENSEX2691075200CE   0.19   0.01 CALL added 1523200   PUT added 8940  CE_OI=3308220 PE_OI=643140
pcr6 =  BSE:SENSEX2691075100CE   0.21    0.05 CALL added 1339440   PUT added 71560  CE_OI=3206380 PE_OI=687920
pcr7 =  BSE:SENSEX2691075000CE   0.39   0.18 CALL added 3123460   PUT added 570860  CE_OI=5622780 PE_OI=2198300
pcr8 =  BSE:SENSEX2691074900PE   0.53   0.42 CALL added 2667980   PUT added 1121220  CE_OI=3475660 PE_OI=1841540
pcr9 =  BSE:SENSEX2691074800PE   1.07   1.19 CALL added 1968980   PUT added 2348640  CE_OI=2996020 PE_OI=3211860
pcr10 =  BSE:SENSEX2691074700PE   2.26   2.21 CALL added 862540   PUT added 1907160  CE_OI=1134080 PE_OI=2564220
pcr11 =  BSE:SENSEX2691074600CE   5.52   5.11 CALL added 288700   PUT added 1475440  CE_OI=394660 PE_OI=2176680
pcr12 =  BSE:SENSEX2691074500PE   8.57   8.03 CALL added 347320   PUT added 2788820  CE_OI=499800 PE_OI=4283520
pcr13 =  BSE:SENSEX2691074400CE   21.08   18.26 CALL added 66240   PUT added 1209740  CE_OI=88780 PE_OI=1871640
pcr14 =  BSE:SENSEX2691074300PE   34.76   24.98 CALL added 37100   PUT added 926760  CE_OI=48960 PE_OI=1701620
pcr15 =  BSE:SENSEX2691074200CE   39.38   26.27 CALL added 30300   PUT added 795840  CE_OI=41860 PE_OI=1648420
pcr16 =  BSE:SENSEX2691074100CE   90.7   113.33 CALL added 6740   PUT added 763820  CE_OI=15000 PE_OI=1360440
pcr17 =  BSE:SENSEX2691074000PE   76.91   144.21 CALL added 12700   PUT added 1831520  CE_OI=48560 PE_OI=3734840
PCRSUM== 281.96
pcrSummation== 39.82
VOLPCRSUM== 3.09
spotLTP =  74750.85  ATM_STRIKE =  74800
IS_ATM_STRIKE_SHIFT = True  mapStrike = {74800: 74800}
avgOiPcrList2 = [np.float64(16.59)] atmStrikeNotShiftedCount= 1
True   1   1
SUPP_RES=== 75000  Buffer= 53
ANCHOR_COMPARE: spot=74750.85 fut=75160.0 basis(fut-spot)=409.15 | SR_spot(PRIMARY)=75000 SR_future=75000 SR_diff(fut-spot)=0 | PCRwin_spot(PRIMARY)=74800 PCRwin_future=75200
CEoich val =  3123460.0  PEoich val =  570860.0 , CE > PE by 81.7%
SUPP_RES TOTAL OI: CE= 5622780  PE= 2198300 , CE > PE by 60.9%
INCR_CHOI: SUPP_RES=75000 role=RESISTANCE fresh_CE=1588280 fresh_PE=-141880 -> CE_dominant by 108.9% (resistance HOLDING (bearish)) | cumulative CE=3123460.0 PE=570860.0
FUT_SUPP_RES=== 75000  (FUT_LTP= 75160.0 ) Buffer= 53
FUT CEoich val =  3123460.0  PEoich val =  570860.0 , CE > PE by 81.7%
FUT_SUPP_RES TOTAL OI: CE= 5622780  PE= 2198300 , CE > PE by 60.9%
OI_SUPP_RES: spot=74750.85 ATM=74800 (ATM_CE_OI=2996020 ATM_PE_OI=3211860) | SUPPORT=74500PE OI=4283520 (dist=-300) | RESISTANCE=75000CE OI=5622780 (dist=200)
OI_SUPPORT=== 74500
OI_SUPPORT CEoich val = 347320.0  PEoich val = 2788820.0 , CE < PE by 87.5%
OI_SUPPORT TOTAL OI: CE= 499800  PE= 4283520 , CE < PE by 88.3%
OI_RESISTANCE=== 75000
OI_RESISTANCE CEoich val = 3123460.0  PEoich val = 570860.0 , CE > PE by 81.7%
OI_RESISTANCE TOTAL OI: CE= 5622780  PE= 2198300 , CE > PE by 60.9%
IS_MORNING_WINDOW= True  (active 9:15-9:48 IST)
================================================
==== signal check time ==== 2026-09-10 09:27:00.626746
IS_CHOI_DIFF_GT_25PERC== True
RSI_VAL1== 25.66
RSI_VAL2== 25.66
FUT_3m_OHLC O= 75189.4  H= 75189.4  L= 75160.0  C= 75160.0  Range= 29.4
CHART_PATTERN_DETECTED: INSIDE_BAR | DOUBLE_BOTTOM_FORMING
  PATTERN_CONTEXT: Body= -29.4  Range= 29.4  ExpectedRange= 66.0  RangeRatio= 0.45  O= 75189.4  H= 75189.4  L= 75160.0  C= 75160.0
newSynthFut =  74800
ATMStrike =  74800
AVG_OIPCR= 4.42
avgoiPCROld=  16.59
SUPP_RES = 75000
FUT LTP = 75160.0
CEchoi  PechOi = 3123460.0    570860.0
====================================
AVG_VOLPCR= 0.34
atmPCR= 0.19  belowATM  0.21
atmVolPCR= 0.11  belowATM  0.19
True   75160.0   75000   False   False   25.66
India VIX = 11.69  Spot Price = 74783.35
IV Regime = HIGH (ADAPTIVE: P25= 11.04  P50= 11.29  P75= 11.49 ) | DailyRange = 1248.9 | 3minCandleRange = 65.7 (theoretical= 109.5 ) | ATMoptionMove = 29.6 | SL = 104 | Target = 104 | TrailTrigger = 30 | Spread = 300 | Buffer = 53
IV Params refreshed: {'vix': 11.69, 'bn_price': 74783.35, 'regime': 'HIGH', 'regime_thresholds': 'P25=11.04 P50=11.29 P75=11.49', 'daily_range': 1248.9, 'candle_range': 65.7, 'atm_option_move': 29.6, 'sl_point': 104, 'target_point': 104, 'sl_pct_of_premium': 0.1, 'trail_trigger': 30, 'spread_width': 300, 'support_resistance_buffer': 53}
===
====after 3 min ochain==== 2026-09-10 09:30:00.000003
                                    oipcr   choipcr   CE_OI / PE_OI (same strike)
pcr1 =  BSE:SENSEX2691075600PE   0.06   -0.04 CALL added 793860   PUT unwind -35300  CE_OI=2110640 PE_OI=124780
pcr2 =  BSE:SENSEX2691075500PE   0.07   -0.01 CALL added 1756460   PUT unwind -15620  CE_OI=4317020 PE_OI=307340
pcr3 =  BSE:SENSEX2691075400CE   0.08   -0.08 CALL added 748420   PUT unwind -57080  CE_OI=1889460 PE_OI=160520
pcr4 =  BSE:SENSEX2691075300PE   0.14   -0.05 CALL added 1139820   PUT unwind -53980  CE_OI=2710400 PE_OI=388260
pcr5 =  BSE:SENSEX2691075200CE   0.18   0.01 CALL added 1794020   PUT added 21500  CE_OI=3579040 PE_OI=655700
pcr6 =  BSE:SENSEX2691075100CE   0.21    0.06 CALL added 1510960   PUT added 89500  CE_OI=3377900 PE_OI=705860
pcr7 =  BSE:SENSEX2691075000CE   0.33   0.12 CALL added 3808200   PUT added 458740  CE_OI=6307520 PE_OI=2086180
pcr8 =  BSE:SENSEX2691074900PE   0.48   0.36 CALL added 2719320   PUT added 984580  CE_OI=3527000 PE_OI=1704900
pcr9 =  BSE:SENSEX2691074800PE   1.05   1.14 CALL added 2391420   PUT added 2730540  CE_OI=3418460 PE_OI=3593760
pcr10 =  BSE:SENSEX2691074700PE   2.26   2.22 CALL added 1160420   PUT added 2579360  CE_OI=1431960 PE_OI=3236420
pcr11 =  BSE:SENSEX2691074600CE   5.67   5.38 CALL added 349880   PUT added 1883280  CE_OI=455840 PE_OI=2584520
pcr12 =  BSE:SENSEX2691074500PE   9.27   9.03 CALL added 344360   PUT added 3108720  CE_OI=496840 PE_OI=4603420
pcr13 =  BSE:SENSEX2691074400CE   21.34   19.08 CALL added 80120   PUT added 1528840  CE_OI=102660 PE_OI=2190740
pcr14 =  BSE:SENSEX2691074300PE   30.04   22.12 CALL added 52820   PUT added 1168220  CE_OI=64680 PE_OI=1943080
pcr15 =  BSE:SENSEX2691074200CE   36.16   24.0 CALL added 35760   PUT added 858320  CE_OI=47320 PE_OI=1710900
pcr16 =  BSE:SENSEX2691074100CE   98.71   129.42 CALL added 7120   PUT added 921500  CE_OI=15380 PE_OI=1518120
pcr17 =  BSE:SENSEX2691074000PE   80.81   158.39 CALL added 12820   PUT added 2030540  CE_OI=48680 PE_OI=3933860
PCRSUM== 286.86
pcrSummation== 40.79
VOLPCRSUM== 2.95
spotLTP =  74783.09  ATM_STRIKE =  74800
IS_ATM_STRIKE_SHIFT = False  mapStrike = {74800: 74800}
avgOiPcrList2 = [np.float64(16.59), np.float64(16.87)] atmStrikeNotShiftedCount= 2
False   2   2
SUPP_RES=== 75000  Buffer= 53
ANCHOR_COMPARE: spot=74783.09 fut=75176.5 basis(fut-spot)=393.41 | SR_spot(PRIMARY)=75000 SR_future=75000 SR_diff(fut-spot)=0 | PCRwin_spot(PRIMARY)=74800 PCRwin_future=75200
CEoich val =  3808200.0  PEoich val =  458740.0 , CE > PE by 88.0%
SUPP_RES TOTAL OI: CE= 6307520  PE= 2086180 , CE > PE by 66.9%
INCR_CHOI: SUPP_RES=75000 role=RESISTANCE fresh_CE=684740 fresh_PE=-112120 -> CE_dominant by 116.4% (resistance HOLDING (bearish)) | cumulative CE=3808200.0 PE=458740.0
FUT_SUPP_RES=== 75000  (FUT_LTP= 75176.5 ) Buffer= 53
FUT CEoich val =  3808200.0  PEoich val =  458740.0 , CE > PE by 88.0%
FUT_SUPP_RES TOTAL OI: CE= 6307520  PE= 2086180 , CE > PE by 66.9%
OI_SUPP_RES: spot=74783.09 ATM=74800 (ATM_CE_OI=3418460 ATM_PE_OI=3593760) | SUPPORT=74500PE OI=4603420 (dist=-300) | RESISTANCE=75000CE OI=6307520 (dist=200)
OI_SUPPORT=== 74500
OI_SUPPORT CEoich val = 344360.0  PEoich val = 3108720.0 , CE < PE by 88.9%
OI_SUPPORT TOTAL OI: CE= 496840  PE= 4603420 , CE < PE by 89.2%
OI_RESISTANCE=== 75000
OI_RESISTANCE CEoich val = 3808200.0  PEoich val = 458740.0 , CE > PE by 88.0%
OI_RESISTANCE TOTAL OI: CE= 6307520  PE= 2086180 , CE > PE by 66.9%
IS_MORNING_WINDOW= True  (active 9:15-9:48 IST)
================================================
==== signal check time ==== 2026-09-10 09:30:00.692190
IS_CHOI_DIFF_GT_25PERC== True
RSI_VAL1== 28.63
RSI_VAL2== 28.63
FUT_3m_OHLC O= 75161.0  H= 75200.0  L= 75161.0  C= 75176.5  Range= 39.0
CHART_PATTERN: None
newSynthFut =  74800
ATMStrike =  74800
AVG_OIPCR= 4.53
avgoiPCROld=  16.87
SUPP_RES = 75000
FUT LTP = 75176.5
CEchoi  PechOi = 3808200.0    458740.0
====================================
AVG_VOLPCR= 0.33
atmPCR= 0.18  belowATM  0.21
atmVolPCR= 0.11  belowATM  0.19
True   75176.5   75000   False   False   28.63
India VIX = 11.76  Spot Price = 74726.41
IV Regime = HIGH (ADAPTIVE: P25= 11.04  P50= 11.29  P75= 11.49 ) | DailyRange = 1255.4 | 3minCandleRange = 66.1 (theoretical= 110.1 ) | ATMoptionMove = 29.7 | SL = 104 | Target = 104 | TrailTrigger = 30 | Spread = 300 | Buffer = 53
IV Params refreshed: {'vix': 11.76, 'bn_price': 74726.41, 'regime': 'HIGH', 'regime_thresholds': 'P25=11.04 P50=11.29 P75=11.49', 'daily_range': 1255.4, 'candle_range': 66.1, 'atm_option_move': 29.7, 'sl_point': 104, 'target_point': 104, 'sl_pct_of_premium': 0.1, 'trail_trigger': 30, 'spread_width': 300, 'support_resistance_buffer': 53}
===
====after 3 min ochain==== 2026-09-10 09:33:00.015724
                                    oipcr   choipcr   CE_OI / PE_OI (same strike)
pcr1 =  BSE:SENSEX2691075500PE   0.07   -0.01 CALL added 1843400   PUT unwind -9960  CE_OI=4403960 PE_OI=313000
pcr2 =  BSE:SENSEX2691075400CE   0.08   -0.07 CALL added 819620   PUT unwind -58760  CE_OI=1960660 PE_OI=158840
pcr3 =  BSE:SENSEX2691075300PE   0.14   -0.06 CALL added 1125080   PUT unwind -63460  CE_OI=2695660 PE_OI=378780
pcr4 =  BSE:SENSEX2691075200CE   0.17   0.0 CALL added 1938760   PUT added 820  CE_OI=3723780 PE_OI=635020
pcr5 =  BSE:SENSEX2691075100CE   0.19   0.04 CALL added 1587200   PUT added 57060  CE_OI=3454140 PE_OI=673420
pcr6 =  BSE:SENSEX2691075000CE   0.31    0.11 CALL added 4109860   PUT added 432820  CE_OI=6609180 PE_OI=2060260
pcr7 =  BSE:SENSEX2691074900PE   0.46   0.34 CALL added 2862820   PUT added 961260  CE_OI=3670500 PE_OI=1681580
pcr8 =  BSE:SENSEX2691074800PE   0.94   0.98 CALL added 2842180   PUT added 2781360  CE_OI=3869220 PE_OI=3644580
pcr9 =  BSE:SENSEX2691074700PE   1.99   1.91 CALL added 1399460   PUT added 2667240  CE_OI=1671000 PE_OI=3324300
pcr10 =  BSE:SENSEX2691074600CE   5.29   4.95 CALL added 412940   PUT added 2045800  CE_OI=518900 PE_OI=2747040
pcr11 =  BSE:SENSEX2691074500PE   8.13   7.54 CALL added 426860   PUT added 3217020  CE_OI=579340 PE_OI=4711720
pcr12 =  BSE:SENSEX2691074400CE   18.79   16.32 CALL added 96240   PUT added 1570480  CE_OI=118780 PE_OI=2232380
pcr13 =  BSE:SENSEX2691074300PE   32.93   25.28 CALL added 50260   PUT added 1270640  CE_OI=62120 PE_OI=2045500
pcr14 =  BSE:SENSEX2691074200CE   35.93   25.19 CALL added 40700   PUT added 1025280  CE_OI=52260 PE_OI=1877860
pcr15 =  BSE:SENSEX2691074100CE   93.63   114.78 CALL added 8360   PUT added 959560  CE_OI=16620 PE_OI=1556180
pcr16 =  BSE:SENSEX2691074000PE   79.42   141.57 CALL added 15200   PUT added 2151860  CE_OI=51060 PE_OI=4055180
pcr17 =  BSE:SENSEX2691073900PE   244.56   2181.47 CALL added 340   PUT added 741700  CE_OI=4860 PE_OI=1188560
PCRSUM== 523.03
pcrSummation== 69.03
VOLPCRSUM== 5.449999999999999
spotLTP =  74728.13  ATM_STRIKE =  74700
IS_ATM_STRIKE_SHIFT = True  mapStrike = {74700: 74700}
avgOiPcrList2 = [np.float64(30.77)] atmStrikeNotShiftedCount= 1
True   1   1
SUPP_RES=== 74500  Buffer= 53
ANCHOR_COMPARE: spot=74728.13 fut=75130.1 basis(fut-spot)=401.97 | SR_spot(PRIMARY)=74500 SR_future=75000 SR_diff(fut-spot)=500 | PCRwin_spot(PRIMARY)=74700 PCRwin_future=75100
CEoich val =  426860.0  PEoich val =  3217020.0 , CE < PE by 86.7%
SUPP_RES TOTAL OI: CE= 579340  PE= 4711720 , CE < PE by 87.7%
INCR_CHOI: SUPP_RES=74500 role=SUPPORT fresh_CE=230280 fresh_PE=464300 -> PE_dominant by 50.4% (support HOLDING (bullish)) | cumulative CE=426860.0 PE=3217020.0
FUT_SUPP_RES=== 75000  (FUT_LTP= 75130.1 ) Buffer= 53
FUT CEoich val =  4109860.0  PEoich val =  432820.0 , CE > PE by 89.5%
FUT_SUPP_RES TOTAL OI: CE= 6609180  PE= 2060260 , CE > PE by 68.8%
OI_SUPP_RES: spot=74728.13 ATM=74700 (ATM_CE_OI=1671000 ATM_PE_OI=3324300) | SUPPORT=74500PE OI=4711720 (dist=-200) | RESISTANCE=75000CE OI=6609180 (dist=300)
OI_SUPPORT=== 74500
OI_SUPPORT CEoich val = 426860.0  PEoich val = 3217020.0 , CE < PE by 86.7%
OI_SUPPORT TOTAL OI: CE= 579340  PE= 4711720 , CE < PE by 87.7%
OI_RESISTANCE=== 75000
OI_RESISTANCE CEoich val = 4109860.0  PEoich val = 432820.0 , CE > PE by 89.5%
OI_RESISTANCE TOTAL OI: CE= 6609180  PE= 2060260 , CE > PE by 68.8%
IS_MORNING_WINDOW= True  (active 9:15-9:48 IST)
================================================
==== signal check time ==== 2026-09-10 09:33:00.653468
IS_CHOI_DIFF_GT_25PERC== True
RSI_VAL1== 25.54
RSI_VAL2== 25.54
FUT_3m_OHLC O= 75209.4  H= 75209.4  L= 75119.2  C= 75130.1  Range= 90.1
CHART_PATTERN_DETECTED: BEARISH_ENGULFING | OUTSIDE_BAR | DOUBLE_BOTTOM_FORMING | STRONG_MOMENTUM_BEAR
  PATTERN_CONTEXT: Body= -79.3  Range= 90.1  ExpectedRange= 66.1  RangeRatio= 1.36  O= 75209.4  H= 75209.4  L= 75119.2  C= 75130.1
newSynthFut =  74700
ATMStrike =  74700
AVG_OIPCR= 7.67
avgoiPCROld=  30.77
SUPP_RES = 74500
FUT LTP = 75130.1
CEchoi  PechOi = 426860.0    3217020.0
====================================
AVG_VOLPCR= 0.61
atmPCR= 0.19  belowATM  0.31
atmVolPCR= 0.19  belowATM  0.37
True   75130.1   74500   False   False   25.54
India VIX = 11.75  Spot Price = 74753.39
IV Regime = HIGH (ADAPTIVE: P25= 11.04  P50= 11.29  P75= 11.49 ) | DailyRange = 1254.8 | 3minCandleRange = 66.0 (theoretical= 110.1 ) | ATMoptionMove = 29.7 | SL = 104 | Target = 104 | TrailTrigger = 30 | Spread = 300 | Buffer = 53
IV Params refreshed: {'vix': 11.75, 'bn_price': 74753.39, 'regime': 'HIGH', 'regime_thresholds': 'P25=11.04 P50=11.29 P75=11.49', 'daily_range': 1254.8, 'candle_range': 66.0, 'atm_option_move': 29.7, 'sl_point': 104, 'target_point': 104, 'sl_pct_of_premium': 0.1, 'trail_trigger': 30, 'spread_width': 300, 'support_resistance_buffer': 53}
===
====after 3 min ochain==== 2026-09-10 09:36:00.027744
                                    oipcr   choipcr   CE_OI / PE_OI (same strike)
pcr1 =  BSE:SENSEX2691075600PE   0.05   -0.06 CALL added 907940   PUT unwind -50080  CE_OI=2224720 PE_OI=110000
pcr2 =  BSE:SENSEX2691075500PE   0.07   -0.0 CALL added 1941000   PUT unwind -4760  CE_OI=4501560 PE_OI=318200
pcr3 =  BSE:SENSEX2691075400CE   0.08   -0.07 CALL added 880200   PUT unwind -60240  CE_OI=2021240 PE_OI=157360
pcr4 =  BSE:SENSEX2691075300PE   0.14   -0.05 CALL added 1139940   PUT unwind -60700  CE_OI=2710520 PE_OI=381540
pcr5 =  BSE:SENSEX2691075200CE   0.17   0.0 CALL added 2074840   PUT added 5120  CE_OI=3859860 PE_OI=639320
pcr6 =  BSE:SENSEX2691075100CE   0.2    0.05 CALL added 1658420   PUT added 82040  CE_OI=3525360 PE_OI=698400
pcr7 =  BSE:SENSEX2691075000CE   0.31   0.12 CALL added 4386060   PUT added 523740  CE_OI=6885380 PE_OI=2151180
pcr8 =  BSE:SENSEX2691074900PE   0.47   0.35 CALL added 2937900   PUT added 1021900  CE_OI=3745580 PE_OI=1742220
pcr9 =  BSE:SENSEX2691074800PE   0.91   0.93 CALL added 3090340   PUT added 2869740  CE_OI=4117380 PE_OI=3732960
pcr10 =  BSE:SENSEX2691074700PE   1.99   1.91 CALL added 1503980   PUT added 2873420  CE_OI=1775520 PE_OI=3530480
pcr11 =  BSE:SENSEX2691074600CE   5.24   4.91 CALL added 448620   PUT added 2203560  CE_OI=554580 PE_OI=2904800
pcr12 =  BSE:SENSEX2691074500PE   8.36   7.85 CALL added 435480   PUT added 3418120  CE_OI=587960 PE_OI=4912820
pcr13 =  BSE:SENSEX2691074400CE   18.41   16.02 CALL added 103300   PUT added 1655280  CE_OI=125840 PE_OI=2317180
pcr14 =  BSE:SENSEX2691074300PE   27.8   20.93 CALL added 64740   PUT added 1355000  CE_OI=76600 PE_OI=2129860
pcr15 =  BSE:SENSEX2691074200CE   35.68   25.22 CALL added 42060   PUT added 1060820  CE_OI=53620 PE_OI=1913400
pcr16 =  BSE:SENSEX2691074100CE   90.91   108.32 CALL added 8860   PUT added 959700  CE_OI=17120 PE_OI=1556320
pcr17 =  BSE:SENSEX2691074000PE   74.41   114.83 CALL added 18920   PUT added 2172640  CE_OI=54780 PE_OI=4075960
PCRSUM== 265.2
pcrSummation== 36.06
VOLPCRSUM== 2.8899999999999997
spotLTP =  74753.39  ATM_STRIKE =  74800
IS_ATM_STRIKE_SHIFT = True  mapStrike = {74800: 74800}
avgOiPcrList2 = [np.float64(15.6)] atmStrikeNotShiftedCount= 1
True   1   1
SUPP_RES=== 75000  Buffer= 53
ANCHOR_COMPARE: spot=74753.39 fut=75179.55 basis(fut-spot)=426.16 | SR_spot(PRIMARY)=75000 SR_future=75000 SR_diff(fut-spot)=0 | PCRwin_spot(PRIMARY)=74800 PCRwin_future=75200
CEoich val =  4386060.0  PEoich val =  523740.0 , CE > PE by 88.1%
SUPP_RES TOTAL OI: CE= 6885380  PE= 2151180 , CE > PE by 68.8%
INCR_CHOI: SUPP_RES=75000 role=RESISTANCE fresh_CE=577860 fresh_PE=65000 -> CE_dominant by 88.8% (resistance HOLDING (bearish)) | cumulative CE=4386060.0 PE=523740.0
FUT_SUPP_RES=== 75000  (FUT_LTP= 75179.55 ) Buffer= 53
FUT CEoich val =  4386060.0  PEoich val =  523740.0 , CE > PE by 88.1%
FUT_SUPP_RES TOTAL OI: CE= 6885380  PE= 2151180 , CE > PE by 68.8%
OI_SUPP_RES: spot=74753.39 ATM=74800 (ATM_CE_OI=4117380 ATM_PE_OI=3732960) | SUPPORT=74500PE OI=4912820 (dist=-300) | RESISTANCE=75000CE OI=6885380 (dist=200)
OI_SUPPORT=== 74500
OI_SUPPORT CEoich val = 435480.0  PEoich val = 3418120.0 , CE < PE by 87.3%
OI_SUPPORT TOTAL OI: CE= 587960  PE= 4912820 , CE < PE by 88.0%
OI_RESISTANCE=== 75000
OI_RESISTANCE CEoich val = 4386060.0  PEoich val = 523740.0 , CE > PE by 88.1%
OI_RESISTANCE TOTAL OI: CE= 6885380  PE= 2151180 , CE > PE by 68.8%
IS_MORNING_WINDOW= True  (active 9:15-9:48 IST)
================================================
==== signal check time ==== 2026-09-10 09:36:00.682402
IS_CHOI_DIFF_GT_25PERC== True
RSI_VAL1== 33.75
RSI_VAL2== 33.75
FUT_3m_OHLC O= 75119.4  H= 75202.4  L= 75119.4  C= 75179.6  Range= 83.1
CHART_PATTERN_DETECTED: INSIDE_BAR | DOUBLE_TOP_FORMING | STRONG_MOMENTUM_BULL
  PATTERN_CONTEXT: Body= 60.2  Range= 83.1  ExpectedRange= 66.0  RangeRatio= 1.26  O= 75119.4  H= 75202.4  L= 75119.4  C= 75179.6
newSynthFut =  74800
ATMStrike =  74800
AVG_OIPCR= 4.01
avgoiPCROld=  15.6
SUPP_RES = 75000
FUT LTP = 75179.55
CEchoi  PechOi = 4386060.0    523740.0
====================================
AVG_VOLPCR= 0.32
atmPCR= 0.17  belowATM  0.2
atmVolPCR= 0.11  belowATM  0.18
True   75179.55   75000   False   False   33.75
India VIX = 11.75  Spot Price = 74728.34
IV Regime = HIGH (ADAPTIVE: P25= 11.04  P50= 11.29  P75= 11.49 ) | DailyRange = 1254.4 | 3minCandleRange = 66.0 (theoretical= 110.0 ) | ATMoptionMove = 29.7 | SL = 104 | Target = 104 | TrailTrigger = 30 | Spread = 300 | Buffer = 53
IV Params refreshed: {'vix': 11.75, 'bn_price': 74728.34, 'regime': 'HIGH', 'regime_thresholds': 'P25=11.04 P50=11.29 P75=11.49', 'daily_range': 1254.4, 'candle_range': 66.0, 'atm_option_move': 29.7, 'sl_point': 104, 'target_point': 104, 'sl_pct_of_premium': 0.1, 'trail_trigger': 30, 'spread_width': 300, 'support_resistance_buffer': 53}
===
====after 3 min ochain==== 2026-09-10 09:39:00.020988
                                    oipcr   choipcr   CE_OI / PE_OI (same strike)
pcr1 =  BSE:SENSEX2691075500PE   0.07   -0.0 CALL added 2034320   PUT unwind -4340  CE_OI=4594880 PE_OI=318620
pcr2 =  BSE:SENSEX2691075400CE   0.08   -0.06 CALL added 912220   PUT unwind -50820  CE_OI=2053260 PE_OI=166780
pcr3 =  BSE:SENSEX2691075300PE   0.14   -0.04 CALL added 1218520   PUT unwind -52740  CE_OI=2789100 PE_OI=389500
pcr4 =  BSE:SENSEX2691075200CE   0.17   0.01 CALL added 2124580   PUT added 20740  CE_OI=3909600 PE_OI=654940
pcr5 =  BSE:SENSEX2691075100CE   0.19   0.05 CALL added 1718200   PUT added 80580  CE_OI=3585140 PE_OI=696940
pcr6 =  BSE:SENSEX2691075000CE   0.32    0.13 CALL added 4462580   PUT added 572820  CE_OI=6961900 PE_OI=2200260
pcr7 =  BSE:SENSEX2691074900PE   0.47   0.35 CALL added 2962620   PUT added 1045740  CE_OI=3770300 PE_OI=1766060
pcr8 =  BSE:SENSEX2691074800PE   0.92   0.94 CALL added 3288140   PUT added 3097240  CE_OI=4315180 PE_OI=3960460
pcr9 =  BSE:SENSEX2691074700PE   2.03   1.96 CALL added 1572980   PUT added 3090380  CE_OI=1844520 PE_OI=3747440
pcr10 =  BSE:SENSEX2691074600CE   5.26   4.96 CALL added 470980   PUT added 2335380  CE_OI=576940 PE_OI=3036620
pcr11 =  BSE:SENSEX2691074500PE   8.33   7.84 CALL added 455400   PUT added 3570900  CE_OI=607880 PE_OI=5065600
pcr12 =  BSE:SENSEX2691074400CE   18.99   16.8 CALL added 107100   PUT added 1799420  CE_OI=129640 PE_OI=2461320
pcr13 =  BSE:SENSEX2691074300PE   28.91   22.19 CALL added 64320   PUT added 1427220  CE_OI=76180 PE_OI=2202080
pcr14 =  BSE:SENSEX2691074200CE   35.27   25.13 CALL added 43880   PUT added 1102800  CE_OI=55440 PE_OI=1955380
pcr15 =  BSE:SENSEX2691074100CE   88.8   103.24 CALL added 9480   PUT added 978720  CE_OI=17740 PE_OI=1575340
pcr16 =  BSE:SENSEX2691074000PE   73.72   109.49 CALL added 20700   PUT added 2266340  CE_OI=56560 PE_OI=4169660
pcr17 =  BSE:SENSEX2691073900PE   241.81   1010.98 CALL added 840   PUT added 849220  CE_OI=5360 PE_OI=1296080
PCRSUM== 505.48
pcrSummation== 65.42
VOLPCRSUM== 5.26
spotLTP =  74728.34  ATM_STRIKE =  74700
IS_ATM_STRIKE_SHIFT = True  mapStrike = {74700: 74700}
avgOiPcrList2 = [np.float64(29.73)] atmStrikeNotShiftedCount= 1
True   1   1
SUPP_RES=== 74500  Buffer= 53
ANCHOR_COMPARE: spot=74728.34 fut=75140.0 basis(fut-spot)=411.66 | SR_spot(PRIMARY)=74500 SR_future=75000 SR_diff(fut-spot)=500 | PCRwin_spot(PRIMARY)=74700 PCRwin_future=75100
CEoich val =  455400.0  PEoich val =  3570900.0 , CE < PE by 87.2%
SUPP_RES TOTAL OI: CE= 607880  PE= 5065600 , CE < PE by 88.0%
INCR_CHOI: SUPP_RES=74500 role=SUPPORT fresh_CE=28540 fresh_PE=353880 -> PE_dominant by 91.9% (support HOLDING (bullish)) | cumulative CE=455400.0 PE=3570900.0
FUT_SUPP_RES=== 75000  (FUT_LTP= 75140.0 ) Buffer= 53
FUT CEoich val =  4462580.0  PEoich val =  572820.0 , CE > PE by 87.2%
FUT_SUPP_RES TOTAL OI: CE= 6961900  PE= 2200260 , CE > PE by 68.4%
OI_SUPP_RES: spot=74728.34 ATM=74700 (ATM_CE_OI=1844520 ATM_PE_OI=3747440) | SUPPORT=74500PE OI=5065600 (dist=-200) | RESISTANCE=75000CE OI=6961900 (dist=300)
OI_SUPPORT=== 74500
OI_SUPPORT CEoich val = 455400.0  PEoich val = 3570900.0 , CE < PE by 87.2%
OI_SUPPORT TOTAL OI: CE= 607880  PE= 5065600 , CE < PE by 88.0%
OI_RESISTANCE=== 75000
OI_RESISTANCE CEoich val = 4462580.0  PEoich val = 572820.0 , CE > PE by 87.2%
OI_RESISTANCE TOTAL OI: CE= 6961900  PE= 2200260 , CE > PE by 68.4%
IS_MORNING_WINDOW= True  (active 9:15-9:48 IST)
================================================
==== signal check time ==== 2026-09-10 09:39:00.654583
IS_CHOI_DIFF_GT_25PERC== True
RSI_VAL1== 30.82
RSI_VAL2== 30.82
FUT_3m_OHLC O= 75172.0  H= 75188.2  L= 75140.0  C= 75140.0  Range= 48.2
CHART_PATTERN_DETECTED: INSIDE_BAR | DOUBLE_TOP_FORMING
  PATTERN_CONTEXT: Body= -32.0  Range= 48.2  ExpectedRange= 66.0  RangeRatio= 0.73  O= 75172.0  H= 75188.2  L= 75140.0  C= 75140.0
newSynthFut =  74700
ATMStrike =  74700
AVG_OIPCR= 7.27
avgoiPCROld=  29.73
SUPP_RES = 74500
FUT LTP = 75140.0
CEchoi  PechOi = 455400.0    3570900.0
====================================
AVG_VOLPCR= 0.58
atmPCR= 0.19  belowATM  0.32
atmVolPCR= 0.18  belowATM  0.36
True   75140.0   74500   False   False   30.82
India VIX = 11.89  Spot Price = 74728.74
IV Regime = HIGH (ADAPTIVE: P25= 11.04  P50= 11.29  P75= 11.49 ) | DailyRange = 1269.3 | 3minCandleRange = 66.8 (theoretical= 111.3 ) | ATMoptionMove = 30.1 | SL = 105 | Target = 105 | TrailTrigger = 30 | Spread = 300 | Buffer = 53
IV Params refreshed: {'vix': 11.89, 'bn_price': 74728.74, 'regime': 'HIGH', 'regime_thresholds': 'P25=11.04 P50=11.29 P75=11.49', 'daily_range': 1269.3, 'candle_range': 66.8, 'atm_option_move': 30.1, 'sl_point': 105, 'target_point': 105, 'sl_pct_of_premium': 0.1, 'trail_trigger': 30, 'spread_width': 300, 'support_resistance_buffer': 53}
===
====after 3 min ochain==== 2026-09-10 09:42:00.015440
                                    oipcr   choipcr   CE_OI / PE_OI (same strike)
pcr1 =  BSE:SENSEX2691075500PE   0.07   -0.01 CALL added 2047360   PUT unwind -15860  CE_OI=4607920 PE_OI=307100
pcr2 =  BSE:SENSEX2691075400CE   0.08   -0.06 CALL added 960440   PUT unwind -57000  CE_OI=2101480 PE_OI=160600
pcr3 =  BSE:SENSEX2691075300PE   0.14   -0.05 CALL added 1258440   PUT unwind -58520  CE_OI=2829020 PE_OI=383720
pcr4 =  BSE:SENSEX2691075200CE   0.17   0.02 CALL added 2198200   PUT added 52220  CE_OI=3983220 PE_OI=686420
pcr5 =  BSE:SENSEX2691075100CE   0.18   0.03 CALL added 1814340   PUT added 54300  CE_OI=3681280 PE_OI=670660
pcr6 =  BSE:SENSEX2691075000CE   0.29    0.1 CALL added 4907840   PUT added 500740  CE_OI=7407160 PE_OI=2128180
pcr7 =  BSE:SENSEX2691074900PE   0.42   0.3 CALL added 3117760   PUT added 936000  CE_OI=3925440 PE_OI=1656320
pcr8 =  BSE:SENSEX2691074800PE   0.89   0.91 CALL added 3288140   PUT added 2985820  CE_OI=4315180 PE_OI=3849040
pcr9 =  BSE:SENSEX2691074700PE   1.79   1.69 CALL added 1804740   PUT added 3051460  CE_OI=2076280 PE_OI=3708520
pcr10 =  BSE:SENSEX2691074600CE   4.81   4.45 CALL added 519380   PUT added 2309480  CE_OI=625340 PE_OI=3010720
pcr11 =  BSE:SENSEX2691074500PE   7.51   6.85 CALL added 530200   PUT added 3634040  CE_OI=682680 PE_OI=5128740
pcr12 =  BSE:SENSEX2691074400CE   17.87   15.61 CALL added 114560   PUT added 1788160  CE_OI=137100 PE_OI=2450060
pcr13 =  BSE:SENSEX2691074300PE   27.79   21.21 CALL added 67680   PUT added 1435240  CE_OI=79540 PE_OI=2210100
pcr14 =  BSE:SENSEX2691074200CE   34.01   24.01 CALL added 45940   PUT added 1102800  CE_OI=57500 PE_OI=1955380
pcr15 =  BSE:SENSEX2691074100CE   88.97   103.26 CALL added 9680   PUT added 999520  CE_OI=17940 PE_OI=1596140
pcr16 =  BSE:SENSEX2691074000PE   68.03   88.8 CALL added 25800   PUT added 2291160  CE_OI=61660 PE_OI=4194480
pcr17 =  BSE:SENSEX2691073900PE   253.83   1200.35 CALL added 740   PUT added 888260  CE_OI=5260 PE_OI=1335120
PCRSUM== 506.85
pcrSummation== 61.55
VOLPCRSUM== 5.21
spotLTP =  74728.74  ATM_STRIKE =  74700
IS_ATM_STRIKE_SHIFT = False  mapStrike = {74700: 74700}
avgOiPcrList2 = [np.float64(29.73), np.float64(29.81)] atmStrikeNotShiftedCount= 2
False   2   2
SUPP_RES=== 74500  Buffer= 53
ANCHOR_COMPARE: spot=74728.74 fut=75096.8 basis(fut-spot)=368.06 | SR_spot(PRIMARY)=74500 SR_future=75000 SR_diff(fut-spot)=500 | PCRwin_spot(PRIMARY)=74700 PCRwin_future=75100
CEoich val =  530200.0  PEoich val =  3634040.0 , CE < PE by 85.4%
SUPP_RES TOTAL OI: CE= 682680  PE= 5128740 , CE < PE by 86.7%
INCR_CHOI: SUPP_RES=74500 role=SUPPORT fresh_CE=74800 fresh_PE=63140 -> CE_dominant by 15.6% (support UNDERMINED (bearish warning)) | cumulative CE=530200.0 PE=3634040.0
FUT_SUPP_RES=== 75000  (FUT_LTP= 75096.8 ) Buffer= 53
FUT CEoich val =  4907840.0  PEoich val =  500740.0 , CE > PE by 89.8%
FUT_SUPP_RES TOTAL OI: CE= 7407160  PE= 2128180 , CE > PE by 71.3%
OI_SUPP_RES: spot=74728.74 ATM=74700 (ATM_CE_OI=2076280 ATM_PE_OI=3708520) | SUPPORT=74500PE OI=5128740 (dist=-200) | RESISTANCE=75000CE OI=7407160 (dist=300)
OI_SUPPORT=== 74500
OI_SUPPORT CEoich val = 530200.0  PEoich val = 3634040.0 , CE < PE by 85.4%
OI_SUPPORT TOTAL OI: CE= 682680  PE= 5128740 , CE < PE by 86.7%
OI_RESISTANCE=== 75000
OI_RESISTANCE CEoich val = 4907840.0  PEoich val = 500740.0 , CE > PE by 89.8%
OI_RESISTANCE TOTAL OI: CE= 7407160  PE= 2128180 , CE > PE by 71.3%
IS_MORNING_WINDOW= True  (active 9:15-9:48 IST)
================================================
==== signal check time ==== 2026-09-10 09:42:00.647354
IS_CHOI_DIFF_GT_25PERC== True
RSI_VAL1== 27.97
RSI_VAL2== 27.97
FUT_3m_OHLC O= 75119.3  H= 75125.8  L= 75096.8  C= 75096.8  Range= 29.1
CHART_PATTERN: None
newSynthFut =  74700
ATMStrike =  74700
AVG_OIPCR= 6.84
avgoiPCROld=  29.81
SUPP_RES = 74500
FUT LTP = 75096.8
CEchoi  PechOi = 530200.0    3634040.0
====================================
AVG_VOLPCR= 0.58
atmPCR= 0.18  belowATM  0.29
atmVolPCR= 0.18  belowATM  0.35
True   75096.8   74500   False   False   27.97
India VIX = 11.87  Spot Price = 74743.35
IV Regime = HIGH (ADAPTIVE: P25= 11.04  P50= 11.29  P75= 11.49 ) | DailyRange = 1267.4 | 3minCandleRange = 66.7 (theoretical= 111.2 ) | ATMoptionMove = 30.0 | SL = 105 | Target = 105 | TrailTrigger = 30 | Spread = 300 | Buffer = 53
IV Params refreshed: {'vix': 11.87, 'bn_price': 74743.35, 'regime': 'HIGH', 'regime_thresholds': 'P25=11.04 P50=11.29 P75=11.49', 'daily_range': 1267.4, 'candle_range': 66.7, 'atm_option_move': 30.0, 'sl_point': 105, 'target_point': 105, 'sl_pct_of_premium': 0.1, 'trail_trigger': 30, 'spread_width': 300, 'support_resistance_buffer': 53}
===
====after 3 min ochain==== 2026-09-10 09:45:00.013185
                                    oipcr   choipcr   CE_OI / PE_OI (same strike)
pcr1 =  BSE:SENSEX2691075500PE   0.07   -0.01 CALL added 2080680   PUT unwind -15360  CE_OI=4641240 PE_OI=307600
pcr2 =  BSE:SENSEX2691075400CE   0.07   -0.06 CALL added 998260   PUT unwind -59020  CE_OI=2139300 PE_OI=158580
pcr3 =  BSE:SENSEX2691075300PE   0.13   -0.04 CALL added 1297040   PUT unwind -57180  CE_OI=2867620 PE_OI=385060
pcr4 =  BSE:SENSEX2691075200CE   0.17   0.03 CALL added 2271040   PUT added 75160  CE_OI=4056060 PE_OI=709360
pcr5 =  BSE:SENSEX2691075100CE   0.18   0.04 CALL added 1921480   PUT added 80940  CE_OI=3788420 PE_OI=697300
pcr6 =  BSE:SENSEX2691075000CE   0.29    0.11 CALL added 4972980   PUT added 549740  CE_OI=7472300 PE_OI=2177180
pcr7 =  BSE:SENSEX2691074900PE   0.42   0.31 CALL added 3169880   PUT added 968620  CE_OI=3977560 PE_OI=1688940
pcr8 =  BSE:SENSEX2691074800PE   0.82   0.82 CALL added 3731820   PUT added 3057900  CE_OI=4758860 PE_OI=3921120
pcr9 =  BSE:SENSEX2691074700PE   1.84   1.75 CALL added 1852880   PUT added 3243300  CE_OI=2124420 PE_OI=3900360
pcr10 =  BSE:SENSEX2691074600CE   4.76   4.4 CALL added 539940   PUT added 2374000  CE_OI=645900 PE_OI=3075240
pcr11 =  BSE:SENSEX2691074500PE   7.91   7.36 CALL added 528940   PUT added 3893960  CE_OI=681420 PE_OI=5388660
pcr12 =  BSE:SENSEX2691074400CE   18.35   16.27 CALL added 119180   PUT added 1938960  CE_OI=141720 PE_OI=2600860
pcr13 =  BSE:SENSEX2691074300PE   28.42   22.1 CALL added 69220   PUT added 1529660  CE_OI=81080 PE_OI=2304520
pcr14 =  BSE:SENSEX2691074200CE   34.7   24.93 CALL added 46220   PUT added 1152140  CE_OI=57780 PE_OI=2004720
pcr15 =  BSE:SENSEX2691074100CE   92.81   111.16 CALL added 9260   PUT added 1029380  CE_OI=17520 PE_OI=1626000
pcr16 =  BSE:SENSEX2691074000PE   68.93   89.73 CALL added 27320   PUT added 2451500  CE_OI=63180 PE_OI=4354820
pcr17 =  BSE:SENSEX2691073900PE   253.54   1106.17 CALL added 820   PUT added 907060  CE_OI=5340 PE_OI=1353920
PCRSUM== 513.41
pcrSummation== 62.99
VOLPCRSUM== 5.119999999999999
spotLTP =  74743.35  ATM_STRIKE =  74700
IS_ATM_STRIKE_SHIFT = False  mapStrike = {74700: 74700}
avgOiPcrList2 = [np.float64(29.73), np.float64(29.81), np.float64(30.2)] atmStrikeNotShiftedCount= 3
False   3   3
SUPP_RES=== 74500  Buffer= 53
ANCHOR_COMPARE: spot=74743.35 fut=75158.9 basis(fut-spot)=415.55 | SR_spot(PRIMARY)=74500 SR_future=75000 SR_diff(fut-spot)=500 | PCRwin_spot(PRIMARY)=74700 PCRwin_future=75200
CEoich val =  528940.0  PEoich val =  3893960.0 , CE < PE by 86.4%
SUPP_RES TOTAL OI: CE= 681420  PE= 5388660 , CE < PE by 87.4%
INCR_CHOI: SUPP_RES=74500 role=SUPPORT fresh_CE=-1260 fresh_PE=259920 -> PE_dominant by 100.5% (support HOLDING (bullish)) | cumulative CE=528940.0 PE=3893960.0
FUT_SUPP_RES=== 75000  (FUT_LTP= 75158.9 ) Buffer= 53
FUT CEoich val =  4972980.0  PEoich val =  549740.0 , CE > PE by 88.9%
FUT_SUPP_RES TOTAL OI: CE= 7472300  PE= 2177180 , CE > PE by 70.9%
OI_SUPP_RES: spot=74743.35 ATM=74700 (ATM_CE_OI=2124420 ATM_PE_OI=3900360) | SUPPORT=74500PE OI=5388660 (dist=-200) | RESISTANCE=75000CE OI=7472300 (dist=300)
OI_SUPPORT=== 74500
OI_SUPPORT CEoich val = 528940.0  PEoich val = 3893960.0 , CE < PE by 86.4%
OI_SUPPORT TOTAL OI: CE= 681420  PE= 5388660 , CE < PE by 87.4%
OI_RESISTANCE=== 75000
OI_RESISTANCE CEoich val = 4972980.0  PEoich val = 549740.0 , CE > PE by 88.9%
OI_RESISTANCE TOTAL OI: CE= 7472300  PE= 2177180 , CE > PE by 70.9%
IS_MORNING_WINDOW= True  (active 9:15-9:48 IST)
================================================
==== signal check time ==== 2026-09-10 09:45:00.673927
IS_CHOI_DIFF_GT_25PERC== True
RSI_VAL1== 37.0
RSI_VAL2== 37.0
FUT_3m_OHLC O= 75140.0  H= 75208.0  L= 75140.0  C= 75158.9  Range= 68.1
CHART_PATTERN_DETECTED: INVERTED_HAMMER | DOUBLE_TOP_FORMING
  PATTERN_CONTEXT: Body= 18.9  Range= 68.1  ExpectedRange= 66.7  RangeRatio= 1.02  O= 75140.0  H= 75208.0  L= 75140.0  C= 75158.9
isPcrInc = True
newSynthFut =  74700
ATMStrike =  74700
AVG_OIPCR= 7.0
avgoiPCROld=  30.2
SUPP_RES = 74500
FUT LTP = 75158.9
CEchoi  PechOi = 528940.0    3893960.0
====================================
AVG_VOLPCR= 0.57
atmPCR= 0.18  belowATM  0.29
atmVolPCR= 0.18  belowATM  0.35
True   75158.9   74500   True   False   37.0
In Bull trade, slCount =  0  (mode= LOGIC2_TREND_CONVERGENCE )
SPREAD_CALC_AT_ENTRY: SyntheticATMStrike= 74800  ATM_PE= 197.85  ATM_CE= 158.2  AvgATM= 178.02
ATM_GREEKS: CE=BSE:SENSEX2691074800CE -> {'delta': 0.47, 'gamma': 0.0009, 'theta': -157.6, 'vega': 7.72, 'iv': 22.77}
ATM_GREEKS: PE=BSE:SENSEX2691074800PE -> {'delta': -0.53, 'gamma': 0.0009, 'theta': -157.6, 'vega': 7.72, 'iv': 22.77}
ATM_IV: ce_iv=22.77 pe_iv=22.77 avg_atm_iv=22.77 iv_skew(PE-CE)=0.0
==================================================
SPREAD_SELECTION (Sensex weekly): Type= DEBIT | DTE= 0 | PremRatio= 0.31 | IVRank= 0.85
SPREAD_REASONS: DTE=0(weekly) | PremRatio=0.31 | IVRank=0.85 | DECISION:DEBIT (IV_Rank>0.70 AND PremRatio<1.0 — high IV, cheap premium)
==================================================
SPREAD_DECISION_AT_ENTRY: {'type': 'DEBIT', 'score': -1, 'dte': 0, 'premium_ratio': 0.31, 'iv_rank': 0.85, 'vix_30d_high': 11.98, 'vix_30d_low': 10.48, 'reasons': ['DTE=0(weekly)', 'PremRatio=0.31', 'IVRank=0.85', 'DECISION:DEBIT (IV_Rank>0.70 AND PremRatio<1.0 — high IV, cheap premium)']}
ENTRY_MAIN_STRIKE: 74800 ( DEBIT -> synthATM )
ENTRY_ROUTING: spread_type= DEBIT  isBullish= True  isBearish= False
IV-Dynamic: SL= 105  Target= 105  Spread= 300
HEDGE_BY_DELTA: main=74800CE main_delta=0.46 target_hedge_delta=0.23 nearest_strike=75100 nearest_delta=0.23 -> snapped500=75500 (far_otm_snap) hedge=BSE:SENSEX2691075500CE hedge_delta=0.08
DELTA_CHECK: main=BSE:SENSEX2691074800CE delta=0.46
DELTA_CHECK: hedge=BSE:SENSEX2691075500CE delta=0.08
DELTA_CHECK: delta_ratio (|hedge|/|main|) = 0.174
=atmCE= BSE:SENSEX2691074800CE
=otmCE== BSE:SENSEX2691075500CE  entryPrice= 157.6  maxHedgePremium= 78.8
hedge_entry_price = 17.55
DEBIT_NET_DEBIT= 140.05
OPT_RANGE_DEBUG: symbol=BSE:SENSEX2691074800CE | total_candles_after_skip1st=9 | ranges=[46.8, 72.25, 17.7, 27.9, 30.4, 25.65, 24.9, 12.55, 33.0] | median_all=27.9
OPT_OHLC_ENTRY: symbol=BSE:SENSEX2691074800CE | candles=9 | open=[228.85, 197.8, 163.1, 178.0, 178.35, 157.0, 166.45, 156.8, 154.6] | high=[242.3, 225.25, 177.0, 194.7, 181.7, 180.85, 181.7, 164.15, 186.0] | low=[195.5, 153.0, 159.3, 166.8, 151.3, 155.2, 156.8, 151.6, 153.0] | close=[198.7, 163.5, 176.8, 178.6, 157.15, 167.15, 156.95, 154.5, 155.7] | median_range=27.9
OPT_RANGE_DEBUG: symbol=BSE:SENSEX2691075500CE | total_candles_after_skip1st=9 | ranges=[8.0, 8.7, 1.75, 3.05, 3.55, 2.8, 2.85, 1.45, 4.0] | median_all=3.05
OPT_OHLC_ENTRY: symbol=BSE:SENSEX2691075500CE | candles=9 | open=[29.45, 23.95, 20.3, 21.15, 20.5, 18.35, 18.75, 17.75, 17.35] | high=[31.85, 28.25, 20.95, 23.0, 21.15, 21.0, 20.45, 18.7, 21.3] | low=[23.85, 19.55, 19.2, 19.95, 17.6, 18.2, 17.6, 17.25, 17.3] | close=[24.05, 20.3, 20.95, 20.55, 18.55, 18.95, 17.8, 17.4, 17.5] | median_range=3.05
HEDGE_OFFSET: source=DELTA used_ratio=0.174 raw=0.174 | delta_ratio=0.174 range_ratio=0.109 premium_ratio=0.111 | (main_delta=0.46 hedge_delta=0.08 main_range=27.9 hedge_range=3.05) effective_sl=47 -> net_sl_points=38.83
RISK_SIZING: effective_sl_pre=47 main=157.6 hedge=17.55 main_range=27.9 hedge_range=3.05 FIXED_RISK=6000 -> qty=140 (7 lots)
DEBIT_ENTRY: qty= 140
MARGIN_CHECK: qty=140 (7 lots) margin_required=440679.69 avail=1002913.48 usable(97%)=972826.08
9 : 45 : 2  =>  BUY   SENSEX2691074800CE   140   MARKET
9 : 45 : 2  =>  SENSEX2691074800CE {'code': 1101, 'message': 'Successfully placed order', 's': 'ok', 'id_fyers': 'c50561b1-113f-4ebd-8efa-80f32f823206', 'id': '26091000063121'}
9 : 45 : 3  =>  SELL   SENSEX2691075500CE   140   MARKET
9 : 45 : 3  =>  SENSEX2691075500CE {'code': 1101, 'message': 'Successfully placed order', 's': 'ok', 'id_fyers': '8c5208a0-f78e-4ed9-a838-c32c23756212', 'id': '26091000063130'}
Exit OID:  {'code': 1101, 'message': 'Successfully placed order', 's': 'ok', 'id_fyers': 'c50561b1-113f-4ebd-8efa-80f32f823206', 'id': '26091000063121'}   {'code': 1101, 'message': 'Successfully placed order', 's': 'ok', 'id_fyers': '8c5208a0-f78e-4ed9-a838-c32c23756212', 'id': '26091000063130'}
after entry tradeATMOption = BSE:SENSEX2691074800CE
ENTRY_SL_TGT: spread= DEBIT  SL= 111.85  Target= 256.85  EntryPrem= 158.85  AnchorSrc= CANDLE_CLOSE  TrailTrigger= 59  SL_Source= OPTION_RANGE(median=27.9,SLx1.7,Tgtx3.5)  (iv_pts= 105  effective_sl= 47 )
09:46:01 In Trade ( DEBIT ). No Exit. ltp= 161.65  SL= 111.85  target= 256.85
09:47:00 In Trade ( DEBIT ). No Exit. ltp= 165.4  SL= 111.85  target= 256.85
09:49:01 In Trade ( DEBIT ). No Exit. ltp= 175.7  SL= 111.85  target= 256.85
09:50:00 In Trade ( DEBIT ). No Exit. ltp= 180.45  SL= 111.85  target= 256.85
09:51:01 In Trade ( DEBIT ). No Exit. ltp= 190.3  SL= 111.85  target= 256.85
09:52:00 In Trade ( DEBIT ). No Exit. ltp= 193.6  SL= 111.85  target= 256.85
09:53:00 In Trade ( DEBIT ). No Exit. ltp= 196.2  SL= 111.85  target= 256.85
09:54:01 In Trade ( DEBIT ). No Exit. ltp= 186.1  SL= 111.85  target= 256.85
09:55:00 In Trade ( DEBIT ). No Exit. ltp= 187.35  SL= 111.85  target= 256.85
09:56:00 In Trade ( DEBIT ). No Exit. ltp= 185.25  SL= 111.85  target= 256.85
09:57:01 In Trade ( DEBIT ). No Exit. ltp= 193.65  SL= 111.85  target= 256.85
09:58:00 In Trade ( DEBIT ). No Exit. ltp= 170.9  SL= 111.85  target= 256.85
10:00:01 In Trade ( DEBIT ). No Exit. ltp= 166.35  SL= 111.85  target= 256.85
10:01:00 In Trade ( DEBIT ). No Exit. ltp= 160.25  SL= 111.85  target= 256.85
10:02:01 In Trade ( DEBIT ). No Exit. ltp= 149.4  SL= 111.85  target= 256.85
10:03:00 In Trade ( DEBIT ). No Exit. ltp= 141.8  SL= 111.85  target= 256.85
10:04:00 In Trade ( DEBIT ). No Exit. ltp= 145.3  SL= 111.85  target= 256.85
10:05:01 In Trade ( DEBIT ). No Exit. ltp= 153.1  SL= 111.85  target= 256.85
10:06:00 In Trade ( DEBIT ). No Exit. ltp= 157.25  SL= 111.85  target= 256.85
10:07:00 In Trade ( DEBIT ). No Exit. ltp= 147.2  SL= 111.85  target= 256.85
10:08:01 In Trade ( DEBIT ). No Exit. ltp= 146.65  SL= 111.85  target= 256.85
10:09:00 In Trade ( DEBIT ). No Exit. ltp= 134.15  SL= 111.85  target= 256.85
10:11:01 In Trade ( DEBIT ). No Exit. ltp= 138.9  SL= 111.85  target= 256.85
10:12:00 In Trade ( DEBIT ). No Exit. ltp= 136.65  SL= 111.85  target= 256.85
10:13:01 In Trade ( DEBIT ). No Exit. ltp= 133.4  SL= 111.85  target= 256.85
10:14:01 In Trade ( DEBIT ). No Exit. ltp= 127.75  SL= 111.85  target= 256.85
10:15:00 In Trade ( DEBIT ). No Exit. ltp= 137.5  SL= 111.85  target= 256.85
10:16:01 In Trade ( DEBIT ). No Exit. ltp= 153.95  SL= 111.85  target= 256.85
10:17:01 In Trade ( DEBIT ). No Exit. ltp= 159.5  SL= 111.85  target= 256.85
10:18:00 In Trade ( DEBIT ). No Exit. ltp= 156.1  SL= 111.85  target= 256.85
10:19:01 In Trade ( DEBIT ). No Exit. ltp= 160.95  SL= 111.85  target= 256.85
10:20:01 In Trade ( DEBIT ). No Exit. ltp= 156.05  SL= 111.85  target= 256.85
10:21:00 In Trade ( DEBIT ). No Exit. ltp= 147.4  SL= 111.85  target= 256.85
10:22:01 In Trade ( DEBIT ). No Exit. ltp= 138.85  SL= 111.85  target= 256.85
10:23:01 In Trade ( DEBIT ). No Exit. ltp= 143.6  SL= 111.85  target= 256.85
10:24:00 In Trade ( DEBIT ). No Exit. ltp= 164.7  SL= 111.85  target= 256.85
10:25:01 In Trade ( DEBIT ). No Exit. ltp= 148.1  SL= 111.85  target= 256.85
10:26:00 In Trade ( DEBIT ). No Exit. ltp= 154.1  SL= 111.85  target= 256.85
10:27:00 In Trade ( DEBIT ). No Exit. ltp= 156.35  SL= 111.85  target= 256.85
10:28:01 In Trade ( DEBIT ). No Exit. ltp= 148.5  SL= 111.85  target= 256.85
10:29:01 In Trade ( DEBIT ). No Exit. ltp= 142.7  SL= 111.85  target= 256.85
10:30:00 In Trade ( DEBIT ). No Exit. ltp= 148.75  SL= 111.85  target= 256.85
10:31:01 In Trade ( DEBIT ). No Exit. ltp= 158.1  SL= 111.85  target= 256.85
10:32:01 In Trade ( DEBIT ). No Exit. ltp= 150.45  SL= 111.85  target= 256.85
10:33:00 In Trade ( DEBIT ). No Exit. ltp= 150.6  SL= 111.85  target= 256.85
10:34:01 In Trade ( DEBIT ). No Exit. ltp= 153.5  SL= 111.85  target= 256.85
10:35:01 In Trade ( DEBIT ). No Exit. ltp= 154.5  SL= 111.85  target= 256.85
10:36:00 In Trade ( DEBIT ). No Exit. ltp= 159.0  SL= 111.85  target= 256.85
10:37:01 In Trade ( DEBIT ). No Exit. ltp= 156.75  SL= 111.85  target= 256.85
10:38:01 In Trade ( DEBIT ). No Exit. ltp= 151.6  SL= 111.85  target= 256.85
10:39:00 In Trade ( DEBIT ). No Exit. ltp= 163.7  SL= 111.85  target= 256.85
10:40:01 In Trade ( DEBIT ). No Exit. ltp= 171.35  SL= 111.85  target= 256.85
10:41:01 In Trade ( DEBIT ). No Exit. ltp= 178.6  SL= 111.85  target= 256.85
10:42:00 In Trade ( DEBIT ). No Exit. ltp= 168.5  SL= 111.85  target= 256.85
10:44:01 In Trade ( DEBIT ). No Exit. ltp= 172.7  SL= 111.85  target= 256.85
10:45:00 In Trade ( DEBIT ). No Exit. ltp= 196.4  SL= 111.85  target= 256.85
10:47:01 In Trade ( DEBIT ). No Exit. ltp= 167.6  SL= 111.85  target= 256.85
10:48:00 In Trade ( DEBIT ). No Exit. ltp= 159.5  SL= 111.85  target= 256.85
10:49:00 In Trade ( DEBIT ). No Exit. ltp= 148.75  SL= 111.85  target= 256.85
10:50:01 In Trade ( DEBIT ). No Exit. ltp= 142.7  SL= 111.85  target= 256.85
10:51:00 In Trade ( DEBIT ). No Exit. ltp= 139.85  SL= 111.85  target= 256.85
10:52:00 In Trade ( DEBIT ). No Exit. ltp= 142.3  SL= 111.85  target= 256.85
10:53:01 In Trade ( DEBIT ). No Exit. ltp= 136.0  SL= 111.85  target= 256.85
10:54:01 In Trade ( DEBIT ). No Exit. ltp= 133.0  SL= 111.85  target= 256.85
10:55:00 In Trade ( DEBIT ). No Exit. ltp= 128.8  SL= 111.85  target= 256.85
10:56:01 In Trade ( DEBIT ). No Exit. ltp= 122.8  SL= 111.85  target= 256.85
10:57:01 In Trade ( DEBIT ). No Exit. ltp= 122.7  SL= 111.85  target= 256.85
10:58:00 In Trade ( DEBIT ). No Exit. ltp= 130.6  SL= 111.85  target= 256.85
10:59:01 In Trade ( DEBIT ). No Exit. ltp= 128.7  SL= 111.85  target= 256.85
checkInstrument =  BSE:SENSEX-INDEX
sensexExpDate =  26910
BNFut (Sensex futures auto) = BSE:SENSEX26SEPFUT
Waiting for first candle to form. Current Second ==  42    1
Waiting for first candle to form. Current Second ==  43    1
Waiting for first candle to form. Current Second ==  44    1
Waiting for first candle to form. Current Second ==  45    1
Waiting for first candle to form. Current Second ==  46    1
Waiting for first candle to form. Current Second ==  47    1
Waiting for first candle to form. Current Second ==  48    1
Waiting for first candle to form. Current Second ==  49    1
Waiting for first candle to form. Current Second ==  50    1
Waiting for first candle to form. Current Second ==  51    1
Waiting for first candle to form. Current Second ==  52    1
Waiting for first candle to form. Current Second ==  53    1
Waiting for first candle to form. Current Second ==  54    1
Waiting for first candle to form. Current Second ==  55    1
Waiting for first candle to form. Current Second ==  56    1
Waiting for first candle to form. Current Second ==  57    1
Waiting for first candle to form. Current Second ==  58    1
Waiting for first candle to form. Current Second ==  59    1
Waiting for first candle to form. Current Second ==  0    2
Waiting for first candle to form. Current Second ==  1    2
Waiting for first candle to form. Current Second ==  2    2
Waiting for first candle to form. Current Second ==  3    2
Waiting for first candle to form. Current Second ==  4    2
Waiting for first candle to form. Current Second ==  5    2
Waiting for first candle to form. Current Second ==  6    2
Waiting for first candle to form. Current Second ==  7    2
Waiting for first candle to form. Current Second ==  8    2
Waiting for first candle to form. Current Second ==  9    2
Waiting for first candle to form. Current Second ==  10    2
Waiting for first candle to form. Current Second ==  11    2
Waiting for first candle to form. Current Second ==  12    2
Waiting for first candle to form. Current Second ==  13    2
Waiting for first candle to form. Current Second ==  14    2
Waiting for first candle to form. Current Second ==  15    2
Waiting for first candle to form. Current Second ==  16    2
Waiting for first candle to form. Current Second ==  17    2
Waiting for first candle to form. Current Second ==  18    2
Waiting for first candle to form. Current Second ==  19    2
Waiting for first candle to form. Current Second ==  20    2
Waiting for first candle to form. Current Second ==  21    2
Waiting for first candle to form. Current Second ==  22    2
Waiting for first candle to form. Current Second ==  23    2
Waiting for first candle to form. Current Second ==  24    2
Waiting for first candle to form. Current Second ==  25    2
Waiting for first candle to form. Current Second ==  26    2
Waiting for first candle to form. Current Second ==  27    2
Waiting for first candle to form. Current Second ==  28    2
Waiting for first candle to form. Current Second ==  29    2
Waiting for first candle to form. Current Second ==  30    2
Waiting for first candle to form. Current Second ==  31    2
Waiting for first candle to form. Current Second ==  32    2
Waiting for first candle to form. Current Second ==  33    2
Waiting for first candle to form. Current Second ==  34    2
Waiting for first candle to form. Current Second ==  35    2
Waiting for first candle to form. Current Second ==  36    2
Waiting for first candle to form. Current Second ==  37    2
Waiting for first candle to form. Current Second ==  38    2
Waiting for first candle to form. Current Second ==  39    2
Waiting for first candle to form. Current Second ==  40    2
Waiting for first candle to form. Current Second ==  41    2
Waiting for first candle to form. Current Second ==  42    2
Waiting for first candle to form. Current Second ==  43    2
Waiting for first candle to form. Current Second ==  44    2
Waiting for first candle to form. Current Second ==  45    2
Waiting for first candle to form. Current Second ==  46    2
Waiting for first candle to form. Current Second ==  47    2
Waiting for first candle to form. Current Second ==  48    2
Waiting for first candle to form. Current Second ==  49    2
Waiting for first candle to form. Current Second ==  50    2
Waiting for first candle to form. Current Second ==  51    2
Waiting for first candle to form. Current Second ==  52    2
Waiting for first candle to form. Current Second ==  53    2
Waiting for first candle to form. Current Second ==  54    2
Waiting for first candle to form. Current Second ==  55    2
Waiting for first candle to form. Current Second ==  56    2
Waiting for first candle to form. Current Second ==  57    2
Waiting for first candle to form. Current Second ==  58    2
Waiting for first candle to form. Current Second ==  59    2
India VIX = 11.82  Spot Price = 74700.43
VIX_PERCENTILES_FETCHED: P25= 11.04  P50= 11.29  P75= 11.49  Min= 10.48  Max= 11.98
IV Regime = HIGH (ADAPTIVE: P25= 11.04  P50= 11.29  P75= 11.49 ) | DailyRange = 1261.4 | 3minCandleRange = 66.4 (theoretical= 110.6 ) | ATMoptionMove = 29.9 | SL = 105 | Target = 105 | TrailTrigger = 30 | Spread = 300 | Buffer = 53
IV Params refreshed: {'vix': 11.82, 'bn_price': 74700.43, 'regime': 'HIGH', 'regime_thresholds': 'P25=11.04 P50=11.29 P75=11.49', 'daily_range': 1261.4, 'candle_range': 66.4, 'atm_option_move': 29.9, 'sl_point': 105, 'target_point': 105, 'sl_pct_of_premium': 0.1, 'trail_trigger': 30, 'spread_width': 300, 'support_resistance_buffer': 53}
checkInstrument =  BSE:SENSEX-INDEX
sensexExpDate =  26910
BNFut (Sensex futures auto) = BSE:SENSEX26SEPFUT
Waiting for first candle to form. Current Second ==  55    2
Waiting for first candle to form. Current Second ==  56    2
Waiting for first candle to form. Current Second ==  57    2
Waiting for first candle to form. Current Second ==  58    2
Waiting for first candle to form. Current Second ==  59    2
India VIX = 11.84  Spot Price = 74716.32
VIX_PERCENTILES_FETCHED: P25= 11.04  P50= 11.29  P75= 11.49  Min= 10.48  Max= 11.98
IV Regime = HIGH (ADAPTIVE: P25= 11.04  P50= 11.29  P75= 11.49 ) | DailyRange = 1263.8 | 3minCandleRange = 66.5 (theoretical= 110.8 ) | ATMoptionMove = 29.9 | SL = 105 | Target = 105 | TrailTrigger = 30 | Spread = 300 | Buffer = 53
IV Params refreshed: {'vix': 11.84, 'bn_price': 74716.32, 'regime': 'HIGH', 'regime_thresholds': 'P25=11.04 P50=11.29 P75=11.49', 'daily_range': 1263.8, 'candle_range': 66.5, 'atm_option_move': 29.9, 'sl_point': 105, 'target_point': 105, 'sl_pct_of_premium': 0.1, 'trail_trigger': 30, 'spread_width': 300, 'support_resistance_buffer': 53}
IV_RANK_DATA: VIX_30d_High= 11.98  VIX_30d_Low= 10.48  Current= 11.84  IV_Rank= 0.91
===
====after 3 min ochain==== 2026-09-10 11:03:00.599686
                                    oipcr   choipcr   CE_OI / PE_OI (same strike)
pcr1 =  BSE:SENSEX2691075500PE   0.06   -0.01 CALL added 2583000   PUT unwind -17920  CE_OI=5143560 PE_OI=305040
pcr2 =  BSE:SENSEX2691075400CE   0.06   -0.05 CALL added 1347700   PUT unwind -72620  CE_OI=2488740 PE_OI=144980
pcr3 =  BSE:SENSEX2691075300PE   0.09   -0.06 CALL added 1962400   PUT unwind -114580  CE_OI=3532980 PE_OI=327660
pcr4 =  BSE:SENSEX2691075200CE   0.12   -0.0 CALL added 3330840   PUT unwind -640  CE_OI=5115860 PE_OI=633560
pcr5 =  BSE:SENSEX2691075100CE   0.13   -0.03 CALL added 2476140   PUT unwind -64120  CE_OI=4343080 PE_OI=552240
pcr6 =  BSE:SENSEX2691075000CE   0.23    0.08 CALL added 6728020   PUT added 528340  CE_OI=9227340 PE_OI=2155780
pcr7 =  BSE:SENSEX2691074900PE   0.32   0.21 CALL added 4094520   PUT added 852620  CE_OI=4902200 PE_OI=1572940
pcr8 =  BSE:SENSEX2691074800PE   0.69   0.66 CALL added 5360640   PUT added 3524260  CE_OI=6387680 PE_OI=4387480
pcr9 =  BSE:SENSEX2691074700PE   1.32   1.23 CALL added 3372320   PUT added 4140660  CE_OI=3643860 PE_OI=4797720
pcr10 =  BSE:SENSEX2691074600CE   3.34   3.04 CALL added 1133580   PUT added 3443740  CE_OI=1239540 PE_OI=4144980
pcr11 =  BSE:SENSEX2691074500PE   8.33   7.97 CALL added 641060   PUT added 5111640  CE_OI=793540 PE_OI=6606340
pcr12 =  BSE:SENSEX2691074400CE   18.38   17.0 CALL added 178200   PUT added 3028540  CE_OI=200740 PE_OI=3690440
pcr13 =  BSE:SENSEX2691074300PE   28.68   24.02 CALL added 93360   PUT added 2242520  CE_OI=105220 PE_OI=3017380
pcr14 =  BSE:SENSEX2691074200CE   39.71   32.01 CALL added 51120   PUT added 1636400  CE_OI=62680 PE_OI=2488980
pcr15 =  BSE:SENSEX2691074100CE   128.05   192.45 CALL added 7160   PUT added 1377940  CE_OI=15420 PE_OI=1974560
pcr16 =  BSE:SENSEX2691074000PE   69.16   84.57 CALL added 37440   PUT added 3166440  CE_OI=73300 PE_OI=5069760
pcr17 =  BSE:SENSEX2691073900PE   284.22   900.25 CALL added 1360   PUT added 1224340  CE_OI=5880 PE_OI=1671200
PCRSUM== 582.89
pcrSummation== 61.42
VOLPCRSUM== 4.0
spotLTP =  74716.58  ATM_STRIKE =  74700
IS_ATM_STRIKE_SHIFT = False  mapStrike = {74700: 74700}
avgOiPcrList2 = [np.float64(34.29)] atmStrikeNotShiftedCount= 1
False   1   1
SUPP_RES=== 74500  Buffer= 53
ANCHOR_COMPARE: spot=74716.58 fut=75150.0 basis(fut-spot)=433.42 | SR_spot(PRIMARY)=74500 SR_future=75000 SR_diff(fut-spot)=500 | PCRwin_spot(PRIMARY)=74700 PCRwin_future=75200
CEoich val =  641060.0  PEoich val =  5111640.0 , CE < PE by 87.5%
SUPP_RES TOTAL OI: CE= 793540  PE= 6606340 , CE < PE by 88.0%
INCR_CHOI: SUPP_RES=74500 role=SUPPORT first sighting (no prev cycle to diff) | cumulative CE=641060.0 PE=5111640.0
FUT_SUPP_RES=== 75000  (FUT_LTP= 75150.0 ) Buffer= 53
FUT CEoich val =  6728020.0  PEoich val =  528340.0 , CE > PE by 92.1%
FUT_SUPP_RES TOTAL OI: CE= 9227340  PE= 2155780 , CE > PE by 76.6%
OI_SUPP_RES: spot=74716.58 ATM=74700 (ATM_CE_OI=3643860 ATM_PE_OI=4797720) | SUPPORT=74500PE OI=6606340 (dist=-200) | RESISTANCE=75000CE OI=9227340 (dist=300)
OI_SUPPORT=== 74500
OI_SUPPORT CEoich val = 641060.0  PEoich val = 5111640.0 , CE < PE by 87.5%
OI_SUPPORT TOTAL OI: CE= 793540  PE= 6606340 , CE < PE by 88.0%
OI_RESISTANCE=== 75000
OI_RESISTANCE CEoich val = 6728020.0  PEoich val = 528340.0 , CE > PE by 92.1%
OI_RESISTANCE TOTAL OI: CE= 9227340  PE= 2155780 , CE > PE by 76.6%
IS_MORNING_WINDOW= False  (active 9:15-9:48 IST)
================================================
==== signal check time ==== 2026-09-10 11:03:01.662850
IS_CHOI_DIFF_GT_25PERC== True
RSI_VAL1== 45.61
RSI_VAL2== 45.61
FUT_3m_OHLC O= 75130.0  H= 75176.6  L= 75130.0  C= 75150.0  Range= 46.6
CHART_PATTERN: None
newSynthFut =  74700
ATMStrike =  74700
AVG_OIPCR= 6.82
avgoiPCROld=  34.29
SUPP_RES = 74500
FUT LTP = 75150.0
CEchoi  PechOi = 641060.0    5111640.0
====================================
AVG_VOLPCR= 0.44
atmPCR= 0.13  belowATM  0.23
atmVolPCR= 0.13  belowATM  0.29
True   75150.0   74500   False   False   45.61
India VIX = 11.82  Spot Price = 74700.43
IV Regime = HIGH (ADAPTIVE: P25= 11.04  P50= 11.29  P75= 11.49 ) | DailyRange = 1261.4 | 3minCandleRange = 66.4 (theoretical= 110.6 ) | ATMoptionMove = 29.9 | SL = 105 | Target = 105 | TrailTrigger = 30 | Spread = 300 | Buffer = 53
IV Params refreshed: {'vix': 11.82, 'bn_price': 74700.43, 'regime': 'HIGH', 'regime_thresholds': 'P25=11.04 P50=11.29 P75=11.49', 'daily_range': 1261.4, 'candle_range': 66.4, 'atm_option_move': 29.9, 'sl_point': 105, 'target_point': 105, 'sl_pct_of_premium': 0.1, 'trail_trigger': 30, 'spread_width': 300, 'support_resistance_buffer': 53}
===
====after 3 min ochain==== 2026-09-10 11:06:00.000015
                                    oipcr   choipcr   CE_OI / PE_OI (same strike)
pcr1 =  BSE:SENSEX2691075500PE   0.06   -0.01 CALL added 2565620   PUT unwind -17320  CE_OI=5126180 PE_OI=305640
pcr2 =  BSE:SENSEX2691075400CE   0.06   -0.05 CALL added 1400760   PUT unwind -72640  CE_OI=2541800 PE_OI=144960
pcr3 =  BSE:SENSEX2691075300PE   0.09   -0.06 CALL added 1993600   PUT unwind -113820  CE_OI=3564180 PE_OI=328420
pcr4 =  BSE:SENSEX2691075200CE   0.13   0.01 CALL added 3332980   PUT added 24860  CE_OI=5118000 PE_OI=659060
pcr5 =  BSE:SENSEX2691075100CE   0.13   -0.02 CALL added 2512120   PUT unwind -58180  CE_OI=4379060 PE_OI=558180
pcr6 =  BSE:SENSEX2691075000CE   0.25    0.1 CALL added 6757880   PUT added 653420  CE_OI=9257200 PE_OI=2280860
pcr7 =  BSE:SENSEX2691074900PE   0.34   0.23 CALL added 4060740   PUT added 914580  CE_OI=4868420 PE_OI=1634900
pcr8 =  BSE:SENSEX2691074800PE   0.7   0.67 CALL added 5379020   PUT added 3589520  CE_OI=6406060 PE_OI=4452740
pcr9 =  BSE:SENSEX2691074700PE   1.34   1.25 CALL added 3356640   PUT added 4203360  CE_OI=3628180 PE_OI=4860420
pcr10 =  BSE:SENSEX2691074600CE   3.4   3.1 CALL added 1140120   PUT added 3529280  CE_OI=1246080 PE_OI=4230520
pcr11 =  BSE:SENSEX2691074500PE   8.46   8.14 CALL added 637940   PUT added 5193620  CE_OI=790420 PE_OI=6688320
pcr12 =  BSE:SENSEX2691074400CE   18.86   17.49 CALL added 173280   PUT added 3031300  CE_OI=195820 PE_OI=3693200
pcr13 =  BSE:SENSEX2691074300PE   31.61   26.86 CALL added 84240   PUT added 2262600  CE_OI=96100 PE_OI=3037460
pcr14 =  BSE:SENSEX2691074200CE   41.31   33.88 CALL added 50480   PUT added 1710480  CE_OI=62040 PE_OI=2563060
pcr15 =  BSE:SENSEX2691074100CE   126.85   187.49 CALL added 7440   PUT added 1394920  CE_OI=15700 PE_OI=1991540
pcr16 =  BSE:SENSEX2691074000PE   71.34   90.11 CALL added 34900   PUT added 3144920  CE_OI=70760 PE_OI=5048240
pcr17 =  BSE:SENSEX2691073900PE   283.72   889.2 CALL added 1380   PUT added 1227100  CE_OI=5900 PE_OI=1673960
PCRSUM== 588.65
pcrSummation== 65.09
VOLPCRSUM== 3.9699999999999998
spotLTP =  74700.09  ATM_STRIKE =  74700
IS_ATM_STRIKE_SHIFT = False  mapStrike = {74700: 74700}
avgOiPcrList2 = [np.float64(34.29), np.float64(34.63)] atmStrikeNotShiftedCount= 2
False   2   2
SUPP_RES=== 74500  Buffer= 53
ANCHOR_COMPARE: spot=74700.09 fut=75150.0 basis(fut-spot)=449.91 | SR_spot(PRIMARY)=74500 SR_future=75000 SR_diff(fut-spot)=500 | PCRwin_spot(PRIMARY)=74700 PCRwin_future=75200IV_RANK_DATA: VIX_30d_High= 11.98  VIX_30d_Low= 10.48  Current= 11.82  IV_Rank= 0.89
===
====after 3 min ochain==== 2026-09-10 11:06:00.141983
                                    oipcr   choipcr   CE_OI / PE_OI (same strike)
pcr1 =  BSE:SENSEX2691075500PE   0.06   -0.01 CALL added 2565620   PUT unwind -17320  CE_OI=5126180 PE_OI=305640
pcr2 =  BSE:SENSEX2691075400CE   0.06   -0.05 CALL added 1400760   PUT unwind -72640  CE_OI=2541800 PE_OI=144960
pcr3 =  BSE:SENSEX2691075300PE   0.09   -0.06 CALL added 1993600   PUT unwind -113820  CE_OI=3564180 PE_OI=328420
pcr4 =  BSE:SENSEX2691075200CE   0.13   0.01 CALL added 3332980   PUT added 24860  CE_OI=5118000 PE_OI=659060
pcr5 =  BSE:SENSEX2691075100CE   0.13   -0.02 CALL added 2512120   PUT unwind -58180  CE_OI=4379060 PE_OI=558180
pcr6 =  BSE:SENSEX2691075000CE   0.25    0.1 CALL added 6757880   PUT added 653420  CE_OI=9257200 PE_OI=2280860
pcr7 =  BSE:SENSEX2691074900PE   0.34   0.23 CALL added 4060740   PUT added 914580  CE_OI=4868420 PE_OI=1634900
pcr8 =  BSE:SENSEX2691074800PE   0.7   0.67 CALL added 5379020   PUT added 3589520  CE_OI=6406060 PE_OI=4452740
pcr9 =  BSE:SENSEX2691074700PE   1.34   1.25 CALL added 3356640   PUT added 4203360  CE_OI=3628180 PE_OI=4860420
pcr10 =  BSE:SENSEX2691074600CE   3.4   3.1 CALL added 1140120   PUT added 3529280  CE_OI=1246080 PE_OI=4230520
pcr11 =  BSE:SENSEX2691074500PE   8.46   8.14 CALL added 637940   PUT added 5193620  CE_OI=790420 PE_OI=6688320
pcr12 =  BSE:SENSEX2691074400CE   18.86   17.49 CALL added 173280   PUT added 3031300  CE_OI=195820 PE_OI=3693200
pcr13 =  BSE:SENSEX2691074300PE   31.61   26.86 CALL added 84240   PUT added 2262600  CE_OI=96100 PE_OI=3037460
pcr14 =  BSE:SENSEX2691074200CE   41.31   33.88 CALL added 50480   PUT added 1710480  CE_OI=62040 PE_OI=2563060
pcr15 =  BSE:SENSEX2691074100CE   126.85   187.49 CALL added 7440   PUT added 1394920  CE_OI=15700 PE_OI=1991540
pcr16 =  BSE:SENSEX2691074000PE   71.34   90.11 CALL added 34900   PUT added 3144920  CE_OI=70760 PE_OI=5048240
pcr17 =  BSE:SENSEX2691073900PE   283.72   889.2 CALL added 1380   PUT added 1227100  CE_OI=5900 PE_OI=1673960
PCRSUM== 588.65
pcrSummation== 65.09
VOLPCRSUM== 3.9699999999999998
spotLTP =  74700.09  ATM_STRIKE =  74700
IS_ATM_STRIKE_SHIFT = False  mapStrike = {74700: 74700}
avgOiPcrList2 = [np.float64(34.63)] atmStrikeNotShiftedCount= 1
False   1   1
SUPP_RES=== 74500  Buffer= 53
ANCHOR_COMPARE: spot=74700.09 fut=75150.0 basis(fut-spot)=449.91 | SR_spot(PRIMARY)=74500 SR_future=75000 SR_diff(fut-spot)=500 | PCRwin_spot(PRIMARY)=74700 PCRwin_future=75200
CEoich val =  637940.0  PEoich val =  5193620.0 , CE < PE by 87.7%
SUPP_RES TOTAL OI: CE= 790420  PE= 6688320 , CE < PE by 88.2%
INCR_CHOI: SUPP_RES=74500 role=SUPPORT first sighting (no prev cycle to diff) | cumulative CE=637940.0 PE=5193620.0
FUT_SUPP_RES=== 75000  (FUT_LTP= 75150.0 ) Buffer= 53
FUT CEoich val =  6757880.0  PEoich val =  653420.0 , CE > PE by 90.3%
FUT_SUPP_RES TOTAL OI: CE= 9257200  PE= 2280860 , CE > PE by 75.4%
OI_SUPP_RES: spot=74700.09 ATM=74700 (ATM_CE_OI=3628180 ATM_PE_OI=4860420) | SUPPORT=74500PE OI=6688320 (dist=-200) | RESISTANCE=75000CE OI=9257200 (dist=300)
OI_SUPPORT=== 74500
OI_SUPPORT CEoich val = 637940.0  PEoich val = 5193620.0 , CE < PE by 87.7%
OI_SUPPORT TOTAL OI: CE= 790420  PE= 6688320 , CE < PE by 88.2%
OI_RESISTANCE=== 75000
OI_RESISTANCE CEoich val = 6757880.0  PEoich val = 653420.0 , CE > PE by 90.3%
OI_RESISTANCE TOTAL OI: CE= 9257200  PE= 2280860 , CE > PE by 75.4%
IS_MORNING_WINDOW= False  (active 9:15-9:48 IST)
================================================
==== signal check time ==== 2026-09-10 11:06:01.603633
IS_CHOI_DIFF_GT_25PERC== True
RSI_VAL1== 45.61
RSI_VAL2== 45.61
FUT_3m_OHLC O= 75150.0  H= 75150.0  L= 75150.0  C= 75150.0  Range= 0.0
CHART_PATTERN_DETECTED: INSIDE_BAR
  PATTERN_CONTEXT: Body= 0.0  Range= 0.0  ExpectedRange= 66.4  RangeRatio= 0.0  O= 75150.0  H= 75150.0  L= 75150.0  C= 75150.0
newSynthFut =  74700
ATMStrike =  74700
AVG_OIPCR= 7.23
avgoiPCROld=  34.63
SUPP_RES = 74500
FUT LTP = 75150.0
CEchoi  PechOi = 637940.0    5193620.0
====================================
AVG_VOLPCR= 0.44
atmPCR= 0.13  belowATM  0.25
atmVolPCR= 0.13  belowATM  0.29
True   75150.0   74500   False   False   45.61
India VIX = 11.81  Spot Price = 74736.54
IV Regime = HIGH (ADAPTIVE: P25= 11.04  P50= 11.29  P75= 11.49 ) | DailyRange = 1260.9 | 3minCandleRange = 66.4 (theoretical= 110.6 ) | ATMoptionMove = 29.9 | SL = 105 | Target = 105 | TrailTrigger = 30 | Spread = 300 | Buffer = 53
IV Params refreshed: {'vix': 11.81, 'bn_price': 74736.54, 'regime': 'HIGH', 'regime_thresholds': 'P25=11.04 P50=11.29 P75=11.49', 'daily_range': 1260.9, 'candle_range': 66.4, 'atm_option_move': 29.9, 'sl_point': 105, 'target_point': 105, 'sl_pct_of_premium': 0.1, 'trail_trigger': 30, 'spread_width': 300, 'support_resistance_buffer': 53}
===
====after 3 min ochain==== 2026-09-10 11:09:00.000003
                                    oipcr   choipcr   CE_OI / PE_OI (same strike)
pcr1 =  BSE:SENSEX2691075500PE   0.06   -0.01 CALL added 2565520   PUT unwind -17540  CE_OI=5126080 PE_OI=305420
pcr2 =  BSE:SENSEX2691075400CE   0.06   -0.05 CALL added 1423140   PUT unwind -72580  CE_OI=2564180 PE_OI=145020
pcr3 =  BSE:SENSEX2691075300PE   0.09   -0.06 CALL added 2008080   PUT unwind -113680  CE_OI=3578660 PE_OI=328560
pcr4 =  BSE:SENSEX2691075200CE   0.13   0.02 CALL added 3371320   PUT added 56520  CE_OI=5156340 PE_OI=690720
pcr5 =  BSE:SENSEX2691075100CE   0.13   -0.02 CALL added 2496420   PUT unwind -56260  CE_OI=4363360 PE_OI=560100
pcr6 =  BSE:SENSEX2691075000CE   0.25    0.1 CALL added 6687420   PUT added 655060  CE_OI=9186740 PE_OI=2282500
pcr7 =  BSE:SENSEX2691074900PE   0.34   0.23 CALL added 4051200   PUT added 929620  CE_OI=4858880 PE_OI=1649940
pcr8 =  BSE:SENSEX2691074800PE   0.71   0.69 CALL added 5413960   PUT added 3721300  CE_OI=6441000 PE_OI=4584520
pcr9 =  BSE:SENSEX2691074700PE   1.39   1.31 CALL added 3352720   PUT added 4381800  CE_OI=3624260 PE_OI=5038860
pcr10 =  BSE:SENSEX2691074600CE   3.46   3.17 CALL added 1149900   PUT added 3639560  CE_OI=1255860 PE_OI=4340800
pcr11 =  BSE:SENSEX2691074500PE   8.57   8.28 CALL added 640500   PUT added 5303200  CE_OI=792980 PE_OI=6797900
pcr12 =  BSE:SENSEX2691074400CE   19.32   18.02 CALL added 173700   PUT added 3129280  CE_OI=196240 PE_OI=3791180
pcr13 =  BSE:SENSEX2691074300PE   31.82   27.11 CALL added 84380   PUT added 2287140  CE_OI=96240 PE_OI=3062000
pcr14 =  BSE:SENSEX2691074200CE   41.41   34.06 CALL added 50820   PUT added 1730880  CE_OI=62380 PE_OI=2583460
pcr15 =  BSE:SENSEX2691074100CE   124.76   180.81 CALL added 7740   PUT added 1399500  CE_OI=16000 PE_OI=1996120
pcr16 =  BSE:SENSEX2691074000PE   72.74   93.13 CALL added 34600   PUT added 3222200  CE_OI=70460 PE_OI=5125520
pcr17 =  BSE:SENSEX2691073900PE   283.36   879.01 CALL added 1400   PUT added 1230620  CE_OI=5920 PE_OI=1677480
PCRSUM== 588.6
pcrSummation== 65.99
VOLPCRSUM== 3.9400000000000004
spotLTP =  74736.54  ATM_STRIKE =  74700
IS_ATM_STRIKE_SHIFT = False  mapStrike = {74700: 74700}
avgOiPcrList2 = [np.float64(34.63), np.float64(34.62)] atmStrikeNotShiftedCount= 2
False   2   2
SUPP_RES=== 74500  Buffer= 53
ANCHOR_COMPARE: spot=74736.54 fut=75150.0 basis(fut-spot)=413.46 | SR_spot(PRIMARY)=74500 SR_future=75000 SR_diff(fut-spot)=500 | PCRwin_spot(PRIMARY)=74700 PCRwin_future=75200
CEoich val =  640500.0  PEoich val =  5303200.0 , CE < PE by 87.9%
SUPP_RES TOTAL OI: CE= 792980  PE= 6797900 , CE < PE by 88.3%
INCR_CHOI: SUPP_RES=74500 role=SUPPORT fresh_CE=2560 fresh_PE=109580 -> PE_dominant by 97.7% (support HOLDING (bullish)) | cumulative CE=640500.0 PE=5303200.0
FUT_SUPP_RES=== 75000  (FUT_LTP= 75150.0 ) Buffer= 53
FUT CEoich val =  6687420.0  PEoich val =  655060.0 , CE > PE by 90.2%
FUT_SUPP_RES TOTAL OI: CE= 9186740  PE= 2282500 , CE > PE by 75.2%
OI_SUPP_RES: spot=74736.54 ATM=74700 (ATM_CE_OI=3624260 ATM_PE_OI=5038860) | SUPPORT=74500PE OI=6797900 (dist=-200) | RESISTANCE=75000CE OI=9186740 (dist=300)
OI_SUPPORT=== 74500
OI_SUPPORT CEoich val = 640500.0  PEoich val = 5303200.0 , CE < PE by 87.9%
OI_SUPPORT TOTAL OI: CE= 792980  PE= 6797900 , CE < PE by 88.3%
OI_RESISTANCE=== 75000
OI_RESISTANCE CEoich val = 6687420.0  PEoich val = 655060.0 , CE > PE by 90.2%
OI_RESISTANCE TOTAL OI: CE= 9186740  PE= 2282500 , CE > PE by 75.2%
IS_MORNING_WINDOW= False  (active 9:15-9:48 IST)
================================================
==== signal check time ==== 2026-09-10 11:09:00.741117
IS_CHOI_DIFF_GT_25PERC== True
RSI_VAL1== 45.61
RSI_VAL2== 45.61
FUT_3m_OHLC O= 75150.0  H= 75150.0  L= 75150.0  C= 75150.0  Range= 0.0
CHART_PATTERN_DETECTED: INSIDE_BAR
  PATTERN_CONTEXT: Body= 0.0  Range= 0.0  ExpectedRange= 66.4  RangeRatio= 0.0  O= 75150.0  H= 75150.0  L= 75150.0  C= 75150.0
newSynthFut =  74700
ATMStrike =  74700
AVG_OIPCR= 7.33
avgoiPCROld=  34.62
SUPP_RES = 74500
FUT LTP = 75150.0
CEchoi  PechOi = 640500.0    5303200.0
====================================
AVG_VOLPCR= 0.44
atmPCR= 0.13  belowATM  0.25
atmVolPCR= 0.13  belowATM  0.29
True   75150.0   74500   False   False   45.61
India VIX = 11.79  Spot Price = 74731.06
IV Regime = HIGH (ADAPTIVE: P25= 11.04  P50= 11.29  P75= 11.49 ) | DailyRange = 1258.7 | 3minCandleRange = 66.2 (theoretical= 110.4 ) | ATMoptionMove = 29.8 | SL = 104 | Target = 104 | TrailTrigger = 30 | Spread = 300 | Buffer = 53
IV Params refreshed: {'vix': 11.79, 'bn_price': 74731.06, 'regime': 'HIGH', 'regime_thresholds': 'P25=11.04 P50=11.29 P75=11.49', 'daily_range': 1258.7, 'candle_range': 66.2, 'atm_option_move': 29.8, 'sl_point': 104, 'target_point': 104, 'sl_pct_of_premium': 0.1, 'trail_trigger': 30, 'spread_width': 300, 'support_resistance_buffer': 53}
===
====after 3 min ochain==== 2026-09-10 11:12:00.000008
                                    oipcr   choipcr   CE_OI / PE_OI (same strike)
pcr1 =  BSE:SENSEX2691075500PE   0.06   -0.01 CALL added 2573300   PUT unwind -17220  CE_OI=5133860 PE_OI=305740
pcr2 =  BSE:SENSEX2691075400CE   0.06   -0.05 CALL added 1423340   PUT unwind -72600  CE_OI=2564380 PE_OI=145000
pcr3 =  BSE:SENSEX2691075300PE   0.09   -0.06 CALL added 2007600   PUT unwind -114380  CE_OI=3578180 PE_OI=327860
pcr4 =  BSE:SENSEX2691075200CE   0.14   0.02 CALL added 3333080   PUT added 68340  CE_OI=5118100 PE_OI=702540
pcr5 =  BSE:SENSEX2691075100CE   0.13   -0.02 CALL added 2500480   PUT unwind -50780  CE_OI=4367420 PE_OI=565580
pcr6 =  BSE:SENSEX2691075000CE   0.25    0.1 CALL added 6655360   PUT added 683700  CE_OI=9154680 PE_OI=2311140
pcr7 =  BSE:SENSEX2691074900PE   0.35   0.24 CALL added 4028920   PUT added 975040  CE_OI=4836600 PE_OI=1695360
pcr8 =  BSE:SENSEX2691074800PE   0.72   0.69 CALL added 5378940   PUT added 3721300  CE_OI=6405980 PE_OI=4584520
pcr9 =  BSE:SENSEX2691074700PE   1.4   1.32 CALL added 3352720   PUT added 4425860  CE_OI=3624260 PE_OI=5082920
pcr10 =  BSE:SENSEX2691074600CE   3.43   3.14 CALL added 1160820   PUT added 3639560  CE_OI=1266780 PE_OI=4340800
pcr11 =  BSE:SENSEX2691074500PE   8.59   8.31 CALL added 640500   PUT added 5320220  CE_OI=792980 PE_OI=6814920
pcr12 =  BSE:SENSEX2691074400CE   19.44   18.15 CALL added 173300   PUT added 3145360  CE_OI=195840 PE_OI=3807260
pcr13 =  BSE:SENSEX2691074300PE   31.71   27.0 CALL added 84620   PUT added 2284480  CE_OI=96480 PE_OI=3059340
pcr14 =  BSE:SENSEX2691074200CE   35.67   28.43 CALL added 60860   PUT added 1730480  CE_OI=72420 PE_OI=2583060
pcr15 =  BSE:SENSEX2691074100CE   128.45   192.24 CALL added 7280   PUT added 1399500  CE_OI=15540 PE_OI=1996120
pcr16 =  BSE:SENSEX2691074000PE   71.8   90.88 CALL added 35180   PUT added 3197040  CE_OI=71040 PE_OI=5100360
pcr17 =  BSE:SENSEX2691073900PE   283.33   870.52 CALL added 1420   PUT added 1236140  CE_OI=5940 PE_OI=1683000

CEoich val =  637940.0  PEoich val =  5193620.0 , CE < PE by 87.7%
SUPP_RES TOTAL OI: CE= 790420  PE= 6688320 , CE < PE by 88.2%
INCR_CHOI: SUPP_RES=74500 role=SUPPORT fresh_CE=-3120 fresh_PE=81980 -> PE_dominant by 103.8% (support HOLDING (bullish)) | cumulative CE=637940.0 PE=5193620.0
FUT_SUPP_RES=== 75000  (FUT_LTP= 75150.0 ) Buffer= 53
FUT CEoich val =  6757880.0  PEoich val =  653420.0 , CE > PE by 90.3%
FUT_SUPP_RES TOTAL OI: CE= 9257200  PE= 2280860 , CE > PE by 75.4%
OI_SUPP_RES: spot=74700.09 ATM=74700 (ATM_CE_OI=3628180 ATM_PE_OI=4860420) | SUPPORT=74500PE OI=6688320 (dist=-200) | RESISTANCE=75000CE OI=9257200 (dist=300)
OI_SUPPORT=== 74500
OI_SUPPORT CEoich val = 637940.0  PEoich val = 5193620.0 , CE < PE by 87.7%
OI_SUPPORT TOTAL OI: CE= 790420  PE= 6688320 , CE < PE by 88.2%
OI_RESISTANCE=== 75000
OI_RESISTANCE CEoich val = 6757880.0  PEoich val = 653420.0 , CE > PE by 90.3%
OI_RESISTANCE TOTAL OI: CE= 9257200  PE= 2280860 , CE > PE by 75.4%
IS_MORNING_WINDOW= False  (active 9:15-9:48 IST)
================================================
==== signal check time ==== 2026-09-10 11:06:00.684539
IS_CHOI_DIFF_GT_25PERC== True
RSI_VAL1== 45.61
RSI_VAL2== 45.61
FUT_3m_OHLC O= 75150.0  H= 75150.0  L= 75150.0  C= 75150.0  Range= 0.0
CHART_PATTERN_DETECTED: INSIDE_BAR
  PATTERN_CONTEXT: Body= 0.0  Range= 0.0  ExpectedRange= 66.4  RangeRatio= 0.0  O= 75150.0  H= 75150.0  L= 75150.0  C= 75150.0
newSynthFut =  74700
ATMStrike =  74700
AVG_OIPCR= 7.23
avgoiPCROld=  34.63
SUPP_RES = 74500
FUT LTP = 75150.0
CEchoi  PechOi = 637940.0    5193620.0
====================================
AVG_VOLPCR= 0.44
atmPCR= 0.13  belowATM  0.25
atmVolPCR= 0.13  belowATM  0.29
True   75150.0   74500   False   False   45.61
India VIX = 11.81  Spot Price = 74736.54
IV Regime = HIGH (ADAPTIVE: P25= 11.04  P50= 11.29  P75= 11.49 ) | DailyRange = 1260.9 | 3minCandleRange = 66.4 (theoretical= 110.6 ) | ATMoptionMove = 29.9 | SL = 105 | Target = 105 | TrailTrigger = 30 | Spread = 300 | Buffer = 53
IV Params refreshed: {'vix': 11.81, 'bn_price': 74736.54, 'regime': 'HIGH', 'regime_thresholds': 'P25=11.04 P50=11.29 P75=11.49', 'daily_range': 1260.9, 'candle_range': 66.4, 'atm_option_move': 29.9, 'sl_point': 105, 'target_point': 105, 'sl_pct_of_premium': 0.1, 'trail_trigger': 30, 'spread_width': 300, 'support_resistance_buffer': 53}
===
====after 3 min ochain==== 2026-09-10 11:09:00.000003
                                    oipcr   choipcr   CE_OI / PE_OI (same strike)
pcr1 =  BSE:SENSEX2691075500PE   0.06   -0.01 CALL added 2565520   PUT unwind -17540  CE_OI=5126080 PE_OI=305420
pcr2 =  BSE:SENSEX2691075400CE   0.06   -0.05 CALL added 1423140   PUT unwind -72580  CE_OI=2564180 PE_OI=145020
pcr3 =  BSE:SENSEX2691075300PE   0.09   -0.06 CALL added 2008080   PUT unwind -113680  CE_OI=3578660 PE_OI=328560
pcr4 =  BSE:SENSEX2691075200CE   0.13   0.02 CALL added 3371320   PUT added 56520  CE_OI=5156340 PE_OI=690720
pcr5 =  BSE:SENSEX2691075100CE   0.13   -0.02 CALL added 2496420   PUT unwind -56260  CE_OI=4363360 PE_OI=560100
pcr6 =  BSE:SENSEX2691075000CE   0.25    0.1 CALL added 6687420   PUT added 655060  CE_OI=9186740 PE_OI=2282500
pcr7 =  BSE:SENSEX2691074900PE   0.34   0.23 CALL added 4051200   PUT added 929620  CE_OI=4858880 PE_OI=1649940
pcr8 =  BSE:SENSEX2691074800PE   0.71   0.69 CALL added 5413960   PUT added 3721300  CE_OI=6441000 PE_OI=4584520
pcr9 =  BSE:SENSEX2691074700PE   1.39   1.31 CALL added 3352720   PUT added 4381800  CE_OI=3624260 PE_OI=5038860
pcr10 =  BSE:SENSEX2691074600CE   3.46   3.17 CALL added 1149900   PUT added 3639560  CE_OI=1255860 PE_OI=4340800
pcr11 =  BSE:SENSEX2691074500PE   8.57   8.28 CALL added 640500   PUT added 5303200  CE_OI=792980 PE_OI=6797900
pcr12 =  BSE:SENSEX2691074400CE   19.32   18.02 CALL added 173700   PUT added 3129280  CE_OI=196240 PE_OI=3791180
pcr13 =  BSE:SENSEX2691074300PE   31.82   27.11 CALL added 84380   PUT added 2287140  CE_OI=96240 PE_OI=3062000
pcr14 =  BSE:SENSEX2691074200CE   41.41   34.06 CALL added 50820   PUT added 1730880  CE_OI=62380 PE_OI=2583460
pcr15 =  BSE:SENSEX2691074100CE   124.76   180.81 CALL added 7740   PUT added 1399500  CE_OI=16000 PE_OI=1996120
pcr16 =  BSE:SENSEX2691074000PE   72.74   93.13 CALL added 34600   PUT added 3222200  CE_OI=70460 PE_OI=5125520
pcr17 =  BSE:SENSEX2691073900PE   283.36   879.01 CALL added 1400   PUT added 1230620  CE_OI=5920 PE_OI=1677480
PCRSUM== 588.6
pcrSummation== 65.99
VOLPCRSUM== 3.9400000000000004
spotLTP =  74736.54  ATM_STRIKE =  74700
IS_ATM_STRIKE_SHIFT = False  mapStrike = {74700: 74700}
avgOiPcrList2 = [np.float64(34.29), np.float64(34.63), np.float64(34.62)] atmStrikeNotShiftedCount= 3
False   3   3
SUPP_RES=== 74500  Buffer= 53
ANCHOR_COMPARE: spot=74736.54 fut=75150.0 basis(fut-spot)=413.46 | SR_spot(PRIMARY)=74500 SR_future=75000 SR_diff(fut-spot)=500 | PCRwin_spot(PRIMARY)=74700 PCRwin_future=75200
CEoich val =  640500.0  PEoich val =  5303200.0 , CE < PE by 87.9%
SUPP_RES TOTAL OI: CE= 792980  PE= 6797900 , CE < PE by 88.3%
INCR_CHOI: SUPP_RES=74500 role=SUPPORT fresh_CE=2560 fresh_PE=109580 -> PE_dominant by 97.7% (support HOLDING (bullish)) | cumulative CE=640500.0 PE=5303200.0
FUT_SUPP_RES=== 75000  (FUT_LTP= 75150.0 ) Buffer= 53
FUT CEoich val =  6687420.0  PEoich val =  655060.0 , CE > PE by 90.2%
FUT_SUPP_RES TOTAL OI: CE= 9186740  PE= 2282500 , CE > PE by 75.2%
OI_SUPP_RES: spot=74736.54 ATM=74700 (ATM_CE_OI=3624260 ATM_PE_OI=5038860) | SUPPORT=74500PE OI=6797900 (dist=-200) | RESISTANCE=75000CE OI=9186740 (dist=300)
OI_SUPPORT=== 74500
OI_SUPPORT CEoich val = 640500.0  PEoich val = 5303200.0 , CE < PE by 87.9%
OI_SUPPORT TOTAL OI: CE= 792980  PE= 6797900 , CE < PE by 88.3%
OI_RESISTANCE=== 75000
OI_RESISTANCE CEoich val = 6687420.0  PEoich val = 655060.0 , CE > PE by 90.2%
OI_RESISTANCE TOTAL OI: CE= 9186740  PE= 2282500 , CE > PE by 75.2%
IS_MORNING_WINDOW= False  (active 9:15-9:48 IST)
================================================
==== signal check time ==== 2026-09-10 11:09:00.726934
IS_CHOI_DIFF_GT_25PERC== True
RSI_VAL1== 45.61
RSI_VAL2== 45.61
FUT_3m_OHLC O= 75150.0  H= 75150.0  L= 75150.0  C= 75150.0  Range= 0.0
CHART_PATTERN_DETECTED: INSIDE_BAR
  PATTERN_CONTEXT: Body= 0.0  Range= 0.0  ExpectedRange= 66.4  RangeRatio= 0.0  O= 75150.0  H= 75150.0  L= 75150.0  C= 75150.0
recent two = [np.float64(34.63), np.float64(34.62)]
newSynthFut =  74700
ATMStrike =  74700
AVG_OIPCR= 7.33
avgoiPCROld=  34.62
SUPP_RES = 74500
FUT LTP = 75150.0
CEchoi  PechOi = 640500.0    5303200.0
====================================
AVG_VOLPCR= 0.44
atmPCR= 0.13  belowATM  0.25
atmVolPCR= 0.13  belowATM  0.29
True   75150.0   74500   False   False   45.61
India VIX = 11.79  Spot Price = 74731.06
IV Regime = HIGH (ADAPTIVE: P25= 11.04  P50= 11.29  P75= 11.49 ) | DailyRange = 1258.7 | 3minCandleRange = 66.2 (theoretical= 110.4 ) | ATMoptionMove = 29.8 | SL = 104 | Target = 104 | TrailTrigger = 30 | Spread = 300 | Buffer = 53
IV Params refreshed: {'vix': 11.79, 'bn_price': 74731.06, 'regime': 'HIGH', 'regime_thresholds': 'P25=11.04 P50=11.29 P75=11.49', 'daily_range': 1258.7, 'candle_range': 66.2, 'atm_option_move': 29.8, 'sl_point': 104, 'target_point': 104, 'sl_pct_of_premium': 0.1, 'trail_trigger': 30, 'spread_width': 300, 'support_resistance_buffer': 53}
===
====after 3 min ochain==== 2026-09-10 11:12:00.000008
                                    oipcr   choipcr   CE_OI / PE_OI (same strike)
pcr1 =  BSE:SENSEX2691075500PE   0.06   -0.01 CALL added 2573300   PUT unwind -17220  CE_OI=5133860 PE_OI=305740
pcr2 =  BSE:SENSEX2691075400CE   0.06   -0.05 CALL added 1423340   PUT unwind -72600  CE_OI=2564380 PE_OI=145000
pcr3 =  BSE:SENSEX2691075300PE   0.09   -0.06 CALL added 2007600   PUT unwind -114380  CE_OI=3578180 PE_OI=327860
pcr4 =  BSE:SENSEX2691075200CE   0.14   0.02 CALL added 3333080   PUT added 68340  CE_OI=5118100 PE_OI=702540
pcr5 =  BSE:SENSEX2691075100CE   0.13   -0.02 CALL added 2500480   PUT unwind -50780  CE_OI=4367420 PE_OI=565580
pcr6 =  BSE:SENSEX2691075000CE   0.25    0.1 CALL added 6655360   PUT added 683700  CE_OI=9154680 PE_OI=2311140
pcr7 =  BSE:SENSEX2691074900PE   0.35   0.24 CALL added 4028920   PUT added 975040  CE_OI=4836600 PE_OI=1695360PCRSUM== 585.62
pcrSummation== 66.02
VOLPCRSUM== 3.93
spotLTP =  74731.06  ATM_STRIKE =  74700
IS_ATM_STRIKE_SHIFT = False  mapStrike = {74700: 74700}
avgOiPcrList2 = [np.float64(34.63), np.float64(34.62), np.float64(34.45)] atmStrikeNotShiftedCount= 3
False   3   3
SUPP_RES=== 74500  Buffer= 53
ANCHOR_COMPARE: spot=74731.06 fut=75192.05 basis(fut-spot)=460.99 | SR_spot(PRIMARY)=74500 SR_future=75000 SR_diff(fut-spot)=500 | PCRwin_spot(PRIMARY)=74700 PCRwin_future=75200
CEoich val =  640500.0  PEoich val =  5320220.0 , CE < PE by 88.0%
SUPP_RES TOTAL OI: CE= 792980  PE= 6814920 , CE < PE by 88.4%
INCR_CHOI: SUPP_RES=74500 role=SUPPORT fresh_CE=0 fresh_PE=17020 -> PE_dominant by 100.0% (support HOLDING (bullish)) | cumulative CE=640500.0 PE=5320220.0
FUT_SUPP_RES=== 75000  (FUT_LTP= 75192.05 ) Buffer= 53
FUT CEoich val =  6655360.0  PEoich val =  683700.0 , CE > PE by 89.7%
FUT_SUPP_RES TOTAL OI: CE= 9154680  PE= 2311140 , CE > PE by 74.8%
OI_SUPP_RES: spot=74731.06 ATM=74700 (ATM_CE_OI=3624260 ATM_PE_OI=5082920) | SUPPORT=74500PE OI=6814920 (dist=-200) | RESISTANCE=75000CE OI=9154680 (dist=300)
OI_SUPPORT=== 74500
OI_SUPPORT CEoich val = 640500.0  PEoich val = 5320220.0 , CE < PE by 88.0%
OI_SUPPORT TOTAL OI: CE= 792980  PE= 6814920 , CE < PE by 88.4%
OI_RESISTANCE=== 75000
OI_RESISTANCE CEoich val = 6655360.0  PEoich val = 683700.0 , CE > PE by 89.7%
OI_RESISTANCE TOTAL OI: CE= 9154680  PE= 2311140 , CE > PE by 74.8%
IS_MORNING_WINDOW= False  (active 9:15-9:48 IST)
================================================
==== signal check time ==== 2026-09-10 11:12:00.655429
IS_CHOI_DIFF_GT_25PERC== True
RSI_VAL1== 53.74
RSI_VAL2== 53.74
FUT_3m_OHLC O= 75150.0  H= 75192.8  L= 75150.0  C= 75192.0  Range= 42.8
CHART_PATTERN_DETECTED: DOUBLE_TOP_FORMING | DOUBLE_BOTTOM_FORMING
  PATTERN_CONTEXT: Body= 42.1  Range= 42.8  ExpectedRange= 66.2  RangeRatio= 0.65  O= 75150.0  H= 75192.8  L= 75150.0  C= 75192.0
isPcrDecr = True
newSynthFut =  74700
ATMStrike =  74700
AVG_OIPCR= 7.34
avgoiPCROld=  34.45
SUPP_RES = 74500
FUT LTP = 75192.05
CEchoi  PechOi = 640500.0    5320220.0
====================================
AVG_VOLPCR= 0.44
atmPCR= 0.13  belowATM  0.25
atmVolPCR= 0.13  belowATM  0.29
True   75192.05   74500   False   True   53.74
no trade yet = [np.float64(34.63), np.float64(34.62), np.float64(34.45)]
India VIX = 11.76  Spot Price = 74784.2
IV Regime = HIGH (ADAPTIVE: P25= 11.04  P50= 11.29  P75= 11.49 ) | DailyRange = 1256.4 | 3minCandleRange = 66.1 (theoretical= 110.2 ) | ATMoptionMove = 29.8 | SL = 104 | Target = 104 | TrailTrigger = 30 | Spread = 300 | Buffer = 53
IV Params refreshed: {'vix': 11.76, 'bn_price': 74784.2, 'regime': 'HIGH', 'regime_thresholds': 'P25=11.04 P50=11.29 P75=11.49', 'daily_range': 1256.4, 'candle_range': 66.1, 'atm_option_move': 29.8, 'sl_point': 104, 'target_point': 104, 'sl_pct_of_premium': 0.1, 'trail_trigger': 30, 'spread_width': 300, 'support_resistance_buffer': 53}
===
====after 3 min ochain==== 2026-09-10 11:15:00.000006
                                    oipcr   choipcr   CE_OI / PE_OI (same strike)
pcr1 =  BSE:SENSEX2691075600PE   0.04   -0.06 CALL added 1202960   PUT unwind -67680  CE_OI=2519740 PE_OI=92400
pcr2 =  BSE:SENSEX2691075500PE   0.06   -0.01 CALL added 2622620   PUT unwind -18040  CE_OI=5183180 PE_OI=304920
pcr3 =  BSE:SENSEX2691075400CE   0.06   -0.05 CALL added 1444860   PUT unwind -72520  CE_OI=2585900 PE_OI=145080
pcr4 =  BSE:SENSEX2691075300PE   0.09   -0.06 CALL added 2023540   PUT unwind -114180  CE_OI=3594120 PE_OI=328060
pcr5 =  BSE:SENSEX2691075200CE   0.14   0.02 CALL added 3335080   PUT added 72160  CE_OI=5120100 PE_OI=706360
pcr6 =  BSE:SENSEX2691075100CE   0.13    -0.01 CALL added 2542060   PUT unwind -29500  CE_OI=4409000 PE_OI=586860
pcr7 =  BSE:SENSEX2691075000CE   0.26   0.12 CALL added 6568580   PUT added 760740  CE_OI=9067900 PE_OI=2388180
pcr8 =  BSE:SENSEX2691074900PE   0.36   0.25 CALL added 4009420   PUT added 1013520  CE_OI=4817100 PE_OI=1733840
pcr9 =  BSE:SENSEX2691074800PE   0.75   0.73 CALL added 5314220   PUT added 3866280  CE_OI=6341260 PE_OI=4729500
pcr10 =  BSE:SENSEX2691074700PE   1.5   1.42 CALL added 3257480   PUT added 4619820  CE_OI=3529020 PE_OI=5276880
pcr11 =  BSE:SENSEX2691074600CE   3.51   3.22 CALL added 1154040   PUT added 3715700  CE_OI=1260000 PE_OI=4416940
pcr12 =  BSE:SENSEX2691074500PE   8.98   8.77 CALL added 607100   PUT added 5326500  CE_OI=759580 PE_OI=6821200
pcr13 =  BSE:SENSEX2691074400CE   20.96   19.78 CALL added 159900   PUT added 3162200  CE_OI=182440 PE_OI=3824100
pcr14 =  BSE:SENSEX2691074300PE   32.79   28.19 CALL added 83900   PUT added 2365480  CE_OI=95760 PE_OI=3140340
pcr15 =  BSE:SENSEX2691074200CE   36.86   29.55 CALL added 58280   PUT added 1722000  CE_OI=69840 PE_OI=2574580
pcr16 =  BSE:SENSEX2691074100CE   128.57   194.29 CALL added 7080   PUT added 1375600  CE_OI=15340 PE_OI=1972220
pcr17 =  BSE:SENSEX2691074000PE   71.76   91.26 CALL added 34360   PUT added 3135560  CE_OI=70220 PE_OI=5038880
PCRSUM== 306.82
pcrSummation== 36.59
VOLPCRSUM== 2.19
spotLTP =  74784.2  ATM_STRIKE =  74800
IS_ATM_STRIKE_SHIFT = True  mapStrike = {74800: 74800}
avgOiPcrList2 = [np.float64(18.05)] atmStrikeNotShiftedCount= 1
True   1   1
SUPP_RES=== 75000  Buffer= 53
ANCHOR_COMPARE: spot=74784.2 fut=75200.0 basis(fut-spot)=415.8 | SR_spot(PRIMARY)=75000 SR_future=75000 SR_diff(fut-spot)=0 | PCRwin_spot(PRIMARY)=74800 PCRwin_future=75200
CEoich val =  6568580.0  PEoich val =  760740.0 , CE > PE by 88.4%
SUPP_RES TOTAL OI: CE= 9067900  PE= 2388180 , CE > PE by 73.7%
INCR_CHOI: SUPP_RES=75000 role=RESISTANCE first sighting (no prev cycle to diff) | cumulative CE=6568580.0 PE=760740.0
FUT_SUPP_RES=== 75000  (FUT_LTP= 75200.0 ) Buffer= 53
FUT CEoich val =  6568580.0  PEoich val =  760740.0 , CE > PE by 88.4%
FUT_SUPP_RES TOTAL OI: CE= 9067900  PE= 2388180 , CE > PE by 73.7%
OI_SUPP_RES: spot=74784.2 ATM=74800 (ATM_CE_OI=6341260 ATM_PE_OI=4729500) | SUPPORT=74500PE OI=6821200 (dist=-300) | RESISTANCE=75000CE OI=9067900 (dist=200)
OI_SUPPORT=== 74500
OI_SUPPORT CEoich val = 607100.0  PEoich val = 5326500.0 , CE < PE by 88.6%
OI_SUPPORT TOTAL OI: CE= 759580  PE= 6821200 , CE < PE by 88.9%
OI_RESISTANCE=== 75000
OI_RESISTANCE CEoich val = 6568580.0  PEoich val = 760740.0 , CE > PE by 88.4%
OI_RESISTANCE TOTAL OI: CE= 9067900  PE= 2388180 , CE > PE by 73.7%
IS_MORNING_WINDOW= False  (active 9:15-9:48 IST)
================================================
==== signal check time ==== 2026-09-10 11:15:00.672673
IS_CHOI_DIFF_GT_25PERC== True

pcr8 =  BSE:SENSEX2691074800PE   0.72   0.69 CALL added 5378940   PUT added 3721300  CE_OI=6405980 PE_OI=4584520
pcr9 =  BSE:SENSEX2691074700PE   1.4   1.32 CALL added 3352720   PUT added 4425860  CE_OI=3624260 PE_OI=5082920
pcr10 =  BSE:SENSEX2691074600CE   3.43   3.14 CALL added 1160820   PUT added 3639560  CE_OI=1266780 PE_OI=4340800
pcr11 =  BSE:SENSEX2691074500PE   8.59   8.31 CALL added 640500   PUT added 5320220  CE_OI=792980 PE_OI=6814920
pcr12 =  BSE:SENSEX2691074400CE   19.44   18.15 CALL added 173300   PUT added 3145360  CE_OI=195840 PE_OI=3807260
pcr13 =  BSE:SENSEX2691074300PE   31.71   27.0 CALL added 84620   PUT added 2284480  CE_OI=96480 PE_OI=3059340
pcr14 =  BSE:SENSEX2691074200CE   35.67   28.43 CALL added 60860   PUT added 1730480  CE_OI=72420 PE_OI=2583060
pcr15 =  BSE:SENSEX2691074100CE   128.45   192.24 CALL added 7280   PUT added 1399500  CE_OI=15540 PE_OI=1996120
pcr16 =  BSE:SENSEX2691074000PE   71.8   90.88 CALL added 35180   PUT added 3197040  CE_OI=71040 PE_OI=5100360
pcr17 =  BSE:SENSEX2691073900PE   283.33   870.52 CALL added 1420   PUT added 1236140  CE_OI=5940 PE_OI=1683000
PCRSUM== 585.62
pcrSummation== 66.02
VOLPCRSUM== 3.93
spotLTP =  74731.06  ATM_STRIKE =  74700
IS_ATM_STRIKE_SHIFT = False  mapStrike = {74700: 74700}
avgOiPcrList2 = [np.float64(34.63), np.float64(34.62), np.float64(34.45)] atmStrikeNotShiftedCount= 4
False   4   3
SUPP_RES=== 74500  Buffer= 53
ANCHOR_COMPARE: spot=74731.06 fut=75192.05 basis(fut-spot)=460.99 | SR_spot(PRIMARY)=74500 SR_future=75000 SR_diff(fut-spot)=500 | PCRwin_spot(PRIMARY)=74700 PCRwin_future=75200
CEoich val =  640500.0  PEoich val =  5320220.0 , CE < PE by 88.0%
SUPP_RES TOTAL OI: CE= 792980  PE= 6814920 , CE < PE by 88.4%
INCR_CHOI: SUPP_RES=74500 role=SUPPORT fresh_CE=0 fresh_PE=17020 -> PE_dominant by 100.0% (support HOLDING (bullish)) | cumulative CE=640500.0 PE=5320220.0
FUT_SUPP_RES=== 75000  (FUT_LTP= 75192.05 ) Buffer= 53
FUT CEoich val =  6655360.0  PEoich val =  683700.0 , CE > PE by 89.7%
FUT_SUPP_RES TOTAL OI: CE= 9154680  PE= 2311140 , CE > PE by 74.8%
OI_SUPP_RES: spot=74731.06 ATM=74700 (ATM_CE_OI=3624260 ATM_PE_OI=5082920) | SUPPORT=74500PE OI=6814920 (dist=-200) | RESISTANCE=75000CE OI=9154680 (dist=300)
OI_SUPPORT=== 74500
OI_SUPPORT CEoich val = 640500.0  PEoich val = 5320220.0 , CE < PE by 88.0%
OI_SUPPORT TOTAL OI: CE= 792980  PE= 6814920 , CE < PE by 88.4%
OI_RESISTANCE=== 75000
OI_RESISTANCE CEoich val = 6655360.0  PEoich val = 683700.0 , CE > PE by 89.7%
OI_RESISTANCE TOTAL OI: CE= 9154680  PE= 2311140 , CE > PE by 74.8%
IS_MORNING_WINDOW= False  (active 9:15-9:48 IST)
================================================
==== signal check time ==== 2026-09-10 11:12:00.693109
IS_CHOI_DIFF_GT_25PERC== True
RSI_VAL1== 53.74
RSI_VAL2== 53.74
FUT_3m_OHLC O= 75150.0  H= 75192.8  L= 75150.0  C= 75192.0  Range= 42.8
CHART_PATTERN_DETECTED: DOUBLE_TOP_FORMING | DOUBLE_BOTTOM_FORMING
  PATTERN_CONTEXT: Body= 42.1  Range= 42.8  ExpectedRange= 66.2  RangeRatio= 0.65  O= 75150.0  H= 75192.8  L= 75150.0  C= 75192.0
isPcrDecr = True
newSynthFut =  74700
ATMStrike =  74700
AVG_OIPCR= 7.34
avgoiPCROld=  34.45
SUPP_RES = 74500
FUT LTP = 75192.05
CEchoi  PechOi = 640500.0    5320220.0
====================================
AVG_VOLPCR= 0.44
atmPCR= 0.13  belowATM  0.25
atmVolPCR= 0.13  belowATM  0.29
True   75192.05   74500   False   True   53.74
no trade yet = [np.float64(34.63), np.float64(34.62), np.float64(34.45)]
India VIX = 11.76  Spot Price = 74784.2
IV Regime = HIGH (ADAPTIVE: P25= 11.04  P50= 11.29  P75= 11.49 ) | DailyRange = 1256.4 | 3minCandleRange = 66.1 (theoretical= 110.2 ) | ATMoptionMove = 29.8 | SL = 104 | Target = 104 | TrailTrigger = 30 | Spread = 300 | Buffer = 53
IV Params refreshed: {'vix': 11.76, 'bn_price': 74784.2, 'regime': 'HIGH', 'regime_thresholds': 'P25=11.04 P50=11.29 P75=11.49', 'daily_range': 1256.4, 'candle_range': 66.1, 'atm_option_move': 29.8, 'sl_point': 104, 'target_point': 104, 'sl_pct_of_premium': 0.1, 'trail_trigger': 30, 'spread_width': 300, 'support_resistance_buffer': 53}
===
====after 3 min ochain==== 2026-09-10 11:15:00.000007
                                    oipcr   choipcr   CE_OI / PE_OI (same strike)
pcr1 =  BSE:SENSEX2691075600PE   0.04   -0.06 CALL added 1202960   PUT unwind -67680  CE_OI=2519740 PE_OI=92400
pcr2 =  BSE:SENSEX2691075500PE   0.06   -0.01 CALL added 2622620   PUT unwind -18040  CE_OI=5183180 PE_OI=304920
pcr3 =  BSE:SENSEX2691075400CE   0.06   -0.05 CALL added 1444860   PUT unwind -72520  CE_OI=2585900 PE_OI=145080
pcr4 =  BSE:SENSEX2691075300PE   0.09   -0.06 CALL added 2023540   PUT unwind -114180  CE_OI=3594120 PE_OI=328060
pcr5 =  BSE:SENSEX2691075200CE   0.14   0.02 CALL added 3335080   PUT added 72160  CE_OI=5120100 PE_OI=706360
pcr6 =  BSE:SENSEX2691075100CE   0.13    -0.01 CALL added 2542060   PUT unwind -29500  CE_OI=4409000 PE_OI=586860
pcr7 =  BSE:SENSEX2691075000CE   0.26   0.12 CALL added 6568580   PUT added 760740  CE_OI=9067900 PE_OI=2388180
pcr8 =  BSE:SENSEX2691074900PE   0.36   0.25 CALL added 4009420   PUT added 1013520  CE_OI=4817100 PE_OI=1733840
pcr9 =  BSE:SENSEX2691074800PE   0.75   0.73 CALL added 5314220   PUT added 3866280  CE_OI=6341260 PE_OI=4729500
pcr10 =  BSE:SENSEX2691074700PE   1.5   1.42 CALL added 3257480   PUT added 4619820  CE_OI=3529020 PE_OI=5276880
pcr11 =  BSE:SENSEX2691074600CE   3.51   3.22 CALL added 1154040   PUT added 3715700  CE_OI=1260000 PE_OI=4416940
pcr12 =  BSE:SENSEX2691074500PE   8.98   8.77 CALL added 607100   PUT added 5326500  CE_OI=759580 PE_OI=6821200
pcr13 =  BSE:SENSEX2691074400CE   20.96   19.78 CALL added 159900   PUT added 3162200  CE_OI=182440 PE_OI=3824100
pcr14 =  BSE:SENSEX2691074300PE   32.79   28.19 CALL added 83900   PUT added 2365480  CE_OI=95760 PE_OI=3140340
pcr15 =  BSE:SENSEX2691074200CE   36.86   29.55 CALL added 58280   PUT added 1722000  CE_OI=69840 PE_OI=2574580
pcr16 =  BSE:SENSEX2691074100CE   128.57   194.29 CALL added 7080   PUT added 1375600  CE_OI=15340 PE_OI=1972220
pcr17 =  BSE:SENSEX2691074000PE   71.76   91.26 CALL added 34360   PUT added 3135560  CE_OI=70220 PE_OI=5038880
PCRSUM== 306.82
pcrSummation== 36.59
VOLPCRSUM== 2.19
spotLTP =  74784.2  ATM_STRIKE =  74800
IS_ATM_STRIKE_SHIFT = True  mapStrike = {74800: 74800}
avgOiPcrList2 = [np.float64(18.05)] atmStrikeNotShiftedCount= 1
True   1   1
SUPP_RES=== 75000  Buffer= 53
ANCHOR_COMPARE: spot=74784.2 fut=75200.0 basis(fut-spot)=415.8 | SR_spot(PRIMARY)=75000 SR_future=75000 SR_diff(fut-spot)=0 | PCRwin_spot(PRIMARY)=74800 PCRwin_future=75200
CEoich val =  6568580.0  PEoich val =  760740.0 , CE > PE by 88.4%
SUPP_RES TOTAL OI: CE= 9067900  PE= 2388180 , CE > PE by 73.7%
INCR_CHOI: SUPP_RES=75000 role=RESISTANCE first sighting (no prev cycle to diff) | cumulative CE=6568580.0 PE=760740.0
FUT_SUPP_RES=== 75000  (FUT_LTP= 75200.0 ) Buffer= 53
FUT CEoich val =  6568580.0  PEoich val =  760740.0 , CE > PE by 88.4%
FUT_SUPP_RES TOTAL OI: CE= 9067900  PE= 2388180 , CE > PE by 73.7%
OI_SUPP_RES: spot=74784.2 ATM=74800 (ATM_CE_OI=6341260 ATM_PE_OI=4729500) | SUPPORT=74500PE OI=6821200 (dist=-300) | RESISTANCE=75000CE OI=9067900 (dist=200)
OI_SUPPORT=== 74500
OI_SUPPORT CEoich val = 607100.0  PEoich val = 5326500.0 , CE < PE by 88.6%
OI_SUPPORT TOTAL OI: CE= 759580  PE= 6821200 , CE < PE by 88.9%
OI_RESISTANCE=== 75000
OI_RESISTANCE CEoich val = 6568580.0  PEoich val = 760740.0 , CE > PE by 88.4%
OI_RESISTANCE TOTAL OI: CE= 9067900  PE= 2388180 , CE > PE by 73.7%
IS_MORNING_WINDOW= False  (active 9:15-9:48 IST)
================================================
==== signal check time ==== 2026-09-10 11:15:00.627366
IS_CHOI_DIFF_GT_25PERC== True
RSI_VAL1== 55.11
RSI_VAL2== 55.11
FUT_3m_OHLC O= 75192.0  H= 75200.0  L= 75192.0  C= 75200.0  Range= 7.9
CHART_PATTERN_DETECTED: DOUBLE_TOP_FORMING | DOUBLE_BOTTOM_FORMING
  PATTERN_CONTEXT: Body= 7.9  Range= 7.9  ExpectedRange= 66.1  RangeRatio= 0.12  O= 75192.0  H= 75200.0  L= 75192.0  C= 75200.0
newSynthFut =  74800
ATMStrike =  74800
AVG_OIPCR= 4.07
avgoiPCROld=  18.05
SUPP_RES = 75000
FUT LTP = 75200.0
CEchoi  PechOi = 6568580.0    760740.0
====================================
AVG_VOLPCR= 0.24
atmPCR= 0.14  belowATM  0.13RSI_VAL1== 55.11
RSI_VAL2== 55.11
FUT_3m_OHLC O= 75192.0  H= 75200.0  L= 75192.0  C= 75200.0  Range= 7.9
CHART_PATTERN_DETECTED: DOUBLE_TOP_FORMING | DOUBLE_BOTTOM_FORMING
  PATTERN_CONTEXT: Body= 7.9  Range= 7.9  ExpectedRange= 66.1  RangeRatio= 0.12  O= 75192.0  H= 75200.0  L= 75192.0  C= 75200.0
newSynthFut =  74800
ATMStrike =  74800
AVG_OIPCR= 4.07
avgoiPCROld=  18.05
SUPP_RES = 75000
FUT LTP = 75200.0
CEchoi  PechOi = 6568580.0    760740.0
====================================
AVG_VOLPCR= 0.24
atmPCR= 0.14  belowATM  0.13
atmVolPCR= 0.08  belowATM  0.13
True   75200.0   75000   False   False   55.11
India VIX = 11.79  Spot Price = 74791.7
IV Regime = HIGH (ADAPTIVE: P25= 11.04  P50= 11.29  P75= 11.49 ) | DailyRange = 1259.7 | 3minCandleRange = 66.3 (theoretical= 110.5 ) | ATMoptionMove = 29.8 | SL = 104 | Target = 104 | TrailTrigger = 30 | Spread = 300 | Buffer = 53
IV Params refreshed: {'vix': 11.79, 'bn_price': 74791.7, 'regime': 'HIGH', 'regime_thresholds': 'P25=11.04 P50=11.29 P75=11.49', 'daily_range': 1259.7, 'candle_range': 66.3, 'atm_option_move': 29.8, 'sl_point': 104, 'target_point': 104, 'sl_pct_of_premium': 0.1, 'trail_trigger': 30, 'spread_width': 300, 'support_resistance_buffer': 53}
===
====after 3 min ochain==== 2026-09-10 11:18:00.000003
                                    oipcr   choipcr   CE_OI / PE_OI (same strike)
pcr1 =  BSE:SENSEX2691075600PE   0.04   -0.06 CALL added 1157040   PUT unwind -68820  CE_OI=2473820 PE_OI=91260
pcr2 =  BSE:SENSEX2691075500PE   0.06   -0.01 CALL added 2597720   PUT unwind -13060  CE_OI=5158280 PE_OI=309900
pcr3 =  BSE:SENSEX2691075400CE   0.06   -0.05 CALL added 1457120   PUT unwind -71720  CE_OI=2598160 PE_OI=145880
pcr4 =  BSE:SENSEX2691075300PE   0.09   -0.05 CALL added 2080260   PUT unwind -106500  CE_OI=3650840 PE_OI=335740
pcr5 =  BSE:SENSEX2691075200CE   0.15   0.03 CALL added 3078700   PUT added 88980  CE_OI=4863720 PE_OI=723180
pcr6 =  BSE:SENSEX2691075100CE   0.15    0.01 CALL added 2502520   PUT added 36720  CE_OI=4369460 PE_OI=653080
pcr7 =  BSE:SENSEX2691075000CE   0.31   0.17 CALL added 6086600   PUT added 1008040  CE_OI=8585920 PE_OI=2635480
pcr8 =  BSE:SENSEX2691074900PE   0.47   0.38 CALL added 3665360   PUT added 1393060  CE_OI=4473040 PE_OI=2113380
pcr9 =  BSE:SENSEX2691074800PE   0.99   1.02 CALL added 4687000   PUT added 4798760  CE_OI=5714040 PE_OI=5661980
pcr10 =  BSE:SENSEX2691074700PE   2.06   2.02 CALL added 2531960   PUT added 5105480  CE_OI=2803500 PE_OI=5762540
pcr11 =  BSE:SENSEX2691074600CE   4.9   4.69 CALL added 869560   PUT added 4073960  CE_OI=975520 PE_OI=4775200
pcr12 =  BSE:SENSEX2691074500PE   10.96   11.3 CALL added 516200   PUT added 5833580  CE_OI=668680 PE_OI=7328280
pcr13 =  BSE:SENSEX2691074400CE   24.23   23.38 CALL added 136180   PUT added 3184400  CE_OI=158720 PE_OI=3846300
pcr14 =  BSE:SENSEX2691074300PE   38.23   33.72 CALL added 71160   PUT added 2399240  CE_OI=83020 PE_OI=3174100
pcr15 =  BSE:SENSEX2691074200CE   45.56   38.24 CALL added 44540   PUT added 1703380  CE_OI=56100 PE_OI=2555960
pcr16 =  BSE:SENSEX2691074100CE   133.58   215.05 CALL added 6220   PUT added 1337580  CE_OI=14480 PE_OI=1934200
pcr17 =  BSE:SENSEX2691074000PE   67.27   82.47 CALL added 33480   PUT added 2761260  CE_OI=69340 PE_OI=4664580
PCRSUM== 329.11
pcrSummation== 44.22
VOLPCRSUM== 2.1799999999999997
spotLTP =  74791.7  ATM_STRIKE =  74800
IS_ATM_STRIKE_SHIFT = False  mapStrike = {74800: 74800}
avgOiPcrList2 = [np.float64(18.05), np.float64(19.36)] atmStrikeNotShiftedCount= 2
False   2   2
SUPP_RES=== 75000  Buffer= 53
ANCHOR_COMPARE: spot=74791.7 fut=75225.0 basis(fut-spot)=433.3 | SR_spot(PRIMARY)=75000 SR_future=75000 SR_diff(fut-spot)=0 | PCRwin_spot(PRIMARY)=74800 PCRwin_future=75200
CEoich val =  6086600.0  PEoich val =  1008040.0 , CE > PE by 83.4%
SUPP_RES TOTAL OI: CE= 8585920  PE= 2635480 , CE > PE by 69.3%
INCR_CHOI: SUPP_RES=75000 role=RESISTANCE fresh_CE=-481980 fresh_PE=247300 -> PE_dominant by 151.3% (resistance CHALLENGED (bullish warning)) | cumulative CE=6086600.0 PE=1008040.0
FUT_SUPP_RES=== 75000  (FUT_LTP= 75225.0 ) Buffer= 53
FUT CEoich val =  6086600.0  PEoich val =  1008040.0 , CE > PE by 83.4%
FUT_SUPP_RES TOTAL OI: CE= 8585920  PE= 2635480 , CE > PE by 69.3%
OI_SUPP_RES: spot=74791.7 ATM=74800 (ATM_CE_OI=5714040 ATM_PE_OI=5661980) | SUPPORT=74500PE OI=7328280 (dist=-300) | RESISTANCE=75000CE OI=8585920 (dist=200)
OI_SUPPORT=== 74500
OI_SUPPORT CEoich val = 516200.0  PEoich val = 5833580.0 , CE < PE by 91.2%
OI_SUPPORT TOTAL OI: CE= 668680  PE= 7328280 , CE < PE by 90.9%
OI_RESISTANCE=== 75000
OI_RESISTANCE CEoich val = 6086600.0  PEoich val = 1008040.0 , CE > PE by 83.4%
OI_RESISTANCE TOTAL OI: CE= 8585920  PE= 2635480 , CE > PE by 69.3%
IS_MORNING_WINDOW= False  (active 9:15-9:48 IST)
================================================
==== signal check time ==== 2026-09-10 11:18:00.664094
IS_CHOI_DIFF_GT_25PERC== True
RSI_VAL1== 59.19
RSI_VAL2== 59.19
FUT_3m_OHLC O= 75202.0  H= 75225.0  L= 75202.0  C= 75225.0  Range= 23.0
CHART_PATTERN_DETECTED: THREE_WHITE_SOLDIERS
  PATTERN_CONTEXT: Body= 23.0  Range= 23.0  ExpectedRange= 66.3  RangeRatio= 0.35  O= 75202.0  H= 75225.0  L= 75202.0  C= 75225.0
newSynthFut =  74800
ATMStrike =  74800
AVG_OIPCR= 4.91
avgoiPCROld=  19.36
SUPP_RES = 75000
FUT LTP = 75225.0
CEchoi  PechOi = 6086600.0    1008040.0
====================================
AVG_VOLPCR= 0.24
atmPCR= 0.15  belowATM  0.15
atmVolPCR= 0.08  belowATM  0.13
True   75225.0   75000   False   False   59.19
India VIX = 11.78  Spot Price = 74761.39
IV Regime = HIGH (ADAPTIVE: P25= 11.04  P50= 11.29  P75= 11.49 ) | DailyRange = 1258.1 | 3minCandleRange = 66.2 (theoretical= 110.3 ) | ATMoptionMove = 29.8 | SL = 104 | Target = 104 | TrailTrigger = 30 | Spread = 300 | Buffer = 53
IV Params refreshed: {'vix': 11.78, 'bn_price': 74761.39, 'regime': 'HIGH', 'regime_thresholds': 'P25=11.04 P50=11.29 P75=11.49', 'daily_range': 1258.1, 'candle_range': 66.2, 'atm_option_move': 29.8, 'sl_point': 104, 'target_point': 104, 'sl_pct_of_premium': 0.1, 'trail_trigger': 30, 'spread_width': 300, 'support_resistance_buffer': 53}
===
====after 3 min ochain==== 2026-09-10 11:21:00.000005
                                    oipcr   choipcr   CE_OI / PE_OI (same strike)
pcr1 =  BSE:SENSEX2691075600PE   0.04   -0.06 CALL added 1178640   PUT unwind -69180  CE_OI=2495420 PE_OI=90900
pcr2 =  BSE:SENSEX2691075500PE   0.06   -0.0 CALL added 2530980   PUT unwind -12020  CE_OI=5091540 PE_OI=310940
pcr3 =  BSE:SENSEX2691075400CE   0.06   -0.05 CALL added 1485760   PUT unwind -71440  CE_OI=2626800 PE_OI=146160
pcr4 =  BSE:SENSEX2691075300PE   0.09   -0.05 CALL added 2027540   PUT unwind -110680  CE_OI=3598120 PE_OI=331560
pcr5 =  BSE:SENSEX2691075200CE   0.14   0.02 CALL added 3059960   PUT added 59720  CE_OI=4844980 PE_OI=693920
pcr6 =  BSE:SENSEX2691075100CE   0.16    0.02 CALL added 2477960   PUT added 60600  CE_OI=4344900 PE_OI=676960
pcr7 =  BSE:SENSEX2691075000CE   0.32   0.18 CALL added 5996660   PUT added 1081280  CE_OI=8495980 PE_OI=2708720
pcr8 =  BSE:SENSEX2691074900PE   0.49   0.4 CALL added 3633160   PUT added 1444260  CE_OI=4440840 PE_OI=2164580
pcr9 =  BSE:SENSEX2691074800PE   1.03   1.07 CALL added 4639920   PUT added 4979320  CE_OI=5666960 PE_OI=5842540
pcr10 =  BSE:SENSEX2691074700PE   2.13   2.1 CALL added 2498240   PUT added 5238680  CE_OI=2769780 PE_OI=5895740
pcr11 =  BSE:SENSEX2691074600CE   5.06   4.87 CALL added 872340   PUT added 4248420  CE_OI=978300 PE_OI=4949660
pcr12 =  BSE:SENSEX2691074500PE   11.44   11.95 CALL added 494020   PUT added 5902980  CE_OI=646500 PE_OI=7397680
pcr13 =  BSE:SENSEX2691074400CE   25.53   24.87 CALL added 131260   PUT added 3264240  CE_OI=153800 PE_OI=3926140
pcr14 =  BSE:SENSEX2691074300PE   38.6   34.12 CALL added 70640   PUT added 2410040  CE_OI=82500 PE_OI=3184900
pcr15 =  BSE:SENSEX2691074200CE   46.98   39.63 CALL added 42160   PUT added 1670980  CE_OI=53720 PE_OI=2523560
pcr16 =  BSE:SENSEX2691074100CE   122.07   176.09 CALL added 7620   PUT added 1341780  CE_OI=15880 PE_OI=1938400
pcr17 =  BSE:SENSEX2691074000PE   68.81   85.73 CALL added 33340   PUT added 2858260  CE_OI=69200 PE_OI=4761580
PCRSUM== 323.01
pcrSummation== 46.3
VOLPCRSUM== 2.17
spotLTP =  74765.87  ATM_STRIKE =  74800
IS_ATM_STRIKE_SHIFT = False  mapStrike = {74800: 74800}
avgOiPcrList2 = [np.float64(18.05), np.float64(19.36), np.float64(19.0)] atmStrikeNotShiftedCount= 3
False   3   3
SUPP_RES=== 75000  Buffer= 53
ANCHOR_COMPARE: spot=74765.87 fut=75200.0 basis(fut-spot)=434.13 | SR_spot(PRIMARY)=75000 SR_future=75000 SR_diff(fut-spot)=0 | PCRwin_spot(PRIMARY)=74800 PCRwin_future=75200
CEoich val =  5996660.0  PEoich val =  1081280.0 , CE > PE by 82.0%
SUPP_RES TOTAL OI: CE= 8495980  PE= 2708720 , CE > PE by 68.1%
INCR_CHOI: SUPP_RES=75000 role=RESISTANCE fresh_CE=-89940 fresh_PE=73240 -> PE_dominant by 181.4% (resistance CHALLENGED (bullish warning)) | cumulative CE=5996660.0 PE=1081280.0
FUT_SUPP_RES=== 75000  (FUT_LTP= 75200.0 ) Buffer= 53
FUT CEoich val =  5996660.0  PEoich val =  1081280.0 , CE > PE by 82.0%
FUT_SUPP_RES TOTAL OI: CE= 8495980  PE= 2708720 , CE > PE by 68.1%
OI_SUPP_RES: spot=74765.87 ATM=74800 (ATM_CE_OI=5666960 ATM_PE_OI=5842540) | SUPPORT=74500PE OI=7397680 (dist=-300) | RESISTANCE=75000CE OI=8495980 (dist=200)
OI_SUPPORT=== 74500
OI_SUPPORT CEoich val = 494020.0  PEoich val = 5902980.0 , CE < PE by 91.6%
OI_SUPPORT TOTAL OI: CE= 646500  PE= 7397680 , CE < PE by 91.3%
OI_RESISTANCE=== 75000
OI_RESISTANCE CEoich val = 5996660.0  PEoich val = 1081280.0 , CE > PE by 82.0%
OI_RESISTANCE TOTAL OI: CE= 8495980  PE= 2708720 , CE > PE by 68.1%
IS_MORNING_WINDOW= False  (active 9:15-9:48 IST)
================================================
==== signal check time ==== 2026-09-10 11:21:00.688660
IS_CHOI_DIFF_GT_25PERC== True

atmVolPCR= 0.08  belowATM  0.13
True   75200.0   75000   False   False   55.11
India VIX = 11.79  Spot Price = 74791.7
IV Regime = HIGH (ADAPTIVE: P25= 11.04  P50= 11.29  P75= 11.49 ) | DailyRange = 1259.7 | 3minCandleRange = 66.3 (theoretical= 110.5 ) | ATMoptionMove = 29.8 | SL = 104 | Target = 104 | TrailTrigger = 30 | Spread = 300 | Buffer = 53
IV Params refreshed: {'vix': 11.79, 'bn_price': 74791.7, 'regime': 'HIGH', 'regime_thresholds': 'P25=11.04 P50=11.29 P75=11.49', 'daily_range': 1259.7, 'candle_range': 66.3, 'atm_option_move': 29.8, 'sl_point': 104, 'target_point': 104, 'sl_pct_of_premium': 0.1, 'trail_trigger': 30, 'spread_width': 300, 'support_resistance_buffer': 53}
===
====after 3 min ochain==== 2026-09-10 11:18:00.000002
                                    oipcr   choipcr   CE_OI / PE_OI (same strike)
pcr1 =  BSE:SENSEX2691075600PE   0.04   -0.06 CALL added 1157040   PUT unwind -68820  CE_OI=2473820 PE_OI=91260
pcr2 =  BSE:SENSEX2691075500PE   0.06   -0.01 CALL added 2597720   PUT unwind -13060  CE_OI=5158280 PE_OI=309900
pcr3 =  BSE:SENSEX2691075400CE   0.06   -0.05 CALL added 1457120   PUT unwind -71720  CE_OI=2598160 PE_OI=145880
pcr4 =  BSE:SENSEX2691075300PE   0.09   -0.05 CALL added 2080260   PUT unwind -106500  CE_OI=3650840 PE_OI=335740
pcr5 =  BSE:SENSEX2691075200CE   0.15   0.03 CALL added 3078700   PUT added 88980  CE_OI=4863720 PE_OI=723180
pcr6 =  BSE:SENSEX2691075100CE   0.15    0.01 CALL added 2502520   PUT added 36720  CE_OI=4369460 PE_OI=653080
pcr7 =  BSE:SENSEX2691075000CE   0.31   0.17 CALL added 6086600   PUT added 1008040  CE_OI=8585920 PE_OI=2635480
pcr8 =  BSE:SENSEX2691074900PE   0.47   0.38 CALL added 3665360   PUT added 1393060  CE_OI=4473040 PE_OI=2113380
pcr9 =  BSE:SENSEX2691074800PE   0.99   1.02 CALL added 4687000   PUT added 4798760  CE_OI=5714040 PE_OI=5661980
pcr10 =  BSE:SENSEX2691074700PE   2.06   2.02 CALL added 2531960   PUT added 5105480  CE_OI=2803500 PE_OI=5762540
pcr11 =  BSE:SENSEX2691074600CE   4.9   4.69 CALL added 869560   PUT added 4073960  CE_OI=975520 PE_OI=4775200
pcr12 =  BSE:SENSEX2691074500PE   10.96   11.3 CALL added 516200   PUT added 5833580  CE_OI=668680 PE_OI=7328280
pcr13 =  BSE:SENSEX2691074400CE   24.23   23.38 CALL added 136180   PUT added 3184400  CE_OI=158720 PE_OI=3846300
pcr14 =  BSE:SENSEX2691074300PE   38.23   33.72 CALL added 71160   PUT added 2399240  CE_OI=83020 PE_OI=3174100
pcr15 =  BSE:SENSEX2691074200CE   45.56   38.24 CALL added 44540   PUT added 1703380  CE_OI=56100 PE_OI=2555960
pcr16 =  BSE:SENSEX2691074100CE   133.58   215.05 CALL added 6220   PUT added 1337580  CE_OI=14480 PE_OI=1934200
pcr17 =  BSE:SENSEX2691074000PE   67.27   82.47 CALL added 33480   PUT added 2761260  CE_OI=69340 PE_OI=4664580
PCRSUM== 329.11
pcrSummation== 44.22
VOLPCRSUM== 2.1799999999999997
spotLTP =  74791.7  ATM_STRIKE =  74800
IS_ATM_STRIKE_SHIFT = False  mapStrike = {74800: 74800}
avgOiPcrList2 = [np.float64(18.05), np.float64(19.36)] atmStrikeNotShiftedCount= 2
False   2   2
SUPP_RES=== 75000  Buffer= 53
ANCHOR_COMPARE: spot=74791.7 fut=75225.0 basis(fut-spot)=433.3 | SR_spot(PRIMARY)=75000 SR_future=75000 SR_diff(fut-spot)=0 | PCRwin_spot(PRIMARY)=74800 PCRwin_future=75200
CEoich val =  6086600.0  PEoich val =  1008040.0 , CE > PE by 83.4%
SUPP_RES TOTAL OI: CE= 8585920  PE= 2635480 , CE > PE by 69.3%
INCR_CHOI: SUPP_RES=75000 role=RESISTANCE fresh_CE=-481980 fresh_PE=247300 -> PE_dominant by 151.3% (resistance CHALLENGED (bullish warning)) | cumulative CE=6086600.0 PE=1008040.0
FUT_SUPP_RES=== 75000  (FUT_LTP= 75225.0 ) Buffer= 53
FUT CEoich val =  6086600.0  PEoich val =  1008040.0 , CE > PE by 83.4%
FUT_SUPP_RES TOTAL OI: CE= 8585920  PE= 2635480 , CE > PE by 69.3%
OI_SUPP_RES: spot=74791.7 ATM=74800 (ATM_CE_OI=5714040 ATM_PE_OI=5661980) | SUPPORT=74500PE OI=7328280 (dist=-300) | RESISTANCE=75000CE OI=8585920 (dist=200)
OI_SUPPORT=== 74500
OI_SUPPORT CEoich val = 516200.0  PEoich val = 5833580.0 , CE < PE by 91.2%
OI_SUPPORT TOTAL OI: CE= 668680  PE= 7328280 , CE < PE by 90.9%
OI_RESISTANCE=== 75000
OI_RESISTANCE CEoich val = 6086600.0  PEoich val = 1008040.0 , CE > PE by 83.4%
OI_RESISTANCE TOTAL OI: CE= 8585920  PE= 2635480 , CE > PE by 69.3%
IS_MORNING_WINDOW= False  (active 9:15-9:48 IST)
================================================
==== signal check time ==== 2026-09-10 11:18:00.617347
IS_CHOI_DIFF_GT_25PERC== True
RSI_VAL1== 59.19
RSI_VAL2== 59.19
FUT_3m_OHLC O= 75202.0  H= 75225.0  L= 75202.0  C= 75225.0  Range= 23.0
CHART_PATTERN_DETECTED: THREE_WHITE_SOLDIERS
  PATTERN_CONTEXT: Body= 23.0  Range= 23.0  ExpectedRange= 66.3  RangeRatio= 0.35  O= 75202.0  H= 75225.0  L= 75202.0  C= 75225.0
newSynthFut =  74800
ATMStrike =  74800
AVG_OIPCR= 4.91
avgoiPCROld=  19.36
SUPP_RES = 75000
FUT LTP = 75225.0
CEchoi  PechOi = 6086600.0    1008040.0
====================================
AVG_VOLPCR= 0.24
atmPCR= 0.15  belowATM  0.15
atmVolPCR= 0.08  belowATM  0.13
True   75225.0   75000   False   False   59.19
India VIX = 11.78  Spot Price = 74761.39
IV Regime = HIGH (ADAPTIVE: P25= 11.04  P50= 11.29  P75= 11.49 ) | DailyRange = 1258.1 | 3minCandleRange = 66.2 (theoretical= 110.3 ) | ATMoptionMove = 29.8 | SL = 104 | Target = 104 | TrailTrigger = 30 | Spread = 300 | Buffer = 53
IV Params refreshed: {'vix': 11.78, 'bn_price': 74761.39, 'regime': 'HIGH', 'regime_thresholds': 'P25=11.04 P50=11.29 P75=11.49', 'daily_range': 1258.1, 'candle_range': 66.2, 'atm_option_move': 29.8, 'sl_point': 104, 'target_point': 104, 'sl_pct_of_premium': 0.1, 'trail_trigger': 30, 'spread_width': 300, 'support_resistance_buffer': 53}
===
====after 3 min ochain==== 2026-09-10 11:21:00.000007
                                    oipcr   choipcr   CE_OI / PE_OI (same strike)
pcr1 =  BSE:SENSEX2691075600PE   0.04   -0.06 CALL added 1178640   PUT unwind -69180  CE_OI=2495420 PE_OI=90900
pcr2 =  BSE:SENSEX2691075500PE   0.06   -0.0 CALL added 2530980   PUT unwind -12020  CE_OI=5091540 PE_OI=310940
pcr3 =  BSE:SENSEX2691075400CE   0.06   -0.05 CALL added 1485760   PUT unwind -71440  CE_OI=2626800 PE_OI=146160
pcr4 =  BSE:SENSEX2691075300PE   0.09   -0.05 CALL added 2027540   PUT unwind -110680  CE_OI=3598120 PE_OI=331560
pcr5 =  BSE:SENSEX2691075200CE   0.14   0.02 CALL added 3059960   PUT added 59720  CE_OI=4844980 PE_OI=693920
pcr6 =  BSE:SENSEX2691075100CE   0.16    0.02 CALL added 2477960   PUT added 60600  CE_OI=4344900 PE_OI=676960
pcr7 =  BSE:SENSEX2691075000CE   0.32   0.18 CALL added 5996660   PUT added 1081280  CE_OI=8495980 PE_OI=2708720
pcr8 =  BSE:SENSEX2691074900PE   0.49   0.4 CALL added 3633160   PUT added 1444260  CE_OI=4440840 PE_OI=2164580
pcr9 =  BSE:SENSEX2691074800PE   1.03   1.07 CALL added 4639920   PUT added 4979320  CE_OI=5666960 PE_OI=5842540
pcr10 =  BSE:SENSEX2691074700PE   2.13   2.1 CALL added 2498240   PUT added 5238680  CE_OI=2769780 PE_OI=5895740
pcr11 =  BSE:SENSEX2691074600CE   5.06   4.87 CALL added 872340   PUT added 4248420  CE_OI=978300 PE_OI=4949660
pcr12 =  BSE:SENSEX2691074500PE   11.44   11.95 CALL added 494020   PUT added 5902980  CE_OI=646500 PE_OI=7397680
pcr13 =  BSE:SENSEX2691074400CE   25.53   24.87 CALL added 131260   PUT added 3264240  CE_OI=153800 PE_OI=3926140
pcr14 =  BSE:SENSEX2691074300PE   38.6   34.12 CALL added 70640   PUT added 2410040  CE_OI=82500 PE_OI=3184900
pcr15 =  BSE:SENSEX2691074200CE   46.98   39.63 CALL added 42160   PUT added 1670980  CE_OI=53720 PE_OI=2523560
pcr16 =  BSE:SENSEX2691074100CE   122.07   176.09 CALL added 7620   PUT added 1341780  CE_OI=15880 PE_OI=1938400
pcr17 =  BSE:SENSEX2691074000PE   68.81   85.73 CALL added 33340   PUT added 2858260  CE_OI=69200 PE_OI=4761580
PCRSUM== 323.01
pcrSummation== 46.3
VOLPCRSUM== 2.17
spotLTP =  74765.87  ATM_STRIKE =  74800
IS_ATM_STRIKE_SHIFT = False  mapStrike = {74800: 74800}
avgOiPcrList2 = [np.float64(18.05), np.float64(19.36), np.float64(19.0)] atmStrikeNotShiftedCount= 3
False   3   3
SUPP_RES=== 75000  Buffer= 53
ANCHOR_COMPARE: spot=74765.87 fut=75200.0 basis(fut-spot)=434.13 | SR_spot(PRIMARY)=75000 SR_future=75000 SR_diff(fut-spot)=0 | PCRwin_spot(PRIMARY)=74800 PCRwin_future=75200
CEoich val =  5996660.0  PEoich val =  1081280.0 , CE > PE by 82.0%
SUPP_RES TOTAL OI: CE=RSI_VAL1== 53.91
RSI_VAL2== 53.91
FUT_3m_OHLC O= 75225.0  H= 75225.0  L= 75200.0  C= 75200.0  Range= 25.0
CHART_PATTERN_DETECTED: BEARISH_ENGULFING
  PATTERN_CONTEXT: Body= -25.0  Range= 25.0  ExpectedRange= 66.2  RangeRatio= 0.38  O= 75225.0  H= 75225.0  L= 75200.0  C= 75200.0
recent two = [np.float64(19.36), np.float64(19.0)]
newSynthFut =  74800
ATMStrike =  74800
AVG_OIPCR= 5.14
avgoiPCROld=  19.0
SUPP_RES = 75000
FUT LTP = 75200.0
CEchoi  PechOi = 5996660.0    1081280.0
====================================
AVG_VOLPCR= 0.24
atmPCR= 0.14  belowATM  0.16
atmVolPCR= 0.08  belowATM  0.13
True   75200.0   75000   False   False   53.91
India VIX = 11.79  Spot Price = 74789.2
IV Regime = HIGH (ADAPTIVE: P25= 11.04  P50= 11.29  P75= 11.49 ) | DailyRange = 1259.7 | 3minCandleRange = 66.3 (theoretical= 110.5 ) | ATMoptionMove = 29.8 | SL = 104 | Target = 104 | TrailTrigger = 30 | Spread = 300 | Buffer = 53
IV Params refreshed: {'vix': 11.79, 'bn_price': 74789.2, 'regime': 'HIGH', 'regime_thresholds': 'P25=11.04 P50=11.29 P75=11.49', 'daily_range': 1259.7, 'candle_range': 66.3, 'atm_option_move': 29.8, 'sl_point': 104, 'target_point': 104, 'sl_pct_of_premium': 0.1, 'trail_trigger': 30, 'spread_width': 300, 'support_resistance_buffer': 53}
===
====after 3 min ochain==== 2026-09-10 11:24:00.007821
                                    oipcr   choipcr   CE_OI / PE_OI (same strike)
pcr1 =  BSE:SENSEX2691075600PE   0.04   -0.06 CALL added 1177540   PUT unwind -69440  CE_OI=2494320 PE_OI=90640
pcr2 =  BSE:SENSEX2691075500PE   0.06   -0.01 CALL added 2484160   PUT unwind -15420  CE_OI=5044720 PE_OI=307540
pcr3 =  BSE:SENSEX2691075400CE   0.06   -0.05 CALL added 1477580   PUT unwind -72680  CE_OI=2618620 PE_OI=144920
pcr4 =  BSE:SENSEX2691075300PE   0.09   -0.06 CALL added 1980620   PUT unwind -113740  CE_OI=3551200 PE_OI=328500
pcr5 =  BSE:SENSEX2691075200CE   0.14   0.01 CALL added 2974700   PUT added 44160  CE_OI=4759720 PE_OI=678360
pcr6 =  BSE:SENSEX2691075100CE   0.15    0.02 CALL added 2383080   PUT added 35760  CE_OI=4250020 PE_OI=652120
pcr7 =  BSE:SENSEX2691075000CE   0.3   0.15 CALL added 6052900   PUT added 929840  CE_OI=8552220 PE_OI=2557280
pcr8 =  BSE:SENSEX2691074900PE   0.47   0.38 CALL added 3656080   PUT added 1382460  CE_OI=4463760 PE_OI=2102780
pcr9 =  BSE:SENSEX2691074800PE   1.03   1.07 CALL added 4581540   PUT added 4909440  CE_OI=5608580 PE_OI=5772660
pcr10 =  BSE:SENSEX2691074700PE   2.17   2.15 CALL added 2440120   PUT added 5239200  CE_OI=2711660 PE_OI=5896260
pcr11 =  BSE:SENSEX2691074600CE   5.54   5.4 CALL added 814400   PUT added 4397420  CE_OI=920360 PE_OI=5098660
pcr12 =  BSE:SENSEX2691074500PE   11.19   11.6 CALL added 516020   PUT added 5986780  CE_OI=668500 PE_OI=7481480
pcr13 =  BSE:SENSEX2691074400CE   26.27   25.75 CALL added 133980   PUT added 3449760  CE_OI=156520 PE_OI=4111660
pcr14 =  BSE:SENSEX2691074300PE   40.55   36.3 CALL added 69220   PUT added 2512600  CE_OI=81080 PE_OI=3287460
pcr15 =  BSE:SENSEX2691074200CE   49.88   43.25 CALL added 41660   PUT added 1801800  CE_OI=53220 PE_OI=2654380
pcr16 =  BSE:SENSEX2691074100CE   136.21   217.03 CALL added 6540   PUT added 1419360  CE_OI=14800 PE_OI=2015980
pcr17 =  BSE:SENSEX2691074000PE   68.05   83.52 CALL added 34720   PUT added 2899760  CE_OI=70580 PE_OI=4803080
PCRSUM== 342.2
pcrSummation== 47.26
VOLPCRSUM== 2.17
spotLTP =  74789.2  ATM_STRIKE =  74800
IS_ATM_STRIKE_SHIFT = False  mapStrike = {74800: 74800}
avgOiPcrList2 = [np.float64(19.36), np.float64(19.0), np.float64(20.13)] atmStrikeNotShiftedCount= 4
False   4   3
SUPP_RES=== 75000  Buffer= 53
ANCHOR_COMPARE: spot=74789.2 fut=75165.0 basis(fut-spot)=375.8 | SR_spot(PRIMARY)=75000 SR_future=75000 SR_diff(fut-spot)=0 | PCRwin_spot(PRIMARY)=74800 PCRwin_future=75200
CEoich val =  6052900.0  PEoich val =  929840.0 , CE > PE by 84.6%
SUPP_RES TOTAL OI: CE= 8552220  PE= 2557280 , CE > PE by 70.1%
INCR_CHOI: SUPP_RES=75000 role=RESISTANCE fresh_CE=56240 fresh_PE=-151440 -> CE_dominant by 137.1% (resistance HOLDING (bearish)) | cumulative CE=6052900.0 PE=929840.0
FUT_SUPP_RES=== 75000  (FUT_LTP= 75165.0 ) Buffer= 53
FUT CEoich val =  6052900.0  PEoich val =  929840.0 , CE > PE by 84.6%
FUT_SUPP_RES TOTAL OI: CE= 8552220  PE= 2557280 , CE > PE by 70.1%
OI_SUPP_RES: spot=74789.2 ATM=74800 (ATM_CE_OI=5608580 ATM_PE_OI=5772660) | SUPPORT=74500PE OI=7481480 (dist=-300) | RESISTANCE=75000CE OI=8552220 (dist=200)
OI_SUPPORT=== 74500
OI_SUPPORT CEoich val = 516020.0  PEoich val = 5986780.0 , CE < PE by 91.4%
OI_SUPPORT TOTAL OI: CE= 668500  PE= 7481480 , CE < PE by 91.1%
OI_RESISTANCE=== 75000
OI_RESISTANCE CEoich val = 6052900.0  PEoich val = 929840.0 , CE > PE by 84.6%
OI_RESISTANCE TOTAL OI: CE= 8552220  PE= 2557280 , CE > PE by 70.1%
IS_MORNING_WINDOW= False  (active 9:15-9:48 IST)
================================================
==== signal check time ==== 2026-09-10 11:24:01.288850
IS_CHOI_DIFF_GT_25PERC== True
RSI_VAL1== 47.52
RSI_VAL2== 47.52
FUT_3m_OHLC O= 75200.0  H= 75205.0  L= 75165.0  C= 75165.0  Range= 40.0
CHART_PATTERN_DETECTED: DOUBLE_TOP_FORMING
  PATTERN_CONTEXT: Body= -35.0  Range= 40.0  ExpectedRange= 66.3  RangeRatio= 0.6  O= 75200.0  H= 75205.0  L= 75165.0  C= 75165.0
recent two = [np.float64(19.0), np.float64(20.13)]
newSynthFut =  74800
ATMStrike =  74800
AVG_OIPCR= 5.25
avgoiPCROld=  20.13
SUPP_RES = 75000
FUT LTP = 75165.0
CEchoi  PechOi = 6052900.0    929840.0
====================================
AVG_VOLPCR= 0.24
atmPCR= 0.14  belowATM  0.15
atmVolPCR= 0.08  belowATM  0.13
True   75165.0   75000   False   False   47.52
India VIX = 11.78  Spot Price = 74780.85
IV Regime = HIGH (ADAPTIVE: P25= 11.04  P50= 11.29  P75= 11.49 ) | DailyRange = 1258.5 | 3minCandleRange = 66.2 (theoretical= 110.4 ) | ATMoptionMove = 29.8 | SL = 104 | Target = 104 | TrailTrigger = 30 | Spread = 300 | Buffer = 53
IV Params refreshed: {'vix': 11.78, 'bn_price': 74780.85, 'regime': 'HIGH', 'regime_thresholds': 'P25=11.04 P50=11.29 P75=11.49', 'daily_range': 1258.5, 'candle_range': 66.2, 'atm_option_move': 29.8, 'sl_point': 104, 'target_point': 104, 'sl_pct_of_premium': 0.1, 'trail_trigger': 30, 'spread_width': 300, 'support_resistance_buffer': 53}
===
====after 3 min ochain==== 2026-09-10 11:27:00.007849
                                    oipcr   choipcr   CE_OI / PE_OI (same strike)
pcr1 =  BSE:SENSEX2691075600PE   0.04   -0.06 CALL added 1224000   PUT unwind -69700  CE_OI=2540780 PE_OI=90380
pcr2 =  BSE:SENSEX2691075500PE   0.06   -0.01 CALL added 2492340   PUT unwind -16180  CE_OI=5052900 PE_OI=306780
pcr3 =  BSE:SENSEX2691075400CE   0.05   -0.05 CALL added 1548340   PUT unwind -73760  CE_OI=2689380 PE_OI=143840
pcr4 =  BSE:SENSEX2691075300PE   0.09   -0.06 CALL added 2067300   PUT unwind -116480  CE_OI=3637880 PE_OI=325760
pcr5 =  BSE:SENSEX2691075200CE   0.14   0.02 CALL added 3136700   PUT added 47980  CE_OI=4921720 PE_OI=682180
pcr6 =  BSE:SENSEX2691075100CE   0.15    0.02 CALL added 2444060   PUT added 41300  CE_OI=4311000 PE_OI=657660
pcr7 =  BSE:SENSEX2691075000CE   0.3   0.16 CALL added 6245400   PUT added 991840  CE_OI=8744720 PE_OI=2619280
pcr8 =  BSE:SENSEX2691074900PE   0.47   0.38 CALL added 3720140   PUT added 1420740  CE_OI=4527820 PE_OI=2141060
pcr9 =  BSE:SENSEX2691074800PE   1.01   1.05 CALL added 4717100   PUT added 4962160  CE_OI=5744140 PE_OI=5825380
pcr10 =  BSE:SENSEX2691074700PE   2.18   2.15 CALL added 2487300   PUT added 5343800  CE_OI=2758840 PE_OI=6000860
pcr11 =  BSE:SENSEX2691074600CE   5.55   5.41 CALL added 835160   PUT added 4518640  CE_OI=941120 PE_OI=5219880
pcr12 =  BSE:SENSEX2691074500PE   11.32   11.77 CALL added 517660   PUT added 6091220  CE_OI=670140 PE_OI=7585920
pcr13 =  BSE:SENSEX2691074400CE   26.16   25.63 CALL added 138140   PUT added 3541000  CE_OI=160680 PE_OI=4202900
pcr14 =  BSE:SENSEX2691074300PE   39.91   35.57 CALL added 69600   PUT added 2475880  CE_OI=81460 PE_OI=3250740
pcr15 =  BSE:SENSEX2691074200CE   49.88   43.16 CALL added 41120   PUT added 1774920  CE_OI=52680 PE_OI=2627500
pcr16 =  BSE:SENSEX2691074100CE   148.02   255.59 CALL added 5820   PUT added 1487520  CE_OI=14080 PE_OI=2084140
pcr17 =  BSE:SENSEX2691074000PE   67.61   82.84 CALL added 34220   PUT added 2834720  CE_OI=70080 PE_OI=4738040
 8495980  PE= 2708720 , CE > PE by 68.1%
INCR_CHOI: SUPP_RES=75000 role=RESISTANCE fresh_CE=-89940 fresh_PE=73240 -> PE_dominant by 181.4% (resistance CHALLENGED (bullish warning)) | cumulative CE=5996660.0 PE=1081280.0
FUT_SUPP_RES=== 75000  (FUT_LTP= 75200.0 ) Buffer= 53
FUT CEoich val =  5996660.0  PEoich val =  1081280.0 , CE > PE by 82.0%
FUT_SUPP_RES TOTAL OI: CE= 8495980  PE= 2708720 , CE > PE by 68.1%
OI_SUPP_RES: spot=74765.87 ATM=74800 (ATM_CE_OI=5666960 ATM_PE_OI=5842540) | SUPPORT=74500PE OI=7397680 (dist=-300) | RESISTANCE=75000CE OI=8495980 (dist=200)
OI_SUPPORT=== 74500
OI_SUPPORT CEoich val = 494020.0  PEoich val = 5902980.0 , CE < PE by 91.6%
OI_SUPPORT TOTAL OI: CE= 646500  PE= 7397680 , CE < PE by 91.3%
OI_RESISTANCE=== 75000
OI_RESISTANCE CEoich val = 5996660.0  PEoich val = 1081280.0 , CE > PE by 82.0%
OI_RESISTANCE TOTAL OI: CE= 8495980  PE= 2708720 , CE > PE by 68.1%
IS_MORNING_WINDOW= False  (active 9:15-9:48 IST)
================================================
==== signal check time ==== 2026-09-10 11:21:00.694936
IS_CHOI_DIFF_GT_25PERC== True
RSI_VAL1== 53.91
RSI_VAL2== 53.91
FUT_3m_OHLC O= 75225.0  H= 75225.0  L= 75200.0  C= 75200.0  Range= 25.0
CHART_PATTERN_DETECTED: BEARISH_ENGULFING
  PATTERN_CONTEXT: Body= -25.0  Range= 25.0  ExpectedRange= 66.2  RangeRatio= 0.38  O= 75225.0  H= 75225.0  L= 75200.0  C= 75200.0
recent two = [np.float64(19.36), np.float64(19.0)]
newSynthFut =  74800
ATMStrike =  74800
AVG_OIPCR= 5.14
avgoiPCROld=  19.0
SUPP_RES = 75000
FUT LTP = 75200.0
CEchoi  PechOi = 5996660.0    1081280.0
====================================
AVG_VOLPCR= 0.24
atmPCR= 0.14  belowATM  0.16
atmVolPCR= 0.08  belowATM  0.13
True   75200.0   75000   False   False   53.91
India VIX = 11.79  Spot Price = 74789.2
IV Regime = HIGH (ADAPTIVE: P25= 11.04  P50= 11.29  P75= 11.49 ) | DailyRange = 1259.7 | 3minCandleRange = 66.3 (theoretical= 110.5 ) | ATMoptionMove = 29.8 | SL = 104 | Target = 104 | TrailTrigger = 30 | Spread = 300 | Buffer = 53
IV Params refreshed: {'vix': 11.79, 'bn_price': 74789.2, 'regime': 'HIGH', 'regime_thresholds': 'P25=11.04 P50=11.29 P75=11.49', 'daily_range': 1259.7, 'candle_range': 66.3, 'atm_option_move': 29.8, 'sl_point': 104, 'target_point': 104, 'sl_pct_of_premium': 0.1, 'trail_trigger': 30, 'spread_width': 300, 'support_resistance_buffer': 53}
===
====after 3 min ochain==== 2026-09-10 11:24:00.008713
                                    oipcr   choipcr   CE_OI / PE_OI (same strike)
pcr1 =  BSE:SENSEX2691075600PE   0.04   -0.06 CALL added 1177540   PUT unwind -69440  CE_OI=2494320 PE_OI=90640
pcr2 =  BSE:SENSEX2691075500PE   0.06   -0.01 CALL added 2484160   PUT unwind -15420  CE_OI=5044720 PE_OI=307540
pcr3 =  BSE:SENSEX2691075400CE   0.06   -0.05 CALL added 1477580   PUT unwind -72680  CE_OI=2618620 PE_OI=144920
pcr4 =  BSE:SENSEX2691075300PE   0.09   -0.06 CALL added 1980620   PUT unwind -113740  CE_OI=3551200 PE_OI=328500
pcr5 =  BSE:SENSEX2691075200CE   0.14   0.01 CALL added 2974700   PUT added 44160  CE_OI=4759720 PE_OI=678360
pcr6 =  BSE:SENSEX2691075100CE   0.15    0.02 CALL added 2383080   PUT added 35760  CE_OI=4250020 PE_OI=652120
pcr7 =  BSE:SENSEX2691075000CE   0.3   0.15 CALL added 6052900   PUT added 929840  CE_OI=8552220 PE_OI=2557280
pcr8 =  BSE:SENSEX2691074900PE   0.47   0.38 CALL added 3656080   PUT added 1382460  CE_OI=4463760 PE_OI=2102780
pcr9 =  BSE:SENSEX2691074800PE   1.03   1.07 CALL added 4581540   PUT added 4909440  CE_OI=5608580 PE_OI=5772660
pcr10 =  BSE:SENSEX2691074700PE   2.17   2.15 CALL added 2440120   PUT added 5239200  CE_OI=2711660 PE_OI=5896260
pcr11 =  BSE:SENSEX2691074600CE   5.54   5.4 CALL added 814400   PUT added 4397420  CE_OI=920360 PE_OI=5098660
pcr12 =  BSE:SENSEX2691074500PE   11.19   11.6 CALL added 516020   PUT added 5986780  CE_OI=668500 PE_OI=7481480
pcr13 =  BSE:SENSEX2691074400CE   26.27   25.75 CALL added 133980   PUT added 3449760  CE_OI=156520 PE_OI=4111660
pcr14 =  BSE:SENSEX2691074300PE   40.55   36.3 CALL added 69220   PUT added 2512600  CE_OI=81080 PE_OI=3287460
pcr15 =  BSE:SENSEX2691074200CE   49.88   43.25 CALL added 41660   PUT added 1801800  CE_OI=53220 PE_OI=2654380
pcr16 =  BSE:SENSEX2691074100CE   136.21   217.03 CALL added 6540   PUT added 1419360  CE_OI=14800 PE_OI=2015980
pcr17 =  BSE:SENSEX2691074000PE   68.05   83.52 CALL added 34720   PUT added 2899760  CE_OI=70580 PE_OI=4803080
PCRSUM== 342.2
pcrSummation== 47.26
VOLPCRSUM== 2.17
spotLTP =  74789.2  ATM_STRIKE =  74800
IS_ATM_STRIKE_SHIFT = False  mapStrike = {74800: 74800}
avgOiPcrList2 = [np.float64(19.36), np.float64(19.0), np.float64(20.13)] atmStrikeNotShiftedCount= 4
False   4   3
SUPP_RES=== 75000  Buffer= 53
ANCHOR_COMPARE: spot=74789.2 fut=75165.0 basis(fut-spot)=375.8 | SR_spot(PRIMARY)=75000 SR_future=75000 SR_diff(fut-spot)=0 | PCRwin_spot(PRIMARY)=74800 PCRwin_future=75200
CEoich val =  6052900.0  PEoich val =  929840.0 , CE > PE by 84.6%
SUPP_RES TOTAL OI: CE= 8552220  PE= 2557280 , CE > PE by 70.1%
INCR_CHOI: SUPP_RES=75000 role=RESISTANCE fresh_CE=56240 fresh_PE=-151440 -> CE_dominant by 137.1% (resistance HOLDING (bearish)) | cumulative CE=6052900.0 PE=929840.0
FUT_SUPP_RES=== 75000  (FUT_LTP= 75165.0 ) Buffer= 53
FUT CEoich val =  6052900.0  PEoich val =  929840.0 , CE > PE by 84.6%
FUT_SUPP_RES TOTAL OI: CE= 8552220  PE= 2557280 , CE > PE by 70.1%
OI_SUPP_RES: spot=74789.2 ATM=74800 (ATM_CE_OI=5608580 ATM_PE_OI=5772660) | SUPPORT=74500PE OI=7481480 (dist=-300) | RESISTANCE=75000CE OI=8552220 (dist=200)
OI_SUPPORT=== 74500
OI_SUPPORT CEoich val = 516020.0  PEoich val = 5986780.0 , CE < PE by 91.4%
OI_SUPPORT TOTAL OI: CE= 668500  PE= 7481480 , CE < PE by 91.1%
OI_RESISTANCE=== 75000
OI_RESISTANCE CEoich val = 6052900.0  PEoich val = 929840.0 , CE > PE by 84.6%
OI_RESISTANCE TOTAL OI: CE= 8552220  PE= 2557280 , CE > PE by 70.1%
IS_MORNING_WINDOW= False  (active 9:15-9:48 IST)
================================================
==== signal check time ==== 2026-09-10 11:24:01.423016
IS_CHOI_DIFF_GT_25PERC== True
RSI_VAL1== 47.52
RSI_VAL2== 47.52
FUT_3m_OHLC O= 75200.0  H= 75205.0  L= 75165.0  C= 75165.0  Range= 40.0
CHART_PATTERN_DETECTED: DOUBLE_TOP_FORMING
  PATTERN_CONTEXT: Body= -35.0  Range= 40.0  ExpectedRange= 66.3  RangeRatio= 0.6  O= 75200.0  H= 75205.0  L= 75165.0  C= 75165.0
recent two = [np.float64(19.0), np.float64(20.13)]
newSynthFut =  74800
ATMStrike =  74800
AVG_OIPCR= 5.25
avgoiPCROld=  20.13
SUPP_RES = 75000
FUT LTP = 75165.0
CEchoi  PechOi = 6052900.0    929840.0
====================================
AVG_VOLPCR= 0.24
atmPCR= 0.14  belowATM  0.15
atmVolPCR= 0.08  belowATM  0.13
True   75165.0   75000   False   False   47.52
India VIX = 11.78  Spot Price = 74780.85
IV Regime = HIGH (ADAPTIVE: P25= 11.04  P50= 11.29  P75= 11.49 ) | DailyRange = 1258.5 | 3minCandleRange = 66.2 (theoretical= 110.4 ) | ATMoptionMove = 29.8 | SL = 104 | Target = 104 | TrailTrigger = 30 | Spread = 300 | Buffer = 53
IV Params refreshed: {'vix': 11.78, 'bn_price': 74780.85, 'regime': 'HIGH', 'regime_thresholds': 'P25=11.04 P50=11.29 P75=11.49', 'daily_range': 1258.5, 'candle_range': 66.2, 'atm_option_move': 29.8, 'sl_point': 104, 'target_point': 104, 'sl_pct_of_premium': 0.1, 'trail_trigger': 30, 'spread_width': 300, 'support_resistance_buffer': 53}
===
====after 3 min ochain==== 2026-09-10 11:27:00.007855
                                    oipcr   choipcr   CE_OI / PE_OI (same strike)
pcr1 =  BSE:SENSEX2691075600PE   0.04   -0.06 CALL added 1224000   PUT unwind -69700  CE_OI=2540780 PE_OI=90380
pcr2 =  BSE:SENSEX2691075500PE   0.06   -0.01 CALL added 2492340   PUT unwind -16180  CE_OI=5052900 PE_OI=306780
pcr3 =  BSE:SENSEX2691075400CE   0.05   -0.05 CALL added 1548340   PUT unwind -73760  CE_OI=2689380 PE_OI=143840
pcr4 =  BSE:SENSEX2691075300PE   0.09   -0.06 CALL added 2067300   PUT unwind -116480  CE_OI=3637880 PE_OI=325760
pcr5 =  BSE:SENSEX2691075200CE   0.14   0.02 CALL added 3136700   PUT added 47980  CE_OI=4921720 PE_OI=682180
pcr6 =  BSE:SENSEX2691075100CE   0.15    0.02 CALL added 2444060   PUT added 41300  CE_OI=4311000 PE_OI=657660
pcr7 =  BSE:SENSEX2691075000CE   0.3   0.16 CALL added 6245400   PUT added 991840  CE_OI=8744720 PE_OI=2619280PCRSUM== 352.94
pcrSummation== 47.28
VOLPCRSUM== 2.17
spotLTP =  74780.85  ATM_STRIKE =  74800
IS_ATM_STRIKE_SHIFT = False  mapStrike = {74800: 74800}
avgOiPcrList2 = [np.float64(19.0), np.float64(20.13), np.float64(20.76)] atmStrikeNotShiftedCount= 5
False   5   3
SUPP_RES=== 75000  Buffer= 53
ANCHOR_COMPARE: spot=74780.85 fut=75202.95 basis(fut-spot)=422.1 | SR_spot(PRIMARY)=75000 SR_future=75000 SR_diff(fut-spot)=0 | PCRwin_spot(PRIMARY)=74800 PCRwin_future=75200
CEoich val =  6245400.0  PEoich val =  991840.0 , CE > PE by 84.1%
SUPP_RES TOTAL OI: CE= 8744720  PE= 2619280 , CE > PE by 70.0%
INCR_CHOI: SUPP_RES=75000 role=RESISTANCE fresh_CE=192500 fresh_PE=62000 -> CE_dominant by 67.8% (resistance HOLDING (bearish)) | cumulative CE=6245400.0 PE=991840.0
FUT_SUPP_RES=== 75000  (FUT_LTP= 75202.95 ) Buffer= 53
FUT CEoich val =  6245400.0  PEoich val =  991840.0 , CE > PE by 84.1%
FUT_SUPP_RES TOTAL OI: CE= 8744720  PE= 2619280 , CE > PE by 70.0%
OI_SUPP_RES: spot=74780.85 ATM=74800 (ATM_CE_OI=5744140 ATM_PE_OI=5825380) | SUPPORT=74500PE OI=7585920 (dist=-300) | RESISTANCE=75000CE OI=8744720 (dist=200)
OI_SUPPORT=== 74500
OI_SUPPORT CEoich val = 517660.0  PEoich val = 6091220.0 , CE < PE by 91.5%
OI_SUPPORT TOTAL OI: CE= 670140  PE= 7585920 , CE < PE by 91.2%
OI_RESISTANCE=== 75000
OI_RESISTANCE CEoich val = 6245400.0  PEoich val = 991840.0 , CE > PE by 84.1%
OI_RESISTANCE TOTAL OI: CE= 8744720  PE= 2619280 , CE > PE by 70.0%
IS_MORNING_WINDOW= False  (active 9:15-9:48 IST)
================================================
==== signal check time ==== 2026-09-10 11:27:01.686664
IS_CHOI_DIFF_GT_25PERC== True
RSI_VAL1== 53.9
RSI_VAL2== 53.9
FUT_3m_OHLC O= 75165.0  H= 75205.0  L= 75165.0  C= 75203.0  Range= 40.0
CHART_PATTERN_DETECTED: BULLISH_ENGULFING | INSIDE_BAR | DOUBLE_TOP_FORMING
  PATTERN_CONTEXT: Body= 37.9  Range= 40.0  ExpectedRange= 66.2  RangeRatio= 0.6  O= 75165.0  H= 75205.0  L= 75165.0  C= 75203.0
isPcrInc = True
newSynthFut =  74800
ATMStrike =  74800
AVG_OIPCR= 5.25
avgoiPCROld=  20.76
SUPP_RES = 75000
FUT LTP = 75202.95
CEchoi  PechOi = 6245400.0    991840.0
====================================
AVG_VOLPCR= 0.24
atmPCR= 0.14  belowATM  0.15
atmVolPCR= 0.08  belowATM  0.13
True   75202.95   75000   True   False   53.9
no trade yet = [np.float64(19.0), np.float64(20.13), np.float64(20.76)]
India VIX = 11.78  Spot Price = 74757.26
IV Regime = HIGH (ADAPTIVE: P25= 11.04  P50= 11.29  P75= 11.49 ) | DailyRange = 1258.1 | 3minCandleRange = 66.2 (theoretical= 110.3 ) | ATMoptionMove = 29.8 | SL = 104 | Target = 104 | TrailTrigger = 30 | Spread = 300 | Buffer = 53
IV Params refreshed: {'vix': 11.78, 'bn_price': 74757.26, 'regime': 'HIGH', 'regime_thresholds': 'P25=11.04 P50=11.29 P75=11.49', 'daily_range': 1258.1, 'candle_range': 66.2, 'atm_option_move': 29.8, 'sl_point': 104, 'target_point': 104, 'sl_pct_of_premium': 0.1, 'trail_trigger': 30, 'spread_width': 300, 'support_resistance_buffer': 53}
===
====after 3 min ochain==== 2026-09-10 11:30:00.008630
                                    oipcr   choipcr   CE_OI / PE_OI (same strike)
pcr1 =  BSE:SENSEX2691075600PE   0.04   -0.06 CALL added 1197880   PUT unwind -69940  CE_OI=2514660 PE_OI=90140
pcr2 =  BSE:SENSEX2691075500PE   0.06   -0.01 CALL added 2662060   PUT unwind -21700  CE_OI=5222620 PE_OI=301260
pcr3 =  BSE:SENSEX2691075400CE   0.05   -0.05 CALL added 1537900   PUT unwind -74980  CE_OI=2678940 PE_OI=142620
pcr4 =  BSE:SENSEX2691075300PE   0.09   -0.06 CALL added 2074720   PUT unwind -116900  CE_OI=3645300 PE_OI=325340
pcr5 =  BSE:SENSEX2691075200CE   0.14   0.01 CALL added 3091300   PUT added 37200  CE_OI=4876320 PE_OI=671400
pcr6 =  BSE:SENSEX2691075100CE   0.15    0.01 CALL added 2469080   PUT added 27960  CE_OI=4336020 PE_OI=644320
pcr7 =  BSE:SENSEX2691075000CE   0.29   0.14 CALL added 6363200   PUT added 917820  CE_OI=8862520 PE_OI=2545260
pcr8 =  BSE:SENSEX2691074900PE   0.48   0.39 CALL added 3800240   PUT added 1472080  CE_OI=4607920 PE_OI=2192400
pcr9 =  BSE:SENSEX2691074800PE   1.02   1.06 CALL added 4752000   PUT added 5018300  CE_OI=5779040 PE_OI=5881520
pcr10 =  BSE:SENSEX2691074700PE   2.23   2.21 CALL added 2468960   PUT added 5455720  CE_OI=2740500 PE_OI=6112780
pcr11 =  BSE:SENSEX2691074600CE   5.48   5.33 CALL added 840100   PUT added 4479620  CE_OI=946060 PE_OI=5180860
pcr12 =  BSE:SENSEX2691074500PE   11.03   11.37 CALL added 539300   PUT added 6133560  CE_OI=691780 PE_OI=7628260
pcr13 =  BSE:SENSEX2691074400CE   25.52   24.92 CALL added 143460   PUT added 3574440  CE_OI=166000 PE_OI=4236340
pcr14 =  BSE:SENSEX2691074300PE   39.29   34.95 CALL added 71160   PUT added 2487200  CE_OI=83020 PE_OI=3262060
pcr15 =  BSE:SENSEX2691074200CE   49.04   42.4 CALL added 43000   PUT added 1823020  CE_OI=54560 PE_OI=2675600
pcr16 =  BSE:SENSEX2691074100CE   137.06   213.57 CALL added 7000   PUT added 1494980  CE_OI=15260 PE_OI=2091600
pcr17 =  BSE:SENSEX2691074000PE   66.06   79.35 CALL added 35020   PUT added 2778940  CE_OI=70880 PE_OI=4682260
PCRSUM== 338.03
pcrSummation== 46.34
VOLPCRSUM== 2.17
spotLTP =  74765.31  ATM_STRIKE =  74800
IS_ATM_STRIKE_SHIFT = False  mapStrike = {74800: 74800}
avgOiPcrList2 = [np.float64(20.13), np.float64(20.76), np.float64(19.88)] atmStrikeNotShiftedCount= 6
False   6   3
SUPP_RES=== 75000  Buffer= 53
ANCHOR_COMPARE: spot=74765.31 fut=75202.95 basis(fut-spot)=437.64 | SR_spot(PRIMARY)=75000 SR_future=75000 SR_diff(fut-spot)=0 | PCRwin_spot(PRIMARY)=74800 PCRwin_future=75200
CEoich val =  6363200.0  PEoich val =  917820.0 , CE > PE by 85.6%
SUPP_RES TOTAL OI: CE= 8862520  PE= 2545260 , CE > PE by 71.3%
INCR_CHOI: SUPP_RES=75000 role=RESISTANCE fresh_CE=117800 fresh_PE=-74020 -> CE_dominant by 162.8% (resistance HOLDING (bearish)) | cumulative CE=6363200.0 PE=917820.0
FUT_SUPP_RES=== 75000  (FUT_LTP= 75202.95 ) Buffer= 53
FUT CEoich val =  6363200.0  PEoich val =  917820.0 , CE > PE by 85.6%
FUT_SUPP_RES TOTAL OI: CE= 8862520  PE= 2545260 , CE > PE by 71.3%
OI_SUPP_RES: spot=74765.31 ATM=74800 (ATM_CE_OI=5779040 ATM_PE_OI=5881520) | SUPPORT=74500PE OI=7628260 (dist=-300) | RESISTANCE=75000CE OI=8862520 (dist=200)
OI_SUPPORT=== 74500
OI_SUPPORT CEoich val = 539300.0  PEoich val = 6133560.0 , CE < PE by 91.2%
OI_SUPPORT TOTAL OI: CE= 691780  PE= 7628260 , CE < PE by 90.9%
OI_RESISTANCE=== 75000
OI_RESISTANCE CEoich val = 6363200.0  PEoich val = 917820.0 , CE > PE by 85.6%
OI_RESISTANCE TOTAL OI: CE= 8862520  PE= 2545260 , CE > PE by 71.3%
IS_MORNING_WINDOW= False  (active 9:15-9:48 IST)
================================================
==== signal check time ==== 2026-09-10 11:30:01.664186
IS_CHOI_DIFF_GT_25PERC== True
RSI_VAL1== 53.9
RSI_VAL2== 53.9
FUT_3m_OHLC O= 75203.0  H= 75203.0  L= 75203.0  C= 75203.0  Range= 0.0
CHART_PATTERN_DETECTED: INSIDE_BAR | DOUBLE_TOP_FORMING
  PATTERN_CONTEXT: Body= 0.0  Range= 0.0  ExpectedRange= 66.2  RangeRatio= 0.0  O= 75203.0  H= 75203.0  L= 75203.0  C= 75203.0
recent two = [np.float64(20.76), np.float64(19.88)]
newSynthFut =  74800
ATMStrike =  74800
AVG_OIPCR= 5.15
avgoiPCROld=  19.88
SUPP_RES = 75000
FUT LTP = 75202.95
CEchoi  PechOi = 6363200.0    917820.0
====================================
AVG_VOLPCR= 0.24
atmPCR= 0.14  belowATM  0.15
atmVolPCR= 0.08  belowATM  0.13
True   75202.95   75000   False   False   53.9

pcr8 =  BSE:SENSEX2691074900PE   0.47   0.38 CALL added 3720140   PUT added 1420740  CE_OI=4527820 PE_OI=2141060
pcr9 =  BSE:SENSEX2691074800PE   1.01   1.05 CALL added 4717100   PUT added 4962160  CE_OI=5744140 PE_OI=5825380
pcr10 =  BSE:SENSEX2691074700PE   2.18   2.15 CALL added 2487300   PUT added 5343800  CE_OI=2758840 PE_OI=6000860
pcr11 =  BSE:SENSEX2691074600CE   5.55   5.41 CALL added 835160   PUT added 4518640  CE_OI=941120 PE_OI=5219880
pcr12 =  BSE:SENSEX2691074500PE   11.32   11.77 CALL added 517660   PUT added 6091220  CE_OI=670140 PE_OI=7585920
pcr13 =  BSE:SENSEX2691074400CE   26.16   25.63 CALL added 138140   PUT added 3541000  CE_OI=160680 PE_OI=4202900
pcr14 =  BSE:SENSEX2691074300PE   39.91   35.57 CALL added 69600   PUT added 2475880  CE_OI=81460 PE_OI=3250740
pcr15 =  BSE:SENSEX2691074200CE   49.88   43.16 CALL added 41120   PUT added 1774920  CE_OI=52680 PE_OI=2627500
pcr16 =  BSE:SENSEX2691074100CE   148.02   255.59 CALL added 5820   PUT added 1487520  CE_OI=14080 PE_OI=2084140
pcr17 =  BSE:SENSEX2691074000PE   67.61   82.84 CALL added 34220   PUT added 2834720  CE_OI=70080 PE_OI=4738040
PCRSUM== 352.94
pcrSummation== 47.28
VOLPCRSUM== 2.17
spotLTP =  74780.85  ATM_STRIKE =  74800
IS_ATM_STRIKE_SHIFT = False  mapStrike = {74800: 74800}
avgOiPcrList2 = [np.float64(19.0), np.float64(20.13), np.float64(20.76)] atmStrikeNotShiftedCount= 5
False   5   3
SUPP_RES=== 75000  Buffer= 53
ANCHOR_COMPARE: spot=74780.85 fut=75202.95 basis(fut-spot)=422.1 | SR_spot(PRIMARY)=75000 SR_future=75000 SR_diff(fut-spot)=0 | PCRwin_spot(PRIMARY)=74800 PCRwin_future=75200
CEoich val =  6245400.0  PEoich val =  991840.0 , CE > PE by 84.1%
SUPP_RES TOTAL OI: CE= 8744720  PE= 2619280 , CE > PE by 70.0%
INCR_CHOI: SUPP_RES=75000 role=RESISTANCE fresh_CE=192500 fresh_PE=62000 -> CE_dominant by 67.8% (resistance HOLDING (bearish)) | cumulative CE=6245400.0 PE=991840.0
FUT_SUPP_RES=== 75000  (FUT_LTP= 75202.95 ) Buffer= 53
FUT CEoich val =  6245400.0  PEoich val =  991840.0 , CE > PE by 84.1%
FUT_SUPP_RES TOTAL OI: CE= 8744720  PE= 2619280 , CE > PE by 70.0%
OI_SUPP_RES: spot=74780.85 ATM=74800 (ATM_CE_OI=5744140 ATM_PE_OI=5825380) | SUPPORT=74500PE OI=7585920 (dist=-300) | RESISTANCE=75000CE OI=8744720 (dist=200)
OI_SUPPORT=== 74500
OI_SUPPORT CEoich val = 517660.0  PEoich val = 6091220.0 , CE < PE by 91.5%
OI_SUPPORT TOTAL OI: CE= 670140  PE= 7585920 , CE < PE by 91.2%
OI_RESISTANCE=== 75000
OI_RESISTANCE CEoich val = 6245400.0  PEoich val = 991840.0 , CE > PE by 84.1%
OI_RESISTANCE TOTAL OI: CE= 8744720  PE= 2619280 , CE > PE by 70.0%
IS_MORNING_WINDOW= False  (active 9:15-9:48 IST)
================================================
==== signal check time ==== 2026-09-10 11:27:01.690226
IS_CHOI_DIFF_GT_25PERC== True
RSI_VAL1== 53.9
RSI_VAL2== 53.9
FUT_3m_OHLC O= 75165.0  H= 75205.0  L= 75165.0  C= 75203.0  Range= 40.0
CHART_PATTERN_DETECTED: BULLISH_ENGULFING | INSIDE_BAR | DOUBLE_TOP_FORMING
  PATTERN_CONTEXT: Body= 37.9  Range= 40.0  ExpectedRange= 66.2  RangeRatio= 0.6  O= 75165.0  H= 75205.0  L= 75165.0  C= 75203.0
isPcrInc = True
newSynthFut =  74800
ATMStrike =  74800
AVG_OIPCR= 5.25
avgoiPCROld=  20.76
SUPP_RES = 75000
FUT LTP = 75202.95
CEchoi  PechOi = 6245400.0    991840.0
====================================
AVG_VOLPCR= 0.24
atmPCR= 0.14  belowATM  0.15
atmVolPCR= 0.08  belowATM  0.13
True   75202.95   75000   True   False   53.9
no trade yet = [np.float64(19.0), np.float64(20.13), np.float64(20.76)]
India VIX = 11.78  Spot Price = 74757.26
IV Regime = HIGH (ADAPTIVE: P25= 11.04  P50= 11.29  P75= 11.49 ) | DailyRange = 1258.1 | 3minCandleRange = 66.2 (theoretical= 110.3 ) | ATMoptionMove = 29.8 | SL = 104 | Target = 104 | TrailTrigger = 30 | Spread = 300 | Buffer = 53
IV Params refreshed: {'vix': 11.78, 'bn_price': 74757.26, 'regime': 'HIGH', 'regime_thresholds': 'P25=11.04 P50=11.29 P75=11.49', 'daily_range': 1258.1, 'candle_range': 66.2, 'atm_option_move': 29.8, 'sl_point': 104, 'target_point': 104, 'sl_pct_of_premium': 0.1, 'trail_trigger': 30, 'spread_width': 300, 'support_resistance_buffer': 53}
===
====after 3 min ochain==== 2026-09-10 11:30:00.008630
                                    oipcr   choipcr   CE_OI / PE_OI (same strike)
pcr1 =  BSE:SENSEX2691075600PE   0.04   -0.06 CALL added 1197880   PUT unwind -69940  CE_OI=2514660 PE_OI=90140
pcr2 =  BSE:SENSEX2691075500PE   0.06   -0.01 CALL added 2662060   PUT unwind -21700  CE_OI=5222620 PE_OI=301260
pcr3 =  BSE:SENSEX2691075400CE   0.05   -0.05 CALL added 1537900   PUT unwind -74980  CE_OI=2678940 PE_OI=142620
pcr4 =  BSE:SENSEX2691075300PE   0.09   -0.06 CALL added 2074720   PUT unwind -116900  CE_OI=3645300 PE_OI=325340
pcr5 =  BSE:SENSEX2691075200CE   0.14   0.01 CALL added 3091300   PUT added 37200  CE_OI=4876320 PE_OI=671400
pcr6 =  BSE:SENSEX2691075100CE   0.15    0.01 CALL added 2469080   PUT added 27960  CE_OI=4336020 PE_OI=644320
pcr7 =  BSE:SENSEX2691075000CE   0.29   0.14 CALL added 6363200   PUT added 917820  CE_OI=8862520 PE_OI=2545260
pcr8 =  BSE:SENSEX2691074900PE   0.48   0.39 CALL added 3800240   PUT added 1472080  CE_OI=4607920 PE_OI=2192400
pcr9 =  BSE:SENSEX2691074800PE   1.02   1.06 CALL added 4752000   PUT added 5018300  CE_OI=5779040 PE_OI=5881520
pcr10 =  BSE:SENSEX2691074700PE   2.23   2.21 CALL added 2468960   PUT added 5455720  CE_OI=2740500 PE_OI=6112780
pcr11 =  BSE:SENSEX2691074600CE   5.48   5.33 CALL added 840100   PUT added 4479620  CE_OI=946060 PE_OI=5180860
pcr12 =  BSE:SENSEX2691074500PE   11.03   11.37 CALL added 539300   PUT added 6133560  CE_OI=691780 PE_OI=7628260
pcr13 =  BSE:SENSEX2691074400CE   25.52   24.92 CALL added 143460   PUT added 3574440  CE_OI=166000 PE_OI=4236340
pcr14 =  BSE:SENSEX2691074300PE   39.29   34.95 CALL added 71160   PUT added 2487200  CE_OI=83020 PE_OI=3262060
pcr15 =  BSE:SENSEX2691074200CE   49.04   42.4 CALL added 43000   PUT added 1823020  CE_OI=54560 PE_OI=2675600
pcr16 =  BSE:SENSEX2691074100CE   137.06   213.57 CALL added 7000   PUT added 1494980  CE_OI=15260 PE_OI=2091600
pcr17 =  BSE:SENSEX2691074000PE   66.06   79.35 CALL added 35020   PUT added 2778940  CE_OI=70880 PE_OI=4682260
PCRSUM== 338.03
pcrSummation== 46.34
VOLPCRSUM== 2.17
spotLTP =  74765.31  ATM_STRIKE =  74800
IS_ATM_STRIKE_SHIFT = False  mapStrike = {74800: 74800}
avgOiPcrList2 = [np.float64(20.13), np.float64(20.76), np.float64(19.88)] atmStrikeNotShiftedCount= 6
False   6   3
SUPP_RES=== 75000  Buffer= 53
ANCHOR_COMPARE: spot=74765.31 fut=75202.95 basis(fut-spot)=437.64 | SR_spot(PRIMARY)=75000 SR_future=75000 SR_diff(fut-spot)=0 | PCRwin_spot(PRIMARY)=74800 PCRwin_future=75200
CEoich val =  6363200.0  PEoich val =  917820.0 , CE > PE by 85.6%
SUPP_RES TOTAL OI: CE= 8862520  PE= 2545260 , CE > PE by 71.3%
INCR_CHOI: SUPP_RES=75000 role=RESISTANCE fresh_CE=117800 fresh_PE=-74020 -> CE_dominant by 162.8% (resistance HOLDING (bearish)) | cumulative CE=6363200.0 PE=917820.0
FUT_SUPP_RES=== 75000  (FUT_LTP= 75202.95 ) Buffer= 53
FUT CEoich val =  6363200.0  PEoich val =  917820.0 , CE > PE by 85.6%
FUT_SUPP_RES TOTAL OI: CE= 8862520  PE= 2545260 , CE > PE by 71.3%
OI_SUPP_RES: spot=74765.31 ATM=74800 (ATM_CE_OI=5779040 ATM_PE_OI=5881520) | SUPPORT=74500PE OI=7628260 (dist=-300) | RESISTANCE=75000CE OI=8862520 (dist=200)
OI_SUPPORT=== 74500
OI_SUPPORT CEoich val = 539300.0  PEoich val = 6133560.0 , CE < PE by 91.2%
OI_SUPPORT TOTAL OI: CE= 691780  PE= 7628260 , CE < PE by 90.9%
OI_RESISTANCE=== 75000
OI_RESISTANCE CEoich val = 6363200.0  PEoich val = 917820.0 , CE > PE by 85.6%
OI_RESISTANCE TOTAL OI: CE= 8862520  PE= 2545260 , CE > PE by 71.3%
IS_MORNING_WINDOW= False  (active 9:15-9:48 IST)
================================================
==== signal check time ==== 2026-09-10 11:30:01.528370
IS_CHOI_DIFF_GT_25PERC== True
RSI_VAL1== 53.9
RSI_VAL2== 53.9
FUT_3m_OHLC O= 75203.0  H= 75203.0  L= 75203.0  C= 75203.0  Range= 0.0
CHART_PATTERN_DETECTED: INSIDE_BAR | DOUBLE_TOP_FORMING
  PATTERN_CONTEXT: Body= 0.0  Range= 0.0  ExpectedRange= 66.2  RangeRatio= 0.0  O= 75203.0  H= 75203.0  L= 75203.0  C= 75203.0
recent two = [np.float64(20.76), np.float64(19.88)]
newSynthFut =  74800
ATMStrike =  74800
AVG_OIPCR= 5.15
avgoiPCROld=  19.88
SUPP_RES =India VIX = 11.78  Spot Price = 74754.52
IV Regime = HIGH (ADAPTIVE: P25= 11.04  P50= 11.29  P75= 11.49 ) | DailyRange = 1258.0 | 3minCandleRange = 66.2 (theoretical= 110.3 ) | ATMoptionMove = 29.8 | SL = 104 | Target = 104 | TrailTrigger = 30 | Spread = 300 | Buffer = 53
IV Params refreshed: {'vix': 11.78, 'bn_price': 74754.52, 'regime': 'HIGH', 'regime_thresholds': 'P25=11.04 P50=11.29 P75=11.49', 'daily_range': 1258.0, 'candle_range': 66.2, 'atm_option_move': 29.8, 'sl_point': 104, 'target_point': 104, 'sl_pct_of_premium': 0.1, 'trail_trigger': 30, 'spread_width': 300, 'support_resistance_buffer': 53}
===
====after 3 min ochain==== 2026-09-10 11:33:00.003235
                                    oipcr   choipcr   CE_OI / PE_OI (same strike)
pcr1 =  BSE:SENSEX2691075600PE   0.04   -0.06 CALL added 1206400   PUT unwind -69780  CE_OI=2523180 PE_OI=90300
pcr2 =  BSE:SENSEX2691075500PE   0.06   -0.01 CALL added 2644860   PUT unwind -21180  CE_OI=5205420 PE_OI=301780
pcr3 =  BSE:SENSEX2691075400CE   0.05   -0.05 CALL added 1567300   PUT unwind -75680  CE_OI=2708340 PE_OI=141920
pcr4 =  BSE:SENSEX2691075300PE   0.09   -0.06 CALL added 2121120   PUT unwind -119460  CE_OI=3691700 PE_OI=322780
pcr5 =  BSE:SENSEX2691075200CE   0.13   0.01 CALL added 3173720   PUT added 27620  CE_OI=4958740 PE_OI=661820
pcr6 =  BSE:SENSEX2691075100CE   0.15    0.01 CALL added 2496400   PUT added 18620  CE_OI=4363340 PE_OI=634980
pcr7 =  BSE:SENSEX2691075000CE   0.29   0.14 CALL added 6381660   PUT added 911040  CE_OI=8880980 PE_OI=2538480
pcr8 =  BSE:SENSEX2691074900PE   0.46   0.37 CALL added 3833780   PUT added 1408160  CE_OI=4641460 PE_OI=2128480
pcr9 =  BSE:SENSEX2691074800PE   0.99   1.03 CALL added 4859380   PUT added 4985080  CE_OI=5886420 PE_OI=5848300
pcr10 =  BSE:SENSEX2691074700PE   2.14   2.11 CALL added 2585100   PUT added 5443820  CE_OI=2856640 PE_OI=6100880
pcr11 =  BSE:SENSEX2691074600CE   5.33   5.18 CALL added 855500   PUT added 4427900  CE_OI=961460 PE_OI=5129140
pcr12 =  BSE:SENSEX2691074500PE   11.11   11.49 CALL added 533860   PUT added 6132460  CE_OI=686340 PE_OI=7627160
pcr13 =  BSE:SENSEX2691074400CE   24.87   24.18 CALL added 147100   PUT added 3556880  CE_OI=169640 PE_OI=4218780
pcr14 =  BSE:SENSEX2691074300PE   39.19   34.8 CALL added 70600   PUT added 2457140  CE_OI=82460 PE_OI=3232000
pcr15 =  BSE:SENSEX2691074200CE   46.6   39.64 CALL added 45120   PUT added 1788620  CE_OI=56680 PE_OI=2641200
pcr16 =  BSE:SENSEX2691074100CE   134.01   203.72 CALL added 7320   PUT added 1491220  CE_OI=15580 PE_OI=2087840
pcr17 =  BSE:SENSEX2691074000PE   66.1   79.35 CALL added 35240   PUT added 2796340  CE_OI=71100 PE_OI=4699660
PCRSUM== 331.61
pcrSummation== 45.47
VOLPCRSUM== 2.16
spotLTP =  74755.66  ATM_STRIKE =  74800
IS_ATM_STRIKE_SHIFT = False  mapStrike = {74800: 74800}
avgOiPcrList2 = [np.float64(20.76), np.float64(19.88), np.float64(19.51)] atmStrikeNotShiftedCount= 7
False   7   3
SUPP_RES=== 75000  Buffer= 53
ANCHOR_COMPARE: spot=74755.66 fut=75225.0 basis(fut-spot)=469.34 | SR_spot(PRIMARY)=75000 SR_future=75000 SR_diff(fut-spot)=0 | PCRwin_spot(PRIMARY)=74800 PCRwin_future=75200
CEoich val =  6381660.0  PEoich val =  911040.0 , CE > PE by 85.7%
SUPP_RES TOTAL OI: CE= 8880980  PE= 2538480 , CE > PE by 71.4%
INCR_CHOI: SUPP_RES=75000 role=RESISTANCE fresh_CE=18460 fresh_PE=-6780 -> CE_dominant by 136.7% (resistance HOLDING (bearish)) | cumulative CE=6381660.0 PE=911040.0
FUT_SUPP_RES=== 75000  (FUT_LTP= 75225.0 ) Buffer= 53
FUT CEoich val =  6381660.0  PEoich val =  911040.0 , CE > PE by 85.7%
FUT_SUPP_RES TOTAL OI: CE= 8880980  PE= 2538480 , CE > PE by 71.4%
OI_SUPP_RES: spot=74755.66 ATM=74800 (ATM_CE_OI=5886420 ATM_PE_OI=5848300) | SUPPORT=74500PE OI=7627160 (dist=-300) | RESISTANCE=75000CE OI=8880980 (dist=200)
OI_SUPPORT=== 74500
OI_SUPPORT CEoich val = 533860.0  PEoich val = 6132460.0 , CE < PE by 91.3%
OI_SUPPORT TOTAL OI: CE= 686340  PE= 7627160 , CE < PE by 91.0%
OI_RESISTANCE=== 75000
OI_RESISTANCE CEoich val = 6381660.0  PEoich val = 911040.0 , CE > PE by 85.7%
OI_RESISTANCE TOTAL OI: CE= 8880980  PE= 2538480 , CE > PE by 71.4%
IS_MORNING_WINDOW= False  (active 9:15-9:48 IST)
================================================
==== signal check time ==== 2026-09-10 11:33:01.587571
IS_CHOI_DIFF_GT_25PERC== True
RSI_VAL1== 57.39
RSI_VAL2== 57.39
FUT_3m_OHLC O= 75203.0  H= 75225.0  L= 75203.0  C= 75225.0  Range= 22.1
CHART_PATTERN_DETECTED: DOUBLE_TOP_FORMING
  PATTERN_CONTEXT: Body= 22.1  Range= 22.1  ExpectedRange= 66.2  RangeRatio= 0.33  O= 75203.0  H= 75225.0  L= 75203.0  C= 75225.0
isPcrDecr = True
newSynthFut =  74800
ATMStrike =  74800
AVG_OIPCR= 5.05
avgoiPCROld=  19.51
SUPP_RES = 75000
FUT LTP = 75225.0
CEchoi  PechOi = 6381660.0    911040.0
====================================
AVG_VOLPCR= 0.24
atmPCR= 0.13  belowATM  0.15
atmVolPCR= 0.08  belowATM  0.13
True   75225.0   75000   False   True   57.39
In Bear trade, slCount=  0  (mode= LOGIC2_TREND_CONVERGENCE )
SPREAD_CALC_AT_ENTRY: SyntheticATMStrike= 74700  ATM_PE= 127.25  ATM_CE= 186.5  AvgATM= 156.88
ATM_GREEKS: CE=BSE:SENSEX2691074700CE -> {'delta': 0.57, 'gamma': 0.001, 'theta': -127.25, 'vega': 6.38, 'iv': 24.28}
ATM_GREEKS: PE=BSE:SENSEX2691074700PE -> {'delta': -0.43, 'gamma': 0.001, 'theta': -127.25, 'vega': 6.38, 'iv': 24.28}
ATM_IV: ce_iv=24.28 pe_iv=24.28 avg_atm_iv=24.28 iv_skew(PE-CE)=0.0
==================================================
SPREAD_SELECTION (Sensex weekly): Type= CREDIT | DTE= 0 | PremRatio= 0.28 | IVRank= 0.89
SPREAD_REASONS: DTE=0(weekly) | PremRatio=0.28 | IVRank=0.89 | DECISION:CREDIT (DTE=0 expiry-day guard — never buy/debit on expiry, theta-toxic)
==================================================
SPREAD_DECISION_AT_ENTRY: {'type': 'CREDIT', 'score': 1, 'dte': 0, 'premium_ratio': 0.28, 'iv_rank': 0.89, 'vix_30d_high': 11.98, 'vix_30d_low': 10.48, 'reasons': ['DTE=0(weekly)', 'PremRatio=0.28', 'IVRank=0.89', 'DECISION:CREDIT (DTE=0 expiry-day guard — never buy/debit on expiry, theta-toxic)']}
ENTRY_MAIN_STRIKE: 74800 ( CREDIT -> spotATM )
ENTRY_ROUTING: spread_type= CREDIT  isBullish= False  isBearish= True
IV-Dynamic: SL= 104  Target= 104  Spread= 300
CREDIT_MAIN_1OTM: bear sell CE strike= 74800 (synthATM 74800 + ONE_OTM 0 )
HEDGE_BY_DELTA: main=74800CE main_delta=0.46 target_hedge_delta=0.23 nearest_strike=75100 nearest_delta=0.21 -> snapped500=75500 (far_otm_snap) hedge=BSE:SENSEX2691075500CE hedge_delta=0.06
DELTA_CHECK: main=BSE:SENSEX2691074800CE delta=0.46
DELTA_CHECK: hedge=BSE:SENSEX2691075500CE delta=0.06
DELTA_CHECK: delta_ratio (|hedge|/|main|) = 0.13
=atmCE= BSE:SENSEX2691074800CE
=otmCE== BSE:SENSEX2691075500CE  entryPrice= 136.75  maxHedgePremium= 68.375
hedge_entry_price = 13.0
CREDIT_NET_CREDIT= 123.75
OPT_RANGE_DEBUG: symbol=BSE:SENSEX2691074800CE | total_candles_after_skip1st=10 | ranges=[13.0, 10.35, 9.55, 29.25, 30.55, 28.25, 23.05, 19.4, 13.8, 28.85] | median_all=21.22
OPT_OHLC_ENTRY: symbol=BSE:SENSEX2691074800CE | candles=10 | open=[137.35, 132.95, 143.1, 146.45, 172.6, 165.25, 148.75, 156.7, 150.35, 141.1] | high=[143.95, 143.25, 148.8, 174.4, 188.45, 175.2, 160.95, 165.3, 150.35, 163.85] | low=[130.95, 132.9, 139.25, 145.15, 157.9, 146.95, 137.9, 145.9, 136.55, 135.0] | close=[133.25, 141.55, 146.7, 172.7, 166.3, 147.15, 156.0, 150.05, 144.2, 139.45] | median_range=21.22
OPT_RANGE_DEBUG: symbol=BSE:SENSEX2691075500CE | total_candles_after_skip1st=10 | ranges=[1.2, 1.1, 0.9, 2.8, 3.3, 3.25, 2.5, 2.2, 1.45, 2.6] | median_all=2.35
OPT_OHLC_ENTRY: symbol=BSE:SENSEX2691075500CE | candles=10 | open=[14.0, 13.5, 14.2, 14.8, 17.15, 16.65, 14.85, 15.2, 14.35, 13.2] | high=[14.7, 14.6, 14.9, 17.4, 18.95, 17.9, 15.85, 16.3, 14.35, 15.6] | low=[13.5, 13.5, 14.0, 14.6, 15.65, 14.65, 13.35, 14.1, 12.9, 13.0] | close=[13.6, 14.2, 14.75, 17.05, 16.65, 14.95, 15.15, 14.4, 13.4, 13.25] | median_range=2.35
HEDGE_OFFSET: source=DELTA used_ratio=0.13 raw=0.13 | delta_ratio=0.13 range_ratio=0.111 premium_ratio=0.095 | (main_delta=0.46 hedge_delta=0.06 main_range=21.22 hedge_range=2.35) effective_sl=36 -> net_sl_points=31.3
RISK_SIZING: effective_sl_pre=36 main=136.75 hedge=13.0 main_range=21.22 hedge_range=2.35 FIXED_RISK=10000 -> qty=300 (15 lots)
CREDIT_ENTRY: qty= 300
 75000
FUT LTP = 75202.95
CEchoi  PechOi = 6363200.0    917820.0
====================================
AVG_VOLPCR= 0.24
atmPCR= 0.14  belowATM  0.15
atmVolPCR= 0.08  belowATM  0.13
True   75202.95   75000   False   False   53.9
India VIX = 11.78  Spot Price = 74754.52
IV Regime = HIGH (ADAPTIVE: P25= 11.04  P50= 11.29  P75= 11.49 ) | DailyRange = 1258.0 | 3minCandleRange = 66.2 (theoretical= 110.3 ) | ATMoptionMove = 29.8 | SL = 104 | Target = 104 | TrailTrigger = 30 | Spread = 300 | Buffer = 53
IV Params refreshed: {'vix': 11.78, 'bn_price': 74754.52, 'regime': 'HIGH', 'regime_thresholds': 'P25=11.04 P50=11.29 P75=11.49', 'daily_range': 1258.0, 'candle_range': 66.2, 'atm_option_move': 29.8, 'sl_point': 104, 'target_point': 104, 'sl_pct_of_premium': 0.1, 'trail_trigger': 30, 'spread_width': 300, 'support_resistance_buffer': 53}
===
====after 3 min ochain==== 2026-09-10 11:33:00.001537
                                    oipcr   choipcr   CE_OI / PE_OI (same strike)
pcr1 =  BSE:SENSEX2691075600PE   0.04   -0.06 CALL added 1206400   PUT unwind -69780  CE_OI=2523180 PE_OI=90300
pcr2 =  BSE:SENSEX2691075500PE   0.06   -0.01 CALL added 2644860   PUT unwind -21180  CE_OI=5205420 PE_OI=301780
pcr3 =  BSE:SENSEX2691075400CE   0.05   -0.05 CALL added 1567300   PUT unwind -75680  CE_OI=2708340 PE_OI=141920
pcr4 =  BSE:SENSEX2691075300PE   0.09   -0.06 CALL added 2121120   PUT unwind -119460  CE_OI=3691700 PE_OI=322780
pcr5 =  BSE:SENSEX2691075200CE   0.13   0.01 CALL added 3173720   PUT added 27620  CE_OI=4958740 PE_OI=661820
pcr6 =  BSE:SENSEX2691075100CE   0.15    0.01 CALL added 2496400   PUT added 18620  CE_OI=4363340 PE_OI=634980
pcr7 =  BSE:SENSEX2691075000CE   0.29   0.14 CALL added 6381660   PUT added 911040  CE_OI=8880980 PE_OI=2538480
pcr8 =  BSE:SENSEX2691074900PE   0.46   0.37 CALL added 3833780   PUT added 1408160  CE_OI=4641460 PE_OI=2128480
pcr9 =  BSE:SENSEX2691074800PE   0.99   1.03 CALL added 4859380   PUT added 4985080  CE_OI=5886420 PE_OI=5848300
pcr10 =  BSE:SENSEX2691074700PE   2.14   2.11 CALL added 2585100   PUT added 5443820  CE_OI=2856640 PE_OI=6100880
pcr11 =  BSE:SENSEX2691074600CE   5.33   5.18 CALL added 855500   PUT added 4427900  CE_OI=961460 PE_OI=5129140
pcr12 =  BSE:SENSEX2691074500PE   11.11   11.49 CALL added 533860   PUT added 6132460  CE_OI=686340 PE_OI=7627160
pcr13 =  BSE:SENSEX2691074400CE   24.87   24.18 CALL added 147100   PUT added 3556880  CE_OI=169640 PE_OI=4218780
pcr14 =  BSE:SENSEX2691074300PE   39.19   34.8 CALL added 70600   PUT added 2457140  CE_OI=82460 PE_OI=3232000
pcr15 =  BSE:SENSEX2691074200CE   46.6   39.64 CALL added 45120   PUT added 1788620  CE_OI=56680 PE_OI=2641200
pcr16 =  BSE:SENSEX2691074100CE   134.01   203.72 CALL added 7320   PUT added 1491220  CE_OI=15580 PE_OI=2087840
pcr17 =  BSE:SENSEX2691074000PE   66.1   79.35 CALL added 35240   PUT added 2796340  CE_OI=71100 PE_OI=4699660
PCRSUM== 331.61
pcrSummation== 45.47
VOLPCRSUM== 2.16
spotLTP =  74755.66  ATM_STRIKE =  74800
IS_ATM_STRIKE_SHIFT = False  mapStrike = {74800: 74800}
avgOiPcrList2 = [np.float64(20.76), np.float64(19.88), np.float64(19.51)] atmStrikeNotShiftedCount= 7
False   7   3
SUPP_RES=== 75000  Buffer= 53
ANCHOR_COMPARE: spot=74755.66 fut=75225.0 basis(fut-spot)=469.34 | SR_spot(PRIMARY)=75000 SR_future=75000 SR_diff(fut-spot)=0 | PCRwin_spot(PRIMARY)=74800 PCRwin_future=75200
CEoich val =  6381660.0  PEoich val =  911040.0 , CE > PE by 85.7%
SUPP_RES TOTAL OI: CE= 8880980  PE= 2538480 , CE > PE by 71.4%
INCR_CHOI: SUPP_RES=75000 role=RESISTANCE fresh_CE=18460 fresh_PE=-6780 -> CE_dominant by 136.7% (resistance HOLDING (bearish)) | cumulative CE=6381660.0 PE=911040.0
FUT_SUPP_RES=== 75000  (FUT_LTP= 75225.0 ) Buffer= 53
FUT CEoich val =  6381660.0  PEoich val =  911040.0 , CE > PE by 85.7%
FUT_SUPP_RES TOTAL OI: CE= 8880980  PE= 2538480 , CE > PE by 71.4%
OI_SUPP_RES: spot=74755.66 ATM=74800 (ATM_CE_OI=5886420 ATM_PE_OI=5848300) | SUPPORT=74500PE OI=7627160 (dist=-300) | RESISTANCE=75000CE OI=8880980 (dist=200)
OI_SUPPORT=== 74500
OI_SUPPORT CEoich val = 533860.0  PEoich val = 6132460.0 , CE < PE by 91.3%
OI_SUPPORT TOTAL OI: CE= 686340  PE= 7627160 , CE < PE by 91.0%
OI_RESISTANCE=== 75000
OI_RESISTANCE CEoich val = 6381660.0  PEoich val = 911040.0 , CE > PE by 85.7%
OI_RESISTANCE TOTAL OI: CE= 8880980  PE= 2538480 , CE > PE by 71.4%
IS_MORNING_WINDOW= False  (active 9:15-9:48 IST)
================================================
==== signal check time ==== 2026-09-10 11:33:01.622195
IS_CHOI_DIFF_GT_25PERC== True
RSI_VAL1== 57.39
RSI_VAL2== 57.39
FUT_3m_OHLC O= 75203.0  H= 75225.0  L= 75203.0  C= 75225.0  Range= 22.1
CHART_PATTERN_DETECTED: DOUBLE_TOP_FORMING
  PATTERN_CONTEXT: Body= 22.1  Range= 22.1  ExpectedRange= 66.2  RangeRatio= 0.33  O= 75203.0  H= 75225.0  L= 75203.0  C= 75225.0
isPcrDecr = True
newSynthFut =  74800
ATMStrike =  74800
AVG_OIPCR= 5.05
avgoiPCROld=  19.51
SUPP_RES = 75000
FUT LTP = 75225.0
CEchoi  PechOi = 6381660.0    911040.0
====================================
AVG_VOLPCR= 0.24
atmPCR= 0.13  belowATM  0.15
atmVolPCR= 0.08  belowATM  0.13
True   75225.0   75000   False   True   57.39
In Bear trade, slCount=  0  (mode= LOGIC2_TREND_CONVERGENCE )
SPREAD_CALC_AT_ENTRY: SyntheticATMStrike= 74700  ATM_PE= 127.25  ATM_CE= 186.5  AvgATM= 156.88
ATM_GREEKS: CE=BSE:SENSEX2691074700CE -> {'delta': 0.57, 'gamma': 0.001, 'theta': -127.25, 'vega': 6.38, 'iv': 24.28}
ATM_GREEKS: PE=BSE:SENSEX2691074700PE -> {'delta': -0.43, 'gamma': 0.001, 'theta': -127.25, 'vega': 6.38, 'iv': 24.28}
ATM_IV: ce_iv=24.28 pe_iv=24.28 avg_atm_iv=24.28 iv_skew(PE-CE)=0.0
==================================================
SPREAD_SELECTION (Sensex weekly): Type= CREDIT | DTE= 0 | PremRatio= 0.28 | IVRank= 0.91
SPREAD_REASONS: DTE=0(weekly) | PremRatio=0.28 | IVRank=0.91 | DECISION:CREDIT (DTE=0 expiry-day guard — never buy/debit on expiry, theta-toxic)
==================================================
SPREAD_DECISION_AT_ENTRY: {'type': 'CREDIT', 'score': 1, 'dte': 0, 'premium_ratio': 0.28, 'iv_rank': 0.91, 'vix_30d_high': 11.98, 'vix_30d_low': 10.48, 'reasons': ['DTE=0(weekly)', 'PremRatio=0.28', 'IVRank=0.91', 'DECISION:CREDIT (DTE=0 expiry-day guard — never buy/debit on expiry, theta-toxic)']}
ENTRY_MAIN_STRIKE: 74800 ( CREDIT -> spotATM )
ENTRY_ROUTING: spread_type= CREDIT  isBullish= False  isBearish= True
IV-Dynamic: SL= 104  Target= 104  Spread= 300
CREDIT_MAIN_1OTM: bear sell CE strike= 74800 (synthATM 74800 + ONE_OTM 0 )
HEDGE_BY_DELTA: main=74800CE main_delta=0.46 target_hedge_delta=0.23 nearest_strike=75100 nearest_delta=0.21 -> snapped500=75500 (far_otm_snap) hedge=BSE:SENSEX2691075500CE hedge_delta=0.06
DELTA_CHECK: main=BSE:SENSEX2691074800CE delta=0.46
DELTA_CHECK: hedge=BSE:SENSEX2691075500CE delta=0.06
DELTA_CHECK: delta_ratio (|hedge|/|main|) = 0.13
=atmCE= BSE:SENSEX2691074800CE
=otmCE== BSE:SENSEX2691075500CE  entryPrice= 136.75  maxHedgePremium= 68.375
hedge_entry_price = 13.0
CREDIT_NET_CREDIT= 123.75
OPT_RANGE_DEBUG: symbol=BSE:SENSEX2691074800CE | total_candles_after_skip1st=10 | ranges=[13.0, 10.35, 9.55, 29.25, 30.55, 28.25, 23.05, 19.4, 13.8, 28.85] | median_all=21.22
OPT_OHLC_ENTRY: symbol=BSE:SENSEX2691074800CE | candles=10 | open=[137.35, 132.95, 143.1, 146.45, 172.6, 165.25, 148.75, 156.7, 150.35, 141.1] | high=[143.95, 143.25, 148.8, 174.4, 188.45, 175.2, 160.95, 165.3, 150.35, 163.85] | low=[130.95, 132.9, 139.25, 145.15, 157.9, 146.95, 137.9, 145.9, 136.55, 135.0] | close=[133.25, 141.55, 146.7, 172.7, 166.3, 147.15, 156.0, 150.05, 144.2, 139.45] | median_range=21.22
OPT_RANGE_DEBUG: symbol=BSE:SENSEX2691075500CE | total_candles_after_skip1st=10 | ranges=[1.2, 1.1, 0.9, 2.8, 3.3, 3.25, 2.5, 2.2, 1.45, 2.6] | median_all=2.35
OPT_OHLC_ENTRY: symbol=BSE:SENSEX2691075500CE | candles=10 | open=[14.0, 13.5, 14.2, 14.8, 17.15, 16.65, 14.85, 15.2, 14.35, 13.2] | high=[14.7, 14.6, 14.9, 17.4, 18.95, 17.9, 15.85, 16.3, 14.35, 15.6] | low=[13.5, 13.5, 14.0, 14.6, 15.65, 14.65, 13.35, 14.1, 12.9, 13.0] | close=[13.6, 14.2, 14.75, 17.05, 16.65, 14.95, 15.15, 14.4, 13.4, 13.25] | median_range=2.35
HEDGE_OFFSET: source=DELTA used_ratio=0.13 raw=0.13 | delta_ratio=0.13 range_ratio=0.111 premium_ratio=0.095 | (main_delta=0.46 hedge_delta=0.06 main_range=21.22 hedge_range=2.35) effective_sl=36 -> net_sl_points=31.3MARGIN_CHECK: qty=300 (15 lots) margin_required=1115152.76 avail=999073.48 usable(97%)=969101.28
MARGIN_CHECK: qty=280 (14 lots) margin_required=1040810.58 avail=999073.48 usable(97%)=969101.28
MARGIN_CHECK: qty=260 (13 lots) margin_required=966481.39 avail=999073.48 usable(97%)=969101.28
11 : 33 : 6  =>  BUY   SENSEX2691075500CE   260   MARKET
11 : 33 : 6  =>  SENSEX2691075500CE {'code': 1101, 'message': 'Successfully placed order', 's': 'ok', 'id_fyers': 'c6bab104-38d1-472f-b5e1-02a08fe6307d', 'id': '26091000188885'}
entryPrice== 136.75 Target = 33  BSE:SENSEX2691074800CE  SL = 241
11 : 33 : 7  =>  SELL   SENSEX2691074800CE   260   MARKET
11 : 33 : 7  =>  SENSEX2691074800CE {'code': 1101, 'message': 'Successfully placed order', 's': 'ok', 'id_fyers': '4e578f2c-73f5-463c-a93f-e13ffb22d775', 'id': '26091000188893'}
Exit OID:  {'code': 1101, 'message': 'Successfully placed order', 's': 'ok', 'id_fyers': '4e578f2c-73f5-463c-a93f-e13ffb22d775', 'id': '26091000188893'}   {'code': 1101, 'message': 'Successfully placed order', 's': 'ok', 'id_fyers': 'c6bab104-38d1-472f-b5e1-02a08fe6307d', 'id': '26091000188885'}
ENTRY_SL_TGT: spread= CREDIT  SL= 173.0  Target= 63.0  EntryPrem= 137.0  AnchorSrc= CANDLE_CLOSE  TrailTrigger= 44  SL_Source= OPTION_RANGE(median=21.22,SLx1.7,Tgtx3.5)  (iv_pts= 104  effective_sl= 36 )
11:35:00 In Trade ( CREDIT ). No Exit. ltp= 133.65  SL= 173.0  target= 63.0
11:36:00 In Trade ( CREDIT ). No Exit. ltp= 138.9  SL= 173.0  target= 63.0
11:37:01 In Trade ( CREDIT ). No Exit. ltp= 132.05  SL= 173.0  target= 63.0
11:38:01 In Trade ( CREDIT ). No Exit. ltp= 134.55  SL= 173.0  target= 63.0

RISK_SIZING: effective_sl_pre=36 main=136.75 hedge=13.0 main_range=21.22 hedge_range=2.35 FIXED_RISK=10000 -> qty=300 (15 lots)
CREDIT_ENTRY: qty= 300
MARGIN_CHECK: qty=300 (15 lots) margin_required=1115152.76 avail=999073.48 usable(97%)=969101.28
MARGIN_CHECK: qty=280 (14 lots) margin_required=1040824.58 avail=999073.48 usable(97%)=969101.28
MARGIN_CHECK: qty=260 (13 lots) margin_required=823912.99 avail=995660.48 usable(97%)=965790.67
11 : 33 : 6  =>  BUY   SENSEX2691075500CE   260   MARKET
11 : 33 : 6  =>  SENSEX2691075500CE {'code': 1101, 'message': 'Successfully placed order', 's': 'ok', 'id_fyers': 'a9843ce4-237a-404b-b22b-dc4b79902b8f', 'id': '26091000188889'}
entryPrice== 136.75 Target = 33  BSE:SENSEX2691074800CE  SL = 241
11 : 33 : 7  =>  SELL   SENSEX2691074800CE   260   MARKET
11 : 33 : 7  =>  SENSEX2691074800CE {'code': -99, 'message': 'RED:Margin Shortfall:INR 9,23,171.50 Available:INR 10,02,913.48 for C-YF00368 [FYERS_RISK_CUG]', 's': 'error', 'id_fyers': '8f1003c7-c0b4-4fe9-89cb-ede0ff100b03', 'id': '26091000188896'}
Exit OID:  {'code': -99, 'message': 'RED:Margin Shortfall:INR 9,23,171.50 Available:INR 10,02,913.48 for C-YF00368 [FYERS_RISK_CUG]', 's': 'error', 'id_fyers': '8f1003c7-c0b4-4fe9-89cb-ede0ff100b03', 'id': '26091000188896'}   {'code': 1101, 'message': 'Successfully placed order', 's': 'ok', 'id_fyers': 'a9843ce4-237a-404b-b22b-dc4b79902b8f', 'id': '26091000188889'}
ENTRY_ABORT: CREDIT bear main SELL leg failed — squaring off orphaned hedge BUY. resp= {'code': -99, 'message': 'RED:Margin Shortfall:INR 9,23,171.50 Available:INR 10,02,913.48 for C-YF00368 [FYERS_RISK_CUG]', 's': 'error', 'id_fyers': '8f1003c7-c0b4-4fe9-89cb-ede0ff100b03', 'id': '26091000188896'}
11 : 33 : 7  =>  SELL   SENSEX2691075500CE   260   MARKET
11 : 33 : 7  =>  SENSEX2691075500CE {'code': 1101, 'message': 'Successfully placed order', 's': 'ok', 'id_fyers': 'cdbf7462-1e4e-42c6-9361-7da040551608', 'id': '26091000188898'}
ENTRY_ABORT: bear entry failed — no position held, resetting state
India VIX = 11.78  Spot Price = 74733.42
IV Regime = HIGH (ADAPTIVE: P25= 11.04  P50= 11.29  P75= 11.49 ) | DailyRange = 1257.7 | 3minCandleRange = 66.2 (theoretical= 110.3 ) | ATMoptionMove = 29.8 | SL = 104 | Target = 104 | TrailTrigger = 30 | Spread = 300 | Buffer = 53
IV Params refreshed: {'vix': 11.78, 'bn_price': 74733.42, 'regime': 'HIGH', 'regime_thresholds': 'P25=11.04 P50=11.29 P75=11.49', 'daily_range': 1257.7, 'candle_range': 66.2, 'atm_option_move': 29.8, 'sl_point': 104, 'target_point': 104, 'sl_pct_of_premium': 0.1, 'trail_trigger': 30, 'spread_width': 300, 'support_resistance_buffer': 53}
===
====after 3 min ochain==== 2026-09-10 11:36:00.007773
                                    oipcr   choipcr   CE_OI / PE_OI (same strike)
pcr1 =  BSE:SENSEX2691075500PE   0.06   -0.01 CALL added 2701000   PUT unwind -28940  CE_OI=5261560 PE_OI=294020
pcr2 =  BSE:SENSEX2691075400CE   0.05   -0.05 CALL added 1529940   PUT unwind -76480  CE_OI=2670980 PE_OI=141120
pcr3 =  BSE:SENSEX2691075300PE   0.09   -0.06 CALL added 2124140   PUT unwind -121920  CE_OI=3694720 PE_OI=320320
pcr4 =  BSE:SENSEX2691075200CE   0.13   0.01 CALL added 3207260   PUT added 19900  CE_OI=4992280 PE_OI=654100
pcr5 =  BSE:SENSEX2691075100CE   0.14   -0.0 CALL added 2488200   PUT unwind -7500  CE_OI=4355140 PE_OI=608860
pcr6 =  BSE:SENSEX2691075000CE   0.28    0.14 CALL added 6465020   PUT added 892540  CE_OI=8964340 PE_OI=2519980
pcr7 =  BSE:SENSEX2691074900PE   0.44   0.35 CALL added 3889940   PUT added 1365340  CE_OI=4697620 PE_OI=2085660
pcr8 =  BSE:SENSEX2691074800PE   0.99   1.02 CALL added 4888500   PUT added 4997420  CE_OI=5915540 PE_OI=5860640
pcr9 =  BSE:SENSEX2691074700PE   2.09   2.06 CALL added 2657640   PUT added 5472360  CE_OI=2929180 PE_OI=6129420
pcr10 =  BSE:SENSEX2691074600CE   5.28   5.12 CALL added 870520   PUT added 4453780  CE_OI=976480 PE_OI=5155020
pcr11 =  BSE:SENSEX2691074500PE   11.04   11.4 CALL added 532580   PUT added 6070420  CE_OI=685060 PE_OI=7565120
pcr12 =  BSE:SENSEX2691074400CE   24.1   23.33 CALL added 153780   PUT added 3587540  CE_OI=176320 PE_OI=4249440
pcr13 =  BSE:SENSEX2691074300PE   36.52   32.19 CALL added 78960   PUT added 2542100  CE_OI=90820 PE_OI=3316960
pcr14 =  BSE:SENSEX2691074200CE   48.64   42.0 CALL added 43760   PUT added 1838020  CE_OI=55320 PE_OI=2690600
pcr15 =  BSE:SENSEX2691074100CE   140.39   230.33 CALL added 6260   PUT added 1441880  CE_OI=14520 PE_OI=2038500
pcr16 =  BSE:SENSEX2691074000PE   67.72   83.68 CALL added 32900   PUT added 2753020  CE_OI=68760 PE_OI=4656340
pcr17 =  BSE:SENSEX2691073900PE   314.87   1235.98 CALL added 1060   PUT added 1310140  CE_OI=5580 PE_OI=1757000
PCRSUM== 652.83
pcrSummation== 80.88
VOLPCRSUM== 3.8600000000000003
spotLTP =  74733.42  ATM_STRIKE =  74700
IS_ATM_STRIKE_SHIFT = False  mapStrike = {74700: 74700}
avgOiPcrList2 = [np.float64(38.4)] atmStrikeNotShiftedCount= 1
False   1   1
SUPP_RES=== 74500  Buffer= 53
ANCHOR_COMPARE: spot=74733.42 fut=75225.0 basis(fut-spot)=491.58 | SR_spot(PRIMARY)=74500 SR_future=75000 SR_diff(fut-spot)=500 | PCRwin_spot(PRIMARY)=74700 PCRwin_future=75200
CEoich val =  532580.0  PEoich val =  6070420.0 , CE < PE by 91.2%
SUPP_RES TOTAL OI: CE= 685060  PE= 7565120 , CE < PE by 90.9%
INCR_CHOI: SUPP_RES=74500 role=SUPPORT fresh_CE=-107920 fresh_PE=750200 -> PE_dominant by 114.4% (support HOLDING (bullish)) | cumulative CE=532580.0 PE=6070420.0
FUT_SUPP_RES=== 75000  (FUT_LTP= 75225.0 ) Buffer= 53
FUT CEoich val =  6465020.0  PEoich val =  892540.0 , CE > PE by 86.2%
FUT_SUPP_RES TOTAL OI: CE= 8964340  PE= 2519980 , CE > PE by 71.9%
OI_SUPP_RES: spot=74733.42 ATM=74700 (ATM_CE_OI=2929180 ATM_PE_OI=6129420) | SUPPORT=74500PE OI=7565120 (dist=-200) | RESISTANCE=75000CE OI=8964340 (dist=300)
OI_SUPPORT=== 74500
OI_SUPPORT CEoich val = 532580.0  PEoich val = 6070420.0 , CE < PE by 91.2%
OI_SUPPORT TOTAL OI: CE= 685060  PE= 7565120 , CE < PE by 90.9%
OI_RESISTANCE=== 75000
OI_RESISTANCE CEoich val = 6465020.0  PEoich val = 892540.0 , CE > PE by 86.2%
OI_RESISTANCE TOTAL OI: CE= 8964340  PE= 2519980 , CE > PE by 71.9%
IS_MORNING_WINDOW= False  (active 9:15-9:48 IST)
================================================
==== signal check time ==== 2026-09-10 11:36:00.669130
IS_CHOI_DIFF_GT_25PERC== True
RSI_VAL1== 57.39
RSI_VAL2== 57.39
FUT_3m_OHLC O= 75225.0  H= 75225.0  L= 75225.0  C= 75225.0  Range= 0.0
CHART_PATTERN_DETECTED: INSIDE_BAR | DOUBLE_TOP_FORMING
  PATTERN_CONTEXT: Body= 0.0  Range= 0.0  ExpectedRange= 66.2  RangeRatio= 0.0  O= 75225.0  H= 75225.0  L= 75225.0  C= 75225.0
newSynthFut =  74700
ATMStrike =  74700
AVG_OIPCR= 8.99
avgoiPCROld=  38.4
SUPP_RES = 74500
FUT LTP = 75225.0
CEchoi  PechOi = 532580.0    6070420.0
====================================
AVG_VOLPCR= 0.43
atmPCR= 0.14  belowATM  0.28
atmVolPCR= 0.13  belowATM  0.28
True   75225.0   74500   False   False   57.39
India VIX = 11.77  Spot Price = 74743.28
IV Regime = HIGH (ADAPTIVE: P25= 11.04  P50= 11.29  P75= 11.49 ) | DailyRange = 1256.8 | 3minCandleRange = 66.1 (theoretical= 110.2 ) | ATMoptionMove = 29.8 | SL = 104 | Target = 104 | TrailTrigger = 30 | Spread = 300 | Buffer = 53
IV Params refreshed: {'vix': 11.77, 'bn_price': 74743.28, 'regime': 'HIGH', 'regime_thresholds': 'P25=11.04 P50=11.29 P75=11.49', 'daily_range': 1256.8, 'candle_range': 66.1, 'atm_option_move': 29.8, 'sl_point': 104, 'target_point': 104, 'sl_pct_of_premium': 0.1, 'trail_trigger': 30, 'spread_width': 300, 'support_resistance_buffer': 53}
===
====after 3 min ochain==== 2026-09-10 11:39:00.007556
                                    oipcr   choipcr   CE_OI / PE_OI (same strike)
pcr1 =  BSE:SENSEX2691075500PE   0.06   -0.01 CALL added 2804460   PUT unwind -19520  CE_OI=5365020 PE_OI=303440
pcr2 =  BSE:SENSEX2691075400CE   0.05   -0.05 CALL added 1561520   PUT unwind -77260  CE_OI=2702560 PE_OI=140340
pcr3 =  BSE:SENSEX2691075300PE   0.09   -0.06 CALL added 2139740   PUT unwind -124820  CE_OI=3710320 PE_OI=317420
pcr4 =  BSE:SENSEX2691075200CE   0.13   0.0 CALL added 3214460   PUT added 10280  CE_OI=4999480 PE_OI=644480
pcr5 =  BSE:SENSEX2691075100CE   0.13   -0.01 CALL added 2535580   PUT unwind -28840  CE_OI=4402520 PE_OI=58752011:40:00 In Trade ( CREDIT ). No Exit. ltp= 131.05  SL= 173.0  target= 63.0
11:41:00 In Trade ( CREDIT ). No Exit. ltp= 130.25  SL= 173.0  target= 63.0

pcr6 =  BSE:SENSEX2691075000CE   0.26    0.12 CALL added 6769140   PUT added 789900  CE_OI=9268460 PE_OI=2417340
pcr7 =  BSE:SENSEX2691074900PE   0.42   0.32 CALL added 3996620   PUT added 1278040  CE_OI=4804300 PE_OI=1998360
pcr8 =  BSE:SENSEX2691074800PE   0.94   0.96 CALL added 5082860   PUT added 4870420  CE_OI=6109900 PE_OI=5733640
pcr9 =  BSE:SENSEX2691074700PE   2.06   2.02 CALL added 2654140   PUT added 5367720  CE_OI=2925680 PE_OI=6024780
pcr10 =  BSE:SENSEX2691074600CE   5.02   4.83 CALL added 899060   PUT added 4344820  CE_OI=1005020 PE_OI=5046060
pcr11 =  BSE:SENSEX2691074500PE   10.71   10.97 CALL added 545840   PUT added 5985880  CE_OI=698320 PE_OI=7480580
pcr12 =  BSE:SENSEX2691074400CE   24.32   23.58 CALL added 152000   PUT added 3583660  CE_OI=174540 PE_OI=4245560
pcr13 =  BSE:SENSEX2691074300PE   38.31   34.02 CALL added 74600   PUT added 2537560  CE_OI=86460 PE_OI=3312420
pcr14 =  BSE:SENSEX2691074200CE   49.18   42.74 CALL added 44060   PUT added 1882920  CE_OI=55620 PE_OI=2735500
pcr15 =  BSE:SENSEX2691074100CE   136.04   218.39 CALL added 6400   PUT added 1397680  CE_OI=14660 PE_OI=1994300
pcr16 =  BSE:SENSEX2691074000PE   67.21   82.39 CALL added 33380   PUT added 2750100  CE_OI=69240 PE_OI=4653420
pcr17 =  BSE:SENSEX2691073900PE   302.85   1046.4 CALL added 1240   PUT added 1297540  CE_OI=5760 PE_OI=1744400
PCRSUM== 637.78
pcrSummation== 82.17
VOLPCRSUM== 3.8600000000000003
spotLTP =  74743.28  ATM_STRIKE =  74700
IS_ATM_STRIKE_SHIFT = False  mapStrike = {74700: 74700}
avgOiPcrList2 = [np.float64(38.4), np.float64(37.52)] atmStrikeNotShiftedCount= 2
False   2   2
SUPP_RES=== 74500  Buffer= 53
ANCHOR_COMPARE: spot=74743.28 fut=75150.2 basis(fut-spot)=406.92 | SR_spot(PRIMARY)=74500 SR_future=75000 SR_diff(fut-spot)=500 | PCRwin_spot(PRIMARY)=74700 PCRwin_future=75200
CEoich val =  545840.0  PEoich val =  5985880.0 , CE < PE by 90.9%
SUPP_RES TOTAL OI: CE= 698320  PE= 7480580 , CE < PE by 90.7%
INCR_CHOI: SUPP_RES=74500 role=SUPPORT fresh_CE=13260 fresh_PE=-84540 -> CE_dominant by 115.7% (support UNDERMINED (bearish warning)) | cumulative CE=545840.0 PE=5985880.0
FUT_SUPP_RES=== 75000  (FUT_LTP= 75150.2 ) Buffer= 53
FUT CEoich val =  6769140.0  PEoich val =  789900.0 , CE > PE by 88.3%
FUT_SUPP_RES TOTAL OI: CE= 9268460  PE= 2417340 , CE > PE by 73.9%
OI_SUPP_RES: spot=74743.28 ATM=74700 (ATM_CE_OI=2925680 ATM_PE_OI=6024780) | SUPPORT=74500PE OI=7480580 (dist=-200) | RESISTANCE=75000CE OI=9268460 (dist=300)
OI_SUPPORT=== 74500
OI_SUPPORT CEoich val = 545840.0  PEoich val = 5985880.0 , CE < PE by 90.9%
OI_SUPPORT TOTAL OI: CE= 698320  PE= 7480580 , CE < PE by 90.7%
OI_RESISTANCE=== 75000
OI_RESISTANCE CEoich val = 6769140.0  PEoich val = 789900.0 , CE > PE by 88.3%
OI_RESISTANCE TOTAL OI: CE= 9268460  PE= 2417340 , CE > PE by 73.9%
IS_MORNING_WINDOW= False  (active 9:15-9:48 IST)
================================================
==== signal check time ==== 2026-09-10 11:39:00.720204
IS_CHOI_DIFF_GT_25PERC== True
RSI_VAL1== 44.22
RSI_VAL2== 44.22
FUT_3m_OHLC O= 75150.2  H= 75150.2  L= 75150.2  C= 75150.2  Range= 0.0
CHART_PATTERN: None
newSynthFut =  74700
ATMStrike =  74700
AVG_OIPCR= 9.13
avgoiPCROld=  37.52
SUPP_RES = 74500
FUT LTP = 75150.2
CEchoi  PechOi = 545840.0    5985880.0
====================================
AVG_VOLPCR= 0.43
atmPCR= 0.13  belowATM  0.26
atmVolPCR= 0.13  belowATM  0.28
True   75150.2   74500   False   False   44.22
India VIX = 11.8  Spot Price = 74718.63
IV Regime = HIGH (ADAPTIVE: P25= 11.04  P50= 11.29  P75= 11.49 ) | DailyRange = 1259.5 | 3minCandleRange = 66.3 (theoretical= 110.5 ) | ATMoptionMove = 29.8 | SL = 104 | Target = 104 | TrailTrigger = 30 | Spread = 300 | Buffer = 53
IV Params refreshed: {'vix': 11.8, 'bn_price': 74718.63, 'regime': 'HIGH', 'regime_thresholds': 'P25=11.04 P50=11.29 P75=11.49', 'daily_range': 1259.5, 'candle_range': 66.3, 'atm_option_move': 29.8, 'sl_point': 104, 'target_point': 104, 'sl_pct_of_premium': 0.1, 'trail_trigger': 30, 'spread_width': 300, 'support_resistance_buffer': 53}
===
====after 3 min ochain==== 2026-09-10 11:42:00.008867
                                    oipcr   choipcr   CE_OI / PE_OI (same strike)
pcr1 =  BSE:SENSEX2691075500PE   0.06   0.0 CALL added 2849640   PUT added 9240  CE_OI=5410200 PE_OI=332200
pcr2 =  BSE:SENSEX2691075400CE   0.05   -0.05 CALL added 1606420   PUT unwind -77660  CE_OI=2747460 PE_OI=139940
pcr3 =  BSE:SENSEX2691075300PE   0.08   -0.06 CALL added 2163240   PUT unwind -126180  CE_OI=3733820 PE_OI=316060
pcr4 =  BSE:SENSEX2691075200CE   0.13   0.0 CALL added 3285420   PUT added 5400  CE_OI=5070440 PE_OI=639600
pcr5 =  BSE:SENSEX2691075100CE   0.14   -0.0 CALL added 2544980   PUT unwind -12280  CE_OI=4411920 PE_OI=604080
pcr6 =  BSE:SENSEX2691075000CE   0.26    0.12 CALL added 6806900   PUT added 794160  CE_OI=9306220 PE_OI=2421600
pcr7 =  BSE:SENSEX2691074900PE   0.41   0.32 CALL added 4063820   PUT added 1282480  CE_OI=4871500 PE_OI=2002800
pcr8 =  BSE:SENSEX2691074800PE   0.91   0.93 CALL added 5244780   PUT added 4862600  CE_OI=6271820 PE_OI=5725820
pcr9 =  BSE:SENSEX2691074700PE   1.99   1.95 CALL added 2773900   PUT added 5414420  CE_OI=3045440 PE_OI=6071480
pcr10 =  BSE:SENSEX2691074600CE   4.65   4.44 CALL added 981320   PUT added 4356460  CE_OI=1087280 PE_OI=5057700
pcr11 =  BSE:SENSEX2691074500PE   10.57   10.78 CALL added 551800   PUT added 5947380  CE_OI=704280 PE_OI=7442080
pcr12 =  BSE:SENSEX2691074400CE   23.81   22.99 CALL added 154240   PUT added 3546620  CE_OI=176780 PE_OI=4208520
pcr13 =  BSE:SENSEX2691074300PE   37.83   33.59 CALL added 76780   PUT added 2578720  CE_OI=88640 PE_OI=3353580
pcr14 =  BSE:SENSEX2691074200CE   47.65   40.93 CALL added 44900   PUT added 1837940  CE_OI=56460 PE_OI=2690520
pcr15 =  BSE:SENSEX2691074100CE   137.35   219.09 CALL added 6580   PUT added 1441620  CE_OI=14840 PE_OI=2038240
pcr16 =  BSE:SENSEX2691074000PE   68.04   84.53 CALL added 32520   PUT added 2748960  CE_OI=68380 PE_OI=4652280
pcr17 =  BSE:SENSEX2691073900PE   295.02   928.31 CALL added 1400   PUT added 1299640  CE_OI=5920 PE_OI=1746500
PCRSUM== 628.95
pcrSummation== 80.57
VOLPCRSUM== 3.8600000000000003
spotLTP =  74719.07  ATM_STRIKE =  74700
IS_ATM_STRIKE_SHIFT = False  mapStrike = {74700: 74700}
avgOiPcrList2 = [np.float64(38.4), np.float64(37.52), np.float64(37.0)] atmStrikeNotShiftedCount= 3
False   3   3
SUPP_RES=== 74500  Buffer= 53
ANCHOR_COMPARE: spot=74719.07 fut=75145.05 basis(fut-spot)=425.98 | SR_spot(PRIMARY)=74500 SR_future=75000 SR_diff(fut-spot)=500 | PCRwin_spot(PRIMARY)=74700 PCRwin_future=75100
CEoich val =  551800.0  PEoich val =  5947380.0 , CE < PE by 90.7%
SUPP_RES TOTAL OI: CE= 704280  PE= 7442080 , CE < PE by 90.5%
INCR_CHOI: SUPP_RES=74500 role=SUPPORT fresh_CE=5960 fresh_PE=-38500 -> CE_dominant by 115.5% (support UNDERMINED (bearish warning)) | cumulative CE=551800.0 PE=5947380.0
FUT_SUPP_RES=== 75000  (FUT_LTP= 75145.05 ) Buffer= 53
FUT CEoich val =  6806900.0  PEoich val =  794160.0 , CE > PE by 88.3%
FUT_SUPP_RES TOTAL OI: CE= 9306220  PE= 2421600 , CE > PE by 74.0%
OI_SUPP_RES: spot=74719.07 ATM=74700 (ATM_CE_OI=3045440 ATM_PE_OI=6071480) | SUPPORT=74500PE OI=7442080 (dist=-200) | RESISTANCE=75000CE OI=9306220 (dist=300)
OI_SUPPORT=== 74500
OI_SUPPORT CEoich val = 551800.0  PEoich val = 5947380.0 , CE < PE by 90.7%
OI_SUPPORT TOTAL OI: CE= 704280  PE= 7442080 , CE < PE by 90.5%
OI_RESISTANCE=== 75000
OI_RESISTANCE CEoich val = 6806900.0  PEoich val = 794160.0 , CE > PE by 88.3%
OI_RESISTANCE TOTAL OI: CE= 9306220  PE= 2421600 , CE > PE by 74.0%
IS_MORNING_WINDOW= False  (active 9:15-9:48 IST)
================================================
==== signal check time ==== 2026-09-10 11:42:00.650612
IS_CHOI_DIFF_GT_25PERC== True
RSI_VAL1== 43.48
RSI_VAL2== 43.48
FUT_3m_OHLC O= 75150.2  H= 75150.2  L= 75145.0  C= 75145.0  Range= 5.1
CHART_PATTERN_DETECTED: DOUBLE_BOTTOM_FORMING
  PATTERN_CONTEXT: Body= -5.1  Range= 5.1  ExpectedRange= 66.3  RangeRatio= 0.08  O= 75150.2  H= 75150.2  L= 75145.0  C= 75145.0
isPcrDecr = True
newSynthFut =  74700
ATMStrike =  74700
AVG_OIPCR= 8.95
avgoiPCROld=  37.0
SUPP_RES = 74500
FUT LTP = 75145.05
CEchoi  PechOi = 551800.0    5947380.0
====================================11:42:01 In Trade ( CREDIT ). No Exit. ltp= 126.0  SL= 173.0  target= 63.0
11:43:01 In Trade ( CREDIT ). No Exit. ltp= 117.05  SL= 173.0  target= 63.0
11:44:01 In Trade ( CREDIT ). No Exit. ltp= 126.2  SL= 173.0  target= 63.0
11:45:00 In Trade ( CREDIT ). No Exit. ltp= 138.85  SL= 173.0  target= 63.0
11:46:00 In Trade ( CREDIT ). No Exit. ltp= 140.2  SL= 173.0  target= 63.0
11:47:00 In Trade ( CREDIT ). No Exit. ltp= 140.95  SL= 173.0  target= 63.0

AVG_VOLPCR= 0.43
atmPCR= 0.14  belowATM  0.26
atmVolPCR= 0.13  belowATM  0.28
True   75145.05   74500   False   True   43.48
no trade yet = [np.float64(38.4), np.float64(37.52), np.float64(37.0)]
India VIX = 11.78  Spot Price = 74741.49
IV Regime = HIGH (ADAPTIVE: P25= 11.04  P50= 11.29  P75= 11.49 ) | DailyRange = 1257.8 | 3minCandleRange = 66.2 (theoretical= 110.3 ) | ATMoptionMove = 29.8 | SL = 104 | Target = 104 | TrailTrigger = 30 | Spread = 300 | Buffer = 53
IV Params refreshed: {'vix': 11.78, 'bn_price': 74741.49, 'regime': 'HIGH', 'regime_thresholds': 'P25=11.04 P50=11.29 P75=11.49', 'daily_range': 1257.8, 'candle_range': 66.2, 'atm_option_move': 29.8, 'sl_point': 104, 'target_point': 104, 'sl_pct_of_premium': 0.1, 'trail_trigger': 30, 'spread_width': 300, 'support_resistance_buffer': 53}
===
====after 3 min ochain==== 2026-09-10 11:45:00.008256
                                    oipcr   choipcr   CE_OI / PE_OI (same strike)
pcr1 =  BSE:SENSEX2691075500PE   0.06   -0.0 CALL added 2861900   PUT unwind -4500  CE_OI=5422460 PE_OI=318460
pcr2 =  BSE:SENSEX2691075400CE   0.05   -0.05 CALL added 1536240   PUT unwind -78900  CE_OI=2677280 PE_OI=138700
pcr3 =  BSE:SENSEX2691075300PE   0.09   -0.06 CALL added 2092580   PUT unwind -128960  CE_OI=3663160 PE_OI=313280
pcr4 =  BSE:SENSEX2691075200CE   0.12   -0.0 CALL added 3277880   PUT unwind -15460  CE_OI=5062900 PE_OI=618740
pcr5 =  BSE:SENSEX2691075100CE   0.13   -0.02 CALL added 2534040   PUT unwind -43480  CE_OI=4400980 PE_OI=572880
pcr6 =  BSE:SENSEX2691075000CE   0.23    0.08 CALL added 7005300   PUT added 537500  CE_OI=9504620 PE_OI=2164940
pcr7 =  BSE:SENSEX2691074900PE   0.35   0.25 CALL added 4228880   PUT added 1051840  CE_OI=5036560 PE_OI=1772160
pcr8 =  BSE:SENSEX2691074800PE   0.75   0.73 CALL added 5710520   PUT added 4177600  CE_OI=6737560 PE_OI=5040820
pcr9 =  BSE:SENSEX2691074700PE   1.64   1.57 CALL added 3154380   PUT added 4959860  CE_OI=3425920 PE_OI=5616920
pcr10 =  BSE:SENSEX2691074600CE   4.18   3.92 CALL added 1021520   PUT added 4009000  CE_OI=1127480 PE_OI=4710240
pcr11 =  BSE:SENSEX2691074500PE   8.44   8.15 CALL added 719920   PUT added 5869820  CE_OI=872400 PE_OI=7364520
pcr12 =  BSE:SENSEX2691074400CE   21.08   20.01 CALL added 174800   PUT added 3498280  CE_OI=197340 PE_OI=4160180
pcr13 =  BSE:SENSEX2691074300PE   34.73   30.34 CALL added 82660   PUT added 2507960  CE_OI=94520 PE_OI=3282820
pcr14 =  BSE:SENSEX2691074200CE   48.82   42.55 CALL added 45960   PUT added 1955560  CE_OI=57520 PE_OI=2808140
pcr15 =  BSE:SENSEX2691074100CE   128.44   188.43 CALL added 7740   PUT added 1458420  CE_OI=16000 PE_OI=2055040
pcr16 =  BSE:SENSEX2691074000PE   64.79   76.55 CALL added 35700   PUT added 2732720  CE_OI=71560 PE_OI=4636040
pcr17 =  BSE:SENSEX2691073900PE   293.52   950.12 CALL added 1340   PUT added 1273160  CE_OI=5860 PE_OI=1720020
PCRSUM== 607.42
pcrSummation== 71.53
VOLPCRSUM== 3.8600000000000003
spotLTP =  74744.13  ATM_STRIKE =  74700
IS_ATM_STRIKE_SHIFT = False  mapStrike = {74700: 74700}
avgOiPcrList2 = [np.float64(37.52), np.float64(37.0), np.float64(35.73)] atmStrikeNotShiftedCount= 4
False   4   3
SUPP_RES=== 74500  Buffer= 53
ANCHOR_COMPARE: spot=74744.13 fut=75164.3 basis(fut-spot)=420.17 | SR_spot(PRIMARY)=74500 SR_future=75000 SR_diff(fut-spot)=500 | PCRwin_spot(PRIMARY)=74700 PCRwin_future=75200
CEoich val =  719920.0  PEoich val =  5869820.0 , CE < PE by 87.7%
SUPP_RES TOTAL OI: CE= 872400  PE= 7364520 , CE < PE by 88.2%
INCR_CHOI: SUPP_RES=74500 role=SUPPORT fresh_CE=168120 fresh_PE=-77560 -> CE_dominant by 146.1% (support UNDERMINED (bearish warning)) | cumulative CE=719920.0 PE=5869820.0
FUT_SUPP_RES=== 75000  (FUT_LTP= 75164.3 ) Buffer= 53
FUT CEoich val =  7005300.0  PEoich val =  537500.0 , CE > PE by 92.3%
FUT_SUPP_RES TOTAL OI: CE= 9504620  PE= 2164940 , CE > PE by 77.2%
OI_SUPP_RES: spot=74744.13 ATM=74700 (ATM_CE_OI=3425920 ATM_PE_OI=5616920) | SUPPORT=74500PE OI=7364520 (dist=-200) | RESISTANCE=75000CE OI=9504620 (dist=300)
OI_SUPPORT=== 74500
OI_SUPPORT CEoich val = 719920.0  PEoich val = 5869820.0 , CE < PE by 87.7%
OI_SUPPORT TOTAL OI: CE= 872400  PE= 7364520 , CE < PE by 88.2%
OI_RESISTANCE=== 75000
OI_RESISTANCE CEoich val = 7005300.0  PEoich val = 537500.0 , CE > PE by 92.3%
OI_RESISTANCE TOTAL OI: CE= 9504620  PE= 2164940 , CE > PE by 77.2%
IS_MORNING_WINDOW= False  (active 9:15-9:48 IST)
================================================
==== signal check time ==== 2026-09-10 11:45:00.757526
IS_CHOI_DIFF_GT_25PERC== True
RSI_VAL1== 47.05
RSI_VAL2== 47.05
FUT_3m_OHLC O= 75164.3  H= 75164.3  L= 75164.3  C= 75164.3  Range= 0.0
CHART_PATTERN_DETECTED: DOUBLE_BOTTOM_FORMING
  PATTERN_CONTEXT: Body= 0.0  Range= 0.0  ExpectedRange= 66.2  RangeRatio= 0.0  O= 75164.3  H= 75164.3  L= 75164.3  C= 75164.3
isPcrDecr = True
newSynthFut =  74700
ATMStrike =  74700
AVG_OIPCR= 7.95
avgoiPCROld=  35.73
SUPP_RES = 74500
FUT LTP = 75164.3
CEchoi  PechOi = 719920.0    5869820.0
====================================
AVG_VOLPCR= 0.43
atmPCR= 0.13  belowATM  0.23
atmVolPCR= 0.13  belowATM  0.28
True   75164.3   74500   False   True   47.05
no trade yet = [np.float64(37.52), np.float64(37.0), np.float64(35.73)]
India VIX = 11.78  Spot Price = 74772.14
IV Regime = HIGH (ADAPTIVE: P25= 11.04  P50= 11.29  P75= 11.49 ) | DailyRange = 1258.3 | 3minCandleRange = 66.2 (theoretical= 110.4 ) | ATMoptionMove = 29.8 | SL = 104 | Target = 104 | TrailTrigger = 30 | Spread = 300 | Buffer = 53
IV Params refreshed: {'vix': 11.78, 'bn_price': 74772.14, 'regime': 'HIGH', 'regime_thresholds': 'P25=11.04 P50=11.29 P75=11.49', 'daily_range': 1258.3, 'candle_range': 66.2, 'atm_option_move': 29.8, 'sl_point': 104, 'target_point': 104, 'sl_pct_of_premium': 0.1, 'trail_trigger': 30, 'spread_width': 300, 'support_resistance_buffer': 53}
===
====after 3 min ochain==== 2026-09-10 11:48:00.008739
                                    oipcr   choipcr   CE_OI / PE_OI (same strike)
pcr1 =  BSE:SENSEX2691075600PE   0.04   -0.06 CALL added 1186840   PUT unwind -71080  CE_OI=2503620 PE_OI=89000
pcr2 =  BSE:SENSEX2691075500PE   0.06   0.0 CALL added 2916520   PUT added 7420  CE_OI=5477080 PE_OI=330380
pcr3 =  BSE:SENSEX2691075400CE   0.05   -0.05 CALL added 1574480   PUT unwind -77700  CE_OI=2715520 PE_OI=139900
pcr4 =  BSE:SENSEX2691075300PE   0.08   -0.06 CALL added 2138520   PUT unwind -130180  CE_OI=3709100 PE_OI=312060
pcr5 =  BSE:SENSEX2691075200CE   0.12   -0.0 CALL added 3359440   PUT unwind -12640  CE_OI=5144460 PE_OI=621560
pcr6 =  BSE:SENSEX2691075100CE   0.13    -0.01 CALL added 2606420   PUT unwind -37240  CE_OI=4473360 PE_OI=579120
pcr7 =  BSE:SENSEX2691075000CE   0.23   0.09 CALL added 7072960   PUT added 616020  CE_OI=9572280 PE_OI=2243460
pcr8 =  BSE:SENSEX2691074900PE   0.36   0.26 CALL added 4249740   PUT added 1114580  CE_OI=5057420 PE_OI=1834900
pcr9 =  BSE:SENSEX2691074800PE   0.76   0.75 CALL added 5725160   PUT added 4273600  CE_OI=6752200 PE_OI=5136820
pcr10 =  BSE:SENSEX2691074700PE   1.68   1.61 CALL added 3209120   PUT added 5178440  CE_OI=3480660 PE_OI=5835500
pcr11 =  BSE:SENSEX2691074600CE   4.46   4.22 CALL added 988740   PUT added 4176220  CE_OI=1094700 PE_OI=4877460
pcr12 =  BSE:SENSEX2691074500PE   8.86   8.66 CALL added 696820   PUT added 6031180  CE_OI=849300 PE_OI=7525880
pcr13 =  BSE:SENSEX2691074400CE   22.97   22.09 CALL added 162800   PUT added 3596100  CE_OI=185340 PE_OI=4258000
pcr14 =  BSE:SENSEX2691074300PE   35.85   31.62 CALL added 82780   PUT added 2617880  CE_OI=94640 PE_OI=3392740
pcr15 =  BSE:SENSEX2691074200CE   46.77   39.88 CALL added 45240   PUT added 1804000  CE_OI=56800 PE_OI=2656580
pcr16 =  BSE:SENSEX2691074100CE   126.73   184.29 CALL added 7820   PUT added 1441140  CE_OI=16080 PE_OI=2037760
pcr17 =  BSE:SENSEX2691074000PE   65.27   77.85 CALL added 34760   PUT added 2706180  CE_OI=70620 PE_OI=4609500
PCRSUM== 314.42
pcrSummation== 39.57
VOLPCRSUM== 2.13
spotLTP =  74772.14  ATM_STRIKE =  74800
IS_ATM_STRIKE_SHIFT = True  mapStrike = {74800: 74800}
avgOiPcrList2 = [np.float64(18.5)] atmStrikeNotShiftedCount= 1
True   1   1
SUPP_RES=== 75000  Buffer= 53
ANCHOR_COMPARE: spot=74772.14 fut=75164.3 basis(fut-spot)=392.16 | SR_spot(PRIMARY)=75000 SR_future=75000 SR_diff(fut-spot)=0 | PCRwin_spot(PRIMARY)=74800 PCRwin_future=7520011:48:01 In Trade ( CREDIT ). No Exit. ltp= 143.75  SL= 173.0  target= 63.0
11:50:00 In Trade ( CREDIT ). No Exit. ltp= 147.55  SL= 173.0  target= 63.0
11:51:01 In Trade ( CREDIT ). No Exit. ltp= 150.95  SL= 173.0  target= 63.0
11:52:01 In Trade ( CREDIT ). No Exit. ltp= 144.55  SL= 173.0  target= 63.0
11:53:01 In Trade ( CREDIT ). No Exit. ltp= 146.15  SL= 173.0  target= 63.0

CEoich val =  7072960.0  PEoich val =  616020.0 , CE > PE by 91.3%
SUPP_RES TOTAL OI: CE= 9572280  PE= 2243460 , CE > PE by 76.6%
INCR_CHOI: SUPP_RES=75000 role=RESISTANCE fresh_CE=691300 fresh_PE=-295020 -> CE_dominant by 142.7% (resistance HOLDING (bearish)) | cumulative CE=7072960.0 PE=616020.0
FUT_SUPP_RES=== 75000  (FUT_LTP= 75164.3 ) Buffer= 53
FUT CEoich val =  7072960.0  PEoich val =  616020.0 , CE > PE by 91.3%
FUT_SUPP_RES TOTAL OI: CE= 9572280  PE= 2243460 , CE > PE by 76.6%
OI_SUPP_RES: spot=74772.14 ATM=74800 (ATM_CE_OI=6752200 ATM_PE_OI=5136820) | SUPPORT=74500PE OI=7525880 (dist=-300) | RESISTANCE=75000CE OI=9572280 (dist=200)
OI_SUPPORT=== 74500
OI_SUPPORT CEoich val = 696820.0  PEoich val = 6031180.0 , CE < PE by 88.4%
OI_SUPPORT TOTAL OI: CE= 849300  PE= 7525880 , CE < PE by 88.7%
OI_RESISTANCE=== 75000
OI_RESISTANCE CEoich val = 7072960.0  PEoich val = 616020.0 , CE > PE by 91.3%
OI_RESISTANCE TOTAL OI: CE= 9572280  PE= 2243460 , CE > PE by 76.6%
IS_MORNING_WINDOW= False  (active 9:15-9:48 IST)
================================================
==== signal check time ==== 2026-09-10 11:48:00.711947
IS_CHOI_DIFF_GT_25PERC== True
RSI_VAL1== 47.05
RSI_VAL2== 47.05
FUT_3m_OHLC O= 75164.3  H= 75164.3  L= 75164.3  C= 75164.3  Range= 0.0
CHART_PATTERN_DETECTED: INSIDE_BAR | DOUBLE_TOP_FORMING | DOUBLE_BOTTOM_FORMING
  PATTERN_CONTEXT: Body= 0.0  Range= 0.0  ExpectedRange= 66.2  RangeRatio= 0.0  O= 75164.3  H= 75164.3  L= 75164.3  C= 75164.3
newSynthFut =  74800
ATMStrike =  74800
AVG_OIPCR= 4.4
avgoiPCROld=  18.5
SUPP_RES = 75000
FUT LTP = 75164.3
CEchoi  PechOi = 7072960.0    616020.0
====================================
AVG_VOLPCR= 0.24
atmPCR= 0.12  belowATM  0.13
atmVolPCR= 0.08  belowATM  0.12
True   75164.3   75000   False   False   47.05
India VIX = 11.78  Spot Price = 74787.91
IV Regime = HIGH (ADAPTIVE: P25= 11.04  P50= 11.29  P75= 11.49 ) | DailyRange = 1258.6 | 3minCandleRange = 66.2 (theoretical= 110.4 ) | ATMoptionMove = 29.8 | SL = 104 | Target = 104 | TrailTrigger = 30 | Spread = 300 | Buffer = 53
IV Params refreshed: {'vix': 11.78, 'bn_price': 74787.91, 'regime': 'HIGH', 'regime_thresholds': 'P25=11.04 P50=11.29 P75=11.49', 'daily_range': 1258.6, 'candle_range': 66.2, 'atm_option_move': 29.8, 'sl_point': 104, 'target_point': 104, 'sl_pct_of_premium': 0.1, 'trail_trigger': 30, 'spread_width': 300, 'support_resistance_buffer': 53}
===
====after 3 min ochain==== 2026-09-10 11:51:00.000806
                                    oipcr   choipcr   CE_OI / PE_OI (same strike)
pcr1 =  BSE:SENSEX2691075600PE   0.03   -0.06 CALL added 1242560   PUT unwind -71120  CE_OI=2559340 PE_OI=88960
pcr2 =  BSE:SENSEX2691075500PE   0.06   0.0 CALL added 2937360   PUT added 8760  CE_OI=5497920 PE_OI=331720
pcr3 =  BSE:SENSEX2691075400CE   0.05   -0.05 CALL added 1587640   PUT unwind -77840  CE_OI=2728680 PE_OI=139760
pcr4 =  BSE:SENSEX2691075300PE   0.08   -0.06 CALL added 2174080   PUT unwind -129580  CE_OI=3744660 PE_OI=312660
pcr5 =  BSE:SENSEX2691075200CE   0.12   -0.0 CALL added 3286160   PUT unwind -5800  CE_OI=5071180 PE_OI=628400
pcr6 =  BSE:SENSEX2691075100CE   0.13    -0.01 CALL added 2659460   PUT unwind -23600  CE_OI=4526400 PE_OI=592760
pcr7 =  BSE:SENSEX2691075000CE   0.24   0.1 CALL added 7021420   PUT added 677860  CE_OI=9520740 PE_OI=2305300
pcr8 =  BSE:SENSEX2691074900PE   0.38   0.28 CALL added 4257920   PUT added 1185740  CE_OI=5065600 PE_OI=1906060
pcr9 =  BSE:SENSEX2691074800PE   0.79   0.78 CALL added 5752280   PUT added 4505180  CE_OI=6779320 PE_OI=5368400
pcr10 =  BSE:SENSEX2691074700PE   1.79   1.74 CALL added 3101680   PUT added 5396000  CE_OI=3373220 PE_OI=6053060
pcr11 =  BSE:SENSEX2691074600CE   4.67   4.46 CALL added 968680   PUT added 4319040  CE_OI=1074640 PE_OI=5020280
pcr12 =  BSE:SENSEX2691074500PE   9.91   9.94 CALL added 621880   PUT added 6180960  CE_OI=774360 PE_OI=7675660
pcr13 =  BSE:SENSEX2691074400CE   23.13   22.27 CALL added 162620   PUT added 3621120  CE_OI=185160 PE_OI=4283020
pcr14 =  BSE:SENSEX2691074300PE   36.93   32.67 CALL added 79200   PUT added 2587640  CE_OI=91060 PE_OI=3362500
pcr15 =  BSE:SENSEX2691074200CE   46.14   39.04 CALL added 44940   PUT added 1754320  CE_OI=56500 PE_OI=2606900
pcr16 =  BSE:SENSEX2691074100CE   122.54   172.49 CALL added 8320   PUT added 1435100  CE_OI=16580 PE_OI=2031720
pcr17 =  BSE:SENSEX2691074000PE   63.91   75.26 CALL added 34220   PUT added 2575260  CE_OI=70080 PE_OI=4478580
PCRSUM== 310.9
pcrSummation== 41.16
VOLPCRSUM== 2.12
spotLTP =  74787.91  ATM_STRIKE =  74800
IS_ATM_STRIKE_SHIFT = False  mapStrike = {74800: 74800}
avgOiPcrList2 = [np.float64(18.5), np.float64(18.29)] atmStrikeNotShiftedCount= 2
False   2   2
SUPP_RES=== 75000  Buffer= 53
ANCHOR_COMPARE: spot=74787.91 fut=75200.0 basis(fut-spot)=412.09 | SR_spot(PRIMARY)=75000 SR_future=75000 SR_diff(fut-spot)=0 | PCRwin_spot(PRIMARY)=74800 PCRwin_future=75200
CEoich val =  7021420.0  PEoich val =  677860.0 , CE > PE by 90.3%
SUPP_RES TOTAL OI: CE= 9520740  PE= 2305300 , CE > PE by 75.8%
INCR_CHOI: SUPP_RES=75000 role=RESISTANCE fresh_CE=-51540 fresh_PE=61840 -> PE_dominant by 183.3% (resistance CHALLENGED (bullish warning)) | cumulative CE=7021420.0 PE=677860.0
FUT_SUPP_RES=== 75000  (FUT_LTP= 75200.0 ) Buffer= 53
FUT CEoich val =  7021420.0  PEoich val =  677860.0 , CE > PE by 90.3%
FUT_SUPP_RES TOTAL OI: CE= 9520740  PE= 2305300 , CE > PE by 75.8%
OI_SUPP_RES: spot=74787.91 ATM=74800 (ATM_CE_OI=6779320 ATM_PE_OI=5368400) | SUPPORT=74500PE OI=7675660 (dist=-300) | RESISTANCE=75000CE OI=9520740 (dist=200)
OI_SUPPORT=== 74500
OI_SUPPORT CEoich val = 621880.0  PEoich val = 6180960.0 , CE < PE by 89.9%
OI_SUPPORT TOTAL OI: CE= 774360  PE= 7675660 , CE < PE by 89.9%
OI_RESISTANCE=== 75000
OI_RESISTANCE CEoich val = 7021420.0  PEoich val = 677860.0 , CE > PE by 90.3%
OI_RESISTANCE TOTAL OI: CE= 9520740  PE= 2305300 , CE > PE by 75.8%
IS_MORNING_WINDOW= False  (active 9:15-9:48 IST)
================================================
==== signal check time ==== 2026-09-10 11:51:00.672363
IS_CHOI_DIFF_GT_25PERC== True
RSI_VAL1== 53.38
RSI_VAL2== 53.38
FUT_3m_OHLC O= 75164.3  H= 75200.0  L= 75164.3  C= 75200.0  Range= 35.7
CHART_PATTERN_DETECTED: DOUBLE_BOTTOM_FORMING
  PATTERN_CONTEXT: Body= 35.7  Range= 35.7  ExpectedRange= 66.2  RangeRatio= 0.54  O= 75164.3  H= 75200.0  L= 75164.3  C= 75200.0
newSynthFut =  74800
ATMStrike =  74800
AVG_OIPCR= 4.57
avgoiPCROld=  18.29
SUPP_RES = 75000
FUT LTP = 75200.0
CEchoi  PechOi = 7021420.0    677860.0
====================================
AVG_VOLPCR= 0.24
atmPCR= 0.12  belowATM  0.13
atmVolPCR= 0.08  belowATM  0.12
True   75200.0   75000   False   False   53.38
India VIX = 11.77  Spot Price = 74777.76
IV Regime = HIGH (ADAPTIVE: P25= 11.04  P50= 11.29  P75= 11.49 ) | DailyRange = 1257.3 | 3minCandleRange = 66.2 (theoretical= 110.3 ) | ATMoptionMove = 29.8 | SL = 104 | Target = 104 | TrailTrigger = 30 | Spread = 300 | Buffer = 53
IV Params refreshed: {'vix': 11.77, 'bn_price': 74777.76, 'regime': 'HIGH', 'regime_thresholds': 'P25=11.04 P50=11.29 P75=11.49', 'daily_range': 1257.3, 'candle_range': 66.2, 'atm_option_move': 29.8, 'sl_point': 104, 'target_point': 104, 'sl_pct_of_premium': 0.1, 'trail_trigger': 30, 'spread_width': 300, 'support_resistance_buffer': 53}
===
====after 3 min ochain==== 2026-09-10 11:54:00.012786
                                    oipcr   choipcr   CE_OI / PE_OI (same strike)
pcr1 =  BSE:SENSEX2691075600PE   0.03   -0.06 CALL added 1243120   PUT unwind -70960  CE_OI=2559900 PE_OI=89120
pcr2 =  BSE:SENSEX2691075500PE   0.06   0.0 CALL added 2928240   PUT added 8400  CE_OI=5488800 PE_OI=331360
pcr3 =  BSE:SENSEX2691075400CE   0.05   -0.05 CALL added 1650540   PUT unwind -78100  CE_OI=2791580 PE_OI=139500
pcr4 =  BSE:SENSEX2691075300PE   0.08   -0.06 CALL added 2184920   PUT unwind -130960  CE_OI=3755500 PE_OI=311280
pcr5 =  BSE:SENSEX2691075200CE   0.12   -0.0 CALL added 3263080   PUT unwind -8280  CE_OI=5048100 PE_OI=625920
pcr6 =  BSE:SENSEX2691075100CE   0.13    -0.0 CALL added 2660200   PUT unwind -5420  CE_OI=4527140 PE_OI=610940
pcr7 =  BSE:SENSEX2691075000CE   0.25   0.1 CALL added 6960680   PUT added 716500  CE_OI=9460000 PE_OI=234394011:56:00 In Trade ( CREDIT ). No Exit. ltp= 142.45  SL= 173.0  target= 63.0
11:57:00 In Trade ( CREDIT ). No Exit. ltp= 140.45  SL= 173.0  target= 63.0

pcr8 =  BSE:SENSEX2691074900PE   0.43   0.34 CALL added 4149440   PUT added 1405240  CE_OI=4957120 PE_OI=2125560
pcr9 =  BSE:SENSEX2691074800PE   0.84   0.84 CALL added 5574720   PUT added 4705620  CE_OI=6601760 PE_OI=5568840
pcr10 =  BSE:SENSEX2691074700PE   1.91   1.86 CALL added 2988160   PUT added 5553600  CE_OI=3259700 PE_OI=6210660
pcr11 =  BSE:SENSEX2691074600CE   4.83   4.63 CALL added 963960   PUT added 4466000  CE_OI=1069920 PE_OI=5167240
pcr12 =  BSE:SENSEX2691074500PE   10.82   11.09 CALL added 575780   PUT added 6384020  CE_OI=728260 PE_OI=7878720
pcr13 =  BSE:SENSEX2691074400CE   23.59   22.79 CALL added 162860   PUT added 3711880  CE_OI=185400 PE_OI=4373780
pcr14 =  BSE:SENSEX2691074300PE   38.1   33.9 CALL added 76900   PUT added 2606960  CE_OI=88760 PE_OI=3381820
pcr15 =  BSE:SENSEX2691074200CE   47.83   40.96 CALL added 43660   PUT added 1788520  CE_OI=55220 PE_OI=2641100
pcr16 =  BSE:SENSEX2691074100CE   124.08   176.43 CALL added 8180   PUT added 1443200  CE_OI=16440 PE_OI=2039820
pcr17 =  BSE:SENSEX2691074000PE   64.0   75.58 CALL added 33840   PUT added 2557640  CE_OI=69700 PE_OI=4460960
PCRSUM== 317.15
pcrSummation== 42.92
VOLPCRSUM== 2.1100000000000003
spotLTP =  74777.76  ATM_STRIKE =  74800
IS_ATM_STRIKE_SHIFT = False  mapStrike = {74800: 74800}
avgOiPcrList2 = [np.float64(18.5), np.float64(18.29), np.float64(18.66)] atmStrikeNotShiftedCount= 3
False   3   3
SUPP_RES=== 75000  Buffer= 53
ANCHOR_COMPARE: spot=74777.76 fut=75224.1 basis(fut-spot)=446.34 | SR_spot(PRIMARY)=75000 SR_future=75000 SR_diff(fut-spot)=0 | PCRwin_spot(PRIMARY)=74800 PCRwin_future=75200
CEoich val =  6960680.0  PEoich val =  716500.0 , CE > PE by 89.7%
SUPP_RES TOTAL OI: CE= 9460000  PE= 2343940 , CE > PE by 75.2%
INCR_CHOI: SUPP_RES=75000 role=RESISTANCE fresh_CE=-60740 fresh_PE=38640 -> PE_dominant by 163.6% (resistance CHALLENGED (bullish warning)) | cumulative CE=6960680.0 PE=716500.0
FUT_SUPP_RES=== 75000  (FUT_LTP= 75224.1 ) Buffer= 53
FUT CEoich val =  6960680.0  PEoich val =  716500.0 , CE > PE by 89.7%
FUT_SUPP_RES TOTAL OI: CE= 9460000  PE= 2343940 , CE > PE by 75.2%
OI_SUPP_RES: spot=74777.76 ATM=74800 (ATM_CE_OI=6601760 ATM_PE_OI=5568840) | SUPPORT=74500PE OI=7878720 (dist=-300) | RESISTANCE=75000CE OI=9460000 (dist=200)
OI_SUPPORT=== 74500
OI_SUPPORT CEoich val = 575780.0  PEoich val = 6384020.0 , CE < PE by 91.0%
OI_SUPPORT TOTAL OI: CE= 728260  PE= 7878720 , CE < PE by 90.8%
OI_RESISTANCE=== 75000
OI_RESISTANCE CEoich val = 6960680.0  PEoich val = 716500.0 , CE > PE by 89.7%
OI_RESISTANCE TOTAL OI: CE= 9460000  PE= 2343940 , CE > PE by 75.2%
IS_MORNING_WINDOW= False  (active 9:15-9:48 IST)
================================================
==== signal check time ==== 2026-09-10 11:54:00.657504
IS_CHOI_DIFF_GT_25PERC== True
RSI_VAL1== 57.1
RSI_VAL2== 57.1
FUT_3m_OHLC O= 75200.0  H= 75225.0  L= 75179.0  C= 75224.1  Range= 46.1
CHART_PATTERN_DETECTED: DOUBLE_BOTTOM_FORMING
  PATTERN_CONTEXT: Body= 24.1  Range= 46.1  ExpectedRange= 66.2  RangeRatio= 0.7  O= 75200.0  H= 75225.0  L= 75179.0  C= 75224.1
recent two = [np.float64(18.29), np.float64(18.66)]
newSynthFut =  74800
ATMStrike =  74800
AVG_OIPCR= 4.77
avgoiPCROld=  18.66
SUPP_RES = 75000
FUT LTP = 75224.1
CEchoi  PechOi = 6960680.0    716500.0
====================================
AVG_VOLPCR= 0.23
atmPCR= 0.12  belowATM  0.13
atmVolPCR= 0.08  belowATM  0.12
True   75224.1   75000   False   False   57.1
India VIX = 11.77  Spot Price = 74750.38
IV Regime = HIGH (ADAPTIVE: P25= 11.04  P50= 11.29  P75= 11.49 ) | DailyRange = 1256.9 | 3minCandleRange = 66.1 (theoretical= 110.2 ) | ATMoptionMove = 29.8 | SL = 104 | Target = 104 | TrailTrigger = 30 | Spread = 300 | Buffer = 53
IV Params refreshed: {'vix': 11.77, 'bn_price': 74750.38, 'regime': 'HIGH', 'regime_thresholds': 'P25=11.04 P50=11.29 P75=11.49', 'daily_range': 1256.9, 'candle_range': 66.1, 'atm_option_move': 29.8, 'sl_point': 104, 'target_point': 104, 'sl_pct_of_premium': 0.1, 'trail_trigger': 30, 'spread_width': 300, 'support_resistance_buffer': 53}
===
====after 3 min ochain==== 2026-09-10 11:57:00.008800
                                    oipcr   choipcr   CE_OI / PE_OI (same strike)
pcr1 =  BSE:SENSEX2691075600PE   0.04   -0.06 CALL added 1218060   PUT unwind -71060  CE_OI=2534840 PE_OI=89020
pcr2 =  BSE:SENSEX2691075500PE   0.06   0.01 CALL added 2898600   PUT added 14760  CE_OI=5459160 PE_OI=337720
pcr3 =  BSE:SENSEX2691075400CE   0.05   -0.05 CALL added 1636000   PUT unwind -78340  CE_OI=2777040 PE_OI=139260
pcr4 =  BSE:SENSEX2691075300PE   0.08   -0.06 CALL added 2123920   PUT unwind -129700  CE_OI=3694500 PE_OI=312540
pcr5 =  BSE:SENSEX2691075200CE   0.13   -0.0 CALL added 3165680   PUT unwind -4600  CE_OI=4950700 PE_OI=629600
pcr6 =  BSE:SENSEX2691075100CE   0.14    -0.0 CALL added 2649460   PUT unwind -4120  CE_OI=4516400 PE_OI=612240
pcr7 =  BSE:SENSEX2691075000CE   0.26   0.11 CALL added 6781040   PUT added 750320  CE_OI=9280360 PE_OI=2377760
pcr8 =  BSE:SENSEX2691074900PE   0.44   0.35 CALL added 4098800   PUT added 1421520  CE_OI=4906480 PE_OI=2141840
pcr9 =  BSE:SENSEX2691074800PE   0.88   0.89 CALL added 5457840   PUT added 4863080  CE_OI=6484880 PE_OI=5726300
pcr10 =  BSE:SENSEX2691074700PE   2.02   1.98 CALL added 2851120   PUT added 5657960  CE_OI=3122660 PE_OI=6315020
pcr11 =  BSE:SENSEX2691074600CE   4.97   4.79 CALL added 944440   PUT added 4522420  CE_OI=1050400 PE_OI=5223660
pcr12 =  BSE:SENSEX2691074500PE   11.19   11.57 CALL added 563160   PUT added 6515740  CE_OI=715640 PE_OI=8010440
pcr13 =  BSE:SENSEX2691074400CE   24.42   23.72 CALL added 158940   PUT added 3769680  CE_OI=181480 PE_OI=4431580
pcr14 =  BSE:SENSEX2691074300PE   38.69   34.51 CALL added 75580   PUT added 2608060  CE_OI=87440 PE_OI=3382920
pcr15 =  BSE:SENSEX2691074200CE   48.56   41.94 CALL added 44000   PUT added 1845320  CE_OI=55560 PE_OI=2697900
pcr16 =  BSE:SENSEX2691074100CE   126.61   182.35 CALL added 8060   PUT added 1469720  CE_OI=16320 PE_OI=2066340
pcr17 =  BSE:SENSEX2691074000PE   63.54   74.41 CALL added 34520   PUT added 2568520  CE_OI=70380 PE_OI=4471840
PCRSUM== 322.08
pcrSummation== 44.45
VOLPCRSUM== 2.0999999999999996
spotLTP =  74750.38  ATM_STRIKE =  74800
IS_ATM_STRIKE_SHIFT = False  mapStrike = {74800: 74800}
avgOiPcrList2 = [np.float64(18.29), np.float64(18.66), np.float64(18.95)] atmStrikeNotShiftedCount= 4
False   4   3
SUPP_RES=== 75000  Buffer= 53
ANCHOR_COMPARE: spot=74750.38 fut=75214.0 basis(fut-spot)=463.62 | SR_spot(PRIMARY)=75000 SR_future=75000 SR_diff(fut-spot)=0 | PCRwin_spot(PRIMARY)=74800 PCRwin_future=75200
CEoich val =  6781040.0  PEoich val =  750320.0 , CE > PE by 88.9%
SUPP_RES TOTAL OI: CE= 9280360  PE= 2377760 , CE > PE by 74.4%
INCR_CHOI: SUPP_RES=75000 role=RESISTANCE fresh_CE=-179640 fresh_PE=33820 -> PE_dominant by 118.8% (resistance CHALLENGED (bullish warning)) | cumulative CE=6781040.0 PE=750320.0
FUT_SUPP_RES=== 75000  (FUT_LTP= 75214.0 ) Buffer= 53
FUT CEoich val =  6781040.0  PEoich val =  750320.0 , CE > PE by 88.9%
FUT_SUPP_RES TOTAL OI: CE= 9280360  PE= 2377760 , CE > PE by 74.4%
OI_SUPP_RES: spot=74750.38 ATM=74800 (ATM_CE_OI=6484880 ATM_PE_OI=5726300) | SUPPORT=74500PE OI=8010440 (dist=-300) | RESISTANCE=75000CE OI=9280360 (dist=200)
OI_SUPPORT=== 74500
OI_SUPPORT CEoich val = 563160.0  PEoich val = 6515740.0 , CE < PE by 91.4%
OI_SUPPORT TOTAL OI: CE= 715640  PE= 8010440 , CE < PE by 91.1%
OI_RESISTANCE=== 75000
OI_RESISTANCE CEoich val = 6781040.0  PEoich val = 750320.0 , CE > PE by 88.9%
OI_RESISTANCE TOTAL OI: CE= 9280360  PE= 2377760 , CE > PE by 74.4%
IS_MORNING_WINDOW= False  (active 9:15-9:48 IST)
================================================
==== signal check time ==== 2026-09-10 11:57:00.621603
IS_CHOI_DIFF_GT_25PERC== True
RSI_VAL1== 55.11
RSI_VAL2== 55.11
FUT_3m_OHLC O= 75224.1  H= 75224.1  L= 75214.0  C= 75214.0  Range= 10.1
CHART_PATTERN_DETECTED: INSIDE_BAR | DOUBLE_TOP_FORMING | DOUBLE_BOTTOM_FORMING
  PATTERN_CONTEXT: Body= -10.1  Range= 10.1  ExpectedRange= 66.1  RangeRatio= 0.15  O= 75224.1  H= 75224.1  L= 75214.0  C= 75214.0
isPcrInc = True
newSynthFut =  74800
ATMStrike =  74800
AVG_OIPCR= 4.94
avgoiPCROld=  18.95
SUPP_RES = 75000
FUT LTP = 75214.011:58:00 In Trade ( CREDIT ). No Exit. ltp= 146.75  SL= 173.0  target= 63.0
11:59:01 In Trade ( CREDIT ). No Exit. ltp= 152.4  SL= 173.0  target= 63.0
LTP_SL_WATCH: ltp=173.0 SL=173.0 confirm=1/2
LTP_SL_WATCH: ltp=174.1 SL=173.0 confirm=1/2
LTP_SL_WATCH: ltp=173.9 SL=173.0 confirm=1/2
LTP_SL_WATCH: ltp=173.5 SL=173.0 confirm=1/2
LTP_SL_WATCH: ltp=174.85 SL=173.0 confirm=2/2
SL Hit (LTP)
slCount = 1
REALIZED_OFFSET: main 137.0->174.85 (moved 37.85) hedge 13.0->14.85 (moved 1.85) assumed_ratio=0.13043478260869565 realized_ratio=0.049
12 : 1 : 3  =>  BUY   SENSEX2691074800CE   260   MARKET
12 : 1 : 3  =>  SENSEX2691074800CE {'code': 1101, 'message': 'Successfully placed order', 's': 'ok', 'id_fyers': '58f705cb-d6ac-4c80-9c59-2ec56f2e4229', 'id': '26091000211438'}
Exit main (BUY sold leg) OID:  {'code': 1101, 'message': 'Successfully placed order', 's': 'ok', 'id_fyers': '58f705cb-d6ac-4c80-9c59-2ec56f2e4229', 'id': '26091000211438'}
12 : 1 : 4  =>  SELL   SENSEX2691075500CE   260   MARKET
12 : 1 : 4  =>  SENSEX2691075500CE {'code': 1101, 'message': 'Successfully placed order', 's': 'ok', 'id_fyers': '8f6be668-2254-4f5c-a562-61077a959288', 'id': '26091000211456'}
Exit hedge (SELL bought leg) OID:  {'code': 1101, 'message': 'Successfully placed order', 's': 'ok', 'id_fyers': '8f6be668-2254-4f5c-a562-61077a959288', 'id': '26091000211456'}
India VIX = 11.74  Spot Price = 74809.09
IV Regime = HIGH (ADAPTIVE: P25= 11.04  P50= 11.29  P75= 11.49 ) | DailyRange = 1254.7 | 3minCandleRange = 66.0 (theoretical= 110.0 ) | ATMoptionMove = 29.7 | SL = 104 | Target = 104 | TrailTrigger = 30 | Spread = 300 | Buffer = 53
IV Params refreshed: {'vix': 11.74, 'bn_price': 74809.09, 'regime': 'HIGH', 'regime_thresholds': 'P25=11.04 P50=11.29 P75=11.49', 'daily_range': 1254.7, 'candle_range': 66.0, 'atm_option_move': 29.7, 'sl_point': 104, 'target_point': 104, 'sl_pct_of_premium': 0.1, 'trail_trigger': 30, 'spread_width': 300, 'support_resistance_buffer': 53}
===
====after 3 min ochain==== 2026-09-10 12:03:00.007840
                                    oipcr   choipcr   CE_OI / PE_OI (same strike)
pcr1 =  BSE:SENSEX2691075600PE   0.04   -0.06 CALL added 1152740   PUT unwind -70980  CE_OI=2469520 PE_OI=89100
pcr2 =  BSE:SENSEX2691075500PE   0.07   0.01 CALL added 2807680   PUT added 26800  CE_OI=5368240 PE_OI=349760
pcr3 =  BSE:SENSEX2691075400CE   0.05   -0.05 CALL added 1663980   PUT unwind -79980  CE_OI=2805020 PE_OI=137620
pcr4 =  BSE:SENSEX2691075300PE   0.08   -0.06 CALL added 2153320   PUT unwind -128820  CE_OI=3723900 PE_OI=313420
pcr5 =  BSE:SENSEX2691075200CE   0.13   0.01 CALL added 3079940   PUT added 18300  CE_OI=4864960 PE_OI=652500
pcr6 =  BSE:SENSEX2691075100CE   0.15    0.02 CALL added 2666860   PUT added 50420  CE_OI=4533800 PE_OI=666780
pcr7 =  BSE:SENSEX2691075000CE   0.28   0.14 CALL added 6481300   PUT added 896660  CE_OI=8980620 PE_OI=2524100
pcr8 =  BSE:SENSEX2691074900PE   0.48   0.39 CALL added 4043140   PUT added 1594940  CE_OI=4850820 PE_OI=2315260
pcr9 =  BSE:SENSEX2691074800PE   0.97   0.99 CALL added 5307640   PUT added 5260420  CE_OI=6334680 PE_OI=6123640
pcr10 =  BSE:SENSEX2691074700PE   2.21   2.19 CALL added 2709020   PUT added 5936460  CE_OI=2980560 PE_OI=6593520
pcr11 =  BSE:SENSEX2691074600CE   5.13   4.96 CALL added 938600   PUT added 4656760  CE_OI=1044560 PE_OI=5358000
pcr12 =  BSE:SENSEX2691074500PE   12.22   12.94 CALL added 514760   PUT added 6660140  CE_OI=667240 PE_OI=8154840
pcr13 =  BSE:SENSEX2691074400CE   24.26   23.52 CALL added 153920   PUT added 3619680  CE_OI=176460 PE_OI=4281580
pcr14 =  BSE:SENSEX2691074300PE   37.59   33.28 CALL added 76280   PUT added 2538620  CE_OI=88140 PE_OI=3313480
pcr15 =  BSE:SENSEX2691074200CE   51.77   45.6 CALL added 41200   PUT added 1878740  CE_OI=52760 PE_OI=2731320
pcr16 =  BSE:SENSEX2691074100CE   134.11   208.62 CALL added 6860   PUT added 1431140  CE_OI=15120 PE_OI=2027760
pcr17 =  BSE:SENSEX2691074000PE   64.47   76.93 CALL added 32780   PUT added 2521660  CE_OI=68640 PE_OI=4424980

CEchoi  PechOi = 6781040.0    750320.0
====================================
AVG_VOLPCR= 0.23
atmPCR= 0.13  belowATM  0.14
atmVolPCR= 0.07  belowATM  0.12
True   75214.0   75000   True   False   55.11
no trade yet = [np.float64(18.29), np.float64(18.66), np.float64(18.95)]
India VIX = 11.77  Spot Price = 74799.81
IV Regime = HIGH (ADAPTIVE: P25= 11.04  P50= 11.29  P75= 11.49 ) | DailyRange = 1257.7 | 3minCandleRange = 66.2 (theoretical= 110.3 ) | ATMoptionMove = 29.8 | SL = 104 | Target = 104 | TrailTrigger = 30 | Spread = 300 | Buffer = 53
IV Params refreshed: {'vix': 11.77, 'bn_price': 74799.81, 'regime': 'HIGH', 'regime_thresholds': 'P25=11.04 P50=11.29 P75=11.49', 'daily_range': 1257.7, 'candle_range': 66.2, 'atm_option_move': 29.8, 'sl_point': 104, 'target_point': 104, 'sl_pct_of_premium': 0.1, 'trail_trigger': 30, 'spread_width': 300, 'support_resistance_buffer': 53}
===
====after 3 min ochain==== 2026-09-10 12:00:00.007805
                                    oipcr   choipcr   CE_OI / PE_OI (same strike)
pcr1 =  BSE:SENSEX2691075600PE   0.04   -0.06 CALL added 1184260   PUT unwind -70840  CE_OI=2501040 PE_OI=89240
pcr2 =  BSE:SENSEX2691075500PE   0.06   0.01 CALL added 2882780   PUT added 16020  CE_OI=5443340 PE_OI=338980
pcr3 =  BSE:SENSEX2691075400CE   0.05   -0.05 CALL added 1649900   PUT unwind -79800  CE_OI=2790940 PE_OI=137800
pcr4 =  BSE:SENSEX2691075300PE   0.08   -0.06 CALL added 2145920   PUT unwind -129960  CE_OI=3716500 PE_OI=312280
pcr5 =  BSE:SENSEX2691075200CE   0.13   -0.0 CALL added 3082740   PUT unwind -1220  CE_OI=4867760 PE_OI=632980
pcr6 =  BSE:SENSEX2691075100CE   0.14    0.0 CALL added 2597780   PUT added 120  CE_OI=4464720 PE_OI=616480
pcr7 =  BSE:SENSEX2691075000CE   0.26   0.12 CALL added 6742220   PUT added 803240  CE_OI=9241540 PE_OI=2430680
pcr8 =  BSE:SENSEX2691074900PE   0.45   0.36 CALL added 4093320   PUT added 1490060  CE_OI=4901000 PE_OI=2210380
pcr9 =  BSE:SENSEX2691074800PE   0.91   0.92 CALL added 5460860   PUT added 5026240  CE_OI=6487900 PE_OI=5889460
pcr10 =  BSE:SENSEX2691074700PE   2.1   2.07 CALL added 2824580   PUT added 5848800  CE_OI=3096120 PE_OI=6505860
pcr11 =  BSE:SENSEX2691074600CE   5.19   5.03 CALL added 937100   PUT added 4710160  CE_OI=1043060 PE_OI=5411400
pcr12 =  BSE:SENSEX2691074500PE   11.63   12.13 CALL added 559520   PUT added 6785940  CE_OI=712000 PE_OI=8280640
pcr13 =  BSE:SENSEX2691074400CE   23.86   23.1 CALL added 163480   PUT added 3775820  CE_OI=186020 PE_OI=4437720
pcr14 =  BSE:SENSEX2691074300PE   38.11   33.95 CALL added 77520   PUT added 2631740  CE_OI=89380 PE_OI=3406600
pcr15 =  BSE:SENSEX2691074200CE   50.14   43.93 CALL added 43960   PUT added 1931040  CE_OI=55520 PE_OI=2783620
pcr16 =  BSE:SENSEX2691074100CE   130.1   190.92 CALL added 7860   PUT added 1500600  CE_OI=16120 PE_OI=2097220
pcr17 =  BSE:SENSEX2691074000PE   64.47   76.54 CALL added 33820   PUT added 2588700  CE_OI=69680 PE_OI=4492020
PCRSUM== 327.72
pcrSummation== 44.67
VOLPCRSUM== 2.09
spotLTP =  74801.92  ATM_STRIKE =  74800
IS_ATM_STRIKE_SHIFT = False  mapStrike = {74800: 74800}
avgOiPcrList2 = [np.float64(18.66), np.float64(18.95), np.float64(19.28)] atmStrikeNotShiftedCount= 5
False   5   3
SUPP_RES=== 75000  Buffer= 53
ANCHOR_COMPARE: spot=74801.92 fut=75167.5 basis(fut-spot)=365.58 | SR_spot(PRIMARY)=75000 SR_future=75000 SR_diff(fut-spot)=0 | PCRwin_spot(PRIMARY)=74800 PCRwin_future=75200
CEoich val =  6742220.0  PEoich val =  803240.0 , CE > PE by 88.1%
SUPP_RES TOTAL OI: CE= 9241540  PE= 2430680 , CE > PE by 73.7%
INCR_CHOI: SUPP_RES=75000 role=RESISTANCE fresh_CE=-38820 fresh_PE=52920 -> PE_dominant by 173.4% (resistance CHALLENGED (bullish warning)) | cumulative CE=6742220.0 PE=803240.0
FUT_SUPP_RES=== 75000  (FUT_LTP= 75167.5 ) Buffer= 53
FUT CEoich val =  6742220.0  PEoich val =  803240.0 , CE > PE by 88.1%
FUT_SUPP_RES TOTAL OI: CE= 9241540  PE= 2430680 , CE > PE by 73.7%
OI_SUPP_RES: spot=74801.92 ATM=74800 (ATM_CE_OI=6487900 ATM_PE_OI=5889460) | SUPPORT=74500PE OI=8280640 (dist=-300) | RESISTANCE=75000CE OI=9241540 (dist=200)
OI_SUPPORT=== 74500
OI_SUPPORT CEoich val = 559520.0  PEoich val = 6785940.0 , CE < PE by 91.8%
OI_SUPPORT TOTAL OI: CE= 712000  PE= 8280640 , CE < PE by 91.4%
OI_RESISTANCE=== 75000
OI_RESISTANCE CEoich val = 6742220.0  PEoich val = 803240.0 , CE > PE by 88.1%
OI_RESISTANCE TOTAL OI: CE= 9241540  PE= 2430680 , CE > PE by 73.7%
IS_MORNING_WINDOW= False  (active 9:15-9:48 IST)
================================================
==== signal check time ==== 2026-09-10 12:00:00.677686
IS_CHOI_DIFF_GT_25PERC== True
RSI_VAL1== 47.0
RSI_VAL2== 47.0
FUT_3m_OHLC O= 75167.5  H= 75167.5  L= 75167.5  C= 75167.5  Range= 0.0
CHART_PATTERN_DETECTED: DOUBLE_BOTTOM_FORMING
  PATTERN_CONTEXT: Body= 0.0  Range= 0.0  ExpectedRange= 66.2  RangeRatio= 0.0  O= 75167.5  H= 75167.5  L= 75167.5  C= 75167.5
isPcrInc = True
newSynthFut =  74800
ATMStrike =  74800
AVG_OIPCR= 4.96
avgoiPCROld=  19.28
SUPP_RES = 75000
FUT LTP = 75167.5
CEchoi  PechOi = 6742220.0    803240.0
====================================
AVG_VOLPCR= 0.23
atmPCR= 0.13  belowATM  0.14
atmVolPCR= 0.07  belowATM  0.12
True   75167.5   75000   True   False   47.0
no trade yet = [np.float64(18.66), np.float64(18.95), np.float64(19.28)]
India VIX = 11.74  Spot Price = 74809.09
IV Regime = HIGH (ADAPTIVE: P25= 11.04  P50= 11.29  P75= 11.49 ) | DailyRange = 1254.7 | 3minCandleRange = 66.0 (theoretical= 110.0 ) | ATMoptionMove = 29.7 | SL = 104 | Target = 104 | TrailTrigger = 30 | Spread = 300 | Buffer = 53
IV Params refreshed: {'vix': 11.74, 'bn_price': 74809.09, 'regime': 'HIGH', 'regime_thresholds': 'P25=11.04 P50=11.29 P75=11.49', 'daily_range': 1254.7, 'candle_range': 66.0, 'atm_option_move': 29.7, 'sl_point': 104, 'target_point': 104, 'sl_pct_of_premium': 0.1, 'trail_trigger': 30, 'spread_width': 300, 'support_resistance_buffer': 53}
===
====after 3 min ochain==== 2026-09-10 12:03:00.007848
                                    oipcr   choipcr   CE_OI / PE_OI (same strike)
pcr1 =  BSE:SENSEX2691075600PE   0.04   -0.06 CALL added 1152740   PUT unwind -70980  CE_OI=2469520 PE_OI=89100
pcr2 =  BSE:SENSEX2691075500PE   0.07   0.01 CALL added 2807680   PUT added 26800  CE_OI=5368240 PE_OI=349760
pcr3 =  BSE:SENSEX2691075400CE   0.05   -0.05 CALL added 1663980   PUT unwind -79980  CE_OI=2805020 PE_OI=137620
pcr4 =  BSE:SENSEX2691075300PE   0.08   -0.06 CALL added 2153320   PUT unwind -128820  CE_OI=3723900 PE_OI=313420
pcr5 =  BSE:SENSEX2691075200CE   0.13   0.01 CALL added 3079940   PUT added 18300  CE_OI=4864960 PE_OI=652500
pcr6 =  BSE:SENSEX2691075100CE   0.15    0.02 CALL added 2666860   PUT added 50420  CE_OI=4533800 PE_OI=666780
pcr7 =  BSE:SENSEX2691075000CE   0.28   0.14 CALL added 6481300   PUT added 896660  CE_OI=8980620 PE_OI=2524100
pcr8 =  BSE:SENSEX2691074900PE   0.48   0.39 CALL added 4043140   PUT added 1594940  CE_OI=4850820 PE_OI=2315260
pcr9 =  BSE:SENSEX2691074800PE   0.97   0.99 CALL added 5307640   PUT added 5260420  CE_OI=6334680 PE_OI=6123640
pcr10 =  BSE:SENSEX2691074700PE   2.21   2.19 CALL added 2709020   PUT added 5936460  CE_OI=2980560 PE_OI=6593520
pcr11 =  BSE:SENSEX2691074600CE   5.13   4.96 CALL added 938600   PUT added 4656760  CE_OI=1044560 PE_OI=5358000
pcr12 =  BSE:SENSEX2691074500PE   12.22   12.94 CALL added 514760   PUT added 6660140  CE_OI=667240 PE_OI=8154840
pcr13 =  BSE:SENSEX2691074400CE   24.26   23.52 CALL added 153920   PUT added 3619680  CE_OI=176460 PE_OI=4281580
pcr14 =  BSE:SENSEX2691074300PE   37.59   33.28 CALL added 76280   PUT added 2538620  CE_OI=88140 PE_OI=3313480
pcr15 =  BSE:SENSEX2691074200CE   51.77   45.6 CALL added 41200   PUT added 1878740  CE_OI=52760 PE_OI=2731320
pcr16 =  BSE:SENSEX2691074100CE   134.11   208.62 CALL added 6860   PUT added 1431140  CE_OI=15120 PE_OI=2027760
pcr17 =  BSE:SENSEX2691074000PE   64.47   76.93 CALL added 32780   PUT added 2521660  CE_OI=68640 PE_OI=4424980
PCRSUM== 334.01
pcrSummation== 45.83
VOLPCRSUM== 2.08
spotLTP =  74809.09  ATM_STRIKE =  74800
IS_ATM_STRIKE_SHIFT = False  mapStrike = {74800: 74800}
avgOiPcrList2 = [np.float64(18.95), np.float64(19.28), np.float64(19.65)] atmStrikeNotShiftedCount= 6
False   6   3
SUPP_RES===PCRSUM== 334.01
pcrSummation== 45.83
VOLPCRSUM== 2.08
spotLTP =  74809.09  ATM_STRIKE =  74800
IS_ATM_STRIKE_SHIFT = False  mapStrike = {74800: 74800}
avgOiPcrList2 = [np.float64(19.65)] atmStrikeNotShiftedCount= 1
False   1   1
SUPP_RES=== 75000  Buffer= 53
ANCHOR_COMPARE: spot=74809.09 fut=75253.5 basis(fut-spot)=444.41 | SR_spot(PRIMARY)=75000 SR_future=75500 SR_diff(fut-spot)=500 | PCRwin_spot(PRIMARY)=74800 PCRwin_future=75300
CEoich val =  6481300.0  PEoich val =  896660.0 , CE > PE by 86.2%
SUPP_RES TOTAL OI: CE= 8980620  PE= 2524100 , CE > PE by 71.9%
INCR_CHOI: SUPP_RES=75000 role=RESISTANCE fresh_CE=99640 fresh_PE=-14380 -> CE_dominant by 114.4% (resistance HOLDING (bearish)) | cumulative CE=6481300.0 PE=896660.0
FUT_SUPP_RES=== 75500  (FUT_LTP= 75253.5 ) Buffer= 53
FUT CEoich val =  2807680.0  PEoich val =  26800.0 , CE > PE by 99.0%
FUT_SUPP_RES TOTAL OI: CE= 5368240  PE= 349760 , CE > PE by 93.5%
OI_SUPP_RES: spot=74809.09 ATM=74800 (ATM_CE_OI=6334680 ATM_PE_OI=6123640) | SUPPORT=74500PE OI=8154840 (dist=-300) | RESISTANCE=75000CE OI=8980620 (dist=200)
OI_SUPPORT=== 74500
OI_SUPPORT CEoich val = 514760.0  PEoich val = 6660140.0 , CE < PE by 92.3%
OI_SUPPORT TOTAL OI: CE= 667240  PE= 8154840 , CE < PE by 91.8%
OI_RESISTANCE=== 75000
OI_RESISTANCE CEoich val = 6481300.0  PEoich val = 896660.0 , CE > PE by 86.2%
OI_RESISTANCE TOTAL OI: CE= 8980620  PE= 2524100 , CE > PE by 71.9%
IS_MORNING_WINDOW= False  (active 9:15-9:48 IST)
================================================
==== signal check time ==== 2026-09-10 12:03:01.541864
IS_CHOI_DIFF_GT_25PERC== True
RSI_VAL1== 59.02
RSI_VAL2== 59.02
FUT_3m_OHLC O= 75224.0  H= 75253.5  L= 75224.0  C= 75253.5  Range= 29.5
CHART_PATTERN_DETECTED: DOUBLE_BOTTOM_FORMING
  PATTERN_CONTEXT: Body= 29.5  Range= 29.5  ExpectedRange= 66.0  RangeRatio= 0.45  O= 75224.0  H= 75253.5  L= 75224.0  C= 75253.5
newSynthFut =  74800
ATMStrike =  74800
AVG_OIPCR= 5.09
avgoiPCROld=  19.65
SUPP_RES = 75000
FUT LTP = 75253.5
CEchoi  PechOi = 6481300.0    896660.0
====================================
AVG_VOLPCR= 0.23
atmPCR= 0.13  belowATM  0.15
atmVolPCR= 0.07  belowATM  0.12
True   75253.5   75000   False   False   59.02
