checkInstrument =  BSE:SENSEX-INDEX
sensexExpDate =  26813
BNFut (Sensex futures auto) = BSE:SENSEX26AUGFUT
 -- not entered waiting for time--- 9 : 14
 -- not entered waiting for time--- 9 : 14
 -- not entered waiting for time--- 9 : 14
 -- not entered waiting for time--- 9 : 14
 -- not entered waiting for time--- 9 : 14
 -- not entered waiting for time--- 9 : 14
 -- not entered waiting for time--- 9 : 14
 -- not entered waiting for time--- 9 : 14
 -- not entered waiting for time--- 9 : 14
 -- not entered waiting for time--- 9 : 14
 -- not entered waiting for time--- 9 : 14
 -- not entered waiting for time--- 9 : 14
 -- not entered waiting for time--- 9 : 14
 -- not entered waiting for time--- 9 : 14
 -- not entered waiting for time--- 9 : 14
 -- not entered waiting for time--- 9 : 14
 -- not entered waiting for time--- 9 : 14
 -- not entered waiting for time--- 9 : 14
 -- not entered waiting for time--- 9 : 14
 -- not entered waiting for time--- 9 : 14
 -- not entered waiting for time--- 9 : 14
 -- not entered waiting for time--- 9 : 14
 -- not entered waiting for time--- 9 : 14
 -- not entered waiting for time--- 9 : 14
 -- not entered waiting for time--- 9 : 14
 -- not entered waiting for time--- 9 : 14
 -- not entered waiting for time--- 9 : 14
 -- not entered waiting for time--- 9 : 14
 -- not entered waiting for time--- 9 : 14
 -- not entered waiting for time--- 9 : 14
 -- not entered waiting for time--- 9 : 14
 -- not entered waiting for time--- 9 : 14
 -- not entered waiting for time--- 9 : 14
 -- not entered waiting for time--- 9 : 14
 -- not entered waiting for time--- 9 : 14
 -- not entered waiting for time--- 9 : 14
 -- not entered waiting for time--- 9 : 15
 -- not entered waiting for time--- 9 : 15
 -- not entered waiting for time--- 9 : 15
 -- not entered waiting for time--- 9 : 15
 -- not entered waiting for time--- 9 : 15
 -- not entered waiting for time--- 9 : 15
 -- not entered waiting for time--- 9 : 15
 -- not entered waiting for time--- 9 : 15
 -- not entered waiting for time--- 9 : 15
 -- not entered waiting for time--- 9 : 15
 -- not entered waiting for time--- 9 : 15
 -- not entered waiting for time--- 9 : 15
 -- not entered waiting for time--- 9 : 15
 -- not entered waiting for time--- 9 : 15
 -- not entered waiting for time--- 9 : 15
 -- not entered waiting for time--- 9 : 15
 -- not entered waiting for time--- 9 : 15
 -- not entered waiting for time--- 9 : 15
 -- not entered waiting for time--- 9 : 15
 -- not entered waiting for time--- 9 : 15
 -- not entered waiting for time--- 9 : 15
 -- not entered waiting for time--- 9 : 15
 -- not entered waiting for time--- 9 : 15
 -- not entered waiting for time--- 9 : 15
 -- not entered waiting for time--- 9 : 15
 -- not entered waiting for time--- 9 : 15
 -- not entered waiting for time--- 9 : 15
 -- not entered waiting for time--- 9 : 15
 -- not entered waiting for time--- 9 : 15
 -- not entered waiting for time--- 9 : 15
 -- not entered waiting for time--- 9 : 15
 -- not entered waiting for time--- 9 : 15
 -- not entered waiting for time--- 9 : 15
 -- not entered waiting for time--- 9 : 15
 -- not entered waiting for time--- 9 : 15
 -- not entered waiting for time--- 9 : 15
 -- not entered waiting for time--- 9 : 15
 -- not entered waiting for time--- 9 : 15
 -- not entered waiting for time--- 9 : 15
 -- not entered waiting for time--- 9 : 15
 -- not entered waiting for time--- 9 : 15
 -- not entered waiting for time--- 9 : 15
 -- not entered waiting for time--- 9 : 15
 -- not entered waiting for time--- 9 : 15
 -- not entered waiting for time--- 9 : 15
 -- not entered waiting for time--- 9 : 15
 -- not entered waiting for time--- 9 : 15
 -- not entered waiting for time--- 9 : 15
 -- not entered waiting for time--- 9 : 15
 -- not entered waiting for time--- 9 : 15
 -- not entered waiting for time--- 9 : 15
 -- not entered waiting for time--- 9 : 15
 -- not entered waiting for time--- 9 : 15
 -- not entered waiting for time--- 9 : 15
 -- not entered waiting for time--- 9 : 15
 -- not entered waiting for time--- 9 : 15
 -- not entered waiting for time--- 9 : 15
 -- not entered waiting for time--- 9 : 15
 -- not entered waiting for time--- 9 : 15
 -- not entered waiting for time--- 9 : 15
 -- not entered waiting for time--- 9 : 16
 -- not entered waiting for time--- 9 : 16
 -- not entered waiting for time--- 9 : 16
 -- not entered waiting for time--- 9 : 16
 -- not entered waiting for time--- 9 : 16
 -- not entered waiting for time--- 9 : 16
 -- not entered waiting for time--- 9 : 16
 -- not entered waiting for time--- 9 : 16
 -- not entered waiting for time--- 9 : 16
 -- not entered waiting for time--- 9 : 16
 -- not entered waiting for time--- 9 : 16
 -- not entered waiting for time--- 9 : 16
 -- not entered waiting for time--- 9 : 16
 -- not entered waiting for time--- 9 : 16
 -- not entered waiting for time--- 9 : 16
 -- not entered waiting for time--- 9 : 16
 -- not entered waiting for time--- 9 : 16
 -- not entered waiting for time--- 9 : 16
 -- not entered waiting for time--- 9 : 16
 -- not entered waiting for time--- 9 : 16
 -- not entered waiting for time--- 9 : 16
 -- not entered waiting for time--- 9 : 16
 -- not entered waiting for time--- 9 : 16
 -- not entered waiting for time--- 9 : 16
 -- not entered waiting for time--- 9 : 16
 -- not entered waiting for time--- 9 : 16
 -- not entered waiting for time--- 9 : 16
 -- not entered waiting for time--- 9 : 16
 -- not entered waiting for time--- 9 : 16
 -- not entered waiting for time--- 9 : 16
 -- not entered waiting for time--- 9 : 16
 -- not entered waiting for time--- 9 : 16
 -- not entered waiting for time--- 9 : 16
 -- not entered waiting for time--- 9 : 16
 -- not entered waiting for time--- 9 : 16
 -- not entered waiting for time--- 9 : 16
 -- not entered waiting for time--- 9 : 16
 -- not entered waiting for time--- 9 : 16
 -- not entered waiting for time--- 9 : 16
 -- not entered waiting for time--- 9 : 16
 -- not entered waiting for time--- 9 : 16
 -- not entered waiting for time--- 9 : 16
 -- not entered waiting for time--- 9 : 16
 -- not entered waiting for time--- 9 : 16
 -- not entered waiting for time--- 9 : 16
 -- not entered waiting for time--- 9 : 16
 -- not entered waiting for time--- 9 : 16
 -- not entered waiting for time--- 9 : 16
 -- not entered waiting for time--- 9 : 16
 -- not entered waiting for time--- 9 : 16
 -- not entered waiting for time--- 9 : 16
 -- not entered waiting for time--- 9 : 16
 -- not entered waiting for time--- 9 : 16
 -- not entered waiting for time--- 9 : 16
 -- not entered waiting for time--- 9 : 16
 -- not entered waiting for time--- 9 : 16
 -- not entered waiting for time--- 9 : 16
 -- not entered waiting for time--- 9 : 16
 -- not entered waiting for time--- 9 : 16
 -- not entered waiting for time--- 9 : 16
Waiting for first candle to form. Current Second ==  0    2
Waiting for first candle to form. Current Second ==  1    2
Waiting for first candle to form. Current Second ==  2    2
Waiting for first candle to form. Current Second ==  3    2
Waiting for first candle to form. Current Second ==  4    2
Waiting for first candle to form. Current Second ==  5    2
Waiting for first candle to form. Current Second ==  6    2
Waiting for first candle to form. Current Second ==  7    2
Waiting for first candle to form. Current Second ==  8    2
Waiting for first candle to form. Current Second ==  9    2
Waiting for first candle to form. Current Second ==  10    2
Waiting for first candle to form. Current Second ==  11    2
Waiting for first candle to form. Current Second ==  12    2
Waiting for first candle to form. Current Second ==  13    2
Waiting for first candle to form. Current Second ==  14    2
Waiting for first candle to form. Current Second ==  15    2
Waiting for first candle to form. Current Second ==  16    2
Waiting for first candle to form. Current Second ==  17    2
Waiting for first candle to form. Current Second ==  18    2
Waiting for first candle to form. Current Second ==  19    2
Waiting for first candle to form. Current Second ==  20    2
Waiting for first candle to form. Current Second ==  21    2
Waiting for first candle to form. Current Second ==  22    2
Waiting for first candle to form. Current Second ==  23    2
Waiting for first candle to form. Current Second ==  24    2
Waiting for first candle to form. Current Second ==  25    2
Waiting for first candle to form. Current Second ==  26    2
Waiting for first candle to form. Current Second ==  27    2
Waiting for first candle to form. Current Second ==  28    2
Waiting for first candle to form. Current Second ==  29    2
Waiting for first candle to form. Current Second ==  30    2
Waiting for first candle to form. Current Second ==  31    2
Waiting for first candle to form. Current Second ==  32    2
Waiting for first candle to form. Current Second ==  33    2
Waiting for first candle to form. Current Second ==  34    2
Waiting for first candle to form. Current Second ==  35    2
Waiting for first candle to form. Current Second ==  36    2
Waiting for first candle to form. Current Second ==  37    2
Waiting for first candle to form. Current Second ==  38    2
Waiting for first candle to form. Current Second ==  39    2
Waiting for first candle to form. Current Second ==  40    2
Waiting for first candle to form. Current Second ==  41    2
Waiting for first candle to form. Current Second ==  42    2
Waiting for first candle to form. Current Second ==  43    2
Waiting for first candle to form. Current Second ==  44    2
Waiting for first candle to form. Current Second ==  45    2
Waiting for first candle to form. Current Second ==  46    2
Waiting for first candle to form. Current Second ==  47    2
Waiting for first candle to form. Current Second ==  48    2
Waiting for first candle to form. Current Second ==  49    2
Waiting for first candle to form. Current Second ==  50    2
Waiting for first candle to form. Current Second ==  51    2
Waiting for first candle to form. Current Second ==  52    2
Waiting for first candle to form. Current Second ==  53    2
Waiting for first candle to form. Current Second ==  54    2
Waiting for first candle to form. Current Second ==  55    2
Waiting for first candle to form. Current Second ==  56    2
Waiting for first candle to form. Current Second ==  57    2
Waiting for first candle to form. Current Second ==  58    2
Waiting for first candle to form. Current Second ==  59    2
India VIX = 11.96  Spot Price = 77888.19
VIX_PERCENTILES_FETCHED: P25= 12.03  P50= 12.43  P75= 13.27  Min= 11.81  Max= 13.9
IV Regime = LOW (ADAPTIVE: P25= 12.03  P50= 12.43  P75= 13.27 ) | DailyRange = 1330.8 | 3minCandleRange = 70.0 (theoretical= 116.7 ) | ATMoptionMove = 31.5 | SL = 110 | Target = 110 | TrailTrigger = 32 | Spread = 300 | Buffer = 28
IV Params refreshed: {'vix': 11.96, 'bn_price': 77888.19, 'regime': 'LOW', 'regime_thresholds': 'P25=12.03 P50=12.43 P75=13.27', 'daily_range': 1330.8, 'candle_range': 70.0, 'atm_option_move': 31.5, 'sl_point': 110, 'target_point': 110, 'sl_pct_of_premium': 0.1, 'trail_trigger': 32, 'spread_width': 300, 'support_resistance_buffer': 28}
IV_RANK_DATA: VIX_30d_High= 13.9  VIX_30d_Low= 11.81  Current= 11.95  IV_Rank= 0.07
BSE:SENSEX-INDEX  strikecount= 8   fyers <fyers_apiv3.fyersModel.FyersModel object at 0x7b8d52f4acc0>
===
====after 3 min ochain==== 2026-08-12 09:18:00.928101
/home/ubuntu/trading-bot/Strategy_Sensex_May_2026.py:1152: RuntimeWarning: divide by zero encountered in scalar divide
  pcr = round(oich[index1] / oich[index2], 2) if option_type[index1] != '' and option_type[index2] != '' and \
                                    oipcr   choipcr   totalOI
pcr1 =  BSE:SENSEX2681378700PE   0.21   0.01 CALL added 141820   PUT added 1120  OI= 145120
pcr2 =  BSE:SENSEX2681378600CE   0.22   0.02 CALL added 92940   PUT added 1400  OI= 785800
pcr3 =  BSE:SENSEX2681378500CE   0.29   0.15 CALL added 285820   PUT added 42600  OI= 1746160
pcr4 =  BSE:SENSEX2681378400PE   0.3   0.16 CALL added 144920   PUT added 22900  OI= 184920
pcr5 =  BSE:SENSEX2681378300PE   0.52   0.52 CALL added 217220   PUT added 113380  OI= 426540
pcr6 =  BSE:SENSEX2681378200CE   0.86    0.65 CALL added 225360   PUT added 146680  OI= 1030360
pcr7 =  BSE:SENSEX2681378100PE   1.41   1.25 CALL added 182820   PUT added 228000  OI= 844520
pcr8 =  BSE:SENSEX2681378000CE   2.6   2.2 CALL added 163020   PUT added 358560  OI= 515980
pcr9 =  BSE:SENSEX2681377900PE   4.21   5.3 CALL added 21380   PUT added 113220  OI= 370340
pcr10 =  BSE:SENSEX2681377800CE   5.77   6.0 CALL added 18280   PUT added 109660  OI= 69060
pcr11 =  BSE:SENSEX2681377700PE   13.47   11.79 CALL added 10760   PUT added 126860  OI= 385240
pcr12 =  BSE:SENSEX2681377600CE   20.41   11.76 CALL added 7700   PUT added 90560  OI= 22440
pcr13 =  BSE:SENSEX2681377500CE   19.05   15.93 CALL added 11300   PUT added 180000  OI= 46160
pcr14 =  BSE:SENSEX2681377400CE   35.09   24.26 CALL added 2480   PUT added 60160  OI= 9460
pcr15 =  BSE:SENSEX2681377300PE   62.42   -12.9 CALL added 1620   PUT unwind -20900  OI= 456920
pcr16 =  BSE:SENSEX2681377200PE   56.61   46.12 CALL added 1000   PUT added 46120  OI= 409860
pcr17 =  BSE:SENSEX2681377100CE   70.16   inf CALL unwind 0   PUT added 46540  OI= 3860
pcrSummation= 10.620000000000001  result =  ['BSE:SENSEX2681378700PE', 'BSE:SENSEX2681378600CE', 'BSE:SENSEX2681378500CE', 'BSE:SENSEX2681378400PE', 'BSE:SENSEX2681378300PE', 'BSE:SENSEX2681378200CE', 'BSE:SENSEX2681378100PE', 'BSE:SENSEX2681378000CE', 'BSE:SENSEX2681377900PE']
PCRSUM== 293.6
pcrSummation== 10.62
VOLPCRSUM== 10.99
spotLTP =  77886.32  ATM_STRIKE =  77900
IS_ATM_STRIKE_SHIFT = False  mapStrike = {77900: 77900}
avgOiPcrList2 = [np.float64(17.27)] atmStrikeNotShiftedCount= 1
False   1   1
SUPP_RES=== 78500  Buffer= 28
CEoich val =  285820.0  PEoich val =  42600.0 , CE > PE by 85.1%
SUPP_RES TOTAL OI: CE= 1746160  PE= 513520 , CE > PE by 70.6%
IS_MORNING_WINDOW= True  (active 9:15-9:48 IST)
================================================
==== signal check time ==== 2026-08-12 09:18:02.185580
IS_CHOI_DIFF_GT_25PERC== True
RSI_VAL1== 24.15
RSI_VAL2== 24.15
FUT_3m_OHLC O= 78380.0  H= 78506.1  L= 78248.6  C= 78300.0  Range= 257.5
CHART_PATTERN_DETECTED: DOUBLE_TOP_FORMING
  PATTERN_CONTEXT: Body= -80.0  Range= 257.5  ExpectedRange= 70.0  RangeRatio= 3.68  O= 78380.0  H= 78506.1  L= 78248.6  C= 78300.0
newSynthFut =  78300
ATMStrike =  77900
AVG_OIPCR= 1.18
avgoiPCROld=  17.27
SUPP_RES = 78500
FUT LTP = 78300.0
CEchoi  PechOi = 285820.0    42600.0
====================================
totalOIPCR = 0.75
AVG_VOLPCR= 1.22
atmPCR= 0.52  belowATM  0.86
atmVolPCR= 0.69  belowATM  1.22
True   78300.0   78500   False   False   24.15
curr Doji False
BSE:SENSEX2681378300PE  curr candle vol pcr = 0.69  PE= 1164380  CE= 1681860      cpr =  1.44
BSE:SENSEX2681378500PE  prev candle vol pcr = 0.31  PE= 35040  CE= 112440      cpr =  3.21
VOL_PRESSURE_WATCH: SINGLE_CANDLE_CALL_PRESSURE | currCPR= 1.44  prevCPR= 3.21
ATM_CE_premium= 155.6  ATM_PE_premium= 451.9
CE_PremChg= -128.8  PE_PremChg= 131.05
CandleBody= -80.0  PrevBody= 1.3  CandleRange= 257.5  Bearish
TotalVol= 2846240  PrevTotalVol= 147480  VolSpike= 19.3 x  SPIKE!
SCALP_SCORE: BEAR | BullScore= 1  BearScore= 2 | Confidence= LOW
DATAPOINT|09:18|FUT=78300.0|Body=-80.0|PrevBody=1.3|Range=257.5|RangeRatio=3.68|CurrVolPCR=0.69|PrevVolPCR=0.31|CurrCPR=1.44|PrevCPR=3.21|VolSpike=19.3|CE_PremChg=-128.8|PE_PremChg=131.05|BullScore=1|BearScore=2|Dir=BEAR|Conf=LOW
CHART_PATTERN_DETECTED: DOUBLE_TOP_FORMING
  PATTERN_CONTEXT: Body= -80.0  Range= 257.5  ExpectedRange= 70.0  RangeRatio= 3.68  O= 78380.0  H= 78506.1  L= 78248.6  C= 78300.0
BSE:SENSEX-INDEX  strikecount= 3   fyers <fyers_apiv3.fyersModel.FyersModel object at 0x7b8d52f4acc0>
======================================
oipcr1 =  BSE:SENSEX2681378200CE   0.86
oipcr2 =  BSE:SENSEX2681378100PE   1.41
oipcr3 =  BSE:SENSEX2681378000CE   2.6
oipcrBull = BullTrade  bulcount= 2  bearcount= 1 oipcrBear= NoEntry
atmpcr5 pcr6= 4.21    5.77
No Entry Yet
India VIX = 11.77  Spot Price = 77942.04
IV Regime = LOW (ADAPTIVE: P25= 12.03  P50= 12.43  P75= 13.27 ) | DailyRange = 1310.5 | 3minCandleRange = 69.0 (theoretical= 114.9 ) | ATMoptionMove = 31.0 | SL = 109 | Target = 109 | TrailTrigger = 31 | Spread = 300 | Buffer = 28
IV Params refreshed: {'vix': 11.77, 'bn_price': 77942.04, 'regime': 'LOW', 'regime_thresholds': 'P25=12.03 P50=12.43 P75=13.27', 'daily_range': 1310.5, 'candle_range': 69.0, 'atm_option_move': 31.0, 'sl_point': 109, 'target_point': 109, 'sl_pct_of_premium': 0.1, 'trail_trigger': 31, 'spread_width': 300, 'support_resistance_buffer': 28}
BSE:SENSEX-INDEX  strikecount= 8   fyers <fyers_apiv3.fyersModel.FyersModel object at 0x7b8d52f4acc0>
===
====after 3 min ochain==== 2026-08-12 09:21:00.005322
                                    oipcr   choipcr   totalOI
pcr1 =  BSE:SENSEX2681378700PE   0.19   0.0 CALL added 208560   PUT added 940  OI= 144940
pcr2 =  BSE:SENSEX2681378600CE   0.19   -0.05 CALL added 174000   PUT unwind -9100  OI= 866860
pcr3 =  BSE:SENSEX2681378500CE   0.22   0.03 CALL added 793480   PUT added 22160  OI= 2253820
pcr4 =  BSE:SENSEX2681378400PE   0.23   0.05 CALL added 299700   PUT added 15700  OI= 177720
pcr5 =  BSE:SENSEX2681378300PE   0.31   0.12 CALL added 650260   PUT added 76940  OI= 390100
pcr6 =  BSE:SENSEX2681378200CE   0.56    0.03 CALL added 549040   PUT added 19000  OI= 1354040
pcr7 =  BSE:SENSEX2681378100PE   0.8   0.19 CALL added 468820   PUT added 91320  OI= 707840
pcr8 =  BSE:SENSEX2681378000CE   1.31   0.66 CALL added 794520   PUT added 523320  OI= 1147480
pcr9 =  BSE:SENSEX2681377900PE   2.61   2.24 CALL added 223680   PUT added 500100  OI= 757220
pcr10 =  BSE:SENSEX2681377800CE   4.1   3.32 CALL added 103160   PUT added 342260  OI= 153940
pcr11 =  BSE:SENSEX2681377700PE   9.25   6.8 CALL added 38200   PUT added 259860  OI= 518240
pcr12 =  BSE:SENSEX2681377600CE   13.37   6.88 CALL added 26280   PUT added 180920  OI= 41020
pcr13 =  BSE:SENSEX2681377500CE   14.89   9.78 CALL added 35280   PUT added 344940  OI= 70140
pcr14 =  BSE:SENSEX2681377400CE   34.5   27.52 CALL added 4440   PUT added 122180  OI= 11420
pcr15 =  BSE:SENSEX2681377300PE   53.49   14.01 CALL added 4380   PUT added 61360  OI= 539180
pcr16 =  BSE:SENSEX2681377200PE   43.17   24.0 CALL added 4920   PUT added 118060  OI= 481800
pcr17 =  BSE:SENSEX2681377100CE   81.3   -1411.0 CALL unwind -60   PUT added 84660  OI= 3800
pcrSummation= 6.42  result =  ['BSE:SENSEX2681378700PE', 'BSE:SENSEX2681378600CE', 'BSE:SENSEX2681378500CE', 'BSE:SENSEX2681378400PE', 'BSE:SENSEX2681378300PE', 'BSE:SENSEX2681378200CE', 'BSE:SENSEX2681378100PE', 'BSE:SENSEX2681378000CE', 'BSE:SENSEX2681377900PE']
PCRSUM== 260.49
pcrSummation== 6.42
VOLPCRSUM== 8.61
spotLTP =  77948.48  ATM_STRIKE =  77900
IS_ATM_STRIKE_SHIFT = False  mapStrike = {77900: 77900}
avgOiPcrList2 = [np.float64(17.27), np.float64(15.32)] atmStrikeNotShiftedCount= 2
False   2   2
SUPP_RES=== 78500  Buffer= 28
CEoich val =  793480.0  PEoich val =  22160.0 , CE > PE by 97.2%
SUPP_RES TOTAL OI: CE= 2253820  PE= 493080 , CE > PE by 78.1%
IS_MORNING_WINDOW= True  (active 9:15-9:48 IST)
================================================
==== signal check time ==== 2026-08-12 09:21:00.645845
IS_CHOI_DIFF_GT_25PERC== True
RSI_VAL1== 30.05
RSI_VAL2== 30.05
FUT_3m_OHLC O= 78284.8  H= 78332.8  L= 78284.8  C= 78332.8  Range= 48.1
CHART_PATTERN_DETECTED: INSIDE_BAR
  PATTERN_CONTEXT: Body= 48.1  Range= 48.1  ExpectedRange= 69.0  RangeRatio= 0.7  O= 78284.8  H= 78332.8  L= 78284.8  C= 78332.8
newSynthFut =  78300
ATMStrike =  77900
AVG_OIPCR= 0.71
avgoiPCROld=  15.32
SUPP_RES = 78500
FUT LTP = 78332.8
CEchoi  PechOi = 793480.0    22160.0
====================================
totalOIPCR = 0.7
AVG_VOLPCR= 0.96
atmPCR= 0.31  belowATM  0.56
atmVolPCR= 0.64  belowATM  1.06
True   78332.8   78500   False   False   30.05
curr Doji False
BSE:SENSEX2681378200PE  curr candle vol pcr = 0.78  PE= 631740  CE= 812680      cpr =  1.29
BSE:SENSEX2681378300PE  prev candle vol pcr = 0.69  PE= 1164380  CE= 1681860      cpr =  1.44
ATM_CE_premium= 199.25  ATM_PE_premium= 362.75
CE_PremChg= 13.05  PE_PremChg= -23.4
CandleBody= 48.1  PrevBody= -80.0  CandleRange= 48.1  Bullish
TotalVol= 1444420  PrevTotalVol= 2846240  VolSpike= 0.51 x 
SCALP_SCORE: NEUTRAL | BullScore= 1  BearScore= 1 | Confidence= LOW
DATAPOINT|09:21|FUT=78332.8|Body=48.1|PrevBody=-80.0|Range=48.1|RangeRatio=0.7|CurrVolPCR=0.78|PrevVolPCR=0.69|CurrCPR=1.29|PrevCPR=1.44|VolSpike=0.51|CE_PremChg=13.05|PE_PremChg=-23.4|BullScore=1|BearScore=1|Dir=NEUTRAL|Conf=LOW
CHART_PATTERN_DETECTED: INSIDE_BAR
  PATTERN_CONTEXT: Body= 48.1  Range= 48.1  ExpectedRange= 69.0  RangeRatio= 0.7  O= 78284.8  H= 78332.8  L= 78284.8  C= 78332.8
BSE:SENSEX-INDEX  strikecount= 3   fyers <fyers_apiv3.fyersModel.FyersModel object at 0x7b8d52f4acc0>
======================================
oipcr1 =  BSE:SENSEX2681378200CE   0.56
oipcr2 =  BSE:SENSEX2681378100PE   0.8
oipcr3 =  BSE:SENSEX2681378000CE   1.31
oipcrBull = NoEntry  bulcount= 1  bearcount= 2 oipcrBear= BearTrade
atmpcr5 pcr6= 2.61    4.1
No Entry Yet
India VIX = 11.79  Spot Price = 77970.36
IV Regime = LOW (ADAPTIVE: P25= 12.03  P50= 12.43  P75= 13.27 ) | DailyRange = 1313.2 | 3minCandleRange = 69.1 (theoretical= 115.2 ) | ATMoptionMove = 31.1 | SL = 109 | Target = 109 | TrailTrigger = 31 | Spread = 300 | Buffer = 28
IV Params refreshed: {'vix': 11.79, 'bn_price': 77970.36, 'regime': 'LOW', 'regime_thresholds': 'P25=12.03 P50=12.43 P75=13.27', 'daily_range': 1313.2, 'candle_range': 69.1, 'atm_option_move': 31.1, 'sl_point': 109, 'target_point': 109, 'sl_pct_of_premium': 0.1, 'trail_trigger': 31, 'spread_width': 300, 'support_resistance_buffer': 28}
BSE:SENSEX-INDEX  strikecount= 8   fyers <fyers_apiv3.fyersModel.FyersModel object at 0x7b8d52f4acc0>
===
====after 3 min ochain==== 2026-08-12 09:24:00.000005
                                    oipcr   choipcr   totalOI
pcr1 =  BSE:SENSEX2681378800PE   0.22   -0.01 CALL added 232720   PUT unwind -2360  OI= 180400
pcr2 =  BSE:SENSEX2681378700PE   0.18   0.03 CALL added 284040   PUT added 7740  OI= 151740
pcr3 =  BSE:SENSEX2681378600CE   0.18   -0.03 CALL added 243280   PUT unwind -7740  OI= 936140
pcr4 =  BSE:SENSEX2681378500CE   0.21   0.03 CALL added 993560   PUT added 33380  OI= 2453900
pcr5 =  BSE:SENSEX2681378400PE   0.22   0.06 CALL added 360460   PUT added 21100  OI= 183120
pcr6 =  BSE:SENSEX2681378300PE   0.29    0.11 CALL added 755480   PUT added 84160  OI= 397320
pcr7 =  BSE:SENSEX2681378200CE   0.51   0.01 CALL added 661380   PUT added 8660  OI= 1466380
pcr8 =  BSE:SENSEX2681378100PE   0.77   0.22 CALL added 538060   PUT added 116840  OI= 733360
pcr9 =  BSE:SENSEX2681378000CE   1.23   0.71 CALL added 1062860   PUT added 752960  OI= 1415820
pcr10 =  BSE:SENSEX2681377900PE   2.35   2.09 CALL added 388100   PUT added 810480  OI= 1067600
pcr11 =  BSE:SENSEX2681377800CE   4.26   3.81 CALL added 160400   PUT added 611480  OI= 211180
pcr12 =  BSE:SENSEX2681377700PE   8.73   6.85 CALL added 54460   PUT added 373020  OI= 631400
pcr13 =  BSE:SENSEX2681377600CE   15.82   10.14 CALL added 23640   PUT added 239640  OI= 38380
pcr14 =  BSE:SENSEX2681377500CE   15.31   11.82 CALL added 47440   PUT added 560920  OI= 82300
pcr15 =  BSE:SENSEX2681377400CE   38.73   38.46 CALL added 5500   PUT added 211520  OI= 12480
pcr16 =  BSE:SENSEX2681377300PE   60.37   25.91 CALL added 3880   PUT added 100520  OI= 578340
pcr17 =  BSE:SENSEX2681377200PE   45.77   33.82 CALL added 6540   PUT added 221200  OI= 584940
pcrSummation= 5.9399999999999995  result =  ['BSE:SENSEX2681378700PE', 'BSE:SENSEX2681378600CE', 'BSE:SENSEX2681378500CE', 'BSE:SENSEX2681378400PE', 'BSE:SENSEX2681378300PE', 'BSE:SENSEX2681378200CE', 'BSE:SENSEX2681378100PE', 'BSE:SENSEX2681378000CE', 'BSE:SENSEX2681377900PE']
PCRSUM== 195.15
pcrSummation== 5.94
VOLPCRSUM== 5.35
spotLTP =  77970.36  ATM_STRIKE =  78000
IS_ATM_STRIKE_SHIFT = True  mapStrike = {78000: 78000}
avgOiPcrList2 = [np.float64(11.48)] atmStrikeNotShiftedCount= 1
True   1   1
SUPP_RES=== 78500  Buffer= 28
CEoich val =  993560.0  PEoich val =  33380.0 , CE > PE by 96.6%
SUPP_RES TOTAL OI: CE= 2453900  PE= 504300 , CE > PE by 79.4%
IS_MORNING_WINDOW= True  (active 9:15-9:48 IST)
================================================
==== signal check time ==== 2026-08-12 09:24:00.651006
IS_CHOI_DIFF_GT_25PERC== True
RSI_VAL1== 26.48
RSI_VAL2== 26.48
FUT_3m_OHLC O= 78332.8  H= 78332.8  L= 78280.0  C= 78280.0  Range= 52.8
CHART_PATTERN_DETECTED: BEARISH_ENGULFING | STRONG_MOMENTUM_BEAR
  PATTERN_CONTEXT: Body= -52.8  Range= 52.8  ExpectedRange= 69.1  RangeRatio= 0.76  O= 78332.8  H= 78332.8  L= 78280.0  C= 78280.0
newSynthFut =  78300
ATMStrike =  78000
AVG_OIPCR= 0.66
avgoiPCROld=  11.48
SUPP_RES = 78500
FUT LTP = 78280.05
CEchoi  PechOi = 993560.0    33380.0
====================================
totalOIPCR = 0.71
AVG_VOLPCR= 0.59
atmPCR= 0.22  belowATM  0.29
atmVolPCR= 0.33  belowATM  0.55
True   78280.05   78500   False   False   26.48
curr Doji False
BSE:SENSEX2681378300PE  curr candle vol pcr = 0.34  PE= 305480  CE= 911560      cpr =  2.98
BSE:SENSEX2681378200PE  prev candle vol pcr = 0.78  PE= 631740  CE= 812680      cpr =  1.29
VOL_PRESSURE_WATCH: SINGLE_CANDLE_CALL_PRESSURE | currCPR= 2.98  prevCPR= 1.29
ATM_CE_premium= 152.15  ATM_PE_premium= 422.0
CE_PremChg= -8.45  PE_PremChg= 0.55
CandleBody= -52.8  PrevBody= 48.1  CandleRange= 52.8  Bearish
TotalVol= 1217040  PrevTotalVol= 1444420  VolSpike= 0.84 x 
SCALP_SCORE: BEAR | BullScore= 0  BearScore= 2 | Confidence= LOW
DATAPOINT|09:24|FUT=78280.0|Body=-52.8|PrevBody=48.1|Range=52.8|RangeRatio=0.76|CurrVolPCR=0.34|PrevVolPCR=0.78|CurrCPR=2.98|PrevCPR=1.29|VolSpike=0.84|CE_PremChg=-8.45|PE_PremChg=0.55|BullScore=0|BearScore=2|Dir=BEAR|Conf=LOW
CHART_PATTERN_DETECTED: BEARISH_ENGULFING | STRONG_MOMENTUM_BEAR
  PATTERN_CONTEXT: Body= -52.8  Range= 52.8  ExpectedRange= 69.1  RangeRatio= 0.76  O= 78332.8  H= 78332.8  L= 78280.0  C= 78280.0
BSE:SENSEX-INDEX  strikecount= 3   fyers <fyers_apiv3.fyersModel.FyersModel object at 0x7b8d52f4acc0>
======================================
oipcr1 =  BSE:SENSEX2681378300PE   0.29
oipcr2 =  BSE:SENSEX2681378200CE   0.51
oipcr3 =  BSE:SENSEX2681378100PE   0.77
oipcrBull = NoEntry  bulcount= 0  bearcount= 3 oipcrBear= BearTrade
atmpcr5 pcr6= 1.23    2.35
No Entry Yet
India VIX = 11.73  Spot Price = 78069.5
IV Regime = LOW (ADAPTIVE: P25= 12.03  P50= 12.43  P75= 13.27 ) | DailyRange = 1308.2 | 3minCandleRange = 68.8 (theoretical= 114.7 ) | ATMoptionMove = 31.0 | SL = 108 | Target = 108 | TrailTrigger = 31 | Spread = 300 | Buffer = 28
IV Params refreshed: {'vix': 11.73, 'bn_price': 78069.5, 'regime': 'LOW', 'regime_thresholds': 'P25=12.03 P50=12.43 P75=13.27', 'daily_range': 1308.2, 'candle_range': 68.8, 'atm_option_move': 31.0, 'sl_point': 108, 'target_point': 108, 'sl_pct_of_premium': 0.1, 'trail_trigger': 31, 'spread_width': 300, 'support_resistance_buffer': 28}
BSE:SENSEX-INDEX  strikecount= 8   fyers <fyers_apiv3.fyersModel.FyersModel object at 0x7b8d52f4acc0>
===
====after 3 min ochain==== 2026-08-12 09:27:00.000001
                                    oipcr   choipcr   totalOI
pcr1 =  BSE:SENSEX2681378900CE   0.11   0.0 CALL added 245800   PUT added 40  OI= 714580
pcr2 =  BSE:SENSEX2681378800PE   0.2   0.0 CALL added 305420   PUT added 640  OI= 183400
pcr3 =  BSE:SENSEX2681378700PE   0.17   0.03 CALL added 358260   PUT added 10060  OI= 154060
pcr4 =  BSE:SENSEX2681378600CE   0.17   -0.01 CALL added 304420   PUT unwind -3980  OI= 997280
pcr5 =  BSE:SENSEX2681378500CE   0.19   0.03 CALL added 1158080   PUT added 37760  OI= 2618420
pcr6 =  BSE:SENSEX2681378400PE   0.22    0.09 CALL added 411420   PUT added 37040  OI= 199060
pcr7 =  BSE:SENSEX2681378300PE   0.3   0.13 CALL added 831960   PUT added 111880  OI= 425040
pcr8 =  BSE:SENSEX2681378200CE   0.48   0.03 CALL added 768500   PUT added 20740  OI= 1573500
pcr9 =  BSE:SENSEX2681378100PE   0.73   0.26 CALL added 672640   PUT added 174620  OI= 791140
pcr10 =  BSE:SENSEX2681378000CE   1.22   0.8 CALL added 1339300   PUT added 1075380  OI= 1692260
pcr11 =  BSE:SENSEX2681377900PE   2.49   2.29 CALL added 460340   PUT added 1052300  OI= 1309420
pcr12 =  BSE:SENSEX2681377800CE   4.38   4.05 CALL added 197360   PUT added 798840  OI= 248140
pcr13 =  BSE:SENSEX2681377700PE   9.34   7.77 CALL added 58620   PUT added 455560  OI= 713940
pcr14 =  BSE:SENSEX2681377600CE   15.34   10.95 CALL added 32100   PUT added 351380  OI= 46840
pcr15 =  BSE:SENSEX2681377500CE   15.8   13.22 CALL added 57520   PUT added 760320  OI= 92380
pcr16 =  BSE:SENSEX2681377400CE   41.65   44.65 CALL added 6300   PUT added 281300  OI= 13280
pcr17 =  BSE:SENSEX2681377300PE   56.3   22.2 CALL added 4600   PUT added 102120  OI= 579940
pcrSummation= 3.6799999999999997  result =  ['BSE:SENSEX2681378800PE', 'BSE:SENSEX2681378700PE', 'BSE:SENSEX2681378600CE', 'BSE:SENSEX2681378500CE', 'BSE:SENSEX2681378400PE', 'BSE:SENSEX2681378300PE', 'BSE:SENSEX2681378200CE', 'BSE:SENSEX2681378100PE', 'BSE:SENSEX2681378000CE']
PCRSUM== 149.09
pcrSummation== 3.68
VOLPCRSUM== 3.1899999999999995
spotLTP =  78069.5  ATM_STRIKE =  78100
IS_ATM_STRIKE_SHIFT = True  mapStrike = {78100: 78100}
avgOiPcrList2 = [np.float64(8.77)] atmStrikeNotShiftedCount= 1
True   1   1
SUPP_RES=== 78500  Buffer= 28
CEoich val =  1158080.0  PEoich val =  37760.0 , CE > PE by 96.7%
SUPP_RES TOTAL OI: CE= 2618420  PE= 508680 , CE > PE by 80.6%
IS_MORNING_WINDOW= True  (active 9:15-9:48 IST)
================================================
==== signal check time ==== 2026-08-12 09:27:00.555000
IS_CHOI_DIFF_GT_25PERC== True
RSI_VAL1== 43.51
RSI_VAL2== 43.51
FUT_3m_OHLC O= 78315.0  H= 78422.2  L= 78315.0  C= 78404.4  Range= 107.2
CHART_PATTERN_DETECTED: STRONG_MOMENTUM_BULL
  PATTERN_CONTEXT: Body= 89.4  Range= 107.2  ExpectedRange= 68.8  RangeRatio= 1.56  O= 78315.0  H= 78422.2  L= 78315.0  C= 78404.4
newSynthFut =  78400
ATMStrike =  78100
AVG_OIPCR= 0.41
avgoiPCROld=  8.77
SUPP_RES = 78500
FUT LTP = 78404.35
CEchoi  PechOi = 1158080.0    37760.0
====================================
totalOIPCR = 0.73
AVG_VOLPCR= 0.35
atmPCR= 0.19  belowATM  0.22
atmVolPCR= 0.2  belowATM  0.3
True   78404.35   78500   False   False   43.51
curr Doji False
BSE:SENSEX2681378300PE  curr candle vol pcr = 0.35  PE= 389280  CE= 1109160      cpr =  2.85
BSE:SENSEX2681378300PE  prev candle vol pcr = 0.34  PE= 305480  CE= 911560      cpr =  2.98
VOL_PRESSURE_ALERT: STRONG_CALL_PRESSURE | currCPR= 2.85  prevCPR= 2.98  Direction=BEARISH_SIGNAL (heavy CE buying = expecting down move)
ATM_CE_premium= 198.85  ATM_PE_premium= 350.05
CE_PremChg= 46.7  PE_PremChg= -71.95
CandleBody= 89.4  PrevBody= -52.8  CandleRange= 107.2  Bullish
TotalVol= 1498440  PrevTotalVol= 1217040  VolSpike= 1.23 x 
SCALP_SCORE: BEAR | BullScore= 2  BearScore= 3 | Confidence= MEDIUM
  SCALP_BEAR_REASONS: VolCPR_2candle_bear + PremMomentum_bear(PE-71.95,CE+46.7)
DATAPOINT|09:27|FUT=78404.4|Body=89.4|PrevBody=-52.8|Range=107.2|RangeRatio=1.56|CurrVolPCR=0.35|PrevVolPCR=0.34|CurrCPR=2.85|PrevCPR=2.98|VolSpike=1.23|CE_PremChg=46.7|PE_PremChg=-71.95|BullScore=2|BearScore=3|Dir=BEAR|Conf=MEDIUM
CHART_PATTERN_DETECTED: STRONG_MOMENTUM_BULL
  PATTERN_CONTEXT: Body= 89.4  Range= 107.2  ExpectedRange= 68.8  RangeRatio= 1.56  O= 78315.0  H= 78422.2  L= 78315.0  C= 78404.4
BSE:SENSEX-INDEX  strikecount= 3   fyers <fyers_apiv3.fyersModel.FyersModel object at 0x7b8d52f4acc0>
======================================
oipcr1 =  BSE:SENSEX2681378400PE   0.22
oipcr2 =  BSE:SENSEX2681378300PE   0.3
oipcr3 =  BSE:SENSEX2681378200CE   0.48
oipcrBull = NoEntry  bulcount= 0  bearcount= 3 oipcrBear= BearTrade
atmpcr5 pcr6= 0.73    1.22
No Entry Yet
India VIX = 11.74  Spot Price = 78118.9
IV Regime = LOW (ADAPTIVE: P25= 12.03  P50= 12.43  P75= 13.27 ) | DailyRange = 1310.2 | 3minCandleRange = 68.9 (theoretical= 114.9 ) | ATMoptionMove = 31.0 | SL = 109 | Target = 109 | TrailTrigger = 31 | Spread = 300 | Buffer = 28
IV Params refreshed: {'vix': 11.74, 'bn_price': 78118.9, 'regime': 'LOW', 'regime_thresholds': 'P25=12.03 P50=12.43 P75=13.27', 'daily_range': 1310.2, 'candle_range': 68.9, 'atm_option_move': 31.0, 'sl_point': 109, 'target_point': 109, 'sl_pct_of_premium': 0.1, 'trail_trigger': 31, 'spread_width': 300, 'support_resistance_buffer': 28}
BSE:SENSEX-INDEX  strikecount= 8   fyers <fyers_apiv3.fyersModel.FyersModel object at 0x7b8d52f4acc0>
===
====after 3 min ochain==== 2026-08-12 09:30:00
                                    oipcr   choipcr   totalOI
pcr1 =  BSE:SENSEX2681378900CE   0.11   0.01 CALL added 265960   PUT added 1600  OI= 734740
pcr2 =  BSE:SENSEX2681378800PE   0.19   0.02 CALL added 399160   PUT added 8280  OI= 191040
pcr3 =  BSE:SENSEX2681378700PE   0.16   0.03 CALL added 448000   PUT added 14400  OI= 158400
pcr4 =  BSE:SENSEX2681378600CE   0.18   0.04 CALL added 324080   PUT added 12720  OI= 1016940
pcr5 =  BSE:SENSEX2681378500CE   0.21   0.07 CALL added 1101620   PUT added 78940  OI= 2561960
pcr6 =  BSE:SENSEX2681378400PE   0.28    0.2 CALL added 407800   PUT added 82740  OI= 244760
pcr7 =  BSE:SENSEX2681378300PE   0.36   0.25 CALL added 834460   PUT added 208340  OI= 521500
pcr8 =  BSE:SENSEX2681378200CE   0.64   0.34 CALL added 765580   PUT added 258480  OI= 1570580
pcr9 =  BSE:SENSEX2681378100PE   1.05   0.78 CALL added 661540   PUT added 517840  OI= 1134360
pcr10 =  BSE:SENSEX2681378000CE   1.87   1.57 CALL added 1066840   PUT added 1670940  OI= 1419800
pcr11 =  BSE:SENSEX2681377900PE   4.46   4.59 CALL added 292360   PUT added 1343080  OI= 1600200
pcr12 =  BSE:SENSEX2681377800CE   7.37   8.11 CALL added 114640   PUT added 929840  OI= 165420
pcr13 =  BSE:SENSEX2681377700PE   13.07   12.52 CALL added 46160   PUT added 578000  OI= 836380
pcr14 =  BSE:SENSEX2681377600CE   22.44   21.02 CALL added 25820   PUT added 542720  OI= 40560
pcr15 =  BSE:SENSEX2681377500CE   25.69   33.05 CALL added 26680   PUT added 881820  OI= 61540
pcr16 =  BSE:SENSEX2681377400CE   44.56   50.9 CALL added 6180   PUT added 314560  OI= 13160
pcr17 =  BSE:SENSEX2681377300PE   55.15   16.96 CALL added 4280   PUT added 72600  OI= 550420
pcrSummation= 3.1799999999999997  result =  ['BSE:SENSEX2681378900CE', 'BSE:SENSEX2681378800PE', 'BSE:SENSEX2681378700PE', 'BSE:SENSEX2681378600CE', 'BSE:SENSEX2681378500CE', 'BSE:SENSEX2681378400PE', 'BSE:SENSEX2681378300PE', 'BSE:SENSEX2681378200CE', 'BSE:SENSEX2681378100PE']
PCRSUM== 177.79
pcrSummation== 3.18
VOLPCRSUM== 2.93
spotLTP =  78118.9  ATM_STRIKE =  78100
IS_ATM_STRIKE_SHIFT = False  mapStrike = {78100: 78100}
avgOiPcrList2 = [np.float64(8.77), np.float64(10.46)] atmStrikeNotShiftedCount= 2
False   2   2
SUPP_RES=== 78500  Buffer= 28
CEoich val =  1101620.0  PEoich val =  78940.0 , CE > PE by 92.8%
SUPP_RES TOTAL OI: CE= 2561960  PE= 549860 , CE > PE by 78.5%
IS_MORNING_WINDOW= True  (active 9:15-9:48 IST)
================================================
==== signal check time ==== 2026-08-12 09:30:00.626536
IS_CHOI_DIFF_GT_25PERC== True
RSI_VAL1== 48.66
RSI_VAL2== 48.66
FUT_3m_OHLC O= 78444.5  H= 78496.4  L= 78444.5  C= 78454.4  Range= 51.9
CHART_PATTERN_DETECTED: INVERTED_HAMMER
  PATTERN_CONTEXT: Body= 9.9  Range= 51.9  ExpectedRange= 68.9  RangeRatio= 0.75  O= 78444.5  H= 78496.4  L= 78444.5  C= 78454.4
newSynthFut =  78500
ATMStrike =  78100
AVG_OIPCR= 0.35
avgoiPCROld=  10.46
SUPP_RES = 78500
FUT LTP = 78454.35
CEchoi  PechOi = 1101620.0    78940.0
====================================
totalOIPCR = 0.82
AVG_VOLPCR= 0.33
atmPCR= 0.21  belowATM  0.28
atmVolPCR= 0.18  belowATM  0.29
True   78454.35   78500   False   False   48.66
curr Doji False
BSE:SENSEX2681378400PE  curr candle vol pcr = 0.24  PE= 195420  CE= 820900      cpr =  4.2
BSE:SENSEX2681378300PE  prev candle vol pcr = 0.35  PE= 389280  CE= 1109160      cpr =  2.85
VOL_PRESSURE_ALERT: STRONG_CALL_PRESSURE | currCPR= 4.2  prevCPR= 2.85  Direction=BEARISH_SIGNAL (heavy CE buying = expecting down move)
ATM_CE_premium= 175.2  ATM_PE_premium= 381.25
CE_PremChg= 15.05  PE_PremChg= -31.75
CandleBody= 9.9  PrevBody= 89.4  CandleRange= 51.9  Bullish
TotalVol= 1016320  PrevTotalVol= 1498440  VolSpike= 0.68 x 
SCALP_SCORE: BEAR | BullScore= 1  BearScore= 3 | Confidence= MEDIUM
  SCALP_BEAR_REASONS: VolCPR_2candle_bear + PremMomentum_bear(PE-31.75,CE+15.05)
DATAPOINT|09:30|FUT=78454.4|Body=9.9|PrevBody=89.4|Range=51.9|RangeRatio=0.75|CurrVolPCR=0.24|PrevVolPCR=0.35|CurrCPR=4.2|PrevCPR=2.85|VolSpike=0.68|CE_PremChg=15.05|PE_PremChg=-31.75|BullScore=1|BearScore=3|Dir=BEAR|Conf=MEDIUM
CHART_PATTERN_DETECTED: INVERTED_HAMMER
  PATTERN_CONTEXT: Body= 9.9  Range= 51.9  ExpectedRange= 68.9  RangeRatio= 0.75  O= 78444.5  H= 78496.4  L= 78444.5  C= 78454.4
BSE:SENSEX-INDEX  strikecount= 3   fyers <fyers_apiv3.fyersModel.FyersModel object at 0x7b8d52f4acc0>
======================================
oipcr1 =  BSE:SENSEX2681378400PE   0.28
oipcr2 =  BSE:SENSEX2681378300PE   0.36
oipcr3 =  BSE:SENSEX2681378200CE   0.64
oipcrBull = NoEntry  bulcount= 0  bearcount= 3 oipcrBear= BearTrade
atmpcr5 pcr6= 1.05    1.87
No Entry Yet
India VIX = 11.75  Spot Price = 78051.74
IV Regime = LOW (ADAPTIVE: P25= 12.03  P50= 12.43  P75= 13.27 ) | DailyRange = 1310.2 | 3minCandleRange = 68.9 (theoretical= 114.9 ) | ATMoptionMove = 31.0 | SL = 109 | Target = 109 | TrailTrigger = 31 | Spread = 300 | Buffer = 28
IV Params refreshed: {'vix': 11.75, 'bn_price': 78051.74, 'regime': 'LOW', 'regime_thresholds': 'P25=12.03 P50=12.43 P75=13.27', 'daily_range': 1310.2, 'candle_range': 68.9, 'atm_option_move': 31.0, 'sl_point': 109, 'target_point': 109, 'sl_pct_of_premium': 0.1, 'trail_trigger': 31, 'spread_width': 300, 'support_resistance_buffer': 28}
BSE:SENSEX-INDEX  strikecount= 8   fyers <fyers_apiv3.fyersModel.FyersModel object at 0x7b8d52f4acc0>
===
====after 3 min ochain==== 2026-08-12 09:33:00.000001
                                    oipcr   choipcr   totalOI
pcr1 =  BSE:SENSEX2681378900CE   0.1   0.01 CALL added 299580   PUT added 2480  OI= 768360
pcr2 =  BSE:SENSEX2681378800PE   0.19   0.02 CALL added 436520   PUT added 8360  OI= 191120
pcr3 =  BSE:SENSEX2681378700PE   0.16   0.04 CALL added 434140   PUT added 16180  OI= 160180
pcr4 =  BSE:SENSEX2681378600CE   0.18   0.05 CALL added 361640   PUT added 16880  OI= 1054500
pcr5 =  BSE:SENSEX2681378500CE   0.21   0.08 CALL added 1202740   PUT added 96160  OI= 2663080
pcr6 =  BSE:SENSEX2681378400PE   0.26    0.18 CALL added 482620   PUT added 85520  OI= 247540
pcr7 =  BSE:SENSEX2681378300PE   0.34   0.23 CALL added 928900   PUT added 209640  OI= 522800
pcr8 =  BSE:SENSEX2681378200CE   0.61   0.33 CALL added 859740   PUT added 281640  OI= 1664740
pcr9 =  BSE:SENSEX2681378100PE   1.06   0.83 CALL added 768400   PUT added 635260  OI= 1251780
pcr10 =  BSE:SENSEX2681378000CE   1.97   1.7 CALL added 1106800   PUT added 1886240  OI= 1459760
pcr11 =  BSE:SENSEX2681377900PE   4.69   4.87 CALL added 292100   PUT added 1423620  OI= 1680740
pcr12 =  BSE:SENSEX2681377800CE   7.92   8.88 CALL added 118300   PUT added 1050020  OI= 169080
pcr13 =  BSE:SENSEX2681377700PE   12.08   11.18 CALL added 47860   PUT added 535000  OI= 793380
pcr14 =  BSE:SENSEX2681377600CE   23.78   23.14 CALL added 26340   PUT added 609580  OI= 41080
pcr15 =  BSE:SENSEX2681377500CE   26.73   36.22 CALL added 24520   PUT added 888160  OI= 59380
pcr16 =  BSE:SENSEX2681377400CE   46.16   53.85 CALL added 6540   PUT added 352200  OI= 13520
pcr17 =  BSE:SENSEX2681377300PE   54.19   20.12 CALL added 4960   PUT added 99820  OI= 577640
pcrSummation= 4.98  result =  ['BSE:SENSEX2681378800PE', 'BSE:SENSEX2681378700PE', 'BSE:SENSEX2681378600CE', 'BSE:SENSEX2681378500CE', 'BSE:SENSEX2681378400PE', 'BSE:SENSEX2681378300PE', 'BSE:SENSEX2681378200CE', 'BSE:SENSEX2681378100PE', 'BSE:SENSEX2681378000CE']
PCRSUM== 180.63
pcrSummation== 4.98
VOLPCRSUM== 2.9299999999999997
spotLTP =  78051.74  ATM_STRIKE =  78100
IS_ATM_STRIKE_SHIFT = False  mapStrike = {78100: 78100}
avgOiPcrList2 = [np.float64(8.77), np.float64(10.46), np.float64(10.63)] atmStrikeNotShiftedCount= 3
False   3   3
SUPP_RES=== 78500  Buffer= 28
CEoich val =  1202740.0  PEoich val =  96160.0 , CE > PE by 92.0%
SUPP_RES TOTAL OI: CE= 2663080  PE= 567080 , CE > PE by 78.7%
IS_MORNING_WINDOW= True  (active 9:15-9:48 IST)
================================================
==== signal check time ==== 2026-08-12 09:33:00.706475
IS_CHOI_DIFF_GT_25PERC== True
RSI_VAL1== 45.57
RSI_VAL2== 45.57
FUT_3m_OHLC O= 78454.4  H= 78454.4  L= 78410.0  C= 78419.8  Range= 44.3
CHART_PATTERN_DETECTED: BEARISH_ENGULFING | EVENING_STAR
  PATTERN_CONTEXT: Body= -34.6  Range= 44.3  ExpectedRange= 68.9  RangeRatio= 0.64  O= 78454.4  H= 78454.4  L= 78410.0  C= 78419.8
isPcrInc = True
newSynthFut =  78400
ATMStrike =  78100
AVG_OIPCR= 0.55
avgoiPCROld=  10.63
SUPP_RES = 78500
FUT LTP = 78419.75
CEchoi  PechOi = 1202740.0    96160.0
====================================
totalOIPCR = 0.83
AVG_VOLPCR= 0.33
atmPCR= 0.21  belowATM  0.26
atmVolPCR= 0.18  belowATM  0.29
True   78419.75   78500   True   False   45.57
no trade yet = [np.float64(8.77), np.float64(10.46), np.float64(10.63)]
curr Doji False
BSE:SENSEX2681378400PE  curr candle vol pcr = 0.3  PE= 158960  CE= 527080      cpr =  3.32
BSE:SENSEX2681378400PE  prev candle vol pcr = 0.24  PE= 195420  CE= 820900      cpr =  4.2
VOL_PRESSURE_ALERT: STRONG_CALL_PRESSURE | currCPR= 3.32  prevCPR= 4.2  Direction=BEARISH_SIGNAL (heavy CE buying = expecting down move)
ATM_CE_premium= 152.15  ATM_PE_premium= 411.15
CE_PremChg= -23.05  PE_PremChg= 29.9
CandleBody= -34.6  PrevBody= 9.9  CandleRange= 44.3  Bearish
TotalVol= 686040  PrevTotalVol= 1016320  VolSpike= 0.68 x 
SCALP_SCORE: BEAR | BullScore= 1  BearScore= 3 | Confidence= MEDIUM
  SCALP_BEAR_REASONS: VolCPR_2candle_bear + StrongBearCandle(78%)
DATAPOINT|09:33|FUT=78419.8|Body=-34.6|PrevBody=9.9|Range=44.3|RangeRatio=0.64|CurrVolPCR=0.3|PrevVolPCR=0.24|CurrCPR=3.32|PrevCPR=4.2|VolSpike=0.68|CE_PremChg=-23.05|PE_PremChg=29.9|BullScore=1|BearScore=3|Dir=BEAR|Conf=MEDIUM
CHART_PATTERN_DETECTED: BEARISH_ENGULFING | EVENING_STAR
  PATTERN_CONTEXT: Body= -34.6  Range= 44.3  ExpectedRange= 68.9  RangeRatio= 0.64  O= 78454.4  H= 78454.4  L= 78410.0  C= 78419.8
BSE:SENSEX-INDEX  strikecount= 3   fyers <fyers_apiv3.fyersModel.FyersModel object at 0x7b8d52f4acc0>
======================================
oipcr1 =  BSE:SENSEX2681378400PE   0.26
oipcr2 =  BSE:SENSEX2681378300PE   0.34
oipcr3 =  BSE:SENSEX2681378200CE   0.61
oipcrBull = NoEntry  bulcount= 0  bearcount= 3 oipcrBear= BearTrade
atmpcr5 pcr6= 1.06    1.97
No Entry Yet
India VIX = 11.75  Spot Price = 78064.03
IV Regime = LOW (ADAPTIVE: P25= 12.03  P50= 12.43  P75= 13.27 ) | DailyRange = 1310.4 | 3minCandleRange = 69.0 (theoretical= 114.9 ) | ATMoptionMove = 31.0 | SL = 109 | Target = 109 | TrailTrigger = 31 | Spread = 300 | Buffer = 28
IV Params refreshed: {'vix': 11.75, 'bn_price': 78064.03, 'regime': 'LOW', 'regime_thresholds': 'P25=12.03 P50=12.43 P75=13.27', 'daily_range': 1310.4, 'candle_range': 69.0, 'atm_option_move': 31.0, 'sl_point': 109, 'target_point': 109, 'sl_pct_of_premium': 0.1, 'trail_trigger': 31, 'spread_width': 300, 'support_resistance_buffer': 28}
BSE:SENSEX-INDEX  strikecount= 8   fyers <fyers_apiv3.fyersModel.FyersModel object at 0x7b8d52f4acc0>
===
====after 3 min ochain==== 2026-08-12 09:36:00.000001
                                    oipcr   choipcr   totalOI
pcr1 =  BSE:SENSEX2681378900CE   0.1   0.01 CALL added 333460   PUT added 2380  OI= 802240
pcr2 =  BSE:SENSEX2681378800PE   0.18   0.02 CALL added 499420   PUT added 9220  OI= 191980
pcr3 =  BSE:SENSEX2681378700PE   0.16   0.03 CALL added 457140   PUT added 15740  OI= 159740
pcr4 =  BSE:SENSEX2681378600CE   0.17   0.04 CALL added 403020   PUT added 17520  OI= 1095880
pcr5 =  BSE:SENSEX2681378500CE   0.21   0.08 CALL added 1246600   PUT added 100460  OI= 2706940
pcr6 =  BSE:SENSEX2681378400PE   0.26    0.18 CALL added 509520   PUT added 91620  OI= 253640
pcr7 =  BSE:SENSEX2681378300PE   0.32   0.21 CALL added 1023200   PUT added 210860  OI= 524020
pcr8 =  BSE:SENSEX2681378200CE   0.61   0.34 CALL added 929480   PUT added 313860  OI= 1734480
pcr9 =  BSE:SENSEX2681378100PE   1.02   0.79 CALL added 845140   PUT added 667700  OI= 1284220
pcr10 =  BSE:SENSEX2681378000CE   1.95   1.7 CALL added 1173780   PUT added 1997220  OI= 1526740
pcr11 =  BSE:SENSEX2681377900PE   4.32   4.41 CALL added 333940   PUT added 1473360  OI= 1730480
pcr12 =  BSE:SENSEX2681377800CE   7.84   8.74 CALL added 122440   PUT added 1069940  OI= 173220
pcr13 =  BSE:SENSEX2681377700PE   11.77   10.81 CALL added 50500   PUT added 546120  OI= 804500
pcr14 =  BSE:SENSEX2681377600CE   23.67   23.0 CALL added 27580   PUT added 634220  OI= 42320
pcr15 =  BSE:SENSEX2681377500CE   26.76   35.69 CALL added 26160   PUT added 933540  OI= 61020
pcr16 =  BSE:SENSEX2681377400CE   47.12   55.66 CALL added 6680   PUT added 371800  OI= 13660
pcr17 =  BSE:SENSEX2681377300PE   54.68   21.98 CALL added 5080   PUT added 111640  OI= 589460
pcrSummation= 4.88  result =  ['BSE:SENSEX2681378800PE', 'BSE:SENSEX2681378700PE', 'BSE:SENSEX2681378600CE', 'BSE:SENSEX2681378500CE', 'BSE:SENSEX2681378400PE', 'BSE:SENSEX2681378300PE', 'BSE:SENSEX2681378200CE', 'BSE:SENSEX2681378100PE', 'BSE:SENSEX2681378000CE']
PCRSUM== 181.14
pcrSummation== 4.88
VOLPCRSUM== 2.9000000000000004
spotLTP =  78060.24  ATM_STRIKE =  78100
IS_ATM_STRIKE_SHIFT = False  mapStrike = {78100: 78100}
avgOiPcrList2 = [np.float64(10.46), np.float64(10.63), np.float64(10.66)] atmStrikeNotShiftedCount= 4
False   4   3
SUPP_RES=== 78500  Buffer= 28
CEoich val =  1246600.0  PEoich val =  100460.0 , CE > PE by 91.9%
SUPP_RES TOTAL OI: CE= 2706940  PE= 571380 , CE > PE by 78.9%
IS_MORNING_WINDOW= True  (active 9:15-9:48 IST)
================================================
==== signal check time ==== 2026-08-12 09:36:00.701949
IS_CHOI_DIFF_GT_25PERC== True
RSI_VAL1== 47.53
RSI_VAL2== 47.53
FUT_3m_OHLC O= 78410.0  H= 78438.6  L= 78410.0  C= 78438.6  Range= 28.6
CHART_PATTERN: None
isPcrInc = True
newSynthFut =  78400
ATMStrike =  78100
AVG_OIPCR= 0.54
avgoiPCROld=  10.66
SUPP_RES = 78500
FUT LTP = 78438.65
CEchoi  PechOi = 1246600.0    100460.0
====================================
totalOIPCR = 0.84
AVG_VOLPCR= 0.32
atmPCR= 0.21  belowATM  0.26
atmVolPCR= 0.18  belowATM  0.29
True   78438.65   78500   True   False   47.53
no trade yet = [np.float64(10.46), np.float64(10.63), np.float64(10.66)]
curr Doji False
BSE:SENSEX2681378400PE  curr candle vol pcr = 0.26  PE= 91160  CE= 353140      cpr =  3.87
BSE:SENSEX2681378400PE  prev candle vol pcr = 0.3  PE= 158960  CE= 527080      cpr =  3.32
VOL_PRESSURE_ALERT: STRONG_CALL_PRESSURE | currCPR= 3.87  prevCPR= 3.32  Direction=BEARISH_SIGNAL (heavy CE buying = expecting down move)
ATM_CE_premium= 145.0  ATM_PE_premium= 420.0
CE_PremChg= -7.15  PE_PremChg= 8.85
CandleBody= 28.6  PrevBody= -34.6  CandleRange= 28.6  Bullish
TotalVol= 444300  PrevTotalVol= 686040  VolSpike= 0.65 x 
SCALP_SCORE: BEAR | BullScore= 1  BearScore= 2 | Confidence= LOW
DATAPOINT|09:36|FUT=78438.6|Body=28.6|PrevBody=-34.6|Range=28.6|RangeRatio=0.41|CurrVolPCR=0.26|PrevVolPCR=0.3|CurrCPR=3.87|PrevCPR=3.32|VolSpike=0.65|CE_PremChg=-7.15|PE_PremChg=8.85|BullScore=1|BearScore=2|Dir=BEAR|Conf=LOW
CHART_PATTERN: None
BSE:SENSEX-INDEX  strikecount= 3   fyers <fyers_apiv3.fyersModel.FyersModel object at 0x7b8d52f4acc0>
======================================
oipcr1 =  BSE:SENSEX2681378400PE   0.26
oipcr2 =  BSE:SENSEX2681378300PE   0.32
oipcr3 =  BSE:SENSEX2681378200CE   0.61
oipcrBull = NoEntry  bulcount= 0  bearcount= 3 oipcrBear= BearTrade
atmpcr5 pcr6= 1.02    1.95
No Entry Yet
India VIX = 11.75  Spot Price = 78019.42
IV Regime = LOW (ADAPTIVE: P25= 12.03  P50= 12.43  P75= 13.27 ) | DailyRange = 1309.6 | 3minCandleRange = 68.9 (theoretical= 114.9 ) | ATMoptionMove = 31.0 | SL = 109 | Target = 109 | TrailTrigger = 31 | Spread = 300 | Buffer = 28
IV Params refreshed: {'vix': 11.75, 'bn_price': 78019.42, 'regime': 'LOW', 'regime_thresholds': 'P25=12.03 P50=12.43 P75=13.27', 'daily_range': 1309.6, 'candle_range': 68.9, 'atm_option_move': 31.0, 'sl_point': 109, 'target_point': 109, 'sl_pct_of_premium': 0.1, 'trail_trigger': 31, 'spread_width': 300, 'support_resistance_buffer': 28}
BSE:SENSEX-INDEX  strikecount= 8   fyers <fyers_apiv3.fyersModel.FyersModel object at 0x7b8d52f4acc0>
===
====after 3 min ochain==== 2026-08-12 09:39:00
                                    oipcr   choipcr   totalOI
pcr1 =  BSE:SENSEX2681378800PE   0.17   0.02 CALL added 526980   PUT added 9060  OI= 191820
pcr2 =  BSE:SENSEX2681378700PE   0.16   0.04 CALL added 472660   PUT added 17100  OI= 161100
pcr3 =  BSE:SENSEX2681378600CE   0.17   0.04 CALL added 442620   PUT added 16780  OI= 1135480
pcr4 =  BSE:SENSEX2681378500CE   0.21   0.09 CALL added 1269180   PUT added 108480  OI= 2729520
pcr5 =  BSE:SENSEX2681378400PE   0.25   0.18 CALL added 557760   PUT added 100620  OI= 262640
pcr6 =  BSE:SENSEX2681378300PE   0.31    0.2 CALL added 1059600   PUT added 208560  OI= 521720
pcr7 =  BSE:SENSEX2681378200CE   0.59   0.32 CALL added 978380   PUT added 317060  OI= 1783380
pcr8 =  BSE:SENSEX2681378100PE   1.02   0.81 CALL added 893680   PUT added 721560  OI= 1338080
pcr9 =  BSE:SENSEX2681378000CE   1.95   1.71 CALL added 1221620   PUT added 2084620  OI= 1574580
pcr10 =  BSE:SENSEX2681377900PE   4.43   4.54 CALL added 334900   PUT added 1520120  OI= 1777240
pcr11 =  BSE:SENSEX2681377800CE   7.3   7.88 CALL added 141780   PUT added 1117060  OI= 192560
pcr12 =  BSE:SENSEX2681377700PE   12.02   11.17 CALL added 51720   PUT added 577700  OI= 836080
pcr13 =  BSE:SENSEX2681377600CE   24.67   24.52 CALL added 26580   PUT added 651840  OI= 41320
pcr14 =  BSE:SENSEX2681377500CE   25.03   30.52 CALL added 31560   PUT added 963100  OI= 66420
pcr15 =  BSE:SENSEX2681377400CE   47.81   56.96 CALL added 6760   PUT added 385040  OI= 13740
pcr16 =  BSE:SENSEX2681377300PE   54.93   22.75 CALL added 5120   PUT added 116500  OI= 594320
pcr17 =  BSE:SENSEX2681377200PE   69.08   82.18 CALL added 5140   PUT added 422400  OI= 786140
pcrSummation= 4.83  result =  ['BSE:SENSEX2681378800PE', 'BSE:SENSEX2681378700PE', 'BSE:SENSEX2681378600CE', 'BSE:SENSEX2681378500CE', 'BSE:SENSEX2681378400PE', 'BSE:SENSEX2681378300PE', 'BSE:SENSEX2681378200CE', 'BSE:SENSEX2681378100PE', 'BSE:SENSEX2681378000CE']
PCRSUM== 250.1
pcrSummation== 4.83
VOLPCRSUM== 4.51
spotLTP =  78019.04  ATM_STRIKE =  78000
IS_ATM_STRIKE_SHIFT = True  mapStrike = {78000: 78000}
avgOiPcrList2 = [np.float64(14.71)] atmStrikeNotShiftedCount= 1
True   1   1
SUPP_RES=== 78500  Buffer= 28
CEoich val =  1269180.0  PEoich val =  108480.0 , CE > PE by 91.5%
SUPP_RES TOTAL OI: CE= 2729520  PE= 579400 , CE > PE by 78.8%
IS_MORNING_WINDOW= True  (active 9:15-9:48 IST)
================================================
==== signal check time ==== 2026-08-12 09:39:00.698422
IS_CHOI_DIFF_GT_25PERC== True
RSI_VAL1== 42.11
RSI_VAL2== 42.11
FUT_3m_OHLC O= 78438.6  H= 78438.6  L= 78376.0  C= 78376.0  Range= 62.6
CHART_PATTERN_DETECTED: BEARISH_ENGULFING | STRONG_MOMENTUM_BEAR
  PATTERN_CONTEXT: Body= -62.6  Range= 62.6  ExpectedRange= 68.9  RangeRatio= 0.91  O= 78438.6  H= 78438.6  L= 78376.0  C= 78376.0
newSynthFut =  78400
ATMStrike =  78000
AVG_OIPCR= 0.54
avgoiPCROld=  14.71
SUPP_RES = 78500
FUT LTP = 78376.0
CEchoi  PechOi = 1269180.0    108480.0
====================================
totalOIPCR = 0.84
AVG_VOLPCR= 0.5
atmPCR= 0.25  belowATM  0.31
atmVolPCR= 0.29  belowATM  0.47
True   78376.0   78500   False   False   42.11
curr Doji False
BSE:SENSEX2681378400PE  curr candle vol pcr = 0.29  PE= 129860  CE= 449580      cpr =  3.46
BSE:SENSEX2681378400PE  prev candle vol pcr = 0.26  PE= 91160  CE= 353140      cpr =  3.87
VOL_PRESSURE_ALERT: STRONG_CALL_PRESSURE | currCPR= 3.46  prevCPR= 3.87  Direction=BEARISH_SIGNAL (heavy CE buying = expecting down move)
ATM_CE_premium= 137.0  ATM_PE_premium= 428.35
CE_PremChg= -8.0  PE_PremChg= 8.35
CandleBody= -62.6  PrevBody= 28.6  CandleRange= 62.6  Bearish
TotalVol= 579440  PrevTotalVol= 444300  VolSpike= 1.3 x 
SCALP_SCORE: BEAR | BullScore= 0  BearScore= 3 | Confidence= MEDIUM
  SCALP_BEAR_REASONS: VolCPR_2candle_bear + StrongBearCandle(100%)
DATAPOINT|09:39|FUT=78376.0|Body=-62.6|PrevBody=28.6|Range=62.6|RangeRatio=0.91|CurrVolPCR=0.29|PrevVolPCR=0.26|CurrCPR=3.46|PrevCPR=3.87|VolSpike=1.3|CE_PremChg=-8.0|PE_PremChg=8.35|BullScore=0|BearScore=3|Dir=BEAR|Conf=MEDIUM
CHART_PATTERN_DETECTED: BEARISH_ENGULFING | STRONG_MOMENTUM_BEAR
  PATTERN_CONTEXT: Body= -62.6  Range= 62.6  ExpectedRange= 68.9  RangeRatio= 0.91  O= 78438.6  H= 78438.6  L= 78376.0  C= 78376.0
BSE:SENSEX-INDEX  strikecount= 3   fyers <fyers_apiv3.fyersModel.FyersModel object at 0x7b8d52f4acc0>
======================================
oipcr1 =  BSE:SENSEX2681378300PE   0.31
oipcr2 =  BSE:SENSEX2681378200CE   0.59
oipcr3 =  BSE:SENSEX2681378100PE   1.02
oipcrBull = NoEntry  bulcount= 1  bearcount= 2 oipcrBear= BearTrade
atmpcr5 pcr6= 1.95    4.43
No Entry Yet
India VIX = 11.71  Spot Price = 78053.51
IV Regime = LOW (ADAPTIVE: P25= 12.03  P50= 12.43  P75= 13.27 ) | DailyRange = 1305.7 | 3minCandleRange = 68.7 (theoretical= 114.5 ) | ATMoptionMove = 30.9 | SL = 108 | Target = 108 | TrailTrigger = 31 | Spread = 300 | Buffer = 27
IV Params refreshed: {'vix': 11.71, 'bn_price': 78053.51, 'regime': 'LOW', 'regime_thresholds': 'P25=12.03 P50=12.43 P75=13.27', 'daily_range': 1305.7, 'candle_range': 68.7, 'atm_option_move': 30.9, 'sl_point': 108, 'target_point': 108, 'sl_pct_of_premium': 0.1, 'trail_trigger': 31, 'spread_width': 300, 'support_resistance_buffer': 27}
BSE:SENSEX-INDEX  strikecount= 8   fyers <fyers_apiv3.fyersModel.FyersModel object at 0x7b8d52f4acc0>
===
====after 3 min ochain==== 2026-08-12 09:42:00.000421
                                    oipcr   choipcr   totalOI
pcr1 =  BSE:SENSEX2681378900CE   0.1   0.01 CALL added 338580   PUT added 2180  OI= 807360
pcr2 =  BSE:SENSEX2681378800PE   0.18   0.02 CALL added 485260   PUT added 7360  OI= 190120
pcr3 =  BSE:SENSEX2681378700PE   0.15   0.04 CALL added 488860   PUT added 18280  OI= 162280
pcr4 =  BSE:SENSEX2681378600CE   0.17   0.03 CALL added 446880   PUT added 14860  OI= 1139740
pcr5 =  BSE:SENSEX2681378500CE   0.21   0.08 CALL added 1322760   PUT added 103960  OI= 2783100
pcr6 =  BSE:SENSEX2681378400PE   0.25    0.18 CALL added 546960   PUT added 98380  OI= 260400
pcr7 =  BSE:SENSEX2681378300PE   0.32   0.22 CALL added 1123880   PUT added 246080  OI= 559240
pcr8 =  BSE:SENSEX2681378200CE   0.58   0.3 CALL added 970220   PUT added 294120  OI= 1775220
pcr9 =  BSE:SENSEX2681378100PE   0.96   0.74 CALL added 958540   PUT added 706260  OI= 1322780
pcr10 =  BSE:SENSEX2681378000CE   1.86   1.61 CALL added 1309400   PUT added 2110360  OI= 1662360
pcr11 =  BSE:SENSEX2681377900PE   4.1   4.14 CALL added 356460   PUT added 1475820  OI= 1732940
pcr12 =  BSE:SENSEX2681377800CE   6.91   7.32 CALL added 156260   PUT added 1143100  OI= 207040
pcr13 =  BSE:SENSEX2681377700PE   12.14   11.38 CALL added 54880   PUT added 624460  OI= 882840
pcr14 =  BSE:SENSEX2681377600CE   21.09   19.37 CALL added 32860   PUT added 636640  OI= 47600
pcr15 =  BSE:SENSEX2681377500CE   23.21   26.19 CALL added 36780   PUT added 963100  OI= 71640
pcr16 =  BSE:SENSEX2681377400CE   49.16   59.71 CALL added 6760   PUT added 403660  OI= 13740
pcr17 =  BSE:SENSEX2681377300PE   54.23   22.15 CALL added 5260   PUT added 116500  OI= 594320
pcrSummation= 4.68  result =  ['BSE:SENSEX2681378800PE', 'BSE:SENSEX2681378700PE', 'BSE:SENSEX2681378600CE', 'BSE:SENSEX2681378500CE', 'BSE:SENSEX2681378400PE', 'BSE:SENSEX2681378300PE', 'BSE:SENSEX2681378200CE', 'BSE:SENSEX2681378100PE', 'BSE:SENSEX2681378000CE']
PCRSUM== 175.62
pcrSummation== 4.68
VOLPCRSUM== 2.91
spotLTP =  78055.19  ATM_STRIKE =  78100
IS_ATM_STRIKE_SHIFT = True  mapStrike = {78100: 78100}
avgOiPcrList2 = [np.float64(10.33)] atmStrikeNotShiftedCount= 1
True   1   1
SUPP_RES=== 78500  Buffer= 27
CEoich val =  1322760.0  PEoich val =  103960.0 , CE > PE by 92.1%
SUPP_RES TOTAL OI: CE= 2783100  PE= 574880 , CE > PE by 79.3%
IS_MORNING_WINDOW= True  (active 9:15-9:48 IST)
================================================
==== signal check time ==== 2026-08-12 09:42:00.708668
IS_CHOI_DIFF_GT_25PERC== True
RSI_VAL1== 41.93
RSI_VAL2== 41.93
FUT_3m_OHLC O= 78376.0  H= 78376.0  L= 78347.0  C= 78373.8  Range= 29.0
CHART_PATTERN_DETECTED: HAMMER | DOUBLE_TOP_FORMING
  PATTERN_CONTEXT: Body= -2.1  Range= 29.0  ExpectedRange= 68.7  RangeRatio= 0.42  O= 78376.0  H= 78376.0  L= 78347.0  C= 78373.8
newSynthFut =  78400
ATMStrike =  78100
AVG_OIPCR= 0.52
avgoiPCROld=  10.33
SUPP_RES = 78500
FUT LTP = 78373.85
CEchoi  PechOi = 1322760.0    103960.0
====================================
totalOIPCR = 0.84
AVG_VOLPCR= 0.32
atmPCR= 0.21  belowATM  0.25
atmVolPCR= 0.18  belowATM  0.29
True   78373.85   78500   False   False   41.93
curr Doji False
BSE:SENSEX2681378300PE  curr candle vol pcr = 0.51  PE= 213180  CE= 417900      cpr =  1.96
BSE:SENSEX2681378400PE  prev candle vol pcr = 0.29  PE= 129860  CE= 449580      cpr =  3.46
VOL_PRESSURE_WATCH: SINGLE_CANDLE_CALL_PRESSURE | currCPR= 1.96  prevCPR= 3.46
ATM_CE_premium= 176.85  ATM_PE_premium= 353.4
CE_PremChg= 5.25  PE_PremChg= -11.0
CandleBody= -2.1  PrevBody= -62.6  CandleRange= 29.0  Bearish
TotalVol= 631080  PrevTotalVol= 579440  VolSpike= 1.09 x 
SCALP_SCORE: BEAR | BullScore= 0  BearScore= 2 | Confidence= LOW
DATAPOINT|09:42|FUT=78373.8|Body=-2.1|PrevBody=-62.6|Range=29.0|RangeRatio=0.42|CurrVolPCR=0.51|PrevVolPCR=0.29|CurrCPR=1.96|PrevCPR=3.46|VolSpike=1.09|CE_PremChg=5.25|PE_PremChg=-11.0|BullScore=0|BearScore=2|Dir=BEAR|Conf=LOW
CHART_PATTERN_DETECTED: HAMMER | DOUBLE_TOP_FORMING
  PATTERN_CONTEXT: Body= -2.1  Range= 29.0  ExpectedRange= 68.7  RangeRatio= 0.42  O= 78376.0  H= 78376.0  L= 78347.0  C= 78373.8
BSE:SENSEX-INDEX  strikecount= 3   fyers <fyers_apiv3.fyersModel.FyersModel object at 0x7b8d52f4acc0>
======================================
oipcr1 =  BSE:SENSEX2681378400PE   0.25
oipcr2 =  BSE:SENSEX2681378300PE   0.32
oipcr3 =  BSE:SENSEX2681378200CE   0.58
oipcrBull = NoEntry  bulcount= 0  bearcount= 3 oipcrBear= BearTrade
atmpcr5 pcr6= 0.96    1.86
No Entry Yet
India VIX = 11.71  Spot Price = 78028.96
IV Regime = LOW (ADAPTIVE: P25= 12.03  P50= 12.43  P75= 13.27 ) | DailyRange = 1305.3 | 3minCandleRange = 68.7 (theoretical= 114.5 ) | ATMoptionMove = 30.9 | SL = 108 | Target = 108 | TrailTrigger = 31 | Spread = 300 | Buffer = 27
IV Params refreshed: {'vix': 11.71, 'bn_price': 78028.96, 'regime': 'LOW', 'regime_thresholds': 'P25=12.03 P50=12.43 P75=13.27', 'daily_range': 1305.3, 'candle_range': 68.7, 'atm_option_move': 30.9, 'sl_point': 108, 'target_point': 108, 'sl_pct_of_premium': 0.1, 'trail_trigger': 31, 'spread_width': 300, 'support_resistance_buffer': 27}
BSE:SENSEX-INDEX  strikecount= 8   fyers <fyers_apiv3.fyersModel.FyersModel object at 0x7b8d52f4acc0>
===
====after 3 min ochain==== 2026-08-12 09:45:00.000004
                                    oipcr   choipcr   totalOI
pcr1 =  BSE:SENSEX2681378800PE   0.17   0.02 CALL added 493580   PUT added 7420  OI= 190180
pcr2 =  BSE:SENSEX2681378700PE   0.15   0.04 CALL added 494360   PUT added 19080  OI= 163080
pcr3 =  BSE:SENSEX2681378600CE   0.16   0.03 CALL added 459700   PUT added 15160  OI= 1152560
pcr4 =  BSE:SENSEX2681378500CE   0.2   0.08 CALL added 1365900   PUT added 106780  OI= 2826240
pcr5 =  BSE:SENSEX2681378400PE   0.24   0.17 CALL added 618020   PUT added 104860  OI= 266880
pcr6 =  BSE:SENSEX2681378300PE   0.33    0.23 CALL added 1136660   PUT added 265960  OI= 579120
pcr7 =  BSE:SENSEX2681378200CE   0.57   0.3 CALL added 1031800   PUT added 311740  OI= 1836800
pcr8 =  BSE:SENSEX2681378100PE   0.94   0.72 CALL added 1015380   PUT added 727500  OI= 1344020
pcr9 =  BSE:SENSEX2681378000CE   1.86   1.62 CALL added 1357300   PUT added 2199920  OI= 1710260
pcr10 =  BSE:SENSEX2681377900PE   4.06   4.09 CALL added 364680   PUT added 1492860  OI= 1749980
pcr11 =  BSE:SENSEX2681377800CE   6.75   7.08 CALL added 163380   PUT added 1157400  OI= 214160
pcr12 =  BSE:SENSEX2681377700PE   12.09   11.35 CALL added 57620   PUT added 653920  OI= 912300
pcr13 =  BSE:SENSEX2681377600CE   20.21   18.17 CALL added 34160   PUT added 620720  OI= 48900
pcr14 =  BSE:SENSEX2681377500CE   24.48   28.66 CALL added 36760   PUT added 1053620  OI= 71620
pcr15 =  BSE:SENSEX2681377400CE   46.48   52.93 CALL added 8160   PUT added 431880  OI= 15140
pcr16 =  BSE:SENSEX2681377300PE   51.09   22.55 CALL added 6540   PUT added 147500  OI= 625320
pcr17 =  BSE:SENSEX2681377200PE   68.17   79.26 CALL added 5560   PUT added 440660  OI= 804400
pcrSummation= 4.62  result =  ['BSE:SENSEX2681378800PE', 'BSE:SENSEX2681378700PE', 'BSE:SENSEX2681378600CE', 'BSE:SENSEX2681378500CE', 'BSE:SENSEX2681378400PE', 'BSE:SENSEX2681378300PE', 'BSE:SENSEX2681378200CE', 'BSE:SENSEX2681378100PE', 'BSE:SENSEX2681378000CE']
PCRSUM== 237.95
pcrSummation== 4.62
VOLPCRSUM== 4.52
spotLTP =  78028.96  ATM_STRIKE =  78000
IS_ATM_STRIKE_SHIFT = True  mapStrike = {78000: 78000}
avgOiPcrList2 = [np.float64(14.0)] atmStrikeNotShiftedCount= 1
True   1   1
SUPP_RES=== 78500  Buffer= 27
CEoich val =  1365900.0  PEoich val =  106780.0 , CE > PE by 92.2%
SUPP_RES TOTAL OI: CE= 2826240  PE= 577700 , CE > PE by 79.6%
IS_MORNING_WINDOW= True  (active 9:15-9:48 IST)
================================================
==== signal check time ==== 2026-08-12 09:45:00.700338
IS_CHOI_DIFF_GT_25PERC== True
RSI_VAL1== 41.93
RSI_VAL2== 41.93
FUT_3m_OHLC O= 78373.8  H= 78373.8  L= 78373.8  C= 78373.8  Range= 0.0
CHART_PATTERN_DETECTED: INSIDE_BAR
  PATTERN_CONTEXT: Body= 0.0  Range= 0.0  ExpectedRange= 68.7  RangeRatio= 0.0  O= 78373.8  H= 78373.8  L= 78373.8  C= 78373.8
newSynthFut =  78400
ATMStrike =  78000
AVG_OIPCR= 0.51
avgoiPCROld=  14.0
SUPP_RES = 78500
FUT LTP = 78373.85
CEchoi  PechOi = 1365900.0    106780.0
====================================
totalOIPCR = 0.84
AVG_VOLPCR= 0.5
atmPCR= 0.24  belowATM  0.33
atmVolPCR= 0.28  belowATM  0.48
True   78373.85   78500   False   False   41.93
curr Doji False
BSE:SENSEX2681378300PE  curr candle vol pcr = 0.64  PE= 228200  CE= 357400      cpr =  1.57
BSE:SENSEX2681378300PE  prev candle vol pcr = 0.51  PE= 213180  CE= 417900      cpr =  1.96
ATM_CE_premium= 168.85  ATM_PE_premium= 362.3
CE_PremChg= -8.0  PE_PremChg= 8.9
CandleBody= 0.0  PrevBody= -2.1  CandleRange= 0.0  Doji
TotalVol= 585600  PrevTotalVol= 631080  VolSpike= 0.93 x 
SCALP_SCORE: BEAR | BullScore= 0  BearScore= 1 | Confidence= LOW
DATAPOINT|09:45|FUT=78373.8|Body=0.0|PrevBody=-2.1|Range=0.0|RangeRatio=0.0|CurrVolPCR=0.64|PrevVolPCR=0.51|CurrCPR=1.57|PrevCPR=1.96|VolSpike=0.93|CE_PremChg=-8.0|PE_PremChg=8.9|BullScore=0|BearScore=1|Dir=BEAR|Conf=LOW
CHART_PATTERN_DETECTED: INSIDE_BAR
  PATTERN_CONTEXT: Body= 0.0  Range= 0.0  ExpectedRange= 68.7  RangeRatio= 0.0  O= 78373.8  H= 78373.8  L= 78373.8  C= 78373.8
BSE:SENSEX-INDEX  strikecount= 3   fyers <fyers_apiv3.fyersModel.FyersModel object at 0x7b8d52f4acc0>
======================================
oipcr1 =  BSE:SENSEX2681378300PE   0.33
oipcr2 =  BSE:SENSEX2681378200CE   0.57
oipcr3 =  BSE:SENSEX2681378100PE   0.94
oipcrBull = NoEntry  bulcount= 0  bearcount= 3 oipcrBear= BearTrade
atmpcr5 pcr6= 1.86    4.06
No Entry Yet
India VIX = 11.73  Spot Price = 77954.63
IV Regime = LOW (ADAPTIVE: P25= 12.03  P50= 12.43  P75= 13.27 ) | DailyRange = 1306.3 | 3minCandleRange = 68.7 (theoretical= 114.6 ) | ATMoptionMove = 30.9 | SL = 108 | Target = 108 | TrailTrigger = 31 | Spread = 300 | Buffer = 27
IV Params refreshed: {'vix': 11.73, 'bn_price': 77954.63, 'regime': 'LOW', 'regime_thresholds': 'P25=12.03 P50=12.43 P75=13.27', 'daily_range': 1306.3, 'candle_range': 68.7, 'atm_option_move': 30.9, 'sl_point': 108, 'target_point': 108, 'sl_pct_of_premium': 0.1, 'trail_trigger': 31, 'spread_width': 300, 'support_resistance_buffer': 27}
BSE:SENSEX-INDEX  strikecount= 8   fyers <fyers_apiv3.fyersModel.FyersModel object at 0x7b8d52f4acc0>
===
====after 3 min ochain==== 2026-08-12 09:48:00.000001
                                    oipcr   choipcr   totalOI
pcr1 =  BSE:SENSEX2681378800PE   0.17   0.01 CALL added 533440   PUT added 7060  OI= 189820
pcr2 =  BSE:SENSEX2681378700PE   0.15   0.03 CALL added 524020   PUT added 17280  OI= 161280
pcr3 =  BSE:SENSEX2681378600CE   0.16   0.03 CALL added 494900   PUT added 13300  OI= 1187760
pcr4 =  BSE:SENSEX2681378500CE   0.2   0.07 CALL added 1425680   PUT added 102580  OI= 2886020
pcr5 =  BSE:SENSEX2681378400PE   0.24   0.16 CALL added 623560   PUT added 98360  OI= 260380
pcr6 =  BSE:SENSEX2681378300PE   0.31    0.2 CALL added 1147540   PUT added 229020  OI= 542180
pcr7 =  BSE:SENSEX2681378200CE   0.55   0.27 CALL added 1068700   PUT added 290980  OI= 1873700
pcr8 =  BSE:SENSEX2681378100PE   0.91   0.68 CALL added 1080260   PUT added 739180  OI= 1355700
pcr9 =  BSE:SENSEX2681378000CE   1.76   1.51 CALL added 1454440   PUT added 2202440  OI= 1807400
pcr10 =  BSE:SENSEX2681377900PE   4.07   4.11 CALL added 368660   PUT added 1513720  OI= 1770840
pcr11 =  BSE:SENSEX2681377800CE   6.79   7.14 CALL added 161240   PUT added 1151040  OI= 212020
pcr12 =  BSE:SENSEX2681377700PE   11.46   10.6 CALL added 63520   PUT added 673620  OI= 932000
pcr13 =  BSE:SENSEX2681377600CE   19.5   17.34 CALL added 36980   PUT added 641180  OI= 51720
pcr14 =  BSE:SENSEX2681377500CE   23.49   26.45 CALL added 40440   PUT added 1069600  OI= 75300
pcr15 =  BSE:SENSEX2681377400CE   47.93   55.3 CALL added 8520   PUT added 471140  OI= 15500
pcr16 =  BSE:SENSEX2681377300PE   42.4   17.44 CALL added 9460   PUT added 165020  OI= 642840
pcr17 =  BSE:SENSEX2681377200PE   69.16   81.18 CALL added 5640   PUT added 457840  OI= 821580
pcrSummation= 8.350000000000001  result =  ['BSE:SENSEX2681378700PE', 'BSE:SENSEX2681378600CE', 'BSE:SENSEX2681378500CE', 'BSE:SENSEX2681378400PE', 'BSE:SENSEX2681378300PE', 'BSE:SENSEX2681378200CE', 'BSE:SENSEX2681378100PE', 'BSE:SENSEX2681378000CE', 'BSE:SENSEX2681377900PE']
PCRSUM== 229.25
pcrSummation== 8.35
VOLPCRSUM== 4.630000000000001
spotLTP =  77954.63  ATM_STRIKE =  78000
IS_ATM_STRIKE_SHIFT = False  mapStrike = {78000: 78000}
avgOiPcrList2 = [np.float64(14.0), np.float64(13.49)] atmStrikeNotShiftedCount= 2
False   2   2
SUPP_RES=== 78500  Buffer= 27
CEoich val =  1425680.0  PEoich val =  102580.0 , CE > PE by 92.8%
SUPP_RES TOTAL OI: CE= 2886020  PE= 573500 , CE > PE by 80.1%
IS_MORNING_WINDOW= False  (active 9:15-9:48 IST)
================================================
==== signal check time ==== 2026-08-12 09:48:00.689717
IS_CHOI_DIFF_GT_25PERC== True
RSI_VAL1== 35.92
RSI_VAL2== 35.92
FUT_3m_OHLC O= 78350.0  H= 78367.6  L= 78300.0  C= 78300.0  Range= 67.6
CHART_PATTERN_DETECTED: STRONG_MOMENTUM_BEAR
  PATTERN_CONTEXT: Body= -50.1  Range= 67.6  ExpectedRange= 68.7  RangeRatio= 0.98  O= 78350.0  H= 78367.6  L= 78300.0  C= 78300.0
newSynthFut =  78300
ATMStrike =  78000
AVG_OIPCR= 0.93
avgoiPCROld=  13.49
SUPP_RES = 78500
FUT LTP = 78300.0
CEchoi  PechOi = 1425680.0    102580.0
====================================
totalOIPCR = 0.84
AVG_VOLPCR= 0.51
atmPCR= 0.24  belowATM  0.31
atmVolPCR= 0.29  belowATM  0.5
True   78300.0   78500   False   False   35.92
curr Doji False
BSE:SENSEX2681378300PE  curr candle vol pcr = 0.66  PE= 442040  CE= 666640      cpr =  1.51
BSE:SENSEX2681378300PE  prev candle vol pcr = 0.64  PE= 228200  CE= 357400      cpr =  1.57
ATM_CE_premium= 142.15  ATM_PE_premium= 404.35
CE_PremChg= -26.7  PE_PremChg= 42.05
CandleBody= -50.1  PrevBody= 0.0  CandleRange= 67.6  Bearish
TotalVol= 1108680  PrevTotalVol= 585600  VolSpike= 1.89 x 
SCALP_SCORE: BEAR | BullScore= 1  BearScore= 3 | Confidence= MEDIUM
  SCALP_BEAR_REASONS: VolCPR_curr_bear + StrongBearCandle(74%) + VolRise(1.89x)_bear
DATAPOINT|09:48|FUT=78300.0|Body=-50.1|PrevBody=0.0|Range=67.6|RangeRatio=0.98|CurrVolPCR=0.66|PrevVolPCR=0.64|CurrCPR=1.51|PrevCPR=1.57|VolSpike=1.89|CE_PremChg=-26.7|PE_PremChg=42.05|BullScore=1|BearScore=3|Dir=BEAR|Conf=MEDIUM
CHART_PATTERN_DETECTED: STRONG_MOMENTUM_BEAR
  PATTERN_CONTEXT: Body= -50.1  Range= 67.6  ExpectedRange= 68.7  RangeRatio= 0.98  O= 78350.0  H= 78367.6  L= 78300.0  C= 78300.0
BSE:SENSEX-INDEX  strikecount= 3   fyers <fyers_apiv3.fyersModel.FyersModel object at 0x7b8d52f4acc0>
======================================
oipcr1 =  BSE:SENSEX2681378300PE   0.31
oipcr2 =  BSE:SENSEX2681378200CE   0.55
oipcr3 =  BSE:SENSEX2681378100PE   0.91
oipcrBull = NoEntry  bulcount= 0  bearcount= 3 oipcrBear= BearTrade
atmpcr5 pcr6= 1.76    4.07
No Entry Yet
India VIX = 11.8  Spot Price = 77916.47
IV Regime = LOW (ADAPTIVE: P25= 12.03  P50= 12.43  P75= 13.27 ) | DailyRange = 1313.4 | 3minCandleRange = 69.1 (theoretical= 115.2 ) | ATMoptionMove = 31.1 | SL = 109 | Target = 109 | TrailTrigger = 31 | Spread = 300 | Buffer = 28
IV Params refreshed: {'vix': 11.8, 'bn_price': 77916.47, 'regime': 'LOW', 'regime_thresholds': 'P25=12.03 P50=12.43 P75=13.27', 'daily_range': 1313.4, 'candle_range': 69.1, 'atm_option_move': 31.1, 'sl_point': 109, 'target_point': 109, 'sl_pct_of_premium': 0.1, 'trail_trigger': 31, 'spread_width': 300, 'support_resistance_buffer': 28}
BSE:SENSEX-INDEX  strikecount= 8   fyers <fyers_apiv3.fyersModel.FyersModel object at 0x7b8d52f4acc0>
===
====after 3 min ochain==== 2026-08-12 09:51:00.000001
                                    oipcr   choipcr   totalOI
pcr1 =  BSE:SENSEX2681378700PE   0.14   0.03 CALL added 535000   PUT added 13400  OI= 157400
pcr2 =  BSE:SENSEX2681378600CE   0.15   0.01 CALL added 533600   PUT added 7460  OI= 1226460
pcr3 =  BSE:SENSEX2681378500CE   0.18   0.05 CALL added 1567240   PUT added 82600  OI= 3027580
pcr4 =  BSE:SENSEX2681378400PE   0.22   0.14 CALL added 649820   PUT added 88260  OI= 250280
pcr5 =  BSE:SENSEX2681378300PE   0.27   0.15 CALL added 1195280   PUT added 175300  OI= 488460
pcr6 =  BSE:SENSEX2681378200CE   0.43    0.09 CALL added 1164200   PUT added 106960  OI= 1969200
pcr7 =  BSE:SENSEX2681378100PE   0.75   0.49 CALL added 1162940   PUT added 568360  OI= 1184880
pcr8 =  BSE:SENSEX2681378000CE   1.39   1.1 CALL added 1736460   PUT added 1911160  OI= 2089420
pcr9 =  BSE:SENSEX2681377900PE   3.03   2.91 CALL added 462460   PUT added 1346040  OI= 1603160
pcr10 =  BSE:SENSEX2681377800CE   5.49   5.44 CALL added 193960   PUT added 1055360  OI= 244740
pcr11 =  BSE:SENSEX2681377700PE   8.42   7.18 CALL added 87620   PUT added 629260  OI= 887640
pcr12 =  BSE:SENSEX2681377600CE   15.17   12.22 CALL added 48680   PUT added 594920  OI= 63420
pcr13 =  BSE:SENSEX2681377500CE   18.69   17.9 CALL added 60200   PUT added 1077640  OI= 95060
pcr14 =  BSE:SENSEX2681377400CE   37.73   37.02 CALL added 12020   PUT added 445040  OI= 19000
pcr15 =  BSE:SENSEX2681377300PE   36.56   12.93 CALL added 11400   PUT added 147440  OI= 625260
pcr16 =  BSE:SENSEX2681377200PE   68.5   79.45 CALL added 5820   PUT added 462380  OI= 826120
pcr17 =  BSE:SENSEX2681377100CE   122.46   -567.56 CALL unwind -360   PUT added 204320  OI= 3500
pcrSummation= 6.5600000000000005  result =  ['BSE:SENSEX2681378700PE', 'BSE:SENSEX2681378600CE', 'BSE:SENSEX2681378500CE', 'BSE:SENSEX2681378400PE', 'BSE:SENSEX2681378300PE', 'BSE:SENSEX2681378200CE', 'BSE:SENSEX2681378100PE', 'BSE:SENSEX2681378000CE', 'BSE:SENSEX2681377900PE']
PCRSUM== 319.58
pcrSummation== 6.56
VOLPCRSUM== 7.369999999999999
spotLTP =  77916.47  ATM_STRIKE =  77900
IS_ATM_STRIKE_SHIFT = True  mapStrike = {77900: 77900}
avgOiPcrList2 = [np.float64(18.8)] atmStrikeNotShiftedCount= 1
True   1   1
SUPP_RES=== 78500  Buffer= 28
CEoich val =  1567240.0  PEoich val =  82600.0 , CE > PE by 94.7%
SUPP_RES TOTAL OI: CE= 3027580  PE= 553520 , CE > PE by 81.7%
IS_MORNING_WINDOW= False  (active 9:15-9:48 IST)
================================================
==== signal check time ==== 2026-08-12 09:51:00.706109
IS_CHOI_DIFF_GT_25PERC== True
RSI_VAL1== 35.85
RSI_VAL2== 35.85
FUT_3m_OHLC O= 78300.0  H= 78318.8  L= 78299.0  C= 78299.0  Range= 19.9
CHART_PATTERN_DETECTED: SHOOTING_STAR | DOUBLE_TOP_FORMING | DOUBLE_BOTTOM_FORMING
  PATTERN_CONTEXT: Body= -1.0  Range= 19.9  ExpectedRange= 69.1  RangeRatio= 0.29  O= 78300.0  H= 78318.8  L= 78299.0  C= 78299.0
newSynthFut =  78300
ATMStrike =  77900
AVG_OIPCR= 0.73
avgoiPCROld=  18.8
SUPP_RES = 78500
FUT LTP = 78299.0
CEchoi  PechOi = 1567240.0    82600.0
====================================
totalOIPCR = 0.78
AVG_VOLPCR= 0.82
atmPCR= 0.27  belowATM  0.43
atmVolPCR= 0.51  belowATM  0.76
True   78299.0   78500   False   False   35.85
curr Doji False
BSE:SENSEX2681378300PE  curr candle vol pcr = 0.68  PE= 333520  CE= 487720      cpr =  1.46
BSE:SENSEX2681378300PE  prev candle vol pcr = 0.66  PE= 442040  CE= 666640      cpr =  1.51
ATM_CE_premium= 132.85  ATM_PE_premium= 427.15
CE_PremChg= -9.3  PE_PremChg= 22.8
CandleBody= -1.0  PrevBody= -50.1  CandleRange= 19.9  Bearish
TotalVol= 821240  PrevTotalVol= 1108680  VolSpike= 0.74 x 
SCALP_SCORE: BEAR | BullScore= 0  BearScore= 1 | Confidence= LOW
DATAPOINT|09:51|FUT=78299.0|Body=-1.0|PrevBody=-50.1|Range=19.9|RangeRatio=0.29|CurrVolPCR=0.68|PrevVolPCR=0.66|CurrCPR=1.46|PrevCPR=1.51|VolSpike=0.74|CE_PremChg=-9.3|PE_PremChg=22.8|BullScore=0|BearScore=1|Dir=BEAR|Conf=LOW
CHART_PATTERN_DETECTED: SHOOTING_STAR | DOUBLE_TOP_FORMING | DOUBLE_BOTTOM_FORMING
  PATTERN_CONTEXT: Body= -1.0  Range= 19.9  ExpectedRange= 69.1  RangeRatio= 0.29  O= 78300.0  H= 78318.8  L= 78299.0  C= 78299.0
BSE:SENSEX-INDEX  strikecount= 3   fyers <fyers_apiv3.fyersModel.FyersModel object at 0x7b8d52f4acc0>
======================================
oipcr1 =  BSE:SENSEX2681378200CE   0.43
oipcr2 =  BSE:SENSEX2681378100PE   0.75
oipcr3 =  BSE:SENSEX2681378000CE   1.39
oipcrBull = NoEntry  bulcount= 1  bearcount= 2 oipcrBear= BearTrade
atmpcr5 pcr6= 3.03    5.49
No Entry Yet
India VIX = 11.71  Spot Price = 77966.05
IV Regime = LOW (ADAPTIVE: P25= 12.03  P50= 12.43  P75= 13.27 ) | DailyRange = 1304.3 | 3minCandleRange = 68.6 (theoretical= 114.4 ) | ATMoptionMove = 30.9 | SL = 108 | Target = 108 | TrailTrigger = 31 | Spread = 300 | Buffer = 27
IV Params refreshed: {'vix': 11.71, 'bn_price': 77966.05, 'regime': 'LOW', 'regime_thresholds': 'P25=12.03 P50=12.43 P75=13.27', 'daily_range': 1304.3, 'candle_range': 68.6, 'atm_option_move': 30.9, 'sl_point': 108, 'target_point': 108, 'sl_pct_of_premium': 0.1, 'trail_trigger': 31, 'spread_width': 300, 'support_resistance_buffer': 27}
BSE:SENSEX-INDEX  strikecount= 8   fyers <fyers_apiv3.fyersModel.FyersModel object at 0x7b8d52f4acc0>
===
====after 3 min ochain==== 2026-08-12 09:54:00.000087
                                    oipcr   choipcr   totalOI
pcr1 =  BSE:SENSEX2681378800PE   0.16   0.0 CALL added 526600   PUT added 140  OI= 182900
pcr2 =  BSE:SENSEX2681378700PE   0.14   0.02 CALL added 567780   PUT added 14100  OI= 158100
pcr3 =  BSE:SENSEX2681378600CE   0.15   0.02 CALL added 514820   PUT added 8200  OI= 1207680
pcr4 =  BSE:SENSEX2681378500CE   0.17   0.03 CALL added 1620700   PUT added 52220  OI= 3081040
pcr5 =  BSE:SENSEX2681378400PE   0.2   0.1 CALL added 722820   PUT added 75740  OI= 237760
pcr6 =  BSE:SENSEX2681378300PE   0.26    0.13 CALL added 1238520   PUT added 162880  OI= 476040
pcr7 =  BSE:SENSEX2681378200CE   0.39   0.05 CALL added 1243580   PUT added 61840  OI= 2048580
pcr8 =  BSE:SENSEX2681378100PE   0.65   0.37 CALL added 1248960   PUT added 463860  OI= 1080380
pcr9 =  BSE:SENSEX2681378000CE   1.14   0.85 CALL added 2004280   PUT added 1712440  OI= 2357240
pcr10 =  BSE:SENSEX2681377900PE   2.47   2.31 CALL added 576580   PUT added 1331040  OI= 1588160
pcr11 =  BSE:SENSEX2681377800CE   4.28   4.0 CALL added 253560   PUT added 1015260  OI= 304340
pcr12 =  BSE:SENSEX2681377700PE   6.89   5.62 CALL added 107080   PUT added 601900  OI= 860280
pcr13 =  BSE:SENSEX2681377600CE   13.4   10.41 CALL added 56840   PUT added 591880  OI= 71580
pcr14 =  BSE:SENSEX2681377500CE   16.41   14.71 CALL added 75060   PUT added 1104400  OI= 109920
pcr15 =  BSE:SENSEX2681377400CE   34.23   31.84 CALL added 13760   PUT added 438160  OI= 20740
pcr16 =  BSE:SENSEX2681377300PE   36.42   14.16 CALL added 12140   PUT added 171960  OI= 649780
pcr17 =  BSE:SENSEX2681377200PE   69.08   80.33 CALL added 5980   PUT added 480360  OI= 844100
pcrSummation= 5.57  result =  ['BSE:SENSEX2681378700PE', 'BSE:SENSEX2681378600CE', 'BSE:SENSEX2681378500CE', 'BSE:SENSEX2681378400PE', 'BSE:SENSEX2681378300PE', 'BSE:SENSEX2681378200CE', 'BSE:SENSEX2681378100PE', 'BSE:SENSEX2681378000CE', 'BSE:SENSEX2681377900PE']
PCRSUM== 186.44
pcrSummation== 5.57
VOLPCRSUM== 4.65
spotLTP =  77966.05  ATM_STRIKE =  78000
IS_ATM_STRIKE_SHIFT = True  mapStrike = {78000: 78000}
avgOiPcrList2 = [np.float64(10.97)] atmStrikeNotShiftedCount= 1
True   1   1
SUPP_RES=== 78500  Buffer= 27
CEoich val =  1620700.0  PEoich val =  52220.0 , CE > PE by 96.8%
SUPP_RES TOTAL OI: CE= 3081040  PE= 523140 , CE > PE by 83.0%
IS_MORNING_WINDOW= False  (active 9:15-9:48 IST)
================================================
==== signal check time ==== 2026-08-12 09:54:00.706111
IS_CHOI_DIFF_GT_25PERC== True
RSI_VAL1== 41.15
RSI_VAL2== 41.15
FUT_3m_OHLC O= 78299.0  H= 78339.2  L= 78299.0  C= 78339.2  Range= 40.1
CHART_PATTERN_DETECTED: BULLISH_ENGULFING | MORNING_STAR | DOUBLE_BOTTOM_FORMING
  PATTERN_CONTEXT: Body= 40.1  Range= 40.1  ExpectedRange= 68.6  RangeRatio= 0.58  O= 78299.0  H= 78339.2  L= 78299.0  C= 78339.2
newSynthFut =  78300
ATMStrike =  78000
AVG_OIPCR= 0.62
avgoiPCROld=  10.97
SUPP_RES = 78500
FUT LTP = 78339.15
CEchoi  PechOi = 1620700.0    52220.0
====================================
totalOIPCR = 0.74
AVG_VOLPCR= 0.52
atmPCR= 0.2  belowATM  0.26
atmVolPCR= 0.3  belowATM  0.5
True   78339.15   78500   False   False   41.15
curr Doji False
BSE:SENSEX2681378200PE  curr candle vol pcr = 0.56  PE= 306740  CE= 547580      cpr =  1.79
BSE:SENSEX2681378300PE  prev candle vol pcr = 0.68  PE= 333520  CE= 487720      cpr =  1.46
ATM_CE_premium= 182.9  ATM_PE_premium= 333.25
CE_PremChg= 15.85  PE_PremChg= -29.7
CandleBody= 40.1  PrevBody= -1.0  CandleRange= 40.1  Bullish
TotalVol= 854320  PrevTotalVol= 821240  VolSpike= 1.04 x 
SCALP_SCORE: BEAR | BullScore= 1  BearScore= 2 | Confidence= LOW
DATAPOINT|09:54|FUT=78339.2|Body=40.1|PrevBody=-1.0|Range=40.1|RangeRatio=0.58|CurrVolPCR=0.56|PrevVolPCR=0.68|CurrCPR=1.79|PrevCPR=1.46|VolSpike=1.04|CE_PremChg=15.85|PE_PremChg=-29.7|BullScore=1|BearScore=2|Dir=BEAR|Conf=LOW
CHART_PATTERN_DETECTED: BULLISH_ENGULFING | MORNING_STAR | DOUBLE_BOTTOM_FORMING
  PATTERN_CONTEXT: Body= 40.1  Range= 40.1  ExpectedRange= 68.6  RangeRatio= 0.58  O= 78299.0  H= 78339.2  L= 78299.0  C= 78339.2
BSE:SENSEX-INDEX  strikecount= 3   fyers <fyers_apiv3.fyersModel.FyersModel object at 0x7b8d52f4acc0>
======================================
oipcr1 =  BSE:SENSEX2681378300PE   0.26
oipcr2 =  BSE:SENSEX2681378200CE   0.39
oipcr3 =  BSE:SENSEX2681378100PE   0.65
oipcrBull = NoEntry  bulcount= 0  bearcount= 3 oipcrBear= BearTrade
atmpcr5 pcr6= 1.14    2.47
No Entry Yet
India VIX = 11.74  Spot Price = 77950.23
IV Regime = LOW (ADAPTIVE: P25= 12.03  P50= 12.43  P75= 13.27 ) | DailyRange = 1307.3 | 3minCandleRange = 68.8 (theoretical= 114.7 ) | ATMoptionMove = 31.0 | SL = 108 | Target = 108 | TrailTrigger = 31 | Spread = 300 | Buffer = 28
IV Params refreshed: {'vix': 11.74, 'bn_price': 77950.23, 'regime': 'LOW', 'regime_thresholds': 'P25=12.03 P50=12.43 P75=13.27', 'daily_range': 1307.3, 'candle_range': 68.8, 'atm_option_move': 31.0, 'sl_point': 108, 'target_point': 108, 'sl_pct_of_premium': 0.1, 'trail_trigger': 31, 'spread_width': 300, 'support_resistance_buffer': 28}
BSE:SENSEX-INDEX  strikecount= 8   fyers <fyers_apiv3.fyersModel.FyersModel object at 0x7b8d52f4acc0>
===
====after 3 min ochain==== 2026-08-12 09:57:00.000039
                                    oipcr   choipcr   totalOI
pcr1 =  BSE:SENSEX2681378800PE   0.16   0.0 CALL added 538220   PUT added 400  OI= 183160
pcr2 =  BSE:SENSEX2681378700PE   0.13   0.02 CALL added 612440   PUT added 14580  OI= 158580
pcr3 =  BSE:SENSEX2681378600CE   0.15   0.01 CALL added 521240   PUT added 7440  OI= 1214100
pcr4 =  BSE:SENSEX2681378500CE   0.16   0.03 CALL added 1686060   PUT added 44200  OI= 3146400
pcr5 =  BSE:SENSEX2681378400PE   0.2   0.1 CALL added 743320   PUT added 76520  OI= 238540
pcr6 =  BSE:SENSEX2681378300PE   0.24    0.12 CALL added 1324800   PUT added 156980  OI= 470140
pcr7 =  BSE:SENSEX2681378200CE   0.38   0.04 CALL added 1291900   PUT added 50160  OI= 2096900
pcr8 =  BSE:SENSEX2681378100PE   0.62   0.34 CALL added 1274120   PUT added 438120  OI= 1054640
pcr9 =  BSE:SENSEX2681378000CE   1.09   0.81 CALL added 2152120   PUT added 1750760  OI= 2505080
pcr10 =  BSE:SENSEX2681377900PE   2.36   2.2 CALL added 663140   PUT added 1461680  OI= 1718800
pcr11 =  BSE:SENSEX2681377800CE   3.94   3.63 CALL added 284400   PUT added 1033720  OI= 335180
pcr12 =  BSE:SENSEX2681377700PE   6.76   5.62 CALL added 120440   PUT added 676840  OI= 935220
pcr13 =  BSE:SENSEX2681377600CE   12.55   9.79 CALL added 65860   PUT added 644480  OI= 80600
pcr14 =  BSE:SENSEX2681377500CE   16.3   14.68 CALL added 80760   PUT added 1185380  OI= 115620
pcr15 =  BSE:SENSEX2681377400CE   35.14   33.3 CALL added 14400   PUT added 479560  OI= 21380
pcr16 =  BSE:SENSEX2681377300PE   35.01   14.76 CALL added 13740   PUT added 202760  OI= 680580
pcr17 =  BSE:SENSEX2681377200PE   69.99   82.32 CALL added 5920   PUT added 487320  OI= 851060
pcrSummation= 5.33  result =  ['BSE:SENSEX2681378700PE', 'BSE:SENSEX2681378600CE', 'BSE:SENSEX2681378500CE', 'BSE:SENSEX2681378400PE', 'BSE:SENSEX2681378300PE', 'BSE:SENSEX2681378200CE', 'BSE:SENSEX2681378100PE', 'BSE:SENSEX2681378000CE', 'BSE:SENSEX2681377900PE']
PCRSUM== 185.18
pcrSummation== 5.33
VOLPCRSUM== 4.61
spotLTP =  77947.98  ATM_STRIKE =  77900
IS_ATM_STRIKE_SHIFT = True  mapStrike = {77900: 77900}
avgOiPcrList2 = [np.float64(10.89)] atmStrikeNotShiftedCount= 1
True   1   1
SUPP_RES=== 78500  Buffer= 28
CEoich val =  1686060.0  PEoich val =  44200.0 , CE > PE by 97.4%
SUPP_RES TOTAL OI: CE= 3146400  PE= 515120 , CE > PE by 83.6%
IS_MORNING_WINDOW= False  (active 9:15-9:48 IST)
================================================
==== signal check time ==== 2026-08-12 09:57:00.696813
IS_CHOI_DIFF_GT_25PERC== True
RSI_VAL1== 38.82
RSI_VAL2== 38.82
FUT_3m_OHLC O= 78339.2  H= 78339.2  L= 78312.1  C= 78312.1  Range= 27.0
CHART_PATTERN_DETECTED: INSIDE_BAR | DOUBLE_BOTTOM_FORMING
  PATTERN_CONTEXT: Body= -27.0  Range= 27.0  ExpectedRange= 68.8  RangeRatio= 0.39  O= 78339.2  H= 78339.2  L= 78312.1  C= 78312.1
newSynthFut =  78300
ATMStrike =  77900
AVG_OIPCR= 0.59
avgoiPCROld=  10.89
SUPP_RES = 78500
FUT LTP = 78312.1
CEchoi  PechOi = 1686060.0    44200.0
====================================
totalOIPCR = 0.74
AVG_VOLPCR= 0.51
atmPCR= 0.2  belowATM  0.24
atmVolPCR= 0.29  belowATM  0.5
True   78312.1   78500   False   False   38.82
curr Doji False
BSE:SENSEX2681378300PE  curr candle vol pcr = 0.4  PE= 105420  CE= 264840      cpr =  2.51
BSE:SENSEX2681378200PE  prev candle vol pcr = 0.56  PE= 306740  CE= 547580      cpr =  1.79
VOL_PRESSURE_WATCH: SINGLE_CANDLE_CALL_PRESSURE | currCPR= 2.51  prevCPR= 1.79
ATM_CE_premium= 135.9  ATM_PE_premium= 418.0
CE_PremChg= -10.35  PE_PremChg= 21.4
CandleBody= -27.0  PrevBody= 40.1  CandleRange= 27.0  Bearish
TotalVol= 370260  PrevTotalVol= 854320  VolSpike= 0.43 x 
SCALP_SCORE: BEAR | BullScore= 1  BearScore= 2 | Confidence= LOW
DATAPOINT|09:57|FUT=78312.1|Body=-27.0|PrevBody=40.1|Range=27.0|RangeRatio=0.39|CurrVolPCR=0.4|PrevVolPCR=0.56|CurrCPR=2.51|PrevCPR=1.79|VolSpike=0.43|CE_PremChg=-10.35|PE_PremChg=21.4|BullScore=1|BearScore=2|Dir=BEAR|Conf=LOW
CHART_PATTERN_DETECTED: INSIDE_BAR | DOUBLE_BOTTOM_FORMING
  PATTERN_CONTEXT: Body= -27.0  Range= 27.0  ExpectedRange= 68.8  RangeRatio= 0.39  O= 78339.2  H= 78339.2  L= 78312.1  C= 78312.1
BSE:SENSEX-INDEX  strikecount= 3   fyers <fyers_apiv3.fyersModel.FyersModel object at 0x7b8d52f4acc0>
======================================
oipcr1 =  BSE:SENSEX2681378200CE   0.38
oipcr2 =  BSE:SENSEX2681378100PE   0.62
oipcr3 =  BSE:SENSEX2681378000CE   1.09
oipcrBull = NoEntry  bulcount= 1  bearcount= 2 oipcrBear= BearTrade
atmpcr5 pcr6= 2.36    3.94
No Entry Yet
India VIX = 11.79  Spot Price = 77880.08
IV Regime = LOW (ADAPTIVE: P25= 12.03  P50= 12.43  P75= 13.27 ) | DailyRange = 1311.7 | 3minCandleRange = 69.0 (theoretical= 115.0 ) | ATMoptionMove = 31.1 | SL = 109 | Target = 109 | TrailTrigger = 31 | Spread = 300 | Buffer = 28
IV Params refreshed: {'vix': 11.79, 'bn_price': 77880.08, 'regime': 'LOW', 'regime_thresholds': 'P25=12.03 P50=12.43 P75=13.27', 'daily_range': 1311.7, 'candle_range': 69.0, 'atm_option_move': 31.1, 'sl_point': 109, 'target_point': 109, 'sl_pct_of_premium': 0.1, 'trail_trigger': 31, 'spread_width': 300, 'support_resistance_buffer': 28}
BSE:SENSEX-INDEX  strikecount= 8   fyers <fyers_apiv3.fyersModel.FyersModel object at 0x7b8d52f4acc0>
===
====after 3 min ochain==== 2026-08-12 10:00:00.000493
                                    oipcr   choipcr   totalOI
pcr1 =  BSE:SENSEX2681378700PE   0.14   0.03 CALL added 584080   PUT added 19340  OI= 163340
pcr2 =  BSE:SENSEX2681378600CE   0.14   0.0 CALL added 528720   PUT added 1760  OI= 1221580
pcr3 =  BSE:SENSEX2681378500CE   0.16   0.02 CALL added 1739620   PUT added 26680  OI= 3199960
pcr4 =  BSE:SENSEX2681378400PE   0.19   0.09 CALL added 735360   PUT added 64040  OI= 226060
pcr5 =  BSE:SENSEX2681378300PE   0.22   0.08 CALL added 1352460   PUT added 109340  OI= 422500
pcr6 =  BSE:SENSEX2681378200CE   0.33    -0.03 CALL added 1295060   PUT unwind -36140  OI= 2100060
pcr7 =  BSE:SENSEX2681378100PE   0.54   0.24 CALL added 1321440   PUT added 322380  OI= 938900
pcr8 =  BSE:SENSEX2681378000CE   0.86   0.57 CALL added 2330960   PUT added 1335160  OI= 2683920
pcr9 =  BSE:SENSEX2681377900PE   1.8   1.63 CALL added 792620   PUT added 1291220  OI= 1548340
pcr10 =  BSE:SENSEX2681377800CE   3.19   2.82 CALL added 334120   PUT added 941160  OI= 384900
pcr11 =  BSE:SENSEX2681377700PE   5.64   4.47 CALL added 134780   PUT added 602560  OI= 860940
pcr12 =  BSE:SENSEX2681377600CE   11.53   8.81 CALL added 72580   PUT added 639560  OI= 87320
pcr13 =  BSE:SENSEX2681377500CE   13.23   10.92 CALL added 103520   PUT added 1130820  OI= 138380
pcr14 =  BSE:SENSEX2681377400CE   29.71   25.9 CALL added 16940   PUT added 438780  OI= 23920
pcr15 =  BSE:SENSEX2681377300PE   32.47   12.47 CALL added 14640   PUT added 182520  OI= 660340
pcr16 =  BSE:SENSEX2681377200PE   67.35   75.75 CALL added 6720   PUT added 509060  OI= 872800
pcr17 =  BSE:SENSEX2681377100CE   112.86   10680.0 CALL added 20   PUT added 213600  OI= 3880
pcrSummation= 4.38  result =  ['BSE:SENSEX2681378700PE', 'BSE:SENSEX2681378600CE', 'BSE:SENSEX2681378500CE', 'BSE:SENSEX2681378400PE', 'BSE:SENSEX2681378300PE', 'BSE:SENSEX2681378200CE', 'BSE:SENSEX2681378100PE', 'BSE:SENSEX2681378000CE', 'BSE:SENSEX2681377900PE']
PCRSUM== 280.36
pcrSummation== 4.38
VOLPCRSUM== 7.289999999999999
spotLTP =  77880.08  ATM_STRIKE =  77900
IS_ATM_STRIKE_SHIFT = False  mapStrike = {77900: 77900}
avgOiPcrList2 = [np.float64(10.89), np.float64(16.49)] atmStrikeNotShiftedCount= 2
False   2   2
SUPP_RES=== 78500  Buffer= 28
CEoich val =  1739620.0  PEoich val =  26680.0 , CE > PE by 98.5%
SUPP_RES TOTAL OI: CE= 3199960  PE= 497600 , CE > PE by 84.4%
IS_MORNING_WINDOW= False  (active 9:15-9:48 IST)
================================================
==== signal check time ==== 2026-08-12 10:00:00.881014
IS_CHOI_DIFF_GT_25PERC== True
RSI_VAL1== 34.74
RSI_VAL2== 34.74
FUT_3m_OHLC O= 78291.7  H= 78291.7  L= 78259.7  C= 78260.0  Range= 32.0
CHART_PATTERN: None
newSynthFut =  78300
ATMStrike =  77900
AVG_OIPCR= 0.49
avgoiPCROld=  16.49
SUPP_RES = 78500
FUT LTP = 78260.0
CEchoi  PechOi = 1739620.0    26680.0
====================================
totalOIPCR = 0.7
AVG_VOLPCR= 0.81
atmPCR= 0.22  belowATM  0.33
atmVolPCR= 0.51  belowATM  0.74
True   78260.0   78500   False   False   34.74
curr Doji False
BSE:SENSEX2681378200PE  curr candle vol pcr = 0.8  PE= 549020  CE= 688840      cpr =  1.25
BSE:SENSEX2681378300PE  prev candle vol pcr = 0.4  PE= 105420  CE= 264840      cpr =  2.51
VOL_PRESSURE_WATCH: SINGLE_CANDLE_CALL_PRESSURE | currCPR= 1.25  prevCPR= 2.51
ATM_CE_premium= 150.15  ATM_PE_premium= 395.6
CE_PremChg= -21.05  PE_PremChg= 43.05
CandleBody= -31.7  PrevBody= -27.0  CandleRange= 32.0  Bearish
TotalVol= 1237860  PrevTotalVol= 370260  VolSpike= 3.34 x  SPIKE!
SCALP_SCORE: BEAR | BullScore= 1  BearScore= 3 | Confidence= MEDIUM
  SCALP_BEAR_REASONS: StrongBearCandle(99%) + 2ConsecBearCandles + VolSpike(3.34x)_bear
DATAPOINT|10:00|FUT=78260.0|Body=-31.7|PrevBody=-27.0|Range=32.0|RangeRatio=0.46|CurrVolPCR=0.8|PrevVolPCR=0.4|CurrCPR=1.25|PrevCPR=2.51|VolSpike=3.34|CE_PremChg=-21.05|PE_PremChg=43.05|BullScore=1|BearScore=3|Dir=BEAR|Conf=MEDIUM
CHART_PATTERN: None
BSE:SENSEX-INDEX  strikecount= 3   fyers <fyers_apiv3.fyersModel.FyersModel object at 0x7b8d52f4acc0>
======================================
oipcr1 =  BSE:SENSEX2681378200CE   0.33
oipcr2 =  BSE:SENSEX2681378100PE   0.54
oipcr3 =  BSE:SENSEX2681378000CE   0.86
oipcrBull = NoEntry  bulcount= 0  bearcount= 3 oipcrBear= BearTrade
atmpcr5 pcr6= 1.8    3.19
No Entry Yet
India VIX = 11.8  Spot Price = 77864.96
IV Regime = LOW (ADAPTIVE: P25= 12.03  P50= 12.43  P75= 13.27 ) | DailyRange = 1312.6 | 3minCandleRange = 69.1 (theoretical= 115.1 ) | ATMoptionMove = 31.1 | SL = 109 | Target = 109 | TrailTrigger = 31 | Spread = 300 | Buffer = 28
IV Params refreshed: {'vix': 11.8, 'bn_price': 77864.96, 'regime': 'LOW', 'regime_thresholds': 'P25=12.03 P50=12.43 P75=13.27', 'daily_range': 1312.6, 'candle_range': 69.1, 'atm_option_move': 31.1, 'sl_point': 109, 'target_point': 109, 'sl_pct_of_premium': 0.1, 'trail_trigger': 31, 'spread_width': 300, 'support_resistance_buffer': 28}
BSE:SENSEX-INDEX  strikecount= 8   fyers <fyers_apiv3.fyersModel.FyersModel object at 0x7b8d52f4acc0>
===
====after 3 min ochain==== 2026-08-12 10:03:00.000005
                                    oipcr   choipcr   totalOI
pcr1 =  BSE:SENSEX2681378700PE   0.14   0.03 CALL added 598300   PUT added 18880  OI= 162880
pcr2 =  BSE:SENSEX2681378600CE   0.14   -0.0 CALL added 541080   PUT unwind -1260  OI= 1233940
pcr3 =  BSE:SENSEX2681378500CE   0.15   0.01 CALL added 1823800   PUT added 10820  OI= 3284140
pcr4 =  BSE:SENSEX2681378400PE   0.18   0.07 CALL added 693080   PUT added 50860  OI= 212880
pcr5 =  BSE:SENSEX2681378300PE   0.2   0.06 CALL added 1319240   PUT added 74920  OI= 388080
pcr6 =  BSE:SENSEX2681378200CE   0.27    -0.09 CALL added 1459240   PUT unwind -124420  OI= 2264240
pcr7 =  BSE:SENSEX2681378100PE   0.44   0.14 CALL added 1471320   PUT added 208500  OI= 825020
pcr8 =  BSE:SENSEX2681378000CE   0.7   0.41 CALL added 2529300   PUT added 1045360  OI= 2882260
pcr9 =  BSE:SENSEX2681377900PE   1.37   1.2 CALL added 960240   PUT added 1154660  OI= 1411780
pcr10 =  BSE:SENSEX2681377800CE   2.57   2.21 CALL added 433580   PUT added 956400  OI= 484360
pcr11 =  BSE:SENSEX2681377700PE   3.87   2.83 CALL added 181900   PUT added 515220  OI= 773600
pcr12 =  BSE:SENSEX2681377600CE   8.98   6.46 CALL added 93360   PUT added 603020  OI= 108100
pcr13 =  BSE:SENSEX2681377500CE   9.96   7.45 CALL added 139940   PUT added 1042000  OI= 174800
pcr14 =  BSE:SENSEX2681377400CE   25.56   21.07 CALL added 20800   PUT added 438340  OI= 27780
pcr15 =  BSE:SENSEX2681377300PE   29.57   13.34 CALL added 19060   PUT added 254340  OI= 732160
pcr16 =  BSE:SENSEX2681377200PE   62.94   66.75 CALL added 7600   PUT added 507300  OI= 871040
pcr17 =  BSE:SENSEX2681377100CE   101.9   469.43 CALL added 460   PUT added 215940  OI= 4320
pcrSummation= 6.02  result =  ['BSE:SENSEX2681378600CE', 'BSE:SENSEX2681378500CE', 'BSE:SENSEX2681378400PE', 'BSE:SENSEX2681378300PE', 'BSE:SENSEX2681378200CE', 'BSE:SENSEX2681378100PE', 'BSE:SENSEX2681378000CE', 'BSE:SENSEX2681377900PE', 'BSE:SENSEX2681377800CE']
PCRSUM== 248.94
pcrSummation== 6.02
VOLPCRSUM== 7.13
spotLTP =  77864.96  ATM_STRIKE =  77900
IS_ATM_STRIKE_SHIFT = False  mapStrike = {77900: 77900}
avgOiPcrList2 = [np.float64(10.89), np.float64(16.49), np.float64(14.64)] atmStrikeNotShiftedCount= 3
False   3   3
SUPP_RES=== 78000  Buffer= 28
CEoich val =  2529300.0  PEoich val =  1045360.0 , CE > PE by 58.7%
SUPP_RES TOTAL OI: CE= 2882260  PE= 2030400 , CE > PE by 29.6%
IS_MORNING_WINDOW= False  (active 9:15-9:48 IST)
================================================
==== signal check time ==== 2026-08-12 10:03:00.704097
IS_CHOI_DIFF_GT_25PERC== True
RSI_VAL1== 30.74
RSI_VAL2== 30.74
FUT_3m_OHLC O= 78250.0  H= 78250.0  L= 78177.4  C= 78200.0  Range= 72.6
CHART_PATTERN_DETECTED: THREE_BLACK_CROWS
  PATTERN_CONTEXT: Body= -50.0  Range= 72.6  ExpectedRange= 69.1  RangeRatio= 1.05  O= 78250.0  H= 78250.0  L= 78177.4  C= 78200.0
recent two = [np.float64(16.49), np.float64(14.64)]
newSynthFut =  78200
ATMStrike =  77900
AVG_OIPCR= 0.67
avgoiPCROld=  14.64
SUPP_RES = 78000
FUT LTP = 78200.0
CEchoi  PechOi = 2529300.0    1045360.0
====================================
totalOIPCR = 0.66
AVG_VOLPCR= 0.79
atmPCR= 0.2  belowATM  0.27
atmVolPCR= 0.49  belowATM  0.72
True   78200.0   78000   False   False   30.74
curr Doji False
BSE:SENSEX2681378200PE  curr candle vol pcr = 0.46  PE= 493440  CE= 1069520      cpr =  2.17
BSE:SENSEX2681378200PE  prev candle vol pcr = 0.8  PE= 549020  CE= 688840      cpr =  1.25
VOL_PRESSURE_WATCH: SINGLE_CANDLE_CALL_PRESSURE | currCPR= 2.17  prevCPR= 1.25
ATM_CE_premium= 138.55  ATM_PE_premium= 415.6
CE_PremChg= -11.6  PE_PremChg= 20.0
CandleBody= -50.0  PrevBody= -31.7  CandleRange= 72.6  Bearish
TotalVol= 1562960  PrevTotalVol= 1237860  VolSpike= 1.26 x 
SCALP_SCORE: BEAR | BullScore= 1  BearScore= 3 | Confidence= MEDIUM
  SCALP_BEAR_REASONS: VolCPR_curr_bear + StrongBearCandle(69%) + 2ConsecBearCandles
DATAPOINT|10:03|FUT=78200.0|Body=-50.0|PrevBody=-31.7|Range=72.6|RangeRatio=1.05|CurrVolPCR=0.46|PrevVolPCR=0.8|CurrCPR=2.17|PrevCPR=1.25|VolSpike=1.26|CE_PremChg=-11.6|PE_PremChg=20.0|BullScore=1|BearScore=3|Dir=BEAR|Conf=MEDIUM
CHART_PATTERN_DETECTED: THREE_BLACK_CROWS
  PATTERN_CONTEXT: Body= -50.0  Range= 72.6  ExpectedRange= 69.1  RangeRatio= 1.05  O= 78250.0  H= 78250.0  L= 78177.4  C= 78200.0
BSE:SENSEX-INDEX  strikecount= 3   fyers <fyers_apiv3.fyersModel.FyersModel object at 0x7b8d52f4acc0>
======================================
oipcr1 =  BSE:SENSEX2681378200CE   0.27
oipcr2 =  BSE:SENSEX2681378100PE   0.44
oipcr3 =  BSE:SENSEX2681378000CE   0.7
oipcrBull = NoEntry  bulcount= 0  bearcount= 3 oipcrBear= BearTrade
atmpcr5 pcr6= 1.37    2.57
No Entry Yet
India VIX = 11.81  Spot Price = 77832.69
IV Regime = LOW (ADAPTIVE: P25= 12.03  P50= 12.43  P75= 13.27 ) | DailyRange = 1313.1 | 3minCandleRange = 69.1 (theoretical= 115.2 ) | ATMoptionMove = 31.1 | SL = 109 | Target = 109 | TrailTrigger = 31 | Spread = 300 | Buffer = 28
IV Params refreshed: {'vix': 11.81, 'bn_price': 77832.69, 'regime': 'LOW', 'regime_thresholds': 'P25=12.03 P50=12.43 P75=13.27', 'daily_range': 1313.1, 'candle_range': 69.1, 'atm_option_move': 31.1, 'sl_point': 109, 'target_point': 109, 'sl_pct_of_premium': 0.1, 'trail_trigger': 31, 'spread_width': 300, 'support_resistance_buffer': 28}
BSE:SENSEX-INDEX  strikecount= 8   fyers <fyers_apiv3.fyersModel.FyersModel object at 0x7b8d52f4acc0>
===
====after 3 min ochain==== 2026-08-12 10:06:00.000039
                                    oipcr   choipcr   totalOI
pcr1 =  BSE:SENSEX2681378600CE   0.14   -0.0 CALL added 540140   PUT unwind -2040  OI= 1233000
pcr2 =  BSE:SENSEX2681378500CE   0.14   -0.0 CALL added 1855100   PUT unwind -200  OI= 3315440
pcr3 =  BSE:SENSEX2681378400PE   0.18   0.07 CALL added 701980   PUT added 46520  OI= 208540
pcr4 =  BSE:SENSEX2681378300PE   0.2   0.05 CALL added 1228380   PUT added 57200  OI= 370360
pcr5 =  BSE:SENSEX2681378200CE   0.23   -0.09 CALL added 1705000   PUT unwind -155960  OI= 2510000
pcr6 =  BSE:SENSEX2681378100PE   0.38    0.08 CALL added 1509000   PUT added 119760  OI= 736280
pcr7 =  BSE:SENSEX2681378000CE   0.61   0.32 CALL added 2673320   PUT added 859860  OI= 3026280
pcr8 =  BSE:SENSEX2681377900PE   1.05   0.89 CALL added 1146220   PUT added 1014620  OI= 1271740
pcr9 =  BSE:SENSEX2681377800CE   1.99   1.67 CALL added 595740   PUT added 995820  OI= 646520
pcr10 =  BSE:SENSEX2681377700PE   3.47   2.53 CALL added 208860   PUT added 528940  OI= 787320
pcr11 =  BSE:SENSEX2681377600CE   7.42   5.18 CALL added 115260   PUT added 596620  OI= 130000
pcr12 =  BSE:SENSEX2681377500CE   8.81   6.28 CALL added 155020   PUT added 974220  OI= 189880
pcr13 =  BSE:SENSEX2681377400CE   19.06   14.27 CALL added 29020   PUT added 414240  OI= 36000
pcr14 =  BSE:SENSEX2681377300PE   26.91   10.75 CALL added 20080   PUT added 215960  OI= 693780
pcr15 =  BSE:SENSEX2681377200PE   58.67   58.95 CALL added 8600   PUT added 506980  OI= 870720
pcr16 =  BSE:SENSEX2681377100CE   83.6   162.95 CALL added 1240   PUT added 202060  OI= 5100
pcr17 =  BSE:SENSEX2681377000CE   40.21   28.04 CALL added 20800   PUT added 583220  OI= 40460
pcrSummation= 4.92  result =  ['BSE:SENSEX2681378600CE', 'BSE:SENSEX2681378500CE', 'BSE:SENSEX2681378400PE', 'BSE:SENSEX2681378300PE', 'BSE:SENSEX2681378200CE', 'BSE:SENSEX2681378100PE', 'BSE:SENSEX2681378000CE', 'BSE:SENSEX2681377900PE', 'BSE:SENSEX2681377800CE']
PCRSUM== 253.07
pcrSummation== 4.92
VOLPCRSUM== 11.45
spotLTP =  77832.69  ATM_STRIKE =  77800
IS_ATM_STRIKE_SHIFT = True  mapStrike = {77800: 77800}
avgOiPcrList2 = [np.float64(14.89)] atmStrikeNotShiftedCount= 1
True   1   1
SUPP_RES=== 78000  Buffer= 28
CEoich val =  2673320.0  PEoich val =  859860.0 , CE > PE by 67.8%
SUPP_RES TOTAL OI: CE= 3026280  PE= 1844900 , CE > PE by 39.0%
IS_MORNING_WINDOW= False  (active 9:15-9:48 IST)
================================================
==== signal check time ==== 2026-08-12 10:06:00.729047
IS_CHOI_DIFF_GT_25PERC== True
RSI_VAL1== 30.73
RSI_VAL2== 30.73
FUT_3m_OHLC O= 78200.0  H= 78206.5  L= 78198.0  C= 78200.0  Range= 8.5
CHART_PATTERN_DETECTED: THREE_BLACK_CROWS | INSIDE_BAR
  PATTERN_CONTEXT: Body= -0.1  Range= 8.5  ExpectedRange= 69.1  RangeRatio= 0.12  O= 78200.0  H= 78206.5  L= 78198.0  C= 78200.0
newSynthFut =  78200
ATMStrike =  77800
AVG_OIPCR= 0.55
avgoiPCROld=  14.89
SUPP_RES = 78000
FUT LTP = 78199.95
CEchoi  PechOi = 2673320.0    859860.0
====================================
totalOIPCR = 0.61
AVG_VOLPCR= 1.27
atmPCR= 0.23  belowATM  0.38
atmVolPCR= 0.71  belowATM  1.07
True   78199.95   78000   False   False   30.73
curr Doji True
BSE:SENSEX2681378200PE  curr candle vol pcr = 0.52  PE= 290200  CE= 558860      cpr =  1.93
BSE:SENSEX2681378200PE  prev candle vol pcr = 0.46  PE= 493440  CE= 1069520      cpr =  2.17
VOL_PRESSURE_WATCH: SINGLE_CANDLE_CALL_PRESSURE | currCPR= 1.93  prevCPR= 2.17
ATM_CE_premium= 136.7  ATM_PE_premium= 430.0
CE_PremChg= -1.85  PE_PremChg= 14.4
CandleBody= -0.1  PrevBody= -50.0  CandleRange= 8.5  Bearish
TotalVol= 849060  PrevTotalVol= 1562960  VolSpike= 0.54 x 
SCALP_SCORE: BEAR | BullScore= 0  BearScore= 2 | Confidence= LOW
DATAPOINT|10:06|FUT=78200.0|Body=-0.1|PrevBody=-50.0|Range=8.5|RangeRatio=0.12|CurrVolPCR=0.52|PrevVolPCR=0.46|CurrCPR=1.93|PrevCPR=2.17|VolSpike=0.54|CE_PremChg=-1.85|PE_PremChg=14.4|BullScore=0|BearScore=2|Dir=BEAR|Conf=LOW
CHART_PATTERN_DETECTED: THREE_BLACK_CROWS | INSIDE_BAR
  PATTERN_CONTEXT: Body= -0.1  Range= 8.5  ExpectedRange= 69.1  RangeRatio= 0.12  O= 78200.0  H= 78206.5  L= 78198.0  C= 78200.0
BSE:SENSEX-INDEX  strikecount= 3   fyers <fyers_apiv3.fyersModel.FyersModel object at 0x7b8d52f4acc0>
======================================
oipcr1 =  BSE:SENSEX2681378100PE   0.38
oipcr2 =  BSE:SENSEX2681378000CE   0.61
oipcr3 =  BSE:SENSEX2681377900PE   1.05
oipcrBull = NoEntry  bulcount= 1  bearcount= 2 oipcrBear= BearTrade
atmpcr5 pcr6= 1.99    3.47
No Entry Yet
India VIX = 11.79  Spot Price = 77817.15
IV Regime = LOW (ADAPTIVE: P25= 12.03  P50= 12.43  P75= 13.27 ) | DailyRange = 1310.7 | 3minCandleRange = 69.0 (theoretical= 115.0 ) | ATMoptionMove = 31.0 | SL = 109 | Target = 109 | TrailTrigger = 31 | Spread = 300 | Buffer = 28
IV Params refreshed: {'vix': 11.79, 'bn_price': 77817.15, 'regime': 'LOW', 'regime_thresholds': 'P25=12.03 P50=12.43 P75=13.27', 'daily_range': 1310.7, 'candle_range': 69.0, 'atm_option_move': 31.0, 'sl_point': 109, 'target_point': 109, 'sl_pct_of_premium': 0.1, 'trail_trigger': 31, 'spread_width': 300, 'support_resistance_buffer': 28}
BSE:SENSEX-INDEX  strikecount= 8   fyers <fyers_apiv3.fyersModel.FyersModel object at 0x7b8d52f4acc0>
===
====after 3 min ochain==== 2026-08-12 10:09:00.000004
                                    oipcr   choipcr   totalOI
pcr1 =  BSE:SENSEX2681378600CE   0.14   -0.0 CALL added 552120   PUT unwind -2760  OI= 1244980
pcr2 =  BSE:SENSEX2681378500CE   0.14   -0.0 CALL added 1860920   PUT unwind -4240  OI= 3321260
pcr3 =  BSE:SENSEX2681378400PE   0.17   0.06 CALL added 700540   PUT added 40100  OI= 202120
pcr4 =  BSE:SENSEX2681378300PE   0.19   0.03 CALL added 1213100   PUT added 34000  OI= 347160
pcr5 =  BSE:SENSEX2681378200CE   0.21   -0.12 CALL added 1727600   PUT unwind -204440  OI= 2532600
pcr6 =  BSE:SENSEX2681378100PE   0.35    0.04 CALL added 1521200   PUT added 65380  OI= 681900
pcr7 =  BSE:SENSEX2681378000CE   0.55   0.27 CALL added 2787280   PUT added 745280  OI= 3140240
pcr8 =  BSE:SENSEX2681377900PE   0.88   0.72 CALL added 1292600   PUT added 934580  OI= 1191700
pcr9 =  BSE:SENSEX2681377800CE   1.73   1.45 CALL added 726520   PUT added 1056160  OI= 777300
pcr10 =  BSE:SENSEX2681377700PE   3.09   2.2 CALL added 229660   PUT added 505220  OI= 763600
pcr11 =  BSE:SENSEX2681377600CE   7.23   5.11 CALL added 122760   PUT added 627060  OI= 137500
pcr12 =  BSE:SENSEX2681377500CE   7.62   5.25 CALL added 182520   PUT added 957400  OI= 217380
pcr13 =  BSE:SENSEX2681377400CE   17.53   12.81 CALL added 31640   PUT added 405340  OI= 38620
pcr14 =  BSE:SENSEX2681377300PE   21.96   8.58 CALL added 26360   PUT added 226220  OI= 704040
pcr15 =  BSE:SENSEX2681377200PE   56.58   55.41 CALL added 9160   PUT added 507560  OI= 871300
pcr16 =  BSE:SENSEX2681377100CE   74.63   106.21 CALL added 2020   PUT added 214540  OI= 5880
pcr17 =  BSE:SENSEX2681377000CE   36.16   21.91 CALL added 23340   PUT added 511280  OI= 43000
pcrSummation= 4.36  result =  ['BSE:SENSEX2681378600CE', 'BSE:SENSEX2681378500CE', 'BSE:SENSEX2681378400PE', 'BSE:SENSEX2681378300PE', 'BSE:SENSEX2681378200CE', 'BSE:SENSEX2681378100PE', 'BSE:SENSEX2681378000CE', 'BSE:SENSEX2681377900PE', 'BSE:SENSEX2681377800CE']
PCRSUM== 229.16
pcrSummation== 4.36
VOLPCRSUM== 11.11
spotLTP =  77817.15  ATM_STRIKE =  77800
IS_ATM_STRIKE_SHIFT = False  mapStrike = {77800: 77800}
avgOiPcrList2 = [np.float64(14.89), np.float64(13.48)] atmStrikeNotShiftedCount= 2
False   2   2
SUPP_RES=== 78000  Buffer= 28
CEoich val =  2787280.0  PEoich val =  745280.0 , CE > PE by 73.3%
SUPP_RES TOTAL OI: CE= 3140240  PE= 1730320 , CE > PE by 44.9%
IS_MORNING_WINDOW= False  (active 9:15-9:48 IST)
================================================
==== signal check time ==== 2026-08-12 10:09:00.709066
IS_CHOI_DIFF_GT_25PERC== True
RSI_VAL1== 29.88
RSI_VAL2== 29.88
FUT_3m_OHLC O= 78200.0  H= 78200.0  L= 78184.1  C= 78187.2  Range= 15.8
CHART_PATTERN_DETECTED: THREE_BLACK_CROWS | DOUBLE_BOTTOM_FORMING
  PATTERN_CONTEXT: Body= -12.8  Range= 15.8  ExpectedRange= 69.0  RangeRatio= 0.23  O= 78200.0  H= 78200.0  L= 78184.1  C= 78187.2
newSynthFut =  78200
ATMStrike =  77800
AVG_OIPCR= 0.48
avgoiPCROld=  13.48
SUPP_RES = 78000
FUT LTP = 78187.2
CEchoi  PechOi = 2787280.0    745280.0
====================================
totalOIPCR = 0.59
AVG_VOLPCR= 1.23
atmPCR= 0.21  belowATM  0.35
atmVolPCR= 0.71  belowATM  1.06
True   78187.2   78000   False   False   29.88
curr Doji False
BSE:SENSEX2681378100PE  curr candle vol pcr = 0.92  PE= 357060  CE= 388080      cpr =  1.09
BSE:SENSEX2681378200PE  prev candle vol pcr = 0.52  PE= 290200  CE= 558860      cpr =  1.93
ATM_CE_premium= 166.25  ATM_PE_premium= 382.25
CE_PremChg= -4.25  PE_PremChg= 18.9
CandleBody= -12.8  PrevBody= -0.1  CandleRange= 15.8  Bearish
TotalVol= 745140  PrevTotalVol= 849060  VolSpike= 0.88 x 
SCALP_SCORE: BEAR | BullScore= 0  BearScore= 2 | Confidence= LOW
DATAPOINT|10:09|FUT=78187.2|Body=-12.8|PrevBody=-0.1|Range=15.8|RangeRatio=0.23|CurrVolPCR=0.92|PrevVolPCR=0.52|CurrCPR=1.09|PrevCPR=1.93|VolSpike=0.88|CE_PremChg=-4.25|PE_PremChg=18.9|BullScore=0|BearScore=2|Dir=BEAR|Conf=LOW
CHART_PATTERN_DETECTED: THREE_BLACK_CROWS | DOUBLE_BOTTOM_FORMING
  PATTERN_CONTEXT: Body= -12.8  Range= 15.8  ExpectedRange= 69.0  RangeRatio= 0.23  O= 78200.0  H= 78200.0  L= 78184.1  C= 78187.2
BSE:SENSEX-INDEX  strikecount= 3   fyers <fyers_apiv3.fyersModel.FyersModel object at 0x7b8d52f4acc0>
======================================
oipcr1 =  BSE:SENSEX2681378100PE   0.35
oipcr2 =  BSE:SENSEX2681378000CE   0.55
oipcr3 =  BSE:SENSEX2681377900PE   0.88
oipcrBull = NoEntry  bulcount= 0  bearcount= 3 oipcrBear= BearTrade
atmpcr5 pcr6= 1.73    3.09
No Entry Yet
India VIX = 11.79  Spot Price = 77832.92
IV Regime = LOW (ADAPTIVE: P25= 12.03  P50= 12.43  P75= 13.27 ) | DailyRange = 1310.9 | 3minCandleRange = 69.0 (theoretical= 115.0 ) | ATMoptionMove = 31.0 | SL = 109 | Target = 109 | TrailTrigger = 31 | Spread = 300 | Buffer = 28
IV Params refreshed: {'vix': 11.79, 'bn_price': 77832.92, 'regime': 'LOW', 'regime_thresholds': 'P25=12.03 P50=12.43 P75=13.27', 'daily_range': 1310.9, 'candle_range': 69.0, 'atm_option_move': 31.0, 'sl_point': 109, 'target_point': 109, 'sl_pct_of_premium': 0.1, 'trail_trigger': 31, 'spread_width': 300, 'support_resistance_buffer': 28}
BSE:SENSEX-INDEX  strikecount= 8   fyers <fyers_apiv3.fyersModel.FyersModel object at 0x7b8d52f4acc0>
===
====after 3 min ochain==== 2026-08-12 10:12:00.000002
                                    oipcr   choipcr   totalOI
pcr1 =  BSE:SENSEX2681378600CE   0.14   -0.01 CALL added 541280   PUT unwind -3160  OI= 1234140
pcr2 =  BSE:SENSEX2681378500CE   0.14   -0.01 CALL added 1883760   PUT unwind -12560  OI= 3344100
pcr3 =  BSE:SENSEX2681378400PE   0.17   0.05 CALL added 715420   PUT added 37320  OI= 199340
pcr4 =  BSE:SENSEX2681378300PE   0.19   0.02 CALL added 1227480   PUT added 28940  OI= 342100
pcr5 =  BSE:SENSEX2681378200CE   0.2   -0.12 CALL added 1800320   PUT unwind -216180  OI= 2605320
pcr6 =  BSE:SENSEX2681378100PE   0.33    0.02 CALL added 1558940   PUT added 38260  OI= 654780
pcr7 =  BSE:SENSEX2681378000CE   0.51   0.24 CALL added 2948980   PUT added 705140  OI= 3301940
pcr8 =  BSE:SENSEX2681377900PE   0.81   0.66 CALL added 1396420   PUT added 924460  OI= 1181580
pcr9 =  BSE:SENSEX2681377800CE   1.54   1.28 CALL added 829180   PUT added 1062400  OI= 879960
pcr10 =  BSE:SENSEX2681377700PE   2.95   2.17 CALL added 265060   PUT added 575840  OI= 834220
pcr11 =  BSE:SENSEX2681377600CE   6.64   4.65 CALL added 135260   PUT added 628940  OI= 150000
pcr12 =  BSE:SENSEX2681377500CE   6.85   4.58 CALL added 203080   PUT added 931000  OI= 237940
pcr13 =  BSE:SENSEX2681377400CE   17.65   13.22 CALL added 33520   PUT added 443140  OI= 40500
pcr14 =  BSE:SENSEX2681377300PE   19.24   7.2 CALL added 30560   PUT added 219960  OI= 697780
pcr15 =  BSE:SENSEX2681377200PE   53.74   50.84 CALL added 9800   PUT added 498220  OI= 861960
pcr16 =  BSE:SENSEX2681377100CE   70.01   89.66 CALL added 2340   PUT added 209800  OI= 6200
pcr17 =  BSE:SENSEX2681377000CE   34.44   20.43 CALL added 26160   PUT added 534440  OI= 45820
pcrSummation= 4.03  result =  ['BSE:SENSEX2681378600CE', 'BSE:SENSEX2681378500CE', 'BSE:SENSEX2681378400PE', 'BSE:SENSEX2681378300PE', 'BSE:SENSEX2681378200CE', 'BSE:SENSEX2681378100PE', 'BSE:SENSEX2681378000CE', 'BSE:SENSEX2681377900PE', 'BSE:SENSEX2681377800CE']
PCRSUM== 215.55
pcrSummation== 4.03
VOLPCRSUM== 10.73
spotLTP =  77832.92  ATM_STRIKE =  77800
IS_ATM_STRIKE_SHIFT = False  mapStrike = {77800: 77800}
avgOiPcrList2 = [np.float64(14.89), np.float64(13.48), np.float64(12.68)] atmStrikeNotShiftedCount= 3
False   3   3
SUPP_RES=== 78000  Buffer= 28
CEoich val =  2948980.0  PEoich val =  705140.0 , CE > PE by 76.1%
SUPP_RES TOTAL OI: CE= 3301940  PE= 1690180 , CE > PE by 48.8%
IS_MORNING_WINDOW= False  (active 9:15-9:48 IST)
================================================
==== signal check time ==== 2026-08-12 10:12:00.697112
IS_CHOI_DIFF_GT_25PERC== True
RSI_VAL1== 30.34
RSI_VAL2== 30.34
FUT_3m_OHLC O= 78188.0  H= 78209.0  L= 78175.0  C= 78190.0  Range= 34.0
CHART_PATTERN_DETECTED: OUTSIDE_BAR | DOUBLE_BOTTOM_FORMING
  PATTERN_CONTEXT: Body= 2.0  Range= 34.0  ExpectedRange= 69.0  RangeRatio= 0.49  O= 78188.0  H= 78209.0  L= 78175.0  C= 78190.0
isPcrDecr = True
newSynthFut =  78200
ATMStrike =  77800
AVG_OIPCR= 0.45
avgoiPCROld=  12.68
SUPP_RES = 78000
FUT LTP = 78190.0
CEchoi  PechOi = 2948980.0    705140.0
====================================
totalOIPCR = 0.59
AVG_VOLPCR= 1.19
atmPCR= 0.2  belowATM  0.33
atmVolPCR= 0.7  belowATM  1.05
True   78190.0   78000   False   True   30.34
no trade yet = [np.float64(14.89), np.float64(13.48), np.float64(12.68)]
curr Doji True
BSE:SENSEX2681378100PE  curr candle vol pcr = 0.62  PE= 193520  CE= 314540      cpr =  1.63
BSE:SENSEX2681378100PE  prev candle vol pcr = 0.92  PE= 357060  CE= 388080      cpr =  1.09
ATM_CE_premium= 162.6  ATM_PE_premium= 382.7
CE_PremChg= -3.65  PE_PremChg= 0.45
CandleBody= 2.0  PrevBody= -12.8  CandleRange= 34.0  Bullish
TotalVol= 508060  PrevTotalVol= 745140  VolSpike= 0.68 x 
SCALP_SCORE: BEAR | BullScore= 0  BearScore= 1 | Confidence= LOW
DATAPOINT|10:12|FUT=78190.0|Body=2.0|PrevBody=-12.8|Range=34.0|RangeRatio=0.49|CurrVolPCR=0.62|PrevVolPCR=0.92|CurrCPR=1.63|PrevCPR=1.09|VolSpike=0.68|CE_PremChg=-3.65|PE_PremChg=0.45|BullScore=0|BearScore=1|Dir=BEAR|Conf=LOW
CHART_PATTERN_DETECTED: OUTSIDE_BAR | DOUBLE_BOTTOM_FORMING
  PATTERN_CONTEXT: Body= 2.0  Range= 34.0  ExpectedRange= 69.0  RangeRatio= 0.49  O= 78188.0  H= 78209.0  L= 78175.0  C= 78190.0
BSE:SENSEX-INDEX  strikecount= 3   fyers <fyers_apiv3.fyersModel.FyersModel object at 0x7b8d52f4acc0>
======================================
oipcr1 =  BSE:SENSEX2681378100PE   0.33
oipcr2 =  BSE:SENSEX2681378000CE   0.51
oipcr3 =  BSE:SENSEX2681377900PE   0.81
oipcrBull = NoEntry  bulcount= 0  bearcount= 3 oipcrBear= BearTrade
atmpcr5 pcr6= 1.54    2.95
No Entry Yet
India VIX = 11.79  Spot Price = 77812.76
IV Regime = LOW (ADAPTIVE: P25= 12.03  P50= 12.43  P75= 13.27 ) | DailyRange = 1310.6 | 3minCandleRange = 69.0 (theoretical= 114.9 ) | ATMoptionMove = 31.0 | SL = 109 | Target = 109 | TrailTrigger = 31 | Spread = 300 | Buffer = 28
IV Params refreshed: {'vix': 11.79, 'bn_price': 77812.76, 'regime': 'LOW', 'regime_thresholds': 'P25=12.03 P50=12.43 P75=13.27', 'daily_range': 1310.6, 'candle_range': 69.0, 'atm_option_move': 31.0, 'sl_point': 109, 'target_point': 109, 'sl_pct_of_premium': 0.1, 'trail_trigger': 31, 'spread_width': 300, 'support_resistance_buffer': 28}
BSE:SENSEX-INDEX  strikecount= 8   fyers <fyers_apiv3.fyersModel.FyersModel object at 0x7b8d52f4acc0>
===
====after 3 min ochain==== 2026-08-12 10:15:00.000826
                                    oipcr   choipcr   totalOI
pcr1 =  BSE:SENSEX2681378600CE   0.14   -0.01 CALL added 539520   PUT unwind -4160  OI= 1232380
pcr2 =  BSE:SENSEX2681378500CE   0.13   -0.01 CALL added 1894280   PUT unwind -19460  OI= 3354620
pcr3 =  BSE:SENSEX2681378400PE   0.16   0.04 CALL added 724120   PUT added 31120  OI= 193140
pcr4 =  BSE:SENSEX2681378300PE   0.18   0.02 CALL added 1324320   PUT added 26860  OI= 340020
pcr5 =  BSE:SENSEX2681378200CE   0.19   -0.12 CALL added 1847740   PUT unwind -224540  OI= 2652740
pcr6 =  BSE:SENSEX2681378100PE   0.31    0.01 CALL added 1593540   PUT added 12940  OI= 629460
pcr7 =  BSE:SENSEX2681378000CE   0.49   0.23 CALL added 3040860   PUT added 687120  OI= 3393820
pcr8 =  BSE:SENSEX2681377900PE   0.77   0.64 CALL added 1482740   PUT added 943060  OI= 1200180
pcr9 =  BSE:SENSEX2681377800CE   1.33   1.11 CALL added 981440   PUT added 1086100  OI= 1032220
pcr10 =  BSE:SENSEX2681377700PE   2.8   2.08 CALL added 287140   PUT added 596480  OI= 854860
pcr11 =  BSE:SENSEX2681377600CE   6.08   4.24 CALL added 151560   PUT added 643080  OI= 166300
pcr12 =  BSE:SENSEX2681377500CE   6.75   4.52 CALL added 208560   PUT added 942940  OI= 243420
pcr13 =  BSE:SENSEX2681377400CE   16.54   12.16 CALL added 35780   PUT added 435260  OI= 42760
pcr14 =  BSE:SENSEX2681377300PE   19.33   7.88 CALL added 32100   PUT added 252900  OI= 730720
pcr15 =  BSE:SENSEX2681377200PE   54.29   51.85 CALL added 10260   PUT added 531980  OI= 895720
pcr16 =  BSE:SENSEX2681377100CE   66.76   79.22 CALL added 2680   PUT added 212300  OI= 6540
pcr17 =  BSE:SENSEX2681377000CE   34.64   20.22 CALL added 25160   PUT added 508800  OI= 44820
pcrSummation= 3.7  result =  ['BSE:SENSEX2681378600CE', 'BSE:SENSEX2681378500CE', 'BSE:SENSEX2681378400PE', 'BSE:SENSEX2681378300PE', 'BSE:SENSEX2681378200CE', 'BSE:SENSEX2681378100PE', 'BSE:SENSEX2681378000CE', 'BSE:SENSEX2681377900PE', 'BSE:SENSEX2681377800CE']
PCRSUM== 210.89
pcrSummation== 3.7
VOLPCRSUM== 10.54
spotLTP =  77796.6  ATM_STRIKE =  77800
IS_ATM_STRIKE_SHIFT = False  mapStrike = {77800: 77800}
avgOiPcrList2 = [np.float64(13.48), np.float64(12.68), np.float64(12.41)] atmStrikeNotShiftedCount= 4
False   4   3
SUPP_RES=== 78000  Buffer= 28
CEoich val =  3040860.0  PEoich val =  687120.0 , CE > PE by 77.4%
SUPP_RES TOTAL OI: CE= 3393820  PE= 1672160 , CE > PE by 50.7%
IS_MORNING_WINDOW= False  (active 9:15-9:48 IST)
================================================
==== signal check time ==== 2026-08-12 10:15:00.739683
IS_CHOI_DIFF_GT_25PERC== True
RSI_VAL1== 30.45
RSI_VAL2== 30.45
FUT_3m_OHLC O= 78191.4  H= 78193.2  L= 78175.0  C= 78190.6  Range= 18.1
CHART_PATTERN_DETECTED: INSIDE_BAR | DOUBLE_TOP_FORMING | DOUBLE_BOTTOM_FORMING
  PATTERN_CONTEXT: Body= -0.8  Range= 18.1  ExpectedRange= 69.0  RangeRatio= 0.26  O= 78191.4  H= 78193.2  L= 78175.0  C= 78190.6
isPcrDecr = True
newSynthFut =  78200
ATMStrike =  77800
AVG_OIPCR= 0.41
avgoiPCROld=  12.41
SUPP_RES = 78000
FUT LTP = 78190.65
CEchoi  PechOi = 3040860.0    687120.0
====================================
totalOIPCR = 0.58
AVG_VOLPCR= 1.17
atmPCR= 0.19  belowATM  0.31
atmVolPCR= 0.7  belowATM  1.05
True   78190.65   78000   False   True   30.45
no trade yet = [np.float64(13.48), np.float64(12.68), np.float64(12.41)]
curr Doji True
BSE:SENSEX2681378100PE  curr candle vol pcr = 0.71  PE= 176980  CE= 247980      cpr =  1.4
BSE:SENSEX2681378100PE  prev candle vol pcr = 0.62  PE= 193520  CE= 314540      cpr =  1.63
ATM_CE_premium= 162.55  ATM_PE_premium= 381.3
CE_PremChg= -0.05  PE_PremChg= -1.4
CandleBody= -0.8  PrevBody= 2.0  CandleRange= 18.1  Bearish
TotalVol= 424960  PrevTotalVol= 508060  VolSpike= 0.84 x 
SCALP_SCORE: NEUTRAL | BullScore= 0  BearScore= 0 | Confidence= LOW
DATAPOINT|10:15|FUT=78190.6|Body=-0.8|PrevBody=2.0|Range=18.1|RangeRatio=0.26|CurrVolPCR=0.71|PrevVolPCR=0.62|CurrCPR=1.4|PrevCPR=1.63|VolSpike=0.84|CE_PremChg=-0.05|PE_PremChg=-1.4|BullScore=0|BearScore=0|Dir=NEUTRAL|Conf=LOW
CHART_PATTERN_DETECTED: INSIDE_BAR | DOUBLE_TOP_FORMING | DOUBLE_BOTTOM_FORMING
  PATTERN_CONTEXT: Body= -0.8  Range= 18.1  ExpectedRange= 69.0  RangeRatio= 0.26  O= 78191.4  H= 78193.2  L= 78175.0  C= 78190.6
BSE:SENSEX-INDEX  strikecount= 3   fyers <fyers_apiv3.fyersModel.FyersModel object at 0x7b8d52f4acc0>
======================================
oipcr1 =  BSE:SENSEX2681378100PE   0.31
oipcr2 =  BSE:SENSEX2681378000CE   0.49
oipcr3 =  BSE:SENSEX2681377900PE   0.77
oipcrBull = NoEntry  bulcount= 0  bearcount= 3 oipcrBear= BearTrade
atmpcr5 pcr6= 1.33    2.8
No Entry Yet
India VIX = 11.79  Spot Price = 77819.98
IV Regime = LOW (ADAPTIVE: P25= 12.03  P50= 12.43  P75= 13.27 ) | DailyRange = 1310.7 | 3minCandleRange = 69.0 (theoretical= 115.0 ) | ATMoptionMove = 31.0 | SL = 109 | Target = 109 | TrailTrigger = 31 | Spread = 300 | Buffer = 28
IV Params refreshed: {'vix': 11.79, 'bn_price': 77819.98, 'regime': 'LOW', 'regime_thresholds': 'P25=12.03 P50=12.43 P75=13.27', 'daily_range': 1310.7, 'candle_range': 69.0, 'atm_option_move': 31.0, 'sl_point': 109, 'target_point': 109, 'sl_pct_of_premium': 0.1, 'trail_trigger': 31, 'spread_width': 300, 'support_resistance_buffer': 28}
BSE:SENSEX-INDEX  strikecount= 8   fyers <fyers_apiv3.fyersModel.FyersModel object at 0x7b8d52f4acc0>
===
====after 3 min ochain==== 2026-08-12 10:18:00.003623
                                    oipcr   choipcr   totalOI
pcr1 =  BSE:SENSEX2681378600CE   0.14   -0.01 CALL added 533240   PUT unwind -4880  OI= 1226100
pcr2 =  BSE:SENSEX2681378500CE   0.14   -0.01 CALL added 1881220   PUT unwind -18420  OI= 3341560
pcr3 =  BSE:SENSEX2681378400PE   0.15   0.03 CALL added 723580   PUT added 23720  OI= 185740
pcr4 =  BSE:SENSEX2681378300PE   0.17   0.01 CALL added 1313700   PUT added 18960  OI= 332120
pcr5 =  BSE:SENSEX2681378200CE   0.19   -0.12 CALL added 1885020   PUT unwind -232420  OI= 2690020
pcr6 =  BSE:SENSEX2681378100PE   0.29    -0.01 CALL added 1671420   PUT unwind -18300  OI= 598220
pcr7 =  BSE:SENSEX2681378000CE   0.46   0.2 CALL added 3116980   PUT added 620640  OI= 3469940
pcr8 =  BSE:SENSEX2681377900PE   0.71   0.58 CALL added 1547760   PUT added 893700  OI= 1150820
pcr9 =  BSE:SENSEX2681377800CE   1.23   1.02 CALL added 1075820   PUT added 1100180  OI= 1126600
pcr10 =  BSE:SENSEX2681377700PE   2.67   1.97 CALL added 302420   PUT added 595340  OI= 853720
pcr11 =  BSE:SENSEX2681377600CE   5.84   4.09 CALL added 160220   PUT added 654940  OI= 174960
pcr12 =  BSE:SENSEX2681377500CE   6.34   4.21 CALL added 225020   PUT added 947640  OI= 259880
pcr13 =  BSE:SENSEX2681377400CE   16.03   11.82 CALL added 38060   PUT added 449980  OI= 45040
pcr14 =  BSE:SENSEX2681377300PE   18.13   7.03 CALL added 33740   PUT added 237100  OI= 714920
pcr15 =  BSE:SENSEX2681377200PE   49.34   44.77 CALL added 12220   PUT added 547100  OI= 910840
pcr16 =  BSE:SENSEX2681377100CE   67.01   79.11 CALL added 2840   PUT added 224660  OI= 6700
pcr17 =  BSE:SENSEX2681377000CE   31.63   17.07 CALL added 29000   PUT added 495100  OI= 48660
pcrSummation= 3.48  result =  ['BSE:SENSEX2681378600CE', 'BSE:SENSEX2681378500CE', 'BSE:SENSEX2681378400PE', 'BSE:SENSEX2681378300PE', 'BSE:SENSEX2681378200CE', 'BSE:SENSEX2681378100PE', 'BSE:SENSEX2681378000CE', 'BSE:SENSEX2681377900PE', 'BSE:SENSEX2681377800CE']
PCRSUM== 200.47
pcrSummation== 3.48
VOLPCRSUM== 10.19
spotLTP =  77821.14  ATM_STRIKE =  77800
IS_ATM_STRIKE_SHIFT = False  mapStrike = {77800: 77800}
avgOiPcrList2 = [np.float64(12.68), np.float64(12.41), np.float64(11.79)] atmStrikeNotShiftedCount= 5
False   5   3
SUPP_RES=== 78000  Buffer= 28
CEoich val =  3116980.0  PEoich val =  620640.0 , CE > PE by 80.1%
SUPP_RES TOTAL OI: CE= 3469940  PE= 1605680 , CE > PE by 53.7%
IS_MORNING_WINDOW= False  (active 9:15-9:48 IST)
================================================
==== signal check time ==== 2026-08-12 10:18:00.703910
IS_CHOI_DIFF_GT_25PERC== True
RSI_VAL1== 31.26
RSI_VAL2== 31.26
FUT_3m_OHLC O= 78175.0  H= 78195.0  L= 78150.0  C= 78195.0  Range= 45.1
CHART_PATTERN_DETECTED: BULLISH_ENGULFING | OUTSIDE_BAR | DOUBLE_TOP_FORMING
  PATTERN_CONTEXT: Body= 20.1  Range= 45.1  ExpectedRange= 69.0  RangeRatio= 0.65  O= 78175.0  H= 78195.0  L= 78150.0  C= 78195.0
isPcrDecr = True
newSynthFut =  78200
ATMStrike =  77800
AVG_OIPCR= 0.39
avgoiPCROld=  11.79
SUPP_RES = 78000
FUT LTP = 78195.05
CEchoi  PechOi = 3116980.0    620640.0
====================================
totalOIPCR = 0.57
AVG_VOLPCR= 1.13
atmPCR= 0.19  belowATM  0.29
atmVolPCR= 0.69  belowATM  1.03
True   78195.05   78000   False   True   31.26
no trade yet = [np.float64(12.68), np.float64(12.41), np.float64(11.79)]
curr Doji False
BSE:SENSEX2681378100PE  curr candle vol pcr = 0.5  PE= 219720  CE= 441300      cpr =  2.01
BSE:SENSEX2681378100PE  prev candle vol pcr = 0.71  PE= 176980  CE= 247980      cpr =  1.4
VOL_PRESSURE_WATCH: SINGLE_CANDLE_CALL_PRESSURE | currCPR= 2.01  prevCPR= 1.4
ATM_CE_premium= 163.5  ATM_PE_premium= 371.05
CE_PremChg= 0.95  PE_PremChg= -10.25
CandleBody= 20.1  PrevBody= -0.8  CandleRange= 45.1  Bullish
TotalVol= 661020  PrevTotalVol= 424960  VolSpike= 1.56 x 
SCALP_SCORE: NEUTRAL | BullScore= 1  BearScore= 1 | Confidence= LOW
DATAPOINT|10:18|FUT=78195.0|Body=20.1|PrevBody=-0.8|Range=45.1|RangeRatio=0.65|CurrVolPCR=0.5|PrevVolPCR=0.71|CurrCPR=2.01|PrevCPR=1.4|VolSpike=1.56|CE_PremChg=0.95|PE_PremChg=-10.25|BullScore=1|BearScore=1|Dir=NEUTRAL|Conf=LOW
CHART_PATTERN_DETECTED: BULLISH_ENGULFING | OUTSIDE_BAR | DOUBLE_TOP_FORMING
  PATTERN_CONTEXT: Body= 20.1  Range= 45.1  ExpectedRange= 69.0  RangeRatio= 0.65  O= 78175.0  H= 78195.0  L= 78150.0  C= 78195.0
BSE:SENSEX-INDEX  strikecount= 3   fyers <fyers_apiv3.fyersModel.FyersModel object at 0x7b8d52f4acc0>
======================================
oipcr1 =  BSE:SENSEX2681378100PE   0.29
oipcr2 =  BSE:SENSEX2681378000CE   0.46
oipcr3 =  BSE:SENSEX2681377900PE   0.71
oipcrBull = NoEntry  bulcount= 0  bearcount= 3 oipcrBear= BearTrade
atmpcr5 pcr6= 1.23    2.67
No Entry Yet
India VIX = 11.75  Spot Price = 77816.54
IV Regime = LOW (ADAPTIVE: P25= 12.03  P50= 12.43  P75= 13.27 ) | DailyRange = 1306.2 | 3minCandleRange = 68.7 (theoretical= 114.6 ) | ATMoptionMove = 30.9 | SL = 108 | Target = 108 | TrailTrigger = 31 | Spread = 300 | Buffer = 27
IV Params refreshed: {'vix': 11.75, 'bn_price': 77816.54, 'regime': 'LOW', 'regime_thresholds': 'P25=12.03 P50=12.43 P75=13.27', 'daily_range': 1306.2, 'candle_range': 68.7, 'atm_option_move': 30.9, 'sl_point': 108, 'target_point': 108, 'sl_pct_of_premium': 0.1, 'trail_trigger': 31, 'spread_width': 300, 'support_resistance_buffer': 27}
BSE:SENSEX-INDEX  strikecount= 8   fyers <fyers_apiv3.fyersModel.FyersModel object at 0x7b8d52f4acc0>
===
====after 3 min ochain==== 2026-08-12 10:21:00.000003
                                    oipcr   choipcr   totalOI
pcr1 =  BSE:SENSEX2681378600CE   0.14   -0.01 CALL added 525020   PUT unwind -4560  OI= 1217880
pcr2 =  BSE:SENSEX2681378500CE   0.13   -0.01 CALL added 1933860   PUT unwind -15820  OI= 3394200
pcr3 =  BSE:SENSEX2681378400PE   0.15   0.03 CALL added 755060   PUT added 22560  OI= 184580
pcr4 =  BSE:SENSEX2681378300PE   0.17   0.01 CALL added 1332420   PUT added 16660  OI= 329820
pcr5 =  BSE:SENSEX2681378200CE   0.19   -0.12 CALL added 1895200   PUT unwind -221500  OI= 2700200
pcr6 =  BSE:SENSEX2681378100PE   0.28    -0.01 CALL added 1700780   PUT unwind -23980  OI= 592540
pcr7 =  BSE:SENSEX2681378000CE   0.46   0.2 CALL added 3189960   PUT added 627940  OI= 3542920
pcr8 =  BSE:SENSEX2681377900PE   0.69   0.56 CALL added 1621400   PUT added 912680  OI= 1169800
pcr9 =  BSE:SENSEX2681377800CE   1.21   1.02 CALL added 1171140   PUT added 1192040  OI= 1221920
pcr10 =  BSE:SENSEX2681377700PE   2.65   2.02 CALL added 332380   PUT added 670240  OI= 928620
pcr11 =  BSE:SENSEX2681377600CE   5.55   3.89 CALL added 172700   PUT added 672460  OI= 187440
pcr12 =  BSE:SENSEX2681377500CE   6.21   4.18 CALL added 238320   PUT added 995960  OI= 273180
pcr13 =  BSE:SENSEX2681377400CE   16.59   12.61 CALL added 39160   PUT added 493720  OI= 46140
pcr14 =  BSE:SENSEX2681377300PE   18.12   7.29 CALL added 34580   PUT added 252100  OI= 729920
pcr15 =  BSE:SENSEX2681377200PE   50.74   46.95 CALL added 12440   PUT added 584000  OI= 947740
pcr16 =  BSE:SENSEX2681377100CE   66.8   78.88 CALL added 2780   PUT added 219300  OI= 6640
pcr17 =  BSE:SENSEX2681377000CE   30.49   15.88 CALL added 30420   PUT added 482960  OI= 50080
pcrSummation= 3.42  result =  ['BSE:SENSEX2681378600CE', 'BSE:SENSEX2681378500CE', 'BSE:SENSEX2681378400PE', 'BSE:SENSEX2681378300PE', 'BSE:SENSEX2681378200CE', 'BSE:SENSEX2681378100PE', 'BSE:SENSEX2681378000CE', 'BSE:SENSEX2681377900PE', 'BSE:SENSEX2681377800CE']
PCRSUM== 200.57
pcrSummation== 3.42
VOLPCRSUM== 9.900000000000002
spotLTP =  77816.54  ATM_STRIKE =  77800
IS_ATM_STRIKE_SHIFT = False  mapStrike = {77800: 77800}
avgOiPcrList2 = [np.float64(12.41), np.float64(11.79), np.float64(11.8)] atmStrikeNotShiftedCount= 6
False   6   3
SUPP_RES=== 78000  Buffer= 27
CEoich val =  3189960.0  PEoich val =  627940.0 , CE > PE by 80.3%
SUPP_RES TOTAL OI: CE= 3542920  PE= 1612980 , CE > PE by 54.5%
IS_MORNING_WINDOW= False  (active 9:15-9:48 IST)
================================================
==== signal check time ==== 2026-08-12 10:21:00.754638
IS_CHOI_DIFF_GT_25PERC== True
RSI_VAL1== 33.03
RSI_VAL2== 33.03
FUT_3m_OHLC O= 78176.0  H= 78204.3  L= 78176.0  C= 78204.3  Range= 28.3
CHART_PATTERN_DETECTED: DOUBLE_TOP_FORMING
  PATTERN_CONTEXT: Body= 28.3  Range= 28.3  ExpectedRange= 68.7  RangeRatio= 0.41  O= 78176.0  H= 78204.3  L= 78176.0  C= 78204.3
recent two = [np.float64(11.79), np.float64(11.8)]
newSynthFut =  78200
ATMStrike =  77800
AVG_OIPCR= 0.38
avgoiPCROld=  11.8
SUPP_RES = 78000
FUT LTP = 78204.3
CEchoi  PechOi = 3189960.0    627940.0
====================================
totalOIPCR = 0.56
AVG_VOLPCR= 1.1
atmPCR= 0.19  belowATM  0.28
atmVolPCR= 0.68  belowATM  1.01
True   78204.3   78000   False   False   33.03
curr Doji False
BSE:SENSEX2681378100PE  curr candle vol pcr = 0.39  PE= 142080  CE= 368620      cpr =  2.59
BSE:SENSEX2681378100PE  prev candle vol pcr = 0.5  PE= 219720  CE= 441300      cpr =  2.01
VOL_PRESSURE_ALERT: STRONG_CALL_PRESSURE | currCPR= 2.59  prevCPR= 2.01  Direction=BEARISH_SIGNAL (heavy CE buying = expecting down move)
ATM_CE_premium= 165.9  ATM_PE_premium= 363.7
CE_PremChg= 2.4  PE_PremChg= -7.35
CandleBody= 28.3  PrevBody= 20.1  CandleRange= 28.3  Bullish
TotalVol= 510700  PrevTotalVol= 661020  VolSpike= 0.77 x 
SCALP_SCORE: NEUTRAL | BullScore= 2  BearScore= 2 | Confidence= LOW
DATAPOINT|10:21|FUT=78204.3|Body=28.3|PrevBody=20.1|Range=28.3|RangeRatio=0.41|CurrVolPCR=0.39|PrevVolPCR=0.5|CurrCPR=2.59|PrevCPR=2.01|VolSpike=0.77|CE_PremChg=2.4|PE_PremChg=-7.35|BullScore=2|BearScore=2|Dir=NEUTRAL|Conf=LOW
CHART_PATTERN_DETECTED: DOUBLE_TOP_FORMING
  PATTERN_CONTEXT: Body= 28.3  Range= 28.3  ExpectedRange= 68.7  RangeRatio= 0.41  O= 78176.0  H= 78204.3  L= 78176.0  C= 78204.3
BSE:SENSEX-INDEX  strikecount= 3   fyers <fyers_apiv3.fyersModel.FyersModel object at 0x7b8d52f4acc0>
======================================
oipcr1 =  BSE:SENSEX2681378100PE   0.28
oipcr2 =  BSE:SENSEX2681378000CE   0.46
oipcr3 =  BSE:SENSEX2681377900PE   0.69
oipcrBull = NoEntry  bulcount= 0  bearcount= 3 oipcrBear= BearTrade
atmpcr5 pcr6= 1.21    2.65
No Entry Yet
India VIX = 11.75  Spot Price = 77857.71
IV Regime = LOW (ADAPTIVE: P25= 12.03  P50= 12.43  P75= 13.27 ) | DailyRange = 1306.9 | 3minCandleRange = 68.8 (theoretical= 114.6 ) | ATMoptionMove = 30.9 | SL = 108 | Target = 108 | TrailTrigger = 31 | Spread = 300 | Buffer = 28
IV Params refreshed: {'vix': 11.75, 'bn_price': 77857.71, 'regime': 'LOW', 'regime_thresholds': 'P25=12.03 P50=12.43 P75=13.27', 'daily_range': 1306.9, 'candle_range': 68.8, 'atm_option_move': 30.9, 'sl_point': 108, 'target_point': 108, 'sl_pct_of_premium': 0.1, 'trail_trigger': 31, 'spread_width': 300, 'support_resistance_buffer': 28}
BSE:SENSEX-INDEX  strikecount= 8   fyers <fyers_apiv3.fyersModel.FyersModel object at 0x7b8d52f4acc0>
===
====after 3 min ochain==== 2026-08-12 10:24:00.000001
                                    oipcr   choipcr   totalOI
pcr1 =  BSE:SENSEX2681378700PE   0.12   -0.0 CALL added 652500   PUT unwind -2420  OI= 141580
pcr2 =  BSE:SENSEX2681378600CE   0.13   -0.01 CALL added 565960   PUT unwind -5580  OI= 1258820
pcr3 =  BSE:SENSEX2681378500CE   0.13   -0.01 CALL added 2059220   PUT unwind -13720  OI= 3519560
pcr4 =  BSE:SENSEX2681378400PE   0.14   0.02 CALL added 803520   PUT added 19620  OI= 181640
pcr5 =  BSE:SENSEX2681378300PE   0.16   0.01 CALL added 1391920   PUT added 10580  OI= 323740
pcr6 =  BSE:SENSEX2681378200CE   0.19    -0.12 CALL added 1937960   PUT unwind -229960  OI= 2742960
pcr7 =  BSE:SENSEX2681378100PE   0.27   -0.02 CALL added 1742900   PUT unwind -36860  OI= 579660
pcr8 =  BSE:SENSEX2681378000CE   0.45   0.2 CALL added 3318200   PUT added 649360  OI= 3671160
pcr9 =  BSE:SENSEX2681377900PE   0.7   0.58 CALL added 1711120   PUT added 985720  OI= 1242840
pcr10 =  BSE:SENSEX2681377800CE   1.23   1.04 CALL added 1250220   PUT added 1305400  OI= 1301000
pcr11 =  BSE:SENSEX2681377700PE   2.58   1.99 CALL added 359580   PUT added 714340  OI= 972720
pcr12 =  BSE:SENSEX2681377600CE   5.92   4.29 CALL added 171940   PUT added 738200  OI= 186680
pcr13 =  BSE:SENSEX2681377500CE   6.43   4.4 CALL added 234020   PUT added 1029880  OI= 268880
pcr14 =  BSE:SENSEX2681377400CE   17.43   13.53 CALL added 38540   PUT added 521500  OI= 45520
pcr15 =  BSE:SENSEX2681377300PE   18.78   8.1 CALL added 34700   PUT added 280900  OI= 758720
pcr16 =  BSE:SENSEX2681377200PE   52.6   49.69 CALL added 12220   PUT added 607260  OI= 971000
pcr17 =  BSE:SENSEX2681377100CE   62.33   66.66 CALL added 3760   PUT added 250660  OI= 7620
pcrSummation= 3.4  result =  ['BSE:SENSEX2681378600CE', 'BSE:SENSEX2681378500CE', 'BSE:SENSEX2681378400PE', 'BSE:SENSEX2681378300PE', 'BSE:SENSEX2681378200CE', 'BSE:SENSEX2681378100PE', 'BSE:SENSEX2681378000CE', 'BSE:SENSEX2681377900PE', 'BSE:SENSEX2681377800CE']
PCRSUM== 169.59
pcrSummation== 3.4
VOLPCRSUM== 6.41
spotLTP =  77857.71  ATM_STRIKE =  77900
IS_ATM_STRIKE_SHIFT = True  mapStrike = {77900: 77900}
avgOiPcrList2 = [np.float64(9.98)] atmStrikeNotShiftedCount= 1
True   1   1
SUPP_RES=== 78000  Buffer= 28
CEoich val =  3318200.0  PEoich val =  649360.0 , CE > PE by 80.4%
SUPP_RES TOTAL OI: CE= 3671160  PE= 1634400 , CE > PE by 55.5%
IS_MORNING_WINDOW= False  (active 9:15-9:48 IST)
================================================
==== signal check time ==== 2026-08-12 10:24:00.725510
IS_CHOI_DIFF_GT_25PERC== True
RSI_VAL1== 33.75
RSI_VAL2== 33.75
FUT_3m_OHLC O= 78210.0  H= 78213.0  L= 78207.9  C= 78207.9  Range= 5.1
CHART_PATTERN_DETECTED: DOUBLE_TOP_FORMING
  PATTERN_CONTEXT: Body= -2.1  Range= 5.1  ExpectedRange= 68.8  RangeRatio= 0.07  O= 78210.0  H= 78213.0  L= 78207.9  C= 78207.9
newSynthFut =  78200
ATMStrike =  77900
AVG_OIPCR= 0.38
avgoiPCROld=  9.98
SUPP_RES = 78000
FUT LTP = 78207.9
CEchoi  PechOi = 3318200.0    649360.0
====================================
totalOIPCR = 0.56
AVG_VOLPCR= 0.71
atmPCR= 0.16  belowATM  0.19
atmVolPCR= 0.44  belowATM  0.68
True   78207.9   78000   False   False   33.75
curr Doji False
BSE:SENSEX2681378200PE  curr candle vol pcr = 0.25  PE= 59100  CE= 238600      cpr =  4.04
BSE:SENSEX2681378100PE  prev candle vol pcr = 0.39  PE= 142080  CE= 368620      cpr =  2.59
VOL_PRESSURE_ALERT: STRONG_CALL_PRESSURE | currCPR= 4.04  prevCPR= 2.59  Direction=BEARISH_SIGNAL (heavy CE buying = expecting down move)
ATM_CE_premium= 129.55  ATM_PE_premium= 431.6
CE_PremChg= -2.95  PE_PremChg= 1.15
CandleBody= -2.1  PrevBody= 28.3  CandleRange= 5.1  Bearish
TotalVol= 297700  PrevTotalVol= 510700  VolSpike= 0.58 x 
SCALP_SCORE: BEAR | BullScore= 0  BearScore= 2 | Confidence= LOW
DATAPOINT|10:24|FUT=78207.9|Body=-2.1|PrevBody=28.3|Range=5.1|RangeRatio=0.07|CurrVolPCR=0.25|PrevVolPCR=0.39|CurrCPR=4.04|PrevCPR=2.59|VolSpike=0.58|CE_PremChg=-2.95|PE_PremChg=1.15|BullScore=0|BearScore=2|Dir=BEAR|Conf=LOW
CHART_PATTERN_DETECTED: DOUBLE_TOP_FORMING
  PATTERN_CONTEXT: Body= -2.1  Range= 5.1  ExpectedRange= 68.8  RangeRatio= 0.07  O= 78210.0  H= 78213.0  L= 78207.9  C= 78207.9
BSE:SENSEX-INDEX  strikecount= 3   fyers <fyers_apiv3.fyersModel.FyersModel object at 0x7b8d52f4acc0>
======================================
oipcr1 =  BSE:SENSEX2681378200CE   0.19
oipcr2 =  BSE:SENSEX2681378100PE   0.27
oipcr3 =  BSE:SENSEX2681378000CE   0.45
oipcrBull = NoEntry  bulcount= 0  bearcount= 3 oipcrBear= BearTrade
atmpcr5 pcr6= 0.7    1.23
No Entry Yet
India VIX = 11.74  Spot Price = 77861.61
IV Regime = LOW (ADAPTIVE: P25= 12.03  P50= 12.43  P75= 13.27 ) | DailyRange = 1305.9 | 3minCandleRange = 68.7 (theoretical= 114.5 ) | ATMoptionMove = 30.9 | SL = 108 | Target = 108 | TrailTrigger = 31 | Spread = 300 | Buffer = 27
IV Params refreshed: {'vix': 11.74, 'bn_price': 77861.61, 'regime': 'LOW', 'regime_thresholds': 'P25=12.03 P50=12.43 P75=13.27', 'daily_range': 1305.9, 'candle_range': 68.7, 'atm_option_move': 30.9, 'sl_point': 108, 'target_point': 108, 'sl_pct_of_premium': 0.1, 'trail_trigger': 31, 'spread_width': 300, 'support_resistance_buffer': 27}
BSE:SENSEX-INDEX  strikecount= 8   fyers <fyers_apiv3.fyersModel.FyersModel object at 0x7b8d52f4acc0>
===
====after 3 min ochain==== 2026-08-12 10:27:00.000007
                                    oipcr   choipcr   totalOI
pcr1 =  BSE:SENSEX2681378700PE   0.12   -0.0 CALL added 650280   PUT unwind -2340  OI= 141660
pcr2 =  BSE:SENSEX2681378600CE   0.13   -0.01 CALL added 564980   PUT unwind -4620  OI= 1257840
pcr3 =  BSE:SENSEX2681378500CE   0.13   -0.01 CALL added 2077740   PUT unwind -12220  OI= 3538080
pcr4 =  BSE:SENSEX2681378400PE   0.14   0.02 CALL added 815100   PUT added 17280  OI= 179300
pcr5 =  BSE:SENSEX2681378300PE   0.16   0.01 CALL added 1404440   PUT added 9900  OI= 323060
pcr6 =  BSE:SENSEX2681378200CE   0.19    -0.12 CALL added 1953040   PUT unwind -227960  OI= 2758040
pcr7 =  BSE:SENSEX2681378100PE   0.27   -0.02 CALL added 1752420   PUT unwind -39280  OI= 577240
pcr8 =  BSE:SENSEX2681378000CE   0.44   0.19 CALL added 3368380   PUT added 645620  OI= 3721340
pcr9 =  BSE:SENSEX2681377900PE   0.69   0.57 CALL added 1729880   PUT added 983920  OI= 1241040
pcr10 =  BSE:SENSEX2681377800CE   1.23   1.05 CALL added 1273380   PUT added 1334160  OI= 1324160
pcr11 =  BSE:SENSEX2681377700PE   2.48   1.9 CALL added 366100   PUT added 694340  OI= 952720
pcr12 =  BSE:SENSEX2681377600CE   5.94   4.33 CALL added 173660   PUT added 751820  OI= 188400
pcr13 =  BSE:SENSEX2681377500CE   6.41   4.35 CALL added 231400   PUT added 1006520  OI= 266260
pcr14 =  BSE:SENSEX2681377400CE   18.53   14.61 CALL added 36360   PUT added 531400  OI= 43340
pcr15 =  BSE:SENSEX2681377300PE   19.55   9.05 CALL added 34900   PUT added 316000  OI= 793820
pcr16 =  BSE:SENSEX2681377200PE   53.94   51.71 CALL added 12180   PUT added 629860  OI= 993600
pcr17 =  BSE:SENSEX2681377100CE   62.59   67.07 CALL added 3860   PUT added 258900  OI= 7720
pcrSummation= 3.38  result =  ['BSE:SENSEX2681378600CE', 'BSE:SENSEX2681378500CE', 'BSE:SENSEX2681378400PE', 'BSE:SENSEX2681378300PE', 'BSE:SENSEX2681378200CE', 'BSE:SENSEX2681378100PE', 'BSE:SENSEX2681378000CE', 'BSE:SENSEX2681377900PE', 'BSE:SENSEX2681377800CE']
PCRSUM== 172.94
pcrSummation== 3.38
VOLPCRSUM== 6.34
spotLTP =  77861.61  ATM_STRIKE =  77900
IS_ATM_STRIKE_SHIFT = False  mapStrike = {77900: 77900}
avgOiPcrList2 = [np.float64(9.98), np.float64(10.17)] atmStrikeNotShiftedCount= 2
False   2   2
SUPP_RES=== 78000  Buffer= 27
CEoich val =  3368380.0  PEoich val =  645620.0 , CE > PE by 80.8%
SUPP_RES TOTAL OI: CE= 3721340  PE= 1630660 , CE > PE by 56.2%
IS_MORNING_WINDOW= False  (active 9:15-9:48 IST)
================================================
==== signal check time ==== 2026-08-12 10:27:00.693119
IS_CHOI_DIFF_GT_25PERC== True
RSI_VAL1== 36.38
RSI_VAL2== 36.38
FUT_3m_OHLC O= 78210.0  H= 78220.8  L= 78200.0  C= 78220.8  Range= 20.9
CHART_PATTERN_DETECTED: OUTSIDE_BAR | DOUBLE_TOP_FORMING
  PATTERN_CONTEXT: Body= 10.9  Range= 20.9  ExpectedRange= 68.7  RangeRatio= 0.3  O= 78210.0  H= 78220.8  L= 78200.0  C= 78220.8
newSynthFut =  78200
ATMStrike =  77900
AVG_OIPCR= 0.38
avgoiPCROld=  10.17
SUPP_RES = 78000
FUT LTP = 78220.85
CEchoi  PechOi = 3368380.0    645620.0
====================================
totalOIPCR = 0.56
AVG_VOLPCR= 0.7
atmPCR= 0.16  belowATM  0.19
atmVolPCR= 0.43  belowATM  0.67
True   78220.85   78000   False   False   36.38
curr Doji False
BSE:SENSEX2681378200PE  curr candle vol pcr = 0.3  PE= 86080  CE= 288840      cpr =  3.36
BSE:SENSEX2681378200PE  prev candle vol pcr = 0.25  PE= 59100  CE= 238600      cpr =  4.04
VOL_PRESSURE_ALERT: STRONG_CALL_PRESSURE | currCPR= 3.36  prevCPR= 4.04  Direction=BEARISH_SIGNAL (heavy CE buying = expecting down move)
ATM_CE_premium= 130.35  ATM_PE_premium= 425.65
CE_PremChg= 0.8  PE_PremChg= -5.95
CandleBody= 10.9  PrevBody= -2.1  CandleRange= 20.9  Bullish
TotalVol= 374920  PrevTotalVol= 297700  VolSpike= 1.26 x 
SCALP_SCORE: BEAR | BullScore= 0  BearScore= 2 | Confidence= LOW
DATAPOINT|10:27|FUT=78220.8|Body=10.9|PrevBody=-2.1|Range=20.9|RangeRatio=0.3|CurrVolPCR=0.3|PrevVolPCR=0.25|CurrCPR=3.36|PrevCPR=4.04|VolSpike=1.26|CE_PremChg=0.8|PE_PremChg=-5.95|BullScore=0|BearScore=2|Dir=BEAR|Conf=LOW
CHART_PATTERN_DETECTED: OUTSIDE_BAR | DOUBLE_TOP_FORMING
  PATTERN_CONTEXT: Body= 10.9  Range= 20.9  ExpectedRange= 68.7  RangeRatio= 0.3  O= 78210.0  H= 78220.8  L= 78200.0  C= 78220.8
BSE:SENSEX-INDEX  strikecount= 3   fyers <fyers_apiv3.fyersModel.FyersModel object at 0x7b8d52f4acc0>
======================================
oipcr1 =  BSE:SENSEX2681378200CE   0.19
oipcr2 =  BSE:SENSEX2681378100PE   0.27
oipcr3 =  BSE:SENSEX2681378000CE   0.44
oipcrBull = NoEntry  bulcount= 0  bearcount= 3 oipcrBear= BearTrade
atmpcr5 pcr6= 0.69    1.23
No Entry Yet
India VIX = 11.74  Spot Price = 77828.75
IV Regime = LOW (ADAPTIVE: P25= 12.03  P50= 12.43  P75= 13.27 ) | DailyRange = 1305.3 | 3minCandleRange = 68.7 (theoretical= 114.5 ) | ATMoptionMove = 30.9 | SL = 108 | Target = 108 | TrailTrigger = 31 | Spread = 300 | Buffer = 27
IV Params refreshed: {'vix': 11.74, 'bn_price': 77828.75, 'regime': 'LOW', 'regime_thresholds': 'P25=12.03 P50=12.43 P75=13.27', 'daily_range': 1305.3, 'candle_range': 68.7, 'atm_option_move': 30.9, 'sl_point': 108, 'target_point': 108, 'sl_pct_of_premium': 0.1, 'trail_trigger': 31, 'spread_width': 300, 'support_resistance_buffer': 27}
BSE:SENSEX-INDEX  strikecount= 8   fyers <fyers_apiv3.fyersModel.FyersModel object at 0x7b8d52f4acc0>
===
====after 3 min ochain==== 2026-08-12 10:30:00.000003
                                    oipcr   choipcr   totalOI
pcr1 =  BSE:SENSEX2681378600CE   0.13   -0.01 CALL added 571700   PUT unwind -5060  OI= 1264560
pcr2 =  BSE:SENSEX2681378500CE   0.13   -0.01 CALL added 2064780   PUT unwind -11500  OI= 3525120
pcr3 =  BSE:SENSEX2681378400PE   0.14   0.02 CALL added 810600   PUT added 15920  OI= 177940
pcr4 =  BSE:SENSEX2681378300PE   0.16   0.01 CALL added 1395720   PUT added 12240  OI= 325400
pcr5 =  BSE:SENSEX2681378200CE   0.19   -0.12 CALL added 1949300   PUT unwind -226080  OI= 2754300
pcr6 =  BSE:SENSEX2681378100PE   0.27    -0.01 CALL added 1778780   PUT unwind -25300  OI= 591220
pcr7 =  BSE:SENSEX2681378000CE   0.45   0.2 CALL added 3365020   PUT added 671900  OI= 3717980
pcr8 =  BSE:SENSEX2681377900PE   0.71   0.59 CALL added 1751360   PUT added 1040500  OI= 1297620
pcr9 =  BSE:SENSEX2681377800CE   1.22   1.05 CALL added 1338160   PUT added 1411420  OI= 1388940
pcr10 =  BSE:SENSEX2681377700PE   2.68   2.1 CALL added 362040   PUT added 758840  OI= 1017220
pcr11 =  BSE:SENSEX2681377600CE   6.02   4.41 CALL added 172120   PUT added 758300  OI= 186860
pcr12 =  BSE:SENSEX2681377500CE   6.62   4.6 CALL added 231740   PUT added 1066040  OI= 266600
pcr13 =  BSE:SENSEX2681377400CE   18.95   15.14 CALL added 36640   PUT added 554760  OI= 43620
pcr14 =  BSE:SENSEX2681377300PE   20.19   9.8 CALL added 34920   PUT added 342260  OI= 820080
pcr15 =  BSE:SENSEX2681377200PE   53.8   51.57 CALL added 12560   PUT added 647780  OI= 1011520
pcr16 =  BSE:SENSEX2681377100CE   63.86   69.62 CALL added 3860   PUT added 268740  OI= 7720
pcr17 =  BSE:SENSEX2681377000CE   37.55   25.68 CALL added 25740   PUT added 660920  OI= 45400
pcrSummation= 3.3999999999999995  result =  ['BSE:SENSEX2681378600CE', 'BSE:SENSEX2681378500CE', 'BSE:SENSEX2681378400PE', 'BSE:SENSEX2681378300PE', 'BSE:SENSEX2681378200CE', 'BSE:SENSEX2681378100PE', 'BSE:SENSEX2681378000CE', 'BSE:SENSEX2681377900PE', 'BSE:SENSEX2681377800CE']
PCRSUM== 213.07
pcrSummation== 3.4
VOLPCRSUM== 9.42
spotLTP =  77828.75  ATM_STRIKE =  77800
IS_ATM_STRIKE_SHIFT = True  mapStrike = {77800: 77800}
avgOiPcrList2 = [np.float64(12.53)] atmStrikeNotShiftedCount= 1
True   1   1
SUPP_RES=== 78000  Buffer= 27
CEoich val =  3365020.0  PEoich val =  671900.0 , CE > PE by 80.0%
SUPP_RES TOTAL OI: CE= 3717980  PE= 1656940 , CE > PE by 55.4%
IS_MORNING_WINDOW= False  (active 9:15-9:48 IST)
================================================
==== signal check time ==== 2026-08-12 10:30:00.861845
IS_CHOI_DIFF_GT_25PERC== True
RSI_VAL1== 32.15
RSI_VAL2== 32.15
FUT_3m_OHLC O= 78218.0  H= 78218.0  L= 78181.0  C= 78181.0  Range= 37.0
CHART_PATTERN_DETECTED: DOUBLE_TOP_FORMING | DOUBLE_BOTTOM_FORMING
  PATTERN_CONTEXT: Body= -37.0  Range= 37.0  ExpectedRange= 68.7  RangeRatio= 0.54  O= 78218.0  H= 78218.0  L= 78181.0  C= 78181.0
newSynthFut =  78200
ATMStrike =  77800
AVG_OIPCR= 0.38
avgoiPCROld=  12.53
SUPP_RES = 78000
FUT LTP = 78181.0
CEchoi  PechOi = 3365020.0    671900.0
====================================
totalOIPCR = 0.57
AVG_VOLPCR= 1.05
atmPCR= 0.19  belowATM  0.27
atmVolPCR= 0.66  belowATM  0.98
True   78181.0   78000   False   False   32.15
curr Doji False
BSE:SENSEX2681378200PE  curr candle vol pcr = 0.31  PE= 70200  CE= 227280      cpr =  3.24
BSE:SENSEX2681378200PE  prev candle vol pcr = 0.3  PE= 86080  CE= 288840      cpr =  3.36
VOL_PRESSURE_ALERT: STRONG_CALL_PRESSURE | currCPR= 3.24  prevCPR= 3.36  Direction=BEARISH_SIGNAL (heavy CE buying = expecting down move)
ATM_CE_premium= 125.15  ATM_PE_premium= 436.85
CE_PremChg= -5.2  PE_PremChg= 11.2
CandleBody= -37.0  PrevBody= 10.9  CandleRange= 37.0  Bearish
TotalVol= 297480  PrevTotalVol= 374920  VolSpike= 0.79 x 
SCALP_SCORE: BEAR | BullScore= 0  BearScore= 3 | Confidence= MEDIUM
  SCALP_BEAR_REASONS: VolCPR_2candle_bear + StrongBearCandle(100%)
DATAPOINT|10:30|FUT=78181.0|Body=-37.0|PrevBody=10.9|Range=37.0|RangeRatio=0.54|CurrVolPCR=0.31|PrevVolPCR=0.3|CurrCPR=3.24|PrevCPR=3.36|VolSpike=0.79|CE_PremChg=-5.2|PE_PremChg=11.2|BullScore=0|BearScore=3|Dir=BEAR|Conf=MEDIUM
CHART_PATTERN_DETECTED: DOUBLE_TOP_FORMING | DOUBLE_BOTTOM_FORMING
  PATTERN_CONTEXT: Body= -37.0  Range= 37.0  ExpectedRange= 68.7  RangeRatio= 0.54  O= 78218.0  H= 78218.0  L= 78181.0  C= 78181.0
BSE:SENSEX-INDEX  strikecount= 3   fyers <fyers_apiv3.fyersModel.FyersModel object at 0x7b8d52f4acc0>
======================================
oipcr1 =  BSE:SENSEX2681378100PE   0.27
oipcr2 =  BSE:SENSEX2681378000CE   0.45
oipcr3 =  BSE:SENSEX2681377900PE   0.71
oipcrBull = NoEntry  bulcount= 0  bearcount= 3 oipcrBear= BearTrade
atmpcr5 pcr6= 1.22    2.68
No Entry Yet
India VIX = 11.73  Spot Price = 77875.59
IV Regime = LOW (ADAPTIVE: P25= 12.03  P50= 12.43  P75= 13.27 ) | DailyRange = 1305.0 | 3minCandleRange = 68.7 (theoretical= 114.5 ) | ATMoptionMove = 30.9 | SL = 108 | Target = 108 | TrailTrigger = 31 | Spread = 300 | Buffer = 27
IV Params refreshed: {'vix': 11.73, 'bn_price': 77875.59, 'regime': 'LOW', 'regime_thresholds': 'P25=12.03 P50=12.43 P75=13.27', 'daily_range': 1305.0, 'candle_range': 68.7, 'atm_option_move': 30.9, 'sl_point': 108, 'target_point': 108, 'sl_pct_of_premium': 0.1, 'trail_trigger': 31, 'spread_width': 300, 'support_resistance_buffer': 27}
BSE:SENSEX-INDEX  strikecount= 8   fyers <fyers_apiv3.fyersModel.FyersModel object at 0x7b8d52f4acc0>
===
====after 3 min ochain==== 2026-08-12 10:33:00.000173
                                    oipcr   choipcr   totalOI
pcr1 =  BSE:SENSEX2681378700PE   0.12   -0.0 CALL added 639040   PUT unwind -2120  OI= 141880
pcr2 =  BSE:SENSEX2681378600CE   0.13   -0.01 CALL added 588780   PUT unwind -6100  OI= 1281640
pcr3 =  BSE:SENSEX2681378500CE   0.13   -0.01 CALL added 2077400   PUT unwind -12020  OI= 3537740
pcr4 =  BSE:SENSEX2681378400PE   0.13   0.02 CALL added 824920   PUT added 12960  OI= 174980
pcr5 =  BSE:SENSEX2681378300PE   0.17   0.01 CALL added 1396060   PUT added 17200  OI= 330360
pcr6 =  BSE:SENSEX2681378200CE   0.19    -0.11 CALL added 1941880   PUT unwind -223060  OI= 2746880
pcr7 =  BSE:SENSEX2681378100PE   0.27   -0.01 CALL added 1767820   PUT unwind -18100  OI= 598420
pcr8 =  BSE:SENSEX2681378000CE   0.45   0.2 CALL added 3354600   PUT added 682240  OI= 3707560
pcr9 =  BSE:SENSEX2681377900PE   0.72   0.61 CALL added 1755280   PUT added 1062960  OI= 1320080
pcr10 =  BSE:SENSEX2681377800CE   1.28   1.11 CALL added 1333280   PUT added 1483360  OI= 1384060
pcr11 =  BSE:SENSEX2681377700PE   2.75   2.15 CALL added 348960   PUT added 751980  OI= 1010360
pcr12 =  BSE:SENSEX2681377600CE   6.14   4.54 CALL added 173160   PUT added 785640  OI= 187900
pcr13 =  BSE:SENSEX2681377500CE   6.38   4.41 CALL added 242600   PUT added 1069700  OI= 277460
pcr14 =  BSE:SENSEX2681377400CE   20.06   16.34 CALL added 35400   PUT added 578520  OI= 42380
pcr15 =  BSE:SENSEX2681377300PE   21.16   10.8 CALL added 34480   PUT added 372360  OI= 850180
pcr16 =  BSE:SENSEX2681377200PE   53.64   51.4 CALL added 12980   PUT added 667160  OI= 1030900
pcr17 =  BSE:SENSEX2681377100CE   65.23   72.31 CALL added 3880   PUT added 280580  OI= 7740
pcrSummation= 3.4699999999999998  result =  ['BSE:SENSEX2681378600CE', 'BSE:SENSEX2681378500CE', 'BSE:SENSEX2681378400PE', 'BSE:SENSEX2681378300PE', 'BSE:SENSEX2681378200CE', 'BSE:SENSEX2681378100PE', 'BSE:SENSEX2681378000CE', 'BSE:SENSEX2681377900PE', 'BSE:SENSEX2681377800CE']
PCRSUM== 178.95
pcrSummation== 3.47
VOLPCRSUM== 6.199999999999999
spotLTP =  77876.65  ATM_STRIKE =  77900
IS_ATM_STRIKE_SHIFT = True  mapStrike = {77900: 77900}
avgOiPcrList2 = [np.float64(10.53)] atmStrikeNotShiftedCount= 1
True   1   1
SUPP_RES=== 78000  Buffer= 27
CEoich val =  3354600.0  PEoich val =  682240.0 , CE > PE by 79.7%
SUPP_RES TOTAL OI: CE= 3707560  PE= 1667280 , CE > PE by 55.0%
IS_MORNING_WINDOW= False  (active 9:15-9:48 IST)
================================================
==== signal check time ==== 2026-08-12 10:33:00.699762
IS_CHOI_DIFF_GT_25PERC== True
RSI_VAL1== 43.89
RSI_VAL2== 43.89
FUT_3m_OHLC O= 78196.4  H= 78247.6  L= 78196.4  C= 78247.6  Range= 51.2
CHART_PATTERN_DETECTED: DOUBLE_BOTTOM_FORMING | STRONG_MOMENTUM_BULL
  PATTERN_CONTEXT: Body= 51.2  Range= 51.2  ExpectedRange= 68.7  RangeRatio= 0.75  O= 78196.4  H= 78247.6  L= 78196.4  C= 78247.6
newSynthFut =  78200
ATMStrike =  77900
AVG_OIPCR= 0.39
avgoiPCROld=  10.53
SUPP_RES = 78000
FUT LTP = 78247.55
CEchoi  PechOi = 3354600.0    682240.0
====================================
totalOIPCR = 0.57
AVG_VOLPCR= 0.69
atmPCR= 0.17  belowATM  0.19
atmVolPCR= 0.43  belowATM  0.66
True   78247.55   78000   False   False   43.89
curr Doji False
BSE:SENSEX2681378100PE  curr candle vol pcr = 0.31  PE= 158760  CE= 515900      cpr =  3.25
BSE:SENSEX2681378200PE  prev candle vol pcr = 0.31  PE= 70200  CE= 227280      cpr =  3.24
VOL_PRESSURE_ALERT: STRONG_CALL_PRESSURE | currCPR= 3.25  prevCPR= 3.24  Direction=BEARISH_SIGNAL (heavy CE buying = expecting down move)
ATM_CE_premium= 173.75  ATM_PE_premium= 334.7
CE_PremChg= 16.1  PE_PremChg= -34.3
CandleBody= 51.2  PrevBody= -37.0  CandleRange= 51.2  Bullish
TotalVol= 674660  PrevTotalVol= 297480  VolSpike= 2.27 x  SPIKE!
SCALP_SCORE: BEAR | BullScore= 2  BearScore= 3 | Confidence= MEDIUM
  SCALP_BEAR_REASONS: VolCPR_2candle_bear + PremMomentum_bear(PE-34.3,CE+16.1)
DATAPOINT|10:33|FUT=78247.6|Body=51.2|PrevBody=-37.0|Range=51.2|RangeRatio=0.75|CurrVolPCR=0.31|PrevVolPCR=0.31|CurrCPR=3.25|PrevCPR=3.24|VolSpike=2.27|CE_PremChg=16.1|PE_PremChg=-34.3|BullScore=2|BearScore=3|Dir=BEAR|Conf=MEDIUM
CHART_PATTERN_DETECTED: DOUBLE_BOTTOM_FORMING | STRONG_MOMENTUM_BULL
  PATTERN_CONTEXT: Body= 51.2  Range= 51.2  ExpectedRange= 68.7  RangeRatio= 0.75  O= 78196.4  H= 78247.6  L= 78196.4  C= 78247.6
BSE:SENSEX-INDEX  strikecount= 3   fyers <fyers_apiv3.fyersModel.FyersModel object at 0x7b8d52f4acc0>
======================================
oipcr1 =  BSE:SENSEX2681378200CE   0.19
oipcr2 =  BSE:SENSEX2681378100PE   0.27
oipcr3 =  BSE:SENSEX2681378000CE   0.45
oipcrBull = NoEntry  bulcount= 0  bearcount= 3 oipcrBear= BearTrade
atmpcr5 pcr6= 0.72    1.28
No Entry Yet
India VIX = 11.75  Spot Price = 77907.45
IV Regime = LOW (ADAPTIVE: P25= 12.03  P50= 12.43  P75= 13.27 ) | DailyRange = 1307.7 | 3minCandleRange = 68.8 (theoretical= 114.7 ) | ATMoptionMove = 31.0 | SL = 108 | Target = 108 | TrailTrigger = 31 | Spread = 300 | Buffer = 28
IV Params refreshed: {'vix': 11.75, 'bn_price': 77907.45, 'regime': 'LOW', 'regime_thresholds': 'P25=12.03 P50=12.43 P75=13.27', 'daily_range': 1307.7, 'candle_range': 68.8, 'atm_option_move': 31.0, 'sl_point': 108, 'target_point': 108, 'sl_pct_of_premium': 0.1, 'trail_trigger': 31, 'spread_width': 300, 'support_resistance_buffer': 28}
BSE:SENSEX-INDEX  strikecount= 8   fyers <fyers_apiv3.fyersModel.FyersModel object at 0x7b8d52f4acc0>
===
====after 3 min ochain==== 2026-08-12 10:36:00.000004
                                    oipcr   choipcr   totalOI
pcr1 =  BSE:SENSEX2681378700PE   0.11   -0.0 CALL added 700020   PUT unwind -600  OI= 143400
pcr2 =  BSE:SENSEX2681378600CE   0.13   -0.01 CALL added 616860   PUT unwind -7140  OI= 1309720
pcr3 =  BSE:SENSEX2681378500CE   0.13   -0.0 CALL added 2068140   PUT unwind -7900  OI= 3528480
pcr4 =  BSE:SENSEX2681378400PE   0.13   0.01 CALL added 836840   PUT added 9080  OI= 171100
pcr5 =  BSE:SENSEX2681378300PE   0.17   0.01 CALL added 1387680   PUT added 20320  OI= 333480
pcr6 =  BSE:SENSEX2681378200CE   0.2    -0.12 CALL added 1872320   PUT unwind -215340  OI= 2677320
pcr7 =  BSE:SENSEX2681378100PE   0.3   -0.01 CALL added 1614840   PUT unwind -11800  OI= 604720
pcr8 =  BSE:SENSEX2681378000CE   0.48   0.22 CALL added 3179740   PUT added 713420  OI= 3532700
pcr9 =  BSE:SENSEX2681377900PE   0.79   0.67 CALL added 1710860   PUT added 1142420  OI= 1399540
pcr10 =  BSE:SENSEX2681377800CE   1.66   1.47 CALL added 1071940   PUT added 1574780  OI= 1122720
pcr11 =  BSE:SENSEX2681377700PE   3.29   2.65 CALL added 312980   PUT added 830040  OI= 1088420
pcr12 =  BSE:SENSEX2681377600CE   6.58   4.89 CALL added 160640   PUT added 785800  OI= 175380
pcr13 =  BSE:SENSEX2681377500CE   6.8   4.79 CALL added 229860   PUT added 1100740  OI= 264720
pcr14 =  BSE:SENSEX2681377400CE   23.09   19.5 CALL added 30820   PUT added 600960  OI= 37800
pcr15 =  BSE:SENSEX2681377300PE   24.91   13.04 CALL added 28300   PUT added 369080  OI= 846900
pcr16 =  BSE:SENSEX2681377200PE   55.89   54.65 CALL added 12080   PUT added 660180  OI= 1023920
pcr17 =  BSE:SENSEX2681377100CE   64.39   70.88 CALL added 3740   PUT added 265100  OI= 7600
pcrSummation= 2.4400000000000004  result =  ['BSE:SENSEX2681378700PE', 'BSE:SENSEX2681378600CE', 'BSE:SENSEX2681378500CE', 'BSE:SENSEX2681378400PE', 'BSE:SENSEX2681378300PE', 'BSE:SENSEX2681378200CE', 'BSE:SENSEX2681378100PE', 'BSE:SENSEX2681378000CE', 'BSE:SENSEX2681377900PE']
PCRSUM== 189.05
pcrSummation== 2.44
VOLPCRSUM== 6.0
spotLTP =  77906.89  ATM_STRIKE =  77900
IS_ATM_STRIKE_SHIFT = False  mapStrike = {77900: 77900}
avgOiPcrList2 = [np.float64(10.53), np.float64(11.12)] atmStrikeNotShiftedCount= 2
False   2   2
SUPP_RES=== 78500  Buffer= 28
CEoich val =  2068140.0  PEoich val =  -7900.0 , CE > PE by 100.4%
SUPP_RES TOTAL OI: CE= 3528480  PE= 463020 , CE > PE by 86.9%
IS_MORNING_WINDOW= False  (active 9:15-9:48 IST)
CHOI_UNWIND: PE side unwinding at SUPP_RES (PEchoi=-7900.0) - CHOI-based logic skipped this cycle
================================================
==== signal check time ==== 2026-08-12 10:36:00.687393
IS_CHOI_DIFF_GT_25PERC== False
RSI_VAL1== 45.0
RSI_VAL2== 45.0
FUT_3m_OHLC O= 78260.3  H= 78272.4  L= 78254.8  C= 78254.8  Range= 17.6
CHART_PATTERN_DETECTED: SHOOTING_STAR | DOUBLE_BOTTOM_FORMING
  PATTERN_CONTEXT: Body= -5.6  Range= 17.6  ExpectedRange= 68.8  RangeRatio= 0.26  O= 78260.3  H= 78272.4  L= 78254.8  C= 78254.8
newSynthFut =  78300
ATMStrike =  77900
AVG_OIPCR= 0.27
avgoiPCROld=  11.12
SUPP_RES = 78500
FUT LTP = 78254.75
CEchoi  PechOi = 2068140.0    -7900.0
====================================
totalOIPCR = 0.59
AVG_VOLPCR= 0.67
atmPCR= 0.17  belowATM  0.2
atmVolPCR= 0.42  belowATM  0.64
False   78254.75   78500   False   False   45.0
curr Doji False
BSE:SENSEX2681378200PE  curr candle vol pcr = 0.24  PE= 195060  CE= 829660      cpr =  4.25
BSE:SENSEX2681378100PE  prev candle vol pcr = 0.31  PE= 158760  CE= 515900      cpr =  3.25
VOL_PRESSURE_ALERT: STRONG_CALL_PRESSURE | currCPR= 4.25  prevCPR= 3.25  Direction=BEARISH_SIGNAL (heavy CE buying = expecting down move)
ATM_CE_premium= 141.5  ATM_PE_premium= 392.95
CE_PremChg= 3.85  PE_PremChg= -7.0
CandleBody= -5.6  PrevBody= 51.2  CandleRange= 17.6  Bearish
TotalVol= 1024720  PrevTotalVol= 674660  VolSpike= 1.52 x 
SCALP_SCORE: BEAR | BullScore= 0  BearScore= 3 | Confidence= MEDIUM
  SCALP_BEAR_REASONS: VolCPR_2candle_bear + VolRise(1.52x)_bear
DATAPOINT|10:36|FUT=78254.8|Body=-5.6|PrevBody=51.2|Range=17.6|RangeRatio=0.26|CurrVolPCR=0.24|PrevVolPCR=0.31|CurrCPR=4.25|PrevCPR=3.25|VolSpike=1.52|CE_PremChg=3.85|PE_PremChg=-7.0|BullScore=0|BearScore=3|Dir=BEAR|Conf=MEDIUM
CHART_PATTERN_DETECTED: SHOOTING_STAR | DOUBLE_BOTTOM_FORMING
  PATTERN_CONTEXT: Body= -5.6  Range= 17.6  ExpectedRange= 68.8  RangeRatio= 0.26  O= 78260.3  H= 78272.4  L= 78254.8  C= 78254.8
BSE:SENSEX-INDEX  strikecount= 3   fyers <fyers_apiv3.fyersModel.FyersModel object at 0x7b8d52f4acc0>
======================================
oipcr1 =  BSE:SENSEX2681378200CE   0.2
oipcr2 =  BSE:SENSEX2681378100PE   0.3
oipcr3 =  BSE:SENSEX2681378000CE   0.48
oipcrBull = NoEntry  bulcount= 0  bearcount= 3 oipcrBear= BearTrade
atmpcr5 pcr6= 0.79    1.66
No Entry Yet
India VIX = 11.75  Spot Price = 77886.06
IV Regime = LOW (ADAPTIVE: P25= 12.03  P50= 12.43  P75= 13.27 ) | DailyRange = 1307.4 | 3minCandleRange = 68.8 (theoretical= 114.7 ) | ATMoptionMove = 31.0 | SL = 108 | Target = 108 | TrailTrigger = 31 | Spread = 300 | Buffer = 28
IV Params refreshed: {'vix': 11.75, 'bn_price': 77886.06, 'regime': 'LOW', 'regime_thresholds': 'P25=12.03 P50=12.43 P75=13.27', 'daily_range': 1307.4, 'candle_range': 68.8, 'atm_option_move': 31.0, 'sl_point': 108, 'target_point': 108, 'sl_pct_of_premium': 0.1, 'trail_trigger': 31, 'spread_width': 300, 'support_resistance_buffer': 28}
BSE:SENSEX-INDEX  strikecount= 8   fyers <fyers_apiv3.fyersModel.FyersModel object at 0x7b8d52f4acc0>
===
====after 3 min ochain==== 2026-08-12 10:39:00.000003
                                    oipcr   choipcr   totalOI
pcr1 =  BSE:SENSEX2681378700PE   0.11   -0.0 CALL added 707800   PUT unwind -2800  OI= 141200
pcr2 =  BSE:SENSEX2681378600CE   0.13   -0.01 CALL added 619240   PUT unwind -6840  OI= 1312100
pcr3 =  BSE:SENSEX2681378500CE   0.13   -0.0 CALL added 2065300   PUT unwind -5440  OI= 3525640
pcr4 =  BSE:SENSEX2681378400PE   0.13   0.01 CALL added 835740   PUT added 9900  OI= 171920
pcr5 =  BSE:SENSEX2681378300PE   0.17   0.02 CALL added 1379040   PUT added 25160  OI= 338320
pcr6 =  BSE:SENSEX2681378200CE   0.2    -0.12 CALL added 1856420   PUT unwind -213800  OI= 2661420
pcr7 =  BSE:SENSEX2681378100PE   0.32   0.02 CALL added 1596040   PUT added 28580  OI= 645100
pcr8 =  BSE:SENSEX2681378000CE   0.5   0.24 CALL added 3164040   PUT added 767720  OI= 3517000
pcr9 =  BSE:SENSEX2681377900PE   0.83   0.71 CALL added 1723040   PUT added 1221960  OI= 1479080
pcr10 =  BSE:SENSEX2681377800CE   1.75   1.56 CALL added 1028700   PUT added 1602880  OI= 1079480
pcr11 =  BSE:SENSEX2681377700PE   3.45   2.81 CALL added 309480   PUT added 870700  OI= 1129080
pcr12 =  BSE:SENSEX2681377600CE   6.72   5.03 CALL added 159020   PUT added 799920  OI= 173760
pcr13 =  BSE:SENSEX2681377500CE   7.06   5.06 CALL added 226880   PUT added 1148940  OI= 261740
pcr14 =  BSE:SENSEX2681377400CE   21.49   17.69 CALL added 32100   PUT added 568000  OI= 39080
pcr15 =  BSE:SENSEX2681377300PE   26.64   14.76 CALL added 27440   PUT added 404900  OI= 882720
pcr16 =  BSE:SENSEX2681377200PE   56.12   54.98 CALL added 11860   PUT added 652040  OI= 1015780
pcr17 =  BSE:SENSEX2681377100CE   63.87   69.82 CALL added 3740   PUT added 261140  OI= 7600
pcrSummation= 2.52  result =  ['BSE:SENSEX2681378700PE', 'BSE:SENSEX2681378600CE', 'BSE:SENSEX2681378500CE', 'BSE:SENSEX2681378400PE', 'BSE:SENSEX2681378300PE', 'BSE:SENSEX2681378200CE', 'BSE:SENSEX2681378100PE', 'BSE:SENSEX2681378000CE', 'BSE:SENSEX2681377900PE']
PCRSUM== 189.62
pcrSummation== 2.52
VOLPCRSUM== 5.9399999999999995
spotLTP =  77884.3  ATM_STRIKE =  77900
IS_ATM_STRIKE_SHIFT = False  mapStrike = {77900: 77900}
avgOiPcrList2 = [np.float64(10.53), np.float64(11.12), np.float64(11.15)] atmStrikeNotShiftedCount= 3
False   3   3
SUPP_RES=== 78500  Buffer= 28
CEoich val =  2065300.0  PEoich val =  -5440.0 , CE > PE by 100.3%
SUPP_RES TOTAL OI: CE= 3525640  PE= 465480 , CE > PE by 86.8%
IS_MORNING_WINDOW= False  (active 9:15-9:48 IST)
CHOI_UNWIND: PE side unwinding at SUPP_RES (PEchoi=-5440.0) - CHOI-based logic skipped this cycle
================================================
==== signal check time ==== 2026-08-12 10:39:00.733177
IS_CHOI_DIFF_GT_25PERC== False
RSI_VAL1== 44.52
RSI_VAL2== 44.52
FUT_3m_OHLC O= 78253.8  H= 78253.8  L= 78201.6  C= 78251.2  Range= 52.2
CHART_PATTERN_DETECTED: HAMMER
  PATTERN_CONTEXT: Body= -2.7  Range= 52.2  ExpectedRange= 68.8  RangeRatio= 0.76  O= 78253.8  H= 78253.8  L= 78201.6  C= 78251.2
isPcrInc = True
newSynthFut =  78300
ATMStrike =  77900
AVG_OIPCR= 0.28
avgoiPCROld=  11.15
SUPP_RES = 78500
FUT LTP = 78251.15
CEchoi  PechOi = 2065300.0    -5440.0
====================================
totalOIPCR = 0.6
AVG_VOLPCR= 0.66
atmPCR= 0.17  belowATM  0.2
atmVolPCR= 0.41  belowATM  0.63
False   78251.15   78500   True   False   44.52
no trade yet = [np.float64(10.53), np.float64(11.12), np.float64(11.15)]
curr Doji False
BSE:SENSEX2681378200PE  curr candle vol pcr = 0.36  PE= 103960  CE= 290980      cpr =  2.8
BSE:SENSEX2681378200PE  prev candle vol pcr = 0.24  PE= 195060  CE= 829660      cpr =  4.25
VOL_PRESSURE_ALERT: STRONG_CALL_PRESSURE | currCPR= 2.8  prevCPR= 4.25  Direction=BEARISH_SIGNAL (heavy CE buying = expecting down move)
ATM_CE_premium= 134.2  ATM_PE_premium= 403.9
CE_PremChg= -7.3  PE_PremChg= 10.95
CandleBody= -2.7  PrevBody= -5.6  CandleRange= 52.2  Bearish
TotalVol= 394940  PrevTotalVol= 1024720  VolSpike= 0.39 x 
SCALP_SCORE: BEAR | BullScore= 0  BearScore= 3 | Confidence= MEDIUM
  SCALP_BEAR_REASONS: VolCPR_2candle_bear + 2ConsecBearCandles
DATAPOINT|10:39|FUT=78251.2|Body=-2.7|PrevBody=-5.6|Range=52.2|RangeRatio=0.76|CurrVolPCR=0.36|PrevVolPCR=0.24|CurrCPR=2.8|PrevCPR=4.25|VolSpike=0.39|CE_PremChg=-7.3|PE_PremChg=10.95|BullScore=0|BearScore=3|Dir=BEAR|Conf=MEDIUM
CHART_PATTERN_DETECTED: HAMMER
  PATTERN_CONTEXT: Body= -2.7  Range= 52.2  ExpectedRange= 68.8  RangeRatio= 0.76  O= 78253.8  H= 78253.8  L= 78201.6  C= 78251.2
BSE:SENSEX-INDEX  strikecount= 3   fyers <fyers_apiv3.fyersModel.FyersModel object at 0x7b8d52f4acc0>
======================================
oipcr1 =  BSE:SENSEX2681378200CE   0.2
oipcr2 =  BSE:SENSEX2681378100PE   0.32
oipcr3 =  BSE:SENSEX2681378000CE   0.5
oipcrBull = NoEntry  bulcount= 0  bearcount= 3 oipcrBear= BearTrade
atmpcr5 pcr6= 0.83    1.75
No Entry Yet
India VIX = 11.79  Spot Price = 77843.44
IV Regime = LOW (ADAPTIVE: P25= 12.03  P50= 12.43  P75= 13.27 ) | DailyRange = 1311.1 | 3minCandleRange = 69.0 (theoretical= 115.0 ) | ATMoptionMove = 31.0 | SL = 109 | Target = 109 | TrailTrigger = 31 | Spread = 300 | Buffer = 28
IV Params refreshed: {'vix': 11.79, 'bn_price': 77843.44, 'regime': 'LOW', 'regime_thresholds': 'P25=12.03 P50=12.43 P75=13.27', 'daily_range': 1311.1, 'candle_range': 69.0, 'atm_option_move': 31.0, 'sl_point': 109, 'target_point': 109, 'sl_pct_of_premium': 0.1, 'trail_trigger': 31, 'spread_width': 300, 'support_resistance_buffer': 28}
BSE:SENSEX-INDEX  strikecount= 8   fyers <fyers_apiv3.fyersModel.FyersModel object at 0x7b8d52f4acc0>
===
====after 3 min ochain==== 2026-08-12 10:42:00.000245
                                    oipcr   choipcr   totalOI
pcr1 =  BSE:SENSEX2681378600CE   0.13   -0.01 CALL added 625080   PUT unwind -6940  OI= 1317940
pcr2 =  BSE:SENSEX2681378500CE   0.13   -0.0 CALL added 2097740   PUT unwind -5080  OI= 3558080
pcr3 =  BSE:SENSEX2681378400PE   0.13   0.01 CALL added 821540   PUT added 9420  OI= 171440
pcr4 =  BSE:SENSEX2681378300PE   0.17   0.02 CALL added 1371600   PUT added 28260  OI= 341420
pcr5 =  BSE:SENSEX2681378200CE   0.2   -0.11 CALL added 1854700   PUT unwind -207860  OI= 2659700
pcr6 =  BSE:SENSEX2681378100PE   0.32    0.02 CALL added 1593760   PUT added 28660  OI= 645180
pcr7 =  BSE:SENSEX2681378000CE   0.5   0.24 CALL added 3176600   PUT added 764600  OI= 3529560
pcr8 =  BSE:SENSEX2681377900PE   0.83   0.71 CALL added 1717040   PUT added 1227580  OI= 1484700
pcr9 =  BSE:SENSEX2681377800CE   1.8   1.61 CALL added 1035840   PUT added 1662820  OI= 1086620
pcr10 =  BSE:SENSEX2681377700PE   3.5   2.87 CALL added 313320   PUT added 899660  OI= 1158040
pcr11 =  BSE:SENSEX2681377600CE   6.82   5.14 CALL added 158140   PUT added 812220  OI= 172880
pcr12 =  BSE:SENSEX2681377500CE   6.93   4.94 CALL added 230420   PUT added 1137960  OI= 265280
pcr13 =  BSE:SENSEX2681377400CE   22.25   18.65 CALL added 32300   PUT added 602340  OI= 39280
pcr14 =  BSE:SENSEX2681377300PE   27.76   16.05 CALL added 27300   PUT added 438200  OI= 916020
pcr15 =  BSE:SENSEX2681377200PE   56.84   56.08 CALL added 12000   PUT added 672980  OI= 1036720
pcr16 =  BSE:SENSEX2681377100CE   66.05   74.3 CALL added 3720   PUT added 276400  OI= 7580
pcr17 =  BSE:SENSEX2681377000CE   38.11   25.35 CALL added 23100   PUT added 585620  OI= 42760
pcrSummation= 2.41  result =  ['BSE:SENSEX2681378600CE', 'BSE:SENSEX2681378500CE', 'BSE:SENSEX2681378400PE', 'BSE:SENSEX2681378300PE', 'BSE:SENSEX2681378200CE', 'BSE:SENSEX2681378100PE', 'BSE:SENSEX2681378000CE', 'BSE:SENSEX2681377900PE']
PCRSUM== 232.47
pcrSummation== 2.41
VOLPCRSUM== 8.799999999999999
spotLTP =  77843.44  ATM_STRIKE =  77800
IS_ATM_STRIKE_SHIFT = True  mapStrike = {77800: 77800}
avgOiPcrList2 = [np.float64(13.67)] atmStrikeNotShiftedCount= 1
True   1   1
SUPP_RES=== 78500  Buffer= 28
CEoich val =  2097740.0  PEoich val =  -5080.0 , CE > PE by 100.2%
SUPP_RES TOTAL OI: CE= 3558080  PE= 465840 , CE > PE by 86.9%
IS_MORNING_WINDOW= False  (active 9:15-9:48 IST)
CHOI_UNWIND: PE side unwinding at SUPP_RES (PEchoi=-5080.0) - CHOI-based logic skipped this cycle
================================================
==== signal check time ==== 2026-08-12 10:42:00.697433
IS_CHOI_DIFF_GT_25PERC== False
RSI_VAL1== 44.52
RSI_VAL2== 44.52
FUT_3m_OHLC O= 78251.2  H= 78251.2  L= 78251.2  C= 78251.2  Range= 0.0
CHART_PATTERN_DETECTED: INSIDE_BAR | DOUBLE_BOTTOM_FORMING
  PATTERN_CONTEXT: Body= 0.0  Range= 0.0  ExpectedRange= 69.0  RangeRatio= 0.0  O= 78251.2  H= 78251.2  L= 78251.2  C= 78251.2
newSynthFut =  78300
ATMStrike =  77800
AVG_OIPCR= 0.27
avgoiPCROld=  13.67
SUPP_RES = 78500
FUT LTP = 78251.15
CEchoi  PechOi = 2097740.0    -5080.0
====================================
totalOIPCR = 0.61
AVG_VOLPCR= 0.98
atmPCR= 0.2  belowATM  0.32
atmVolPCR= 0.63  belowATM  0.91
False   78251.15   78500   False   False   44.52
curr Doji False
BSE:SENSEX2681378200PE  curr candle vol pcr = 0.32  PE= 141960  CE= 445460      cpr =  3.14
BSE:SENSEX2681378200PE  prev candle vol pcr = 0.36  PE= 103960  CE= 290980      cpr =  2.8
VOL_PRESSURE_ALERT: STRONG_CALL_PRESSURE | currCPR= 3.14  prevCPR= 2.8  Direction=BEARISH_SIGNAL (heavy CE buying = expecting down move)
ATM_CE_premium= 127.0  ATM_PE_premium= 420.05
CE_PremChg= -7.2  PE_PremChg= 16.15
CandleBody= 0.0  PrevBody= -2.7  CandleRange= 0.0  Doji
TotalVol= 587420  PrevTotalVol= 394940  VolSpike= 1.49 x 
SCALP_SCORE: BEAR | BullScore= 0  BearScore= 2 | Confidence= LOW
DATAPOINT|10:42|FUT=78251.2|Body=0.0|PrevBody=-2.7|Range=0.0|RangeRatio=0.0|CurrVolPCR=0.32|PrevVolPCR=0.36|CurrCPR=3.14|PrevCPR=2.8|VolSpike=1.49|CE_PremChg=-7.2|PE_PremChg=16.15|BullScore=0|BearScore=2|Dir=BEAR|Conf=LOW
CHART_PATTERN_DETECTED: INSIDE_BAR | DOUBLE_BOTTOM_FORMING
  PATTERN_CONTEXT: Body= 0.0  Range= 0.0  ExpectedRange= 69.0  RangeRatio= 0.0  O= 78251.2  H= 78251.2  L= 78251.2  C= 78251.2
BSE:SENSEX-INDEX  strikecount= 3   fyers <fyers_apiv3.fyersModel.FyersModel object at 0x7b8d52f4acc0>
======================================
oipcr1 =  BSE:SENSEX2681378100PE   0.32
oipcr2 =  BSE:SENSEX2681378000CE   0.5
oipcr3 =  BSE:SENSEX2681377900PE   0.83
oipcrBull = NoEntry  bulcount= 0  bearcount= 3 oipcrBear= BearTrade
atmpcr5 pcr6= 1.8    3.5
No Entry Yet
India VIX = 11.77  Spot Price = 77850.49
IV Regime = LOW (ADAPTIVE: P25= 12.03  P50= 12.43  P75= 13.27 ) | DailyRange = 1309.0 | 3minCandleRange = 68.9 (theoretical= 114.8 ) | ATMoptionMove = 31.0 | SL = 108 | Target = 108 | TrailTrigger = 31 | Spread = 300 | Buffer = 28
IV Params refreshed: {'vix': 11.77, 'bn_price': 77850.49, 'regime': 'LOW', 'regime_thresholds': 'P25=12.03 P50=12.43 P75=13.27', 'daily_range': 1309.0, 'candle_range': 68.9, 'atm_option_move': 31.0, 'sl_point': 108, 'target_point': 108, 'sl_pct_of_premium': 0.1, 'trail_trigger': 31, 'spread_width': 300, 'support_resistance_buffer': 28}
BSE:SENSEX-INDEX  strikecount= 8   fyers <fyers_apiv3.fyersModel.FyersModel object at 0x7b8d52f4acc0>
===
====after 3 min ochain==== 2026-08-12 10:45:00.000001
                                    oipcr   choipcr   totalOI
pcr1 =  BSE:SENSEX2681378700PE   0.11   -0.0 CALL added 666420   PUT unwind -3140  OI= 140860
pcr2 =  BSE:SENSEX2681378600CE   0.13   -0.01 CALL added 618580   PUT unwind -7020  OI= 1311440
pcr3 =  BSE:SENSEX2681378500CE   0.13   -0.0 CALL added 2077640   PUT unwind -5780  OI= 3537980
pcr4 =  BSE:SENSEX2681378400PE   0.14   0.02 CALL added 810180   PUT added 12380  OI= 174400
pcr5 =  BSE:SENSEX2681378300PE   0.18   0.02 CALL added 1335860   PUT added 27600  OI= 340760
pcr6 =  BSE:SENSEX2681378200CE   0.2    -0.12 CALL added 1819440   PUT unwind -212600  OI= 2624440
pcr7 =  BSE:SENSEX2681378100PE   0.3   0.01 CALL added 1689840   PUT added 25100  OI= 641620
pcr8 =  BSE:SENSEX2681378000CE   0.48   0.23 CALL added 3219480   PUT added 739920  OI= 3572440
pcr9 =  BSE:SENSEX2681377900PE   0.81   0.69 CALL added 1757200   PUT added 1215720  OI= 1472840
pcr10 =  BSE:SENSEX2681377800CE   1.72   1.54 CALL added 1081080   PUT added 1659880  OI= 1131860
pcr11 =  BSE:SENSEX2681377700PE   3.36   2.75 CALL added 325280   PUT added 894340  OI= 1152720
pcr12 =  BSE:SENSEX2681377600CE   6.9   5.23 CALL added 159160   PUT added 832040  OI= 173900
pcr13 =  BSE:SENSEX2681377500CE   6.85   4.88 CALL added 233320   PUT added 1138720  OI= 268180
pcr14 =  BSE:SENSEX2681377400CE   20.65   17.15 CALL added 36380   PUT added 623740  OI= 43360
pcr15 =  BSE:SENSEX2681377300PE   26.63   15.32 CALL added 28820   PUT added 441600  OI= 919420
pcr16 =  BSE:SENSEX2681377200PE   56.78   56.01 CALL added 12320   PUT added 690100  OI= 1053840
pcr17 =  BSE:SENSEX2681377100CE   65.06   72.06 CALL added 3840   PUT added 276720  OI= 7700
pcrSummation= 4.09  result =  ['BSE:SENSEX2681378600CE', 'BSE:SENSEX2681378500CE', 'BSE:SENSEX2681378400PE', 'BSE:SENSEX2681378300PE', 'BSE:SENSEX2681378200CE', 'BSE:SENSEX2681378100PE', 'BSE:SENSEX2681378000CE', 'BSE:SENSEX2681377900PE', 'BSE:SENSEX2681377800CE']
PCRSUM== 190.43
pcrSummation== 4.09
VOLPCRSUM== 5.83
spotLTP =  77850.49  ATM_STRIKE =  77900
IS_ATM_STRIKE_SHIFT = True  mapStrike = {77900: 77900}
avgOiPcrList2 = [np.float64(11.2)] atmStrikeNotShiftedCount= 1
True   1   1
SUPP_RES=== 78000  Buffer= 28
CEoich val =  3219480.0  PEoich val =  739920.0 , CE > PE by 77.0%
SUPP_RES TOTAL OI: CE= 3572440  PE= 1724960 , CE > PE by 51.7%
IS_MORNING_WINDOW= False  (active 9:15-9:48 IST)
================================================
==== signal check time ==== 2026-08-12 10:45:00.772765
IS_CHOI_DIFF_GT_25PERC== True
RSI_VAL1== 39.65
RSI_VAL2== 39.65
FUT_3m_OHLC O= 78200.0  H= 78220.0  L= 78200.0  C= 78215.0  Range= 20.1
CHART_PATTERN_DETECTED: DOUBLE_BOTTOM_FORMING
  PATTERN_CONTEXT: Body= 14.9  Range= 20.1  ExpectedRange= 68.9  RangeRatio= 0.29  O= 78200.0  H= 78220.0  L= 78200.0  C= 78215.0
newSynthFut =  78200
ATMStrike =  77900
AVG_OIPCR= 0.45
avgoiPCROld=  11.2
SUPP_RES = 78000
FUT LTP = 78214.95
CEchoi  PechOi = 3219480.0    739920.0
====================================
totalOIPCR = 0.61
AVG_VOLPCR= 0.65
atmPCR= 0.18  belowATM  0.2
atmVolPCR= 0.4  belowATM  0.62
True   78214.95   78000   False   False   39.65
curr Doji False
BSE:SENSEX2681378200PE  curr candle vol pcr = 0.23  PE= 86540  CE= 371340      cpr =  4.29
BSE:SENSEX2681378200PE  prev candle vol pcr = 0.32  PE= 141960  CE= 445460      cpr =  3.14
VOL_PRESSURE_ALERT: STRONG_CALL_PRESSURE | currCPR= 4.29  prevCPR= 3.14  Direction=BEARISH_SIGNAL (heavy CE buying = expecting down move)
ATM_CE_premium= 124.45  ATM_PE_premium= 425.0
CE_PremChg= -2.55  PE_PremChg= 4.95
CandleBody= 14.9  PrevBody= 0.0  CandleRange= 20.1  Bullish
TotalVol= 457880  PrevTotalVol= 587420  VolSpike= 0.78 x 
SCALP_SCORE: BEAR | BullScore= 1  BearScore= 2 | Confidence= LOW
DATAPOINT|10:45|FUT=78215.0|Body=14.9|PrevBody=0.0|Range=20.1|RangeRatio=0.29|CurrVolPCR=0.23|PrevVolPCR=0.32|CurrCPR=4.29|PrevCPR=3.14|VolSpike=0.78|CE_PremChg=-2.55|PE_PremChg=4.95|BullScore=1|BearScore=2|Dir=BEAR|Conf=LOW
CHART_PATTERN_DETECTED: DOUBLE_BOTTOM_FORMING
  PATTERN_CONTEXT: Body= 14.9  Range= 20.1  ExpectedRange= 68.9  RangeRatio= 0.29  O= 78200.0  H= 78220.0  L= 78200.0  C= 78215.0
BSE:SENSEX-INDEX  strikecount= 3   fyers <fyers_apiv3.fyersModel.FyersModel object at 0x7b8d52f4acc0>
======================================
oipcr1 =  BSE:SENSEX2681378100PE   0.3
oipcr2 =  BSE:SENSEX2681378000CE   0.48
oipcr3 =  BSE:SENSEX2681377900PE   0.81
oipcrBull = NoEntry  bulcount= 0  bearcount= 3 oipcrBear= BearTrade
atmpcr5 pcr6= 1.72    3.36
No Entry Yet
India VIX = 11.81  Spot Price = 77811.74
IV Regime = LOW (ADAPTIVE: P25= 12.03  P50= 12.43  P75= 13.27 ) | DailyRange = 1312.8 | 3minCandleRange = 69.1 (theoretical= 115.1 ) | ATMoptionMove = 31.1 | SL = 109 | Target = 109 | TrailTrigger = 31 | Spread = 300 | Buffer = 28
IV Params refreshed: {'vix': 11.81, 'bn_price': 77811.74, 'regime': 'LOW', 'regime_thresholds': 'P25=12.03 P50=12.43 P75=13.27', 'daily_range': 1312.8, 'candle_range': 69.1, 'atm_option_move': 31.1, 'sl_point': 109, 'target_point': 109, 'sl_pct_of_premium': 0.1, 'trail_trigger': 31, 'spread_width': 300, 'support_resistance_buffer': 28}
BSE:SENSEX-INDEX  strikecount= 8   fyers <fyers_apiv3.fyersModel.FyersModel object at 0x7b8d52f4acc0>
===
====after 3 min ochain==== 2026-08-12 10:48:00.000015
                                    oipcr   choipcr   totalOI
pcr1 =  BSE:SENSEX2681378600CE   0.12   -0.01 CALL added 645560   PUT unwind -9300  OI= 1338420
pcr2 =  BSE:SENSEX2681378500CE   0.13   -0.0 CALL added 2165780   PUT unwind -5860  OI= 3626120
pcr3 =  BSE:SENSEX2681378400PE   0.13   0.01 CALL added 840820   PUT added 11460  OI= 173480
pcr4 =  BSE:SENSEX2681378300PE   0.17   0.01 CALL added 1342220   PUT added 19940  OI= 333100
pcr5 =  BSE:SENSEX2681378200CE   0.19   -0.12 CALL added 1882480   PUT unwind -217400  OI= 2687480
pcr6 =  BSE:SENSEX2681378100PE   0.29    0.01 CALL added 1751920   PUT added 21140  OI= 637660
pcr7 =  BSE:SENSEX2681378000CE   0.47   0.22 CALL added 3235700   PUT added 710560  OI= 3588660
pcr8 =  BSE:SENSEX2681377900PE   0.77   0.66 CALL added 1801500   PUT added 1180620  OI= 1437740
pcr9 =  BSE:SENSEX2681377800CE   1.58   1.4 CALL added 1146960   PUT added 1601740  OI= 1197740
pcr10 =  BSE:SENSEX2681377700PE   2.95   2.36 CALL added 348040   PUT added 822700  OI= 1081080
pcr11 =  BSE:SENSEX2681377600CE   6.37   4.75 CALL added 169500   PUT added 805740  OI= 184240
pcr12 =  BSE:SENSEX2681377500CE   6.46   4.53 CALL added 244800   PUT added 1107780  OI= 279660
pcr13 =  BSE:SENSEX2681377400CE   19.08   15.41 CALL added 37820   PUT added 582940  OI= 44800
pcr14 =  BSE:SENSEX2681377300PE   25.9   14.93 CALL added 30080   PUT added 449000  OI= 926820
pcr15 =  BSE:SENSEX2681377200PE   54.29   52.39 CALL added 13200   PUT added 691580  OI= 1055320
pcr16 =  BSE:SENSEX2681377100CE   65.59   73.0 CALL added 3900   PUT added 284700  OI= 7760
pcr17 =  BSE:SENSEX2681377000CE   37.95   25.73 CALL added 24360   PUT added 626760  OI= 44020
pcrSummation= 3.85  result =  ['BSE:SENSEX2681378600CE', 'BSE:SENSEX2681378500CE', 'BSE:SENSEX2681378400PE', 'BSE:SENSEX2681378300PE', 'BSE:SENSEX2681378200CE', 'BSE:SENSEX2681378100PE', 'BSE:SENSEX2681378000CE', 'BSE:SENSEX2681377900PE', 'BSE:SENSEX2681377800CE']
PCRSUM== 222.44
pcrSummation== 3.85
VOLPCRSUM== 8.58
spotLTP =  77811.74  ATM_STRIKE =  77800
IS_ATM_STRIKE_SHIFT = True  mapStrike = {77800: 77800}
avgOiPcrList2 = [np.float64(13.08)] atmStrikeNotShiftedCount= 1
True   1   1
SUPP_RES=== 78000  Buffer= 28
CEoich val =  3235700.0  PEoich val =  710560.0 , CE > PE by 78.0%
SUPP_RES TOTAL OI: CE= 3588660  PE= 1695600 , CE > PE by 52.8%
IS_MORNING_WINDOW= False  (active 9:15-9:48 IST)
================================================
==== signal check time ==== 2026-08-12 10:48:00.689691
IS_CHOI_DIFF_GT_25PERC== True
RSI_VAL1== 35.19
RSI_VAL2== 35.19
FUT_3m_OHLC O= 78215.0  H= 78215.0  L= 78176.0  C= 78176.0  Range= 38.9
CHART_PATTERN_DETECTED: BEARISH_ENGULFING
  PATTERN_CONTEXT: Body= -38.9  Range= 38.9  ExpectedRange= 69.1  RangeRatio= 0.56  O= 78215.0  H= 78215.0  L= 78176.0  C= 78176.0
newSynthFut =  78200
ATMStrike =  77800
AVG_OIPCR= 0.43
avgoiPCROld=  13.08
SUPP_RES = 78000
FUT LTP = 78176.0
CEchoi  PechOi = 3235700.0    710560.0
====================================
totalOIPCR = 0.6
AVG_VOLPCR= 0.95
atmPCR= 0.19  belowATM  0.29
atmVolPCR= 0.61  belowATM  0.88
True   78176.0   78000   False   False   35.19
curr Doji False
BSE:SENSEX2681378200PE  curr candle vol pcr = 0.3  PE= 161760  CE= 547300      cpr =  3.38
BSE:SENSEX2681378200PE  prev candle vol pcr = 0.23  PE= 86540  CE= 371340      cpr =  4.29
VOL_PRESSURE_ALERT: STRONG_CALL_PRESSURE | currCPR= 3.38  prevCPR= 4.29  Direction=BEARISH_SIGNAL (heavy CE buying = expecting down move)
ATM_CE_premium= 111.7  ATM_PE_premium= 457.7
CE_PremChg= -12.75  PE_PremChg= 32.7
CandleBody= -38.9  PrevBody= 14.9  CandleRange= 38.9  Bearish
TotalVol= 709060  PrevTotalVol= 457880  VolSpike= 1.55 x 
SCALP_SCORE: BEAR | BullScore= 1  BearScore= 4 | Confidence= MEDIUM
  SCALP_BEAR_REASONS: VolCPR_2candle_bear + StrongBearCandle(100%) + VolRise(1.55x)_bear
DATAPOINT|10:48|FUT=78176.0|Body=-38.9|PrevBody=14.9|Range=38.9|RangeRatio=0.56|CurrVolPCR=0.3|PrevVolPCR=0.23|CurrCPR=3.38|PrevCPR=4.29|VolSpike=1.55|CE_PremChg=-12.75|PE_PremChg=32.7|BullScore=1|BearScore=4|Dir=BEAR|Conf=MEDIUM
CHART_PATTERN_DETECTED: BEARISH_ENGULFING
  PATTERN_CONTEXT: Body= -38.9  Range= 38.9  ExpectedRange= 69.1  RangeRatio= 0.56  O= 78215.0  H= 78215.0  L= 78176.0  C= 78176.0
BSE:SENSEX-INDEX  strikecount= 3   fyers <fyers_apiv3.fyersModel.FyersModel object at 0x7b8d52f4acc0>
======================================
oipcr1 =  BSE:SENSEX2681378100PE   0.29
oipcr2 =  BSE:SENSEX2681378000CE   0.47
oipcr3 =  BSE:SENSEX2681377900PE   0.77
oipcrBull = NoEntry  bulcount= 0  bearcount= 3 oipcrBear= BearTrade
atmpcr5 pcr6= 1.58    2.95
No Entry Yet
India VIX = 11.81  Spot Price = 77780.23
IV Regime = LOW (ADAPTIVE: P25= 12.03  P50= 12.43  P75= 13.27 ) | DailyRange = 1312.3 | 3minCandleRange = 69.1 (theoretical= 115.1 ) | ATMoptionMove = 31.1 | SL = 109 | Target = 109 | TrailTrigger = 31 | Spread = 300 | Buffer = 28
IV Params refreshed: {'vix': 11.81, 'bn_price': 77780.23, 'regime': 'LOW', 'regime_thresholds': 'P25=12.03 P50=12.43 P75=13.27', 'daily_range': 1312.3, 'candle_range': 69.1, 'atm_option_move': 31.1, 'sl_point': 109, 'target_point': 109, 'sl_pct_of_premium': 0.1, 'trail_trigger': 31, 'spread_width': 300, 'support_resistance_buffer': 28}
BSE:SENSEX-INDEX  strikecount= 8   fyers <fyers_apiv3.fyersModel.FyersModel object at 0x7b8d52f4acc0>
===
====after 3 min ochain==== 2026-08-12 10:51:00.000002
                                    oipcr   choipcr   totalOI
pcr1 =  BSE:SENSEX2681378600CE   0.12   -0.02 CALL added 661920   PUT unwind -11280  OI= 1354780
pcr2 =  BSE:SENSEX2681378500CE   0.13   -0.0 CALL added 2202920   PUT unwind -6180  OI= 3663260
pcr3 =  BSE:SENSEX2681378400PE   0.13   0.01 CALL added 809680   PUT added 4260  OI= 166280
pcr4 =  BSE:SENSEX2681378300PE   0.16   -0.0 CALL added 1367520   PUT unwind -3800  OI= 309360
pcr5 =  BSE:SENSEX2681378200CE   0.2   -0.18 CALL added 1516040   PUT unwind -273140  OI= 2321040
pcr6 =  BSE:SENSEX2681378100PE   0.23    -0.02 CALL added 2094300   PUT unwind -37600  OI= 578920
pcr7 =  BSE:SENSEX2681378000CE   0.42   0.18 CALL added 3501220   PUT added 637680  OI= 3854180
pcr8 =  BSE:SENSEX2681377900PE   0.63   0.51 CALL added 1906020   PUT added 977340  OI= 1234460
pcr9 =  BSE:SENSEX2681377800CE   1.17   1.0 CALL added 1408220   PUT added 1411740  OI= 1459000
pcr10 =  BSE:SENSEX2681377700PE   2.48   2.0 CALL added 437620   PUT added 873320  OI= 1131700
pcr11 =  BSE:SENSEX2681377600CE   5.08   3.67 CALL added 206880   PUT added 758680  OI= 221620
pcr12 =  BSE:SENSEX2681377500CE   5.75   3.9 CALL added 269840   PUT added 1051400  OI= 304700
pcr13 =  BSE:SENSEX2681377400CE   15.04   11.7 CALL added 49860   PUT added 583260  OI= 56840
pcr14 =  BSE:SENSEX2681377300PE   20.64   11.5 CALL added 39400   PUT added 453260  OI= 931080
pcr15 =  BSE:SENSEX2681377200PE   52.87   50.41 CALL added 13740   PUT added 692600  OI= 1056340
pcr16 =  BSE:SENSEX2681377100CE   55.19   53.06 CALL added 5280   PUT added 280160  OI= 9140
pcr17 =  BSE:SENSEX2681377000CE   30.85   18.22 CALL added 34620   PUT added 630940  OI= 54280
pcrSummation= 3.19  result =  ['BSE:SENSEX2681378600CE', 'BSE:SENSEX2681378500CE', 'BSE:SENSEX2681378400PE', 'BSE:SENSEX2681378300PE', 'BSE:SENSEX2681378200CE', 'BSE:SENSEX2681378100PE', 'BSE:SENSEX2681378000CE', 'BSE:SENSEX2681377900PE', 'BSE:SENSEX2681377800CE']
PCRSUM== 191.09
pcrSummation== 3.19
VOLPCRSUM== 8.43
spotLTP =  77780.65  ATM_STRIKE =  77800
IS_ATM_STRIKE_SHIFT = False  mapStrike = {77800: 77800}
avgOiPcrList2 = [np.float64(13.08), np.float64(11.24)] atmStrikeNotShiftedCount= 2
False   2   2
SUPP_RES=== 78000  Buffer= 28
CEoich val =  3501220.0  PEoich val =  637680.0 , CE > PE by 81.8%
SUPP_RES TOTAL OI: CE= 3854180  PE= 1622720 , CE > PE by 57.9%
IS_MORNING_WINDOW= False  (active 9:15-9:48 IST)
================================================
==== signal check time ==== 2026-08-12 10:51:00.702656
IS_CHOI_DIFF_GT_25PERC== True
RSI_VAL1== 34.56
RSI_VAL2== 34.56
FUT_3m_OHLC O= 78150.0  H= 78170.0  L= 78150.0  C= 78170.0  Range= 20.1
CHART_PATTERN: None
newSynthFut =  78200
ATMStrike =  77800
AVG_OIPCR= 0.35
avgoiPCROld=  11.24
SUPP_RES = 78000
FUT LTP = 78170.05
CEchoi  PechOi = 3501220.0    637680.0
====================================
totalOIPCR = 0.57
AVG_VOLPCR= 0.94
atmPCR= 0.2  belowATM  0.23
atmVolPCR= 0.59  belowATM  0.86
True   78170.05   78000   False   False   34.56
curr Doji False
BSE:SENSEX2681378100PE  curr candle vol pcr = 0.34  PE= 300620  CE= 881880      cpr =  2.93
BSE:SENSEX2681378200PE  prev candle vol pcr = 0.3  PE= 161760  CE= 547300      cpr =  3.38
VOL_PRESSURE_ALERT: STRONG_CALL_PRESSURE | currCPR= 2.93  prevCPR= 3.38  Direction=BEARISH_SIGNAL (heavy CE buying = expecting down move)
ATM_CE_premium= 138.3  ATM_PE_premium= 394.5
CE_PremChg= -3.35  PE_PremChg= 6.9
CandleBody= 20.1  PrevBody= -38.9  CandleRange= 20.1  Bullish
TotalVol= 1182500  PrevTotalVol= 709060  VolSpike= 1.67 x 
SCALP_SCORE: NEUTRAL | BullScore= 2  BearScore= 2 | Confidence= LOW
DATAPOINT|10:51|FUT=78170.0|Body=20.1|PrevBody=-38.9|Range=20.1|RangeRatio=0.29|CurrVolPCR=0.34|PrevVolPCR=0.3|CurrCPR=2.93|PrevCPR=3.38|VolSpike=1.67|CE_PremChg=-3.35|PE_PremChg=6.9|BullScore=2|BearScore=2|Dir=NEUTRAL|Conf=LOW
CHART_PATTERN: None
BSE:SENSEX-INDEX  strikecount= 3   fyers <fyers_apiv3.fyersModel.FyersModel object at 0x7b8d52f4acc0>
======================================
oipcr1 =  BSE:SENSEX2681378100PE   0.23
oipcr2 =  BSE:SENSEX2681378000CE   0.42
oipcr3 =  BSE:SENSEX2681377900PE   0.63
oipcrBull = NoEntry  bulcount= 0  bearcount= 3 oipcrBear= BearTrade
atmpcr5 pcr6= 1.17    2.48
No Entry Yet
India VIX = 11.85  Spot Price = 77778.97
IV Regime = LOW (ADAPTIVE: P25= 12.03  P50= 12.43  P75= 13.27 ) | DailyRange = 1316.7 | 3minCandleRange = 69.3 (theoretical= 115.5 ) | ATMoptionMove = 31.2 | SL = 109 | Target = 109 | TrailTrigger = 31 | Spread = 300 | Buffer = 28
IV Params refreshed: {'vix': 11.85, 'bn_price': 77778.97, 'regime': 'LOW', 'regime_thresholds': 'P25=12.03 P50=12.43 P75=13.27', 'daily_range': 1316.7, 'candle_range': 69.3, 'atm_option_move': 31.2, 'sl_point': 109, 'target_point': 109, 'sl_pct_of_premium': 0.1, 'trail_trigger': 31, 'spread_width': 300, 'support_resistance_buffer': 28}
BSE:SENSEX-INDEX  strikecount= 8   fyers <fyers_apiv3.fyersModel.FyersModel object at 0x7b8d52f4acc0>
===
====after 3 min ochain==== 2026-08-12 10:54:00.000002
                                    oipcr   choipcr   totalOI
pcr1 =  BSE:SENSEX2681378600CE   0.12   -0.02 CALL added 657520   PUT unwind -11520  OI= 1350380
pcr2 =  BSE:SENSEX2681378500CE   0.13   -0.0 CALL added 2200360   PUT unwind -9220  OI= 3660700
pcr3 =  BSE:SENSEX2681378400PE   0.13   0.0 CALL added 811180   PUT added 3000  OI= 165020
pcr4 =  BSE:SENSEX2681378300PE   0.15   -0.01 CALL added 1383580   PUT unwind -7740  OI= 305420
pcr5 =  BSE:SENSEX2681378200CE   0.2   -0.18 CALL added 1526140   PUT unwind -273880  OI= 2331140
pcr6 =  BSE:SENSEX2681378100PE   0.22    -0.02 CALL added 2124540   PUT unwind -48020  OI= 568500
pcr7 =  BSE:SENSEX2681378000CE   0.4   0.17 CALL added 3588360   PUT added 604020  OI= 3941320
pcr8 =  BSE:SENSEX2681377900PE   0.6   0.49 CALL added 1974780   PUT added 968140  OI= 1225260
pcr9 =  BSE:SENSEX2681377800CE   1.1   0.95 CALL added 1514540   PUT added 1438360  OI= 1565320
pcr10 =  BSE:SENSEX2681377700PE   2.23   1.79 CALL added 496200   PUT added 887240  OI= 1145620
pcr11 =  BSE:SENSEX2681377600CE   4.8   3.45 CALL added 219880   PUT added 759680  OI= 234620
pcr12 =  BSE:SENSEX2681377500CE   5.53   3.73 CALL added 281580   PUT added 1050300  OI= 316440
pcr13 =  BSE:SENSEX2681377400CE   14.98   11.79 CALL added 52400   PUT added 617780  OI= 59380
pcr14 =  BSE:SENSEX2681377300PE   19.79   11.02 CALL added 41600   PUT added 458320  OI= 936140
pcr15 =  BSE:SENSEX2681377200PE   53.49   51.33 CALL added 13820   PUT added 709320  OI= 1073060
pcr16 =  BSE:SENSEX2681377100CE   51.84   47.72 CALL added 5860   PUT added 279640  OI= 9720
pcr17 =  BSE:SENSEX2681377000CE   30.78   18.48 CALL added 35660   PUT added 659140  OI= 55320
pcrSummation= 3.0500000000000003  result =  ['BSE:SENSEX2681378600CE', 'BSE:SENSEX2681378500CE', 'BSE:SENSEX2681378400PE', 'BSE:SENSEX2681378300PE', 'BSE:SENSEX2681378200CE', 'BSE:SENSEX2681378100PE', 'BSE:SENSEX2681378000CE', 'BSE:SENSEX2681377900PE', 'BSE:SENSEX2681377800CE']
PCRSUM== 186.49
pcrSummation== 3.05
VOLPCRSUM== 8.36
spotLTP =  77774.68  ATM_STRIKE =  77800
IS_ATM_STRIKE_SHIFT = False  mapStrike = {77800: 77800}
avgOiPcrList2 = [np.float64(13.08), np.float64(11.24), np.float64(10.97)] atmStrikeNotShiftedCount= 3
False   3   3
SUPP_RES=== 78000  Buffer= 28
CEoich val =  3588360.0  PEoich val =  604020.0 , CE > PE by 83.2%
SUPP_RES TOTAL OI: CE= 3941320  PE= 1589060 , CE > PE by 59.7%
IS_MORNING_WINDOW= False  (active 9:15-9:48 IST)
================================================
==== signal check time ==== 2026-08-12 10:54:00.698903
IS_CHOI_DIFF_GT_25PERC== True
RSI_VAL1== 34.66
RSI_VAL2== 34.66
FUT_3m_OHLC O= 78170.0  H= 78170.6  L= 78170.0  C= 78170.6  Range= 0.5
CHART_PATTERN: None
isPcrDecr = True
newSynthFut =  78200
ATMStrike =  77800
AVG_OIPCR= 0.34
avgoiPCROld=  10.97
SUPP_RES = 78000
FUT LTP = 78170.55
CEchoi  PechOi = 3588360.0    604020.0
====================================
totalOIPCR = 0.57
AVG_VOLPCR= 0.93
atmPCR= 0.2  belowATM  0.22
atmVolPCR= 0.59  belowATM  0.85
True   78170.55   78000   False   True   34.66
no trade yet = [np.float64(13.08), np.float64(11.24), np.float64(10.97)]
curr Doji False
BSE:SENSEX2681378100PE  curr candle vol pcr = 0.57  PE= 99580  CE= 174360      cpr =  1.75
BSE:SENSEX2681378100PE  prev candle vol pcr = 0.34  PE= 300620  CE= 881880      cpr =  2.93
VOL_PRESSURE_WATCH: SINGLE_CANDLE_CALL_PRESSURE | currCPR= 1.75  prevCPR= 2.93
ATM_CE_premium= 139.3  ATM_PE_premium= 392.85
CE_PremChg= 1.0  PE_PremChg= -1.65
CandleBody= 0.5  PrevBody= 20.1  CandleRange= 0.5  Bullish
TotalVol= 273940  PrevTotalVol= 1182500  VolSpike= 0.23 x 
SCALP_SCORE: BULL | BullScore= 2  BearScore= 1 | Confidence= LOW
DATAPOINT|10:54|FUT=78170.6|Body=0.5|PrevBody=20.1|Range=0.5|RangeRatio=0.01|CurrVolPCR=0.57|PrevVolPCR=0.34|CurrCPR=1.75|PrevCPR=2.93|VolSpike=0.23|CE_PremChg=1.0|PE_PremChg=-1.65|BullScore=2|BearScore=1|Dir=BULL|Conf=LOW
CHART_PATTERN: None
BSE:SENSEX-INDEX  strikecount= 3   fyers <fyers_apiv3.fyersModel.FyersModel object at 0x7b8d52f4acc0>
======================================
oipcr1 =  BSE:SENSEX2681378100PE   0.22
oipcr2 =  BSE:SENSEX2681378000CE   0.4
oipcr3 =  BSE:SENSEX2681377900PE   0.6
oipcrBull = NoEntry  bulcount= 0  bearcount= 3 oipcrBear= BearTrade
atmpcr5 pcr6= 1.1    2.23
No Entry Yet
India VIX = 11.9  Spot Price = 77765.79
IV Regime = LOW (ADAPTIVE: P25= 12.03  P50= 12.43  P75= 13.27 ) | DailyRange = 1322.0 | 3minCandleRange = 69.6 (theoretical= 115.9 ) | ATMoptionMove = 31.3 | SL = 110 | Target = 110 | TrailTrigger = 31 | Spread = 300 | Buffer = 28
IV Params refreshed: {'vix': 11.9, 'bn_price': 77765.79, 'regime': 'LOW', 'regime_thresholds': 'P25=12.03 P50=12.43 P75=13.27', 'daily_range': 1322.0, 'candle_range': 69.6, 'atm_option_move': 31.3, 'sl_point': 110, 'target_point': 110, 'sl_pct_of_premium': 0.1, 'trail_trigger': 31, 'spread_width': 300, 'support_resistance_buffer': 28}
BSE:SENSEX-INDEX  strikecount= 8   fyers <fyers_apiv3.fyersModel.FyersModel object at 0x7b8d52f4acc0>
===
====after 3 min ochain==== 2026-08-12 10:57:00.000001
                                    oipcr   choipcr   totalOI
pcr1 =  BSE:SENSEX2681378600CE   0.12   -0.02 CALL added 656800   PUT unwind -12120  OI= 1349660
pcr2 =  BSE:SENSEX2681378500CE   0.13   -0.0 CALL added 2233100   PUT unwind -4080  OI= 3693440
pcr3 =  BSE:SENSEX2681378400PE   0.13   0.0 CALL added 807840   PUT added 2520  OI= 164540
pcr4 =  BSE:SENSEX2681378300PE   0.15   -0.0 CALL added 1383920   PUT unwind -5940  OI= 307220
pcr5 =  BSE:SENSEX2681378200CE   0.2   -0.18 CALL added 1530820   PUT unwind -278180  OI= 2335820
pcr6 =  BSE:SENSEX2681378100PE   0.22    -0.02 CALL added 2129540   PUT unwind -47200  OI= 569320
pcr7 =  BSE:SENSEX2681378000CE   0.4   0.16 CALL added 3619340   PUT added 585220  OI= 3972300
pcr8 =  BSE:SENSEX2681377900PE   0.58   0.47 CALL added 1995540   PUT added 933180  OI= 1190300
pcr9 =  BSE:SENSEX2681377800CE   1.09   0.94 CALL added 1539900   PUT added 1446680  OI= 1590680
pcr10 =  BSE:SENSEX2681377700PE   2.11   1.69 CALL added 518680   PUT added 875260  OI= 1133640
pcr11 =  BSE:SENSEX2681377600CE   4.72   3.39 CALL added 223400   PUT added 756440  OI= 238140
pcr12 =  BSE:SENSEX2681377500CE   5.4   3.62 CALL added 287540   PUT added 1040900  OI= 322400
pcr13 =  BSE:SENSEX2681377400CE   14.16   10.94 CALL added 53560   PUT added 585680  OI= 60540
pcr14 =  BSE:SENSEX2681377300PE   19.44   10.73 CALL added 42140   PUT added 452200  OI= 930020
pcr15 =  BSE:SENSEX2681377200PE   50.8   47.65 CALL added 14880   PUT added 709080  OI= 1072820
pcr16 =  BSE:SENSEX2681377100CE   49.47   44.04 CALL added 6140   PUT added 270420  OI= 10000
pcr17 =  BSE:SENSEX2681377000CE   29.36   17.22 CALL added 38400   PUT added 661120  OI= 58060
pcrSummation= 5.01  result =  ['BSE:SENSEX2681378500CE', 'BSE:SENSEX2681378400PE', 'BSE:SENSEX2681378300PE', 'BSE:SENSEX2681378200CE', 'BSE:SENSEX2681378100PE', 'BSE:SENSEX2681378000CE', 'BSE:SENSEX2681377900PE', 'BSE:SENSEX2681377800CE', 'BSE:SENSEX2681377700PE']
PCRSUM== 178.48
pcrSummation== 5.01
VOLPCRSUM== 8.290000000000001
spotLTP =  77762.39  ATM_STRIKE =  77800
IS_ATM_STRIKE_SHIFT = False  mapStrike = {77800: 77800}
avgOiPcrList2 = [np.float64(11.24), np.float64(10.97), np.float64(10.5)] atmStrikeNotShiftedCount= 4
False   4   3
SUPP_RES=== 78000  Buffer= 28
CEoich val =  3619340.0  PEoich val =  585220.0 , CE > PE by 83.8%
SUPP_RES TOTAL OI: CE= 3972300  PE= 1570260 , CE > PE by 60.5%
IS_MORNING_WINDOW= False  (active 9:15-9:48 IST)
================================================
==== signal check time ==== 2026-08-12 10:57:00.727106
IS_CHOI_DIFF_GT_25PERC== True
RSI_VAL1== 30.79
RSI_VAL2== 30.79
FUT_3m_OHLC O= 78170.6  H= 78170.6  L= 78135.0  C= 78135.0  Range= 35.6
CHART_PATTERN_DETECTED: BEARISH_ENGULFING | DOUBLE_BOTTOM_FORMING
  PATTERN_CONTEXT: Body= -35.6  Range= 35.6  ExpectedRange= 69.6  RangeRatio= 0.51  O= 78170.6  H= 78170.6  L= 78135.0  C= 78135.0
isPcrDecr = True
newSynthFut =  78100
ATMStrike =  77800
AVG_OIPCR= 0.56
avgoiPCROld=  10.5
SUPP_RES = 78000
FUT LTP = 78135.0
CEchoi  PechOi = 3619340.0    585220.0
====================================
totalOIPCR = 0.56
AVG_VOLPCR= 0.92
atmPCR= 0.2  belowATM  0.22
atmVolPCR= 0.59  belowATM  0.85
True   78135.0   78000   False   True   30.79
no trade yet = [np.float64(11.24), np.float64(10.97), np.float64(10.5)]
curr Doji False
BSE:SENSEX2681378100PE  curr candle vol pcr = 0.54  PE= 241900  CE= 449980      cpr =  1.86
BSE:SENSEX2681378100PE  prev candle vol pcr = 0.57  PE= 99580  CE= 174360      cpr =  1.75
ATM_CE_premium= 130.65  ATM_PE_premium= 412.5
CE_PremChg= -8.65  PE_PremChg= 19.65
CandleBody= -35.6  PrevBody= 0.5  CandleRange= 35.6  Bearish
TotalVol= 691880  PrevTotalVol= 273940  VolSpike= 2.53 x  SPIKE!
SCALP_SCORE: BEAR | BullScore= 0  BearScore= 3 | Confidence= MEDIUM
  SCALP_BEAR_REASONS: VolCPR_curr_bear + StrongBearCandle(100%) + VolSpike(2.53x)_bear
DATAPOINT|10:57|FUT=78135.0|Body=-35.6|PrevBody=0.5|Range=35.6|RangeRatio=0.51|CurrVolPCR=0.54|PrevVolPCR=0.57|CurrCPR=1.86|PrevCPR=1.75|VolSpike=2.53|CE_PremChg=-8.65|PE_PremChg=19.65|BullScore=0|BearScore=3|Dir=BEAR|Conf=MEDIUM
CHART_PATTERN_DETECTED: BEARISH_ENGULFING | DOUBLE_BOTTOM_FORMING
  PATTERN_CONTEXT: Body= -35.6  Range= 35.6  ExpectedRange= 69.6  RangeRatio= 0.51  O= 78170.6  H= 78170.6  L= 78135.0  C= 78135.0
BSE:SENSEX-INDEX  strikecount= 3   fyers <fyers_apiv3.fyersModel.FyersModel object at 0x7b8d52f4acc0>
======================================
oipcr1 =  BSE:SENSEX2681378100PE   0.22
oipcr2 =  BSE:SENSEX2681378000CE   0.4
oipcr3 =  BSE:SENSEX2681377900PE   0.58
oipcrBull = NoEntry  bulcount= 0  bearcount= 3 oipcrBear= BearTrade
atmpcr5 pcr6= 1.09    2.11
No Entry Yet
India VIX = 11.92  Spot Price = 77651.31
IV Regime = LOW (ADAPTIVE: P25= 12.03  P50= 12.43  P75= 13.27 ) | DailyRange = 1322.3 | 3minCandleRange = 69.6 (theoretical= 116.0 ) | ATMoptionMove = 31.3 | SL = 110 | Target = 110 | TrailTrigger = 31 | Spread = 300 | Buffer = 28
IV Params refreshed: {'vix': 11.92, 'bn_price': 77651.31, 'regime': 'LOW', 'regime_thresholds': 'P25=12.03 P50=12.43 P75=13.27', 'daily_range': 1322.3, 'candle_range': 69.6, 'atm_option_move': 31.3, 'sl_point': 110, 'target_point': 110, 'sl_pct_of_premium': 0.1, 'trail_trigger': 31, 'spread_width': 300, 'support_resistance_buffer': 28}
BSE:SENSEX-INDEX  strikecount= 8   fyers <fyers_apiv3.fyersModel.FyersModel object at 0x7b8d52f4acc0>
===
====after 3 min ochain==== 2026-08-12 11:00:00.000001
                                    oipcr   choipcr   totalOI
pcr1 =  BSE:SENSEX2681378500CE   0.13   0.0 CALL added 2101040   PUT added 6940  OI= 3561380
pcr2 =  BSE:SENSEX2681378400PE   0.12   -0.01 CALL added 810500   PUT unwind -11560  OI= 150460
pcr3 =  BSE:SENSEX2681378300PE   0.14   -0.03 CALL added 1348860   PUT unwind -35460  OI= 277700
pcr4 =  BSE:SENSEX2681378200CE   0.19   -0.22 CALL added 1429760   PUT unwind -318740  OI= 2234760
pcr5 =  BSE:SENSEX2681378100PE   0.18   -0.09 CALL added 1968560   PUT unwind -186020  OI= 430500
pcr6 =  BSE:SENSEX2681378000CE   0.32    0.08 CALL added 3728100   PUT added 304900  OI= 4081060
pcr7 =  BSE:SENSEX2681377900PE   0.45   0.33 CALL added 1916440   PUT added 626260  OI= 883380
pcr8 =  BSE:SENSEX2681377800CE   0.64   0.48 CALL added 1683660   PUT added 813520  OI= 1734440
pcr9 =  BSE:SENSEX2681377700PE   1.66   1.28 CALL added 606900   PUT added 777300  OI= 1035680
pcr10 =  BSE:SENSEX2681377600CE   3.2   2.01 CALL added 269820   PUT added 542860  OI= 284560
pcr11 =  BSE:SENSEX2681377500CE   4.16   2.41 CALL added 317680   PUT added 766160  OI= 352540
pcr12 =  BSE:SENSEX2681377400CE   10.14   6.73 CALL added 58860   PUT added 395980  OI= 65840
pcr13 =  BSE:SENSEX2681377300PE   14.16   5.61 CALL added 46460   PUT added 260840  OI= 738660
pcr14 =  BSE:SENSEX2681377200PE   36.65   29.57 CALL added 19080   PUT added 564120  OI= 927860
pcr15 =  BSE:SENSEX2681377100CE   27.97   18.06 CALL added 11740   PUT added 211980  OI= 15600
pcr16 =  BSE:SENSEX2681377000CE   22.96   10.09 CALL added 46060   PUT added 464860  OI= 65720
pcr17 =  BSE:SENSEX2681376900CE   44.25   29.22 CALL added 7820   PUT added 228500  OI= 9920
pcrSummation= 3.83  result =  ['BSE:SENSEX2681378500CE', 'BSE:SENSEX2681378400PE', 'BSE:SENSEX2681378300PE', 'BSE:SENSEX2681378200CE', 'BSE:SENSEX2681378100PE', 'BSE:SENSEX2681378000CE', 'BSE:SENSEX2681377900PE', 'BSE:SENSEX2681377800CE', 'BSE:SENSEX2681377700PE']
PCRSUM== 167.32
pcrSummation== 3.83
VOLPCRSUM== 13.479999999999999
spotLTP =  77652.37  ATM_STRIKE =  77700
IS_ATM_STRIKE_SHIFT = True  mapStrike = {77700: 77700}
avgOiPcrList2 = [np.float64(9.84)] atmStrikeNotShiftedCount= 1
True   1   1
SUPP_RES=== 78000  Buffer= 28
CEoich val =  3728100.0  PEoich val =  304900.0 , CE > PE by 91.8%
SUPP_RES TOTAL OI: CE= 4081060  PE= 1289940 , CE > PE by 68.4%
IS_MORNING_WINDOW= False  (active 9:15-9:48 IST)
================================================
==== signal check time ==== 2026-08-12 11:00:00.855025
IS_CHOI_DIFF_GT_25PERC== True
RSI_VAL1== 24.7
RSI_VAL2== 24.7
FUT_3m_OHLC O= 78135.0  H= 78135.0  L= 78016.7  C= 78062.0  Range= 118.3
CHART_PATTERN_DETECTED: DOUBLE_TOP_FORMING
  PATTERN_CONTEXT: Body= -72.9  Range= 118.3  ExpectedRange= 69.6  RangeRatio= 1.7  O= 78135.0  H= 78135.0  L= 78016.7  C= 78062.0
newSynthFut =  78100
ATMStrike =  77700
AVG_OIPCR= 0.43
avgoiPCROld=  9.84
SUPP_RES = 78000
FUT LTP = 78062.05
CEchoi  PechOi = 3728100.0    304900.0
====================================
totalOIPCR = 0.5
AVG_VOLPCR= 1.5
atmPCR= 0.18  belowATM  0.32
atmVolPCR= 0.82  belowATM  1.25
True   78062.05   78000   False   False   24.7
curr Doji False
BSE:SENSEX2681378100PE  curr candle vol pcr = 0.43  PE= 624920  CE= 1451900      cpr =  2.32
BSE:SENSEX2681378100PE  prev candle vol pcr = 0.54  PE= 241900  CE= 449980      cpr =  1.86
VOL_PRESSURE_WATCH: SINGLE_CANDLE_CALL_PRESSURE | currCPR= 2.32  prevCPR= 1.86
ATM_CE_premium= 114.45  ATM_PE_premium= 486.4
CE_PremChg= -16.2  PE_PremChg= 73.9
CandleBody= -72.9  PrevBody= -35.6  CandleRange= 118.3  Bearish
TotalVol= 2076820  PrevTotalVol= 691880  VolSpike= 3.0 x  SPIKE!
SCALP_SCORE: BEAR | BullScore= 1  BearScore= 5 | Confidence= HIGH
  SCALP_BEAR_REASONS: VolCPR_curr_bear + StrongBearCandle(62%) + 2ConsecBearCandles + VolSpike(3.0x)_bear + BreakoutCandle(1.7x)
  *** SCALP_HIGH_CONVICTION: BEAR OPPORTUNITY ***
DATAPOINT|11:00|FUT=78062.0|Body=-72.9|PrevBody=-35.6|Range=118.3|RangeRatio=1.7|CurrVolPCR=0.43|PrevVolPCR=0.54|CurrCPR=2.32|PrevCPR=1.86|VolSpike=3.0|CE_PremChg=-16.2|PE_PremChg=73.9|BullScore=1|BearScore=5|Dir=BEAR|Conf=HIGH
CHART_PATTERN_DETECTED: DOUBLE_TOP_FORMING
  PATTERN_CONTEXT: Body= -72.9  Range= 118.3  ExpectedRange= 69.6  RangeRatio= 1.7  O= 78135.0  H= 78135.0  L= 78016.7  C= 78062.0
BSE:SENSEX-INDEX  strikecount= 3   fyers <fyers_apiv3.fyersModel.FyersModel object at 0x7b8d52f4acc0>
======================================
oipcr1 =  BSE:SENSEX2681377900PE   0.45
oipcr2 =  BSE:SENSEX2681377800CE   0.64
oipcr3 =  BSE:SENSEX2681377700PE   1.66
oipcrBull = NoEntry  bulcount= 1  bearcount= 2 oipcrBear= BearTrade
atmpcr5 pcr6= 3.2    4.16
No Entry Yet
India VIX = 11.95  Spot Price = 77607.09
IV Regime = LOW (ADAPTIVE: P25= 12.03  P50= 12.43  P75= 13.27 ) | DailyRange = 1324.9 | 3minCandleRange = 69.7 (theoretical= 116.2 ) | ATMoptionMove = 31.4 | SL = 110 | Target = 110 | TrailTrigger = 31 | Spread = 300 | Buffer = 28
IV Params refreshed: {'vix': 11.95, 'bn_price': 77607.09, 'regime': 'LOW', 'regime_thresholds': 'P25=12.03 P50=12.43 P75=13.27', 'daily_range': 1324.9, 'candle_range': 69.7, 'atm_option_move': 31.4, 'sl_point': 110, 'target_point': 110, 'sl_pct_of_premium': 0.1, 'trail_trigger': 31, 'spread_width': 300, 'support_resistance_buffer': 28}
BSE:SENSEX-INDEX  strikecount= 8   fyers <fyers_apiv3.fyersModel.FyersModel object at 0x7b8d52f4acc0>
===
====after 3 min ochain==== 2026-08-12 11:03:00.000004
                                    oipcr   choipcr   totalOI
pcr1 =  BSE:SENSEX2681378400PE   0.13   -0.0 CALL added 788720   PUT unwind -2640  OI= 159380
pcr2 =  BSE:SENSEX2681378300PE   0.15   -0.03 CALL added 1311140   PUT unwind -35220  OI= 277940
pcr3 =  BSE:SENSEX2681378200CE   0.19   -0.21 CALL added 1437500   PUT unwind -308360  OI= 2242500
pcr4 =  BSE:SENSEX2681378100PE   0.19   -0.11 CALL added 1778720   PUT unwind -197080  OI= 419440
pcr5 =  BSE:SENSEX2681378000CE   0.3   0.07 CALL added 3904540   PUT added 290740  OI= 4257500
pcr6 =  BSE:SENSEX2681377900PE   0.4    0.29 CALL added 2002980   PUT added 578880  OI= 836000
pcr7 =  BSE:SENSEX2681377800CE   0.57   0.42 CALL added 1819880   PUT added 773300  OI= 1870660
pcr8 =  BSE:SENSEX2681377700PE   1.21   0.92 CALL added 823700   PUT added 755760  OI= 1014140
pcr9 =  BSE:SENSEX2681377600CE   2.51   1.79 CALL added 456560   PUT added 817060  OI= 471300
pcr10 =  BSE:SENSEX2681377500CE   3.12   1.72 CALL added 422140   PUT added 726600  OI= 457000
pcr11 =  BSE:SENSEX2681377400CE   8.0   5.33 CALL added 80940   PUT added 431600  OI= 87920
pcr12 =  BSE:SENSEX2681377300PE   10.98   3.82 CALL added 58060   PUT added 222060  OI= 699880
pcr13 =  BSE:SENSEX2681377200PE   30.7   23.84 CALL added 25100   PUT added 598260  OI= 962000
pcr14 =  BSE:SENSEX2681377100CE   26.87   18.29 CALL added 14060   PUT added 257200  OI= 17920
pcr15 =  BSE:SENSEX2681377000CE   21.9   11.53 CALL added 59120   PUT added 681640  OI= 78780
pcr16 =  BSE:SENSEX2681376900CE   48.42   34.61 CALL added 7880   PUT added 272720  OI= 9980
pcr17 =  BSE:SENSEX2681376800PE   117.05   61.78 CALL added 4180   PUT added 258220  OI= 643760
pcrSummation= 5.6499999999999995  result =  ['BSE:SENSEX2681378400PE', 'BSE:SENSEX2681378300PE', 'BSE:SENSEX2681378200CE', 'BSE:SENSEX2681378100PE', 'BSE:SENSEX2681378000CE', 'BSE:SENSEX2681377900PE', 'BSE:SENSEX2681377800CE', 'BSE:SENSEX2681377700PE', 'BSE:SENSEX2681377600CE']
PCRSUM== 272.69
pcrSummation== 5.65
VOLPCRSUM== 21.33
spotLTP =  77607.09  ATM_STRIKE =  77600
IS_ATM_STRIKE_SHIFT = True  mapStrike = {77600: 77600}
avgOiPcrList2 = [np.float64(16.04)] atmStrikeNotShiftedCount= 1
True   1   1
SUPP_RES=== 78000  Buffer= 28
CEoich val =  3904540.0  PEoich val =  290740.0 , CE > PE by 92.6%
SUPP_RES TOTAL OI: CE= 4257500  PE= 1275780 , CE > PE by 70.0%
IS_MORNING_WINDOW= False  (active 9:15-9:48 IST)
================================================
==== signal check time ==== 2026-08-12 11:03:00.734278
IS_CHOI_DIFF_GT_25PERC== True
RSI_VAL1== 19.42
RSI_VAL2== 19.42
FUT_3m_OHLC O= 78052.2  H= 78052.2  L= 77969.0  C= 77969.0  Range= 83.2
CHART_PATTERN_DETECTED: THREE_BLACK_CROWS | STRONG_MOMENTUM_BEAR
  PATTERN_CONTEXT: Body= -83.2  Range= 83.2  ExpectedRange= 69.7  RangeRatio= 1.19  O= 78052.2  H= 78052.2  L= 77969.0  C= 77969.0
newSynthFut =  78000
ATMStrike =  77600
AVG_OIPCR= 0.63
avgoiPCROld=  16.04
SUPP_RES = 78000
FUT LTP = 77968.95
CEchoi  PechOi = 3904540.0    290740.0
====================================
totalOIPCR = 0.52
AVG_VOLPCR= 2.37
atmPCR= 0.3  belowATM  0.4
atmVolPCR= 1.21  belowATM  1.86
True   77968.95   78000   False   False   19.42
curr Doji False
BSE:SENSEX2681378000PE  curr candle vol pcr = 0.45  PE= 822440  CE= 1811860      cpr =  2.2
BSE:SENSEX2681378100PE  prev candle vol pcr = 0.43  PE= 624920  CE= 1451900      cpr =  2.32
VOL_PRESSURE_ALERT: STRONG_CALL_PRESSURE | currCPR= 2.2  prevCPR= 2.32  Direction=BEARISH_SIGNAL (heavy CE buying = expecting down move)
ATM_CE_premium= 132.6  ATM_PE_premium= 462.75
CE_PremChg= -11.3  PE_PremChg= 46.8
CandleBody= -83.2  PrevBody= -72.9  CandleRange= 83.2  Bearish
TotalVol= 2634300  PrevTotalVol= 2076820  VolSpike= 1.27 x 
SCALP_SCORE: BEAR | BullScore= 1  BearScore= 4 | Confidence= MEDIUM
  SCALP_BEAR_REASONS: VolCPR_2candle_bear + StrongBearCandle(100%) + 2ConsecBearCandles
DATAPOINT|11:03|FUT=77969.0|Body=-83.2|PrevBody=-72.9|Range=83.2|RangeRatio=1.19|CurrVolPCR=0.45|PrevVolPCR=0.43|CurrCPR=2.2|PrevCPR=2.32|VolSpike=1.27|CE_PremChg=-11.3|PE_PremChg=46.8|BullScore=1|BearScore=4|Dir=BEAR|Conf=MEDIUM
CHART_PATTERN_DETECTED: THREE_BLACK_CROWS | STRONG_MOMENTUM_BEAR
  PATTERN_CONTEXT: Body= -83.2  Range= 83.2  ExpectedRange= 69.7  RangeRatio= 1.19  O= 78052.2  H= 78052.2  L= 77969.0  C= 77969.0
BSE:SENSEX-INDEX  strikecount= 3   fyers <fyers_apiv3.fyersModel.FyersModel object at 0x7b8d52f4acc0>
======================================
oipcr1 =  BSE:SENSEX2681377900PE   0.4
oipcr2 =  BSE:SENSEX2681377800CE   0.57
oipcr3 =  BSE:SENSEX2681377700PE   1.21
oipcrBull = NoEntry  bulcount= 1  bearcount= 2 oipcrBear= BearTrade
atmpcr5 pcr6= 2.51    3.12
No Entry Yet
India VIX = 11.99  Spot Price = 77584.89
IV Regime = LOW (ADAPTIVE: P25= 12.03  P50= 12.43  P75= 13.27 ) | DailyRange = 1328.9 | 3minCandleRange = 69.9 (theoretical= 116.6 ) | ATMoptionMove = 31.5 | SL = 110 | Target = 110 | TrailTrigger = 31 | Spread = 300 | Buffer = 28
IV Params refreshed: {'vix': 11.99, 'bn_price': 77584.89, 'regime': 'LOW', 'regime_thresholds': 'P25=12.03 P50=12.43 P75=13.27', 'daily_range': 1328.9, 'candle_range': 69.9, 'atm_option_move': 31.5, 'sl_point': 110, 'target_point': 110, 'sl_pct_of_premium': 0.1, 'trail_trigger': 31, 'spread_width': 300, 'support_resistance_buffer': 28}
BSE:SENSEX-INDEX  strikecount= 8   fyers <fyers_apiv3.fyersModel.FyersModel object at 0x7b8d52f4acc0>
===
====after 3 min ochain==== 2026-08-12 11:06:00.000004
                                    oipcr   choipcr   totalOI
pcr1 =  BSE:SENSEX2681378400PE   0.12   -0.01 CALL added 791440   PUT unwind -4440  OI= 157580
pcr2 =  BSE:SENSEX2681378300PE   0.14   -0.03 CALL added 1289620   PUT unwind -42480  OI= 270680
pcr3 =  BSE:SENSEX2681378200CE   0.19   -0.23 CALL added 1412540   PUT unwind -326780  OI= 2217540
pcr4 =  BSE:SENSEX2681378100PE   0.19   -0.13 CALL added 1676980   PUT unwind -221360  OI= 395160
pcr5 =  BSE:SENSEX2681378000CE   0.29   0.06 CALL added 3999360   PUT added 255580  OI= 4352320
pcr6 =  BSE:SENSEX2681377900PE   0.34    0.22 CALL added 2005160   PUT added 447000  OI= 704120
pcr7 =  BSE:SENSEX2681377800CE   0.51   0.37 CALL added 1902320   PUT added 710120  OI= 1953100
pcr8 =  BSE:SENSEX2681377700PE   0.92   0.67 CALL added 982700   PUT added 661020  OI= 919400
pcr9 =  BSE:SENSEX2681377600CE   1.95   1.46 CALL added 686620   PUT added 999500  OI= 701360
pcr10 =  BSE:SENSEX2681377500CE   2.75   1.59 CALL added 519860   PUT added 828660  OI= 554720
pcr11 =  BSE:SENSEX2681377400CE   6.61   4.37 CALL added 100840   PUT added 441040  OI= 107820
pcr12 =  BSE:SENSEX2681377300PE   8.33   2.74 CALL added 77020   PUT added 210980  OI= 688800
pcr13 =  BSE:SENSEX2681377200PE   24.64   17.61 CALL added 29880   PUT added 526140  OI= 889880
pcr14 =  BSE:SENSEX2681377100CE   22.47   14.8 CALL added 17920   PUT added 265220  OI= 21780
pcr15 =  BSE:SENSEX2681377000CE   19.83   9.5 CALL added 63340   PUT added 601980  OI= 83000
pcr16 =  BSE:SENSEX2681376900CE   45.44   31.09 CALL added 8020   PUT added 249340  OI= 10120
pcr17 =  BSE:SENSEX2681376800PE   114.84   61.9 CALL added 4420   PUT added 273620  OI= 659160
pcrSummation= 4.65  result =  ['BSE:SENSEX2681378400PE', 'BSE:SENSEX2681378300PE', 'BSE:SENSEX2681378200CE', 'BSE:SENSEX2681378100PE', 'BSE:SENSEX2681378000CE', 'BSE:SENSEX2681377900PE', 'BSE:SENSEX2681377800CE', 'BSE:SENSEX2681377700PE', 'BSE:SENSEX2681377600CE']
PCRSUM== 249.56
pcrSummation== 4.65
VOLPCRSUM== 19.64
spotLTP =  77584.89  ATM_STRIKE =  77600
IS_ATM_STRIKE_SHIFT = False  mapStrike = {77600: 77600}
avgOiPcrList2 = [np.float64(16.04), np.float64(14.68)] atmStrikeNotShiftedCount= 2
False   2   2
SUPP_RES=== 78000  Buffer= 28
CEoich val =  3999360.0  PEoich val =  255580.0 , CE > PE by 93.6%
SUPP_RES TOTAL OI: CE= 4352320  PE= 1240620 , CE > PE by 71.5%
IS_MORNING_WINDOW= False  (active 9:15-9:48 IST)
================================================
==== signal check time ==== 2026-08-12 11:06:00.728648
IS_CHOI_DIFF_GT_25PERC== True
RSI_VAL1== 24.88
RSI_VAL2== 24.88
FUT_3m_OHLC O= 78010.0  H= 78010.0  L= 77966.4  C= 77998.4  Range= 43.6
CHART_PATTERN_DETECTED: HAMMER
  PATTERN_CONTEXT: Body= -11.6  Range= 43.6  ExpectedRange= 69.9  RangeRatio= 0.62  O= 78010.0  H= 78010.0  L= 77966.4  C= 77998.4
newSynthFut =  78000
ATMStrike =  77600
AVG_OIPCR= 0.52
avgoiPCROld=  14.68
SUPP_RES = 78000
FUT LTP = 77998.35
CEchoi  PechOi = 3999360.0    255580.0
====================================
totalOIPCR = 0.5
AVG_VOLPCR= 2.18
atmPCR= 0.29  belowATM  0.34
atmVolPCR= 1.19  belowATM  1.84
True   77998.35   78000   False   False   24.88
curr Doji False
BSE:SENSEX2681378000PE  curr candle vol pcr = 0.43  PE= 513540  CE= 1205440      cpr =  2.35
BSE:SENSEX2681378000PE  prev candle vol pcr = 0.45  PE= 822440  CE= 1811860      cpr =  2.2
VOL_PRESSURE_ALERT: STRONG_CALL_PRESSURE | currCPR= 2.35  prevCPR= 2.2  Direction=BEARISH_SIGNAL (heavy CE buying = expecting down move)
ATM_CE_premium= 132.2  ATM_PE_premium= 456.05
CE_PremChg= -0.4  PE_PremChg= -6.7
CandleBody= -11.6  PrevBody= -83.2  CandleRange= 43.6  Bearish
TotalVol= 1718980  PrevTotalVol= 2634300  VolSpike= 0.65 x 
SCALP_SCORE: BEAR | BullScore= 0  BearScore= 3 | Confidence= MEDIUM
  SCALP_BEAR_REASONS: VolCPR_2candle_bear + 2ConsecBearCandles
DATAPOINT|11:06|FUT=77998.4|Body=-11.6|PrevBody=-83.2|Range=43.6|RangeRatio=0.62|CurrVolPCR=0.43|PrevVolPCR=0.45|CurrCPR=2.35|PrevCPR=2.2|VolSpike=0.65|CE_PremChg=-0.4|PE_PremChg=-6.7|BullScore=0|BearScore=3|Dir=BEAR|Conf=MEDIUM
CHART_PATTERN_DETECTED: HAMMER
  PATTERN_CONTEXT: Body= -11.6  Range= 43.6  ExpectedRange= 69.9  RangeRatio= 0.62  O= 78010.0  H= 78010.0  L= 77966.4  C= 77998.4
BSE:SENSEX-INDEX  strikecount= 3   fyers <fyers_apiv3.fyersModel.FyersModel object at 0x7b8d52f4acc0>
======================================
oipcr1 =  BSE:SENSEX2681377900PE   0.34
oipcr2 =  BSE:SENSEX2681377800CE   0.51
oipcr3 =  BSE:SENSEX2681377700PE   0.92
oipcrBull = NoEntry  bulcount= 0  bearcount= 3 oipcrBear= BearTrade
atmpcr5 pcr6= 1.95    2.75
No Entry Yet
India VIX = 12.01  Spot Price = 77606.62
IV Regime = LOW (ADAPTIVE: P25= 12.03  P50= 12.43  P75= 13.27 ) | DailyRange = 1331.5 | 3minCandleRange = 70.1 (theoretical= 116.8 ) | ATMoptionMove = 31.5 | SL = 110 | Target = 110 | TrailTrigger = 32 | Spread = 300 | Buffer = 28
IV Params refreshed: {'vix': 12.01, 'bn_price': 77606.62, 'regime': 'LOW', 'regime_thresholds': 'P25=12.03 P50=12.43 P75=13.27', 'daily_range': 1331.5, 'candle_range': 70.1, 'atm_option_move': 31.5, 'sl_point': 110, 'target_point': 110, 'sl_pct_of_premium': 0.1, 'trail_trigger': 32, 'spread_width': 300, 'support_resistance_buffer': 28}
BSE:SENSEX-INDEX  strikecount= 8   fyers <fyers_apiv3.fyersModel.FyersModel object at 0x7b8d52f4acc0>
===
====after 3 min ochain==== 2026-08-12 11:09:00.000001
                                    oipcr   choipcr   totalOI
pcr1 =  BSE:SENSEX2681378400PE   0.12   -0.01 CALL added 817780   PUT unwind -4880  OI= 157140
pcr2 =  BSE:SENSEX2681378300PE   0.14   -0.03 CALL added 1335520   PUT unwind -46720  OI= 266440
pcr3 =  BSE:SENSEX2681378200CE   0.18   -0.23 CALL added 1448560   PUT unwind -336220  OI= 2253560
pcr4 =  BSE:SENSEX2681378100PE   0.18   -0.14 CALL added 1675440   PUT unwind -233180  OI= 383340
pcr5 =  BSE:SENSEX2681378000CE   0.28   0.06 CALL added 4118880   PUT added 250120  OI= 4471840
pcr6 =  BSE:SENSEX2681377900PE   0.32    0.21 CALL added 2063260   PUT added 428420  OI= 685540
pcr7 =  BSE:SENSEX2681377800CE   0.5   0.37 CALL added 1971040   PUT added 727980  OI= 2021820
pcr8 =  BSE:SENSEX2681377700PE   0.81   0.58 CALL added 1072560   PUT added 622720  OI= 881100
pcr9 =  BSE:SENSEX2681377600CE   1.83   1.41 CALL added 801220   PUT added 1128100  OI= 815960
pcr10 =  BSE:SENSEX2681377500CE   2.6   1.6 CALL added 609560   PUT added 975860  OI= 644420
pcr11 =  BSE:SENSEX2681377400CE   5.89   4.04 CALL added 124580   PUT added 503320  OI= 131560
pcr12 =  BSE:SENSEX2681377300PE   8.11   2.95 CALL added 83600   PUT added 246260  OI= 724080
pcr13 =  BSE:SENSEX2681377200PE   22.32   15.81 CALL added 34500   PUT added 545460  OI= 909200
pcr14 =  BSE:SENSEX2681377100CE   24.67   17.72 CALL added 18560   PUT added 328840  OI= 22420
pcr15 =  BSE:SENSEX2681377000CE   17.22   7.85 CALL added 75200   PUT added 590120  OI= 94860
pcr16 =  BSE:SENSEX2681376900CE   46.34   32.71 CALL added 8300   PUT added 271480  OI= 10400
pcr17 =  BSE:SENSEX2681376800PE   117.33   66.74 CALL added 4560   PUT added 304340  OI= 689880
pcrSummation= 4.36  result =  ['BSE:SENSEX2681378400PE', 'BSE:SENSEX2681378300PE', 'BSE:SENSEX2681378200CE', 'BSE:SENSEX2681378100PE', 'BSE:SENSEX2681378000CE', 'BSE:SENSEX2681377900PE', 'BSE:SENSEX2681377800CE', 'BSE:SENSEX2681377700PE', 'BSE:SENSEX2681377600CE']
PCRSUM== 248.84
pcrSummation== 4.36
VOLPCRSUM== 18.54
spotLTP =  77606.62  ATM_STRIKE =  77600
IS_ATM_STRIKE_SHIFT = False  mapStrike = {77600: 77600}
avgOiPcrList2 = [np.float64(16.04), np.float64(14.68), np.float64(14.64)] atmStrikeNotShiftedCount= 3
False   3   3
SUPP_RES=== 78000  Buffer= 28
CEoich val =  4118880.0  PEoich val =  250120.0 , CE > PE by 93.9%
SUPP_RES TOTAL OI: CE= 4471840  PE= 1235160 , CE > PE by 72.4%
IS_MORNING_WINDOW= False  (active 9:15-9:48 IST)
================================================
==== signal check time ==== 2026-08-12 11:09:00.692316
IS_CHOI_DIFF_GT_25PERC== True
RSI_VAL1== 27.07
RSI_VAL2== 27.07
FUT_3m_OHLC O= 78010.0  H= 78010.4  L= 77971.1  C= 78010.4  Range= 39.3
CHART_PATTERN_DETECTED: HAMMER | DOUBLE_BOTTOM_FORMING
  PATTERN_CONTEXT: Body= 0.4  Range= 39.3  ExpectedRange= 70.1  RangeRatio= 0.56  O= 78010.0  H= 78010.4  L= 77971.1  C= 78010.4
isPcrDecr = True
newSynthFut =  78000
ATMStrike =  77600
AVG_OIPCR= 0.48
avgoiPCROld=  14.64
SUPP_RES = 78000
FUT LTP = 78010.45
CEchoi  PechOi = 4118880.0    250120.0
====================================
totalOIPCR = 0.5
AVG_VOLPCR= 2.06
atmPCR= 0.28  belowATM  0.32
atmVolPCR= 1.17  belowATM  1.81
True   78010.45   78000   False   True   27.07
no trade yet = [np.float64(16.04), np.float64(14.68), np.float64(14.64)]
curr Doji False
BSE:SENSEX2681378000PE  curr candle vol pcr = 0.36  PE= 270340  CE= 743960      cpr =  2.75
BSE:SENSEX2681378000PE  prev candle vol pcr = 0.43  PE= 513540  CE= 1205440      cpr =  2.35
VOL_PRESSURE_ALERT: STRONG_CALL_PRESSURE | currCPR= 2.75  prevCPR= 2.35  Direction=BEARISH_SIGNAL (heavy CE buying = expecting down move)
ATM_CE_premium= 132.95  ATM_PE_premium= 456.1
CE_PremChg= 0.75  PE_PremChg= 0.05
CandleBody= 0.4  PrevBody= -11.6  CandleRange= 39.3  Bullish
TotalVol= 1014300  PrevTotalVol= 1718980  VolSpike= 0.59 x 
SCALP_SCORE: BEAR | BullScore= 0  BearScore= 2 | Confidence= LOW
DATAPOINT|11:09|FUT=78010.4|Body=0.4|PrevBody=-11.6|Range=39.3|RangeRatio=0.56|CurrVolPCR=0.36|PrevVolPCR=0.43|CurrCPR=2.75|PrevCPR=2.35|VolSpike=0.59|CE_PremChg=0.75|PE_PremChg=0.05|BullScore=0|BearScore=2|Dir=BEAR|Conf=LOW
CHART_PATTERN_DETECTED: HAMMER | DOUBLE_BOTTOM_FORMING
  PATTERN_CONTEXT: Body= 0.4  Range= 39.3  ExpectedRange= 70.1  RangeRatio= 0.56  O= 78010.0  H= 78010.4  L= 77971.1  C= 78010.4
BSE:SENSEX-INDEX  strikecount= 3   fyers <fyers_apiv3.fyersModel.FyersModel object at 0x7b8d52f4acc0>
======================================
oipcr1 =  BSE:SENSEX2681377900PE   0.32
oipcr2 =  BSE:SENSEX2681377800CE   0.5
oipcr3 =  BSE:SENSEX2681377700PE   0.81
oipcrBull = NoEntry  bulcount= 0  bearcount= 3 oipcrBear= BearTrade
atmpcr5 pcr6= 1.83    2.6
No Entry Yet
India VIX = 11.87  Spot Price = 77655.17
IV Regime = LOW (ADAPTIVE: P25= 12.03  P50= 12.43  P75= 13.27 ) | DailyRange = 1316.8 | 3minCandleRange = 69.3 (theoretical= 115.5 ) | ATMoptionMove = 31.2 | SL = 109 | Target = 109 | TrailTrigger = 31 | Spread = 300 | Buffer = 28
IV Params refreshed: {'vix': 11.87, 'bn_price': 77655.17, 'regime': 'LOW', 'regime_thresholds': 'P25=12.03 P50=12.43 P75=13.27', 'daily_range': 1316.8, 'candle_range': 69.3, 'atm_option_move': 31.2, 'sl_point': 109, 'target_point': 109, 'sl_pct_of_premium': 0.1, 'trail_trigger': 31, 'spread_width': 300, 'support_resistance_buffer': 28}
BSE:SENSEX-INDEX  strikecount= 8   fyers <fyers_apiv3.fyersModel.FyersModel object at 0x7b8d52f4acc0>
===
====after 3 min ochain==== 2026-08-12 11:12:00.000004
                                    oipcr   choipcr   totalOI
pcr1 =  BSE:SENSEX2681378500CE   0.13   0.01 CALL added 2176640   PUT added 16960  OI= 3636980
pcr2 =  BSE:SENSEX2681378400PE   0.12   -0.01 CALL added 836500   PUT unwind -5440  OI= 156580
pcr3 =  BSE:SENSEX2681378300PE   0.14   -0.04 CALL added 1353540   PUT unwind -47800  OI= 265360
pcr4 =  BSE:SENSEX2681378200CE   0.18   -0.24 CALL added 1446740   PUT unwind -341940  OI= 2251740
pcr5 =  BSE:SENSEX2681378100PE   0.18   -0.14 CALL added 1663560   PUT unwind -240200  OI= 376320
pcr6 =  BSE:SENSEX2681378000CE   0.27    0.06 CALL added 4173500   PUT added 252760  OI= 4526460
pcr7 =  BSE:SENSEX2681377900PE   0.31   0.2 CALL added 2113800   PUT added 423020  OI= 680140
pcr8 =  BSE:SENSEX2681377800CE   0.51   0.37 CALL added 1994420   PUT added 744980  OI= 2045200
pcr9 =  BSE:SENSEX2681377700PE   0.79   0.57 CALL added 1149740   PUT added 658920  OI= 917300
pcr10 =  BSE:SENSEX2681377600CE   1.77   1.38 CALL added 871220   PUT added 1198260  OI= 885960
pcr11 =  BSE:SENSEX2681377500CE   2.44   1.51 CALL added 660820   PUT added 997780  OI= 695680
pcr12 =  BSE:SENSEX2681377400CE   5.26   3.61 CALL added 143160   PUT added 517280  OI= 150140
pcr13 =  BSE:SENSEX2681377300PE   8.57   3.53 CALL added 85100   PUT added 300680  OI= 778500
pcr14 =  BSE:SENSEX2681377200PE   22.28   15.99 CALL added 35720   PUT added 571040  OI= 934780
pcr15 =  BSE:SENSEX2681377100CE   24.52   17.71 CALL added 19020   PUT added 336820  OI= 22880
pcr16 =  BSE:SENSEX2681377000CE   16.16   7.49 CALL added 83680   PUT added 626540  OI= 103340
pcr17 =  BSE:SENSEX2681376900CE   46.47   33.46 CALL added 8680   PUT added 290440  OI= 10780
pcrSummation= 4.27  result =  ['BSE:SENSEX2681378400PE', 'BSE:SENSEX2681378300PE', 'BSE:SENSEX2681378200CE', 'BSE:SENSEX2681378100PE', 'BSE:SENSEX2681378000CE', 'BSE:SENSEX2681377900PE', 'BSE:SENSEX2681377800CE', 'BSE:SENSEX2681377700PE', 'BSE:SENSEX2681377600CE']
PCRSUM== 130.1
pcrSummation== 4.27
VOLPCRSUM== 11.59
spotLTP =  77655.34  ATM_STRIKE =  77700
IS_ATM_STRIKE_SHIFT = True  mapStrike = {77700: 77700}
avgOiPcrList2 = [np.float64(7.65)] atmStrikeNotShiftedCount= 1
True   1   1
SUPP_RES=== 78000  Buffer= 28
CEoich val =  4173500.0  PEoich val =  252760.0 , CE > PE by 93.9%
SUPP_RES TOTAL OI: CE= 4526460  PE= 1237800 , CE > PE by 72.7%
IS_MORNING_WINDOW= False  (active 9:15-9:48 IST)
================================================
==== signal check time ==== 2026-08-12 11:12:00.705355
IS_CHOI_DIFF_GT_25PERC== True
RSI_VAL1== 33.68
RSI_VAL2== 33.68
FUT_3m_OHLC O= 78000.0  H= 78053.1  L= 78000.0  C= 78048.8  Range= 53.1
CHART_PATTERN_DETECTED: DOUBLE_TOP_FORMING | DOUBLE_BOTTOM_FORMING | STRONG_MOMENTUM_BULL
  PATTERN_CONTEXT: Body= 48.9  Range= 53.1  ExpectedRange= 69.3  RangeRatio= 0.77  O= 78000.0  H= 78053.1  L= 78000.0  C= 78048.8
newSynthFut =  78000
ATMStrike =  77700
AVG_OIPCR= 0.47
avgoiPCROld=  7.65
SUPP_RES = 78000
FUT LTP = 78048.85
CEchoi  PechOi = 4173500.0    252760.0
====================================
totalOIPCR = 0.5
AVG_VOLPCR= 1.29
atmPCR= 0.18  belowATM  0.27
atmVolPCR= 0.76  belowATM  1.16
True   78048.85   78000   False   False   33.68
curr Doji False
BSE:SENSEX2681378000PE  curr candle vol pcr = 0.38  PE= 243100  CE= 641780      cpr =  2.64
BSE:SENSEX2681378000PE  prev candle vol pcr = 0.36  PE= 270340  CE= 743960      cpr =  2.75
VOL_PRESSURE_ALERT: STRONG_CALL_PRESSURE | currCPR= 2.64  prevCPR= 2.75  Direction=BEARISH_SIGNAL (heavy CE buying = expecting down move)
ATM_CE_premium= 138.4  ATM_PE_premium= 429.45
CE_PremChg= 5.45  PE_PremChg= -26.65
CandleBody= 48.9  PrevBody= 0.4  CandleRange= 53.1  Bullish
TotalVol= 884880  PrevTotalVol= 1014300  VolSpike= 0.87 x 
SCALP_SCORE: NEUTRAL | BullScore= 2  BearScore= 2 | Confidence= LOW
DATAPOINT|11:12|FUT=78048.8|Body=48.9|PrevBody=0.4|Range=53.1|RangeRatio=0.77|CurrVolPCR=0.38|PrevVolPCR=0.36|CurrCPR=2.64|PrevCPR=2.75|VolSpike=0.87|CE_PremChg=5.45|PE_PremChg=-26.65|BullScore=2|BearScore=2|Dir=NEUTRAL|Conf=LOW
CHART_PATTERN_DETECTED: DOUBLE_TOP_FORMING | DOUBLE_BOTTOM_FORMING | STRONG_MOMENTUM_BULL
  PATTERN_CONTEXT: Body= 48.9  Range= 53.1  ExpectedRange= 69.3  RangeRatio= 0.77  O= 78000.0  H= 78053.1  L= 78000.0  C= 78048.8
BSE:SENSEX-INDEX  strikecount= 3   fyers <fyers_apiv3.fyersModel.FyersModel object at 0x7b8d52f4acc0>
======================================
oipcr1 =  BSE:SENSEX2681378000CE   0.27
oipcr2 =  BSE:SENSEX2681377900PE   0.31
oipcr3 =  BSE:SENSEX2681377800CE   0.51
oipcrBull = NoEntry  bulcount= 0  bearcount= 3 oipcrBear= BearTrade
atmpcr5 pcr6= 0.79    1.77
No Entry Yet
India VIX = 11.96  Spot Price = 77620.57
IV Regime = LOW (ADAPTIVE: P25= 12.03  P50= 12.43  P75= 13.27 ) | DailyRange = 1326.2 | 3minCandleRange = 69.8 (theoretical= 116.3 ) | ATMoptionMove = 31.4 | SL = 110 | Target = 110 | TrailTrigger = 31 | Spread = 300 | Buffer = 28
IV Params refreshed: {'vix': 11.96, 'bn_price': 77620.57, 'regime': 'LOW', 'regime_thresholds': 'P25=12.03 P50=12.43 P75=13.27', 'daily_range': 1326.2, 'candle_range': 69.8, 'atm_option_move': 31.4, 'sl_point': 110, 'target_point': 110, 'sl_pct_of_premium': 0.1, 'trail_trigger': 31, 'spread_width': 300, 'support_resistance_buffer': 28}
BSE:SENSEX-INDEX  strikecount= 8   fyers <fyers_apiv3.fyersModel.FyersModel object at 0x7b8d52f4acc0>
===
====after 3 min ochain==== 2026-08-12 11:15:00.000001
                                    oipcr   choipcr   totalOI
pcr1 =  BSE:SENSEX2681378400PE   0.12   -0.01 CALL added 857580   PUT unwind -5360  OI= 156660
pcr2 =  BSE:SENSEX2681378300PE   0.14   -0.03 CALL added 1358100   PUT unwind -45240  OI= 267920
pcr3 =  BSE:SENSEX2681378200CE   0.17   -0.23 CALL added 1482540   PUT unwind -342660  OI= 2287540
pcr4 =  BSE:SENSEX2681378100PE   0.18   -0.14 CALL added 1653080   PUT unwind -238260  OI= 378260
pcr5 =  BSE:SENSEX2681378000CE   0.27   0.06 CALL added 4184060   PUT added 245300  OI= 4537020
pcr6 =  BSE:SENSEX2681377900PE   0.3    0.19 CALL added 2145720   PUT added 403960  OI= 661080
pcr7 =  BSE:SENSEX2681377800CE   0.52   0.38 CALL added 1989860   PUT added 762620  OI= 2040640
pcr8 =  BSE:SENSEX2681377700PE   0.81   0.6 CALL added 1182340   PUT added 709200  OI= 967580
pcr9 =  BSE:SENSEX2681377600CE   1.85   1.48 CALL added 907400   PUT added 1341700  OI= 922140
pcr10 =  BSE:SENSEX2681377500CE   2.54   1.6 CALL added 649740   PUT added 1042540  OI= 684600
pcr11 =  BSE:SENSEX2681377400CE   6.04   4.27 CALL added 129560   PUT added 553360  OI= 136540
pcr12 =  BSE:SENSEX2681377300PE   9.42   4.02 CALL added 78540   PUT added 315540  OI= 793360
pcr13 =  BSE:SENSEX2681377200PE   22.02   15.86 CALL added 36720   PUT added 582240  OI= 945980
pcr14 =  BSE:SENSEX2681377100CE   27.05   20.07 CALL added 17180   PUT added 344780  OI= 21040
pcr15 =  BSE:SENSEX2681377000CE   17.67   8.68 CALL added 77520   PUT added 673160  OI= 97180
pcr16 =  BSE:SENSEX2681376900CE   45.47   32.28 CALL added 8720   PUT added 281500  OI= 10820
pcr17 =  BSE:SENSEX2681376800PE   150.0   96.11 CALL added 3480   PUT added 334460  OI= 720000
pcrSummation= 4.36  result =  ['BSE:SENSEX2681378400PE', 'BSE:SENSEX2681378300PE', 'BSE:SENSEX2681378200CE', 'BSE:SENSEX2681378100PE', 'BSE:SENSEX2681378000CE', 'BSE:SENSEX2681377900PE', 'BSE:SENSEX2681377800CE', 'BSE:SENSEX2681377700PE', 'BSE:SENSEX2681377600CE']
PCRSUM== 284.57
pcrSummation== 4.36
VOLPCRSUM== 17.14
spotLTP =  77620.02  ATM_STRIKE =  77600
IS_ATM_STRIKE_SHIFT = True  mapStrike = {77600: 77600}
avgOiPcrList2 = [np.float64(16.74)] atmStrikeNotShiftedCount= 1
True   1   1
SUPP_RES=== 78000  Buffer= 28
CEoich val =  4184060.0  PEoich val =  245300.0 , CE > PE by 94.1%
SUPP_RES TOTAL OI: CE= 4537020  PE= 1230340 , CE > PE by 72.9%
IS_MORNING_WINDOW= False  (active 9:15-9:48 IST)
================================================
==== signal check time ==== 2026-08-12 11:15:00.755986
IS_CHOI_DIFF_GT_25PERC== True
RSI_VAL1== 30.3
RSI_VAL2== 30.3
FUT_3m_OHLC O= 78025.0  H= 78032.2  L= 78000.0  C= 78005.0  Range= 32.2
CHART_PATTERN_DETECTED: INSIDE_BAR
  PATTERN_CONTEXT: Body= -20.0  Range= 32.2  ExpectedRange= 69.8  RangeRatio= 0.46  O= 78025.0  H= 78032.2  L= 78000.0  C= 78005.0
newSynthFut =  78000
ATMStrike =  77600
AVG_OIPCR= 0.48
avgoiPCROld=  16.74
SUPP_RES = 78000
FUT LTP = 78005.0
CEchoi  PechOi = 4184060.0    245300.0
====================================
totalOIPCR = 0.51
AVG_VOLPCR= 1.9
atmPCR= 0.27  belowATM  0.3
atmVolPCR= 1.14  belowATM  1.76
True   78005.0   78000   False   False   30.3
curr Doji False
BSE:SENSEX2681378000PE  curr candle vol pcr = 0.34  PE= 225740  CE= 670980      cpr =  2.97
BSE:SENSEX2681378000PE  prev candle vol pcr = 0.38  PE= 243100  CE= 641780      cpr =  2.64
VOL_PRESSURE_ALERT: STRONG_CALL_PRESSURE | currCPR= 2.97  prevCPR= 2.64  Direction=BEARISH_SIGNAL (heavy CE buying = expecting down move)
ATM_CE_premium= 132.55  ATM_PE_premium= 438.3
CE_PremChg= -5.85  PE_PremChg= 8.85
CandleBody= -20.0  PrevBody= 48.9  CandleRange= 32.2  Bearish
TotalVol= 896720  PrevTotalVol= 884880  VolSpike= 1.01 x 
SCALP_SCORE: BEAR | BullScore= 0  BearScore= 3 | Confidence= MEDIUM
  SCALP_BEAR_REASONS: VolCPR_2candle_bear + StrongBearCandle(62%)
DATAPOINT|11:15|FUT=78005.0|Body=-20.0|PrevBody=48.9|Range=32.2|RangeRatio=0.46|CurrVolPCR=0.34|PrevVolPCR=0.38|CurrCPR=2.97|PrevCPR=2.64|VolSpike=1.01|CE_PremChg=-5.85|PE_PremChg=8.85|BullScore=0|BearScore=3|Dir=BEAR|Conf=MEDIUM
CHART_PATTERN_DETECTED: INSIDE_BAR
  PATTERN_CONTEXT: Body= -20.0  Range= 32.2  ExpectedRange= 69.8  RangeRatio= 0.46  O= 78025.0  H= 78032.2  L= 78000.0  C= 78005.0
BSE:SENSEX-INDEX  strikecount= 3   fyers <fyers_apiv3.fyersModel.FyersModel object at 0x7b8d52f4acc0>
======================================
oipcr1 =  BSE:SENSEX2681377900PE   0.3
oipcr2 =  BSE:SENSEX2681377800CE   0.52
oipcr3 =  BSE:SENSEX2681377700PE   0.81
oipcrBull = NoEntry  bulcount= 0  bearcount= 3 oipcrBear= BearTrade
atmpcr5 pcr6= 1.85    2.54
No Entry Yet
India VIX = 12.02  Spot Price = 77609.07
IV Regime = LOW (ADAPTIVE: P25= 12.03  P50= 12.43  P75= 13.27 ) | DailyRange = 1332.7 | 3minCandleRange = 70.1 (theoretical= 116.9 ) | ATMoptionMove = 31.6 | SL = 110 | Target = 110 | TrailTrigger = 32 | Spread = 300 | Buffer = 28
IV Params refreshed: {'vix': 12.02, 'bn_price': 77609.07, 'regime': 'LOW', 'regime_thresholds': 'P25=12.03 P50=12.43 P75=13.27', 'daily_range': 1332.7, 'candle_range': 70.1, 'atm_option_move': 31.6, 'sl_point': 110, 'target_point': 110, 'sl_pct_of_premium': 0.1, 'trail_trigger': 32, 'spread_width': 300, 'support_resistance_buffer': 28}
BSE:SENSEX-INDEX  strikecount= 8   fyers <fyers_apiv3.fyersModel.FyersModel object at 0x7b8d52f4acc0>
===
====after 3 min ochain==== 2026-08-12 11:18:00.000004
                                    oipcr   choipcr   totalOI
pcr1 =  BSE:SENSEX2681378400PE   0.12   -0.0 CALL added 884700   PUT unwind -3540  OI= 158480
pcr2 =  BSE:SENSEX2681378300PE   0.14   -0.03 CALL added 1334980   PUT unwind -45220  OI= 267940
pcr3 =  BSE:SENSEX2681378200CE   0.17   -0.23 CALL added 1488680   PUT unwind -343200  OI= 2293680
pcr4 =  BSE:SENSEX2681378100PE   0.18   -0.15 CALL added 1624120   PUT unwind -247940  OI= 368580
pcr5 =  BSE:SENSEX2681378000CE   0.27   0.06 CALL added 4248060   PUT added 250780  OI= 4601020
pcr6 =  BSE:SENSEX2681377900PE   0.29    0.18 CALL added 2140540   PUT added 388880  OI= 646000
pcr7 =  BSE:SENSEX2681377800CE   0.5   0.38 CALL added 2071480   PUT added 776840  OI= 2122260
pcr8 =  BSE:SENSEX2681377700PE   0.76   0.58 CALL added 1337240   PUT added 774380  OI= 1032760
pcr9 =  BSE:SENSEX2681377600CE   1.85   1.5 CALL added 972660   PUT added 1457640  OI= 987400
pcr10 =  BSE:SENSEX2681377500CE   2.45   1.59 CALL added 710860   PUT added 1127160  OI= 745720
pcr11 =  BSE:SENSEX2681377400CE   6.03   4.43 CALL added 143440   PUT added 635900  OI= 150420
pcr12 =  BSE:SENSEX2681377300PE   8.97   4.0 CALL added 85900   PUT added 343540  OI= 821360
pcr13 =  BSE:SENSEX2681377200PE   22.43   16.38 CALL added 37040   PUT added 606880  OI= 970620
pcr14 =  BSE:SENSEX2681377100CE   32.61   26.56 CALL added 16260   PUT added 431840  OI= 20120
pcr15 =  BSE:SENSEX2681377000CE   18.58   9.83 CALL added 77560   PUT added 762600  OI= 97220
pcr16 =  BSE:SENSEX2681376900CE   41.37   28.93 CALL added 9940   PUT added 287560  OI= 12040
pcr17 =  BSE:SENSEX2681376800PE   160.75   110.93 CALL added 3480   PUT added 386040  OI= 771580
pcrSummation= 4.28  result =  ['BSE:SENSEX2681378400PE', 'BSE:SENSEX2681378300PE', 'BSE:SENSEX2681378200CE', 'BSE:SENSEX2681378100PE', 'BSE:SENSEX2681378000CE', 'BSE:SENSEX2681377900PE', 'BSE:SENSEX2681377800CE', 'BSE:SENSEX2681377700PE', 'BSE:SENSEX2681377600CE']
PCRSUM== 297.47
pcrSummation== 4.28
VOLPCRSUM== 16.71
spotLTP =  77607.45  ATM_STRIKE =  77600
IS_ATM_STRIKE_SHIFT = False  mapStrike = {77600: 77600}
avgOiPcrList2 = [np.float64(16.74), np.float64(17.5)] atmStrikeNotShiftedCount= 2
False   2   2
SUPP_RES=== 78000  Buffer= 28
CEoich val =  4248060.0  PEoich val =  250780.0 , CE > PE by 94.1%
SUPP_RES TOTAL OI: CE= 4601020  PE= 1235820 , CE > PE by 73.1%
IS_MORNING_WINDOW= False  (active 9:15-9:48 IST)
================================================
==== signal check time ==== 2026-08-12 11:18:01.911177
IS_CHOI_DIFF_GT_25PERC== True
RSI_VAL1== 29.98
RSI_VAL2== 29.98
FUT_3m_OHLC O= 78039.4  H= 78044.6  L= 78000.6  C= 78000.6  Range= 44.0
CHART_PATTERN_DETECTED: DOUBLE_TOP_FORMING
  PATTERN_CONTEXT: Body= -38.8  Range= 44.0  ExpectedRange= 70.1  RangeRatio= 0.63  O= 78039.4  H= 78044.6  L= 78000.6  C= 78000.6
newSynthFut =  78000
ATMStrike =  77600
AVG_OIPCR= 0.48
avgoiPCROld=  17.5
SUPP_RES = 78000
FUT LTP = 78000.65
CEchoi  PechOi = 4248060.0    250780.0
====================================
totalOIPCR = 0.51
AVG_VOLPCR= 1.86
atmPCR= 0.27  belowATM  0.29
atmVolPCR= 1.13  belowATM  1.75
True   78000.65   78000   False   False   29.98
curr Doji False
BSE:SENSEX2681378000PE  curr candle vol pcr = 0.36  PE= 157360  CE= 441460      cpr =  2.81
BSE:SENSEX2681378000PE  prev candle vol pcr = 0.34  PE= 225740  CE= 670980      cpr =  2.97
VOL_PRESSURE_ALERT: STRONG_CALL_PRESSURE | currCPR= 2.81  prevCPR= 2.97  Direction=BEARISH_SIGNAL (heavy CE buying = expecting down move)
ATM_CE_premium= 132.4  ATM_PE_premium= 438.15
CE_PremChg= -0.15  PE_PremChg= -0.15
CandleBody= -38.8  PrevBody= -20.0  CandleRange= 44.0  Bearish
TotalVol= 598820  PrevTotalVol= 896720  VolSpike= 0.67 x 
SCALP_SCORE: BEAR | BullScore= 0  BearScore= 4 | Confidence= MEDIUM
  SCALP_BEAR_REASONS: VolCPR_2candle_bear + StrongBearCandle(88%) + 2ConsecBearCandles
DATAPOINT|11:18|FUT=78000.6|Body=-38.8|PrevBody=-20.0|Range=44.0|RangeRatio=0.63|CurrVolPCR=0.36|PrevVolPCR=0.34|CurrCPR=2.81|PrevCPR=2.97|VolSpike=0.67|CE_PremChg=-0.15|PE_PremChg=-0.15|BullScore=0|BearScore=4|Dir=BEAR|Conf=MEDIUM
CHART_PATTERN_DETECTED: DOUBLE_TOP_FORMING
  PATTERN_CONTEXT: Body= -38.8  Range= 44.0  ExpectedRange= 70.1  RangeRatio= 0.63  O= 78039.4  H= 78044.6  L= 78000.6  C= 78000.6
BSE:SENSEX-INDEX  strikecount= 3   fyers <fyers_apiv3.fyersModel.FyersModel object at 0x7b8d52f4acc0>
======================================
oipcr1 =  BSE:SENSEX2681377900PE   0.29
oipcr2 =  BSE:SENSEX2681377800CE   0.5
oipcr3 =  BSE:SENSEX2681377700PE   0.76
oipcrBull = NoEntry  bulcount= 0  bearcount= 3 oipcrBear= BearTrade
atmpcr5 pcr6= 1.85    2.45
No Entry Yet
India VIX = 11.94  Spot Price = 77631.98
IV Regime = LOW (ADAPTIVE: P25= 12.03  P50= 12.43  P75= 13.27 ) | DailyRange = 1324.2 | 3minCandleRange = 69.7 (theoretical= 116.1 ) | ATMoptionMove = 31.4 | SL = 110 | Target = 110 | TrailTrigger = 31 | Spread = 300 | Buffer = 28
IV Params refreshed: {'vix': 11.94, 'bn_price': 77631.98, 'regime': 'LOW', 'regime_thresholds': 'P25=12.03 P50=12.43 P75=13.27', 'daily_range': 1324.2, 'candle_range': 69.7, 'atm_option_move': 31.4, 'sl_point': 110, 'target_point': 110, 'sl_pct_of_premium': 0.1, 'trail_trigger': 31, 'spread_width': 300, 'support_resistance_buffer': 28}
BSE:SENSEX-INDEX  strikecount= 8   fyers <fyers_apiv3.fyersModel.FyersModel object at 0x7b8d52f4acc0>
===
====after 3 min ochain==== 2026-08-12 11:21:00.000003
                                    oipcr   choipcr   totalOI
pcr1 =  BSE:SENSEX2681378400PE   0.11   -0.01 CALL added 901020   PUT unwind -4620  OI= 157400
pcr2 =  BSE:SENSEX2681378300PE   0.14   -0.03 CALL added 1347540   PUT unwind -45100  OI= 268060
pcr3 =  BSE:SENSEX2681378200CE   0.17   -0.23 CALL added 1475580   PUT unwind -343100  OI= 2280580
pcr4 =  BSE:SENSEX2681378100PE   0.18   -0.16 CALL added 1605800   PUT unwind -249400  OI= 367120
pcr5 =  BSE:SENSEX2681378000CE   0.27   0.06 CALL added 4246440   PUT added 251460  OI= 4599400
pcr6 =  BSE:SENSEX2681377900PE   0.29    0.18 CALL added 2158820   PUT added 395920  OI= 653040
pcr7 =  BSE:SENSEX2681377800CE   0.52   0.39 CALL added 2093020   PUT added 825060  OI= 2143800
pcr8 =  BSE:SENSEX2681377700PE   0.77   0.59 CALL added 1387000   PUT added 820260  OI= 1078640
pcr9 =  BSE:SENSEX2681377600CE   1.8   1.46 CALL added 1022840   PUT added 1496260  OI= 1037580
pcr10 =  BSE:SENSEX2681377500CE   2.51   1.63 CALL added 700160   PUT added 1143960  OI= 735020
pcr11 =  BSE:SENSEX2681377400CE   5.9   4.32 CALL added 146300   PUT added 632240  OI= 153280
pcr12 =  BSE:SENSEX2681377300PE   8.96   4.09 CALL added 87760   PUT added 359220  OI= 837040
pcr13 =  BSE:SENSEX2681377200PE   22.78   16.73 CALL added 36620   PUT added 612500  OI= 976240
pcr14 =  BSE:SENSEX2681377100CE   34.37   28.7 CALL added 16160   PUT added 463860  OI= 20020
pcr15 =  BSE:SENSEX2681377000CE   18.07   9.71 CALL added 82380   PUT added 800220  OI= 102040
pcr16 =  BSE:SENSEX2681376900CE   40.46   28.51 CALL added 10500   PUT added 299340  OI= 12600
pcr17 =  BSE:SENSEX2681376800PE   161.27   112.78 CALL added 3560   PUT added 401480  OI= 787020
pcrSummation= 4.25  result =  ['BSE:SENSEX2681378400PE', 'BSE:SENSEX2681378300PE', 'BSE:SENSEX2681378200CE', 'BSE:SENSEX2681378100PE', 'BSE:SENSEX2681378000CE', 'BSE:SENSEX2681377900PE', 'BSE:SENSEX2681377800CE', 'BSE:SENSEX2681377700PE', 'BSE:SENSEX2681377600CE']
PCRSUM== 298.57
pcrSummation== 4.25
VOLPCRSUM== 16.41
spotLTP =  77631.98  ATM_STRIKE =  77600
IS_ATM_STRIKE_SHIFT = False  mapStrike = {77600: 77600}
avgOiPcrList2 = [np.float64(16.74), np.float64(17.5), np.float64(17.56)] atmStrikeNotShiftedCount= 3
False   3   3
SUPP_RES=== 78000  Buffer= 28
CEoich val =  4246440.0  PEoich val =  251460.0 , CE > PE by 94.1%
SUPP_RES TOTAL OI: CE= 4599400  PE= 1236500 , CE > PE by 73.1%
IS_MORNING_WINDOW= False  (active 9:15-9:48 IST)
================================================
==== signal check time ==== 2026-08-12 11:21:00.729679
IS_CHOI_DIFF_GT_25PERC== True
RSI_VAL1== 31.31
RSI_VAL2== 31.31
FUT_3m_OHLC O= 78000.6  H= 78012.6  L= 78000.6  C= 78008.0  Range= 12.0
CHART_PATTERN_DETECTED: INSIDE_BAR | DOUBLE_TOP_FORMING | DOUBLE_BOTTOM_FORMING
  PATTERN_CONTEXT: Body= 7.4  Range= 12.0  ExpectedRange= 69.7  RangeRatio= 0.17  O= 78000.6  H= 78012.6  L= 78000.6  C= 78008.0
isPcrInc = True
newSynthFut =  78000
ATMStrike =  77600
AVG_OIPCR= 0.47
avgoiPCROld=  17.56
SUPP_RES = 78000
FUT LTP = 78008.0
CEchoi  PechOi = 4246440.0    251460.0
====================================
totalOIPCR = 0.52
AVG_VOLPCR= 1.82
atmPCR= 0.27  belowATM  0.29
atmVolPCR= 1.13  belowATM  1.73
True   78008.0   78000   True   False   31.31
In Bull trade, slCount =  0  (mode= LOGIC3_CHOI_15PCT )
============================================================
LOGIC3_OBSERVE: WOULD_HAVE_ENTERED BULL (no real order — LOGIC3 is observation-only)
  FUT=78008.0 SUPP_RES=78000 CEchoi=4246440.0 PEchoi=251460.0
============================================================
India VIX = 11.94  Spot Price = 77632.24
IV Regime = LOW (ADAPTIVE: P25= 12.03  P50= 12.43  P75= 13.27 ) | DailyRange = 1324.2 | 3minCandleRange = 69.7 (theoretical= 116.1 ) | ATMoptionMove = 31.4 | SL = 110 | Target = 110 | TrailTrigger = 31 | Spread = 300 | Buffer = 28
IV Params refreshed: {'vix': 11.94, 'bn_price': 77632.24, 'regime': 'LOW', 'regime_thresholds': 'P25=12.03 P50=12.43 P75=13.27', 'daily_range': 1324.2, 'candle_range': 69.7, 'atm_option_move': 31.4, 'sl_point': 110, 'target_point': 110, 'sl_pct_of_premium': 0.1, 'trail_trigger': 31, 'spread_width': 300, 'support_resistance_buffer': 28}
BSE:SENSEX-INDEX  strikecount= 8   fyers <fyers_apiv3.fyersModel.FyersModel object at 0x7b8d52f4acc0>
===
====after 3 min ochain==== 2026-08-12 11:21:00.862896
                                    oipcr   choipcr   totalOI
pcr1 =  BSE:SENSEX2681378400PE   0.11   -0.01 CALL added 901020   PUT unwind -4620  OI= 157400
pcr2 =  BSE:SENSEX2681378300PE   0.14   -0.03 CALL added 1347540   PUT unwind -45100  OI= 268060
pcr3 =  BSE:SENSEX2681378200CE   0.17   -0.23 CALL added 1475580   PUT unwind -343100  OI= 2280580
pcr4 =  BSE:SENSEX2681378100PE   0.18   -0.16 CALL added 1605800   PUT unwind -249400  OI= 367120
pcr5 =  BSE:SENSEX2681378000CE   0.27   0.06 CALL added 4246440   PUT added 251460  OI= 4599400
pcr6 =  BSE:SENSEX2681377900PE   0.29    0.18 CALL added 2158820   PUT added 395920  OI= 653040
pcr7 =  BSE:SENSEX2681377800CE   0.52   0.39 CALL added 2093020   PUT added 825060  OI= 2143800
pcr8 =  BSE:SENSEX2681377700PE   0.77   0.59 CALL added 1387000   PUT added 820260  OI= 1078640
pcr9 =  BSE:SENSEX2681377600CE   1.8   1.46 CALL added 1022840   PUT added 1496260  OI= 1037580
pcr10 =  BSE:SENSEX2681377500CE   2.51   1.63 CALL added 700160   PUT added 1143960  OI= 735020
pcr11 =  BSE:SENSEX2681377400CE   5.9   4.32 CALL added 146300   PUT added 632240  OI= 153280
pcr12 =  BSE:SENSEX2681377300PE   8.96   4.09 CALL added 87760   PUT added 359220  OI= 837040
pcr13 =  BSE:SENSEX2681377200PE   22.78   16.73 CALL added 36620   PUT added 612500  OI= 976240
pcr14 =  BSE:SENSEX2681377100CE   34.37   28.7 CALL added 16160   PUT added 463860  OI= 20020
pcr15 =  BSE:SENSEX2681377000CE   18.07   9.71 CALL added 82380   PUT added 800220  OI= 102040
pcr16 =  BSE:SENSEX2681376900CE   40.46   28.51 CALL added 10500   PUT added 299340  OI= 12600
pcr17 =  BSE:SENSEX2681376800PE   161.27   112.78 CALL added 3560   PUT added 401480  OI= 787020
pcrSummation= 4.25  result =  ['BSE:SENSEX2681378400PE', 'BSE:SENSEX2681378300PE', 'BSE:SENSEX2681378200CE', 'BSE:SENSEX2681378100PE', 'BSE:SENSEX2681378000CE', 'BSE:SENSEX2681377900PE', 'BSE:SENSEX2681377800CE', 'BSE:SENSEX2681377700PE', 'BSE:SENSEX2681377600CE']
PCRSUM== 298.57
pcrSummation== 4.25
VOLPCRSUM== 16.41
spotLTP =  77632.24  ATM_STRIKE =  77600
IS_ATM_STRIKE_SHIFT = False  mapStrike = {77600: 77600}
avgOiPcrList2 = [np.float64(17.5), np.float64(17.56), np.float64(17.56)] atmStrikeNotShiftedCount= 4
False   4   3
SUPP_RES=== 78000  Buffer= 28
CEoich val =  4246440.0  PEoich val =  251460.0 , CE > PE by 94.1%
SUPP_RES TOTAL OI: CE= 4599400  PE= 1236500 , CE > PE by 73.1%
IS_MORNING_WINDOW= False  (active 9:15-9:48 IST)
================================================
==== signal check time ==== 2026-08-12 11:21:01.615189
IS_CHOI_DIFF_GT_25PERC== True
RSI_VAL1== 31.31
RSI_VAL2== 31.31
FUT_3m_OHLC O= 78000.6  H= 78012.6  L= 78000.6  C= 78008.0  Range= 12.0
CHART_PATTERN_DETECTED: INSIDE_BAR | DOUBLE_TOP_FORMING | DOUBLE_BOTTOM_FORMING
  PATTERN_CONTEXT: Body= 7.4  Range= 12.0  ExpectedRange= 69.7  RangeRatio= 0.17  O= 78000.6  H= 78012.6  L= 78000.6  C= 78008.0
neither = [np.float64(17.56)]
newSynthFut =  78000
ATMStrike =  77600
AVG_OIPCR= 0.47
avgoiPCROld=  17.56
SUPP_RES = 78000
FUT LTP = 78008.0
CEchoi  PechOi = 4246440.0    251460.0
====================================
totalOIPCR = 0.52
AVG_VOLPCR= 1.82
atmPCR= 0.27  belowATM  0.29
atmVolPCR= 1.13  belowATM  1.73
True   78008.0   78000   False   False   31.31
curr Doji False
BSE:SENSEX2681378000PE  curr candle vol pcr = 0.38  PE= 127340  CE= 332300      cpr =  2.61
BSE:SENSEX2681378000PE  prev candle vol pcr = 0.36  PE= 157360  CE= 441460      cpr =  2.81
VOL_PRESSURE_ALERT: STRONG_CALL_PRESSURE | currCPR= 2.61  prevCPR= 2.81  Direction=BEARISH_SIGNAL (heavy CE buying = expecting down move)
ATM_CE_premium= 134.85  ATM_PE_premium= 422.0
CE_PremChg= 2.45  PE_PremChg= -16.15
CandleBody= 7.4  PrevBody= -38.8  CandleRange= 12.0  Bullish
TotalVol= 459640  PrevTotalVol= 598820  VolSpike= 0.77 x 
SCALP_SCORE: BEAR | BullScore= 1  BearScore= 2 | Confidence= LOW
DATAPOINT|11:21|FUT=78008.0|Body=7.4|PrevBody=-38.8|Range=12.0|RangeRatio=0.17|CurrVolPCR=0.38|PrevVolPCR=0.36|CurrCPR=2.61|PrevCPR=2.81|VolSpike=0.77|CE_PremChg=2.45|PE_PremChg=-16.15|BullScore=1|BearScore=2|Dir=BEAR|Conf=LOW
CHART_PATTERN_DETECTED: INSIDE_BAR | DOUBLE_TOP_FORMING | DOUBLE_BOTTOM_FORMING
  PATTERN_CONTEXT: Body= 7.4  Range= 12.0  ExpectedRange= 69.7  RangeRatio= 0.17  O= 78000.6  H= 78012.6  L= 78000.6  C= 78008.0
BSE:SENSEX-INDEX  strikecount= 3   fyers <fyers_apiv3.fyersModel.FyersModel object at 0x7b8d52f4acc0>
======================================
oipcr1 =  BSE:SENSEX2681377900PE   0.29
oipcr2 =  BSE:SENSEX2681377800CE   0.52
oipcr3 =  BSE:SENSEX2681377700PE   0.77
oipcrBull = NoEntry  bulcount= 0  bearcount= 3 oipcrBear= BearTrade
atmpcr5 pcr6= 1.8    2.51
No Entry Yet
India VIX = 11.89  Spot Price = 77675.53
IV Regime = LOW (ADAPTIVE: P25= 12.03  P50= 12.43  P75= 13.27 ) | DailyRange = 1319.4 | 3minCandleRange = 69.4 (theoretical= 115.7 ) | ATMoptionMove = 31.2 | SL = 109 | Target = 109 | TrailTrigger = 31 | Spread = 300 | Buffer = 28
IV Params refreshed: {'vix': 11.89, 'bn_price': 77675.53, 'regime': 'LOW', 'regime_thresholds': 'P25=12.03 P50=12.43 P75=13.27', 'daily_range': 1319.4, 'candle_range': 69.4, 'atm_option_move': 31.2, 'sl_point': 109, 'target_point': 109, 'sl_pct_of_premium': 0.1, 'trail_trigger': 31, 'spread_width': 300, 'support_resistance_buffer': 28}
BSE:SENSEX-INDEX  strikecount= 8   fyers <fyers_apiv3.fyersModel.FyersModel object at 0x7b8d52f4acc0>
===
====after 3 min ochain==== 2026-08-12 11:24:00.000004
                                    oipcr   choipcr   totalOI
pcr1 =  BSE:SENSEX2681378500CE   0.13   0.01 CALL added 2261440   PUT added 12040  OI= 3721780
pcr2 =  BSE:SENSEX2681378400PE   0.11   -0.01 CALL added 913260   PUT unwind -6460  OI= 155560
pcr3 =  BSE:SENSEX2681378300PE   0.14   -0.03 CALL added 1361300   PUT unwind -43760  OI= 269400
pcr4 =  BSE:SENSEX2681378200CE   0.17   -0.23 CALL added 1520100   PUT unwind -344740  OI= 2325100
pcr5 =  BSE:SENSEX2681378100PE   0.18   -0.16 CALL added 1615920   PUT unwind -251560  OI= 364960
pcr6 =  BSE:SENSEX2681378000CE   0.27    0.06 CALL added 4274480   PUT added 246660  OI= 4627440
pcr7 =  BSE:SENSEX2681377900PE   0.29   0.18 CALL added 2155320   PUT added 385020  OI= 642140
pcr8 =  BSE:SENSEX2681377800CE   0.53   0.4 CALL added 1980420   PUT added 792260  OI= 2031200
pcr9 =  BSE:SENSEX2681377700PE   0.81   0.63 CALL added 1368820   PUT added 859300  OI= 1117680
pcr10 =  BSE:SENSEX2681377600CE   1.89   1.55 CALL added 1021320   PUT added 1588100  OI= 1036060
pcr11 =  BSE:SENSEX2681377500CE   2.59   1.72 CALL added 697140   PUT added 1198580  OI= 732000
pcr12 =  BSE:SENSEX2681377400CE   6.37   4.78 CALL added 142840   PUT added 683220  OI= 149820
pcr13 =  BSE:SENSEX2681377300PE   9.04   4.23 CALL added 88680   PUT added 375000  OI= 852820
pcr14 =  BSE:SENSEX2681377200PE   21.3   15.48 CALL added 39700   PUT added 614600  OI= 978340
pcr15 =  BSE:SENSEX2681377100CE   19.46   14.92 CALL added 32900   PUT added 490900  OI= 36760
pcr16 =  BSE:SENSEX2681377000CE   20.41   12.02 CALL added 76500   PUT added 919180  OI= 96160
pcr17 =  BSE:SENSEX2681376900CE   42.53   30.68 CALL added 10220   PUT added 313520  OI= 12320
pcrSummation= 4.39  result =  ['BSE:SENSEX2681378400PE', 'BSE:SENSEX2681378300PE', 'BSE:SENSEX2681378200CE', 'BSE:SENSEX2681378100PE', 'BSE:SENSEX2681378000CE', 'BSE:SENSEX2681377900PE', 'BSE:SENSEX2681377800CE', 'BSE:SENSEX2681377700PE', 'BSE:SENSEX2681377600CE']
PCRSUM== 126.22
pcrSummation== 4.39
VOLPCRSUM== 10.68
spotLTP =  77675.53  ATM_STRIKE =  77700
IS_ATM_STRIKE_SHIFT = True  mapStrike = {77700: 77700}
avgOiPcrList2 = [np.float64(7.42)] atmStrikeNotShiftedCount= 1
True   1   1
SUPP_RES=== 78000  Buffer= 28
CEoich val =  4274480.0  PEoich val =  246660.0 , CE > PE by 94.2%
SUPP_RES TOTAL OI: CE= 4627440  PE= 1231700 , CE > PE by 73.4%
IS_MORNING_WINDOW= False  (active 9:15-9:48 IST)
================================================
==== signal check time ==== 2026-08-12 11:24:00.738258
IS_CHOI_DIFF_GT_25PERC== True
RSI_VAL1== 32.62
RSI_VAL2== 32.62
FUT_3m_OHLC O= 78030.0  H= 78030.0  L= 78015.0  C= 78015.0  Range= 15.0
CHART_PATTERN_DETECTED: DOUBLE_TOP_FORMING | DOUBLE_BOTTOM_FORMING
  PATTERN_CONTEXT: Body= -15.0  Range= 15.0  ExpectedRange= 69.4  RangeRatio= 0.22  O= 78030.0  H= 78030.0  L= 78015.0  C= 78015.0
newSynthFut =  78000
ATMStrike =  77700
AVG_OIPCR= 0.49
avgoiPCROld=  7.42
SUPP_RES = 78000
FUT LTP = 78015.0
CEchoi  PechOi = 4274480.0    246660.0
====================================
totalOIPCR = 0.53
AVG_VOLPCR= 1.19
atmPCR= 0.18  belowATM  0.27
atmVolPCR= 0.73  belowATM  1.12
True   78015.0   78000   False   False   32.62
curr Doji False
BSE:SENSEX2681378000PE  curr candle vol pcr = 0.38  PE= 203500  CE= 531600      cpr =  2.61
BSE:SENSEX2681378000PE  prev candle vol pcr = 0.38  PE= 127340  CE= 332300      cpr =  2.61
VOL_PRESSURE_ALERT: STRONG_CALL_PRESSURE | currCPR= 2.61  prevCPR= 2.61  Direction=BEARISH_SIGNAL (heavy CE buying = expecting down move)
ATM_CE_premium= 140.5  ATM_PE_premium= 399.9
CE_PremChg= 5.65  PE_PremChg= -22.1
CandleBody= -15.0  PrevBody= 7.4  CandleRange= 15.0  Bearish
TotalVol= 735100  PrevTotalVol= 459640  VolSpike= 1.6 x 
SCALP_SCORE: BEAR | BullScore= 0  BearScore= 4 | Confidence= MEDIUM
  SCALP_BEAR_REASONS: VolCPR_2candle_bear + StrongBearCandle(100%) + VolRise(1.6x)_bear
DATAPOINT|11:24|FUT=78015.0|Body=-15.0|PrevBody=7.4|Range=15.0|RangeRatio=0.22|CurrVolPCR=0.38|PrevVolPCR=0.38|CurrCPR=2.61|PrevCPR=2.61|VolSpike=1.6|CE_PremChg=5.65|PE_PremChg=-22.1|BullScore=0|BearScore=4|Dir=BEAR|Conf=MEDIUM
CHART_PATTERN_DETECTED: DOUBLE_TOP_FORMING | DOUBLE_BOTTOM_FORMING
  PATTERN_CONTEXT: Body= -15.0  Range= 15.0  ExpectedRange= 69.4  RangeRatio= 0.22  O= 78030.0  H= 78030.0  L= 78015.0  C= 78015.0
BSE:SENSEX-INDEX  strikecount= 3   fyers <fyers_apiv3.fyersModel.FyersModel object at 0x7b8d52f4acc0>
======================================
oipcr1 =  BSE:SENSEX2681378000CE   0.27
oipcr2 =  BSE:SENSEX2681377900PE   0.29
oipcr3 =  BSE:SENSEX2681377800CE   0.53
oipcrBull = NoEntry  bulcount= 0  bearcount= 3 oipcrBear= BearTrade
atmpcr5 pcr6= 0.81    1.89
No Entry Yet
India VIX = 11.94  Spot Price = 77629.28
IV Regime = LOW (ADAPTIVE: P25= 12.03  P50= 12.43  P75= 13.27 ) | DailyRange = 1324.1 | 3minCandleRange = 69.7 (theoretical= 116.1 ) | ATMoptionMove = 31.4 | SL = 110 | Target = 110 | TrailTrigger = 31 | Spread = 300 | Buffer = 28
IV Params refreshed: {'vix': 11.94, 'bn_price': 77629.28, 'regime': 'LOW', 'regime_thresholds': 'P25=12.03 P50=12.43 P75=13.27', 'daily_range': 1324.1, 'candle_range': 69.7, 'atm_option_move': 31.4, 'sl_point': 110, 'target_point': 110, 'sl_pct_of_premium': 0.1, 'trail_trigger': 31, 'spread_width': 300, 'support_resistance_buffer': 28}
BSE:SENSEX-INDEX  strikecount= 8   fyers <fyers_apiv3.fyersModel.FyersModel object at 0x7b8d52f4acc0>
===
====after 3 min ochain==== 2026-08-12 11:27:00.000002
                                    oipcr   choipcr   totalOI
pcr1 =  BSE:SENSEX2681378400PE   0.11   -0.01 CALL added 920620   PUT unwind -8260  OI= 153760
pcr2 =  BSE:SENSEX2681378300PE   0.14   -0.03 CALL added 1352700   PUT unwind -44000  OI= 269160
pcr3 =  BSE:SENSEX2681378200CE   0.17   -0.23 CALL added 1525860   PUT unwind -344620  OI= 2330860
pcr4 =  BSE:SENSEX2681378100PE   0.18   -0.16 CALL added 1604840   PUT unwind -252360  OI= 364160
pcr5 =  BSE:SENSEX2681378000CE   0.26   0.05 CALL added 4295020   PUT added 229280  OI= 4647980
pcr6 =  BSE:SENSEX2681377900PE   0.28    0.17 CALL added 2164120   PUT added 374100  OI= 631220
pcr7 =  BSE:SENSEX2681377800CE   0.52   0.39 CALL added 1963680   PUT added 762340  OI= 2014460
pcr8 =  BSE:SENSEX2681377700PE   0.8   0.63 CALL added 1394060   PUT added 875360  OI= 1133740
pcr9 =  BSE:SENSEX2681377600CE   1.83   1.51 CALL added 1065360   PUT added 1610260  OI= 1080100
pcr10 =  BSE:SENSEX2681377500CE   2.65   1.76 CALL added 688500   PUT added 1214140  OI= 723360
pcr11 =  BSE:SENSEX2681377400CE   6.07   4.52 CALL added 147900   PUT added 667980  OI= 154880
pcr12 =  BSE:SENSEX2681377300PE   9.47   4.61 CALL added 87100   PUT added 401380  OI= 879200
pcr13 =  BSE:SENSEX2681377200PE   20.52   14.82 CALL added 41300   PUT added 611920  OI= 975660
pcr14 =  BSE:SENSEX2681377100CE   36.5   31.56 CALL added 16860   PUT added 532060  OI= 20720
pcr15 =  BSE:SENSEX2681377000CE   19.33   11.46 CALL added 84320   PUT added 966060  OI= 103980
pcr16 =  BSE:SENSEX2681376900CE   44.24   32.34 CALL added 9880   PUT added 319520  OI= 11980
pcr17 =  BSE:SENSEX2681376800PE   156.63   108.82 CALL added 3740   PUT added 407000  OI= 792540
pcrSummation= 4.29  result =  ['BSE:SENSEX2681378400PE', 'BSE:SENSEX2681378300PE', 'BSE:SENSEX2681378200CE', 'BSE:SENSEX2681378100PE', 'BSE:SENSEX2681378000CE', 'BSE:SENSEX2681377900PE', 'BSE:SENSEX2681377800CE', 'BSE:SENSEX2681377700PE', 'BSE:SENSEX2681377600CE']
PCRSUM== 299.7
pcrSummation== 4.29
VOLPCRSUM== 15.370000000000001
spotLTP =  77629.28  ATM_STRIKE =  77600
IS_ATM_STRIKE_SHIFT = True  mapStrike = {77600: 77600}
avgOiPcrList2 = [np.float64(17.63)] atmStrikeNotShiftedCount= 1
True   1   1
SUPP_RES=== 78000  Buffer= 28
CEoich val =  4295020.0  PEoich val =  229280.0 , CE > PE by 94.7%
SUPP_RES TOTAL OI: CE= 4647980  PE= 1214320 , CE > PE by 73.9%
IS_MORNING_WINDOW= False  (active 9:15-9:48 IST)
================================================
==== signal check time ==== 2026-08-12 11:27:00.702360
IS_CHOI_DIFF_GT_25PERC== True
RSI_VAL1== 37.43
RSI_VAL2== 37.43
FUT_3m_OHLC O= 78015.0  H= 78041.2  L= 78015.0  C= 78041.2  Range= 26.2
CHART_PATTERN_DETECTED: BULLISH_ENGULFING | DOUBLE_TOP_FORMING | DOUBLE_BOTTOM_FORMING
  PATTERN_CONTEXT: Body= 26.2  Range= 26.2  ExpectedRange= 69.7  RangeRatio= 0.38  O= 78015.0  H= 78041.2  L= 78015.0  C= 78041.2
newSynthFut =  78000
ATMStrike =  77600
AVG_OIPCR= 0.48
avgoiPCROld=  17.63
SUPP_RES = 78000
FUT LTP = 78041.25
CEchoi  PechOi = 4295020.0    229280.0
====================================
totalOIPCR = 0.53
AVG_VOLPCR= 1.71
atmPCR= 0.26  belowATM  0.28
atmVolPCR= 1.1  belowATM  1.69
True   78041.25   78000   False   False   37.43
curr Doji False
BSE:SENSEX2681378000PE  curr candle vol pcr = 0.31  PE= 253740  CE= 812020      cpr =  3.2
BSE:SENSEX2681378000PE  prev candle vol pcr = 0.38  PE= 203500  CE= 531600      cpr =  2.61
VOL_PRESSURE_ALERT: STRONG_CALL_PRESSURE | currCPR= 3.2  prevCPR= 2.61  Direction=BEARISH_SIGNAL (heavy CE buying = expecting down move)
ATM_CE_premium= 132.45  ATM_PE_premium= 426.1
CE_PremChg= -8.05  PE_PremChg= 26.2
CandleBody= 26.2  PrevBody= -15.0  CandleRange= 26.2  Bullish
TotalVol= 1065760  PrevTotalVol= 735100  VolSpike= 1.45 x 
SCALP_SCORE: BEAR | BullScore= 1  BearScore= 2 | Confidence= LOW
DATAPOINT|11:27|FUT=78041.2|Body=26.2|PrevBody=-15.0|Range=26.2|RangeRatio=0.38|CurrVolPCR=0.31|PrevVolPCR=0.38|CurrCPR=3.2|PrevCPR=2.61|VolSpike=1.45|CE_PremChg=-8.05|PE_PremChg=26.2|BullScore=1|BearScore=2|Dir=BEAR|Conf=LOW
CHART_PATTERN_DETECTED: BULLISH_ENGULFING | DOUBLE_TOP_FORMING | DOUBLE_BOTTOM_FORMING
  PATTERN_CONTEXT: Body= 26.2  Range= 26.2  ExpectedRange= 69.7  RangeRatio= 0.38  O= 78015.0  H= 78041.2  L= 78015.0  C= 78041.2
BSE:SENSEX-INDEX  strikecount= 3   fyers <fyers_apiv3.fyersModel.FyersModel object at 0x7b8d52f4acc0>
======================================
oipcr1 =  BSE:SENSEX2681377900PE   0.28
oipcr2 =  BSE:SENSEX2681377800CE   0.52
oipcr3 =  BSE:SENSEX2681377700PE   0.8
oipcrBull = NoEntry  bulcount= 0  bearcount= 3 oipcrBear= BearTrade
atmpcr5 pcr6= 1.83    2.65
No Entry Yet
India VIX = 11.97  Spot Price = 77619.9
IV Regime = LOW (ADAPTIVE: P25= 12.03  P50= 12.43  P75= 13.27 ) | DailyRange = 1327.3 | 3minCandleRange = 69.8 (theoretical= 116.4 ) | ATMoptionMove = 31.4 | SL = 110 | Target = 110 | TrailTrigger = 31 | Spread = 300 | Buffer = 28
IV Params refreshed: {'vix': 11.97, 'bn_price': 77619.9, 'regime': 'LOW', 'regime_thresholds': 'P25=12.03 P50=12.43 P75=13.27', 'daily_range': 1327.3, 'candle_range': 69.8, 'atm_option_move': 31.4, 'sl_point': 110, 'target_point': 110, 'sl_pct_of_premium': 0.1, 'trail_trigger': 31, 'spread_width': 300, 'support_resistance_buffer': 28}
BSE:SENSEX-INDEX  strikecount= 8   fyers <fyers_apiv3.fyersModel.FyersModel object at 0x7b8d52f4acc0>
===
====after 3 min ochain==== 2026-08-12 11:30:00.000002
                                    oipcr   choipcr   totalOI
pcr1 =  BSE:SENSEX2681378400PE   0.11   -0.01 CALL added 903800   PUT unwind -7200  OI= 154820
pcr2 =  BSE:SENSEX2681378300PE   0.14   -0.04 CALL added 1330940   PUT unwind -46800  OI= 266360
pcr3 =  BSE:SENSEX2681378200CE   0.17   -0.23 CALL added 1501820   PUT unwind -346820  OI= 2306820
pcr4 =  BSE:SENSEX2681378100PE   0.18   -0.16 CALL added 1584160   PUT unwind -255040  OI= 361480
pcr5 =  BSE:SENSEX2681378000CE   0.26   0.05 CALL added 4201900   PUT added 203880  OI= 4554860
pcr6 =  BSE:SENSEX2681377900PE   0.27    0.17 CALL added 2181660   PUT added 360980  OI= 618100
pcr7 =  BSE:SENSEX2681377800CE   0.51   0.38 CALL added 2028760   PUT added 768900  OI= 2079540
pcr8 =  BSE:SENSEX2681377700PE   0.75   0.58 CALL added 1459380   PUT added 848900  OI= 1107280
pcr9 =  BSE:SENSEX2681377600CE   1.71   1.41 CALL added 1119460   PUT added 1577640  OI= 1134200
pcr10 =  BSE:SENSEX2681377500CE   2.62   1.75 CALL added 696920   PUT added 1218080  OI= 731780
pcr11 =  BSE:SENSEX2681377400CE   5.05   3.63 CALL added 165860   PUT added 601760  OI= 172840
pcr12 =  BSE:SENSEX2681377300PE   6.47   2.96 CALL added 125680   PUT added 371880  OI= 849700
pcr13 =  BSE:SENSEX2681377200PE   21.81   15.85 CALL added 38240   PUT added 606280  OI= 970020
pcr14 =  BSE:SENSEX2681377100CE   34.99   29.54 CALL added 16380   PUT added 483860  OI= 20240
pcr15 =  BSE:SENSEX2681377000CE   18.67   11.11 CALL added 89600   PUT added 995740  OI= 109260
pcr16 =  BSE:SENSEX2681376900CE   33.12   23.09 CALL added 14060   PUT added 324640  OI= 16160
pcr17 =  BSE:SENSEX2681376800PE   147.34   99.1 CALL added 3960   PUT added 392420  OI= 777960
pcrSummation= 4.1  result =  ['BSE:SENSEX2681378400PE', 'BSE:SENSEX2681378300PE', 'BSE:SENSEX2681378200CE', 'BSE:SENSEX2681378100PE', 'BSE:SENSEX2681378000CE', 'BSE:SENSEX2681377900PE', 'BSE:SENSEX2681377800CE', 'BSE:SENSEX2681377700PE', 'BSE:SENSEX2681377600CE']
PCRSUM== 274.17
pcrSummation== 4.1
VOLPCRSUM== 14.93
spotLTP =  77619.9  ATM_STRIKE =  77600
IS_ATM_STRIKE_SHIFT = False  mapStrike = {77600: 77600}
avgOiPcrList2 = [np.float64(17.63), np.float64(16.13)] atmStrikeNotShiftedCount= 2
False   2   2
SUPP_RES=== 78000  Buffer= 28
CEoich val =  4201900.0  PEoich val =  203880.0 , CE > PE by 95.1%
SUPP_RES TOTAL OI: CE= 4554860  PE= 1188920 , CE > PE by 73.9%
IS_MORNING_WINDOW= False  (active 9:15-9:48 IST)
================================================
==== signal check time ==== 2026-08-12 11:30:00.903103
IS_CHOI_DIFF_GT_25PERC== True
RSI_VAL1== 34.02
RSI_VAL2== 35.23
FUT_3m_OHLC O= 78025.4  H= 78025.4  L= 78002.0  C= 78020.0  Range= 23.4
CHART_PATTERN_DETECTED: HAMMER | DOUBLE_TOP_FORMING | DOUBLE_BOTTOM_FORMING
  PATTERN_CONTEXT: Body= -5.4  Range= 23.4  ExpectedRange= 69.8  RangeRatio= 0.34  O= 78025.4  H= 78025.4  L= 78002.0  C= 78020.0
newSynthFut =  78000
ATMStrike =  77600
AVG_OIPCR= 0.46
avgoiPCROld=  16.13
SUPP_RES = 78000
FUT LTP = 78020.0
CEchoi  PechOi = 4201900.0    203880.0
====================================
totalOIPCR = 0.53
AVG_VOLPCR= 1.66
atmPCR= 0.26  belowATM  0.27
atmVolPCR= 1.09  belowATM  1.66
True   78020.0   78000   False   False   35.23
curr Doji False
BSE:SENSEX2681378000PE  curr candle vol pcr = 0.3  PE= 223300  CE= 736140      cpr =  3.3
BSE:SENSEX2681378000PE  prev candle vol pcr = 0.31  PE= 253740  CE= 812020      cpr =  3.2
VOL_PRESSURE_ALERT: STRONG_CALL_PRESSURE | currCPR= 3.3  prevCPR= 3.2  Direction=BEARISH_SIGNAL (heavy CE buying = expecting down move)
ATM_CE_premium= 124.4  ATM_PE_premium= 447.05
CE_PremChg= -8.05  PE_PremChg= 20.95
CandleBody= -5.4  PrevBody= 26.2  CandleRange= 23.4  Bearish
TotalVol= 959440  PrevTotalVol= 1065760  VolSpike= 0.9 x 
SCALP_SCORE: BEAR | BullScore= 0  BearScore= 2 | Confidence= LOW
DATAPOINT|11:30|FUT=78020.0|Body=-5.4|PrevBody=26.2|Range=23.4|RangeRatio=0.34|CurrVolPCR=0.3|PrevVolPCR=0.31|CurrCPR=3.3|PrevCPR=3.2|VolSpike=0.9|CE_PremChg=-8.05|PE_PremChg=20.95|BullScore=0|BearScore=2|Dir=BEAR|Conf=LOW
CHART_PATTERN_DETECTED: HAMMER | DOUBLE_TOP_FORMING | DOUBLE_BOTTOM_FORMING
  PATTERN_CONTEXT: Body= -5.4  Range= 23.4  ExpectedRange= 69.8  RangeRatio= 0.34  O= 78025.4  H= 78025.4  L= 78002.0  C= 78020.0
BSE:SENSEX-INDEX  strikecount= 3   fyers <fyers_apiv3.fyersModel.FyersModel object at 0x7b8d52f4acc0>
======================================
oipcr1 =  BSE:SENSEX2681377900PE   0.27
oipcr2 =  BSE:SENSEX2681377800CE   0.51
oipcr3 =  BSE:SENSEX2681377700PE   0.75
oipcrBull = NoEntry  bulcount= 0  bearcount= 3 oipcrBear= BearTrade
atmpcr5 pcr6= 1.71    2.62
No Entry Yet
India VIX = 11.97  Spot Price = 77598.23
IV Regime = LOW (ADAPTIVE: P25= 12.03  P50= 12.43  P75= 13.27 ) | DailyRange = 1326.9 | 3minCandleRange = 69.8 (theoretical= 116.4 ) | ATMoptionMove = 31.4 | SL = 110 | Target = 110 | TrailTrigger = 31 | Spread = 300 | Buffer = 28
IV Params refreshed: {'vix': 11.97, 'bn_price': 77598.23, 'regime': 'LOW', 'regime_thresholds': 'P25=12.03 P50=12.43 P75=13.27', 'daily_range': 1326.9, 'candle_range': 69.8, 'atm_option_move': 31.4, 'sl_point': 110, 'target_point': 110, 'sl_pct_of_premium': 0.1, 'trail_trigger': 31, 'spread_width': 300, 'support_resistance_buffer': 28}
BSE:SENSEX-INDEX  strikecount= 8   fyers <fyers_apiv3.fyersModel.FyersModel object at 0x7b8d52f4acc0>
===
====after 3 min ochain==== 2026-08-12 11:33:00.000003
                                    oipcr   choipcr   totalOI
pcr1 =  BSE:SENSEX2681378400PE   0.11   -0.01 CALL added 902120   PUT unwind -8140  OI= 153880
pcr2 =  BSE:SENSEX2681378300PE   0.14   -0.04 CALL added 1324460   PUT unwind -46660  OI= 266500
pcr3 =  BSE:SENSEX2681378200CE   0.17   -0.23 CALL added 1495600   PUT unwind -345360  OI= 2300600
pcr4 =  BSE:SENSEX2681378100PE   0.18   -0.16 CALL added 1589540   PUT unwind -261280  OI= 355240
pcr5 =  BSE:SENSEX2681378000CE   0.26   0.05 CALL added 4121280   PUT added 195220  OI= 4474240
pcr6 =  BSE:SENSEX2681377900PE   0.26    0.16 CALL added 2210020   PUT added 343880  OI= 601000
pcr7 =  BSE:SENSEX2681377800CE   0.5   0.38 CALL added 2080960   PUT added 783740  OI= 2131740
pcr8 =  BSE:SENSEX2681377700PE   0.69   0.53 CALL added 1555020   PUT added 826160  OI= 1084540
pcr9 =  BSE:SENSEX2681377600CE   1.58   1.3 CALL added 1208760   PUT added 1565940  OI= 1223500
pcr10 =  BSE:SENSEX2681377500CE   2.49   1.67 CALL added 751520   PUT added 1256040  OI= 786380
pcr11 =  BSE:SENSEX2681377400CE   4.74   3.37 CALL added 173440   PUT added 583700  OI= 180420
pcr12 =  BSE:SENSEX2681377300PE   6.15   2.78 CALL added 131260   PUT added 364520  OI= 842340
pcr13 =  BSE:SENSEX2681377200PE   20.38   14.69 CALL added 41580   PUT added 610780  OI= 974520
pcr14 =  BSE:SENSEX2681377100CE   32.7   27.1 CALL added 17520   PUT added 474780  OI= 21380
pcr15 =  BSE:SENSEX2681377000CE   17.93   10.51 CALL added 93240   PUT added 980320  OI= 112900
pcr16 =  BSE:SENSEX2681376900CE   32.09   22.28 CALL added 14580   PUT added 324780  OI= 16680
pcr17 =  BSE:SENSEX2681376800PE   132.65   86.5 CALL added 4560   PUT added 394420  OI= 779960
pcrSummation= 3.89  result =  ['BSE:SENSEX2681378400PE', 'BSE:SENSEX2681378300PE', 'BSE:SENSEX2681378200CE', 'BSE:SENSEX2681378100PE', 'BSE:SENSEX2681378000CE', 'BSE:SENSEX2681377900PE', 'BSE:SENSEX2681377800CE', 'BSE:SENSEX2681377700PE', 'BSE:SENSEX2681377600CE']
PCRSUM== 253.02
pcrSummation== 3.89
VOLPCRSUM== 14.469999999999999
spotLTP =  77598.55  ATM_STRIKE =  77600
IS_ATM_STRIKE_SHIFT = False  mapStrike = {77600: 77600}
avgOiPcrList2 = [np.float64(17.63), np.float64(16.13), np.float64(14.88)] atmStrikeNotShiftedCount= 3
False   3   3
SUPP_RES=== 78000  Buffer= 28
CEoich val =  4121280.0  PEoich val =  195220.0 , CE > PE by 95.3%
SUPP_RES TOTAL OI: CE= 4474240  PE= 1180260 , CE > PE by 73.6%
IS_MORNING_WINDOW= False  (active 9:15-9:48 IST)
================================================
==== signal check time ==== 2026-08-12 11:33:00.713006
IS_CHOI_DIFF_GT_25PERC== True
RSI_VAL1== 32.35
RSI_VAL2== 32.35
FUT_3m_OHLC O= 78008.0  H= 78008.0  L= 77950.8  C= 77990.0  Range= 57.1
CHART_PATTERN_DETECTED: HAMMER | DOUBLE_TOP_FORMING
  PATTERN_CONTEXT: Body= -18.0  Range= 57.1  ExpectedRange= 69.8  RangeRatio= 0.82  O= 78008.0  H= 78008.0  L= 77950.8  C= 77990.0
isPcrDecr = True
newSynthFut =  78000
ATMStrike =  77600
AVG_OIPCR= 0.43
avgoiPCROld=  14.88
SUPP_RES = 78000
FUT LTP = 77990.0
CEchoi  PechOi = 4121280.0    195220.0
====================================
totalOIPCR = 0.52
AVG_VOLPCR= 1.61
atmPCR= 0.26  belowATM  0.26
atmVolPCR= 1.07  belowATM  1.64
True   77990.0   78000   False   True   32.35
In Bear trade, slCount=  0  (mode= LOGIC2_TREND_CONVERGENCE )
SPREAD_CALC_AT_ENTRY: SyntheticATMStrike= 77700  ATM_PE= 260.85  ATM_CE= 245.65  AvgATM= 253.25
ATM_GREEKS: CE=BSE:SENSEX2681377700CE -> {'delta': 0.49, 'gamma': 0.0006, 'theta': -107.7, 'vega': 17.56, 'iv': 14.37}
ATM_GREEKS: PE=BSE:SENSEX2681377700PE -> {'delta': -0.51, 'gamma': 0.0006, 'theta': -107.7, 'vega': 17.56, 'iv': 14.37}
ATM_IV: ce_iv=14.37 pe_iv=14.37 avg_atm_iv=14.37 iv_skew(PE-CE)=0.0
==================================================
SPREAD_SELECTION (Sensex weekly): Type= CREDIT | DTE= 1 | PremRatio= 0.42 | IVRank= 0.07
SPREAD_REASONS: DTE=1(weekly) | PremRatio=0.42 | IVRank=0.07 | DECISION:CREDIT (default — theta favors seller for weekly)
==================================================
SPREAD_DECISION_AT_ENTRY: {'type': 'CREDIT', 'score': 1, 'dte': 1, 'premium_ratio': 0.42, 'iv_rank': 0.07, 'vix_30d_high': 13.9, 'vix_30d_low': 11.81, 'reasons': ['DTE=1(weekly)', 'PremRatio=0.42', 'IVRank=0.07', 'DECISION:CREDIT (default — theta favors seller for weekly)']}
ENTRY_ROUTING: spread_type= CREDIT  isBullish= False  isBearish= True
IV-Dynamic: SL= 110  Target= 110  Spread= 300
  Checking hedge BSE:SENSEX2681378500CE: premium=36.35 (max=122.825)
=atmCE= BSE:SENSEX2681377700CE
=otmCE== BSE:SENSEX2681378500CE  entryPrice= 245.65  maxHedgePremium= 122.825
hedge_entry_price = 36.35
CREDIT_NET_CREDIT= 209.3
OPT_RANGE_DEBUG: symbol=BSE:SENSEX2681377700CE | total_candles_after_skip1st=10 | ranges=[12.95, 11.7, 13.95, 19.25, 11.8, 9.35, 16.6, 23.65, 17.1, 17.9] | median_all=15.28
OPT_OHLC_ENTRY: symbol=BSE:SENSEX2681377700CE | candles=10 | open=[248.55, 250.45, 250.7, 261.95, 251.45, 254.2, 257.9, 269.45, 254.5, 240.4] | high=[255.5, 257.8, 264.65, 262.8, 259.0, 259.35, 271.6, 272.1, 255.1, 248.5] | low=[242.55, 246.1, 250.7, 243.55, 247.2, 250.0, 255.0, 248.45, 238.0, 230.6] | close=[250.0, 250.4, 262.75, 252.95, 251.9, 258.05, 269.35, 255.45, 240.9, 245.55] | median_range=15.28
OPT_RANGE_DEBUG: symbol=BSE:SENSEX2681378500CE | total_candles_after_skip1st=10 | ranges=[1.75, 1.55, 2.0, 2.95, 1.75, 1.4, 2.3, 3.45, 2.85, 2.15] | median_all=2.08
OPT_OHLC_ENTRY: symbol=BSE:SENSEX2681378500CE | candles=10 | open=[41.8, 41.75, 41.25, 41.6, 39.65, 39.8, 39.9, 41.05, 38.65, 36.0] | high=[42.5, 42.35, 42.6, 41.6, 40.55, 40.45, 41.5, 41.35, 38.65, 36.7] | low=[40.75, 40.8, 40.6, 38.65, 38.8, 39.05, 39.2, 37.9, 35.8, 34.55] | close=[41.7, 41.35, 41.6, 39.7, 39.55, 39.8, 41.1, 38.5, 36.2, 36.35] | median_range=2.08
DELTA_CHECK: main=BSE:SENSEX2681377700CE -> {'delta': 0.49, 'gamma': 0.0006, 'theta': -107.77, 'vega': 17.56, 'iv': 14.38}
DELTA_CHECK: hedge=BSE:SENSEX2681378500CE -> {'delta': 0.11, 'gamma': 0.0003, 'theta': -54.43, 'vega': 8.43, 'iv': 15.13}
DELTA_CHECK: delta_ratio (|hedge|/|main|) = 0.224
HEDGE_OFFSET: source=DELTA used_ratio=0.224 raw=0.224 | delta_ratio=0.224 range_ratio=0.136 premium_ratio=0.148 | (main_delta=0.49 hedge_delta=0.11 main_range=15.28 hedge_range=2.08) effective_sl=31 -> net_sl_points=24.04
RISK_SIZING: effective_sl_pre=31 main=245.65 hedge=36.35 main_range=15.28 hedge_range=2.08 FIXED_RISK=5000 -> qty=200 (10 lots)
CREDIT_ENTRY: qty= 200
MARGIN_CHECK: qty=200 (10 lots) margin_required=491621.0 avail=868765.17 usable(90%)=781888.65
11 : 33 : 2  =>  BUY   SENSEX2681378500CE   200   MARKET
11 : 33 : 2  =>  SENSEX2681378500CE {'code': 1101, 'message': 'Successfully placed order', 's': 'ok', 'id_fyers': 'd9a8594e-1294-40ec-846a-284d964dc594', 'id': '26081200158979'}
entryPrice== 245.65 Target = 136  BSE:SENSEX2681377700CE  SL = 356
11 : 33 : 3  =>  SELL   SENSEX2681377700CE   200   MARKET
11 : 33 : 3  =>  SENSEX2681377700CE {'code': 1101, 'message': 'Successfully placed order', 's': 'ok', 'id_fyers': 'b6ed2a02-84c1-4dda-8405-f406b0514837', 'id': '26081200158982'}
Exit OID:  {'code': 1101, 'message': 'Successfully placed order', 's': 'ok', 'id_fyers': 'b6ed2a02-84c1-4dda-8405-f406b0514837', 'id': '26081200158982'}   {'code': 1101, 'message': 'Successfully placed order', 's': 'ok', 'id_fyers': 'd9a8594e-1294-40ec-846a-284d964dc594', 'id': '26081200158979'}
ENTRY_SL_TGT: spread= CREDIT  SL= 276.25  Target= 192.25  EntryPrem= 245.25  AnchorSrc= CANDLE_CLOSE  TrailTrigger= 32  SL_Source= OPTION_RANGE(median=15.28,SLx2,Tgtx3.5)  (iv_pts= 110  effective_sl= 31 )
curr Doji False
BSE:SENSEX2681378000PE  curr candle vol pcr = 0.29  PE= 233440  CE= 808300      cpr =  3.46
BSE:SENSEX2681378000PE  prev candle vol pcr = 0.3  PE= 223300  CE= 736140      cpr =  3.3
VOL_PRESSURE_ALERT: STRONG_CALL_PRESSURE | currCPR= 3.46  prevCPR= 3.3  Direction=BEARISH_SIGNAL (heavy CE buying = expecting down move)
ATM_CE_premium= 126.1  ATM_PE_premium= 440.15
CE_PremChg= 1.7  PE_PremChg= -6.9
CandleBody= -18.0  PrevBody= -5.4  CandleRange= 57.1  Bearish
TotalVol= 1041740  PrevTotalVol= 959440  VolSpike= 1.09 x 
SCALP_SCORE: BEAR | BullScore= 0  BearScore= 3 | Confidence= MEDIUM
  SCALP_BEAR_REASONS: VolCPR_2candle_bear + 2ConsecBearCandles
DATAPOINT|11:33|FUT=77990.0|Body=-18.0|PrevBody=-5.4|Range=57.1|RangeRatio=0.82|CurrVolPCR=0.29|PrevVolPCR=0.3|CurrCPR=3.46|PrevCPR=3.3|VolSpike=1.09|CE_PremChg=1.7|PE_PremChg=-6.9|BullScore=0|BearScore=3|Dir=BEAR|Conf=MEDIUM
CHART_PATTERN_DETECTED: HAMMER | DOUBLE_TOP_FORMING
  PATTERN_CONTEXT: Body= -18.0  Range= 57.1  ExpectedRange= 69.8  RangeRatio= 0.82  O= 78008.0  H= 78008.0  L= 77950.8  C= 77990.0
BSE:SENSEX-INDEX  strikecount= 3   fyers <fyers_apiv3.fyersModel.FyersModel object at 0x7b8d52f4acc0>
======================================
oipcr1 =  BSE:SENSEX2681377900PE   0.26
oipcr2 =  BSE:SENSEX2681377800CE   0.5
oipcr3 =  BSE:SENSEX2681377700PE   0.69
oipcrBull = NoEntry  bulcount= 0  bearcount= 3 oipcrBear= BearTrade
atmpcr5 pcr6= 1.58    2.49
No Entry Yet
In Trade ( CREDIT ). No Exit. ltp= 244.7  SL= 276.25  target= 192.25
In Trade ( CREDIT ). No Exit. ltp= 251.7  SL= 276.25  target= 192.25
In Trade ( CREDIT ). No Exit. ltp= 246.5  SL= 276.25  target= 192.25
In Trade ( CREDIT ). No Exit. ltp= 243.75  SL= 276.25  target= 192.25
In Trade ( CREDIT ). No Exit. ltp= 241.45  SL= 276.25  target= 192.25
In Trade ( CREDIT ). No Exit. ltp= 235.3  SL= 276.25  target= 192.25
In Trade ( CREDIT ). No Exit. ltp= 232.85  SL= 276.25  target= 192.25
In Trade ( CREDIT ). No Exit. ltp= 228.15  SL= 276.25  target= 192.25
In Trade ( CREDIT ). No Exit. ltp= 232.0  SL= 276.25  target= 192.25
In Trade ( CREDIT ). No Exit. ltp= 230.0  SL= 276.25  target= 192.25
In Trade ( CREDIT ). No Exit. ltp= 236.35  SL= 276.25  target= 192.25
In Trade ( CREDIT ). No Exit. ltp= 237.7  SL= 276.25  target= 192.25
In Trade ( CREDIT ). No Exit. ltp= 237.8  SL= 276.25  target= 192.25
In Trade ( CREDIT ). No Exit. ltp= 237.45  SL= 276.25  target= 192.25
In Trade ( CREDIT ). No Exit. ltp= 238.35  SL= 276.25  target= 192.25
In Trade ( CREDIT ). No Exit. ltp= 235.4  SL= 276.25  target= 192.25
In Trade ( CREDIT ). No Exit. ltp= 228.85  SL= 276.25  target= 192.25
In Trade ( CREDIT ). No Exit. ltp= 232.2  SL= 276.25  target= 192.25
In Trade ( CREDIT ). No Exit. ltp= 227.95  SL= 276.25  target= 192.25
In Trade ( CREDIT ). No Exit. ltp= 220.5  SL= 276.25  target= 192.25
In Trade ( CREDIT ). No Exit. ltp= 225.45  SL= 276.25  target= 192.25
In Trade ( CREDIT ). No Exit. ltp= 226.75  SL= 276.25  target= 192.25
In Trade ( CREDIT ). No Exit. ltp= 223.9  SL= 276.25  target= 192.25
In Trade ( CREDIT ). No Exit. ltp= 220.35  SL= 276.25  target= 192.25
In Trade ( CREDIT ). No Exit. ltp= 221.0  SL= 276.25  target= 192.25
In Trade ( CREDIT ). No Exit. ltp= 222.05  SL= 276.25  target= 192.25
In Trade ( CREDIT ). No Exit. ltp= 220.75  SL= 276.25  target= 192.25
In Trade ( CREDIT ). No Exit. ltp= 222.4  SL= 276.25  target= 192.25
In Trade ( CREDIT ). No Exit. ltp= 218.05  SL= 276.25  target= 192.25
In Trade ( CREDIT ). No Exit. ltp= 224.25  SL= 276.25  target= 192.25
In Trade ( CREDIT ). No Exit. ltp= 228.7  SL= 276.25  target= 192.25
In Trade ( CREDIT ). No Exit. ltp= 221.85  SL= 276.25  target= 192.25
In Trade ( CREDIT ). No Exit. ltp= 222.3  SL= 276.25  target= 192.25
In Trade ( CREDIT ). No Exit. ltp= 216.35  SL= 276.25  target= 192.25
TRAILING SL activated! SL moved to breakeven = 245.25
In Trade ( CREDIT ). No Exit. ltp= 211.35  SL= 245.25  target= 192.25
In Trade ( CREDIT ). No Exit. ltp= 216.8  SL= 245.25  target= 192.25
In Trade ( CREDIT ). No Exit. ltp= 213.75  SL= 245.25  target= 192.25
In Trade ( CREDIT ). No Exit. ltp= 210.55  SL= 245.25  target= 192.25
In Trade ( CREDIT ). No Exit. ltp= 208.6  SL= 245.25  target= 192.25
In Trade ( CREDIT ). No Exit. ltp= 211.6  SL= 245.25  target= 192.25
In Trade ( CREDIT ). No Exit. ltp= 213.85  SL= 245.25  target= 192.25
In Trade ( CREDIT ). No Exit. ltp= 214.8  SL= 245.25  target= 192.25
In Trade ( CREDIT ). No Exit. ltp= 216.65  SL= 245.25  target= 192.25
In Trade ( CREDIT ). No Exit. ltp= 215.0  SL= 245.25  target= 192.25
In Trade ( CREDIT ). No Exit. ltp= 213.55  SL= 245.25  target= 192.25
In Trade ( CREDIT ). No Exit. ltp= 213.15  SL= 245.25  target= 192.25
In Trade ( CREDIT ). No Exit. ltp= 209.75  SL= 245.25  target= 192.25
In Trade ( CREDIT ). No Exit. ltp= 209.85  SL= 245.25  target= 192.25
In Trade ( CREDIT ). No Exit. ltp= 210.5  SL= 245.25  target= 192.25
In Trade ( CREDIT ). No Exit. ltp= 212.1  SL= 245.25  target= 192.25
In Trade ( CREDIT ). No Exit. ltp= 217.75  SL= 245.25  target= 192.25
In Trade ( CREDIT ). No Exit. ltp= 215.2  SL= 245.25  target= 192.25
In Trade ( CREDIT ). No Exit. ltp= 222.35  SL= 245.25  target= 192.25
In Trade ( CREDIT ). No Exit. ltp= 216.35  SL= 245.25  target= 192.25
In Trade ( CREDIT ). No Exit. ltp= 216.7  SL= 245.25  target= 192.25
In Trade ( CREDIT ). No Exit. ltp= 223.25  SL= 245.25  target= 192.25
In Trade ( CREDIT ). No Exit. ltp= 222.5  SL= 245.25  target= 192.25
In Trade ( CREDIT ). No Exit. ltp= 219.6  SL= 245.25  target= 192.25
In Trade ( CREDIT ). No Exit. ltp= 217.6  SL= 245.25  target= 192.25
In Trade ( CREDIT ). No Exit. ltp= 219.05  SL= 245.25  target= 192.25
In Trade ( CREDIT ). No Exit. ltp= 224.55  SL= 245.25  target= 192.25
In Trade ( CREDIT ). No Exit. ltp= 222.0  SL= 245.25  target= 192.25
In Trade ( CREDIT ). No Exit. ltp= 224.5  SL= 245.25  target= 192.25
In Trade ( CREDIT ). No Exit. ltp= 218.9  SL= 245.25  target= 192.25
In Trade ( CREDIT ). No Exit. ltp= 216.15  SL= 245.25  target= 192.25
In Trade ( CREDIT ). No Exit. ltp= 213.95  SL= 245.25  target= 192.25
In Trade ( CREDIT ). No Exit. ltp= 205.8  SL= 245.25  target= 192.25
In Trade ( CREDIT ). No Exit. ltp= 213.0  SL= 245.25  target= 192.25
In Trade ( CREDIT ). No Exit. ltp= 213.25  SL= 245.25  target= 192.25
In Trade ( CREDIT ). No Exit. ltp= 212.55  SL= 245.25  target= 192.25
In Trade ( CREDIT ). No Exit. ltp= 213.25  SL= 245.25  target= 192.25
In Trade ( CREDIT ). No Exit. ltp= 214.0  SL= 245.25  target= 192.25
In Trade ( CREDIT ). No Exit. ltp= 214.4  SL= 245.25  target= 192.25
In Trade ( CREDIT ). No Exit. ltp= 209.55  SL= 245.25  target= 192.25
In Trade ( CREDIT ). No Exit. ltp= 203.2  SL= 245.25  target= 192.25
In Trade ( CREDIT ). No Exit. ltp= 204.0  SL= 245.25  target= 192.25
In Trade ( CREDIT ). No Exit. ltp= 203.2  SL= 245.25  target= 192.25
In Trade ( CREDIT ). No Exit. ltp= 199.4  SL= 245.25  target= 192.25
In Trade ( CREDIT ). No Exit. ltp= 197.5  SL= 245.25  target= 192.25
In Trade ( CREDIT ). No Exit. ltp= 198.05  SL= 245.25  target= 192.25
In Trade ( CREDIT ). No Exit. ltp= 200.0  SL= 245.25  target= 192.25
In Trade ( CREDIT ). No Exit. ltp= 203.35  SL= 245.25  target= 192.25
In Trade ( CREDIT ). No Exit. ltp= 204.5  SL= 245.25  target= 192.25
In Trade ( CREDIT ). No Exit. ltp= 204.7  SL= 245.25  target= 192.25
In Trade ( CREDIT ). No Exit. ltp= 201.45  SL= 245.25  target= 192.25
In Trade ( CREDIT ). No Exit. ltp= 202.2  SL= 245.25  target= 192.25
In Trade ( CREDIT ). No Exit. ltp= 198.3  SL= 245.25  target= 192.25
In Trade ( CREDIT ). No Exit. ltp= 200.1  SL= 245.25  target= 192.25
In Trade ( CREDIT ). No Exit. ltp= 198.6  SL= 245.25  target= 192.25
In Trade ( CREDIT ). No Exit. ltp= 204.5  SL= 245.25  target= 192.25
In Trade ( CREDIT ). No Exit. ltp= 202.05  SL= 245.25  target= 192.25
In Trade ( CREDIT ). No Exit. ltp= 205.05  SL= 245.25  target= 192.25
In Trade ( CREDIT ). No Exit. ltp= 203.7  SL= 245.25  target= 192.25
In Trade ( CREDIT ). No Exit. ltp= 205.5  SL= 245.25  target= 192.25
In Trade ( CREDIT ). No Exit. ltp= 207.6  SL= 245.25  target= 192.25
In Trade ( CREDIT ). No Exit. ltp= 209.85  SL= 245.25  target= 192.25
In Trade ( CREDIT ). No Exit. ltp= 220.3  SL= 245.25  target= 192.25
In Trade ( CREDIT ). No Exit. ltp= 228.5  SL= 245.25  target= 192.25
In Trade ( CREDIT ). No Exit. ltp= 222.7  SL= 245.25  target= 192.25
In Trade ( CREDIT ). No Exit. ltp= 224.65  SL= 245.25  target= 192.25
In Trade ( CREDIT ). No Exit. ltp= 222.65  SL= 245.25  target= 192.25
In Trade ( CREDIT ). No Exit. ltp= 221.85  SL= 245.25  target= 192.25
In Trade ( CREDIT ). No Exit. ltp= 224.15  SL= 245.25  target= 192.25
In Trade ( CREDIT ). No Exit. ltp= 226.3  SL= 245.25  target= 192.25
In Trade ( CREDIT ). No Exit. ltp= 219.0  SL= 245.25  target= 192.25
In Trade ( CREDIT ). No Exit. ltp= 216.5  SL= 245.25  target= 192.25
In Trade ( CREDIT ). No Exit. ltp= 207.25  SL= 245.25  target= 192.25
In Trade ( CREDIT ). No Exit. ltp= 208.0  SL= 245.25  target= 192.25
In Trade ( CREDIT ). No Exit. ltp= 216.85  SL= 245.25  target= 192.25
In Trade ( CREDIT ). No Exit. ltp= 220.95  SL= 245.25  target= 192.25
In Trade ( CREDIT ). No Exit. ltp= 224.7  SL= 245.25  target= 192.25
In Trade ( CREDIT ). No Exit. ltp= 223.25  SL= 245.25  target= 192.25
In Trade ( CREDIT ). No Exit. ltp= 222.0  SL= 245.25  target= 192.25
In Trade ( CREDIT ). No Exit. ltp= 223.85  SL= 245.25  target= 192.25
In Trade ( CREDIT ). No Exit. ltp= 230.0  SL= 245.25  target= 192.25
In Trade ( CREDIT ). No Exit. ltp= 234.0  SL= 245.25  target= 192.25
In Trade ( CREDIT ). No Exit. ltp= 223.05  SL= 245.25  target= 192.25
In Trade ( CREDIT ). No Exit. ltp= 214.9  SL= 245.25  target= 192.25
In Trade ( CREDIT ). No Exit. ltp= 227.8  SL= 245.25  target= 192.25
In Trade ( CREDIT ). No Exit. ltp= 213.8  SL= 245.25  target= 192.25
In Trade ( CREDIT ). No Exit. ltp= 210.9  SL= 245.25  target= 192.25
In Trade ( CREDIT ). No Exit. ltp= 211.35  SL= 245.25  target= 192.25
In Trade ( CREDIT ). No Exit. ltp= 212.3  SL= 245.25  target= 192.25
In Trade ( CREDIT ). No Exit. ltp= 210.75  SL= 245.25  target= 192.25
In Trade ( CREDIT ). No Exit. ltp= 208.95  SL= 245.25  target= 192.25
In Trade ( CREDIT ). No Exit. ltp= 206.7  SL= 245.25  target= 192.25
In Trade ( CREDIT ). No Exit. ltp= 211.2  SL= 245.25  target= 192.25
In Trade ( CREDIT ). No Exit. ltp= 210.65  SL= 245.25  target= 192.25
In Trade ( CREDIT ). No Exit. ltp= 210.0  SL= 245.25  target= 192.25
In Trade ( CREDIT ). No Exit. ltp= 211.05  SL= 245.25  target= 192.25
In Trade ( CREDIT ). No Exit. ltp= 207.6  SL= 245.25  target= 192.25
In Trade ( CREDIT ). No Exit. ltp= 205.25  SL= 245.25  target= 192.25
In Trade ( CREDIT ). No Exit. ltp= 205.8  SL= 245.25  target= 192.25
In Trade ( CREDIT ). No Exit. ltp= 201.95  SL= 245.25  target= 192.25
In Trade ( CREDIT ). No Exit. ltp= 195.15  SL= 245.25  target= 192.25
In Trade ( CREDIT ). No Exit. ltp= 198.6  SL= 245.25  target= 192.25
In Trade ( CREDIT ). No Exit. ltp= 201.1  SL= 245.25  target= 192.25
In Trade ( CREDIT ). No Exit. ltp= 205.15  SL= 245.25  target= 192.25
In Trade ( CREDIT ). No Exit. ltp= 201.9  SL= 245.25  target= 192.25
In Trade ( CREDIT ). No Exit. ltp= 200.2  SL= 245.25  target= 192.25
In Trade ( CREDIT ). No Exit. ltp= 201.8  SL= 245.25  target= 192.25
LTP_TGT_WATCH: ltp=192.2 target=192.25 confirm=1/2
LTP_TGT_WATCH: ltp=191.4 target=192.25 confirm=2/2
Target hit (LTP)
REALIZED_OFFSET: main 245.25->191.4 (moved 53.85) hedge 36.35->26.7 (moved 9.65) assumed_ratio=0.22448979591836735 realized_ratio=0.179
14 : 4 : 34  =>  BUY   SENSEX2681377700CE   200   MARKET
14 : 4 : 34  =>  SENSEX2681377700CE {'code': 1101, 'message': 'Successfully placed order', 's': 'ok', 'id_fyers': '0d317aab-2800-426e-b168-6cbafadd2907', 'id': '26081200238334'}
Exit main (BUY sold leg) OID:  {'code': 1101, 'message': 'Successfully placed order', 's': 'ok', 'id_fyers': '0d317aab-2800-426e-b168-6cbafadd2907', 'id': '26081200238334'}
14 : 4 : 34  =>  SELL   SENSEX2681378500CE   200   MARKET
14 : 4 : 34  =>  SENSEX2681378500CE {'code': 1101, 'message': 'Successfully placed order', 's': 'ok', 'id_fyers': '94c52303-8e4f-45a6-95e9-6191dfd004ba', 'id': '26081200238347'}
Exit hedge (SELL bought leg) OID:  {'code': 1101, 'message': 'Successfully placed order', 's': 'ok', 'id_fyers': '94c52303-8e4f-45a6-95e9-6191dfd004ba', 'id': '26081200238347'}
India VIX = 11.94  Spot Price = 77552.36
IV Regime = LOW (ADAPTIVE: P25= 12.03  P50= 12.43  P75= 13.27 ) | DailyRange = 1322.8 | 3minCandleRange = 69.6 (theoretical= 116.0 ) | ATMoptionMove = 31.3 | SL = 110 | Target = 110 | TrailTrigger = 31 | Spread = 300 | Buffer = 28
IV Params refreshed: {'vix': 11.94, 'bn_price': 77552.36, 'regime': 'LOW', 'regime_thresholds': 'P25=12.03 P50=12.43 P75=13.27', 'daily_range': 1322.8, 'candle_range': 69.6, 'atm_option_move': 31.3, 'sl_point': 110, 'target_point': 110, 'sl_pct_of_premium': 0.1, 'trail_trigger': 31, 'spread_width': 300, 'support_resistance_buffer': 28}
BSE:SENSEX-INDEX  strikecount= 8   fyers <fyers_apiv3.fyersModel.FyersModel object at 0x7b8d52f4acc0>
===
====after 3 min ochain==== 2026-08-12 14:06:00.000003
                                    oipcr   choipcr   totalOI
pcr1 =  BSE:SENSEX2681378400PE   0.1   -0.02 CALL added 997940   PUT unwind -17280  OI= 144740
pcr2 =  BSE:SENSEX2681378300PE   0.13   -0.05 CALL added 1347260   PUT unwind -63280  OI= 249880
pcr3 =  BSE:SENSEX2681378200CE   0.12   -0.23 CALL added 1796320   PUT unwind -418100  OI= 2601320
pcr4 =  BSE:SENSEX2681378100PE   0.16   -0.22 CALL added 1464580   PUT unwind -319800  OI= 296720
pcr5 =  BSE:SENSEX2681378000CE   0.23   -0.0 CALL added 3893280   PUT unwind -12080  OI= 4246240
pcr6 =  BSE:SENSEX2681377900PE   0.18    0.08 CALL added 2500860   PUT added 205920  OI= 463040
pcr7 =  BSE:SENSEX2681377800CE   0.34   0.23 CALL added 2453920   PUT added 556960  OI= 2504700
pcr8 =  BSE:SENSEX2681377700PE   0.5   0.37 CALL added 1989180   PUT added 742680  OI= 1001060
pcr9 =  BSE:SENSEX2681377600CE   1.03   0.87 CALL added 2199140   PUT added 1910400  OI= 2213880
pcr10 =  BSE:SENSEX2681377500CE   1.57   1.17 CALL added 1588300   PUT added 1850500  OI= 1623160
pcr11 =  BSE:SENSEX2681377400CE   3.81   3.02 CALL added 310640   PUT added 937360  OI= 317620
pcr12 =  BSE:SENSEX2681377300PE   6.81   4.41 CALL added 182780   PUT added 806040  OI= 1283860
pcr13 =  BSE:SENSEX2681377200PE   11.93   8.96 CALL added 97340   PUT added 872080  OI= 1235820
pcr14 =  BSE:SENSEX2681377100CE   11.5   9.05 CALL added 73440   PUT added 664340  OI= 77300
pcr15 =  BSE:SENSEX2681377000CE   17.49   12.51 CALL added 140820   PUT added 1762280  OI= 160480
pcr16 =  BSE:SENSEX2681376900CE   36.76   28.5 CALL added 16120   PUT added 459340  OI= 18220
pcr17 =  BSE:SENSEX2681376800PE   113.53   76.0 CALL added 6280   PUT added 477280  OI= 862820
pcrSummation= 2.79  result =  ['BSE:SENSEX2681378400PE', 'BSE:SENSEX2681378300PE', 'BSE:SENSEX2681378200CE', 'BSE:SENSEX2681378100PE', 'BSE:SENSEX2681378000CE', 'BSE:SENSEX2681377900PE', 'BSE:SENSEX2681377800CE', 'BSE:SENSEX2681377700PE', 'BSE:SENSEX2681377600CE']
PCRSUM== 206.19
pcrSummation== 2.79
VOLPCRSUM== 8.96
spotLTP =  77552.36  ATM_STRIKE =  77600
IS_ATM_STRIKE_SHIFT = False  mapStrike = {77600: 77600}
avgOiPcrList2 = [np.float64(12.13)] atmStrikeNotShiftedCount= 1
False   1   1
SUPP_RES=== 78000  Buffer= 28
CEoich val =  3893280.0  PEoich val =  -12080.0 , CE > PE by 100.3%
SUPP_RES TOTAL OI: CE= 4246240  PE= 972960 , CE > PE by 77.1%
IS_MORNING_WINDOW= False  (active 9:15-9:48 IST)
CHOI_UNWIND: PE side unwinding at SUPP_RES (PEchoi=-12080.0) - CHOI-based logic skipped this cycle
================================================
==== signal check time ==== 2026-08-12 14:06:00.695568
IS_CHOI_DIFF_GT_25PERC== False
RSI_VAL1== 49.11
RSI_VAL2== 49.11
FUT_3m_OHLC O= 77951.0  H= 77991.1  L= 77945.5  C= 77980.8  Range= 45.6
CHART_PATTERN_DETECTED: DOUBLE_TOP_FORMING
  PATTERN_CONTEXT: Body= 29.9  Range= 45.6  ExpectedRange= 69.6  RangeRatio= 0.66  O= 77951.0  H= 77991.1  L= 77945.5  C= 77980.8
newSynthFut =  78000
ATMStrike =  77600
AVG_OIPCR= 0.31
avgoiPCROld=  12.13
SUPP_RES = 78000
FUT LTP = 77980.85
CEchoi  PechOi = 3893280.0    -12080.0
====================================
totalOIPCR = 0.53
AVG_VOLPCR= 1.0
atmPCR= 0.23  belowATM  0.18
atmVolPCR= 0.77  belowATM  1.2
False   77980.85   78000   False   False   49.11
curr Doji False
BSE:SENSEX2681377900PE  curr candle vol pcr = 0.28  PE= 62180  CE= 220160      cpr =  3.54
BSE:SENSEX2681378000PE  prev candle vol pcr = 0.2  PE= 63460  CE= 316140      cpr =  4.98
VOL_PRESSURE_ALERT: STRONG_CALL_PRESSURE | currCPR= 3.54  prevCPR= 4.98  Direction=BEARISH_SIGNAL (heavy CE buying = expecting down move)
ATM_CE_premium= 121.5  ATM_PE_premium= 384.95
CE_PremChg= -2.2  PE_PremChg= 3.95
CandleBody= 29.9  PrevBody= -50.4  CandleRange= 45.6  Bullish
TotalVol= 282340  PrevTotalVol= 379600  VolSpike= 0.74 x 
SCALP_SCORE: BEAR | BullScore= 1  BearScore= 2 | Confidence= LOW
DATAPOINT|14:06|FUT=77980.8|Body=29.9|PrevBody=-50.4|Range=45.6|RangeRatio=0.66|CurrVolPCR=0.28|PrevVolPCR=0.2|CurrCPR=3.54|PrevCPR=4.98|VolSpike=0.74|CE_PremChg=-2.2|PE_PremChg=3.95|BullScore=1|BearScore=2|Dir=BEAR|Conf=LOW
CHART_PATTERN_DETECTED: DOUBLE_TOP_FORMING
  PATTERN_CONTEXT: Body= 29.9  Range= 45.6  ExpectedRange= 69.6  RangeRatio= 0.66  O= 77951.0  H= 77991.1  L= 77945.5  C= 77980.8
BSE:SENSEX-INDEX  strikecount= 3   fyers <fyers_apiv3.fyersModel.FyersModel object at 0x7b8d52f4acc0>
======================================
oipcr1 =  BSE:SENSEX2681377900PE   0.18
oipcr2 =  BSE:SENSEX2681377800CE   0.34
oipcr3 =  BSE:SENSEX2681377700PE   0.5
oipcrBull = NoEntry  bulcount= 0  bearcount= 3 oipcrBear= BearTrade
atmpcr5 pcr6= 1.03    1.57
No Entry Yet
India VIX = 11.96  Spot Price = 77564.41
IV Regime = LOW (ADAPTIVE: P25= 12.03  P50= 12.43  P75= 13.27 ) | DailyRange = 1325.2 | 3minCandleRange = 69.7 (theoretical= 116.2 ) | ATMoptionMove = 31.4 | SL = 110 | Target = 110 | TrailTrigger = 31 | Spread = 300 | Buffer = 28
IV Params refreshed: {'vix': 11.96, 'bn_price': 77564.41, 'regime': 'LOW', 'regime_thresholds': 'P25=12.03 P50=12.43 P75=13.27', 'daily_range': 1325.2, 'candle_range': 69.7, 'atm_option_move': 31.4, 'sl_point': 110, 'target_point': 110, 'sl_pct_of_premium': 0.1, 'trail_trigger': 31, 'spread_width': 300, 'support_resistance_buffer': 28}
BSE:SENSEX-INDEX  strikecount= 8   fyers <fyers_apiv3.fyersModel.FyersModel object at 0x7b8d52f4acc0>
===
====after 3 min ochain==== 2026-08-12 14:09:00.000002
                                    oipcr   choipcr   totalOI
pcr1 =  BSE:SENSEX2681378400PE   0.1   -0.02 CALL added 986980   PUT unwind -16780  OI= 145240
pcr2 =  BSE:SENSEX2681378300PE   0.13   -0.05 CALL added 1317000   PUT unwind -63480  OI= 249680
pcr3 =  BSE:SENSEX2681378200CE   0.12   -0.23 CALL added 1804060   PUT unwind -419620  OI= 2609060
pcr4 =  BSE:SENSEX2681378100PE   0.16   -0.21 CALL added 1477780   PUT unwind -317160  OI= 299360
pcr5 =  BSE:SENSEX2681378000CE   0.23   -0.0 CALL added 3903580   PUT unwind -14460  OI= 4256540
pcr6 =  BSE:SENSEX2681377900PE   0.18    0.08 CALL added 2536600   PUT added 202000  OI= 459120
pcr7 =  BSE:SENSEX2681377800CE   0.34   0.23 CALL added 2453660   PUT added 569800  OI= 2504440
pcr8 =  BSE:SENSEX2681377700PE   0.51   0.38 CALL added 1969120   PUT added 750280  OI= 1008660
pcr9 =  BSE:SENSEX2681377600CE   1.04   0.88 CALL added 2207340   PUT added 1947660  OI= 2222080
pcr10 =  BSE:SENSEX2681377500CE   1.58   1.18 CALL added 1608060   PUT added 1903840  OI= 1642920
pcr11 =  BSE:SENSEX2681377400CE   3.76   3.01 CALL added 323920   PUT added 973480  OI= 330900
pcr12 =  BSE:SENSEX2681377300PE   6.8   4.45 CALL added 187140   PUT added 833200  OI= 1311020
pcr13 =  BSE:SENSEX2681377200PE   11.87   8.91 CALL added 98080   PUT added 874160  OI= 1237900
pcr14 =  BSE:SENSEX2681377100CE   11.55   9.09 CALL added 73340   PUT added 667000  OI= 77200
pcr15 =  BSE:SENSEX2681377000CE   17.21   12.19 CALL added 140740   PUT added 1716080  OI= 160400
pcr16 =  BSE:SENSEX2681376900CE   37.5   29.35 CALL added 16160   PUT added 474300  OI= 18260
pcr17 =  BSE:SENSEX2681376800PE   113.7   76.09 CALL added 6260   PUT added 476340  OI= 861880
pcrSummation= 2.81  result =  ['BSE:SENSEX2681378400PE', 'BSE:SENSEX2681378300PE', 'BSE:SENSEX2681378200CE', 'BSE:SENSEX2681378100PE', 'BSE:SENSEX2681378000CE', 'BSE:SENSEX2681377900PE', 'BSE:SENSEX2681377800CE', 'BSE:SENSEX2681377700PE', 'BSE:SENSEX2681377600CE']
PCRSUM== 206.78
pcrSummation== 2.81
VOLPCRSUM== 8.93
spotLTP =  77564.83  ATM_STRIKE =  77600
IS_ATM_STRIKE_SHIFT = False  mapStrike = {77600: 77600}
avgOiPcrList2 = [np.float64(12.13), np.float64(12.16)] atmStrikeNotShiftedCount= 2
False   2   2
SUPP_RES=== 78000  Buffer= 28
CEoich val =  3903580.0  PEoich val =  -14460.0 , CE > PE by 100.4%
SUPP_RES TOTAL OI: CE= 4256540  PE= 970580 , CE > PE by 77.2%
IS_MORNING_WINDOW= False  (active 9:15-9:48 IST)
CHOI_UNWIND: PE side unwinding at SUPP_RES (PEchoi=-14460.0) - CHOI-based logic skipped this cycle
================================================
==== signal check time ==== 2026-08-12 14:09:00.662330
IS_CHOI_DIFF_GT_25PERC== False
RSI_VAL1== 50.64
RSI_VAL2== 50.64
FUT_3m_OHLC O= 77980.8  H= 77989.6  L= 77980.8  C= 77989.6  Range= 8.8
CHART_PATTERN_DETECTED: INSIDE_BAR | DOUBLE_TOP_FORMING
  PATTERN_CONTEXT: Body= 8.8  Range= 8.8  ExpectedRange= 69.7  RangeRatio= 0.13  O= 77980.8  H= 77989.6  L= 77980.8  C= 77989.6
newSynthFut =  78000
ATMStrike =  77600
AVG_OIPCR= 0.31
avgoiPCROld=  12.16
SUPP_RES = 78000
FUT LTP = 77989.6
CEchoi  PechOi = 3903580.0    -14460.0
====================================
totalOIPCR = 0.54
AVG_VOLPCR= 0.99
atmPCR= 0.23  belowATM  0.18
atmVolPCR= 0.77  belowATM  1.19
False   77989.6   78000   False   False   50.64
curr Doji False
BSE:SENSEX2681377900PE  curr candle vol pcr = 0.26  PE= 49600  CE= 193360      cpr =  3.9
BSE:SENSEX2681377900PE  prev candle vol pcr = 0.28  PE= 62180  CE= 220160      cpr =  3.54
VOL_PRESSURE_ALERT: STRONG_CALL_PRESSURE | currCPR= 3.9  prevCPR= 3.54  Direction=BEARISH_SIGNAL (heavy CE buying = expecting down move)
ATM_CE_premium= 121.5  ATM_PE_premium= 381.75
CE_PremChg= 0.0  PE_PremChg= -3.2
CandleBody= 8.8  PrevBody= 29.9  CandleRange= 8.8  Bullish
TotalVol= 242960  PrevTotalVol= 282340  VolSpike= 0.86 x 
SCALP_SCORE: NEUTRAL | BullScore= 2  BearScore= 2 | Confidence= LOW
DATAPOINT|14:09|FUT=77989.6|Body=8.8|PrevBody=29.9|Range=8.8|RangeRatio=0.13|CurrVolPCR=0.26|PrevVolPCR=0.28|CurrCPR=3.9|PrevCPR=3.54|VolSpike=0.86|CE_PremChg=0.0|PE_PremChg=-3.2|BullScore=2|BearScore=2|Dir=NEUTRAL|Conf=LOW
CHART_PATTERN_DETECTED: INSIDE_BAR | DOUBLE_TOP_FORMING
  PATTERN_CONTEXT: Body= 8.8  Range= 8.8  ExpectedRange= 69.7  RangeRatio= 0.13  O= 77980.8  H= 77989.6  L= 77980.8  C= 77989.6
BSE:SENSEX-INDEX  strikecount= 3   fyers <fyers_apiv3.fyersModel.FyersModel object at 0x7b8d52f4acc0>
======================================
oipcr1 =  BSE:SENSEX2681377900PE   0.18
oipcr2 =  BSE:SENSEX2681377800CE   0.34
oipcr3 =  BSE:SENSEX2681377700PE   0.51
oipcrBull = NoEntry  bulcount= 0  bearcount= 3 oipcrBear= BearTrade
atmpcr5 pcr6= 1.04    1.58
No Entry Yet
India VIX = 11.95  Spot Price = 77568.33
IV Regime = LOW (ADAPTIVE: P25= 12.03  P50= 12.43  P75= 13.27 ) | DailyRange = 1324.2 | 3minCandleRange = 69.7 (theoretical= 116.1 ) | ATMoptionMove = 31.4 | SL = 110 | Target = 110 | TrailTrigger = 31 | Spread = 300 | Buffer = 28
IV Params refreshed: {'vix': 11.95, 'bn_price': 77568.33, 'regime': 'LOW', 'regime_thresholds': 'P25=12.03 P50=12.43 P75=13.27', 'daily_range': 1324.2, 'candle_range': 69.7, 'atm_option_move': 31.4, 'sl_point': 110, 'target_point': 110, 'sl_pct_of_premium': 0.1, 'trail_trigger': 31, 'spread_width': 300, 'support_resistance_buffer': 28}
BSE:SENSEX-INDEX  strikecount= 8   fyers <fyers_apiv3.fyersModel.FyersModel object at 0x7b8d52f4acc0>
===
====after 3 min ochain==== 2026-08-12 14:12:00.000002
                                    oipcr   choipcr   totalOI
pcr1 =  BSE:SENSEX2681378400PE   0.1   -0.02 CALL added 972540   PUT unwind -17080  OI= 144940
pcr2 =  BSE:SENSEX2681378300PE   0.13   -0.05 CALL added 1349540   PUT unwind -62940  OI= 250220
pcr3 =  BSE:SENSEX2681378200CE   0.12   -0.23 CALL added 1815840   PUT unwind -417740  OI= 2620840
pcr4 =  BSE:SENSEX2681378100PE   0.16   -0.21 CALL added 1477920   PUT unwind -315320  OI= 301200
pcr5 =  BSE:SENSEX2681378000CE   0.23   -0.0 CALL added 3925720   PUT unwind -16340  OI= 4278680
pcr6 =  BSE:SENSEX2681377900PE   0.18    0.08 CALL added 2543420   PUT added 207100  OI= 464220
pcr7 =  BSE:SENSEX2681377800CE   0.35   0.24 CALL added 2466080   PUT added 582120  OI= 2516860
pcr8 =  BSE:SENSEX2681377700PE   0.51   0.38 CALL added 1967220   PUT added 754280  OI= 1012660
pcr9 =  BSE:SENSEX2681377600CE   1.05   0.89 CALL added 2212600   PUT added 1964720  OI= 2227340
pcr10 =  BSE:SENSEX2681377500CE   1.6   1.2 CALL added 1616300   PUT added 1939360  OI= 1651160
pcr11 =  BSE:SENSEX2681377400CE   3.83   3.05 CALL added 315320   PUT added 961720  OI= 322300
pcr12 =  BSE:SENSEX2681377300PE   7.01   4.64 CALL added 184440   PUT added 854920  OI= 1332740
pcr13 =  BSE:SENSEX2681377200PE   11.91   9.0 CALL added 99360   PUT added 893940  OI= 1257680
pcr14 =  BSE:SENSEX2681377100CE   11.52   9.06 CALL added 73000   PUT added 661360  OI= 76860
pcr15 =  BSE:SENSEX2681377000CE   17.15   12.14 CALL added 140860   PUT added 1709600  OI= 160520
pcr16 =  BSE:SENSEX2681376900CE   37.13   28.92 CALL added 16140   PUT added 466800  OI= 18240
pcr17 =  BSE:SENSEX2681376800PE   113.87   76.18 CALL added 6240   PUT added 475340  OI= 860880
pcrSummation= 2.83  result =  ['BSE:SENSEX2681378400PE', 'BSE:SENSEX2681378300PE', 'BSE:SENSEX2681378200CE', 'BSE:SENSEX2681378100PE', 'BSE:SENSEX2681378000CE', 'BSE:SENSEX2681377900PE', 'BSE:SENSEX2681377800CE', 'BSE:SENSEX2681377700PE', 'BSE:SENSEX2681377600CE']
PCRSUM== 206.85
pcrSummation== 2.83
VOLPCRSUM== 8.9
spotLTP =  77568.33  ATM_STRIKE =  77600
IS_ATM_STRIKE_SHIFT = False  mapStrike = {77600: 77600}
avgOiPcrList2 = [np.float64(12.13), np.float64(12.16), np.float64(12.17)] atmStrikeNotShiftedCount= 3
False   3   3
SUPP_RES=== 78000  Buffer= 28
CEoich val =  3925720.0  PEoich val =  -16340.0 , CE > PE by 100.4%
SUPP_RES TOTAL OI: CE= 4278680  PE= 968700 , CE > PE by 77.4%
IS_MORNING_WINDOW= False  (active 9:15-9:48 IST)
CHOI_UNWIND: PE side unwinding at SUPP_RES (PEchoi=-16340.0) - CHOI-based logic skipped this cycle
================================================
==== signal check time ==== 2026-08-12 14:12:00.625583
IS_CHOI_DIFF_GT_25PERC== False
RSI_VAL1== 51.93
RSI_VAL2== 51.93
FUT_3m_OHLC O= 77996.8  H= 77996.8  L= 77996.8  C= 77996.8  Range= 0.0
CHART_PATTERN_DETECTED: DOUBLE_TOP_FORMING
  PATTERN_CONTEXT: Body= 0.0  Range= 0.0  ExpectedRange= 69.7  RangeRatio= 0.0  O= 77996.8  H= 77996.8  L= 77996.8  C= 77996.8
isPcrInc = True
newSynthFut =  78000
ATMStrike =  77600
AVG_OIPCR= 0.31
avgoiPCROld=  12.17
SUPP_RES = 78000
FUT LTP = 77996.85
CEchoi  PechOi = 3925720.0    -16340.0
====================================
totalOIPCR = 0.53
AVG_VOLPCR= 0.99
atmPCR= 0.23  belowATM  0.18
atmVolPCR= 0.76  belowATM  1.19
False   77996.85   78000   True   False   51.93
no trade yet = [np.float64(12.13), np.float64(12.16), np.float64(12.17)]
curr Doji False
BSE:SENSEX2681377900PE  curr candle vol pcr = 0.41  PE= 66880  CE= 164800      cpr =  2.46
BSE:SENSEX2681377900PE  prev candle vol pcr = 0.26  PE= 49600  CE= 193360      cpr =  3.9
VOL_PRESSURE_ALERT: STRONG_CALL_PRESSURE | currCPR= 2.46  prevCPR= 3.9  Direction=BEARISH_SIGNAL (heavy CE buying = expecting down move)
ATM_CE_premium= 120.35  ATM_PE_premium= 385.1
CE_PremChg= -1.15  PE_PremChg= 3.35
CandleBody= 0.0  PrevBody= 8.8  CandleRange= 0.0  Doji
TotalVol= 231680  PrevTotalVol= 242960  VolSpike= 0.95 x 
SCALP_SCORE: BEAR | BullScore= 0  BearScore= 2 | Confidence= LOW
DATAPOINT|14:12|FUT=77996.8|Body=0.0|PrevBody=8.8|Range=0.0|RangeRatio=0.0|CurrVolPCR=0.41|PrevVolPCR=0.26|CurrCPR=2.46|PrevCPR=3.9|VolSpike=0.95|CE_PremChg=-1.15|PE_PremChg=3.35|BullScore=0|BearScore=2|Dir=BEAR|Conf=LOW
CHART_PATTERN_DETECTED: DOUBLE_TOP_FORMING
  PATTERN_CONTEXT: Body= 0.0  Range= 0.0  ExpectedRange= 69.7  RangeRatio= 0.0  O= 77996.8  H= 77996.8  L= 77996.8  C= 77996.8
BSE:SENSEX-INDEX  strikecount= 3   fyers <fyers_apiv3.fyersModel.FyersModel object at 0x7b8d52f4acc0>
======================================
oipcr1 =  BSE:SENSEX2681377900PE   0.18
oipcr2 =  BSE:SENSEX2681377800CE   0.35
oipcr3 =  BSE:SENSEX2681377700PE   0.51
oipcrBull = NoEntry  bulcount= 0  bearcount= 3 oipcrBear= BearTrade
atmpcr5 pcr6= 1.05    1.6
No Entry Yet
India VIX = 11.94  Spot Price = 77553.15
IV Regime = LOW (ADAPTIVE: P25= 12.03  P50= 12.43  P75= 13.27 ) | DailyRange = 1322.8 | 3minCandleRange = 69.6 (theoretical= 116.0 ) | ATMoptionMove = 31.3 | SL = 110 | Target = 110 | TrailTrigger = 31 | Spread = 300 | Buffer = 28
IV Params refreshed: {'vix': 11.94, 'bn_price': 77553.15, 'regime': 'LOW', 'regime_thresholds': 'P25=12.03 P50=12.43 P75=13.27', 'daily_range': 1322.8, 'candle_range': 69.6, 'atm_option_move': 31.3, 'sl_point': 110, 'target_point': 110, 'sl_pct_of_premium': 0.1, 'trail_trigger': 31, 'spread_width': 300, 'support_resistance_buffer': 28}
BSE:SENSEX-INDEX  strikecount= 8   fyers <fyers_apiv3.fyersModel.FyersModel object at 0x7b8d52f4acc0>
===
====after 3 min ochain==== 2026-08-12 14:15:00.000209
                                    oipcr   choipcr   totalOI
pcr1 =  BSE:SENSEX2681378400PE   0.1   -0.02 CALL added 970620   PUT unwind -19860  OI= 142160
pcr2 =  BSE:SENSEX2681378300PE   0.13   -0.05 CALL added 1330220   PUT unwind -64160  OI= 249000
pcr3 =  BSE:SENSEX2681378200CE   0.12   -0.23 CALL added 1820160   PUT unwind -421060  OI= 2625160
pcr4 =  BSE:SENSEX2681378100PE   0.16   -0.22 CALL added 1475400   PUT unwind -318020  OI= 298500
pcr5 =  BSE:SENSEX2681378000CE   0.23   -0.0 CALL added 3940220   PUT unwind -17920  OI= 4293180
pcr6 =  BSE:SENSEX2681377900PE   0.18    0.08 CALL added 2540400   PUT added 203120  OI= 460240
pcr7 =  BSE:SENSEX2681377800CE   0.35   0.24 CALL added 2479120   PUT added 599820  OI= 2529900
pcr8 =  BSE:SENSEX2681377700PE   0.51   0.39 CALL added 1971840   PUT added 759640  OI= 1018020
pcr9 =  BSE:SENSEX2681377600CE   1.02   0.86 CALL added 2227960   PUT added 1916040  OI= 2242700
pcr10 =  BSE:SENSEX2681377500CE   1.56   1.17 CALL added 1644160   PUT added 1919600  OI= 1679020
pcr11 =  BSE:SENSEX2681377400CE   3.61   2.87 CALL added 335180   PUT added 962660  OI= 342160
pcr12 =  BSE:SENSEX2681377300PE   7.05   4.63 CALL added 181400   PUT added 840540  OI= 1318360
pcr13 =  BSE:SENSEX2681377200PE   11.4   8.54 CALL added 102440   PUT added 874860  OI= 1238600
pcr14 =  BSE:SENSEX2681377100CE   11.77   9.32 CALL added 72740   PUT added 677580  OI= 76600
pcr15 =  BSE:SENSEX2681377000CE   17.14   12.19 CALL added 142840   PUT added 1741580  OI= 162500
pcr16 =  BSE:SENSEX2681376900CE   36.94   28.81 CALL added 16340   PUT added 470680  OI= 18440
pcr17 =  BSE:SENSEX2681376800PE   115.91   78.41 CALL added 6200   PUT added 486140  OI= 871680
pcrSummation= 2.8  result =  ['BSE:SENSEX2681378400PE', 'BSE:SENSEX2681378300PE', 'BSE:SENSEX2681378200CE', 'BSE:SENSEX2681378100PE', 'BSE:SENSEX2681378000CE', 'BSE:SENSEX2681377900PE', 'BSE:SENSEX2681377800CE', 'BSE:SENSEX2681377700PE', 'BSE:SENSEX2681377600CE']
PCRSUM== 208.18
pcrSummation== 2.8
VOLPCRSUM== 8.88
spotLTP =  77553.15  ATM_STRIKE =  77600
IS_ATM_STRIKE_SHIFT = False  mapStrike = {77600: 77600}
avgOiPcrList2 = [np.float64(12.16), np.float64(12.17), np.float64(12.25)] atmStrikeNotShiftedCount= 4
False   4   3
SUPP_RES=== 78000  Buffer= 28
CEoich val =  3940220.0  PEoich val =  -17920.0 , CE > PE by 100.5%
SUPP_RES TOTAL OI: CE= 4293180  PE= 967120 , CE > PE by 77.5%
IS_MORNING_WINDOW= False  (active 9:15-9:48 IST)
CHOI_UNWIND: PE side unwinding at SUPP_RES (PEchoi=-17920.0) - CHOI-based logic skipped this cycle
================================================
==== signal check time ==== 2026-08-12 14:15:00.687014
IS_CHOI_DIFF_GT_25PERC== False
RSI_VAL1== 48.26
RSI_VAL2== 48.26
FUT_3m_OHLC O= 77977.2  H= 77977.2  L= 77977.2  C= 77977.2  Range= 0.0
CHART_PATTERN_DETECTED: DOUBLE_TOP_FORMING
  PATTERN_CONTEXT: Body= 0.0  Range= 0.0  ExpectedRange= 69.6  RangeRatio= 0.0  O= 77977.2  H= 77977.2  L= 77977.2  C= 77977.2
isPcrInc = True
newSynthFut =  78000
ATMStrike =  77600
AVG_OIPCR= 0.31
avgoiPCROld=  12.25
SUPP_RES = 78000
FUT LTP = 77977.25
CEchoi  PechOi = 3940220.0    -17920.0
====================================
totalOIPCR = 0.53
AVG_VOLPCR= 0.99
atmPCR= 0.23  belowATM  0.18
atmVolPCR= 0.76  belowATM  1.19
False   77977.25   78000   True   False   48.26
no trade yet = [np.float64(12.16), np.float64(12.17), np.float64(12.25)]
curr Doji False
BSE:SENSEX2681377900PE  curr candle vol pcr = 0.28  PE= 35980  CE= 127100      cpr =  3.53
BSE:SENSEX2681377900PE  prev candle vol pcr = 0.41  PE= 66880  CE= 164800      cpr =  2.46
VOL_PRESSURE_ALERT: STRONG_CALL_PRESSURE | currCPR= 3.53  prevCPR= 2.46  Direction=BEARISH_SIGNAL (heavy CE buying = expecting down move)
ATM_CE_premium= 122.0  ATM_PE_premium= 381.25
CE_PremChg= 1.65  PE_PremChg= -3.85
CandleBody= 0.0  PrevBody= 0.0  CandleRange= 0.0  Doji
TotalVol= 163080  PrevTotalVol= 231680  VolSpike= 0.7 x 
SCALP_SCORE: BEAR | BullScore= 0  BearScore= 2 | Confidence= LOW
DATAPOINT|14:15|FUT=77977.2|Body=0.0|PrevBody=0.0|Range=0.0|RangeRatio=0.0|CurrVolPCR=0.28|PrevVolPCR=0.41|CurrCPR=3.53|PrevCPR=2.46|VolSpike=0.7|CE_PremChg=1.65|PE_PremChg=-3.85|BullScore=0|BearScore=2|Dir=BEAR|Conf=LOW
CHART_PATTERN_DETECTED: DOUBLE_TOP_FORMING
  PATTERN_CONTEXT: Body= 0.0  Range= 0.0  ExpectedRange= 69.6  RangeRatio= 0.0  O= 77977.2  H= 77977.2  L= 77977.2  C= 77977.2
BSE:SENSEX-INDEX  strikecount= 3   fyers <fyers_apiv3.fyersModel.FyersModel object at 0x7b8d52f4acc0>
======================================
oipcr1 =  BSE:SENSEX2681377900PE   0.18
oipcr2 =  BSE:SENSEX2681377800CE   0.35
oipcr3 =  BSE:SENSEX2681377700PE   0.51
oipcrBull = NoEntry  bulcount= 0  bearcount= 3 oipcrBear= BearTrade
atmpcr5 pcr6= 1.02    1.56
No Entry Yet
India VIX = 11.94  Spot Price = 77587.26
IV Regime = LOW (ADAPTIVE: P25= 12.03  P50= 12.43  P75= 13.27 ) | DailyRange = 1323.4 | 3minCandleRange = 69.6 (theoretical= 116.1 ) | ATMoptionMove = 31.3 | SL = 110 | Target = 110 | TrailTrigger = 31 | Spread = 300 | Buffer = 28
IV Params refreshed: {'vix': 11.94, 'bn_price': 77587.26, 'regime': 'LOW', 'regime_thresholds': 'P25=12.03 P50=12.43 P75=13.27', 'daily_range': 1323.4, 'candle_range': 69.6, 'atm_option_move': 31.3, 'sl_point': 110, 'target_point': 110, 'sl_pct_of_premium': 0.1, 'trail_trigger': 31, 'spread_width': 300, 'support_resistance_buffer': 28}
BSE:SENSEX-INDEX  strikecount= 8   fyers <fyers_apiv3.fyersModel.FyersModel object at 0x7b8d52f4acc0>
===
====after 3 min ochain==== 2026-08-12 14:18:00.000006
                                    oipcr   choipcr   totalOI
pcr1 =  BSE:SENSEX2681378400PE   0.1   -0.02 CALL added 979560   PUT unwind -20220  OI= 141800
pcr2 =  BSE:SENSEX2681378300PE   0.13   -0.05 CALL added 1334020   PUT unwind -63740  OI= 249420
pcr3 =  BSE:SENSEX2681378200CE   0.12   -0.23 CALL added 1791000   PUT unwind -419780  OI= 2596000
pcr4 =  BSE:SENSEX2681378100PE   0.16   -0.22 CALL added 1471220   PUT unwind -317300  OI= 299220
pcr5 =  BSE:SENSEX2681378000CE   0.23   -0.01 CALL added 3920560   PUT unwind -23300  OI= 4273520
pcr6 =  BSE:SENSEX2681377900PE   0.18    0.08 CALL added 2510140   PUT added 202480  OI= 459600
pcr7 =  BSE:SENSEX2681377800CE   0.35   0.24 CALL added 2475720   PUT added 598600  OI= 2526500
pcr8 =  BSE:SENSEX2681377700PE   0.51   0.38 CALL added 1962700   PUT added 749580  OI= 1007960
pcr9 =  BSE:SENSEX2681377600CE   1.05   0.89 CALL added 2224020   PUT added 1982760  OI= 2238760
pcr10 =  BSE:SENSEX2681377500CE   1.62   1.22 CALL added 1619900   PUT added 1978400  OI= 1654760
pcr11 =  BSE:SENSEX2681377400CE   3.69   2.95 CALL added 330960   PUT added 975600  OI= 337940
pcr12 =  BSE:SENSEX2681377300PE   7.24   4.81 CALL added 179720   PUT added 863780  OI= 1341600
pcr13 =  BSE:SENSEX2681377200PE   11.63   8.79 CALL added 102620   PUT added 902420  OI= 1266160
pcr14 =  BSE:SENSEX2681377100CE   11.6   9.13 CALL added 72740   PUT added 664440  OI= 76600
pcr15 =  BSE:SENSEX2681377000CE   17.48   12.59 CALL added 143220   PUT added 1803440  OI= 162880
pcr16 =  BSE:SENSEX2681376900CE   38.94   31.02 CALL added 16260   PUT added 504440  OI= 18360
pcr17 =  BSE:SENSEX2681376800PE   116.55   79.66 CALL added 6280   PUT added 500240  OI= 885780
pcrSummation= 2.83  result =  ['BSE:SENSEX2681378400PE', 'BSE:SENSEX2681378300PE', 'BSE:SENSEX2681378200CE', 'BSE:SENSEX2681378100PE', 'BSE:SENSEX2681378000CE', 'BSE:SENSEX2681377900PE', 'BSE:SENSEX2681377800CE', 'BSE:SENSEX2681377700PE', 'BSE:SENSEX2681377600CE']
PCRSUM== 211.58
pcrSummation== 2.83
VOLPCRSUM== 8.83
spotLTP =  77587.26  ATM_STRIKE =  77600
IS_ATM_STRIKE_SHIFT = False  mapStrike = {77600: 77600}
avgOiPcrList2 = [np.float64(12.17), np.float64(12.25), np.float64(12.45)] atmStrikeNotShiftedCount= 5
False   5   3
SUPP_RES=== 78000  Buffer= 28
CEoich val =  3920560.0  PEoich val =  -23300.0 , CE > PE by 100.6%
SUPP_RES TOTAL OI: CE= 4273520  PE= 961740 , CE > PE by 77.5%
IS_MORNING_WINDOW= False  (active 9:15-9:48 IST)
CHOI_UNWIND: PE side unwinding at SUPP_RES (PEchoi=-23300.0) - CHOI-based logic skipped this cycle
================================================
==== signal check time ==== 2026-08-12 14:18:00.617150
IS_CHOI_DIFF_GT_25PERC== False
RSI_VAL1== 46.18
RSI_VAL2== 46.18
FUT_3m_OHLC O= 77977.2  H= 77977.2  L= 77965.6  C= 77965.6  Range= 11.6
CHART_PATTERN_DETECTED: DOUBLE_TOP_FORMING | DOUBLE_BOTTOM_FORMING
  PATTERN_CONTEXT: Body= -11.6  Range= 11.6  ExpectedRange= 69.6  RangeRatio= 0.17  O= 77977.2  H= 77977.2  L= 77965.6  C= 77965.6
isPcrInc = True
newSynthFut =  78000
ATMStrike =  77600
AVG_OIPCR= 0.31
avgoiPCROld=  12.45
SUPP_RES = 78000
FUT LTP = 77965.6
CEchoi  PechOi = 3920560.0    -23300.0
====================================
totalOIPCR = 0.54
AVG_VOLPCR= 0.98
atmPCR= 0.23  belowATM  0.18
atmVolPCR= 0.76  belowATM  1.18
False   77965.6   78000   True   False   46.18
no trade yet = [np.float64(12.17), np.float64(12.25), np.float64(12.45)]
curr Doji False
BSE:SENSEX2681377900PE  curr candle vol pcr = 0.28  PE= 79540  CE= 286120      cpr =  3.6
BSE:SENSEX2681377900PE  prev candle vol pcr = 0.28  PE= 35980  CE= 127100      cpr =  3.53
VOL_PRESSURE_ALERT: STRONG_CALL_PRESSURE | currCPR= 3.6  prevCPR= 3.53  Direction=BEARISH_SIGNAL (heavy CE buying = expecting down move)
ATM_CE_premium= 132.2  ATM_PE_premium= 358.35
CE_PremChg= 10.2  PE_PremChg= -22.9
CandleBody= -11.6  PrevBody= 0.0  CandleRange= 11.6  Bearish
TotalVol= 365660  PrevTotalVol= 163080  VolSpike= 2.24 x  SPIKE!
SCALP_SCORE: BEAR | BullScore= 0  BearScore= 5 | Confidence= HIGH
  SCALP_BEAR_REASONS: VolCPR_2candle_bear + StrongBearCandle(100%) + VolSpike(2.24x)_bear + PremMomentum_bear(PE-22.9,CE+10.2)
  *** SCALP_HIGH_CONVICTION: BEAR OPPORTUNITY ***
DATAPOINT|14:18|FUT=77965.6|Body=-11.6|PrevBody=0.0|Range=11.6|RangeRatio=0.17|CurrVolPCR=0.28|PrevVolPCR=0.28|CurrCPR=3.6|PrevCPR=3.53|VolSpike=2.24|CE_PremChg=10.2|PE_PremChg=-22.9|BullScore=0|BearScore=5|Dir=BEAR|Conf=HIGH
CHART_PATTERN_DETECTED: DOUBLE_TOP_FORMING | DOUBLE_BOTTOM_FORMING
  PATTERN_CONTEXT: Body= -11.6  Range= 11.6  ExpectedRange= 69.6  RangeRatio= 0.17  O= 77977.2  H= 77977.2  L= 77965.6  C= 77965.6
BSE:SENSEX-INDEX  strikecount= 3   fyers <fyers_apiv3.fyersModel.FyersModel object at 0x7b8d52f4acc0>
======================================
oipcr1 =  BSE:SENSEX2681377900PE   0.18
oipcr2 =  BSE:SENSEX2681377800CE   0.35
oipcr3 =  BSE:SENSEX2681377700PE   0.51
oipcrBull = NoEntry  bulcount= 0  bearcount= 3 oipcrBear= BearTrade
atmpcr5 pcr6= 1.05    1.62
No Entry Yet
India VIX = 11.95  Spot Price = 77588.27
IV Regime = LOW (ADAPTIVE: P25= 12.03  P50= 12.43  P75= 13.27 ) | DailyRange = 1324.5 | 3minCandleRange = 69.7 (theoretical= 116.2 ) | ATMoptionMove = 31.4 | SL = 110 | Target = 110 | TrailTrigger = 31 | Spread = 300 | Buffer = 28
IV Params refreshed: {'vix': 11.95, 'bn_price': 77588.27, 'regime': 'LOW', 'regime_thresholds': 'P25=12.03 P50=12.43 P75=13.27', 'daily_range': 1324.5, 'candle_range': 69.7, 'atm_option_move': 31.4, 'sl_point': 110, 'target_point': 110, 'sl_pct_of_premium': 0.1, 'trail_trigger': 31, 'spread_width': 300, 'support_resistance_buffer': 28}
BSE:SENSEX-INDEX  strikecount= 8   fyers <fyers_apiv3.fyersModel.FyersModel object at 0x7b8d52f4acc0>
===
====after 3 min ochain==== 2026-08-12 14:21:00.000001
                                    oipcr   choipcr   totalOI
pcr1 =  BSE:SENSEX2681378400PE   0.1   -0.02 CALL added 992960   PUT unwind -20240  OI= 141780
pcr2 =  BSE:SENSEX2681378300PE   0.13   -0.05 CALL added 1345140   PUT unwind -64260  OI= 248900
pcr3 =  BSE:SENSEX2681378200CE   0.12   -0.23 CALL added 1780240   PUT unwind -416680  OI= 2585240
pcr4 =  BSE:SENSEX2681378100PE   0.16   -0.21 CALL added 1476120   PUT unwind -313100  OI= 303420
pcr5 =  BSE:SENSEX2681378000CE   0.22   -0.01 CALL added 3897560   PUT unwind -29540  OI= 4250520
pcr6 =  BSE:SENSEX2681377900PE   0.18    0.08 CALL added 2487460   PUT added 203160  OI= 460280
pcr7 =  BSE:SENSEX2681377800CE   0.35   0.24 CALL added 2454100   PUT added 587500  OI= 2504880
pcr8 =  BSE:SENSEX2681377700PE   0.52   0.39 CALL added 1947140   PUT added 759700  OI= 1018080
pcr9 =  BSE:SENSEX2681377600CE   1.07   0.91 CALL added 2197400   PUT added 1995520  OI= 2212140
pcr10 =  BSE:SENSEX2681377500CE   1.64   1.23 CALL added 1583240   PUT added 1953960  OI= 1618100
pcr11 =  BSE:SENSEX2681377400CE   3.87   3.09 CALL added 313800   PUT added 969660  OI= 320780
pcr12 =  BSE:SENSEX2681377300PE   7.0   4.59 CALL added 181940   PUT added 834820  OI= 1312640
pcr13 =  BSE:SENSEX2681377200PE   13.64   10.38 CALL added 85300   PUT added 885080  OI= 1248820
pcr14 =  BSE:SENSEX2681377100CE   22.73   18.97 CALL added 36240   PUT added 687360  OI= 40100
pcr15 =  BSE:SENSEX2681377000CE   17.17   12.29 CALL added 144700   PUT added 1778220  OI= 164360
pcr16 =  BSE:SENSEX2681376900CE   40.21   32.13 CALL added 15600   PUT added 501280  OI= 17700
pcr17 =  BSE:SENSEX2681376800PE   117.67   80.54 CALL added 6200   PUT added 499360  OI= 884900
pcrSummation= 2.8499999999999996  result =  ['BSE:SENSEX2681378400PE', 'BSE:SENSEX2681378300PE', 'BSE:SENSEX2681378200CE', 'BSE:SENSEX2681378100PE', 'BSE:SENSEX2681378000CE', 'BSE:SENSEX2681377900PE', 'BSE:SENSEX2681377800CE', 'BSE:SENSEX2681377700PE', 'BSE:SENSEX2681377600CE']
PCRSUM== 226.78
pcrSummation== 2.85
VOLPCRSUM== 8.76
spotLTP =  77588.27  ATM_STRIKE =  77600
IS_ATM_STRIKE_SHIFT = False  mapStrike = {77600: 77600}
avgOiPcrList2 = [np.float64(12.25), np.float64(12.45), np.float64(13.34)] atmStrikeNotShiftedCount= 6
False   6   3
SUPP_RES=== 78000  Buffer= 28
CEoich val =  3897560.0  PEoich val =  -29540.0 , CE > PE by 100.8%
SUPP_RES TOTAL OI: CE= 4250520  PE= 955500 , CE > PE by 77.5%
IS_MORNING_WINDOW= False  (active 9:15-9:48 IST)
CHOI_UNWIND: PE side unwinding at SUPP_RES (PEchoi=-29540.0) - CHOI-based logic skipped this cycle
================================================
==== signal check time ==== 2026-08-12 14:21:00.628191
IS_CHOI_DIFF_GT_25PERC== False
RSI_VAL1== 46.18
RSI_VAL2== 46.18
FUT_3m_OHLC O= 77965.6  H= 77965.6  L= 77965.6  C= 77965.6  Range= 0.0
CHART_PATTERN_DETECTED: INSIDE_BAR | DOUBLE_TOP_FORMING | DOUBLE_BOTTOM_FORMING
  PATTERN_CONTEXT: Body= 0.0  Range= 0.0  ExpectedRange= 69.7  RangeRatio= 0.0  O= 77965.6  H= 77965.6  L= 77965.6  C= 77965.6
isPcrInc = True
newSynthFut =  78000
ATMStrike =  77600
AVG_OIPCR= 0.32
avgoiPCROld=  13.34
SUPP_RES = 78000
FUT LTP = 77965.6
CEchoi  PechOi = 3897560.0    -29540.0
====================================
totalOIPCR = 0.54
AVG_VOLPCR= 0.97
atmPCR= 0.22  belowATM  0.18
atmVolPCR= 0.75  belowATM  1.17
False   77965.6   78000   True   False   46.18
no trade yet = [np.float64(12.25), np.float64(12.45), np.float64(13.34)]
curr Doji False
BSE:SENSEX2681377900PE  curr candle vol pcr = 0.21  PE= 48720  CE= 231800      cpr =  4.76
BSE:SENSEX2681377900PE  prev candle vol pcr = 0.28  PE= 79540  CE= 286120      cpr =  3.6
VOL_PRESSURE_ALERT: STRONG_CALL_PRESSURE | currCPR= 4.76  prevCPR= 3.6  Direction=BEARISH_SIGNAL (heavy CE buying = expecting down move)
ATM_CE_premium= 132.9  ATM_PE_premium= 359.1
CE_PremChg= 0.7  PE_PremChg= 0.75
CandleBody= 0.0  PrevBody= -11.6  CandleRange= 0.0  Doji
TotalVol= 280520  PrevTotalVol= 365660  VolSpike= 0.77 x 
SCALP_SCORE: BEAR | BullScore= 0  BearScore= 2 | Confidence= LOW
DATAPOINT|14:21|FUT=77965.6|Body=0.0|PrevBody=-11.6|Range=0.0|RangeRatio=0.0|CurrVolPCR=0.21|PrevVolPCR=0.28|CurrCPR=4.76|PrevCPR=3.6|VolSpike=0.77|CE_PremChg=0.7|PE_PremChg=0.75|BullScore=0|BearScore=2|Dir=BEAR|Conf=LOW
CHART_PATTERN_DETECTED: INSIDE_BAR | DOUBLE_TOP_FORMING | DOUBLE_BOTTOM_FORMING
  PATTERN_CONTEXT: Body= 0.0  Range= 0.0  ExpectedRange= 69.7  RangeRatio= 0.0  O= 77965.6  H= 77965.6  L= 77965.6  C= 77965.6
BSE:SENSEX-INDEX  strikecount= 3   fyers <fyers_apiv3.fyersModel.FyersModel object at 0x7b8d52f4acc0>
======================================
oipcr1 =  BSE:SENSEX2681377900PE   0.18
oipcr2 =  BSE:SENSEX2681377800CE   0.35
oipcr3 =  BSE:SENSEX2681377700PE   0.52
oipcrBull = NoEntry  bulcount= 0  bearcount= 3 oipcrBear= BearTrade
atmpcr5 pcr6= 1.07    1.64
No Entry Yet
India VIX = 11.9  Spot Price = 77595.86
IV Regime = LOW (ADAPTIVE: P25= 12.03  P50= 12.43  P75= 13.27 ) | DailyRange = 1319.1 | 3minCandleRange = 69.4 (theoretical= 115.7 ) | ATMoptionMove = 31.2 | SL = 109 | Target = 109 | TrailTrigger = 31 | Spread = 300 | Buffer = 28
IV Params refreshed: {'vix': 11.9, 'bn_price': 77595.86, 'regime': 'LOW', 'regime_thresholds': 'P25=12.03 P50=12.43 P75=13.27', 'daily_range': 1319.1, 'candle_range': 69.4, 'atm_option_move': 31.2, 'sl_point': 109, 'target_point': 109, 'sl_pct_of_premium': 0.1, 'trail_trigger': 31, 'spread_width': 300, 'support_resistance_buffer': 28}
BSE:SENSEX-INDEX  strikecount= 8   fyers <fyers_apiv3.fyersModel.FyersModel object at 0x7b8d52f4acc0>
===
====after 3 min ochain==== 2026-08-12 14:24:00.000001
                                    oipcr   choipcr   totalOI
pcr1 =  BSE:SENSEX2681378400PE   0.1   -0.02 CALL added 989040   PUT unwind -20160  OI= 141860
pcr2 =  BSE:SENSEX2681378300PE   0.13   -0.05 CALL added 1340100   PUT unwind -64380  OI= 248780
pcr3 =  BSE:SENSEX2681378200CE   0.12   -0.24 CALL added 1762680   PUT unwind -421100  OI= 2567680
pcr4 =  BSE:SENSEX2681378100PE   0.16   -0.21 CALL added 1474560   PUT unwind -308700  OI= 307820
pcr5 =  BSE:SENSEX2681378000CE   0.23   -0.01 CALL added 3870860   PUT unwind -21280  OI= 4223820
pcr6 =  BSE:SENSEX2681377900PE   0.18    0.08 CALL added 2502220   PUT added 198660  OI= 455780
pcr7 =  BSE:SENSEX2681377800CE   0.36   0.25 CALL added 2436780   PUT added 599440  OI= 2487560
pcr8 =  BSE:SENSEX2681377700PE   0.54   0.41 CALL added 1931560   PUT added 796420  OI= 1054800
pcr9 =  BSE:SENSEX2681377600CE   1.09   0.93 CALL added 2183240   PUT added 2027160  OI= 2197980
pcr10 =  BSE:SENSEX2681377500CE   1.71   1.3 CALL added 1543700   PUT added 2003880  OI= 1578560
pcr11 =  BSE:SENSEX2681377400CE   4.02   3.25 CALL added 316920   PUT added 1028820  OI= 323900
pcr12 =  BSE:SENSEX2681377300PE   7.28   4.8 CALL added 176560   PUT added 848180  OI= 1326000
pcr13 =  BSE:SENSEX2681377200PE   13.34   10.13 CALL added 87480   PUT added 886060  OI= 1249800
pcr14 =  BSE:SENSEX2681377100CE   24.03   20.31 CALL added 35420   PUT added 719500  OI= 39280
pcr15 =  BSE:SENSEX2681377000CE   16.99   12.09 CALL added 144940   PUT added 1752660  OI= 164600
pcr16 =  BSE:SENSEX2681376900CE   40.91   32.72 CALL added 15220   PUT added 498020  OI= 17320
pcr17 =  BSE:SENSEX2681376800PE   119.32   82.54 CALL added 6200   PUT added 511720  OI= 897260
pcrSummation= 2.91  result =  ['BSE:SENSEX2681378400PE', 'BSE:SENSEX2681378300PE', 'BSE:SENSEX2681378200CE', 'BSE:SENSEX2681378100PE', 'BSE:SENSEX2681378000CE', 'BSE:SENSEX2681377900PE', 'BSE:SENSEX2681377800CE', 'BSE:SENSEX2681377700PE', 'BSE:SENSEX2681377600CE']
PCRSUM== 230.51
pcrSummation== 2.91
VOLPCRSUM== 8.69
spotLTP =  77595.86  ATM_STRIKE =  77600
IS_ATM_STRIKE_SHIFT = False  mapStrike = {77600: 77600}
avgOiPcrList2 = [np.float64(12.45), np.float64(13.34), np.float64(13.56)] atmStrikeNotShiftedCount= 7
False   7   3
SUPP_RES=== 78000  Buffer= 28
CEoich val =  3870860.0  PEoich val =  -21280.0 , CE > PE by 100.5%
SUPP_RES TOTAL OI: CE= 4223820  PE= 963760 , CE > PE by 77.2%
IS_MORNING_WINDOW= False  (active 9:15-9:48 IST)
CHOI_UNWIND: PE side unwinding at SUPP_RES (PEchoi=-21280.0) - CHOI-based logic skipped this cycle
================================================
==== signal check time ==== 2026-08-12 14:24:00.615261
IS_CHOI_DIFF_GT_25PERC== False
RSI_VAL1== 58.14
RSI_VAL2== 58.14
FUT_3m_OHLC O= 77965.6  H= 78032.0  L= 77965.6  C= 78032.0  Range= 66.4
CHART_PATTERN_DETECTED: DOUBLE_BOTTOM_FORMING | STRONG_MOMENTUM_BULL
  PATTERN_CONTEXT: Body= 66.4  Range= 66.4  ExpectedRange= 69.4  RangeRatio= 0.96  O= 77965.6  H= 78032.0  L= 77965.6  C= 78032.0
isPcrInc = True
newSynthFut =  78000
ATMStrike =  77600
AVG_OIPCR= 0.32
avgoiPCROld=  13.56
SUPP_RES = 78000
FUT LTP = 78032.0
CEchoi  PechOi = 3870860.0    -21280.0
====================================
totalOIPCR = 0.54
AVG_VOLPCR= 0.97
atmPCR= 0.23  belowATM  0.18
atmVolPCR= 0.75  belowATM  1.16
False   78032.0   78000   True   False   58.14
no trade yet = [np.float64(12.45), np.float64(13.34), np.float64(13.56)]
curr Doji False
BSE:SENSEX2681377900PE  curr candle vol pcr = 0.27  PE= 93400  CE= 347820      cpr =  3.72
BSE:SENSEX2681377900PE  prev candle vol pcr = 0.21  PE= 48720  CE= 231800      cpr =  4.76
VOL_PRESSURE_ALERT: STRONG_CALL_PRESSURE | currCPR= 3.72  prevCPR= 4.76  Direction=BEARISH_SIGNAL (heavy CE buying = expecting down move)
ATM_CE_premium= 142.15  ATM_PE_premium= 342.15
CE_PremChg= 9.25  PE_PremChg= -16.95
CandleBody= 66.4  PrevBody= 0.0  CandleRange= 66.4  Bullish
TotalVol= 441220  PrevTotalVol= 280520  VolSpike= 1.57 x 
SCALP_SCORE: NEUTRAL | BullScore= 2  BearScore= 2 | Confidence= LOW
DATAPOINT|14:24|FUT=78032.0|Body=66.4|PrevBody=0.0|Range=66.4|RangeRatio=0.96|CurrVolPCR=0.27|PrevVolPCR=0.21|CurrCPR=3.72|PrevCPR=4.76|VolSpike=1.57|CE_PremChg=9.25|PE_PremChg=-16.95|BullScore=2|BearScore=2|Dir=NEUTRAL|Conf=LOW
CHART_PATTERN_DETECTED: DOUBLE_BOTTOM_FORMING | STRONG_MOMENTUM_BULL
  PATTERN_CONTEXT: Body= 66.4  Range= 66.4  ExpectedRange= 69.4  RangeRatio= 0.96  O= 77965.6  H= 78032.0  L= 77965.6  C= 78032.0
BSE:SENSEX-INDEX  strikecount= 3   fyers <fyers_apiv3.fyersModel.FyersModel object at 0x7b8d52f4acc0>
======================================
oipcr1 =  BSE:SENSEX2681377900PE   0.18
oipcr2 =  BSE:SENSEX2681377800CE   0.36
oipcr3 =  BSE:SENSEX2681377700PE   0.54
oipcrBull = NoEntry  bulcount= 0  bearcount= 3 oipcrBear= BearTrade
atmpcr5 pcr6= 1.09    1.71
No Entry Yet
India VIX = 11.88  Spot Price = 77606.03
IV Regime = LOW (ADAPTIVE: P25= 12.03  P50= 12.43  P75= 13.27 ) | DailyRange = 1317.1 | 3minCandleRange = 69.3 (theoretical= 115.5 ) | ATMoptionMove = 31.2 | SL = 109 | Target = 109 | TrailTrigger = 31 | Spread = 300 | Buffer = 28
IV Params refreshed: {'vix': 11.88, 'bn_price': 77606.03, 'regime': 'LOW', 'regime_thresholds': 'P25=12.03 P50=12.43 P75=13.27', 'daily_range': 1317.1, 'candle_range': 69.3, 'atm_option_move': 31.2, 'sl_point': 109, 'target_point': 109, 'sl_pct_of_premium': 0.1, 'trail_trigger': 31, 'spread_width': 300, 'support_resistance_buffer': 28}
BSE:SENSEX-INDEX  strikecount= 8   fyers <fyers_apiv3.fyersModel.FyersModel object at 0x7b8d52f4acc0>
===
====after 3 min ochain==== 2026-08-12 14:27:00.000898
                                    oipcr   choipcr   totalOI
pcr1 =  BSE:SENSEX2681378400PE   0.09   -0.02 CALL added 1005620   PUT unwind -22560  OI= 139460
pcr2 =  BSE:SENSEX2681378300PE   0.13   -0.05 CALL added 1350880   PUT unwind -66160  OI= 247000
pcr3 =  BSE:SENSEX2681378200CE   0.13   -0.24 CALL added 1732640   PUT unwind -417560  OI= 2537640
pcr4 =  BSE:SENSEX2681378100PE   0.17   -0.21 CALL added 1430480   PUT unwind -294060  OI= 322460
pcr5 =  BSE:SENSEX2681378000CE   0.23   -0.01 CALL added 3775640   PUT unwind -25340  OI= 4128600
pcr6 =  BSE:SENSEX2681377900PE   0.19    0.09 CALL added 2465460   PUT added 225580  OI= 482700
pcr7 =  BSE:SENSEX2681377800CE   0.41   0.3 CALL added 2352740   PUT added 694360  OI= 2403520
pcr8 =  BSE:SENSEX2681377700PE   0.57   0.44 CALL added 1899720   PUT added 838820  OI= 1097200
pcr9 =  BSE:SENSEX2681377600CE   1.17   1.0 CALL added 2086120   PUT added 2094400  OI= 2100860
pcr10 =  BSE:SENSEX2681377500CE   1.95   1.5 CALL added 1400600   PUT added 2105820  OI= 1435460
pcr11 =  BSE:SENSEX2681377400CE   4.42   3.6 CALL added 294500   PUT added 1059500  OI= 301480
pcr12 =  BSE:SENSEX2681377300PE   7.72   5.14 CALL added 168040   PUT added 863080  OI= 1340900
pcr13 =  BSE:SENSEX2681377200PE   13.54   10.08 CALL added 80680   PUT added 813440  OI= 1177180
pcr14 =  BSE:SENSEX2681377100CE   26.35   22.58 CALL added 32500   PUT added 733720  OI= 36360
pcr15 =  BSE:SENSEX2681377000CE   17.52   12.29 CALL added 133720   PUT added 1642840  OI= 153380
pcr16 =  BSE:SENSEX2681376900CE   43.23   35.2 CALL added 14900   PUT added 524420  OI= 17000
pcr17 =  BSE:SENSEX2681376800PE   124.61   85.7 CALL added 5680   PUT added 486760  OI= 872300
pcrSummation= 3.09  result =  ['BSE:SENSEX2681378400PE', 'BSE:SENSEX2681378300PE', 'BSE:SENSEX2681378200CE', 'BSE:SENSEX2681378100PE', 'BSE:SENSEX2681378000CE', 'BSE:SENSEX2681377900PE', 'BSE:SENSEX2681377800CE', 'BSE:SENSEX2681377700PE', 'BSE:SENSEX2681377600CE']
PCRSUM== 242.43
pcrSummation== 3.09
VOLPCRSUM== 8.6
spotLTP =  77606.03  ATM_STRIKE =  77600
IS_ATM_STRIKE_SHIFT = False  mapStrike = {77600: 77600}
avgOiPcrList2 = [np.float64(13.34), np.float64(13.56), np.float64(14.26)] atmStrikeNotShiftedCount= 8
False   8   3
SUPP_RES=== 78000  Buffer= 28
CEoich val =  3775640.0  PEoich val =  -25340.0 , CE > PE by 100.7%
SUPP_RES TOTAL OI: CE= 4128600  PE= 959700 , CE > PE by 76.8%
IS_MORNING_WINDOW= False  (active 9:15-9:48 IST)
CHOI_UNWIND: PE side unwinding at SUPP_RES (PEchoi=-25340.0) - CHOI-based logic skipped this cycle
================================================
==== signal check time ==== 2026-08-12 14:27:00.625957
IS_CHOI_DIFF_GT_25PERC== False
RSI_VAL1== 52.47
RSI_VAL2== 52.47
FUT_3m_OHLC O= 78050.6  H= 78050.6  L= 78002.0  C= 78002.0  Range= 48.5
CHART_PATTERN_DETECTED: DOUBLE_BOTTOM_FORMING
  PATTERN_CONTEXT: Body= -48.5  Range= 48.5  ExpectedRange= 69.3  RangeRatio= 0.7  O= 78050.6  H= 78050.6  L= 78002.0  C= 78002.0
isPcrInc = True
newSynthFut =  78000
ATMStrike =  77600
AVG_OIPCR= 0.34
avgoiPCROld=  14.26
SUPP_RES = 78000
FUT LTP = 78002.05
CEchoi  PechOi = 3775640.0    -25340.0
====================================
totalOIPCR = 0.55
AVG_VOLPCR= 0.96
atmPCR= 0.23  belowATM  0.19
atmVolPCR= 0.74  belowATM  1.15
False   78002.05   78000   True   False   52.47
no trade yet = [np.float64(13.34), np.float64(13.56), np.float64(14.26)]
curr Doji False
BSE:SENSEX2681378000PE  curr candle vol pcr = 0.17  PE= 113980  CE= 690660      cpr =  6.06
BSE:SENSEX2681377900PE  prev candle vol pcr = 0.27  PE= 93400  CE= 347820      cpr =  3.72
VOL_PRESSURE_ALERT: STRONG_CALL_PRESSURE | currCPR= 6.06  prevCPR= 3.72  Direction=BEARISH_SIGNAL (heavy CE buying = expecting down move)
ATM_CE_premium= 115.15  ATM_PE_premium= 401.8
CE_PremChg= 4.1  PE_PremChg= -8.2
CandleBody= -48.5  PrevBody= 66.4  CandleRange= 48.5  Bearish
TotalVol= 804640  PrevTotalVol= 441220  VolSpike= 1.82 x 
SCALP_SCORE: BEAR | BullScore= 0  BearScore= 4 | Confidence= MEDIUM
  SCALP_BEAR_REASONS: VolCPR_2candle_bear + StrongBearCandle(100%) + VolRise(1.82x)_bear
DATAPOINT|14:27|FUT=78002.0|Body=-48.5|PrevBody=66.4|Range=48.5|RangeRatio=0.7|CurrVolPCR=0.17|PrevVolPCR=0.27|CurrCPR=6.06|PrevCPR=3.72|VolSpike=1.82|CE_PremChg=4.1|PE_PremChg=-8.2|BullScore=0|BearScore=4|Dir=BEAR|Conf=MEDIUM
CHART_PATTERN_DETECTED: DOUBLE_BOTTOM_FORMING
  PATTERN_CONTEXT: Body= -48.5  Range= 48.5  ExpectedRange= 69.3  RangeRatio= 0.7  O= 78050.6  H= 78050.6  L= 78002.0  C= 78002.0
BSE:SENSEX-INDEX  strikecount= 3   fyers <fyers_apiv3.fyersModel.FyersModel object at 0x7b8d52f4acc0>
======================================
oipcr1 =  BSE:SENSEX2681377900PE   0.19
oipcr2 =  BSE:SENSEX2681377800CE   0.41
oipcr3 =  BSE:SENSEX2681377700PE   0.57
oipcrBull = NoEntry  bulcount= 0  bearcount= 3 oipcrBear= BearTrade
atmpcr5 pcr6= 1.17    1.95
No Entry Yet
India VIX = 11.88  Spot Price = 77629.24
IV Regime = LOW (ADAPTIVE: P25= 12.03  P50= 12.43  P75= 13.27 ) | DailyRange = 1317.5 | 3minCandleRange = 69.3 (theoretical= 115.6 ) | ATMoptionMove = 31.2 | SL = 109 | Target = 109 | TrailTrigger = 31 | Spread = 300 | Buffer = 28
IV Params refreshed: {'vix': 11.88, 'bn_price': 77629.24, 'regime': 'LOW', 'regime_thresholds': 'P25=12.03 P50=12.43 P75=13.27', 'daily_range': 1317.5, 'candle_range': 69.3, 'atm_option_move': 31.2, 'sl_point': 109, 'target_point': 109, 'sl_pct_of_premium': 0.1, 'trail_trigger': 31, 'spread_width': 300, 'support_resistance_buffer': 28}
BSE:SENSEX-INDEX  strikecount= 8   fyers <fyers_apiv3.fyersModel.FyersModel object at 0x7b8d52f4acc0>
===
====after 3 min ochain==== 2026-08-12 14:30:00.000004
                                    oipcr   choipcr   totalOI
pcr1 =  BSE:SENSEX2681378400PE   0.1   -0.02 CALL added 972800   PUT unwind -23180  OI= 138840
pcr2 =  BSE:SENSEX2681378300PE   0.12   -0.05 CALL added 1358120   PUT unwind -70620  OI= 242540
pcr3 =  BSE:SENSEX2681378200CE   0.13   -0.25 CALL added 1709460   PUT unwind -419900  OI= 2514460
pcr4 =  BSE:SENSEX2681378100PE   0.17   -0.21 CALL added 1402640   PUT unwind -298840  OI= 317680
pcr5 =  BSE:SENSEX2681378000CE   0.23   -0.01 CALL added 3754320   PUT unwind -20220  OI= 4107280
pcr6 =  BSE:SENSEX2681377900PE   0.2    0.1 CALL added 2457060   PUT added 243160  OI= 500280
pcr7 =  BSE:SENSEX2681377800CE   0.43   0.31 CALL added 2272920   PUT added 700260  OI= 2323700
pcr8 =  BSE:SENSEX2681377700PE   0.6   0.47 CALL added 1876860   PUT added 876180  OI= 1134560
pcr9 =  BSE:SENSEX2681377600CE   1.24   1.07 CALL added 2018680   PUT added 2156980  OI= 2033420
pcr10 =  BSE:SENSEX2681377500CE   2.05   1.59 CALL added 1338280   PUT added 2121880  OI= 1373140
pcr11 =  BSE:SENSEX2681377400CE   4.58   3.75 CALL added 290880   PUT added 1092160  OI= 297860
pcr12 =  BSE:SENSEX2681377300PE   8.03   5.33 CALL added 160100   PUT added 853200  OI= 1331020
pcr13 =  BSE:SENSEX2681377200PE   14.61   10.86 CALL added 72760   PUT added 790360  OI= 1154100
pcr14 =  BSE:SENSEX2681377100CE   24.81   21.0 CALL added 33760   PUT added 708920  OI= 37620
pcr15 =  BSE:SENSEX2681377000CE   18.14   12.73 CALL added 127040   PUT added 1616860  OI= 146700
pcr16 =  BSE:SENSEX2681376900CE   38.54   30.63 CALL added 16380   PUT added 501680  OI= 18480
pcr17 =  BSE:SENSEX2681376800PE   112.99   76.39 CALL added 6460   PUT added 493500  OI= 879040
pcrSummation= 3.2199999999999998  result =  ['BSE:SENSEX2681378400PE', 'BSE:SENSEX2681378300PE', 'BSE:SENSEX2681378200CE', 'BSE:SENSEX2681378100PE', 'BSE:SENSEX2681378000CE', 'BSE:SENSEX2681377900PE', 'BSE:SENSEX2681377800CE', 'BSE:SENSEX2681377700PE', 'BSE:SENSEX2681377600CE']
PCRSUM== 226.97
pcrSummation== 3.22
VOLPCRSUM== 8.55
spotLTP =  77631.76  ATM_STRIKE =  77600
IS_ATM_STRIKE_SHIFT = False  mapStrike = {77600: 77600}
avgOiPcrList2 = [np.float64(13.56), np.float64(14.26), np.float64(13.35)] atmStrikeNotShiftedCount= 9
False   9   3
SUPP_RES=== 78000  Buffer= 28
CEoich val =  3754320.0  PEoich val =  -20220.0 , CE > PE by 100.5%
SUPP_RES TOTAL OI: CE= 4107280  PE= 964820 , CE > PE by 76.5%
IS_MORNING_WINDOW= False  (active 9:15-9:48 IST)
CHOI_UNWIND: PE side unwinding at SUPP_RES (PEchoi=-20220.0) - CHOI-based logic skipped this cycle
================================================
==== signal check time ==== 2026-08-12 14:30:00.702831
IS_CHOI_DIFF_GT_25PERC== False
RSI_VAL1== 58.51
RSI_VAL2== 58.51
FUT_3m_OHLC O= 78039.9  H= 78043.6  L= 78039.9  C= 78043.6  Range= 3.7
CHART_PATTERN_DETECTED: INSIDE_BAR | DOUBLE_TOP_FORMING
  PATTERN_CONTEXT: Body= 3.7  Range= 3.7  ExpectedRange= 69.3  RangeRatio= 0.05  O= 78039.9  H= 78043.6  L= 78039.9  C= 78043.6
recent two = [np.float64(14.26), np.float64(13.35)]
newSynthFut =  78000
ATMStrike =  77600
AVG_OIPCR= 0.36
avgoiPCROld=  13.35
SUPP_RES = 78000
FUT LTP = 78043.6
CEchoi  PechOi = 3754320.0    -20220.0
====================================
totalOIPCR = 0.56
AVG_VOLPCR= 0.95
atmPCR= 0.23  belowATM  0.2
atmVolPCR= 0.74  belowATM  1.15
False   78043.6   78000   False   False   58.51
curr Doji False
BSE:SENSEX2681378000PE  curr candle vol pcr = 0.16  PE= 117840  CE= 746160      cpr =  6.33
BSE:SENSEX2681378000PE  prev candle vol pcr = 0.17  PE= 113980  CE= 690660      cpr =  6.06
VOL_PRESSURE_ALERT: STRONG_CALL_PRESSURE | currCPR= 6.33  prevCPR= 6.06  Direction=BEARISH_SIGNAL (heavy CE buying = expecting down move)
ATM_CE_premium= 111.5  ATM_PE_premium= 407.25
CE_PremChg= -3.65  PE_PremChg= 5.45
CandleBody= 3.7  PrevBody= -48.5  CandleRange= 3.7  Bullish
TotalVol= 864000  PrevTotalVol= 804640  VolSpike= 1.07 x 
SCALP_SCORE: BEAR | BullScore= 1  BearScore= 2 | Confidence= LOW
DATAPOINT|14:30|FUT=78043.6|Body=3.7|PrevBody=-48.5|Range=3.7|RangeRatio=0.05|CurrVolPCR=0.16|PrevVolPCR=0.17|CurrCPR=6.33|PrevCPR=6.06|VolSpike=1.07|CE_PremChg=-3.65|PE_PremChg=5.45|BullScore=1|BearScore=2|Dir=BEAR|Conf=LOW
CHART_PATTERN_DETECTED: INSIDE_BAR | DOUBLE_TOP_FORMING
  PATTERN_CONTEXT: Body= 3.7  Range= 3.7  ExpectedRange= 69.3  RangeRatio= 0.05  O= 78039.9  H= 78043.6  L= 78039.9  C= 78043.6
BSE:SENSEX-INDEX  strikecount= 3   fyers <fyers_apiv3.fyersModel.FyersModel object at 0x7b8d52f4acc0>
======================================
oipcr1 =  BSE:SENSEX2681377900PE   0.2
oipcr2 =  BSE:SENSEX2681377800CE   0.43
oipcr3 =  BSE:SENSEX2681377700PE   0.6
oipcrBull = NoEntry  bulcount= 0  bearcount= 3 oipcrBear= BearTrade
atmpcr5 pcr6= 1.24    2.05
No Entry Yet
India VIX = 11.85  Spot Price = 77712.4
IV Regime = LOW (ADAPTIVE: P25= 12.03  P50= 12.43  P75= 13.27 ) | DailyRange = 1315.6 | 3minCandleRange = 69.2 (theoretical= 115.4 ) | ATMoptionMove = 31.2 | SL = 109 | Target = 109 | TrailTrigger = 31 | Spread = 300 | Buffer = 28
IV Params refreshed: {'vix': 11.85, 'bn_price': 77712.4, 'regime': 'LOW', 'regime_thresholds': 'P25=12.03 P50=12.43 P75=13.27', 'daily_range': 1315.6, 'candle_range': 69.2, 'atm_option_move': 31.2, 'sl_point': 109, 'target_point': 109, 'sl_pct_of_premium': 0.1, 'trail_trigger': 31, 'spread_width': 300, 'support_resistance_buffer': 28}
BSE:SENSEX-INDEX  strikecount= 8   fyers <fyers_apiv3.fyersModel.FyersModel object at 0x7b8d52f4acc0>
===
====after 3 min ochain==== 2026-08-12 14:33:00.000003
                                    oipcr   choipcr   totalOI
pcr1 =  BSE:SENSEX2681378500CE   0.11   -0.02 CALL added 2246360   PUT unwind -45760  OI= 3706700
pcr2 =  BSE:SENSEX2681378400PE   0.09   -0.03 CALL added 1011660   PUT unwind -26120  OI= 135900
pcr3 =  BSE:SENSEX2681378300PE   0.12   -0.06 CALL added 1359440   PUT unwind -81120  OI= 232040
pcr4 =  BSE:SENSEX2681378200CE   0.12   -0.27 CALL added 1640400   PUT unwind -440040  OI= 2445400
pcr5 =  BSE:SENSEX2681378100PE   0.18   -0.24 CALL added 1292960   PUT unwind -308180  OI= 308340
pcr6 =  BSE:SENSEX2681378000CE   0.25    -0.01 CALL added 3504540   PUT unwind -21600  OI= 3857500
pcr7 =  BSE:SENSEX2681377900PE   0.19   0.09 CALL added 2360280   PUT added 213900  OI= 471020
pcr8 =  BSE:SENSEX2681377800CE   0.46   0.34 CALL added 2146660   PUT added 724640  OI= 2197440
pcr9 =  BSE:SENSEX2681377700PE   0.68   0.54 CALL added 1736260   PUT added 937460  OI= 1195840
pcr10 =  BSE:SENSEX2681377600CE   1.35   1.16 CALL added 1802460   PUT added 2093380  OI= 1817200
pcr11 =  BSE:SENSEX2681377500CE   2.2   1.68 CALL added 1186880   PUT added 1990080  OI= 1221740
pcr12 =  BSE:SENSEX2681377400CE   4.85   3.96 CALL added 266660   PUT added 1055760  OI= 273640
pcr13 =  BSE:SENSEX2681377300PE   8.31   5.43 CALL added 149240   PUT added 809760  OI= 1287580
pcr14 =  BSE:SENSEX2681377200PE   14.98   11.08 CALL added 69300   PUT added 768040  OI= 1131780
pcr15 =  BSE:SENSEX2681377100CE   28.75   24.96 CALL added 29920   PUT added 746800  OI= 33780
pcr16 =  BSE:SENSEX2681377000CE   22.8   16.96 CALL added 101820   PUT added 1726500  OI= 121480
pcr17 =  BSE:SENSEX2681376900CE   39.96   32.04 CALL added 15980   PUT added 512020  OI= 18080
pcrSummation= 2.2  result =  ['BSE:SENSEX2681378500CE', 'BSE:SENSEX2681378400PE', 'BSE:SENSEX2681378300PE', 'BSE:SENSEX2681378200CE', 'BSE:SENSEX2681378100PE', 'BSE:SENSEX2681378000CE', 'BSE:SENSEX2681377900PE', 'BSE:SENSEX2681377800CE', 'BSE:SENSEX2681377700PE']
PCRSUM== 125.4
pcrSummation== 2.2
VOLPCRSUM== 6.220000000000001
spotLTP =  77712.4  ATM_STRIKE =  77700
IS_ATM_STRIKE_SHIFT = True  mapStrike = {77700: 77700}
avgOiPcrList2 = [np.float64(7.38)] atmStrikeNotShiftedCount= 1
True   1   1
SUPP_RES=== 78000  Buffer= 28
CEoich val =  3504540.0  PEoich val =  -21600.0 , CE > PE by 100.6%
SUPP_RES TOTAL OI: CE= 3857500  PE= 963440 , CE > PE by 75.0%
IS_MORNING_WINDOW= False  (active 9:15-9:48 IST)
CHOI_UNWIND: PE side unwinding at SUPP_RES (PEchoi=-21600.0) - CHOI-based logic skipped this cycle
================================================
==== signal check time ==== 2026-08-12 14:33:00.636128
IS_CHOI_DIFF_GT_25PERC== False
RSI_VAL1== 68.35
RSI_VAL2== 68.35
FUT_3m_OHLC O= 78050.0  H= 78138.0  L= 78030.0  C= 78138.0  Range= 108.0
CHART_PATTERN_DETECTED: MORNING_STAR | OUTSIDE_BAR | STRONG_MOMENTUM_BULL
  PATTERN_CONTEXT: Body= 88.0  Range= 108.0  ExpectedRange= 69.2  RangeRatio= 1.56  O= 78050.0  H= 78138.0  L= 78030.0  C= 78138.0
newSynthFut =  78100
ATMStrike =  77700
AVG_OIPCR= 0.24
avgoiPCROld=  7.38
SUPP_RES = 78000
FUT LTP = 78138.0
CEchoi  PechOi = 3504540.0    -21600.0
====================================
totalOIPCR = 0.58
AVG_VOLPCR= 0.69
atmPCR= 0.18  belowATM  0.25
atmVolPCR= 0.49  belowATM  0.71
False   78138.0   78000   False   False   68.35
curr Doji False
BSE:SENSEX2681378000PE  curr candle vol pcr = 0.21  PE= 722180  CE= 3449160      cpr =  4.78
BSE:SENSEX2681378000PE  prev candle vol pcr = 0.16  PE= 117840  CE= 746160      cpr =  6.33
VOL_PRESSURE_ALERT: STRONG_CALL_PRESSURE | currCPR= 4.78  prevCPR= 6.33  Direction=BEARISH_SIGNAL (heavy CE buying = expecting down move)
ATM_CE_premium= 152.45  ATM_PE_premium= 334.45
CE_PremChg= 40.95  PE_PremChg= -72.8
CandleBody= 88.0  PrevBody= 3.7  CandleRange= 108.0  Bullish
TotalVol= 4171340  PrevTotalVol= 864000  VolSpike= 4.83 x  SPIKE!
SCALP_SCORE: BULL | BullScore= 4  BearScore= 3 | Confidence= MEDIUM
  SCALP_BULL_REASONS: StrongBullCandle(81%) + 2ConsecBullCandles + VolSpike(4.83x)_bull + BreakoutCandle(1.6x)
  SCALP_BEAR_REASONS: VolCPR_2candle_bear + PremMomentum_bear(PE-72.8,CE+40.95)
DATAPOINT|14:33|FUT=78138.0|Body=88.0|PrevBody=3.7|Range=108.0|RangeRatio=1.56|CurrVolPCR=0.21|PrevVolPCR=0.16|CurrCPR=4.78|PrevCPR=6.33|VolSpike=4.83|CE_PremChg=40.95|PE_PremChg=-72.8|BullScore=4|BearScore=3|Dir=BULL|Conf=MEDIUM
CHART_PATTERN_DETECTED: MORNING_STAR | OUTSIDE_BAR | STRONG_MOMENTUM_BULL
  PATTERN_CONTEXT: Body= 88.0  Range= 108.0  ExpectedRange= 69.2  RangeRatio= 1.56  O= 78050.0  H= 78138.0  L= 78030.0  C= 78138.0
BSE:SENSEX-INDEX  strikecount= 3   fyers <fyers_apiv3.fyersModel.FyersModel object at 0x7b8d52f4acc0>
======================================
oipcr1 =  BSE:SENSEX2681378000CE   0.25
oipcr2 =  BSE:SENSEX2681377900PE   0.19
oipcr3 =  BSE:SENSEX2681377800CE   0.46
oipcrBull = NoEntry  bulcount= 0  bearcount= 3 oipcrBear= BearTrade
atmpcr5 pcr6= 0.68    1.35
No Entry Yet
India VIX = 11.89  Spot Price = 77696.41
IV Regime = LOW (ADAPTIVE: P25= 12.03  P50= 12.43  P75= 13.27 ) | DailyRange = 1319.7 | 3minCandleRange = 69.4 (theoretical= 115.7 ) | ATMoptionMove = 31.3 | SL = 109 | Target = 109 | TrailTrigger = 31 | Spread = 300 | Buffer = 28
IV Params refreshed: {'vix': 11.89, 'bn_price': 77696.41, 'regime': 'LOW', 'regime_thresholds': 'P25=12.03 P50=12.43 P75=13.27', 'daily_range': 1319.7, 'candle_range': 69.4, 'atm_option_move': 31.3, 'sl_point': 109, 'target_point': 109, 'sl_pct_of_premium': 0.1, 'trail_trigger': 31, 'spread_width': 300, 'support_resistance_buffer': 28}
BSE:SENSEX-INDEX  strikecount= 8   fyers <fyers_apiv3.fyersModel.FyersModel object at 0x7b8d52f4acc0>
===
====after 3 min ochain==== 2026-08-12 14:36:00.000001
                                    oipcr   choipcr   totalOI
pcr1 =  BSE:SENSEX2681378500CE   0.11   -0.02 CALL added 2206940   PUT unwind -51140  OI= 3667280
pcr2 =  BSE:SENSEX2681378400PE   0.09   -0.03 CALL added 1021700   PUT unwind -30060  OI= 131960
pcr3 =  BSE:SENSEX2681378300PE   0.12   -0.07 CALL added 1298680   PUT unwind -86000  OI= 227160
pcr4 =  BSE:SENSEX2681378200CE   0.12   -0.28 CALL added 1626060   PUT unwind -449260  OI= 2431060
pcr5 =  BSE:SENSEX2681378100PE   0.19   -0.25 CALL added 1220240   PUT unwind -307600  OI= 308920
pcr6 =  BSE:SENSEX2681378000CE   0.28    -0.01 CALL added 3155060   PUT unwind -18500  OI= 3508020
pcr7 =  BSE:SENSEX2681377900PE   0.23   0.12 CALL added 2143980   PUT added 251580  OI= 508700
pcr8 =  BSE:SENSEX2681377800CE   0.59   0.46 CALL added 1941440   PUT added 894660  OI= 1992220
pcr9 =  BSE:SENSEX2681377700PE   0.87   0.71 CALL added 1463520   PUT added 1036540  OI= 1294920
pcr10 =  BSE:SENSEX2681377600CE   1.64   1.41 CALL added 1502820   PUT added 2124560  OI= 1517560
pcr11 =  BSE:SENSEX2681377500CE   2.46   1.85 CALL added 1020740   PUT added 1893000  OI= 1055600
pcr12 =  BSE:SENSEX2681377400CE   4.98   4.07 CALL added 260140   PUT added 1057660  OI= 267120
pcr13 =  BSE:SENSEX2681377300PE   7.78   4.71 CALL added 141520   PUT added 667260  OI= 1145080
pcr14 =  BSE:SENSEX2681377200PE   18.56   13.92 CALL added 53380   PUT added 742880  OI= 1106620
pcr15 =  BSE:SENSEX2681377100CE   31.53   27.79 CALL added 27400   PUT added 761360  OI= 31260
pcr16 =  BSE:SENSEX2681377000CE   29.76   23.72 CALL added 75840   PUT added 1798640  OI= 95500
pcr17 =  BSE:SENSEX2681376900CE   45.39   37.33 CALL added 14300   PUT added 533880  OI= 16400
pcrSummation= 2.6  result =  ['BSE:SENSEX2681378500CE', 'BSE:SENSEX2681378400PE', 'BSE:SENSEX2681378300PE', 'BSE:SENSEX2681378200CE', 'BSE:SENSEX2681378100PE', 'BSE:SENSEX2681378000CE', 'BSE:SENSEX2681377900PE', 'BSE:SENSEX2681377800CE', 'BSE:SENSEX2681377700PE']
PCRSUM== 144.7
pcrSummation== 2.6
VOLPCRSUM== 6.1
spotLTP =  77696.41  ATM_STRIKE =  77700
IS_ATM_STRIKE_SHIFT = False  mapStrike = {77700: 77700}
avgOiPcrList2 = [np.float64(7.38), np.float64(8.51)] atmStrikeNotShiftedCount= 2
False   2   2
SUPP_RES=== 78000  Buffer= 28
CEoich val =  3155060.0  PEoich val =  -18500.0 , CE > PE by 100.6%
SUPP_RES TOTAL OI: CE= 3508020  PE= 966540 , CE > PE by 72.4%
IS_MORNING_WINDOW= False  (active 9:15-9:48 IST)
CHOI_UNWIND: PE side unwinding at SUPP_RES (PEchoi=-18500.0) - CHOI-based logic skipped this cycle
================================================
==== signal check time ==== 2026-08-12 14:36:00.628346
IS_CHOI_DIFF_GT_25PERC== False
RSI_VAL1== 63.37
RSI_VAL2== 68.34
FUT_3m_OHLC O= 78138.0  H= 78138.0  L= 78120.0  C= 78138.0  Range= 18.0
CHART_PATTERN_DETECTED: HAMMER | INSIDE_BAR | DOUBLE_TOP_FORMING
  PATTERN_CONTEXT: Body= -0.1  Range= 18.0  ExpectedRange= 69.4  RangeRatio= 0.26  O= 78138.0  H= 78138.0  L= 78120.0  C= 78138.0
newSynthFut =  78100
ATMStrike =  77700
AVG_OIPCR= 0.29
avgoiPCROld=  8.51
SUPP_RES = 78000
FUT LTP = 78111.0
CEchoi  PechOi = 3155060.0    -18500.0
====================================
totalOIPCR = 0.61
AVG_VOLPCR= 0.68
atmPCR= 0.19  belowATM  0.28
atmVolPCR= 0.48  belowATM  0.7
False   78111.0   78000   False   False   68.34
curr Doji False
BSE:SENSEX2681378100PE  curr candle vol pcr = 0.08  PE= 71680  CE= 853160      cpr =  11.9
BSE:SENSEX2681378000PE  prev candle vol pcr = 0.21  PE= 722180  CE= 3449160      cpr =  4.78
VOL_PRESSURE_ALERT: STRONG_CALL_PRESSURE | currCPR= 11.9  prevCPR= 4.78  Direction=BEARISH_SIGNAL (heavy CE buying = expecting down move)
ATM_CE_premium= 107.95  ATM_PE_premium= 425.0
CE_PremChg= -11.75  PE_PremChg= 20.9
CandleBody= -0.1  PrevBody= 88.0  CandleRange= 18.0  Bearish
TotalVol= 924840  PrevTotalVol= 4171340  VolSpike= 0.22 x 
SCALP_SCORE: BEAR | BullScore= 1  BearScore= 2 | Confidence= LOW
DATAPOINT|14:36|FUT=78138.0|Body=-0.1|PrevBody=88.0|Range=18.0|RangeRatio=0.26|CurrVolPCR=0.08|PrevVolPCR=0.21|CurrCPR=11.9|PrevCPR=4.78|VolSpike=0.22|CE_PremChg=-11.75|PE_PremChg=20.9|BullScore=1|BearScore=2|Dir=BEAR|Conf=LOW
CHART_PATTERN_DETECTED: HAMMER | INSIDE_BAR | DOUBLE_TOP_FORMING
  PATTERN_CONTEXT: Body= -0.1  Range= 18.0  ExpectedRange= 69.4  RangeRatio= 0.26  O= 78138.0  H= 78138.0  L= 78120.0  C= 78138.0
BSE:SENSEX-INDEX  strikecount= 3   fyers <fyers_apiv3.fyersModel.FyersModel object at 0x7b8d52f4acc0>
======================================
oipcr1 =  BSE:SENSEX2681378000CE   0.28
oipcr2 =  BSE:SENSEX2681377900PE   0.23
oipcr3 =  BSE:SENSEX2681377800CE   0.59
oipcrBull = NoEntry  bulcount= 0  bearcount= 3 oipcrBear= BearTrade
atmpcr5 pcr6= 0.87    1.64
No Entry Yet
India VIX = 11.89  Spot Price = 77702.6
IV Regime = LOW (ADAPTIVE: P25= 12.03  P50= 12.43  P75= 13.27 ) | DailyRange = 1319.8 | 3minCandleRange = 69.5 (theoretical= 115.8 ) | ATMoptionMove = 31.3 | SL = 109 | Target = 109 | TrailTrigger = 31 | Spread = 300 | Buffer = 28
IV Params refreshed: {'vix': 11.89, 'bn_price': 77702.6, 'regime': 'LOW', 'regime_thresholds': 'P25=12.03 P50=12.43 P75=13.27', 'daily_range': 1319.8, 'candle_range': 69.5, 'atm_option_move': 31.3, 'sl_point': 109, 'target_point': 109, 'sl_pct_of_premium': 0.1, 'trail_trigger': 31, 'spread_width': 300, 'support_resistance_buffer': 28}
BSE:SENSEX-INDEX  strikecount= 8   fyers <fyers_apiv3.fyersModel.FyersModel object at 0x7b8d52f4acc0>
===
====after 3 min ochain==== 2026-08-12 14:39:00.000001
                                    oipcr   choipcr   totalOI
pcr1 =  BSE:SENSEX2681378500CE   0.12   -0.03 CALL added 2148580   PUT unwind -55620  OI= 3608920
pcr2 =  BSE:SENSEX2681378400PE   0.09   -0.03 CALL added 1018140   PUT unwind -30280  OI= 131740
pcr3 =  BSE:SENSEX2681378300PE   0.11   -0.07 CALL added 1335960   PUT unwind -90700  OI= 222460
pcr4 =  BSE:SENSEX2681378200CE   0.12   -0.27 CALL added 1674720   PUT unwind -445980  OI= 2479720
pcr5 =  BSE:SENSEX2681378100PE   0.19   -0.27 CALL added 1167400   PUT unwind -314340  OI= 302180
pcr6 =  BSE:SENSEX2681378000CE   0.28    -0.0 CALL added 3165600   PUT unwind -4960  OI= 3518560
pcr7 =  BSE:SENSEX2681377900PE   0.24   0.13 CALL added 2102220   PUT added 266540  OI= 523660
pcr8 =  BSE:SENSEX2681377800CE   0.57   0.44 CALL added 1983820   PUT added 876000  OI= 2034600
pcr9 =  BSE:SENSEX2681377700PE   1.0   0.83 CALL added 1427320   PUT added 1191660  OI= 1450040
pcr10 =  BSE:SENSEX2681377600CE   1.68   1.45 CALL added 1476180   PUT added 2135540  OI= 1490920
pcr11 =  BSE:SENSEX2681377500CE   2.51   1.91 CALL added 1016580   PUT added 1937260  OI= 1051440
pcr12 =  BSE:SENSEX2681377400CE   4.98   4.06 CALL added 258480   PUT added 1049640  OI= 265460
pcr13 =  BSE:SENSEX2681377300PE   7.84   4.7 CALL added 137800   PUT added 647300  OI= 1125120
pcr14 =  BSE:SENSEX2681377200PE   19.43   14.67 CALL added 50940   PUT added 747440  OI= 1111180
pcr15 =  BSE:SENSEX2681377100CE   34.27   30.69 CALL added 25700   PUT added 788620  OI= 29560
pcr16 =  BSE:SENSEX2681377000CE   30.66   24.55 CALL added 72220   PUT added 1772880  OI= 91880
pcr17 =  BSE:SENSEX2681376900CE   46.33   38.37 CALL added 14220   PUT added 545680  OI= 16320
pcrSummation= 2.7199999999999998  result =  ['BSE:SENSEX2681378500CE', 'BSE:SENSEX2681378400PE', 'BSE:SENSEX2681378300PE', 'BSE:SENSEX2681378200CE', 'BSE:SENSEX2681378100PE', 'BSE:SENSEX2681378000CE', 'BSE:SENSEX2681377900PE', 'BSE:SENSEX2681377800CE', 'BSE:SENSEX2681377700PE']
PCRSUM== 150.42
pcrSummation== 2.72
VOLPCRSUM== 6.0
spotLTP =  77702.6  ATM_STRIKE =  77700
IS_ATM_STRIKE_SHIFT = False  mapStrike = {77700: 77700}
avgOiPcrList2 = [np.float64(7.38), np.float64(8.51), np.float64(8.85)] atmStrikeNotShiftedCount= 3
False   3   3
SUPP_RES=== 78000  Buffer= 28
CEoich val =  3165600.0  PEoich val =  -4960.0 , CE > PE by 100.2%
SUPP_RES TOTAL OI: CE= 3518560  PE= 980080 , CE > PE by 72.1%
IS_MORNING_WINDOW= False  (active 9:15-9:48 IST)
CHOI_UNWIND: PE side unwinding at SUPP_RES (PEchoi=-4960.0) - CHOI-based logic skipped this cycle
================================================
==== signal check time ==== 2026-08-12 14:39:00.602855
IS_CHOI_DIFF_GT_25PERC== False
RSI_VAL1== 64.06
RSI_VAL2== 64.06
FUT_3m_OHLC O= 78111.0  H= 78121.7  L= 78100.0  C= 78115.0  Range= 21.7
CHART_PATTERN_DETECTED: DOUBLE_TOP_FORMING
  PATTERN_CONTEXT: Body= 4.0  Range= 21.7  ExpectedRange= 69.5  RangeRatio= 0.31  O= 78111.0  H= 78121.7  L= 78100.0  C= 78115.0
isPcrInc = True
newSynthFut =  78100
ATMStrike =  77700
AVG_OIPCR= 0.3
avgoiPCROld=  8.85
SUPP_RES = 78000
FUT LTP = 78115.0
CEchoi  PechOi = 3165600.0    -4960.0
====================================
totalOIPCR = 0.62
AVG_VOLPCR= 0.67
atmPCR= 0.19  belowATM  0.28
atmVolPCR= 0.47  belowATM  0.69
False   78115.0   78000   True   False   64.06
no trade yet = [np.float64(7.38), np.float64(8.51), np.float64(8.85)]
curr Doji False
BSE:SENSEX2681378100PE  curr candle vol pcr = 0.1  PE= 56840  CE= 568520      cpr =  10.0
BSE:SENSEX2681378100PE  prev candle vol pcr = 0.08  PE= 71680  CE= 853160      cpr =  11.9
VOL_PRESSURE_ALERT: STRONG_CALL_PRESSURE | currCPR= 10.0  prevCPR= 11.9  Direction=BEARISH_SIGNAL (heavy CE buying = expecting down move)
ATM_CE_premium= 111.2  ATM_PE_premium= 407.0
CE_PremChg= 3.25  PE_PremChg= -18.0
CandleBody= 4.0  PrevBody= -0.1  CandleRange= 21.7  Bullish
TotalVol= 625360  PrevTotalVol= 924840  VolSpike= 0.68 x 
SCALP_SCORE: BEAR | BullScore= 0  BearScore= 2 | Confidence= LOW
DATAPOINT|14:39|FUT=78115.0|Body=4.0|PrevBody=-0.1|Range=21.7|RangeRatio=0.31|CurrVolPCR=0.1|PrevVolPCR=0.08|CurrCPR=10.0|PrevCPR=11.9|VolSpike=0.68|CE_PremChg=3.25|PE_PremChg=-18.0|BullScore=0|BearScore=2|Dir=BEAR|Conf=LOW
CHART_PATTERN_DETECTED: DOUBLE_TOP_FORMING
  PATTERN_CONTEXT: Body= 4.0  Range= 21.7  ExpectedRange= 69.5  RangeRatio= 0.31  O= 78111.0  H= 78121.7  L= 78100.0  C= 78115.0
BSE:SENSEX-INDEX  strikecount= 3   fyers <fyers_apiv3.fyersModel.FyersModel object at 0x7b8d52f4acc0>
======================================
oipcr1 =  BSE:SENSEX2681378000CE   0.28
oipcr2 =  BSE:SENSEX2681377900PE   0.24
oipcr3 =  BSE:SENSEX2681377800CE   0.57
oipcrBull = NoEntry  bulcount= 0  bearcount= 3 oipcrBear= BearTrade
atmpcr5 pcr6= 1.0    1.68
No Entry Yet
India VIX = 11.88  Spot Price = 77703.72
IV Regime = LOW (ADAPTIVE: P25= 12.03  P50= 12.43  P75= 13.27 ) | DailyRange = 1318.7 | 3minCandleRange = 69.4 (theoretical= 115.7 ) | ATMoptionMove = 31.2 | SL = 109 | Target = 109 | TrailTrigger = 31 | Spread = 300 | Buffer = 28
IV Params refreshed: {'vix': 11.88, 'bn_price': 77703.72, 'regime': 'LOW', 'regime_thresholds': 'P25=12.03 P50=12.43 P75=13.27', 'daily_range': 1318.7, 'candle_range': 69.4, 'atm_option_move': 31.2, 'sl_point': 109, 'target_point': 109, 'sl_pct_of_premium': 0.1, 'trail_trigger': 31, 'spread_width': 300, 'support_resistance_buffer': 28}
BSE:SENSEX-INDEX  strikecount= 8   fyers <fyers_apiv3.fyersModel.FyersModel object at 0x7b8d52f4acc0>
===
====after 3 min ochain==== 2026-08-12 14:42:00.000003
                                    oipcr   choipcr   totalOI
pcr1 =  BSE:SENSEX2681378500CE   0.11   -0.03 CALL added 2202280   PUT unwind -56160  OI= 3662620
pcr2 =  BSE:SENSEX2681378400PE   0.09   -0.03 CALL added 1033400   PUT unwind -28460  OI= 133560
pcr3 =  BSE:SENSEX2681378300PE   0.11   -0.07 CALL added 1316540   PUT unwind -94840  OI= 218320
pcr4 =  BSE:SENSEX2681378200CE   0.12   -0.26 CALL added 1695420   PUT unwind -441660  OI= 2500420
pcr5 =  BSE:SENSEX2681378100PE   0.19   -0.26 CALL added 1193500   PUT unwind -310700  OI= 305820
pcr6 =  BSE:SENSEX2681378000CE   0.28    0.0 CALL added 3151780   PUT added 3820  OI= 3504740
pcr7 =  BSE:SENSEX2681377900PE   0.23   0.12 CALL added 2122440   PUT added 255600  OI= 512720
pcr8 =  BSE:SENSEX2681377800CE   0.6   0.47 CALL added 2016240   PUT added 942040  OI= 2067020
pcr9 =  BSE:SENSEX2681377700PE   1.05   0.88 CALL added 1434640   PUT added 1268200  OI= 1526580
pcr10 =  BSE:SENSEX2681377600CE   1.69   1.45 CALL added 1467240   PUT added 2130240  OI= 1481980
pcr11 =  BSE:SENSEX2681377500CE   2.62   2.01 CALL added 1004580   PUT added 2019760  OI= 1039440
pcr12 =  BSE:SENSEX2681377400CE   4.97   4.05 CALL added 256440   PUT added 1037520  OI= 263420
pcr13 =  BSE:SENSEX2681377300PE   7.91   4.76 CALL added 137340   PUT added 654120  OI= 1131940
pcr14 =  BSE:SENSEX2681377200PE   20.14   15.32 CALL added 49420   PUT added 757000  OI= 1120740
pcr15 =  BSE:SENSEX2681377100CE   32.8   29.2 CALL added 27180   PUT added 793760  OI= 31040
pcr16 =  BSE:SENSEX2681377000CE   30.73   24.48 CALL added 70420   PUT added 1723980  OI= 90080
pcr17 =  BSE:SENSEX2681376900CE   46.56   38.58 CALL added 14120   PUT added 544700  OI= 16220
pcrSummation= 2.7800000000000002  result =  ['BSE:SENSEX2681378500CE', 'BSE:SENSEX2681378400PE', 'BSE:SENSEX2681378300PE', 'BSE:SENSEX2681378200CE', 'BSE:SENSEX2681378100PE', 'BSE:SENSEX2681378000CE', 'BSE:SENSEX2681377900PE', 'BSE:SENSEX2681377800CE', 'BSE:SENSEX2681377700PE']
PCRSUM== 150.2
pcrSummation== 2.78
VOLPCRSUM== 5.970000000000001
spotLTP =  77703.72  ATM_STRIKE =  77700
IS_ATM_STRIKE_SHIFT = False  mapStrike = {77700: 77700}
avgOiPcrList2 = [np.float64(8.51), np.float64(8.85), np.float64(8.84)] atmStrikeNotShiftedCount= 4
False   4   3
SUPP_RES=== 78000  Buffer= 28
CEoich val =  3151780.0  PEoich val =  3820.0 , CE > PE by 99.9%
SUPP_RES TOTAL OI: CE= 3504740  PE= 988860 , CE > PE by 71.8%
IS_MORNING_WINDOW= False  (active 9:15-9:48 IST)
================================================
==== signal check time ==== 2026-08-12 14:42:00.620402
IS_CHOI_DIFF_GT_25PERC== True
RSI_VAL1== 61.2
RSI_VAL2== 61.2
FUT_3m_OHLC O= 78130.0  H= 78151.7  L= 78060.0  C= 78099.2  Range= 91.7
CHART_PATTERN_DETECTED: BEARISH_ENGULFING | OUTSIDE_BAR | DOUBLE_TOP_FORMING
  PATTERN_CONTEXT: Body= -30.9  Range= 91.7  ExpectedRange= 69.4  RangeRatio= 1.32  O= 78130.0  H= 78151.7  L= 78060.0  C= 78099.2
recent two = [np.float64(8.85), np.float64(8.84)]
newSynthFut =  78100
ATMStrike =  77700
AVG_OIPCR= 0.31
avgoiPCROld=  8.84
SUPP_RES = 78000
FUT LTP = 78099.15
CEchoi  PechOi = 3151780.0    3820.0
====================================
totalOIPCR = 0.62
AVG_VOLPCR= 0.66
atmPCR= 0.19  belowATM  0.28
atmVolPCR= 0.47  belowATM  0.69
True   78099.15   78000   False   False   61.2
curr Doji False
BSE:SENSEX2681378100PE  curr candle vol pcr = 0.13  PE= 48060  CE= 362960      cpr =  7.55
BSE:SENSEX2681378100PE  prev candle vol pcr = 0.1  PE= 56840  CE= 568520      cpr =  10.0
VOL_PRESSURE_ALERT: STRONG_CALL_PRESSURE | currCPR= 7.55  prevCPR= 10.0  Direction=BEARISH_SIGNAL (heavy CE buying = expecting down move)
ATM_CE_premium= 115.95  ATM_PE_premium= 393.55
CE_PremChg= 4.75  PE_PremChg= -13.45
CandleBody= -30.9  PrevBody= 4.0  CandleRange= 91.7  Bearish
TotalVol= 411020  PrevTotalVol= 625360  VolSpike= 0.66 x 
SCALP_SCORE: BEAR | BullScore= 0  BearScore= 3 | Confidence= MEDIUM
  SCALP_BEAR_REASONS: VolCPR_2candle_bear + BreakoutCandle(1.3x)
DATAPOINT|14:42|FUT=78099.2|Body=-30.9|PrevBody=4.0|Range=91.7|RangeRatio=1.32|CurrVolPCR=0.13|PrevVolPCR=0.1|CurrCPR=7.55|PrevCPR=10.0|VolSpike=0.66|CE_PremChg=4.75|PE_PremChg=-13.45|BullScore=0|BearScore=3|Dir=BEAR|Conf=MEDIUM
CHART_PATTERN_DETECTED: BEARISH_ENGULFING | OUTSIDE_BAR | DOUBLE_TOP_FORMING
  PATTERN_CONTEXT: Body= -30.9  Range= 91.7  ExpectedRange= 69.4  RangeRatio= 1.32  O= 78130.0  H= 78151.7  L= 78060.0  C= 78099.2
BSE:SENSEX-INDEX  strikecount= 3   fyers <fyers_apiv3.fyersModel.FyersModel object at 0x7b8d52f4acc0>
======================================
oipcr1 =  BSE:SENSEX2681378000CE   0.28
oipcr2 =  BSE:SENSEX2681377900PE   0.23
oipcr3 =  BSE:SENSEX2681377800CE   0.6
oipcrBull = NoEntry  bulcount= 0  bearcount= 3 oipcrBear= BearTrade
atmpcr5 pcr6= 1.05    1.69
No Entry Yet
India VIX = 11.83  Spot Price = 77731.11
IV Regime = LOW (ADAPTIVE: P25= 12.03  P50= 12.43  P75= 13.27 ) | DailyRange = 1313.7 | 3minCandleRange = 69.1 (theoretical= 115.2 ) | ATMoptionMove = 31.1 | SL = 109 | Target = 109 | TrailTrigger = 31 | Spread = 300 | Buffer = 28
IV Params refreshed: {'vix': 11.83, 'bn_price': 77731.11, 'regime': 'LOW', 'regime_thresholds': 'P25=12.03 P50=12.43 P75=13.27', 'daily_range': 1313.7, 'candle_range': 69.1, 'atm_option_move': 31.1, 'sl_point': 109, 'target_point': 109, 'sl_pct_of_premium': 0.1, 'trail_trigger': 31, 'spread_width': 300, 'support_resistance_buffer': 28}
BSE:SENSEX-INDEX  strikecount= 8   fyers <fyers_apiv3.fyersModel.FyersModel object at 0x7b8d52f4acc0>
===
====after 3 min ochain==== 2026-08-12 14:45:00.003576
                                    oipcr   choipcr   totalOI
pcr1 =  BSE:SENSEX2681378500CE   0.11   -0.03 CALL added 2150040   PUT unwind -57160  OI= 3610380
pcr2 =  BSE:SENSEX2681378400PE   0.09   -0.03 CALL added 1008380   PUT unwind -25720  OI= 136300
pcr3 =  BSE:SENSEX2681378300PE   0.12   -0.08 CALL added 1272180   PUT unwind -96280  OI= 216880
pcr4 =  BSE:SENSEX2681378200CE   0.13   -0.27 CALL added 1602300   PUT unwind -436320  OI= 2407300
pcr5 =  BSE:SENSEX2681378100PE   0.2   -0.27 CALL added 1135460   PUT unwind -307040  OI= 309480
pcr6 =  BSE:SENSEX2681378000CE   0.29    0.0 CALL added 3065420   PUT added 6960  OI= 3418380
pcr7 =  BSE:SENSEX2681377900PE   0.26   0.14 CALL added 2061900   PUT added 288400  OI= 545520
pcr8 =  BSE:SENSEX2681377800CE   0.61   0.47 CALL added 1919440   PUT added 910460  OI= 1970220
pcr9 =  BSE:SENSEX2681377700PE   1.13   0.96 CALL added 1356380   PUT added 1300700  OI= 1559080
pcr10 =  BSE:SENSEX2681377600CE   1.84   1.59 CALL added 1356800   PUT added 2155460  OI= 1371540
pcr11 =  BSE:SENSEX2681377500CE   2.79   2.13 CALL added 907580   PUT added 1930160  OI= 942440
pcr12 =  BSE:SENSEX2681377400CE   5.22   4.26 CALL added 245740   PUT added 1047980  OI= 252720
pcr13 =  BSE:SENSEX2681377300PE   7.8   4.69 CALL added 139420   PUT added 653700  OI= 1131520
pcr14 =  BSE:SENSEX2681377200PE   20.23   15.4 CALL added 49160   PUT added 756880  OI= 1120620
pcr15 =  BSE:SENSEX2681377100CE   34.24   30.73 CALL added 26220   PUT added 805660  OI= 30080
pcr16 =  BSE:SENSEX2681377000CE   35.06   29.13 CALL added 59740   PUT added 1740080  OI= 79400
pcr17 =  BSE:SENSEX2681376900CE   48.17   40.37 CALL added 14020   PUT added 565940  OI= 16120
pcrSummation= 2.94  result =  ['BSE:SENSEX2681378500CE', 'BSE:SENSEX2681378400PE', 'BSE:SENSEX2681378300PE', 'BSE:SENSEX2681378200CE', 'BSE:SENSEX2681378100PE', 'BSE:SENSEX2681378000CE', 'BSE:SENSEX2681377900PE', 'BSE:SENSEX2681377800CE', 'BSE:SENSEX2681377700PE']
PCRSUM== 158.29
pcrSummation== 2.94
VOLPCRSUM== 5.85
spotLTP =  77731.21  ATM_STRIKE =  77700
IS_ATM_STRIKE_SHIFT = False  mapStrike = {77700: 77700}
avgOiPcrList2 = [np.float64(8.85), np.float64(8.84), np.float64(9.31)] atmStrikeNotShiftedCount= 5
False   5   3
SUPP_RES=== 78000  Buffer= 28
CEoich val =  3065420.0  PEoich val =  6960.0 , CE > PE by 99.8%
SUPP_RES TOTAL OI: CE= 3418380  PE= 992000 , CE > PE by 71.0%
IS_MORNING_WINDOW= False  (active 9:15-9:48 IST)
================================================
==== signal check time ==== 2026-08-12 14:45:00.666529
IS_CHOI_DIFF_GT_25PERC== True
RSI_VAL1== 64.17
RSI_VAL2== 64.17
FUT_3m_OHLC O= 78101.2  H= 78140.0  L= 78101.2  C= 78126.5  Range= 38.9
CHART_PATTERN_DETECTED: INSIDE_BAR | DOUBLE_TOP_FORMING
  PATTERN_CONTEXT: Body= 25.4  Range= 38.9  ExpectedRange= 69.1  RangeRatio= 0.56  O= 78101.2  H= 78140.0  L= 78101.2  C= 78126.5
recent two = [np.float64(8.84), np.float64(9.31)]
newSynthFut =  78100
ATMStrike =  77700
AVG_OIPCR= 0.33
avgoiPCROld=  9.31
SUPP_RES = 78000
FUT LTP = 78126.5
CEchoi  PechOi = 3065420.0    6960.0
====================================
totalOIPCR = 0.63
AVG_VOLPCR= 0.65
atmPCR= 0.2  belowATM  0.29
atmVolPCR= 0.46  belowATM  0.67
True   78126.5   78000   False   False   64.17
curr Doji False
BSE:SENSEX2681378100PE  curr candle vol pcr = 0.16  PE= 138240  CE= 879700      cpr =  6.36
BSE:SENSEX2681378100PE  prev candle vol pcr = 0.13  PE= 48060  CE= 362960      cpr =  7.55
VOL_PRESSURE_ALERT: STRONG_CALL_PRESSURE | currCPR= 6.36  prevCPR= 7.55  Direction=BEARISH_SIGNAL (heavy CE buying = expecting down move)
ATM_CE_premium= 117.1  ATM_PE_premium= 380.35
CE_PremChg= 1.15  PE_PremChg= -13.2
CandleBody= 25.4  PrevBody= -30.9  CandleRange= 38.9  Bullish
TotalVol= 1017940  PrevTotalVol= 411020  VolSpike= 2.48 x  SPIKE!
SCALP_SCORE: NEUTRAL | BullScore= 2  BearScore= 2 | Confidence= LOW
DATAPOINT|14:45|FUT=78126.5|Body=25.4|PrevBody=-30.9|Range=38.9|RangeRatio=0.56|CurrVolPCR=0.16|PrevVolPCR=0.13|CurrCPR=6.36|PrevCPR=7.55|VolSpike=2.48|CE_PremChg=1.15|PE_PremChg=-13.2|BullScore=2|BearScore=2|Dir=NEUTRAL|Conf=LOW
CHART_PATTERN_DETECTED: INSIDE_BAR | DOUBLE_TOP_FORMING
  PATTERN_CONTEXT: Body= 25.4  Range= 38.9  ExpectedRange= 69.1  RangeRatio= 0.56  O= 78101.2  H= 78140.0  L= 78101.2  C= 78126.5
BSE:SENSEX-INDEX  strikecount= 3   fyers <fyers_apiv3.fyersModel.FyersModel object at 0x7b8d52f4acc0>
======================================
oipcr1 =  BSE:SENSEX2681378000CE   0.29
oipcr2 =  BSE:SENSEX2681377900PE   0.26
oipcr3 =  BSE:SENSEX2681377800CE   0.61
oipcrBull = NoEntry  bulcount= 0  bearcount= 3 oipcrBear= BearTrade
atmpcr5 pcr6= 1.13    1.84
No Entry Yet
India VIX = 11.82  Spot Price = 77741.82
IV Regime = LOW (ADAPTIVE: P25= 12.03  P50= 12.43  P75= 13.27 ) | DailyRange = 1312.7 | 3minCandleRange = 69.1 (theoretical= 115.1 ) | ATMoptionMove = 31.1 | SL = 109 | Target = 109 | TrailTrigger = 31 | Spread = 300 | Buffer = 28
IV Params refreshed: {'vix': 11.82, 'bn_price': 77741.82, 'regime': 'LOW', 'regime_thresholds': 'P25=12.03 P50=12.43 P75=13.27', 'daily_range': 1312.7, 'candle_range': 69.1, 'atm_option_move': 31.1, 'sl_point': 109, 'target_point': 109, 'sl_pct_of_premium': 0.1, 'trail_trigger': 31, 'spread_width': 300, 'support_resistance_buffer': 28}
BSE:SENSEX-INDEX  strikecount= 8   fyers <fyers_apiv3.fyersModel.FyersModel object at 0x7b8d52f4acc0>
===
====after 3 min ochain==== 2026-08-12 14:48:00.000004
                                    oipcr   choipcr   totalOI
pcr1 =  BSE:SENSEX2681378500CE   0.11   -0.03 CALL added 2260380   PUT unwind -59640  OI= 3720720
pcr2 =  BSE:SENSEX2681378400PE   0.08   -0.04 CALL added 1046080   PUT unwind -37980  OI= 124040
pcr3 =  BSE:SENSEX2681378300PE   0.11   -0.08 CALL added 1292380   PUT unwind -97780  OI= 215380
pcr4 =  BSE:SENSEX2681378200CE   0.13   -0.26 CALL added 1641260   PUT unwind -428840  OI= 2446260
pcr5 =  BSE:SENSEX2681378100PE   0.2   -0.27 CALL added 1147440   PUT unwind -311400  OI= 305120
pcr6 =  BSE:SENSEX2681378000CE   0.3    0.01 CALL added 3058460   PUT added 45500  OI= 3411420
pcr7 =  BSE:SENSEX2681377900PE   0.27   0.15 CALL added 2044960   PUT added 315400  OI= 572520
pcr8 =  BSE:SENSEX2681377800CE   0.66   0.52 CALL added 1896280   PUT added 994500  OI= 1947060
pcr9 =  BSE:SENSEX2681377700PE   1.31   1.13 CALL added 1312920   PUT added 1480480  OI= 1738860
pcr10 =  BSE:SENSEX2681377600CE   1.85   1.59 CALL added 1304560   PUT added 2069700  OI= 1319300
pcr11 =  BSE:SENSEX2681377500CE   2.98   2.28 CALL added 848260   PUT added 1934860  OI= 883120
pcr12 =  BSE:SENSEX2681377400CE   5.75   4.79 CALL added 241800   PUT added 1157860  OI= 248780
pcr13 =  BSE:SENSEX2681377300PE   8.11   4.73 CALL added 127660   PUT added 603760  OI= 1081580
pcr14 =  BSE:SENSEX2681377200PE   22.3   17.37 CALL added 45540   PUT added 791000  OI= 1154740
pcr15 =  BSE:SENSEX2681377100CE   35.9   32.46 CALL added 24920   PUT added 808800  OI= 28780
pcr16 =  BSE:SENSEX2681377000CE   33.82   27.29 CALL added 57980   PUT added 1582280  OI= 77640
pcr17 =  BSE:SENSEX2681376900CE   50.38   42.84 CALL added 13880   PUT added 594620  OI= 15980
pcrSummation= 1.8599999999999999  result =  ['BSE:SENSEX2681378500CE', 'BSE:SENSEX2681378400PE', 'BSE:SENSEX2681378300PE', 'BSE:SENSEX2681378200CE', 'BSE:SENSEX2681378100PE', 'BSE:SENSEX2681378000CE', 'BSE:SENSEX2681377900PE', 'BSE:SENSEX2681377800CE']
PCRSUM== 164.26
pcrSummation== 1.86
VOLPCRSUM== 5.819999999999999
spotLTP =  77742.03  ATM_STRIKE =  77700
IS_ATM_STRIKE_SHIFT = False  mapStrike = {77700: 77700}
avgOiPcrList2 = [np.float64(8.84), np.float64(9.31), np.float64(9.66)] atmStrikeNotShiftedCount= 6
False   6   3
SUPP_RES=== 78000  Buffer= 28
CEoich val =  3058460.0  PEoich val =  45500.0 , CE > PE by 98.5%
SUPP_RES TOTAL OI: CE= 3411420  PE= 1030540 , CE > PE by 69.8%
IS_MORNING_WINDOW= False  (active 9:15-9:48 IST)
================================================
==== signal check time ==== 2026-08-12 14:48:00.608427
IS_CHOI_DIFF_GT_25PERC== True
RSI_VAL1== 67.56
RSI_VAL2== 67.56
FUT_3m_OHLC O= 78156.0  H= 78161.2  L= 78156.0  C= 78161.2  Range= 5.2
CHART_PATTERN_DETECTED: DOUBLE_TOP_FORMING
  PATTERN_CONTEXT: Body= 5.2  Range= 5.2  ExpectedRange= 69.1  RangeRatio= 0.08  O= 78156.0  H= 78161.2  L= 78156.0  C= 78161.2
isPcrInc = True
newSynthFut =  78200
ATMStrike =  77700
AVG_OIPCR= 0.21
avgoiPCROld=  9.66
SUPP_RES = 78000
FUT LTP = 78161.25
CEchoi  PechOi = 3058460.0    45500.0
====================================
totalOIPCR = 0.64
AVG_VOLPCR= 0.65
atmPCR= 0.2  belowATM  0.3
atmVolPCR= 0.46  belowATM  0.67
True   78161.25   78000   True   False   67.56
no trade yet = [np.float64(8.84), np.float64(9.31), np.float64(9.66)]
curr Doji False
BSE:SENSEX2681378100PE  curr candle vol pcr = 0.2  PE= 107580  CE= 541160      cpr =  5.03
BSE:SENSEX2681378100PE  prev candle vol pcr = 0.16  PE= 138240  CE= 879700      cpr =  6.36
VOL_PRESSURE_ALERT: STRONG_CALL_PRESSURE | currCPR= 5.03  prevCPR= 6.36  Direction=BEARISH_SIGNAL (heavy CE buying = expecting down move)
ATM_CE_premium= 116.15  ATM_PE_premium= 379.1
CE_PremChg= -0.95  PE_PremChg= -1.25
CandleBody= 5.2  PrevBody= 25.4  CandleRange= 5.2  Bullish
TotalVol= 648740  PrevTotalVol= 1017940  VolSpike= 0.64 x 
SCALP_SCORE: NEUTRAL | BullScore= 2  BearScore= 2 | Confidence= LOW
DATAPOINT|14:48|FUT=78161.2|Body=5.2|PrevBody=25.4|Range=5.2|RangeRatio=0.08|CurrVolPCR=0.2|PrevVolPCR=0.16|CurrCPR=5.03|PrevCPR=6.36|VolSpike=0.64|CE_PremChg=-0.95|PE_PremChg=-1.25|BullScore=2|BearScore=2|Dir=NEUTRAL|Conf=LOW
CHART_PATTERN_DETECTED: DOUBLE_TOP_FORMING
  PATTERN_CONTEXT: Body= 5.2  Range= 5.2  ExpectedRange= 69.1  RangeRatio= 0.08  O= 78156.0  H= 78161.2  L= 78156.0  C= 78161.2
BSE:SENSEX-INDEX  strikecount= 3   fyers <fyers_apiv3.fyersModel.FyersModel object at 0x7b8d52f4acc0>
======================================
oipcr1 =  BSE:SENSEX2681378000CE   0.3
oipcr2 =  BSE:SENSEX2681377900PE   0.27
oipcr3 =  BSE:SENSEX2681377800CE   0.66
oipcrBull = NoEntry  bulcount= 0  bearcount= 3 oipcrBear= BearTrade
atmpcr5 pcr6= 1.31    1.85
No Entry Yet
India VIX = 11.86  Spot Price = 77719.69
IV Regime = LOW (ADAPTIVE: P25= 12.03  P50= 12.43  P75= 13.27 ) | DailyRange = 1316.8 | 3minCandleRange = 69.3 (theoretical= 115.5 ) | ATMoptionMove = 31.2 | SL = 109 | Target = 109 | TrailTrigger = 31 | Spread = 300 | Buffer = 28
IV Params refreshed: {'vix': 11.86, 'bn_price': 77719.69, 'regime': 'LOW', 'regime_thresholds': 'P25=12.03 P50=12.43 P75=13.27', 'daily_range': 1316.8, 'candle_range': 69.3, 'atm_option_move': 31.2, 'sl_point': 109, 'target_point': 109, 'sl_pct_of_premium': 0.1, 'trail_trigger': 31, 'spread_width': 300, 'support_resistance_buffer': 28}
BSE:SENSEX-INDEX  strikecount= 8   fyers <fyers_apiv3.fyersModel.FyersModel object at 0x7b8d52f4acc0>
===
====after 3 min ochain==== 2026-08-12 14:51:00.000003
                                    oipcr   choipcr   totalOI
pcr1 =  BSE:SENSEX2681378500CE   0.11   -0.03 CALL added 2232500   PUT unwind -59380  OI= 3692840
pcr2 =  BSE:SENSEX2681378400PE   0.08   -0.04 CALL added 1032100   PUT unwind -38180  OI= 123840
pcr3 =  BSE:SENSEX2681378300PE   0.12   -0.07 CALL added 1259200   PUT unwind -93860  OI= 219300
pcr4 =  BSE:SENSEX2681378200CE   0.13   -0.26 CALL added 1641660   PUT unwind -432540  OI= 2446660
pcr5 =  BSE:SENSEX2681378100PE   0.19   -0.28 CALL added 1148400   PUT unwind -324360  OI= 292160
pcr6 =  BSE:SENSEX2681378000CE   0.31    0.02 CALL added 3035200   PUT added 68060  OI= 3388160
pcr7 =  BSE:SENSEX2681377900PE   0.3   0.19 CALL added 2017100   PUT added 374000  OI= 631120
pcr8 =  BSE:SENSEX2681377800CE   0.68   0.55 CALL added 1897280   PUT added 1044740  OI= 1948060
pcr9 =  BSE:SENSEX2681377700PE   1.38   1.2 CALL added 1276640   PUT added 1529360  OI= 1787740
pcr10 =  BSE:SENSEX2681377600CE   1.93   1.66 CALL added 1250000   PUT added 2075480  OI= 1264740
pcr11 =  BSE:SENSEX2681377500CE   3.1   2.37 CALL added 809100   PUT added 1916300  OI= 843960
pcr12 =  BSE:SENSEX2681377400CE   6.2   5.24 CALL added 236540   PUT added 1238660  OI= 243520
pcr13 =  BSE:SENSEX2681377300PE   8.92   5.27 CALL added 117080   PUT added 616820  OI= 1094640
pcr14 =  BSE:SENSEX2681377200PE   22.38   17.52 CALL added 46060   PUT added 806900  OI= 1170640
pcr15 =  BSE:SENSEX2681377100CE   37.55   34.21 CALL added 23760   PUT added 812840  OI= 27620
pcr16 =  BSE:SENSEX2681377000CE   33.58   27.38 CALL added 61860   PUT added 1693540  OI= 81520
pcr17 =  BSE:SENSEX2681376900CE   47.99   40.07 CALL added 13860   PUT added 555360  OI= 15960
pcrSummation= 1.92  result =  ['BSE:SENSEX2681378500CE', 'BSE:SENSEX2681378400PE', 'BSE:SENSEX2681378300PE', 'BSE:SENSEX2681378200CE', 'BSE:SENSEX2681378100PE', 'BSE:SENSEX2681378000CE', 'BSE:SENSEX2681377900PE', 'BSE:SENSEX2681377800CE']
PCRSUM== 164.95
pcrSummation== 1.92
VOLPCRSUM== 5.76
spotLTP =  77721.15  ATM_STRIKE =  77700
IS_ATM_STRIKE_SHIFT = False  mapStrike = {77700: 77700}
avgOiPcrList2 = [np.float64(9.31), np.float64(9.66), np.float64(9.7)] atmStrikeNotShiftedCount= 7
False   7   3
SUPP_RES=== 78000  Buffer= 28
CEoich val =  3035200.0  PEoich val =  68060.0 , CE > PE by 97.8%
SUPP_RES TOTAL OI: CE= 3388160  PE= 1053100 , CE > PE by 68.9%
IS_MORNING_WINDOW= False  (active 9:15-9:48 IST)
================================================
==== signal check time ==== 2026-08-12 14:51:00.680625
IS_CHOI_DIFF_GT_25PERC== True
RSI_VAL1== 66.35
RSI_VAL2== 66.35
FUT_3m_OHLC O= 78161.2  H= 78161.2  L= 78155.0  C= 78155.0  Range= 6.2
CHART_PATTERN_DETECTED: BEARISH_ENGULFING | DOUBLE_TOP_FORMING
  PATTERN_CONTEXT: Body= -6.2  Range= 6.2  ExpectedRange= 69.3  RangeRatio= 0.09  O= 78161.2  H= 78161.2  L= 78155.0  C= 78155.0
isPcrInc = True
newSynthFut =  78200
ATMStrike =  77700
AVG_OIPCR= 0.21
avgoiPCROld=  9.7
SUPP_RES = 78000
FUT LTP = 78155.0
CEchoi  PechOi = 3035200.0    68060.0
====================================
totalOIPCR = 0.65
AVG_VOLPCR= 0.64
atmPCR= 0.19  belowATM  0.31
atmVolPCR= 0.46  belowATM  0.66
True   78155.0   78000   True   False   66.35
no trade yet = [np.float64(9.31), np.float64(9.66), np.float64(9.7)]
curr Doji False
BSE:SENSEX2681378100PE  curr candle vol pcr = 0.13  PE= 70200  CE= 533560      cpr =  7.6
BSE:SENSEX2681378100PE  prev candle vol pcr = 0.2  PE= 107580  CE= 541160      cpr =  5.03
VOL_PRESSURE_ALERT: STRONG_CALL_PRESSURE | currCPR= 7.6  prevCPR= 5.03  Direction=BEARISH_SIGNAL (heavy CE buying = expecting down move)
ATM_CE_premium= 112.9  ATM_PE_premium= 380.95
CE_PremChg= -3.25  PE_PremChg= 1.85
CandleBody= -6.2  PrevBody= 5.2  CandleRange= 6.2  Bearish
TotalVol= 603760  PrevTotalVol= 648740  VolSpike= 0.93 x 
SCALP_SCORE: BEAR | BullScore= 0  BearScore= 3 | Confidence= MEDIUM
  SCALP_BEAR_REASONS: VolCPR_2candle_bear + StrongBearCandle(100%)
DATAPOINT|14:51|FUT=78155.0|Body=-6.2|PrevBody=5.2|Range=6.2|RangeRatio=0.09|CurrVolPCR=0.13|PrevVolPCR=0.2|CurrCPR=7.6|PrevCPR=5.03|VolSpike=0.93|CE_PremChg=-3.25|PE_PremChg=1.85|BullScore=0|BearScore=3|Dir=BEAR|Conf=MEDIUM
CHART_PATTERN_DETECTED: BEARISH_ENGULFING | DOUBLE_TOP_FORMING
  PATTERN_CONTEXT: Body= -6.2  Range= 6.2  ExpectedRange= 69.3  RangeRatio= 0.09  O= 78161.2  H= 78161.2  L= 78155.0  C= 78155.0
BSE:SENSEX-INDEX  strikecount= 3   fyers <fyers_apiv3.fyersModel.FyersModel object at 0x7b8d52f4acc0>
======================================
oipcr1 =  BSE:SENSEX2681378000CE   0.31
oipcr2 =  BSE:SENSEX2681377900PE   0.3
oipcr3 =  BSE:SENSEX2681377800CE   0.68
oipcrBull = NoEntry  bulcount= 0  bearcount= 3 oipcrBear= BearTrade
atmpcr5 pcr6= 1.38    1.93
No Entry Yet
India VIX = 11.8  Spot Price = 77769.13
IV Regime = LOW (ADAPTIVE: P25= 12.03  P50= 12.43  P75= 13.27 ) | DailyRange = 1311.0 | 3minCandleRange = 69.0 (theoretical= 115.0 ) | ATMoptionMove = 31.0 | SL = 109 | Target = 109 | TrailTrigger = 31 | Spread = 300 | Buffer = 28
IV Params refreshed: {'vix': 11.8, 'bn_price': 77769.13, 'regime': 'LOW', 'regime_thresholds': 'P25=12.03 P50=12.43 P75=13.27', 'daily_range': 1311.0, 'candle_range': 69.0, 'atm_option_move': 31.0, 'sl_point': 109, 'target_point': 109, 'sl_pct_of_premium': 0.1, 'trail_trigger': 31, 'spread_width': 300, 'support_resistance_buffer': 28}
BSE:SENSEX-INDEX  strikecount= 8   fyers <fyers_apiv3.fyersModel.FyersModel object at 0x7b8d52f4acc0>
===
====after 3 min ochain==== 2026-08-12 14:54:00.000001
                                    oipcr   choipcr   totalOI
pcr1 =  BSE:SENSEX2681378600CE   0.09   -0.07 CALL added 681660   PUT unwind -46740  OI= 1374520
pcr2 =  BSE:SENSEX2681378500CE   0.11   -0.03 CALL added 2139700   PUT unwind -58280  OI= 3600040
pcr3 =  BSE:SENSEX2681378400PE   0.08   -0.04 CALL added 1017580   PUT unwind -41540  OI= 120480
pcr4 =  BSE:SENSEX2681378300PE   0.12   -0.08 CALL added 1186020   PUT unwind -93000  OI= 220160
pcr5 =  BSE:SENSEX2681378200CE   0.13   -0.27 CALL added 1559660   PUT unwind -422940  OI= 2364660
pcr6 =  BSE:SENSEX2681378100PE   0.2    -0.28 CALL added 1099200   PUT unwind -311020  OI= 305500
pcr7 =  BSE:SENSEX2681378000CE   0.32   0.03 CALL added 2962420   PUT added 86240  OI= 3315380
pcr8 =  BSE:SENSEX2681377900PE   0.3   0.18 CALL added 1925460   PUT added 339880  OI= 597000
pcr9 =  BSE:SENSEX2681377800CE   0.72   0.58 CALL added 1834760   PUT added 1062680  OI= 1885540
pcr10 =  BSE:SENSEX2681377700PE   1.55   1.36 CALL added 1242160   PUT added 1691280  OI= 1949660
pcr11 =  BSE:SENSEX2681377600CE   1.96   1.68 CALL added 1214520   PUT added 2037160  OI= 1229260
pcr12 =  BSE:SENSEX2681377500CE   3.28   2.52 CALL added 764100   PUT added 1924640  OI= 798960
pcr13 =  BSE:SENSEX2681377400CE   5.82   4.87 CALL added 243980   PUT added 1188020  OI= 250960
pcr14 =  BSE:SENSEX2681377300PE   9.83   6.07 CALL added 112240   PUT added 681380  OI= 1159200
pcr15 =  BSE:SENSEX2681377200PE   22.62   17.52 CALL added 43620   PUT added 764160  OI= 1127900
pcr16 =  BSE:SENSEX2681377100CE   37.57   34.1 CALL added 22820   PUT added 778080  OI= 26680
pcr17 =  BSE:SENSEX2681377000CE   37.24   31.15 CALL added 51100   PUT added 1591600  OI= 70760
pcrSummation= 2.0700000000000003  result =  ['BSE:SENSEX2681378600CE', 'BSE:SENSEX2681378500CE', 'BSE:SENSEX2681378400PE', 'BSE:SENSEX2681378300PE', 'BSE:SENSEX2681378200CE', 'BSE:SENSEX2681378100PE', 'BSE:SENSEX2681378000CE', 'BSE:SENSEX2681377900PE', 'BSE:SENSEX2681377800CE']
PCRSUM== 121.94
pcrSummation== 2.07
VOLPCRSUM== 4.130000000000001
spotLTP =  77769.13  ATM_STRIKE =  77800
IS_ATM_STRIKE_SHIFT = True  mapStrike = {77800: 77800}
avgOiPcrList2 = [np.float64(7.17)] atmStrikeNotShiftedCount= 1
True   1   1
SUPP_RES=== 78000  Buffer= 28
CEoich val =  2962420.0  PEoich val =  86240.0 , CE > PE by 97.1%
SUPP_RES TOTAL OI: CE= 3315380  PE= 1071280 , CE > PE by 67.7%
IS_MORNING_WINDOW= False  (active 9:15-9:48 IST)
================================================
==== signal check time ==== 2026-08-12 14:54:00.625604
IS_CHOI_DIFF_GT_25PERC== True
RSI_VAL1== 67.36
RSI_VAL2== 67.36
FUT_3m_OHLC O= 78130.0  H= 78165.0  L= 78130.0  C= 78165.0  Range= 35.0
CHART_PATTERN_DETECTED: BULLISH_ENGULFING | OUTSIDE_BAR | DOUBLE_TOP_FORMING
  PATTERN_CONTEXT: Body= 35.0  Range= 35.0  ExpectedRange= 69.0  RangeRatio= 0.51  O= 78130.0  H= 78165.0  L= 78130.0  C= 78165.0
newSynthFut =  78200
ATMStrike =  77800
AVG_OIPCR= 0.23
avgoiPCROld=  7.17
SUPP_RES = 78000
FUT LTP = 78165.0
CEchoi  PechOi = 2962420.0    86240.0
====================================
totalOIPCR = 0.66
AVG_VOLPCR= 0.46
atmPCR= 0.13  belowATM  0.2
atmVolPCR= 0.3  belowATM  0.45
True   78165.0   78000   False   False   67.36
curr Doji False
BSE:SENSEX2681378100PE  curr candle vol pcr = 0.19  PE= 142440  CE= 748700      cpr =  5.26
BSE:SENSEX2681378100PE  prev candle vol pcr = 0.13  PE= 70200  CE= 533560      cpr =  7.6
VOL_PRESSURE_ALERT: STRONG_CALL_PRESSURE | currCPR= 5.26  prevCPR= 7.6  Direction=BEARISH_SIGNAL (heavy CE buying = expecting down move)
ATM_CE_premium= 128.4  ATM_PE_premium= 342.85
CE_PremChg= 15.5  PE_PremChg= -38.1
CandleBody= 35.0  PrevBody= -6.2  CandleRange= 35.0  Bullish
TotalVol= 891140  PrevTotalVol= 603760  VolSpike= 1.48 x 
SCALP_SCORE: BEAR | BullScore= 1  BearScore= 3 | Confidence= MEDIUM
  SCALP_BEAR_REASONS: VolCPR_2candle_bear + PremMomentum_bear(PE-38.1,CE+15.5)
DATAPOINT|14:54|FUT=78165.0|Body=35.0|PrevBody=-6.2|Range=35.0|RangeRatio=0.51|CurrVolPCR=0.19|PrevVolPCR=0.13|CurrCPR=5.26|PrevCPR=7.6|VolSpike=1.48|CE_PremChg=15.5|PE_PremChg=-38.1|BullScore=1|BearScore=3|Dir=BEAR|Conf=MEDIUM
CHART_PATTERN_DETECTED: BULLISH_ENGULFING | OUTSIDE_BAR | DOUBLE_TOP_FORMING
  PATTERN_CONTEXT: Body= 35.0  Range= 35.0  ExpectedRange= 69.0  RangeRatio= 0.51  O= 78130.0  H= 78165.0  L= 78130.0  C= 78165.0
BSE:SENSEX-INDEX  strikecount= 3   fyers <fyers_apiv3.fyersModel.FyersModel object at 0x7b8d52f4acc0>
======================================
oipcr1 =  BSE:SENSEX2681378100PE   0.2
oipcr2 =  BSE:SENSEX2681378000CE   0.32
oipcr3 =  BSE:SENSEX2681377900PE   0.3
oipcrBull = NoEntry  bulcount= 0  bearcount= 3 oipcrBear= BearTrade
atmpcr5 pcr6= 0.72    1.55
No Entry Yet
India VIX = 11.75  Spot Price = 77819.75
IV Regime = LOW (ADAPTIVE: P25= 12.03  P50= 12.43  P75= 13.27 ) | DailyRange = 1306.3 | 3minCandleRange = 68.7 (theoretical= 114.6 ) | ATMoptionMove = 30.9 | SL = 108 | Target = 108 | TrailTrigger = 31 | Spread = 300 | Buffer = 27
IV Params refreshed: {'vix': 11.75, 'bn_price': 77819.75, 'regime': 'LOW', 'regime_thresholds': 'P25=12.03 P50=12.43 P75=13.27', 'daily_range': 1306.3, 'candle_range': 68.7, 'atm_option_move': 30.9, 'sl_point': 108, 'target_point': 108, 'sl_pct_of_premium': 0.1, 'trail_trigger': 31, 'spread_width': 300, 'support_resistance_buffer': 27}
BSE:SENSEX-INDEX  strikecount= 8   fyers <fyers_apiv3.fyersModel.FyersModel object at 0x7b8d52f4acc0>
===
====after 3 min ochain==== 2026-08-12 14:57:00.000002
                                    oipcr   choipcr   totalOI
pcr1 =  BSE:SENSEX2681378600CE   0.1   -0.09 CALL added 542520   PUT unwind -48020  OI= 1235380
pcr2 =  BSE:SENSEX2681378500CE   0.14   -0.03 CALL added 1497000   PUT unwind -44300  OI= 2957340
pcr3 =  BSE:SENSEX2681378400PE   0.12   -0.01 CALL added 778440   PUT unwind -10680  OI= 151340
pcr4 =  BSE:SENSEX2681378300PE   0.16   -0.11 CALL added 796240   PUT unwind -85000  OI= 228160
pcr5 =  BSE:SENSEX2681378200CE   0.16   -0.42 CALL added 1065700   PUT unwind -442300  OI= 1870700
pcr6 =  BSE:SENSEX2681378100PE   0.26    -0.38 CALL added 786820   PUT unwind -302100  OI= 314420
pcr7 =  BSE:SENSEX2681378000CE   0.45   0.08 CALL added 2222540   PUT added 180400  OI= 2575500
pcr8 =  BSE:SENSEX2681377900PE   0.68   0.51 CALL added 1201360   PUT added 611320  OI= 868440
pcr9 =  BSE:SENSEX2681377800CE   1.37   1.16 CALL added 1042480   PUT added 1204920  OI= 1093260
pcr10 =  BSE:SENSEX2681377700PE   2.67   2.36 CALL added 671820   PUT added 1583000  OI= 1841380
pcr11 =  BSE:SENSEX2681377600CE   2.51   2.1 CALL added 811960   PUT added 1704540  OI= 826700
pcr12 =  BSE:SENSEX2681377500CE   4.42   3.39 CALL added 529040   PUT added 1795400  OI= 563900
pcr13 =  BSE:SENSEX2681377400CE   5.86   4.73 CALL added 204260   PUT added 967080  OI= 211240
pcr14 =  BSE:SENSEX2681377300PE   10.18   5.34 CALL added 86760   PUT added 463140  OI= 940960
pcr15 =  BSE:SENSEX2681377200PE   22.77   16.9 CALL added 37760   PUT added 638220  OI= 1001960
pcr16 =  BSE:SENSEX2681377100CE   30.54   25.41 CALL added 20740   PUT added 527100  OI= 24600
pcr17 =  BSE:SENSEX2681377000CE   33.98   25.15 CALL added 42520   PUT added 1069220  OI= 62180
pcrSummation= 3.4400000000000004  result =  ['BSE:SENSEX2681378600CE', 'BSE:SENSEX2681378500CE', 'BSE:SENSEX2681378400PE', 'BSE:SENSEX2681378300PE', 'BSE:SENSEX2681378200CE', 'BSE:SENSEX2681378100PE', 'BSE:SENSEX2681378000CE', 'BSE:SENSEX2681377900PE', 'BSE:SENSEX2681377800CE']
PCRSUM== 116.37
pcrSummation== 3.44
VOLPCRSUM== 4.01
spotLTP =  77819.75  ATM_STRIKE =  77800
IS_ATM_STRIKE_SHIFT = False  mapStrike = {77800: 77800}
avgOiPcrList2 = [np.float64(7.17), np.float64(6.85)] atmStrikeNotShiftedCount= 2
False   2   2
SUPP_RES=== 78000  Buffer= 27
CEoich val =  2222540.0  PEoich val =  180400.0 , CE > PE by 91.9%
SUPP_RES TOTAL OI: CE= 2575500  PE= 1165440 , CE > PE by 54.7%
IS_MORNING_WINDOW= False  (active 9:15-9:48 IST)
================================================
==== signal check time ==== 2026-08-12 14:57:00.552746
IS_CHOI_DIFF_GT_25PERC== True
RSI_VAL1== 73.94
RSI_VAL2== 73.94
FUT_3m_OHLC O= 78180.0  H= 78345.0  L= 78180.0  C= 78243.0  Range= 165.0
CHART_PATTERN: None
newSynthFut =  78200
ATMStrike =  77800
AVG_OIPCR= 0.38
avgoiPCROld=  6.85
SUPP_RES = 78000
FUT LTP = 78243.0
CEchoi  PechOi = 2222540.0    180400.0
====================================
totalOIPCR = 0.73
AVG_VOLPCR= 0.45
atmPCR= 0.16  belowATM  0.26
atmVolPCR= 0.29  belowATM  0.44
True   78243.0   78000   False   False   73.94
curr Doji False
BSE:SENSEX2681378100PE  curr candle vol pcr = 0.22  PE= 601280  CE= 2673700      cpr =  4.45
BSE:SENSEX2681378100PE  prev candle vol pcr = 0.19  PE= 142440  CE= 748700      cpr =  5.26
VOL_PRESSURE_ALERT: STRONG_CALL_PRESSURE | currCPR= 4.45  prevCPR= 5.26  Direction=BEARISH_SIGNAL (heavy CE buying = expecting down move)
ATM_CE_premium= 165.05  ATM_PE_premium= 293.0
CE_PremChg= 36.65  PE_PremChg= -49.85
CandleBody= 63.0  PrevBody= 35.0  CandleRange= 165.0  Bullish
TotalVol= 3274980  PrevTotalVol= 891140  VolSpike= 3.68 x  SPIKE!
SCALP_SCORE: NEUTRAL | BullScore= 3  BearScore= 3 | Confidence= MEDIUM
  SCALP_BULL_REASONS: 2ConsecBullCandles + VolSpike(3.68x)_bull + BreakoutCandle(2.4x)
  SCALP_BEAR_REASONS: VolCPR_2candle_bear + PremMomentum_bear(PE-49.85,CE+36.65)
DATAPOINT|14:57|FUT=78243.0|Body=63.0|PrevBody=35.0|Range=165.0|RangeRatio=2.4|CurrVolPCR=0.22|PrevVolPCR=0.19|CurrCPR=4.45|PrevCPR=5.26|VolSpike=3.68|CE_PremChg=36.65|PE_PremChg=-49.85|BullScore=3|BearScore=3|Dir=NEUTRAL|Conf=MEDIUM
CHART_PATTERN: None
BSE:SENSEX-INDEX  strikecount= 3   fyers <fyers_apiv3.fyersModel.FyersModel object at 0x7b8d52f4acc0>
======================================
oipcr1 =  BSE:SENSEX2681378100PE   0.26
oipcr2 =  BSE:SENSEX2681378000CE   0.45
oipcr3 =  BSE:SENSEX2681377900PE   0.68
oipcrBull = NoEntry  bulcount= 0  bearcount= 3 oipcrBear= BearTrade
atmpcr5 pcr6= 1.37    2.67
No Entry Yet
India VIX = 11.79  Spot Price = 77868.22
IV Regime = LOW (ADAPTIVE: P25= 12.03  P50= 12.43  P75= 13.27 ) | DailyRange = 1311.5 | 3minCandleRange = 69.0 (theoretical= 115.0 ) | ATMoptionMove = 31.1 | SL = 109 | Target = 109 | TrailTrigger = 31 | Spread = 300 | Buffer = 28
IV Params refreshed: {'vix': 11.79, 'bn_price': 77868.22, 'regime': 'LOW', 'regime_thresholds': 'P25=12.03 P50=12.43 P75=13.27', 'daily_range': 1311.5, 'candle_range': 69.0, 'atm_option_move': 31.1, 'sl_point': 109, 'target_point': 109, 'sl_pct_of_premium': 0.1, 'trail_trigger': 31, 'spread_width': 300, 'support_resistance_buffer': 28}
BSE:SENSEX-INDEX  strikecount= 8   fyers <fyers_apiv3.fyersModel.FyersModel object at 0x7b8d52f4acc0>
===
====after 3 min ochain==== 2026-08-12 15:00:00.000012
                                    oipcr   choipcr   totalOI
pcr1 =  BSE:SENSEX2681378700PE   0.08   -0.01 CALL added 1164560   PUT unwind -7440  OI= 136560
pcr2 =  BSE:SENSEX2681378600CE   0.1   -0.08 CALL added 582240   PUT unwind -48260  OI= 1275100
pcr3 =  BSE:SENSEX2681378500CE   0.13   -0.05 CALL added 1589340   PUT unwind -85180  OI= 3049680
pcr4 =  BSE:SENSEX2681378400PE   0.11   -0.02 CALL added 824120   PUT unwind -15060  OI= 146960
pcr5 =  BSE:SENSEX2681378300PE   0.15   -0.09 CALL added 892660   PUT unwind -82940  OI= 230220
pcr6 =  BSE:SENSEX2681378200CE   0.16    -0.37 CALL added 1156880   PUT unwind -431260  OI= 1961880
pcr7 =  BSE:SENSEX2681378100PE   0.26   -0.35 CALL added 831380   PUT unwind -287620  OI= 328900
pcr8 =  BSE:SENSEX2681378000CE   0.48   0.12 CALL added 2247940   PUT added 265700  OI= 2600900
pcr9 =  BSE:SENSEX2681377900PE   0.68   0.51 CALL added 1277000   PUT added 651140  OI= 908260
pcr10 =  BSE:SENSEX2681377800CE   1.53   1.32 CALL added 1008860   PUT added 1336200  OI= 1059640
pcr11 =  BSE:SENSEX2681377700PE   2.82   2.5 CALL added 657820   PUT added 1647580  OI= 1905960
pcr12 =  BSE:SENSEX2681377600CE   2.49   2.09 CALL added 816040   PUT added 1702580  OI= 830780
pcr13 =  BSE:SENSEX2681377500CE   4.53   3.49 CALL added 521300   PUT added 1818180  OI= 556160
pcr14 =  BSE:SENSEX2681377400CE   6.25   5.01 CALL added 183020   PUT added 916120  OI= 190000
pcr15 =  BSE:SENSEX2681377300PE   11.3   6.35 CALL added 83560   PUT added 530440  OI= 1008260
pcr16 =  BSE:SENSEX2681377200PE   22.03   16.04 CALL added 37760   PUT added 605760  OI= 969500
pcr17 =  BSE:SENSEX2681377100CE   31.58   26.34 CALL added 19520   PUT added 514140  OI= 23380
pcrSummation= 2.15  result =  ['BSE:SENSEX2681378700PE', 'BSE:SENSEX2681378600CE', 'BSE:SENSEX2681378500CE', 'BSE:SENSEX2681378400PE', 'BSE:SENSEX2681378300PE', 'BSE:SENSEX2681378200CE', 'BSE:SENSEX2681378100PE', 'BSE:SENSEX2681378000CE', 'BSE:SENSEX2681377900PE']
PCRSUM== 84.68
pcrSummation== 2.15
VOLPCRSUM== 2.76
spotLTP =  77868.22  ATM_STRIKE =  77900
IS_ATM_STRIKE_SHIFT = True  mapStrike = {77900: 77900}
avgOiPcrList2 = [np.float64(4.98)] atmStrikeNotShiftedCount= 1
True   1   1
SUPP_RES=== 78500  Buffer= 28
CEoich val =  1589340.0  PEoich val =  -85180.0 , CE > PE by 105.4%
SUPP_RES TOTAL OI: CE= 3049680  PE= 385740 , CE > PE by 87.4%
IS_MORNING_WINDOW= False  (active 9:15-9:48 IST)
CHOI_UNWIND: PE side unwinding at SUPP_RES (PEchoi=-85180.0) - CHOI-based logic skipped this cycle
================================================
==== signal check time ==== 2026-08-12 15:00:00.627222
IS_CHOI_DIFF_GT_25PERC== False
RSI_VAL1== 76.38
RSI_VAL2== 76.38
FUT_3m_OHLC O= 78250.0  H= 78280.0  L= 78250.0  C= 78280.0  Range= 30.0
CHART_PATTERN_DETECTED: THREE_WHITE_SOLDIERS | INSIDE_BAR
  PATTERN_CONTEXT: Body= 30.0  Range= 30.0  ExpectedRange= 69.0  RangeRatio= 0.43  O= 78250.0  H= 78280.0  L= 78250.0  C= 78280.0
newSynthFut =  78300
ATMStrike =  77900
AVG_OIPCR= 0.24
avgoiPCROld=  4.98
SUPP_RES = 78500
FUT LTP = 78280.0
CEchoi  PechOi = 1589340.0    -85180.0
====================================
totalOIPCR = 0.72
AVG_VOLPCR= 0.31
atmPCR= 0.15  belowATM  0.16
atmVolPCR= 0.19  belowATM  0.28
False   78280.0   78500   False   False   76.38
curr Doji False
BSE:SENSEX2681378200PE  curr candle vol pcr = 0.12  PE= 145280  CE= 1180980      cpr =  8.13
BSE:SENSEX2681378100PE  prev candle vol pcr = 0.22  PE= 601280  CE= 2673700      cpr =  4.45
VOL_PRESSURE_ALERT: STRONG_CALL_PRESSURE | currCPR= 8.13  prevCPR= 4.45  Direction=BEARISH_SIGNAL (heavy CE buying = expecting down move)
ATM_CE_premium= 136.25  ATM_PE_premium= 338.85
CE_PremChg= 7.6  PE_PremChg= -16.9
CandleBody= 30.0  PrevBody= 63.0  CandleRange= 30.0  Bullish
TotalVol= 1326260  PrevTotalVol= 3274980  VolSpike= 0.4 x 
SCALP_SCORE: NEUTRAL | BullScore= 2  BearScore= 2 | Confidence= LOW
DATAPOINT|15:00|FUT=78280.0|Body=30.0|PrevBody=63.0|Range=30.0|RangeRatio=0.43|CurrVolPCR=0.12|PrevVolPCR=0.22|CurrCPR=8.13|PrevCPR=4.45|VolSpike=0.4|CE_PremChg=7.6|PE_PremChg=-16.9|BullScore=2|BearScore=2|Dir=NEUTRAL|Conf=LOW
CHART_PATTERN_DETECTED: THREE_WHITE_SOLDIERS | INSIDE_BAR
  PATTERN_CONTEXT: Body= 30.0  Range= 30.0  ExpectedRange= 69.0  RangeRatio= 0.43  O= 78250.0  H= 78280.0  L= 78250.0  C= 78280.0
BSE:SENSEX-INDEX  strikecount= 3   fyers <fyers_apiv3.fyersModel.FyersModel object at 0x7b8d52f4acc0>
======================================
oipcr1 =  BSE:SENSEX2681378200CE   0.16
oipcr2 =  BSE:SENSEX2681378100PE   0.26
oipcr3 =  BSE:SENSEX2681378000CE   0.48
oipcrBull = NoEntry  bulcount= 0  bearcount= 3 oipcrBear= BearTrade
atmpcr5 pcr6= 0.68    1.53
No Entry Yet
India VIX = 11.8  Spot Price = 77890.05
IV Regime = LOW (ADAPTIVE: P25= 12.03  P50= 12.43  P75= 13.27 ) | DailyRange = 1313.0 | 3minCandleRange = 69.1 (theoretical= 115.2 ) | ATMoptionMove = 31.1 | SL = 109 | Target = 109 | TrailTrigger = 31 | Spread = 300 | Buffer = 28
IV Params refreshed: {'vix': 11.8, 'bn_price': 77890.05, 'regime': 'LOW', 'regime_thresholds': 'P25=12.03 P50=12.43 P75=13.27', 'daily_range': 1313.0, 'candle_range': 69.1, 'atm_option_move': 31.1, 'sl_point': 109, 'target_point': 109, 'sl_pct_of_premium': 0.1, 'trail_trigger': 31, 'spread_width': 300, 'support_resistance_buffer': 28}
BSE:SENSEX-INDEX  strikecount= 8   fyers <fyers_apiv3.fyersModel.FyersModel object at 0x7b8d52f4acc0>
===
====after 3 min ochain==== 2026-08-12 15:03:00.000003
                                    oipcr   choipcr   totalOI
pcr1 =  BSE:SENSEX2681378700PE   0.08   -0.01 CALL added 1121680   PUT unwind -7320  OI= 136680
pcr2 =  BSE:SENSEX2681378600CE   0.1   -0.08 CALL added 588720   PUT unwind -47480  OI= 1281580
pcr3 =  BSE:SENSEX2681378500CE   0.13   -0.06 CALL added 1409540   PUT unwind -87800  OI= 2869880
pcr4 =  BSE:SENSEX2681378400PE   0.11   -0.02 CALL added 834400   PUT unwind -12780  OI= 149240
pcr5 =  BSE:SENSEX2681378300PE   0.15   -0.08 CALL added 1002980   PUT unwind -80800  OI= 232360
pcr6 =  BSE:SENSEX2681378200CE   0.16    -0.36 CALL added 1162420   PUT unwind -423560  OI= 1967420
pcr7 =  BSE:SENSEX2681378100PE   0.29   -0.35 CALL added 779680   PUT unwind -274540  OI= 341980
pcr8 =  BSE:SENSEX2681378000CE   0.5   0.14 CALL added 2208680   PUT added 302200  OI= 2561640
pcr9 =  BSE:SENSEX2681377900PE   0.78   0.62 CALL added 1259880   PUT added 775380  OI= 1032500
pcr10 =  BSE:SENSEX2681377800CE   1.65   1.45 CALL added 1000640   PUT added 1449260  OI= 1051420
pcr11 =  BSE:SENSEX2681377700PE   3.15   2.82 CALL added 614420   PUT added 1731600  OI= 1989980
pcr12 =  BSE:SENSEX2681377600CE   2.77   2.36 CALL added 791660   PUT added 1870380  OI= 806400
pcr13 =  BSE:SENSEX2681377500CE   4.79   3.74 CALL added 504420   PUT added 1885680  OI= 539280
pcr14 =  BSE:SENSEX2681377400CE   6.96   5.57 CALL added 160480   PUT added 893200  OI= 167460
pcr15 =  BSE:SENSEX2681377300PE   11.95   6.67 CALL added 77600   PUT added 517840  OI= 995660
pcr16 =  BSE:SENSEX2681377200PE   24.06   18.02 CALL added 35380   PUT added 637620  OI= 1001360
pcr17 =  BSE:SENSEX2681377100CE   32.6   27.3 CALL added 18580   PUT added 507160  OI= 22440
pcrSummation= 2.3  result =  ['BSE:SENSEX2681378700PE', 'BSE:SENSEX2681378600CE', 'BSE:SENSEX2681378500CE', 'BSE:SENSEX2681378400PE', 'BSE:SENSEX2681378300PE', 'BSE:SENSEX2681378200CE', 'BSE:SENSEX2681378100PE', 'BSE:SENSEX2681378000CE', 'BSE:SENSEX2681377900PE']
PCRSUM== 90.23
pcrSummation== 2.3
VOLPCRSUM== 2.74
spotLTP =  77890.88  ATM_STRIKE =  77900
IS_ATM_STRIKE_SHIFT = False  mapStrike = {77900: 77900}
avgOiPcrList2 = [np.float64(4.98), np.float64(5.31)] atmStrikeNotShiftedCount= 2
False   2   2
SUPP_RES=== 78500  Buffer= 28
CEoich val =  1409540.0  PEoich val =  -87800.0 , CE > PE by 106.2%
SUPP_RES TOTAL OI: CE= 2869880  PE= 383120 , CE > PE by 86.7%
IS_MORNING_WINDOW= False  (active 9:15-9:48 IST)
CHOI_UNWIND: PE side unwinding at SUPP_RES (PEchoi=-87800.0) - CHOI-based logic skipped this cycle
================================================
==== signal check time ==== 2026-08-12 15:03:00.620507
IS_CHOI_DIFF_GT_25PERC== False
RSI_VAL1== 71.11
RSI_VAL2== 71.11
FUT_3m_OHLC O= 78280.0  H= 78280.0  L= 78240.0  C= 78252.8  Range= 40.0
CHART_PATTERN: None
newSynthFut =  78300
ATMStrike =  77900
AVG_OIPCR= 0.26
avgoiPCROld=  5.31
SUPP_RES = 78500
FUT LTP = 78252.75
CEchoi  PechOi = 1409540.0    -87800.0
====================================
totalOIPCR = 0.74
AVG_VOLPCR= 0.3
atmPCR= 0.15  belowATM  0.16
atmVolPCR= 0.18  belowATM  0.28
False   78252.75   78500   False   False   71.11
curr Doji False
BSE:SENSEX2681378200PE  curr candle vol pcr = 0.18  PE= 229320  CE= 1285980      cpr =  5.61
BSE:SENSEX2681378200PE  prev candle vol pcr = 0.12  PE= 145280  CE= 1180980      cpr =  8.13
VOL_PRESSURE_ALERT: STRONG_CALL_PRESSURE | currCPR= 5.61  prevCPR= 8.13  Direction=BEARISH_SIGNAL (heavy CE buying = expecting down move)
ATM_CE_premium= 116.85  ATM_PE_premium= 359.2
CE_PremChg= -19.4  PE_PremChg= 20.35
CandleBody= -27.2  PrevBody= 30.0  CandleRange= 40.0  Bearish
TotalVol= 1515300  PrevTotalVol= 1326260  VolSpike= 1.14 x 
SCALP_SCORE: BEAR | BullScore= 1  BearScore= 3 | Confidence= MEDIUM
  SCALP_BEAR_REASONS: VolCPR_2candle_bear + StrongBearCandle(68%)
DATAPOINT|15:03|FUT=78252.8|Body=-27.2|PrevBody=30.0|Range=40.0|RangeRatio=0.58|CurrVolPCR=0.18|PrevVolPCR=0.12|CurrCPR=5.61|PrevCPR=8.13|VolSpike=1.14|CE_PremChg=-19.4|PE_PremChg=20.35|BullScore=1|BearScore=3|Dir=BEAR|Conf=MEDIUM
CHART_PATTERN: None
BSE:SENSEX-INDEX  strikecount= 3   fyers <fyers_apiv3.fyersModel.FyersModel object at 0x7b8d52f4acc0>
======================================
oipcr1 =  BSE:SENSEX2681378200CE   0.16
oipcr2 =  BSE:SENSEX2681378100PE   0.29
oipcr3 =  BSE:SENSEX2681378000CE   0.5
oipcrBull = NoEntry  bulcount= 0  bearcount= 3 oipcrBear= BearTrade
atmpcr5 pcr6= 0.78    1.65
No Entry Yet
India VIX = 11.74  Spot Price = 77851.45
IV Regime = LOW (ADAPTIVE: P25= 12.03  P50= 12.43  P75= 13.27 ) | DailyRange = 1305.7 | 3minCandleRange = 68.7 (theoretical= 114.5 ) | ATMoptionMove = 30.9 | SL = 108 | Target = 108 | TrailTrigger = 31 | Spread = 300 | Buffer = 27
IV Params refreshed: {'vix': 11.74, 'bn_price': 77851.45, 'regime': 'LOW', 'regime_thresholds': 'P25=12.03 P50=12.43 P75=13.27', 'daily_range': 1305.7, 'candle_range': 68.7, 'atm_option_move': 30.9, 'sl_point': 108, 'target_point': 108, 'sl_pct_of_premium': 0.1, 'trail_trigger': 31, 'spread_width': 300, 'support_resistance_buffer': 27}
BSE:SENSEX-INDEX  strikecount= 8   fyers <fyers_apiv3.fyersModel.FyersModel object at 0x7b8d52f4acc0>
===
====after 3 min ochain==== 2026-08-12 15:06:00.000002
                                    oipcr   choipcr   totalOI
pcr1 =  BSE:SENSEX2681378700PE   0.08   -0.0 CALL added 1168000   PUT unwind -3380  OI= 140620
pcr2 =  BSE:SENSEX2681378600CE   0.1   -0.08 CALL added 601620   PUT unwind -49380  OI= 1294480
pcr3 =  BSE:SENSEX2681378500CE   0.13   -0.07 CALL added 1380420   PUT unwind -94360  OI= 2840760
pcr4 =  BSE:SENSEX2681378400PE   0.1   -0.05 CALL added 788800   PUT unwind -40340  OI= 121680
pcr5 =  BSE:SENSEX2681378300PE   0.14   -0.08 CALL added 1044300   PUT unwind -81340  OI= 231820
pcr6 =  BSE:SENSEX2681378200CE   0.16    -0.35 CALL added 1181760   PUT unwind -419000  OI= 1986760
pcr7 =  BSE:SENSEX2681378100PE   0.31   -0.29 CALL added 812320   PUT unwind -238200  OI= 378320
pcr8 =  BSE:SENSEX2681378000CE   0.49   0.13 CALL added 2243160   PUT added 290100  OI= 2596120
pcr9 =  BSE:SENSEX2681377900PE   0.77   0.61 CALL added 1259880   PUT added 765080  OI= 1022200
pcr10 =  BSE:SENSEX2681377800CE   1.58   1.37 CALL added 992480   PUT added 1362860  OI= 1043260
pcr11 =  BSE:SENSEX2681377700PE   3.29   2.95 CALL added 593940   PUT added 1754940  OI= 2013320
pcr12 =  BSE:SENSEX2681377600CE   2.82   2.4 CALL added 778620   PUT added 1871800  OI= 793360
pcr13 =  BSE:SENSEX2681377500CE   4.88   3.81 CALL added 494520   PUT added 1885680  OI= 529380
pcr14 =  BSE:SENSEX2681377400CE   7.1   5.71 CALL added 159600   PUT added 910760  OI= 166580
pcr15 =  BSE:SENSEX2681377300PE   11.8   6.58 CALL added 78680   PUT added 517840  OI= 995660
pcr16 =  BSE:SENSEX2681377200PE   24.8   18.89 CALL added 35380   PUT added 668360  OI= 1032100
pcr17 =  BSE:SENSEX2681377100CE   34.06   28.88 CALL added 17920   PUT added 517520  OI= 21780
pcrSummation= 3.7800000000000002  result =  ['BSE:SENSEX2681378600CE', 'BSE:SENSEX2681378500CE', 'BSE:SENSEX2681378400PE', 'BSE:SENSEX2681378300PE', 'BSE:SENSEX2681378200CE', 'BSE:SENSEX2681378100PE', 'BSE:SENSEX2681378000CE', 'BSE:SENSEX2681377900PE', 'BSE:SENSEX2681377800CE']
PCRSUM== 92.61
pcrSummation== 3.78
VOLPCRSUM== 2.74
spotLTP =  77845.7  ATM_STRIKE =  77800
IS_ATM_STRIKE_SHIFT = True  mapStrike = {77800: 77800}
avgOiPcrList2 = [np.float64(5.45)] atmStrikeNotShiftedCount= 1
True   1   1
SUPP_RES=== 78000  Buffer= 27
CEoich val =  2243160.0  PEoich val =  290100.0 , CE > PE by 87.1%
SUPP_RES TOTAL OI: CE= 2596120  PE= 1275140 , CE > PE by 50.9%
IS_MORNING_WINDOW= False  (active 9:15-9:48 IST)
================================================
==== signal check time ==== 2026-08-12 15:06:00.584627
IS_CHOI_DIFF_GT_25PERC== True
RSI_VAL1== 63.32
RSI_VAL2== 63.32
FUT_3m_OHLC O= 78252.8  H= 78255.0  L= 78207.6  C= 78207.6  Range= 47.4
CHART_PATTERN: None
newSynthFut =  78200
ATMStrike =  77800
AVG_OIPCR= 0.42
avgoiPCROld=  5.45
SUPP_RES = 78000
FUT LTP = 78207.65
CEchoi  PechOi = 2243160.0    290100.0
====================================
totalOIPCR = 0.74
AVG_VOLPCR= 0.3
atmPCR= 0.14  belowATM  0.16
atmVolPCR= 0.18  belowATM  0.28
True   78207.65   78000   False   False   63.32
curr Doji False
BSE:SENSEX2681378200PE  curr candle vol pcr = 0.2  PE= 221280  CE= 1083740      cpr =  4.9
BSE:SENSEX2681378200PE  prev candle vol pcr = 0.18  PE= 229320  CE= 1285980      cpr =  5.61
VOL_PRESSURE_ALERT: STRONG_CALL_PRESSURE | currCPR= 4.9  prevCPR= 5.61  Direction=BEARISH_SIGNAL (heavy CE buying = expecting down move)
ATM_CE_premium= 109.3  ATM_PE_premium= 360.55
CE_PremChg= -7.55  PE_PremChg= 1.35
CandleBody= -45.1  PrevBody= -27.2  CandleRange= 47.4  Bearish
TotalVol= 1305020  PrevTotalVol= 1515300  VolSpike= 0.86 x 
SCALP_SCORE: BEAR | BullScore= 0  BearScore= 4 | Confidence= MEDIUM
  SCALP_BEAR_REASONS: VolCPR_2candle_bear + StrongBearCandle(95%) + 2ConsecBearCandles
DATAPOINT|15:06|FUT=78207.6|Body=-45.1|PrevBody=-27.2|Range=47.4|RangeRatio=0.69|CurrVolPCR=0.2|PrevVolPCR=0.18|CurrCPR=4.9|PrevCPR=5.61|VolSpike=0.86|CE_PremChg=-7.55|PE_PremChg=1.35|BullScore=0|BearScore=4|Dir=BEAR|Conf=MEDIUM
CHART_PATTERN: None
BSE:SENSEX-INDEX  strikecount= 3   fyers <fyers_apiv3.fyersModel.FyersModel object at 0x7b8d52f4acc0>
======================================
oipcr1 =  BSE:SENSEX2681378100PE   0.31
oipcr2 =  BSE:SENSEX2681378000CE   0.49
oipcr3 =  BSE:SENSEX2681377900PE   0.77
oipcrBull = NoEntry  bulcount= 0  bearcount= 3 oipcrBear= BearTrade
atmpcr5 pcr6= 1.58    3.29
No Entry Yet
India VIX = 11.76  Spot Price = 77813.49
IV Regime = LOW (ADAPTIVE: P25= 12.03  P50= 12.43  P75= 13.27 ) | DailyRange = 1307.3 | 3minCandleRange = 68.8 (theoretical= 114.7 ) | ATMoptionMove = 31.0 | SL = 108 | Target = 108 | TrailTrigger = 31 | Spread = 300 | Buffer = 28
IV Params refreshed: {'vix': 11.76, 'bn_price': 77813.49, 'regime': 'LOW', 'regime_thresholds': 'P25=12.03 P50=12.43 P75=13.27', 'daily_range': 1307.3, 'candle_range': 68.8, 'atm_option_move': 31.0, 'sl_point': 108, 'target_point': 108, 'sl_pct_of_premium': 0.1, 'trail_trigger': 31, 'spread_width': 300, 'support_resistance_buffer': 28}
BSE:SENSEX-INDEX  strikecount= 8   fyers <fyers_apiv3.fyersModel.FyersModel object at 0x7b8d52f4acc0>
===
====after 3 min ochain==== 2026-08-12 15:09:00.003630
                                    oipcr   choipcr   totalOI
pcr1 =  BSE:SENSEX2681378600CE   0.1   -0.09 CALL added 578140   PUT unwind -50000  OI= 1271000
pcr2 =  BSE:SENSEX2681378500CE   0.14   -0.07 CALL added 1289640   PUT unwind -92700  OI= 2749980
pcr3 =  BSE:SENSEX2681378400PE   0.1   -0.06 CALL added 744840   PUT unwind -45700  OI= 116320
pcr4 =  BSE:SENSEX2681378300PE   0.14   -0.09 CALL added 1002580   PUT unwind -90540  OI= 222620
pcr5 =  BSE:SENSEX2681378200CE   0.16   -0.38 CALL added 1140740   PUT unwind -429020  OI= 1945740
pcr6 =  BSE:SENSEX2681378100PE   0.3    -0.31 CALL added 815940   PUT unwind -252640  OI= 363880
pcr7 =  BSE:SENSEX2681378000CE   0.49   0.13 CALL added 2213340   PUT added 278080  OI= 2566300
pcr8 =  BSE:SENSEX2681377900PE   0.73   0.58 CALL added 1321820   PUT added 761500  OI= 1018620
pcr9 =  BSE:SENSEX2681377800CE   1.62   1.41 CALL added 983820   PUT added 1383620  OI= 1034600
pcr10 =  BSE:SENSEX2681377700PE   3.33   2.98 CALL added 578420   PUT added 1725700  OI= 1984080
pcr11 =  BSE:SENSEX2681377600CE   2.85   2.43 CALL added 762320   PUT added 1849340  OI= 777060
pcr12 =  BSE:SENSEX2681377500CE   4.92   3.87 CALL added 502940   PUT added 1944440  OI= 537800
pcr13 =  BSE:SENSEX2681377400CE   7.4   6.02 CALL added 159140   PUT added 958040  OI= 166120
pcr14 =  BSE:SENSEX2681377300PE   12.56   7.21 CALL added 75920   PUT added 547520  OI= 1025340
pcr15 =  BSE:SENSEX2681377200PE   24.88   18.89 CALL added 34840   PUT added 658260  OI= 1022000
pcr16 =  BSE:SENSEX2681377100CE   35.82   30.9 CALL added 17460   PUT added 539480  OI= 21320
pcr17 =  BSE:SENSEX2681377000CE   33.28   24.15 CALL added 42640   PUT added 1029580  OI= 62300
pcrSummation= 3.7800000000000002  result =  ['BSE:SENSEX2681378600CE', 'BSE:SENSEX2681378500CE', 'BSE:SENSEX2681378400PE', 'BSE:SENSEX2681378300PE', 'BSE:SENSEX2681378200CE', 'BSE:SENSEX2681378100PE', 'BSE:SENSEX2681378000CE', 'BSE:SENSEX2681377900PE', 'BSE:SENSEX2681377800CE']
PCRSUM== 128.82
pcrSummation== 3.78
VOLPCRSUM== 3.9899999999999998
spotLTP =  77813.53  ATM_STRIKE =  77800
IS_ATM_STRIKE_SHIFT = False  mapStrike = {77800: 77800}
avgOiPcrList2 = [np.float64(5.45), np.float64(7.58)] atmStrikeNotShiftedCount= 2
False   2   2
SUPP_RES=== 78000  Buffer= 28
CEoich val =  2213340.0  PEoich val =  278080.0 , CE > PE by 87.4%
SUPP_RES TOTAL OI: CE= 2566300  PE= 1263120 , CE > PE by 50.8%
IS_MORNING_WINDOW= False  (active 9:15-9:48 IST)
================================================
==== signal check time ==== 2026-08-12 15:09:00.661058
IS_CHOI_DIFF_GT_25PERC== True
RSI_VAL1== 64.42
RSI_VAL2== 64.54
FUT_3m_OHLC O= 78259.2  H= 78259.2  L= 78220.8  C= 78220.8  Range= 38.3
CHART_PATTERN_DETECTED: DOUBLE_BOTTOM_FORMING
  PATTERN_CONTEXT: Body= -38.3  Range= 38.3  ExpectedRange= 68.8  RangeRatio= 0.56  O= 78259.2  H= 78259.2  L= 78220.8  C= 78220.8
newSynthFut =  78200
ATMStrike =  77800
AVG_OIPCR= 0.42
avgoiPCROld=  7.58
SUPP_RES = 78000
FUT LTP = 78220.1
CEchoi  PechOi = 2213340.0    278080.0
====================================
totalOIPCR = 0.75
AVG_VOLPCR= 0.44
atmPCR= 0.16  belowATM  0.3
atmVolPCR= 0.28  belowATM  0.44
True   78220.1   78000   False   False   64.54
curr Doji False
BSE:SENSEX2681378200PE  curr candle vol pcr = 0.14  PE= 84020  CE= 592060      cpr =  7.05
BSE:SENSEX2681378200PE  prev candle vol pcr = 0.2  PE= 221280  CE= 1083740      cpr =  4.9
VOL_PRESSURE_ALERT: STRONG_CALL_PRESSURE | currCPR= 7.05  prevCPR= 4.9  Direction=BEARISH_SIGNAL (heavy CE buying = expecting down move)
ATM_CE_premium= 112.4  ATM_PE_premium= 359.6
CE_PremChg= 3.1  PE_PremChg= -0.95
CandleBody= -38.3  PrevBody= -45.1  CandleRange= 38.3  Bearish
TotalVol= 676080  PrevTotalVol= 1305020  VolSpike= 0.52 x 
SCALP_SCORE: BEAR | BullScore= 0  BearScore= 4 | Confidence= MEDIUM
  SCALP_BEAR_REASONS: VolCPR_2candle_bear + StrongBearCandle(100%) + 2ConsecBearCandles
DATAPOINT|15:09|FUT=78220.8|Body=-38.3|PrevBody=-45.1|Range=38.3|RangeRatio=0.56|CurrVolPCR=0.14|PrevVolPCR=0.2|CurrCPR=7.05|PrevCPR=4.9|VolSpike=0.52|CE_PremChg=3.1|PE_PremChg=-0.95|BullScore=0|BearScore=4|Dir=BEAR|Conf=MEDIUM
CHART_PATTERN_DETECTED: DOUBLE_BOTTOM_FORMING
  PATTERN_CONTEXT: Body= -38.3  Range= 38.3  ExpectedRange= 68.8  RangeRatio= 0.56  O= 78259.2  H= 78259.2  L= 78220.8  C= 78220.8
BSE:SENSEX-INDEX  strikecount= 3   fyers <fyers_apiv3.fyersModel.FyersModel object at 0x7b8d52f4acc0>
======================================
oipcr1 =  BSE:SENSEX2681378100PE   0.3
oipcr2 =  BSE:SENSEX2681378000CE   0.49
oipcr3 =  BSE:SENSEX2681377900PE   0.73
oipcrBull = NoEntry  bulcount= 0  bearcount= 3 oipcrBear= BearTrade
atmpcr5 pcr6= 1.62    3.33
No Entry Yet
India VIX = 11.75  Spot Price = 77892.39
IV Regime = LOW (ADAPTIVE: P25= 12.03  P50= 12.43  P75= 13.27 ) | DailyRange = 1307.5 | 3minCandleRange = 68.8 (theoretical= 114.7 ) | ATMoptionMove = 31.0 | SL = 108 | Target = 108 | TrailTrigger = 31 | Spread = 300 | Buffer = 28
IV Params refreshed: {'vix': 11.75, 'bn_price': 77892.39, 'regime': 'LOW', 'regime_thresholds': 'P25=12.03 P50=12.43 P75=13.27', 'daily_range': 1307.5, 'candle_range': 68.8, 'atm_option_move': 31.0, 'sl_point': 108, 'target_point': 108, 'sl_pct_of_premium': 0.1, 'trail_trigger': 31, 'spread_width': 300, 'support_resistance_buffer': 28}
BSE:SENSEX-INDEX  strikecount= 8   fyers <fyers_apiv3.fyersModel.FyersModel object at 0x7b8d52f4acc0>
===
====after 3 min ochain==== 2026-08-12 15:12:00.000002
                                    oipcr   choipcr   totalOI
pcr1 =  BSE:SENSEX2681378700PE   0.08   -0.01 CALL added 1044940   PUT unwind -8060  OI= 135940
pcr2 =  BSE:SENSEX2681378600CE   0.1   -0.08 CALL added 585400   PUT unwind -49080  OI= 1278260
pcr3 =  BSE:SENSEX2681378500CE   0.14   -0.07 CALL added 1280340   PUT unwind -91540  OI= 2740680
pcr4 =  BSE:SENSEX2681378400PE   0.1   -0.07 CALL added 691120   PUT unwind -49840  OI= 112180
pcr5 =  BSE:SENSEX2681378300PE   0.14   -0.1 CALL added 963480   PUT unwind -99880  OI= 213280
pcr6 =  BSE:SENSEX2681378200CE   0.16    -0.38 CALL added 1131360   PUT unwind -434580  OI= 1936360
pcr7 =  BSE:SENSEX2681378100PE   0.26   -0.39 CALL added 775320   PUT unwind -303500  OI= 313020
pcr8 =  BSE:SENSEX2681378000CE   0.5   0.12 CALL added 2140220   PUT added 254280  OI= 2493180
pcr9 =  BSE:SENSEX2681377900PE   0.76   0.6 CALL added 1265720   PUT added 756240  OI= 1013360
pcr10 =  BSE:SENSEX2681377800CE   1.71   1.49 CALL added 926560   PUT added 1378640  OI= 977340
pcr11 =  BSE:SENSEX2681377700PE   3.43   3.08 CALL added 554520   PUT added 1706720  OI= 1965100
pcr12 =  BSE:SENSEX2681377600CE   2.92   2.48 CALL added 740820   PUT added 1836340  OI= 755560
pcr13 =  BSE:SENSEX2681377500CE   5.15   4.09 CALL added 492660   PUT added 2015980  OI= 527520
pcr14 =  BSE:SENSEX2681377400CE   7.62   6.18 CALL added 151680   PUT added 937220  OI= 158660
pcr15 =  BSE:SENSEX2681377300PE   12.8   7.26 CALL added 73040   PUT added 530260  OI= 1008080
pcr16 =  BSE:SENSEX2681377200PE   25.02   19.11 CALL added 35120   PUT added 671280  OI= 1035020
pcr17 =  BSE:SENSEX2681377100CE   33.3   28.08 CALL added 18340   PUT added 514920  OI= 22200
pcrSummation= 2.24  result =  ['BSE:SENSEX2681378700PE', 'BSE:SENSEX2681378600CE', 'BSE:SENSEX2681378500CE', 'BSE:SENSEX2681378400PE', 'BSE:SENSEX2681378300PE', 'BSE:SENSEX2681378200CE', 'BSE:SENSEX2681378100PE', 'BSE:SENSEX2681378000CE', 'BSE:SENSEX2681377900PE']
PCRSUM== 94.19
pcrSummation== 2.24
VOLPCRSUM== 2.75
spotLTP =  77892.39  ATM_STRIKE =  77900
IS_ATM_STRIKE_SHIFT = True  mapStrike = {77900: 77900}
avgOiPcrList2 = [np.float64(5.54)] atmStrikeNotShiftedCount= 1
True   1   1
SUPP_RES=== 78500  Buffer= 28
CEoich val =  1280340.0  PEoich val =  -91540.0 , CE > PE by 107.1%
SUPP_RES TOTAL OI: CE= 2740680  PE= 379380 , CE > PE by 86.2%
IS_MORNING_WINDOW= False  (active 9:15-9:48 IST)
CHOI_UNWIND: PE side unwinding at SUPP_RES (PEchoi=-91540.0) - CHOI-based logic skipped this cycle
================================================
==== signal check time ==== 2026-08-12 15:12:00.583491
IS_CHOI_DIFF_GT_25PERC== False
RSI_VAL1== 68.73
RSI_VAL2== 68.73
FUT_3m_OHLC O= 78220.1  H= 78270.0  L= 78220.1  C= 78270.0  Range= 49.9
CHART_PATTERN_DETECTED: BULLISH_ENGULFING | OUTSIDE_BAR | DOUBLE_TOP_FORMING | DOUBLE_BOTTOM_FORMING
  PATTERN_CONTEXT: Body= 49.9  Range= 49.9  ExpectedRange= 68.8  RangeRatio= 0.73  O= 78220.1  H= 78270.0  L= 78220.1  C= 78270.0
newSynthFut =  78300
ATMStrike =  77900
AVG_OIPCR= 0.25
avgoiPCROld=  5.54
SUPP_RES = 78500
FUT LTP = 78270.0
CEchoi  PechOi = 1280340.0    -91540.0
====================================
totalOIPCR = 0.76
AVG_VOLPCR= 0.31
atmPCR= 0.14  belowATM  0.16
atmVolPCR= 0.18  belowATM  0.28
False   78270.0   78500   False   False   68.73
curr Doji False
BSE:SENSEX2681378200PE  curr candle vol pcr = 0.16  PE= 181180  CE= 1165800      cpr =  6.43
BSE:SENSEX2681378200PE  prev candle vol pcr = 0.14  PE= 84020  CE= 592060      cpr =  7.05
VOL_PRESSURE_ALERT: STRONG_CALL_PRESSURE | currCPR= 6.43  prevCPR= 7.05  Direction=BEARISH_SIGNAL (heavy CE buying = expecting down move)
ATM_CE_premium= 133.3  ATM_PE_premium= 334.4
CE_PremChg= 20.9  PE_PremChg= -25.2
CandleBody= 49.9  PrevBody= -38.3  CandleRange= 49.9  Bullish
TotalVol= 1346980  PrevTotalVol= 676080  VolSpike= 1.99 x 
SCALP_SCORE: BEAR | BullScore= 2  BearScore= 3 | Confidence= MEDIUM
  SCALP_BEAR_REASONS: VolCPR_2candle_bear + PremMomentum_bear(PE-25.2,CE+20.9)
DATAPOINT|15:12|FUT=78270.0|Body=49.9|PrevBody=-38.3|Range=49.9|RangeRatio=0.73|CurrVolPCR=0.16|PrevVolPCR=0.14|CurrCPR=6.43|PrevCPR=7.05|VolSpike=1.99|CE_PremChg=20.9|PE_PremChg=-25.2|BullScore=2|BearScore=3|Dir=BEAR|Conf=MEDIUM
CHART_PATTERN_DETECTED: BULLISH_ENGULFING | OUTSIDE_BAR | DOUBLE_TOP_FORMING | DOUBLE_BOTTOM_FORMING
  PATTERN_CONTEXT: Body= 49.9  Range= 49.9  ExpectedRange= 68.8  RangeRatio= 0.73  O= 78220.1  H= 78270.0  L= 78220.1  C= 78270.0
BSE:SENSEX-INDEX  strikecount= 3   fyers <fyers_apiv3.fyersModel.FyersModel object at 0x7b8d52f4acc0>
======================================
oipcr1 =  BSE:SENSEX2681378200CE   0.16
oipcr2 =  BSE:SENSEX2681378100PE   0.26
oipcr3 =  BSE:SENSEX2681378000CE   0.5
oipcrBull = NoEntry  bulcount= 0  bearcount= 3 oipcrBear= BearTrade
atmpcr5 pcr6= 0.76    1.71
No Entry Yet
India VIX = 11.69  Spot Price = 77889.97
IV Regime = LOW (ADAPTIVE: P25= 12.03  P50= 12.43  P75= 13.27 ) | DailyRange = 1300.8 | 3minCandleRange = 68.5 (theoretical= 114.1 ) | ATMoptionMove = 30.8 | SL = 108 | Target = 108 | TrailTrigger = 31 | Spread = 300 | Buffer = 27
IV Params refreshed: {'vix': 11.69, 'bn_price': 77889.97, 'regime': 'LOW', 'regime_thresholds': 'P25=12.03 P50=12.43 P75=13.27', 'daily_range': 1300.8, 'candle_range': 68.5, 'atm_option_move': 30.8, 'sl_point': 108, 'target_point': 108, 'sl_pct_of_premium': 0.1, 'trail_trigger': 31, 'spread_width': 300, 'support_resistance_buffer': 27}
BSE:SENSEX-INDEX  strikecount= 8   fyers <fyers_apiv3.fyersModel.FyersModel object at 0x7b8d52f4acc0>
===
====after 3 min ochain==== 2026-08-12 15:15:00.000463
                                    oipcr   choipcr   totalOI
pcr1 =  BSE:SENSEX2681378700PE   0.09   -0.01 CALL added 949960   PUT unwind -7400  OI= 136600
pcr2 =  BSE:SENSEX2681378600CE   0.1   -0.09 CALL added 541060   PUT unwind -49580  OI= 1233920
pcr3 =  BSE:SENSEX2681378500CE   0.14   -0.08 CALL added 1159820   PUT unwind -92500  OI= 2620160
pcr4 =  BSE:SENSEX2681378400PE   0.14   -0.01 CALL added 667540   PUT unwind -6760  OI= 155260
pcr5 =  BSE:SENSEX2681378300PE   0.14   -0.11 CALL added 925760   PUT unwind -101380  OI= 211780
pcr6 =  BSE:SENSEX2681378200CE   0.16    -0.4 CALL added 1069720   PUT unwind -432580  OI= 1874720
pcr7 =  BSE:SENSEX2681378100PE   0.29   -0.43 CALL added 695280   PUT unwind -298240  OI= 318280
pcr8 =  BSE:SENSEX2681378000CE   0.53   0.15 CALL added 2078880   PUT added 308700  OI= 2431840
pcr9 =  BSE:SENSEX2681377900PE   0.83   0.65 CALL added 1120800   PUT added 731480  OI= 988600
pcr10 =  BSE:SENSEX2681377800CE   1.78   1.55 CALL added 832100   PUT added 1286560  OI= 882880
pcr11 =  BSE:SENSEX2681377700PE   3.5   3.1 CALL added 490720   PUT added 1520120  OI= 1778500
pcr12 =  BSE:SENSEX2681377600CE   3.13   2.64 CALL added 660280   PUT added 1743320  OI= 675020
pcr13 =  BSE:SENSEX2681377500CE   5.32   4.2 CALL added 456900   PUT added 1918720  OI= 491760
pcr14 =  BSE:SENSEX2681377400CE   7.69   6.2 CALL added 146160   PUT added 906520  OI= 153140
pcr15 =  BSE:SENSEX2681377300PE   12.32   6.31 CALL added 67900   PUT added 428780  OI= 906600
pcr16 =  BSE:SENSEX2681377200PE   24.43   18.18 CALL added 33800   PUT added 614380  OI= 978120
pcr17 =  BSE:SENSEX2681377100CE   29.23   23.7 CALL added 20140   PUT added 477220  OI= 24000
pcrSummation= 2.42  result =  ['BSE:SENSEX2681378700PE', 'BSE:SENSEX2681378600CE', 'BSE:SENSEX2681378500CE', 'BSE:SENSEX2681378400PE', 'BSE:SENSEX2681378300PE', 'BSE:SENSEX2681378200CE', 'BSE:SENSEX2681378100PE', 'BSE:SENSEX2681378000CE', 'BSE:SENSEX2681377900PE']
PCRSUM== 89.82
pcrSummation== 2.42
VOLPCRSUM== 2.7299999999999995
spotLTP =  77889.97  ATM_STRIKE =  77900
IS_ATM_STRIKE_SHIFT = False  mapStrike = {77900: 77900}
avgOiPcrList2 = [np.float64(5.54), np.float64(5.28)] atmStrikeNotShiftedCount= 2
False   2   2
SUPP_RES=== 78500  Buffer= 27
CEoich val =  1159820.0  PEoich val =  -92500.0 , CE > PE by 108.0%
SUPP_RES TOTAL OI: CE= 2620160  PE= 378420 , CE > PE by 85.6%
IS_MORNING_WINDOW= False  (active 9:15-9:48 IST)
CHOI_UNWIND: PE side unwinding at SUPP_RES (PEchoi=-92500.0) - CHOI-based logic skipped this cycle
================================================
==== signal check time ==== 2026-08-12 15:15:00.669369
IS_CHOI_DIFF_GT_25PERC== False
RSI_VAL1== 68.03
RSI_VAL2== 68.03
FUT_3m_OHLC O= 78270.0  H= 78270.0  L= 78266.0  C= 78266.0  Range= 3.9
CHART_PATTERN_DETECTED: INSIDE_BAR | DOUBLE_TOP_FORMING | DOUBLE_BOTTOM_FORMING
  PATTERN_CONTEXT: Body= -3.9  Range= 3.9  ExpectedRange= 68.5  RangeRatio= 0.06  O= 78270.0  H= 78270.0  L= 78266.0  C= 78266.0
newSynthFut =  78300
ATMStrike =  77900
AVG_OIPCR= 0.27
avgoiPCROld=  5.28
SUPP_RES = 78500
FUT LTP = 78266.05
CEchoi  PechOi = 1159820.0    -92500.0
====================================
totalOIPCR = 0.76
AVG_VOLPCR= 0.3
atmPCR= 0.14  belowATM  0.16
atmVolPCR= 0.18  belowATM  0.27
False   78266.05   78500   False   False   68.03
curr Doji False
BSE:SENSEX2681378200PE  curr candle vol pcr = 0.17  PE= 134480  CE= 798240      cpr =  5.94
BSE:SENSEX2681378200PE  prev candle vol pcr = 0.16  PE= 181180  CE= 1165800      cpr =  6.43
VOL_PRESSURE_ALERT: STRONG_CALL_PRESSURE | currCPR= 5.94  prevCPR= 6.43  Direction=BEARISH_SIGNAL (heavy CE buying = expecting down move)
ATM_CE_premium= 126.5  ATM_PE_premium= 332.7
CE_PremChg= -6.8  PE_PremChg= -1.7
CandleBody= -3.9  PrevBody= 49.9  CandleRange= 3.9  Bearish
TotalVol= 932720  PrevTotalVol= 1346980  VolSpike= 0.69 x 
SCALP_SCORE: BEAR | BullScore= 0  BearScore= 3 | Confidence= MEDIUM
  SCALP_BEAR_REASONS: VolCPR_2candle_bear + StrongBearCandle(100%)
DATAPOINT|15:15|FUT=78266.0|Body=-3.9|PrevBody=49.9|Range=3.9|RangeRatio=0.06|CurrVolPCR=0.17|PrevVolPCR=0.16|CurrCPR=5.94|PrevCPR=6.43|VolSpike=0.69|CE_PremChg=-6.8|PE_PremChg=-1.7|BullScore=0|BearScore=3|Dir=BEAR|Conf=MEDIUM
CHART_PATTERN_DETECTED: INSIDE_BAR | DOUBLE_TOP_FORMING | DOUBLE_BOTTOM_FORMING
  PATTERN_CONTEXT: Body= -3.9  Range= 3.9  ExpectedRange= 68.5  RangeRatio= 0.06  O= 78270.0  H= 78270.0  L= 78266.0  C= 78266.0
BSE:SENSEX-INDEX  strikecount= 3   fyers <fyers_apiv3.fyersModel.FyersModel object at 0x7b8d52f4acc0>
======================================
oipcr1 =  BSE:SENSEX2681378200CE   0.16
oipcr2 =  BSE:SENSEX2681378100PE   0.29
oipcr3 =  BSE:SENSEX2681378000CE   0.53
oipcrBull = NoEntry  bulcount= 0  bearcount= 3 oipcrBear= BearTrade
atmpcr5 pcr6= 0.83    1.78
No Entry Yet
India VIX = 11.69  Spot Price = 77889.97
IV Regime = LOW (ADAPTIVE: P25= 12.03  P50= 12.43  P75= 13.27 ) | DailyRange = 1300.8 | 3minCandleRange = 68.5 (theoretical= 114.1 ) | ATMoptionMove = 30.8 | SL = 108 | Target = 108 | TrailTrigger = 31 | Spread = 300 | Buffer = 27
IV Params refreshed: {'vix': 11.69, 'bn_price': 77889.97, 'regime': 'LOW', 'regime_thresholds': 'P25=12.03 P50=12.43 P75=13.27', 'daily_range': 1300.8, 'candle_range': 68.5, 'atm_option_move': 30.8, 'sl_point': 108, 'target_point': 108, 'sl_pct_of_premium': 0.1, 'trail_trigger': 31, 'spread_width': 300, 'support_resistance_buffer': 27}
BSE:SENSEX-INDEX  strikecount= 8   fyers <fyers_apiv3.fyersModel.FyersModel object at 0x7b8d52f4acc0>
===
====after 3 min ochain==== 2026-08-12 15:18:00.000004
                                    oipcr   choipcr   totalOI
pcr1 =  BSE:SENSEX2681378700PE   0.1   -0.01 CALL added 777460   PUT unwind -7180  OI= 136820
pcr2 =  BSE:SENSEX2681378600CE   0.1   -0.1 CALL added 499760   PUT unwind -50220  OI= 1192620
pcr3 =  BSE:SENSEX2681378500CE   0.15   -0.08 CALL added 1128260   PUT unwind -92280  OI= 2588600
pcr4 =  BSE:SENSEX2681378400PE   0.14   -0.01 CALL added 650600   PUT unwind -8800  OI= 153220
pcr5 =  BSE:SENSEX2681378300PE   0.14   -0.11 CALL added 895540   PUT unwind -96880  OI= 216280
pcr6 =  BSE:SENSEX2681378200CE   0.17    -0.44 CALL added 989080   PUT unwind -435400  OI= 1794080
pcr7 =  BSE:SENSEX2681378100PE   0.28   -0.47 CALL added 669700   PUT unwind -312860  OI= 303660
pcr8 =  BSE:SENSEX2681378000CE   0.56   0.16 CALL added 1966700   PUT added 313000  OI= 2319660
pcr9 =  BSE:SENSEX2681377900PE   0.86   0.67 CALL added 1046680   PUT added 697820  OI= 954940
pcr10 =  BSE:SENSEX2681377800CE   1.86   1.6 CALL added 763420   PUT added 1223660  OI= 814200
pcr11 =  BSE:SENSEX2681377700PE   3.66   3.22 CALL added 447280   PUT added 1441900  OI= 1700280
pcr12 =  BSE:SENSEX2681377600CE   3.09   2.59 CALL added 645640   PUT added 1671920  OI= 660380
pcr13 =  BSE:SENSEX2681377500CE   5.73   4.54 CALL added 421280   PUT added 1913400  OI= 456140
pcr14 =  BSE:SENSEX2681377400CE   7.36   5.78 CALL added 139580   PUT added 806660  OI= 146560
pcr15 =  BSE:SENSEX2681377300PE   12.71   6.5 CALL added 65260   PUT added 424340  OI= 902160
pcr16 =  BSE:SENSEX2681377200PE   24.99   18.6 CALL added 32480   PUT added 604000  OI= 967740
pcr17 =  BSE:SENSEX2681377100CE   28.81   23.19 CALL added 20120   PUT added 466580  OI= 23980
pcrSummation= 2.5  result =  ['BSE:SENSEX2681378700PE', 'BSE:SENSEX2681378600CE', 'BSE:SENSEX2681378500CE', 'BSE:SENSEX2681378400PE', 'BSE:SENSEX2681378300PE', 'BSE:SENSEX2681378200CE', 'BSE:SENSEX2681378100PE', 'BSE:SENSEX2681378000CE', 'BSE:SENSEX2681377900PE']
PCRSUM== 90.71
pcrSummation== 2.5
VOLPCRSUM== 2.7199999999999998
spotLTP =  77889.97  ATM_STRIKE =  77900
IS_ATM_STRIKE_SHIFT = False  mapStrike = {77900: 77900}
avgOiPcrList2 = [np.float64(5.54), np.float64(5.28), np.float64(5.34)] atmStrikeNotShiftedCount= 3
False   3   3
SUPP_RES=== 78500  Buffer= 27
CEoich val =  1128260.0  PEoich val =  -92280.0 , CE > PE by 108.2%
SUPP_RES TOTAL OI: CE= 2588600  PE= 378640 , CE > PE by 85.4%
IS_MORNING_WINDOW= False  (active 9:15-9:48 IST)
CHOI_UNWIND: PE side unwinding at SUPP_RES (PEchoi=-92280.0) - CHOI-based logic skipped this cycle
================================================
==== signal check time ==== 2026-08-12 15:18:00.633335
IS_CHOI_DIFF_GT_25PERC== False
RSI_VAL1== 70.75
RSI_VAL2== 70.75
FUT_3m_OHLC O= 78266.0  H= 78299.8  L= 78266.0  C= 78299.8  Range= 33.7
CHART_PATTERN_DETECTED: BULLISH_ENGULFING
  PATTERN_CONTEXT: Body= 33.7  Range= 33.7  ExpectedRange= 68.5  RangeRatio= 0.49  O= 78266.0  H= 78299.8  L= 78266.0  C= 78299.8
recent two = [np.float64(5.28), np.float64(5.34)]
newSynthFut =  78300
ATMStrike =  77900
AVG_OIPCR= 0.28
avgoiPCROld=  5.34
SUPP_RES = 78500
FUT LTP = 78299.75
CEchoi  PechOi = 1128260.0    -92280.0
====================================
totalOIPCR = 0.78
AVG_VOLPCR= 0.3
atmPCR= 0.14  belowATM  0.17
atmVolPCR= 0.18  belowATM  0.27
False   78299.75   78500   False   False   70.75
curr Doji False
BSE:SENSEX2681378200PE  curr candle vol pcr = 0.15  PE= 103620  CE= 679660      cpr =  6.56
BSE:SENSEX2681378200PE  prev candle vol pcr = 0.17  PE= 134480  CE= 798240      cpr =  5.94
VOL_PRESSURE_ALERT: STRONG_CALL_PRESSURE | currCPR= 6.56  prevCPR= 5.94  Direction=BEARISH_SIGNAL (heavy CE buying = expecting down move)
ATM_CE_premium= 121.55  ATM_PE_premium= 332.1
CE_PremChg= -4.95  PE_PremChg= -0.6
CandleBody= 33.7  PrevBody= -3.9  CandleRange= 33.7  Bullish
TotalVol= 783280  PrevTotalVol= 932720  VolSpike= 0.84 x 
SCALP_SCORE: BEAR | BullScore= 1  BearScore= 2 | Confidence= LOW
DATAPOINT|15:18|FUT=78299.8|Body=33.7|PrevBody=-3.9|Range=33.7|RangeRatio=0.49|CurrVolPCR=0.15|PrevVolPCR=0.17|CurrCPR=6.56|PrevCPR=5.94|VolSpike=0.84|CE_PremChg=-4.95|PE_PremChg=-0.6|BullScore=1|BearScore=2|Dir=BEAR|Conf=LOW
CHART_PATTERN_DETECTED: BULLISH_ENGULFING
  PATTERN_CONTEXT: Body= 33.7  Range= 33.7  ExpectedRange= 68.5  RangeRatio= 0.49  O= 78266.0  H= 78299.8  L= 78266.0  C= 78299.8
BSE:SENSEX-INDEX  strikecount= 3   fyers <fyers_apiv3.fyersModel.FyersModel object at 0x7b8d52f4acc0>
======================================
oipcr1 =  BSE:SENSEX2681378200CE   0.17
oipcr2 =  BSE:SENSEX2681378100PE   0.28
oipcr3 =  BSE:SENSEX2681378000CE   0.56
oipcrBull = NoEntry  bulcount= 0  bearcount= 3 oipcrBear= BearTrade
atmpcr5 pcr6= 0.86    1.86
No Entry Yet
India VIX = 11.69  Spot Price = 77889.97
IV Regime = LOW (ADAPTIVE: P25= 12.03  P50= 12.43  P75= 13.27 ) | DailyRange = 1300.8 | 3minCandleRange = 68.5 (theoretical= 114.1 ) | ATMoptionMove = 30.8 | SL = 108 | Target = 108 | TrailTrigger = 31 | Spread = 300 | Buffer = 27
IV Params refreshed: {'vix': 11.69, 'bn_price': 77889.97, 'regime': 'LOW', 'regime_thresholds': 'P25=12.03 P50=12.43 P75=13.27', 'daily_range': 1300.8, 'candle_range': 68.5, 'atm_option_move': 30.8, 'sl_point': 108, 'target_point': 108, 'sl_pct_of_premium': 0.1, 'trail_trigger': 31, 'spread_width': 300, 'support_resistance_buffer': 27}
BSE:SENSEX-INDEX  strikecount= 8   fyers <fyers_apiv3.fyersModel.FyersModel object at 0x7b8d52f4acc0>
===
====after 3 min ochain==== 2026-08-12 15:21:00.000035
                                    oipcr   choipcr   totalOI
pcr1 =  BSE:SENSEX2681378700PE   0.12   -0.0 CALL added 640500   PUT unwind -3180  OI= 140820
pcr2 =  BSE:SENSEX2681378600CE   0.11   -0.12 CALL added 433700   PUT unwind -50440  OI= 1126560
pcr3 =  BSE:SENSEX2681378500CE   0.15   -0.09 CALL added 1072100   PUT unwind -99260  OI= 2532440
pcr4 =  BSE:SENSEX2681378400PE   0.14   -0.02 CALL added 578760   PUT unwind -13940  OI= 148080
pcr5 =  BSE:SENSEX2681378300PE   0.15   -0.12 CALL added 807600   PUT unwind -98420  OI= 214740
pcr6 =  BSE:SENSEX2681378200CE   0.18    -0.51 CALL added 850860   PUT unwind -434560  OI= 1655860
pcr7 =  BSE:SENSEX2681378100PE   0.31   -0.53 CALL added 579940   PUT unwind -307480  OI= 309040
pcr8 =  BSE:SENSEX2681378000CE   0.58   0.16 CALL added 1860320   PUT added 292280  OI= 2213280
pcr9 =  BSE:SENSEX2681377900PE   1.02   0.82 CALL added 920200   PUT added 751840  OI= 1008960
pcr10 =  BSE:SENSEX2681377800CE   2.21   1.94 CALL added 661460   PUT added 1286020  OI= 712240
pcr11 =  BSE:SENSEX2681377700PE   3.64   3.17 CALL added 407920   PUT added 1292020  OI= 1550400
pcr12 =  BSE:SENSEX2681377600CE   3.06   2.54 CALL added 619200   PUT added 1574580  OI= 633940
pcr13 =  BSE:SENSEX2681377500CE   6.26   4.92 CALL added 359340   PUT added 1767640  OI= 394200
pcr14 =  BSE:SENSEX2681377400CE   7.88   6.2 CALL added 129340   PUT added 801820  OI= 136320
pcr15 =  BSE:SENSEX2681377300PE   13.48   6.57 CALL added 58100   PUT added 381920  OI= 859740
pcr16 =  BSE:SENSEX2681377200PE   27.16   19.96 CALL added 26960   PUT added 538100  OI= 901840
pcr17 =  BSE:SENSEX2681377100CE   31.83   26.15 CALL added 17840   PUT added 466480  OI= 21700
pcrSummation= 2.7600000000000002  result =  ['BSE:SENSEX2681378700PE', 'BSE:SENSEX2681378600CE', 'BSE:SENSEX2681378500CE', 'BSE:SENSEX2681378400PE', 'BSE:SENSEX2681378300PE', 'BSE:SENSEX2681378200CE', 'BSE:SENSEX2681378100PE', 'BSE:SENSEX2681378000CE', 'BSE:SENSEX2681377900PE']
PCRSUM== 98.28
pcrSummation== 2.76
VOLPCRSUM== 2.73
spotLTP =  77889.97  ATM_STRIKE =  77900
IS_ATM_STRIKE_SHIFT = False  mapStrike = {77900: 77900}
avgOiPcrList2 = [np.float64(5.28), np.float64(5.34), np.float64(5.78)] atmStrikeNotShiftedCount= 4
False   4   3
SUPP_RES=== 78500  Buffer= 27
CEoich val =  1072100.0  PEoich val =  -99260.0 , CE > PE by 109.3%
SUPP_RES TOTAL OI: CE= 2532440  PE= 371660 , CE > PE by 85.3%
IS_MORNING_WINDOW= False  (active 9:15-9:48 IST)
CHOI_UNWIND: PE side unwinding at SUPP_RES (PEchoi=-99260.0) - CHOI-based logic skipped this cycle
================================================
==== signal check time ==== 2026-08-12 15:21:00.594990
IS_CHOI_DIFF_GT_25PERC== False
RSI_VAL1== 71.62
RSI_VAL2== 71.62
FUT_3m_OHLC O= 78280.0  H= 78311.0  L= 78280.0  C= 78311.0  Range= 31.1
CHART_PATTERN_DETECTED: DOUBLE_TOP_FORMING
  PATTERN_CONTEXT: Body= 31.1  Range= 31.1  ExpectedRange= 68.5  RangeRatio= 0.45  O= 78280.0  H= 78311.0  L= 78280.0  C= 78311.0
isPcrInc = True
newSynthFut =  78300
ATMStrike =  77900
AVG_OIPCR= 0.31
avgoiPCROld=  5.78
SUPP_RES = 78500
FUT LTP = 78311.05
CEchoi  PechOi = 1072100.0    -99260.0
====================================
totalOIPCR = 0.8
AVG_VOLPCR= 0.3
atmPCR= 0.15  belowATM  0.18
atmVolPCR= 0.18  belowATM  0.27
False   78311.05   78500   True   False   71.62
no trade yet = [np.float64(5.28), np.float64(5.34), np.float64(5.78)]
curr Doji False
BSE:SENSEX2681378200PE  curr candle vol pcr = 0.21  PE= 107980  CE= 517060      cpr =  4.79
BSE:SENSEX2681378200PE  prev candle vol pcr = 0.15  PE= 103620  CE= 679660      cpr =  6.56
VOL_PRESSURE_ALERT: STRONG_CALL_PRESSURE | currCPR= 4.79  prevCPR= 6.56  Direction=BEARISH_SIGNAL (heavy CE buying = expecting down move)
ATM_CE_premium= 135.7  ATM_PE_premium= 302.55
CE_PremChg= 14.15  PE_PremChg= -29.55
CandleBody= 31.1  PrevBody= 33.7  CandleRange= 31.1  Bullish
TotalVol= 625040  PrevTotalVol= 783280  VolSpike= 0.8 x 
SCALP_SCORE: BEAR | BullScore= 2  BearScore= 3 | Confidence= MEDIUM
  SCALP_BEAR_REASONS: VolCPR_2candle_bear + PremMomentum_bear(PE-29.55,CE+14.15)
DATAPOINT|15:21|FUT=78311.0|Body=31.1|PrevBody=33.7|Range=31.1|RangeRatio=0.45|CurrVolPCR=0.21|PrevVolPCR=0.15|CurrCPR=4.79|PrevCPR=6.56|VolSpike=0.8|CE_PremChg=14.15|PE_PremChg=-29.55|BullScore=2|BearScore=3|Dir=BEAR|Conf=MEDIUM
CHART_PATTERN_DETECTED: DOUBLE_TOP_FORMING
  PATTERN_CONTEXT: Body= 31.1  Range= 31.1  ExpectedRange= 68.5  RangeRatio= 0.45  O= 78280.0  H= 78311.0  L= 78280.0  C= 78311.0
BSE:SENSEX-INDEX  strikecount= 3   fyers <fyers_apiv3.fyersModel.FyersModel object at 0x7b8d52f4acc0>
======================================
oipcr1 =  BSE:SENSEX2681378200CE   0.18
oipcr2 =  BSE:SENSEX2681378100PE   0.31
oipcr3 =  BSE:SENSEX2681378000CE   0.58
oipcrBull = NoEntry  bulcount= 0  bearcount= 3 oipcrBear= BearTrade
atmpcr5 pcr6= 1.02    2.21
No Entry Yet
End Of the Day
============================================================
DAILY_SUMMARY: Date= 2026-08-12  SpreadType= CREDIT  DTE= 1  IVRank= 0.07  PremRatio= 0.42  SLCount= 0  TargetCount= 1
============================================================
